execution_unit_key,logical_execution_index,net_id,iteration,tool_kind,is_internal_network_candidate,component_path,origin_op_name,origin_op_type_name,resolved_op_type_name,primitive_id,original_primitive_id,primitive_type,implementation,exec_id,kernel_entry,gtpin_kernel,dispatch_count,dispatch_ids,ov_match,kernel_alignment_status,kernel_entry_alignment_verified,pointer_coverage_match,ov_kernel_entry_present,gtpin_source_kind,primary_metric_name,primary_metric_total,primary_metric_avg,primary_metric_unit,gtpin_invocation_count,gtpin_total_execution_cycles,gtpin_avg_execution_cycles_per_invocation,gtpin_total_memory_ops,gtpin_estimated_total_bytes,gtpin_write_dominance_pct,gtpin_estimated_bytes_per_mem_op,gtpin_reads,gtpin_writes,gtpin_atomics,gtpin_metric_fields_json,execution_descriptor
n1_i10,10,1,10,performance,false,(root),logits.0,FullyConnected,FullyConnected,fullyconnected:logits.0,fullyconnected:logits.0,fully_connected,fully_connected_gpu_bf_tiled,1069,fully_connected_gpu_bf_tiled_9077797497357748363_0_0,fully_connected_gpu_bf_tiled_9077797497357748363_0_0,1,5676,matched,aligned,true,true,true,exec_profile,gtpin_total_execution_cycles,2308615156,2308615,cycles,1000,2308615156,2308615,0,0,,,0,0,0,"{""gtpin_avg_execution_cycles_per_invocation"":2308615,""gtpin_invocation_count"":1000,""gtpin_total_execution_cycles"":2308615156}",InvocationCount=1000;TotalExecutionCycles=2308615156;AvgExecutionCyclesPerInvocation=2308615
n1_i10,10,1,10,performance,false,layers.*/mlp,/model/layers.0/mlp/gate_proj/MatMul,FullyConnected,FullyConnected,fullyconnected:/model/layers.0/mlp/gate_proj/MatMul,fullyconnected:/model/layers.0/mlp/gate_proj/MatMul,fully_connected,fully_connected_gpu_bf_tiled,310,fully_connected_gpu_bf_tiled_9957149419786459120_0_0,fully_connected_gpu_bf_tiled_9957149419786459120_0_0,1,5211,matched,aligned,true,true,true,exec_profile,gtpin_total_execution_cycles,160204364,910252,cycles,176,160204364,910252,0,0,,,0,0,0,"{""gtpin_avg_execution_cycles_per_invocation"":910252,""gtpin_invocation_count"":176,""gtpin_total_execution_cycles"":160204364}",InvocationCount=176;TotalExecutionCycles=160204364;AvgExecutionCyclesPerInvocation=910252
n1_i10,10,1,10,performance,false,layers.*/mlp,/model/layers.0/mlp/up_proj/MatMul,FullyConnected,FullyConnected,fullyconnected:/model/layers.0/mlp/up_proj/MatMul,fullyconnected:/model/layers.0/mlp/up_proj/MatMul,fully_connected,fully_connected_gpu_bf_tiled,309,fully_connected_gpu_bf_tiled_2740906288179525049_0_0,fully_connected_gpu_bf_tiled_2740906288179525049_0_0,1,5210,matched,aligned,true,true,true,exec_profile,gtpin_total_execution_cycles,150777158,856688,cycles,176,150777158,856688,0,0,,,0,0,0,"{""gtpin_avg_execution_cycles_per_invocation"":856688,""gtpin_invocation_count"":176,""gtpin_total_execution_cycles"":150777158}",InvocationCount=176;TotalExecutionCycles=150777158;AvgExecutionCyclesPerInvocation=856688
n1_i10,10,1,10,performance,false,layers.*/mlp,/model/layers.1/mlp/up_proj/MatMul,FullyConnected,FullyConnected,fullyconnected:/model/layers.1/mlp/up_proj/MatMul,fullyconnected:/model/layers.1/mlp/up_proj/MatMul,fully_connected,fully_connected_gpu_bf_tiled,345,fully_connected_gpu_bf_tiled_2740906288179525049_0_0,fully_connected_gpu_bf_tiled_2740906288179525049_0_0,1,5232,matched,aligned,true,true,true,exec_profile,gtpin_total_execution_cycles,138384872,786277,cycles,176,138384872,786277,0,0,,,0,0,0,"{""gtpin_avg_execution_cycles_per_invocation"":786277,""gtpin_invocation_count"":176,""gtpin_total_execution_cycles"":138384872}",InvocationCount=176;TotalExecutionCycles=138384872;AvgExecutionCyclesPerInvocation=786277
n1_i10,10,1,10,performance,false,layers.*/mlp,/model/layers.13/mlp/gate_proj/MatMul,FullyConnected,FullyConnected,fullyconnected:/model/layers.13/mlp/gate_proj/MatMul,fullyconnected:/model/layers.13/mlp/gate_proj/MatMul,fully_connected,fully_connected_gpu_bf_tiled,778,fully_connected_gpu_bf_tiled_9957149419786459120_0_0,fully_connected_gpu_bf_tiled_9957149419786459120_0_0,1,5497,matched,aligned,true,true,true,exec_profile,gtpin_total_execution_cycles,134751304,765632,cycles,176,134751304,765632,0,0,,,0,0,0,"{""gtpin_avg_execution_cycles_per_invocation"":765632,""gtpin_invocation_count"":176,""gtpin_total_execution_cycles"":134751304}",InvocationCount=176;TotalExecutionCycles=134751304;AvgExecutionCyclesPerInvocation=765632
n1_i10,10,1,10,performance,false,layers.*/mlp,/model/layers.20/mlp/up_proj/MatMul,FullyConnected,FullyConnected,fullyconnected:/model/layers.20/mlp/up_proj/MatMul,fullyconnected:/model/layers.20/mlp/up_proj/MatMul,fully_connected,fully_connected_gpu_bf_tiled,1029,fully_connected_gpu_bf_tiled_2740906288179525049_0_0,fully_connected_gpu_bf_tiled_2740906288179525049_0_0,1,5650,matched,aligned,true,true,true,exec_profile,gtpin_total_execution_cycles,133888122,760727,cycles,176,133888122,760727,0,0,,,0,0,0,"{""gtpin_avg_execution_cycles_per_invocation"":760727,""gtpin_invocation_count"":176,""gtpin_total_execution_cycles"":133888122}",InvocationCount=176;TotalExecutionCycles=133888122;AvgExecutionCyclesPerInvocation=760727
n1_i10,10,1,10,performance,false,layers.*/mlp,/model/layers.18/mlp/gate_proj/MatMul,FullyConnected,FullyConnected,fullyconnected:/model/layers.18/mlp/gate_proj/MatMul,fullyconnected:/model/layers.18/mlp/gate_proj/MatMul,fully_connected,fully_connected_gpu_bf_tiled,958,fully_connected_gpu_bf_tiled_9957149419786459120_0_0,fully_connected_gpu_bf_tiled_9957149419786459120_0_0,1,5607,matched,aligned,true,true,true,exec_profile,gtpin_total_execution_cycles,128916354,732479,cycles,176,128916354,732479,0,0,,,0,0,0,"{""gtpin_avg_execution_cycles_per_invocation"":732479,""gtpin_invocation_count"":176,""gtpin_total_execution_cycles"":128916354}",InvocationCount=176;TotalExecutionCycles=128916354;AvgExecutionCyclesPerInvocation=732479
n1_i10,10,1,10,performance,false,layers.*/mlp,/model/layers.20/mlp/gate_proj/MatMul,FullyConnected,FullyConnected,fullyconnected:/model/layers.20/mlp/gate_proj/MatMul,fullyconnected:/model/layers.20/mlp/gate_proj/MatMul,fully_connected,fully_connected_gpu_bf_tiled,1030,fully_connected_gpu_bf_tiled_9957149419786459120_0_0,fully_connected_gpu_bf_tiled_9957149419786459120_0_0,1,5651,matched,aligned,true,true,true,exec_profile,gtpin_total_execution_cycles,127810462,726195,cycles,176,127810462,726195,0,0,,,0,0,0,"{""gtpin_avg_execution_cycles_per_invocation"":726195,""gtpin_invocation_count"":176,""gtpin_total_execution_cycles"":127810462}",InvocationCount=176;TotalExecutionCycles=127810462;AvgExecutionCyclesPerInvocation=726195
n1_i10,10,1,10,performance,false,layers.*/mlp,/model/layers.17/mlp/up_proj/MatMul,FullyConnected,FullyConnected,fullyconnected:/model/layers.17/mlp/up_proj/MatMul,fullyconnected:/model/layers.17/mlp/up_proj/MatMul,fully_connected,fully_connected_gpu_bf_tiled,921,fully_connected_gpu_bf_tiled_2740906288179525049_0_0,fully_connected_gpu_bf_tiled_2740906288179525049_0_0,1,5584,matched,aligned,true,true,true,exec_profile,gtpin_total_execution_cycles,125852564,715071,cycles,176,125852564,715071,0,0,,,0,0,0,"{""gtpin_avg_execution_cycles_per_invocation"":715071,""gtpin_invocation_count"":176,""gtpin_total_execution_cycles"":125852564}",InvocationCount=176;TotalExecutionCycles=125852564;AvgExecutionCyclesPerInvocation=715071
n1_i10,10,1,10,performance,false,layers.*/mlp,/model/layers.2/mlp/gate_proj/MatMul,FullyConnected,FullyConnected,fullyconnected:/model/layers.2/mlp/gate_proj/MatMul,fullyconnected:/model/layers.2/mlp/gate_proj/MatMul,fully_connected,fully_connected_gpu_bf_tiled,382,fully_connected_gpu_bf_tiled_9957149419786459120_0_0,fully_connected_gpu_bf_tiled_9957149419786459120_0_0,1,5255,matched,aligned,true,true,true,exec_profile,gtpin_total_execution_cycles,125290018,711875,cycles,176,125290018,711875,0,0,,,0,0,0,"{""gtpin_avg_execution_cycles_per_invocation"":711875,""gtpin_invocation_count"":176,""gtpin_total_execution_cycles"":125290018}",InvocationCount=176;TotalExecutionCycles=125290018;AvgExecutionCyclesPerInvocation=711875
n1_i10,10,1,10,performance,false,layers.*/mlp,/model/layers.19/mlp/gate_proj/MatMul,FullyConnected,FullyConnected,fullyconnected:/model/layers.19/mlp/gate_proj/MatMul,fullyconnected:/model/layers.19/mlp/gate_proj/MatMul,fully_connected,fully_connected_gpu_bf_tiled,994,fully_connected_gpu_bf_tiled_9957149419786459120_0_0,fully_connected_gpu_bf_tiled_9957149419786459120_0_0,1,5629,matched,aligned,true,true,true,exec_profile,gtpin_total_execution_cycles,124988728,710163,cycles,176,124988728,710163,0,0,,,0,0,0,"{""gtpin_avg_execution_cycles_per_invocation"":710163,""gtpin_invocation_count"":176,""gtpin_total_execution_cycles"":124988728}",InvocationCount=176;TotalExecutionCycles=124988728;AvgExecutionCyclesPerInvocation=710163
n1_i10,10,1,10,performance,false,layers.*/mlp,/model/layers.1/mlp/gate_proj/MatMul,FullyConnected,FullyConnected,fullyconnected:/model/layers.1/mlp/gate_proj/MatMul,fullyconnected:/model/layers.1/mlp/gate_proj/MatMul,fully_connected,fully_connected_gpu_bf_tiled,346,fully_connected_gpu_bf_tiled_9957149419786459120_0_0,fully_connected_gpu_bf_tiled_9957149419786459120_0_0,1,5233,matched,aligned,true,true,true,exec_profile,gtpin_total_execution_cycles,124874054,709511,cycles,176,124874054,709511,0,0,,,0,0,0,"{""gtpin_avg_execution_cycles_per_invocation"":709511,""gtpin_invocation_count"":176,""gtpin_total_execution_cycles"":124874054}",InvocationCount=176;TotalExecutionCycles=124874054;AvgExecutionCyclesPerInvocation=709511
n1_i10,10,1,10,performance,false,layers.*/mlp,/model/layers.10/mlp/gate_proj/MatMul,FullyConnected,FullyConnected,fullyconnected:/model/layers.10/mlp/gate_proj/MatMul,fullyconnected:/model/layers.10/mlp/gate_proj/MatMul,fully_connected,fully_connected_gpu_bf_tiled,670,fully_connected_gpu_bf_tiled_9957149419786459120_0_0,fully_connected_gpu_bf_tiled_9957149419786459120_0_0,1,5431,matched,aligned,true,true,true,exec_profile,gtpin_total_execution_cycles,122472090,695864,cycles,176,122472090,695864,0,0,,,0,0,0,"{""gtpin_avg_execution_cycles_per_invocation"":695864,""gtpin_invocation_count"":176,""gtpin_total_execution_cycles"":122472090}",InvocationCount=176;TotalExecutionCycles=122472090;AvgExecutionCyclesPerInvocation=695864
n1_i10,10,1,10,performance,false,layers.*/mlp,/model/layers.9/mlp/gate_proj/MatMul,FullyConnected,FullyConnected,fullyconnected:/model/layers.9/mlp/gate_proj/MatMul,fullyconnected:/model/layers.9/mlp/gate_proj/MatMul,fully_connected,fully_connected_gpu_bf_tiled,634,fully_connected_gpu_bf_tiled_9957149419786459120_0_0,fully_connected_gpu_bf_tiled_9957149419786459120_0_0,1,5409,matched,aligned,true,true,true,exec_profile,gtpin_total_execution_cycles,117191610,665861,cycles,176,117191610,665861,0,0,,,0,0,0,"{""gtpin_avg_execution_cycles_per_invocation"":665861,""gtpin_invocation_count"":176,""gtpin_total_execution_cycles"":117191610}",InvocationCount=176;TotalExecutionCycles=117191610;AvgExecutionCyclesPerInvocation=665861
n1_i10,10,1,10,performance,false,layers.*/mlp,/model/layers.2/mlp/up_proj/MatMul,FullyConnected,FullyConnected,fullyconnected:/model/layers.2/mlp/up_proj/MatMul,fullyconnected:/model/layers.2/mlp/up_proj/MatMul,fully_connected,fully_connected_gpu_bf_tiled,381,fully_connected_gpu_bf_tiled_2740906288179525049_0_0,fully_connected_gpu_bf_tiled_2740906288179525049_0_0,1,5254,matched,aligned,true,true,true,exec_profile,gtpin_total_execution_cycles,115719386,657496,cycles,176,115719386,657496,0,0,,,0,0,0,"{""gtpin_avg_execution_cycles_per_invocation"":657496,""gtpin_invocation_count"":176,""gtpin_total_execution_cycles"":115719386}",InvocationCount=176;TotalExecutionCycles=115719386;AvgExecutionCyclesPerInvocation=657496
n1_i10,10,1,10,performance,false,layers.*/mlp,/model/layers.11/mlp/gate_proj/MatMul,FullyConnected,FullyConnected,fullyconnected:/model/layers.11/mlp/gate_proj/MatMul,fullyconnected:/model/layers.11/mlp/gate_proj/MatMul,fully_connected,fully_connected_gpu_bf_tiled,706,fully_connected_gpu_bf_tiled_9957149419786459120_0_0,fully_connected_gpu_bf_tiled_9957149419786459120_0_0,1,5453,matched,aligned,true,true,true,exec_profile,gtpin_total_execution_cycles,113979552,647611,cycles,176,113979552,647611,0,0,,,0,0,0,"{""gtpin_avg_execution_cycles_per_invocation"":647611,""gtpin_invocation_count"":176,""gtpin_total_execution_cycles"":113979552}",InvocationCount=176;TotalExecutionCycles=113979552;AvgExecutionCyclesPerInvocation=647611
n1_i10,10,1,10,performance,false,layers.*/mlp,/model/layers.21/mlp/gate_proj/MatMul,FullyConnected,FullyConnected,fullyconnected:/model/layers.21/mlp/gate_proj/MatMul,fullyconnected:/model/layers.21/mlp/gate_proj/MatMul,fully_connected,fully_connected_gpu_bf_tiled,1066,fully_connected_gpu_bf_tiled_9957149419786459120_0_0,fully_connected_gpu_bf_tiled_9957149419786459120_0_0,1,5673,matched,aligned,true,true,true,exec_profile,gtpin_total_execution_cycles,112988066,641977,cycles,176,112988066,641977,0,0,,,0,0,0,"{""gtpin_avg_execution_cycles_per_invocation"":641977,""gtpin_invocation_count"":176,""gtpin_total_execution_cycles"":112988066}",InvocationCount=176;TotalExecutionCycles=112988066;AvgExecutionCyclesPerInvocation=641977
n1_i10,10,1,10,performance,false,layers.*/mlp,/model/layers.8/mlp/gate_proj/MatMul,FullyConnected,FullyConnected,fullyconnected:/model/layers.8/mlp/gate_proj/MatMul,fullyconnected:/model/layers.8/mlp/gate_proj/MatMul,fully_connected,fully_connected_gpu_bf_tiled,598,fully_connected_gpu_bf_tiled_9957149419786459120_0_0,fully_connected_gpu_bf_tiled_9957149419786459120_0_0,1,5387,matched,aligned,true,true,true,exec_profile,gtpin_total_execution_cycles,111575066,633949,cycles,176,111575066,633949,0,0,,,0,0,0,"{""gtpin_avg_execution_cycles_per_invocation"":633949,""gtpin_invocation_count"":176,""gtpin_total_execution_cycles"":111575066}",InvocationCount=176;TotalExecutionCycles=111575066;AvgExecutionCyclesPerInvocation=633949
n1_i10,10,1,10,performance,false,layers.*/mlp,/model/layers.18/mlp/up_proj/MatMul,FullyConnected,FullyConnected,fullyconnected:/model/layers.18/mlp/up_proj/MatMul,fullyconnected:/model/layers.18/mlp/up_proj/MatMul,fully_connected,fully_connected_gpu_bf_tiled,957,fully_connected_gpu_bf_tiled_2740906288179525049_0_0,fully_connected_gpu_bf_tiled_2740906288179525049_0_0,1,5606,matched,aligned,true,true,true,exec_profile,gtpin_total_execution_cycles,111163286,631609,cycles,176,111163286,631609,0,0,,,0,0,0,"{""gtpin_avg_execution_cycles_per_invocation"":631609,""gtpin_invocation_count"":176,""gtpin_total_execution_cycles"":111163286}",InvocationCount=176;TotalExecutionCycles=111163286;AvgExecutionCyclesPerInvocation=631609
n1_i10,10,1,10,performance,false,layers.*/mlp,/model/layers.14/mlp/gate_proj/MatMul,FullyConnected,FullyConnected,fullyconnected:/model/layers.14/mlp/gate_proj/MatMul,fullyconnected:/model/layers.14/mlp/gate_proj/MatMul,fully_connected,fully_connected_gpu_bf_tiled,814,fully_connected_gpu_bf_tiled_9957149419786459120_0_0,fully_connected_gpu_bf_tiled_9957149419786459120_0_0,1,5519,matched,aligned,true,true,true,exec_profile,gtpin_total_execution_cycles,110550912,628130,cycles,176,110550912,628130,0,0,,,0,0,0,"{""gtpin_avg_execution_cycles_per_invocation"":628130,""gtpin_invocation_count"":176,""gtpin_total_execution_cycles"":110550912}",InvocationCount=176;TotalExecutionCycles=110550912;AvgExecutionCyclesPerInvocation=628130
n1_i10,10,1,10,performance,false,layers.*/mlp,/model/layers.7/mlp/gate_proj/MatMul,FullyConnected,FullyConnected,fullyconnected:/model/layers.7/mlp/gate_proj/MatMul,fullyconnected:/model/layers.7/mlp/gate_proj/MatMul,fully_connected,fully_connected_gpu_bf_tiled,562,fully_connected_gpu_bf_tiled_9957149419786459120_0_0,fully_connected_gpu_bf_tiled_9957149419786459120_0_0,1,5365,matched,aligned,true,true,true,exec_profile,gtpin_total_execution_cycles,110133310,625757,cycles,176,110133310,625757,0,0,,,0,0,0,"{""gtpin_avg_execution_cycles_per_invocation"":625757,""gtpin_invocation_count"":176,""gtpin_total_execution_cycles"":110133310}",InvocationCount=176;TotalExecutionCycles=110133310;AvgExecutionCyclesPerInvocation=625757
n1_i10,10,1,10,performance,false,layers.*/mlp,/model/layers.5/mlp/up_proj/MatMul,FullyConnected,FullyConnected,fullyconnected:/model/layers.5/mlp/up_proj/MatMul,fullyconnected:/model/layers.5/mlp/up_proj/MatMul,fully_connected,fully_connected_gpu_bf_tiled,489,fully_connected_gpu_bf_tiled_2740906288179525049_0_0,fully_connected_gpu_bf_tiled_2740906288179525049_0_0,1,5320,matched,aligned,true,true,true,exec_profile,gtpin_total_execution_cycles,109969602,624827,cycles,176,109969602,624827,0,0,,,0,0,0,"{""gtpin_avg_execution_cycles_per_invocation"":624827,""gtpin_invocation_count"":176,""gtpin_total_execution_cycles"":109969602}",InvocationCount=176;TotalExecutionCycles=109969602;AvgExecutionCyclesPerInvocation=624827
n1_i10,10,1,10,performance,false,layers.*/mlp,/model/layers.8/mlp/up_proj/MatMul,FullyConnected,FullyConnected,fullyconnected:/model/layers.8/mlp/up_proj/MatMul,fullyconnected:/model/layers.8/mlp/up_proj/MatMul,fully_connected,fully_connected_gpu_bf_tiled,597,fully_connected_gpu_bf_tiled_2740906288179525049_0_0,fully_connected_gpu_bf_tiled_2740906288179525049_0_0,1,5386,matched,aligned,true,true,true,exec_profile,gtpin_total_execution_cycles,109783904,623772,cycles,176,109783904,623772,0,0,,,0,0,0,"{""gtpin_avg_execution_cycles_per_invocation"":623772,""gtpin_invocation_count"":176,""gtpin_total_execution_cycles"":109783904}",InvocationCount=176;TotalExecutionCycles=109783904;AvgExecutionCyclesPerInvocation=623772
n1_i10,10,1,10,performance,false,layers.*/mlp,/model/layers.17/mlp/gate_proj/MatMul,FullyConnected,FullyConnected,fullyconnected:/model/layers.17/mlp/gate_proj/MatMul,fullyconnected:/model/layers.17/mlp/gate_proj/MatMul,fully_connected,fully_connected_gpu_bf_tiled,922,fully_connected_gpu_bf_tiled_9957149419786459120_0_0,fully_connected_gpu_bf_tiled_9957149419786459120_0_0,1,5585,matched,aligned,true,true,true,exec_profile,gtpin_total_execution_cycles,109777346,623734,cycles,176,109777346,623734,0,0,,,0,0,0,"{""gtpin_avg_execution_cycles_per_invocation"":623734,""gtpin_invocation_count"":176,""gtpin_total_execution_cycles"":109777346}",InvocationCount=176;TotalExecutionCycles=109777346;AvgExecutionCyclesPerInvocation=623734
n1_i10,10,1,10,performance,false,layers.*/mlp,/model/layers.12/mlp/gate_proj/MatMul,FullyConnected,FullyConnected,fullyconnected:/model/layers.12/mlp/gate_proj/MatMul,fullyconnected:/model/layers.12/mlp/gate_proj/MatMul,fully_connected,fully_connected_gpu_bf_tiled,742,fully_connected_gpu_bf_tiled_9957149419786459120_0_0,fully_connected_gpu_bf_tiled_9957149419786459120_0_0,1,5475,matched,aligned,true,true,true,exec_profile,gtpin_total_execution_cycles,109188956,620391,cycles,176,109188956,620391,0,0,,,0,0,0,"{""gtpin_avg_execution_cycles_per_invocation"":620391,""gtpin_invocation_count"":176,""gtpin_total_execution_cycles"":109188956}",InvocationCount=176;TotalExecutionCycles=109188956;AvgExecutionCyclesPerInvocation=620391
n1_i10,10,1,10,performance,false,layers.*/mlp,/model/layers.19/mlp/up_proj/MatMul,FullyConnected,FullyConnected,fullyconnected:/model/layers.19/mlp/up_proj/MatMul,fullyconnected:/model/layers.19/mlp/up_proj/MatMul,fully_connected,fully_connected_gpu_bf_tiled,993,fully_connected_gpu_bf_tiled_2740906288179525049_0_0,fully_connected_gpu_bf_tiled_2740906288179525049_0_0,1,5628,matched,aligned,true,true,true,exec_profile,gtpin_total_execution_cycles,109017932,619420,cycles,176,109017932,619420,0,0,,,0,0,0,"{""gtpin_avg_execution_cycles_per_invocation"":619420,""gtpin_invocation_count"":176,""gtpin_total_execution_cycles"":109017932}",InvocationCount=176;TotalExecutionCycles=109017932;AvgExecutionCyclesPerInvocation=619420
n1_i10,10,1,10,performance,false,layers.*/mlp,/model/layers.16/mlp/gate_proj/MatMul,FullyConnected,FullyConnected,fullyconnected:/model/layers.16/mlp/gate_proj/MatMul,fullyconnected:/model/layers.16/mlp/gate_proj/MatMul,fully_connected,fully_connected_gpu_bf_tiled,886,fully_connected_gpu_bf_tiled_9957149419786459120_0_0,fully_connected_gpu_bf_tiled_9957149419786459120_0_0,1,5563,matched,aligned,true,true,true,exec_profile,gtpin_total_execution_cycles,108867582,618565,cycles,176,108867582,618565,0,0,,,0,0,0,"{""gtpin_avg_execution_cycles_per_invocation"":618565,""gtpin_invocation_count"":176,""gtpin_total_execution_cycles"":108867582}",InvocationCount=176;TotalExecutionCycles=108867582;AvgExecutionCyclesPerInvocation=618565
n1_i10,10,1,10,performance,false,layers.*/mlp,/model/layers.6/mlp/gate_proj/MatMul,FullyConnected,FullyConnected,fullyconnected:/model/layers.6/mlp/gate_proj/MatMul,fullyconnected:/model/layers.6/mlp/gate_proj/MatMul,fully_connected,fully_connected_gpu_bf_tiled,526,fully_connected_gpu_bf_tiled_9957149419786459120_0_0,fully_connected_gpu_bf_tiled_9957149419786459120_0_0,1,5343,matched,aligned,true,true,true,exec_profile,gtpin_total_execution_cycles,107567910,611181,cycles,176,107567910,611181,0,0,,,0,0,0,"{""gtpin_avg_execution_cycles_per_invocation"":611181,""gtpin_invocation_count"":176,""gtpin_total_execution_cycles"":107567910}",InvocationCount=176;TotalExecutionCycles=107567910;AvgExecutionCyclesPerInvocation=611181
n1_i10,10,1,10,performance,false,layers.*/mlp,/model/layers.10/mlp/up_proj/MatMul,FullyConnected,FullyConnected,fullyconnected:/model/layers.10/mlp/up_proj/MatMul,fullyconnected:/model/layers.10/mlp/up_proj/MatMul,fully_connected,fully_connected_gpu_bf_tiled,669,fully_connected_gpu_bf_tiled_2740906288179525049_0_0,fully_connected_gpu_bf_tiled_2740906288179525049_0_0,1,5430,matched,aligned,true,true,true,exec_profile,gtpin_total_execution_cycles,106093612,602804,cycles,176,106093612,602804,0,0,,,0,0,0,"{""gtpin_avg_execution_cycles_per_invocation"":602804,""gtpin_invocation_count"":176,""gtpin_total_execution_cycles"":106093612}",InvocationCount=176;TotalExecutionCycles=106093612;AvgExecutionCyclesPerInvocation=602804
n1_i10,10,1,10,performance,false,layers.*/mlp,/model/layers.21/mlp/up_proj/MatMul,FullyConnected,FullyConnected,fullyconnected:/model/layers.21/mlp/up_proj/MatMul,fullyconnected:/model/layers.21/mlp/up_proj/MatMul,fully_connected,fully_connected_gpu_bf_tiled,1065,fully_connected_gpu_bf_tiled_2740906288179525049_0_0,fully_connected_gpu_bf_tiled_2740906288179525049_0_0,1,5672,matched,aligned,true,true,true,exec_profile,gtpin_total_execution_cycles,105271018,598130,cycles,176,105271018,598130,0,0,,,0,0,0,"{""gtpin_avg_execution_cycles_per_invocation"":598130,""gtpin_invocation_count"":176,""gtpin_total_execution_cycles"":105271018}",InvocationCount=176;TotalExecutionCycles=105271018;AvgExecutionCyclesPerInvocation=598130
n1_i10,10,1,10,performance,false,layers.*/mlp,/model/layers.5/mlp/gate_proj/MatMul,FullyConnected,FullyConnected,fullyconnected:/model/layers.5/mlp/gate_proj/MatMul,fullyconnected:/model/layers.5/mlp/gate_proj/MatMul,fully_connected,fully_connected_gpu_bf_tiled,490,fully_connected_gpu_bf_tiled_9957149419786459120_0_0,fully_connected_gpu_bf_tiled_9957149419786459120_0_0,1,5321,matched,aligned,true,true,true,exec_profile,gtpin_total_execution_cycles,104292014,592568,cycles,176,104292014,592568,0,0,,,0,0,0,"{""gtpin_avg_execution_cycles_per_invocation"":592568,""gtpin_invocation_count"":176,""gtpin_total_execution_cycles"":104292014}",InvocationCount=176;TotalExecutionCycles=104292014;AvgExecutionCyclesPerInvocation=592568
n1_i10,10,1,10,performance,false,layers.*/mlp,/model/layers.15/mlp/gate_proj/MatMul,FullyConnected,FullyConnected,fullyconnected:/model/layers.15/mlp/gate_proj/MatMul,fullyconnected:/model/layers.15/mlp/gate_proj/MatMul,fully_connected,fully_connected_gpu_bf_tiled,850,fully_connected_gpu_bf_tiled_9957149419786459120_0_0,fully_connected_gpu_bf_tiled_9957149419786459120_0_0,1,5541,matched,aligned,true,true,true,exec_profile,gtpin_total_execution_cycles,103458548,587832,cycles,176,103458548,587832,0,0,,,0,0,0,"{""gtpin_avg_execution_cycles_per_invocation"":587832,""gtpin_invocation_count"":176,""gtpin_total_execution_cycles"":103458548}",InvocationCount=176;TotalExecutionCycles=103458548;AvgExecutionCyclesPerInvocation=587832
n1_i10,10,1,10,performance,false,layers.*/mlp,/model/layers.6/mlp/up_proj/MatMul,FullyConnected,FullyConnected,fullyconnected:/model/layers.6/mlp/up_proj/MatMul,fullyconnected:/model/layers.6/mlp/up_proj/MatMul,fully_connected,fully_connected_gpu_bf_tiled,525,fully_connected_gpu_bf_tiled_2740906288179525049_0_0,fully_connected_gpu_bf_tiled_2740906288179525049_0_0,1,5342,matched,aligned,true,true,true,exec_profile,gtpin_total_execution_cycles,102971204,585063,cycles,176,102971204,585063,0,0,,,0,0,0,"{""gtpin_avg_execution_cycles_per_invocation"":585063,""gtpin_invocation_count"":176,""gtpin_total_execution_cycles"":102971204}",InvocationCount=176;TotalExecutionCycles=102971204;AvgExecutionCyclesPerInvocation=585063
n1_i10,10,1,10,performance,false,layers.*/mlp,/model/layers.7/mlp/up_proj/MatMul,FullyConnected,FullyConnected,fullyconnected:/model/layers.7/mlp/up_proj/MatMul,fullyconnected:/model/layers.7/mlp/up_proj/MatMul,fully_connected,fully_connected_gpu_bf_tiled,561,fully_connected_gpu_bf_tiled_2740906288179525049_0_0,fully_connected_gpu_bf_tiled_2740906288179525049_0_0,1,5364,matched,aligned,true,true,true,exec_profile,gtpin_total_execution_cycles,102966986,585039,cycles,176,102966986,585039,0,0,,,0,0,0,"{""gtpin_avg_execution_cycles_per_invocation"":585039,""gtpin_invocation_count"":176,""gtpin_total_execution_cycles"":102966986}",InvocationCount=176;TotalExecutionCycles=102966986;AvgExecutionCyclesPerInvocation=585039
n1_i10,10,1,10,performance,false,layers.*/mlp,/model/layers.9/mlp/up_proj/MatMul,FullyConnected,FullyConnected,fullyconnected:/model/layers.9/mlp/up_proj/MatMul,fullyconnected:/model/layers.9/mlp/up_proj/MatMul,fully_connected,fully_connected_gpu_bf_tiled,633,fully_connected_gpu_bf_tiled_2740906288179525049_0_0,fully_connected_gpu_bf_tiled_2740906288179525049_0_0,1,5408,matched,aligned,true,true,true,exec_profile,gtpin_total_execution_cycles,102509946,582442,cycles,176,102509946,582442,0,0,,,0,0,0,"{""gtpin_avg_execution_cycles_per_invocation"":582442,""gtpin_invocation_count"":176,""gtpin_total_execution_cycles"":102509946}",InvocationCount=176;TotalExecutionCycles=102509946;AvgExecutionCyclesPerInvocation=582442
n1_i10,10,1,10,performance,false,layers.*/mlp,/model/layers.15/mlp/up_proj/MatMul,FullyConnected,FullyConnected,fullyconnected:/model/layers.15/mlp/up_proj/MatMul,fullyconnected:/model/layers.15/mlp/up_proj/MatMul,fully_connected,fully_connected_gpu_bf_tiled,849,fully_connected_gpu_bf_tiled_2740906288179525049_0_0,fully_connected_gpu_bf_tiled_2740906288179525049_0_0,1,5540,matched,aligned,true,true,true,exec_profile,gtpin_total_execution_cycles,100387036,570380,cycles,176,100387036,570380,0,0,,,0,0,0,"{""gtpin_avg_execution_cycles_per_invocation"":570380,""gtpin_invocation_count"":176,""gtpin_total_execution_cycles"":100387036}",InvocationCount=176;TotalExecutionCycles=100387036;AvgExecutionCyclesPerInvocation=570380
n1_i10,10,1,10,performance,false,layers.*/mlp,/model/layers.16/mlp/up_proj/MatMul,FullyConnected,FullyConnected,fullyconnected:/model/layers.16/mlp/up_proj/MatMul,fullyconnected:/model/layers.16/mlp/up_proj/MatMul,fully_connected,fully_connected_gpu_bf_tiled,885,fully_connected_gpu_bf_tiled_2740906288179525049_0_0,fully_connected_gpu_bf_tiled_2740906288179525049_0_0,1,5562,matched,aligned,true,true,true,exec_profile,gtpin_total_execution_cycles,100035496,568383,cycles,176,100035496,568383,0,0,,,0,0,0,"{""gtpin_avg_execution_cycles_per_invocation"":568383,""gtpin_invocation_count"":176,""gtpin_total_execution_cycles"":100035496}",InvocationCount=176;TotalExecutionCycles=100035496;AvgExecutionCyclesPerInvocation=568383
n1_i10,10,1,10,performance,false,layers.*/mlp,/model/layers.14/mlp/up_proj/MatMul,FullyConnected,FullyConnected,fullyconnected:/model/layers.14/mlp/up_proj/MatMul,fullyconnected:/model/layers.14/mlp/up_proj/MatMul,fully_connected,fully_connected_gpu_bf_tiled,813,fully_connected_gpu_bf_tiled_2740906288179525049_0_0,fully_connected_gpu_bf_tiled_2740906288179525049_0_0,1,5518,matched,aligned,true,true,true,exec_profile,gtpin_total_execution_cycles,99531178,565518,cycles,176,99531178,565518,0,0,,,0,0,0,"{""gtpin_avg_execution_cycles_per_invocation"":565518,""gtpin_invocation_count"":176,""gtpin_total_execution_cycles"":99531178}",InvocationCount=176;TotalExecutionCycles=99531178;AvgExecutionCyclesPerInvocation=565518
n1_i10,10,1,10,performance,false,layers.*/mlp,/model/layers.11/mlp/up_proj/MatMul,FullyConnected,FullyConnected,fullyconnected:/model/layers.11/mlp/up_proj/MatMul,fullyconnected:/model/layers.11/mlp/up_proj/MatMul,fully_connected,fully_connected_gpu_bf_tiled,705,fully_connected_gpu_bf_tiled_2740906288179525049_0_0,fully_connected_gpu_bf_tiled_2740906288179525049_0_0,1,5452,matched,aligned,true,true,true,exec_profile,gtpin_total_execution_cycles,98319390,558632,cycles,176,98319390,558632,0,0,,,0,0,0,"{""gtpin_avg_execution_cycles_per_invocation"":558632,""gtpin_invocation_count"":176,""gtpin_total_execution_cycles"":98319390}",InvocationCount=176;TotalExecutionCycles=98319390;AvgExecutionCyclesPerInvocation=558632
n1_i10,10,1,10,performance,false,layers.*/mlp,/model/layers.13/mlp/up_proj/MatMul,FullyConnected,FullyConnected,fullyconnected:/model/layers.13/mlp/up_proj/MatMul,fullyconnected:/model/layers.13/mlp/up_proj/MatMul,fully_connected,fully_connected_gpu_bf_tiled,777,fully_connected_gpu_bf_tiled_2740906288179525049_0_0,fully_connected_gpu_bf_tiled_2740906288179525049_0_0,1,5496,matched,aligned,true,true,true,exec_profile,gtpin_total_execution_cycles,98172332,557797,cycles,176,98172332,557797,0,0,,,0,0,0,"{""gtpin_avg_execution_cycles_per_invocation"":557797,""gtpin_invocation_count"":176,""gtpin_total_execution_cycles"":98172332}",InvocationCount=176;TotalExecutionCycles=98172332;AvgExecutionCyclesPerInvocation=557797
n1_i10,10,1,10,performance,false,layers.*/mlp,/model/layers.4/mlp/gate_proj/MatMul,FullyConnected,FullyConnected,fullyconnected:/model/layers.4/mlp/gate_proj/MatMul,fullyconnected:/model/layers.4/mlp/gate_proj/MatMul,fully_connected,fully_connected_gpu_bf_tiled,454,fully_connected_gpu_bf_tiled_9957149419786459120_0_0,fully_connected_gpu_bf_tiled_9957149419786459120_0_0,1,5299,matched,aligned,true,true,true,exec_profile,gtpin_total_execution_cycles,97428296,553569,cycles,176,97428296,553569,0,0,,,0,0,0,"{""gtpin_avg_execution_cycles_per_invocation"":553569,""gtpin_invocation_count"":176,""gtpin_total_execution_cycles"":97428296}",InvocationCount=176;TotalExecutionCycles=97428296;AvgExecutionCyclesPerInvocation=553569
n1_i10,10,1,10,performance,false,layers.*/mlp,/model/layers.12/mlp/up_proj/MatMul,FullyConnected,FullyConnected,fullyconnected:/model/layers.12/mlp/up_proj/MatMul,fullyconnected:/model/layers.12/mlp/up_proj/MatMul,fully_connected,fully_connected_gpu_bf_tiled,741,fully_connected_gpu_bf_tiled_2740906288179525049_0_0,fully_connected_gpu_bf_tiled_2740906288179525049_0_0,1,5474,matched,aligned,true,true,true,exec_profile,gtpin_total_execution_cycles,96983148,551040,cycles,176,96983148,551040,0,0,,,0,0,0,"{""gtpin_avg_execution_cycles_per_invocation"":551040,""gtpin_invocation_count"":176,""gtpin_total_execution_cycles"":96983148}",InvocationCount=176;TotalExecutionCycles=96983148;AvgExecutionCyclesPerInvocation=551040
n1_i10,10,1,10,performance,false,layers.*/mlp,/model/layers.3/mlp/gate_proj/MatMul,FullyConnected,FullyConnected,fullyconnected:/model/layers.3/mlp/gate_proj/MatMul,fullyconnected:/model/layers.3/mlp/gate_proj/MatMul,fully_connected,fully_connected_gpu_bf_tiled,418,fully_connected_gpu_bf_tiled_9957149419786459120_0_0,fully_connected_gpu_bf_tiled_9957149419786459120_0_0,1,5277,matched,aligned,true,true,true,exec_profile,gtpin_total_execution_cycles,96308456,547207,cycles,176,96308456,547207,0,0,,,0,0,0,"{""gtpin_avg_execution_cycles_per_invocation"":547207,""gtpin_invocation_count"":176,""gtpin_total_execution_cycles"":96308456}",InvocationCount=176;TotalExecutionCycles=96308456;AvgExecutionCyclesPerInvocation=547207
n1_i10,10,1,10,performance,false,layers.*/mlp,/model/layers.4/mlp/up_proj/MatMul,FullyConnected,FullyConnected,fullyconnected:/model/layers.4/mlp/up_proj/MatMul,fullyconnected:/model/layers.4/mlp/up_proj/MatMul,fully_connected,fully_connected_gpu_bf_tiled,453,fully_connected_gpu_bf_tiled_2740906288179525049_0_0,fully_connected_gpu_bf_tiled_2740906288179525049_0_0,1,5298,matched,aligned,true,true,true,exec_profile,gtpin_total_execution_cycles,93961596,533872,cycles,176,93961596,533872,0,0,,,0,0,0,"{""gtpin_avg_execution_cycles_per_invocation"":533872,""gtpin_invocation_count"":176,""gtpin_total_execution_cycles"":93961596}",InvocationCount=176;TotalExecutionCycles=93961596;AvgExecutionCyclesPerInvocation=533872
n1_i10,10,1,10,performance,false,layers.*/mlp,/model/layers.3/mlp/up_proj/MatMul,FullyConnected,FullyConnected,fullyconnected:/model/layers.3/mlp/up_proj/MatMul,fullyconnected:/model/layers.3/mlp/up_proj/MatMul,fully_connected,fully_connected_gpu_bf_tiled,417,fully_connected_gpu_bf_tiled_2740906288179525049_0_0,fully_connected_gpu_bf_tiled_2740906288179525049_0_0,1,5276,matched,aligned,true,true,true,exec_profile,gtpin_total_execution_cycles,90306074,513102,cycles,176,90306074,513102,0,0,,,0,0,0,"{""gtpin_avg_execution_cycles_per_invocation"":513102,""gtpin_invocation_count"":176,""gtpin_total_execution_cycles"":90306074}",InvocationCount=176;TotalExecutionCycles=90306074;AvgExecutionCyclesPerInvocation=513102
n1_i10,10,1,10,performance,false,layers.*/mlp,/model/layers.13/mlp/down_proj/MatMul,FullyConnected,FullyConnected,fullyconnected:/model/layers.13/mlp/down_proj/MatMul,fullyconnected:/model/layers.13/mlp/down_proj/MatMul,fully_connected,fully_connected_gpu_bf_tiled,779,fully_connected_gpu_bf_tiled_2727911967636154657_0_0,fully_connected_gpu_bf_tiled_2727911967636154657_0_0,1,5498,matched,aligned,true,true,true,exec_profile,gtpin_total_execution_cycles,88585762,1384152,cycles,64,88585762,1384152,0,0,,,0,0,0,"{""gtpin_avg_execution_cycles_per_invocation"":1384152,""gtpin_invocation_count"":64,""gtpin_total_execution_cycles"":88585762}",InvocationCount=64;TotalExecutionCycles=88585762;AvgExecutionCyclesPerInvocation=1384152
n1_i10,10,1,10,performance,false,layers.*/mlp,/model/layers.0/mlp/down_proj/MatMul,FullyConnected,FullyConnected,fullyconnected:/model/layers.0/mlp/down_proj/MatMul,fullyconnected:/model/layers.0/mlp/down_proj/MatMul,fully_connected,fully_connected_gpu_bf_tiled,311,fully_connected_gpu_bf_tiled_2727911967636154657_0_0,fully_connected_gpu_bf_tiled_2727911967636154657_0_0,1,5212,matched,aligned,true,true,true,exec_profile,gtpin_total_execution_cycles,85718168,1339346,cycles,64,85718168,1339346,0,0,,,0,0,0,"{""gtpin_avg_execution_cycles_per_invocation"":1339346,""gtpin_invocation_count"":64,""gtpin_total_execution_cycles"":85718168}",InvocationCount=64;TotalExecutionCycles=85718168;AvgExecutionCyclesPerInvocation=1339346
n1_i10,10,1,10,performance,false,layers.*/mlp,/model/layers.21/mlp/down_proj/MatMul,FullyConnected,FullyConnected,fullyconnected:/model/layers.21/mlp/down_proj/MatMul,fullyconnected:/model/layers.21/mlp/down_proj/MatMul,fully_connected,fully_connected_gpu_bf_tiled,1067,fully_connected_gpu_bf_tiled_2727911967636154657_0_0,fully_connected_gpu_bf_tiled_2727911967636154657_0_0,1,5674,matched,aligned,true,true,true,exec_profile,gtpin_total_execution_cycles,82070516,1282351,cycles,64,82070516,1282351,0,0,,,0,0,0,"{""gtpin_avg_execution_cycles_per_invocation"":1282351,""gtpin_invocation_count"":64,""gtpin_total_execution_cycles"":82070516}",InvocationCount=64;TotalExecutionCycles=82070516;AvgExecutionCyclesPerInvocation=1282351
n1_i10,10,1,10,performance,false,layers.*/mlp,/model/layers.20/mlp/down_proj/MatMul,FullyConnected,FullyConnected,fullyconnected:/model/layers.20/mlp/down_proj/MatMul,fullyconnected:/model/layers.20/mlp/down_proj/MatMul,fully_connected,fully_connected_gpu_bf_tiled,1031,fully_connected_gpu_bf_tiled_2727911967636154657_0_0,fully_connected_gpu_bf_tiled_2727911967636154657_0_0,1,5652,matched,aligned,true,true,true,exec_profile,gtpin_total_execution_cycles,81555550,1274305,cycles,64,81555550,1274305,0,0,,,0,0,0,"{""gtpin_avg_execution_cycles_per_invocation"":1274305,""gtpin_invocation_count"":64,""gtpin_total_execution_cycles"":81555550}",InvocationCount=64;TotalExecutionCycles=81555550;AvgExecutionCyclesPerInvocation=1274305
n1_i10,10,1,10,performance,false,layers.*/mlp,/model/layers.17/mlp/down_proj/MatMul,FullyConnected,FullyConnected,fullyconnected:/model/layers.17/mlp/down_proj/MatMul,fullyconnected:/model/layers.17/mlp/down_proj/MatMul,fully_connected,fully_connected_gpu_bf_tiled,923,fully_connected_gpu_bf_tiled_2727911967636154657_0_0,fully_connected_gpu_bf_tiled_2727911967636154657_0_0,1,5586,matched,aligned,true,true,true,exec_profile,gtpin_total_execution_cycles,79897130,1248392,cycles,64,79897130,1248392,0,0,,,0,0,0,"{""gtpin_avg_execution_cycles_per_invocation"":1248392,""gtpin_invocation_count"":64,""gtpin_total_execution_cycles"":79897130}",InvocationCount=64;TotalExecutionCycles=79897130;AvgExecutionCyclesPerInvocation=1248392
n1_i10,10,1,10,performance,false,layers.*/mlp,/model/layers.18/mlp/down_proj/MatMul,FullyConnected,FullyConnected,fullyconnected:/model/layers.18/mlp/down_proj/MatMul,fullyconnected:/model/layers.18/mlp/down_proj/MatMul,fully_connected,fully_connected_gpu_bf_tiled,959,fully_connected_gpu_bf_tiled_2727911967636154657_0_0,fully_connected_gpu_bf_tiled_2727911967636154657_0_0,1,5608,matched,aligned,true,true,true,exec_profile,gtpin_total_execution_cycles,78949094,1233579,cycles,64,78949094,1233579,0,0,,,0,0,0,"{""gtpin_avg_execution_cycles_per_invocation"":1233579,""gtpin_invocation_count"":64,""gtpin_total_execution_cycles"":78949094}",InvocationCount=64;TotalExecutionCycles=78949094;AvgExecutionCyclesPerInvocation=1233579
n1_i10,10,1,10,performance,false,layers.*/mlp,/model/layers.10/mlp/down_proj/MatMul,FullyConnected,FullyConnected,fullyconnected:/model/layers.10/mlp/down_proj/MatMul,fullyconnected:/model/layers.10/mlp/down_proj/MatMul,fully_connected,fully_connected_gpu_bf_tiled,671,fully_connected_gpu_bf_tiled_2727911967636154657_0_0,fully_connected_gpu_bf_tiled_2727911967636154657_0_0,1,5432,matched,aligned,true,true,true,exec_profile,gtpin_total_execution_cycles,78848216,1232003,cycles,64,78848216,1232003,0,0,,,0,0,0,"{""gtpin_avg_execution_cycles_per_invocation"":1232003,""gtpin_invocation_count"":64,""gtpin_total_execution_cycles"":78848216}",InvocationCount=64;TotalExecutionCycles=78848216;AvgExecutionCyclesPerInvocation=1232003
n1_i10,10,1,10,performance,false,layers.*/mlp,/model/layers.9/mlp/down_proj/MatMul,FullyConnected,FullyConnected,fullyconnected:/model/layers.9/mlp/down_proj/MatMul,fullyconnected:/model/layers.9/mlp/down_proj/MatMul,fully_connected,fully_connected_gpu_bf_tiled,635,fully_connected_gpu_bf_tiled_2727911967636154657_0_0,fully_connected_gpu_bf_tiled_2727911967636154657_0_0,1,5410,matched,aligned,true,true,true,exec_profile,gtpin_total_execution_cycles,78564796,1227574,cycles,64,78564796,1227574,0,0,,,0,0,0,"{""gtpin_avg_execution_cycles_per_invocation"":1227574,""gtpin_invocation_count"":64,""gtpin_total_execution_cycles"":78564796}",InvocationCount=64;TotalExecutionCycles=78564796;AvgExecutionCyclesPerInvocation=1227574
n1_i10,10,1,10,performance,false,layers.*/mlp,/model/layers.19/mlp/down_proj/MatMul,FullyConnected,FullyConnected,fullyconnected:/model/layers.19/mlp/down_proj/MatMul,fullyconnected:/model/layers.19/mlp/down_proj/MatMul,fully_connected,fully_connected_gpu_bf_tiled,995,fully_connected_gpu_bf_tiled_2727911967636154657_0_0,fully_connected_gpu_bf_tiled_2727911967636154657_0_0,1,5630,matched,aligned,true,true,true,exec_profile,gtpin_total_execution_cycles,78432754,1225511,cycles,64,78432754,1225511,0,0,,,0,0,0,"{""gtpin_avg_execution_cycles_per_invocation"":1225511,""gtpin_invocation_count"":64,""gtpin_total_execution_cycles"":78432754}",InvocationCount=64;TotalExecutionCycles=78432754;AvgExecutionCyclesPerInvocation=1225511
n1_i10,10,1,10,performance,false,layers.*/mlp,/model/layers.4/mlp/down_proj/MatMul,FullyConnected,FullyConnected,fullyconnected:/model/layers.4/mlp/down_proj/MatMul,fullyconnected:/model/layers.4/mlp/down_proj/MatMul,fully_connected,fully_connected_gpu_bf_tiled,455,fully_connected_gpu_bf_tiled_2727911967636154657_0_0,fully_connected_gpu_bf_tiled_2727911967636154657_0_0,1,5300,matched,aligned,true,true,true,exec_profile,gtpin_total_execution_cycles,77679484,1213741,cycles,64,77679484,1213741,0,0,,,0,0,0,"{""gtpin_avg_execution_cycles_per_invocation"":1213741,""gtpin_invocation_count"":64,""gtpin_total_execution_cycles"":77679484}",InvocationCount=64;TotalExecutionCycles=77679484;AvgExecutionCyclesPerInvocation=1213741
n1_i10,10,1,10,performance,false,layers.*/mlp,/model/layers.7/mlp/down_proj/MatMul,FullyConnected,FullyConnected,fullyconnected:/model/layers.7/mlp/down_proj/MatMul,fullyconnected:/model/layers.7/mlp/down_proj/MatMul,fully_connected,fully_connected_gpu_bf_tiled,563,fully_connected_gpu_bf_tiled_2727911967636154657_0_0,fully_connected_gpu_bf_tiled_2727911967636154657_0_0,1,5366,matched,aligned,true,true,true,exec_profile,gtpin_total_execution_cycles,76642422,1197537,cycles,64,76642422,1197537,0,0,,,0,0,0,"{""gtpin_avg_execution_cycles_per_invocation"":1197537,""gtpin_invocation_count"":64,""gtpin_total_execution_cycles"":76642422}",InvocationCount=64;TotalExecutionCycles=76642422;AvgExecutionCyclesPerInvocation=1197537
n1_i10,10,1,10,performance,false,layers.*/mlp,/model/layers.1/mlp/down_proj/MatMul,FullyConnected,FullyConnected,fullyconnected:/model/layers.1/mlp/down_proj/MatMul,fullyconnected:/model/layers.1/mlp/down_proj/MatMul,fully_connected,fully_connected_gpu_bf_tiled,347,fully_connected_gpu_bf_tiled_2727911967636154657_0_0,fully_connected_gpu_bf_tiled_2727911967636154657_0_0,1,5234,matched,aligned,true,true,true,exec_profile,gtpin_total_execution_cycles,76541386,1195959,cycles,64,76541386,1195959,0,0,,,0,0,0,"{""gtpin_avg_execution_cycles_per_invocation"":1195959,""gtpin_invocation_count"":64,""gtpin_total_execution_cycles"":76541386}",InvocationCount=64;TotalExecutionCycles=76541386;AvgExecutionCyclesPerInvocation=1195959
n1_i10,10,1,10,performance,false,layers.*/mlp,/model/layers.14/mlp/down_proj/MatMul,FullyConnected,FullyConnected,fullyconnected:/model/layers.14/mlp/down_proj/MatMul,fullyconnected:/model/layers.14/mlp/down_proj/MatMul,fully_connected,fully_connected_gpu_bf_tiled,815,fully_connected_gpu_bf_tiled_2727911967636154657_0_0,fully_connected_gpu_bf_tiled_2727911967636154657_0_0,1,5520,matched,aligned,true,true,true,exec_profile,gtpin_total_execution_cycles,75561744,1180652,cycles,64,75561744,1180652,0,0,,,0,0,0,"{""gtpin_avg_execution_cycles_per_invocation"":1180652,""gtpin_invocation_count"":64,""gtpin_total_execution_cycles"":75561744}",InvocationCount=64;TotalExecutionCycles=75561744;AvgExecutionCyclesPerInvocation=1180652
n1_i10,10,1,10,performance,false,layers.*/mlp,/model/layers.8/mlp/down_proj/MatMul,FullyConnected,FullyConnected,fullyconnected:/model/layers.8/mlp/down_proj/MatMul,fullyconnected:/model/layers.8/mlp/down_proj/MatMul,fully_connected,fully_connected_gpu_bf_tiled,599,fully_connected_gpu_bf_tiled_2727911967636154657_0_0,fully_connected_gpu_bf_tiled_2727911967636154657_0_0,1,5388,matched,aligned,true,true,true,exec_profile,gtpin_total_execution_cycles,74950514,1171101,cycles,64,74950514,1171101,0,0,,,0,0,0,"{""gtpin_avg_execution_cycles_per_invocation"":1171101,""gtpin_invocation_count"":64,""gtpin_total_execution_cycles"":74950514}",InvocationCount=64;TotalExecutionCycles=74950514;AvgExecutionCyclesPerInvocation=1171101
n1_i10,10,1,10,performance,false,layers.*/mlp,/model/layers.11/mlp/down_proj/MatMul,FullyConnected,FullyConnected,fullyconnected:/model/layers.11/mlp/down_proj/MatMul,fullyconnected:/model/layers.11/mlp/down_proj/MatMul,fully_connected,fully_connected_gpu_bf_tiled,707,fully_connected_gpu_bf_tiled_2727911967636154657_0_0,fully_connected_gpu_bf_tiled_2727911967636154657_0_0,1,5454,matched,aligned,true,true,true,exec_profile,gtpin_total_execution_cycles,74877466,1169960,cycles,64,74877466,1169960,0,0,,,0,0,0,"{""gtpin_avg_execution_cycles_per_invocation"":1169960,""gtpin_invocation_count"":64,""gtpin_total_execution_cycles"":74877466}",InvocationCount=64;TotalExecutionCycles=74877466;AvgExecutionCyclesPerInvocation=1169960
n1_i10,10,1,10,performance,false,layers.*/mlp,/model/layers.2/mlp/down_proj/MatMul,FullyConnected,FullyConnected,fullyconnected:/model/layers.2/mlp/down_proj/MatMul,fullyconnected:/model/layers.2/mlp/down_proj/MatMul,fully_connected,fully_connected_gpu_bf_tiled,383,fully_connected_gpu_bf_tiled_2727911967636154657_0_0,fully_connected_gpu_bf_tiled_2727911967636154657_0_0,1,5256,matched,aligned,true,true,true,exec_profile,gtpin_total_execution_cycles,74743734,1167870,cycles,64,74743734,1167870,0,0,,,0,0,0,"{""gtpin_avg_execution_cycles_per_invocation"":1167870,""gtpin_invocation_count"":64,""gtpin_total_execution_cycles"":74743734}",InvocationCount=64;TotalExecutionCycles=74743734;AvgExecutionCyclesPerInvocation=1167870
n1_i10,10,1,10,performance,false,layers.*/mlp,/model/layers.16/mlp/down_proj/MatMul,FullyConnected,FullyConnected,fullyconnected:/model/layers.16/mlp/down_proj/MatMul,fullyconnected:/model/layers.16/mlp/down_proj/MatMul,fully_connected,fully_connected_gpu_bf_tiled,887,fully_connected_gpu_bf_tiled_2727911967636154657_0_0,fully_connected_gpu_bf_tiled_2727911967636154657_0_0,1,5564,matched,aligned,true,true,true,exec_profile,gtpin_total_execution_cycles,74512464,1164257,cycles,64,74512464,1164257,0,0,,,0,0,0,"{""gtpin_avg_execution_cycles_per_invocation"":1164257,""gtpin_invocation_count"":64,""gtpin_total_execution_cycles"":74512464}",InvocationCount=64;TotalExecutionCycles=74512464;AvgExecutionCyclesPerInvocation=1164257
n1_i10,10,1,10,performance,false,layers.*/mlp,/model/layers.6/mlp/down_proj/MatMul,FullyConnected,FullyConnected,fullyconnected:/model/layers.6/mlp/down_proj/MatMul,fullyconnected:/model/layers.6/mlp/down_proj/MatMul,fully_connected,fully_connected_gpu_bf_tiled,527,fully_connected_gpu_bf_tiled_2727911967636154657_0_0,fully_connected_gpu_bf_tiled_2727911967636154657_0_0,1,5344,matched,aligned,true,true,true,exec_profile,gtpin_total_execution_cycles,74454132,1163345,cycles,64,74454132,1163345,0,0,,,0,0,0,"{""gtpin_avg_execution_cycles_per_invocation"":1163345,""gtpin_invocation_count"":64,""gtpin_total_execution_cycles"":74454132}",InvocationCount=64;TotalExecutionCycles=74454132;AvgExecutionCyclesPerInvocation=1163345
n1_i10,10,1,10,performance,false,layers.*/mlp,/model/layers.15/mlp/down_proj/MatMul,FullyConnected,FullyConnected,fullyconnected:/model/layers.15/mlp/down_proj/MatMul,fullyconnected:/model/layers.15/mlp/down_proj/MatMul,fully_connected,fully_connected_gpu_bf_tiled,851,fully_connected_gpu_bf_tiled_2727911967636154657_0_0,fully_connected_gpu_bf_tiled_2727911967636154657_0_0,1,5542,matched,aligned,true,true,true,exec_profile,gtpin_total_execution_cycles,74280768,1160637,cycles,64,74280768,1160637,0,0,,,0,0,0,"{""gtpin_avg_execution_cycles_per_invocation"":1160637,""gtpin_invocation_count"":64,""gtpin_total_execution_cycles"":74280768}",InvocationCount=64;TotalExecutionCycles=74280768;AvgExecutionCyclesPerInvocation=1160637
n1_i10,10,1,10,performance,false,layers.*/mlp,/model/layers.3/mlp/down_proj/MatMul,FullyConnected,FullyConnected,fullyconnected:/model/layers.3/mlp/down_proj/MatMul,fullyconnected:/model/layers.3/mlp/down_proj/MatMul,fully_connected,fully_connected_gpu_bf_tiled,419,fully_connected_gpu_bf_tiled_2727911967636154657_0_0,fully_connected_gpu_bf_tiled_2727911967636154657_0_0,1,5278,matched,aligned,true,true,true,exec_profile,gtpin_total_execution_cycles,74175122,1158986,cycles,64,74175122,1158986,0,0,,,0,0,0,"{""gtpin_avg_execution_cycles_per_invocation"":1158986,""gtpin_invocation_count"":64,""gtpin_total_execution_cycles"":74175122}",InvocationCount=64;TotalExecutionCycles=74175122;AvgExecutionCyclesPerInvocation=1158986
n1_i10,10,1,10,performance,false,layers.*/mlp,/model/layers.12/mlp/down_proj/MatMul,FullyConnected,FullyConnected,fullyconnected:/model/layers.12/mlp/down_proj/MatMul,fullyconnected:/model/layers.12/mlp/down_proj/MatMul,fully_connected,fully_connected_gpu_bf_tiled,743,fully_connected_gpu_bf_tiled_2727911967636154657_0_0,fully_connected_gpu_bf_tiled_2727911967636154657_0_0,1,5476,matched,aligned,true,true,true,exec_profile,gtpin_total_execution_cycles,74070178,1157346,cycles,64,74070178,1157346,0,0,,,0,0,0,"{""gtpin_avg_execution_cycles_per_invocation"":1157346,""gtpin_invocation_count"":64,""gtpin_total_execution_cycles"":74070178}",InvocationCount=64;TotalExecutionCycles=74070178;AvgExecutionCyclesPerInvocation=1157346
n1_i10,10,1,10,performance,false,layers.*/mlp,/model/layers.5/mlp/down_proj/MatMul,FullyConnected,FullyConnected,fullyconnected:/model/layers.5/mlp/down_proj/MatMul,fullyconnected:/model/layers.5/mlp/down_proj/MatMul,fully_connected,fully_connected_gpu_bf_tiled,491,fully_connected_gpu_bf_tiled_2727911967636154657_0_0,fully_connected_gpu_bf_tiled_2727911967636154657_0_0,1,5322,matched,aligned,true,true,true,exec_profile,gtpin_total_execution_cycles,73580954,1149702,cycles,64,73580954,1149702,0,0,,,0,0,0,"{""gtpin_avg_execution_cycles_per_invocation"":1149702,""gtpin_invocation_count"":64,""gtpin_total_execution_cycles"":73580954}",InvocationCount=64;TotalExecutionCycles=73580954;AvgExecutionCyclesPerInvocation=1149702
n1_i10,10,1,10,performance,false,layers.*/self_attn,/model/layers.1/self_attn/q_proj/MatMul,FullyConnected,FullyConnected,fullyconnected:/model/layers.1/self_attn/q_proj/MatMul,fullyconnected:/model/layers.1/self_attn/q_proj/MatMul,fully_connected,fully_connected_gpu_bf_tiled,314,fully_connected_gpu_bf_tiled_5315586391497964380_0_0,fully_connected_gpu_bf_tiled_5315586391497964380_0_0,1,5215,matched,aligned,true,true,true,exec_profile,gtpin_total_execution_cycles,33886220,529472,cycles,64,33886220,529472,0,0,,,0,0,0,"{""gtpin_avg_execution_cycles_per_invocation"":529472,""gtpin_invocation_count"":64,""gtpin_total_execution_cycles"":33886220}",InvocationCount=64;TotalExecutionCycles=33886220;AvgExecutionCyclesPerInvocation=529472
n1_i10,10,1,10,performance,false,layers.*/self_attn,/model/layers.0/self_attn/q_proj/MatMul,FullyConnected,FullyConnected,fullyconnected:/model/layers.0/self_attn/q_proj/MatMul,fullyconnected:/model/layers.0/self_attn/q_proj/MatMul,fully_connected,fully_connected_gpu_bf_tiled,239,fully_connected_gpu_bf_tiled_5315586391497964380_0_0,fully_connected_gpu_bf_tiled_5315586391497964380_0_0,1,5182,matched,aligned,true,true,true,exec_profile,gtpin_total_execution_cycles,33713964,526780,cycles,64,33713964,526780,0,0,,,0,0,0,"{""gtpin_avg_execution_cycles_per_invocation"":526780,""gtpin_invocation_count"":64,""gtpin_total_execution_cycles"":33713964}",InvocationCount=64;TotalExecutionCycles=33713964;AvgExecutionCyclesPerInvocation=526780
n1_i10,10,1,10,performance,false,layers.*/self_attn,/model/layers.17/self_attn/o_proj/MatMul,FullyConnected,FullyConnected,fullyconnected:/model/layers.17/self_attn/o_proj/MatMul,fullyconnected:/model/layers.17/self_attn/o_proj/MatMul,fully_connected,fully_connected_gpu_bf_tiled,919,fully_connected_gpu_bf_tiled_14284117615310227244_0_0,fully_connected_gpu_bf_tiled_14284117615310227244_0_0,1,5582,matched,aligned,true,true,true,exec_profile,gtpin_total_execution_cycles,32358048,505594,cycles,64,32358048,505594,0,0,,,0,0,0,"{""gtpin_avg_execution_cycles_per_invocation"":505594,""gtpin_invocation_count"":64,""gtpin_total_execution_cycles"":32358048}",InvocationCount=64;TotalExecutionCycles=32358048;AvgExecutionCyclesPerInvocation=505594
n1_i10,10,1,10,performance,false,layers.*/self_attn,/model/layers.1/self_attn/o_proj/MatMul,FullyConnected,FullyConnected,fullyconnected:/model/layers.1/self_attn/o_proj/MatMul,fullyconnected:/model/layers.1/self_attn/o_proj/MatMul,fully_connected,fully_connected_gpu_bf_tiled,343,fully_connected_gpu_bf_tiled_14284117615310227244_0_0,fully_connected_gpu_bf_tiled_14284117615310227244_0_0,1,5230,matched,aligned,true,true,true,exec_profile,gtpin_total_execution_cycles,32213478,503335,cycles,64,32213478,503335,0,0,,,0,0,0,"{""gtpin_avg_execution_cycles_per_invocation"":503335,""gtpin_invocation_count"":64,""gtpin_total_execution_cycles"":32213478}",InvocationCount=64;TotalExecutionCycles=32213478;AvgExecutionCyclesPerInvocation=503335
n1_i10,10,1,10,performance,false,layers.*/self_attn,/model/layers.0/self_attn/o_proj/MatMul,FullyConnected,FullyConnected,fullyconnected:/model/layers.0/self_attn/o_proj/MatMul,fullyconnected:/model/layers.0/self_attn/o_proj/MatMul,fully_connected,fully_connected_gpu_bf_tiled,307,fully_connected_gpu_bf_tiled_14284117615310227244_0_0,fully_connected_gpu_bf_tiled_14284117615310227244_0_0,1,5208,matched,aligned,true,true,true,exec_profile,gtpin_total_execution_cycles,31778766,496543,cycles,64,31778766,496543,0,0,,,0,0,0,"{""gtpin_avg_execution_cycles_per_invocation"":496543,""gtpin_invocation_count"":64,""gtpin_total_execution_cycles"":31778766}",InvocationCount=64;TotalExecutionCycles=31778766;AvgExecutionCyclesPerInvocation=496543
n1_i10,10,1,10,performance,false,layers.*/self_attn,/model/layers.18/self_attn/q_proj/MatMul,FullyConnected,FullyConnected,fullyconnected:/model/layers.18/self_attn/q_proj/MatMul,fullyconnected:/model/layers.18/self_attn/q_proj/MatMul,fully_connected,fully_connected_gpu_bf_tiled,926,fully_connected_gpu_bf_tiled_5315586391497964380_0_0,fully_connected_gpu_bf_tiled_5315586391497964380_0_0,1,5589,matched,aligned,true,true,true,exec_profile,gtpin_total_execution_cycles,31637206,494331,cycles,64,31637206,494331,0,0,,,0,0,0,"{""gtpin_avg_execution_cycles_per_invocation"":494331,""gtpin_invocation_count"":64,""gtpin_total_execution_cycles"":31637206}",InvocationCount=64;TotalExecutionCycles=31637206;AvgExecutionCyclesPerInvocation=494331
n1_i10,10,1,10,performance,false,layers.*/self_attn,/model/layers.20/self_attn/o_proj/MatMul,FullyConnected,FullyConnected,fullyconnected:/model/layers.20/self_attn/o_proj/MatMul,fullyconnected:/model/layers.20/self_attn/o_proj/MatMul,fully_connected,fully_connected_gpu_bf_tiled,1027,fully_connected_gpu_bf_tiled_14284117615310227244_0_0,fully_connected_gpu_bf_tiled_14284117615310227244_0_0,1,5648,matched,aligned,true,true,true,exec_profile,gtpin_total_execution_cycles,30637866,478716,cycles,64,30637866,478716,0,0,,,0,0,0,"{""gtpin_avg_execution_cycles_per_invocation"":478716,""gtpin_invocation_count"":64,""gtpin_total_execution_cycles"":30637866}",InvocationCount=64;TotalExecutionCycles=30637866;AvgExecutionCyclesPerInvocation=478716
n1_i10,10,1,10,performance,false,layers.*/self_attn,/model/layers.15/self_attn/q_proj/MatMul,FullyConnected,FullyConnected,fullyconnected:/model/layers.15/self_attn/q_proj/MatMul,fullyconnected:/model/layers.15/self_attn/q_proj/MatMul,fully_connected,fully_connected_gpu_bf_tiled,818,fully_connected_gpu_bf_tiled_5315586391497964380_0_0,fully_connected_gpu_bf_tiled_5315586391497964380_0_0,1,5523,matched,aligned,true,true,true,exec_profile,gtpin_total_execution_cycles,30544956,477264,cycles,64,30544956,477264,0,0,,,0,0,0,"{""gtpin_avg_execution_cycles_per_invocation"":477264,""gtpin_invocation_count"":64,""gtpin_total_execution_cycles"":30544956}",InvocationCount=64;TotalExecutionCycles=30544956;AvgExecutionCyclesPerInvocation=477264
n1_i10,10,1,10,performance,false,layers.*/self_attn,/model/layers.8/self_attn/o_proj/MatMul,FullyConnected,FullyConnected,fullyconnected:/model/layers.8/self_attn/o_proj/MatMul,fullyconnected:/model/layers.8/self_attn/o_proj/MatMul,fully_connected,fully_connected_gpu_bf_tiled,595,fully_connected_gpu_bf_tiled_14284117615310227244_0_0,fully_connected_gpu_bf_tiled_14284117615310227244_0_0,1,5384,matched,aligned,true,true,true,exec_profile,gtpin_total_execution_cycles,29879408,466865,cycles,64,29879408,466865,0,0,,,0,0,0,"{""gtpin_avg_execution_cycles_per_invocation"":466865,""gtpin_invocation_count"":64,""gtpin_total_execution_cycles"":29879408}",InvocationCount=64;TotalExecutionCycles=29879408;AvgExecutionCyclesPerInvocation=466865
n1_i10,10,1,10,performance,false,layers.*/self_attn,/model/layers.7/self_attn/q_proj/MatMul,FullyConnected,FullyConnected,fullyconnected:/model/layers.7/self_attn/q_proj/MatMul,fullyconnected:/model/layers.7/self_attn/q_proj/MatMul,fully_connected,fully_connected_gpu_bf_tiled,530,fully_connected_gpu_bf_tiled_5315586391497964380_0_0,fully_connected_gpu_bf_tiled_5315586391497964380_0_0,1,5347,matched,aligned,true,true,true,exec_profile,gtpin_total_execution_cycles,29592136,462377,cycles,64,29592136,462377,0,0,,,0,0,0,"{""gtpin_avg_execution_cycles_per_invocation"":462377,""gtpin_invocation_count"":64,""gtpin_total_execution_cycles"":29592136}",InvocationCount=64;TotalExecutionCycles=29592136;AvgExecutionCyclesPerInvocation=462377
n1_i10,10,1,10,performance,false,layers.*/self_attn,/model/layers.10/self_attn/q_proj/MatMul,FullyConnected,FullyConnected,fullyconnected:/model/layers.10/self_attn/q_proj/MatMul,fullyconnected:/model/layers.10/self_attn/q_proj/MatMul,fully_connected,fully_connected_gpu_bf_tiled,638,fully_connected_gpu_bf_tiled_5315586391497964380_0_0,fully_connected_gpu_bf_tiled_5315586391497964380_0_0,1,5413,matched,aligned,true,true,true,exec_profile,gtpin_total_execution_cycles,29247434,456991,cycles,64,29247434,456991,0,0,,,0,0,0,"{""gtpin_avg_execution_cycles_per_invocation"":456991,""gtpin_invocation_count"":64,""gtpin_total_execution_cycles"":29247434}",InvocationCount=64;TotalExecutionCycles=29247434;AvgExecutionCyclesPerInvocation=456991
n1_i10,10,1,10,performance,false,layers.*/self_attn,/model/layers.11/self_attn/q_proj/MatMul,FullyConnected,FullyConnected,fullyconnected:/model/layers.11/self_attn/q_proj/MatMul,fullyconnected:/model/layers.11/self_attn/q_proj/MatMul,fully_connected,fully_connected_gpu_bf_tiled,674,fully_connected_gpu_bf_tiled_5315586391497964380_0_0,fully_connected_gpu_bf_tiled_5315586391497964380_0_0,1,5435,matched,aligned,true,true,true,exec_profile,gtpin_total_execution_cycles,29222138,456595,cycles,64,29222138,456595,0,0,,,0,0,0,"{""gtpin_avg_execution_cycles_per_invocation"":456595,""gtpin_invocation_count"":64,""gtpin_total_execution_cycles"":29222138}",InvocationCount=64;TotalExecutionCycles=29222138;AvgExecutionCyclesPerInvocation=456595
n1_i10,10,1,10,performance,false,layers.*/self_attn,/model/layers.20/self_attn/q_proj/MatMul,FullyConnected,FullyConnected,fullyconnected:/model/layers.20/self_attn/q_proj/MatMul,fullyconnected:/model/layers.20/self_attn/q_proj/MatMul,fully_connected,fully_connected_gpu_bf_tiled,998,fully_connected_gpu_bf_tiled_5315586391497964380_0_0,fully_connected_gpu_bf_tiled_5315586391497964380_0_0,1,5633,matched,aligned,true,true,true,exec_profile,gtpin_total_execution_cycles,29212010,456437,cycles,64,29212010,456437,0,0,,,0,0,0,"{""gtpin_avg_execution_cycles_per_invocation"":456437,""gtpin_invocation_count"":64,""gtpin_total_execution_cycles"":29212010}",InvocationCount=64;TotalExecutionCycles=29212010;AvgExecutionCyclesPerInvocation=456437
n1_i10,10,1,10,performance,false,layers.*/self_attn,/model/layers.18/self_attn/o_proj/MatMul,FullyConnected,FullyConnected,fullyconnected:/model/layers.18/self_attn/o_proj/MatMul,fullyconnected:/model/layers.18/self_attn/o_proj/MatMul,fully_connected,fully_connected_gpu_bf_tiled,955,fully_connected_gpu_bf_tiled_14284117615310227244_0_0,fully_connected_gpu_bf_tiled_14284117615310227244_0_0,1,5604,matched,aligned,true,true,true,exec_profile,gtpin_total_execution_cycles,29077396,454334,cycles,64,29077396,454334,0,0,,,0,0,0,"{""gtpin_avg_execution_cycles_per_invocation"":454334,""gtpin_invocation_count"":64,""gtpin_total_execution_cycles"":29077396}",InvocationCount=64;TotalExecutionCycles=29077396;AvgExecutionCyclesPerInvocation=454334
n1_i10,10,1,10,performance,false,layers.*/self_attn,/model/layers.21/self_attn/q_proj/MatMul,FullyConnected,FullyConnected,fullyconnected:/model/layers.21/self_attn/q_proj/MatMul,fullyconnected:/model/layers.21/self_attn/q_proj/MatMul,fully_connected,fully_connected_gpu_bf_tiled,1034,fully_connected_gpu_bf_tiled_5315586391497964380_0_0,fully_connected_gpu_bf_tiled_5315586391497964380_0_0,1,5655,matched,aligned,true,true,true,exec_profile,gtpin_total_execution_cycles,29061834,454091,cycles,64,29061834,454091,0,0,,,0,0,0,"{""gtpin_avg_execution_cycles_per_invocation"":454091,""gtpin_invocation_count"":64,""gtpin_total_execution_cycles"":29061834}",InvocationCount=64;TotalExecutionCycles=29061834;AvgExecutionCyclesPerInvocation=454091
n1_i10,10,1,10,performance,false,layers.*/self_attn,/model/layers.8/self_attn/q_proj/MatMul,FullyConnected,FullyConnected,fullyconnected:/model/layers.8/self_attn/q_proj/MatMul,fullyconnected:/model/layers.8/self_attn/q_proj/MatMul,fully_connected,fully_connected_gpu_bf_tiled,566,fully_connected_gpu_bf_tiled_5315586391497964380_0_0,fully_connected_gpu_bf_tiled_5315586391497964380_0_0,1,5369,matched,aligned,true,true,true,exec_profile,gtpin_total_execution_cycles,29045158,453830,cycles,64,29045158,453830,0,0,,,0,0,0,"{""gtpin_avg_execution_cycles_per_invocation"":453830,""gtpin_invocation_count"":64,""gtpin_total_execution_cycles"":29045158}",InvocationCount=64;TotalExecutionCycles=29045158;AvgExecutionCyclesPerInvocation=453830
n1_i10,10,1,10,performance,false,layers.*/self_attn,/model/layers.19/self_attn/o_proj/MatMul,FullyConnected,FullyConnected,fullyconnected:/model/layers.19/self_attn/o_proj/MatMul,fullyconnected:/model/layers.19/self_attn/o_proj/MatMul,fully_connected,fully_connected_gpu_bf_tiled,991,fully_connected_gpu_bf_tiled_14284117615310227244_0_0,fully_connected_gpu_bf_tiled_14284117615310227244_0_0,1,5626,matched,aligned,true,true,true,exec_profile,gtpin_total_execution_cycles,28993570,453024,cycles,64,28993570,453024,0,0,,,0,0,0,"{""gtpin_avg_execution_cycles_per_invocation"":453024,""gtpin_invocation_count"":64,""gtpin_total_execution_cycles"":28993570}",InvocationCount=64;TotalExecutionCycles=28993570;AvgExecutionCyclesPerInvocation=453024
n1_i10,10,1,10,performance,false,layers.*/self_attn,/model/layers.5/self_attn/q_proj/MatMul,FullyConnected,FullyConnected,fullyconnected:/model/layers.5/self_attn/q_proj/MatMul,fullyconnected:/model/layers.5/self_attn/q_proj/MatMul,fully_connected,fully_connected_gpu_bf_tiled,458,fully_connected_gpu_bf_tiled_5315586391497964380_0_0,fully_connected_gpu_bf_tiled_5315586391497964380_0_0,1,5303,matched,aligned,true,true,true,exec_profile,gtpin_total_execution_cycles,28977962,452780,cycles,64,28977962,452780,0,0,,,0,0,0,"{""gtpin_avg_execution_cycles_per_invocation"":452780,""gtpin_invocation_count"":64,""gtpin_total_execution_cycles"":28977962}",InvocationCount=64;TotalExecutionCycles=28977962;AvgExecutionCyclesPerInvocation=452780
n1_i10,10,1,10,performance,false,layers.*/self_attn,/model/layers.19/self_attn/q_proj/MatMul,FullyConnected,FullyConnected,fullyconnected:/model/layers.19/self_attn/q_proj/MatMul,fullyconnected:/model/layers.19/self_attn/q_proj/MatMul,fully_connected,fully_connected_gpu_bf_tiled,962,fully_connected_gpu_bf_tiled_5315586391497964380_0_0,fully_connected_gpu_bf_tiled_5315586391497964380_0_0,1,5611,matched,aligned,true,true,true,exec_profile,gtpin_total_execution_cycles,28905576,451649,cycles,64,28905576,451649,0,0,,,0,0,0,"{""gtpin_avg_execution_cycles_per_invocation"":451649,""gtpin_invocation_count"":64,""gtpin_total_execution_cycles"":28905576}",InvocationCount=64;TotalExecutionCycles=28905576;AvgExecutionCyclesPerInvocation=451649
n1_i10,10,1,10,performance,false,layers.*/self_attn,/model/layers.4/self_attn/q_proj/MatMul,FullyConnected,FullyConnected,fullyconnected:/model/layers.4/self_attn/q_proj/MatMul,fullyconnected:/model/layers.4/self_attn/q_proj/MatMul,fully_connected,fully_connected_gpu_bf_tiled,422,fully_connected_gpu_bf_tiled_5315586391497964380_0_0,fully_connected_gpu_bf_tiled_5315586391497964380_0_0,1,5281,matched,aligned,true,true,true,exec_profile,gtpin_total_execution_cycles,28833586,450524,cycles,64,28833586,450524,0,0,,,0,0,0,"{""gtpin_avg_execution_cycles_per_invocation"":450524,""gtpin_invocation_count"":64,""gtpin_total_execution_cycles"":28833586}",InvocationCount=64;TotalExecutionCycles=28833586;AvgExecutionCyclesPerInvocation=450524
n1_i10,10,1,10,performance,false,layers.*/self_attn,/model/layers.2/self_attn/q_proj/MatMul,FullyConnected,FullyConnected,fullyconnected:/model/layers.2/self_attn/q_proj/MatMul,fullyconnected:/model/layers.2/self_attn/q_proj/MatMul,fully_connected,fully_connected_gpu_bf_tiled,350,fully_connected_gpu_bf_tiled_5315586391497964380_0_0,fully_connected_gpu_bf_tiled_5315586391497964380_0_0,1,5237,matched,aligned,true,true,true,exec_profile,gtpin_total_execution_cycles,28705930,448530,cycles,64,28705930,448530,0,0,,,0,0,0,"{""gtpin_avg_execution_cycles_per_invocation"":448530,""gtpin_invocation_count"":64,""gtpin_total_execution_cycles"":28705930}",InvocationCount=64;TotalExecutionCycles=28705930;AvgExecutionCyclesPerInvocation=448530
n1_i10,10,1,10,performance,false,layers.*/self_attn,/model/layers.9/self_attn/q_proj/MatMul,FullyConnected,FullyConnected,fullyconnected:/model/layers.9/self_attn/q_proj/MatMul,fullyconnected:/model/layers.9/self_attn/q_proj/MatMul,fully_connected,fully_connected_gpu_bf_tiled,602,fully_connected_gpu_bf_tiled_5315586391497964380_0_0,fully_connected_gpu_bf_tiled_5315586391497964380_0_0,1,5391,matched,aligned,true,true,true,exec_profile,gtpin_total_execution_cycles,28632858,447388,cycles,64,28632858,447388,0,0,,,0,0,0,"{""gtpin_avg_execution_cycles_per_invocation"":447388,""gtpin_invocation_count"":64,""gtpin_total_execution_cycles"":28632858}",InvocationCount=64;TotalExecutionCycles=28632858;AvgExecutionCyclesPerInvocation=447388
n1_i10,10,1,10,performance,false,layers.*/self_attn,/model/layers.21/self_attn/o_proj/MatMul,FullyConnected,FullyConnected,fullyconnected:/model/layers.21/self_attn/o_proj/MatMul,fullyconnected:/model/layers.21/self_attn/o_proj/MatMul,fully_connected,fully_connected_gpu_bf_tiled,1063,fully_connected_gpu_bf_tiled_14284117615310227244_0_0,fully_connected_gpu_bf_tiled_14284117615310227244_0_0,1,5670,matched,aligned,true,true,true,exec_profile,gtpin_total_execution_cycles,28554502,446164,cycles,64,28554502,446164,0,0,,,0,0,0,"{""gtpin_avg_execution_cycles_per_invocation"":446164,""gtpin_invocation_count"":64,""gtpin_total_execution_cycles"":28554502}",InvocationCount=64;TotalExecutionCycles=28554502;AvgExecutionCyclesPerInvocation=446164
n1_i10,10,1,10,performance,false,layers.*/self_attn,/model/layers.12/self_attn/q_proj/MatMul,FullyConnected,FullyConnected,fullyconnected:/model/layers.12/self_attn/q_proj/MatMul,fullyconnected:/model/layers.12/self_attn/q_proj/MatMul,fully_connected,fully_connected_gpu_bf_tiled,710,fully_connected_gpu_bf_tiled_5315586391497964380_0_0,fully_connected_gpu_bf_tiled_5315586391497964380_0_0,1,5457,matched,aligned,true,true,true,exec_profile,gtpin_total_execution_cycles,28479600,444993,cycles,64,28479600,444993,0,0,,,0,0,0,"{""gtpin_avg_execution_cycles_per_invocation"":444993,""gtpin_invocation_count"":64,""gtpin_total_execution_cycles"":28479600}",InvocationCount=64;TotalExecutionCycles=28479600;AvgExecutionCyclesPerInvocation=444993
n1_i10,10,1,10,performance,false,layers.*/self_attn,/model/layers.14/self_attn/q_proj/MatMul,FullyConnected,FullyConnected,fullyconnected:/model/layers.14/self_attn/q_proj/MatMul,fullyconnected:/model/layers.14/self_attn/q_proj/MatMul,fully_connected,fully_connected_gpu_bf_tiled,782,fully_connected_gpu_bf_tiled_5315586391497964380_0_0,fully_connected_gpu_bf_tiled_5315586391497964380_0_0,1,5501,matched,aligned,true,true,true,exec_profile,gtpin_total_execution_cycles,28479524,444992,cycles,64,28479524,444992,0,0,,,0,0,0,"{""gtpin_avg_execution_cycles_per_invocation"":444992,""gtpin_invocation_count"":64,""gtpin_total_execution_cycles"":28479524}",InvocationCount=64;TotalExecutionCycles=28479524;AvgExecutionCyclesPerInvocation=444992
n1_i10,10,1,10,performance,false,layers.*/self_attn,/model/layers.9/self_attn/o_proj/MatMul,FullyConnected,FullyConnected,fullyconnected:/model/layers.9/self_attn/o_proj/MatMul,fullyconnected:/model/layers.9/self_attn/o_proj/MatMul,fully_connected,fully_connected_gpu_bf_tiled,631,fully_connected_gpu_bf_tiled_14284117615310227244_0_0,fully_connected_gpu_bf_tiled_14284117615310227244_0_0,1,5406,matched,aligned,true,true,true,exec_profile,gtpin_total_execution_cycles,28476338,444942,cycles,64,28476338,444942,0,0,,,0,0,0,"{""gtpin_avg_execution_cycles_per_invocation"":444942,""gtpin_invocation_count"":64,""gtpin_total_execution_cycles"":28476338}",InvocationCount=64;TotalExecutionCycles=28476338;AvgExecutionCyclesPerInvocation=444942
n1_i10,10,1,10,performance,false,layers.*/self_attn,/model/layers.17/self_attn/q_proj/MatMul,FullyConnected,FullyConnected,fullyconnected:/model/layers.17/self_attn/q_proj/MatMul,fullyconnected:/model/layers.17/self_attn/q_proj/MatMul,fully_connected,fully_connected_gpu_bf_tiled,890,fully_connected_gpu_bf_tiled_5315586391497964380_0_0,fully_connected_gpu_bf_tiled_5315586391497964380_0_0,1,5567,matched,aligned,true,true,true,exec_profile,gtpin_total_execution_cycles,28451226,444550,cycles,64,28451226,444550,0,0,,,0,0,0,"{""gtpin_avg_execution_cycles_per_invocation"":444550,""gtpin_invocation_count"":64,""gtpin_total_execution_cycles"":28451226}",InvocationCount=64;TotalExecutionCycles=28451226;AvgExecutionCyclesPerInvocation=444550
n1_i10,10,1,10,performance,false,layers.*/self_attn,/model/layers.13/self_attn/q_proj/MatMul,FullyConnected,FullyConnected,fullyconnected:/model/layers.13/self_attn/q_proj/MatMul,fullyconnected:/model/layers.13/self_attn/q_proj/MatMul,fully_connected,fully_connected_gpu_bf_tiled,746,fully_connected_gpu_bf_tiled_5315586391497964380_0_0,fully_connected_gpu_bf_tiled_5315586391497964380_0_0,1,5479,matched,aligned,true,true,true,exec_profile,gtpin_total_execution_cycles,28425800,444153,cycles,64,28425800,444153,0,0,,,0,0,0,"{""gtpin_avg_execution_cycles_per_invocation"":444153,""gtpin_invocation_count"":64,""gtpin_total_execution_cycles"":28425800}",InvocationCount=64;TotalExecutionCycles=28425800;AvgExecutionCyclesPerInvocation=444153
n1_i10,10,1,10,performance,false,layers.*/self_attn,/model/layers.10/self_attn/o_proj/MatMul,FullyConnected,FullyConnected,fullyconnected:/model/layers.10/self_attn/o_proj/MatMul,fullyconnected:/model/layers.10/self_attn/o_proj/MatMul,fully_connected,fully_connected_gpu_bf_tiled,667,fully_connected_gpu_bf_tiled_14284117615310227244_0_0,fully_connected_gpu_bf_tiled_14284117615310227244_0_0,1,5428,matched,aligned,true,true,true,exec_profile,gtpin_total_execution_cycles,28406670,443854,cycles,64,28406670,443854,0,0,,,0,0,0,"{""gtpin_avg_execution_cycles_per_invocation"":443854,""gtpin_invocation_count"":64,""gtpin_total_execution_cycles"":28406670}",InvocationCount=64;TotalExecutionCycles=28406670;AvgExecutionCyclesPerInvocation=443854
n1_i10,10,1,10,performance,false,layers.*/self_attn,/model/layers.15/self_attn/o_proj/MatMul,FullyConnected,FullyConnected,fullyconnected:/model/layers.15/self_attn/o_proj/MatMul,fullyconnected:/model/layers.15/self_attn/o_proj/MatMul,fully_connected,fully_connected_gpu_bf_tiled,847,fully_connected_gpu_bf_tiled_14284117615310227244_0_0,fully_connected_gpu_bf_tiled_14284117615310227244_0_0,1,5538,matched,aligned,true,true,true,exec_profile,gtpin_total_execution_cycles,28397508,443711,cycles,64,28397508,443711,0,0,,,0,0,0,"{""gtpin_avg_execution_cycles_per_invocation"":443711,""gtpin_invocation_count"":64,""gtpin_total_execution_cycles"":28397508}",InvocationCount=64;TotalExecutionCycles=28397508;AvgExecutionCyclesPerInvocation=443711
n1_i10,10,1,10,performance,false,layers.*/self_attn,/model/layers.7/self_attn/o_proj/MatMul,FullyConnected,FullyConnected,fullyconnected:/model/layers.7/self_attn/o_proj/MatMul,fullyconnected:/model/layers.7/self_attn/o_proj/MatMul,fully_connected,fully_connected_gpu_bf_tiled,559,fully_connected_gpu_bf_tiled_14284117615310227244_0_0,fully_connected_gpu_bf_tiled_14284117615310227244_0_0,1,5362,matched,aligned,true,true,true,exec_profile,gtpin_total_execution_cycles,28341510,442836,cycles,64,28341510,442836,0,0,,,0,0,0,"{""gtpin_avg_execution_cycles_per_invocation"":442836,""gtpin_invocation_count"":64,""gtpin_total_execution_cycles"":28341510}",InvocationCount=64;TotalExecutionCycles=28341510;AvgExecutionCyclesPerInvocation=442836
n1_i10,10,1,10,performance,false,layers.*/self_attn,/model/layers.14/self_attn/o_proj/MatMul,FullyConnected,FullyConnected,fullyconnected:/model/layers.14/self_attn/o_proj/MatMul,fullyconnected:/model/layers.14/self_attn/o_proj/MatMul,fully_connected,fully_connected_gpu_bf_tiled,811,fully_connected_gpu_bf_tiled_14284117615310227244_0_0,fully_connected_gpu_bf_tiled_14284117615310227244_0_0,1,5516,matched,aligned,true,true,true,exec_profile,gtpin_total_execution_cycles,28221130,440955,cycles,64,28221130,440955,0,0,,,0,0,0,"{""gtpin_avg_execution_cycles_per_invocation"":440955,""gtpin_invocation_count"":64,""gtpin_total_execution_cycles"":28221130}",InvocationCount=64;TotalExecutionCycles=28221130;AvgExecutionCyclesPerInvocation=440955
n1_i10,10,1,10,performance,false,layers.*/self_attn,/model/layers.11/self_attn/o_proj/MatMul,FullyConnected,FullyConnected,fullyconnected:/model/layers.11/self_attn/o_proj/MatMul,fullyconnected:/model/layers.11/self_attn/o_proj/MatMul,fully_connected,fully_connected_gpu_bf_tiled,703,fully_connected_gpu_bf_tiled_14284117615310227244_0_0,fully_connected_gpu_bf_tiled_14284117615310227244_0_0,1,5450,matched,aligned,true,true,true,exec_profile,gtpin_total_execution_cycles,28193260,440519,cycles,64,28193260,440519,0,0,,,0,0,0,"{""gtpin_avg_execution_cycles_per_invocation"":440519,""gtpin_invocation_count"":64,""gtpin_total_execution_cycles"":28193260}",InvocationCount=64;TotalExecutionCycles=28193260;AvgExecutionCyclesPerInvocation=440519
n1_i10,10,1,10,performance,false,layers.*/self_attn,/model/layers.12/self_attn/o_proj/MatMul,FullyConnected,FullyConnected,fullyconnected:/model/layers.12/self_attn/o_proj/MatMul,fullyconnected:/model/layers.12/self_attn/o_proj/MatMul,fully_connected,fully_connected_gpu_bf_tiled,739,fully_connected_gpu_bf_tiled_14284117615310227244_0_0,fully_connected_gpu_bf_tiled_14284117615310227244_0_0,1,5472,matched,aligned,true,true,true,exec_profile,gtpin_total_execution_cycles,28172172,440190,cycles,64,28172172,440190,0,0,,,0,0,0,"{""gtpin_avg_execution_cycles_per_invocation"":440190,""gtpin_invocation_count"":64,""gtpin_total_execution_cycles"":28172172}",InvocationCount=64;TotalExecutionCycles=28172172;AvgExecutionCyclesPerInvocation=440190
n1_i10,10,1,10,performance,false,layers.*/self_attn,/model/layers.2/self_attn/o_proj/MatMul,FullyConnected,FullyConnected,fullyconnected:/model/layers.2/self_attn/o_proj/MatMul,fullyconnected:/model/layers.2/self_attn/o_proj/MatMul,fully_connected,fully_connected_gpu_bf_tiled,379,fully_connected_gpu_bf_tiled_14284117615310227244_0_0,fully_connected_gpu_bf_tiled_14284117615310227244_0_0,1,5252,matched,aligned,true,true,true,exec_profile,gtpin_total_execution_cycles,28114596,439290,cycles,64,28114596,439290,0,0,,,0,0,0,"{""gtpin_avg_execution_cycles_per_invocation"":439290,""gtpin_invocation_count"":64,""gtpin_total_execution_cycles"":28114596}",InvocationCount=64;TotalExecutionCycles=28114596;AvgExecutionCyclesPerInvocation=439290
n1_i10,10,1,10,performance,false,layers.*/self_attn,/model/layers.5/self_attn/o_proj/MatMul,FullyConnected,FullyConnected,fullyconnected:/model/layers.5/self_attn/o_proj/MatMul,fullyconnected:/model/layers.5/self_attn/o_proj/MatMul,fully_connected,fully_connected_gpu_bf_tiled,487,fully_connected_gpu_bf_tiled_14284117615310227244_0_0,fully_connected_gpu_bf_tiled_14284117615310227244_0_0,1,5318,matched,aligned,true,true,true,exec_profile,gtpin_total_execution_cycles,28110008,439218,cycles,64,28110008,439218,0,0,,,0,0,0,"{""gtpin_avg_execution_cycles_per_invocation"":439218,""gtpin_invocation_count"":64,""gtpin_total_execution_cycles"":28110008}",InvocationCount=64;TotalExecutionCycles=28110008;AvgExecutionCyclesPerInvocation=439218
n1_i10,10,1,10,performance,false,layers.*/self_attn,/model/layers.13/self_attn/o_proj/MatMul,FullyConnected,FullyConnected,fullyconnected:/model/layers.13/self_attn/o_proj/MatMul,fullyconnected:/model/layers.13/self_attn/o_proj/MatMul,fully_connected,fully_connected_gpu_bf_tiled,775,fully_connected_gpu_bf_tiled_14284117615310227244_0_0,fully_connected_gpu_bf_tiled_14284117615310227244_0_0,1,5494,matched,aligned,true,true,true,exec_profile,gtpin_total_execution_cycles,28103562,439118,cycles,64,28103562,439118,0,0,,,0,0,0,"{""gtpin_avg_execution_cycles_per_invocation"":439118,""gtpin_invocation_count"":64,""gtpin_total_execution_cycles"":28103562}",InvocationCount=64;TotalExecutionCycles=28103562;AvgExecutionCyclesPerInvocation=439118
n1_i10,10,1,10,performance,false,layers.*/self_attn,/model/layers.4/self_attn/o_proj/MatMul,FullyConnected,FullyConnected,fullyconnected:/model/layers.4/self_attn/o_proj/MatMul,fullyconnected:/model/layers.4/self_attn/o_proj/MatMul,fully_connected,fully_connected_gpu_bf_tiled,451,fully_connected_gpu_bf_tiled_14284117615310227244_0_0,fully_connected_gpu_bf_tiled_14284117615310227244_0_0,1,5296,matched,aligned,true,true,true,exec_profile,gtpin_total_execution_cycles,28103102,439110,cycles,64,28103102,439110,0,0,,,0,0,0,"{""gtpin_avg_execution_cycles_per_invocation"":439110,""gtpin_invocation_count"":64,""gtpin_total_execution_cycles"":28103102}",InvocationCount=64;TotalExecutionCycles=28103102;AvgExecutionCyclesPerInvocation=439110
n1_i10,10,1,10,performance,false,layers.*/self_attn,/model/layers.3/self_attn/q_proj/MatMul,FullyConnected,FullyConnected,fullyconnected:/model/layers.3/self_attn/q_proj/MatMul,fullyconnected:/model/layers.3/self_attn/q_proj/MatMul,fully_connected,fully_connected_gpu_bf_tiled,386,fully_connected_gpu_bf_tiled_5315586391497964380_0_0,fully_connected_gpu_bf_tiled_5315586391497964380_0_0,1,5259,matched,aligned,true,true,true,exec_profile,gtpin_total_execution_cycles,28094812,438981,cycles,64,28094812,438981,0,0,,,0,0,0,"{""gtpin_avg_execution_cycles_per_invocation"":438981,""gtpin_invocation_count"":64,""gtpin_total_execution_cycles"":28094812}",InvocationCount=64;TotalExecutionCycles=28094812;AvgExecutionCyclesPerInvocation=438981
n1_i10,10,1,10,performance,false,layers.*/self_attn,/model/layers.16/self_attn/o_proj/MatMul,FullyConnected,FullyConnected,fullyconnected:/model/layers.16/self_attn/o_proj/MatMul,fullyconnected:/model/layers.16/self_attn/o_proj/MatMul,fully_connected,fully_connected_gpu_bf_tiled,883,fully_connected_gpu_bf_tiled_14284117615310227244_0_0,fully_connected_gpu_bf_tiled_14284117615310227244_0_0,1,5560,matched,aligned,true,true,true,exec_profile,gtpin_total_execution_cycles,28079838,438747,cycles,64,28079838,438747,0,0,,,0,0,0,"{""gtpin_avg_execution_cycles_per_invocation"":438747,""gtpin_invocation_count"":64,""gtpin_total_execution_cycles"":28079838}",InvocationCount=64;TotalExecutionCycles=28079838;AvgExecutionCyclesPerInvocation=438747
n1_i10,10,1,10,performance,false,layers.*/self_attn,/model/layers.16/self_attn/q_proj/MatMul,FullyConnected,FullyConnected,fullyconnected:/model/layers.16/self_attn/q_proj/MatMul,fullyconnected:/model/layers.16/self_attn/q_proj/MatMul,fully_connected,fully_connected_gpu_bf_tiled,854,fully_connected_gpu_bf_tiled_5315586391497964380_0_0,fully_connected_gpu_bf_tiled_5315586391497964380_0_0,1,5545,matched,aligned,true,true,true,exec_profile,gtpin_total_execution_cycles,27970938,437045,cycles,64,27970938,437045,0,0,,,0,0,0,"{""gtpin_avg_execution_cycles_per_invocation"":437045,""gtpin_invocation_count"":64,""gtpin_total_execution_cycles"":27970938}",InvocationCount=64;TotalExecutionCycles=27970938;AvgExecutionCyclesPerInvocation=437045
n1_i10,10,1,10,performance,false,layers.*/self_attn,/model/layers.3/self_attn/o_proj/MatMul,FullyConnected,FullyConnected,fullyconnected:/model/layers.3/self_attn/o_proj/MatMul,fullyconnected:/model/layers.3/self_attn/o_proj/MatMul,fully_connected,fully_connected_gpu_bf_tiled,415,fully_connected_gpu_bf_tiled_14284117615310227244_0_0,fully_connected_gpu_bf_tiled_14284117615310227244_0_0,1,5274,matched,aligned,true,true,true,exec_profile,gtpin_total_execution_cycles,27874622,435540,cycles,64,27874622,435540,0,0,,,0,0,0,"{""gtpin_avg_execution_cycles_per_invocation"":435540,""gtpin_invocation_count"":64,""gtpin_total_execution_cycles"":27874622}",InvocationCount=64;TotalExecutionCycles=27874622;AvgExecutionCyclesPerInvocation=435540
n1_i10,10,1,10,performance,false,layers.*/self_attn,/model/layers.6/self_attn/q_proj/MatMul,FullyConnected,FullyConnected,fullyconnected:/model/layers.6/self_attn/q_proj/MatMul,fullyconnected:/model/layers.6/self_attn/q_proj/MatMul,fully_connected,fully_connected_gpu_bf_tiled,494,fully_connected_gpu_bf_tiled_5315586391497964380_0_0,fully_connected_gpu_bf_tiled_5315586391497964380_0_0,1,5325,matched,aligned,true,true,true,exec_profile,gtpin_total_execution_cycles,27806368,434474,cycles,64,27806368,434474,0,0,,,0,0,0,"{""gtpin_avg_execution_cycles_per_invocation"":434474,""gtpin_invocation_count"":64,""gtpin_total_execution_cycles"":27806368}",InvocationCount=64;TotalExecutionCycles=27806368;AvgExecutionCyclesPerInvocation=434474
n1_i10,10,1,10,performance,false,layers.*/self_attn,/model/layers.6/self_attn/o_proj/MatMul,FullyConnected,FullyConnected,fullyconnected:/model/layers.6/self_attn/o_proj/MatMul,fullyconnected:/model/layers.6/self_attn/o_proj/MatMul,fully_connected,fully_connected_gpu_bf_tiled,523,fully_connected_gpu_bf_tiled_14284117615310227244_0_0,fully_connected_gpu_bf_tiled_14284117615310227244_0_0,1,5340,matched,aligned,true,true,true,exec_profile,gtpin_total_execution_cycles,27758580,433727,cycles,64,27758580,433727,0,0,,,0,0,0,"{""gtpin_avg_execution_cycles_per_invocation"":433727,""gtpin_invocation_count"":64,""gtpin_total_execution_cycles"":27758580}",InvocationCount=64;TotalExecutionCycles=27758580;AvgExecutionCyclesPerInvocation=433727
n1_i10,10,1,10,performance,false,layers.*/self_attn,/model/layers.19/self_attn/Softmax,Softmax,Softmax,softmax:/model/layers.19/self_attn/Softmax,softmax:/model/layers.19/self_attn/Softmax,softmax,softmax_gpu_bf,986,softmax_gpu_bf_18392998524141771378_0_0__sa,softmax_gpu_bf_18392998524141771378_0_0__sa,1,5622,matched,aligned,true,true,true,exec_profile,gtpin_total_execution_cycles,9000431,17578,cycles,512,9000431,17578,0,0,,,0,0,0,"{""gtpin_avg_execution_cycles_per_invocation"":17578,""gtpin_invocation_count"":512,""gtpin_total_execution_cycles"":9000431}",InvocationCount=512;TotalExecutionCycles=9000431;AvgExecutionCyclesPerInvocation=17578
n1_i10,10,1,10,performance,false,layers.*/self_attn,/model/layers.17/self_attn/Softmax,Softmax,Softmax,softmax:/model/layers.17/self_attn/Softmax,softmax:/model/layers.17/self_attn/Softmax,softmax,softmax_gpu_bf,914,softmax_gpu_bf_18392998524141771378_0_0__sa,softmax_gpu_bf_18392998524141771378_0_0__sa,1,5578,matched,aligned,true,true,true,exec_profile,gtpin_total_execution_cycles,8981137,17541,cycles,512,8981137,17541,0,0,,,0,0,0,"{""gtpin_avg_execution_cycles_per_invocation"":17541,""gtpin_invocation_count"":512,""gtpin_total_execution_cycles"":8981137}",InvocationCount=512;TotalExecutionCycles=8981137;AvgExecutionCyclesPerInvocation=17541
n1_i10,10,1,10,performance,false,layers.*/self_attn,/model/layers.8/self_attn/Softmax,Softmax,Softmax,softmax:/model/layers.8/self_attn/Softmax,softmax:/model/layers.8/self_attn/Softmax,softmax,softmax_gpu_bf,590,softmax_gpu_bf_18392998524141771378_0_0__sa,softmax_gpu_bf_18392998524141771378_0_0__sa,1,5380,matched,aligned,true,true,true,exec_profile,gtpin_total_execution_cycles,8830911,17247,cycles,512,8830911,17247,0,0,,,0,0,0,"{""gtpin_avg_execution_cycles_per_invocation"":17247,""gtpin_invocation_count"":512,""gtpin_total_execution_cycles"":8830911}",InvocationCount=512;TotalExecutionCycles=8830911;AvgExecutionCyclesPerInvocation=17247
n1_i10,10,1,10,performance,false,layers.*/self_attn,/model/layers.0/self_attn/Softmax,Softmax,Softmax,softmax:/model/layers.0/self_attn/Softmax,softmax:/model/layers.0/self_attn/Softmax,softmax,softmax_gpu_bf,302,softmax_gpu_bf_18392998524141771378_0_0__sa,softmax_gpu_bf_18392998524141771378_0_0__sa,1,5204,matched,aligned,true,true,true,exec_profile,gtpin_total_execution_cycles,8633961,16863,cycles,512,8633961,16863,0,0,,,0,0,0,"{""gtpin_avg_execution_cycles_per_invocation"":16863,""gtpin_invocation_count"":512,""gtpin_total_execution_cycles"":8633961}",InvocationCount=512;TotalExecutionCycles=8633961;AvgExecutionCyclesPerInvocation=16863
n1_i10,10,1,10,performance,false,layers.*/self_attn,/model/layers.1/self_attn/Softmax,Softmax,Softmax,softmax:/model/layers.1/self_attn/Softmax,softmax:/model/layers.1/self_attn/Softmax,softmax,softmax_gpu_bf,338,softmax_gpu_bf_18392998524141771378_0_0__sa,softmax_gpu_bf_18392998524141771378_0_0__sa,1,5226,matched,aligned,true,true,true,exec_profile,gtpin_total_execution_cycles,8587379,16772,cycles,512,8587379,16772,0,0,,,0,0,0,"{""gtpin_avg_execution_cycles_per_invocation"":16772,""gtpin_invocation_count"":512,""gtpin_total_execution_cycles"":8587379}",InvocationCount=512;TotalExecutionCycles=8587379;AvgExecutionCyclesPerInvocation=16772
n1_i10,10,1,10,performance,false,layers.*/self_attn,/model/layers.5/self_attn/Softmax,Softmax,Softmax,softmax:/model/layers.5/self_attn/Softmax,softmax:/model/layers.5/self_attn/Softmax,softmax,softmax_gpu_bf,482,softmax_gpu_bf_18392998524141771378_0_0__sa,softmax_gpu_bf_18392998524141771378_0_0__sa,1,5314,matched,aligned,true,true,true,exec_profile,gtpin_total_execution_cycles,8484095,16570,cycles,512,8484095,16570,0,0,,,0,0,0,"{""gtpin_avg_execution_cycles_per_invocation"":16570,""gtpin_invocation_count"":512,""gtpin_total_execution_cycles"":8484095}",InvocationCount=512;TotalExecutionCycles=8484095;AvgExecutionCyclesPerInvocation=16570
n1_i10,10,1,10,performance,false,layers.*/self_attn,/model/layers.3/self_attn/Softmax,Softmax,Softmax,softmax:/model/layers.3/self_attn/Softmax,softmax:/model/layers.3/self_attn/Softmax,softmax,softmax_gpu_bf,410,softmax_gpu_bf_18392998524141771378_0_0__sa,softmax_gpu_bf_18392998524141771378_0_0__sa,1,5270,matched,aligned,true,true,true,exec_profile,gtpin_total_execution_cycles,8483310,16568,cycles,512,8483310,16568,0,0,,,0,0,0,"{""gtpin_avg_execution_cycles_per_invocation"":16568,""gtpin_invocation_count"":512,""gtpin_total_execution_cycles"":8483310}",InvocationCount=512;TotalExecutionCycles=8483310;AvgExecutionCyclesPerInvocation=16568
n1_i10,10,1,10,performance,false,layers.*/self_attn,/model/layers.12/self_attn/Softmax,Softmax,Softmax,softmax:/model/layers.12/self_attn/Softmax,softmax:/model/layers.12/self_attn/Softmax,softmax,softmax_gpu_bf,734,softmax_gpu_bf_18392998524141771378_0_0__sa,softmax_gpu_bf_18392998524141771378_0_0__sa,1,5468,matched,aligned,true,true,true,exec_profile,gtpin_total_execution_cycles,8483219,16568,cycles,512,8483219,16568,0,0,,,0,0,0,"{""gtpin_avg_execution_cycles_per_invocation"":16568,""gtpin_invocation_count"":512,""gtpin_total_execution_cycles"":8483219}",InvocationCount=512;TotalExecutionCycles=8483219;AvgExecutionCyclesPerInvocation=16568
n1_i10,10,1,10,performance,false,layers.*/self_attn,/model/layers.14/self_attn/Softmax,Softmax,Softmax,softmax:/model/layers.14/self_attn/Softmax,softmax:/model/layers.14/self_attn/Softmax,softmax,softmax_gpu_bf,806,softmax_gpu_bf_18392998524141771378_0_0__sa,softmax_gpu_bf_18392998524141771378_0_0__sa,1,5512,matched,aligned,true,true,true,exec_profile,gtpin_total_execution_cycles,8474757,16552,cycles,512,8474757,16552,0,0,,,0,0,0,"{""gtpin_avg_execution_cycles_per_invocation"":16552,""gtpin_invocation_count"":512,""gtpin_total_execution_cycles"":8474757}",InvocationCount=512;TotalExecutionCycles=8474757;AvgExecutionCyclesPerInvocation=16552
n1_i10,10,1,10,performance,false,layers.*/self_attn,/model/layers.21/self_attn/Softmax,Softmax,Softmax,softmax:/model/layers.21/self_attn/Softmax,softmax:/model/layers.21/self_attn/Softmax,softmax,softmax_gpu_bf,1058,softmax_gpu_bf_18392998524141771378_0_0__sa,softmax_gpu_bf_18392998524141771378_0_0__sa,1,5666,matched,aligned,true,true,true,exec_profile,gtpin_total_execution_cycles,8417265,16439,cycles,512,8417265,16439,0,0,,,0,0,0,"{""gtpin_avg_execution_cycles_per_invocation"":16439,""gtpin_invocation_count"":512,""gtpin_total_execution_cycles"":8417265}",InvocationCount=512;TotalExecutionCycles=8417265;AvgExecutionCyclesPerInvocation=16439
n1_i10,10,1,10,performance,false,layers.*/self_attn,/model/layers.4/self_attn/Softmax,Softmax,Softmax,softmax:/model/layers.4/self_attn/Softmax,softmax:/model/layers.4/self_attn/Softmax,softmax,softmax_gpu_bf,446,softmax_gpu_bf_18392998524141771378_0_0__sa,softmax_gpu_bf_18392998524141771378_0_0__sa,1,5292,matched,aligned,true,true,true,exec_profile,gtpin_total_execution_cycles,8289767,16190,cycles,512,8289767,16190,0,0,,,0,0,0,"{""gtpin_avg_execution_cycles_per_invocation"":16190,""gtpin_invocation_count"":512,""gtpin_total_execution_cycles"":8289767}",InvocationCount=512;TotalExecutionCycles=8289767;AvgExecutionCyclesPerInvocation=16190
n1_i10,10,1,10,performance,false,layers.*/self_attn,/model/layers.18/self_attn/Softmax,Softmax,Softmax,softmax:/model/layers.18/self_attn/Softmax,softmax:/model/layers.18/self_attn/Softmax,softmax,softmax_gpu_bf,950,softmax_gpu_bf_18392998524141771378_0_0__sa,softmax_gpu_bf_18392998524141771378_0_0__sa,1,5600,matched,aligned,true,true,true,exec_profile,gtpin_total_execution_cycles,8151800,15921,cycles,512,8151800,15921,0,0,,,0,0,0,"{""gtpin_avg_execution_cycles_per_invocation"":15921,""gtpin_invocation_count"":512,""gtpin_total_execution_cycles"":8151800}",InvocationCount=512;TotalExecutionCycles=8151800;AvgExecutionCyclesPerInvocation=15921
n1_i10,10,1,10,performance,false,layers.*/self_attn,/model/layers.16/self_attn/Softmax,Softmax,Softmax,softmax:/model/layers.16/self_attn/Softmax,softmax:/model/layers.16/self_attn/Softmax,softmax,softmax_gpu_bf,878,softmax_gpu_bf_18392998524141771378_0_0__sa,softmax_gpu_bf_18392998524141771378_0_0__sa,1,5556,matched,aligned,true,true,true,exec_profile,gtpin_total_execution_cycles,8151159,15920,cycles,512,8151159,15920,0,0,,,0,0,0,"{""gtpin_avg_execution_cycles_per_invocation"":15920,""gtpin_invocation_count"":512,""gtpin_total_execution_cycles"":8151159}",InvocationCount=512;TotalExecutionCycles=8151159;AvgExecutionCyclesPerInvocation=15920
n1_i10,10,1,10,performance,false,layers.*/self_attn,/model/layers.20/self_attn/Softmax,Softmax,Softmax,softmax:/model/layers.20/self_attn/Softmax,softmax:/model/layers.20/self_attn/Softmax,softmax,softmax_gpu_bf,1022,softmax_gpu_bf_18392998524141771378_0_0__sa,softmax_gpu_bf_18392998524141771378_0_0__sa,1,5644,matched,aligned,true,true,true,exec_profile,gtpin_total_execution_cycles,8093060,15806,cycles,512,8093060,15806,0,0,,,0,0,0,"{""gtpin_avg_execution_cycles_per_invocation"":15806,""gtpin_invocation_count"":512,""gtpin_total_execution_cycles"":8093060}",InvocationCount=512;TotalExecutionCycles=8093060;AvgExecutionCyclesPerInvocation=15806
n1_i10,10,1,10,performance,false,layers.*/self_attn,/model/layers.7/self_attn/Softmax,Softmax,Softmax,softmax:/model/layers.7/self_attn/Softmax,softmax:/model/layers.7/self_attn/Softmax,softmax,softmax_gpu_bf,554,softmax_gpu_bf_18392998524141771378_0_0__sa,softmax_gpu_bf_18392998524141771378_0_0__sa,1,5358,matched,aligned,true,true,true,exec_profile,gtpin_total_execution_cycles,8078754,15778,cycles,512,8078754,15778,0,0,,,0,0,0,"{""gtpin_avg_execution_cycles_per_invocation"":15778,""gtpin_invocation_count"":512,""gtpin_total_execution_cycles"":8078754}",InvocationCount=512;TotalExecutionCycles=8078754;AvgExecutionCyclesPerInvocation=15778
n1_i10,10,1,10,performance,false,layers.*/self_attn,/model/layers.11/self_attn/Softmax,Softmax,Softmax,softmax:/model/layers.11/self_attn/Softmax,softmax:/model/layers.11/self_attn/Softmax,softmax,softmax_gpu_bf,698,softmax_gpu_bf_18392998524141771378_0_0__sa,softmax_gpu_bf_18392998524141771378_0_0__sa,1,5446,matched,aligned,true,true,true,exec_profile,gtpin_total_execution_cycles,8020297,15664,cycles,512,8020297,15664,0,0,,,0,0,0,"{""gtpin_avg_execution_cycles_per_invocation"":15664,""gtpin_invocation_count"":512,""gtpin_total_execution_cycles"":8020297}",InvocationCount=512;TotalExecutionCycles=8020297;AvgExecutionCyclesPerInvocation=15664
n1_i10,10,1,10,performance,false,layers.*/self_attn,/model/layers.2/self_attn/Softmax,Softmax,Softmax,softmax:/model/layers.2/self_attn/Softmax,softmax:/model/layers.2/self_attn/Softmax,softmax,softmax_gpu_bf,374,softmax_gpu_bf_18392998524141771378_0_0__sa,softmax_gpu_bf_18392998524141771378_0_0__sa,1,5248,matched,aligned,true,true,true,exec_profile,gtpin_total_execution_cycles,7963402,15553,cycles,512,7963402,15553,0,0,,,0,0,0,"{""gtpin_avg_execution_cycles_per_invocation"":15553,""gtpin_invocation_count"":512,""gtpin_total_execution_cycles"":7963402}",InvocationCount=512;TotalExecutionCycles=7963402;AvgExecutionCyclesPerInvocation=15553
n1_i10,10,1,10,performance,false,layers.*/self_attn,/model/layers.13/self_attn/Softmax,Softmax,Softmax,softmax:/model/layers.13/self_attn/Softmax,softmax:/model/layers.13/self_attn/Softmax,softmax,softmax_gpu_bf,770,softmax_gpu_bf_18392998524141771378_0_0__sa,softmax_gpu_bf_18392998524141771378_0_0__sa,1,5490,matched,aligned,true,true,true,exec_profile,gtpin_total_execution_cycles,7961036,15548,cycles,512,7961036,15548,0,0,,,0,0,0,"{""gtpin_avg_execution_cycles_per_invocation"":15548,""gtpin_invocation_count"":512,""gtpin_total_execution_cycles"":7961036}",InvocationCount=512;TotalExecutionCycles=7961036;AvgExecutionCyclesPerInvocation=15548
n1_i10,10,1,10,performance,false,layers.*/self_attn,/model/layers.9/self_attn/Softmax,Softmax,Softmax,softmax:/model/layers.9/self_attn/Softmax,softmax:/model/layers.9/self_attn/Softmax,softmax,softmax_gpu_bf,626,softmax_gpu_bf_18392998524141771378_0_0__sa,softmax_gpu_bf_18392998524141771378_0_0__sa,1,5402,matched,aligned,true,true,true,exec_profile,gtpin_total_execution_cycles,7891994,15414,cycles,512,7891994,15414,0,0,,,0,0,0,"{""gtpin_avg_execution_cycles_per_invocation"":15414,""gtpin_invocation_count"":512,""gtpin_total_execution_cycles"":7891994}",InvocationCount=512;TotalExecutionCycles=7891994;AvgExecutionCyclesPerInvocation=15414
n1_i10,10,1,10,performance,false,layers.*/self_attn,/model/layers.10/self_attn/Softmax,Softmax,Softmax,softmax:/model/layers.10/self_attn/Softmax,softmax:/model/layers.10/self_attn/Softmax,softmax,softmax_gpu_bf,662,softmax_gpu_bf_18392998524141771378_0_0__sa,softmax_gpu_bf_18392998524141771378_0_0__sa,1,5424,matched,aligned,true,true,true,exec_profile,gtpin_total_execution_cycles,7891951,15413,cycles,512,7891951,15413,0,0,,,0,0,0,"{""gtpin_avg_execution_cycles_per_invocation"":15413,""gtpin_invocation_count"":512,""gtpin_total_execution_cycles"":7891951}",InvocationCount=512;TotalExecutionCycles=7891951;AvgExecutionCyclesPerInvocation=15413
n1_i10,10,1,10,performance,false,layers.*/self_attn,/model/layers.15/self_attn/Softmax,Softmax,Softmax,softmax:/model/layers.15/self_attn/Softmax,softmax:/model/layers.15/self_attn/Softmax,softmax,softmax_gpu_bf,842,softmax_gpu_bf_18392998524141771378_0_0__sa,softmax_gpu_bf_18392998524141771378_0_0__sa,1,5534,matched,aligned,true,true,true,exec_profile,gtpin_total_execution_cycles,7884920,15400,cycles,512,7884920,15400,0,0,,,0,0,0,"{""gtpin_avg_execution_cycles_per_invocation"":15400,""gtpin_invocation_count"":512,""gtpin_total_execution_cycles"":7884920}",InvocationCount=512;TotalExecutionCycles=7884920;AvgExecutionCyclesPerInvocation=15400
n1_i10,10,1,10,performance,false,layers.*/self_attn,/model/layers.6/self_attn/Softmax,Softmax,Softmax,softmax:/model/layers.6/self_attn/Softmax,softmax:/model/layers.6/self_attn/Softmax,softmax,softmax_gpu_bf,518,softmax_gpu_bf_18392998524141771378_0_0__sa,softmax_gpu_bf_18392998524141771378_0_0__sa,1,5336,matched,aligned,true,true,true,exec_profile,gtpin_total_execution_cycles,7681221,15002,cycles,512,7681221,15002,0,0,,,0,0,0,"{""gtpin_avg_execution_cycles_per_invocation"":15002,""gtpin_invocation_count"":512,""gtpin_total_execution_cycles"":7681221}",InvocationCount=512;TotalExecutionCycles=7681221;AvgExecutionCyclesPerInvocation=15002
n1_i10,10,1,10,performance,false,layers.*/self_attn,/model/layers.12/self_attn/Mul_8,Multiply,Multiply,multiply:/model/layers.12/self_attn/Mul_8,multiply:/model/layers.12/self_attn/Mul_8,eltwise,generic_eltwise_ref,719,generic_eltwise_ref_7125964068740378811_0_0__sa,generic_eltwise_ref_7125964068740378811_0_0__sa,1,5462,matched,aligned,true,true,true,exec_profile,gtpin_total_execution_cycles,7103532,6937,cycles,1024,7103532,6937,0,0,,,0,0,0,"{""gtpin_avg_execution_cycles_per_invocation"":6937,""gtpin_invocation_count"":1024,""gtpin_total_execution_cycles"":7103532}",InvocationCount=1024;TotalExecutionCycles=7103532;AvgExecutionCyclesPerInvocation=6937
n1_i10,10,1,10,performance,false,layers.*/post_attention_layernorm,/model/layers.1/post_attention_layernorm/Mul,RMS,RMS,rms:/model/layers.1/post_attention_layernorm/Mul,rms:/model/layers.1/post_attention_layernorm/Mul,rms,rms_gpu_bfyx_opt,344,rms_gpu_bfyx_opt_10690270683970839748_0_0__sa,rms_gpu_bfyx_opt_10690270683970839748_0_0__sa,1,5231,matched,aligned,true,true,true,exec_profile,gtpin_total_execution_cycles,6698460,26165,cycles,256,6698460,26165,0,0,,,0,0,0,"{""gtpin_avg_execution_cycles_per_invocation"":26165,""gtpin_invocation_count"":256,""gtpin_total_execution_cycles"":6698460}",InvocationCount=256;TotalExecutionCycles=6698460;AvgExecutionCyclesPerInvocation=26165
n1_i10,10,1,10,performance,false,layers.*/self_attn,/model/layers.3/self_attn/Transpose_3,Transpose,Transpose,transpose:/model/layers.3/self_attn/Transpose_3,transpose:/model/layers.3/self_attn/Transpose_3,permute,permute_ref,408,permute_ref_17183202574580890641_0_0__sa,permute_ref_17183202574580890641_0_0__sa,1,5268,matched,aligned,true,true,true,exec_profile,gtpin_total_execution_cycles,6042566,5900,cycles,1024,6042566,5900,0,0,,,0,0,0,"{""gtpin_avg_execution_cycles_per_invocation"":5900,""gtpin_invocation_count"":1024,""gtpin_total_execution_cycles"":6042566}",InvocationCount=1024;TotalExecutionCycles=6042566;AvgExecutionCyclesPerInvocation=5900
n1_i10,10,1,10,performance,false,layers.*/self_attn,/model/layers.11/self_attn/Transpose_3,Transpose,Transpose,transpose:/model/layers.11/self_attn/Transpose_3,transpose:/model/layers.11/self_attn/Transpose_3,permute,permute_ref,696,permute_ref_17183202574580890641_0_0__sa,permute_ref_17183202574580890641_0_0__sa,1,5444,matched,aligned,true,true,true,exec_profile,gtpin_total_execution_cycles,5907262,5768,cycles,1024,5907262,5768,0,0,,,0,0,0,"{""gtpin_avg_execution_cycles_per_invocation"":5768,""gtpin_invocation_count"":1024,""gtpin_total_execution_cycles"":5907262}",InvocationCount=1024;TotalExecutionCycles=5907262;AvgExecutionCyclesPerInvocation=5768
n1_i10,10,1,10,performance,false,layers.*/self_attn,/model/layers.17/self_attn/Expand,Broadcast,Broadcast,broadcast:/model/layers.17/self_attn/Expand,broadcast:/model/layers.17/self_attn/Expand,broadcast,broadcast_gpu_ref,909,broadcast_gpu_ref_6456514822857321615_0_0__sa,broadcast_gpu_ref_6456514822857321615_0_0__sa,1,5574,matched,aligned,true,true,true,exec_profile,gtpin_total_execution_cycles,5777122,5641,cycles,1024,5777122,5641,0,0,,,0,0,0,"{""gtpin_avg_execution_cycles_per_invocation"":5641,""gtpin_invocation_count"":1024,""gtpin_total_execution_cycles"":5777122}",InvocationCount=1024;TotalExecutionCycles=5777122;AvgExecutionCyclesPerInvocation=5641
n1_i10,10,1,10,performance,false,layers.*/self_attn,/model/layers.1/self_attn/Expand,Broadcast,Broadcast,broadcast:/model/layers.1/self_attn/Expand,broadcast:/model/layers.1/self_attn/Expand,broadcast,broadcast_gpu_ref,333,broadcast_gpu_ref_6456514822857321615_0_0__sa,broadcast_gpu_ref_6456514822857321615_0_0__sa,1,5222,matched,aligned,true,true,true,exec_profile,gtpin_total_execution_cycles,5762826,5627,cycles,1024,5762826,5627,0,0,,,0,0,0,"{""gtpin_avg_execution_cycles_per_invocation"":5627,""gtpin_invocation_count"":1024,""gtpin_total_execution_cycles"":5762826}",InvocationCount=1024;TotalExecutionCycles=5762826;AvgExecutionCyclesPerInvocation=5627
n1_i10,10,1,10,performance,false,layers.*/self_attn,/model/layers.10/self_attn/Expand,Broadcast,Broadcast,broadcast:/model/layers.10/self_attn/Expand,broadcast:/model/layers.10/self_attn/Expand,broadcast,broadcast_gpu_ref,657,broadcast_gpu_ref_6456514822857321615_0_0__sa,broadcast_gpu_ref_6456514822857321615_0_0__sa,1,5420,matched,aligned,true,true,true,exec_profile,gtpin_total_execution_cycles,5727764,5593,cycles,1024,5727764,5593,0,0,,,0,0,0,"{""gtpin_avg_execution_cycles_per_invocation"":5593,""gtpin_invocation_count"":1024,""gtpin_total_execution_cycles"":5727764}",InvocationCount=1024;TotalExecutionCycles=5727764;AvgExecutionCyclesPerInvocation=5593
n1_i10,10,1,10,performance,false,layers.*/self_attn,/model/layers.10/self_attn/Transpose_3,Transpose,Transpose,transpose:/model/layers.10/self_attn/Transpose_3,transpose:/model/layers.10/self_attn/Transpose_3,permute,permute_ref,660,permute_ref_17183202574580890641_0_0__sa,permute_ref_17183202574580890641_0_0__sa,1,5422,matched,aligned,true,true,true,exec_profile,gtpin_total_execution_cycles,5722450,5588,cycles,1024,5722450,5588,0,0,,,0,0,0,"{""gtpin_avg_execution_cycles_per_invocation"":5588,""gtpin_invocation_count"":1024,""gtpin_total_execution_cycles"":5722450}",InvocationCount=1024;TotalExecutionCycles=5722450;AvgExecutionCyclesPerInvocation=5588
n1_i10,10,1,10,performance,false,layers.*/self_attn,/model/layers.9/self_attn/Expand,Broadcast,Broadcast,broadcast:/model/layers.9/self_attn/Expand,broadcast:/model/layers.9/self_attn/Expand,broadcast,broadcast_gpu_ref,621,broadcast_gpu_ref_6456514822857321615_0_0__sa,broadcast_gpu_ref_6456514822857321615_0_0__sa,1,5398,matched,aligned,true,true,true,exec_profile,gtpin_total_execution_cycles,5716702,5582,cycles,1024,5716702,5582,0,0,,,0,0,0,"{""gtpin_avg_execution_cycles_per_invocation"":5582,""gtpin_invocation_count"":1024,""gtpin_total_execution_cycles"":5716702}",InvocationCount=1024;TotalExecutionCycles=5716702;AvgExecutionCyclesPerInvocation=5582
n1_i10,10,1,10,performance,false,layers.*/self_attn,/model/layers.21/self_attn/Transpose_3,Transpose,Transpose,transpose:/model/layers.21/self_attn/Transpose_3,transpose:/model/layers.21/self_attn/Transpose_3,permute,permute_ref,1056,permute_ref_17183202574580890641_0_0__sa,permute_ref_17183202574580890641_0_0__sa,1,5664,matched,aligned,true,true,true,exec_profile,gtpin_total_execution_cycles,5658452,5525,cycles,1024,5658452,5525,0,0,,,0,0,0,"{""gtpin_avg_execution_cycles_per_invocation"":5525,""gtpin_invocation_count"":1024,""gtpin_total_execution_cycles"":5658452}",InvocationCount=1024;TotalExecutionCycles=5658452;AvgExecutionCyclesPerInvocation=5525
n1_i10,10,1,10,performance,false,layers.*/self_attn,/model/layers.21/self_attn/Expand,Broadcast,Broadcast,broadcast:/model/layers.21/self_attn/Expand,broadcast:/model/layers.21/self_attn/Expand,broadcast,broadcast_gpu_ref,1053,broadcast_gpu_ref_6456514822857321615_0_0__sa,broadcast_gpu_ref_6456514822857321615_0_0__sa,1,5662,matched,aligned,true,true,true,exec_profile,gtpin_total_execution_cycles,5627876,5495,cycles,1024,5627876,5495,0,0,,,0,0,0,"{""gtpin_avg_execution_cycles_per_invocation"":5495,""gtpin_invocation_count"":1024,""gtpin_total_execution_cycles"":5627876}",InvocationCount=1024;TotalExecutionCycles=5627876;AvgExecutionCyclesPerInvocation=5495
n1_i10,10,1,10,performance,false,layers.*/self_attn,/model/layers.13/self_attn/Expand,Broadcast,Broadcast,broadcast:/model/layers.13/self_attn/Expand,broadcast:/model/layers.13/self_attn/Expand,broadcast,broadcast_gpu_ref,765,broadcast_gpu_ref_6456514822857321615_0_0__sa,broadcast_gpu_ref_6456514822857321615_0_0__sa,1,5486,matched,aligned,true,true,true,exec_profile,gtpin_total_execution_cycles,5626084,5494,cycles,1024,5626084,5494,0,0,,,0,0,0,"{""gtpin_avg_execution_cycles_per_invocation"":5494,""gtpin_invocation_count"":1024,""gtpin_total_execution_cycles"":5626084}",InvocationCount=1024;TotalExecutionCycles=5626084;AvgExecutionCyclesPerInvocation=5494
n1_i10,10,1,10,performance,false,layers.*/self_attn,/model/layers.14/self_attn/Expand,Broadcast,Broadcast,broadcast:/model/layers.14/self_attn/Expand,broadcast:/model/layers.14/self_attn/Expand,broadcast,broadcast_gpu_ref,801,broadcast_gpu_ref_6456514822857321615_0_0__sa,broadcast_gpu_ref_6456514822857321615_0_0__sa,1,5508,matched,aligned,true,true,true,exec_profile,gtpin_total_execution_cycles,5603454,5472,cycles,1024,5603454,5472,0,0,,,0,0,0,"{""gtpin_avg_execution_cycles_per_invocation"":5472,""gtpin_invocation_count"":1024,""gtpin_total_execution_cycles"":5603454}",InvocationCount=1024;TotalExecutionCycles=5603454;AvgExecutionCyclesPerInvocation=5472
n1_i10,10,1,10,performance,false,layers.*/self_attn,/model/layers.2/self_attn/Transpose_3,Transpose,Transpose,transpose:/model/layers.2/self_attn/Transpose_3,transpose:/model/layers.2/self_attn/Transpose_3,permute,permute_ref,372,permute_ref_17183202574580890641_0_0__sa,permute_ref_17183202574580890641_0_0__sa,1,5246,matched,aligned,true,true,true,exec_profile,gtpin_total_execution_cycles,5575930,5445,cycles,1024,5575930,5445,0,0,,,0,0,0,"{""gtpin_avg_execution_cycles_per_invocation"":5445,""gtpin_invocation_count"":1024,""gtpin_total_execution_cycles"":5575930}",InvocationCount=1024;TotalExecutionCycles=5575930;AvgExecutionCyclesPerInvocation=5445
n1_i10,10,1,10,performance,false,layers.*/self_attn,/model/layers.18/self_attn/Expand,Broadcast,Broadcast,broadcast:/model/layers.18/self_attn/Expand,broadcast:/model/layers.18/self_attn/Expand,broadcast,broadcast_gpu_ref,945,broadcast_gpu_ref_6456514822857321615_0_0__sa,broadcast_gpu_ref_6456514822857321615_0_0__sa,1,5596,matched,aligned,true,true,true,exec_profile,gtpin_total_execution_cycles,5524428,5394,cycles,1024,5524428,5394,0,0,,,0,0,0,"{""gtpin_avg_execution_cycles_per_invocation"":5394,""gtpin_invocation_count"":1024,""gtpin_total_execution_cycles"":5524428}",InvocationCount=1024;TotalExecutionCycles=5524428;AvgExecutionCyclesPerInvocation=5394
n1_i10,10,1,10,performance,false,layers.*/self_attn,/model/layers.13/self_attn/Transpose_3,Transpose,Transpose,transpose:/model/layers.13/self_attn/Transpose_3,transpose:/model/layers.13/self_attn/Transpose_3,permute,permute_ref,768,permute_ref_17183202574580890641_0_0__sa,permute_ref_17183202574580890641_0_0__sa,1,5488,matched,aligned,true,true,true,exec_profile,gtpin_total_execution_cycles,5515736,5386,cycles,1024,5515736,5386,0,0,,,0,0,0,"{""gtpin_avg_execution_cycles_per_invocation"":5386,""gtpin_invocation_count"":1024,""gtpin_total_execution_cycles"":5515736}",InvocationCount=1024;TotalExecutionCycles=5515736;AvgExecutionCyclesPerInvocation=5386
n1_i10,10,1,10,performance,false,layers.*/self_attn,/model/layers.6/self_attn/Transpose_3,Transpose,Transpose,transpose:/model/layers.6/self_attn/Transpose_3,transpose:/model/layers.6/self_attn/Transpose_3,permute,permute_ref,516,permute_ref_17183202574580890641_0_0__sa,permute_ref_17183202574580890641_0_0__sa,1,5334,matched,aligned,true,true,true,exec_profile,gtpin_total_execution_cycles,5504394,5375,cycles,1024,5504394,5375,0,0,,,0,0,0,"{""gtpin_avg_execution_cycles_per_invocation"":5375,""gtpin_invocation_count"":1024,""gtpin_total_execution_cycles"":5504394}",InvocationCount=1024;TotalExecutionCycles=5504394;AvgExecutionCyclesPerInvocation=5375
n1_i10,10,1,10,performance,false,layers.*/self_attn,/model/layers.14/self_attn/Transpose_3,Transpose,Transpose,transpose:/model/layers.14/self_attn/Transpose_3,transpose:/model/layers.14/self_attn/Transpose_3,permute,permute_ref,804,permute_ref_17183202574580890641_0_0__sa,permute_ref_17183202574580890641_0_0__sa,1,5510,matched,aligned,true,true,true,exec_profile,gtpin_total_execution_cycles,5491018,5362,cycles,1024,5491018,5362,0,0,,,0,0,0,"{""gtpin_avg_execution_cycles_per_invocation"":5362,""gtpin_invocation_count"":1024,""gtpin_total_execution_cycles"":5491018}",InvocationCount=1024;TotalExecutionCycles=5491018;AvgExecutionCyclesPerInvocation=5362
n1_i10,10,1,10,performance,false,layers.*/self_attn,/model/layers.6/self_attn/Mul_8,Multiply,Multiply,multiply:/model/layers.6/self_attn/Mul_8,multiply:/model/layers.6/self_attn/Mul_8,eltwise,generic_eltwise_ref,503,generic_eltwise_ref_7125964068740378811_0_0__sa,generic_eltwise_ref_7125964068740378811_0_0__sa,1,5330,matched,aligned,true,true,true,exec_profile,gtpin_total_execution_cycles,5482632,5354,cycles,1024,5482632,5354,0,0,,,0,0,0,"{""gtpin_avg_execution_cycles_per_invocation"":5354,""gtpin_invocation_count"":1024,""gtpin_total_execution_cycles"":5482632}",InvocationCount=1024;TotalExecutionCycles=5482632;AvgExecutionCyclesPerInvocation=5354
n1_i10,10,1,10,performance,false,layers.*/self_attn,/model/layers.12/self_attn/Transpose_3,Transpose,Transpose,transpose:/model/layers.12/self_attn/Transpose_3,transpose:/model/layers.12/self_attn/Transpose_3,permute,permute_ref,732,permute_ref_17183202574580890641_0_0__sa,permute_ref_17183202574580890641_0_0__sa,1,5466,matched,aligned,true,true,true,exec_profile,gtpin_total_execution_cycles,5476624,5348,cycles,1024,5476624,5348,0,0,,,0,0,0,"{""gtpin_avg_execution_cycles_per_invocation"":5348,""gtpin_invocation_count"":1024,""gtpin_total_execution_cycles"":5476624}",InvocationCount=1024;TotalExecutionCycles=5476624;AvgExecutionCyclesPerInvocation=5348
n1_i10,10,1,10,performance,false,layers.*/self_attn,/model/layers.17/self_attn/Mul_8,Multiply,Multiply,multiply:/model/layers.17/self_attn/Mul_8,multiply:/model/layers.17/self_attn/Mul_8,eltwise,generic_eltwise_ref,899,generic_eltwise_ref_7125964068740378811_0_0__sa,generic_eltwise_ref_7125964068740378811_0_0__sa,1,5572,matched,aligned,true,true,true,exec_profile,gtpin_total_execution_cycles,5419730,5292,cycles,1024,5419730,5292,0,0,,,0,0,0,"{""gtpin_avg_execution_cycles_per_invocation"":5292,""gtpin_invocation_count"":1024,""gtpin_total_execution_cycles"":5419730}",InvocationCount=1024;TotalExecutionCycles=5419730;AvgExecutionCyclesPerInvocation=5292
n1_i10,10,1,10,performance,false,layers.*/self_attn,/model/layers.3/self_attn/Expand_1,Broadcast,Broadcast,broadcast:/model/layers.3/self_attn/Expand_1,broadcast:/model/layers.3/self_attn/Expand_1,broadcast,broadcast_gpu_ref,398,broadcast_gpu_ref_6456514822857321615_0_0__sa,broadcast_gpu_ref_6456514822857321615_0_0__sa,1,5265,matched,aligned,true,true,true,exec_profile,gtpin_total_execution_cycles,5377458,5251,cycles,1024,5377458,5251,0,0,,,0,0,0,"{""gtpin_avg_execution_cycles_per_invocation"":5251,""gtpin_invocation_count"":1024,""gtpin_total_execution_cycles"":5377458}",InvocationCount=1024;TotalExecutionCycles=5377458;AvgExecutionCyclesPerInvocation=5251
n1_i10,10,1,10,performance,false,layers.*/self_attn,/model/layers.17/self_attn/Transpose_3,Transpose,Transpose,transpose:/model/layers.17/self_attn/Transpose_3,transpose:/model/layers.17/self_attn/Transpose_3,permute,permute_ref,912,permute_ref_17183202574580890641_0_0__sa,permute_ref_17183202574580890641_0_0__sa,1,5576,matched,aligned,true,true,true,exec_profile,gtpin_total_execution_cycles,5376472,5250,cycles,1024,5376472,5250,0,0,,,0,0,0,"{""gtpin_avg_execution_cycles_per_invocation"":5250,""gtpin_invocation_count"":1024,""gtpin_total_execution_cycles"":5376472}",InvocationCount=1024;TotalExecutionCycles=5376472;AvgExecutionCyclesPerInvocation=5250
n1_i10,10,1,10,performance,false,layers.*/self_attn,/model/layers.6/self_attn/Expand,Broadcast,Broadcast,broadcast:/model/layers.6/self_attn/Expand,broadcast:/model/layers.6/self_attn/Expand,broadcast,broadcast_gpu_ref,513,broadcast_gpu_ref_6456514822857321615_0_0__sa,broadcast_gpu_ref_6456514822857321615_0_0__sa,1,5332,matched,aligned,true,true,true,exec_profile,gtpin_total_execution_cycles,5352630,5227,cycles,1024,5352630,5227,0,0,,,0,0,0,"{""gtpin_avg_execution_cycles_per_invocation"":5227,""gtpin_invocation_count"":1024,""gtpin_total_execution_cycles"":5352630}",InvocationCount=1024;TotalExecutionCycles=5352630;AvgExecutionCyclesPerInvocation=5227
n1_i10,10,1,10,performance,false,layers.*/self_attn,/model/layers.1/self_attn/Mul_8,Multiply,Multiply,multiply:/model/layers.1/self_attn/Mul_8,multiply:/model/layers.1/self_attn/Mul_8,eltwise,generic_eltwise_ref,323,generic_eltwise_ref_7125964068740378811_0_0__sa,generic_eltwise_ref_7125964068740378811_0_0__sa,1,5220,matched,aligned,true,true,true,exec_profile,gtpin_total_execution_cycles,5308040,5183,cycles,1024,5308040,5183,0,0,,,0,0,0,"{""gtpin_avg_execution_cycles_per_invocation"":5183,""gtpin_invocation_count"":1024,""gtpin_total_execution_cycles"":5308040}",InvocationCount=1024;TotalExecutionCycles=5308040;AvgExecutionCyclesPerInvocation=5183
n1_i10,10,1,10,performance,false,layers.*/self_attn,/model/layers.20/self_attn/Mul_8,Multiply,Multiply,multiply:/model/layers.20/self_attn/Mul_8,multiply:/model/layers.20/self_attn/Mul_8,eltwise,generic_eltwise_ref,1007,generic_eltwise_ref_7125964068740378811_0_0__sa,generic_eltwise_ref_7125964068740378811_0_0__sa,1,5638,matched,aligned,true,true,true,exec_profile,gtpin_total_execution_cycles,5297052,5172,cycles,1024,5297052,5172,0,0,,,0,0,0,"{""gtpin_avg_execution_cycles_per_invocation"":5172,""gtpin_invocation_count"":1024,""gtpin_total_execution_cycles"":5297052}",InvocationCount=1024;TotalExecutionCycles=5297052;AvgExecutionCyclesPerInvocation=5172
n1_i10,10,1,10,performance,false,layers.*/self_attn,/model/layers.18/self_attn/Transpose_3,Transpose,Transpose,transpose:/model/layers.18/self_attn/Transpose_3,transpose:/model/layers.18/self_attn/Transpose_3,permute,permute_ref,948,permute_ref_17183202574580890641_0_0__sa,permute_ref_17183202574580890641_0_0__sa,1,5598,matched,aligned,true,true,true,exec_profile,gtpin_total_execution_cycles,5295134,5171,cycles,1024,5295134,5171,0,0,,,0,0,0,"{""gtpin_avg_execution_cycles_per_invocation"":5171,""gtpin_invocation_count"":1024,""gtpin_total_execution_cycles"":5295134}",InvocationCount=1024;TotalExecutionCycles=5295134;AvgExecutionCyclesPerInvocation=5171
n1_i10,10,1,10,performance,false,layers.*/self_attn,/model/layers.20/self_attn/Transpose_3,Transpose,Transpose,transpose:/model/layers.20/self_attn/Transpose_3,transpose:/model/layers.20/self_attn/Transpose_3,permute,permute_ref,1020,permute_ref_17183202574580890641_0_0__sa,permute_ref_17183202574580890641_0_0__sa,1,5642,matched,aligned,true,true,true,exec_profile,gtpin_total_execution_cycles,5271656,5148,cycles,1024,5271656,5148,0,0,,,0,0,0,"{""gtpin_avg_execution_cycles_per_invocation"":5148,""gtpin_invocation_count"":1024,""gtpin_total_execution_cycles"":5271656}",InvocationCount=1024;TotalExecutionCycles=5271656;AvgExecutionCyclesPerInvocation=5148
n1_i10,10,1,10,performance,false,layers.*/self_attn,/model/layers.9/self_attn/Transpose_3,Transpose,Transpose,transpose:/model/layers.9/self_attn/Transpose_3,transpose:/model/layers.9/self_attn/Transpose_3,permute,permute_ref,624,permute_ref_17183202574580890641_0_0__sa,permute_ref_17183202574580890641_0_0__sa,1,5400,matched,aligned,true,true,true,exec_profile,gtpin_total_execution_cycles,5241698,5118,cycles,1024,5241698,5118,0,0,,,0,0,0,"{""gtpin_avg_execution_cycles_per_invocation"":5118,""gtpin_invocation_count"":1024,""gtpin_total_execution_cycles"":5241698}",InvocationCount=1024;TotalExecutionCycles=5241698;AvgExecutionCyclesPerInvocation=5118
n1_i10,10,1,10,performance,false,layers.*/self_attn,/model/layers.5/self_attn/Transpose_3,Transpose,Transpose,transpose:/model/layers.5/self_attn/Transpose_3,transpose:/model/layers.5/self_attn/Transpose_3,permute,permute_ref,480,permute_ref_17183202574580890641_0_0__sa,permute_ref_17183202574580890641_0_0__sa,1,5312,matched,aligned,true,true,true,exec_profile,gtpin_total_execution_cycles,5229750,5107,cycles,1024,5229750,5107,0,0,,,0,0,0,"{""gtpin_avg_execution_cycles_per_invocation"":5107,""gtpin_invocation_count"":1024,""gtpin_total_execution_cycles"":5229750}",InvocationCount=1024;TotalExecutionCycles=5229750;AvgExecutionCyclesPerInvocation=5107
n1_i10,10,1,10,performance,false,layers.*/self_attn,/model/layers.1/self_attn/Transpose_3,Transpose,Transpose,transpose:/model/layers.1/self_attn/Transpose_3,transpose:/model/layers.1/self_attn/Transpose_3,permute,permute_ref,336,permute_ref_17183202574580890641_0_0__sa,permute_ref_17183202574580890641_0_0__sa,1,5224,matched,aligned,true,true,true,exec_profile,gtpin_total_execution_cycles,5198386,5076,cycles,1024,5198386,5076,0,0,,,0,0,0,"{""gtpin_avg_execution_cycles_per_invocation"":5076,""gtpin_invocation_count"":1024,""gtpin_total_execution_cycles"":5198386}",InvocationCount=1024;TotalExecutionCycles=5198386;AvgExecutionCyclesPerInvocation=5076
n1_i10,10,1,10,performance,false,embed_tokens,/model/embed_tokens/Gather,Gather,Gather,gather:/model/embed_tokens/Gather,gather:/model/embed_tokens/Gather,gather,gather_ref,229,gather_ref_9653281298055295004_0_0__sa,gather_ref_9653281298055295004_0_0__sa,1,5178,matched,aligned,true,true,true,exec_profile,gtpin_total_execution_cycles,5181536,5060,cycles,1024,5181536,5060,0,0,,,0,0,0,"{""gtpin_avg_execution_cycles_per_invocation"":5060,""gtpin_invocation_count"":1024,""gtpin_total_execution_cycles"":5181536}",InvocationCount=1024;TotalExecutionCycles=5181536;AvgExecutionCyclesPerInvocation=5060
n1_i10,10,1,10,performance,false,layers.*/self_attn,/model/layers.5/self_attn/Mul_8,Multiply,Multiply,multiply:/model/layers.5/self_attn/Mul_8,multiply:/model/layers.5/self_attn/Mul_8,eltwise,generic_eltwise_ref,467,generic_eltwise_ref_7125964068740378811_0_0__sa,generic_eltwise_ref_7125964068740378811_0_0__sa,1,5308,matched,aligned,true,true,true,exec_profile,gtpin_total_execution_cycles,5172072,5050,cycles,1024,5172072,5050,0,0,,,0,0,0,"{""gtpin_avg_execution_cycles_per_invocation"":5050,""gtpin_invocation_count"":1024,""gtpin_total_execution_cycles"":5172072}",InvocationCount=1024;TotalExecutionCycles=5172072;AvgExecutionCyclesPerInvocation=5050
n1_i10,10,1,10,performance,false,layers.*/self_attn,/model/layers.18/self_attn/Mul_8,Multiply,Multiply,multiply:/model/layers.18/self_attn/Mul_8,multiply:/model/layers.18/self_attn/Mul_8,eltwise,generic_eltwise_ref,935,generic_eltwise_ref_7125964068740378811_0_0__sa,generic_eltwise_ref_7125964068740378811_0_0__sa,1,5594,matched,aligned,true,true,true,exec_profile,gtpin_total_execution_cycles,5149672,5028,cycles,1024,5149672,5028,0,0,,,0,0,0,"{""gtpin_avg_execution_cycles_per_invocation"":5028,""gtpin_invocation_count"":1024,""gtpin_total_execution_cycles"":5149672}",InvocationCount=1024;TotalExecutionCycles=5149672;AvgExecutionCyclesPerInvocation=5028
n1_i10,10,1,10,performance,false,layers.*/self_attn,/model/layers.14/self_attn/Mul_8,Multiply,Multiply,multiply:/model/layers.14/self_attn/Mul_8,multiply:/model/layers.14/self_attn/Mul_8,eltwise,generic_eltwise_ref,791,generic_eltwise_ref_7125964068740378811_0_0__sa,generic_eltwise_ref_7125964068740378811_0_0__sa,1,5506,matched,aligned,true,true,true,exec_profile,gtpin_total_execution_cycles,5109098,4989,cycles,1024,5109098,4989,0,0,,,0,0,0,"{""gtpin_avg_execution_cycles_per_invocation"":4989,""gtpin_invocation_count"":1024,""gtpin_total_execution_cycles"":5109098}",InvocationCount=1024;TotalExecutionCycles=5109098;AvgExecutionCyclesPerInvocation=4989
n1_i10,10,1,10,performance,false,layers.*/self_attn,/model/layers.19/self_attn/Transpose_3,Transpose,Transpose,transpose:/model/layers.19/self_attn/Transpose_3,transpose:/model/layers.19/self_attn/Transpose_3,permute,permute_ref,984,permute_ref_17183202574580890641_0_0__sa,permute_ref_17183202574580890641_0_0__sa,1,5620,matched,aligned,true,true,true,exec_profile,gtpin_total_execution_cycles,5098232,4978,cycles,1024,5098232,4978,0,0,,,0,0,0,"{""gtpin_avg_execution_cycles_per_invocation"":4978,""gtpin_invocation_count"":1024,""gtpin_total_execution_cycles"":5098232}",InvocationCount=1024;TotalExecutionCycles=5098232;AvgExecutionCyclesPerInvocation=4978
n1_i10,10,1,10,performance,false,layers.*/self_attn,/model/layers.11/self_attn/Mul_8,Multiply,Multiply,multiply:/model/layers.11/self_attn/Mul_8,multiply:/model/layers.11/self_attn/Mul_8,eltwise,generic_eltwise_ref,683,generic_eltwise_ref_7125964068740378811_0_0__sa,generic_eltwise_ref_7125964068740378811_0_0__sa,1,5440,matched,aligned,true,true,true,exec_profile,gtpin_total_execution_cycles,5083188,4964,cycles,1024,5083188,4964,0,0,,,0,0,0,"{""gtpin_avg_execution_cycles_per_invocation"":4964,""gtpin_invocation_count"":1024,""gtpin_total_execution_cycles"":5083188}",InvocationCount=1024;TotalExecutionCycles=5083188;AvgExecutionCyclesPerInvocation=4964
n1_i10,10,1,10,performance,false,layers.*/self_attn,/model/layers.13/self_attn/Mul_8,Multiply,Multiply,multiply:/model/layers.13/self_attn/Mul_8,multiply:/model/layers.13/self_attn/Mul_8,eltwise,generic_eltwise_ref,755,generic_eltwise_ref_7125964068740378811_0_0__sa,generic_eltwise_ref_7125964068740378811_0_0__sa,1,5484,matched,aligned,true,true,true,exec_profile,gtpin_total_execution_cycles,5072604,4953,cycles,1024,5072604,4953,0,0,,,0,0,0,"{""gtpin_avg_execution_cycles_per_invocation"":4953,""gtpin_invocation_count"":1024,""gtpin_total_execution_cycles"":5072604}",InvocationCount=1024;TotalExecutionCycles=5072604;AvgExecutionCyclesPerInvocation=4953
n1_i10,10,1,10,performance,false,layers.*/self_attn,/model/layers.19/self_attn/Mul_8,Multiply,Multiply,multiply:/model/layers.19/self_attn/Mul_8,multiply:/model/layers.19/self_attn/Mul_8,eltwise,generic_eltwise_ref,971,generic_eltwise_ref_7125964068740378811_0_0__sa,generic_eltwise_ref_7125964068740378811_0_0__sa,1,5616,matched,aligned,true,true,true,exec_profile,gtpin_total_execution_cycles,5058182,4939,cycles,1024,5058182,4939,0,0,,,0,0,0,"{""gtpin_avg_execution_cycles_per_invocation"":4939,""gtpin_invocation_count"":1024,""gtpin_total_execution_cycles"":5058182}",InvocationCount=1024;TotalExecutionCycles=5058182;AvgExecutionCyclesPerInvocation=4939
n1_i10,10,1,10,performance,false,layers.*/self_attn,/model/layers.16/self_attn/Mul_8,Multiply,Multiply,multiply:/model/layers.16/self_attn/Mul_8,multiply:/model/layers.16/self_attn/Mul_8,eltwise,generic_eltwise_ref,863,generic_eltwise_ref_7125964068740378811_0_0__sa,generic_eltwise_ref_7125964068740378811_0_0__sa,1,5550,matched,aligned,true,true,true,exec_profile,gtpin_total_execution_cycles,5010010,4892,cycles,1024,5010010,4892,0,0,,,0,0,0,"{""gtpin_avg_execution_cycles_per_invocation"":4892,""gtpin_invocation_count"":1024,""gtpin_total_execution_cycles"":5010010}",InvocationCount=1024;TotalExecutionCycles=5010010;AvgExecutionCyclesPerInvocation=4892
n1_i10,10,1,10,performance,false,layers.*/self_attn,/model/layers.15/self_attn/Transpose_3,Transpose,Transpose,transpose:/model/layers.15/self_attn/Transpose_3,transpose:/model/layers.15/self_attn/Transpose_3,permute,permute_ref,840,permute_ref_17183202574580890641_0_0__sa,permute_ref_17183202574580890641_0_0__sa,1,5532,matched,aligned,true,true,true,exec_profile,gtpin_total_execution_cycles,4979680,4862,cycles,1024,4979680,4862,0,0,,,0,0,0,"{""gtpin_avg_execution_cycles_per_invocation"":4862,""gtpin_invocation_count"":1024,""gtpin_total_execution_cycles"":4979680}",InvocationCount=1024;TotalExecutionCycles=4979680;AvgExecutionCyclesPerInvocation=4862
n1_i10,10,1,10,performance,false,layers.*/self_attn,/model/layers.10/self_attn/Mul_8,Multiply,Multiply,multiply:/model/layers.10/self_attn/Mul_8,multiply:/model/layers.10/self_attn/Mul_8,eltwise,generic_eltwise_ref,647,generic_eltwise_ref_7125964068740378811_0_0__sa,generic_eltwise_ref_7125964068740378811_0_0__sa,1,5418,matched,aligned,true,true,true,exec_profile,gtpin_total_execution_cycles,4978938,4862,cycles,1024,4978938,4862,0,0,,,0,0,0,"{""gtpin_avg_execution_cycles_per_invocation"":4862,""gtpin_invocation_count"":1024,""gtpin_total_execution_cycles"":4978938}",InvocationCount=1024;TotalExecutionCycles=4978938;AvgExecutionCyclesPerInvocation=4862
n1_i10,10,1,10,performance,false,layers.*/self_attn,/model/layers.8/self_attn/Transpose_3,Transpose,Transpose,transpose:/model/layers.8/self_attn/Transpose_3,transpose:/model/layers.8/self_attn/Transpose_3,permute,permute_ref,588,permute_ref_17183202574580890641_0_0__sa,permute_ref_17183202574580890641_0_0__sa,1,5378,matched,aligned,true,true,true,exec_profile,gtpin_total_execution_cycles,4890712,4776,cycles,1024,4890712,4776,0,0,,,0,0,0,"{""gtpin_avg_execution_cycles_per_invocation"":4776,""gtpin_invocation_count"":1024,""gtpin_total_execution_cycles"":4890712}",InvocationCount=1024;TotalExecutionCycles=4890712;AvgExecutionCyclesPerInvocation=4776
n1_i10,10,1,10,performance,false,layers.*/self_attn,/model/layers.0/self_attn/Transpose_3,Transpose,Transpose,transpose:/model/layers.0/self_attn/Transpose_3,transpose:/model/layers.0/self_attn/Transpose_3,permute,permute_ref,300,permute_ref_17183202574580890641_0_0__sa,permute_ref_17183202574580890641_0_0__sa,1,5202,matched,aligned,true,true,true,exec_profile,gtpin_total_execution_cycles,4888270,4773,cycles,1024,4888270,4773,0,0,,,0,0,0,"{""gtpin_avg_execution_cycles_per_invocation"":4773,""gtpin_invocation_count"":1024,""gtpin_total_execution_cycles"":4888270}",InvocationCount=1024;TotalExecutionCycles=4888270;AvgExecutionCyclesPerInvocation=4773
n1_i10,10,1,10,performance,false,layers.*/self_attn,/model/layers.7/self_attn/Transpose_3,Transpose,Transpose,transpose:/model/layers.7/self_attn/Transpose_3,transpose:/model/layers.7/self_attn/Transpose_3,permute,permute_ref,552,permute_ref_17183202574580890641_0_0__sa,permute_ref_17183202574580890641_0_0__sa,1,5356,matched,aligned,true,true,true,exec_profile,gtpin_total_execution_cycles,4888074,4773,cycles,1024,4888074,4773,0,0,,,0,0,0,"{""gtpin_avg_execution_cycles_per_invocation"":4773,""gtpin_invocation_count"":1024,""gtpin_total_execution_cycles"":4888074}",InvocationCount=1024;TotalExecutionCycles=4888074;AvgExecutionCyclesPerInvocation=4773
n1_i10,10,1,10,performance,false,layers.*/self_attn,/model/layers.4/self_attn/Transpose_3,Transpose,Transpose,transpose:/model/layers.4/self_attn/Transpose_3,transpose:/model/layers.4/self_attn/Transpose_3,permute,permute_ref,444,permute_ref_17183202574580890641_0_0__sa,permute_ref_17183202574580890641_0_0__sa,1,5290,matched,aligned,true,true,true,exec_profile,gtpin_total_execution_cycles,4884504,4770,cycles,1024,4884504,4770,0,0,,,0,0,0,"{""gtpin_avg_execution_cycles_per_invocation"":4770,""gtpin_invocation_count"":1024,""gtpin_total_execution_cycles"":4884504}",InvocationCount=1024;TotalExecutionCycles=4884504;AvgExecutionCyclesPerInvocation=4770
n1_i10,10,1,10,performance,false,layers.*/self_attn,/model/layers.5/self_attn/Expand,Broadcast,Broadcast,broadcast:/model/layers.5/self_attn/Expand,broadcast:/model/layers.5/self_attn/Expand,broadcast,broadcast_gpu_ref,477,broadcast_gpu_ref_6456514822857321615_0_0__sa,broadcast_gpu_ref_6456514822857321615_0_0__sa,1,5310,matched,aligned,true,true,true,exec_profile,gtpin_total_execution_cycles,4871636,4757,cycles,1024,4871636,4757,0,0,,,0,0,0,"{""gtpin_avg_execution_cycles_per_invocation"":4757,""gtpin_invocation_count"":1024,""gtpin_total_execution_cycles"":4871636}",InvocationCount=1024;TotalExecutionCycles=4871636;AvgExecutionCyclesPerInvocation=4757
n1_i10,10,1,10,performance,false,layers.*/self_attn,/model/layers.8/self_attn/Mul_8,Multiply,Multiply,multiply:/model/layers.8/self_attn/Mul_8,multiply:/model/layers.8/self_attn/Mul_8,eltwise,generic_eltwise_ref,575,generic_eltwise_ref_7125964068740378811_0_0__sa,generic_eltwise_ref_7125964068740378811_0_0__sa,1,5374,matched,aligned,true,true,true,exec_profile,gtpin_total_execution_cycles,4869120,4755,cycles,1024,4869120,4755,0,0,,,0,0,0,"{""gtpin_avg_execution_cycles_per_invocation"":4755,""gtpin_invocation_count"":1024,""gtpin_total_execution_cycles"":4869120}",InvocationCount=1024;TotalExecutionCycles=4869120;AvgExecutionCyclesPerInvocation=4755
n1_i10,10,1,10,performance,false,layers.*/self_attn,/model/layers.2/self_attn/Expand,Broadcast,Broadcast,broadcast:/model/layers.2/self_attn/Expand,broadcast:/model/layers.2/self_attn/Expand,broadcast,broadcast_gpu_ref,369,broadcast_gpu_ref_6456514822857321615_0_0__sa,broadcast_gpu_ref_6456514822857321615_0_0__sa,1,5244,matched,aligned,true,true,true,exec_profile,gtpin_total_execution_cycles,4861766,4747,cycles,1024,4861766,4747,0,0,,,0,0,0,"{""gtpin_avg_execution_cycles_per_invocation"":4747,""gtpin_invocation_count"":1024,""gtpin_total_execution_cycles"":4861766}",InvocationCount=1024;TotalExecutionCycles=4861766;AvgExecutionCyclesPerInvocation=4747
n1_i10,10,1,10,performance,false,layers.*/self_attn,/model/layers.4/self_attn/Mul_8,Multiply,Multiply,multiply:/model/layers.4/self_attn/Mul_8,multiply:/model/layers.4/self_attn/Mul_8,eltwise,generic_eltwise_ref,431,generic_eltwise_ref_7125964068740378811_0_0__sa,generic_eltwise_ref_7125964068740378811_0_0__sa,1,5286,matched,aligned,true,true,true,exec_profile,gtpin_total_execution_cycles,4831310,4718,cycles,1024,4831310,4718,0,0,,,0,0,0,"{""gtpin_avg_execution_cycles_per_invocation"":4718,""gtpin_invocation_count"":1024,""gtpin_total_execution_cycles"":4831310}",InvocationCount=1024;TotalExecutionCycles=4831310;AvgExecutionCyclesPerInvocation=4718
n1_i10,10,1,10,performance,false,layers.*/self_attn,/model/layers.16/self_attn/Transpose_3,Transpose,Transpose,transpose:/model/layers.16/self_attn/Transpose_3,transpose:/model/layers.16/self_attn/Transpose_3,permute,permute_ref,876,permute_ref_17183202574580890641_0_0__sa,permute_ref_17183202574580890641_0_0__sa,1,5554,matched,aligned,true,true,true,exec_profile,gtpin_total_execution_cycles,4788394,4676,cycles,1024,4788394,4676,0,0,,,0,0,0,"{""gtpin_avg_execution_cycles_per_invocation"":4676,""gtpin_invocation_count"":1024,""gtpin_total_execution_cycles"":4788394}",InvocationCount=1024;TotalExecutionCycles=4788394;AvgExecutionCyclesPerInvocation=4676
n1_i10,10,1,10,performance,false,layers.*/self_attn,/model/layers.0/self_attn/Mul_8,Multiply,Multiply,multiply:/model/layers.0/self_attn/Mul_8,multiply:/model/layers.0/self_attn/Mul_8,eltwise,generic_eltwise_ref,290,generic_eltwise_ref_7125964068740378811_0_0__sa,generic_eltwise_ref_7125964068740378811_0_0__sa,1,5199,matched,aligned,true,true,true,exec_profile,gtpin_total_execution_cycles,4742256,4631,cycles,1024,4742256,4631,0,0,,,0,0,0,"{""gtpin_avg_execution_cycles_per_invocation"":4631,""gtpin_invocation_count"":1024,""gtpin_total_execution_cycles"":4742256}",InvocationCount=1024;TotalExecutionCycles=4742256;AvgExecutionCyclesPerInvocation=4631
n1_i10,10,1,10,performance,false,layers.*/self_attn,/model/layers.2/self_attn/Mul_8,Multiply,Multiply,multiply:/model/layers.2/self_attn/Mul_8,multiply:/model/layers.2/self_attn/Mul_8,eltwise,generic_eltwise_ref,359,generic_eltwise_ref_7125964068740378811_0_0__sa,generic_eltwise_ref_7125964068740378811_0_0__sa,1,5242,matched,aligned,true,true,true,exec_profile,gtpin_total_execution_cycles,4738190,4627,cycles,1024,4738190,4627,0,0,,,0,0,0,"{""gtpin_avg_execution_cycles_per_invocation"":4627,""gtpin_invocation_count"":1024,""gtpin_total_execution_cycles"":4738190}",InvocationCount=1024;TotalExecutionCycles=4738190;AvgExecutionCyclesPerInvocation=4627
n1_i10,10,1,10,performance,false,layers.*/self_attn,/model/layers.21/self_attn/Mul_8,Multiply,Multiply,multiply:/model/layers.21/self_attn/Mul_8,multiply:/model/layers.21/self_attn/Mul_8,eltwise,generic_eltwise_ref,1043,generic_eltwise_ref_7125964068740378811_0_0__sa,generic_eltwise_ref_7125964068740378811_0_0__sa,1,5660,matched,aligned,true,true,true,exec_profile,gtpin_total_execution_cycles,4622084,4513,cycles,1024,4622084,4513,0,0,,,0,0,0,"{""gtpin_avg_execution_cycles_per_invocation"":4513,""gtpin_invocation_count"":1024,""gtpin_total_execution_cycles"":4622084}",InvocationCount=1024;TotalExecutionCycles=4622084;AvgExecutionCyclesPerInvocation=4513
n1_i10,10,1,10,performance,false,layers.*/self_attn,/model/layers.9/self_attn/Mul_8,Multiply,Multiply,multiply:/model/layers.9/self_attn/Mul_8,multiply:/model/layers.9/self_attn/Mul_8,eltwise,generic_eltwise_ref,611,generic_eltwise_ref_7125964068740378811_0_0__sa,generic_eltwise_ref_7125964068740378811_0_0__sa,1,5396,matched,aligned,true,true,true,exec_profile,gtpin_total_execution_cycles,4605070,4497,cycles,1024,4605070,4497,0,0,,,0,0,0,"{""gtpin_avg_execution_cycles_per_invocation"":4497,""gtpin_invocation_count"":1024,""gtpin_total_execution_cycles"":4605070}",InvocationCount=1024;TotalExecutionCycles=4605070;AvgExecutionCyclesPerInvocation=4497
n1_i10,10,1,10,performance,false,layers.*/self_attn,/model/layers.15/self_attn/Mul_8,Multiply,Multiply,multiply:/model/layers.15/self_attn/Mul_8,multiply:/model/layers.15/self_attn/Mul_8,eltwise,generic_eltwise_ref,827,generic_eltwise_ref_7125964068740378811_0_0__sa,generic_eltwise_ref_7125964068740378811_0_0__sa,1,5528,matched,aligned,true,true,true,exec_profile,gtpin_total_execution_cycles,4578476,4471,cycles,1024,4578476,4471,0,0,,,0,0,0,"{""gtpin_avg_execution_cycles_per_invocation"":4471,""gtpin_invocation_count"":1024,""gtpin_total_execution_cycles"":4578476}",InvocationCount=1024;TotalExecutionCycles=4578476;AvgExecutionCyclesPerInvocation=4471
n1_i10,10,1,10,performance,false,layers.*/self_attn,/model/layers.11/self_attn/Expand_1,Broadcast,Broadcast,broadcast:/model/layers.11/self_attn/Expand_1,broadcast:/model/layers.11/self_attn/Expand_1,broadcast,broadcast_gpu_ref,686,broadcast_gpu_ref_6456514822857321615_0_0__sa,broadcast_gpu_ref_6456514822857321615_0_0__sa,1,5441,matched,aligned,true,true,true,exec_profile,gtpin_total_execution_cycles,4563340,4456,cycles,1024,4563340,4456,0,0,,,0,0,0,"{""gtpin_avg_execution_cycles_per_invocation"":4456,""gtpin_invocation_count"":1024,""gtpin_total_execution_cycles"":4563340}",InvocationCount=1024;TotalExecutionCycles=4563340;AvgExecutionCyclesPerInvocation=4456
n1_i10,10,1,10,performance,false,layers.*/self_attn,/model/layers.16/self_attn/Expand_1,Broadcast,Broadcast,broadcast:/model/layers.16/self_attn/Expand_1,broadcast:/model/layers.16/self_attn/Expand_1,broadcast,broadcast_gpu_ref,866,broadcast_gpu_ref_6456514822857321615_0_0__sa,broadcast_gpu_ref_6456514822857321615_0_0__sa,1,5551,matched,aligned,true,true,true,exec_profile,gtpin_total_execution_cycles,4552926,4446,cycles,1024,4552926,4446,0,0,,,0,0,0,"{""gtpin_avg_execution_cycles_per_invocation"":4446,""gtpin_invocation_count"":1024,""gtpin_total_execution_cycles"":4552926}",InvocationCount=1024;TotalExecutionCycles=4552926;AvgExecutionCyclesPerInvocation=4446
n1_i10,10,1,10,performance,false,layers.*/self_attn,/model/layers.8/self_attn/Expand_1,Broadcast,Broadcast,broadcast:/model/layers.8/self_attn/Expand_1,broadcast:/model/layers.8/self_attn/Expand_1,broadcast,broadcast_gpu_ref,578,broadcast_gpu_ref_6456514822857321615_0_0__sa,broadcast_gpu_ref_6456514822857321615_0_0__sa,1,5375,matched,aligned,true,true,true,exec_profile,gtpin_total_execution_cycles,4535496,4429,cycles,1024,4535496,4429,0,0,,,0,0,0,"{""gtpin_avg_execution_cycles_per_invocation"":4429,""gtpin_invocation_count"":1024,""gtpin_total_execution_cycles"":4535496}",InvocationCount=1024;TotalExecutionCycles=4535496;AvgExecutionCyclesPerInvocation=4429
n1_i10,10,1,10,performance,false,layers.*/self_attn,/model/layers.7/self_attn/Mul_8,Multiply,Multiply,multiply:/model/layers.7/self_attn/Mul_8,multiply:/model/layers.7/self_attn/Mul_8,eltwise,generic_eltwise_ref,539,generic_eltwise_ref_7125964068740378811_0_0__sa,generic_eltwise_ref_7125964068740378811_0_0__sa,1,5352,matched,aligned,true,true,true,exec_profile,gtpin_total_execution_cycles,4531826,4425,cycles,1024,4531826,4425,0,0,,,0,0,0,"{""gtpin_avg_execution_cycles_per_invocation"":4425,""gtpin_invocation_count"":1024,""gtpin_total_execution_cycles"":4531826}",InvocationCount=1024;TotalExecutionCycles=4531826;AvgExecutionCyclesPerInvocation=4425
n1_i10,10,1,10,performance,false,layers.*/self_attn,/model/layers.0/self_attn/Expand,Broadcast,Broadcast,broadcast:/model/layers.0/self_attn/Expand,broadcast:/model/layers.0/self_attn/Expand,broadcast,broadcast_gpu_ref,296,broadcast_gpu_ref_6456514822857321615_0_0__sa,broadcast_gpu_ref_6456514822857321615_0_0__sa,1,5200,matched,aligned,true,true,true,exec_profile,gtpin_total_execution_cycles,4470880,4366,cycles,1024,4470880,4366,0,0,,,0,0,0,"{""gtpin_avg_execution_cycles_per_invocation"":4366,""gtpin_invocation_count"":1024,""gtpin_total_execution_cycles"":4470880}",InvocationCount=1024;TotalExecutionCycles=4470880;AvgExecutionCyclesPerInvocation=4366
n1_i10,10,1,10,performance,false,layers.*/self_attn,/model/layers.4/self_attn/Expand_1,Broadcast,Broadcast,broadcast:/model/layers.4/self_attn/Expand_1,broadcast:/model/layers.4/self_attn/Expand_1,broadcast,broadcast_gpu_ref,434,broadcast_gpu_ref_6456514822857321615_0_0__sa,broadcast_gpu_ref_6456514822857321615_0_0__sa,1,5287,matched,aligned,true,true,true,exec_profile,gtpin_total_execution_cycles,4433818,4329,cycles,1024,4433818,4329,0,0,,,0,0,0,"{""gtpin_avg_execution_cycles_per_invocation"":4329,""gtpin_invocation_count"":1024,""gtpin_total_execution_cycles"":4433818}",InvocationCount=1024;TotalExecutionCycles=4433818;AvgExecutionCyclesPerInvocation=4329
n1_i10,10,1,10,performance,false,layers.*/self_attn,/model/layers.15/self_attn/Expand_1,Broadcast,Broadcast,broadcast:/model/layers.15/self_attn/Expand_1,broadcast:/model/layers.15/self_attn/Expand_1,broadcast,broadcast_gpu_ref,830,broadcast_gpu_ref_6456514822857321615_0_0__sa,broadcast_gpu_ref_6456514822857321615_0_0__sa,1,5529,matched,aligned,true,true,true,exec_profile,gtpin_total_execution_cycles,4427570,4323,cycles,1024,4427570,4323,0,0,,,0,0,0,"{""gtpin_avg_execution_cycles_per_invocation"":4323,""gtpin_invocation_count"":1024,""gtpin_total_execution_cycles"":4427570}",InvocationCount=1024;TotalExecutionCycles=4427570;AvgExecutionCyclesPerInvocation=4323
n1_i10,10,1,10,performance,false,layers.*/self_attn,/model/layers.7/self_attn/Expand_1,Broadcast,Broadcast,broadcast:/model/layers.7/self_attn/Expand_1,broadcast:/model/layers.7/self_attn/Expand_1,broadcast,broadcast_gpu_ref,542,broadcast_gpu_ref_6456514822857321615_0_0__sa,broadcast_gpu_ref_6456514822857321615_0_0__sa,1,5353,matched,aligned,true,true,true,exec_profile,gtpin_total_execution_cycles,4412614,4309,cycles,1024,4412614,4309,0,0,,,0,0,0,"{""gtpin_avg_execution_cycles_per_invocation"":4309,""gtpin_invocation_count"":1024,""gtpin_total_execution_cycles"":4412614}",InvocationCount=1024;TotalExecutionCycles=4412614;AvgExecutionCyclesPerInvocation=4309
n1_i10,10,1,10,performance,false,layers.*/self_attn,/model/layers.19/self_attn/Expand_1,Broadcast,Broadcast,broadcast:/model/layers.19/self_attn/Expand_1,broadcast:/model/layers.19/self_attn/Expand_1,broadcast,broadcast_gpu_ref,974,broadcast_gpu_ref_6456514822857321615_0_0__sa,broadcast_gpu_ref_6456514822857321615_0_0__sa,1,5617,matched,aligned,true,true,true,exec_profile,gtpin_total_execution_cycles,4398754,4295,cycles,1024,4398754,4295,0,0,,,0,0,0,"{""gtpin_avg_execution_cycles_per_invocation"":4295,""gtpin_invocation_count"":1024,""gtpin_total_execution_cycles"":4398754}",InvocationCount=1024;TotalExecutionCycles=4398754;AvgExecutionCyclesPerInvocation=4295
n1_i10,10,1,10,performance,false,layers.*/self_attn,/model/layers.3/self_attn/Mul_8,Multiply,Multiply,multiply:/model/layers.3/self_attn/Mul_8,multiply:/model/layers.3/self_attn/Mul_8,eltwise,generic_eltwise_ref,395,generic_eltwise_ref_7125964068740378811_0_0__sa,generic_eltwise_ref_7125964068740378811_0_0__sa,1,5264,matched,aligned,true,true,true,exec_profile,gtpin_total_execution_cycles,4368118,4265,cycles,1024,4368118,4265,0,0,,,0,0,0,"{""gtpin_avg_execution_cycles_per_invocation"":4265,""gtpin_invocation_count"":1024,""gtpin_total_execution_cycles"":4368118}",InvocationCount=1024;TotalExecutionCycles=4368118;AvgExecutionCyclesPerInvocation=4265
n1_i10,10,1,10,performance,false,layers.*/self_attn,/model/layers.6/self_attn/Expand_1,Broadcast,Broadcast,broadcast:/model/layers.6/self_attn/Expand_1,broadcast:/model/layers.6/self_attn/Expand_1,broadcast,broadcast_gpu_ref,506,broadcast_gpu_ref_6456514822857321615_0_0__sa,broadcast_gpu_ref_6456514822857321615_0_0__sa,1,5331,matched,aligned,true,true,true,exec_profile,gtpin_total_execution_cycles,4345638,4243,cycles,1024,4345638,4243,0,0,,,0,0,0,"{""gtpin_avg_execution_cycles_per_invocation"":4243,""gtpin_invocation_count"":1024,""gtpin_total_execution_cycles"":4345638}",InvocationCount=1024;TotalExecutionCycles=4345638;AvgExecutionCyclesPerInvocation=4243
n1_i10,10,1,10,performance,false,layers.*/self_attn,/model/layers.1/self_attn/k_proj/MatMul,FullyConnected,FullyConnected,fullyconnected:/model/layers.1/self_attn/k_proj/MatMul,fullyconnected:/model/layers.1/self_attn/k_proj/MatMul,fully_connected,fully_connected_gpu_bf_tiled,315,fully_connected_gpu_bf_tiled_17963963101609895522_0_0,fully_connected_gpu_bf_tiled_17963963101609895522_0_0,1,5216,matched,aligned,true,true,true,exec_profile,gtpin_total_execution_cycles,4345492,543186,cycles,8,4345492,543186,0,0,,,0,0,0,"{""gtpin_avg_execution_cycles_per_invocation"":543186,""gtpin_invocation_count"":8,""gtpin_total_execution_cycles"":4345492}",InvocationCount=8;TotalExecutionCycles=4345492;AvgExecutionCyclesPerInvocation=543186
n1_i10,10,1,10,performance,false,layers.*/self_attn,/model/layers.0/self_attn/k_proj/MatMul,FullyConnected,FullyConnected,fullyconnected:/model/layers.0/self_attn/k_proj/MatMul,fullyconnected:/model/layers.0/self_attn/k_proj/MatMul,fully_connected,fully_connected_gpu_bf_tiled,240,fully_connected_gpu_bf_tiled_17963963101609895522_0_0,fully_connected_gpu_bf_tiled_17963963101609895522_0_0,1,5183,matched,aligned,true,true,true,exec_profile,gtpin_total_execution_cycles,4309970,538746,cycles,8,4309970,538746,0,0,,,0,0,0,"{""gtpin_avg_execution_cycles_per_invocation"":538746,""gtpin_invocation_count"":8,""gtpin_total_execution_cycles"":4309970}",InvocationCount=8;TotalExecutionCycles=4309970;AvgExecutionCyclesPerInvocation=538746
n1_i10,10,1,10,performance,false,layers.*/self_attn,/model/layers.1/self_attn/Expand_1,Broadcast,Broadcast,broadcast:/model/layers.1/self_attn/Expand_1,broadcast:/model/layers.1/self_attn/Expand_1,broadcast,broadcast_gpu_ref,326,broadcast_gpu_ref_6456514822857321615_0_0__sa,broadcast_gpu_ref_6456514822857321615_0_0__sa,1,5221,matched,aligned,true,true,true,exec_profile,gtpin_total_execution_cycles,4306256,4205,cycles,1024,4306256,4205,0,0,,,0,0,0,"{""gtpin_avg_execution_cycles_per_invocation"":4205,""gtpin_invocation_count"":1024,""gtpin_total_execution_cycles"":4306256}",InvocationCount=1024;TotalExecutionCycles=4306256;AvgExecutionCyclesPerInvocation=4205
n1_i10,10,1,10,performance,false,layers.*/self_attn,/model/layers.18/self_attn/Expand_1,Broadcast,Broadcast,broadcast:/model/layers.18/self_attn/Expand_1,broadcast:/model/layers.18/self_attn/Expand_1,broadcast,broadcast_gpu_ref,938,broadcast_gpu_ref_6456514822857321615_0_0__sa,broadcast_gpu_ref_6456514822857321615_0_0__sa,1,5595,matched,aligned,true,true,true,exec_profile,gtpin_total_execution_cycles,4303472,4202,cycles,1024,4303472,4202,0,0,,,0,0,0,"{""gtpin_avg_execution_cycles_per_invocation"":4202,""gtpin_invocation_count"":1024,""gtpin_total_execution_cycles"":4303472}",InvocationCount=1024;TotalExecutionCycles=4303472;AvgExecutionCyclesPerInvocation=4202
n1_i10,10,1,10,performance,false,layers.*/self_attn,/model/layers.13/self_attn/Expand_1,Broadcast,Broadcast,broadcast:/model/layers.13/self_attn/Expand_1,broadcast:/model/layers.13/self_attn/Expand_1,broadcast,broadcast_gpu_ref,758,broadcast_gpu_ref_6456514822857321615_0_0__sa,broadcast_gpu_ref_6456514822857321615_0_0__sa,1,5485,matched,aligned,true,true,true,exec_profile,gtpin_total_execution_cycles,4251314,4151,cycles,1024,4251314,4151,0,0,,,0,0,0,"{""gtpin_avg_execution_cycles_per_invocation"":4151,""gtpin_invocation_count"":1024,""gtpin_total_execution_cycles"":4251314}",InvocationCount=1024;TotalExecutionCycles=4251314;AvgExecutionCyclesPerInvocation=4151
n1_i10,10,1,10,performance,false,layers.*/self_attn,/model/layers.2/self_attn/Expand_1,Broadcast,Broadcast,broadcast:/model/layers.2/self_attn/Expand_1,broadcast:/model/layers.2/self_attn/Expand_1,broadcast,broadcast_gpu_ref,362,broadcast_gpu_ref_6456514822857321615_0_0__sa,broadcast_gpu_ref_6456514822857321615_0_0__sa,1,5243,matched,aligned,true,true,true,exec_profile,gtpin_total_execution_cycles,4240430,4141,cycles,1024,4240430,4141,0,0,,,0,0,0,"{""gtpin_avg_execution_cycles_per_invocation"":4141,""gtpin_invocation_count"":1024,""gtpin_total_execution_cycles"":4240430}",InvocationCount=1024;TotalExecutionCycles=4240430;AvgExecutionCyclesPerInvocation=4141
n1_i10,10,1,10,performance,false,layers.*/self_attn,/model/layers.21/self_attn/Expand_1,Broadcast,Broadcast,broadcast:/model/layers.21/self_attn/Expand_1,broadcast:/model/layers.21/self_attn/Expand_1,broadcast,broadcast_gpu_ref,1046,broadcast_gpu_ref_6456514822857321615_0_0__sa,broadcast_gpu_ref_6456514822857321615_0_0__sa,1,5661,matched,aligned,true,true,true,exec_profile,gtpin_total_execution_cycles,4190596,4092,cycles,1024,4190596,4092,0,0,,,0,0,0,"{""gtpin_avg_execution_cycles_per_invocation"":4092,""gtpin_invocation_count"":1024,""gtpin_total_execution_cycles"":4190596}",InvocationCount=1024;TotalExecutionCycles=4190596;AvgExecutionCyclesPerInvocation=4092
n1_i10,10,1,10,performance,false,layers.*/self_attn,/model/layers.14/self_attn/Expand_1,Broadcast,Broadcast,broadcast:/model/layers.14/self_attn/Expand_1,broadcast:/model/layers.14/self_attn/Expand_1,broadcast,broadcast_gpu_ref,794,broadcast_gpu_ref_6456514822857321615_0_0__sa,broadcast_gpu_ref_6456514822857321615_0_0__sa,1,5507,matched,aligned,true,true,true,exec_profile,gtpin_total_execution_cycles,4178576,4080,cycles,1024,4178576,4080,0,0,,,0,0,0,"{""gtpin_avg_execution_cycles_per_invocation"":4080,""gtpin_invocation_count"":1024,""gtpin_total_execution_cycles"":4178576}",InvocationCount=1024;TotalExecutionCycles=4178576;AvgExecutionCyclesPerInvocation=4080
n1_i10,10,1,10,performance,false,layers.*/self_attn,/model/layers.0/self_attn/Expand_1,Broadcast,Broadcast,broadcast:/model/layers.0/self_attn/Expand_1,broadcast:/model/layers.0/self_attn/Expand_1,broadcast,broadcast_gpu_ref,277,broadcast_gpu_ref_6456514822857321615_0_0__sa,broadcast_gpu_ref_6456514822857321615_0_0__sa,1,5193,matched,aligned,true,true,true,exec_profile,gtpin_total_execution_cycles,4161674,4064,cycles,1024,4161674,4064,0,0,,,0,0,0,"{""gtpin_avg_execution_cycles_per_invocation"":4064,""gtpin_invocation_count"":1024,""gtpin_total_execution_cycles"":4161674}",InvocationCount=1024;TotalExecutionCycles=4161674;AvgExecutionCyclesPerInvocation=4064
n1_i10,10,1,10,performance,false,layers.*/self_attn,/model/layers.0/self_attn/v_proj/MatMul,FullyConnected,FullyConnected,fullyconnected:/model/layers.0/self_attn/v_proj/MatMul,fullyconnected:/model/layers.0/self_attn/v_proj/MatMul,fully_connected,fully_connected_gpu_bf_tiled,238,fully_connected_gpu_bf_tiled_17963963101609895522_0_0,fully_connected_gpu_bf_tiled_17963963101609895522_0_0,1,5181,matched,aligned,true,true,true,exec_profile,gtpin_total_execution_cycles,4158532,519816,cycles,8,4158532,519816,0,0,,,0,0,0,"{""gtpin_avg_execution_cycles_per_invocation"":519816,""gtpin_invocation_count"":8,""gtpin_total_execution_cycles"":4158532}",InvocationCount=8;TotalExecutionCycles=4158532;AvgExecutionCyclesPerInvocation=519816
n1_i10,10,1,10,performance,false,layers.*/self_attn,/model/layers.1/self_attn/v_proj/MatMul,FullyConnected,FullyConnected,fullyconnected:/model/layers.1/self_attn/v_proj/MatMul,fullyconnected:/model/layers.1/self_attn/v_proj/MatMul,fully_connected,fully_connected_gpu_bf_tiled,313,fully_connected_gpu_bf_tiled_17963963101609895522_0_0,fully_connected_gpu_bf_tiled_17963963101609895522_0_0,1,5214,matched,aligned,true,true,true,exec_profile,gtpin_total_execution_cycles,4156050,519506,cycles,8,4156050,519506,0,0,,,0,0,0,"{""gtpin_avg_execution_cycles_per_invocation"":519506,""gtpin_invocation_count"":8,""gtpin_total_execution_cycles"":4156050}",InvocationCount=8;TotalExecutionCycles=4156050;AvgExecutionCyclesPerInvocation=519506
n1_i10,10,1,10,performance,false,layers.*/self_attn,/model/layers.20/self_attn/Expand_1,Broadcast,Broadcast,broadcast:/model/layers.20/self_attn/Expand_1,broadcast:/model/layers.20/self_attn/Expand_1,broadcast,broadcast_gpu_ref,1010,broadcast_gpu_ref_6456514822857321615_0_0__sa,broadcast_gpu_ref_6456514822857321615_0_0__sa,1,5639,matched,aligned,true,true,true,exec_profile,gtpin_total_execution_cycles,4153458,4056,cycles,1024,4153458,4056,0,0,,,0,0,0,"{""gtpin_avg_execution_cycles_per_invocation"":4056,""gtpin_invocation_count"":1024,""gtpin_total_execution_cycles"":4153458}",InvocationCount=1024;TotalExecutionCycles=4153458;AvgExecutionCyclesPerInvocation=4056
n1_i10,10,1,10,performance,false,layers.*/self_attn,/model/layers.9/self_attn/Expand_1,Broadcast,Broadcast,broadcast:/model/layers.9/self_attn/Expand_1,broadcast:/model/layers.9/self_attn/Expand_1,broadcast,broadcast_gpu_ref,614,broadcast_gpu_ref_6456514822857321615_0_0__sa,broadcast_gpu_ref_6456514822857321615_0_0__sa,1,5397,matched,aligned,true,true,true,exec_profile,gtpin_total_execution_cycles,4150548,4053,cycles,1024,4150548,4053,0,0,,,0,0,0,"{""gtpin_avg_execution_cycles_per_invocation"":4053,""gtpin_invocation_count"":1024,""gtpin_total_execution_cycles"":4150548}",InvocationCount=1024;TotalExecutionCycles=4150548;AvgExecutionCyclesPerInvocation=4053
n1_i10,10,1,10,performance,false,layers.*/self_attn,/model/layers.10/self_attn/Expand_1,Broadcast,Broadcast,broadcast:/model/layers.10/self_attn/Expand_1,broadcast:/model/layers.10/self_attn/Expand_1,broadcast,broadcast_gpu_ref,650,broadcast_gpu_ref_6456514822857321615_0_0__sa,broadcast_gpu_ref_6456514822857321615_0_0__sa,1,5419,matched,aligned,true,true,true,exec_profile,gtpin_total_execution_cycles,4141200,4044,cycles,1024,4141200,4044,0,0,,,0,0,0,"{""gtpin_avg_execution_cycles_per_invocation"":4044,""gtpin_invocation_count"":1024,""gtpin_total_execution_cycles"":4141200}",InvocationCount=1024;TotalExecutionCycles=4141200;AvgExecutionCyclesPerInvocation=4044
n1_i10,10,1,10,performance,false,layers.*/self_attn,/model/layers.5/self_attn/Expand_1,Broadcast,Broadcast,broadcast:/model/layers.5/self_attn/Expand_1,broadcast:/model/layers.5/self_attn/Expand_1,broadcast,broadcast_gpu_ref,470,broadcast_gpu_ref_6456514822857321615_0_0__sa,broadcast_gpu_ref_6456514822857321615_0_0__sa,1,5309,matched,aligned,true,true,true,exec_profile,gtpin_total_execution_cycles,4126430,4029,cycles,1024,4126430,4029,0,0,,,0,0,0,"{""gtpin_avg_execution_cycles_per_invocation"":4029,""gtpin_invocation_count"":1024,""gtpin_total_execution_cycles"":4126430}",InvocationCount=1024;TotalExecutionCycles=4126430;AvgExecutionCyclesPerInvocation=4029
n1_i10,10,1,10,performance,false,layers.*/self_attn,/model/layers.16/self_attn/Expand,Broadcast,Broadcast,broadcast:/model/layers.16/self_attn/Expand,broadcast:/model/layers.16/self_attn/Expand,broadcast,broadcast_gpu_ref,873,broadcast_gpu_ref_6456514822857321615_0_0__sa,broadcast_gpu_ref_6456514822857321615_0_0__sa,1,5552,matched,aligned,true,true,true,exec_profile,gtpin_total_execution_cycles,4108852,4012,cycles,1024,4108852,4012,0,0,,,0,0,0,"{""gtpin_avg_execution_cycles_per_invocation"":4012,""gtpin_invocation_count"":1024,""gtpin_total_execution_cycles"":4108852}",InvocationCount=1024;TotalExecutionCycles=4108852;AvgExecutionCyclesPerInvocation=4012
n1_i10,10,1,10,performance,false,layers.*/self_attn,/model/layers.8/self_attn/Expand,Broadcast,Broadcast,broadcast:/model/layers.8/self_attn/Expand,broadcast:/model/layers.8/self_attn/Expand,broadcast,broadcast_gpu_ref,585,broadcast_gpu_ref_6456514822857321615_0_0__sa,broadcast_gpu_ref_6456514822857321615_0_0__sa,1,5376,matched,aligned,true,true,true,exec_profile,gtpin_total_execution_cycles,4098738,4002,cycles,1024,4098738,4002,0,0,,,0,0,0,"{""gtpin_avg_execution_cycles_per_invocation"":4002,""gtpin_invocation_count"":1024,""gtpin_total_execution_cycles"":4098738}",InvocationCount=1024;TotalExecutionCycles=4098738;AvgExecutionCyclesPerInvocation=4002
n1_i10,10,1,10,performance,false,layers.*/self_attn,/model/layers.18/self_attn/k_proj/MatMul,FullyConnected,FullyConnected,fullyconnected:/model/layers.18/self_attn/k_proj/MatMul,fullyconnected:/model/layers.18/self_attn/k_proj/MatMul,fully_connected,fully_connected_gpu_bf_tiled,927,fully_connected_gpu_bf_tiled_17963963101609895522_0_0,fully_connected_gpu_bf_tiled_17963963101609895522_0_0,1,5590,matched,aligned,true,true,true,exec_profile,gtpin_total_execution_cycles,4051632,506454,cycles,8,4051632,506454,0,0,,,0,0,0,"{""gtpin_avg_execution_cycles_per_invocation"":506454,""gtpin_invocation_count"":8,""gtpin_total_execution_cycles"":4051632}",InvocationCount=8;TotalExecutionCycles=4051632;AvgExecutionCyclesPerInvocation=506454
n1_i10,10,1,10,performance,false,layers.*/self_attn,/model/layers.15/self_attn/k_proj/MatMul,FullyConnected,FullyConnected,fullyconnected:/model/layers.15/self_attn/k_proj/MatMul,fullyconnected:/model/layers.15/self_attn/k_proj/MatMul,fully_connected,fully_connected_gpu_bf_tiled,819,fully_connected_gpu_bf_tiled_17963963101609895522_0_0,fully_connected_gpu_bf_tiled_17963963101609895522_0_0,1,5524,matched,aligned,true,true,true,exec_profile,gtpin_total_execution_cycles,3931168,491396,cycles,8,3931168,491396,0,0,,,0,0,0,"{""gtpin_avg_execution_cycles_per_invocation"":491396,""gtpin_invocation_count"":8,""gtpin_total_execution_cycles"":3931168}",InvocationCount=8;TotalExecutionCycles=3931168;AvgExecutionCyclesPerInvocation=491396
n1_i10,10,1,10,performance,false,layers.*/self_attn,/model/layers.0/self_attn/MatMul,Gemm,Gemm,gemm:/model/layers.0/self_attn/MatMul,gemm:/model/layers.0/self_attn/MatMul,gemm,gemm_tiled_opt,301,gemm_tiled_opt_7238579717421349067_1_0__sa,gemm_tiled_opt_7238579717421349067_1_0__sa,1,5203,matched,aligned,true,true,true,exec_profile,gtpin_total_execution_cycles,3912808,122275,cycles,32,3912808,122275,0,0,,,0,0,0,"{""gtpin_avg_execution_cycles_per_invocation"":122275,""gtpin_invocation_count"":32,""gtpin_total_execution_cycles"":3912808}",InvocationCount=32;TotalExecutionCycles=3912808;AvgExecutionCyclesPerInvocation=122275
n1_i10,10,1,10,performance,false,layers.*/self_attn,/model/layers.15/self_attn/Expand,Broadcast,Broadcast,broadcast:/model/layers.15/self_attn/Expand,broadcast:/model/layers.15/self_attn/Expand,broadcast,broadcast_gpu_ref,837,broadcast_gpu_ref_6456514822857321615_0_0__sa,broadcast_gpu_ref_6456514822857321615_0_0__sa,1,5530,matched,aligned,true,true,true,exec_profile,gtpin_total_execution_cycles,3877166,3786,cycles,1024,3877166,3786,0,0,,,0,0,0,"{""gtpin_avg_execution_cycles_per_invocation"":3786,""gtpin_invocation_count"":1024,""gtpin_total_execution_cycles"":3877166}",InvocationCount=1024;TotalExecutionCycles=3877166;AvgExecutionCyclesPerInvocation=3786
n1_i10,10,1,10,performance,false,layers.*/self_attn,/model/layers.18/self_attn/v_proj/MatMul,FullyConnected,FullyConnected,fullyconnected:/model/layers.18/self_attn/v_proj/MatMul,fullyconnected:/model/layers.18/self_attn/v_proj/MatMul,fully_connected,fully_connected_gpu_bf_tiled,925,fully_connected_gpu_bf_tiled_17963963101609895522_0_0,fully_connected_gpu_bf_tiled_17963963101609895522_0_0,1,5588,matched,aligned,true,true,true,exec_profile,gtpin_total_execution_cycles,3867332,483416,cycles,8,3867332,483416,0,0,,,0,0,0,"{""gtpin_avg_execution_cycles_per_invocation"":483416,""gtpin_invocation_count"":8,""gtpin_total_execution_cycles"":3867332}",InvocationCount=8;TotalExecutionCycles=3867332;AvgExecutionCyclesPerInvocation=483416
n1_i10,10,1,10,performance,false,layers.*/self_attn,/model/layers.12/self_attn/Expand,Broadcast,Broadcast,broadcast:/model/layers.12/self_attn/Expand,broadcast:/model/layers.12/self_attn/Expand,broadcast,broadcast_gpu_ref,729,broadcast_gpu_ref_6456514822857321615_0_0__sa,broadcast_gpu_ref_6456514822857321615_0_0__sa,1,5464,matched,aligned,true,true,true,exec_profile,gtpin_total_execution_cycles,3832414,3742,cycles,1024,3832414,3742,0,0,,,0,0,0,"{""gtpin_avg_execution_cycles_per_invocation"":3742,""gtpin_invocation_count"":1024,""gtpin_total_execution_cycles"":3832414}",InvocationCount=1024;TotalExecutionCycles=3832414;AvgExecutionCyclesPerInvocation=3742
n1_i10,10,1,10,performance,false,layers.*/self_attn,/model/layers.7/self_attn/k_proj/MatMul,FullyConnected,FullyConnected,fullyconnected:/model/layers.7/self_attn/k_proj/MatMul,fullyconnected:/model/layers.7/self_attn/k_proj/MatMul,fully_connected,fully_connected_gpu_bf_tiled,531,fully_connected_gpu_bf_tiled_17963963101609895522_0_0,fully_connected_gpu_bf_tiled_17963963101609895522_0_0,1,5348,matched,aligned,true,true,true,exec_profile,gtpin_total_execution_cycles,3812750,476593,cycles,8,3812750,476593,0,0,,,0,0,0,"{""gtpin_avg_execution_cycles_per_invocation"":476593,""gtpin_invocation_count"":8,""gtpin_total_execution_cycles"":3812750}",InvocationCount=8;TotalExecutionCycles=3812750;AvgExecutionCyclesPerInvocation=476593
n1_i10,10,1,10,performance,false,layers.*/self_attn,/model/layers.19/self_attn/Expand,Broadcast,Broadcast,broadcast:/model/layers.19/self_attn/Expand,broadcast:/model/layers.19/self_attn/Expand,broadcast,broadcast_gpu_ref,981,broadcast_gpu_ref_6456514822857321615_0_0__sa,broadcast_gpu_ref_6456514822857321615_0_0__sa,1,5618,matched,aligned,true,true,true,exec_profile,gtpin_total_execution_cycles,3808596,3719,cycles,1024,3808596,3719,0,0,,,0,0,0,"{""gtpin_avg_execution_cycles_per_invocation"":3719,""gtpin_invocation_count"":1024,""gtpin_total_execution_cycles"":3808596}",InvocationCount=1024;TotalExecutionCycles=3808596;AvgExecutionCyclesPerInvocation=3719
n1_i10,10,1,10,performance,false,layers.*/self_attn,/model/layers.3/self_attn/Expand,Broadcast,Broadcast,broadcast:/model/layers.3/self_attn/Expand,broadcast:/model/layers.3/self_attn/Expand,broadcast,broadcast_gpu_ref,405,broadcast_gpu_ref_6456514822857321615_0_0__sa,broadcast_gpu_ref_6456514822857321615_0_0__sa,1,5266,matched,aligned,true,true,true,exec_profile,gtpin_total_execution_cycles,3791226,3702,cycles,1024,3791226,3702,0,0,,,0,0,0,"{""gtpin_avg_execution_cycles_per_invocation"":3702,""gtpin_invocation_count"":1024,""gtpin_total_execution_cycles"":3791226}",InvocationCount=1024;TotalExecutionCycles=3791226;AvgExecutionCyclesPerInvocation=3702
n1_i10,10,1,10,performance,false,layers.*/self_attn,/model/layers.17/self_attn/Expand_1,Broadcast,Broadcast,broadcast:/model/layers.17/self_attn/Expand_1,broadcast:/model/layers.17/self_attn/Expand_1,broadcast,broadcast_gpu_ref,902,broadcast_gpu_ref_6456514822857321615_0_0__sa,broadcast_gpu_ref_6456514822857321615_0_0__sa,1,5573,matched,aligned,true,true,true,exec_profile,gtpin_total_execution_cycles,3789930,3701,cycles,1024,3789930,3701,0,0,,,0,0,0,"{""gtpin_avg_execution_cycles_per_invocation"":3701,""gtpin_invocation_count"":1024,""gtpin_total_execution_cycles"":3789930}",InvocationCount=1024;TotalExecutionCycles=3789930;AvgExecutionCyclesPerInvocation=3701
n1_i10,10,1,10,performance,false,layers.*/self_attn,/model/layers.20/self_attn/Expand,Broadcast,Broadcast,broadcast:/model/layers.20/self_attn/Expand,broadcast:/model/layers.20/self_attn/Expand,broadcast,broadcast_gpu_ref,1017,broadcast_gpu_ref_6456514822857321615_0_0__sa,broadcast_gpu_ref_6456514822857321615_0_0__sa,1,5640,matched,aligned,true,true,true,exec_profile,gtpin_total_execution_cycles,3787536,3698,cycles,1024,3787536,3698,0,0,,,0,0,0,"{""gtpin_avg_execution_cycles_per_invocation"":3698,""gtpin_invocation_count"":1024,""gtpin_total_execution_cycles"":3787536}",InvocationCount=1024;TotalExecutionCycles=3787536;AvgExecutionCyclesPerInvocation=3698
n1_i10,10,1,10,performance,false,layers.*/self_attn,/model/layers.10/self_attn/k_proj/MatMul,FullyConnected,FullyConnected,fullyconnected:/model/layers.10/self_attn/k_proj/MatMul,fullyconnected:/model/layers.10/self_attn/k_proj/MatMul,fully_connected,fully_connected_gpu_bf_tiled,639,fully_connected_gpu_bf_tiled_17963963101609895522_0_0,fully_connected_gpu_bf_tiled_17963963101609895522_0_0,1,5414,matched,aligned,true,true,true,exec_profile,gtpin_total_execution_cycles,3774798,471849,cycles,8,3774798,471849,0,0,,,0,0,0,"{""gtpin_avg_execution_cycles_per_invocation"":471849,""gtpin_invocation_count"":8,""gtpin_total_execution_cycles"":3774798}",InvocationCount=8;TotalExecutionCycles=3774798;AvgExecutionCyclesPerInvocation=471849
n1_i10,10,1,10,performance,false,layers.*/self_attn,/model/layers.12/self_attn/Expand_1,Broadcast,Broadcast,broadcast:/model/layers.12/self_attn/Expand_1,broadcast:/model/layers.12/self_attn/Expand_1,broadcast,broadcast_gpu_ref,722,broadcast_gpu_ref_6456514822857321615_0_0__sa,broadcast_gpu_ref_6456514822857321615_0_0__sa,1,5463,matched,aligned,true,true,true,exec_profile,gtpin_total_execution_cycles,3773528,3685,cycles,1024,3773528,3685,0,0,,,0,0,0,"{""gtpin_avg_execution_cycles_per_invocation"":3685,""gtpin_invocation_count"":1024,""gtpin_total_execution_cycles"":3773528}",InvocationCount=1024;TotalExecutionCycles=3773528;AvgExecutionCyclesPerInvocation=3685
n1_i10,10,1,10,performance,false,layers.*/self_attn,/model/layers.11/self_attn/k_proj/MatMul,FullyConnected,FullyConnected,fullyconnected:/model/layers.11/self_attn/k_proj/MatMul,fullyconnected:/model/layers.11/self_attn/k_proj/MatMul,fully_connected,fully_connected_gpu_bf_tiled,675,fully_connected_gpu_bf_tiled_17963963101609895522_0_0,fully_connected_gpu_bf_tiled_17963963101609895522_0_0,1,5436,matched,aligned,true,true,true,exec_profile,gtpin_total_execution_cycles,3766332,470791,cycles,8,3766332,470791,0,0,,,0,0,0,"{""gtpin_avg_execution_cycles_per_invocation"":470791,""gtpin_invocation_count"":8,""gtpin_total_execution_cycles"":3766332}",InvocationCount=8;TotalExecutionCycles=3766332;AvgExecutionCyclesPerInvocation=470791
n1_i10,10,1,10,performance,false,layers.*/self_attn,/model/layers.20/self_attn/k_proj/MatMul,FullyConnected,FullyConnected,fullyconnected:/model/layers.20/self_attn/k_proj/MatMul,fullyconnected:/model/layers.20/self_attn/k_proj/MatMul,fully_connected,fully_connected_gpu_bf_tiled,999,fully_connected_gpu_bf_tiled_17963963101609895522_0_0,fully_connected_gpu_bf_tiled_17963963101609895522_0_0,1,5634,matched,aligned,true,true,true,exec_profile,gtpin_total_execution_cycles,3757306,469663,cycles,8,3757306,469663,0,0,,,0,0,0,"{""gtpin_avg_execution_cycles_per_invocation"":469663,""gtpin_invocation_count"":8,""gtpin_total_execution_cycles"":3757306}",InvocationCount=8;TotalExecutionCycles=3757306;AvgExecutionCyclesPerInvocation=469663
n1_i10,10,1,10,performance,false,layers.*/self_attn,/model/layers.8/self_attn/k_proj/MatMul,FullyConnected,FullyConnected,fullyconnected:/model/layers.8/self_attn/k_proj/MatMul,fullyconnected:/model/layers.8/self_attn/k_proj/MatMul,fully_connected,fully_connected_gpu_bf_tiled,567,fully_connected_gpu_bf_tiled_17963963101609895522_0_0,fully_connected_gpu_bf_tiled_17963963101609895522_0_0,1,5370,matched,aligned,true,true,true,exec_profile,gtpin_total_execution_cycles,3754944,469368,cycles,8,3754944,469368,0,0,,,0,0,0,"{""gtpin_avg_execution_cycles_per_invocation"":469368,""gtpin_invocation_count"":8,""gtpin_total_execution_cycles"":3754944}",InvocationCount=8;TotalExecutionCycles=3754944;AvgExecutionCyclesPerInvocation=469368
n1_i10,10,1,10,performance,false,layers.*/self_attn,/model/layers.21/self_attn/k_proj/MatMul,FullyConnected,FullyConnected,fullyconnected:/model/layers.21/self_attn/k_proj/MatMul,fullyconnected:/model/layers.21/self_attn/k_proj/MatMul,fully_connected,fully_connected_gpu_bf_tiled,1035,fully_connected_gpu_bf_tiled_17963963101609895522_0_0,fully_connected_gpu_bf_tiled_17963963101609895522_0_0,1,5656,matched,aligned,true,true,true,exec_profile,gtpin_total_execution_cycles,3751998,468999,cycles,8,3751998,468999,0,0,,,0,0,0,"{""gtpin_avg_execution_cycles_per_invocation"":468999,""gtpin_invocation_count"":8,""gtpin_total_execution_cycles"":3751998}",InvocationCount=8;TotalExecutionCycles=3751998;AvgExecutionCyclesPerInvocation=468999
n1_i10,10,1,10,performance,false,layers.*/self_attn,/model/layers.5/self_attn/k_proj/MatMul,FullyConnected,FullyConnected,fullyconnected:/model/layers.5/self_attn/k_proj/MatMul,fullyconnected:/model/layers.5/self_attn/k_proj/MatMul,fully_connected,fully_connected_gpu_bf_tiled,459,fully_connected_gpu_bf_tiled_17963963101609895522_0_0,fully_connected_gpu_bf_tiled_17963963101609895522_0_0,1,5304,matched,aligned,true,true,true,exec_profile,gtpin_total_execution_cycles,3745352,468169,cycles,8,3745352,468169,0,0,,,0,0,0,"{""gtpin_avg_execution_cycles_per_invocation"":468169,""gtpin_invocation_count"":8,""gtpin_total_execution_cycles"":3745352}",InvocationCount=8;TotalExecutionCycles=3745352;AvgExecutionCyclesPerInvocation=468169
n1_i10,10,1,10,performance,false,layers.*/self_attn,/model/layers.12/self_attn/MatMul,Gemm,Gemm,gemm:/model/layers.12/self_attn/MatMul,gemm:/model/layers.12/self_attn/MatMul,gemm,gemm_tiled_opt,733,gemm_tiled_opt_7238579717421349067_1_0__sa,gemm_tiled_opt_7238579717421349067_1_0__sa,1,5467,matched,aligned,true,true,true,exec_profile,gtpin_total_execution_cycles,3736010,116750,cycles,32,3736010,116750,0,0,,,0,0,0,"{""gtpin_avg_execution_cycles_per_invocation"":116750,""gtpin_invocation_count"":32,""gtpin_total_execution_cycles"":3736010}",InvocationCount=32;TotalExecutionCycles=3736010;AvgExecutionCyclesPerInvocation=116750
n1_i10,10,1,10,performance,false,layers.*/self_attn,/model/layers.19/self_attn/k_proj/MatMul,FullyConnected,FullyConnected,fullyconnected:/model/layers.19/self_attn/k_proj/MatMul,fullyconnected:/model/layers.19/self_attn/k_proj/MatMul,fully_connected,fully_connected_gpu_bf_tiled,963,fully_connected_gpu_bf_tiled_17963963101609895522_0_0,fully_connected_gpu_bf_tiled_17963963101609895522_0_0,1,5612,matched,aligned,true,true,true,exec_profile,gtpin_total_execution_cycles,3729038,466129,cycles,8,3729038,466129,0,0,,,0,0,0,"{""gtpin_avg_execution_cycles_per_invocation"":466129,""gtpin_invocation_count"":8,""gtpin_total_execution_cycles"":3729038}",InvocationCount=8;TotalExecutionCycles=3729038;AvgExecutionCyclesPerInvocation=466129
n1_i10,10,1,10,performance,false,layers.*/self_attn,/model/layers.16/self_attn/MatMul,Gemm,Gemm,gemm:/model/layers.16/self_attn/MatMul,gemm:/model/layers.16/self_attn/MatMul,gemm,gemm_tiled_opt,877,gemm_tiled_opt_7238579717421349067_1_0__sa,gemm_tiled_opt_7238579717421349067_1_0__sa,1,5555,matched,aligned,true,true,true,exec_profile,gtpin_total_execution_cycles,3726080,116440,cycles,32,3726080,116440,0,0,,,0,0,0,"{""gtpin_avg_execution_cycles_per_invocation"":116440,""gtpin_invocation_count"":32,""gtpin_total_execution_cycles"":3726080}",InvocationCount=32;TotalExecutionCycles=3726080;AvgExecutionCyclesPerInvocation=116440
n1_i10,10,1,10,performance,false,layers.*/self_attn,/model/layers.4/self_attn/MatMul,Gemm,Gemm,gemm:/model/layers.4/self_attn/MatMul,gemm:/model/layers.4/self_attn/MatMul,gemm,gemm_tiled_opt,445,gemm_tiled_opt_7238579717421349067_1_0__sa,gemm_tiled_opt_7238579717421349067_1_0__sa,1,5291,matched,aligned,true,true,true,exec_profile,gtpin_total_execution_cycles,3717788,116180,cycles,32,3717788,116180,0,0,,,0,0,0,"{""gtpin_avg_execution_cycles_per_invocation"":116180,""gtpin_invocation_count"":32,""gtpin_total_execution_cycles"":3717788}",InvocationCount=32;TotalExecutionCycles=3717788;AvgExecutionCyclesPerInvocation=116180
n1_i10,10,1,10,performance,false,layers.*/self_attn,/model/layers.15/self_attn/v_proj/MatMul,FullyConnected,FullyConnected,fullyconnected:/model/layers.15/self_attn/v_proj/MatMul,fullyconnected:/model/layers.15/self_attn/v_proj/MatMul,fully_connected,fully_connected_gpu_bf_tiled,817,fully_connected_gpu_bf_tiled_17963963101609895522_0_0,fully_connected_gpu_bf_tiled_17963963101609895522_0_0,1,5522,matched,aligned,true,true,true,exec_profile,gtpin_total_execution_cycles,3709272,463659,cycles,8,3709272,463659,0,0,,,0,0,0,"{""gtpin_avg_execution_cycles_per_invocation"":463659,""gtpin_invocation_count"":8,""gtpin_total_execution_cycles"":3709272}",InvocationCount=8;TotalExecutionCycles=3709272;AvgExecutionCyclesPerInvocation=463659
n1_i10,10,1,10,performance,false,layers.*/self_attn,/model/layers.4/self_attn/k_proj/MatMul,FullyConnected,FullyConnected,fullyconnected:/model/layers.4/self_attn/k_proj/MatMul,fullyconnected:/model/layers.4/self_attn/k_proj/MatMul,fully_connected,fully_connected_gpu_bf_tiled,423,fully_connected_gpu_bf_tiled_17963963101609895522_0_0,fully_connected_gpu_bf_tiled_17963963101609895522_0_0,1,5282,matched,aligned,true,true,true,exec_profile,gtpin_total_execution_cycles,3705656,463207,cycles,8,3705656,463207,0,0,,,0,0,0,"{""gtpin_avg_execution_cycles_per_invocation"":463207,""gtpin_invocation_count"":8,""gtpin_total_execution_cycles"":3705656}",InvocationCount=8;TotalExecutionCycles=3705656;AvgExecutionCyclesPerInvocation=463207
n1_i10,10,1,10,performance,false,layers.*/self_attn,/model/layers.20/self_attn/MatMul,Gemm,Gemm,gemm:/model/layers.20/self_attn/MatMul,gemm:/model/layers.20/self_attn/MatMul,gemm,gemm_tiled_opt,1021,gemm_tiled_opt_7238579717421349067_1_0__sa,gemm_tiled_opt_7238579717421349067_1_0__sa,1,5643,matched,aligned,true,true,true,exec_profile,gtpin_total_execution_cycles,3703952,115748,cycles,32,3703952,115748,0,0,,,0,0,0,"{""gtpin_avg_execution_cycles_per_invocation"":115748,""gtpin_invocation_count"":32,""gtpin_total_execution_cycles"":3703952}",InvocationCount=32;TotalExecutionCycles=3703952;AvgExecutionCyclesPerInvocation=115748
n1_i10,10,1,10,performance,false,layers.*/self_attn,/model/layers.2/self_attn/k_proj/MatMul,FullyConnected,FullyConnected,fullyconnected:/model/layers.2/self_attn/k_proj/MatMul,fullyconnected:/model/layers.2/self_attn/k_proj/MatMul,fully_connected,fully_connected_gpu_bf_tiled,351,fully_connected_gpu_bf_tiled_17963963101609895522_0_0,fully_connected_gpu_bf_tiled_17963963101609895522_0_0,1,5238,matched,aligned,true,true,true,exec_profile,gtpin_total_execution_cycles,3693322,461665,cycles,8,3693322,461665,0,0,,,0,0,0,"{""gtpin_avg_execution_cycles_per_invocation"":461665,""gtpin_invocation_count"":8,""gtpin_total_execution_cycles"":3693322}",InvocationCount=8;TotalExecutionCycles=3693322;AvgExecutionCyclesPerInvocation=461665
n1_i10,10,1,10,performance,false,layers.*/self_attn,/model/layers.9/self_attn/k_proj/MatMul,FullyConnected,FullyConnected,fullyconnected:/model/layers.9/self_attn/k_proj/MatMul,fullyconnected:/model/layers.9/self_attn/k_proj/MatMul,fully_connected,fully_connected_gpu_bf_tiled,603,fully_connected_gpu_bf_tiled_17963963101609895522_0_0,fully_connected_gpu_bf_tiled_17963963101609895522_0_0,1,5392,matched,aligned,true,true,true,exec_profile,gtpin_total_execution_cycles,3684748,460593,cycles,8,3684748,460593,0,0,,,0,0,0,"{""gtpin_avg_execution_cycles_per_invocation"":460593,""gtpin_invocation_count"":8,""gtpin_total_execution_cycles"":3684748}",InvocationCount=8;TotalExecutionCycles=3684748;AvgExecutionCyclesPerInvocation=460593
n1_i10,10,1,10,performance,false,layers.*/self_attn,/model/layers.12/self_attn/k_proj/MatMul,FullyConnected,FullyConnected,fullyconnected:/model/layers.12/self_attn/k_proj/MatMul,fullyconnected:/model/layers.12/self_attn/k_proj/MatMul,fully_connected,fully_connected_gpu_bf_tiled,711,fully_connected_gpu_bf_tiled_17963963101609895522_0_0,fully_connected_gpu_bf_tiled_17963963101609895522_0_0,1,5458,matched,aligned,true,true,true,exec_profile,gtpin_total_execution_cycles,3679772,459971,cycles,8,3679772,459971,0,0,,,0,0,0,"{""gtpin_avg_execution_cycles_per_invocation"":459971,""gtpin_invocation_count"":8,""gtpin_total_execution_cycles"":3679772}",InvocationCount=8;TotalExecutionCycles=3679772;AvgExecutionCyclesPerInvocation=459971
n1_i10,10,1,10,performance,false,layers.*/self_attn,/model/layers.8/self_attn/MatMul,Gemm,Gemm,gemm:/model/layers.8/self_attn/MatMul,gemm:/model/layers.8/self_attn/MatMul,gemm,gemm_tiled_opt,589,gemm_tiled_opt_7238579717421349067_1_0__sa,gemm_tiled_opt_7238579717421349067_1_0__sa,1,5379,matched,aligned,true,true,true,exec_profile,gtpin_total_execution_cycles,3677800,114931,cycles,32,3677800,114931,0,0,,,0,0,0,"{""gtpin_avg_execution_cycles_per_invocation"":114931,""gtpin_invocation_count"":32,""gtpin_total_execution_cycles"":3677800}",InvocationCount=32;TotalExecutionCycles=3677800;AvgExecutionCyclesPerInvocation=114931
n1_i10,10,1,10,performance,false,layers.*/self_attn,/model/layers.14/self_attn/k_proj/MatMul,FullyConnected,FullyConnected,fullyconnected:/model/layers.14/self_attn/k_proj/MatMul,fullyconnected:/model/layers.14/self_attn/k_proj/MatMul,fully_connected,fully_connected_gpu_bf_tiled,783,fully_connected_gpu_bf_tiled_17963963101609895522_0_0,fully_connected_gpu_bf_tiled_17963963101609895522_0_0,1,5502,matched,aligned,true,true,true,exec_profile,gtpin_total_execution_cycles,3674132,459266,cycles,8,3674132,459266,0,0,,,0,0,0,"{""gtpin_avg_execution_cycles_per_invocation"":459266,""gtpin_invocation_count"":8,""gtpin_total_execution_cycles"":3674132}",InvocationCount=8;TotalExecutionCycles=3674132;AvgExecutionCyclesPerInvocation=459266
n1_i10,10,1,10,performance,false,layers.*/self_attn,/model/layers.13/self_attn/k_proj/MatMul,FullyConnected,FullyConnected,fullyconnected:/model/layers.13/self_attn/k_proj/MatMul,fullyconnected:/model/layers.13/self_attn/k_proj/MatMul,fully_connected,fully_connected_gpu_bf_tiled,747,fully_connected_gpu_bf_tiled_17963963101609895522_0_0,fully_connected_gpu_bf_tiled_17963963101609895522_0_0,1,5480,matched,aligned,true,true,true,exec_profile,gtpin_total_execution_cycles,3669818,458727,cycles,8,3669818,458727,0,0,,,0,0,0,"{""gtpin_avg_execution_cycles_per_invocation"":458727,""gtpin_invocation_count"":8,""gtpin_total_execution_cycles"":3669818}",InvocationCount=8;TotalExecutionCycles=3669818;AvgExecutionCyclesPerInvocation=458727
n1_i10,10,1,10,performance,false,layers.*/self_attn,/model/layers.17/self_attn/k_proj/MatMul,FullyConnected,FullyConnected,fullyconnected:/model/layers.17/self_attn/k_proj/MatMul,fullyconnected:/model/layers.17/self_attn/k_proj/MatMul,fully_connected,fully_connected_gpu_bf_tiled,891,fully_connected_gpu_bf_tiled_17963963101609895522_0_0,fully_connected_gpu_bf_tiled_17963963101609895522_0_0,1,5568,matched,aligned,true,true,true,exec_profile,gtpin_total_execution_cycles,3662864,457858,cycles,8,3662864,457858,0,0,,,0,0,0,"{""gtpin_avg_execution_cycles_per_invocation"":457858,""gtpin_invocation_count"":8,""gtpin_total_execution_cycles"":3662864}",InvocationCount=8;TotalExecutionCycles=3662864;AvgExecutionCyclesPerInvocation=457858
n1_i10,10,1,10,performance,false,layers.*/self_attn,/model/layers.11/self_attn/Expand,Broadcast,Broadcast,broadcast:/model/layers.11/self_attn/Expand,broadcast:/model/layers.11/self_attn/Expand,broadcast,broadcast_gpu_ref,693,broadcast_gpu_ref_6456514822857321615_0_0__sa,broadcast_gpu_ref_6456514822857321615_0_0__sa,1,5442,matched,aligned,true,true,true,exec_profile,gtpin_total_execution_cycles,3659892,3574,cycles,1024,3659892,3574,0,0,,,0,0,0,"{""gtpin_avg_execution_cycles_per_invocation"":3574,""gtpin_invocation_count"":1024,""gtpin_total_execution_cycles"":3659892}",InvocationCount=1024;TotalExecutionCycles=3659892;AvgExecutionCyclesPerInvocation=3574
n1_i10,10,1,10,performance,false,layers.*/self_attn,/model/layers.3/self_attn/k_proj/MatMul,FullyConnected,FullyConnected,fullyconnected:/model/layers.3/self_attn/k_proj/MatMul,fullyconnected:/model/layers.3/self_attn/k_proj/MatMul,fully_connected,fully_connected_gpu_bf_tiled,387,fully_connected_gpu_bf_tiled_17963963101609895522_0_0,fully_connected_gpu_bf_tiled_17963963101609895522_0_0,1,5260,matched,aligned,true,true,true,exec_profile,gtpin_total_execution_cycles,3630250,453781,cycles,8,3630250,453781,0,0,,,0,0,0,"{""gtpin_avg_execution_cycles_per_invocation"":453781,""gtpin_invocation_count"":8,""gtpin_total_execution_cycles"":3630250}",InvocationCount=8;TotalExecutionCycles=3630250;AvgExecutionCyclesPerInvocation=453781
n1_i10,10,1,10,performance,false,layers.*/self_attn,/model/layers.7/self_attn/v_proj/MatMul,FullyConnected,FullyConnected,fullyconnected:/model/layers.7/self_attn/v_proj/MatMul,fullyconnected:/model/layers.7/self_attn/v_proj/MatMul,fully_connected,fully_connected_gpu_bf_tiled,529,fully_connected_gpu_bf_tiled_17963963101609895522_0_0,fully_connected_gpu_bf_tiled_17963963101609895522_0_0,1,5346,matched,aligned,true,true,true,exec_profile,gtpin_total_execution_cycles,3615892,451986,cycles,8,3615892,451986,0,0,,,0,0,0,"{""gtpin_avg_execution_cycles_per_invocation"":451986,""gtpin_invocation_count"":8,""gtpin_total_execution_cycles"":3615892}",InvocationCount=8;TotalExecutionCycles=3615892;AvgExecutionCyclesPerInvocation=451986
n1_i10,10,1,10,performance,false,layers.*/self_attn,/model/layers.6/self_attn/k_proj/MatMul,FullyConnected,FullyConnected,fullyconnected:/model/layers.6/self_attn/k_proj/MatMul,fullyconnected:/model/layers.6/self_attn/k_proj/MatMul,fully_connected,fully_connected_gpu_bf_tiled,495,fully_connected_gpu_bf_tiled_17963963101609895522_0_0,fully_connected_gpu_bf_tiled_17963963101609895522_0_0,1,5326,matched,aligned,true,true,true,exec_profile,gtpin_total_execution_cycles,3601234,450154,cycles,8,3601234,450154,0,0,,,0,0,0,"{""gtpin_avg_execution_cycles_per_invocation"":450154,""gtpin_invocation_count"":8,""gtpin_total_execution_cycles"":3601234}",InvocationCount=8;TotalExecutionCycles=3601234;AvgExecutionCyclesPerInvocation=450154
n1_i10,10,1,10,performance,false,layers.*/self_attn,/model/layers.16/self_attn/k_proj/MatMul,FullyConnected,FullyConnected,fullyconnected:/model/layers.16/self_attn/k_proj/MatMul,fullyconnected:/model/layers.16/self_attn/k_proj/MatMul,fully_connected,fully_connected_gpu_bf_tiled,855,fully_connected_gpu_bf_tiled_17963963101609895522_0_0,fully_connected_gpu_bf_tiled_17963963101609895522_0_0,1,5546,matched,aligned,true,true,true,exec_profile,gtpin_total_execution_cycles,3594670,449333,cycles,8,3594670,449333,0,0,,,0,0,0,"{""gtpin_avg_execution_cycles_per_invocation"":449333,""gtpin_invocation_count"":8,""gtpin_total_execution_cycles"":3594670}",InvocationCount=8;TotalExecutionCycles=3594670;AvgExecutionCyclesPerInvocation=449333
n1_i10,10,1,10,performance,false,layers.*/self_attn,/model/layers.10/self_attn/v_proj/MatMul,FullyConnected,FullyConnected,fullyconnected:/model/layers.10/self_attn/v_proj/MatMul,fullyconnected:/model/layers.10/self_attn/v_proj/MatMul,fully_connected,fully_connected_gpu_bf_tiled,637,fully_connected_gpu_bf_tiled_17963963101609895522_0_0,fully_connected_gpu_bf_tiled_17963963101609895522_0_0,1,5412,matched,aligned,true,true,true,exec_profile,gtpin_total_execution_cycles,3569534,446191,cycles,8,3569534,446191,0,0,,,0,0,0,"{""gtpin_avg_execution_cycles_per_invocation"":446191,""gtpin_invocation_count"":8,""gtpin_total_execution_cycles"":3569534}",InvocationCount=8;TotalExecutionCycles=3569534;AvgExecutionCyclesPerInvocation=446191
n1_i10,10,1,10,performance,false,layers.*/self_attn,/model/layers.20/self_attn/v_proj/MatMul,FullyConnected,FullyConnected,fullyconnected:/model/layers.20/self_attn/v_proj/MatMul,fullyconnected:/model/layers.20/self_attn/v_proj/MatMul,fully_connected,fully_connected_gpu_bf_tiled,997,fully_connected_gpu_bf_tiled_17963963101609895522_0_0,fully_connected_gpu_bf_tiled_17963963101609895522_0_0,1,5632,matched,aligned,true,true,true,exec_profile,gtpin_total_execution_cycles,3568994,446124,cycles,8,3568994,446124,0,0,,,0,0,0,"{""gtpin_avg_execution_cycles_per_invocation"":446124,""gtpin_invocation_count"":8,""gtpin_total_execution_cycles"":3568994}",InvocationCount=8;TotalExecutionCycles=3568994;AvgExecutionCyclesPerInvocation=446124
n1_i10,10,1,10,performance,false,layers.*/self_attn,/model/layers.7/self_attn/Expand,Broadcast,Broadcast,broadcast:/model/layers.7/self_attn/Expand,broadcast:/model/layers.7/self_attn/Expand,broadcast,broadcast_gpu_ref,549,broadcast_gpu_ref_6456514822857321615_0_0__sa,broadcast_gpu_ref_6456514822857321615_0_0__sa,1,5354,matched,aligned,true,true,true,exec_profile,gtpin_total_execution_cycles,3560654,3477,cycles,1024,3560654,3477,0,0,,,0,0,0,"{""gtpin_avg_execution_cycles_per_invocation"":3477,""gtpin_invocation_count"":1024,""gtpin_total_execution_cycles"":3560654}",InvocationCount=1024;TotalExecutionCycles=3560654;AvgExecutionCyclesPerInvocation=3477
n1_i10,10,1,10,performance,false,layers.*/self_attn,/model/layers.21/self_attn/v_proj/MatMul,FullyConnected,FullyConnected,fullyconnected:/model/layers.21/self_attn/v_proj/MatMul,fullyconnected:/model/layers.21/self_attn/v_proj/MatMul,fully_connected,fully_connected_gpu_bf_tiled,1033,fully_connected_gpu_bf_tiled_17963963101609895522_0_0,fully_connected_gpu_bf_tiled_17963963101609895522_0_0,1,5654,matched,aligned,true,true,true,exec_profile,gtpin_total_execution_cycles,3548218,443527,cycles,8,3548218,443527,0,0,,,0,0,0,"{""gtpin_avg_execution_cycles_per_invocation"":443527,""gtpin_invocation_count"":8,""gtpin_total_execution_cycles"":3548218}",InvocationCount=8;TotalExecutionCycles=3548218;AvgExecutionCyclesPerInvocation=443527
n1_i10,10,1,10,performance,false,layers.*/self_attn,/model/layers.11/self_attn/v_proj/MatMul,FullyConnected,FullyConnected,fullyconnected:/model/layers.11/self_attn/v_proj/MatMul,fullyconnected:/model/layers.11/self_attn/v_proj/MatMul,fully_connected,fully_connected_gpu_bf_tiled,673,fully_connected_gpu_bf_tiled_17963963101609895522_0_0,fully_connected_gpu_bf_tiled_17963963101609895522_0_0,1,5434,matched,aligned,true,true,true,exec_profile,gtpin_total_execution_cycles,3545986,443248,cycles,8,3545986,443248,0,0,,,0,0,0,"{""gtpin_avg_execution_cycles_per_invocation"":443248,""gtpin_invocation_count"":8,""gtpin_total_execution_cycles"":3545986}",InvocationCount=8;TotalExecutionCycles=3545986;AvgExecutionCyclesPerInvocation=443248
n1_i10,10,1,10,performance,false,layers.*/self_attn,/model/layers.8/self_attn/v_proj/MatMul,FullyConnected,FullyConnected,fullyconnected:/model/layers.8/self_attn/v_proj/MatMul,fullyconnected:/model/layers.8/self_attn/v_proj/MatMul,fully_connected,fully_connected_gpu_bf_tiled,565,fully_connected_gpu_bf_tiled_17963963101609895522_0_0,fully_connected_gpu_bf_tiled_17963963101609895522_0_0,1,5368,matched,aligned,true,true,true,exec_profile,gtpin_total_execution_cycles,3535702,441962,cycles,8,3535702,441962,0,0,,,0,0,0,"{""gtpin_avg_execution_cycles_per_invocation"":441962,""gtpin_invocation_count"":8,""gtpin_total_execution_cycles"":3535702}",InvocationCount=8;TotalExecutionCycles=3535702;AvgExecutionCyclesPerInvocation=441962
n1_i10,10,1,10,performance,false,layers.*/self_attn,/model/layers.19/self_attn/MatMul,Gemm,Gemm,gemm:/model/layers.19/self_attn/MatMul,gemm:/model/layers.19/self_attn/MatMul,gemm,gemm_tiled_opt,985,gemm_tiled_opt_7238579717421349067_1_0__sa,gemm_tiled_opt_7238579717421349067_1_0__sa,1,5621,matched,aligned,true,true,true,exec_profile,gtpin_total_execution_cycles,3529136,110285,cycles,32,3529136,110285,0,0,,,0,0,0,"{""gtpin_avg_execution_cycles_per_invocation"":110285,""gtpin_invocation_count"":32,""gtpin_total_execution_cycles"":3529136}",InvocationCount=32;TotalExecutionCycles=3529136;AvgExecutionCyclesPerInvocation=110285
n1_i10,10,1,10,performance,false,layers.*/self_attn,/model/layers.5/self_attn/v_proj/MatMul,FullyConnected,FullyConnected,fullyconnected:/model/layers.5/self_attn/v_proj/MatMul,fullyconnected:/model/layers.5/self_attn/v_proj/MatMul,fully_connected,fully_connected_gpu_bf_tiled,457,fully_connected_gpu_bf_tiled_17963963101609895522_0_0,fully_connected_gpu_bf_tiled_17963963101609895522_0_0,1,5302,matched,aligned,true,true,true,exec_profile,gtpin_total_execution_cycles,3529066,441133,cycles,8,3529066,441133,0,0,,,0,0,0,"{""gtpin_avg_execution_cycles_per_invocation"":441133,""gtpin_invocation_count"":8,""gtpin_total_execution_cycles"":3529066}",InvocationCount=8;TotalExecutionCycles=3529066;AvgExecutionCyclesPerInvocation=441133
n1_i10,10,1,10,performance,false,layers.*/self_attn,/model/layers.19/self_attn/v_proj/MatMul,FullyConnected,FullyConnected,fullyconnected:/model/layers.19/self_attn/v_proj/MatMul,fullyconnected:/model/layers.19/self_attn/v_proj/MatMul,fully_connected,fully_connected_gpu_bf_tiled,961,fully_connected_gpu_bf_tiled_17963963101609895522_0_0,fully_connected_gpu_bf_tiled_17963963101609895522_0_0,1,5610,matched,aligned,true,true,true,exec_profile,gtpin_total_execution_cycles,3528942,441117,cycles,8,3528942,441117,0,0,,,0,0,0,"{""gtpin_avg_execution_cycles_per_invocation"":441117,""gtpin_invocation_count"":8,""gtpin_total_execution_cycles"":3528942}",InvocationCount=8;TotalExecutionCycles=3528942;AvgExecutionCyclesPerInvocation=441117
n1_i10,10,1,10,performance,false,layers.*/self_attn,/model/layers.4/self_attn/v_proj/MatMul,FullyConnected,FullyConnected,fullyconnected:/model/layers.4/self_attn/v_proj/MatMul,fullyconnected:/model/layers.4/self_attn/v_proj/MatMul,fully_connected,fully_connected_gpu_bf_tiled,421,fully_connected_gpu_bf_tiled_17963963101609895522_0_0,fully_connected_gpu_bf_tiled_17963963101609895522_0_0,1,5280,matched,aligned,true,true,true,exec_profile,gtpin_total_execution_cycles,3526816,440852,cycles,8,3526816,440852,0,0,,,0,0,0,"{""gtpin_avg_execution_cycles_per_invocation"":440852,""gtpin_invocation_count"":8,""gtpin_total_execution_cycles"":3526816}",InvocationCount=8;TotalExecutionCycles=3526816;AvgExecutionCyclesPerInvocation=440852
n1_i10,10,1,10,performance,false,layers.*/self_attn,/model/layers.17/self_attn/MatMul,Gemm,Gemm,gemm:/model/layers.17/self_attn/MatMul,gemm:/model/layers.17/self_attn/MatMul,gemm,gemm_tiled_opt,913,gemm_tiled_opt_7238579717421349067_1_0__sa,gemm_tiled_opt_7238579717421349067_1_0__sa,1,5577,matched,aligned,true,true,true,exec_profile,gtpin_total_execution_cycles,3514946,109842,cycles,32,3514946,109842,0,0,,,0,0,0,"{""gtpin_avg_execution_cycles_per_invocation"":109842,""gtpin_invocation_count"":32,""gtpin_total_execution_cycles"":3514946}",InvocationCount=32;TotalExecutionCycles=3514946;AvgExecutionCyclesPerInvocation=109842
n1_i10,10,1,10,performance,false,layers.*/self_attn,/model/layers.2/self_attn/v_proj/MatMul,FullyConnected,FullyConnected,fullyconnected:/model/layers.2/self_attn/v_proj/MatMul,fullyconnected:/model/layers.2/self_attn/v_proj/MatMul,fully_connected,fully_connected_gpu_bf_tiled,349,fully_connected_gpu_bf_tiled_17963963101609895522_0_0,fully_connected_gpu_bf_tiled_17963963101609895522_0_0,1,5236,matched,aligned,true,true,true,exec_profile,gtpin_total_execution_cycles,3513984,439248,cycles,8,3513984,439248,0,0,,,0,0,0,"{""gtpin_avg_execution_cycles_per_invocation"":439248,""gtpin_invocation_count"":8,""gtpin_total_execution_cycles"":3513984}",InvocationCount=8;TotalExecutionCycles=3513984;AvgExecutionCyclesPerInvocation=439248
n1_i10,10,1,10,performance,false,layers.*/self_attn,/model/layers.11/self_attn/MatMul,Gemm,Gemm,gemm:/model/layers.11/self_attn/MatMul,gemm:/model/layers.11/self_attn/MatMul,gemm,gemm_tiled_opt,697,gemm_tiled_opt_7238579717421349067_1_0__sa,gemm_tiled_opt_7238579717421349067_1_0__sa,1,5445,matched,aligned,true,true,true,exec_profile,gtpin_total_execution_cycles,3485994,108937,cycles,32,3485994,108937,0,0,,,0,0,0,"{""gtpin_avg_execution_cycles_per_invocation"":108937,""gtpin_invocation_count"":32,""gtpin_total_execution_cycles"":3485994}",InvocationCount=32;TotalExecutionCycles=3485994;AvgExecutionCyclesPerInvocation=108937
n1_i10,10,1,10,performance,false,layers.*/self_attn,/model/layers.9/self_attn/v_proj/MatMul,FullyConnected,FullyConnected,fullyconnected:/model/layers.9/self_attn/v_proj/MatMul,fullyconnected:/model/layers.9/self_attn/v_proj/MatMul,fully_connected,fully_connected_gpu_bf_tiled,601,fully_connected_gpu_bf_tiled_17963963101609895522_0_0,fully_connected_gpu_bf_tiled_17963963101609895522_0_0,1,5390,matched,aligned,true,true,true,exec_profile,gtpin_total_execution_cycles,3485366,435670,cycles,8,3485366,435670,0,0,,,0,0,0,"{""gtpin_avg_execution_cycles_per_invocation"":435670,""gtpin_invocation_count"":8,""gtpin_total_execution_cycles"":3485366}",InvocationCount=8;TotalExecutionCycles=3485366;AvgExecutionCyclesPerInvocation=435670
n1_i10,10,1,10,performance,false,layers.*/self_attn,/model/layers.17/self_attn/v_proj/MatMul,FullyConnected,FullyConnected,fullyconnected:/model/layers.17/self_attn/v_proj/MatMul,fullyconnected:/model/layers.17/self_attn/v_proj/MatMul,fully_connected,fully_connected_gpu_bf_tiled,889,fully_connected_gpu_bf_tiled_17963963101609895522_0_0,fully_connected_gpu_bf_tiled_17963963101609895522_0_0,1,5566,matched,aligned,true,true,true,exec_profile,gtpin_total_execution_cycles,3482618,435327,cycles,8,3482618,435327,0,0,,,0,0,0,"{""gtpin_avg_execution_cycles_per_invocation"":435327,""gtpin_invocation_count"":8,""gtpin_total_execution_cycles"":3482618}",InvocationCount=8;TotalExecutionCycles=3482618;AvgExecutionCyclesPerInvocation=435327
n1_i10,10,1,10,performance,false,layers.*/self_attn,/model/layers.12/self_attn/v_proj/MatMul,FullyConnected,FullyConnected,fullyconnected:/model/layers.12/self_attn/v_proj/MatMul,fullyconnected:/model/layers.12/self_attn/v_proj/MatMul,fully_connected,fully_connected_gpu_bf_tiled,709,fully_connected_gpu_bf_tiled_17963963101609895522_0_0,fully_connected_gpu_bf_tiled_17963963101609895522_0_0,1,5456,matched,aligned,true,true,true,exec_profile,gtpin_total_execution_cycles,3478100,434762,cycles,8,3478100,434762,0,0,,,0,0,0,"{""gtpin_avg_execution_cycles_per_invocation"":434762,""gtpin_invocation_count"":8,""gtpin_total_execution_cycles"":3478100}",InvocationCount=8;TotalExecutionCycles=3478100;AvgExecutionCyclesPerInvocation=434762
n1_i10,10,1,10,performance,false,layers.*/self_attn,/model/layers.14/self_attn/v_proj/MatMul,FullyConnected,FullyConnected,fullyconnected:/model/layers.14/self_attn/v_proj/MatMul,fullyconnected:/model/layers.14/self_attn/v_proj/MatMul,fully_connected,fully_connected_gpu_bf_tiled,781,fully_connected_gpu_bf_tiled_17963963101609895522_0_0,fully_connected_gpu_bf_tiled_17963963101609895522_0_0,1,5500,matched,aligned,true,true,true,exec_profile,gtpin_total_execution_cycles,3475090,434386,cycles,8,3475090,434386,0,0,,,0,0,0,"{""gtpin_avg_execution_cycles_per_invocation"":434386,""gtpin_invocation_count"":8,""gtpin_total_execution_cycles"":3475090}",InvocationCount=8;TotalExecutionCycles=3475090;AvgExecutionCyclesPerInvocation=434386
n1_i10,10,1,10,performance,false,layers.*/self_attn,/model/layers.13/self_attn/v_proj/MatMul,FullyConnected,FullyConnected,fullyconnected:/model/layers.13/self_attn/v_proj/MatMul,fullyconnected:/model/layers.13/self_attn/v_proj/MatMul,fully_connected,fully_connected_gpu_bf_tiled,745,fully_connected_gpu_bf_tiled_17963963101609895522_0_0,fully_connected_gpu_bf_tiled_17963963101609895522_0_0,1,5478,matched,aligned,true,true,true,exec_profile,gtpin_total_execution_cycles,3470424,433803,cycles,8,3470424,433803,0,0,,,0,0,0,"{""gtpin_avg_execution_cycles_per_invocation"":433803,""gtpin_invocation_count"":8,""gtpin_total_execution_cycles"":3470424}",InvocationCount=8;TotalExecutionCycles=3470424;AvgExecutionCyclesPerInvocation=433803
n1_i10,10,1,10,performance,false,layers.*/self_attn,/model/layers.15/self_attn/MatMul,Gemm,Gemm,gemm:/model/layers.15/self_attn/MatMul,gemm:/model/layers.15/self_attn/MatMul,gemm,gemm_tiled_opt,841,gemm_tiled_opt_7238579717421349067_1_0__sa,gemm_tiled_opt_7238579717421349067_1_0__sa,1,5533,matched,aligned,true,true,true,exec_profile,gtpin_total_execution_cycles,3468286,108383,cycles,32,3468286,108383,0,0,,,0,0,0,"{""gtpin_avg_execution_cycles_per_invocation"":108383,""gtpin_invocation_count"":32,""gtpin_total_execution_cycles"":3468286}",InvocationCount=32;TotalExecutionCycles=3468286;AvgExecutionCyclesPerInvocation=108383
n1_i10,10,1,10,performance,false,layers.*/self_attn,/model/layers.14/self_attn/MatMul,Gemm,Gemm,gemm:/model/layers.14/self_attn/MatMul,gemm:/model/layers.14/self_attn/MatMul,gemm,gemm_tiled_opt,805,gemm_tiled_opt_7238579717421349067_1_0__sa,gemm_tiled_opt_7238579717421349067_1_0__sa,1,5511,matched,aligned,true,true,true,exec_profile,gtpin_total_execution_cycles,3457108,108034,cycles,32,3457108,108034,0,0,,,0,0,0,"{""gtpin_avg_execution_cycles_per_invocation"":108034,""gtpin_invocation_count"":32,""gtpin_total_execution_cycles"":3457108}",InvocationCount=32;TotalExecutionCycles=3457108;AvgExecutionCyclesPerInvocation=108034
n1_i10,10,1,10,performance,false,layers.*/self_attn,/model/layers.5/self_attn/MatMul,Gemm,Gemm,gemm:/model/layers.5/self_attn/MatMul,gemm:/model/layers.5/self_attn/MatMul,gemm,gemm_tiled_opt,481,gemm_tiled_opt_7238579717421349067_1_0__sa,gemm_tiled_opt_7238579717421349067_1_0__sa,1,5313,matched,aligned,true,true,true,exec_profile,gtpin_total_execution_cycles,3454506,107953,cycles,32,3454506,107953,0,0,,,0,0,0,"{""gtpin_avg_execution_cycles_per_invocation"":107953,""gtpin_invocation_count"":32,""gtpin_total_execution_cycles"":3454506}",InvocationCount=32;TotalExecutionCycles=3454506;AvgExecutionCyclesPerInvocation=107953
n1_i10,10,1,10,performance,false,layers.*/self_attn,/model/layers.4/self_attn/Expand,Broadcast,Broadcast,broadcast:/model/layers.4/self_attn/Expand,broadcast:/model/layers.4/self_attn/Expand,broadcast,broadcast_gpu_ref,441,broadcast_gpu_ref_6456514822857321615_0_0__sa,broadcast_gpu_ref_6456514822857321615_0_0__sa,1,5288,matched,aligned,true,true,true,exec_profile,gtpin_total_execution_cycles,3452508,3371,cycles,1024,3452508,3371,0,0,,,0,0,0,"{""gtpin_avg_execution_cycles_per_invocation"":3371,""gtpin_invocation_count"":1024,""gtpin_total_execution_cycles"":3452508}",InvocationCount=1024;TotalExecutionCycles=3452508;AvgExecutionCyclesPerInvocation=3371
n1_i10,10,1,10,performance,false,layers.*/self_attn,/model/layers.10/self_attn/MatMul,Gemm,Gemm,gemm:/model/layers.10/self_attn/MatMul,gemm:/model/layers.10/self_attn/MatMul,gemm,gemm_tiled_opt,661,gemm_tiled_opt_7238579717421349067_1_0__sa,gemm_tiled_opt_7238579717421349067_1_0__sa,1,5423,matched,aligned,true,true,true,exec_profile,gtpin_total_execution_cycles,3440874,107527,cycles,32,3440874,107527,0,0,,,0,0,0,"{""gtpin_avg_execution_cycles_per_invocation"":107527,""gtpin_invocation_count"":32,""gtpin_total_execution_cycles"":3440874}",InvocationCount=32;TotalExecutionCycles=3440874;AvgExecutionCyclesPerInvocation=107527
n1_i10,10,1,10,performance,false,layers.*/self_attn,/model/layers.7/self_attn/MatMul,Gemm,Gemm,gemm:/model/layers.7/self_attn/MatMul,gemm:/model/layers.7/self_attn/MatMul,gemm,gemm_tiled_opt,553,gemm_tiled_opt_7238579717421349067_1_0__sa,gemm_tiled_opt_7238579717421349067_1_0__sa,1,5357,matched,aligned,true,true,true,exec_profile,gtpin_total_execution_cycles,3440304,107509,cycles,32,3440304,107509,0,0,,,0,0,0,"{""gtpin_avg_execution_cycles_per_invocation"":107509,""gtpin_invocation_count"":32,""gtpin_total_execution_cycles"":3440304}",InvocationCount=32;TotalExecutionCycles=3440304;AvgExecutionCyclesPerInvocation=107509
n1_i10,10,1,10,performance,false,layers.*/self_attn,/model/layers.3/self_attn/v_proj/MatMul,FullyConnected,FullyConnected,fullyconnected:/model/layers.3/self_attn/v_proj/MatMul,fullyconnected:/model/layers.3/self_attn/v_proj/MatMul,fully_connected,fully_connected_gpu_bf_tiled,385,fully_connected_gpu_bf_tiled_17963963101609895522_0_0,fully_connected_gpu_bf_tiled_17963963101609895522_0_0,1,5258,matched,aligned,true,true,true,exec_profile,gtpin_total_execution_cycles,3438920,429865,cycles,8,3438920,429865,0,0,,,0,0,0,"{""gtpin_avg_execution_cycles_per_invocation"":429865,""gtpin_invocation_count"":8,""gtpin_total_execution_cycles"":3438920}",InvocationCount=8;TotalExecutionCycles=3438920;AvgExecutionCyclesPerInvocation=429865
n1_i10,10,1,10,performance,false,layers.*/self_attn,/model/layers.1/self_attn/MatMul,Gemm,Gemm,gemm:/model/layers.1/self_attn/MatMul,gemm:/model/layers.1/self_attn/MatMul,gemm,gemm_tiled_opt,337,gemm_tiled_opt_7238579717421349067_1_0__sa,gemm_tiled_opt_7238579717421349067_1_0__sa,1,5225,matched,aligned,true,true,true,exec_profile,gtpin_total_execution_cycles,3434216,107319,cycles,32,3434216,107319,0,0,,,0,0,0,"{""gtpin_avg_execution_cycles_per_invocation"":107319,""gtpin_invocation_count"":32,""gtpin_total_execution_cycles"":3434216}",InvocationCount=32;TotalExecutionCycles=3434216;AvgExecutionCyclesPerInvocation=107319
n1_i10,10,1,10,performance,false,layers.*/self_attn,/model/layers.9/self_attn/MatMul,Gemm,Gemm,gemm:/model/layers.9/self_attn/MatMul,gemm:/model/layers.9/self_attn/MatMul,gemm,gemm_tiled_opt,625,gemm_tiled_opt_7238579717421349067_1_0__sa,gemm_tiled_opt_7238579717421349067_1_0__sa,1,5401,matched,aligned,true,true,true,exec_profile,gtpin_total_execution_cycles,3431504,107234,cycles,32,3431504,107234,0,0,,,0,0,0,"{""gtpin_avg_execution_cycles_per_invocation"":107234,""gtpin_invocation_count"":32,""gtpin_total_execution_cycles"":3431504}",InvocationCount=32;TotalExecutionCycles=3431504;AvgExecutionCyclesPerInvocation=107234
n1_i10,10,1,10,performance,false,layers.*/self_attn,/model/layers.13/self_attn/MatMul,Gemm,Gemm,gemm:/model/layers.13/self_attn/MatMul,gemm:/model/layers.13/self_attn/MatMul,gemm,gemm_tiled_opt,769,gemm_tiled_opt_7238579717421349067_1_0__sa,gemm_tiled_opt_7238579717421349067_1_0__sa,1,5489,matched,aligned,true,true,true,exec_profile,gtpin_total_execution_cycles,3430774,107211,cycles,32,3430774,107211,0,0,,,0,0,0,"{""gtpin_avg_execution_cycles_per_invocation"":107211,""gtpin_invocation_count"":32,""gtpin_total_execution_cycles"":3430774}",InvocationCount=32;TotalExecutionCycles=3430774;AvgExecutionCyclesPerInvocation=107211
n1_i10,10,1,10,performance,false,layers.*/self_attn,/model/layers.3/self_attn/MatMul,Gemm,Gemm,gemm:/model/layers.3/self_attn/MatMul,gemm:/model/layers.3/self_attn/MatMul,gemm,gemm_tiled_opt,409,gemm_tiled_opt_7238579717421349067_1_0__sa,gemm_tiled_opt_7238579717421349067_1_0__sa,1,5269,matched,aligned,true,true,true,exec_profile,gtpin_total_execution_cycles,3429910,107184,cycles,32,3429910,107184,0,0,,,0,0,0,"{""gtpin_avg_execution_cycles_per_invocation"":107184,""gtpin_invocation_count"":32,""gtpin_total_execution_cycles"":3429910}",InvocationCount=32;TotalExecutionCycles=3429910;AvgExecutionCyclesPerInvocation=107184
n1_i10,10,1,10,performance,false,layers.*/self_attn,/model/layers.21/self_attn/MatMul,Gemm,Gemm,gemm:/model/layers.21/self_attn/MatMul,gemm:/model/layers.21/self_attn/MatMul,gemm,gemm_tiled_opt,1057,gemm_tiled_opt_7238579717421349067_1_0__sa,gemm_tiled_opt_7238579717421349067_1_0__sa,1,5665,matched,aligned,true,true,true,exec_profile,gtpin_total_execution_cycles,3429128,107160,cycles,32,3429128,107160,0,0,,,0,0,0,"{""gtpin_avg_execution_cycles_per_invocation"":107160,""gtpin_invocation_count"":32,""gtpin_total_execution_cycles"":3429128}",InvocationCount=32;TotalExecutionCycles=3429128;AvgExecutionCyclesPerInvocation=107160
n1_i10,10,1,10,performance,false,layers.*/self_attn,/model/layers.2/self_attn/MatMul,Gemm,Gemm,gemm:/model/layers.2/self_attn/MatMul,gemm:/model/layers.2/self_attn/MatMul,gemm,gemm_tiled_opt,373,gemm_tiled_opt_7238579717421349067_1_0__sa,gemm_tiled_opt_7238579717421349067_1_0__sa,1,5247,matched,aligned,true,true,true,exec_profile,gtpin_total_execution_cycles,3421966,106936,cycles,32,3421966,106936,0,0,,,0,0,0,"{""gtpin_avg_execution_cycles_per_invocation"":106936,""gtpin_invocation_count"":32,""gtpin_total_execution_cycles"":3421966}",InvocationCount=32;TotalExecutionCycles=3421966;AvgExecutionCyclesPerInvocation=106936
n1_i10,10,1,10,performance,false,layers.*/self_attn,/model/layers.18/self_attn/MatMul,Gemm,Gemm,gemm:/model/layers.18/self_attn/MatMul,gemm:/model/layers.18/self_attn/MatMul,gemm,gemm_tiled_opt,949,gemm_tiled_opt_7238579717421349067_1_0__sa,gemm_tiled_opt_7238579717421349067_1_0__sa,1,5599,matched,aligned,true,true,true,exec_profile,gtpin_total_execution_cycles,3411804,106618,cycles,32,3411804,106618,0,0,,,0,0,0,"{""gtpin_avg_execution_cycles_per_invocation"":106618,""gtpin_invocation_count"":32,""gtpin_total_execution_cycles"":3411804}",InvocationCount=32;TotalExecutionCycles=3411804;AvgExecutionCyclesPerInvocation=106618
n1_i10,10,1,10,performance,false,layers.*/self_attn,/model/layers.16/self_attn/v_proj/MatMul,FullyConnected,FullyConnected,fullyconnected:/model/layers.16/self_attn/v_proj/MatMul,fullyconnected:/model/layers.16/self_attn/v_proj/MatMul,fully_connected,fully_connected_gpu_bf_tiled,853,fully_connected_gpu_bf_tiled_17963963101609895522_0_0,fully_connected_gpu_bf_tiled_17963963101609895522_0_0,1,5544,matched,aligned,true,true,true,exec_profile,gtpin_total_execution_cycles,3399370,424921,cycles,8,3399370,424921,0,0,,,0,0,0,"{""gtpin_avg_execution_cycles_per_invocation"":424921,""gtpin_invocation_count"":8,""gtpin_total_execution_cycles"":3399370}",InvocationCount=8;TotalExecutionCycles=3399370;AvgExecutionCyclesPerInvocation=424921
n1_i10,10,1,10,performance,false,layers.*/self_attn,/model/layers.6/self_attn/MatMul,Gemm,Gemm,gemm:/model/layers.6/self_attn/MatMul,gemm:/model/layers.6/self_attn/MatMul,gemm,gemm_tiled_opt,517,gemm_tiled_opt_7238579717421349067_1_0__sa,gemm_tiled_opt_7238579717421349067_1_0__sa,1,5335,matched,aligned,true,true,true,exec_profile,gtpin_total_execution_cycles,3396962,106155,cycles,32,3396962,106155,0,0,,,0,0,0,"{""gtpin_avg_execution_cycles_per_invocation"":106155,""gtpin_invocation_count"":32,""gtpin_total_execution_cycles"":3396962}",InvocationCount=32;TotalExecutionCycles=3396962;AvgExecutionCyclesPerInvocation=106155
n1_i10,10,1,10,performance,false,layers.*/self_attn,/model/layers.6/self_attn/v_proj/MatMul,FullyConnected,FullyConnected,fullyconnected:/model/layers.6/self_attn/v_proj/MatMul,fullyconnected:/model/layers.6/self_attn/v_proj/MatMul,fully_connected,fully_connected_gpu_bf_tiled,493,fully_connected_gpu_bf_tiled_17963963101609895522_0_0,fully_connected_gpu_bf_tiled_17963963101609895522_0_0,1,5324,matched,aligned,true,true,true,exec_profile,gtpin_total_execution_cycles,3388594,423574,cycles,8,3388594,423574,0,0,,,0,0,0,"{""gtpin_avg_execution_cycles_per_invocation"":423574,""gtpin_invocation_count"":8,""gtpin_total_execution_cycles"":3388594}",InvocationCount=8;TotalExecutionCycles=3388594;AvgExecutionCyclesPerInvocation=423574
n1_i10,10,1,10,performance,false,layers.*/input_layernorm,/model/layers.15/input_layernorm/Mul,RMS,RMS,rms:/model/layers.15/input_layernorm/Mul,rms:/model/layers.15/input_layernorm/Mul,rms,rms_gpu_bfyx_opt,816,rms_gpu_bfyx_opt_10690270683970839748_0_0__sa,rms_gpu_bfyx_opt_10690270683970839748_0_0__sa,1,5521,matched,aligned,true,true,true,exec_profile,gtpin_total_execution_cycles,3049928,11913,cycles,256,3049928,11913,0,0,,,0,0,0,"{""gtpin_avg_execution_cycles_per_invocation"":11913,""gtpin_invocation_count"":256,""gtpin_total_execution_cycles"":3049928}",InvocationCount=256;TotalExecutionCycles=3049928;AvgExecutionCyclesPerInvocation=11913
n1_i10,10,1,10,performance,false,layers.*/input_layernorm,/model/layers.19/input_layernorm/Mul,RMS,RMS,rms:/model/layers.19/input_layernorm/Mul,rms:/model/layers.19/input_layernorm/Mul,rms,rms_gpu_bfyx_opt,960,rms_gpu_bfyx_opt_10690270683970839748_0_0__sa,rms_gpu_bfyx_opt_10690270683970839748_0_0__sa,1,5609,matched,aligned,true,true,true,exec_profile,gtpin_total_execution_cycles,2536326,9907,cycles,256,2536326,9907,0,0,,,0,0,0,"{""gtpin_avg_execution_cycles_per_invocation"":9907,""gtpin_invocation_count"":256,""gtpin_total_execution_cycles"":2536326}",InvocationCount=256;TotalExecutionCycles=2536326;AvgExecutionCyclesPerInvocation=9907
n1_i10,10,1,10,performance,false,layers.*/post_attention_layernorm,/model/layers.6/post_attention_layernorm/Mul,RMS,RMS,rms:/model/layers.6/post_attention_layernorm/Mul,rms:/model/layers.6/post_attention_layernorm/Mul,rms,rms_gpu_bfyx_opt,524,rms_gpu_bfyx_opt_10690270683970839748_0_0__sa,rms_gpu_bfyx_opt_10690270683970839748_0_0__sa,1,5341,matched,aligned,true,true,true,exec_profile,gtpin_total_execution_cycles,2496416,9751,cycles,256,2496416,9751,0,0,,,0,0,0,"{""gtpin_avg_execution_cycles_per_invocation"":9751,""gtpin_invocation_count"":256,""gtpin_total_execution_cycles"":2496416}",InvocationCount=256;TotalExecutionCycles=2496416;AvgExecutionCyclesPerInvocation=9751
n1_i10,10,1,10,performance,false,layers.*/post_attention_layernorm,/model/layers.0/post_attention_layernorm/Mul,RMS,RMS,rms:/model/layers.0/post_attention_layernorm/Mul,rms:/model/layers.0/post_attention_layernorm/Mul,rms,rms_gpu_bfyx_opt,308,rms_gpu_bfyx_opt_10690270683970839748_0_0__sa,rms_gpu_bfyx_opt_10690270683970839748_0_0__sa,1,5209,matched,aligned,true,true,true,exec_profile,gtpin_total_execution_cycles,2320846,9065,cycles,256,2320846,9065,0,0,,,0,0,0,"{""gtpin_avg_execution_cycles_per_invocation"":9065,""gtpin_invocation_count"":256,""gtpin_total_execution_cycles"":2320846}",InvocationCount=256;TotalExecutionCycles=2320846;AvgExecutionCyclesPerInvocation=9065
n1_i10,10,1,10,performance,false,layers.*/input_layernorm,/model/layers.16/input_layernorm/Mul,RMS,RMS,rms:/model/layers.16/input_layernorm/Mul,rms:/model/layers.16/input_layernorm/Mul,rms,rms_gpu_bfyx_opt,852,rms_gpu_bfyx_opt_10690270683970839748_0_0__sa,rms_gpu_bfyx_opt_10690270683970839748_0_0__sa,1,5543,matched,aligned,true,true,true,exec_profile,gtpin_total_execution_cycles,2268344,8860,cycles,256,2268344,8860,0,0,,,0,0,0,"{""gtpin_avg_execution_cycles_per_invocation"":8860,""gtpin_invocation_count"":256,""gtpin_total_execution_cycles"":2268344}",InvocationCount=256;TotalExecutionCycles=2268344;AvgExecutionCyclesPerInvocation=8860
n1_i10,10,1,10,performance,false,layers.*/self_attn,/model/layers.19/self_attn/Transpose_4,Gemm,Gemm,gemm:/model/layers.19/self_attn/Transpose_4,gemm:/model/layers.19/self_attn/Transpose_4,gemm,gemm_tiled_opt,989,gemm_tiled_opt_12829285813189929928_0_0__sa,gemm_tiled_opt_12829285813189929928_0_0__sa,1,5625,matched,aligned,true,true,true,exec_profile,gtpin_total_execution_cycles,2232556,34883,cycles,64,2232556,34883,0,0,,,0,0,0,"{""gtpin_avg_execution_cycles_per_invocation"":34883,""gtpin_invocation_count"":64,""gtpin_total_execution_cycles"":2232556}",InvocationCount=64;TotalExecutionCycles=2232556;AvgExecutionCyclesPerInvocation=34883
n1_i10,10,1,10,performance,false,layers.*/self_attn,/model/layers.15/self_attn/Transpose_4,Gemm,Gemm,gemm:/model/layers.15/self_attn/Transpose_4,gemm:/model/layers.15/self_attn/Transpose_4,gemm,gemm_tiled_opt,845,gemm_tiled_opt_12829285813189929928_0_0__sa,gemm_tiled_opt_12829285813189929928_0_0__sa,1,5537,matched,aligned,true,true,true,exec_profile,gtpin_total_execution_cycles,2218416,34662,cycles,64,2218416,34662,0,0,,,0,0,0,"{""gtpin_avg_execution_cycles_per_invocation"":34662,""gtpin_invocation_count"":64,""gtpin_total_execution_cycles"":2218416}",InvocationCount=64;TotalExecutionCycles=2218416;AvgExecutionCyclesPerInvocation=34662
n1_i10,10,1,10,performance,false,layers.*/self_attn,/model/layers.11/self_attn/Transpose_4,Gemm,Gemm,gemm:/model/layers.11/self_attn/Transpose_4,gemm:/model/layers.11/self_attn/Transpose_4,gemm,gemm_tiled_opt,701,gemm_tiled_opt_12829285813189929928_0_0__sa,gemm_tiled_opt_12829285813189929928_0_0__sa,1,5449,matched,aligned,true,true,true,exec_profile,gtpin_total_execution_cycles,2191274,34238,cycles,64,2191274,34238,0,0,,,0,0,0,"{""gtpin_avg_execution_cycles_per_invocation"":34238,""gtpin_invocation_count"":64,""gtpin_total_execution_cycles"":2191274}",InvocationCount=64;TotalExecutionCycles=2191274;AvgExecutionCyclesPerInvocation=34238
n1_i10,10,1,10,performance,false,layers.*/post_attention_layernorm,/model/layers.17/post_attention_layernorm/Mul,RMS,RMS,rms:/model/layers.17/post_attention_layernorm/Mul,rms:/model/layers.17/post_attention_layernorm/Mul,rms,rms_gpu_bfyx_opt,920,rms_gpu_bfyx_opt_10690270683970839748_0_0__sa,rms_gpu_bfyx_opt_10690270683970839748_0_0__sa,1,5583,matched,aligned,true,true,true,exec_profile,gtpin_total_execution_cycles,2176894,8503,cycles,256,2176894,8503,0,0,,,0,0,0,"{""gtpin_avg_execution_cycles_per_invocation"":8503,""gtpin_invocation_count"":256,""gtpin_total_execution_cycles"":2176894}",InvocationCount=256;TotalExecutionCycles=2176894;AvgExecutionCyclesPerInvocation=8503
n1_i10,10,1,10,performance,false,layers.*/self_attn,/model/layers.3/self_attn/Transpose_4,Gemm,Gemm,gemm:/model/layers.3/self_attn/Transpose_4,gemm:/model/layers.3/self_attn/Transpose_4,gemm,gemm_tiled_opt,413,gemm_tiled_opt_12829285813189929928_0_0__sa,gemm_tiled_opt_12829285813189929928_0_0__sa,1,5273,matched,aligned,true,true,true,exec_profile,gtpin_total_execution_cycles,2161224,33769,cycles,64,2161224,33769,0,0,,,0,0,0,"{""gtpin_avg_execution_cycles_per_invocation"":33769,""gtpin_invocation_count"":64,""gtpin_total_execution_cycles"":2161224}",InvocationCount=64;TotalExecutionCycles=2161224;AvgExecutionCyclesPerInvocation=33769
n1_i10,10,1,10,performance,false,layers.*/self_attn,/model/layers.7/self_attn/Transpose_4,Gemm,Gemm,gemm:/model/layers.7/self_attn/Transpose_4,gemm:/model/layers.7/self_attn/Transpose_4,gemm,gemm_tiled_opt,557,gemm_tiled_opt_12829285813189929928_0_0__sa,gemm_tiled_opt_12829285813189929928_0_0__sa,1,5361,matched,aligned,true,true,true,exec_profile,gtpin_total_execution_cycles,2155726,33683,cycles,64,2155726,33683,0,0,,,0,0,0,"{""gtpin_avg_execution_cycles_per_invocation"":33683,""gtpin_invocation_count"":64,""gtpin_total_execution_cycles"":2155726}",InvocationCount=64;TotalExecutionCycles=2155726;AvgExecutionCyclesPerInvocation=33683
n1_i10,10,1,10,performance,false,layers.*/post_attention_layernorm,/model/layers.20/post_attention_layernorm/Mul,RMS,RMS,rms:/model/layers.20/post_attention_layernorm/Mul,rms:/model/layers.20/post_attention_layernorm/Mul,rms,rms_gpu_bfyx_opt,1028,rms_gpu_bfyx_opt_10690270683970839748_0_0__sa,rms_gpu_bfyx_opt_10690270683970839748_0_0__sa,1,5649,matched,aligned,true,true,true,exec_profile,gtpin_total_execution_cycles,2141822,8366,cycles,256,2141822,8366,0,0,,,0,0,0,"{""gtpin_avg_execution_cycles_per_invocation"":8366,""gtpin_invocation_count"":256,""gtpin_total_execution_cycles"":2141822}",InvocationCount=256;TotalExecutionCycles=2141822;AvgExecutionCyclesPerInvocation=8366
n1_i10,10,1,10,performance,false,layers.*/self_attn,/model/layers.18/self_attn/Transpose_4,Gemm,Gemm,gemm:/model/layers.18/self_attn/Transpose_4,gemm:/model/layers.18/self_attn/Transpose_4,gemm,gemm_tiled_opt,953,gemm_tiled_opt_12829285813189929928_0_0__sa,gemm_tiled_opt_12829285813189929928_0_0__sa,1,5603,matched,aligned,true,true,true,exec_profile,gtpin_total_execution_cycles,2140488,33445,cycles,64,2140488,33445,0,0,,,0,0,0,"{""gtpin_avg_execution_cycles_per_invocation"":33445,""gtpin_invocation_count"":64,""gtpin_total_execution_cycles"":2140488}",InvocationCount=64;TotalExecutionCycles=2140488;AvgExecutionCyclesPerInvocation=33445
n1_i10,10,1,10,performance,false,layers.*/self_attn,/model/layers.7/self_attn/Where_3,Select,Select,select:/model/layers.7/self_attn/Where_3,select:/model/layers.7/self_attn/Where_3,select,select_gpu_ref,556,select_gpu_ref_5609897181611433017_0_0__sa,select_gpu_ref_5609897181611433017_0_0__sa,1,5360,matched,aligned,true,true,true,exec_profile,gtpin_total_execution_cycles,2137508,8349,cycles,256,2137508,8349,0,0,,,0,0,0,"{""gtpin_avg_execution_cycles_per_invocation"":8349,""gtpin_invocation_count"":256,""gtpin_total_execution_cycles"":2137508}",InvocationCount=256;TotalExecutionCycles=2137508;AvgExecutionCyclesPerInvocation=8349
n1_i10,10,1,10,performance,false,layers.*/input_layernorm,/model/layers.7/input_layernorm/Mul,RMS,RMS,rms:/model/layers.7/input_layernorm/Mul,rms:/model/layers.7/input_layernorm/Mul,rms,rms_gpu_bfyx_opt,528,rms_gpu_bfyx_opt_10690270683970839748_0_0__sa,rms_gpu_bfyx_opt_10690270683970839748_0_0__sa,1,5345,matched,aligned,true,true,true,exec_profile,gtpin_total_execution_cycles,2134636,8338,cycles,256,2134636,8338,0,0,,,0,0,0,"{""gtpin_avg_execution_cycles_per_invocation"":8338,""gtpin_invocation_count"":256,""gtpin_total_execution_cycles"":2134636}",InvocationCount=256;TotalExecutionCycles=2134636;AvgExecutionCyclesPerInvocation=8338
n1_i10,10,1,10,performance,false,layers.*/post_attention_layernorm,/model/layers.19/post_attention_layernorm/Mul,RMS,RMS,rms:/model/layers.19/post_attention_layernorm/Mul,rms:/model/layers.19/post_attention_layernorm/Mul,rms,rms_gpu_bfyx_opt,992,rms_gpu_bfyx_opt_10690270683970839748_0_0__sa,rms_gpu_bfyx_opt_10690270683970839748_0_0__sa,1,5627,matched,aligned,true,true,true,exec_profile,gtpin_total_execution_cycles,2120570,8283,cycles,256,2120570,8283,0,0,,,0,0,0,"{""gtpin_avg_execution_cycles_per_invocation"":8283,""gtpin_invocation_count"":256,""gtpin_total_execution_cycles"":2120570}",InvocationCount=256;TotalExecutionCycles=2120570;AvgExecutionCyclesPerInvocation=8283
n1_i10,10,1,10,performance,false,layers.*/self_attn,/model/layers.0/self_attn/Transpose_4,Gemm,Gemm,gemm:/model/layers.0/self_attn/Transpose_4,gemm:/model/layers.0/self_attn/Transpose_4,gemm,gemm_tiled_opt,305,gemm_tiled_opt_12829285813189929928_0_0__sa,gemm_tiled_opt_12829285813189929928_0_0__sa,1,5207,matched,aligned,true,true,true,exec_profile,gtpin_total_execution_cycles,2120024,33125,cycles,64,2120024,33125,0,0,,,0,0,0,"{""gtpin_avg_execution_cycles_per_invocation"":33125,""gtpin_invocation_count"":64,""gtpin_total_execution_cycles"":2120024}",InvocationCount=64;TotalExecutionCycles=2120024;AvgExecutionCyclesPerInvocation=33125
n1_i10,10,1,10,performance,false,layers.*/self_attn,/model/layers.17/self_attn/Transpose_4,Gemm,Gemm,gemm:/model/layers.17/self_attn/Transpose_4,gemm:/model/layers.17/self_attn/Transpose_4,gemm,gemm_tiled_opt,917,gemm_tiled_opt_12829285813189929928_0_0__sa,gemm_tiled_opt_12829285813189929928_0_0__sa,1,5581,matched,aligned,true,true,true,exec_profile,gtpin_total_execution_cycles,2089018,32640,cycles,64,2089018,32640,0,0,,,0,0,0,"{""gtpin_avg_execution_cycles_per_invocation"":32640,""gtpin_invocation_count"":64,""gtpin_total_execution_cycles"":2089018}",InvocationCount=64;TotalExecutionCycles=2089018;AvgExecutionCyclesPerInvocation=32640
n1_i10,10,1,10,performance,false,layers.*/post_attention_layernorm,/model/layers.12/post_attention_layernorm/Mul,RMS,RMS,rms:/model/layers.12/post_attention_layernorm/Mul,rms:/model/layers.12/post_attention_layernorm/Mul,rms,rms_gpu_bfyx_opt,740,rms_gpu_bfyx_opt_10690270683970839748_0_0__sa,rms_gpu_bfyx_opt_10690270683970839748_0_0__sa,1,5473,matched,aligned,true,true,true,exec_profile,gtpin_total_execution_cycles,2088628,8158,cycles,256,2088628,8158,0,0,,,0,0,0,"{""gtpin_avg_execution_cycles_per_invocation"":8158,""gtpin_invocation_count"":256,""gtpin_total_execution_cycles"":2088628}",InvocationCount=256;TotalExecutionCycles=2088628;AvgExecutionCyclesPerInvocation=8158
n1_i10,10,1,10,performance,false,layers.*/self_attn,/model/layers.1/self_attn/Transpose_4,Gemm,Gemm,gemm:/model/layers.1/self_attn/Transpose_4,gemm:/model/layers.1/self_attn/Transpose_4,gemm,gemm_tiled_opt,341,gemm_tiled_opt_12829285813189929928_0_0__sa,gemm_tiled_opt_12829285813189929928_0_0__sa,1,5229,matched,aligned,true,true,true,exec_profile,gtpin_total_execution_cycles,2065254,32269,cycles,64,2065254,32269,0,0,,,0,0,0,"{""gtpin_avg_execution_cycles_per_invocation"":32269,""gtpin_invocation_count"":64,""gtpin_total_execution_cycles"":2065254}",InvocationCount=64;TotalExecutionCycles=2065254;AvgExecutionCyclesPerInvocation=32269
n1_i10,10,1,10,performance,false,layers.*/self_attn,/model/layers.9/self_attn/Transpose_4,Gemm,Gemm,gemm:/model/layers.9/self_attn/Transpose_4,gemm:/model/layers.9/self_attn/Transpose_4,gemm,gemm_tiled_opt,629,gemm_tiled_opt_12829285813189929928_0_0__sa,gemm_tiled_opt_12829285813189929928_0_0__sa,1,5405,matched,aligned,true,true,true,exec_profile,gtpin_total_execution_cycles,2058612,32165,cycles,64,2058612,32165,0,0,,,0,0,0,"{""gtpin_avg_execution_cycles_per_invocation"":32165,""gtpin_invocation_count"":64,""gtpin_total_execution_cycles"":2058612}",InvocationCount=64;TotalExecutionCycles=2058612;AvgExecutionCyclesPerInvocation=32165
n1_i10,10,1,10,performance,false,layers.*/self_attn,/model/layers.21/self_attn/Transpose_4,Gemm,Gemm,gemm:/model/layers.21/self_attn/Transpose_4,gemm:/model/layers.21/self_attn/Transpose_4,gemm,gemm_tiled_opt,1061,gemm_tiled_opt_12829285813189929928_0_0__sa,gemm_tiled_opt_12829285813189929928_0_0__sa,1,5669,matched,aligned,true,true,true,exec_profile,gtpin_total_execution_cycles,2056142,32127,cycles,64,2056142,32127,0,0,,,0,0,0,"{""gtpin_avg_execution_cycles_per_invocation"":32127,""gtpin_invocation_count"":64,""gtpin_total_execution_cycles"":2056142}",InvocationCount=64;TotalExecutionCycles=2056142;AvgExecutionCyclesPerInvocation=32127
n1_i10,10,1,10,performance,false,layers.*/self_attn,/model/layers.2/self_attn/Transpose_4,Gemm,Gemm,gemm:/model/layers.2/self_attn/Transpose_4,gemm:/model/layers.2/self_attn/Transpose_4,gemm,gemm_tiled_opt,377,gemm_tiled_opt_12829285813189929928_0_0__sa,gemm_tiled_opt_12829285813189929928_0_0__sa,1,5251,matched,aligned,true,true,true,exec_profile,gtpin_total_execution_cycles,2052342,32067,cycles,64,2052342,32067,0,0,,,0,0,0,"{""gtpin_avg_execution_cycles_per_invocation"":32067,""gtpin_invocation_count"":64,""gtpin_total_execution_cycles"":2052342}",InvocationCount=64;TotalExecutionCycles=2052342;AvgExecutionCyclesPerInvocation=32067
n1_i10,10,1,10,performance,false,layers.*/input_layernorm,/model/layers.18/input_layernorm/Mul,RMS,RMS,rms:/model/layers.18/input_layernorm/Mul,rms:/model/layers.18/input_layernorm/Mul,rms,rms_gpu_bfyx_opt,924,rms_gpu_bfyx_opt_10690270683970839748_0_0__sa,rms_gpu_bfyx_opt_10690270683970839748_0_0__sa,1,5587,matched,aligned,true,true,true,exec_profile,gtpin_total_execution_cycles,2026318,7915,cycles,256,2026318,7915,0,0,,,0,0,0,"{""gtpin_avg_execution_cycles_per_invocation"":7915,""gtpin_invocation_count"":256,""gtpin_total_execution_cycles"":2026318}",InvocationCount=256;TotalExecutionCycles=2026318;AvgExecutionCyclesPerInvocation=7915
n1_i10,10,1,10,performance,false,layers.*/post_attention_layernorm,/model/layers.21/post_attention_layernorm/Mul,RMS,RMS,rms:/model/layers.21/post_attention_layernorm/Mul,rms:/model/layers.21/post_attention_layernorm/Mul,rms,rms_gpu_bfyx_opt,1064,rms_gpu_bfyx_opt_10690270683970839748_0_0__sa,rms_gpu_bfyx_opt_10690270683970839748_0_0__sa,1,5671,matched,aligned,true,true,true,exec_profile,gtpin_total_execution_cycles,2025940,7913,cycles,256,2025940,7913,0,0,,,0,0,0,"{""gtpin_avg_execution_cycles_per_invocation"":7913,""gtpin_invocation_count"":256,""gtpin_total_execution_cycles"":2025940}",InvocationCount=256;TotalExecutionCycles=2025940;AvgExecutionCyclesPerInvocation=7913
n1_i10,10,1,10,performance,false,layers.*/input_layernorm,/model/layers.0/input_layernorm/Mul,RMS,RMS,rms:/model/layers.0/input_layernorm/Mul,rms:/model/layers.0/input_layernorm/Mul,rms,rms_gpu_bfyx_opt,232,rms_gpu_bfyx_opt_10690270683970839748_0_0__sa,rms_gpu_bfyx_opt_10690270683970839748_0_0__sa,1,5180,matched,aligned,true,true,true,exec_profile,gtpin_total_execution_cycles,2011640,7857,cycles,256,2011640,7857,0,0,,,0,0,0,"{""gtpin_avg_execution_cycles_per_invocation"":7857,""gtpin_invocation_count"":256,""gtpin_total_execution_cycles"":2011640}",InvocationCount=256;TotalExecutionCycles=2011640;AvgExecutionCyclesPerInvocation=7857
n1_i10,10,1,10,performance,false,layers.*/post_attention_layernorm,/model/layers.9/post_attention_layernorm/Mul,RMS,RMS,rms:/model/layers.9/post_attention_layernorm/Mul,rms:/model/layers.9/post_attention_layernorm/Mul,rms,rms_gpu_bfyx_opt,632,rms_gpu_bfyx_opt_10690270683970839748_0_0__sa,rms_gpu_bfyx_opt_10690270683970839748_0_0__sa,1,5407,matched,aligned,true,true,true,exec_profile,gtpin_total_execution_cycles,2010444,7853,cycles,256,2010444,7853,0,0,,,0,0,0,"{""gtpin_avg_execution_cycles_per_invocation"":7853,""gtpin_invocation_count"":256,""gtpin_total_execution_cycles"":2010444}",InvocationCount=256;TotalExecutionCycles=2010444;AvgExecutionCyclesPerInvocation=7853
n1_i10,10,1,10,performance,false,layers.*/self_attn,/model/layers.6/self_attn/Transpose_4,Gemm,Gemm,gemm:/model/layers.6/self_attn/Transpose_4,gemm:/model/layers.6/self_attn/Transpose_4,gemm,gemm_tiled_opt,521,gemm_tiled_opt_12829285813189929928_0_0__sa,gemm_tiled_opt_12829285813189929928_0_0__sa,1,5339,matched,aligned,true,true,true,exec_profile,gtpin_total_execution_cycles,2010254,31410,cycles,64,2010254,31410,0,0,,,0,0,0,"{""gtpin_avg_execution_cycles_per_invocation"":31410,""gtpin_invocation_count"":64,""gtpin_total_execution_cycles"":2010254}",InvocationCount=64;TotalExecutionCycles=2010254;AvgExecutionCyclesPerInvocation=31410
n1_i10,10,1,10,performance,false,layers.*/self_attn,/model/layers.20/self_attn/Transpose_4,Gemm,Gemm,gemm:/model/layers.20/self_attn/Transpose_4,gemm:/model/layers.20/self_attn/Transpose_4,gemm,gemm_tiled_opt,1025,gemm_tiled_opt_12829285813189929928_0_0__sa,gemm_tiled_opt_12829285813189929928_0_0__sa,1,5647,matched,aligned,true,true,true,exec_profile,gtpin_total_execution_cycles,2004224,31316,cycles,64,2004224,31316,0,0,,,0,0,0,"{""gtpin_avg_execution_cycles_per_invocation"":31316,""gtpin_invocation_count"":64,""gtpin_total_execution_cycles"":2004224}",InvocationCount=64;TotalExecutionCycles=2004224;AvgExecutionCyclesPerInvocation=31316
n1_i10,10,1,10,performance,false,layers.*/self_attn,/model/layers.10/self_attn/Transpose_4,Gemm,Gemm,gemm:/model/layers.10/self_attn/Transpose_4,gemm:/model/layers.10/self_attn/Transpose_4,gemm,gemm_tiled_opt,665,gemm_tiled_opt_12829285813189929928_0_0__sa,gemm_tiled_opt_12829285813189929928_0_0__sa,1,5427,matched,aligned,true,true,true,exec_profile,gtpin_total_execution_cycles,2003004,31296,cycles,64,2003004,31296,0,0,,,0,0,0,"{""gtpin_avg_execution_cycles_per_invocation"":31296,""gtpin_invocation_count"":64,""gtpin_total_execution_cycles"":2003004}",InvocationCount=64;TotalExecutionCycles=2003004;AvgExecutionCyclesPerInvocation=31296
n1_i10,10,1,10,performance,false,layers.*/self_attn,/model/layers.14/self_attn/Transpose_4,Gemm,Gemm,gemm:/model/layers.14/self_attn/Transpose_4,gemm:/model/layers.14/self_attn/Transpose_4,gemm,gemm_tiled_opt,809,gemm_tiled_opt_12829285813189929928_0_0__sa,gemm_tiled_opt_12829285813189929928_0_0__sa,1,5515,matched,aligned,true,true,true,exec_profile,gtpin_total_execution_cycles,1994796,31168,cycles,64,1994796,31168,0,0,,,0,0,0,"{""gtpin_avg_execution_cycles_per_invocation"":31168,""gtpin_invocation_count"":64,""gtpin_total_execution_cycles"":1994796}",InvocationCount=64;TotalExecutionCycles=1994796;AvgExecutionCyclesPerInvocation=31168
n1_i10,10,1,10,performance,false,layers.*/self_attn,/model/layers.16/self_attn/Transpose_4,Gemm,Gemm,gemm:/model/layers.16/self_attn/Transpose_4,gemm:/model/layers.16/self_attn/Transpose_4,gemm,gemm_tiled_opt,881,gemm_tiled_opt_12829285813189929928_0_0__sa,gemm_tiled_opt_12829285813189929928_0_0__sa,1,5559,matched,aligned,true,true,true,exec_profile,gtpin_total_execution_cycles,1994062,31157,cycles,64,1994062,31157,0,0,,,0,0,0,"{""gtpin_avg_execution_cycles_per_invocation"":31157,""gtpin_invocation_count"":64,""gtpin_total_execution_cycles"":1994062}",InvocationCount=64;TotalExecutionCycles=1994062;AvgExecutionCyclesPerInvocation=31157
n1_i10,10,1,10,performance,false,layers.*/post_attention_layernorm,/model/layers.16/post_attention_layernorm/Mul,RMS,RMS,rms:/model/layers.16/post_attention_layernorm/Mul,rms:/model/layers.16/post_attention_layernorm/Mul,rms,rms_gpu_bfyx_opt,884,rms_gpu_bfyx_opt_10690270683970839748_0_0__sa,rms_gpu_bfyx_opt_10690270683970839748_0_0__sa,1,5561,matched,aligned,true,true,true,exec_profile,gtpin_total_execution_cycles,1989574,7771,cycles,256,1989574,7771,0,0,,,0,0,0,"{""gtpin_avg_execution_cycles_per_invocation"":7771,""gtpin_invocation_count"":256,""gtpin_total_execution_cycles"":1989574}",InvocationCount=256;TotalExecutionCycles=1989574;AvgExecutionCyclesPerInvocation=7771
n1_i10,10,1,10,performance,false,layers.*/post_attention_layernorm,/model/layers.13/post_attention_layernorm/Mul,RMS,RMS,rms:/model/layers.13/post_attention_layernorm/Mul,rms:/model/layers.13/post_attention_layernorm/Mul,rms,rms_gpu_bfyx_opt,776,rms_gpu_bfyx_opt_10690270683970839748_0_0__sa,rms_gpu_bfyx_opt_10690270683970839748_0_0__sa,1,5495,matched,aligned,true,true,true,exec_profile,gtpin_total_execution_cycles,1988328,7766,cycles,256,1988328,7766,0,0,,,0,0,0,"{""gtpin_avg_execution_cycles_per_invocation"":7766,""gtpin_invocation_count"":256,""gtpin_total_execution_cycles"":1988328}",InvocationCount=256;TotalExecutionCycles=1988328;AvgExecutionCyclesPerInvocation=7766
n1_i10,10,1,10,performance,false,layers.*/self_attn,/model/layers.13/self_attn/Transpose_4,Gemm,Gemm,gemm:/model/layers.13/self_attn/Transpose_4,gemm:/model/layers.13/self_attn/Transpose_4,gemm,gemm_tiled_opt,773,gemm_tiled_opt_12829285813189929928_0_0__sa,gemm_tiled_opt_12829285813189929928_0_0__sa,1,5493,matched,aligned,true,true,true,exec_profile,gtpin_total_execution_cycles,1979282,30926,cycles,64,1979282,30926,0,0,,,0,0,0,"{""gtpin_avg_execution_cycles_per_invocation"":30926,""gtpin_invocation_count"":64,""gtpin_total_execution_cycles"":1979282}",InvocationCount=64;TotalExecutionCycles=1979282;AvgExecutionCyclesPerInvocation=30926
n1_i10,10,1,10,performance,false,layers.*/self_attn,/model/layers.8/self_attn/Transpose_4,Gemm,Gemm,gemm:/model/layers.8/self_attn/Transpose_4,gemm:/model/layers.8/self_attn/Transpose_4,gemm,gemm_tiled_opt,593,gemm_tiled_opt_12829285813189929928_0_0__sa,gemm_tiled_opt_12829285813189929928_0_0__sa,1,5383,matched,aligned,true,true,true,exec_profile,gtpin_total_execution_cycles,1978578,30915,cycles,64,1978578,30915,0,0,,,0,0,0,"{""gtpin_avg_execution_cycles_per_invocation"":30915,""gtpin_invocation_count"":64,""gtpin_total_execution_cycles"":1978578}",InvocationCount=64;TotalExecutionCycles=1978578;AvgExecutionCyclesPerInvocation=30915
n1_i10,10,1,10,performance,false,layers.*/self_attn,/model/layers.5/self_attn/Transpose_4,Gemm,Gemm,gemm:/model/layers.5/self_attn/Transpose_4,gemm:/model/layers.5/self_attn/Transpose_4,gemm,gemm_tiled_opt,485,gemm_tiled_opt_12829285813189929928_0_0__sa,gemm_tiled_opt_12829285813189929928_0_0__sa,1,5317,matched,aligned,true,true,true,exec_profile,gtpin_total_execution_cycles,1977326,30895,cycles,64,1977326,30895,0,0,,,0,0,0,"{""gtpin_avg_execution_cycles_per_invocation"":30895,""gtpin_invocation_count"":64,""gtpin_total_execution_cycles"":1977326}",InvocationCount=64;TotalExecutionCycles=1977326;AvgExecutionCyclesPerInvocation=30895
n1_i10,10,1,10,performance,false,layers.*/post_attention_layernorm,/model/layers.11/post_attention_layernorm/Mul,RMS,RMS,rms:/model/layers.11/post_attention_layernorm/Mul,rms:/model/layers.11/post_attention_layernorm/Mul,rms,rms_gpu_bfyx_opt,704,rms_gpu_bfyx_opt_10690270683970839748_0_0__sa,rms_gpu_bfyx_opt_10690270683970839748_0_0__sa,1,5451,matched,aligned,true,true,true,exec_profile,gtpin_total_execution_cycles,1976302,7719,cycles,256,1976302,7719,0,0,,,0,0,0,"{""gtpin_avg_execution_cycles_per_invocation"":7719,""gtpin_invocation_count"":256,""gtpin_total_execution_cycles"":1976302}",InvocationCount=256;TotalExecutionCycles=1976302;AvgExecutionCyclesPerInvocation=7719
n1_i10,10,1,10,performance,false,layers.*/input_layernorm,/model/layers.11/input_layernorm/Mul,RMS,RMS,rms:/model/layers.11/input_layernorm/Mul,rms:/model/layers.11/input_layernorm/Mul,rms,rms_gpu_bfyx_opt,672,rms_gpu_bfyx_opt_10690270683970839748_0_0__sa,rms_gpu_bfyx_opt_10690270683970839748_0_0__sa,1,5433,matched,aligned,true,true,true,exec_profile,gtpin_total_execution_cycles,1975198,7715,cycles,256,1975198,7715,0,0,,,0,0,0,"{""gtpin_avg_execution_cycles_per_invocation"":7715,""gtpin_invocation_count"":256,""gtpin_total_execution_cycles"":1975198}",InvocationCount=256;TotalExecutionCycles=1975198;AvgExecutionCyclesPerInvocation=7715
n1_i10,10,1,10,performance,false,layers.*/self_attn,/model/layers.12/self_attn/Transpose_4,Gemm,Gemm,gemm:/model/layers.12/self_attn/Transpose_4,gemm:/model/layers.12/self_attn/Transpose_4,gemm,gemm_tiled_opt,737,gemm_tiled_opt_12829285813189929928_0_0__sa,gemm_tiled_opt_12829285813189929928_0_0__sa,1,5471,matched,aligned,true,true,true,exec_profile,gtpin_total_execution_cycles,1970516,30789,cycles,64,1970516,30789,0,0,,,0,0,0,"{""gtpin_avg_execution_cycles_per_invocation"":30789,""gtpin_invocation_count"":64,""gtpin_total_execution_cycles"":1970516}",InvocationCount=64;TotalExecutionCycles=1970516;AvgExecutionCyclesPerInvocation=30789
n1_i10,10,1,10,performance,false,layers.*/self_attn,/model/layers.4/self_attn/Transpose_4,Gemm,Gemm,gemm:/model/layers.4/self_attn/Transpose_4,gemm:/model/layers.4/self_attn/Transpose_4,gemm,gemm_tiled_opt,449,gemm_tiled_opt_12829285813189929928_0_0__sa,gemm_tiled_opt_12829285813189929928_0_0__sa,1,5295,matched,aligned,true,true,true,exec_profile,gtpin_total_execution_cycles,1951578,30493,cycles,64,1951578,30493,0,0,,,0,0,0,"{""gtpin_avg_execution_cycles_per_invocation"":30493,""gtpin_invocation_count"":64,""gtpin_total_execution_cycles"":1951578}",InvocationCount=64;TotalExecutionCycles=1951578;AvgExecutionCyclesPerInvocation=30493
n1_i10,10,1,10,performance,false,layers.*/input_layernorm,/model/layers.3/input_layernorm/Mul,RMS,RMS,rms:/model/layers.3/input_layernorm/Mul,rms:/model/layers.3/input_layernorm/Mul,rms,rms_gpu_bfyx_opt,384,rms_gpu_bfyx_opt_10690270683970839748_0_0__sa,rms_gpu_bfyx_opt_10690270683970839748_0_0__sa,1,5257,matched,aligned,true,true,true,exec_profile,gtpin_total_execution_cycles,1951446,7622,cycles,256,1951446,7622,0,0,,,0,0,0,"{""gtpin_avg_execution_cycles_per_invocation"":7622,""gtpin_invocation_count"":256,""gtpin_total_execution_cycles"":1951446}",InvocationCount=256;TotalExecutionCycles=1951446;AvgExecutionCyclesPerInvocation=7622
n1_i10,10,1,10,performance,false,layers.*/post_attention_layernorm,/model/layers.2/post_attention_layernorm/Mul,RMS,RMS,rms:/model/layers.2/post_attention_layernorm/Mul,rms:/model/layers.2/post_attention_layernorm/Mul,rms,rms_gpu_bfyx_opt,380,rms_gpu_bfyx_opt_10690270683970839748_0_0__sa,rms_gpu_bfyx_opt_10690270683970839748_0_0__sa,1,5253,matched,aligned,true,true,true,exec_profile,gtpin_total_execution_cycles,1938888,7573,cycles,256,1938888,7573,0,0,,,0,0,0,"{""gtpin_avg_execution_cycles_per_invocation"":7573,""gtpin_invocation_count"":256,""gtpin_total_execution_cycles"":1938888}",InvocationCount=256;TotalExecutionCycles=1938888;AvgExecutionCyclesPerInvocation=7573
n1_i10,10,1,10,performance,false,layers.*/post_attention_layernorm,/model/layers.7/post_attention_layernorm/Mul,RMS,RMS,rms:/model/layers.7/post_attention_layernorm/Mul,rms:/model/layers.7/post_attention_layernorm/Mul,rms,rms_gpu_bfyx_opt,560,rms_gpu_bfyx_opt_10690270683970839748_0_0__sa,rms_gpu_bfyx_opt_10690270683970839748_0_0__sa,1,5363,matched,aligned,true,true,true,exec_profile,gtpin_total_execution_cycles,1916730,7487,cycles,256,1916730,7487,0,0,,,0,0,0,"{""gtpin_avg_execution_cycles_per_invocation"":7487,""gtpin_invocation_count"":256,""gtpin_total_execution_cycles"":1916730}",InvocationCount=256;TotalExecutionCycles=1916730;AvgExecutionCyclesPerInvocation=7487
n1_i10,10,1,10,performance,false,layers.*/post_attention_layernorm,/model/layers.10/post_attention_layernorm/Mul,RMS,RMS,rms:/model/layers.10/post_attention_layernorm/Mul,rms:/model/layers.10/post_attention_layernorm/Mul,rms,rms_gpu_bfyx_opt,668,rms_gpu_bfyx_opt_10690270683970839748_0_0__sa,rms_gpu_bfyx_opt_10690270683970839748_0_0__sa,1,5429,matched,aligned,true,true,true,exec_profile,gtpin_total_execution_cycles,1915988,7484,cycles,256,1915988,7484,0,0,,,0,0,0,"{""gtpin_avg_execution_cycles_per_invocation"":7484,""gtpin_invocation_count"":256,""gtpin_total_execution_cycles"":1915988}",InvocationCount=256;TotalExecutionCycles=1915988;AvgExecutionCyclesPerInvocation=7484
n1_i10,10,1,10,performance,false,layers.*/post_attention_layernorm,/model/layers.14/post_attention_layernorm/Mul,RMS,RMS,rms:/model/layers.14/post_attention_layernorm/Mul,rms:/model/layers.14/post_attention_layernorm/Mul,rms,rms_gpu_bfyx_opt,812,rms_gpu_bfyx_opt_10690270683970839748_0_0__sa,rms_gpu_bfyx_opt_10690270683970839748_0_0__sa,1,5517,matched,aligned,true,true,true,exec_profile,gtpin_total_execution_cycles,1910516,7462,cycles,256,1910516,7462,0,0,,,0,0,0,"{""gtpin_avg_execution_cycles_per_invocation"":7462,""gtpin_invocation_count"":256,""gtpin_total_execution_cycles"":1910516}",InvocationCount=256;TotalExecutionCycles=1910516;AvgExecutionCyclesPerInvocation=7462
n1_i10,10,1,10,performance,false,layers.*/post_attention_layernorm,/model/layers.5/post_attention_layernorm/Mul,RMS,RMS,rms:/model/layers.5/post_attention_layernorm/Mul,rms:/model/layers.5/post_attention_layernorm/Mul,rms,rms_gpu_bfyx_opt,488,rms_gpu_bfyx_opt_10690270683970839748_0_0__sa,rms_gpu_bfyx_opt_10690270683970839748_0_0__sa,1,5319,matched,aligned,true,true,true,exec_profile,gtpin_total_execution_cycles,1884904,7362,cycles,256,1884904,7362,0,0,,,0,0,0,"{""gtpin_avg_execution_cycles_per_invocation"":7362,""gtpin_invocation_count"":256,""gtpin_total_execution_cycles"":1884904}",InvocationCount=256;TotalExecutionCycles=1884904;AvgExecutionCyclesPerInvocation=7362
n1_i10,10,1,10,performance,false,layers.*/input_layernorm,/model/layers.14/input_layernorm/Mul,RMS,RMS,rms:/model/layers.14/input_layernorm/Mul,rms:/model/layers.14/input_layernorm/Mul,rms,rms_gpu_bfyx_opt,780,rms_gpu_bfyx_opt_10690270683970839748_0_0__sa,rms_gpu_bfyx_opt_10690270683970839748_0_0__sa,1,5499,matched,aligned,true,true,true,exec_profile,gtpin_total_execution_cycles,1881698,7350,cycles,256,1881698,7350,0,0,,,0,0,0,"{""gtpin_avg_execution_cycles_per_invocation"":7350,""gtpin_invocation_count"":256,""gtpin_total_execution_cycles"":1881698}",InvocationCount=256;TotalExecutionCycles=1881698;AvgExecutionCyclesPerInvocation=7350
n1_i10,10,1,10,performance,false,layers.*/post_attention_layernorm,/model/layers.18/post_attention_layernorm/Mul,RMS,RMS,rms:/model/layers.18/post_attention_layernorm/Mul,rms:/model/layers.18/post_attention_layernorm/Mul,rms,rms_gpu_bfyx_opt,956,rms_gpu_bfyx_opt_10690270683970839748_0_0__sa,rms_gpu_bfyx_opt_10690270683970839748_0_0__sa,1,5605,matched,aligned,true,true,true,exec_profile,gtpin_total_execution_cycles,1851822,7233,cycles,256,1851822,7233,0,0,,,0,0,0,"{""gtpin_avg_execution_cycles_per_invocation"":7233,""gtpin_invocation_count"":256,""gtpin_total_execution_cycles"":1851822}",InvocationCount=256;TotalExecutionCycles=1851822;AvgExecutionCyclesPerInvocation=7233
n1_i10,10,1,10,performance,false,layers.*/input_layernorm,/model/layers.13/input_layernorm/Mul,RMS,RMS,rms:/model/layers.13/input_layernorm/Mul,rms:/model/layers.13/input_layernorm/Mul,rms,rms_gpu_bfyx_opt,744,rms_gpu_bfyx_opt_10690270683970839748_0_0__sa,rms_gpu_bfyx_opt_10690270683970839748_0_0__sa,1,5477,matched,aligned,true,true,true,exec_profile,gtpin_total_execution_cycles,1851804,7233,cycles,256,1851804,7233,0,0,,,0,0,0,"{""gtpin_avg_execution_cycles_per_invocation"":7233,""gtpin_invocation_count"":256,""gtpin_total_execution_cycles"":1851804}",InvocationCount=256;TotalExecutionCycles=1851804;AvgExecutionCyclesPerInvocation=7233
n1_i10,10,1,10,performance,false,layers.*/input_layernorm,/model/layers.2/input_layernorm/Mul,RMS,RMS,rms:/model/layers.2/input_layernorm/Mul,rms:/model/layers.2/input_layernorm/Mul,rms,rms_gpu_bfyx_opt,348,rms_gpu_bfyx_opt_10690270683970839748_0_0__sa,rms_gpu_bfyx_opt_10690270683970839748_0_0__sa,1,5235,matched,aligned,true,true,true,exec_profile,gtpin_total_execution_cycles,1830136,7148,cycles,256,1830136,7148,0,0,,,0,0,0,"{""gtpin_avg_execution_cycles_per_invocation"":7148,""gtpin_invocation_count"":256,""gtpin_total_execution_cycles"":1830136}",InvocationCount=256;TotalExecutionCycles=1830136;AvgExecutionCyclesPerInvocation=7148
n1_i10,10,1,10,performance,false,layers.*/post_attention_layernorm,/model/layers.15/post_attention_layernorm/Mul,RMS,RMS,rms:/model/layers.15/post_attention_layernorm/Mul,rms:/model/layers.15/post_attention_layernorm/Mul,rms,rms_gpu_bfyx_opt,848,rms_gpu_bfyx_opt_10690270683970839748_0_0__sa,rms_gpu_bfyx_opt_10690270683970839748_0_0__sa,1,5539,matched,aligned,true,true,true,exec_profile,gtpin_total_execution_cycles,1819770,7108,cycles,256,1819770,7108,0,0,,,0,0,0,"{""gtpin_avg_execution_cycles_per_invocation"":7108,""gtpin_invocation_count"":256,""gtpin_total_execution_cycles"":1819770}",InvocationCount=256;TotalExecutionCycles=1819770;AvgExecutionCyclesPerInvocation=7108
n1_i10,10,1,10,performance,false,layers.*/input_layernorm,/model/layers.1/input_layernorm/Mul,RMS,RMS,rms:/model/layers.1/input_layernorm/Mul,rms:/model/layers.1/input_layernorm/Mul,rms,rms_gpu_bfyx_opt,312,rms_gpu_bfyx_opt_10690270683970839748_0_0__sa,rms_gpu_bfyx_opt_10690270683970839748_0_0__sa,1,5213,matched,aligned,true,true,true,exec_profile,gtpin_total_execution_cycles,1811014,7074,cycles,256,1811014,7074,0,0,,,0,0,0,"{""gtpin_avg_execution_cycles_per_invocation"":7074,""gtpin_invocation_count"":256,""gtpin_total_execution_cycles"":1811014}",InvocationCount=256;TotalExecutionCycles=1811014;AvgExecutionCyclesPerInvocation=7074
n1_i10,10,1,10,performance,false,layers.*/input_layernorm,/model/layers.20/input_layernorm/Mul,RMS,RMS,rms:/model/layers.20/input_layernorm/Mul,rms:/model/layers.20/input_layernorm/Mul,rms,rms_gpu_bfyx_opt,996,rms_gpu_bfyx_opt_10690270683970839748_0_0__sa,rms_gpu_bfyx_opt_10690270683970839748_0_0__sa,1,5631,matched,aligned,true,true,true,exec_profile,gtpin_total_execution_cycles,1795142,7012,cycles,256,1795142,7012,0,0,,,0,0,0,"{""gtpin_avg_execution_cycles_per_invocation"":7012,""gtpin_invocation_count"":256,""gtpin_total_execution_cycles"":1795142}",InvocationCount=256;TotalExecutionCycles=1795142;AvgExecutionCyclesPerInvocation=7012
n1_i10,10,1,10,performance,false,(root),/model/norm/Mul,RMS,RMS,rms:/model/norm/Mul,rms:/model/norm/Mul,rms,rms_gpu_bfyx_opt,1068,rms_gpu_bfyx_opt_10690270683970839748_0_0__sa,rms_gpu_bfyx_opt_10690270683970839748_0_0__sa,1,5675,matched,aligned,true,true,true,exec_profile,gtpin_total_execution_cycles,1781780,6960,cycles,256,1781780,6960,0,0,,,0,0,0,"{""gtpin_avg_execution_cycles_per_invocation"":6960,""gtpin_invocation_count"":256,""gtpin_total_execution_cycles"":1781780}",InvocationCount=256;TotalExecutionCycles=1781780;AvgExecutionCyclesPerInvocation=6960
n1_i10,10,1,10,performance,false,layers.*/input_layernorm,/model/layers.8/input_layernorm/Mul,RMS,RMS,rms:/model/layers.8/input_layernorm/Mul,rms:/model/layers.8/input_layernorm/Mul,rms,rms_gpu_bfyx_opt,564,rms_gpu_bfyx_opt_10690270683970839748_0_0__sa,rms_gpu_bfyx_opt_10690270683970839748_0_0__sa,1,5367,matched,aligned,true,true,true,exec_profile,gtpin_total_execution_cycles,1779840,6952,cycles,256,1779840,6952,0,0,,,0,0,0,"{""gtpin_avg_execution_cycles_per_invocation"":6952,""gtpin_invocation_count"":256,""gtpin_total_execution_cycles"":1779840}",InvocationCount=256;TotalExecutionCycles=1779840;AvgExecutionCyclesPerInvocation=6952
n1_i10,10,1,10,performance,false,layers.*/post_attention_layernorm,/model/layers.8/post_attention_layernorm/Mul,RMS,RMS,rms:/model/layers.8/post_attention_layernorm/Mul,rms:/model/layers.8/post_attention_layernorm/Mul,rms,rms_gpu_bfyx_opt,596,rms_gpu_bfyx_opt_10690270683970839748_0_0__sa,rms_gpu_bfyx_opt_10690270683970839748_0_0__sa,1,5385,matched,aligned,true,true,true,exec_profile,gtpin_total_execution_cycles,1744240,6813,cycles,256,1744240,6813,0,0,,,0,0,0,"{""gtpin_avg_execution_cycles_per_invocation"":6813,""gtpin_invocation_count"":256,""gtpin_total_execution_cycles"":1744240}",InvocationCount=256;TotalExecutionCycles=1744240;AvgExecutionCyclesPerInvocation=6813
n1_i10,10,1,10,performance,false,layers.*/post_attention_layernorm,/model/layers.3/post_attention_layernorm/Mul,RMS,RMS,rms:/model/layers.3/post_attention_layernorm/Mul,rms:/model/layers.3/post_attention_layernorm/Mul,rms,rms_gpu_bfyx_opt,416,rms_gpu_bfyx_opt_10690270683970839748_0_0__sa,rms_gpu_bfyx_opt_10690270683970839748_0_0__sa,1,5275,matched,aligned,true,true,true,exec_profile,gtpin_total_execution_cycles,1740334,6798,cycles,256,1740334,6798,0,0,,,0,0,0,"{""gtpin_avg_execution_cycles_per_invocation"":6798,""gtpin_invocation_count"":256,""gtpin_total_execution_cycles"":1740334}",InvocationCount=256;TotalExecutionCycles=1740334;AvgExecutionCyclesPerInvocation=6798
n1_i10,10,1,10,performance,false,layers.*/self_attn,/model/layers.0/self_attn/Where_3,Select,Select,select:/model/layers.0/self_attn/Where_3,select:/model/layers.0/self_attn/Where_3,select,select_gpu_ref,304,select_gpu_ref_5609897181611433017_0_0__sa,select_gpu_ref_5609897181611433017_0_0__sa,1,5206,matched,aligned,true,true,true,exec_profile,gtpin_total_execution_cycles,1711174,6684,cycles,256,1711174,6684,0,0,,,0,0,0,"{""gtpin_avg_execution_cycles_per_invocation"":6684,""gtpin_invocation_count"":256,""gtpin_total_execution_cycles"":1711174}",InvocationCount=256;TotalExecutionCycles=1711174;AvgExecutionCyclesPerInvocation=6684
n1_i10,10,1,10,performance,false,layers.*/input_layernorm,/model/layers.21/input_layernorm/Mul,RMS,RMS,rms:/model/layers.21/input_layernorm/Mul,rms:/model/layers.21/input_layernorm/Mul,rms,rms_gpu_bfyx_opt,1032,rms_gpu_bfyx_opt_10690270683970839748_0_0__sa,rms_gpu_bfyx_opt_10690270683970839748_0_0__sa,1,5653,matched,aligned,true,true,true,exec_profile,gtpin_total_execution_cycles,1698408,6634,cycles,256,1698408,6634,0,0,,,0,0,0,"{""gtpin_avg_execution_cycles_per_invocation"":6634,""gtpin_invocation_count"":256,""gtpin_total_execution_cycles"":1698408}",InvocationCount=256;TotalExecutionCycles=1698408;AvgExecutionCyclesPerInvocation=6634
n1_i10,10,1,10,performance,false,layers.*/self_attn,/model/layers.16/self_attn/Where_3,Select,Select,select:/model/layers.16/self_attn/Where_3,select:/model/layers.16/self_attn/Where_3,select,select_gpu_ref,880,select_gpu_ref_5609897181611433017_0_0__sa,select_gpu_ref_5609897181611433017_0_0__sa,1,5558,matched,aligned,true,true,true,exec_profile,gtpin_total_execution_cycles,1676780,6549,cycles,256,1676780,6549,0,0,,,0,0,0,"{""gtpin_avg_execution_cycles_per_invocation"":6549,""gtpin_invocation_count"":256,""gtpin_total_execution_cycles"":1676780}",InvocationCount=256;TotalExecutionCycles=1676780;AvgExecutionCyclesPerInvocation=6549
n1_i10,10,1,10,performance,false,layers.*/input_layernorm,/model/layers.12/input_layernorm/Mul,RMS,RMS,rms:/model/layers.12/input_layernorm/Mul,rms:/model/layers.12/input_layernorm/Mul,rms,rms_gpu_bfyx_opt,708,rms_gpu_bfyx_opt_10690270683970839748_0_0__sa,rms_gpu_bfyx_opt_10690270683970839748_0_0__sa,1,5455,matched,aligned,true,true,true,exec_profile,gtpin_total_execution_cycles,1671402,6528,cycles,256,1671402,6528,0,0,,,0,0,0,"{""gtpin_avg_execution_cycles_per_invocation"":6528,""gtpin_invocation_count"":256,""gtpin_total_execution_cycles"":1671402}",InvocationCount=256;TotalExecutionCycles=1671402;AvgExecutionCyclesPerInvocation=6528
n1_i10,10,1,10,performance,false,layers.*/input_layernorm,/model/layers.10/input_layernorm/Mul,RMS,RMS,rms:/model/layers.10/input_layernorm/Mul,rms:/model/layers.10/input_layernorm/Mul,rms,rms_gpu_bfyx_opt,636,rms_gpu_bfyx_opt_10690270683970839748_0_0__sa,rms_gpu_bfyx_opt_10690270683970839748_0_0__sa,1,5411,matched,aligned,true,true,true,exec_profile,gtpin_total_execution_cycles,1647400,6435,cycles,256,1647400,6435,0,0,,,0,0,0,"{""gtpin_avg_execution_cycles_per_invocation"":6435,""gtpin_invocation_count"":256,""gtpin_total_execution_cycles"":1647400}",InvocationCount=256;TotalExecutionCycles=1647400;AvgExecutionCyclesPerInvocation=6435
n1_i10,10,1,10,performance,false,layers.*/post_attention_layernorm,/model/layers.4/post_attention_layernorm/Mul,RMS,RMS,rms:/model/layers.4/post_attention_layernorm/Mul,rms:/model/layers.4/post_attention_layernorm/Mul,rms,rms_gpu_bfyx_opt,452,rms_gpu_bfyx_opt_10690270683970839748_0_0__sa,rms_gpu_bfyx_opt_10690270683970839748_0_0__sa,1,5297,matched,aligned,true,true,true,exec_profile,gtpin_total_execution_cycles,1610980,6292,cycles,256,1610980,6292,0,0,,,0,0,0,"{""gtpin_avg_execution_cycles_per_invocation"":6292,""gtpin_invocation_count"":256,""gtpin_total_execution_cycles"":1610980}",InvocationCount=256;TotalExecutionCycles=1610980;AvgExecutionCyclesPerInvocation=6292
n1_i10,10,1,10,performance,false,layers.*/self_attn,/model/layers.12/self_attn/Where_3,Select,Select,select:/model/layers.12/self_attn/Where_3,select:/model/layers.12/self_attn/Where_3,select,select_gpu_ref,736,select_gpu_ref_5609897181611433017_0_0__sa,select_gpu_ref_5609897181611433017_0_0__sa,1,5470,matched,aligned,true,true,true,exec_profile,gtpin_total_execution_cycles,1609882,6288,cycles,256,1609882,6288,0,0,,,0,0,0,"{""gtpin_avg_execution_cycles_per_invocation"":6288,""gtpin_invocation_count"":256,""gtpin_total_execution_cycles"":1609882}",InvocationCount=256;TotalExecutionCycles=1609882;AvgExecutionCyclesPerInvocation=6288
n1_i10,10,1,10,performance,false,layers.*/self_attn,/model/layers.9/self_attn/IsNaN,IsNaN,IsNaN,isnan:/model/layers.9/self_attn/IsNaN,isnan:/model/layers.9/self_attn/IsNaN,eltwise,generic_eltwise_ref,627,generic_eltwise_ref_1696504087421334661_0_0__sa,generic_eltwise_ref_1696504087421334661_0_0__sa,1,5403,matched,aligned,true,true,true,exec_profile,gtpin_total_execution_cycles,1590490,6212,cycles,256,1590490,6212,0,0,,,0,0,0,"{""gtpin_avg_execution_cycles_per_invocation"":6212,""gtpin_invocation_count"":256,""gtpin_total_execution_cycles"":1590490}",InvocationCount=256;TotalExecutionCycles=1590490;AvgExecutionCyclesPerInvocation=6212
n1_i10,10,1,10,performance,false,layers.*/input_layernorm,/model/layers.9/input_layernorm/Mul,RMS,RMS,rms:/model/layers.9/input_layernorm/Mul,rms:/model/layers.9/input_layernorm/Mul,rms,rms_gpu_bfyx_opt,600,rms_gpu_bfyx_opt_10690270683970839748_0_0__sa,rms_gpu_bfyx_opt_10690270683970839748_0_0__sa,1,5389,matched,aligned,true,true,true,exec_profile,gtpin_total_execution_cycles,1584530,6189,cycles,256,1584530,6189,0,0,,,0,0,0,"{""gtpin_avg_execution_cycles_per_invocation"":6189,""gtpin_invocation_count"":256,""gtpin_total_execution_cycles"":1584530}",InvocationCount=256;TotalExecutionCycles=1584530;AvgExecutionCyclesPerInvocation=6189
n1_i10,10,1,10,performance,false,layers.*/self_attn,/model/layers.16/self_attn/IsNaN,IsNaN,IsNaN,isnan:/model/layers.16/self_attn/IsNaN,isnan:/model/layers.16/self_attn/IsNaN,eltwise,generic_eltwise_ref,879,generic_eltwise_ref_1696504087421334661_0_0__sa,generic_eltwise_ref_1696504087421334661_0_0__sa,1,5557,matched,aligned,true,true,true,exec_profile,gtpin_total_execution_cycles,1581906,6179,cycles,256,1581906,6179,0,0,,,0,0,0,"{""gtpin_avg_execution_cycles_per_invocation"":6179,""gtpin_invocation_count"":256,""gtpin_total_execution_cycles"":1581906}",InvocationCount=256;TotalExecutionCycles=1581906;AvgExecutionCyclesPerInvocation=6179
n1_i10,10,1,10,performance,false,layers.*/input_layernorm,/model/layers.17/input_layernorm/Mul,RMS,RMS,rms:/model/layers.17/input_layernorm/Mul,rms:/model/layers.17/input_layernorm/Mul,rms,rms_gpu_bfyx_opt,888,rms_gpu_bfyx_opt_10690270683970839748_0_0__sa,rms_gpu_bfyx_opt_10690270683970839748_0_0__sa,1,5565,matched,aligned,true,true,true,exec_profile,gtpin_total_execution_cycles,1570762,6135,cycles,256,1570762,6135,0,0,,,0,0,0,"{""gtpin_avg_execution_cycles_per_invocation"":6135,""gtpin_invocation_count"":256,""gtpin_total_execution_cycles"":1570762}",InvocationCount=256;TotalExecutionCycles=1570762;AvgExecutionCyclesPerInvocation=6135
n1_i10,10,1,10,performance,false,layers.*/input_layernorm,/model/layers.6/input_layernorm/Mul,RMS,RMS,rms:/model/layers.6/input_layernorm/Mul,rms:/model/layers.6/input_layernorm/Mul,rms,rms_gpu_bfyx_opt,492,rms_gpu_bfyx_opt_10690270683970839748_0_0__sa,rms_gpu_bfyx_opt_10690270683970839748_0_0__sa,1,5323,matched,aligned,true,true,true,exec_profile,gtpin_total_execution_cycles,1537516,6005,cycles,256,1537516,6005,0,0,,,0,0,0,"{""gtpin_avg_execution_cycles_per_invocation"":6005,""gtpin_invocation_count"":256,""gtpin_total_execution_cycles"":1537516}",InvocationCount=256;TotalExecutionCycles=1537516;AvgExecutionCyclesPerInvocation=6005
n1_i10,10,1,10,performance,false,layers.*/self_attn,/model/layers.0/self_attn/IsNaN,IsNaN,IsNaN,isnan:/model/layers.0/self_attn/IsNaN,isnan:/model/layers.0/self_attn/IsNaN,eltwise,generic_eltwise_ref,303,generic_eltwise_ref_1696504087421334661_0_0__sa,generic_eltwise_ref_1696504087421334661_0_0__sa,1,5205,matched,aligned,true,true,true,exec_profile,gtpin_total_execution_cycles,1534240,5993,cycles,256,1534240,5993,0,0,,,0,0,0,"{""gtpin_avg_execution_cycles_per_invocation"":5993,""gtpin_invocation_count"":256,""gtpin_total_execution_cycles"":1534240}",InvocationCount=256;TotalExecutionCycles=1534240;AvgExecutionCyclesPerInvocation=5993
n1_i10,10,1,10,performance,false,layers.*/self_attn,/model/layers.6/self_attn/IsNaN,IsNaN,IsNaN,isnan:/model/layers.6/self_attn/IsNaN,isnan:/model/layers.6/self_attn/IsNaN,eltwise,generic_eltwise_ref,519,generic_eltwise_ref_1696504087421334661_0_0__sa,generic_eltwise_ref_1696504087421334661_0_0__sa,1,5337,matched,aligned,true,true,true,exec_profile,gtpin_total_execution_cycles,1522432,5947,cycles,256,1522432,5947,0,0,,,0,0,0,"{""gtpin_avg_execution_cycles_per_invocation"":5947,""gtpin_invocation_count"":256,""gtpin_total_execution_cycles"":1522432}",InvocationCount=256;TotalExecutionCycles=1522432;AvgExecutionCyclesPerInvocation=5947
n1_i10,10,1,10,performance,false,layers.*/self_attn,/model/layers.20/self_attn/Where_3,Select,Select,select:/model/layers.20/self_attn/Where_3,select:/model/layers.20/self_attn/Where_3,select,select_gpu_ref,1024,select_gpu_ref_5609897181611433017_0_0__sa,select_gpu_ref_5609897181611433017_0_0__sa,1,5646,matched,aligned,true,true,true,exec_profile,gtpin_total_execution_cycles,1509690,5897,cycles,256,1509690,5897,0,0,,,0,0,0,"{""gtpin_avg_execution_cycles_per_invocation"":5897,""gtpin_invocation_count"":256,""gtpin_total_execution_cycles"":1509690}",InvocationCount=256;TotalExecutionCycles=1509690;AvgExecutionCyclesPerInvocation=5897
n1_i10,10,1,10,performance,false,layers.*/input_layernorm,/model/layers.5/input_layernorm/Mul,RMS,RMS,rms:/model/layers.5/input_layernorm/Mul,rms:/model/layers.5/input_layernorm/Mul,rms,rms_gpu_bfyx_opt,456,rms_gpu_bfyx_opt_10690270683970839748_0_0__sa,rms_gpu_bfyx_opt_10690270683970839748_0_0__sa,1,5301,matched,aligned,true,true,true,exec_profile,gtpin_total_execution_cycles,1507966,5890,cycles,256,1507966,5890,0,0,,,0,0,0,"{""gtpin_avg_execution_cycles_per_invocation"":5890,""gtpin_invocation_count"":256,""gtpin_total_execution_cycles"":1507966}",InvocationCount=256;TotalExecutionCycles=1507966;AvgExecutionCyclesPerInvocation=5890
n1_i10,10,1,10,performance,false,layers.*/input_layernorm,/model/layers.4/input_layernorm/Mul,RMS,RMS,rms:/model/layers.4/input_layernorm/Mul,rms:/model/layers.4/input_layernorm/Mul,rms,rms_gpu_bfyx_opt,420,rms_gpu_bfyx_opt_10690270683970839748_0_0__sa,rms_gpu_bfyx_opt_10690270683970839748_0_0__sa,1,5279,matched,aligned,true,true,true,exec_profile,gtpin_total_execution_cycles,1499982,5859,cycles,256,1499982,5859,0,0,,,0,0,0,"{""gtpin_avg_execution_cycles_per_invocation"":5859,""gtpin_invocation_count"":256,""gtpin_total_execution_cycles"":1499982}",InvocationCount=256;TotalExecutionCycles=1499982;AvgExecutionCyclesPerInvocation=5859
n1_i10,10,1,10,performance,false,layers.*/self_attn,/model/layers.8/self_attn/Where_3,Select,Select,select:/model/layers.8/self_attn/Where_3,select:/model/layers.8/self_attn/Where_3,select,select_gpu_ref,592,select_gpu_ref_5609897181611433017_0_0__sa,select_gpu_ref_5609897181611433017_0_0__sa,1,5382,matched,aligned,true,true,true,exec_profile,gtpin_total_execution_cycles,1466738,5729,cycles,256,1466738,5729,0,0,,,0,0,0,"{""gtpin_avg_execution_cycles_per_invocation"":5729,""gtpin_invocation_count"":256,""gtpin_total_execution_cycles"":1466738}",InvocationCount=256;TotalExecutionCycles=1466738;AvgExecutionCyclesPerInvocation=5729
n1_i10,10,1,10,performance,false,layers.*/self_attn,/model/layers.11/self_attn/Where_3,Select,Select,select:/model/layers.11/self_attn/Where_3,select:/model/layers.11/self_attn/Where_3,select,select_gpu_ref,700,select_gpu_ref_5609897181611433017_0_0__sa,select_gpu_ref_5609897181611433017_0_0__sa,1,5448,matched,aligned,true,true,true,exec_profile,gtpin_total_execution_cycles,1457974,5695,cycles,256,1457974,5695,0,0,,,0,0,0,"{""gtpin_avg_execution_cycles_per_invocation"":5695,""gtpin_invocation_count"":256,""gtpin_total_execution_cycles"":1457974}",InvocationCount=256;TotalExecutionCycles=1457974;AvgExecutionCyclesPerInvocation=5695
n1_i10,10,1,10,performance,false,layers.*/self_attn,/model/layers.15/self_attn/Where_3,Select,Select,select:/model/layers.15/self_attn/Where_3,select:/model/layers.15/self_attn/Where_3,select,select_gpu_ref,844,select_gpu_ref_5609897181611433017_0_0__sa,select_gpu_ref_5609897181611433017_0_0__sa,1,5536,matched,aligned,true,true,true,exec_profile,gtpin_total_execution_cycles,1451734,5670,cycles,256,1451734,5670,0,0,,,0,0,0,"{""gtpin_avg_execution_cycles_per_invocation"":5670,""gtpin_invocation_count"":256,""gtpin_total_execution_cycles"":1451734}",InvocationCount=256;TotalExecutionCycles=1451734;AvgExecutionCyclesPerInvocation=5670
n1_i10,10,1,10,performance,false,layers.*/self_attn,/model/layers.19/self_attn/Where_3,Select,Select,select:/model/layers.19/self_attn/Where_3,select:/model/layers.19/self_attn/Where_3,select,select_gpu_ref,988,select_gpu_ref_5609897181611433017_0_0__sa,select_gpu_ref_5609897181611433017_0_0__sa,1,5624,matched,aligned,true,true,true,exec_profile,gtpin_total_execution_cycles,1451126,5668,cycles,256,1451126,5668,0,0,,,0,0,0,"{""gtpin_avg_execution_cycles_per_invocation"":5668,""gtpin_invocation_count"":256,""gtpin_total_execution_cycles"":1451126}",InvocationCount=256;TotalExecutionCycles=1451126;AvgExecutionCyclesPerInvocation=5668
n1_i10,10,1,10,performance,false,layers.*/self_attn,/model/layers.4/self_attn/Where_3,Select,Select,select:/model/layers.4/self_attn/Where_3,select:/model/layers.4/self_attn/Where_3,select,select_gpu_ref,448,select_gpu_ref_5609897181611433017_0_0__sa,select_gpu_ref_5609897181611433017_0_0__sa,1,5294,matched,aligned,true,true,true,exec_profile,gtpin_total_execution_cycles,1441968,5632,cycles,256,1441968,5632,0,0,,,0,0,0,"{""gtpin_avg_execution_cycles_per_invocation"":5632,""gtpin_invocation_count"":256,""gtpin_total_execution_cycles"":1441968}",InvocationCount=256;TotalExecutionCycles=1441968;AvgExecutionCyclesPerInvocation=5632
n1_i10,10,1,10,performance,false,layers.*/self_attn,/model/layers.6/self_attn/Where_3,Select,Select,select:/model/layers.6/self_attn/Where_3,select:/model/layers.6/self_attn/Where_3,select,select_gpu_ref,520,select_gpu_ref_5609897181611433017_0_0__sa,select_gpu_ref_5609897181611433017_0_0__sa,1,5338,matched,aligned,true,true,true,exec_profile,gtpin_total_execution_cycles,1437762,5616,cycles,256,1437762,5616,0,0,,,0,0,0,"{""gtpin_avg_execution_cycles_per_invocation"":5616,""gtpin_invocation_count"":256,""gtpin_total_execution_cycles"":1437762}",InvocationCount=256;TotalExecutionCycles=1437762;AvgExecutionCyclesPerInvocation=5616
n1_i10,10,1,10,performance,false,layers.*/self_attn,/model/layers.10/self_attn/Where_3,Select,Select,select:/model/layers.10/self_attn/Where_3,select:/model/layers.10/self_attn/Where_3,select,select_gpu_ref,664,select_gpu_ref_5609897181611433017_0_0__sa,select_gpu_ref_5609897181611433017_0_0__sa,1,5426,matched,aligned,true,true,true,exec_profile,gtpin_total_execution_cycles,1435816,5608,cycles,256,1435816,5608,0,0,,,0,0,0,"{""gtpin_avg_execution_cycles_per_invocation"":5608,""gtpin_invocation_count"":256,""gtpin_total_execution_cycles"":1435816}",InvocationCount=256;TotalExecutionCycles=1435816;AvgExecutionCyclesPerInvocation=5608
n1_i10,10,1,10,performance,false,layers.*/self_attn,/model/layers.5/self_attn/Where_3,Select,Select,select:/model/layers.5/self_attn/Where_3,select:/model/layers.5/self_attn/Where_3,select,select_gpu_ref,484,select_gpu_ref_5609897181611433017_0_0__sa,select_gpu_ref_5609897181611433017_0_0__sa,1,5316,matched,aligned,true,true,true,exec_profile,gtpin_total_execution_cycles,1431032,5589,cycles,256,1431032,5589,0,0,,,0,0,0,"{""gtpin_avg_execution_cycles_per_invocation"":5589,""gtpin_invocation_count"":256,""gtpin_total_execution_cycles"":1431032}",InvocationCount=256;TotalExecutionCycles=1431032;AvgExecutionCyclesPerInvocation=5589
n1_i10,10,1,10,performance,false,layers.*/self_attn,/model/layers.21/self_attn/Where_3,Select,Select,select:/model/layers.21/self_attn/Where_3,select:/model/layers.21/self_attn/Where_3,select,select_gpu_ref,1060,select_gpu_ref_5609897181611433017_0_0__sa,select_gpu_ref_5609897181611433017_0_0__sa,1,5668,matched,aligned,true,true,true,exec_profile,gtpin_total_execution_cycles,1414120,5523,cycles,256,1414120,5523,0,0,,,0,0,0,"{""gtpin_avg_execution_cycles_per_invocation"":5523,""gtpin_invocation_count"":256,""gtpin_total_execution_cycles"":1414120}",InvocationCount=256;TotalExecutionCycles=1414120;AvgExecutionCyclesPerInvocation=5523
n1_i10,10,1,10,performance,false,layers.*/self_attn,/model/layers.3/self_attn/IsNaN,IsNaN,IsNaN,isnan:/model/layers.3/self_attn/IsNaN,isnan:/model/layers.3/self_attn/IsNaN,eltwise,generic_eltwise_ref,411,generic_eltwise_ref_1696504087421334661_0_0__sa,generic_eltwise_ref_1696504087421334661_0_0__sa,1,5271,matched,aligned,true,true,true,exec_profile,gtpin_total_execution_cycles,1409160,5504,cycles,256,1409160,5504,0,0,,,0,0,0,"{""gtpin_avg_execution_cycles_per_invocation"":5504,""gtpin_invocation_count"":256,""gtpin_total_execution_cycles"":1409160}",InvocationCount=256;TotalExecutionCycles=1409160;AvgExecutionCyclesPerInvocation=5504
n1_i10,10,1,10,performance,false,layers.*/self_attn,/model/layers.1/self_attn/Where_3,Select,Select,select:/model/layers.1/self_attn/Where_3,select:/model/layers.1/self_attn/Where_3,select,select_gpu_ref,340,select_gpu_ref_5609897181611433017_0_0__sa,select_gpu_ref_5609897181611433017_0_0__sa,1,5228,matched,aligned,true,true,true,exec_profile,gtpin_total_execution_cycles,1407850,5499,cycles,256,1407850,5499,0,0,,,0,0,0,"{""gtpin_avg_execution_cycles_per_invocation"":5499,""gtpin_invocation_count"":256,""gtpin_total_execution_cycles"":1407850}",InvocationCount=256;TotalExecutionCycles=1407850;AvgExecutionCyclesPerInvocation=5499
n1_i10,10,1,10,performance,false,layers.*/self_attn,/model/layers.18/self_attn/Where_3,Select,Select,select:/model/layers.18/self_attn/Where_3,select:/model/layers.18/self_attn/Where_3,select,select_gpu_ref,952,select_gpu_ref_5609897181611433017_0_0__sa,select_gpu_ref_5609897181611433017_0_0__sa,1,5602,matched,aligned,true,true,true,exec_profile,gtpin_total_execution_cycles,1389074,5426,cycles,256,1389074,5426,0,0,,,0,0,0,"{""gtpin_avg_execution_cycles_per_invocation"":5426,""gtpin_invocation_count"":256,""gtpin_total_execution_cycles"":1389074}",InvocationCount=256;TotalExecutionCycles=1389074;AvgExecutionCyclesPerInvocation=5426
n1_i10,10,1,10,performance,false,layers.*/self_attn,/model/layers.9/self_attn/Where_3,Select,Select,select:/model/layers.9/self_attn/Where_3,select:/model/layers.9/self_attn/Where_3,select,select_gpu_ref,628,select_gpu_ref_5609897181611433017_0_0__sa,select_gpu_ref_5609897181611433017_0_0__sa,1,5404,matched,aligned,true,true,true,exec_profile,gtpin_total_execution_cycles,1380142,5391,cycles,256,1380142,5391,0,0,,,0,0,0,"{""gtpin_avg_execution_cycles_per_invocation"":5391,""gtpin_invocation_count"":256,""gtpin_total_execution_cycles"":1380142}",InvocationCount=256;TotalExecutionCycles=1380142;AvgExecutionCyclesPerInvocation=5391
n1_i10,10,1,10,performance,false,layers.*/self_attn,/model/layers.13/self_attn/Where_3,Select,Select,select:/model/layers.13/self_attn/Where_3,select:/model/layers.13/self_attn/Where_3,select,select_gpu_ref,772,select_gpu_ref_5609897181611433017_0_0__sa,select_gpu_ref_5609897181611433017_0_0__sa,1,5492,matched,aligned,true,true,true,exec_profile,gtpin_total_execution_cycles,1363370,5325,cycles,256,1363370,5325,0,0,,,0,0,0,"{""gtpin_avg_execution_cycles_per_invocation"":5325,""gtpin_invocation_count"":256,""gtpin_total_execution_cycles"":1363370}",InvocationCount=256;TotalExecutionCycles=1363370;AvgExecutionCyclesPerInvocation=5325
n1_i10,10,1,10,performance,false,layers.*/self_attn,/model/layers.17/self_attn/Where_3,Select,Select,select:/model/layers.17/self_attn/Where_3,select:/model/layers.17/self_attn/Where_3,select,select_gpu_ref,916,select_gpu_ref_5609897181611433017_0_0__sa,select_gpu_ref_5609897181611433017_0_0__sa,1,5580,matched,aligned,true,true,true,exec_profile,gtpin_total_execution_cycles,1341572,5240,cycles,256,1341572,5240,0,0,,,0,0,0,"{""gtpin_avg_execution_cycles_per_invocation"":5240,""gtpin_invocation_count"":256,""gtpin_total_execution_cycles"":1341572}",InvocationCount=256;TotalExecutionCycles=1341572;AvgExecutionCyclesPerInvocation=5240
n1_i10,10,1,10,performance,false,layers.*/self_attn,/model/layers.1/self_attn/IsNaN,IsNaN,IsNaN,isnan:/model/layers.1/self_attn/IsNaN,isnan:/model/layers.1/self_attn/IsNaN,eltwise,generic_eltwise_ref,339,generic_eltwise_ref_1696504087421334661_0_0__sa,generic_eltwise_ref_1696504087421334661_0_0__sa,1,5227,matched,aligned,true,true,true,exec_profile,gtpin_total_execution_cycles,1321720,5162,cycles,256,1321720,5162,0,0,,,0,0,0,"{""gtpin_avg_execution_cycles_per_invocation"":5162,""gtpin_invocation_count"":256,""gtpin_total_execution_cycles"":1321720}",InvocationCount=256;TotalExecutionCycles=1321720;AvgExecutionCyclesPerInvocation=5162
n1_i10,10,1,10,performance,false,layers.*/self_attn,/model/layers.2/self_attn/Where_3,Select,Select,select:/model/layers.2/self_attn/Where_3,select:/model/layers.2/self_attn/Where_3,select,select_gpu_ref,376,select_gpu_ref_5609897181611433017_0_0__sa,select_gpu_ref_5609897181611433017_0_0__sa,1,5250,matched,aligned,true,true,true,exec_profile,gtpin_total_execution_cycles,1303868,5093,cycles,256,1303868,5093,0,0,,,0,0,0,"{""gtpin_avg_execution_cycles_per_invocation"":5093,""gtpin_invocation_count"":256,""gtpin_total_execution_cycles"":1303868}",InvocationCount=256;TotalExecutionCycles=1303868;AvgExecutionCyclesPerInvocation=5093
n1_i10,10,1,10,performance,false,layers.*/self_attn,/model/layers.8/self_attn/IsNaN,IsNaN,IsNaN,isnan:/model/layers.8/self_attn/IsNaN,isnan:/model/layers.8/self_attn/IsNaN,eltwise,generic_eltwise_ref,591,generic_eltwise_ref_1696504087421334661_0_0__sa,generic_eltwise_ref_1696504087421334661_0_0__sa,1,5381,matched,aligned,true,true,true,exec_profile,gtpin_total_execution_cycles,1302014,5085,cycles,256,1302014,5085,0,0,,,0,0,0,"{""gtpin_avg_execution_cycles_per_invocation"":5085,""gtpin_invocation_count"":256,""gtpin_total_execution_cycles"":1302014}",InvocationCount=256;TotalExecutionCycles=1302014;AvgExecutionCyclesPerInvocation=5085
n1_i10,10,1,10,performance,false,layers.*/self_attn,/model/layers.14/self_attn/Where_3,Select,Select,select:/model/layers.14/self_attn/Where_3,select:/model/layers.14/self_attn/Where_3,select,select_gpu_ref,808,select_gpu_ref_5609897181611433017_0_0__sa,select_gpu_ref_5609897181611433017_0_0__sa,1,5514,matched,aligned,true,true,true,exec_profile,gtpin_total_execution_cycles,1291306,5044,cycles,256,1291306,5044,0,0,,,0,0,0,"{""gtpin_avg_execution_cycles_per_invocation"":5044,""gtpin_invocation_count"":256,""gtpin_total_execution_cycles"":1291306}",InvocationCount=256;TotalExecutionCycles=1291306;AvgExecutionCyclesPerInvocation=5044
n1_i10,10,1,10,performance,false,layers.*/self_attn,/model/layers.3/self_attn/Where_3,Select,Select,select:/model/layers.3/self_attn/Where_3,select:/model/layers.3/self_attn/Where_3,select,select_gpu_ref,412,select_gpu_ref_5609897181611433017_0_0__sa,select_gpu_ref_5609897181611433017_0_0__sa,1,5272,matched,aligned,true,true,true,exec_profile,gtpin_total_execution_cycles,1284566,5017,cycles,256,1284566,5017,0,0,,,0,0,0,"{""gtpin_avg_execution_cycles_per_invocation"":5017,""gtpin_invocation_count"":256,""gtpin_total_execution_cycles"":1284566}",InvocationCount=256;TotalExecutionCycles=1284566;AvgExecutionCyclesPerInvocation=5017
n1_i10,10,1,10,performance,false,layers.*/self_attn,/model/layers.21/self_attn/IsNaN,IsNaN,IsNaN,isnan:/model/layers.21/self_attn/IsNaN,isnan:/model/layers.21/self_attn/IsNaN,eltwise,generic_eltwise_ref,1059,generic_eltwise_ref_1696504087421334661_0_0__sa,generic_eltwise_ref_1696504087421334661_0_0__sa,1,5667,matched,aligned,true,true,true,exec_profile,gtpin_total_execution_cycles,1258106,4914,cycles,256,1258106,4914,0,0,,,0,0,0,"{""gtpin_avg_execution_cycles_per_invocation"":4914,""gtpin_invocation_count"":256,""gtpin_total_execution_cycles"":1258106}",InvocationCount=256;TotalExecutionCycles=1258106;AvgExecutionCyclesPerInvocation=4914
n1_i10,10,1,10,performance,false,layers.*/self_attn,/model/layers.20/self_attn/IsNaN,IsNaN,IsNaN,isnan:/model/layers.20/self_attn/IsNaN,isnan:/model/layers.20/self_attn/IsNaN,eltwise,generic_eltwise_ref,1023,generic_eltwise_ref_1696504087421334661_0_0__sa,generic_eltwise_ref_1696504087421334661_0_0__sa,1,5645,matched,aligned,true,true,true,exec_profile,gtpin_total_execution_cycles,1232398,4814,cycles,256,1232398,4814,0,0,,,0,0,0,"{""gtpin_avg_execution_cycles_per_invocation"":4814,""gtpin_invocation_count"":256,""gtpin_total_execution_cycles"":1232398}",InvocationCount=256;TotalExecutionCycles=1232398;AvgExecutionCyclesPerInvocation=4814
n1_i10,10,1,10,performance,false,layers.*/self_attn,/model/layers.19/self_attn/IsNaN,IsNaN,IsNaN,isnan:/model/layers.19/self_attn/IsNaN,isnan:/model/layers.19/self_attn/IsNaN,eltwise,generic_eltwise_ref,987,generic_eltwise_ref_1696504087421334661_0_0__sa,generic_eltwise_ref_1696504087421334661_0_0__sa,1,5623,matched,aligned,true,true,true,exec_profile,gtpin_total_execution_cycles,1224996,4785,cycles,256,1224996,4785,0,0,,,0,0,0,"{""gtpin_avg_execution_cycles_per_invocation"":4785,""gtpin_invocation_count"":256,""gtpin_total_execution_cycles"":1224996}",InvocationCount=256;TotalExecutionCycles=1224996;AvgExecutionCyclesPerInvocation=4785
n1_i10,10,1,10,performance,false,layers.*/self_attn,/model/layers.12/self_attn/IsNaN,IsNaN,IsNaN,isnan:/model/layers.12/self_attn/IsNaN,isnan:/model/layers.12/self_attn/IsNaN,eltwise,generic_eltwise_ref,735,generic_eltwise_ref_1696504087421334661_0_0__sa,generic_eltwise_ref_1696504087421334661_0_0__sa,1,5469,matched,aligned,true,true,true,exec_profile,gtpin_total_execution_cycles,1221522,4771,cycles,256,1221522,4771,0,0,,,0,0,0,"{""gtpin_avg_execution_cycles_per_invocation"":4771,""gtpin_invocation_count"":256,""gtpin_total_execution_cycles"":1221522}",InvocationCount=256;TotalExecutionCycles=1221522;AvgExecutionCyclesPerInvocation=4771
n1_i10,10,1,10,performance,false,layers.*/self_attn,/model/layers.13/self_attn/IsNaN,IsNaN,IsNaN,isnan:/model/layers.13/self_attn/IsNaN,isnan:/model/layers.13/self_attn/IsNaN,eltwise,generic_eltwise_ref,771,generic_eltwise_ref_1696504087421334661_0_0__sa,generic_eltwise_ref_1696504087421334661_0_0__sa,1,5491,matched,aligned,true,true,true,exec_profile,gtpin_total_execution_cycles,1221302,4770,cycles,256,1221302,4770,0,0,,,0,0,0,"{""gtpin_avg_execution_cycles_per_invocation"":4770,""gtpin_invocation_count"":256,""gtpin_total_execution_cycles"":1221302}",InvocationCount=256;TotalExecutionCycles=1221302;AvgExecutionCyclesPerInvocation=4770
n1_i10,10,1,10,performance,false,layers.*/self_attn,/model/layers.10/self_attn/IsNaN,IsNaN,IsNaN,isnan:/model/layers.10/self_attn/IsNaN,isnan:/model/layers.10/self_attn/IsNaN,eltwise,generic_eltwise_ref,663,generic_eltwise_ref_1696504087421334661_0_0__sa,generic_eltwise_ref_1696504087421334661_0_0__sa,1,5425,matched,aligned,true,true,true,exec_profile,gtpin_total_execution_cycles,1212646,4736,cycles,256,1212646,4736,0,0,,,0,0,0,"{""gtpin_avg_execution_cycles_per_invocation"":4736,""gtpin_invocation_count"":256,""gtpin_total_execution_cycles"":1212646}",InvocationCount=256;TotalExecutionCycles=1212646;AvgExecutionCyclesPerInvocation=4736
n1_i10,10,1,10,performance,false,layers.*/self_attn,/model/layers.7/self_attn/IsNaN,IsNaN,IsNaN,isnan:/model/layers.7/self_attn/IsNaN,isnan:/model/layers.7/self_attn/IsNaN,eltwise,generic_eltwise_ref,555,generic_eltwise_ref_1696504087421334661_0_0__sa,generic_eltwise_ref_1696504087421334661_0_0__sa,1,5359,matched,aligned,true,true,true,exec_profile,gtpin_total_execution_cycles,1205172,4707,cycles,256,1205172,4707,0,0,,,0,0,0,"{""gtpin_avg_execution_cycles_per_invocation"":4707,""gtpin_invocation_count"":256,""gtpin_total_execution_cycles"":1205172}",InvocationCount=256;TotalExecutionCycles=1205172;AvgExecutionCyclesPerInvocation=4707
n1_i10,10,1,10,performance,false,layers.*/self_attn,/model/layers.15/self_attn/IsNaN,IsNaN,IsNaN,isnan:/model/layers.15/self_attn/IsNaN,isnan:/model/layers.15/self_attn/IsNaN,eltwise,generic_eltwise_ref,843,generic_eltwise_ref_1696504087421334661_0_0__sa,generic_eltwise_ref_1696504087421334661_0_0__sa,1,5535,matched,aligned,true,true,true,exec_profile,gtpin_total_execution_cycles,1191492,4654,cycles,256,1191492,4654,0,0,,,0,0,0,"{""gtpin_avg_execution_cycles_per_invocation"":4654,""gtpin_invocation_count"":256,""gtpin_total_execution_cycles"":1191492}",InvocationCount=256;TotalExecutionCycles=1191492;AvgExecutionCyclesPerInvocation=4654
n1_i10,10,1,10,performance,false,layers.*/self_attn,/model/layers.17/self_attn/IsNaN,IsNaN,IsNaN,isnan:/model/layers.17/self_attn/IsNaN,isnan:/model/layers.17/self_attn/IsNaN,eltwise,generic_eltwise_ref,915,generic_eltwise_ref_1696504087421334661_0_0__sa,generic_eltwise_ref_1696504087421334661_0_0__sa,1,5579,matched,aligned,true,true,true,exec_profile,gtpin_total_execution_cycles,1187868,4640,cycles,256,1187868,4640,0,0,,,0,0,0,"{""gtpin_avg_execution_cycles_per_invocation"":4640,""gtpin_invocation_count"":256,""gtpin_total_execution_cycles"":1187868}",InvocationCount=256;TotalExecutionCycles=1187868;AvgExecutionCyclesPerInvocation=4640
n1_i10,10,1,10,performance,false,layers.*/self_attn,/model/layers.18/self_attn/IsNaN,IsNaN,IsNaN,isnan:/model/layers.18/self_attn/IsNaN,isnan:/model/layers.18/self_attn/IsNaN,eltwise,generic_eltwise_ref,951,generic_eltwise_ref_1696504087421334661_0_0__sa,generic_eltwise_ref_1696504087421334661_0_0__sa,1,5601,matched,aligned,true,true,true,exec_profile,gtpin_total_execution_cycles,1185604,4631,cycles,256,1185604,4631,0,0,,,0,0,0,"{""gtpin_avg_execution_cycles_per_invocation"":4631,""gtpin_invocation_count"":256,""gtpin_total_execution_cycles"":1185604}",InvocationCount=256;TotalExecutionCycles=1185604;AvgExecutionCyclesPerInvocation=4631
n1_i10,10,1,10,performance,false,layers.*/self_attn,/model/layers.4/self_attn/IsNaN,IsNaN,IsNaN,isnan:/model/layers.4/self_attn/IsNaN,isnan:/model/layers.4/self_attn/IsNaN,eltwise,generic_eltwise_ref,447,generic_eltwise_ref_1696504087421334661_0_0__sa,generic_eltwise_ref_1696504087421334661_0_0__sa,1,5293,matched,aligned,true,true,true,exec_profile,gtpin_total_execution_cycles,1148508,4486,cycles,256,1148508,4486,0,0,,,0,0,0,"{""gtpin_avg_execution_cycles_per_invocation"":4486,""gtpin_invocation_count"":256,""gtpin_total_execution_cycles"":1148508}",InvocationCount=256;TotalExecutionCycles=1148508;AvgExecutionCyclesPerInvocation=4486
n1_i10,10,1,10,performance,false,layers.*/self_attn,/model/layers.14/self_attn/IsNaN,IsNaN,IsNaN,isnan:/model/layers.14/self_attn/IsNaN,isnan:/model/layers.14/self_attn/IsNaN,eltwise,generic_eltwise_ref,807,generic_eltwise_ref_1696504087421334661_0_0__sa,generic_eltwise_ref_1696504087421334661_0_0__sa,1,5513,matched,aligned,true,true,true,exec_profile,gtpin_total_execution_cycles,1144012,4468,cycles,256,1144012,4468,0,0,,,0,0,0,"{""gtpin_avg_execution_cycles_per_invocation"":4468,""gtpin_invocation_count"":256,""gtpin_total_execution_cycles"":1144012}",InvocationCount=256;TotalExecutionCycles=1144012;AvgExecutionCyclesPerInvocation=4468
n1_i10,10,1,10,performance,false,layers.*/self_attn,/model/layers.2/self_attn/IsNaN,IsNaN,IsNaN,isnan:/model/layers.2/self_attn/IsNaN,isnan:/model/layers.2/self_attn/IsNaN,eltwise,generic_eltwise_ref,375,generic_eltwise_ref_1696504087421334661_0_0__sa,generic_eltwise_ref_1696504087421334661_0_0__sa,1,5249,matched,aligned,true,true,true,exec_profile,gtpin_total_execution_cycles,1140414,4454,cycles,256,1140414,4454,0,0,,,0,0,0,"{""gtpin_avg_execution_cycles_per_invocation"":4454,""gtpin_invocation_count"":256,""gtpin_total_execution_cycles"":1140414}",InvocationCount=256;TotalExecutionCycles=1140414;AvgExecutionCyclesPerInvocation=4454
n1_i10,10,1,10,performance,false,layers.*/self_attn,/model/layers.5/self_attn/IsNaN,IsNaN,IsNaN,isnan:/model/layers.5/self_attn/IsNaN,isnan:/model/layers.5/self_attn/IsNaN,eltwise,generic_eltwise_ref,483,generic_eltwise_ref_1696504087421334661_0_0__sa,generic_eltwise_ref_1696504087421334661_0_0__sa,1,5315,matched,aligned,true,true,true,exec_profile,gtpin_total_execution_cycles,1137178,4442,cycles,256,1137178,4442,0,0,,,0,0,0,"{""gtpin_avg_execution_cycles_per_invocation"":4442,""gtpin_invocation_count"":256,""gtpin_total_execution_cycles"":1137178}",InvocationCount=256;TotalExecutionCycles=1137178;AvgExecutionCyclesPerInvocation=4442
n1_i10,10,1,10,performance,false,layers.*/self_attn,/model/layers.5/self_attn/Add,RoPE,RoPE,rope:/model/layers.5/self_attn/Add,rope:/model/layers.5/self_attn/Add,rope,ocl::rope::opt_,464,rope_opt__13889706310558783765__sa,rope_opt__13889706310558783765__sa,1,5306,matched,aligned,true,true,true,exec_profile,gtpin_total_execution_cycles,1122806,17543,cycles,64,1122806,17543,0,0,,,0,0,0,"{""gtpin_avg_execution_cycles_per_invocation"":17543,""gtpin_invocation_count"":64,""gtpin_total_execution_cycles"":1122806}",InvocationCount=64;TotalExecutionCycles=1122806;AvgExecutionCyclesPerInvocation=17543
n1_i10,10,1,10,performance,false,layers.*/self_attn,/model/layers.0/self_attn/Add,RoPE,RoPE,rope:/model/layers.0/self_attn/Add,rope:/model/layers.0/self_attn/Add,rope,ocl::rope::opt_,286,rope_opt__13889706310558783765__sa,rope_opt__13889706310558783765__sa,1,5197,matched,aligned,true,true,true,exec_profile,gtpin_total_execution_cycles,1119602,17493,cycles,64,1119602,17493,0,0,,,0,0,0,"{""gtpin_avg_execution_cycles_per_invocation"":17493,""gtpin_invocation_count"":64,""gtpin_total_execution_cycles"":1119602}",InvocationCount=64;TotalExecutionCycles=1119602;AvgExecutionCyclesPerInvocation=17493
n1_i10,10,1,10,performance,false,layers.*/self_attn,/model/layers.11/self_attn/IsNaN,IsNaN,IsNaN,isnan:/model/layers.11/self_attn/IsNaN,isnan:/model/layers.11/self_attn/IsNaN,eltwise,generic_eltwise_ref,699,generic_eltwise_ref_1696504087421334661_0_0__sa,generic_eltwise_ref_1696504087421334661_0_0__sa,1,5447,matched,aligned,true,true,true,exec_profile,gtpin_total_execution_cycles,1072038,4187,cycles,256,1072038,4187,0,0,,,0,0,0,"{""gtpin_avg_execution_cycles_per_invocation"":4187,""gtpin_invocation_count"":256,""gtpin_total_execution_cycles"":1072038}",InvocationCount=256;TotalExecutionCycles=1072038;AvgExecutionCyclesPerInvocation=4187
n1_i10,10,1,10,performance,false,layers.*/self_attn,/model/layers.21/self_attn/Add,RoPE,RoPE,rope:/model/layers.21/self_attn/Add,rope:/model/layers.21/self_attn/Add,rope,ocl::rope::opt_,1040,rope_opt__13889706310558783765__sa,rope_opt__13889706310558783765__sa,1,5658,matched,aligned,true,true,true,exec_profile,gtpin_total_execution_cycles,1025414,16022,cycles,64,1025414,16022,0,0,,,0,0,0,"{""gtpin_avg_execution_cycles_per_invocation"":16022,""gtpin_invocation_count"":64,""gtpin_total_execution_cycles"":1025414}",InvocationCount=64;TotalExecutionCycles=1025414;AvgExecutionCyclesPerInvocation=16022
n1_i10,10,1,10,performance,false,layers.*/self_attn,/model/layers.18/self_attn/Add,RoPE,RoPE,rope:/model/layers.18/self_attn/Add,rope:/model/layers.18/self_attn/Add,rope,ocl::rope::opt_,932,rope_opt__13889706310558783765__sa,rope_opt__13889706310558783765__sa,1,5592,matched,aligned,true,true,true,exec_profile,gtpin_total_execution_cycles,964432,15069,cycles,64,964432,15069,0,0,,,0,0,0,"{""gtpin_avg_execution_cycles_per_invocation"":15069,""gtpin_invocation_count"":64,""gtpin_total_execution_cycles"":964432}",InvocationCount=64;TotalExecutionCycles=964432;AvgExecutionCyclesPerInvocation=15069
n1_i10,10,1,10,performance,false,layers.*/self_attn,/model/layers.1/self_attn/Add,RoPE,RoPE,rope:/model/layers.1/self_attn/Add,rope:/model/layers.1/self_attn/Add,rope,ocl::rope::opt_,320,rope_opt__13889706310558783765__sa,rope_opt__13889706310558783765__sa,1,5218,matched,aligned,true,true,true,exec_profile,gtpin_total_execution_cycles,960438,15006,cycles,64,960438,15006,0,0,,,0,0,0,"{""gtpin_avg_execution_cycles_per_invocation"":15006,""gtpin_invocation_count"":64,""gtpin_total_execution_cycles"":960438}",InvocationCount=64;TotalExecutionCycles=960438;AvgExecutionCyclesPerInvocation=15006
n1_i10,10,1,10,performance,false,layers.*/self_attn,/model/layers.6/self_attn/Add,RoPE,RoPE,rope:/model/layers.6/self_attn/Add,rope:/model/layers.6/self_attn/Add,rope,ocl::rope::opt_,500,rope_opt__13889706310558783765__sa,rope_opt__13889706310558783765__sa,1,5328,matched,aligned,true,true,true,exec_profile,gtpin_total_execution_cycles,935714,14620,cycles,64,935714,14620,0,0,,,0,0,0,"{""gtpin_avg_execution_cycles_per_invocation"":14620,""gtpin_invocation_count"":64,""gtpin_total_execution_cycles"":935714}",InvocationCount=64;TotalExecutionCycles=935714;AvgExecutionCyclesPerInvocation=14620
n1_i10,10,1,10,performance,false,layers.*/self_attn,/model/layers.14/self_attn/Add,RoPE,RoPE,rope:/model/layers.14/self_attn/Add,rope:/model/layers.14/self_attn/Add,rope,ocl::rope::opt_,788,rope_opt__13889706310558783765__sa,rope_opt__13889706310558783765__sa,1,5504,matched,aligned,true,true,true,exec_profile,gtpin_total_execution_cycles,929644,14525,cycles,64,929644,14525,0,0,,,0,0,0,"{""gtpin_avg_execution_cycles_per_invocation"":14525,""gtpin_invocation_count"":64,""gtpin_total_execution_cycles"":929644}",InvocationCount=64;TotalExecutionCycles=929644;AvgExecutionCyclesPerInvocation=14525
n1_i10,10,1,10,performance,false,layers.*/self_attn,/model/layers.4/self_attn/Add,RoPE,RoPE,rope:/model/layers.4/self_attn/Add,rope:/model/layers.4/self_attn/Add,rope,ocl::rope::opt_,428,rope_opt__13889706310558783765__sa,rope_opt__13889706310558783765__sa,1,5284,matched,aligned,true,true,true,exec_profile,gtpin_total_execution_cycles,911142,14236,cycles,64,911142,14236,0,0,,,0,0,0,"{""gtpin_avg_execution_cycles_per_invocation"":14236,""gtpin_invocation_count"":64,""gtpin_total_execution_cycles"":911142}",InvocationCount=64;TotalExecutionCycles=911142;AvgExecutionCyclesPerInvocation=14236
n1_i10,10,1,10,performance,false,layers.*/self_attn,/model/layers.20/self_attn/Add,RoPE,RoPE,rope:/model/layers.20/self_attn/Add,rope:/model/layers.20/self_attn/Add,rope,ocl::rope::opt_,1004,rope_opt__13889706310558783765__sa,rope_opt__13889706310558783765__sa,1,5636,matched,aligned,true,true,true,exec_profile,gtpin_total_execution_cycles,877182,13705,cycles,64,877182,13705,0,0,,,0,0,0,"{""gtpin_avg_execution_cycles_per_invocation"":13705,""gtpin_invocation_count"":64,""gtpin_total_execution_cycles"":877182}",InvocationCount=64;TotalExecutionCycles=877182;AvgExecutionCyclesPerInvocation=13705
n1_i10,10,1,10,performance,false,layers.*/self_attn,/model/layers.2/self_attn/Add,RoPE,RoPE,rope:/model/layers.2/self_attn/Add,rope:/model/layers.2/self_attn/Add,rope,ocl::rope::opt_,356,rope_opt__13889706310558783765__sa,rope_opt__13889706310558783765__sa,1,5240,matched,aligned,true,true,true,exec_profile,gtpin_total_execution_cycles,876834,13700,cycles,64,876834,13700,0,0,,,0,0,0,"{""gtpin_avg_execution_cycles_per_invocation"":13700,""gtpin_invocation_count"":64,""gtpin_total_execution_cycles"":876834}",InvocationCount=64;TotalExecutionCycles=876834;AvgExecutionCyclesPerInvocation=13700
n1_i10,10,1,10,performance,false,layers.*/self_attn,/model/layers.13/self_attn/Add,RoPE,RoPE,rope:/model/layers.13/self_attn/Add,rope:/model/layers.13/self_attn/Add,rope,ocl::rope::opt_,752,rope_opt__13889706310558783765__sa,rope_opt__13889706310558783765__sa,1,5482,matched,aligned,true,true,true,exec_profile,gtpin_total_execution_cycles,876244,13691,cycles,64,876244,13691,0,0,,,0,0,0,"{""gtpin_avg_execution_cycles_per_invocation"":13691,""gtpin_invocation_count"":64,""gtpin_total_execution_cycles"":876244}",InvocationCount=64;TotalExecutionCycles=876244;AvgExecutionCyclesPerInvocation=13691
n1_i10,10,1,10,performance,false,layers.*/self_attn,/model/layers.9/self_attn/Add,RoPE,RoPE,rope:/model/layers.9/self_attn/Add,rope:/model/layers.9/self_attn/Add,rope,ocl::rope::opt_,608,rope_opt__13889706310558783765__sa,rope_opt__13889706310558783765__sa,1,5394,matched,aligned,true,true,true,exec_profile,gtpin_total_execution_cycles,870658,13604,cycles,64,870658,13604,0,0,,,0,0,0,"{""gtpin_avg_execution_cycles_per_invocation"":13604,""gtpin_invocation_count"":64,""gtpin_total_execution_cycles"":870658}",InvocationCount=64;TotalExecutionCycles=870658;AvgExecutionCyclesPerInvocation=13604
n1_i10,10,1,10,performance,false,layers.*/self_attn,/model/layers.17/self_attn/Add,RoPE,RoPE,rope:/model/layers.17/self_attn/Add,rope:/model/layers.17/self_attn/Add,rope,ocl::rope::opt_,896,rope_opt__13889706310558783765__sa,rope_opt__13889706310558783765__sa,1,5570,matched,aligned,true,true,true,exec_profile,gtpin_total_execution_cycles,865078,13516,cycles,64,865078,13516,0,0,,,0,0,0,"{""gtpin_avg_execution_cycles_per_invocation"":13516,""gtpin_invocation_count"":64,""gtpin_total_execution_cycles"":865078}",InvocationCount=64;TotalExecutionCycles=865078;AvgExecutionCyclesPerInvocation=13516
n1_i10,10,1,10,performance,false,layers.*/self_attn,/model/layers.8/self_attn/Add,RoPE,RoPE,rope:/model/layers.8/self_attn/Add,rope:/model/layers.8/self_attn/Add,rope,ocl::rope::opt_,572,rope_opt__13889706310558783765__sa,rope_opt__13889706310558783765__sa,1,5372,matched,aligned,true,true,true,exec_profile,gtpin_total_execution_cycles,861182,13455,cycles,64,861182,13455,0,0,,,0,0,0,"{""gtpin_avg_execution_cycles_per_invocation"":13455,""gtpin_invocation_count"":64,""gtpin_total_execution_cycles"":861182}",InvocationCount=64;TotalExecutionCycles=861182;AvgExecutionCyclesPerInvocation=13455
n1_i10,10,1,10,performance,false,layers.*/self_attn,/model/layers.12/self_attn/Add,RoPE,RoPE,rope:/model/layers.12/self_attn/Add,rope:/model/layers.12/self_attn/Add,rope,ocl::rope::opt_,716,rope_opt__13889706310558783765__sa,rope_opt__13889706310558783765__sa,1,5460,matched,aligned,true,true,true,exec_profile,gtpin_total_execution_cycles,856416,13381,cycles,64,856416,13381,0,0,,,0,0,0,"{""gtpin_avg_execution_cycles_per_invocation"":13381,""gtpin_invocation_count"":64,""gtpin_total_execution_cycles"":856416}",InvocationCount=64;TotalExecutionCycles=856416;AvgExecutionCyclesPerInvocation=13381
n1_i10,10,1,10,performance,false,layers.*/self_attn,/model/layers.3/self_attn/Add,RoPE,RoPE,rope:/model/layers.3/self_attn/Add,rope:/model/layers.3/self_attn/Add,rope,ocl::rope::opt_,392,rope_opt__13889706310558783765__sa,rope_opt__13889706310558783765__sa,1,5262,matched,aligned,true,true,true,exec_profile,gtpin_total_execution_cycles,838922,13108,cycles,64,838922,13108,0,0,,,0,0,0,"{""gtpin_avg_execution_cycles_per_invocation"":13108,""gtpin_invocation_count"":64,""gtpin_total_execution_cycles"":838922}",InvocationCount=64;TotalExecutionCycles=838922;AvgExecutionCyclesPerInvocation=13108
n1_i10,10,1,10,performance,false,layers.*/self_attn,/model/layers.16/self_attn/Add,RoPE,RoPE,rope:/model/layers.16/self_attn/Add,rope:/model/layers.16/self_attn/Add,rope,ocl::rope::opt_,860,rope_opt__13889706310558783765__sa,rope_opt__13889706310558783765__sa,1,5548,matched,aligned,true,true,true,exec_profile,gtpin_total_execution_cycles,837508,13086,cycles,64,837508,13086,0,0,,,0,0,0,"{""gtpin_avg_execution_cycles_per_invocation"":13086,""gtpin_invocation_count"":64,""gtpin_total_execution_cycles"":837508}",InvocationCount=64;TotalExecutionCycles=837508;AvgExecutionCyclesPerInvocation=13086
n1_i10,10,1,10,performance,false,layers.*/self_attn,/model/layers.0/self_attn/Transpose_2,Transpose,Transpose,transpose:/model/layers.0/self_attn/Transpose_2,transpose:/model/layers.0/self_attn/Transpose_2,permute,permute_ref,252,permute_ref_653960189515371720_0_0__sa,permute_ref_653960189515371720_0_0__sa,1,5184,matched,aligned,true,true,true,exec_profile,gtpin_total_execution_cycles,831382,6495,cycles,128,831382,6495,0,0,,,0,0,0,"{""gtpin_avg_execution_cycles_per_invocation"":6495,""gtpin_invocation_count"":128,""gtpin_total_execution_cycles"":831382}",InvocationCount=128;TotalExecutionCycles=831382;AvgExecutionCyclesPerInvocation=6495
n1_i10,10,1,10,performance,false,layers.*/self_attn,/model/layers.15/self_attn/Add,RoPE,RoPE,rope:/model/layers.15/self_attn/Add,rope:/model/layers.15/self_attn/Add,rope,ocl::rope::opt_,824,rope_opt__13889706310558783765__sa,rope_opt__13889706310558783765__sa,1,5526,matched,aligned,true,true,true,exec_profile,gtpin_total_execution_cycles,829818,12965,cycles,64,829818,12965,0,0,,,0,0,0,"{""gtpin_avg_execution_cycles_per_invocation"":12965,""gtpin_invocation_count"":64,""gtpin_total_execution_cycles"":829818}",InvocationCount=64;TotalExecutionCycles=829818;AvgExecutionCyclesPerInvocation=12965
n1_i10,10,1,10,performance,false,layers.*/self_attn,/model/layers.19/self_attn/Add,RoPE,RoPE,rope:/model/layers.19/self_attn/Add,rope:/model/layers.19/self_attn/Add,rope,ocl::rope::opt_,968,rope_opt__13889706310558783765__sa,rope_opt__13889706310558783765__sa,1,5614,matched,aligned,true,true,true,exec_profile,gtpin_total_execution_cycles,829162,12955,cycles,64,829162,12955,0,0,,,0,0,0,"{""gtpin_avg_execution_cycles_per_invocation"":12955,""gtpin_invocation_count"":64,""gtpin_total_execution_cycles"":829162}",InvocationCount=64;TotalExecutionCycles=829162;AvgExecutionCyclesPerInvocation=12955
n1_i10,10,1,10,performance,false,layers.*/self_attn,/model/layers.11/self_attn/Add,RoPE,RoPE,rope:/model/layers.11/self_attn/Add,rope:/model/layers.11/self_attn/Add,rope,ocl::rope::opt_,680,rope_opt__13889706310558783765__sa,rope_opt__13889706310558783765__sa,1,5438,matched,aligned,true,true,true,exec_profile,gtpin_total_execution_cycles,825386,12896,cycles,64,825386,12896,0,0,,,0,0,0,"{""gtpin_avg_execution_cycles_per_invocation"":12896,""gtpin_invocation_count"":64,""gtpin_total_execution_cycles"":825386}",InvocationCount=64;TotalExecutionCycles=825386;AvgExecutionCyclesPerInvocation=12896
n1_i10,10,1,10,performance,false,layers.*/self_attn,/model/layers.10/self_attn/Add,RoPE,RoPE,rope:/model/layers.10/self_attn/Add,rope:/model/layers.10/self_attn/Add,rope,ocl::rope::opt_,644,rope_opt__13889706310558783765__sa,rope_opt__13889706310558783765__sa,1,5416,matched,aligned,true,true,true,exec_profile,gtpin_total_execution_cycles,813626,12712,cycles,64,813626,12712,0,0,,,0,0,0,"{""gtpin_avg_execution_cycles_per_invocation"":12712,""gtpin_invocation_count"":64,""gtpin_total_execution_cycles"":813626}",InvocationCount=64;TotalExecutionCycles=813626;AvgExecutionCyclesPerInvocation=12712
n1_i10,10,1,10,performance,false,layers.*/self_attn,/model/layers.7/self_attn/Add,RoPE,RoPE,rope:/model/layers.7/self_attn/Add,rope:/model/layers.7/self_attn/Add,rope,ocl::rope::opt_,536,rope_opt__13889706310558783765__sa,rope_opt__13889706310558783765__sa,1,5350,matched,aligned,true,true,true,exec_profile,gtpin_total_execution_cycles,813040,12703,cycles,64,813040,12703,0,0,,,0,0,0,"{""gtpin_avg_execution_cycles_per_invocation"":12703,""gtpin_invocation_count"":64,""gtpin_total_execution_cycles"":813040}",InvocationCount=64;TotalExecutionCycles=813040;AvgExecutionCyclesPerInvocation=12703
n1_i10,10,1,10,performance,false,layers.*/self_attn,/model/layers.21/self_attn/Transpose_2,Transpose,Transpose,transpose:/model/layers.21/self_attn/Transpose_2,transpose:/model/layers.21/self_attn/Transpose_2,permute,permute_ref,1039,permute_ref_653960189515371720_0_0__sa,permute_ref_653960189515371720_0_0__sa,1,5657,matched,aligned,true,true,true,exec_profile,gtpin_total_execution_cycles,785816,6139,cycles,128,785816,6139,0,0,,,0,0,0,"{""gtpin_avg_execution_cycles_per_invocation"":6139,""gtpin_invocation_count"":128,""gtpin_total_execution_cycles"":785816}",InvocationCount=128;TotalExecutionCycles=785816;AvgExecutionCyclesPerInvocation=6139
n1_i10,10,1,10,performance,false,layers.*/self_attn,/model/layers.1/self_attn/Transpose_2,Transpose,Transpose,transpose:/model/layers.1/self_attn/Transpose_2,transpose:/model/layers.1/self_attn/Transpose_2,permute,permute_ref,319,permute_ref_653960189515371720_0_0__sa,permute_ref_653960189515371720_0_0__sa,1,5217,matched,aligned,true,true,true,exec_profile,gtpin_total_execution_cycles,602984,4710,cycles,128,602984,4710,0,0,,,0,0,0,"{""gtpin_avg_execution_cycles_per_invocation"":4710,""gtpin_invocation_count"":128,""gtpin_total_execution_cycles"":602984}",InvocationCount=128;TotalExecutionCycles=602984;AvgExecutionCyclesPerInvocation=4710
n1_i10,10,1,10,performance,false,layers.*/self_attn,/model/layers.5/self_attn/Transpose_2,Transpose,Transpose,transpose:/model/layers.5/self_attn/Transpose_2,transpose:/model/layers.5/self_attn/Transpose_2,permute,permute_ref,463,permute_ref_653960189515371720_0_0__sa,permute_ref_653960189515371720_0_0__sa,1,5305,matched,aligned,true,true,true,exec_profile,gtpin_total_execution_cycles,563516,4402,cycles,128,563516,4402,0,0,,,0,0,0,"{""gtpin_avg_execution_cycles_per_invocation"":4402,""gtpin_invocation_count"":128,""gtpin_total_execution_cycles"":563516}",InvocationCount=128;TotalExecutionCycles=563516;AvgExecutionCyclesPerInvocation=4402
n1_i10,10,1,10,performance,false,layers.*/self_attn,/model/layers.7/self_attn/Transpose_2,Transpose,Transpose,transpose:/model/layers.7/self_attn/Transpose_2,transpose:/model/layers.7/self_attn/Transpose_2,permute,permute_ref,535,permute_ref_653960189515371720_0_0__sa,permute_ref_653960189515371720_0_0__sa,1,5349,matched,aligned,true,true,true,exec_profile,gtpin_total_execution_cycles,559622,4372,cycles,128,559622,4372,0,0,,,0,0,0,"{""gtpin_avg_execution_cycles_per_invocation"":4372,""gtpin_invocation_count"":128,""gtpin_total_execution_cycles"":559622}",InvocationCount=128;TotalExecutionCycles=559622;AvgExecutionCyclesPerInvocation=4372
n1_i10,10,1,10,performance,false,layers.*/self_attn,/model/layers.10/self_attn/Transpose_2,Transpose,Transpose,transpose:/model/layers.10/self_attn/Transpose_2,transpose:/model/layers.10/self_attn/Transpose_2,permute,permute_ref,643,permute_ref_653960189515371720_0_0__sa,permute_ref_653960189515371720_0_0__sa,1,5415,matched,aligned,true,true,true,exec_profile,gtpin_total_execution_cycles,552900,4319,cycles,128,552900,4319,0,0,,,0,0,0,"{""gtpin_avg_execution_cycles_per_invocation"":4319,""gtpin_invocation_count"":128,""gtpin_total_execution_cycles"":552900}",InvocationCount=128;TotalExecutionCycles=552900;AvgExecutionCyclesPerInvocation=4319
n1_i10,10,1,10,performance,false,layers.*/self_attn,/model/layers.12/self_attn/Transpose_2,Transpose,Transpose,transpose:/model/layers.12/self_attn/Transpose_2,transpose:/model/layers.12/self_attn/Transpose_2,permute,permute_ref,715,permute_ref_653960189515371720_0_0__sa,permute_ref_653960189515371720_0_0__sa,1,5459,matched,aligned,true,true,true,exec_profile,gtpin_total_execution_cycles,549690,4294,cycles,128,549690,4294,0,0,,,0,0,0,"{""gtpin_avg_execution_cycles_per_invocation"":4294,""gtpin_invocation_count"":128,""gtpin_total_execution_cycles"":549690}",InvocationCount=128;TotalExecutionCycles=549690;AvgExecutionCyclesPerInvocation=4294
n1_i10,10,1,10,performance,false,layers.*/self_attn,/model/layers.6/self_attn/Transpose_2,Transpose,Transpose,transpose:/model/layers.6/self_attn/Transpose_2,transpose:/model/layers.6/self_attn/Transpose_2,permute,permute_ref,499,permute_ref_653960189515371720_0_0__sa,permute_ref_653960189515371720_0_0__sa,1,5327,matched,aligned,true,true,true,exec_profile,gtpin_total_execution_cycles,538316,4205,cycles,128,538316,4205,0,0,,,0,0,0,"{""gtpin_avg_execution_cycles_per_invocation"":4205,""gtpin_invocation_count"":128,""gtpin_total_execution_cycles"":538316}",InvocationCount=128;TotalExecutionCycles=538316;AvgExecutionCyclesPerInvocation=4205
n1_i10,10,1,10,performance,false,layers.*/self_attn,/model/layers.8/self_attn/Transpose_2,Transpose,Transpose,transpose:/model/layers.8/self_attn/Transpose_2,transpose:/model/layers.8/self_attn/Transpose_2,permute,permute_ref,571,permute_ref_653960189515371720_0_0__sa,permute_ref_653960189515371720_0_0__sa,1,5371,matched,aligned,true,true,true,exec_profile,gtpin_total_execution_cycles,537652,4200,cycles,128,537652,4200,0,0,,,0,0,0,"{""gtpin_avg_execution_cycles_per_invocation"":4200,""gtpin_invocation_count"":128,""gtpin_total_execution_cycles"":537652}",InvocationCount=128;TotalExecutionCycles=537652;AvgExecutionCyclesPerInvocation=4200
n1_i10,10,1,10,performance,false,layers.*/self_attn,/model/layers.18/self_attn/Transpose_2,Transpose,Transpose,transpose:/model/layers.18/self_attn/Transpose_2,transpose:/model/layers.18/self_attn/Transpose_2,permute,permute_ref,931,permute_ref_653960189515371720_0_0__sa,permute_ref_653960189515371720_0_0__sa,1,5591,matched,aligned,true,true,true,exec_profile,gtpin_total_execution_cycles,536568,4191,cycles,128,536568,4191,0,0,,,0,0,0,"{""gtpin_avg_execution_cycles_per_invocation"":4191,""gtpin_invocation_count"":128,""gtpin_total_execution_cycles"":536568}",InvocationCount=128;TotalExecutionCycles=536568;AvgExecutionCyclesPerInvocation=4191
n1_i10,10,1,10,performance,false,layers.*/self_attn,/model/layers.20/self_attn/Transpose_2,Transpose,Transpose,transpose:/model/layers.20/self_attn/Transpose_2,transpose:/model/layers.20/self_attn/Transpose_2,permute,permute_ref,1003,permute_ref_653960189515371720_0_0__sa,permute_ref_653960189515371720_0_0__sa,1,5635,matched,aligned,true,true,true,exec_profile,gtpin_total_execution_cycles,534922,4179,cycles,128,534922,4179,0,0,,,0,0,0,"{""gtpin_avg_execution_cycles_per_invocation"":4179,""gtpin_invocation_count"":128,""gtpin_total_execution_cycles"":534922}",InvocationCount=128;TotalExecutionCycles=534922;AvgExecutionCyclesPerInvocation=4179
n1_i10,10,1,10,performance,false,layers.*/self_attn,/model/layers.13/self_attn/Transpose_2,Transpose,Transpose,transpose:/model/layers.13/self_attn/Transpose_2,transpose:/model/layers.13/self_attn/Transpose_2,permute,permute_ref,751,permute_ref_653960189515371720_0_0__sa,permute_ref_653960189515371720_0_0__sa,1,5481,matched,aligned,true,true,true,exec_profile,gtpin_total_execution_cycles,533914,4171,cycles,128,533914,4171,0,0,,,0,0,0,"{""gtpin_avg_execution_cycles_per_invocation"":4171,""gtpin_invocation_count"":128,""gtpin_total_execution_cycles"":533914}",InvocationCount=128;TotalExecutionCycles=533914;AvgExecutionCyclesPerInvocation=4171
n1_i10,10,1,10,performance,false,layers.*/self_attn,/model/layers.19/self_attn/Transpose_2,Transpose,Transpose,transpose:/model/layers.19/self_attn/Transpose_2,transpose:/model/layers.19/self_attn/Transpose_2,permute,permute_ref,967,permute_ref_653960189515371720_0_0__sa,permute_ref_653960189515371720_0_0__sa,1,5613,matched,aligned,true,true,true,exec_profile,gtpin_total_execution_cycles,528450,4128,cycles,128,528450,4128,0,0,,,0,0,0,"{""gtpin_avg_execution_cycles_per_invocation"":4128,""gtpin_invocation_count"":128,""gtpin_total_execution_cycles"":528450}",InvocationCount=128;TotalExecutionCycles=528450;AvgExecutionCyclesPerInvocation=4128
n1_i10,10,1,10,performance,false,layers.*/self_attn,/model/layers.17/self_attn/Transpose_2,Transpose,Transpose,transpose:/model/layers.17/self_attn/Transpose_2,transpose:/model/layers.17/self_attn/Transpose_2,permute,permute_ref,895,permute_ref_653960189515371720_0_0__sa,permute_ref_653960189515371720_0_0__sa,1,5569,matched,aligned,true,true,true,exec_profile,gtpin_total_execution_cycles,527628,4122,cycles,128,527628,4122,0,0,,,0,0,0,"{""gtpin_avg_execution_cycles_per_invocation"":4122,""gtpin_invocation_count"":128,""gtpin_total_execution_cycles"":527628}",InvocationCount=128;TotalExecutionCycles=527628;AvgExecutionCyclesPerInvocation=4122
n1_i10,10,1,10,performance,false,layers.*/self_attn,/model/layers.2/self_attn/Transpose_2,Transpose,Transpose,transpose:/model/layers.2/self_attn/Transpose_2,transpose:/model/layers.2/self_attn/Transpose_2,permute,permute_ref,355,permute_ref_653960189515371720_0_0__sa,permute_ref_653960189515371720_0_0__sa,1,5239,matched,aligned,true,true,true,exec_profile,gtpin_total_execution_cycles,516100,4032,cycles,128,516100,4032,0,0,,,0,0,0,"{""gtpin_avg_execution_cycles_per_invocation"":4032,""gtpin_invocation_count"":128,""gtpin_total_execution_cycles"":516100}",InvocationCount=128;TotalExecutionCycles=516100;AvgExecutionCyclesPerInvocation=4032
n1_i10,10,1,10,performance,false,layers.*/self_attn,/model/layers.15/self_attn/Transpose_2,Transpose,Transpose,transpose:/model/layers.15/self_attn/Transpose_2,transpose:/model/layers.15/self_attn/Transpose_2,permute,permute_ref,823,permute_ref_653960189515371720_0_0__sa,permute_ref_653960189515371720_0_0__sa,1,5525,matched,aligned,true,true,true,exec_profile,gtpin_total_execution_cycles,506350,3955,cycles,128,506350,3955,0,0,,,0,0,0,"{""gtpin_avg_execution_cycles_per_invocation"":3955,""gtpin_invocation_count"":128,""gtpin_total_execution_cycles"":506350}",InvocationCount=128;TotalExecutionCycles=506350;AvgExecutionCyclesPerInvocation=3955
n1_i10,10,1,10,performance,false,layers.*/self_attn,/model/layers.4/self_attn/Transpose_2,Transpose,Transpose,transpose:/model/layers.4/self_attn/Transpose_2,transpose:/model/layers.4/self_attn/Transpose_2,permute,permute_ref,427,permute_ref_653960189515371720_0_0__sa,permute_ref_653960189515371720_0_0__sa,1,5283,matched,aligned,true,true,true,exec_profile,gtpin_total_execution_cycles,504586,3942,cycles,128,504586,3942,0,0,,,0,0,0,"{""gtpin_avg_execution_cycles_per_invocation"":3942,""gtpin_invocation_count"":128,""gtpin_total_execution_cycles"":504586}",InvocationCount=128;TotalExecutionCycles=504586;AvgExecutionCyclesPerInvocation=3942
n1_i10,10,1,10,performance,false,layers.*/self_attn,/model/layers.9/self_attn/Transpose_2,Transpose,Transpose,transpose:/model/layers.9/self_attn/Transpose_2,transpose:/model/layers.9/self_attn/Transpose_2,permute,permute_ref,607,permute_ref_653960189515371720_0_0__sa,permute_ref_653960189515371720_0_0__sa,1,5393,matched,aligned,true,true,true,exec_profile,gtpin_total_execution_cycles,501670,3919,cycles,128,501670,3919,0,0,,,0,0,0,"{""gtpin_avg_execution_cycles_per_invocation"":3919,""gtpin_invocation_count"":128,""gtpin_total_execution_cycles"":501670}",InvocationCount=128;TotalExecutionCycles=501670;AvgExecutionCyclesPerInvocation=3919
n1_i10,10,1,10,performance,false,layers.*/self_attn,/model/layers.3/self_attn/Transpose_2,Transpose,Transpose,transpose:/model/layers.3/self_attn/Transpose_2,transpose:/model/layers.3/self_attn/Transpose_2,permute,permute_ref,391,permute_ref_653960189515371720_0_0__sa,permute_ref_653960189515371720_0_0__sa,1,5261,matched,aligned,true,true,true,exec_profile,gtpin_total_execution_cycles,488244,3814,cycles,128,488244,3814,0,0,,,0,0,0,"{""gtpin_avg_execution_cycles_per_invocation"":3814,""gtpin_invocation_count"":128,""gtpin_total_execution_cycles"":488244}",InvocationCount=128;TotalExecutionCycles=488244;AvgExecutionCyclesPerInvocation=3814
n1_i10,10,1,10,performance,false,layers.*/self_attn,/model/layers.14/self_attn/Transpose_2,Transpose,Transpose,transpose:/model/layers.14/self_attn/Transpose_2,transpose:/model/layers.14/self_attn/Transpose_2,permute,permute_ref,787,permute_ref_653960189515371720_0_0__sa,permute_ref_653960189515371720_0_0__sa,1,5503,matched,aligned,true,true,true,exec_profile,gtpin_total_execution_cycles,478780,3740,cycles,128,478780,3740,0,0,,,0,0,0,"{""gtpin_avg_execution_cycles_per_invocation"":3740,""gtpin_invocation_count"":128,""gtpin_total_execution_cycles"":478780}",InvocationCount=128;TotalExecutionCycles=478780;AvgExecutionCyclesPerInvocation=3740
n1_i10,10,1,10,performance,false,layers.*/self_attn,/model/layers.11/self_attn/Transpose_2,Transpose,Transpose,transpose:/model/layers.11/self_attn/Transpose_2,transpose:/model/layers.11/self_attn/Transpose_2,permute,permute_ref,679,permute_ref_653960189515371720_0_0__sa,permute_ref_653960189515371720_0_0__sa,1,5437,matched,aligned,true,true,true,exec_profile,gtpin_total_execution_cycles,468000,3656,cycles,128,468000,3656,0,0,,,0,0,0,"{""gtpin_avg_execution_cycles_per_invocation"":3656,""gtpin_invocation_count"":128,""gtpin_total_execution_cycles"":468000}",InvocationCount=128;TotalExecutionCycles=468000;AvgExecutionCyclesPerInvocation=3656
n1_i10,10,1,10,performance,false,layers.*/self_attn,/model/layers.16/self_attn/Transpose_2,Transpose,Transpose,transpose:/model/layers.16/self_attn/Transpose_2,transpose:/model/layers.16/self_attn/Transpose_2,permute,permute_ref,859,permute_ref_653960189515371720_0_0__sa,permute_ref_653960189515371720_0_0__sa,1,5547,matched,aligned,true,true,true,exec_profile,gtpin_total_execution_cycles,452828,3537,cycles,128,452828,3537,0,0,,,0,0,0,"{""gtpin_avg_execution_cycles_per_invocation"":3537,""gtpin_invocation_count"":128,""gtpin_total_execution_cycles"":452828}",InvocationCount=128;TotalExecutionCycles=452828;AvgExecutionCyclesPerInvocation=3537
n1_i10,10,1,10,performance,false,rotary_emb,/model/rotary_emb/Cos,Cos,Cos,cos:/model/rotary_emb/Cos,cos:/model/rotary_emb/Cos,activation,activation_ref,274,activation_ref_8384225707366889932_0_0__sa,activation_ref_8384225707366889932_0_0__sa,1,5191,matched,aligned,true,true,true,exec_profile,gtpin_total_execution_cycles,186426,5825,cycles,32,186426,5825,0,0,,,0,0,0,"{""gtpin_avg_execution_cycles_per_invocation"":5825,""gtpin_invocation_count"":32,""gtpin_total_execution_cycles"":186426}",InvocationCount=32;TotalExecutionCycles=186426;AvgExecutionCyclesPerInvocation=5825
n1_i10,10,1,10,performance,false,rotary_emb,/model/rotary_emb/Sin,Sin,Sin,sin:/model/rotary_emb/Sin,sin:/model/rotary_emb/Sin,activation,activation_ref,273,activation_ref_1691567596270449691_0_0__sa,activation_ref_1691567596270449691_0_0__sa,1,5190,matched,aligned,true,true,true,exec_profile,gtpin_total_execution_cycles,172018,5375,cycles,32,172018,5375,0,0,,,0,0,0,"{""gtpin_avg_execution_cycles_per_invocation"":5375,""gtpin_invocation_count"":32,""gtpin_total_execution_cycles"":172018}",InvocationCount=32;TotalExecutionCycles=172018;AvgExecutionCyclesPerInvocation=5375
n1_i10,10,1,10,performance,false,rotary_emb,/model/rotary_emb/Concat_1,Concat,Concat,concat:/model/rotary_emb/Concat_1,concat:/model/rotary_emb/Concat_1,concatenation,concatenation_gpu_simple_ref,269,concatenation_gpu_simple_ref_11787737694364327443_0_0__sa,concatenation_gpu_simple_ref_11787737694364327443_0_0__sa,1,5187,matched,aligned,true,true,true,exec_profile,gtpin_total_execution_cycles,85336,5333,cycles,16,85336,5333,0,0,,,0,0,0,"{""gtpin_avg_execution_cycles_per_invocation"":5333,""gtpin_invocation_count"":16,""gtpin_total_execution_cycles"":85336}",InvocationCount=16;TotalExecutionCycles=85336;AvgExecutionCyclesPerInvocation=5333
n1_i10,10,1,10,performance,false,layers.*/self_attn,/model/layers.0/self_attn/Add_1,RoPE,RoPE,rope:/model/layers.0/self_attn/Add_1,rope:/model/layers.0/self_attn/Add_1,rope,ocl::rope::opt_,285,rope_opt__6960924190377492479__sa,rope_opt__6960924190377492479__sa,1,5196,matched,aligned,true,true,true,exec_profile,gtpin_total_execution_cycles,82792,10349,cycles,8,82792,10349,0,0,,,0,0,0,"{""gtpin_avg_execution_cycles_per_invocation"":10349,""gtpin_invocation_count"":8,""gtpin_total_execution_cycles"":82792}",InvocationCount=8;TotalExecutionCycles=82792;AvgExecutionCyclesPerInvocation=10349
n1_i10,10,1,10,performance,false,layers.*/self_attn,/model/layers.0/self_attn/Unsqueeze_6_restore_precision_0,Convert,Convert,convert:/model/layers.0/self_attn/Unsqueeze_6_restore_precision_0,convert:/model/layers.0/self_attn/Unsqueeze_6_restore_precision_0,reorder,reorder_data,279,reorder_data_13786606319827428276_0_0__sa,reorder_data_13786606319827428276_0_0__sa,1,5195,matched,aligned,true,true,true,exec_profile,gtpin_total_execution_cycles,81984,2562,cycles,32,81984,2562,0,0,,,0,0,0,"{""gtpin_avg_execution_cycles_per_invocation"":2562,""gtpin_invocation_count"":32,""gtpin_total_execution_cycles"":81984}",InvocationCount=32;TotalExecutionCycles=81984;AvgExecutionCyclesPerInvocation=2562
n1_i10,10,1,10,performance,false,layers.*/self_attn,/model/layers.0/self_attn/Unsqueeze_7_restore_precision_1,Convert,Convert,convert:/model/layers.0/self_attn/Unsqueeze_7_restore_precision_1,convert:/model/layers.0/self_attn/Unsqueeze_7_restore_precision_1,reorder,reorder_data,278,reorder_data_13786606319827428276_0_0__sa,reorder_data_13786606319827428276_0_0__sa,1,5194,matched,aligned,true,true,true,exec_profile,gtpin_total_execution_cycles,78938,2466,cycles,32,78938,2466,0,0,,,0,0,0,"{""gtpin_avg_execution_cycles_per_invocation"":2466,""gtpin_invocation_count"":32,""gtpin_total_execution_cycles"":78938}",InvocationCount=32;TotalExecutionCycles=78938;AvgExecutionCyclesPerInvocation=2466
n1_i10,10,1,10,performance,false,layers.*/self_attn,/model/layers.5/self_attn/Add_1,RoPE,RoPE,rope:/model/layers.5/self_attn/Add_1,rope:/model/layers.5/self_attn/Add_1,rope,ocl::rope::opt_,465,rope_opt__6960924190377492479__sa,rope_opt__6960924190377492479__sa,1,5307,matched,aligned,true,true,true,exec_profile,gtpin_total_execution_cycles,77818,9727,cycles,8,77818,9727,0,0,,,0,0,0,"{""gtpin_avg_execution_cycles_per_invocation"":9727,""gtpin_invocation_count"":8,""gtpin_total_execution_cycles"":77818}",InvocationCount=8;TotalExecutionCycles=77818;AvgExecutionCyclesPerInvocation=9727
n1_i10,10,1,10,performance,false,layers.*/self_attn,/model/layers.1/self_attn/Add_1,RoPE,RoPE,rope:/model/layers.1/self_attn/Add_1,rope:/model/layers.1/self_attn/Add_1,rope,ocl::rope::opt_,321,rope_opt__6960924190377492479__sa,rope_opt__6960924190377492479__sa,1,5219,matched,aligned,true,true,true,exec_profile,gtpin_total_execution_cycles,72872,9109,cycles,8,72872,9109,0,0,,,0,0,0,"{""gtpin_avg_execution_cycles_per_invocation"":9109,""gtpin_invocation_count"":8,""gtpin_total_execution_cycles"":72872}",InvocationCount=8;TotalExecutionCycles=72872;AvgExecutionCyclesPerInvocation=9109
n1_i10,10,1,10,performance,false,layers.*/self_attn,/model/layers.9/self_attn/Add_1,RoPE,RoPE,rope:/model/layers.9/self_attn/Add_1,rope:/model/layers.9/self_attn/Add_1,rope,ocl::rope::opt_,609,rope_opt__6960924190377492479__sa,rope_opt__6960924190377492479__sa,1,5395,matched,aligned,true,true,true,exec_profile,gtpin_total_execution_cycles,69718,8714,cycles,8,69718,8714,0,0,,,0,0,0,"{""gtpin_avg_execution_cycles_per_invocation"":8714,""gtpin_invocation_count"":8,""gtpin_total_execution_cycles"":69718}",InvocationCount=8;TotalExecutionCycles=69718;AvgExecutionCyclesPerInvocation=8714
n1_i10,10,1,10,performance,false,layers.*/self_attn,/model/layers.11/self_attn/Add_1,RoPE,RoPE,rope:/model/layers.11/self_attn/Add_1,rope:/model/layers.11/self_attn/Add_1,rope,ocl::rope::opt_,681,rope_opt__6960924190377492479__sa,rope_opt__6960924190377492479__sa,1,5439,matched,aligned,true,true,true,exec_profile,gtpin_total_execution_cycles,69308,8663,cycles,8,69308,8663,0,0,,,0,0,0,"{""gtpin_avg_execution_cycles_per_invocation"":8663,""gtpin_invocation_count"":8,""gtpin_total_execution_cycles"":69308}",InvocationCount=8;TotalExecutionCycles=69308;AvgExecutionCyclesPerInvocation=8663
n1_i10,10,1,10,performance,false,layers.*/self_attn,/model/layers.21/self_attn/Add_1,RoPE,RoPE,rope:/model/layers.21/self_attn/Add_1,rope:/model/layers.21/self_attn/Add_1,rope,ocl::rope::opt_,1041,rope_opt__6960924190377492479__sa,rope_opt__6960924190377492479__sa,1,5659,matched,aligned,true,true,true,exec_profile,gtpin_total_execution_cycles,68298,8537,cycles,8,68298,8537,0,0,,,0,0,0,"{""gtpin_avg_execution_cycles_per_invocation"":8537,""gtpin_invocation_count"":8,""gtpin_total_execution_cycles"":68298}",InvocationCount=8;TotalExecutionCycles=68298;AvgExecutionCyclesPerInvocation=8537
n1_i10,10,1,10,performance,false,layers.*/self_attn,/model/layers.13/self_attn/Add_1,RoPE,RoPE,rope:/model/layers.13/self_attn/Add_1,rope:/model/layers.13/self_attn/Add_1,rope,ocl::rope::opt_,753,rope_opt__6960924190377492479__sa,rope_opt__6960924190377492479__sa,1,5483,matched,aligned,true,true,true,exec_profile,gtpin_total_execution_cycles,67028,8378,cycles,8,67028,8378,0,0,,,0,0,0,"{""gtpin_avg_execution_cycles_per_invocation"":8378,""gtpin_invocation_count"":8,""gtpin_total_execution_cycles"":67028}",InvocationCount=8;TotalExecutionCycles=67028;AvgExecutionCyclesPerInvocation=8378
n1_i10,10,1,10,performance,false,layers.*/self_attn,/model/layers.15/self_attn/Add_1,RoPE,RoPE,rope:/model/layers.15/self_attn/Add_1,rope:/model/layers.15/self_attn/Add_1,rope,ocl::rope::opt_,825,rope_opt__6960924190377492479__sa,rope_opt__6960924190377492479__sa,1,5527,matched,aligned,true,true,true,exec_profile,gtpin_total_execution_cycles,66200,8275,cycles,8,66200,8275,0,0,,,0,0,0,"{""gtpin_avg_execution_cycles_per_invocation"":8275,""gtpin_invocation_count"":8,""gtpin_total_execution_cycles"":66200}",InvocationCount=8;TotalExecutionCycles=66200;AvgExecutionCyclesPerInvocation=8275
n1_i10,10,1,10,performance,false,layers.*/self_attn,/model/layers.17/self_attn/Add_1,RoPE,RoPE,rope:/model/layers.17/self_attn/Add_1,rope:/model/layers.17/self_attn/Add_1,rope,ocl::rope::opt_,897,rope_opt__6960924190377492479__sa,rope_opt__6960924190377492479__sa,1,5571,matched,aligned,true,true,true,exec_profile,gtpin_total_execution_cycles,65950,8243,cycles,8,65950,8243,0,0,,,0,0,0,"{""gtpin_avg_execution_cycles_per_invocation"":8243,""gtpin_invocation_count"":8,""gtpin_total_execution_cycles"":65950}",InvocationCount=8;TotalExecutionCycles=65950;AvgExecutionCyclesPerInvocation=8243
n1_i10,10,1,10,performance,false,layers.*/self_attn,/model/layers.19/self_attn/Add_1,RoPE,RoPE,rope:/model/layers.19/self_attn/Add_1,rope:/model/layers.19/self_attn/Add_1,rope,ocl::rope::opt_,969,rope_opt__6960924190377492479__sa,rope_opt__6960924190377492479__sa,1,5615,matched,aligned,true,true,true,exec_profile,gtpin_total_execution_cycles,64412,8051,cycles,8,64412,8051,0,0,,,0,0,0,"{""gtpin_avg_execution_cycles_per_invocation"":8051,""gtpin_invocation_count"":8,""gtpin_total_execution_cycles"":64412}",InvocationCount=8;TotalExecutionCycles=64412;AvgExecutionCyclesPerInvocation=8051
n1_i10,10,1,10,performance,false,layers.*/self_attn,/model/layers.3/self_attn/Add_1,RoPE,RoPE,rope:/model/layers.3/self_attn/Add_1,rope:/model/layers.3/self_attn/Add_1,rope,ocl::rope::opt_,393,rope_opt__6960924190377492479__sa,rope_opt__6960924190377492479__sa,1,5263,matched,aligned,true,true,true,exec_profile,gtpin_total_execution_cycles,64112,8014,cycles,8,64112,8014,0,0,,,0,0,0,"{""gtpin_avg_execution_cycles_per_invocation"":8014,""gtpin_invocation_count"":8,""gtpin_total_execution_cycles"":64112}",InvocationCount=8;TotalExecutionCycles=64112;AvgExecutionCyclesPerInvocation=8014
n1_i10,10,1,10,performance,false,layers.*/self_attn,/model/layers.14/self_attn/Add_1,RoPE,RoPE,rope:/model/layers.14/self_attn/Add_1,rope:/model/layers.14/self_attn/Add_1,rope,ocl::rope::opt_,789,rope_opt__6960924190377492479__sa,rope_opt__6960924190377492479__sa,1,5505,matched,aligned,true,true,true,exec_profile,gtpin_total_execution_cycles,63478,7934,cycles,8,63478,7934,0,0,,,0,0,0,"{""gtpin_avg_execution_cycles_per_invocation"":7934,""gtpin_invocation_count"":8,""gtpin_total_execution_cycles"":63478}",InvocationCount=8;TotalExecutionCycles=63478;AvgExecutionCyclesPerInvocation=7934
n1_i10,10,1,10,performance,false,layers.*/self_attn,/model/layers.10/self_attn/Add_1,RoPE,RoPE,rope:/model/layers.10/self_attn/Add_1,rope:/model/layers.10/self_attn/Add_1,rope,ocl::rope::opt_,645,rope_opt__6960924190377492479__sa,rope_opt__6960924190377492479__sa,1,5417,matched,aligned,true,true,true,exec_profile,gtpin_total_execution_cycles,63216,7902,cycles,8,63216,7902,0,0,,,0,0,0,"{""gtpin_avg_execution_cycles_per_invocation"":7902,""gtpin_invocation_count"":8,""gtpin_total_execution_cycles"":63216}",InvocationCount=8;TotalExecutionCycles=63216;AvgExecutionCyclesPerInvocation=7902
n1_i10,10,1,10,performance,false,layers.*/self_attn,/model/layers.2/self_attn/Add_1,RoPE,RoPE,rope:/model/layers.2/self_attn/Add_1,rope:/model/layers.2/self_attn/Add_1,rope,ocl::rope::opt_,357,rope_opt__6960924190377492479__sa,rope_opt__6960924190377492479__sa,1,5241,matched,aligned,true,true,true,exec_profile,gtpin_total_execution_cycles,62760,7845,cycles,8,62760,7845,0,0,,,0,0,0,"{""gtpin_avg_execution_cycles_per_invocation"":7845,""gtpin_invocation_count"":8,""gtpin_total_execution_cycles"":62760}",InvocationCount=8;TotalExecutionCycles=62760;AvgExecutionCyclesPerInvocation=7845
n1_i10,10,1,10,performance,false,layers.*/self_attn,/model/layers.18/self_attn/Add_1,RoPE,RoPE,rope:/model/layers.18/self_attn/Add_1,rope:/model/layers.18/self_attn/Add_1,rope,ocl::rope::opt_,933,rope_opt__6960924190377492479__sa,rope_opt__6960924190377492479__sa,1,5593,matched,aligned,true,true,true,exec_profile,gtpin_total_execution_cycles,62328,7791,cycles,8,62328,7791,0,0,,,0,0,0,"{""gtpin_avg_execution_cycles_per_invocation"":7791,""gtpin_invocation_count"":8,""gtpin_total_execution_cycles"":62328}",InvocationCount=8;TotalExecutionCycles=62328;AvgExecutionCyclesPerInvocation=7791
n1_i10,10,1,10,performance,false,layers.*/self_attn,/model/layers.6/self_attn/Add_1,RoPE,RoPE,rope:/model/layers.6/self_attn/Add_1,rope:/model/layers.6/self_attn/Add_1,rope,ocl::rope::opt_,501,rope_opt__6960924190377492479__sa,rope_opt__6960924190377492479__sa,1,5329,matched,aligned,true,true,true,exec_profile,gtpin_total_execution_cycles,62002,7750,cycles,8,62002,7750,0,0,,,0,0,0,"{""gtpin_avg_execution_cycles_per_invocation"":7750,""gtpin_invocation_count"":8,""gtpin_total_execution_cycles"":62002}",InvocationCount=8;TotalExecutionCycles=62002;AvgExecutionCyclesPerInvocation=7750
n1_i10,10,1,10,performance,false,layers.*/self_attn,/model/layers.7/self_attn/Add_1,RoPE,RoPE,rope:/model/layers.7/self_attn/Add_1,rope:/model/layers.7/self_attn/Add_1,rope,ocl::rope::opt_,537,rope_opt__6960924190377492479__sa,rope_opt__6960924190377492479__sa,1,5351,matched,aligned,true,true,true,exec_profile,gtpin_total_execution_cycles,61538,7692,cycles,8,61538,7692,0,0,,,0,0,0,"{""gtpin_avg_execution_cycles_per_invocation"":7692,""gtpin_invocation_count"":8,""gtpin_total_execution_cycles"":61538}",InvocationCount=8;TotalExecutionCycles=61538;AvgExecutionCyclesPerInvocation=7692
n1_i10,10,1,10,performance,false,layers.*/self_attn,/model/layers.20/self_attn/Add_1,RoPE,RoPE,rope:/model/layers.20/self_attn/Add_1,rope:/model/layers.20/self_attn/Add_1,rope,ocl::rope::opt_,1005,rope_opt__6960924190377492479__sa,rope_opt__6960924190377492479__sa,1,5637,matched,aligned,true,true,true,exec_profile,gtpin_total_execution_cycles,61018,7627,cycles,8,61018,7627,0,0,,,0,0,0,"{""gtpin_avg_execution_cycles_per_invocation"":7627,""gtpin_invocation_count"":8,""gtpin_total_execution_cycles"":61018}",InvocationCount=8;TotalExecutionCycles=61018;AvgExecutionCyclesPerInvocation=7627
n1_i10,10,1,10,performance,false,layers.*/self_attn,/model/layers.4/self_attn/Add_1,RoPE,RoPE,rope:/model/layers.4/self_attn/Add_1,rope:/model/layers.4/self_attn/Add_1,rope,ocl::rope::opt_,429,rope_opt__6960924190377492479__sa,rope_opt__6960924190377492479__sa,1,5285,matched,aligned,true,true,true,exec_profile,gtpin_total_execution_cycles,60274,7534,cycles,8,60274,7534,0,0,,,0,0,0,"{""gtpin_avg_execution_cycles_per_invocation"":7534,""gtpin_invocation_count"":8,""gtpin_total_execution_cycles"":60274}",InvocationCount=8;TotalExecutionCycles=60274;AvgExecutionCyclesPerInvocation=7534
n1_i10,10,1,10,performance,false,(root),/model/LessOrEqual,LessEqual,LessEqual,lessequal:/model/LessOrEqual,lessequal:/model/LessOrEqual,eltwise,generic_eltwise_ref,265,generic_eltwise_ref_12991517841348968924_0_0__sa,generic_eltwise_ref_12991517841348968924_0_0__sa,1,5186,matched,aligned,true,true,true,exec_profile,gtpin_total_execution_cycles,59680,7460,cycles,8,59680,7460,0,0,,,0,0,0,"{""gtpin_avg_execution_cycles_per_invocation"":7460,""gtpin_invocation_count"":8,""gtpin_total_execution_cycles"":59680}",InvocationCount=8;TotalExecutionCycles=59680;AvgExecutionCyclesPerInvocation=7460
n1_i10,10,1,10,performance,false,layers.*/self_attn,/model/layers.8/self_attn/Add_1,RoPE,RoPE,rope:/model/layers.8/self_attn/Add_1,rope:/model/layers.8/self_attn/Add_1,rope,ocl::rope::opt_,573,rope_opt__6960924190377492479__sa,rope_opt__6960924190377492479__sa,1,5373,matched,aligned,true,true,true,exec_profile,gtpin_total_execution_cycles,58770,7346,cycles,8,58770,7346,0,0,,,0,0,0,"{""gtpin_avg_execution_cycles_per_invocation"":7346,""gtpin_invocation_count"":8,""gtpin_total_execution_cycles"":58770}",InvocationCount=8;TotalExecutionCycles=58770;AvgExecutionCyclesPerInvocation=7346
n1_i10,10,1,10,performance,false,layers.*/self_attn,/model/layers.12/self_attn/Add_1,RoPE,RoPE,rope:/model/layers.12/self_attn/Add_1,rope:/model/layers.12/self_attn/Add_1,rope,ocl::rope::opt_,717,rope_opt__6960924190377492479__sa,rope_opt__6960924190377492479__sa,1,5461,matched,aligned,true,true,true,exec_profile,gtpin_total_execution_cycles,58536,7317,cycles,8,58536,7317,0,0,,,0,0,0,"{""gtpin_avg_execution_cycles_per_invocation"":7317,""gtpin_invocation_count"":8,""gtpin_total_execution_cycles"":58536}",InvocationCount=8;TotalExecutionCycles=58536;AvgExecutionCyclesPerInvocation=7317
n1_i10,10,1,10,performance,false,layers.*/self_attn,/model/layers.16/self_attn/Add_1,RoPE,RoPE,rope:/model/layers.16/self_attn/Add_1,rope:/model/layers.16/self_attn/Add_1,rope,ocl::rope::opt_,861,rope_opt__6960924190377492479__sa,rope_opt__6960924190377492479__sa,1,5549,matched,aligned,true,true,true,exec_profile,gtpin_total_execution_cycles,58488,7311,cycles,8,58488,7311,0,0,,,0,0,0,"{""gtpin_avg_execution_cycles_per_invocation"":7311,""gtpin_invocation_count"":8,""gtpin_total_execution_cycles"":58488}",InvocationCount=8;TotalExecutionCycles=58488;AvgExecutionCyclesPerInvocation=7311
n1_i10,10,1,10,performance,false,rotary_emb,/model/rotary_emb/Concat_1,Concat,Concat,concat:/model/rotary_emb/Concat_1,concat:/model/rotary_emb/Concat_1,concatenation,concatenation_gpu_simple_ref,269,concatenation_gpu_simple_ref_11787737694364327443_1_0__sa,concatenation_gpu_simple_ref_11787737694364327443_1_0__sa,1,5188,matched,aligned,true,true,true,exec_profile,gtpin_total_execution_cycles,57040,3565,cycles,16,57040,3565,0,0,,,0,0,0,"{""gtpin_avg_execution_cycles_per_invocation"":3565,""gtpin_invocation_count"":16,""gtpin_total_execution_cycles"":57040}",InvocationCount=16;TotalExecutionCycles=57040;AvgExecutionCyclesPerInvocation=3565
n1_i10,10,1,10,performance,false,(root),/model/And_1,LogicalAnd,LogicalAnd,logicaland:/model/And_1,logicaland:/model/And_1,eltwise,generic_eltwise_ref,287,generic_eltwise_ref_9810887907610228330_0_0__sa,generic_eltwise_ref_9810887907610228330_0_0__sa,1,5198,matched,aligned,true,true,true,exec_profile,gtpin_total_execution_cycles,53808,6726,cycles,8,53808,6726,0,0,,,0,0,0,"{""gtpin_avg_execution_cycles_per_invocation"":6726,""gtpin_invocation_count"":8,""gtpin_total_execution_cycles"":53808}",InvocationCount=8;TotalExecutionCycles=53808;AvgExecutionCyclesPerInvocation=6726
n1_i10,10,1,10,performance,false,layers.*/self_attn,/model/layers.13/self_attn/Where_2,Select,Select,select:/model/layers.13/self_attn/Where_2,select:/model/layers.13/self_attn/Where_2,select,select_gpu_ref,766,select_gpu_ref_7464502897564813179_0_0__sa,select_gpu_ref_7464502897564813179_0_0__sa,1,5487,matched,aligned,true,true,true,exec_profile,gtpin_total_execution_cycles,47960,5995,cycles,8,47960,5995,0,0,,,0,0,0,"{""gtpin_avg_execution_cycles_per_invocation"":5995,""gtpin_invocation_count"":8,""gtpin_total_execution_cycles"":47960}",InvocationCount=8;TotalExecutionCycles=47960;AvgExecutionCyclesPerInvocation=5995
n1_i10,10,1,10,performance,false,(root),/model/And,LogicalAnd,LogicalAnd,logicaland:/model/And,logicaland:/model/And,eltwise,generic_eltwise_ref,270,generic_eltwise_ref_12613916656436061640_0_0__sa,generic_eltwise_ref_12613916656436061640_0_0__sa,1,5189,matched,aligned,true,true,true,exec_profile,gtpin_total_execution_cycles,45104,5638,cycles,8,45104,5638,0,0,,,0,0,0,"{""gtpin_avg_execution_cycles_per_invocation"":5638,""gtpin_invocation_count"":8,""gtpin_total_execution_cycles"":45104}",InvocationCount=8;TotalExecutionCycles=45104;AvgExecutionCyclesPerInvocation=5638
n1_i10,10,1,10,performance,false,layers.*/self_attn,/model/layers.9/self_attn/Where_2,Select,Select,select:/model/layers.9/self_attn/Where_2,select:/model/layers.9/self_attn/Where_2,select,select_gpu_ref,622,select_gpu_ref_7464502897564813179_0_0__sa,select_gpu_ref_7464502897564813179_0_0__sa,1,5399,matched,aligned,true,true,true,exec_profile,gtpin_total_execution_cycles,44784,5598,cycles,8,44784,5598,0,0,,,0,0,0,"{""gtpin_avg_execution_cycles_per_invocation"":5598,""gtpin_invocation_count"":8,""gtpin_total_execution_cycles"":44784}",InvocationCount=8;TotalExecutionCycles=44784;AvgExecutionCyclesPerInvocation=5598
n1_i10,10,1,10,performance,false,layers.*/self_attn,/model/layers.20/self_attn/Where_2,Select,Select,select:/model/layers.20/self_attn/Where_2,select:/model/layers.20/self_attn/Where_2,select,select_gpu_ref,1018,select_gpu_ref_7464502897564813179_0_0__sa,select_gpu_ref_7464502897564813179_0_0__sa,1,5641,matched,aligned,true,true,true,exec_profile,gtpin_total_execution_cycles,44224,5528,cycles,8,44224,5528,0,0,,,0,0,0,"{""gtpin_avg_execution_cycles_per_invocation"":5528,""gtpin_invocation_count"":8,""gtpin_total_execution_cycles"":44224}",InvocationCount=8;TotalExecutionCycles=44224;AvgExecutionCyclesPerInvocation=5528
n1_i10,10,1,10,performance,false,layers.*/self_attn,/model/layers.17/self_attn/Where_2,Select,Select,select:/model/layers.17/self_attn/Where_2,select:/model/layers.17/self_attn/Where_2,select,select_gpu_ref,910,select_gpu_ref_7464502897564813179_0_0__sa,select_gpu_ref_7464502897564813179_0_0__sa,1,5575,matched,aligned,true,true,true,exec_profile,gtpin_total_execution_cycles,43620,5452,cycles,8,43620,5452,0,0,,,0,0,0,"{""gtpin_avg_execution_cycles_per_invocation"":5452,""gtpin_invocation_count"":8,""gtpin_total_execution_cycles"":43620}",InvocationCount=8;TotalExecutionCycles=43620;AvgExecutionCyclesPerInvocation=5452
n1_i10,10,1,10,performance,false,rotary_emb,/model/rotary_emb/Transpose,Gemm,Gemm,gemm:/model/rotary_emb/Transpose,gemm:/model/rotary_emb/Transpose,gemm,gemm_tiled_opt,264,gemm_tiled_opt_6356298044914993963_3_0__sa,gemm_tiled_opt_6356298044914993963_3_0__sa,1,5185,matched,aligned,true,true,true,exec_profile,gtpin_total_execution_cycles,43246,21623,cycles,2,43246,21623,0,0,,,0,0,0,"{""gtpin_avg_execution_cycles_per_invocation"":21623,""gtpin_invocation_count"":2,""gtpin_total_execution_cycles"":43246}",InvocationCount=2;TotalExecutionCycles=43246;AvgExecutionCyclesPerInvocation=21623
n1_i10,10,1,10,performance,false,layers.*/self_attn,/model/layers.4/self_attn/Where_2,Select,Select,select:/model/layers.4/self_attn/Where_2,select:/model/layers.4/self_attn/Where_2,select,select_gpu_ref,442,select_gpu_ref_7464502897564813179_0_0__sa,select_gpu_ref_7464502897564813179_0_0__sa,1,5289,matched,aligned,true,true,true,exec_profile,gtpin_total_execution_cycles,41958,5244,cycles,8,41958,5244,0,0,,,0,0,0,"{""gtpin_avg_execution_cycles_per_invocation"":5244,""gtpin_invocation_count"":8,""gtpin_total_execution_cycles"":41958}",InvocationCount=8;TotalExecutionCycles=41958;AvgExecutionCyclesPerInvocation=5244
n1_i10,10,1,10,performance,false,layers.*/self_attn,/model/layers.6/self_attn/Where_2,Select,Select,select:/model/layers.6/self_attn/Where_2,select:/model/layers.6/self_attn/Where_2,select,select_gpu_ref,514,select_gpu_ref_7464502897564813179_0_0__sa,select_gpu_ref_7464502897564813179_0_0__sa,1,5333,matched,aligned,true,true,true,exec_profile,gtpin_total_execution_cycles,41628,5203,cycles,8,41628,5203,0,0,,,0,0,0,"{""gtpin_avg_execution_cycles_per_invocation"":5203,""gtpin_invocation_count"":8,""gtpin_total_execution_cycles"":41628}",InvocationCount=8;TotalExecutionCycles=41628;AvgExecutionCyclesPerInvocation=5203
n1_i10,10,1,10,performance,false,layers.*/self_attn,/model/layers.14/self_attn/Where_2,Select,Select,select:/model/layers.14/self_attn/Where_2,select:/model/layers.14/self_attn/Where_2,select,select_gpu_ref,802,select_gpu_ref_7464502897564813179_0_0__sa,select_gpu_ref_7464502897564813179_0_0__sa,1,5509,matched,aligned,true,true,true,exec_profile,gtpin_total_execution_cycles,41072,5134,cycles,8,41072,5134,0,0,,,0,0,0,"{""gtpin_avg_execution_cycles_per_invocation"":5134,""gtpin_invocation_count"":8,""gtpin_total_execution_cycles"":41072}",InvocationCount=8;TotalExecutionCycles=41072;AvgExecutionCyclesPerInvocation=5134
n1_i10,10,1,10,performance,false,layers.*/self_attn,/model/layers.21/self_attn/Where_2,Select,Select,select:/model/layers.21/self_attn/Where_2,select:/model/layers.21/self_attn/Where_2,select,select_gpu_ref,1054,select_gpu_ref_7464502897564813179_0_0__sa,select_gpu_ref_7464502897564813179_0_0__sa,1,5663,matched,aligned,true,true,true,exec_profile,gtpin_total_execution_cycles,40440,5055,cycles,8,40440,5055,0,0,,,0,0,0,"{""gtpin_avg_execution_cycles_per_invocation"":5055,""gtpin_invocation_count"":8,""gtpin_total_execution_cycles"":40440}",InvocationCount=8;TotalExecutionCycles=40440;AvgExecutionCyclesPerInvocation=5055
n1_i10,10,1,10,performance,false,layers.*/self_attn,/model/layers.15/self_attn/Where_2,Select,Select,select:/model/layers.15/self_attn/Where_2,select:/model/layers.15/self_attn/Where_2,select,select_gpu_ref,838,select_gpu_ref_7464502897564813179_0_0__sa,select_gpu_ref_7464502897564813179_0_0__sa,1,5531,matched,aligned,true,true,true,exec_profile,gtpin_total_execution_cycles,40428,5053,cycles,8,40428,5053,0,0,,,0,0,0,"{""gtpin_avg_execution_cycles_per_invocation"":5053,""gtpin_invocation_count"":8,""gtpin_total_execution_cycles"":40428}",InvocationCount=8;TotalExecutionCycles=40428;AvgExecutionCyclesPerInvocation=5053
n1_i10,10,1,10,performance,false,layers.*/self_attn,/model/layers.1/self_attn/Where_2,Select,Select,select:/model/layers.1/self_attn/Where_2,select:/model/layers.1/self_attn/Where_2,select,select_gpu_ref,334,select_gpu_ref_7464502897564813179_0_0__sa,select_gpu_ref_7464502897564813179_0_0__sa,1,5223,matched,aligned,true,true,true,exec_profile,gtpin_total_execution_cycles,40320,5040,cycles,8,40320,5040,0,0,,,0,0,0,"{""gtpin_avg_execution_cycles_per_invocation"":5040,""gtpin_invocation_count"":8,""gtpin_total_execution_cycles"":40320}",InvocationCount=8;TotalExecutionCycles=40320;AvgExecutionCyclesPerInvocation=5040
n1_i10,10,1,10,performance,false,layers.*/self_attn,/model/layers.10/self_attn/Where_2,Select,Select,select:/model/layers.10/self_attn/Where_2,select:/model/layers.10/self_attn/Where_2,select,select_gpu_ref,658,select_gpu_ref_7464502897564813179_0_0__sa,select_gpu_ref_7464502897564813179_0_0__sa,1,5421,matched,aligned,true,true,true,exec_profile,gtpin_total_execution_cycles,39620,4952,cycles,8,39620,4952,0,0,,,0,0,0,"{""gtpin_avg_execution_cycles_per_invocation"":4952,""gtpin_invocation_count"":8,""gtpin_total_execution_cycles"":39620}",InvocationCount=8;TotalExecutionCycles=39620;AvgExecutionCyclesPerInvocation=4952
n1_i10,10,1,10,performance,false,layers.*/self_attn,/model/layers.12/self_attn/Where_2,Select,Select,select:/model/layers.12/self_attn/Where_2,select:/model/layers.12/self_attn/Where_2,select,select_gpu_ref,730,select_gpu_ref_7464502897564813179_0_0__sa,select_gpu_ref_7464502897564813179_0_0__sa,1,5465,matched,aligned,true,true,true,exec_profile,gtpin_total_execution_cycles,39480,4935,cycles,8,39480,4935,0,0,,,0,0,0,"{""gtpin_avg_execution_cycles_per_invocation"":4935,""gtpin_invocation_count"":8,""gtpin_total_execution_cycles"":39480}",InvocationCount=8;TotalExecutionCycles=39480;AvgExecutionCyclesPerInvocation=4935
n1_i10,10,1,10,performance,false,layers.*/self_attn,/model/layers.2/self_attn/Where_2,Select,Select,select:/model/layers.2/self_attn/Where_2,select:/model/layers.2/self_attn/Where_2,select,select_gpu_ref,370,select_gpu_ref_7464502897564813179_0_0__sa,select_gpu_ref_7464502897564813179_0_0__sa,1,5245,matched,aligned,true,true,true,exec_profile,gtpin_total_execution_cycles,39252,4906,cycles,8,39252,4906,0,0,,,0,0,0,"{""gtpin_avg_execution_cycles_per_invocation"":4906,""gtpin_invocation_count"":8,""gtpin_total_execution_cycles"":39252}",InvocationCount=8;TotalExecutionCycles=39252;AvgExecutionCyclesPerInvocation=4906
n1_i10,10,1,10,performance,false,layers.*/self_attn,/model/layers.11/self_attn/Where_2,Select,Select,select:/model/layers.11/self_attn/Where_2,select:/model/layers.11/self_attn/Where_2,select,select_gpu_ref,694,select_gpu_ref_7464502897564813179_0_0__sa,select_gpu_ref_7464502897564813179_0_0__sa,1,5443,matched,aligned,true,true,true,exec_profile,gtpin_total_execution_cycles,38920,4865,cycles,8,38920,4865,0,0,,,0,0,0,"{""gtpin_avg_execution_cycles_per_invocation"":4865,""gtpin_invocation_count"":8,""gtpin_total_execution_cycles"":38920}",InvocationCount=8;TotalExecutionCycles=38920;AvgExecutionCyclesPerInvocation=4865
n1_i10,10,1,10,performance,false,layers.*/self_attn,/model/layers.19/self_attn/Where_2,Select,Select,select:/model/layers.19/self_attn/Where_2,select:/model/layers.19/self_attn/Where_2,select,select_gpu_ref,982,select_gpu_ref_7464502897564813179_0_0__sa,select_gpu_ref_7464502897564813179_0_0__sa,1,5619,matched,aligned,true,true,true,exec_profile,gtpin_total_execution_cycles,37984,4748,cycles,8,37984,4748,0,0,,,0,0,0,"{""gtpin_avg_execution_cycles_per_invocation"":4748,""gtpin_invocation_count"":8,""gtpin_total_execution_cycles"":37984}",InvocationCount=8;TotalExecutionCycles=37984;AvgExecutionCyclesPerInvocation=4748
n1_i10,10,1,10,performance,false,layers.*/self_attn,/model/layers.8/self_attn/Where_2,Select,Select,select:/model/layers.8/self_attn/Where_2,select:/model/layers.8/self_attn/Where_2,select,select_gpu_ref,586,select_gpu_ref_7464502897564813179_0_0__sa,select_gpu_ref_7464502897564813179_0_0__sa,1,5377,matched,aligned,true,true,true,exec_profile,gtpin_total_execution_cycles,36786,4598,cycles,8,36786,4598,0,0,,,0,0,0,"{""gtpin_avg_execution_cycles_per_invocation"":4598,""gtpin_invocation_count"":8,""gtpin_total_execution_cycles"":36786}",InvocationCount=8;TotalExecutionCycles=36786;AvgExecutionCyclesPerInvocation=4598
n1_i10,10,1,10,performance,false,layers.*/self_attn,/model/layers.5/self_attn/Where_2,Select,Select,select:/model/layers.5/self_attn/Where_2,select:/model/layers.5/self_attn/Where_2,select,select_gpu_ref,478,select_gpu_ref_7464502897564813179_0_0__sa,select_gpu_ref_7464502897564813179_0_0__sa,1,5311,matched,aligned,true,true,true,exec_profile,gtpin_total_execution_cycles,36656,4582,cycles,8,36656,4582,0,0,,,0,0,0,"{""gtpin_avg_execution_cycles_per_invocation"":4582,""gtpin_invocation_count"":8,""gtpin_total_execution_cycles"":36656}",InvocationCount=8;TotalExecutionCycles=36656;AvgExecutionCyclesPerInvocation=4582
n1_i10,10,1,10,performance,false,layers.*/self_attn,/model/layers.18/self_attn/Where_2,Select,Select,select:/model/layers.18/self_attn/Where_2,select:/model/layers.18/self_attn/Where_2,select,select_gpu_ref,946,select_gpu_ref_7464502897564813179_0_0__sa,select_gpu_ref_7464502897564813179_0_0__sa,1,5597,matched,aligned,true,true,true,exec_profile,gtpin_total_execution_cycles,36520,4565,cycles,8,36520,4565,0,0,,,0,0,0,"{""gtpin_avg_execution_cycles_per_invocation"":4565,""gtpin_invocation_count"":8,""gtpin_total_execution_cycles"":36520}",InvocationCount=8;TotalExecutionCycles=36520;AvgExecutionCyclesPerInvocation=4565
n1_i10,10,1,10,performance,false,layers.*/self_attn,/model/layers.16/self_attn/Where_2,Select,Select,select:/model/layers.16/self_attn/Where_2,select:/model/layers.16/self_attn/Where_2,select,select_gpu_ref,874,select_gpu_ref_7464502897564813179_0_0__sa,select_gpu_ref_7464502897564813179_0_0__sa,1,5553,matched,aligned,true,true,true,exec_profile,gtpin_total_execution_cycles,36368,4546,cycles,8,36368,4546,0,0,,,0,0,0,"{""gtpin_avg_execution_cycles_per_invocation"":4546,""gtpin_invocation_count"":8,""gtpin_total_execution_cycles"":36368}",InvocationCount=8;TotalExecutionCycles=36368;AvgExecutionCyclesPerInvocation=4546
n1_i10,10,1,10,performance,false,layers.*/self_attn,/model/layers.3/self_attn/Where_2,Select,Select,select:/model/layers.3/self_attn/Where_2,select:/model/layers.3/self_attn/Where_2,select,select_gpu_ref,406,select_gpu_ref_7464502897564813179_0_0__sa,select_gpu_ref_7464502897564813179_0_0__sa,1,5267,matched,aligned,true,true,true,exec_profile,gtpin_total_execution_cycles,35888,4486,cycles,8,35888,4486,0,0,,,0,0,0,"{""gtpin_avg_execution_cycles_per_invocation"":4486,""gtpin_invocation_count"":8,""gtpin_total_execution_cycles"":35888}",InvocationCount=8;TotalExecutionCycles=35888;AvgExecutionCyclesPerInvocation=4486
n1_i10,10,1,10,performance,false,layers.*/self_attn,/model/layers.7/self_attn/Where_2,Select,Select,select:/model/layers.7/self_attn/Where_2,select:/model/layers.7/self_attn/Where_2,select,select_gpu_ref,550,select_gpu_ref_7464502897564813179_0_0__sa,select_gpu_ref_7464502897564813179_0_0__sa,1,5355,matched,aligned,true,true,true,exec_profile,gtpin_total_execution_cycles,35248,4406,cycles,8,35248,4406,0,0,,,0,0,0,"{""gtpin_avg_execution_cycles_per_invocation"":4406,""gtpin_invocation_count"":8,""gtpin_total_execution_cycles"":35248}",InvocationCount=8;TotalExecutionCycles=35248;AvgExecutionCyclesPerInvocation=4406
n1_i10,10,1,10,performance,false,layers.*/self_attn,/model/layers.0/self_attn/Where_2,Select,Select,select:/model/layers.0/self_attn/Where_2,select:/model/layers.0/self_attn/Where_2,select,select_gpu_ref,299,select_gpu_ref_7464502897564813179_0_0__sa,select_gpu_ref_7464502897564813179_0_0__sa,1,5201,matched,aligned,true,true,true,exec_profile,gtpin_total_execution_cycles,31676,3959,cycles,8,31676,3959,0,0,,,0,0,0,"{""gtpin_avg_execution_cycles_per_invocation"":3959,""gtpin_invocation_count"":8,""gtpin_total_execution_cycles"":31676}",InvocationCount=8;TotalExecutionCycles=31676;AvgExecutionCyclesPerInvocation=3959
n1_i10,10,1,10,performance,false,(root),/model/Gather_4,Gather,Gather,gather:/model/Gather_4,gather:/model/Gather_4,gather,gather_ref,276,gather_ref_3335901000044472670_0_0__sa,gather_ref_3335901000044472670_0_0__sa,1,5192,matched,aligned,true,true,true,exec_profile,gtpin_total_execution_cycles,10790,10790,cycles,1,10790,10790,0,0,,,0,0,0,"{""gtpin_avg_execution_cycles_per_invocation"":10790,""gtpin_invocation_count"":1,""gtpin_total_execution_cycles"":10790}",InvocationCount=1;TotalExecutionCycles=10790;AvgExecutionCyclesPerInvocation=10790
n1_i10,10,1,10,performance,false,(root),Convert_90811,Convert,Convert,convert:Convert_90811,convert:Convert_90811,reorder,reorder_data,225,reorder_data_261663883965124315_0_0__sa,reorder_data_261663883965124315_0_0__sa,1,5176,matched,aligned,true,true,true,exec_profile,gtpin_total_execution_cycles,6743,6743,cycles,1,6743,6743,0,0,,,0,0,0,"{""gtpin_avg_execution_cycles_per_invocation"":6743,""gtpin_invocation_count"":1,""gtpin_total_execution_cycles"":6743}",InvocationCount=1;TotalExecutionCycles=6743;AvgExecutionCyclesPerInvocation=6743
n1_i10,10,1,10,performance,false,(root),Convert_90813,Convert,Convert,convert:Convert_90813,convert:Convert_90813,reorder,reorder_data,224,reorder_data_261663883965124315_0_0__sa,reorder_data_261663883965124315_0_0__sa,1,5175,matched,aligned,true,true,true,exec_profile,gtpin_total_execution_cycles,6715,6715,cycles,1,6715,6715,0,0,,,0,0,0,"{""gtpin_avg_execution_cycles_per_invocation"":6715,""gtpin_invocation_count"":1,""gtpin_total_execution_cycles"":6715}",InvocationCount=1;TotalExecutionCycles=6715;AvgExecutionCyclesPerInvocation=6715
n1_i10,10,1,10,performance,false,(root),Convert_90873,Convert,Convert,convert:Convert_90873,convert:Convert_90873,reorder,reorder_data,226,reorder_data_14358938580392777097_0_0__sa,reorder_data_14358938580392777097_0_0__sa,1,5177,matched,aligned,true,true,true,exec_profile,gtpin_total_execution_cycles,5682,5682,cycles,1,5682,5682,0,0,,,0,0,0,"{""gtpin_avg_execution_cycles_per_invocation"":5682,""gtpin_invocation_count"":1,""gtpin_total_execution_cycles"":5682}",InvocationCount=1;TotalExecutionCycles=5682;AvgExecutionCyclesPerInvocation=5682
n1_i10,10,1,10,performance,false,rotary_emb,/model/rotary_emb/MatMul_increase_precision_1,Convert,Convert,convert:/model/rotary_emb/MatMul_increase_precision_1,convert:/model/rotary_emb/MatMul_increase_precision_1,reorder,reorder_data,231,reorder_data_16347555807681174383_0_0__sa,reorder_data_16347555807681174383_0_0__sa,1,5179,matched,aligned,true,true,true,exec_profile,gtpin_total_execution_cycles,3206,3206,cycles,1,3206,3206,0,0,,,0,0,0,"{""gtpin_avg_execution_cycles_per_invocation"":3206,""gtpin_invocation_count"":1,""gtpin_total_execution_cycles"":3206}",InvocationCount=1;TotalExecutionCycles=3206;AvgExecutionCyclesPerInvocation=3206
