execution_unit_key,logical_execution_index,net_id,iteration,tool_kind,component_path,origin_op_name,origin_op_type_name,resolved_op_type_name,primitive_id,original_primitive_id,primitive_type,implementation,exec_id,is_input,is_output,dispatch_count,kernel_entry_count,kernel_entries,primary_metric_name,primary_metric_total,primary_metric_unit,gtpin_invocation_count,gtpin_total_execution_cycles
n1_i10,10,1,10,performance,(root),/model/And,LogicalAnd,LogicalAnd,logicaland:/model/And,logicaland:/model/And,eltwise,generic_eltwise_ref__u8,270,false,false,1,1,generic_eltwise_ref_12613916656436061640_0_0__sa,gtpin_total_execution_cycles,45104,cycles,8,45104
n1_i10,10,1,10,performance,(root),/model/And_1,LogicalAnd,LogicalAnd,logicaland:/model/And_1,logicaland:/model/And_1,eltwise,generic_eltwise_ref__u8,287,false,false,1,1,generic_eltwise_ref_9810887907610228330_0_0__sa,gtpin_total_execution_cycles,53808,cycles,8,53808
n1_i10,10,1,10,performance,(root),/model/Gather_4,Gather,Gather,gather:/model/Gather_4,gather:/model/Gather_4,gather,gather_ref__u8,276,false,false,1,1,gather_ref_3335901000044472670_0_0__sa,gtpin_total_execution_cycles,10790,cycles,1,10790
n1_i10,10,1,10,performance,(root),/model/LessOrEqual,LessEqual,LessEqual,lessequal:/model/LessOrEqual,lessequal:/model/LessOrEqual,eltwise,generic_eltwise_ref__i32,265,false,false,1,1,generic_eltwise_ref_12991517841348968924_0_0__sa,gtpin_total_execution_cycles,59680,cycles,8,59680
n1_i10,10,1,10,performance,embed_tokens,/model/embed_tokens/Gather,Gather,Gather,gather:/model/embed_tokens/Gather,gather:/model/embed_tokens/Gather,gather,gather_ref__f16,229,false,false,1,1,gather_ref_9653281298055295004_0_0__sa,gtpin_total_execution_cycles,5181536,cycles,1024,5181536
n1_i10,10,1,10,performance,layers.*/input_layernorm,/model/layers.0/input_layernorm/Mul,RMS,RMS,rms:/model/layers.0/input_layernorm/Mul,rms:/model/layers.0/input_layernorm/Mul,rms,rms_gpu_bfyx_opt__f16,232,false,false,1,1,rms_gpu_bfyx_opt_10690270683970839748_0_0__sa,gtpin_total_execution_cycles,2011640,cycles,256,2011640
n1_i10,10,1,10,performance,layers.*/mlp,/model/layers.0/mlp/down_proj/MatMul,FullyConnected,FullyConnected,fullyconnected:/model/layers.0/mlp/down_proj/MatMul,fullyconnected:/model/layers.0/mlp/down_proj/MatMul,fully_connected,fully_connected_gpu_bf_tiled__f16,311,false,false,1,1,fully_connected_gpu_bf_tiled_2727911967636154657_0_0,gtpin_total_execution_cycles,85718168,cycles,64,85718168
n1_i10,10,1,10,performance,layers.*/mlp,/model/layers.0/mlp/gate_proj/MatMul,FullyConnected,FullyConnected,fullyconnected:/model/layers.0/mlp/gate_proj/MatMul,fullyconnected:/model/layers.0/mlp/gate_proj/MatMul,fully_connected,fully_connected_gpu_bf_tiled__f16,310,false,false,1,1,fully_connected_gpu_bf_tiled_9957149419786459120_0_0,gtpin_total_execution_cycles,160204364,cycles,176,160204364
n1_i10,10,1,10,performance,layers.*/mlp,/model/layers.0/mlp/up_proj/MatMul,FullyConnected,FullyConnected,fullyconnected:/model/layers.0/mlp/up_proj/MatMul,fullyconnected:/model/layers.0/mlp/up_proj/MatMul,fully_connected,fully_connected_gpu_bf_tiled__f16,309,false,false,1,1,fully_connected_gpu_bf_tiled_2740906288179525049_0_0,gtpin_total_execution_cycles,150777158,cycles,176,150777158
n1_i10,10,1,10,performance,layers.*/post_attention_layernorm,/model/layers.0/post_attention_layernorm/Mul,RMS,RMS,rms:/model/layers.0/post_attention_layernorm/Mul,rms:/model/layers.0/post_attention_layernorm/Mul,rms,rms_gpu_bfyx_opt__f16,308,false,false,1,1,rms_gpu_bfyx_opt_10690270683970839748_0_0__sa,gtpin_total_execution_cycles,2320846,cycles,256,2320846
n1_i10,10,1,10,performance,layers.*/self_attn,/model/layers.0/self_attn/Add,RoPE,RoPE,rope:/model/layers.0/self_attn/Add,rope:/model/layers.0/self_attn/Add,rope,ocl::rope::opt___f16,286,false,false,1,1,rope_opt__13889706310558783765__sa,gtpin_total_execution_cycles,1119602,cycles,64,1119602
n1_i10,10,1,10,performance,layers.*/self_attn,/model/layers.0/self_attn/Add_1,RoPE,RoPE,rope:/model/layers.0/self_attn/Add_1,rope:/model/layers.0/self_attn/Add_1,rope,ocl::rope::opt___f16,285,false,false,1,1,rope_opt__6960924190377492479__sa,gtpin_total_execution_cycles,82792,cycles,8,82792
n1_i10,10,1,10,performance,layers.*/self_attn,/model/layers.0/self_attn/Expand,Broadcast,Broadcast,broadcast:/model/layers.0/self_attn/Expand,broadcast:/model/layers.0/self_attn/Expand,broadcast,broadcast_gpu_ref__f16,296,false,false,1,1,broadcast_gpu_ref_6456514822857321615_0_0__sa,gtpin_total_execution_cycles,4470880,cycles,1024,4470880
n1_i10,10,1,10,performance,layers.*/self_attn,/model/layers.0/self_attn/Expand_1,Broadcast,Broadcast,broadcast:/model/layers.0/self_attn/Expand_1,broadcast:/model/layers.0/self_attn/Expand_1,broadcast,broadcast_gpu_ref__f16,277,false,false,1,1,broadcast_gpu_ref_6456514822857321615_0_0__sa,gtpin_total_execution_cycles,4161674,cycles,1024,4161674
n1_i10,10,1,10,performance,layers.*/self_attn,/model/layers.0/self_attn/IsNaN,IsNaN,IsNaN,isnan:/model/layers.0/self_attn/IsNaN,isnan:/model/layers.0/self_attn/IsNaN,eltwise,generic_eltwise_ref__f16,303,false,false,1,1,generic_eltwise_ref_1696504087421334661_0_0__sa,gtpin_total_execution_cycles,1534240,cycles,256,1534240
n1_i10,10,1,10,performance,layers.*/self_attn,/model/layers.0/self_attn/MatMul,Gemm,Gemm,gemm:/model/layers.0/self_attn/MatMul,gemm:/model/layers.0/self_attn/MatMul,gemm,gemm_tiled_opt__f16,301,false,false,1,1,gemm_tiled_opt_7238579717421349067_1_0__sa,gtpin_total_execution_cycles,3912808,cycles,32,3912808
n1_i10,10,1,10,performance,layers.*/self_attn,/model/layers.0/self_attn/Mul_8,Multiply,Multiply,multiply:/model/layers.0/self_attn/Mul_8,multiply:/model/layers.0/self_attn/Mul_8,eltwise,generic_eltwise_ref__f16,290,false,false,1,1,generic_eltwise_ref_7125964068740378811_0_0__sa,gtpin_total_execution_cycles,4742256,cycles,1024,4742256
n1_i10,10,1,10,performance,layers.*/self_attn,/model/layers.0/self_attn/Softmax,Softmax,Softmax,softmax:/model/layers.0/self_attn/Softmax,softmax:/model/layers.0/self_attn/Softmax,softmax,softmax_gpu_bf__f16,302,false,false,1,1,softmax_gpu_bf_18392998524141771378_0_0__sa,gtpin_total_execution_cycles,8633961,cycles,512,8633961
n1_i10,10,1,10,performance,layers.*/self_attn,/model/layers.0/self_attn/Transpose_2,Transpose,Transpose,transpose:/model/layers.0/self_attn/Transpose_2,transpose:/model/layers.0/self_attn/Transpose_2,permute,permute_ref__f16,252,false,false,1,1,permute_ref_653960189515371720_0_0__sa,gtpin_total_execution_cycles,831382,cycles,128,831382
n1_i10,10,1,10,performance,layers.*/self_attn,/model/layers.0/self_attn/Transpose_3,Transpose,Transpose,transpose:/model/layers.0/self_attn/Transpose_3,transpose:/model/layers.0/self_attn/Transpose_3,permute,permute_ref__f16,300,false,false,1,1,permute_ref_17183202574580890641_0_0__sa,gtpin_total_execution_cycles,4888270,cycles,1024,4888270
n1_i10,10,1,10,performance,layers.*/self_attn,/model/layers.0/self_attn/Transpose_4,Gemm,Gemm,gemm:/model/layers.0/self_attn/Transpose_4,gemm:/model/layers.0/self_attn/Transpose_4,gemm,gemm_tiled_opt__f16,305,false,false,1,1,gemm_tiled_opt_12829285813189929928_0_0__sa,gtpin_total_execution_cycles,2120024,cycles,64,2120024
n1_i10,10,1,10,performance,layers.*/self_attn,/model/layers.0/self_attn/Unsqueeze_6_restore_precision_0,Convert,Convert,convert:/model/layers.0/self_attn/Unsqueeze_6_restore_precision_0,convert:/model/layers.0/self_attn/Unsqueeze_6_restore_precision_0,reorder,reorder_data__f32,279,false,false,1,1,reorder_data_13786606319827428276_0_0__sa,gtpin_total_execution_cycles,81984,cycles,32,81984
n1_i10,10,1,10,performance,layers.*/self_attn,/model/layers.0/self_attn/Unsqueeze_7_restore_precision_1,Convert,Convert,convert:/model/layers.0/self_attn/Unsqueeze_7_restore_precision_1,convert:/model/layers.0/self_attn/Unsqueeze_7_restore_precision_1,reorder,reorder_data__f32,278,false,false,1,1,reorder_data_13786606319827428276_0_0__sa,gtpin_total_execution_cycles,78938,cycles,32,78938
n1_i10,10,1,10,performance,layers.*/self_attn,/model/layers.0/self_attn/Where_2,Select,Select,select:/model/layers.0/self_attn/Where_2,select:/model/layers.0/self_attn/Where_2,select,select_gpu_ref__u8,299,false,false,1,1,select_gpu_ref_7464502897564813179_0_0__sa,gtpin_total_execution_cycles,31676,cycles,8,31676
n1_i10,10,1,10,performance,layers.*/self_attn,/model/layers.0/self_attn/Where_3,Select,Select,select:/model/layers.0/self_attn/Where_3,select:/model/layers.0/self_attn/Where_3,select,select_gpu_ref__u8,304,false,false,1,1,select_gpu_ref_5609897181611433017_0_0__sa,gtpin_total_execution_cycles,1711174,cycles,256,1711174
n1_i10,10,1,10,performance,layers.*/self_attn,/model/layers.0/self_attn/k_proj/MatMul,FullyConnected,FullyConnected,fullyconnected:/model/layers.0/self_attn/k_proj/MatMul,fullyconnected:/model/layers.0/self_attn/k_proj/MatMul,fully_connected,fully_connected_gpu_bf_tiled__f16,240,false,false,1,1,fully_connected_gpu_bf_tiled_17963963101609895522_0_0,gtpin_total_execution_cycles,4309970,cycles,8,4309970
n1_i10,10,1,10,performance,layers.*/self_attn,/model/layers.0/self_attn/o_proj/MatMul,FullyConnected,FullyConnected,fullyconnected:/model/layers.0/self_attn/o_proj/MatMul,fullyconnected:/model/layers.0/self_attn/o_proj/MatMul,fully_connected,fully_connected_gpu_bf_tiled__f16,307,false,false,1,1,fully_connected_gpu_bf_tiled_14284117615310227244_0_0,gtpin_total_execution_cycles,31778766,cycles,64,31778766
n1_i10,10,1,10,performance,layers.*/self_attn,/model/layers.0/self_attn/q_proj/MatMul,FullyConnected,FullyConnected,fullyconnected:/model/layers.0/self_attn/q_proj/MatMul,fullyconnected:/model/layers.0/self_attn/q_proj/MatMul,fully_connected,fully_connected_gpu_bf_tiled__f16,239,false,false,1,1,fully_connected_gpu_bf_tiled_5315586391497964380_0_0,gtpin_total_execution_cycles,33713964,cycles,64,33713964
n1_i10,10,1,10,performance,layers.*/self_attn,/model/layers.0/self_attn/v_proj/MatMul,FullyConnected,FullyConnected,fullyconnected:/model/layers.0/self_attn/v_proj/MatMul,fullyconnected:/model/layers.0/self_attn/v_proj/MatMul,fully_connected,fully_connected_gpu_bf_tiled__f16,238,false,false,1,1,fully_connected_gpu_bf_tiled_17963963101609895522_0_0,gtpin_total_execution_cycles,4158532,cycles,8,4158532
n1_i10,10,1,10,performance,layers.*/input_layernorm,/model/layers.1/input_layernorm/Mul,RMS,RMS,rms:/model/layers.1/input_layernorm/Mul,rms:/model/layers.1/input_layernorm/Mul,rms,rms_gpu_bfyx_opt__f16,312,false,false,1,1,rms_gpu_bfyx_opt_10690270683970839748_0_0__sa,gtpin_total_execution_cycles,1811014,cycles,256,1811014
n1_i10,10,1,10,performance,layers.*/mlp,/model/layers.1/mlp/down_proj/MatMul,FullyConnected,FullyConnected,fullyconnected:/model/layers.1/mlp/down_proj/MatMul,fullyconnected:/model/layers.1/mlp/down_proj/MatMul,fully_connected,fully_connected_gpu_bf_tiled__f16,347,false,false,1,1,fully_connected_gpu_bf_tiled_2727911967636154657_0_0,gtpin_total_execution_cycles,76541386,cycles,64,76541386
n1_i10,10,1,10,performance,layers.*/mlp,/model/layers.1/mlp/gate_proj/MatMul,FullyConnected,FullyConnected,fullyconnected:/model/layers.1/mlp/gate_proj/MatMul,fullyconnected:/model/layers.1/mlp/gate_proj/MatMul,fully_connected,fully_connected_gpu_bf_tiled__f16,346,false,false,1,1,fully_connected_gpu_bf_tiled_9957149419786459120_0_0,gtpin_total_execution_cycles,124874054,cycles,176,124874054
n1_i10,10,1,10,performance,layers.*/mlp,/model/layers.1/mlp/up_proj/MatMul,FullyConnected,FullyConnected,fullyconnected:/model/layers.1/mlp/up_proj/MatMul,fullyconnected:/model/layers.1/mlp/up_proj/MatMul,fully_connected,fully_connected_gpu_bf_tiled__f16,345,false,false,1,1,fully_connected_gpu_bf_tiled_2740906288179525049_0_0,gtpin_total_execution_cycles,138384872,cycles,176,138384872
n1_i10,10,1,10,performance,layers.*/post_attention_layernorm,/model/layers.1/post_attention_layernorm/Mul,RMS,RMS,rms:/model/layers.1/post_attention_layernorm/Mul,rms:/model/layers.1/post_attention_layernorm/Mul,rms,rms_gpu_bfyx_opt__f16,344,false,false,1,1,rms_gpu_bfyx_opt_10690270683970839748_0_0__sa,gtpin_total_execution_cycles,6698460,cycles,256,6698460
n1_i10,10,1,10,performance,layers.*/self_attn,/model/layers.1/self_attn/Add,RoPE,RoPE,rope:/model/layers.1/self_attn/Add,rope:/model/layers.1/self_attn/Add,rope,ocl::rope::opt___f16,320,false,false,1,1,rope_opt__13889706310558783765__sa,gtpin_total_execution_cycles,960438,cycles,64,960438
n1_i10,10,1,10,performance,layers.*/self_attn,/model/layers.1/self_attn/Add_1,RoPE,RoPE,rope:/model/layers.1/self_attn/Add_1,rope:/model/layers.1/self_attn/Add_1,rope,ocl::rope::opt___f16,321,false,false,1,1,rope_opt__6960924190377492479__sa,gtpin_total_execution_cycles,72872,cycles,8,72872
n1_i10,10,1,10,performance,layers.*/self_attn,/model/layers.1/self_attn/Expand,Broadcast,Broadcast,broadcast:/model/layers.1/self_attn/Expand,broadcast:/model/layers.1/self_attn/Expand,broadcast,broadcast_gpu_ref__f16,333,false,false,1,1,broadcast_gpu_ref_6456514822857321615_0_0__sa,gtpin_total_execution_cycles,5762826,cycles,1024,5762826
n1_i10,10,1,10,performance,layers.*/self_attn,/model/layers.1/self_attn/Expand_1,Broadcast,Broadcast,broadcast:/model/layers.1/self_attn/Expand_1,broadcast:/model/layers.1/self_attn/Expand_1,broadcast,broadcast_gpu_ref__f16,326,false,false,1,1,broadcast_gpu_ref_6456514822857321615_0_0__sa,gtpin_total_execution_cycles,4306256,cycles,1024,4306256
n1_i10,10,1,10,performance,layers.*/self_attn,/model/layers.1/self_attn/IsNaN,IsNaN,IsNaN,isnan:/model/layers.1/self_attn/IsNaN,isnan:/model/layers.1/self_attn/IsNaN,eltwise,generic_eltwise_ref__f16,339,false,false,1,1,generic_eltwise_ref_1696504087421334661_0_0__sa,gtpin_total_execution_cycles,1321720,cycles,256,1321720
n1_i10,10,1,10,performance,layers.*/self_attn,/model/layers.1/self_attn/MatMul,Gemm,Gemm,gemm:/model/layers.1/self_attn/MatMul,gemm:/model/layers.1/self_attn/MatMul,gemm,gemm_tiled_opt__f16,337,false,false,1,1,gemm_tiled_opt_7238579717421349067_1_0__sa,gtpin_total_execution_cycles,3434216,cycles,32,3434216
n1_i10,10,1,10,performance,layers.*/self_attn,/model/layers.1/self_attn/Mul_8,Multiply,Multiply,multiply:/model/layers.1/self_attn/Mul_8,multiply:/model/layers.1/self_attn/Mul_8,eltwise,generic_eltwise_ref__f16,323,false,false,1,1,generic_eltwise_ref_7125964068740378811_0_0__sa,gtpin_total_execution_cycles,5308040,cycles,1024,5308040
n1_i10,10,1,10,performance,layers.*/self_attn,/model/layers.1/self_attn/Softmax,Softmax,Softmax,softmax:/model/layers.1/self_attn/Softmax,softmax:/model/layers.1/self_attn/Softmax,softmax,softmax_gpu_bf__f16,338,false,false,1,1,softmax_gpu_bf_18392998524141771378_0_0__sa,gtpin_total_execution_cycles,8587379,cycles,512,8587379
n1_i10,10,1,10,performance,layers.*/self_attn,/model/layers.1/self_attn/Transpose_2,Transpose,Transpose,transpose:/model/layers.1/self_attn/Transpose_2,transpose:/model/layers.1/self_attn/Transpose_2,permute,permute_ref__f16,319,false,false,1,1,permute_ref_653960189515371720_0_0__sa,gtpin_total_execution_cycles,602984,cycles,128,602984
n1_i10,10,1,10,performance,layers.*/self_attn,/model/layers.1/self_attn/Transpose_3,Transpose,Transpose,transpose:/model/layers.1/self_attn/Transpose_3,transpose:/model/layers.1/self_attn/Transpose_3,permute,permute_ref__f16,336,false,false,1,1,permute_ref_17183202574580890641_0_0__sa,gtpin_total_execution_cycles,5198386,cycles,1024,5198386
n1_i10,10,1,10,performance,layers.*/self_attn,/model/layers.1/self_attn/Transpose_4,Gemm,Gemm,gemm:/model/layers.1/self_attn/Transpose_4,gemm:/model/layers.1/self_attn/Transpose_4,gemm,gemm_tiled_opt__f16,341,false,false,1,1,gemm_tiled_opt_12829285813189929928_0_0__sa,gtpin_total_execution_cycles,2065254,cycles,64,2065254
n1_i10,10,1,10,performance,layers.*/self_attn,/model/layers.1/self_attn/Where_2,Select,Select,select:/model/layers.1/self_attn/Where_2,select:/model/layers.1/self_attn/Where_2,select,select_gpu_ref__u8,334,false,false,1,1,select_gpu_ref_7464502897564813179_0_0__sa,gtpin_total_execution_cycles,40320,cycles,8,40320
n1_i10,10,1,10,performance,layers.*/self_attn,/model/layers.1/self_attn/Where_3,Select,Select,select:/model/layers.1/self_attn/Where_3,select:/model/layers.1/self_attn/Where_3,select,select_gpu_ref__u8,340,false,false,1,1,select_gpu_ref_5609897181611433017_0_0__sa,gtpin_total_execution_cycles,1407850,cycles,256,1407850
n1_i10,10,1,10,performance,layers.*/self_attn,/model/layers.1/self_attn/k_proj/MatMul,FullyConnected,FullyConnected,fullyconnected:/model/layers.1/self_attn/k_proj/MatMul,fullyconnected:/model/layers.1/self_attn/k_proj/MatMul,fully_connected,fully_connected_gpu_bf_tiled__f16,315,false,false,1,1,fully_connected_gpu_bf_tiled_17963963101609895522_0_0,gtpin_total_execution_cycles,4345492,cycles,8,4345492
n1_i10,10,1,10,performance,layers.*/self_attn,/model/layers.1/self_attn/o_proj/MatMul,FullyConnected,FullyConnected,fullyconnected:/model/layers.1/self_attn/o_proj/MatMul,fullyconnected:/model/layers.1/self_attn/o_proj/MatMul,fully_connected,fully_connected_gpu_bf_tiled__f16,343,false,false,1,1,fully_connected_gpu_bf_tiled_14284117615310227244_0_0,gtpin_total_execution_cycles,32213478,cycles,64,32213478
n1_i10,10,1,10,performance,layers.*/self_attn,/model/layers.1/self_attn/q_proj/MatMul,FullyConnected,FullyConnected,fullyconnected:/model/layers.1/self_attn/q_proj/MatMul,fullyconnected:/model/layers.1/self_attn/q_proj/MatMul,fully_connected,fully_connected_gpu_bf_tiled__f16,314,false,false,1,1,fully_connected_gpu_bf_tiled_5315586391497964380_0_0,gtpin_total_execution_cycles,33886220,cycles,64,33886220
n1_i10,10,1,10,performance,layers.*/self_attn,/model/layers.1/self_attn/v_proj/MatMul,FullyConnected,FullyConnected,fullyconnected:/model/layers.1/self_attn/v_proj/MatMul,fullyconnected:/model/layers.1/self_attn/v_proj/MatMul,fully_connected,fully_connected_gpu_bf_tiled__f16,313,false,false,1,1,fully_connected_gpu_bf_tiled_17963963101609895522_0_0,gtpin_total_execution_cycles,4156050,cycles,8,4156050
n1_i10,10,1,10,performance,layers.*/input_layernorm,/model/layers.10/input_layernorm/Mul,RMS,RMS,rms:/model/layers.10/input_layernorm/Mul,rms:/model/layers.10/input_layernorm/Mul,rms,rms_gpu_bfyx_opt__f16,636,false,false,1,1,rms_gpu_bfyx_opt_10690270683970839748_0_0__sa,gtpin_total_execution_cycles,1647400,cycles,256,1647400
n1_i10,10,1,10,performance,layers.*/mlp,/model/layers.10/mlp/down_proj/MatMul,FullyConnected,FullyConnected,fullyconnected:/model/layers.10/mlp/down_proj/MatMul,fullyconnected:/model/layers.10/mlp/down_proj/MatMul,fully_connected,fully_connected_gpu_bf_tiled__f16,671,false,false,1,1,fully_connected_gpu_bf_tiled_2727911967636154657_0_0,gtpin_total_execution_cycles,78848216,cycles,64,78848216
n1_i10,10,1,10,performance,layers.*/mlp,/model/layers.10/mlp/gate_proj/MatMul,FullyConnected,FullyConnected,fullyconnected:/model/layers.10/mlp/gate_proj/MatMul,fullyconnected:/model/layers.10/mlp/gate_proj/MatMul,fully_connected,fully_connected_gpu_bf_tiled__f16,670,false,false,1,1,fully_connected_gpu_bf_tiled_9957149419786459120_0_0,gtpin_total_execution_cycles,122472090,cycles,176,122472090
n1_i10,10,1,10,performance,layers.*/mlp,/model/layers.10/mlp/up_proj/MatMul,FullyConnected,FullyConnected,fullyconnected:/model/layers.10/mlp/up_proj/MatMul,fullyconnected:/model/layers.10/mlp/up_proj/MatMul,fully_connected,fully_connected_gpu_bf_tiled__f16,669,false,false,1,1,fully_connected_gpu_bf_tiled_2740906288179525049_0_0,gtpin_total_execution_cycles,106093612,cycles,176,106093612
n1_i10,10,1,10,performance,layers.*/post_attention_layernorm,/model/layers.10/post_attention_layernorm/Mul,RMS,RMS,rms:/model/layers.10/post_attention_layernorm/Mul,rms:/model/layers.10/post_attention_layernorm/Mul,rms,rms_gpu_bfyx_opt__f16,668,false,false,1,1,rms_gpu_bfyx_opt_10690270683970839748_0_0__sa,gtpin_total_execution_cycles,1915988,cycles,256,1915988
n1_i10,10,1,10,performance,layers.*/self_attn,/model/layers.10/self_attn/Add,RoPE,RoPE,rope:/model/layers.10/self_attn/Add,rope:/model/layers.10/self_attn/Add,rope,ocl::rope::opt___f16,644,false,false,1,1,rope_opt__13889706310558783765__sa,gtpin_total_execution_cycles,813626,cycles,64,813626
n1_i10,10,1,10,performance,layers.*/self_attn,/model/layers.10/self_attn/Add_1,RoPE,RoPE,rope:/model/layers.10/self_attn/Add_1,rope:/model/layers.10/self_attn/Add_1,rope,ocl::rope::opt___f16,645,false,false,1,1,rope_opt__6960924190377492479__sa,gtpin_total_execution_cycles,63216,cycles,8,63216
n1_i10,10,1,10,performance,layers.*/self_attn,/model/layers.10/self_attn/Expand,Broadcast,Broadcast,broadcast:/model/layers.10/self_attn/Expand,broadcast:/model/layers.10/self_attn/Expand,broadcast,broadcast_gpu_ref__f16,657,false,false,1,1,broadcast_gpu_ref_6456514822857321615_0_0__sa,gtpin_total_execution_cycles,5727764,cycles,1024,5727764
n1_i10,10,1,10,performance,layers.*/self_attn,/model/layers.10/self_attn/Expand_1,Broadcast,Broadcast,broadcast:/model/layers.10/self_attn/Expand_1,broadcast:/model/layers.10/self_attn/Expand_1,broadcast,broadcast_gpu_ref__f16,650,false,false,1,1,broadcast_gpu_ref_6456514822857321615_0_0__sa,gtpin_total_execution_cycles,4141200,cycles,1024,4141200
n1_i10,10,1,10,performance,layers.*/self_attn,/model/layers.10/self_attn/IsNaN,IsNaN,IsNaN,isnan:/model/layers.10/self_attn/IsNaN,isnan:/model/layers.10/self_attn/IsNaN,eltwise,generic_eltwise_ref__f16,663,false,false,1,1,generic_eltwise_ref_1696504087421334661_0_0__sa,gtpin_total_execution_cycles,1212646,cycles,256,1212646
n1_i10,10,1,10,performance,layers.*/self_attn,/model/layers.10/self_attn/MatMul,Gemm,Gemm,gemm:/model/layers.10/self_attn/MatMul,gemm:/model/layers.10/self_attn/MatMul,gemm,gemm_tiled_opt__f16,661,false,false,1,1,gemm_tiled_opt_7238579717421349067_1_0__sa,gtpin_total_execution_cycles,3440874,cycles,32,3440874
n1_i10,10,1,10,performance,layers.*/self_attn,/model/layers.10/self_attn/Mul_8,Multiply,Multiply,multiply:/model/layers.10/self_attn/Mul_8,multiply:/model/layers.10/self_attn/Mul_8,eltwise,generic_eltwise_ref__f16,647,false,false,1,1,generic_eltwise_ref_7125964068740378811_0_0__sa,gtpin_total_execution_cycles,4978938,cycles,1024,4978938
n1_i10,10,1,10,performance,layers.*/self_attn,/model/layers.10/self_attn/Softmax,Softmax,Softmax,softmax:/model/layers.10/self_attn/Softmax,softmax:/model/layers.10/self_attn/Softmax,softmax,softmax_gpu_bf__f16,662,false,false,1,1,softmax_gpu_bf_18392998524141771378_0_0__sa,gtpin_total_execution_cycles,7891951,cycles,512,7891951
n1_i10,10,1,10,performance,layers.*/self_attn,/model/layers.10/self_attn/Transpose_2,Transpose,Transpose,transpose:/model/layers.10/self_attn/Transpose_2,transpose:/model/layers.10/self_attn/Transpose_2,permute,permute_ref__f16,643,false,false,1,1,permute_ref_653960189515371720_0_0__sa,gtpin_total_execution_cycles,552900,cycles,128,552900
n1_i10,10,1,10,performance,layers.*/self_attn,/model/layers.10/self_attn/Transpose_3,Transpose,Transpose,transpose:/model/layers.10/self_attn/Transpose_3,transpose:/model/layers.10/self_attn/Transpose_3,permute,permute_ref__f16,660,false,false,1,1,permute_ref_17183202574580890641_0_0__sa,gtpin_total_execution_cycles,5722450,cycles,1024,5722450
n1_i10,10,1,10,performance,layers.*/self_attn,/model/layers.10/self_attn/Transpose_4,Gemm,Gemm,gemm:/model/layers.10/self_attn/Transpose_4,gemm:/model/layers.10/self_attn/Transpose_4,gemm,gemm_tiled_opt__f16,665,false,false,1,1,gemm_tiled_opt_12829285813189929928_0_0__sa,gtpin_total_execution_cycles,2003004,cycles,64,2003004
n1_i10,10,1,10,performance,layers.*/self_attn,/model/layers.10/self_attn/Where_2,Select,Select,select:/model/layers.10/self_attn/Where_2,select:/model/layers.10/self_attn/Where_2,select,select_gpu_ref__u8,658,false,false,1,1,select_gpu_ref_7464502897564813179_0_0__sa,gtpin_total_execution_cycles,39620,cycles,8,39620
n1_i10,10,1,10,performance,layers.*/self_attn,/model/layers.10/self_attn/Where_3,Select,Select,select:/model/layers.10/self_attn/Where_3,select:/model/layers.10/self_attn/Where_3,select,select_gpu_ref__u8,664,false,false,1,1,select_gpu_ref_5609897181611433017_0_0__sa,gtpin_total_execution_cycles,1435816,cycles,256,1435816
n1_i10,10,1,10,performance,layers.*/self_attn,/model/layers.10/self_attn/k_proj/MatMul,FullyConnected,FullyConnected,fullyconnected:/model/layers.10/self_attn/k_proj/MatMul,fullyconnected:/model/layers.10/self_attn/k_proj/MatMul,fully_connected,fully_connected_gpu_bf_tiled__f16,639,false,false,1,1,fully_connected_gpu_bf_tiled_17963963101609895522_0_0,gtpin_total_execution_cycles,3774798,cycles,8,3774798
n1_i10,10,1,10,performance,layers.*/self_attn,/model/layers.10/self_attn/o_proj/MatMul,FullyConnected,FullyConnected,fullyconnected:/model/layers.10/self_attn/o_proj/MatMul,fullyconnected:/model/layers.10/self_attn/o_proj/MatMul,fully_connected,fully_connected_gpu_bf_tiled__f16,667,false,false,1,1,fully_connected_gpu_bf_tiled_14284117615310227244_0_0,gtpin_total_execution_cycles,28406670,cycles,64,28406670
n1_i10,10,1,10,performance,layers.*/self_attn,/model/layers.10/self_attn/q_proj/MatMul,FullyConnected,FullyConnected,fullyconnected:/model/layers.10/self_attn/q_proj/MatMul,fullyconnected:/model/layers.10/self_attn/q_proj/MatMul,fully_connected,fully_connected_gpu_bf_tiled__f16,638,false,false,1,1,fully_connected_gpu_bf_tiled_5315586391497964380_0_0,gtpin_total_execution_cycles,29247434,cycles,64,29247434
n1_i10,10,1,10,performance,layers.*/self_attn,/model/layers.10/self_attn/v_proj/MatMul,FullyConnected,FullyConnected,fullyconnected:/model/layers.10/self_attn/v_proj/MatMul,fullyconnected:/model/layers.10/self_attn/v_proj/MatMul,fully_connected,fully_connected_gpu_bf_tiled__f16,637,false,false,1,1,fully_connected_gpu_bf_tiled_17963963101609895522_0_0,gtpin_total_execution_cycles,3569534,cycles,8,3569534
n1_i10,10,1,10,performance,layers.*/input_layernorm,/model/layers.11/input_layernorm/Mul,RMS,RMS,rms:/model/layers.11/input_layernorm/Mul,rms:/model/layers.11/input_layernorm/Mul,rms,rms_gpu_bfyx_opt__f16,672,false,false,1,1,rms_gpu_bfyx_opt_10690270683970839748_0_0__sa,gtpin_total_execution_cycles,1975198,cycles,256,1975198
n1_i10,10,1,10,performance,layers.*/mlp,/model/layers.11/mlp/down_proj/MatMul,FullyConnected,FullyConnected,fullyconnected:/model/layers.11/mlp/down_proj/MatMul,fullyconnected:/model/layers.11/mlp/down_proj/MatMul,fully_connected,fully_connected_gpu_bf_tiled__f16,707,false,false,1,1,fully_connected_gpu_bf_tiled_2727911967636154657_0_0,gtpin_total_execution_cycles,74877466,cycles,64,74877466
n1_i10,10,1,10,performance,layers.*/mlp,/model/layers.11/mlp/gate_proj/MatMul,FullyConnected,FullyConnected,fullyconnected:/model/layers.11/mlp/gate_proj/MatMul,fullyconnected:/model/layers.11/mlp/gate_proj/MatMul,fully_connected,fully_connected_gpu_bf_tiled__f16,706,false,false,1,1,fully_connected_gpu_bf_tiled_9957149419786459120_0_0,gtpin_total_execution_cycles,113979552,cycles,176,113979552
n1_i10,10,1,10,performance,layers.*/mlp,/model/layers.11/mlp/up_proj/MatMul,FullyConnected,FullyConnected,fullyconnected:/model/layers.11/mlp/up_proj/MatMul,fullyconnected:/model/layers.11/mlp/up_proj/MatMul,fully_connected,fully_connected_gpu_bf_tiled__f16,705,false,false,1,1,fully_connected_gpu_bf_tiled_2740906288179525049_0_0,gtpin_total_execution_cycles,98319390,cycles,176,98319390
n1_i10,10,1,10,performance,layers.*/post_attention_layernorm,/model/layers.11/post_attention_layernorm/Mul,RMS,RMS,rms:/model/layers.11/post_attention_layernorm/Mul,rms:/model/layers.11/post_attention_layernorm/Mul,rms,rms_gpu_bfyx_opt__f16,704,false,false,1,1,rms_gpu_bfyx_opt_10690270683970839748_0_0__sa,gtpin_total_execution_cycles,1976302,cycles,256,1976302
n1_i10,10,1,10,performance,layers.*/self_attn,/model/layers.11/self_attn/Add,RoPE,RoPE,rope:/model/layers.11/self_attn/Add,rope:/model/layers.11/self_attn/Add,rope,ocl::rope::opt___f16,680,false,false,1,1,rope_opt__13889706310558783765__sa,gtpin_total_execution_cycles,825386,cycles,64,825386
n1_i10,10,1,10,performance,layers.*/self_attn,/model/layers.11/self_attn/Add_1,RoPE,RoPE,rope:/model/layers.11/self_attn/Add_1,rope:/model/layers.11/self_attn/Add_1,rope,ocl::rope::opt___f16,681,false,false,1,1,rope_opt__6960924190377492479__sa,gtpin_total_execution_cycles,69308,cycles,8,69308
n1_i10,10,1,10,performance,layers.*/self_attn,/model/layers.11/self_attn/Expand,Broadcast,Broadcast,broadcast:/model/layers.11/self_attn/Expand,broadcast:/model/layers.11/self_attn/Expand,broadcast,broadcast_gpu_ref__f16,693,false,false,1,1,broadcast_gpu_ref_6456514822857321615_0_0__sa,gtpin_total_execution_cycles,3659892,cycles,1024,3659892
n1_i10,10,1,10,performance,layers.*/self_attn,/model/layers.11/self_attn/Expand_1,Broadcast,Broadcast,broadcast:/model/layers.11/self_attn/Expand_1,broadcast:/model/layers.11/self_attn/Expand_1,broadcast,broadcast_gpu_ref__f16,686,false,false,1,1,broadcast_gpu_ref_6456514822857321615_0_0__sa,gtpin_total_execution_cycles,4563340,cycles,1024,4563340
n1_i10,10,1,10,performance,layers.*/self_attn,/model/layers.11/self_attn/IsNaN,IsNaN,IsNaN,isnan:/model/layers.11/self_attn/IsNaN,isnan:/model/layers.11/self_attn/IsNaN,eltwise,generic_eltwise_ref__f16,699,false,false,1,1,generic_eltwise_ref_1696504087421334661_0_0__sa,gtpin_total_execution_cycles,1072038,cycles,256,1072038
n1_i10,10,1,10,performance,layers.*/self_attn,/model/layers.11/self_attn/MatMul,Gemm,Gemm,gemm:/model/layers.11/self_attn/MatMul,gemm:/model/layers.11/self_attn/MatMul,gemm,gemm_tiled_opt__f16,697,false,false,1,1,gemm_tiled_opt_7238579717421349067_1_0__sa,gtpin_total_execution_cycles,3485994,cycles,32,3485994
n1_i10,10,1,10,performance,layers.*/self_attn,/model/layers.11/self_attn/Mul_8,Multiply,Multiply,multiply:/model/layers.11/self_attn/Mul_8,multiply:/model/layers.11/self_attn/Mul_8,eltwise,generic_eltwise_ref__f16,683,false,false,1,1,generic_eltwise_ref_7125964068740378811_0_0__sa,gtpin_total_execution_cycles,5083188,cycles,1024,5083188
n1_i10,10,1,10,performance,layers.*/self_attn,/model/layers.11/self_attn/Softmax,Softmax,Softmax,softmax:/model/layers.11/self_attn/Softmax,softmax:/model/layers.11/self_attn/Softmax,softmax,softmax_gpu_bf__f16,698,false,false,1,1,softmax_gpu_bf_18392998524141771378_0_0__sa,gtpin_total_execution_cycles,8020297,cycles,512,8020297
n1_i10,10,1,10,performance,layers.*/self_attn,/model/layers.11/self_attn/Transpose_2,Transpose,Transpose,transpose:/model/layers.11/self_attn/Transpose_2,transpose:/model/layers.11/self_attn/Transpose_2,permute,permute_ref__f16,679,false,false,1,1,permute_ref_653960189515371720_0_0__sa,gtpin_total_execution_cycles,468000,cycles,128,468000
n1_i10,10,1,10,performance,layers.*/self_attn,/model/layers.11/self_attn/Transpose_3,Transpose,Transpose,transpose:/model/layers.11/self_attn/Transpose_3,transpose:/model/layers.11/self_attn/Transpose_3,permute,permute_ref__f16,696,false,false,1,1,permute_ref_17183202574580890641_0_0__sa,gtpin_total_execution_cycles,5907262,cycles,1024,5907262
n1_i10,10,1,10,performance,layers.*/self_attn,/model/layers.11/self_attn/Transpose_4,Gemm,Gemm,gemm:/model/layers.11/self_attn/Transpose_4,gemm:/model/layers.11/self_attn/Transpose_4,gemm,gemm_tiled_opt__f16,701,false,false,1,1,gemm_tiled_opt_12829285813189929928_0_0__sa,gtpin_total_execution_cycles,2191274,cycles,64,2191274
n1_i10,10,1,10,performance,layers.*/self_attn,/model/layers.11/self_attn/Where_2,Select,Select,select:/model/layers.11/self_attn/Where_2,select:/model/layers.11/self_attn/Where_2,select,select_gpu_ref__u8,694,false,false,1,1,select_gpu_ref_7464502897564813179_0_0__sa,gtpin_total_execution_cycles,38920,cycles,8,38920
n1_i10,10,1,10,performance,layers.*/self_attn,/model/layers.11/self_attn/Where_3,Select,Select,select:/model/layers.11/self_attn/Where_3,select:/model/layers.11/self_attn/Where_3,select,select_gpu_ref__u8,700,false,false,1,1,select_gpu_ref_5609897181611433017_0_0__sa,gtpin_total_execution_cycles,1457974,cycles,256,1457974
n1_i10,10,1,10,performance,layers.*/self_attn,/model/layers.11/self_attn/k_proj/MatMul,FullyConnected,FullyConnected,fullyconnected:/model/layers.11/self_attn/k_proj/MatMul,fullyconnected:/model/layers.11/self_attn/k_proj/MatMul,fully_connected,fully_connected_gpu_bf_tiled__f16,675,false,false,1,1,fully_connected_gpu_bf_tiled_17963963101609895522_0_0,gtpin_total_execution_cycles,3766332,cycles,8,3766332
n1_i10,10,1,10,performance,layers.*/self_attn,/model/layers.11/self_attn/o_proj/MatMul,FullyConnected,FullyConnected,fullyconnected:/model/layers.11/self_attn/o_proj/MatMul,fullyconnected:/model/layers.11/self_attn/o_proj/MatMul,fully_connected,fully_connected_gpu_bf_tiled__f16,703,false,false,1,1,fully_connected_gpu_bf_tiled_14284117615310227244_0_0,gtpin_total_execution_cycles,28193260,cycles,64,28193260
n1_i10,10,1,10,performance,layers.*/self_attn,/model/layers.11/self_attn/q_proj/MatMul,FullyConnected,FullyConnected,fullyconnected:/model/layers.11/self_attn/q_proj/MatMul,fullyconnected:/model/layers.11/self_attn/q_proj/MatMul,fully_connected,fully_connected_gpu_bf_tiled__f16,674,false,false,1,1,fully_connected_gpu_bf_tiled_5315586391497964380_0_0,gtpin_total_execution_cycles,29222138,cycles,64,29222138
n1_i10,10,1,10,performance,layers.*/self_attn,/model/layers.11/self_attn/v_proj/MatMul,FullyConnected,FullyConnected,fullyconnected:/model/layers.11/self_attn/v_proj/MatMul,fullyconnected:/model/layers.11/self_attn/v_proj/MatMul,fully_connected,fully_connected_gpu_bf_tiled__f16,673,false,false,1,1,fully_connected_gpu_bf_tiled_17963963101609895522_0_0,gtpin_total_execution_cycles,3545986,cycles,8,3545986
n1_i10,10,1,10,performance,layers.*/input_layernorm,/model/layers.12/input_layernorm/Mul,RMS,RMS,rms:/model/layers.12/input_layernorm/Mul,rms:/model/layers.12/input_layernorm/Mul,rms,rms_gpu_bfyx_opt__f16,708,false,false,1,1,rms_gpu_bfyx_opt_10690270683970839748_0_0__sa,gtpin_total_execution_cycles,1671402,cycles,256,1671402
n1_i10,10,1,10,performance,layers.*/mlp,/model/layers.12/mlp/down_proj/MatMul,FullyConnected,FullyConnected,fullyconnected:/model/layers.12/mlp/down_proj/MatMul,fullyconnected:/model/layers.12/mlp/down_proj/MatMul,fully_connected,fully_connected_gpu_bf_tiled__f16,743,false,false,1,1,fully_connected_gpu_bf_tiled_2727911967636154657_0_0,gtpin_total_execution_cycles,74070178,cycles,64,74070178
n1_i10,10,1,10,performance,layers.*/mlp,/model/layers.12/mlp/gate_proj/MatMul,FullyConnected,FullyConnected,fullyconnected:/model/layers.12/mlp/gate_proj/MatMul,fullyconnected:/model/layers.12/mlp/gate_proj/MatMul,fully_connected,fully_connected_gpu_bf_tiled__f16,742,false,false,1,1,fully_connected_gpu_bf_tiled_9957149419786459120_0_0,gtpin_total_execution_cycles,109188956,cycles,176,109188956
n1_i10,10,1,10,performance,layers.*/mlp,/model/layers.12/mlp/up_proj/MatMul,FullyConnected,FullyConnected,fullyconnected:/model/layers.12/mlp/up_proj/MatMul,fullyconnected:/model/layers.12/mlp/up_proj/MatMul,fully_connected,fully_connected_gpu_bf_tiled__f16,741,false,false,1,1,fully_connected_gpu_bf_tiled_2740906288179525049_0_0,gtpin_total_execution_cycles,96983148,cycles,176,96983148
n1_i10,10,1,10,performance,layers.*/post_attention_layernorm,/model/layers.12/post_attention_layernorm/Mul,RMS,RMS,rms:/model/layers.12/post_attention_layernorm/Mul,rms:/model/layers.12/post_attention_layernorm/Mul,rms,rms_gpu_bfyx_opt__f16,740,false,false,1,1,rms_gpu_bfyx_opt_10690270683970839748_0_0__sa,gtpin_total_execution_cycles,2088628,cycles,256,2088628
n1_i10,10,1,10,performance,layers.*/self_attn,/model/layers.12/self_attn/Add,RoPE,RoPE,rope:/model/layers.12/self_attn/Add,rope:/model/layers.12/self_attn/Add,rope,ocl::rope::opt___f16,716,false,false,1,1,rope_opt__13889706310558783765__sa,gtpin_total_execution_cycles,856416,cycles,64,856416
n1_i10,10,1,10,performance,layers.*/self_attn,/model/layers.12/self_attn/Add_1,RoPE,RoPE,rope:/model/layers.12/self_attn/Add_1,rope:/model/layers.12/self_attn/Add_1,rope,ocl::rope::opt___f16,717,false,false,1,1,rope_opt__6960924190377492479__sa,gtpin_total_execution_cycles,58536,cycles,8,58536
n1_i10,10,1,10,performance,layers.*/self_attn,/model/layers.12/self_attn/Expand,Broadcast,Broadcast,broadcast:/model/layers.12/self_attn/Expand,broadcast:/model/layers.12/self_attn/Expand,broadcast,broadcast_gpu_ref__f16,729,false,false,1,1,broadcast_gpu_ref_6456514822857321615_0_0__sa,gtpin_total_execution_cycles,3832414,cycles,1024,3832414
n1_i10,10,1,10,performance,layers.*/self_attn,/model/layers.12/self_attn/Expand_1,Broadcast,Broadcast,broadcast:/model/layers.12/self_attn/Expand_1,broadcast:/model/layers.12/self_attn/Expand_1,broadcast,broadcast_gpu_ref__f16,722,false,false,1,1,broadcast_gpu_ref_6456514822857321615_0_0__sa,gtpin_total_execution_cycles,3773528,cycles,1024,3773528
n1_i10,10,1,10,performance,layers.*/self_attn,/model/layers.12/self_attn/IsNaN,IsNaN,IsNaN,isnan:/model/layers.12/self_attn/IsNaN,isnan:/model/layers.12/self_attn/IsNaN,eltwise,generic_eltwise_ref__f16,735,false,false,1,1,generic_eltwise_ref_1696504087421334661_0_0__sa,gtpin_total_execution_cycles,1221522,cycles,256,1221522
n1_i10,10,1,10,performance,layers.*/self_attn,/model/layers.12/self_attn/MatMul,Gemm,Gemm,gemm:/model/layers.12/self_attn/MatMul,gemm:/model/layers.12/self_attn/MatMul,gemm,gemm_tiled_opt__f16,733,false,false,1,1,gemm_tiled_opt_7238579717421349067_1_0__sa,gtpin_total_execution_cycles,3736010,cycles,32,3736010
n1_i10,10,1,10,performance,layers.*/self_attn,/model/layers.12/self_attn/Mul_8,Multiply,Multiply,multiply:/model/layers.12/self_attn/Mul_8,multiply:/model/layers.12/self_attn/Mul_8,eltwise,generic_eltwise_ref__f16,719,false,false,1,1,generic_eltwise_ref_7125964068740378811_0_0__sa,gtpin_total_execution_cycles,7103532,cycles,1024,7103532
n1_i10,10,1,10,performance,layers.*/self_attn,/model/layers.12/self_attn/Softmax,Softmax,Softmax,softmax:/model/layers.12/self_attn/Softmax,softmax:/model/layers.12/self_attn/Softmax,softmax,softmax_gpu_bf__f16,734,false,false,1,1,softmax_gpu_bf_18392998524141771378_0_0__sa,gtpin_total_execution_cycles,8483219,cycles,512,8483219
n1_i10,10,1,10,performance,layers.*/self_attn,/model/layers.12/self_attn/Transpose_2,Transpose,Transpose,transpose:/model/layers.12/self_attn/Transpose_2,transpose:/model/layers.12/self_attn/Transpose_2,permute,permute_ref__f16,715,false,false,1,1,permute_ref_653960189515371720_0_0__sa,gtpin_total_execution_cycles,549690,cycles,128,549690
n1_i10,10,1,10,performance,layers.*/self_attn,/model/layers.12/self_attn/Transpose_3,Transpose,Transpose,transpose:/model/layers.12/self_attn/Transpose_3,transpose:/model/layers.12/self_attn/Transpose_3,permute,permute_ref__f16,732,false,false,1,1,permute_ref_17183202574580890641_0_0__sa,gtpin_total_execution_cycles,5476624,cycles,1024,5476624
n1_i10,10,1,10,performance,layers.*/self_attn,/model/layers.12/self_attn/Transpose_4,Gemm,Gemm,gemm:/model/layers.12/self_attn/Transpose_4,gemm:/model/layers.12/self_attn/Transpose_4,gemm,gemm_tiled_opt__f16,737,false,false,1,1,gemm_tiled_opt_12829285813189929928_0_0__sa,gtpin_total_execution_cycles,1970516,cycles,64,1970516
n1_i10,10,1,10,performance,layers.*/self_attn,/model/layers.12/self_attn/Where_2,Select,Select,select:/model/layers.12/self_attn/Where_2,select:/model/layers.12/self_attn/Where_2,select,select_gpu_ref__u8,730,false,false,1,1,select_gpu_ref_7464502897564813179_0_0__sa,gtpin_total_execution_cycles,39480,cycles,8,39480
n1_i10,10,1,10,performance,layers.*/self_attn,/model/layers.12/self_attn/Where_3,Select,Select,select:/model/layers.12/self_attn/Where_3,select:/model/layers.12/self_attn/Where_3,select,select_gpu_ref__u8,736,false,false,1,1,select_gpu_ref_5609897181611433017_0_0__sa,gtpin_total_execution_cycles,1609882,cycles,256,1609882
n1_i10,10,1,10,performance,layers.*/self_attn,/model/layers.12/self_attn/k_proj/MatMul,FullyConnected,FullyConnected,fullyconnected:/model/layers.12/self_attn/k_proj/MatMul,fullyconnected:/model/layers.12/self_attn/k_proj/MatMul,fully_connected,fully_connected_gpu_bf_tiled__f16,711,false,false,1,1,fully_connected_gpu_bf_tiled_17963963101609895522_0_0,gtpin_total_execution_cycles,3679772,cycles,8,3679772
n1_i10,10,1,10,performance,layers.*/self_attn,/model/layers.12/self_attn/o_proj/MatMul,FullyConnected,FullyConnected,fullyconnected:/model/layers.12/self_attn/o_proj/MatMul,fullyconnected:/model/layers.12/self_attn/o_proj/MatMul,fully_connected,fully_connected_gpu_bf_tiled__f16,739,false,false,1,1,fully_connected_gpu_bf_tiled_14284117615310227244_0_0,gtpin_total_execution_cycles,28172172,cycles,64,28172172
n1_i10,10,1,10,performance,layers.*/self_attn,/model/layers.12/self_attn/q_proj/MatMul,FullyConnected,FullyConnected,fullyconnected:/model/layers.12/self_attn/q_proj/MatMul,fullyconnected:/model/layers.12/self_attn/q_proj/MatMul,fully_connected,fully_connected_gpu_bf_tiled__f16,710,false,false,1,1,fully_connected_gpu_bf_tiled_5315586391497964380_0_0,gtpin_total_execution_cycles,28479600,cycles,64,28479600
n1_i10,10,1,10,performance,layers.*/self_attn,/model/layers.12/self_attn/v_proj/MatMul,FullyConnected,FullyConnected,fullyconnected:/model/layers.12/self_attn/v_proj/MatMul,fullyconnected:/model/layers.12/self_attn/v_proj/MatMul,fully_connected,fully_connected_gpu_bf_tiled__f16,709,false,false,1,1,fully_connected_gpu_bf_tiled_17963963101609895522_0_0,gtpin_total_execution_cycles,3478100,cycles,8,3478100
n1_i10,10,1,10,performance,layers.*/input_layernorm,/model/layers.13/input_layernorm/Mul,RMS,RMS,rms:/model/layers.13/input_layernorm/Mul,rms:/model/layers.13/input_layernorm/Mul,rms,rms_gpu_bfyx_opt__f16,744,false,false,1,1,rms_gpu_bfyx_opt_10690270683970839748_0_0__sa,gtpin_total_execution_cycles,1851804,cycles,256,1851804
n1_i10,10,1,10,performance,layers.*/mlp,/model/layers.13/mlp/down_proj/MatMul,FullyConnected,FullyConnected,fullyconnected:/model/layers.13/mlp/down_proj/MatMul,fullyconnected:/model/layers.13/mlp/down_proj/MatMul,fully_connected,fully_connected_gpu_bf_tiled__f16,779,false,false,1,1,fully_connected_gpu_bf_tiled_2727911967636154657_0_0,gtpin_total_execution_cycles,88585762,cycles,64,88585762
n1_i10,10,1,10,performance,layers.*/mlp,/model/layers.13/mlp/gate_proj/MatMul,FullyConnected,FullyConnected,fullyconnected:/model/layers.13/mlp/gate_proj/MatMul,fullyconnected:/model/layers.13/mlp/gate_proj/MatMul,fully_connected,fully_connected_gpu_bf_tiled__f16,778,false,false,1,1,fully_connected_gpu_bf_tiled_9957149419786459120_0_0,gtpin_total_execution_cycles,134751304,cycles,176,134751304
n1_i10,10,1,10,performance,layers.*/mlp,/model/layers.13/mlp/up_proj/MatMul,FullyConnected,FullyConnected,fullyconnected:/model/layers.13/mlp/up_proj/MatMul,fullyconnected:/model/layers.13/mlp/up_proj/MatMul,fully_connected,fully_connected_gpu_bf_tiled__f16,777,false,false,1,1,fully_connected_gpu_bf_tiled_2740906288179525049_0_0,gtpin_total_execution_cycles,98172332,cycles,176,98172332
n1_i10,10,1,10,performance,layers.*/post_attention_layernorm,/model/layers.13/post_attention_layernorm/Mul,RMS,RMS,rms:/model/layers.13/post_attention_layernorm/Mul,rms:/model/layers.13/post_attention_layernorm/Mul,rms,rms_gpu_bfyx_opt__f16,776,false,false,1,1,rms_gpu_bfyx_opt_10690270683970839748_0_0__sa,gtpin_total_execution_cycles,1988328,cycles,256,1988328
n1_i10,10,1,10,performance,layers.*/self_attn,/model/layers.13/self_attn/Add,RoPE,RoPE,rope:/model/layers.13/self_attn/Add,rope:/model/layers.13/self_attn/Add,rope,ocl::rope::opt___f16,752,false,false,1,1,rope_opt__13889706310558783765__sa,gtpin_total_execution_cycles,876244,cycles,64,876244
n1_i10,10,1,10,performance,layers.*/self_attn,/model/layers.13/self_attn/Add_1,RoPE,RoPE,rope:/model/layers.13/self_attn/Add_1,rope:/model/layers.13/self_attn/Add_1,rope,ocl::rope::opt___f16,753,false,false,1,1,rope_opt__6960924190377492479__sa,gtpin_total_execution_cycles,67028,cycles,8,67028
n1_i10,10,1,10,performance,layers.*/self_attn,/model/layers.13/self_attn/Expand,Broadcast,Broadcast,broadcast:/model/layers.13/self_attn/Expand,broadcast:/model/layers.13/self_attn/Expand,broadcast,broadcast_gpu_ref__f16,765,false,false,1,1,broadcast_gpu_ref_6456514822857321615_0_0__sa,gtpin_total_execution_cycles,5626084,cycles,1024,5626084
n1_i10,10,1,10,performance,layers.*/self_attn,/model/layers.13/self_attn/Expand_1,Broadcast,Broadcast,broadcast:/model/layers.13/self_attn/Expand_1,broadcast:/model/layers.13/self_attn/Expand_1,broadcast,broadcast_gpu_ref__f16,758,false,false,1,1,broadcast_gpu_ref_6456514822857321615_0_0__sa,gtpin_total_execution_cycles,4251314,cycles,1024,4251314
n1_i10,10,1,10,performance,layers.*/self_attn,/model/layers.13/self_attn/IsNaN,IsNaN,IsNaN,isnan:/model/layers.13/self_attn/IsNaN,isnan:/model/layers.13/self_attn/IsNaN,eltwise,generic_eltwise_ref__f16,771,false,false,1,1,generic_eltwise_ref_1696504087421334661_0_0__sa,gtpin_total_execution_cycles,1221302,cycles,256,1221302
n1_i10,10,1,10,performance,layers.*/self_attn,/model/layers.13/self_attn/MatMul,Gemm,Gemm,gemm:/model/layers.13/self_attn/MatMul,gemm:/model/layers.13/self_attn/MatMul,gemm,gemm_tiled_opt__f16,769,false,false,1,1,gemm_tiled_opt_7238579717421349067_1_0__sa,gtpin_total_execution_cycles,3430774,cycles,32,3430774
n1_i10,10,1,10,performance,layers.*/self_attn,/model/layers.13/self_attn/Mul_8,Multiply,Multiply,multiply:/model/layers.13/self_attn/Mul_8,multiply:/model/layers.13/self_attn/Mul_8,eltwise,generic_eltwise_ref__f16,755,false,false,1,1,generic_eltwise_ref_7125964068740378811_0_0__sa,gtpin_total_execution_cycles,5072604,cycles,1024,5072604
n1_i10,10,1,10,performance,layers.*/self_attn,/model/layers.13/self_attn/Softmax,Softmax,Softmax,softmax:/model/layers.13/self_attn/Softmax,softmax:/model/layers.13/self_attn/Softmax,softmax,softmax_gpu_bf__f16,770,false,false,1,1,softmax_gpu_bf_18392998524141771378_0_0__sa,gtpin_total_execution_cycles,7961036,cycles,512,7961036
n1_i10,10,1,10,performance,layers.*/self_attn,/model/layers.13/self_attn/Transpose_2,Transpose,Transpose,transpose:/model/layers.13/self_attn/Transpose_2,transpose:/model/layers.13/self_attn/Transpose_2,permute,permute_ref__f16,751,false,false,1,1,permute_ref_653960189515371720_0_0__sa,gtpin_total_execution_cycles,533914,cycles,128,533914
n1_i10,10,1,10,performance,layers.*/self_attn,/model/layers.13/self_attn/Transpose_3,Transpose,Transpose,transpose:/model/layers.13/self_attn/Transpose_3,transpose:/model/layers.13/self_attn/Transpose_3,permute,permute_ref__f16,768,false,false,1,1,permute_ref_17183202574580890641_0_0__sa,gtpin_total_execution_cycles,5515736,cycles,1024,5515736
n1_i10,10,1,10,performance,layers.*/self_attn,/model/layers.13/self_attn/Transpose_4,Gemm,Gemm,gemm:/model/layers.13/self_attn/Transpose_4,gemm:/model/layers.13/self_attn/Transpose_4,gemm,gemm_tiled_opt__f16,773,false,false,1,1,gemm_tiled_opt_12829285813189929928_0_0__sa,gtpin_total_execution_cycles,1979282,cycles,64,1979282
n1_i10,10,1,10,performance,layers.*/self_attn,/model/layers.13/self_attn/Where_2,Select,Select,select:/model/layers.13/self_attn/Where_2,select:/model/layers.13/self_attn/Where_2,select,select_gpu_ref__u8,766,false,false,1,1,select_gpu_ref_7464502897564813179_0_0__sa,gtpin_total_execution_cycles,47960,cycles,8,47960
n1_i10,10,1,10,performance,layers.*/self_attn,/model/layers.13/self_attn/Where_3,Select,Select,select:/model/layers.13/self_attn/Where_3,select:/model/layers.13/self_attn/Where_3,select,select_gpu_ref__u8,772,false,false,1,1,select_gpu_ref_5609897181611433017_0_0__sa,gtpin_total_execution_cycles,1363370,cycles,256,1363370
n1_i10,10,1,10,performance,layers.*/self_attn,/model/layers.13/self_attn/k_proj/MatMul,FullyConnected,FullyConnected,fullyconnected:/model/layers.13/self_attn/k_proj/MatMul,fullyconnected:/model/layers.13/self_attn/k_proj/MatMul,fully_connected,fully_connected_gpu_bf_tiled__f16,747,false,false,1,1,fully_connected_gpu_bf_tiled_17963963101609895522_0_0,gtpin_total_execution_cycles,3669818,cycles,8,3669818
n1_i10,10,1,10,performance,layers.*/self_attn,/model/layers.13/self_attn/o_proj/MatMul,FullyConnected,FullyConnected,fullyconnected:/model/layers.13/self_attn/o_proj/MatMul,fullyconnected:/model/layers.13/self_attn/o_proj/MatMul,fully_connected,fully_connected_gpu_bf_tiled__f16,775,false,false,1,1,fully_connected_gpu_bf_tiled_14284117615310227244_0_0,gtpin_total_execution_cycles,28103562,cycles,64,28103562
n1_i10,10,1,10,performance,layers.*/self_attn,/model/layers.13/self_attn/q_proj/MatMul,FullyConnected,FullyConnected,fullyconnected:/model/layers.13/self_attn/q_proj/MatMul,fullyconnected:/model/layers.13/self_attn/q_proj/MatMul,fully_connected,fully_connected_gpu_bf_tiled__f16,746,false,false,1,1,fully_connected_gpu_bf_tiled_5315586391497964380_0_0,gtpin_total_execution_cycles,28425800,cycles,64,28425800
n1_i10,10,1,10,performance,layers.*/self_attn,/model/layers.13/self_attn/v_proj/MatMul,FullyConnected,FullyConnected,fullyconnected:/model/layers.13/self_attn/v_proj/MatMul,fullyconnected:/model/layers.13/self_attn/v_proj/MatMul,fully_connected,fully_connected_gpu_bf_tiled__f16,745,false,false,1,1,fully_connected_gpu_bf_tiled_17963963101609895522_0_0,gtpin_total_execution_cycles,3470424,cycles,8,3470424
n1_i10,10,1,10,performance,layers.*/input_layernorm,/model/layers.14/input_layernorm/Mul,RMS,RMS,rms:/model/layers.14/input_layernorm/Mul,rms:/model/layers.14/input_layernorm/Mul,rms,rms_gpu_bfyx_opt__f16,780,false,false,1,1,rms_gpu_bfyx_opt_10690270683970839748_0_0__sa,gtpin_total_execution_cycles,1881698,cycles,256,1881698
n1_i10,10,1,10,performance,layers.*/mlp,/model/layers.14/mlp/down_proj/MatMul,FullyConnected,FullyConnected,fullyconnected:/model/layers.14/mlp/down_proj/MatMul,fullyconnected:/model/layers.14/mlp/down_proj/MatMul,fully_connected,fully_connected_gpu_bf_tiled__f16,815,false,false,1,1,fully_connected_gpu_bf_tiled_2727911967636154657_0_0,gtpin_total_execution_cycles,75561744,cycles,64,75561744
n1_i10,10,1,10,performance,layers.*/mlp,/model/layers.14/mlp/gate_proj/MatMul,FullyConnected,FullyConnected,fullyconnected:/model/layers.14/mlp/gate_proj/MatMul,fullyconnected:/model/layers.14/mlp/gate_proj/MatMul,fully_connected,fully_connected_gpu_bf_tiled__f16,814,false,false,1,1,fully_connected_gpu_bf_tiled_9957149419786459120_0_0,gtpin_total_execution_cycles,110550912,cycles,176,110550912
n1_i10,10,1,10,performance,layers.*/mlp,/model/layers.14/mlp/up_proj/MatMul,FullyConnected,FullyConnected,fullyconnected:/model/layers.14/mlp/up_proj/MatMul,fullyconnected:/model/layers.14/mlp/up_proj/MatMul,fully_connected,fully_connected_gpu_bf_tiled__f16,813,false,false,1,1,fully_connected_gpu_bf_tiled_2740906288179525049_0_0,gtpin_total_execution_cycles,99531178,cycles,176,99531178
n1_i10,10,1,10,performance,layers.*/post_attention_layernorm,/model/layers.14/post_attention_layernorm/Mul,RMS,RMS,rms:/model/layers.14/post_attention_layernorm/Mul,rms:/model/layers.14/post_attention_layernorm/Mul,rms,rms_gpu_bfyx_opt__f16,812,false,false,1,1,rms_gpu_bfyx_opt_10690270683970839748_0_0__sa,gtpin_total_execution_cycles,1910516,cycles,256,1910516
n1_i10,10,1,10,performance,layers.*/self_attn,/model/layers.14/self_attn/Add,RoPE,RoPE,rope:/model/layers.14/self_attn/Add,rope:/model/layers.14/self_attn/Add,rope,ocl::rope::opt___f16,788,false,false,1,1,rope_opt__13889706310558783765__sa,gtpin_total_execution_cycles,929644,cycles,64,929644
n1_i10,10,1,10,performance,layers.*/self_attn,/model/layers.14/self_attn/Add_1,RoPE,RoPE,rope:/model/layers.14/self_attn/Add_1,rope:/model/layers.14/self_attn/Add_1,rope,ocl::rope::opt___f16,789,false,false,1,1,rope_opt__6960924190377492479__sa,gtpin_total_execution_cycles,63478,cycles,8,63478
n1_i10,10,1,10,performance,layers.*/self_attn,/model/layers.14/self_attn/Expand,Broadcast,Broadcast,broadcast:/model/layers.14/self_attn/Expand,broadcast:/model/layers.14/self_attn/Expand,broadcast,broadcast_gpu_ref__f16,801,false,false,1,1,broadcast_gpu_ref_6456514822857321615_0_0__sa,gtpin_total_execution_cycles,5603454,cycles,1024,5603454
n1_i10,10,1,10,performance,layers.*/self_attn,/model/layers.14/self_attn/Expand_1,Broadcast,Broadcast,broadcast:/model/layers.14/self_attn/Expand_1,broadcast:/model/layers.14/self_attn/Expand_1,broadcast,broadcast_gpu_ref__f16,794,false,false,1,1,broadcast_gpu_ref_6456514822857321615_0_0__sa,gtpin_total_execution_cycles,4178576,cycles,1024,4178576
n1_i10,10,1,10,performance,layers.*/self_attn,/model/layers.14/self_attn/IsNaN,IsNaN,IsNaN,isnan:/model/layers.14/self_attn/IsNaN,isnan:/model/layers.14/self_attn/IsNaN,eltwise,generic_eltwise_ref__f16,807,false,false,1,1,generic_eltwise_ref_1696504087421334661_0_0__sa,gtpin_total_execution_cycles,1144012,cycles,256,1144012
n1_i10,10,1,10,performance,layers.*/self_attn,/model/layers.14/self_attn/MatMul,Gemm,Gemm,gemm:/model/layers.14/self_attn/MatMul,gemm:/model/layers.14/self_attn/MatMul,gemm,gemm_tiled_opt__f16,805,false,false,1,1,gemm_tiled_opt_7238579717421349067_1_0__sa,gtpin_total_execution_cycles,3457108,cycles,32,3457108
n1_i10,10,1,10,performance,layers.*/self_attn,/model/layers.14/self_attn/Mul_8,Multiply,Multiply,multiply:/model/layers.14/self_attn/Mul_8,multiply:/model/layers.14/self_attn/Mul_8,eltwise,generic_eltwise_ref__f16,791,false,false,1,1,generic_eltwise_ref_7125964068740378811_0_0__sa,gtpin_total_execution_cycles,5109098,cycles,1024,5109098
n1_i10,10,1,10,performance,layers.*/self_attn,/model/layers.14/self_attn/Softmax,Softmax,Softmax,softmax:/model/layers.14/self_attn/Softmax,softmax:/model/layers.14/self_attn/Softmax,softmax,softmax_gpu_bf__f16,806,false,false,1,1,softmax_gpu_bf_18392998524141771378_0_0__sa,gtpin_total_execution_cycles,8474757,cycles,512,8474757
n1_i10,10,1,10,performance,layers.*/self_attn,/model/layers.14/self_attn/Transpose_2,Transpose,Transpose,transpose:/model/layers.14/self_attn/Transpose_2,transpose:/model/layers.14/self_attn/Transpose_2,permute,permute_ref__f16,787,false,false,1,1,permute_ref_653960189515371720_0_0__sa,gtpin_total_execution_cycles,478780,cycles,128,478780
n1_i10,10,1,10,performance,layers.*/self_attn,/model/layers.14/self_attn/Transpose_3,Transpose,Transpose,transpose:/model/layers.14/self_attn/Transpose_3,transpose:/model/layers.14/self_attn/Transpose_3,permute,permute_ref__f16,804,false,false,1,1,permute_ref_17183202574580890641_0_0__sa,gtpin_total_execution_cycles,5491018,cycles,1024,5491018
n1_i10,10,1,10,performance,layers.*/self_attn,/model/layers.14/self_attn/Transpose_4,Gemm,Gemm,gemm:/model/layers.14/self_attn/Transpose_4,gemm:/model/layers.14/self_attn/Transpose_4,gemm,gemm_tiled_opt__f16,809,false,false,1,1,gemm_tiled_opt_12829285813189929928_0_0__sa,gtpin_total_execution_cycles,1994796,cycles,64,1994796
n1_i10,10,1,10,performance,layers.*/self_attn,/model/layers.14/self_attn/Where_2,Select,Select,select:/model/layers.14/self_attn/Where_2,select:/model/layers.14/self_attn/Where_2,select,select_gpu_ref__u8,802,false,false,1,1,select_gpu_ref_7464502897564813179_0_0__sa,gtpin_total_execution_cycles,41072,cycles,8,41072
n1_i10,10,1,10,performance,layers.*/self_attn,/model/layers.14/self_attn/Where_3,Select,Select,select:/model/layers.14/self_attn/Where_3,select:/model/layers.14/self_attn/Where_3,select,select_gpu_ref__u8,808,false,false,1,1,select_gpu_ref_5609897181611433017_0_0__sa,gtpin_total_execution_cycles,1291306,cycles,256,1291306
n1_i10,10,1,10,performance,layers.*/self_attn,/model/layers.14/self_attn/k_proj/MatMul,FullyConnected,FullyConnected,fullyconnected:/model/layers.14/self_attn/k_proj/MatMul,fullyconnected:/model/layers.14/self_attn/k_proj/MatMul,fully_connected,fully_connected_gpu_bf_tiled__f16,783,false,false,1,1,fully_connected_gpu_bf_tiled_17963963101609895522_0_0,gtpin_total_execution_cycles,3674132,cycles,8,3674132
n1_i10,10,1,10,performance,layers.*/self_attn,/model/layers.14/self_attn/o_proj/MatMul,FullyConnected,FullyConnected,fullyconnected:/model/layers.14/self_attn/o_proj/MatMul,fullyconnected:/model/layers.14/self_attn/o_proj/MatMul,fully_connected,fully_connected_gpu_bf_tiled__f16,811,false,false,1,1,fully_connected_gpu_bf_tiled_14284117615310227244_0_0,gtpin_total_execution_cycles,28221130,cycles,64,28221130
n1_i10,10,1,10,performance,layers.*/self_attn,/model/layers.14/self_attn/q_proj/MatMul,FullyConnected,FullyConnected,fullyconnected:/model/layers.14/self_attn/q_proj/MatMul,fullyconnected:/model/layers.14/self_attn/q_proj/MatMul,fully_connected,fully_connected_gpu_bf_tiled__f16,782,false,false,1,1,fully_connected_gpu_bf_tiled_5315586391497964380_0_0,gtpin_total_execution_cycles,28479524,cycles,64,28479524
n1_i10,10,1,10,performance,layers.*/self_attn,/model/layers.14/self_attn/v_proj/MatMul,FullyConnected,FullyConnected,fullyconnected:/model/layers.14/self_attn/v_proj/MatMul,fullyconnected:/model/layers.14/self_attn/v_proj/MatMul,fully_connected,fully_connected_gpu_bf_tiled__f16,781,false,false,1,1,fully_connected_gpu_bf_tiled_17963963101609895522_0_0,gtpin_total_execution_cycles,3475090,cycles,8,3475090
n1_i10,10,1,10,performance,layers.*/input_layernorm,/model/layers.15/input_layernorm/Mul,RMS,RMS,rms:/model/layers.15/input_layernorm/Mul,rms:/model/layers.15/input_layernorm/Mul,rms,rms_gpu_bfyx_opt__f16,816,false,false,1,1,rms_gpu_bfyx_opt_10690270683970839748_0_0__sa,gtpin_total_execution_cycles,3049928,cycles,256,3049928
n1_i10,10,1,10,performance,layers.*/mlp,/model/layers.15/mlp/down_proj/MatMul,FullyConnected,FullyConnected,fullyconnected:/model/layers.15/mlp/down_proj/MatMul,fullyconnected:/model/layers.15/mlp/down_proj/MatMul,fully_connected,fully_connected_gpu_bf_tiled__f16,851,false,false,1,1,fully_connected_gpu_bf_tiled_2727911967636154657_0_0,gtpin_total_execution_cycles,74280768,cycles,64,74280768
n1_i10,10,1,10,performance,layers.*/mlp,/model/layers.15/mlp/gate_proj/MatMul,FullyConnected,FullyConnected,fullyconnected:/model/layers.15/mlp/gate_proj/MatMul,fullyconnected:/model/layers.15/mlp/gate_proj/MatMul,fully_connected,fully_connected_gpu_bf_tiled__f16,850,false,false,1,1,fully_connected_gpu_bf_tiled_9957149419786459120_0_0,gtpin_total_execution_cycles,103458548,cycles,176,103458548
n1_i10,10,1,10,performance,layers.*/mlp,/model/layers.15/mlp/up_proj/MatMul,FullyConnected,FullyConnected,fullyconnected:/model/layers.15/mlp/up_proj/MatMul,fullyconnected:/model/layers.15/mlp/up_proj/MatMul,fully_connected,fully_connected_gpu_bf_tiled__f16,849,false,false,1,1,fully_connected_gpu_bf_tiled_2740906288179525049_0_0,gtpin_total_execution_cycles,100387036,cycles,176,100387036
n1_i10,10,1,10,performance,layers.*/post_attention_layernorm,/model/layers.15/post_attention_layernorm/Mul,RMS,RMS,rms:/model/layers.15/post_attention_layernorm/Mul,rms:/model/layers.15/post_attention_layernorm/Mul,rms,rms_gpu_bfyx_opt__f16,848,false,false,1,1,rms_gpu_bfyx_opt_10690270683970839748_0_0__sa,gtpin_total_execution_cycles,1819770,cycles,256,1819770
n1_i10,10,1,10,performance,layers.*/self_attn,/model/layers.15/self_attn/Add,RoPE,RoPE,rope:/model/layers.15/self_attn/Add,rope:/model/layers.15/self_attn/Add,rope,ocl::rope::opt___f16,824,false,false,1,1,rope_opt__13889706310558783765__sa,gtpin_total_execution_cycles,829818,cycles,64,829818
n1_i10,10,1,10,performance,layers.*/self_attn,/model/layers.15/self_attn/Add_1,RoPE,RoPE,rope:/model/layers.15/self_attn/Add_1,rope:/model/layers.15/self_attn/Add_1,rope,ocl::rope::opt___f16,825,false,false,1,1,rope_opt__6960924190377492479__sa,gtpin_total_execution_cycles,66200,cycles,8,66200
n1_i10,10,1,10,performance,layers.*/self_attn,/model/layers.15/self_attn/Expand,Broadcast,Broadcast,broadcast:/model/layers.15/self_attn/Expand,broadcast:/model/layers.15/self_attn/Expand,broadcast,broadcast_gpu_ref__f16,837,false,false,1,1,broadcast_gpu_ref_6456514822857321615_0_0__sa,gtpin_total_execution_cycles,3877166,cycles,1024,3877166
n1_i10,10,1,10,performance,layers.*/self_attn,/model/layers.15/self_attn/Expand_1,Broadcast,Broadcast,broadcast:/model/layers.15/self_attn/Expand_1,broadcast:/model/layers.15/self_attn/Expand_1,broadcast,broadcast_gpu_ref__f16,830,false,false,1,1,broadcast_gpu_ref_6456514822857321615_0_0__sa,gtpin_total_execution_cycles,4427570,cycles,1024,4427570
n1_i10,10,1,10,performance,layers.*/self_attn,/model/layers.15/self_attn/IsNaN,IsNaN,IsNaN,isnan:/model/layers.15/self_attn/IsNaN,isnan:/model/layers.15/self_attn/IsNaN,eltwise,generic_eltwise_ref__f16,843,false,false,1,1,generic_eltwise_ref_1696504087421334661_0_0__sa,gtpin_total_execution_cycles,1191492,cycles,256,1191492
n1_i10,10,1,10,performance,layers.*/self_attn,/model/layers.15/self_attn/MatMul,Gemm,Gemm,gemm:/model/layers.15/self_attn/MatMul,gemm:/model/layers.15/self_attn/MatMul,gemm,gemm_tiled_opt__f16,841,false,false,1,1,gemm_tiled_opt_7238579717421349067_1_0__sa,gtpin_total_execution_cycles,3468286,cycles,32,3468286
n1_i10,10,1,10,performance,layers.*/self_attn,/model/layers.15/self_attn/Mul_8,Multiply,Multiply,multiply:/model/layers.15/self_attn/Mul_8,multiply:/model/layers.15/self_attn/Mul_8,eltwise,generic_eltwise_ref__f16,827,false,false,1,1,generic_eltwise_ref_7125964068740378811_0_0__sa,gtpin_total_execution_cycles,4578476,cycles,1024,4578476
n1_i10,10,1,10,performance,layers.*/self_attn,/model/layers.15/self_attn/Softmax,Softmax,Softmax,softmax:/model/layers.15/self_attn/Softmax,softmax:/model/layers.15/self_attn/Softmax,softmax,softmax_gpu_bf__f16,842,false,false,1,1,softmax_gpu_bf_18392998524141771378_0_0__sa,gtpin_total_execution_cycles,7884920,cycles,512,7884920
n1_i10,10,1,10,performance,layers.*/self_attn,/model/layers.15/self_attn/Transpose_2,Transpose,Transpose,transpose:/model/layers.15/self_attn/Transpose_2,transpose:/model/layers.15/self_attn/Transpose_2,permute,permute_ref__f16,823,false,false,1,1,permute_ref_653960189515371720_0_0__sa,gtpin_total_execution_cycles,506350,cycles,128,506350
n1_i10,10,1,10,performance,layers.*/self_attn,/model/layers.15/self_attn/Transpose_3,Transpose,Transpose,transpose:/model/layers.15/self_attn/Transpose_3,transpose:/model/layers.15/self_attn/Transpose_3,permute,permute_ref__f16,840,false,false,1,1,permute_ref_17183202574580890641_0_0__sa,gtpin_total_execution_cycles,4979680,cycles,1024,4979680
n1_i10,10,1,10,performance,layers.*/self_attn,/model/layers.15/self_attn/Transpose_4,Gemm,Gemm,gemm:/model/layers.15/self_attn/Transpose_4,gemm:/model/layers.15/self_attn/Transpose_4,gemm,gemm_tiled_opt__f16,845,false,false,1,1,gemm_tiled_opt_12829285813189929928_0_0__sa,gtpin_total_execution_cycles,2218416,cycles,64,2218416
n1_i10,10,1,10,performance,layers.*/self_attn,/model/layers.15/self_attn/Where_2,Select,Select,select:/model/layers.15/self_attn/Where_2,select:/model/layers.15/self_attn/Where_2,select,select_gpu_ref__u8,838,false,false,1,1,select_gpu_ref_7464502897564813179_0_0__sa,gtpin_total_execution_cycles,40428,cycles,8,40428
n1_i10,10,1,10,performance,layers.*/self_attn,/model/layers.15/self_attn/Where_3,Select,Select,select:/model/layers.15/self_attn/Where_3,select:/model/layers.15/self_attn/Where_3,select,select_gpu_ref__u8,844,false,false,1,1,select_gpu_ref_5609897181611433017_0_0__sa,gtpin_total_execution_cycles,1451734,cycles,256,1451734
n1_i10,10,1,10,performance,layers.*/self_attn,/model/layers.15/self_attn/k_proj/MatMul,FullyConnected,FullyConnected,fullyconnected:/model/layers.15/self_attn/k_proj/MatMul,fullyconnected:/model/layers.15/self_attn/k_proj/MatMul,fully_connected,fully_connected_gpu_bf_tiled__f16,819,false,false,1,1,fully_connected_gpu_bf_tiled_17963963101609895522_0_0,gtpin_total_execution_cycles,3931168,cycles,8,3931168
n1_i10,10,1,10,performance,layers.*/self_attn,/model/layers.15/self_attn/o_proj/MatMul,FullyConnected,FullyConnected,fullyconnected:/model/layers.15/self_attn/o_proj/MatMul,fullyconnected:/model/layers.15/self_attn/o_proj/MatMul,fully_connected,fully_connected_gpu_bf_tiled__f16,847,false,false,1,1,fully_connected_gpu_bf_tiled_14284117615310227244_0_0,gtpin_total_execution_cycles,28397508,cycles,64,28397508
n1_i10,10,1,10,performance,layers.*/self_attn,/model/layers.15/self_attn/q_proj/MatMul,FullyConnected,FullyConnected,fullyconnected:/model/layers.15/self_attn/q_proj/MatMul,fullyconnected:/model/layers.15/self_attn/q_proj/MatMul,fully_connected,fully_connected_gpu_bf_tiled__f16,818,false,false,1,1,fully_connected_gpu_bf_tiled_5315586391497964380_0_0,gtpin_total_execution_cycles,30544956,cycles,64,30544956
n1_i10,10,1,10,performance,layers.*/self_attn,/model/layers.15/self_attn/v_proj/MatMul,FullyConnected,FullyConnected,fullyconnected:/model/layers.15/self_attn/v_proj/MatMul,fullyconnected:/model/layers.15/self_attn/v_proj/MatMul,fully_connected,fully_connected_gpu_bf_tiled__f16,817,false,false,1,1,fully_connected_gpu_bf_tiled_17963963101609895522_0_0,gtpin_total_execution_cycles,3709272,cycles,8,3709272
n1_i10,10,1,10,performance,layers.*/input_layernorm,/model/layers.16/input_layernorm/Mul,RMS,RMS,rms:/model/layers.16/input_layernorm/Mul,rms:/model/layers.16/input_layernorm/Mul,rms,rms_gpu_bfyx_opt__f16,852,false,false,1,1,rms_gpu_bfyx_opt_10690270683970839748_0_0__sa,gtpin_total_execution_cycles,2268344,cycles,256,2268344
n1_i10,10,1,10,performance,layers.*/mlp,/model/layers.16/mlp/down_proj/MatMul,FullyConnected,FullyConnected,fullyconnected:/model/layers.16/mlp/down_proj/MatMul,fullyconnected:/model/layers.16/mlp/down_proj/MatMul,fully_connected,fully_connected_gpu_bf_tiled__f16,887,false,false,1,1,fully_connected_gpu_bf_tiled_2727911967636154657_0_0,gtpin_total_execution_cycles,74512464,cycles,64,74512464
n1_i10,10,1,10,performance,layers.*/mlp,/model/layers.16/mlp/gate_proj/MatMul,FullyConnected,FullyConnected,fullyconnected:/model/layers.16/mlp/gate_proj/MatMul,fullyconnected:/model/layers.16/mlp/gate_proj/MatMul,fully_connected,fully_connected_gpu_bf_tiled__f16,886,false,false,1,1,fully_connected_gpu_bf_tiled_9957149419786459120_0_0,gtpin_total_execution_cycles,108867582,cycles,176,108867582
n1_i10,10,1,10,performance,layers.*/mlp,/model/layers.16/mlp/up_proj/MatMul,FullyConnected,FullyConnected,fullyconnected:/model/layers.16/mlp/up_proj/MatMul,fullyconnected:/model/layers.16/mlp/up_proj/MatMul,fully_connected,fully_connected_gpu_bf_tiled__f16,885,false,false,1,1,fully_connected_gpu_bf_tiled_2740906288179525049_0_0,gtpin_total_execution_cycles,100035496,cycles,176,100035496
n1_i10,10,1,10,performance,layers.*/post_attention_layernorm,/model/layers.16/post_attention_layernorm/Mul,RMS,RMS,rms:/model/layers.16/post_attention_layernorm/Mul,rms:/model/layers.16/post_attention_layernorm/Mul,rms,rms_gpu_bfyx_opt__f16,884,false,false,1,1,rms_gpu_bfyx_opt_10690270683970839748_0_0__sa,gtpin_total_execution_cycles,1989574,cycles,256,1989574
n1_i10,10,1,10,performance,layers.*/self_attn,/model/layers.16/self_attn/Add,RoPE,RoPE,rope:/model/layers.16/self_attn/Add,rope:/model/layers.16/self_attn/Add,rope,ocl::rope::opt___f16,860,false,false,1,1,rope_opt__13889706310558783765__sa,gtpin_total_execution_cycles,837508,cycles,64,837508
n1_i10,10,1,10,performance,layers.*/self_attn,/model/layers.16/self_attn/Add_1,RoPE,RoPE,rope:/model/layers.16/self_attn/Add_1,rope:/model/layers.16/self_attn/Add_1,rope,ocl::rope::opt___f16,861,false,false,1,1,rope_opt__6960924190377492479__sa,gtpin_total_execution_cycles,58488,cycles,8,58488
n1_i10,10,1,10,performance,layers.*/self_attn,/model/layers.16/self_attn/Expand,Broadcast,Broadcast,broadcast:/model/layers.16/self_attn/Expand,broadcast:/model/layers.16/self_attn/Expand,broadcast,broadcast_gpu_ref__f16,873,false,false,1,1,broadcast_gpu_ref_6456514822857321615_0_0__sa,gtpin_total_execution_cycles,4108852,cycles,1024,4108852
n1_i10,10,1,10,performance,layers.*/self_attn,/model/layers.16/self_attn/Expand_1,Broadcast,Broadcast,broadcast:/model/layers.16/self_attn/Expand_1,broadcast:/model/layers.16/self_attn/Expand_1,broadcast,broadcast_gpu_ref__f16,866,false,false,1,1,broadcast_gpu_ref_6456514822857321615_0_0__sa,gtpin_total_execution_cycles,4552926,cycles,1024,4552926
n1_i10,10,1,10,performance,layers.*/self_attn,/model/layers.16/self_attn/IsNaN,IsNaN,IsNaN,isnan:/model/layers.16/self_attn/IsNaN,isnan:/model/layers.16/self_attn/IsNaN,eltwise,generic_eltwise_ref__f16,879,false,false,1,1,generic_eltwise_ref_1696504087421334661_0_0__sa,gtpin_total_execution_cycles,1581906,cycles,256,1581906
n1_i10,10,1,10,performance,layers.*/self_attn,/model/layers.16/self_attn/MatMul,Gemm,Gemm,gemm:/model/layers.16/self_attn/MatMul,gemm:/model/layers.16/self_attn/MatMul,gemm,gemm_tiled_opt__f16,877,false,false,1,1,gemm_tiled_opt_7238579717421349067_1_0__sa,gtpin_total_execution_cycles,3726080,cycles,32,3726080
n1_i10,10,1,10,performance,layers.*/self_attn,/model/layers.16/self_attn/Mul_8,Multiply,Multiply,multiply:/model/layers.16/self_attn/Mul_8,multiply:/model/layers.16/self_attn/Mul_8,eltwise,generic_eltwise_ref__f16,863,false,false,1,1,generic_eltwise_ref_7125964068740378811_0_0__sa,gtpin_total_execution_cycles,5010010,cycles,1024,5010010
n1_i10,10,1,10,performance,layers.*/self_attn,/model/layers.16/self_attn/Softmax,Softmax,Softmax,softmax:/model/layers.16/self_attn/Softmax,softmax:/model/layers.16/self_attn/Softmax,softmax,softmax_gpu_bf__f16,878,false,false,1,1,softmax_gpu_bf_18392998524141771378_0_0__sa,gtpin_total_execution_cycles,8151159,cycles,512,8151159
n1_i10,10,1,10,performance,layers.*/self_attn,/model/layers.16/self_attn/Transpose_2,Transpose,Transpose,transpose:/model/layers.16/self_attn/Transpose_2,transpose:/model/layers.16/self_attn/Transpose_2,permute,permute_ref__f16,859,false,false,1,1,permute_ref_653960189515371720_0_0__sa,gtpin_total_execution_cycles,452828,cycles,128,452828
n1_i10,10,1,10,performance,layers.*/self_attn,/model/layers.16/self_attn/Transpose_3,Transpose,Transpose,transpose:/model/layers.16/self_attn/Transpose_3,transpose:/model/layers.16/self_attn/Transpose_3,permute,permute_ref__f16,876,false,false,1,1,permute_ref_17183202574580890641_0_0__sa,gtpin_total_execution_cycles,4788394,cycles,1024,4788394
n1_i10,10,1,10,performance,layers.*/self_attn,/model/layers.16/self_attn/Transpose_4,Gemm,Gemm,gemm:/model/layers.16/self_attn/Transpose_4,gemm:/model/layers.16/self_attn/Transpose_4,gemm,gemm_tiled_opt__f16,881,false,false,1,1,gemm_tiled_opt_12829285813189929928_0_0__sa,gtpin_total_execution_cycles,1994062,cycles,64,1994062
n1_i10,10,1,10,performance,layers.*/self_attn,/model/layers.16/self_attn/Where_2,Select,Select,select:/model/layers.16/self_attn/Where_2,select:/model/layers.16/self_attn/Where_2,select,select_gpu_ref__u8,874,false,false,1,1,select_gpu_ref_7464502897564813179_0_0__sa,gtpin_total_execution_cycles,36368,cycles,8,36368
n1_i10,10,1,10,performance,layers.*/self_attn,/model/layers.16/self_attn/Where_3,Select,Select,select:/model/layers.16/self_attn/Where_3,select:/model/layers.16/self_attn/Where_3,select,select_gpu_ref__u8,880,false,false,1,1,select_gpu_ref_5609897181611433017_0_0__sa,gtpin_total_execution_cycles,1676780,cycles,256,1676780
n1_i10,10,1,10,performance,layers.*/self_attn,/model/layers.16/self_attn/k_proj/MatMul,FullyConnected,FullyConnected,fullyconnected:/model/layers.16/self_attn/k_proj/MatMul,fullyconnected:/model/layers.16/self_attn/k_proj/MatMul,fully_connected,fully_connected_gpu_bf_tiled__f16,855,false,false,1,1,fully_connected_gpu_bf_tiled_17963963101609895522_0_0,gtpin_total_execution_cycles,3594670,cycles,8,3594670
n1_i10,10,1,10,performance,layers.*/self_attn,/model/layers.16/self_attn/o_proj/MatMul,FullyConnected,FullyConnected,fullyconnected:/model/layers.16/self_attn/o_proj/MatMul,fullyconnected:/model/layers.16/self_attn/o_proj/MatMul,fully_connected,fully_connected_gpu_bf_tiled__f16,883,false,false,1,1,fully_connected_gpu_bf_tiled_14284117615310227244_0_0,gtpin_total_execution_cycles,28079838,cycles,64,28079838
n1_i10,10,1,10,performance,layers.*/self_attn,/model/layers.16/self_attn/q_proj/MatMul,FullyConnected,FullyConnected,fullyconnected:/model/layers.16/self_attn/q_proj/MatMul,fullyconnected:/model/layers.16/self_attn/q_proj/MatMul,fully_connected,fully_connected_gpu_bf_tiled__f16,854,false,false,1,1,fully_connected_gpu_bf_tiled_5315586391497964380_0_0,gtpin_total_execution_cycles,27970938,cycles,64,27970938
n1_i10,10,1,10,performance,layers.*/self_attn,/model/layers.16/self_attn/v_proj/MatMul,FullyConnected,FullyConnected,fullyconnected:/model/layers.16/self_attn/v_proj/MatMul,fullyconnected:/model/layers.16/self_attn/v_proj/MatMul,fully_connected,fully_connected_gpu_bf_tiled__f16,853,false,false,1,1,fully_connected_gpu_bf_tiled_17963963101609895522_0_0,gtpin_total_execution_cycles,3399370,cycles,8,3399370
n1_i10,10,1,10,performance,layers.*/input_layernorm,/model/layers.17/input_layernorm/Mul,RMS,RMS,rms:/model/layers.17/input_layernorm/Mul,rms:/model/layers.17/input_layernorm/Mul,rms,rms_gpu_bfyx_opt__f16,888,false,false,1,1,rms_gpu_bfyx_opt_10690270683970839748_0_0__sa,gtpin_total_execution_cycles,1570762,cycles,256,1570762
n1_i10,10,1,10,performance,layers.*/mlp,/model/layers.17/mlp/down_proj/MatMul,FullyConnected,FullyConnected,fullyconnected:/model/layers.17/mlp/down_proj/MatMul,fullyconnected:/model/layers.17/mlp/down_proj/MatMul,fully_connected,fully_connected_gpu_bf_tiled__f16,923,false,false,1,1,fully_connected_gpu_bf_tiled_2727911967636154657_0_0,gtpin_total_execution_cycles,79897130,cycles,64,79897130
n1_i10,10,1,10,performance,layers.*/mlp,/model/layers.17/mlp/gate_proj/MatMul,FullyConnected,FullyConnected,fullyconnected:/model/layers.17/mlp/gate_proj/MatMul,fullyconnected:/model/layers.17/mlp/gate_proj/MatMul,fully_connected,fully_connected_gpu_bf_tiled__f16,922,false,false,1,1,fully_connected_gpu_bf_tiled_9957149419786459120_0_0,gtpin_total_execution_cycles,109777346,cycles,176,109777346
n1_i10,10,1,10,performance,layers.*/mlp,/model/layers.17/mlp/up_proj/MatMul,FullyConnected,FullyConnected,fullyconnected:/model/layers.17/mlp/up_proj/MatMul,fullyconnected:/model/layers.17/mlp/up_proj/MatMul,fully_connected,fully_connected_gpu_bf_tiled__f16,921,false,false,1,1,fully_connected_gpu_bf_tiled_2740906288179525049_0_0,gtpin_total_execution_cycles,125852564,cycles,176,125852564
n1_i10,10,1,10,performance,layers.*/post_attention_layernorm,/model/layers.17/post_attention_layernorm/Mul,RMS,RMS,rms:/model/layers.17/post_attention_layernorm/Mul,rms:/model/layers.17/post_attention_layernorm/Mul,rms,rms_gpu_bfyx_opt__f16,920,false,false,1,1,rms_gpu_bfyx_opt_10690270683970839748_0_0__sa,gtpin_total_execution_cycles,2176894,cycles,256,2176894
n1_i10,10,1,10,performance,layers.*/self_attn,/model/layers.17/self_attn/Add,RoPE,RoPE,rope:/model/layers.17/self_attn/Add,rope:/model/layers.17/self_attn/Add,rope,ocl::rope::opt___f16,896,false,false,1,1,rope_opt__13889706310558783765__sa,gtpin_total_execution_cycles,865078,cycles,64,865078
n1_i10,10,1,10,performance,layers.*/self_attn,/model/layers.17/self_attn/Add_1,RoPE,RoPE,rope:/model/layers.17/self_attn/Add_1,rope:/model/layers.17/self_attn/Add_1,rope,ocl::rope::opt___f16,897,false,false,1,1,rope_opt__6960924190377492479__sa,gtpin_total_execution_cycles,65950,cycles,8,65950
n1_i10,10,1,10,performance,layers.*/self_attn,/model/layers.17/self_attn/Expand,Broadcast,Broadcast,broadcast:/model/layers.17/self_attn/Expand,broadcast:/model/layers.17/self_attn/Expand,broadcast,broadcast_gpu_ref__f16,909,false,false,1,1,broadcast_gpu_ref_6456514822857321615_0_0__sa,gtpin_total_execution_cycles,5777122,cycles,1024,5777122
n1_i10,10,1,10,performance,layers.*/self_attn,/model/layers.17/self_attn/Expand_1,Broadcast,Broadcast,broadcast:/model/layers.17/self_attn/Expand_1,broadcast:/model/layers.17/self_attn/Expand_1,broadcast,broadcast_gpu_ref__f16,902,false,false,1,1,broadcast_gpu_ref_6456514822857321615_0_0__sa,gtpin_total_execution_cycles,3789930,cycles,1024,3789930
n1_i10,10,1,10,performance,layers.*/self_attn,/model/layers.17/self_attn/IsNaN,IsNaN,IsNaN,isnan:/model/layers.17/self_attn/IsNaN,isnan:/model/layers.17/self_attn/IsNaN,eltwise,generic_eltwise_ref__f16,915,false,false,1,1,generic_eltwise_ref_1696504087421334661_0_0__sa,gtpin_total_execution_cycles,1187868,cycles,256,1187868
n1_i10,10,1,10,performance,layers.*/self_attn,/model/layers.17/self_attn/MatMul,Gemm,Gemm,gemm:/model/layers.17/self_attn/MatMul,gemm:/model/layers.17/self_attn/MatMul,gemm,gemm_tiled_opt__f16,913,false,false,1,1,gemm_tiled_opt_7238579717421349067_1_0__sa,gtpin_total_execution_cycles,3514946,cycles,32,3514946
n1_i10,10,1,10,performance,layers.*/self_attn,/model/layers.17/self_attn/Mul_8,Multiply,Multiply,multiply:/model/layers.17/self_attn/Mul_8,multiply:/model/layers.17/self_attn/Mul_8,eltwise,generic_eltwise_ref__f16,899,false,false,1,1,generic_eltwise_ref_7125964068740378811_0_0__sa,gtpin_total_execution_cycles,5419730,cycles,1024,5419730
n1_i10,10,1,10,performance,layers.*/self_attn,/model/layers.17/self_attn/Softmax,Softmax,Softmax,softmax:/model/layers.17/self_attn/Softmax,softmax:/model/layers.17/self_attn/Softmax,softmax,softmax_gpu_bf__f16,914,false,false,1,1,softmax_gpu_bf_18392998524141771378_0_0__sa,gtpin_total_execution_cycles,8981137,cycles,512,8981137
n1_i10,10,1,10,performance,layers.*/self_attn,/model/layers.17/self_attn/Transpose_2,Transpose,Transpose,transpose:/model/layers.17/self_attn/Transpose_2,transpose:/model/layers.17/self_attn/Transpose_2,permute,permute_ref__f16,895,false,false,1,1,permute_ref_653960189515371720_0_0__sa,gtpin_total_execution_cycles,527628,cycles,128,527628
n1_i10,10,1,10,performance,layers.*/self_attn,/model/layers.17/self_attn/Transpose_3,Transpose,Transpose,transpose:/model/layers.17/self_attn/Transpose_3,transpose:/model/layers.17/self_attn/Transpose_3,permute,permute_ref__f16,912,false,false,1,1,permute_ref_17183202574580890641_0_0__sa,gtpin_total_execution_cycles,5376472,cycles,1024,5376472
n1_i10,10,1,10,performance,layers.*/self_attn,/model/layers.17/self_attn/Transpose_4,Gemm,Gemm,gemm:/model/layers.17/self_attn/Transpose_4,gemm:/model/layers.17/self_attn/Transpose_4,gemm,gemm_tiled_opt__f16,917,false,false,1,1,gemm_tiled_opt_12829285813189929928_0_0__sa,gtpin_total_execution_cycles,2089018,cycles,64,2089018
n1_i10,10,1,10,performance,layers.*/self_attn,/model/layers.17/self_attn/Where_2,Select,Select,select:/model/layers.17/self_attn/Where_2,select:/model/layers.17/self_attn/Where_2,select,select_gpu_ref__u8,910,false,false,1,1,select_gpu_ref_7464502897564813179_0_0__sa,gtpin_total_execution_cycles,43620,cycles,8,43620
n1_i10,10,1,10,performance,layers.*/self_attn,/model/layers.17/self_attn/Where_3,Select,Select,select:/model/layers.17/self_attn/Where_3,select:/model/layers.17/self_attn/Where_3,select,select_gpu_ref__u8,916,false,false,1,1,select_gpu_ref_5609897181611433017_0_0__sa,gtpin_total_execution_cycles,1341572,cycles,256,1341572
n1_i10,10,1,10,performance,layers.*/self_attn,/model/layers.17/self_attn/k_proj/MatMul,FullyConnected,FullyConnected,fullyconnected:/model/layers.17/self_attn/k_proj/MatMul,fullyconnected:/model/layers.17/self_attn/k_proj/MatMul,fully_connected,fully_connected_gpu_bf_tiled__f16,891,false,false,1,1,fully_connected_gpu_bf_tiled_17963963101609895522_0_0,gtpin_total_execution_cycles,3662864,cycles,8,3662864
n1_i10,10,1,10,performance,layers.*/self_attn,/model/layers.17/self_attn/o_proj/MatMul,FullyConnected,FullyConnected,fullyconnected:/model/layers.17/self_attn/o_proj/MatMul,fullyconnected:/model/layers.17/self_attn/o_proj/MatMul,fully_connected,fully_connected_gpu_bf_tiled__f16,919,false,false,1,1,fully_connected_gpu_bf_tiled_14284117615310227244_0_0,gtpin_total_execution_cycles,32358048,cycles,64,32358048
n1_i10,10,1,10,performance,layers.*/self_attn,/model/layers.17/self_attn/q_proj/MatMul,FullyConnected,FullyConnected,fullyconnected:/model/layers.17/self_attn/q_proj/MatMul,fullyconnected:/model/layers.17/self_attn/q_proj/MatMul,fully_connected,fully_connected_gpu_bf_tiled__f16,890,false,false,1,1,fully_connected_gpu_bf_tiled_5315586391497964380_0_0,gtpin_total_execution_cycles,28451226,cycles,64,28451226
n1_i10,10,1,10,performance,layers.*/self_attn,/model/layers.17/self_attn/v_proj/MatMul,FullyConnected,FullyConnected,fullyconnected:/model/layers.17/self_attn/v_proj/MatMul,fullyconnected:/model/layers.17/self_attn/v_proj/MatMul,fully_connected,fully_connected_gpu_bf_tiled__f16,889,false,false,1,1,fully_connected_gpu_bf_tiled_17963963101609895522_0_0,gtpin_total_execution_cycles,3482618,cycles,8,3482618
n1_i10,10,1,10,performance,layers.*/input_layernorm,/model/layers.18/input_layernorm/Mul,RMS,RMS,rms:/model/layers.18/input_layernorm/Mul,rms:/model/layers.18/input_layernorm/Mul,rms,rms_gpu_bfyx_opt__f16,924,false,false,1,1,rms_gpu_bfyx_opt_10690270683970839748_0_0__sa,gtpin_total_execution_cycles,2026318,cycles,256,2026318
n1_i10,10,1,10,performance,layers.*/mlp,/model/layers.18/mlp/down_proj/MatMul,FullyConnected,FullyConnected,fullyconnected:/model/layers.18/mlp/down_proj/MatMul,fullyconnected:/model/layers.18/mlp/down_proj/MatMul,fully_connected,fully_connected_gpu_bf_tiled__f16,959,false,false,1,1,fully_connected_gpu_bf_tiled_2727911967636154657_0_0,gtpin_total_execution_cycles,78949094,cycles,64,78949094
n1_i10,10,1,10,performance,layers.*/mlp,/model/layers.18/mlp/gate_proj/MatMul,FullyConnected,FullyConnected,fullyconnected:/model/layers.18/mlp/gate_proj/MatMul,fullyconnected:/model/layers.18/mlp/gate_proj/MatMul,fully_connected,fully_connected_gpu_bf_tiled__f16,958,false,false,1,1,fully_connected_gpu_bf_tiled_9957149419786459120_0_0,gtpin_total_execution_cycles,128916354,cycles,176,128916354
n1_i10,10,1,10,performance,layers.*/mlp,/model/layers.18/mlp/up_proj/MatMul,FullyConnected,FullyConnected,fullyconnected:/model/layers.18/mlp/up_proj/MatMul,fullyconnected:/model/layers.18/mlp/up_proj/MatMul,fully_connected,fully_connected_gpu_bf_tiled__f16,957,false,false,1,1,fully_connected_gpu_bf_tiled_2740906288179525049_0_0,gtpin_total_execution_cycles,111163286,cycles,176,111163286
n1_i10,10,1,10,performance,layers.*/post_attention_layernorm,/model/layers.18/post_attention_layernorm/Mul,RMS,RMS,rms:/model/layers.18/post_attention_layernorm/Mul,rms:/model/layers.18/post_attention_layernorm/Mul,rms,rms_gpu_bfyx_opt__f16,956,false,false,1,1,rms_gpu_bfyx_opt_10690270683970839748_0_0__sa,gtpin_total_execution_cycles,1851822,cycles,256,1851822
n1_i10,10,1,10,performance,layers.*/self_attn,/model/layers.18/self_attn/Add,RoPE,RoPE,rope:/model/layers.18/self_attn/Add,rope:/model/layers.18/self_attn/Add,rope,ocl::rope::opt___f16,932,false,false,1,1,rope_opt__13889706310558783765__sa,gtpin_total_execution_cycles,964432,cycles,64,964432
n1_i10,10,1,10,performance,layers.*/self_attn,/model/layers.18/self_attn/Add_1,RoPE,RoPE,rope:/model/layers.18/self_attn/Add_1,rope:/model/layers.18/self_attn/Add_1,rope,ocl::rope::opt___f16,933,false,false,1,1,rope_opt__6960924190377492479__sa,gtpin_total_execution_cycles,62328,cycles,8,62328
n1_i10,10,1,10,performance,layers.*/self_attn,/model/layers.18/self_attn/Expand,Broadcast,Broadcast,broadcast:/model/layers.18/self_attn/Expand,broadcast:/model/layers.18/self_attn/Expand,broadcast,broadcast_gpu_ref__f16,945,false,false,1,1,broadcast_gpu_ref_6456514822857321615_0_0__sa,gtpin_total_execution_cycles,5524428,cycles,1024,5524428
n1_i10,10,1,10,performance,layers.*/self_attn,/model/layers.18/self_attn/Expand_1,Broadcast,Broadcast,broadcast:/model/layers.18/self_attn/Expand_1,broadcast:/model/layers.18/self_attn/Expand_1,broadcast,broadcast_gpu_ref__f16,938,false,false,1,1,broadcast_gpu_ref_6456514822857321615_0_0__sa,gtpin_total_execution_cycles,4303472,cycles,1024,4303472
n1_i10,10,1,10,performance,layers.*/self_attn,/model/layers.18/self_attn/IsNaN,IsNaN,IsNaN,isnan:/model/layers.18/self_attn/IsNaN,isnan:/model/layers.18/self_attn/IsNaN,eltwise,generic_eltwise_ref__f16,951,false,false,1,1,generic_eltwise_ref_1696504087421334661_0_0__sa,gtpin_total_execution_cycles,1185604,cycles,256,1185604
n1_i10,10,1,10,performance,layers.*/self_attn,/model/layers.18/self_attn/MatMul,Gemm,Gemm,gemm:/model/layers.18/self_attn/MatMul,gemm:/model/layers.18/self_attn/MatMul,gemm,gemm_tiled_opt__f16,949,false,false,1,1,gemm_tiled_opt_7238579717421349067_1_0__sa,gtpin_total_execution_cycles,3411804,cycles,32,3411804
n1_i10,10,1,10,performance,layers.*/self_attn,/model/layers.18/self_attn/Mul_8,Multiply,Multiply,multiply:/model/layers.18/self_attn/Mul_8,multiply:/model/layers.18/self_attn/Mul_8,eltwise,generic_eltwise_ref__f16,935,false,false,1,1,generic_eltwise_ref_7125964068740378811_0_0__sa,gtpin_total_execution_cycles,5149672,cycles,1024,5149672
n1_i10,10,1,10,performance,layers.*/self_attn,/model/layers.18/self_attn/Softmax,Softmax,Softmax,softmax:/model/layers.18/self_attn/Softmax,softmax:/model/layers.18/self_attn/Softmax,softmax,softmax_gpu_bf__f16,950,false,false,1,1,softmax_gpu_bf_18392998524141771378_0_0__sa,gtpin_total_execution_cycles,8151800,cycles,512,8151800
n1_i10,10,1,10,performance,layers.*/self_attn,/model/layers.18/self_attn/Transpose_2,Transpose,Transpose,transpose:/model/layers.18/self_attn/Transpose_2,transpose:/model/layers.18/self_attn/Transpose_2,permute,permute_ref__f16,931,false,false,1,1,permute_ref_653960189515371720_0_0__sa,gtpin_total_execution_cycles,536568,cycles,128,536568
n1_i10,10,1,10,performance,layers.*/self_attn,/model/layers.18/self_attn/Transpose_3,Transpose,Transpose,transpose:/model/layers.18/self_attn/Transpose_3,transpose:/model/layers.18/self_attn/Transpose_3,permute,permute_ref__f16,948,false,false,1,1,permute_ref_17183202574580890641_0_0__sa,gtpin_total_execution_cycles,5295134,cycles,1024,5295134
n1_i10,10,1,10,performance,layers.*/self_attn,/model/layers.18/self_attn/Transpose_4,Gemm,Gemm,gemm:/model/layers.18/self_attn/Transpose_4,gemm:/model/layers.18/self_attn/Transpose_4,gemm,gemm_tiled_opt__f16,953,false,false,1,1,gemm_tiled_opt_12829285813189929928_0_0__sa,gtpin_total_execution_cycles,2140488,cycles,64,2140488
n1_i10,10,1,10,performance,layers.*/self_attn,/model/layers.18/self_attn/Where_2,Select,Select,select:/model/layers.18/self_attn/Where_2,select:/model/layers.18/self_attn/Where_2,select,select_gpu_ref__u8,946,false,false,1,1,select_gpu_ref_7464502897564813179_0_0__sa,gtpin_total_execution_cycles,36520,cycles,8,36520
n1_i10,10,1,10,performance,layers.*/self_attn,/model/layers.18/self_attn/Where_3,Select,Select,select:/model/layers.18/self_attn/Where_3,select:/model/layers.18/self_attn/Where_3,select,select_gpu_ref__u8,952,false,false,1,1,select_gpu_ref_5609897181611433017_0_0__sa,gtpin_total_execution_cycles,1389074,cycles,256,1389074
n1_i10,10,1,10,performance,layers.*/self_attn,/model/layers.18/self_attn/k_proj/MatMul,FullyConnected,FullyConnected,fullyconnected:/model/layers.18/self_attn/k_proj/MatMul,fullyconnected:/model/layers.18/self_attn/k_proj/MatMul,fully_connected,fully_connected_gpu_bf_tiled__f16,927,false,false,1,1,fully_connected_gpu_bf_tiled_17963963101609895522_0_0,gtpin_total_execution_cycles,4051632,cycles,8,4051632
n1_i10,10,1,10,performance,layers.*/self_attn,/model/layers.18/self_attn/o_proj/MatMul,FullyConnected,FullyConnected,fullyconnected:/model/layers.18/self_attn/o_proj/MatMul,fullyconnected:/model/layers.18/self_attn/o_proj/MatMul,fully_connected,fully_connected_gpu_bf_tiled__f16,955,false,false,1,1,fully_connected_gpu_bf_tiled_14284117615310227244_0_0,gtpin_total_execution_cycles,29077396,cycles,64,29077396
n1_i10,10,1,10,performance,layers.*/self_attn,/model/layers.18/self_attn/q_proj/MatMul,FullyConnected,FullyConnected,fullyconnected:/model/layers.18/self_attn/q_proj/MatMul,fullyconnected:/model/layers.18/self_attn/q_proj/MatMul,fully_connected,fully_connected_gpu_bf_tiled__f16,926,false,false,1,1,fully_connected_gpu_bf_tiled_5315586391497964380_0_0,gtpin_total_execution_cycles,31637206,cycles,64,31637206
n1_i10,10,1,10,performance,layers.*/self_attn,/model/layers.18/self_attn/v_proj/MatMul,FullyConnected,FullyConnected,fullyconnected:/model/layers.18/self_attn/v_proj/MatMul,fullyconnected:/model/layers.18/self_attn/v_proj/MatMul,fully_connected,fully_connected_gpu_bf_tiled__f16,925,false,false,1,1,fully_connected_gpu_bf_tiled_17963963101609895522_0_0,gtpin_total_execution_cycles,3867332,cycles,8,3867332
n1_i10,10,1,10,performance,layers.*/input_layernorm,/model/layers.19/input_layernorm/Mul,RMS,RMS,rms:/model/layers.19/input_layernorm/Mul,rms:/model/layers.19/input_layernorm/Mul,rms,rms_gpu_bfyx_opt__f16,960,false,false,1,1,rms_gpu_bfyx_opt_10690270683970839748_0_0__sa,gtpin_total_execution_cycles,2536326,cycles,256,2536326
n1_i10,10,1,10,performance,layers.*/mlp,/model/layers.19/mlp/down_proj/MatMul,FullyConnected,FullyConnected,fullyconnected:/model/layers.19/mlp/down_proj/MatMul,fullyconnected:/model/layers.19/mlp/down_proj/MatMul,fully_connected,fully_connected_gpu_bf_tiled__f16,995,false,false,1,1,fully_connected_gpu_bf_tiled_2727911967636154657_0_0,gtpin_total_execution_cycles,78432754,cycles,64,78432754
n1_i10,10,1,10,performance,layers.*/mlp,/model/layers.19/mlp/gate_proj/MatMul,FullyConnected,FullyConnected,fullyconnected:/model/layers.19/mlp/gate_proj/MatMul,fullyconnected:/model/layers.19/mlp/gate_proj/MatMul,fully_connected,fully_connected_gpu_bf_tiled__f16,994,false,false,1,1,fully_connected_gpu_bf_tiled_9957149419786459120_0_0,gtpin_total_execution_cycles,124988728,cycles,176,124988728
n1_i10,10,1,10,performance,layers.*/mlp,/model/layers.19/mlp/up_proj/MatMul,FullyConnected,FullyConnected,fullyconnected:/model/layers.19/mlp/up_proj/MatMul,fullyconnected:/model/layers.19/mlp/up_proj/MatMul,fully_connected,fully_connected_gpu_bf_tiled__f16,993,false,false,1,1,fully_connected_gpu_bf_tiled_2740906288179525049_0_0,gtpin_total_execution_cycles,109017932,cycles,176,109017932
n1_i10,10,1,10,performance,layers.*/post_attention_layernorm,/model/layers.19/post_attention_layernorm/Mul,RMS,RMS,rms:/model/layers.19/post_attention_layernorm/Mul,rms:/model/layers.19/post_attention_layernorm/Mul,rms,rms_gpu_bfyx_opt__f16,992,false,false,1,1,rms_gpu_bfyx_opt_10690270683970839748_0_0__sa,gtpin_total_execution_cycles,2120570,cycles,256,2120570
n1_i10,10,1,10,performance,layers.*/self_attn,/model/layers.19/self_attn/Add,RoPE,RoPE,rope:/model/layers.19/self_attn/Add,rope:/model/layers.19/self_attn/Add,rope,ocl::rope::opt___f16,968,false,false,1,1,rope_opt__13889706310558783765__sa,gtpin_total_execution_cycles,829162,cycles,64,829162
n1_i10,10,1,10,performance,layers.*/self_attn,/model/layers.19/self_attn/Add_1,RoPE,RoPE,rope:/model/layers.19/self_attn/Add_1,rope:/model/layers.19/self_attn/Add_1,rope,ocl::rope::opt___f16,969,false,false,1,1,rope_opt__6960924190377492479__sa,gtpin_total_execution_cycles,64412,cycles,8,64412
n1_i10,10,1,10,performance,layers.*/self_attn,/model/layers.19/self_attn/Expand,Broadcast,Broadcast,broadcast:/model/layers.19/self_attn/Expand,broadcast:/model/layers.19/self_attn/Expand,broadcast,broadcast_gpu_ref__f16,981,false,false,1,1,broadcast_gpu_ref_6456514822857321615_0_0__sa,gtpin_total_execution_cycles,3808596,cycles,1024,3808596
n1_i10,10,1,10,performance,layers.*/self_attn,/model/layers.19/self_attn/Expand_1,Broadcast,Broadcast,broadcast:/model/layers.19/self_attn/Expand_1,broadcast:/model/layers.19/self_attn/Expand_1,broadcast,broadcast_gpu_ref__f16,974,false,false,1,1,broadcast_gpu_ref_6456514822857321615_0_0__sa,gtpin_total_execution_cycles,4398754,cycles,1024,4398754
n1_i10,10,1,10,performance,layers.*/self_attn,/model/layers.19/self_attn/IsNaN,IsNaN,IsNaN,isnan:/model/layers.19/self_attn/IsNaN,isnan:/model/layers.19/self_attn/IsNaN,eltwise,generic_eltwise_ref__f16,987,false,false,1,1,generic_eltwise_ref_1696504087421334661_0_0__sa,gtpin_total_execution_cycles,1224996,cycles,256,1224996
n1_i10,10,1,10,performance,layers.*/self_attn,/model/layers.19/self_attn/MatMul,Gemm,Gemm,gemm:/model/layers.19/self_attn/MatMul,gemm:/model/layers.19/self_attn/MatMul,gemm,gemm_tiled_opt__f16,985,false,false,1,1,gemm_tiled_opt_7238579717421349067_1_0__sa,gtpin_total_execution_cycles,3529136,cycles,32,3529136
n1_i10,10,1,10,performance,layers.*/self_attn,/model/layers.19/self_attn/Mul_8,Multiply,Multiply,multiply:/model/layers.19/self_attn/Mul_8,multiply:/model/layers.19/self_attn/Mul_8,eltwise,generic_eltwise_ref__f16,971,false,false,1,1,generic_eltwise_ref_7125964068740378811_0_0__sa,gtpin_total_execution_cycles,5058182,cycles,1024,5058182
n1_i10,10,1,10,performance,layers.*/self_attn,/model/layers.19/self_attn/Softmax,Softmax,Softmax,softmax:/model/layers.19/self_attn/Softmax,softmax:/model/layers.19/self_attn/Softmax,softmax,softmax_gpu_bf__f16,986,false,false,1,1,softmax_gpu_bf_18392998524141771378_0_0__sa,gtpin_total_execution_cycles,9000431,cycles,512,9000431
n1_i10,10,1,10,performance,layers.*/self_attn,/model/layers.19/self_attn/Transpose_2,Transpose,Transpose,transpose:/model/layers.19/self_attn/Transpose_2,transpose:/model/layers.19/self_attn/Transpose_2,permute,permute_ref__f16,967,false,false,1,1,permute_ref_653960189515371720_0_0__sa,gtpin_total_execution_cycles,528450,cycles,128,528450
n1_i10,10,1,10,performance,layers.*/self_attn,/model/layers.19/self_attn/Transpose_3,Transpose,Transpose,transpose:/model/layers.19/self_attn/Transpose_3,transpose:/model/layers.19/self_attn/Transpose_3,permute,permute_ref__f16,984,false,false,1,1,permute_ref_17183202574580890641_0_0__sa,gtpin_total_execution_cycles,5098232,cycles,1024,5098232
n1_i10,10,1,10,performance,layers.*/self_attn,/model/layers.19/self_attn/Transpose_4,Gemm,Gemm,gemm:/model/layers.19/self_attn/Transpose_4,gemm:/model/layers.19/self_attn/Transpose_4,gemm,gemm_tiled_opt__f16,989,false,false,1,1,gemm_tiled_opt_12829285813189929928_0_0__sa,gtpin_total_execution_cycles,2232556,cycles,64,2232556
n1_i10,10,1,10,performance,layers.*/self_attn,/model/layers.19/self_attn/Where_2,Select,Select,select:/model/layers.19/self_attn/Where_2,select:/model/layers.19/self_attn/Where_2,select,select_gpu_ref__u8,982,false,false,1,1,select_gpu_ref_7464502897564813179_0_0__sa,gtpin_total_execution_cycles,37984,cycles,8,37984
n1_i10,10,1,10,performance,layers.*/self_attn,/model/layers.19/self_attn/Where_3,Select,Select,select:/model/layers.19/self_attn/Where_3,select:/model/layers.19/self_attn/Where_3,select,select_gpu_ref__u8,988,false,false,1,1,select_gpu_ref_5609897181611433017_0_0__sa,gtpin_total_execution_cycles,1451126,cycles,256,1451126
n1_i10,10,1,10,performance,layers.*/self_attn,/model/layers.19/self_attn/k_proj/MatMul,FullyConnected,FullyConnected,fullyconnected:/model/layers.19/self_attn/k_proj/MatMul,fullyconnected:/model/layers.19/self_attn/k_proj/MatMul,fully_connected,fully_connected_gpu_bf_tiled__f16,963,false,false,1,1,fully_connected_gpu_bf_tiled_17963963101609895522_0_0,gtpin_total_execution_cycles,3729038,cycles,8,3729038
n1_i10,10,1,10,performance,layers.*/self_attn,/model/layers.19/self_attn/o_proj/MatMul,FullyConnected,FullyConnected,fullyconnected:/model/layers.19/self_attn/o_proj/MatMul,fullyconnected:/model/layers.19/self_attn/o_proj/MatMul,fully_connected,fully_connected_gpu_bf_tiled__f16,991,false,false,1,1,fully_connected_gpu_bf_tiled_14284117615310227244_0_0,gtpin_total_execution_cycles,28993570,cycles,64,28993570
n1_i10,10,1,10,performance,layers.*/self_attn,/model/layers.19/self_attn/q_proj/MatMul,FullyConnected,FullyConnected,fullyconnected:/model/layers.19/self_attn/q_proj/MatMul,fullyconnected:/model/layers.19/self_attn/q_proj/MatMul,fully_connected,fully_connected_gpu_bf_tiled__f16,962,false,false,1,1,fully_connected_gpu_bf_tiled_5315586391497964380_0_0,gtpin_total_execution_cycles,28905576,cycles,64,28905576
n1_i10,10,1,10,performance,layers.*/self_attn,/model/layers.19/self_attn/v_proj/MatMul,FullyConnected,FullyConnected,fullyconnected:/model/layers.19/self_attn/v_proj/MatMul,fullyconnected:/model/layers.19/self_attn/v_proj/MatMul,fully_connected,fully_connected_gpu_bf_tiled__f16,961,false,false,1,1,fully_connected_gpu_bf_tiled_17963963101609895522_0_0,gtpin_total_execution_cycles,3528942,cycles,8,3528942
n1_i10,10,1,10,performance,layers.*/input_layernorm,/model/layers.2/input_layernorm/Mul,RMS,RMS,rms:/model/layers.2/input_layernorm/Mul,rms:/model/layers.2/input_layernorm/Mul,rms,rms_gpu_bfyx_opt__f16,348,false,false,1,1,rms_gpu_bfyx_opt_10690270683970839748_0_0__sa,gtpin_total_execution_cycles,1830136,cycles,256,1830136
n1_i10,10,1,10,performance,layers.*/mlp,/model/layers.2/mlp/down_proj/MatMul,FullyConnected,FullyConnected,fullyconnected:/model/layers.2/mlp/down_proj/MatMul,fullyconnected:/model/layers.2/mlp/down_proj/MatMul,fully_connected,fully_connected_gpu_bf_tiled__f16,383,false,false,1,1,fully_connected_gpu_bf_tiled_2727911967636154657_0_0,gtpin_total_execution_cycles,74743734,cycles,64,74743734
n1_i10,10,1,10,performance,layers.*/mlp,/model/layers.2/mlp/gate_proj/MatMul,FullyConnected,FullyConnected,fullyconnected:/model/layers.2/mlp/gate_proj/MatMul,fullyconnected:/model/layers.2/mlp/gate_proj/MatMul,fully_connected,fully_connected_gpu_bf_tiled__f16,382,false,false,1,1,fully_connected_gpu_bf_tiled_9957149419786459120_0_0,gtpin_total_execution_cycles,125290018,cycles,176,125290018
n1_i10,10,1,10,performance,layers.*/mlp,/model/layers.2/mlp/up_proj/MatMul,FullyConnected,FullyConnected,fullyconnected:/model/layers.2/mlp/up_proj/MatMul,fullyconnected:/model/layers.2/mlp/up_proj/MatMul,fully_connected,fully_connected_gpu_bf_tiled__f16,381,false,false,1,1,fully_connected_gpu_bf_tiled_2740906288179525049_0_0,gtpin_total_execution_cycles,115719386,cycles,176,115719386
n1_i10,10,1,10,performance,layers.*/post_attention_layernorm,/model/layers.2/post_attention_layernorm/Mul,RMS,RMS,rms:/model/layers.2/post_attention_layernorm/Mul,rms:/model/layers.2/post_attention_layernorm/Mul,rms,rms_gpu_bfyx_opt__f16,380,false,false,1,1,rms_gpu_bfyx_opt_10690270683970839748_0_0__sa,gtpin_total_execution_cycles,1938888,cycles,256,1938888
n1_i10,10,1,10,performance,layers.*/self_attn,/model/layers.2/self_attn/Add,RoPE,RoPE,rope:/model/layers.2/self_attn/Add,rope:/model/layers.2/self_attn/Add,rope,ocl::rope::opt___f16,356,false,false,1,1,rope_opt__13889706310558783765__sa,gtpin_total_execution_cycles,876834,cycles,64,876834
n1_i10,10,1,10,performance,layers.*/self_attn,/model/layers.2/self_attn/Add_1,RoPE,RoPE,rope:/model/layers.2/self_attn/Add_1,rope:/model/layers.2/self_attn/Add_1,rope,ocl::rope::opt___f16,357,false,false,1,1,rope_opt__6960924190377492479__sa,gtpin_total_execution_cycles,62760,cycles,8,62760
n1_i10,10,1,10,performance,layers.*/self_attn,/model/layers.2/self_attn/Expand,Broadcast,Broadcast,broadcast:/model/layers.2/self_attn/Expand,broadcast:/model/layers.2/self_attn/Expand,broadcast,broadcast_gpu_ref__f16,369,false,false,1,1,broadcast_gpu_ref_6456514822857321615_0_0__sa,gtpin_total_execution_cycles,4861766,cycles,1024,4861766
n1_i10,10,1,10,performance,layers.*/self_attn,/model/layers.2/self_attn/Expand_1,Broadcast,Broadcast,broadcast:/model/layers.2/self_attn/Expand_1,broadcast:/model/layers.2/self_attn/Expand_1,broadcast,broadcast_gpu_ref__f16,362,false,false,1,1,broadcast_gpu_ref_6456514822857321615_0_0__sa,gtpin_total_execution_cycles,4240430,cycles,1024,4240430
n1_i10,10,1,10,performance,layers.*/self_attn,/model/layers.2/self_attn/IsNaN,IsNaN,IsNaN,isnan:/model/layers.2/self_attn/IsNaN,isnan:/model/layers.2/self_attn/IsNaN,eltwise,generic_eltwise_ref__f16,375,false,false,1,1,generic_eltwise_ref_1696504087421334661_0_0__sa,gtpin_total_execution_cycles,1140414,cycles,256,1140414
n1_i10,10,1,10,performance,layers.*/self_attn,/model/layers.2/self_attn/MatMul,Gemm,Gemm,gemm:/model/layers.2/self_attn/MatMul,gemm:/model/layers.2/self_attn/MatMul,gemm,gemm_tiled_opt__f16,373,false,false,1,1,gemm_tiled_opt_7238579717421349067_1_0__sa,gtpin_total_execution_cycles,3421966,cycles,32,3421966
n1_i10,10,1,10,performance,layers.*/self_attn,/model/layers.2/self_attn/Mul_8,Multiply,Multiply,multiply:/model/layers.2/self_attn/Mul_8,multiply:/model/layers.2/self_attn/Mul_8,eltwise,generic_eltwise_ref__f16,359,false,false,1,1,generic_eltwise_ref_7125964068740378811_0_0__sa,gtpin_total_execution_cycles,4738190,cycles,1024,4738190
n1_i10,10,1,10,performance,layers.*/self_attn,/model/layers.2/self_attn/Softmax,Softmax,Softmax,softmax:/model/layers.2/self_attn/Softmax,softmax:/model/layers.2/self_attn/Softmax,softmax,softmax_gpu_bf__f16,374,false,false,1,1,softmax_gpu_bf_18392998524141771378_0_0__sa,gtpin_total_execution_cycles,7963402,cycles,512,7963402
n1_i10,10,1,10,performance,layers.*/self_attn,/model/layers.2/self_attn/Transpose_2,Transpose,Transpose,transpose:/model/layers.2/self_attn/Transpose_2,transpose:/model/layers.2/self_attn/Transpose_2,permute,permute_ref__f16,355,false,false,1,1,permute_ref_653960189515371720_0_0__sa,gtpin_total_execution_cycles,516100,cycles,128,516100
n1_i10,10,1,10,performance,layers.*/self_attn,/model/layers.2/self_attn/Transpose_3,Transpose,Transpose,transpose:/model/layers.2/self_attn/Transpose_3,transpose:/model/layers.2/self_attn/Transpose_3,permute,permute_ref__f16,372,false,false,1,1,permute_ref_17183202574580890641_0_0__sa,gtpin_total_execution_cycles,5575930,cycles,1024,5575930
n1_i10,10,1,10,performance,layers.*/self_attn,/model/layers.2/self_attn/Transpose_4,Gemm,Gemm,gemm:/model/layers.2/self_attn/Transpose_4,gemm:/model/layers.2/self_attn/Transpose_4,gemm,gemm_tiled_opt__f16,377,false,false,1,1,gemm_tiled_opt_12829285813189929928_0_0__sa,gtpin_total_execution_cycles,2052342,cycles,64,2052342
n1_i10,10,1,10,performance,layers.*/self_attn,/model/layers.2/self_attn/Where_2,Select,Select,select:/model/layers.2/self_attn/Where_2,select:/model/layers.2/self_attn/Where_2,select,select_gpu_ref__u8,370,false,false,1,1,select_gpu_ref_7464502897564813179_0_0__sa,gtpin_total_execution_cycles,39252,cycles,8,39252
n1_i10,10,1,10,performance,layers.*/self_attn,/model/layers.2/self_attn/Where_3,Select,Select,select:/model/layers.2/self_attn/Where_3,select:/model/layers.2/self_attn/Where_3,select,select_gpu_ref__u8,376,false,false,1,1,select_gpu_ref_5609897181611433017_0_0__sa,gtpin_total_execution_cycles,1303868,cycles,256,1303868
n1_i10,10,1,10,performance,layers.*/self_attn,/model/layers.2/self_attn/k_proj/MatMul,FullyConnected,FullyConnected,fullyconnected:/model/layers.2/self_attn/k_proj/MatMul,fullyconnected:/model/layers.2/self_attn/k_proj/MatMul,fully_connected,fully_connected_gpu_bf_tiled__f16,351,false,false,1,1,fully_connected_gpu_bf_tiled_17963963101609895522_0_0,gtpin_total_execution_cycles,3693322,cycles,8,3693322
n1_i10,10,1,10,performance,layers.*/self_attn,/model/layers.2/self_attn/o_proj/MatMul,FullyConnected,FullyConnected,fullyconnected:/model/layers.2/self_attn/o_proj/MatMul,fullyconnected:/model/layers.2/self_attn/o_proj/MatMul,fully_connected,fully_connected_gpu_bf_tiled__f16,379,false,false,1,1,fully_connected_gpu_bf_tiled_14284117615310227244_0_0,gtpin_total_execution_cycles,28114596,cycles,64,28114596
n1_i10,10,1,10,performance,layers.*/self_attn,/model/layers.2/self_attn/q_proj/MatMul,FullyConnected,FullyConnected,fullyconnected:/model/layers.2/self_attn/q_proj/MatMul,fullyconnected:/model/layers.2/self_attn/q_proj/MatMul,fully_connected,fully_connected_gpu_bf_tiled__f16,350,false,false,1,1,fully_connected_gpu_bf_tiled_5315586391497964380_0_0,gtpin_total_execution_cycles,28705930,cycles,64,28705930
n1_i10,10,1,10,performance,layers.*/self_attn,/model/layers.2/self_attn/v_proj/MatMul,FullyConnected,FullyConnected,fullyconnected:/model/layers.2/self_attn/v_proj/MatMul,fullyconnected:/model/layers.2/self_attn/v_proj/MatMul,fully_connected,fully_connected_gpu_bf_tiled__f16,349,false,false,1,1,fully_connected_gpu_bf_tiled_17963963101609895522_0_0,gtpin_total_execution_cycles,3513984,cycles,8,3513984
n1_i10,10,1,10,performance,layers.*/input_layernorm,/model/layers.20/input_layernorm/Mul,RMS,RMS,rms:/model/layers.20/input_layernorm/Mul,rms:/model/layers.20/input_layernorm/Mul,rms,rms_gpu_bfyx_opt__f16,996,false,false,1,1,rms_gpu_bfyx_opt_10690270683970839748_0_0__sa,gtpin_total_execution_cycles,1795142,cycles,256,1795142
n1_i10,10,1,10,performance,layers.*/mlp,/model/layers.20/mlp/down_proj/MatMul,FullyConnected,FullyConnected,fullyconnected:/model/layers.20/mlp/down_proj/MatMul,fullyconnected:/model/layers.20/mlp/down_proj/MatMul,fully_connected,fully_connected_gpu_bf_tiled__f16,1031,false,false,1,1,fully_connected_gpu_bf_tiled_2727911967636154657_0_0,gtpin_total_execution_cycles,81555550,cycles,64,81555550
n1_i10,10,1,10,performance,layers.*/mlp,/model/layers.20/mlp/gate_proj/MatMul,FullyConnected,FullyConnected,fullyconnected:/model/layers.20/mlp/gate_proj/MatMul,fullyconnected:/model/layers.20/mlp/gate_proj/MatMul,fully_connected,fully_connected_gpu_bf_tiled__f16,1030,false,false,1,1,fully_connected_gpu_bf_tiled_9957149419786459120_0_0,gtpin_total_execution_cycles,127810462,cycles,176,127810462
n1_i10,10,1,10,performance,layers.*/mlp,/model/layers.20/mlp/up_proj/MatMul,FullyConnected,FullyConnected,fullyconnected:/model/layers.20/mlp/up_proj/MatMul,fullyconnected:/model/layers.20/mlp/up_proj/MatMul,fully_connected,fully_connected_gpu_bf_tiled__f16,1029,false,false,1,1,fully_connected_gpu_bf_tiled_2740906288179525049_0_0,gtpin_total_execution_cycles,133888122,cycles,176,133888122
n1_i10,10,1,10,performance,layers.*/post_attention_layernorm,/model/layers.20/post_attention_layernorm/Mul,RMS,RMS,rms:/model/layers.20/post_attention_layernorm/Mul,rms:/model/layers.20/post_attention_layernorm/Mul,rms,rms_gpu_bfyx_opt__f16,1028,false,false,1,1,rms_gpu_bfyx_opt_10690270683970839748_0_0__sa,gtpin_total_execution_cycles,2141822,cycles,256,2141822
n1_i10,10,1,10,performance,layers.*/self_attn,/model/layers.20/self_attn/Add,RoPE,RoPE,rope:/model/layers.20/self_attn/Add,rope:/model/layers.20/self_attn/Add,rope,ocl::rope::opt___f16,1004,false,false,1,1,rope_opt__13889706310558783765__sa,gtpin_total_execution_cycles,877182,cycles,64,877182
n1_i10,10,1,10,performance,layers.*/self_attn,/model/layers.20/self_attn/Add_1,RoPE,RoPE,rope:/model/layers.20/self_attn/Add_1,rope:/model/layers.20/self_attn/Add_1,rope,ocl::rope::opt___f16,1005,false,false,1,1,rope_opt__6960924190377492479__sa,gtpin_total_execution_cycles,61018,cycles,8,61018
n1_i10,10,1,10,performance,layers.*/self_attn,/model/layers.20/self_attn/Expand,Broadcast,Broadcast,broadcast:/model/layers.20/self_attn/Expand,broadcast:/model/layers.20/self_attn/Expand,broadcast,broadcast_gpu_ref__f16,1017,false,false,1,1,broadcast_gpu_ref_6456514822857321615_0_0__sa,gtpin_total_execution_cycles,3787536,cycles,1024,3787536
n1_i10,10,1,10,performance,layers.*/self_attn,/model/layers.20/self_attn/Expand_1,Broadcast,Broadcast,broadcast:/model/layers.20/self_attn/Expand_1,broadcast:/model/layers.20/self_attn/Expand_1,broadcast,broadcast_gpu_ref__f16,1010,false,false,1,1,broadcast_gpu_ref_6456514822857321615_0_0__sa,gtpin_total_execution_cycles,4153458,cycles,1024,4153458
n1_i10,10,1,10,performance,layers.*/self_attn,/model/layers.20/self_attn/IsNaN,IsNaN,IsNaN,isnan:/model/layers.20/self_attn/IsNaN,isnan:/model/layers.20/self_attn/IsNaN,eltwise,generic_eltwise_ref__f16,1023,false,false,1,1,generic_eltwise_ref_1696504087421334661_0_0__sa,gtpin_total_execution_cycles,1232398,cycles,256,1232398
n1_i10,10,1,10,performance,layers.*/self_attn,/model/layers.20/self_attn/MatMul,Gemm,Gemm,gemm:/model/layers.20/self_attn/MatMul,gemm:/model/layers.20/self_attn/MatMul,gemm,gemm_tiled_opt__f16,1021,false,false,1,1,gemm_tiled_opt_7238579717421349067_1_0__sa,gtpin_total_execution_cycles,3703952,cycles,32,3703952
n1_i10,10,1,10,performance,layers.*/self_attn,/model/layers.20/self_attn/Mul_8,Multiply,Multiply,multiply:/model/layers.20/self_attn/Mul_8,multiply:/model/layers.20/self_attn/Mul_8,eltwise,generic_eltwise_ref__f16,1007,false,false,1,1,generic_eltwise_ref_7125964068740378811_0_0__sa,gtpin_total_execution_cycles,5297052,cycles,1024,5297052
n1_i10,10,1,10,performance,layers.*/self_attn,/model/layers.20/self_attn/Softmax,Softmax,Softmax,softmax:/model/layers.20/self_attn/Softmax,softmax:/model/layers.20/self_attn/Softmax,softmax,softmax_gpu_bf__f16,1022,false,false,1,1,softmax_gpu_bf_18392998524141771378_0_0__sa,gtpin_total_execution_cycles,8093060,cycles,512,8093060
n1_i10,10,1,10,performance,layers.*/self_attn,/model/layers.20/self_attn/Transpose_2,Transpose,Transpose,transpose:/model/layers.20/self_attn/Transpose_2,transpose:/model/layers.20/self_attn/Transpose_2,permute,permute_ref__f16,1003,false,false,1,1,permute_ref_653960189515371720_0_0__sa,gtpin_total_execution_cycles,534922,cycles,128,534922
n1_i10,10,1,10,performance,layers.*/self_attn,/model/layers.20/self_attn/Transpose_3,Transpose,Transpose,transpose:/model/layers.20/self_attn/Transpose_3,transpose:/model/layers.20/self_attn/Transpose_3,permute,permute_ref__f16,1020,false,false,1,1,permute_ref_17183202574580890641_0_0__sa,gtpin_total_execution_cycles,5271656,cycles,1024,5271656
n1_i10,10,1,10,performance,layers.*/self_attn,/model/layers.20/self_attn/Transpose_4,Gemm,Gemm,gemm:/model/layers.20/self_attn/Transpose_4,gemm:/model/layers.20/self_attn/Transpose_4,gemm,gemm_tiled_opt__f16,1025,false,false,1,1,gemm_tiled_opt_12829285813189929928_0_0__sa,gtpin_total_execution_cycles,2004224,cycles,64,2004224
n1_i10,10,1,10,performance,layers.*/self_attn,/model/layers.20/self_attn/Where_2,Select,Select,select:/model/layers.20/self_attn/Where_2,select:/model/layers.20/self_attn/Where_2,select,select_gpu_ref__u8,1018,false,false,1,1,select_gpu_ref_7464502897564813179_0_0__sa,gtpin_total_execution_cycles,44224,cycles,8,44224
n1_i10,10,1,10,performance,layers.*/self_attn,/model/layers.20/self_attn/Where_3,Select,Select,select:/model/layers.20/self_attn/Where_3,select:/model/layers.20/self_attn/Where_3,select,select_gpu_ref__u8,1024,false,false,1,1,select_gpu_ref_5609897181611433017_0_0__sa,gtpin_total_execution_cycles,1509690,cycles,256,1509690
n1_i10,10,1,10,performance,layers.*/self_attn,/model/layers.20/self_attn/k_proj/MatMul,FullyConnected,FullyConnected,fullyconnected:/model/layers.20/self_attn/k_proj/MatMul,fullyconnected:/model/layers.20/self_attn/k_proj/MatMul,fully_connected,fully_connected_gpu_bf_tiled__f16,999,false,false,1,1,fully_connected_gpu_bf_tiled_17963963101609895522_0_0,gtpin_total_execution_cycles,3757306,cycles,8,3757306
n1_i10,10,1,10,performance,layers.*/self_attn,/model/layers.20/self_attn/o_proj/MatMul,FullyConnected,FullyConnected,fullyconnected:/model/layers.20/self_attn/o_proj/MatMul,fullyconnected:/model/layers.20/self_attn/o_proj/MatMul,fully_connected,fully_connected_gpu_bf_tiled__f16,1027,false,false,1,1,fully_connected_gpu_bf_tiled_14284117615310227244_0_0,gtpin_total_execution_cycles,30637866,cycles,64,30637866
n1_i10,10,1,10,performance,layers.*/self_attn,/model/layers.20/self_attn/q_proj/MatMul,FullyConnected,FullyConnected,fullyconnected:/model/layers.20/self_attn/q_proj/MatMul,fullyconnected:/model/layers.20/self_attn/q_proj/MatMul,fully_connected,fully_connected_gpu_bf_tiled__f16,998,false,false,1,1,fully_connected_gpu_bf_tiled_5315586391497964380_0_0,gtpin_total_execution_cycles,29212010,cycles,64,29212010
n1_i10,10,1,10,performance,layers.*/self_attn,/model/layers.20/self_attn/v_proj/MatMul,FullyConnected,FullyConnected,fullyconnected:/model/layers.20/self_attn/v_proj/MatMul,fullyconnected:/model/layers.20/self_attn/v_proj/MatMul,fully_connected,fully_connected_gpu_bf_tiled__f16,997,false,false,1,1,fully_connected_gpu_bf_tiled_17963963101609895522_0_0,gtpin_total_execution_cycles,3568994,cycles,8,3568994
n1_i10,10,1,10,performance,layers.*/input_layernorm,/model/layers.21/input_layernorm/Mul,RMS,RMS,rms:/model/layers.21/input_layernorm/Mul,rms:/model/layers.21/input_layernorm/Mul,rms,rms_gpu_bfyx_opt__f16,1032,false,false,1,1,rms_gpu_bfyx_opt_10690270683970839748_0_0__sa,gtpin_total_execution_cycles,1698408,cycles,256,1698408
n1_i10,10,1,10,performance,layers.*/mlp,/model/layers.21/mlp/down_proj/MatMul,FullyConnected,FullyConnected,fullyconnected:/model/layers.21/mlp/down_proj/MatMul,fullyconnected:/model/layers.21/mlp/down_proj/MatMul,fully_connected,fully_connected_gpu_bf_tiled__f16,1067,false,false,1,1,fully_connected_gpu_bf_tiled_2727911967636154657_0_0,gtpin_total_execution_cycles,82070516,cycles,64,82070516
n1_i10,10,1,10,performance,layers.*/mlp,/model/layers.21/mlp/gate_proj/MatMul,FullyConnected,FullyConnected,fullyconnected:/model/layers.21/mlp/gate_proj/MatMul,fullyconnected:/model/layers.21/mlp/gate_proj/MatMul,fully_connected,fully_connected_gpu_bf_tiled__f16,1066,false,false,1,1,fully_connected_gpu_bf_tiled_9957149419786459120_0_0,gtpin_total_execution_cycles,112988066,cycles,176,112988066
n1_i10,10,1,10,performance,layers.*/mlp,/model/layers.21/mlp/up_proj/MatMul,FullyConnected,FullyConnected,fullyconnected:/model/layers.21/mlp/up_proj/MatMul,fullyconnected:/model/layers.21/mlp/up_proj/MatMul,fully_connected,fully_connected_gpu_bf_tiled__f16,1065,false,false,1,1,fully_connected_gpu_bf_tiled_2740906288179525049_0_0,gtpin_total_execution_cycles,105271018,cycles,176,105271018
n1_i10,10,1,10,performance,layers.*/post_attention_layernorm,/model/layers.21/post_attention_layernorm/Mul,RMS,RMS,rms:/model/layers.21/post_attention_layernorm/Mul,rms:/model/layers.21/post_attention_layernorm/Mul,rms,rms_gpu_bfyx_opt__f16,1064,false,false,1,1,rms_gpu_bfyx_opt_10690270683970839748_0_0__sa,gtpin_total_execution_cycles,2025940,cycles,256,2025940
n1_i10,10,1,10,performance,layers.*/self_attn,/model/layers.21/self_attn/Add,RoPE,RoPE,rope:/model/layers.21/self_attn/Add,rope:/model/layers.21/self_attn/Add,rope,ocl::rope::opt___f16,1040,false,false,1,1,rope_opt__13889706310558783765__sa,gtpin_total_execution_cycles,1025414,cycles,64,1025414
n1_i10,10,1,10,performance,layers.*/self_attn,/model/layers.21/self_attn/Add_1,RoPE,RoPE,rope:/model/layers.21/self_attn/Add_1,rope:/model/layers.21/self_attn/Add_1,rope,ocl::rope::opt___f16,1041,false,false,1,1,rope_opt__6960924190377492479__sa,gtpin_total_execution_cycles,68298,cycles,8,68298
n1_i10,10,1,10,performance,layers.*/self_attn,/model/layers.21/self_attn/Expand,Broadcast,Broadcast,broadcast:/model/layers.21/self_attn/Expand,broadcast:/model/layers.21/self_attn/Expand,broadcast,broadcast_gpu_ref__f16,1053,false,false,1,1,broadcast_gpu_ref_6456514822857321615_0_0__sa,gtpin_total_execution_cycles,5627876,cycles,1024,5627876
n1_i10,10,1,10,performance,layers.*/self_attn,/model/layers.21/self_attn/Expand_1,Broadcast,Broadcast,broadcast:/model/layers.21/self_attn/Expand_1,broadcast:/model/layers.21/self_attn/Expand_1,broadcast,broadcast_gpu_ref__f16,1046,false,false,1,1,broadcast_gpu_ref_6456514822857321615_0_0__sa,gtpin_total_execution_cycles,4190596,cycles,1024,4190596
n1_i10,10,1,10,performance,layers.*/self_attn,/model/layers.21/self_attn/IsNaN,IsNaN,IsNaN,isnan:/model/layers.21/self_attn/IsNaN,isnan:/model/layers.21/self_attn/IsNaN,eltwise,generic_eltwise_ref__f16,1059,false,false,1,1,generic_eltwise_ref_1696504087421334661_0_0__sa,gtpin_total_execution_cycles,1258106,cycles,256,1258106
n1_i10,10,1,10,performance,layers.*/self_attn,/model/layers.21/self_attn/MatMul,Gemm,Gemm,gemm:/model/layers.21/self_attn/MatMul,gemm:/model/layers.21/self_attn/MatMul,gemm,gemm_tiled_opt__f16,1057,false,false,1,1,gemm_tiled_opt_7238579717421349067_1_0__sa,gtpin_total_execution_cycles,3429128,cycles,32,3429128
n1_i10,10,1,10,performance,layers.*/self_attn,/model/layers.21/self_attn/Mul_8,Multiply,Multiply,multiply:/model/layers.21/self_attn/Mul_8,multiply:/model/layers.21/self_attn/Mul_8,eltwise,generic_eltwise_ref__f16,1043,false,false,1,1,generic_eltwise_ref_7125964068740378811_0_0__sa,gtpin_total_execution_cycles,4622084,cycles,1024,4622084
n1_i10,10,1,10,performance,layers.*/self_attn,/model/layers.21/self_attn/Softmax,Softmax,Softmax,softmax:/model/layers.21/self_attn/Softmax,softmax:/model/layers.21/self_attn/Softmax,softmax,softmax_gpu_bf__f16,1058,false,false,1,1,softmax_gpu_bf_18392998524141771378_0_0__sa,gtpin_total_execution_cycles,8417265,cycles,512,8417265
n1_i10,10,1,10,performance,layers.*/self_attn,/model/layers.21/self_attn/Transpose_2,Transpose,Transpose,transpose:/model/layers.21/self_attn/Transpose_2,transpose:/model/layers.21/self_attn/Transpose_2,permute,permute_ref__f16,1039,false,false,1,1,permute_ref_653960189515371720_0_0__sa,gtpin_total_execution_cycles,785816,cycles,128,785816
n1_i10,10,1,10,performance,layers.*/self_attn,/model/layers.21/self_attn/Transpose_3,Transpose,Transpose,transpose:/model/layers.21/self_attn/Transpose_3,transpose:/model/layers.21/self_attn/Transpose_3,permute,permute_ref__f16,1056,false,false,1,1,permute_ref_17183202574580890641_0_0__sa,gtpin_total_execution_cycles,5658452,cycles,1024,5658452
n1_i10,10,1,10,performance,layers.*/self_attn,/model/layers.21/self_attn/Transpose_4,Gemm,Gemm,gemm:/model/layers.21/self_attn/Transpose_4,gemm:/model/layers.21/self_attn/Transpose_4,gemm,gemm_tiled_opt__f16,1061,false,false,1,1,gemm_tiled_opt_12829285813189929928_0_0__sa,gtpin_total_execution_cycles,2056142,cycles,64,2056142
n1_i10,10,1,10,performance,layers.*/self_attn,/model/layers.21/self_attn/Where_2,Select,Select,select:/model/layers.21/self_attn/Where_2,select:/model/layers.21/self_attn/Where_2,select,select_gpu_ref__u8,1054,false,false,1,1,select_gpu_ref_7464502897564813179_0_0__sa,gtpin_total_execution_cycles,40440,cycles,8,40440
n1_i10,10,1,10,performance,layers.*/self_attn,/model/layers.21/self_attn/Where_3,Select,Select,select:/model/layers.21/self_attn/Where_3,select:/model/layers.21/self_attn/Where_3,select,select_gpu_ref__u8,1060,false,false,1,1,select_gpu_ref_5609897181611433017_0_0__sa,gtpin_total_execution_cycles,1414120,cycles,256,1414120
n1_i10,10,1,10,performance,layers.*/self_attn,/model/layers.21/self_attn/k_proj/MatMul,FullyConnected,FullyConnected,fullyconnected:/model/layers.21/self_attn/k_proj/MatMul,fullyconnected:/model/layers.21/self_attn/k_proj/MatMul,fully_connected,fully_connected_gpu_bf_tiled__f16,1035,false,false,1,1,fully_connected_gpu_bf_tiled_17963963101609895522_0_0,gtpin_total_execution_cycles,3751998,cycles,8,3751998
n1_i10,10,1,10,performance,layers.*/self_attn,/model/layers.21/self_attn/o_proj/MatMul,FullyConnected,FullyConnected,fullyconnected:/model/layers.21/self_attn/o_proj/MatMul,fullyconnected:/model/layers.21/self_attn/o_proj/MatMul,fully_connected,fully_connected_gpu_bf_tiled__f16,1063,false,false,1,1,fully_connected_gpu_bf_tiled_14284117615310227244_0_0,gtpin_total_execution_cycles,28554502,cycles,64,28554502
n1_i10,10,1,10,performance,layers.*/self_attn,/model/layers.21/self_attn/q_proj/MatMul,FullyConnected,FullyConnected,fullyconnected:/model/layers.21/self_attn/q_proj/MatMul,fullyconnected:/model/layers.21/self_attn/q_proj/MatMul,fully_connected,fully_connected_gpu_bf_tiled__f16,1034,false,false,1,1,fully_connected_gpu_bf_tiled_5315586391497964380_0_0,gtpin_total_execution_cycles,29061834,cycles,64,29061834
n1_i10,10,1,10,performance,layers.*/self_attn,/model/layers.21/self_attn/v_proj/MatMul,FullyConnected,FullyConnected,fullyconnected:/model/layers.21/self_attn/v_proj/MatMul,fullyconnected:/model/layers.21/self_attn/v_proj/MatMul,fully_connected,fully_connected_gpu_bf_tiled__f16,1033,false,false,1,1,fully_connected_gpu_bf_tiled_17963963101609895522_0_0,gtpin_total_execution_cycles,3548218,cycles,8,3548218
n1_i10,10,1,10,performance,layers.*/input_layernorm,/model/layers.3/input_layernorm/Mul,RMS,RMS,rms:/model/layers.3/input_layernorm/Mul,rms:/model/layers.3/input_layernorm/Mul,rms,rms_gpu_bfyx_opt__f16,384,false,false,1,1,rms_gpu_bfyx_opt_10690270683970839748_0_0__sa,gtpin_total_execution_cycles,1951446,cycles,256,1951446
n1_i10,10,1,10,performance,layers.*/mlp,/model/layers.3/mlp/down_proj/MatMul,FullyConnected,FullyConnected,fullyconnected:/model/layers.3/mlp/down_proj/MatMul,fullyconnected:/model/layers.3/mlp/down_proj/MatMul,fully_connected,fully_connected_gpu_bf_tiled__f16,419,false,false,1,1,fully_connected_gpu_bf_tiled_2727911967636154657_0_0,gtpin_total_execution_cycles,74175122,cycles,64,74175122
n1_i10,10,1,10,performance,layers.*/mlp,/model/layers.3/mlp/gate_proj/MatMul,FullyConnected,FullyConnected,fullyconnected:/model/layers.3/mlp/gate_proj/MatMul,fullyconnected:/model/layers.3/mlp/gate_proj/MatMul,fully_connected,fully_connected_gpu_bf_tiled__f16,418,false,false,1,1,fully_connected_gpu_bf_tiled_9957149419786459120_0_0,gtpin_total_execution_cycles,96308456,cycles,176,96308456
n1_i10,10,1,10,performance,layers.*/mlp,/model/layers.3/mlp/up_proj/MatMul,FullyConnected,FullyConnected,fullyconnected:/model/layers.3/mlp/up_proj/MatMul,fullyconnected:/model/layers.3/mlp/up_proj/MatMul,fully_connected,fully_connected_gpu_bf_tiled__f16,417,false,false,1,1,fully_connected_gpu_bf_tiled_2740906288179525049_0_0,gtpin_total_execution_cycles,90306074,cycles,176,90306074
n1_i10,10,1,10,performance,layers.*/post_attention_layernorm,/model/layers.3/post_attention_layernorm/Mul,RMS,RMS,rms:/model/layers.3/post_attention_layernorm/Mul,rms:/model/layers.3/post_attention_layernorm/Mul,rms,rms_gpu_bfyx_opt__f16,416,false,false,1,1,rms_gpu_bfyx_opt_10690270683970839748_0_0__sa,gtpin_total_execution_cycles,1740334,cycles,256,1740334
n1_i10,10,1,10,performance,layers.*/self_attn,/model/layers.3/self_attn/Add,RoPE,RoPE,rope:/model/layers.3/self_attn/Add,rope:/model/layers.3/self_attn/Add,rope,ocl::rope::opt___f16,392,false,false,1,1,rope_opt__13889706310558783765__sa,gtpin_total_execution_cycles,838922,cycles,64,838922
n1_i10,10,1,10,performance,layers.*/self_attn,/model/layers.3/self_attn/Add_1,RoPE,RoPE,rope:/model/layers.3/self_attn/Add_1,rope:/model/layers.3/self_attn/Add_1,rope,ocl::rope::opt___f16,393,false,false,1,1,rope_opt__6960924190377492479__sa,gtpin_total_execution_cycles,64112,cycles,8,64112
n1_i10,10,1,10,performance,layers.*/self_attn,/model/layers.3/self_attn/Expand,Broadcast,Broadcast,broadcast:/model/layers.3/self_attn/Expand,broadcast:/model/layers.3/self_attn/Expand,broadcast,broadcast_gpu_ref__f16,405,false,false,1,1,broadcast_gpu_ref_6456514822857321615_0_0__sa,gtpin_total_execution_cycles,3791226,cycles,1024,3791226
n1_i10,10,1,10,performance,layers.*/self_attn,/model/layers.3/self_attn/Expand_1,Broadcast,Broadcast,broadcast:/model/layers.3/self_attn/Expand_1,broadcast:/model/layers.3/self_attn/Expand_1,broadcast,broadcast_gpu_ref__f16,398,false,false,1,1,broadcast_gpu_ref_6456514822857321615_0_0__sa,gtpin_total_execution_cycles,5377458,cycles,1024,5377458
n1_i10,10,1,10,performance,layers.*/self_attn,/model/layers.3/self_attn/IsNaN,IsNaN,IsNaN,isnan:/model/layers.3/self_attn/IsNaN,isnan:/model/layers.3/self_attn/IsNaN,eltwise,generic_eltwise_ref__f16,411,false,false,1,1,generic_eltwise_ref_1696504087421334661_0_0__sa,gtpin_total_execution_cycles,1409160,cycles,256,1409160
n1_i10,10,1,10,performance,layers.*/self_attn,/model/layers.3/self_attn/MatMul,Gemm,Gemm,gemm:/model/layers.3/self_attn/MatMul,gemm:/model/layers.3/self_attn/MatMul,gemm,gemm_tiled_opt__f16,409,false,false,1,1,gemm_tiled_opt_7238579717421349067_1_0__sa,gtpin_total_execution_cycles,3429910,cycles,32,3429910
n1_i10,10,1,10,performance,layers.*/self_attn,/model/layers.3/self_attn/Mul_8,Multiply,Multiply,multiply:/model/layers.3/self_attn/Mul_8,multiply:/model/layers.3/self_attn/Mul_8,eltwise,generic_eltwise_ref__f16,395,false,false,1,1,generic_eltwise_ref_7125964068740378811_0_0__sa,gtpin_total_execution_cycles,4368118,cycles,1024,4368118
n1_i10,10,1,10,performance,layers.*/self_attn,/model/layers.3/self_attn/Softmax,Softmax,Softmax,softmax:/model/layers.3/self_attn/Softmax,softmax:/model/layers.3/self_attn/Softmax,softmax,softmax_gpu_bf__f16,410,false,false,1,1,softmax_gpu_bf_18392998524141771378_0_0__sa,gtpin_total_execution_cycles,8483310,cycles,512,8483310
n1_i10,10,1,10,performance,layers.*/self_attn,/model/layers.3/self_attn/Transpose_2,Transpose,Transpose,transpose:/model/layers.3/self_attn/Transpose_2,transpose:/model/layers.3/self_attn/Transpose_2,permute,permute_ref__f16,391,false,false,1,1,permute_ref_653960189515371720_0_0__sa,gtpin_total_execution_cycles,488244,cycles,128,488244
n1_i10,10,1,10,performance,layers.*/self_attn,/model/layers.3/self_attn/Transpose_3,Transpose,Transpose,transpose:/model/layers.3/self_attn/Transpose_3,transpose:/model/layers.3/self_attn/Transpose_3,permute,permute_ref__f16,408,false,false,1,1,permute_ref_17183202574580890641_0_0__sa,gtpin_total_execution_cycles,6042566,cycles,1024,6042566
n1_i10,10,1,10,performance,layers.*/self_attn,/model/layers.3/self_attn/Transpose_4,Gemm,Gemm,gemm:/model/layers.3/self_attn/Transpose_4,gemm:/model/layers.3/self_attn/Transpose_4,gemm,gemm_tiled_opt__f16,413,false,false,1,1,gemm_tiled_opt_12829285813189929928_0_0__sa,gtpin_total_execution_cycles,2161224,cycles,64,2161224
n1_i10,10,1,10,performance,layers.*/self_attn,/model/layers.3/self_attn/Where_2,Select,Select,select:/model/layers.3/self_attn/Where_2,select:/model/layers.3/self_attn/Where_2,select,select_gpu_ref__u8,406,false,false,1,1,select_gpu_ref_7464502897564813179_0_0__sa,gtpin_total_execution_cycles,35888,cycles,8,35888
n1_i10,10,1,10,performance,layers.*/self_attn,/model/layers.3/self_attn/Where_3,Select,Select,select:/model/layers.3/self_attn/Where_3,select:/model/layers.3/self_attn/Where_3,select,select_gpu_ref__u8,412,false,false,1,1,select_gpu_ref_5609897181611433017_0_0__sa,gtpin_total_execution_cycles,1284566,cycles,256,1284566
n1_i10,10,1,10,performance,layers.*/self_attn,/model/layers.3/self_attn/k_proj/MatMul,FullyConnected,FullyConnected,fullyconnected:/model/layers.3/self_attn/k_proj/MatMul,fullyconnected:/model/layers.3/self_attn/k_proj/MatMul,fully_connected,fully_connected_gpu_bf_tiled__f16,387,false,false,1,1,fully_connected_gpu_bf_tiled_17963963101609895522_0_0,gtpin_total_execution_cycles,3630250,cycles,8,3630250
n1_i10,10,1,10,performance,layers.*/self_attn,/model/layers.3/self_attn/o_proj/MatMul,FullyConnected,FullyConnected,fullyconnected:/model/layers.3/self_attn/o_proj/MatMul,fullyconnected:/model/layers.3/self_attn/o_proj/MatMul,fully_connected,fully_connected_gpu_bf_tiled__f16,415,false,false,1,1,fully_connected_gpu_bf_tiled_14284117615310227244_0_0,gtpin_total_execution_cycles,27874622,cycles,64,27874622
n1_i10,10,1,10,performance,layers.*/self_attn,/model/layers.3/self_attn/q_proj/MatMul,FullyConnected,FullyConnected,fullyconnected:/model/layers.3/self_attn/q_proj/MatMul,fullyconnected:/model/layers.3/self_attn/q_proj/MatMul,fully_connected,fully_connected_gpu_bf_tiled__f16,386,false,false,1,1,fully_connected_gpu_bf_tiled_5315586391497964380_0_0,gtpin_total_execution_cycles,28094812,cycles,64,28094812
n1_i10,10,1,10,performance,layers.*/self_attn,/model/layers.3/self_attn/v_proj/MatMul,FullyConnected,FullyConnected,fullyconnected:/model/layers.3/self_attn/v_proj/MatMul,fullyconnected:/model/layers.3/self_attn/v_proj/MatMul,fully_connected,fully_connected_gpu_bf_tiled__f16,385,false,false,1,1,fully_connected_gpu_bf_tiled_17963963101609895522_0_0,gtpin_total_execution_cycles,3438920,cycles,8,3438920
n1_i10,10,1,10,performance,layers.*/input_layernorm,/model/layers.4/input_layernorm/Mul,RMS,RMS,rms:/model/layers.4/input_layernorm/Mul,rms:/model/layers.4/input_layernorm/Mul,rms,rms_gpu_bfyx_opt__f16,420,false,false,1,1,rms_gpu_bfyx_opt_10690270683970839748_0_0__sa,gtpin_total_execution_cycles,1499982,cycles,256,1499982
n1_i10,10,1,10,performance,layers.*/mlp,/model/layers.4/mlp/down_proj/MatMul,FullyConnected,FullyConnected,fullyconnected:/model/layers.4/mlp/down_proj/MatMul,fullyconnected:/model/layers.4/mlp/down_proj/MatMul,fully_connected,fully_connected_gpu_bf_tiled__f16,455,false,false,1,1,fully_connected_gpu_bf_tiled_2727911967636154657_0_0,gtpin_total_execution_cycles,77679484,cycles,64,77679484
n1_i10,10,1,10,performance,layers.*/mlp,/model/layers.4/mlp/gate_proj/MatMul,FullyConnected,FullyConnected,fullyconnected:/model/layers.4/mlp/gate_proj/MatMul,fullyconnected:/model/layers.4/mlp/gate_proj/MatMul,fully_connected,fully_connected_gpu_bf_tiled__f16,454,false,false,1,1,fully_connected_gpu_bf_tiled_9957149419786459120_0_0,gtpin_total_execution_cycles,97428296,cycles,176,97428296
n1_i10,10,1,10,performance,layers.*/mlp,/model/layers.4/mlp/up_proj/MatMul,FullyConnected,FullyConnected,fullyconnected:/model/layers.4/mlp/up_proj/MatMul,fullyconnected:/model/layers.4/mlp/up_proj/MatMul,fully_connected,fully_connected_gpu_bf_tiled__f16,453,false,false,1,1,fully_connected_gpu_bf_tiled_2740906288179525049_0_0,gtpin_total_execution_cycles,93961596,cycles,176,93961596
n1_i10,10,1,10,performance,layers.*/post_attention_layernorm,/model/layers.4/post_attention_layernorm/Mul,RMS,RMS,rms:/model/layers.4/post_attention_layernorm/Mul,rms:/model/layers.4/post_attention_layernorm/Mul,rms,rms_gpu_bfyx_opt__f16,452,false,false,1,1,rms_gpu_bfyx_opt_10690270683970839748_0_0__sa,gtpin_total_execution_cycles,1610980,cycles,256,1610980
n1_i10,10,1,10,performance,layers.*/self_attn,/model/layers.4/self_attn/Add,RoPE,RoPE,rope:/model/layers.4/self_attn/Add,rope:/model/layers.4/self_attn/Add,rope,ocl::rope::opt___f16,428,false,false,1,1,rope_opt__13889706310558783765__sa,gtpin_total_execution_cycles,911142,cycles,64,911142
n1_i10,10,1,10,performance,layers.*/self_attn,/model/layers.4/self_attn/Add_1,RoPE,RoPE,rope:/model/layers.4/self_attn/Add_1,rope:/model/layers.4/self_attn/Add_1,rope,ocl::rope::opt___f16,429,false,false,1,1,rope_opt__6960924190377492479__sa,gtpin_total_execution_cycles,60274,cycles,8,60274
n1_i10,10,1,10,performance,layers.*/self_attn,/model/layers.4/self_attn/Expand,Broadcast,Broadcast,broadcast:/model/layers.4/self_attn/Expand,broadcast:/model/layers.4/self_attn/Expand,broadcast,broadcast_gpu_ref__f16,441,false,false,1,1,broadcast_gpu_ref_6456514822857321615_0_0__sa,gtpin_total_execution_cycles,3452508,cycles,1024,3452508
n1_i10,10,1,10,performance,layers.*/self_attn,/model/layers.4/self_attn/Expand_1,Broadcast,Broadcast,broadcast:/model/layers.4/self_attn/Expand_1,broadcast:/model/layers.4/self_attn/Expand_1,broadcast,broadcast_gpu_ref__f16,434,false,false,1,1,broadcast_gpu_ref_6456514822857321615_0_0__sa,gtpin_total_execution_cycles,4433818,cycles,1024,4433818
n1_i10,10,1,10,performance,layers.*/self_attn,/model/layers.4/self_attn/IsNaN,IsNaN,IsNaN,isnan:/model/layers.4/self_attn/IsNaN,isnan:/model/layers.4/self_attn/IsNaN,eltwise,generic_eltwise_ref__f16,447,false,false,1,1,generic_eltwise_ref_1696504087421334661_0_0__sa,gtpin_total_execution_cycles,1148508,cycles,256,1148508
n1_i10,10,1,10,performance,layers.*/self_attn,/model/layers.4/self_attn/MatMul,Gemm,Gemm,gemm:/model/layers.4/self_attn/MatMul,gemm:/model/layers.4/self_attn/MatMul,gemm,gemm_tiled_opt__f16,445,false,false,1,1,gemm_tiled_opt_7238579717421349067_1_0__sa,gtpin_total_execution_cycles,3717788,cycles,32,3717788
n1_i10,10,1,10,performance,layers.*/self_attn,/model/layers.4/self_attn/Mul_8,Multiply,Multiply,multiply:/model/layers.4/self_attn/Mul_8,multiply:/model/layers.4/self_attn/Mul_8,eltwise,generic_eltwise_ref__f16,431,false,false,1,1,generic_eltwise_ref_7125964068740378811_0_0__sa,gtpin_total_execution_cycles,4831310,cycles,1024,4831310
n1_i10,10,1,10,performance,layers.*/self_attn,/model/layers.4/self_attn/Softmax,Softmax,Softmax,softmax:/model/layers.4/self_attn/Softmax,softmax:/model/layers.4/self_attn/Softmax,softmax,softmax_gpu_bf__f16,446,false,false,1,1,softmax_gpu_bf_18392998524141771378_0_0__sa,gtpin_total_execution_cycles,8289767,cycles,512,8289767
n1_i10,10,1,10,performance,layers.*/self_attn,/model/layers.4/self_attn/Transpose_2,Transpose,Transpose,transpose:/model/layers.4/self_attn/Transpose_2,transpose:/model/layers.4/self_attn/Transpose_2,permute,permute_ref__f16,427,false,false,1,1,permute_ref_653960189515371720_0_0__sa,gtpin_total_execution_cycles,504586,cycles,128,504586
n1_i10,10,1,10,performance,layers.*/self_attn,/model/layers.4/self_attn/Transpose_3,Transpose,Transpose,transpose:/model/layers.4/self_attn/Transpose_3,transpose:/model/layers.4/self_attn/Transpose_3,permute,permute_ref__f16,444,false,false,1,1,permute_ref_17183202574580890641_0_0__sa,gtpin_total_execution_cycles,4884504,cycles,1024,4884504
n1_i10,10,1,10,performance,layers.*/self_attn,/model/layers.4/self_attn/Transpose_4,Gemm,Gemm,gemm:/model/layers.4/self_attn/Transpose_4,gemm:/model/layers.4/self_attn/Transpose_4,gemm,gemm_tiled_opt__f16,449,false,false,1,1,gemm_tiled_opt_12829285813189929928_0_0__sa,gtpin_total_execution_cycles,1951578,cycles,64,1951578
n1_i10,10,1,10,performance,layers.*/self_attn,/model/layers.4/self_attn/Where_2,Select,Select,select:/model/layers.4/self_attn/Where_2,select:/model/layers.4/self_attn/Where_2,select,select_gpu_ref__u8,442,false,false,1,1,select_gpu_ref_7464502897564813179_0_0__sa,gtpin_total_execution_cycles,41958,cycles,8,41958
n1_i10,10,1,10,performance,layers.*/self_attn,/model/layers.4/self_attn/Where_3,Select,Select,select:/model/layers.4/self_attn/Where_3,select:/model/layers.4/self_attn/Where_3,select,select_gpu_ref__u8,448,false,false,1,1,select_gpu_ref_5609897181611433017_0_0__sa,gtpin_total_execution_cycles,1441968,cycles,256,1441968
n1_i10,10,1,10,performance,layers.*/self_attn,/model/layers.4/self_attn/k_proj/MatMul,FullyConnected,FullyConnected,fullyconnected:/model/layers.4/self_attn/k_proj/MatMul,fullyconnected:/model/layers.4/self_attn/k_proj/MatMul,fully_connected,fully_connected_gpu_bf_tiled__f16,423,false,false,1,1,fully_connected_gpu_bf_tiled_17963963101609895522_0_0,gtpin_total_execution_cycles,3705656,cycles,8,3705656
n1_i10,10,1,10,performance,layers.*/self_attn,/model/layers.4/self_attn/o_proj/MatMul,FullyConnected,FullyConnected,fullyconnected:/model/layers.4/self_attn/o_proj/MatMul,fullyconnected:/model/layers.4/self_attn/o_proj/MatMul,fully_connected,fully_connected_gpu_bf_tiled__f16,451,false,false,1,1,fully_connected_gpu_bf_tiled_14284117615310227244_0_0,gtpin_total_execution_cycles,28103102,cycles,64,28103102
n1_i10,10,1,10,performance,layers.*/self_attn,/model/layers.4/self_attn/q_proj/MatMul,FullyConnected,FullyConnected,fullyconnected:/model/layers.4/self_attn/q_proj/MatMul,fullyconnected:/model/layers.4/self_attn/q_proj/MatMul,fully_connected,fully_connected_gpu_bf_tiled__f16,422,false,false,1,1,fully_connected_gpu_bf_tiled_5315586391497964380_0_0,gtpin_total_execution_cycles,28833586,cycles,64,28833586
n1_i10,10,1,10,performance,layers.*/self_attn,/model/layers.4/self_attn/v_proj/MatMul,FullyConnected,FullyConnected,fullyconnected:/model/layers.4/self_attn/v_proj/MatMul,fullyconnected:/model/layers.4/self_attn/v_proj/MatMul,fully_connected,fully_connected_gpu_bf_tiled__f16,421,false,false,1,1,fully_connected_gpu_bf_tiled_17963963101609895522_0_0,gtpin_total_execution_cycles,3526816,cycles,8,3526816
n1_i10,10,1,10,performance,layers.*/input_layernorm,/model/layers.5/input_layernorm/Mul,RMS,RMS,rms:/model/layers.5/input_layernorm/Mul,rms:/model/layers.5/input_layernorm/Mul,rms,rms_gpu_bfyx_opt__f16,456,false,false,1,1,rms_gpu_bfyx_opt_10690270683970839748_0_0__sa,gtpin_total_execution_cycles,1507966,cycles,256,1507966
n1_i10,10,1,10,performance,layers.*/mlp,/model/layers.5/mlp/down_proj/MatMul,FullyConnected,FullyConnected,fullyconnected:/model/layers.5/mlp/down_proj/MatMul,fullyconnected:/model/layers.5/mlp/down_proj/MatMul,fully_connected,fully_connected_gpu_bf_tiled__f16,491,false,false,1,1,fully_connected_gpu_bf_tiled_2727911967636154657_0_0,gtpin_total_execution_cycles,73580954,cycles,64,73580954
n1_i10,10,1,10,performance,layers.*/mlp,/model/layers.5/mlp/gate_proj/MatMul,FullyConnected,FullyConnected,fullyconnected:/model/layers.5/mlp/gate_proj/MatMul,fullyconnected:/model/layers.5/mlp/gate_proj/MatMul,fully_connected,fully_connected_gpu_bf_tiled__f16,490,false,false,1,1,fully_connected_gpu_bf_tiled_9957149419786459120_0_0,gtpin_total_execution_cycles,104292014,cycles,176,104292014
n1_i10,10,1,10,performance,layers.*/mlp,/model/layers.5/mlp/up_proj/MatMul,FullyConnected,FullyConnected,fullyconnected:/model/layers.5/mlp/up_proj/MatMul,fullyconnected:/model/layers.5/mlp/up_proj/MatMul,fully_connected,fully_connected_gpu_bf_tiled__f16,489,false,false,1,1,fully_connected_gpu_bf_tiled_2740906288179525049_0_0,gtpin_total_execution_cycles,109969602,cycles,176,109969602
n1_i10,10,1,10,performance,layers.*/post_attention_layernorm,/model/layers.5/post_attention_layernorm/Mul,RMS,RMS,rms:/model/layers.5/post_attention_layernorm/Mul,rms:/model/layers.5/post_attention_layernorm/Mul,rms,rms_gpu_bfyx_opt__f16,488,false,false,1,1,rms_gpu_bfyx_opt_10690270683970839748_0_0__sa,gtpin_total_execution_cycles,1884904,cycles,256,1884904
n1_i10,10,1,10,performance,layers.*/self_attn,/model/layers.5/self_attn/Add,RoPE,RoPE,rope:/model/layers.5/self_attn/Add,rope:/model/layers.5/self_attn/Add,rope,ocl::rope::opt___f16,464,false,false,1,1,rope_opt__13889706310558783765__sa,gtpin_total_execution_cycles,1122806,cycles,64,1122806
n1_i10,10,1,10,performance,layers.*/self_attn,/model/layers.5/self_attn/Add_1,RoPE,RoPE,rope:/model/layers.5/self_attn/Add_1,rope:/model/layers.5/self_attn/Add_1,rope,ocl::rope::opt___f16,465,false,false,1,1,rope_opt__6960924190377492479__sa,gtpin_total_execution_cycles,77818,cycles,8,77818
n1_i10,10,1,10,performance,layers.*/self_attn,/model/layers.5/self_attn/Expand,Broadcast,Broadcast,broadcast:/model/layers.5/self_attn/Expand,broadcast:/model/layers.5/self_attn/Expand,broadcast,broadcast_gpu_ref__f16,477,false,false,1,1,broadcast_gpu_ref_6456514822857321615_0_0__sa,gtpin_total_execution_cycles,4871636,cycles,1024,4871636
n1_i10,10,1,10,performance,layers.*/self_attn,/model/layers.5/self_attn/Expand_1,Broadcast,Broadcast,broadcast:/model/layers.5/self_attn/Expand_1,broadcast:/model/layers.5/self_attn/Expand_1,broadcast,broadcast_gpu_ref__f16,470,false,false,1,1,broadcast_gpu_ref_6456514822857321615_0_0__sa,gtpin_total_execution_cycles,4126430,cycles,1024,4126430
n1_i10,10,1,10,performance,layers.*/self_attn,/model/layers.5/self_attn/IsNaN,IsNaN,IsNaN,isnan:/model/layers.5/self_attn/IsNaN,isnan:/model/layers.5/self_attn/IsNaN,eltwise,generic_eltwise_ref__f16,483,false,false,1,1,generic_eltwise_ref_1696504087421334661_0_0__sa,gtpin_total_execution_cycles,1137178,cycles,256,1137178
n1_i10,10,1,10,performance,layers.*/self_attn,/model/layers.5/self_attn/MatMul,Gemm,Gemm,gemm:/model/layers.5/self_attn/MatMul,gemm:/model/layers.5/self_attn/MatMul,gemm,gemm_tiled_opt__f16,481,false,false,1,1,gemm_tiled_opt_7238579717421349067_1_0__sa,gtpin_total_execution_cycles,3454506,cycles,32,3454506
n1_i10,10,1,10,performance,layers.*/self_attn,/model/layers.5/self_attn/Mul_8,Multiply,Multiply,multiply:/model/layers.5/self_attn/Mul_8,multiply:/model/layers.5/self_attn/Mul_8,eltwise,generic_eltwise_ref__f16,467,false,false,1,1,generic_eltwise_ref_7125964068740378811_0_0__sa,gtpin_total_execution_cycles,5172072,cycles,1024,5172072
n1_i10,10,1,10,performance,layers.*/self_attn,/model/layers.5/self_attn/Softmax,Softmax,Softmax,softmax:/model/layers.5/self_attn/Softmax,softmax:/model/layers.5/self_attn/Softmax,softmax,softmax_gpu_bf__f16,482,false,false,1,1,softmax_gpu_bf_18392998524141771378_0_0__sa,gtpin_total_execution_cycles,8484095,cycles,512,8484095
n1_i10,10,1,10,performance,layers.*/self_attn,/model/layers.5/self_attn/Transpose_2,Transpose,Transpose,transpose:/model/layers.5/self_attn/Transpose_2,transpose:/model/layers.5/self_attn/Transpose_2,permute,permute_ref__f16,463,false,false,1,1,permute_ref_653960189515371720_0_0__sa,gtpin_total_execution_cycles,563516,cycles,128,563516
n1_i10,10,1,10,performance,layers.*/self_attn,/model/layers.5/self_attn/Transpose_3,Transpose,Transpose,transpose:/model/layers.5/self_attn/Transpose_3,transpose:/model/layers.5/self_attn/Transpose_3,permute,permute_ref__f16,480,false,false,1,1,permute_ref_17183202574580890641_0_0__sa,gtpin_total_execution_cycles,5229750,cycles,1024,5229750
n1_i10,10,1,10,performance,layers.*/self_attn,/model/layers.5/self_attn/Transpose_4,Gemm,Gemm,gemm:/model/layers.5/self_attn/Transpose_4,gemm:/model/layers.5/self_attn/Transpose_4,gemm,gemm_tiled_opt__f16,485,false,false,1,1,gemm_tiled_opt_12829285813189929928_0_0__sa,gtpin_total_execution_cycles,1977326,cycles,64,1977326
n1_i10,10,1,10,performance,layers.*/self_attn,/model/layers.5/self_attn/Where_2,Select,Select,select:/model/layers.5/self_attn/Where_2,select:/model/layers.5/self_attn/Where_2,select,select_gpu_ref__u8,478,false,false,1,1,select_gpu_ref_7464502897564813179_0_0__sa,gtpin_total_execution_cycles,36656,cycles,8,36656
n1_i10,10,1,10,performance,layers.*/self_attn,/model/layers.5/self_attn/Where_3,Select,Select,select:/model/layers.5/self_attn/Where_3,select:/model/layers.5/self_attn/Where_3,select,select_gpu_ref__u8,484,false,false,1,1,select_gpu_ref_5609897181611433017_0_0__sa,gtpin_total_execution_cycles,1431032,cycles,256,1431032
n1_i10,10,1,10,performance,layers.*/self_attn,/model/layers.5/self_attn/k_proj/MatMul,FullyConnected,FullyConnected,fullyconnected:/model/layers.5/self_attn/k_proj/MatMul,fullyconnected:/model/layers.5/self_attn/k_proj/MatMul,fully_connected,fully_connected_gpu_bf_tiled__f16,459,false,false,1,1,fully_connected_gpu_bf_tiled_17963963101609895522_0_0,gtpin_total_execution_cycles,3745352,cycles,8,3745352
n1_i10,10,1,10,performance,layers.*/self_attn,/model/layers.5/self_attn/o_proj/MatMul,FullyConnected,FullyConnected,fullyconnected:/model/layers.5/self_attn/o_proj/MatMul,fullyconnected:/model/layers.5/self_attn/o_proj/MatMul,fully_connected,fully_connected_gpu_bf_tiled__f16,487,false,false,1,1,fully_connected_gpu_bf_tiled_14284117615310227244_0_0,gtpin_total_execution_cycles,28110008,cycles,64,28110008
n1_i10,10,1,10,performance,layers.*/self_attn,/model/layers.5/self_attn/q_proj/MatMul,FullyConnected,FullyConnected,fullyconnected:/model/layers.5/self_attn/q_proj/MatMul,fullyconnected:/model/layers.5/self_attn/q_proj/MatMul,fully_connected,fully_connected_gpu_bf_tiled__f16,458,false,false,1,1,fully_connected_gpu_bf_tiled_5315586391497964380_0_0,gtpin_total_execution_cycles,28977962,cycles,64,28977962
n1_i10,10,1,10,performance,layers.*/self_attn,/model/layers.5/self_attn/v_proj/MatMul,FullyConnected,FullyConnected,fullyconnected:/model/layers.5/self_attn/v_proj/MatMul,fullyconnected:/model/layers.5/self_attn/v_proj/MatMul,fully_connected,fully_connected_gpu_bf_tiled__f16,457,false,false,1,1,fully_connected_gpu_bf_tiled_17963963101609895522_0_0,gtpin_total_execution_cycles,3529066,cycles,8,3529066
n1_i10,10,1,10,performance,layers.*/input_layernorm,/model/layers.6/input_layernorm/Mul,RMS,RMS,rms:/model/layers.6/input_layernorm/Mul,rms:/model/layers.6/input_layernorm/Mul,rms,rms_gpu_bfyx_opt__f16,492,false,false,1,1,rms_gpu_bfyx_opt_10690270683970839748_0_0__sa,gtpin_total_execution_cycles,1537516,cycles,256,1537516
n1_i10,10,1,10,performance,layers.*/mlp,/model/layers.6/mlp/down_proj/MatMul,FullyConnected,FullyConnected,fullyconnected:/model/layers.6/mlp/down_proj/MatMul,fullyconnected:/model/layers.6/mlp/down_proj/MatMul,fully_connected,fully_connected_gpu_bf_tiled__f16,527,false,false,1,1,fully_connected_gpu_bf_tiled_2727911967636154657_0_0,gtpin_total_execution_cycles,74454132,cycles,64,74454132
n1_i10,10,1,10,performance,layers.*/mlp,/model/layers.6/mlp/gate_proj/MatMul,FullyConnected,FullyConnected,fullyconnected:/model/layers.6/mlp/gate_proj/MatMul,fullyconnected:/model/layers.6/mlp/gate_proj/MatMul,fully_connected,fully_connected_gpu_bf_tiled__f16,526,false,false,1,1,fully_connected_gpu_bf_tiled_9957149419786459120_0_0,gtpin_total_execution_cycles,107567910,cycles,176,107567910
n1_i10,10,1,10,performance,layers.*/mlp,/model/layers.6/mlp/up_proj/MatMul,FullyConnected,FullyConnected,fullyconnected:/model/layers.6/mlp/up_proj/MatMul,fullyconnected:/model/layers.6/mlp/up_proj/MatMul,fully_connected,fully_connected_gpu_bf_tiled__f16,525,false,false,1,1,fully_connected_gpu_bf_tiled_2740906288179525049_0_0,gtpin_total_execution_cycles,102971204,cycles,176,102971204
n1_i10,10,1,10,performance,layers.*/post_attention_layernorm,/model/layers.6/post_attention_layernorm/Mul,RMS,RMS,rms:/model/layers.6/post_attention_layernorm/Mul,rms:/model/layers.6/post_attention_layernorm/Mul,rms,rms_gpu_bfyx_opt__f16,524,false,false,1,1,rms_gpu_bfyx_opt_10690270683970839748_0_0__sa,gtpin_total_execution_cycles,2496416,cycles,256,2496416
n1_i10,10,1,10,performance,layers.*/self_attn,/model/layers.6/self_attn/Add,RoPE,RoPE,rope:/model/layers.6/self_attn/Add,rope:/model/layers.6/self_attn/Add,rope,ocl::rope::opt___f16,500,false,false,1,1,rope_opt__13889706310558783765__sa,gtpin_total_execution_cycles,935714,cycles,64,935714
n1_i10,10,1,10,performance,layers.*/self_attn,/model/layers.6/self_attn/Add_1,RoPE,RoPE,rope:/model/layers.6/self_attn/Add_1,rope:/model/layers.6/self_attn/Add_1,rope,ocl::rope::opt___f16,501,false,false,1,1,rope_opt__6960924190377492479__sa,gtpin_total_execution_cycles,62002,cycles,8,62002
n1_i10,10,1,10,performance,layers.*/self_attn,/model/layers.6/self_attn/Expand,Broadcast,Broadcast,broadcast:/model/layers.6/self_attn/Expand,broadcast:/model/layers.6/self_attn/Expand,broadcast,broadcast_gpu_ref__f16,513,false,false,1,1,broadcast_gpu_ref_6456514822857321615_0_0__sa,gtpin_total_execution_cycles,5352630,cycles,1024,5352630
n1_i10,10,1,10,performance,layers.*/self_attn,/model/layers.6/self_attn/Expand_1,Broadcast,Broadcast,broadcast:/model/layers.6/self_attn/Expand_1,broadcast:/model/layers.6/self_attn/Expand_1,broadcast,broadcast_gpu_ref__f16,506,false,false,1,1,broadcast_gpu_ref_6456514822857321615_0_0__sa,gtpin_total_execution_cycles,4345638,cycles,1024,4345638
n1_i10,10,1,10,performance,layers.*/self_attn,/model/layers.6/self_attn/IsNaN,IsNaN,IsNaN,isnan:/model/layers.6/self_attn/IsNaN,isnan:/model/layers.6/self_attn/IsNaN,eltwise,generic_eltwise_ref__f16,519,false,false,1,1,generic_eltwise_ref_1696504087421334661_0_0__sa,gtpin_total_execution_cycles,1522432,cycles,256,1522432
n1_i10,10,1,10,performance,layers.*/self_attn,/model/layers.6/self_attn/MatMul,Gemm,Gemm,gemm:/model/layers.6/self_attn/MatMul,gemm:/model/layers.6/self_attn/MatMul,gemm,gemm_tiled_opt__f16,517,false,false,1,1,gemm_tiled_opt_7238579717421349067_1_0__sa,gtpin_total_execution_cycles,3396962,cycles,32,3396962
n1_i10,10,1,10,performance,layers.*/self_attn,/model/layers.6/self_attn/Mul_8,Multiply,Multiply,multiply:/model/layers.6/self_attn/Mul_8,multiply:/model/layers.6/self_attn/Mul_8,eltwise,generic_eltwise_ref__f16,503,false,false,1,1,generic_eltwise_ref_7125964068740378811_0_0__sa,gtpin_total_execution_cycles,5482632,cycles,1024,5482632
n1_i10,10,1,10,performance,layers.*/self_attn,/model/layers.6/self_attn/Softmax,Softmax,Softmax,softmax:/model/layers.6/self_attn/Softmax,softmax:/model/layers.6/self_attn/Softmax,softmax,softmax_gpu_bf__f16,518,false,false,1,1,softmax_gpu_bf_18392998524141771378_0_0__sa,gtpin_total_execution_cycles,7681221,cycles,512,7681221
n1_i10,10,1,10,performance,layers.*/self_attn,/model/layers.6/self_attn/Transpose_2,Transpose,Transpose,transpose:/model/layers.6/self_attn/Transpose_2,transpose:/model/layers.6/self_attn/Transpose_2,permute,permute_ref__f16,499,false,false,1,1,permute_ref_653960189515371720_0_0__sa,gtpin_total_execution_cycles,538316,cycles,128,538316
n1_i10,10,1,10,performance,layers.*/self_attn,/model/layers.6/self_attn/Transpose_3,Transpose,Transpose,transpose:/model/layers.6/self_attn/Transpose_3,transpose:/model/layers.6/self_attn/Transpose_3,permute,permute_ref__f16,516,false,false,1,1,permute_ref_17183202574580890641_0_0__sa,gtpin_total_execution_cycles,5504394,cycles,1024,5504394
n1_i10,10,1,10,performance,layers.*/self_attn,/model/layers.6/self_attn/Transpose_4,Gemm,Gemm,gemm:/model/layers.6/self_attn/Transpose_4,gemm:/model/layers.6/self_attn/Transpose_4,gemm,gemm_tiled_opt__f16,521,false,false,1,1,gemm_tiled_opt_12829285813189929928_0_0__sa,gtpin_total_execution_cycles,2010254,cycles,64,2010254
n1_i10,10,1,10,performance,layers.*/self_attn,/model/layers.6/self_attn/Where_2,Select,Select,select:/model/layers.6/self_attn/Where_2,select:/model/layers.6/self_attn/Where_2,select,select_gpu_ref__u8,514,false,false,1,1,select_gpu_ref_7464502897564813179_0_0__sa,gtpin_total_execution_cycles,41628,cycles,8,41628
n1_i10,10,1,10,performance,layers.*/self_attn,/model/layers.6/self_attn/Where_3,Select,Select,select:/model/layers.6/self_attn/Where_3,select:/model/layers.6/self_attn/Where_3,select,select_gpu_ref__u8,520,false,false,1,1,select_gpu_ref_5609897181611433017_0_0__sa,gtpin_total_execution_cycles,1437762,cycles,256,1437762
n1_i10,10,1,10,performance,layers.*/self_attn,/model/layers.6/self_attn/k_proj/MatMul,FullyConnected,FullyConnected,fullyconnected:/model/layers.6/self_attn/k_proj/MatMul,fullyconnected:/model/layers.6/self_attn/k_proj/MatMul,fully_connected,fully_connected_gpu_bf_tiled__f16,495,false,false,1,1,fully_connected_gpu_bf_tiled_17963963101609895522_0_0,gtpin_total_execution_cycles,3601234,cycles,8,3601234
n1_i10,10,1,10,performance,layers.*/self_attn,/model/layers.6/self_attn/o_proj/MatMul,FullyConnected,FullyConnected,fullyconnected:/model/layers.6/self_attn/o_proj/MatMul,fullyconnected:/model/layers.6/self_attn/o_proj/MatMul,fully_connected,fully_connected_gpu_bf_tiled__f16,523,false,false,1,1,fully_connected_gpu_bf_tiled_14284117615310227244_0_0,gtpin_total_execution_cycles,27758580,cycles,64,27758580
n1_i10,10,1,10,performance,layers.*/self_attn,/model/layers.6/self_attn/q_proj/MatMul,FullyConnected,FullyConnected,fullyconnected:/model/layers.6/self_attn/q_proj/MatMul,fullyconnected:/model/layers.6/self_attn/q_proj/MatMul,fully_connected,fully_connected_gpu_bf_tiled__f16,494,false,false,1,1,fully_connected_gpu_bf_tiled_5315586391497964380_0_0,gtpin_total_execution_cycles,27806368,cycles,64,27806368
n1_i10,10,1,10,performance,layers.*/self_attn,/model/layers.6/self_attn/v_proj/MatMul,FullyConnected,FullyConnected,fullyconnected:/model/layers.6/self_attn/v_proj/MatMul,fullyconnected:/model/layers.6/self_attn/v_proj/MatMul,fully_connected,fully_connected_gpu_bf_tiled__f16,493,false,false,1,1,fully_connected_gpu_bf_tiled_17963963101609895522_0_0,gtpin_total_execution_cycles,3388594,cycles,8,3388594
n1_i10,10,1,10,performance,layers.*/input_layernorm,/model/layers.7/input_layernorm/Mul,RMS,RMS,rms:/model/layers.7/input_layernorm/Mul,rms:/model/layers.7/input_layernorm/Mul,rms,rms_gpu_bfyx_opt__f16,528,false,false,1,1,rms_gpu_bfyx_opt_10690270683970839748_0_0__sa,gtpin_total_execution_cycles,2134636,cycles,256,2134636
n1_i10,10,1,10,performance,layers.*/mlp,/model/layers.7/mlp/down_proj/MatMul,FullyConnected,FullyConnected,fullyconnected:/model/layers.7/mlp/down_proj/MatMul,fullyconnected:/model/layers.7/mlp/down_proj/MatMul,fully_connected,fully_connected_gpu_bf_tiled__f16,563,false,false,1,1,fully_connected_gpu_bf_tiled_2727911967636154657_0_0,gtpin_total_execution_cycles,76642422,cycles,64,76642422
n1_i10,10,1,10,performance,layers.*/mlp,/model/layers.7/mlp/gate_proj/MatMul,FullyConnected,FullyConnected,fullyconnected:/model/layers.7/mlp/gate_proj/MatMul,fullyconnected:/model/layers.7/mlp/gate_proj/MatMul,fully_connected,fully_connected_gpu_bf_tiled__f16,562,false,false,1,1,fully_connected_gpu_bf_tiled_9957149419786459120_0_0,gtpin_total_execution_cycles,110133310,cycles,176,110133310
n1_i10,10,1,10,performance,layers.*/mlp,/model/layers.7/mlp/up_proj/MatMul,FullyConnected,FullyConnected,fullyconnected:/model/layers.7/mlp/up_proj/MatMul,fullyconnected:/model/layers.7/mlp/up_proj/MatMul,fully_connected,fully_connected_gpu_bf_tiled__f16,561,false,false,1,1,fully_connected_gpu_bf_tiled_2740906288179525049_0_0,gtpin_total_execution_cycles,102966986,cycles,176,102966986
n1_i10,10,1,10,performance,layers.*/post_attention_layernorm,/model/layers.7/post_attention_layernorm/Mul,RMS,RMS,rms:/model/layers.7/post_attention_layernorm/Mul,rms:/model/layers.7/post_attention_layernorm/Mul,rms,rms_gpu_bfyx_opt__f16,560,false,false,1,1,rms_gpu_bfyx_opt_10690270683970839748_0_0__sa,gtpin_total_execution_cycles,1916730,cycles,256,1916730
n1_i10,10,1,10,performance,layers.*/self_attn,/model/layers.7/self_attn/Add,RoPE,RoPE,rope:/model/layers.7/self_attn/Add,rope:/model/layers.7/self_attn/Add,rope,ocl::rope::opt___f16,536,false,false,1,1,rope_opt__13889706310558783765__sa,gtpin_total_execution_cycles,813040,cycles,64,813040
n1_i10,10,1,10,performance,layers.*/self_attn,/model/layers.7/self_attn/Add_1,RoPE,RoPE,rope:/model/layers.7/self_attn/Add_1,rope:/model/layers.7/self_attn/Add_1,rope,ocl::rope::opt___f16,537,false,false,1,1,rope_opt__6960924190377492479__sa,gtpin_total_execution_cycles,61538,cycles,8,61538
n1_i10,10,1,10,performance,layers.*/self_attn,/model/layers.7/self_attn/Expand,Broadcast,Broadcast,broadcast:/model/layers.7/self_attn/Expand,broadcast:/model/layers.7/self_attn/Expand,broadcast,broadcast_gpu_ref__f16,549,false,false,1,1,broadcast_gpu_ref_6456514822857321615_0_0__sa,gtpin_total_execution_cycles,3560654,cycles,1024,3560654
n1_i10,10,1,10,performance,layers.*/self_attn,/model/layers.7/self_attn/Expand_1,Broadcast,Broadcast,broadcast:/model/layers.7/self_attn/Expand_1,broadcast:/model/layers.7/self_attn/Expand_1,broadcast,broadcast_gpu_ref__f16,542,false,false,1,1,broadcast_gpu_ref_6456514822857321615_0_0__sa,gtpin_total_execution_cycles,4412614,cycles,1024,4412614
n1_i10,10,1,10,performance,layers.*/self_attn,/model/layers.7/self_attn/IsNaN,IsNaN,IsNaN,isnan:/model/layers.7/self_attn/IsNaN,isnan:/model/layers.7/self_attn/IsNaN,eltwise,generic_eltwise_ref__f16,555,false,false,1,1,generic_eltwise_ref_1696504087421334661_0_0__sa,gtpin_total_execution_cycles,1205172,cycles,256,1205172
n1_i10,10,1,10,performance,layers.*/self_attn,/model/layers.7/self_attn/MatMul,Gemm,Gemm,gemm:/model/layers.7/self_attn/MatMul,gemm:/model/layers.7/self_attn/MatMul,gemm,gemm_tiled_opt__f16,553,false,false,1,1,gemm_tiled_opt_7238579717421349067_1_0__sa,gtpin_total_execution_cycles,3440304,cycles,32,3440304
n1_i10,10,1,10,performance,layers.*/self_attn,/model/layers.7/self_attn/Mul_8,Multiply,Multiply,multiply:/model/layers.7/self_attn/Mul_8,multiply:/model/layers.7/self_attn/Mul_8,eltwise,generic_eltwise_ref__f16,539,false,false,1,1,generic_eltwise_ref_7125964068740378811_0_0__sa,gtpin_total_execution_cycles,4531826,cycles,1024,4531826
n1_i10,10,1,10,performance,layers.*/self_attn,/model/layers.7/self_attn/Softmax,Softmax,Softmax,softmax:/model/layers.7/self_attn/Softmax,softmax:/model/layers.7/self_attn/Softmax,softmax,softmax_gpu_bf__f16,554,false,false,1,1,softmax_gpu_bf_18392998524141771378_0_0__sa,gtpin_total_execution_cycles,8078754,cycles,512,8078754
n1_i10,10,1,10,performance,layers.*/self_attn,/model/layers.7/self_attn/Transpose_2,Transpose,Transpose,transpose:/model/layers.7/self_attn/Transpose_2,transpose:/model/layers.7/self_attn/Transpose_2,permute,permute_ref__f16,535,false,false,1,1,permute_ref_653960189515371720_0_0__sa,gtpin_total_execution_cycles,559622,cycles,128,559622
n1_i10,10,1,10,performance,layers.*/self_attn,/model/layers.7/self_attn/Transpose_3,Transpose,Transpose,transpose:/model/layers.7/self_attn/Transpose_3,transpose:/model/layers.7/self_attn/Transpose_3,permute,permute_ref__f16,552,false,false,1,1,permute_ref_17183202574580890641_0_0__sa,gtpin_total_execution_cycles,4888074,cycles,1024,4888074
n1_i10,10,1,10,performance,layers.*/self_attn,/model/layers.7/self_attn/Transpose_4,Gemm,Gemm,gemm:/model/layers.7/self_attn/Transpose_4,gemm:/model/layers.7/self_attn/Transpose_4,gemm,gemm_tiled_opt__f16,557,false,false,1,1,gemm_tiled_opt_12829285813189929928_0_0__sa,gtpin_total_execution_cycles,2155726,cycles,64,2155726
n1_i10,10,1,10,performance,layers.*/self_attn,/model/layers.7/self_attn/Where_2,Select,Select,select:/model/layers.7/self_attn/Where_2,select:/model/layers.7/self_attn/Where_2,select,select_gpu_ref__u8,550,false,false,1,1,select_gpu_ref_7464502897564813179_0_0__sa,gtpin_total_execution_cycles,35248,cycles,8,35248
n1_i10,10,1,10,performance,layers.*/self_attn,/model/layers.7/self_attn/Where_3,Select,Select,select:/model/layers.7/self_attn/Where_3,select:/model/layers.7/self_attn/Where_3,select,select_gpu_ref__u8,556,false,false,1,1,select_gpu_ref_5609897181611433017_0_0__sa,gtpin_total_execution_cycles,2137508,cycles,256,2137508
n1_i10,10,1,10,performance,layers.*/self_attn,/model/layers.7/self_attn/k_proj/MatMul,FullyConnected,FullyConnected,fullyconnected:/model/layers.7/self_attn/k_proj/MatMul,fullyconnected:/model/layers.7/self_attn/k_proj/MatMul,fully_connected,fully_connected_gpu_bf_tiled__f16,531,false,false,1,1,fully_connected_gpu_bf_tiled_17963963101609895522_0_0,gtpin_total_execution_cycles,3812750,cycles,8,3812750
n1_i10,10,1,10,performance,layers.*/self_attn,/model/layers.7/self_attn/o_proj/MatMul,FullyConnected,FullyConnected,fullyconnected:/model/layers.7/self_attn/o_proj/MatMul,fullyconnected:/model/layers.7/self_attn/o_proj/MatMul,fully_connected,fully_connected_gpu_bf_tiled__f16,559,false,false,1,1,fully_connected_gpu_bf_tiled_14284117615310227244_0_0,gtpin_total_execution_cycles,28341510,cycles,64,28341510
n1_i10,10,1,10,performance,layers.*/self_attn,/model/layers.7/self_attn/q_proj/MatMul,FullyConnected,FullyConnected,fullyconnected:/model/layers.7/self_attn/q_proj/MatMul,fullyconnected:/model/layers.7/self_attn/q_proj/MatMul,fully_connected,fully_connected_gpu_bf_tiled__f16,530,false,false,1,1,fully_connected_gpu_bf_tiled_5315586391497964380_0_0,gtpin_total_execution_cycles,29592136,cycles,64,29592136
n1_i10,10,1,10,performance,layers.*/self_attn,/model/layers.7/self_attn/v_proj/MatMul,FullyConnected,FullyConnected,fullyconnected:/model/layers.7/self_attn/v_proj/MatMul,fullyconnected:/model/layers.7/self_attn/v_proj/MatMul,fully_connected,fully_connected_gpu_bf_tiled__f16,529,false,false,1,1,fully_connected_gpu_bf_tiled_17963963101609895522_0_0,gtpin_total_execution_cycles,3615892,cycles,8,3615892
n1_i10,10,1,10,performance,layers.*/input_layernorm,/model/layers.8/input_layernorm/Mul,RMS,RMS,rms:/model/layers.8/input_layernorm/Mul,rms:/model/layers.8/input_layernorm/Mul,rms,rms_gpu_bfyx_opt__f16,564,false,false,1,1,rms_gpu_bfyx_opt_10690270683970839748_0_0__sa,gtpin_total_execution_cycles,1779840,cycles,256,1779840
n1_i10,10,1,10,performance,layers.*/mlp,/model/layers.8/mlp/down_proj/MatMul,FullyConnected,FullyConnected,fullyconnected:/model/layers.8/mlp/down_proj/MatMul,fullyconnected:/model/layers.8/mlp/down_proj/MatMul,fully_connected,fully_connected_gpu_bf_tiled__f16,599,false,false,1,1,fully_connected_gpu_bf_tiled_2727911967636154657_0_0,gtpin_total_execution_cycles,74950514,cycles,64,74950514
n1_i10,10,1,10,performance,layers.*/mlp,/model/layers.8/mlp/gate_proj/MatMul,FullyConnected,FullyConnected,fullyconnected:/model/layers.8/mlp/gate_proj/MatMul,fullyconnected:/model/layers.8/mlp/gate_proj/MatMul,fully_connected,fully_connected_gpu_bf_tiled__f16,598,false,false,1,1,fully_connected_gpu_bf_tiled_9957149419786459120_0_0,gtpin_total_execution_cycles,111575066,cycles,176,111575066
n1_i10,10,1,10,performance,layers.*/mlp,/model/layers.8/mlp/up_proj/MatMul,FullyConnected,FullyConnected,fullyconnected:/model/layers.8/mlp/up_proj/MatMul,fullyconnected:/model/layers.8/mlp/up_proj/MatMul,fully_connected,fully_connected_gpu_bf_tiled__f16,597,false,false,1,1,fully_connected_gpu_bf_tiled_2740906288179525049_0_0,gtpin_total_execution_cycles,109783904,cycles,176,109783904
n1_i10,10,1,10,performance,layers.*/post_attention_layernorm,/model/layers.8/post_attention_layernorm/Mul,RMS,RMS,rms:/model/layers.8/post_attention_layernorm/Mul,rms:/model/layers.8/post_attention_layernorm/Mul,rms,rms_gpu_bfyx_opt__f16,596,false,false,1,1,rms_gpu_bfyx_opt_10690270683970839748_0_0__sa,gtpin_total_execution_cycles,1744240,cycles,256,1744240
n1_i10,10,1,10,performance,layers.*/self_attn,/model/layers.8/self_attn/Add,RoPE,RoPE,rope:/model/layers.8/self_attn/Add,rope:/model/layers.8/self_attn/Add,rope,ocl::rope::opt___f16,572,false,false,1,1,rope_opt__13889706310558783765__sa,gtpin_total_execution_cycles,861182,cycles,64,861182
n1_i10,10,1,10,performance,layers.*/self_attn,/model/layers.8/self_attn/Add_1,RoPE,RoPE,rope:/model/layers.8/self_attn/Add_1,rope:/model/layers.8/self_attn/Add_1,rope,ocl::rope::opt___f16,573,false,false,1,1,rope_opt__6960924190377492479__sa,gtpin_total_execution_cycles,58770,cycles,8,58770
n1_i10,10,1,10,performance,layers.*/self_attn,/model/layers.8/self_attn/Expand,Broadcast,Broadcast,broadcast:/model/layers.8/self_attn/Expand,broadcast:/model/layers.8/self_attn/Expand,broadcast,broadcast_gpu_ref__f16,585,false,false,1,1,broadcast_gpu_ref_6456514822857321615_0_0__sa,gtpin_total_execution_cycles,4098738,cycles,1024,4098738
n1_i10,10,1,10,performance,layers.*/self_attn,/model/layers.8/self_attn/Expand_1,Broadcast,Broadcast,broadcast:/model/layers.8/self_attn/Expand_1,broadcast:/model/layers.8/self_attn/Expand_1,broadcast,broadcast_gpu_ref__f16,578,false,false,1,1,broadcast_gpu_ref_6456514822857321615_0_0__sa,gtpin_total_execution_cycles,4535496,cycles,1024,4535496
n1_i10,10,1,10,performance,layers.*/self_attn,/model/layers.8/self_attn/IsNaN,IsNaN,IsNaN,isnan:/model/layers.8/self_attn/IsNaN,isnan:/model/layers.8/self_attn/IsNaN,eltwise,generic_eltwise_ref__f16,591,false,false,1,1,generic_eltwise_ref_1696504087421334661_0_0__sa,gtpin_total_execution_cycles,1302014,cycles,256,1302014
n1_i10,10,1,10,performance,layers.*/self_attn,/model/layers.8/self_attn/MatMul,Gemm,Gemm,gemm:/model/layers.8/self_attn/MatMul,gemm:/model/layers.8/self_attn/MatMul,gemm,gemm_tiled_opt__f16,589,false,false,1,1,gemm_tiled_opt_7238579717421349067_1_0__sa,gtpin_total_execution_cycles,3677800,cycles,32,3677800
n1_i10,10,1,10,performance,layers.*/self_attn,/model/layers.8/self_attn/Mul_8,Multiply,Multiply,multiply:/model/layers.8/self_attn/Mul_8,multiply:/model/layers.8/self_attn/Mul_8,eltwise,generic_eltwise_ref__f16,575,false,false,1,1,generic_eltwise_ref_7125964068740378811_0_0__sa,gtpin_total_execution_cycles,4869120,cycles,1024,4869120
n1_i10,10,1,10,performance,layers.*/self_attn,/model/layers.8/self_attn/Softmax,Softmax,Softmax,softmax:/model/layers.8/self_attn/Softmax,softmax:/model/layers.8/self_attn/Softmax,softmax,softmax_gpu_bf__f16,590,false,false,1,1,softmax_gpu_bf_18392998524141771378_0_0__sa,gtpin_total_execution_cycles,8830911,cycles,512,8830911
n1_i10,10,1,10,performance,layers.*/self_attn,/model/layers.8/self_attn/Transpose_2,Transpose,Transpose,transpose:/model/layers.8/self_attn/Transpose_2,transpose:/model/layers.8/self_attn/Transpose_2,permute,permute_ref__f16,571,false,false,1,1,permute_ref_653960189515371720_0_0__sa,gtpin_total_execution_cycles,537652,cycles,128,537652
n1_i10,10,1,10,performance,layers.*/self_attn,/model/layers.8/self_attn/Transpose_3,Transpose,Transpose,transpose:/model/layers.8/self_attn/Transpose_3,transpose:/model/layers.8/self_attn/Transpose_3,permute,permute_ref__f16,588,false,false,1,1,permute_ref_17183202574580890641_0_0__sa,gtpin_total_execution_cycles,4890712,cycles,1024,4890712
n1_i10,10,1,10,performance,layers.*/self_attn,/model/layers.8/self_attn/Transpose_4,Gemm,Gemm,gemm:/model/layers.8/self_attn/Transpose_4,gemm:/model/layers.8/self_attn/Transpose_4,gemm,gemm_tiled_opt__f16,593,false,false,1,1,gemm_tiled_opt_12829285813189929928_0_0__sa,gtpin_total_execution_cycles,1978578,cycles,64,1978578
n1_i10,10,1,10,performance,layers.*/self_attn,/model/layers.8/self_attn/Where_2,Select,Select,select:/model/layers.8/self_attn/Where_2,select:/model/layers.8/self_attn/Where_2,select,select_gpu_ref__u8,586,false,false,1,1,select_gpu_ref_7464502897564813179_0_0__sa,gtpin_total_execution_cycles,36786,cycles,8,36786
n1_i10,10,1,10,performance,layers.*/self_attn,/model/layers.8/self_attn/Where_3,Select,Select,select:/model/layers.8/self_attn/Where_3,select:/model/layers.8/self_attn/Where_3,select,select_gpu_ref__u8,592,false,false,1,1,select_gpu_ref_5609897181611433017_0_0__sa,gtpin_total_execution_cycles,1466738,cycles,256,1466738
n1_i10,10,1,10,performance,layers.*/self_attn,/model/layers.8/self_attn/k_proj/MatMul,FullyConnected,FullyConnected,fullyconnected:/model/layers.8/self_attn/k_proj/MatMul,fullyconnected:/model/layers.8/self_attn/k_proj/MatMul,fully_connected,fully_connected_gpu_bf_tiled__f16,567,false,false,1,1,fully_connected_gpu_bf_tiled_17963963101609895522_0_0,gtpin_total_execution_cycles,3754944,cycles,8,3754944
n1_i10,10,1,10,performance,layers.*/self_attn,/model/layers.8/self_attn/o_proj/MatMul,FullyConnected,FullyConnected,fullyconnected:/model/layers.8/self_attn/o_proj/MatMul,fullyconnected:/model/layers.8/self_attn/o_proj/MatMul,fully_connected,fully_connected_gpu_bf_tiled__f16,595,false,false,1,1,fully_connected_gpu_bf_tiled_14284117615310227244_0_0,gtpin_total_execution_cycles,29879408,cycles,64,29879408
n1_i10,10,1,10,performance,layers.*/self_attn,/model/layers.8/self_attn/q_proj/MatMul,FullyConnected,FullyConnected,fullyconnected:/model/layers.8/self_attn/q_proj/MatMul,fullyconnected:/model/layers.8/self_attn/q_proj/MatMul,fully_connected,fully_connected_gpu_bf_tiled__f16,566,false,false,1,1,fully_connected_gpu_bf_tiled_5315586391497964380_0_0,gtpin_total_execution_cycles,29045158,cycles,64,29045158
n1_i10,10,1,10,performance,layers.*/self_attn,/model/layers.8/self_attn/v_proj/MatMul,FullyConnected,FullyConnected,fullyconnected:/model/layers.8/self_attn/v_proj/MatMul,fullyconnected:/model/layers.8/self_attn/v_proj/MatMul,fully_connected,fully_connected_gpu_bf_tiled__f16,565,false,false,1,1,fully_connected_gpu_bf_tiled_17963963101609895522_0_0,gtpin_total_execution_cycles,3535702,cycles,8,3535702
n1_i10,10,1,10,performance,layers.*/input_layernorm,/model/layers.9/input_layernorm/Mul,RMS,RMS,rms:/model/layers.9/input_layernorm/Mul,rms:/model/layers.9/input_layernorm/Mul,rms,rms_gpu_bfyx_opt__f16,600,false,false,1,1,rms_gpu_bfyx_opt_10690270683970839748_0_0__sa,gtpin_total_execution_cycles,1584530,cycles,256,1584530
n1_i10,10,1,10,performance,layers.*/mlp,/model/layers.9/mlp/down_proj/MatMul,FullyConnected,FullyConnected,fullyconnected:/model/layers.9/mlp/down_proj/MatMul,fullyconnected:/model/layers.9/mlp/down_proj/MatMul,fully_connected,fully_connected_gpu_bf_tiled__f16,635,false,false,1,1,fully_connected_gpu_bf_tiled_2727911967636154657_0_0,gtpin_total_execution_cycles,78564796,cycles,64,78564796
n1_i10,10,1,10,performance,layers.*/mlp,/model/layers.9/mlp/gate_proj/MatMul,FullyConnected,FullyConnected,fullyconnected:/model/layers.9/mlp/gate_proj/MatMul,fullyconnected:/model/layers.9/mlp/gate_proj/MatMul,fully_connected,fully_connected_gpu_bf_tiled__f16,634,false,false,1,1,fully_connected_gpu_bf_tiled_9957149419786459120_0_0,gtpin_total_execution_cycles,117191610,cycles,176,117191610
n1_i10,10,1,10,performance,layers.*/mlp,/model/layers.9/mlp/up_proj/MatMul,FullyConnected,FullyConnected,fullyconnected:/model/layers.9/mlp/up_proj/MatMul,fullyconnected:/model/layers.9/mlp/up_proj/MatMul,fully_connected,fully_connected_gpu_bf_tiled__f16,633,false,false,1,1,fully_connected_gpu_bf_tiled_2740906288179525049_0_0,gtpin_total_execution_cycles,102509946,cycles,176,102509946
n1_i10,10,1,10,performance,layers.*/post_attention_layernorm,/model/layers.9/post_attention_layernorm/Mul,RMS,RMS,rms:/model/layers.9/post_attention_layernorm/Mul,rms:/model/layers.9/post_attention_layernorm/Mul,rms,rms_gpu_bfyx_opt__f16,632,false,false,1,1,rms_gpu_bfyx_opt_10690270683970839748_0_0__sa,gtpin_total_execution_cycles,2010444,cycles,256,2010444
n1_i10,10,1,10,performance,layers.*/self_attn,/model/layers.9/self_attn/Add,RoPE,RoPE,rope:/model/layers.9/self_attn/Add,rope:/model/layers.9/self_attn/Add,rope,ocl::rope::opt___f16,608,false,false,1,1,rope_opt__13889706310558783765__sa,gtpin_total_execution_cycles,870658,cycles,64,870658
n1_i10,10,1,10,performance,layers.*/self_attn,/model/layers.9/self_attn/Add_1,RoPE,RoPE,rope:/model/layers.9/self_attn/Add_1,rope:/model/layers.9/self_attn/Add_1,rope,ocl::rope::opt___f16,609,false,false,1,1,rope_opt__6960924190377492479__sa,gtpin_total_execution_cycles,69718,cycles,8,69718
n1_i10,10,1,10,performance,layers.*/self_attn,/model/layers.9/self_attn/Expand,Broadcast,Broadcast,broadcast:/model/layers.9/self_attn/Expand,broadcast:/model/layers.9/self_attn/Expand,broadcast,broadcast_gpu_ref__f16,621,false,false,1,1,broadcast_gpu_ref_6456514822857321615_0_0__sa,gtpin_total_execution_cycles,5716702,cycles,1024,5716702
n1_i10,10,1,10,performance,layers.*/self_attn,/model/layers.9/self_attn/Expand_1,Broadcast,Broadcast,broadcast:/model/layers.9/self_attn/Expand_1,broadcast:/model/layers.9/self_attn/Expand_1,broadcast,broadcast_gpu_ref__f16,614,false,false,1,1,broadcast_gpu_ref_6456514822857321615_0_0__sa,gtpin_total_execution_cycles,4150548,cycles,1024,4150548
n1_i10,10,1,10,performance,layers.*/self_attn,/model/layers.9/self_attn/IsNaN,IsNaN,IsNaN,isnan:/model/layers.9/self_attn/IsNaN,isnan:/model/layers.9/self_attn/IsNaN,eltwise,generic_eltwise_ref__f16,627,false,false,1,1,generic_eltwise_ref_1696504087421334661_0_0__sa,gtpin_total_execution_cycles,1590490,cycles,256,1590490
n1_i10,10,1,10,performance,layers.*/self_attn,/model/layers.9/self_attn/MatMul,Gemm,Gemm,gemm:/model/layers.9/self_attn/MatMul,gemm:/model/layers.9/self_attn/MatMul,gemm,gemm_tiled_opt__f16,625,false,false,1,1,gemm_tiled_opt_7238579717421349067_1_0__sa,gtpin_total_execution_cycles,3431504,cycles,32,3431504
n1_i10,10,1,10,performance,layers.*/self_attn,/model/layers.9/self_attn/Mul_8,Multiply,Multiply,multiply:/model/layers.9/self_attn/Mul_8,multiply:/model/layers.9/self_attn/Mul_8,eltwise,generic_eltwise_ref__f16,611,false,false,1,1,generic_eltwise_ref_7125964068740378811_0_0__sa,gtpin_total_execution_cycles,4605070,cycles,1024,4605070
n1_i10,10,1,10,performance,layers.*/self_attn,/model/layers.9/self_attn/Softmax,Softmax,Softmax,softmax:/model/layers.9/self_attn/Softmax,softmax:/model/layers.9/self_attn/Softmax,softmax,softmax_gpu_bf__f16,626,false,false,1,1,softmax_gpu_bf_18392998524141771378_0_0__sa,gtpin_total_execution_cycles,7891994,cycles,512,7891994
n1_i10,10,1,10,performance,layers.*/self_attn,/model/layers.9/self_attn/Transpose_2,Transpose,Transpose,transpose:/model/layers.9/self_attn/Transpose_2,transpose:/model/layers.9/self_attn/Transpose_2,permute,permute_ref__f16,607,false,false,1,1,permute_ref_653960189515371720_0_0__sa,gtpin_total_execution_cycles,501670,cycles,128,501670
n1_i10,10,1,10,performance,layers.*/self_attn,/model/layers.9/self_attn/Transpose_3,Transpose,Transpose,transpose:/model/layers.9/self_attn/Transpose_3,transpose:/model/layers.9/self_attn/Transpose_3,permute,permute_ref__f16,624,false,false,1,1,permute_ref_17183202574580890641_0_0__sa,gtpin_total_execution_cycles,5241698,cycles,1024,5241698
n1_i10,10,1,10,performance,layers.*/self_attn,/model/layers.9/self_attn/Transpose_4,Gemm,Gemm,gemm:/model/layers.9/self_attn/Transpose_4,gemm:/model/layers.9/self_attn/Transpose_4,gemm,gemm_tiled_opt__f16,629,false,false,1,1,gemm_tiled_opt_12829285813189929928_0_0__sa,gtpin_total_execution_cycles,2058612,cycles,64,2058612
n1_i10,10,1,10,performance,layers.*/self_attn,/model/layers.9/self_attn/Where_2,Select,Select,select:/model/layers.9/self_attn/Where_2,select:/model/layers.9/self_attn/Where_2,select,select_gpu_ref__u8,622,false,false,1,1,select_gpu_ref_7464502897564813179_0_0__sa,gtpin_total_execution_cycles,44784,cycles,8,44784
n1_i10,10,1,10,performance,layers.*/self_attn,/model/layers.9/self_attn/Where_3,Select,Select,select:/model/layers.9/self_attn/Where_3,select:/model/layers.9/self_attn/Where_3,select,select_gpu_ref__u8,628,false,false,1,1,select_gpu_ref_5609897181611433017_0_0__sa,gtpin_total_execution_cycles,1380142,cycles,256,1380142
n1_i10,10,1,10,performance,layers.*/self_attn,/model/layers.9/self_attn/k_proj/MatMul,FullyConnected,FullyConnected,fullyconnected:/model/layers.9/self_attn/k_proj/MatMul,fullyconnected:/model/layers.9/self_attn/k_proj/MatMul,fully_connected,fully_connected_gpu_bf_tiled__f16,603,false,false,1,1,fully_connected_gpu_bf_tiled_17963963101609895522_0_0,gtpin_total_execution_cycles,3684748,cycles,8,3684748
n1_i10,10,1,10,performance,layers.*/self_attn,/model/layers.9/self_attn/o_proj/MatMul,FullyConnected,FullyConnected,fullyconnected:/model/layers.9/self_attn/o_proj/MatMul,fullyconnected:/model/layers.9/self_attn/o_proj/MatMul,fully_connected,fully_connected_gpu_bf_tiled__f16,631,false,false,1,1,fully_connected_gpu_bf_tiled_14284117615310227244_0_0,gtpin_total_execution_cycles,28476338,cycles,64,28476338
n1_i10,10,1,10,performance,layers.*/self_attn,/model/layers.9/self_attn/q_proj/MatMul,FullyConnected,FullyConnected,fullyconnected:/model/layers.9/self_attn/q_proj/MatMul,fullyconnected:/model/layers.9/self_attn/q_proj/MatMul,fully_connected,fully_connected_gpu_bf_tiled__f16,602,false,false,1,1,fully_connected_gpu_bf_tiled_5315586391497964380_0_0,gtpin_total_execution_cycles,28632858,cycles,64,28632858
n1_i10,10,1,10,performance,layers.*/self_attn,/model/layers.9/self_attn/v_proj/MatMul,FullyConnected,FullyConnected,fullyconnected:/model/layers.9/self_attn/v_proj/MatMul,fullyconnected:/model/layers.9/self_attn/v_proj/MatMul,fully_connected,fully_connected_gpu_bf_tiled__f16,601,false,false,1,1,fully_connected_gpu_bf_tiled_17963963101609895522_0_0,gtpin_total_execution_cycles,3485366,cycles,8,3485366
n1_i10,10,1,10,performance,(root),/model/norm/Mul,RMS,RMS,rms:/model/norm/Mul,rms:/model/norm/Mul,rms,rms_gpu_bfyx_opt__f16,1068,false,false,1,1,rms_gpu_bfyx_opt_10690270683970839748_0_0__sa,gtpin_total_execution_cycles,1781780,cycles,256,1781780
n1_i10,10,1,10,performance,rotary_emb,/model/rotary_emb/Concat_1,Concat,Concat,concat:/model/rotary_emb/Concat_1,concat:/model/rotary_emb/Concat_1,concatenation,concatenation_gpu_simple_ref__f32,269,false,false,2,2,concatenation_gpu_simple_ref_11787737694364327443_0_0__sa;concatenation_gpu_simple_ref_11787737694364327443_1_0__sa,gtpin_total_execution_cycles,142376,cycles,32,142376
n1_i10,10,1,10,performance,rotary_emb,/model/rotary_emb/Cos,Cos,Cos,cos:/model/rotary_emb/Cos,cos:/model/rotary_emb/Cos,activation,activation_ref__f32,274,false,false,1,1,activation_ref_8384225707366889932_0_0__sa,gtpin_total_execution_cycles,186426,cycles,32,186426
n1_i10,10,1,10,performance,rotary_emb,/model/rotary_emb/MatMul_increase_precision_1,Convert,Convert,convert:/model/rotary_emb/MatMul_increase_precision_1,convert:/model/rotary_emb/MatMul_increase_precision_1,reorder,reorder_data__f32,231,false,false,1,1,reorder_data_16347555807681174383_0_0__sa,gtpin_total_execution_cycles,3206,cycles,1,3206
n1_i10,10,1,10,performance,rotary_emb,/model/rotary_emb/Sin,Sin,Sin,sin:/model/rotary_emb/Sin,sin:/model/rotary_emb/Sin,activation,activation_ref__f32,273,false,false,1,1,activation_ref_1691567596270449691_0_0__sa,gtpin_total_execution_cycles,172018,cycles,32,172018
n1_i10,10,1,10,performance,rotary_emb,/model/rotary_emb/Transpose,Gemm,Gemm,gemm:/model/rotary_emb/Transpose,gemm:/model/rotary_emb/Transpose,gemm,gemm_tiled_opt__f32,264,false,false,1,1,gemm_tiled_opt_6356298044914993963_3_0__sa,gtpin_total_execution_cycles,43246,cycles,2,43246
n1_i10,10,1,10,performance,(root),Convert_90811,Convert,Convert,convert:Convert_90811,convert:Convert_90811,reorder,reorder_data__i64,225,false,false,1,1,reorder_data_261663883965124315_0_0__sa,gtpin_total_execution_cycles,6743,cycles,1,6743
n1_i10,10,1,10,performance,(root),Convert_90813,Convert,Convert,convert:Convert_90813,convert:Convert_90813,reorder,reorder_data__i64,224,false,false,1,1,reorder_data_261663883965124315_0_0__sa,gtpin_total_execution_cycles,6715,cycles,1,6715
n1_i10,10,1,10,performance,(root),Convert_90873,Convert,Convert,convert:Convert_90873,convert:Convert_90873,reorder,reorder_data__i64,226,false,false,1,1,reorder_data_14358938580392777097_0_0__sa,gtpin_total_execution_cycles,5682,cycles,1,5682
n1_i10,10,1,10,performance,(root),logits.0,FullyConnected,FullyConnected,fullyconnected:logits.0,fullyconnected:logits.0,fully_connected,fully_connected_gpu_bf_tiled__f16,1069,false,false,1,1,fully_connected_gpu_bf_tiled_9077797497357748363_0_0,gtpin_total_execution_cycles,2308615156,cycles,1000,2308615156
