execution_unit_key,logical_execution_index,net_id,iteration,node_id,parent_node_id,node_type,display_name,component_path,origin_op_name,resolved_op_type_name,primitive_id,primitive_type,implementation,kernel_entry,tool_kind,primary_metric_name,primary_metric_total,primary_metric_unit,dispatch_count,gtpin_invocation_count,gtpin_total_execution_cycles
n1_i1,1,1,1,n1_i1::component_group::(root),,component_group,(root),(root),,,,,,,performance,gtpin_total_execution_cycles,2624239386,cycles,9,1284,2624239386
n1_i1,1,1,1,n1_i1::component_group::embed_tokens,,component_group,embed_tokens,embed_tokens,,,,,,,performance,gtpin_total_execution_cycles,4902286,cycles,1,1024,4902286
n1_i1,1,1,1,n1_i1::component_group::layers.*/input_layernorm,,component_group,layers.*/input_layernorm,layers.*/input_layernorm,,,,,,,performance,gtpin_total_execution_cycles,39052282,cycles,22,5632,39052282
n1_i1,1,1,1,n1_i1::component_group::layers.*/mlp,,component_group,layers.*/mlp,layers.*/mlp,,,,,,,performance,gtpin_total_execution_cycles,7093274196,cycles,66,9152,7093274196
n1_i1,1,1,1,n1_i1::component_group::layers.*/post_attention_layernorm,,component_group,layers.*/post_attention_layernorm,layers.*/post_attention_layernorm,,,,,,,performance,gtpin_total_execution_cycles,43468432,cycles,22,5632,43468432
n1_i1,1,1,1,n1_i1::component_group::layers.*/self_attn,,component_group,layers.*/self_attn,layers.*/self_attn,,,,,,,performance,gtpin_total_execution_cycles,2300813729,cycles,376,122560,2300813729
n1_i1,1,1,1,n1_i1::component_group::rotary_emb,,component_group,rotary_emb,rotary_emb,,,,,,,performance,gtpin_total_execution_cycles,576204,cycles,6,99,576204
n1_i1,1,1,1,n1_i1::kernel::broadcast:/model/layers.0/self_attn/Expand::broadcast_gpu_ref_6456514822857321615_0_0__sa,n1_i1::primitive::broadcast:/model/layers.0/self_attn/Expand,kernel,broadcast_gpu_ref_6456514822857321615_0_0__sa,layers.*/self_attn,/model/layers.0/self_attn/Expand,Broadcast,broadcast:/model/layers.0/self_attn/Expand,broadcast,broadcast_gpu_ref,broadcast_gpu_ref_6456514822857321615_0_0__sa,performance,gtpin_total_execution_cycles,4195594,cycles,1,1024,4195594
n1_i1,1,1,1,n1_i1::kernel::broadcast:/model/layers.0/self_attn/Expand_1::broadcast_gpu_ref_6456514822857321615_0_0__sa,n1_i1::primitive::broadcast:/model/layers.0/self_attn/Expand_1,kernel,broadcast_gpu_ref_6456514822857321615_0_0__sa,layers.*/self_attn,/model/layers.0/self_attn/Expand_1,Broadcast,broadcast:/model/layers.0/self_attn/Expand_1,broadcast,broadcast_gpu_ref,broadcast_gpu_ref_6456514822857321615_0_0__sa,performance,gtpin_total_execution_cycles,4725854,cycles,1,1024,4725854
n1_i1,1,1,1,n1_i1::kernel::broadcast:/model/layers.1/self_attn/Expand::broadcast_gpu_ref_6456514822857321615_0_0__sa,n1_i1::primitive::broadcast:/model/layers.1/self_attn/Expand,kernel,broadcast_gpu_ref_6456514822857321615_0_0__sa,layers.*/self_attn,/model/layers.1/self_attn/Expand,Broadcast,broadcast:/model/layers.1/self_attn/Expand,broadcast,broadcast_gpu_ref,broadcast_gpu_ref_6456514822857321615_0_0__sa,performance,gtpin_total_execution_cycles,6411072,cycles,1,1024,6411072
n1_i1,1,1,1,n1_i1::kernel::broadcast:/model/layers.1/self_attn/Expand_1::broadcast_gpu_ref_6456514822857321615_0_0__sa,n1_i1::primitive::broadcast:/model/layers.1/self_attn/Expand_1,kernel,broadcast_gpu_ref_6456514822857321615_0_0__sa,layers.*/self_attn,/model/layers.1/self_attn/Expand_1,Broadcast,broadcast:/model/layers.1/self_attn/Expand_1,broadcast,broadcast_gpu_ref,broadcast_gpu_ref_6456514822857321615_0_0__sa,performance,gtpin_total_execution_cycles,4278308,cycles,1,1024,4278308
n1_i1,1,1,1,n1_i1::kernel::broadcast:/model/layers.10/self_attn/Expand::broadcast_gpu_ref_6456514822857321615_0_0__sa,n1_i1::primitive::broadcast:/model/layers.10/self_attn/Expand,kernel,broadcast_gpu_ref_6456514822857321615_0_0__sa,layers.*/self_attn,/model/layers.10/self_attn/Expand,Broadcast,broadcast:/model/layers.10/self_attn/Expand,broadcast,broadcast_gpu_ref,broadcast_gpu_ref_6456514822857321615_0_0__sa,performance,gtpin_total_execution_cycles,5703466,cycles,1,1024,5703466
n1_i1,1,1,1,n1_i1::kernel::broadcast:/model/layers.10/self_attn/Expand_1::broadcast_gpu_ref_6456514822857321615_0_0__sa,n1_i1::primitive::broadcast:/model/layers.10/self_attn/Expand_1,kernel,broadcast_gpu_ref_6456514822857321615_0_0__sa,layers.*/self_attn,/model/layers.10/self_attn/Expand_1,Broadcast,broadcast:/model/layers.10/self_attn/Expand_1,broadcast,broadcast_gpu_ref,broadcast_gpu_ref_6456514822857321615_0_0__sa,performance,gtpin_total_execution_cycles,4375008,cycles,1,1024,4375008
n1_i1,1,1,1,n1_i1::kernel::broadcast:/model/layers.11/self_attn/Expand::broadcast_gpu_ref_6456514822857321615_0_0__sa,n1_i1::primitive::broadcast:/model/layers.11/self_attn/Expand,kernel,broadcast_gpu_ref_6456514822857321615_0_0__sa,layers.*/self_attn,/model/layers.11/self_attn/Expand,Broadcast,broadcast:/model/layers.11/self_attn/Expand,broadcast,broadcast_gpu_ref,broadcast_gpu_ref_6456514822857321615_0_0__sa,performance,gtpin_total_execution_cycles,4094772,cycles,1,1024,4094772
n1_i1,1,1,1,n1_i1::kernel::broadcast:/model/layers.11/self_attn/Expand_1::broadcast_gpu_ref_6456514822857321615_0_0__sa,n1_i1::primitive::broadcast:/model/layers.11/self_attn/Expand_1,kernel,broadcast_gpu_ref_6456514822857321615_0_0__sa,layers.*/self_attn,/model/layers.11/self_attn/Expand_1,Broadcast,broadcast:/model/layers.11/self_attn/Expand_1,broadcast,broadcast_gpu_ref,broadcast_gpu_ref_6456514822857321615_0_0__sa,performance,gtpin_total_execution_cycles,4641280,cycles,1,1024,4641280
n1_i1,1,1,1,n1_i1::kernel::broadcast:/model/layers.12/self_attn/Expand::broadcast_gpu_ref_6456514822857321615_0_0__sa,n1_i1::primitive::broadcast:/model/layers.12/self_attn/Expand,kernel,broadcast_gpu_ref_6456514822857321615_0_0__sa,layers.*/self_attn,/model/layers.12/self_attn/Expand,Broadcast,broadcast:/model/layers.12/self_attn/Expand,broadcast,broadcast_gpu_ref,broadcast_gpu_ref_6456514822857321615_0_0__sa,performance,gtpin_total_execution_cycles,4138302,cycles,1,1024,4138302
n1_i1,1,1,1,n1_i1::kernel::broadcast:/model/layers.12/self_attn/Expand_1::broadcast_gpu_ref_6456514822857321615_0_0__sa,n1_i1::primitive::broadcast:/model/layers.12/self_attn/Expand_1,kernel,broadcast_gpu_ref_6456514822857321615_0_0__sa,layers.*/self_attn,/model/layers.12/self_attn/Expand_1,Broadcast,broadcast:/model/layers.12/self_attn/Expand_1,broadcast,broadcast_gpu_ref,broadcast_gpu_ref_6456514822857321615_0_0__sa,performance,gtpin_total_execution_cycles,3927218,cycles,1,1024,3927218
n1_i1,1,1,1,n1_i1::kernel::broadcast:/model/layers.13/self_attn/Expand::broadcast_gpu_ref_6456514822857321615_0_0__sa,n1_i1::primitive::broadcast:/model/layers.13/self_attn/Expand,kernel,broadcast_gpu_ref_6456514822857321615_0_0__sa,layers.*/self_attn,/model/layers.13/self_attn/Expand,Broadcast,broadcast:/model/layers.13/self_attn/Expand,broadcast,broadcast_gpu_ref,broadcast_gpu_ref_6456514822857321615_0_0__sa,performance,gtpin_total_execution_cycles,5798144,cycles,1,1024,5798144
n1_i1,1,1,1,n1_i1::kernel::broadcast:/model/layers.13/self_attn/Expand_1::broadcast_gpu_ref_6456514822857321615_0_0__sa,n1_i1::primitive::broadcast:/model/layers.13/self_attn/Expand_1,kernel,broadcast_gpu_ref_6456514822857321615_0_0__sa,layers.*/self_attn,/model/layers.13/self_attn/Expand_1,Broadcast,broadcast:/model/layers.13/self_attn/Expand_1,broadcast,broadcast_gpu_ref,broadcast_gpu_ref_6456514822857321615_0_0__sa,performance,gtpin_total_execution_cycles,4157100,cycles,1,1024,4157100
n1_i1,1,1,1,n1_i1::kernel::broadcast:/model/layers.14/self_attn/Expand::broadcast_gpu_ref_6456514822857321615_0_0__sa,n1_i1::primitive::broadcast:/model/layers.14/self_attn/Expand,kernel,broadcast_gpu_ref_6456514822857321615_0_0__sa,layers.*/self_attn,/model/layers.14/self_attn/Expand,Broadcast,broadcast:/model/layers.14/self_attn/Expand,broadcast,broadcast_gpu_ref,broadcast_gpu_ref_6456514822857321615_0_0__sa,performance,gtpin_total_execution_cycles,5995424,cycles,1,1024,5995424
n1_i1,1,1,1,n1_i1::kernel::broadcast:/model/layers.14/self_attn/Expand_1::broadcast_gpu_ref_6456514822857321615_0_0__sa,n1_i1::primitive::broadcast:/model/layers.14/self_attn/Expand_1,kernel,broadcast_gpu_ref_6456514822857321615_0_0__sa,layers.*/self_attn,/model/layers.14/self_attn/Expand_1,Broadcast,broadcast:/model/layers.14/self_attn/Expand_1,broadcast,broadcast_gpu_ref,broadcast_gpu_ref_6456514822857321615_0_0__sa,performance,gtpin_total_execution_cycles,4083190,cycles,1,1024,4083190
n1_i1,1,1,1,n1_i1::kernel::broadcast:/model/layers.15/self_attn/Expand::broadcast_gpu_ref_6456514822857321615_0_0__sa,n1_i1::primitive::broadcast:/model/layers.15/self_attn/Expand,kernel,broadcast_gpu_ref_6456514822857321615_0_0__sa,layers.*/self_attn,/model/layers.15/self_attn/Expand,Broadcast,broadcast:/model/layers.15/self_attn/Expand,broadcast,broadcast_gpu_ref,broadcast_gpu_ref_6456514822857321615_0_0__sa,performance,gtpin_total_execution_cycles,3515750,cycles,1,1024,3515750
n1_i1,1,1,1,n1_i1::kernel::broadcast:/model/layers.15/self_attn/Expand_1::broadcast_gpu_ref_6456514822857321615_0_0__sa,n1_i1::primitive::broadcast:/model/layers.15/self_attn/Expand_1,kernel,broadcast_gpu_ref_6456514822857321615_0_0__sa,layers.*/self_attn,/model/layers.15/self_attn/Expand_1,Broadcast,broadcast:/model/layers.15/self_attn/Expand_1,broadcast,broadcast_gpu_ref,broadcast_gpu_ref_6456514822857321615_0_0__sa,performance,gtpin_total_execution_cycles,4545622,cycles,1,1024,4545622
n1_i1,1,1,1,n1_i1::kernel::broadcast:/model/layers.16/self_attn/Expand::broadcast_gpu_ref_6456514822857321615_0_0__sa,n1_i1::primitive::broadcast:/model/layers.16/self_attn/Expand,kernel,broadcast_gpu_ref_6456514822857321615_0_0__sa,layers.*/self_attn,/model/layers.16/self_attn/Expand,Broadcast,broadcast:/model/layers.16/self_attn/Expand,broadcast,broadcast_gpu_ref,broadcast_gpu_ref_6456514822857321615_0_0__sa,performance,gtpin_total_execution_cycles,3725758,cycles,1,1024,3725758
n1_i1,1,1,1,n1_i1::kernel::broadcast:/model/layers.16/self_attn/Expand_1::broadcast_gpu_ref_6456514822857321615_0_0__sa,n1_i1::primitive::broadcast:/model/layers.16/self_attn/Expand_1,kernel,broadcast_gpu_ref_6456514822857321615_0_0__sa,layers.*/self_attn,/model/layers.16/self_attn/Expand_1,Broadcast,broadcast:/model/layers.16/self_attn/Expand_1,broadcast,broadcast_gpu_ref,broadcast_gpu_ref_6456514822857321615_0_0__sa,performance,gtpin_total_execution_cycles,4547138,cycles,1,1024,4547138
n1_i1,1,1,1,n1_i1::kernel::broadcast:/model/layers.17/self_attn/Expand::broadcast_gpu_ref_6456514822857321615_0_0__sa,n1_i1::primitive::broadcast:/model/layers.17/self_attn/Expand,kernel,broadcast_gpu_ref_6456514822857321615_0_0__sa,layers.*/self_attn,/model/layers.17/self_attn/Expand,Broadcast,broadcast:/model/layers.17/self_attn/Expand,broadcast,broadcast_gpu_ref,broadcast_gpu_ref_6456514822857321615_0_0__sa,performance,gtpin_total_execution_cycles,5770234,cycles,1,1024,5770234
n1_i1,1,1,1,n1_i1::kernel::broadcast:/model/layers.17/self_attn/Expand_1::broadcast_gpu_ref_6456514822857321615_0_0__sa,n1_i1::primitive::broadcast:/model/layers.17/self_attn/Expand_1,kernel,broadcast_gpu_ref_6456514822857321615_0_0__sa,layers.*/self_attn,/model/layers.17/self_attn/Expand_1,Broadcast,broadcast:/model/layers.17/self_attn/Expand_1,broadcast,broadcast_gpu_ref,broadcast_gpu_ref_6456514822857321615_0_0__sa,performance,gtpin_total_execution_cycles,4347560,cycles,1,1024,4347560
n1_i1,1,1,1,n1_i1::kernel::broadcast:/model/layers.18/self_attn/Expand::broadcast_gpu_ref_6456514822857321615_0_0__sa,n1_i1::primitive::broadcast:/model/layers.18/self_attn/Expand,kernel,broadcast_gpu_ref_6456514822857321615_0_0__sa,layers.*/self_attn,/model/layers.18/self_attn/Expand,Broadcast,broadcast:/model/layers.18/self_attn/Expand,broadcast,broadcast_gpu_ref,broadcast_gpu_ref_6456514822857321615_0_0__sa,performance,gtpin_total_execution_cycles,5562144,cycles,1,1024,5562144
n1_i1,1,1,1,n1_i1::kernel::broadcast:/model/layers.18/self_attn/Expand_1::broadcast_gpu_ref_6456514822857321615_0_0__sa,n1_i1::primitive::broadcast:/model/layers.18/self_attn/Expand_1,kernel,broadcast_gpu_ref_6456514822857321615_0_0__sa,layers.*/self_attn,/model/layers.18/self_attn/Expand_1,Broadcast,broadcast:/model/layers.18/self_attn/Expand_1,broadcast,broadcast_gpu_ref,broadcast_gpu_ref_6456514822857321615_0_0__sa,performance,gtpin_total_execution_cycles,4243540,cycles,1,1024,4243540
n1_i1,1,1,1,n1_i1::kernel::broadcast:/model/layers.19/self_attn/Expand::broadcast_gpu_ref_6456514822857321615_0_0__sa,n1_i1::primitive::broadcast:/model/layers.19/self_attn/Expand,kernel,broadcast_gpu_ref_6456514822857321615_0_0__sa,layers.*/self_attn,/model/layers.19/self_attn/Expand,Broadcast,broadcast:/model/layers.19/self_attn/Expand,broadcast,broadcast_gpu_ref,broadcast_gpu_ref_6456514822857321615_0_0__sa,performance,gtpin_total_execution_cycles,4227508,cycles,1,1024,4227508
n1_i1,1,1,1,n1_i1::kernel::broadcast:/model/layers.19/self_attn/Expand_1::broadcast_gpu_ref_6456514822857321615_0_0__sa,n1_i1::primitive::broadcast:/model/layers.19/self_attn/Expand_1,kernel,broadcast_gpu_ref_6456514822857321615_0_0__sa,layers.*/self_attn,/model/layers.19/self_attn/Expand_1,Broadcast,broadcast:/model/layers.19/self_attn/Expand_1,broadcast,broadcast_gpu_ref,broadcast_gpu_ref_6456514822857321615_0_0__sa,performance,gtpin_total_execution_cycles,4584644,cycles,1,1024,4584644
n1_i1,1,1,1,n1_i1::kernel::broadcast:/model/layers.2/self_attn/Expand::broadcast_gpu_ref_6456514822857321615_0_0__sa,n1_i1::primitive::broadcast:/model/layers.2/self_attn/Expand,kernel,broadcast_gpu_ref_6456514822857321615_0_0__sa,layers.*/self_attn,/model/layers.2/self_attn/Expand,Broadcast,broadcast:/model/layers.2/self_attn/Expand,broadcast,broadcast_gpu_ref,broadcast_gpu_ref_6456514822857321615_0_0__sa,performance,gtpin_total_execution_cycles,6130216,cycles,1,1024,6130216
n1_i1,1,1,1,n1_i1::kernel::broadcast:/model/layers.2/self_attn/Expand_1::broadcast_gpu_ref_6456514822857321615_0_0__sa,n1_i1::primitive::broadcast:/model/layers.2/self_attn/Expand_1,kernel,broadcast_gpu_ref_6456514822857321615_0_0__sa,layers.*/self_attn,/model/layers.2/self_attn/Expand_1,Broadcast,broadcast:/model/layers.2/self_attn/Expand_1,broadcast,broadcast_gpu_ref,broadcast_gpu_ref_6456514822857321615_0_0__sa,performance,gtpin_total_execution_cycles,4396812,cycles,1,1024,4396812
n1_i1,1,1,1,n1_i1::kernel::broadcast:/model/layers.20/self_attn/Expand::broadcast_gpu_ref_6456514822857321615_0_0__sa,n1_i1::primitive::broadcast:/model/layers.20/self_attn/Expand,kernel,broadcast_gpu_ref_6456514822857321615_0_0__sa,layers.*/self_attn,/model/layers.20/self_attn/Expand,Broadcast,broadcast:/model/layers.20/self_attn/Expand,broadcast,broadcast_gpu_ref,broadcast_gpu_ref_6456514822857321615_0_0__sa,performance,gtpin_total_execution_cycles,3411160,cycles,1,1024,3411160
n1_i1,1,1,1,n1_i1::kernel::broadcast:/model/layers.20/self_attn/Expand_1::broadcast_gpu_ref_6456514822857321615_0_0__sa,n1_i1::primitive::broadcast:/model/layers.20/self_attn/Expand_1,kernel,broadcast_gpu_ref_6456514822857321615_0_0__sa,layers.*/self_attn,/model/layers.20/self_attn/Expand_1,Broadcast,broadcast:/model/layers.20/self_attn/Expand_1,broadcast,broadcast_gpu_ref,broadcast_gpu_ref_6456514822857321615_0_0__sa,performance,gtpin_total_execution_cycles,4243818,cycles,1,1024,4243818
n1_i1,1,1,1,n1_i1::kernel::broadcast:/model/layers.21/self_attn/Expand::broadcast_gpu_ref_6456514822857321615_0_0__sa,n1_i1::primitive::broadcast:/model/layers.21/self_attn/Expand,kernel,broadcast_gpu_ref_6456514822857321615_0_0__sa,layers.*/self_attn,/model/layers.21/self_attn/Expand,Broadcast,broadcast:/model/layers.21/self_attn/Expand,broadcast,broadcast_gpu_ref,broadcast_gpu_ref_6456514822857321615_0_0__sa,performance,gtpin_total_execution_cycles,7169984,cycles,1,1024,7169984
n1_i1,1,1,1,n1_i1::kernel::broadcast:/model/layers.21/self_attn/Expand_1::broadcast_gpu_ref_6456514822857321615_0_0__sa,n1_i1::primitive::broadcast:/model/layers.21/self_attn/Expand_1,kernel,broadcast_gpu_ref_6456514822857321615_0_0__sa,layers.*/self_attn,/model/layers.21/self_attn/Expand_1,Broadcast,broadcast:/model/layers.21/self_attn/Expand_1,broadcast,broadcast_gpu_ref,broadcast_gpu_ref_6456514822857321615_0_0__sa,performance,gtpin_total_execution_cycles,4240244,cycles,1,1024,4240244
n1_i1,1,1,1,n1_i1::kernel::broadcast:/model/layers.3/self_attn/Expand::broadcast_gpu_ref_6456514822857321615_0_0__sa,n1_i1::primitive::broadcast:/model/layers.3/self_attn/Expand,kernel,broadcast_gpu_ref_6456514822857321615_0_0__sa,layers.*/self_attn,/model/layers.3/self_attn/Expand,Broadcast,broadcast:/model/layers.3/self_attn/Expand,broadcast,broadcast_gpu_ref,broadcast_gpu_ref_6456514822857321615_0_0__sa,performance,gtpin_total_execution_cycles,4136842,cycles,1,1024,4136842
n1_i1,1,1,1,n1_i1::kernel::broadcast:/model/layers.3/self_attn/Expand_1::broadcast_gpu_ref_6456514822857321615_0_0__sa,n1_i1::primitive::broadcast:/model/layers.3/self_attn/Expand_1,kernel,broadcast_gpu_ref_6456514822857321615_0_0__sa,layers.*/self_attn,/model/layers.3/self_attn/Expand_1,Broadcast,broadcast:/model/layers.3/self_attn/Expand_1,broadcast,broadcast_gpu_ref,broadcast_gpu_ref_6456514822857321615_0_0__sa,performance,gtpin_total_execution_cycles,6322676,cycles,1,1024,6322676
n1_i1,1,1,1,n1_i1::kernel::broadcast:/model/layers.4/self_attn/Expand::broadcast_gpu_ref_6456514822857321615_0_0__sa,n1_i1::primitive::broadcast:/model/layers.4/self_attn/Expand,kernel,broadcast_gpu_ref_6456514822857321615_0_0__sa,layers.*/self_attn,/model/layers.4/self_attn/Expand,Broadcast,broadcast:/model/layers.4/self_attn/Expand,broadcast,broadcast_gpu_ref,broadcast_gpu_ref_6456514822857321615_0_0__sa,performance,gtpin_total_execution_cycles,4068922,cycles,1,1024,4068922
n1_i1,1,1,1,n1_i1::kernel::broadcast:/model/layers.4/self_attn/Expand_1::broadcast_gpu_ref_6456514822857321615_0_0__sa,n1_i1::primitive::broadcast:/model/layers.4/self_attn/Expand_1,kernel,broadcast_gpu_ref_6456514822857321615_0_0__sa,layers.*/self_attn,/model/layers.4/self_attn/Expand_1,Broadcast,broadcast:/model/layers.4/self_attn/Expand_1,broadcast,broadcast_gpu_ref,broadcast_gpu_ref_6456514822857321615_0_0__sa,performance,gtpin_total_execution_cycles,4304834,cycles,1,1024,4304834
n1_i1,1,1,1,n1_i1::kernel::broadcast:/model/layers.5/self_attn/Expand::broadcast_gpu_ref_6456514822857321615_0_0__sa,n1_i1::primitive::broadcast:/model/layers.5/self_attn/Expand,kernel,broadcast_gpu_ref_6456514822857321615_0_0__sa,layers.*/self_attn,/model/layers.5/self_attn/Expand,Broadcast,broadcast:/model/layers.5/self_attn/Expand,broadcast,broadcast_gpu_ref,broadcast_gpu_ref_6456514822857321615_0_0__sa,performance,gtpin_total_execution_cycles,5757260,cycles,1,1024,5757260
n1_i1,1,1,1,n1_i1::kernel::broadcast:/model/layers.5/self_attn/Expand_1::broadcast_gpu_ref_6456514822857321615_0_0__sa,n1_i1::primitive::broadcast:/model/layers.5/self_attn/Expand_1,kernel,broadcast_gpu_ref_6456514822857321615_0_0__sa,layers.*/self_attn,/model/layers.5/self_attn/Expand_1,Broadcast,broadcast:/model/layers.5/self_attn/Expand_1,broadcast,broadcast_gpu_ref,broadcast_gpu_ref_6456514822857321615_0_0__sa,performance,gtpin_total_execution_cycles,3843126,cycles,1,1024,3843126
n1_i1,1,1,1,n1_i1::kernel::broadcast:/model/layers.6/self_attn/Expand::broadcast_gpu_ref_6456514822857321615_0_0__sa,n1_i1::primitive::broadcast:/model/layers.6/self_attn/Expand,kernel,broadcast_gpu_ref_6456514822857321615_0_0__sa,layers.*/self_attn,/model/layers.6/self_attn/Expand,Broadcast,broadcast:/model/layers.6/self_attn/Expand,broadcast,broadcast_gpu_ref,broadcast_gpu_ref_6456514822857321615_0_0__sa,performance,gtpin_total_execution_cycles,5797566,cycles,1,1024,5797566
n1_i1,1,1,1,n1_i1::kernel::broadcast:/model/layers.6/self_attn/Expand_1::broadcast_gpu_ref_6456514822857321615_0_0__sa,n1_i1::primitive::broadcast:/model/layers.6/self_attn/Expand_1,kernel,broadcast_gpu_ref_6456514822857321615_0_0__sa,layers.*/self_attn,/model/layers.6/self_attn/Expand_1,Broadcast,broadcast:/model/layers.6/self_attn/Expand_1,broadcast,broadcast_gpu_ref,broadcast_gpu_ref_6456514822857321615_0_0__sa,performance,gtpin_total_execution_cycles,4075176,cycles,1,1024,4075176
n1_i1,1,1,1,n1_i1::kernel::broadcast:/model/layers.7/self_attn/Expand::broadcast_gpu_ref_6456514822857321615_0_0__sa,n1_i1::primitive::broadcast:/model/layers.7/self_attn/Expand,kernel,broadcast_gpu_ref_6456514822857321615_0_0__sa,layers.*/self_attn,/model/layers.7/self_attn/Expand,Broadcast,broadcast:/model/layers.7/self_attn/Expand,broadcast,broadcast_gpu_ref,broadcast_gpu_ref_6456514822857321615_0_0__sa,performance,gtpin_total_execution_cycles,3980090,cycles,1,1024,3980090
n1_i1,1,1,1,n1_i1::kernel::broadcast:/model/layers.7/self_attn/Expand_1::broadcast_gpu_ref_6456514822857321615_0_0__sa,n1_i1::primitive::broadcast:/model/layers.7/self_attn/Expand_1,kernel,broadcast_gpu_ref_6456514822857321615_0_0__sa,layers.*/self_attn,/model/layers.7/self_attn/Expand_1,Broadcast,broadcast:/model/layers.7/self_attn/Expand_1,broadcast,broadcast_gpu_ref,broadcast_gpu_ref_6456514822857321615_0_0__sa,performance,gtpin_total_execution_cycles,4777894,cycles,1,1024,4777894
n1_i1,1,1,1,n1_i1::kernel::broadcast:/model/layers.8/self_attn/Expand::broadcast_gpu_ref_6456514822857321615_0_0__sa,n1_i1::primitive::broadcast:/model/layers.8/self_attn/Expand,kernel,broadcast_gpu_ref_6456514822857321615_0_0__sa,layers.*/self_attn,/model/layers.8/self_attn/Expand,Broadcast,broadcast:/model/layers.8/self_attn/Expand,broadcast,broadcast_gpu_ref,broadcast_gpu_ref_6456514822857321615_0_0__sa,performance,gtpin_total_execution_cycles,3674138,cycles,1,1024,3674138
n1_i1,1,1,1,n1_i1::kernel::broadcast:/model/layers.8/self_attn/Expand_1::broadcast_gpu_ref_6456514822857321615_0_0__sa,n1_i1::primitive::broadcast:/model/layers.8/self_attn/Expand_1,kernel,broadcast_gpu_ref_6456514822857321615_0_0__sa,layers.*/self_attn,/model/layers.8/self_attn/Expand_1,Broadcast,broadcast:/model/layers.8/self_attn/Expand_1,broadcast,broadcast_gpu_ref,broadcast_gpu_ref_6456514822857321615_0_0__sa,performance,gtpin_total_execution_cycles,3664430,cycles,1,1024,3664430
n1_i1,1,1,1,n1_i1::kernel::broadcast:/model/layers.9/self_attn/Expand::broadcast_gpu_ref_6456514822857321615_0_0__sa,n1_i1::primitive::broadcast:/model/layers.9/self_attn/Expand,kernel,broadcast_gpu_ref_6456514822857321615_0_0__sa,layers.*/self_attn,/model/layers.9/self_attn/Expand,Broadcast,broadcast:/model/layers.9/self_attn/Expand,broadcast,broadcast_gpu_ref,broadcast_gpu_ref_6456514822857321615_0_0__sa,performance,gtpin_total_execution_cycles,5959374,cycles,1,1024,5959374
n1_i1,1,1,1,n1_i1::kernel::broadcast:/model/layers.9/self_attn/Expand_1::broadcast_gpu_ref_6456514822857321615_0_0__sa,n1_i1::primitive::broadcast:/model/layers.9/self_attn/Expand_1,kernel,broadcast_gpu_ref_6456514822857321615_0_0__sa,layers.*/self_attn,/model/layers.9/self_attn/Expand_1,Broadcast,broadcast:/model/layers.9/self_attn/Expand_1,broadcast,broadcast_gpu_ref,broadcast_gpu_ref_6456514822857321615_0_0__sa,performance,gtpin_total_execution_cycles,4352016,cycles,1,1024,4352016
n1_i1,1,1,1,n1_i1::kernel::concat:/model/rotary_emb/Concat_1::concatenation_gpu_simple_ref_11787737694364327443_0_0__sa,n1_i1::primitive::concat:/model/rotary_emb/Concat_1,kernel,concatenation_gpu_simple_ref_11787737694364327443_0_0__sa,rotary_emb,/model/rotary_emb/Concat_1,Concat,concat:/model/rotary_emb/Concat_1,concatenation,concatenation_gpu_simple_ref,concatenation_gpu_simple_ref_11787737694364327443_0_0__sa,performance,gtpin_total_execution_cycles,88358,cycles,1,16,88358
n1_i1,1,1,1,n1_i1::kernel::concat:/model/rotary_emb/Concat_1::concatenation_gpu_simple_ref_11787737694364327443_1_0__sa,n1_i1::primitive::concat:/model/rotary_emb/Concat_1,kernel,concatenation_gpu_simple_ref_11787737694364327443_1_0__sa,rotary_emb,/model/rotary_emb/Concat_1,Concat,concat:/model/rotary_emb/Concat_1,concatenation,concatenation_gpu_simple_ref,concatenation_gpu_simple_ref_11787737694364327443_1_0__sa,performance,gtpin_total_execution_cycles,42426,cycles,1,16,42426
n1_i1,1,1,1,n1_i1::kernel::convert:/model/layers.0/self_attn/Unsqueeze_6_restore_precision_0::reorder_data_13786606319827428276_0_0__sa,n1_i1::primitive::convert:/model/layers.0/self_attn/Unsqueeze_6_restore_precision_0,kernel,reorder_data_13786606319827428276_0_0__sa,layers.*/self_attn,/model/layers.0/self_attn/Unsqueeze_6_restore_precision_0,Convert,convert:/model/layers.0/self_attn/Unsqueeze_6_restore_precision_0,reorder,reorder_data,reorder_data_13786606319827428276_0_0__sa,performance,gtpin_total_execution_cycles,72848,cycles,1,32,72848
n1_i1,1,1,1,n1_i1::kernel::convert:/model/layers.0/self_attn/Unsqueeze_7_restore_precision_1::reorder_data_13786606319827428276_0_0__sa,n1_i1::primitive::convert:/model/layers.0/self_attn/Unsqueeze_7_restore_precision_1,kernel,reorder_data_13786606319827428276_0_0__sa,layers.*/self_attn,/model/layers.0/self_attn/Unsqueeze_7_restore_precision_1,Convert,convert:/model/layers.0/self_attn/Unsqueeze_7_restore_precision_1,reorder,reorder_data,reorder_data_13786606319827428276_0_0__sa,performance,gtpin_total_execution_cycles,82698,cycles,1,32,82698
n1_i1,1,1,1,n1_i1::kernel::convert:/model/rotary_emb/MatMul_increase_precision_1::reorder_data_16347555807681174383_0_0__sa,n1_i1::primitive::convert:/model/rotary_emb/MatMul_increase_precision_1,kernel,reorder_data_16347555807681174383_0_0__sa,rotary_emb,/model/rotary_emb/MatMul_increase_precision_1,Convert,convert:/model/rotary_emb/MatMul_increase_precision_1,reorder,reorder_data,reorder_data_16347555807681174383_0_0__sa,performance,gtpin_total_execution_cycles,3082,cycles,1,1,3082
n1_i1,1,1,1,n1_i1::kernel::convert:Convert_90811::reorder_data_261663883965124315_0_0__sa,n1_i1::primitive::convert:Convert_90811,kernel,reorder_data_261663883965124315_0_0__sa,(root),Convert_90811,Convert,convert:Convert_90811,reorder,reorder_data,reorder_data_261663883965124315_0_0__sa,performance,gtpin_total_execution_cycles,6009,cycles,1,1,6009
n1_i1,1,1,1,n1_i1::kernel::convert:Convert_90813::reorder_data_261663883965124315_0_0__sa,n1_i1::primitive::convert:Convert_90813,kernel,reorder_data_261663883965124315_0_0__sa,(root),Convert_90813,Convert,convert:Convert_90813,reorder,reorder_data,reorder_data_261663883965124315_0_0__sa,performance,gtpin_total_execution_cycles,6098,cycles,1,1,6098
n1_i1,1,1,1,n1_i1::kernel::convert:Convert_90873::reorder_data_14358938580392777097_0_0__sa,n1_i1::primitive::convert:Convert_90873,kernel,reorder_data_14358938580392777097_0_0__sa,(root),Convert_90873,Convert,convert:Convert_90873,reorder,reorder_data,reorder_data_14358938580392777097_0_0__sa,performance,gtpin_total_execution_cycles,5325,cycles,1,1,5325
n1_i1,1,1,1,n1_i1::kernel::cos:/model/rotary_emb/Cos::activation_ref_8384225707366889932_0_0__sa,n1_i1::primitive::cos:/model/rotary_emb/Cos,kernel,activation_ref_8384225707366889932_0_0__sa,rotary_emb,/model/rotary_emb/Cos,Cos,cos:/model/rotary_emb/Cos,activation,activation_ref,activation_ref_8384225707366889932_0_0__sa,performance,gtpin_total_execution_cycles,215940,cycles,1,32,215940
n1_i1,1,1,1,n1_i1::kernel::fullyconnected:/model/layers.0/mlp/down_proj/MatMul::fully_connected_gpu_bf_tiled_2727911967636154657_0_0,n1_i1::primitive::fullyconnected:/model/layers.0/mlp/down_proj/MatMul,kernel,fully_connected_gpu_bf_tiled_2727911967636154657_0_0,layers.*/mlp,/model/layers.0/mlp/down_proj/MatMul,FullyConnected,fullyconnected:/model/layers.0/mlp/down_proj/MatMul,fully_connected,fully_connected_gpu_bf_tiled,fully_connected_gpu_bf_tiled_2727911967636154657_0_0,performance,gtpin_total_execution_cycles,83295266,cycles,1,64,83295266
n1_i1,1,1,1,n1_i1::kernel::fullyconnected:/model/layers.0/mlp/gate_proj/MatMul::fully_connected_gpu_bf_tiled_9957149419786459120_0_0,n1_i1::primitive::fullyconnected:/model/layers.0/mlp/gate_proj/MatMul,kernel,fully_connected_gpu_bf_tiled_9957149419786459120_0_0,layers.*/mlp,/model/layers.0/mlp/gate_proj/MatMul,FullyConnected,fullyconnected:/model/layers.0/mlp/gate_proj/MatMul,fully_connected,fully_connected_gpu_bf_tiled,fully_connected_gpu_bf_tiled_9957149419786459120_0_0,performance,gtpin_total_execution_cycles,148200178,cycles,1,176,148200178
n1_i1,1,1,1,n1_i1::kernel::fullyconnected:/model/layers.0/mlp/up_proj/MatMul::fully_connected_gpu_bf_tiled_2740906288179525049_0_0,n1_i1::primitive::fullyconnected:/model/layers.0/mlp/up_proj/MatMul,kernel,fully_connected_gpu_bf_tiled_2740906288179525049_0_0,layers.*/mlp,/model/layers.0/mlp/up_proj/MatMul,FullyConnected,fullyconnected:/model/layers.0/mlp/up_proj/MatMul,fully_connected,fully_connected_gpu_bf_tiled,fully_connected_gpu_bf_tiled_2740906288179525049_0_0,performance,gtpin_total_execution_cycles,137535130,cycles,1,176,137535130
n1_i1,1,1,1,n1_i1::kernel::fullyconnected:/model/layers.0/self_attn/k_proj/MatMul::fully_connected_gpu_bf_tiled_17963963101609895522_0_0,n1_i1::primitive::fullyconnected:/model/layers.0/self_attn/k_proj/MatMul,kernel,fully_connected_gpu_bf_tiled_17963963101609895522_0_0,layers.*/self_attn,/model/layers.0/self_attn/k_proj/MatMul,FullyConnected,fullyconnected:/model/layers.0/self_attn/k_proj/MatMul,fully_connected,fully_connected_gpu_bf_tiled,fully_connected_gpu_bf_tiled_17963963101609895522_0_0,performance,gtpin_total_execution_cycles,4209242,cycles,1,8,4209242
n1_i1,1,1,1,n1_i1::kernel::fullyconnected:/model/layers.0/self_attn/o_proj/MatMul::fully_connected_gpu_bf_tiled_14284117615310227244_0_0,n1_i1::primitive::fullyconnected:/model/layers.0/self_attn/o_proj/MatMul,kernel,fully_connected_gpu_bf_tiled_14284117615310227244_0_0,layers.*/self_attn,/model/layers.0/self_attn/o_proj/MatMul,FullyConnected,fullyconnected:/model/layers.0/self_attn/o_proj/MatMul,fully_connected,fully_connected_gpu_bf_tiled,fully_connected_gpu_bf_tiled_14284117615310227244_0_0,performance,gtpin_total_execution_cycles,29930110,cycles,1,64,29930110
n1_i1,1,1,1,n1_i1::kernel::fullyconnected:/model/layers.0/self_attn/q_proj/MatMul::fully_connected_gpu_bf_tiled_5315586391497964380_0_0,n1_i1::primitive::fullyconnected:/model/layers.0/self_attn/q_proj/MatMul,kernel,fully_connected_gpu_bf_tiled_5315586391497964380_0_0,layers.*/self_attn,/model/layers.0/self_attn/q_proj/MatMul,FullyConnected,fullyconnected:/model/layers.0/self_attn/q_proj/MatMul,fully_connected,fully_connected_gpu_bf_tiled,fully_connected_gpu_bf_tiled_5315586391497964380_0_0,performance,gtpin_total_execution_cycles,33118976,cycles,1,64,33118976
n1_i1,1,1,1,n1_i1::kernel::fullyconnected:/model/layers.0/self_attn/v_proj/MatMul::fully_connected_gpu_bf_tiled_17963963101609895522_0_0,n1_i1::primitive::fullyconnected:/model/layers.0/self_attn/v_proj/MatMul,kernel,fully_connected_gpu_bf_tiled_17963963101609895522_0_0,layers.*/self_attn,/model/layers.0/self_attn/v_proj/MatMul,FullyConnected,fullyconnected:/model/layers.0/self_attn/v_proj/MatMul,fully_connected,fully_connected_gpu_bf_tiled,fully_connected_gpu_bf_tiled_17963963101609895522_0_0,performance,gtpin_total_execution_cycles,4061894,cycles,1,8,4061894
n1_i1,1,1,1,n1_i1::kernel::fullyconnected:/model/layers.1/mlp/down_proj/MatMul::fully_connected_gpu_bf_tiled_2727911967636154657_0_0,n1_i1::primitive::fullyconnected:/model/layers.1/mlp/down_proj/MatMul,kernel,fully_connected_gpu_bf_tiled_2727911967636154657_0_0,layers.*/mlp,/model/layers.1/mlp/down_proj/MatMul,FullyConnected,fullyconnected:/model/layers.1/mlp/down_proj/MatMul,fully_connected,fully_connected_gpu_bf_tiled,fully_connected_gpu_bf_tiled_2727911967636154657_0_0,performance,gtpin_total_execution_cycles,78491200,cycles,1,64,78491200
n1_i1,1,1,1,n1_i1::kernel::fullyconnected:/model/layers.1/mlp/gate_proj/MatMul::fully_connected_gpu_bf_tiled_9957149419786459120_0_0,n1_i1::primitive::fullyconnected:/model/layers.1/mlp/gate_proj/MatMul,kernel,fully_connected_gpu_bf_tiled_9957149419786459120_0_0,layers.*/mlp,/model/layers.1/mlp/gate_proj/MatMul,FullyConnected,fullyconnected:/model/layers.1/mlp/gate_proj/MatMul,fully_connected,fully_connected_gpu_bf_tiled,fully_connected_gpu_bf_tiled_9957149419786459120_0_0,performance,gtpin_total_execution_cycles,124131562,cycles,1,176,124131562
n1_i1,1,1,1,n1_i1::kernel::fullyconnected:/model/layers.1/mlp/up_proj/MatMul::fully_connected_gpu_bf_tiled_2740906288179525049_0_0,n1_i1::primitive::fullyconnected:/model/layers.1/mlp/up_proj/MatMul,kernel,fully_connected_gpu_bf_tiled_2740906288179525049_0_0,layers.*/mlp,/model/layers.1/mlp/up_proj/MatMul,FullyConnected,fullyconnected:/model/layers.1/mlp/up_proj/MatMul,fully_connected,fully_connected_gpu_bf_tiled,fully_connected_gpu_bf_tiled_2740906288179525049_0_0,performance,gtpin_total_execution_cycles,112659792,cycles,1,176,112659792
n1_i1,1,1,1,n1_i1::kernel::fullyconnected:/model/layers.1/self_attn/k_proj/MatMul::fully_connected_gpu_bf_tiled_17963963101609895522_0_0,n1_i1::primitive::fullyconnected:/model/layers.1/self_attn/k_proj/MatMul,kernel,fully_connected_gpu_bf_tiled_17963963101609895522_0_0,layers.*/self_attn,/model/layers.1/self_attn/k_proj/MatMul,FullyConnected,fullyconnected:/model/layers.1/self_attn/k_proj/MatMul,fully_connected,fully_connected_gpu_bf_tiled,fully_connected_gpu_bf_tiled_17963963101609895522_0_0,performance,gtpin_total_execution_cycles,4087524,cycles,1,8,4087524
n1_i1,1,1,1,n1_i1::kernel::fullyconnected:/model/layers.1/self_attn/o_proj/MatMul::fully_connected_gpu_bf_tiled_14284117615310227244_0_0,n1_i1::primitive::fullyconnected:/model/layers.1/self_attn/o_proj/MatMul,kernel,fully_connected_gpu_bf_tiled_14284117615310227244_0_0,layers.*/self_attn,/model/layers.1/self_attn/o_proj/MatMul,FullyConnected,fullyconnected:/model/layers.1/self_attn/o_proj/MatMul,fully_connected,fully_connected_gpu_bf_tiled,fully_connected_gpu_bf_tiled_14284117615310227244_0_0,performance,gtpin_total_execution_cycles,29351102,cycles,1,64,29351102
n1_i1,1,1,1,n1_i1::kernel::fullyconnected:/model/layers.1/self_attn/q_proj/MatMul::fully_connected_gpu_bf_tiled_5315586391497964380_0_0,n1_i1::primitive::fullyconnected:/model/layers.1/self_attn/q_proj/MatMul,kernel,fully_connected_gpu_bf_tiled_5315586391497964380_0_0,layers.*/self_attn,/model/layers.1/self_attn/q_proj/MatMul,FullyConnected,fullyconnected:/model/layers.1/self_attn/q_proj/MatMul,fully_connected,fully_connected_gpu_bf_tiled,fully_connected_gpu_bf_tiled_5315586391497964380_0_0,performance,gtpin_total_execution_cycles,31923658,cycles,1,64,31923658
n1_i1,1,1,1,n1_i1::kernel::fullyconnected:/model/layers.1/self_attn/v_proj/MatMul::fully_connected_gpu_bf_tiled_17963963101609895522_0_0,n1_i1::primitive::fullyconnected:/model/layers.1/self_attn/v_proj/MatMul,kernel,fully_connected_gpu_bf_tiled_17963963101609895522_0_0,layers.*/self_attn,/model/layers.1/self_attn/v_proj/MatMul,FullyConnected,fullyconnected:/model/layers.1/self_attn/v_proj/MatMul,fully_connected,fully_connected_gpu_bf_tiled,fully_connected_gpu_bf_tiled_17963963101609895522_0_0,performance,gtpin_total_execution_cycles,3907410,cycles,1,8,3907410
n1_i1,1,1,1,n1_i1::kernel::fullyconnected:/model/layers.10/mlp/down_proj/MatMul::fully_connected_gpu_bf_tiled_2727911967636154657_0_0,n1_i1::primitive::fullyconnected:/model/layers.10/mlp/down_proj/MatMul,kernel,fully_connected_gpu_bf_tiled_2727911967636154657_0_0,layers.*/mlp,/model/layers.10/mlp/down_proj/MatMul,FullyConnected,fullyconnected:/model/layers.10/mlp/down_proj/MatMul,fully_connected,fully_connected_gpu_bf_tiled,fully_connected_gpu_bf_tiled_2727911967636154657_0_0,performance,gtpin_total_execution_cycles,83953516,cycles,1,64,83953516
n1_i1,1,1,1,n1_i1::kernel::fullyconnected:/model/layers.10/mlp/gate_proj/MatMul::fully_connected_gpu_bf_tiled_9957149419786459120_0_0,n1_i1::primitive::fullyconnected:/model/layers.10/mlp/gate_proj/MatMul,kernel,fully_connected_gpu_bf_tiled_9957149419786459120_0_0,layers.*/mlp,/model/layers.10/mlp/gate_proj/MatMul,FullyConnected,fullyconnected:/model/layers.10/mlp/gate_proj/MatMul,fully_connected,fully_connected_gpu_bf_tiled,fully_connected_gpu_bf_tiled_9957149419786459120_0_0,performance,gtpin_total_execution_cycles,139326178,cycles,1,176,139326178
n1_i1,1,1,1,n1_i1::kernel::fullyconnected:/model/layers.10/mlp/up_proj/MatMul::fully_connected_gpu_bf_tiled_2740906288179525049_0_0,n1_i1::primitive::fullyconnected:/model/layers.10/mlp/up_proj/MatMul,kernel,fully_connected_gpu_bf_tiled_2740906288179525049_0_0,layers.*/mlp,/model/layers.10/mlp/up_proj/MatMul,FullyConnected,fullyconnected:/model/layers.10/mlp/up_proj/MatMul,fully_connected,fully_connected_gpu_bf_tiled,fully_connected_gpu_bf_tiled_2740906288179525049_0_0,performance,gtpin_total_execution_cycles,112669558,cycles,1,176,112669558
n1_i1,1,1,1,n1_i1::kernel::fullyconnected:/model/layers.10/self_attn/k_proj/MatMul::fully_connected_gpu_bf_tiled_17963963101609895522_0_0,n1_i1::primitive::fullyconnected:/model/layers.10/self_attn/k_proj/MatMul,kernel,fully_connected_gpu_bf_tiled_17963963101609895522_0_0,layers.*/self_attn,/model/layers.10/self_attn/k_proj/MatMul,FullyConnected,fullyconnected:/model/layers.10/self_attn/k_proj/MatMul,fully_connected,fully_connected_gpu_bf_tiled,fully_connected_gpu_bf_tiled_17963963101609895522_0_0,performance,gtpin_total_execution_cycles,3773618,cycles,1,8,3773618
n1_i1,1,1,1,n1_i1::kernel::fullyconnected:/model/layers.10/self_attn/o_proj/MatMul::fully_connected_gpu_bf_tiled_14284117615310227244_0_0,n1_i1::primitive::fullyconnected:/model/layers.10/self_attn/o_proj/MatMul,kernel,fully_connected_gpu_bf_tiled_14284117615310227244_0_0,layers.*/self_attn,/model/layers.10/self_attn/o_proj/MatMul,FullyConnected,fullyconnected:/model/layers.10/self_attn/o_proj/MatMul,fully_connected,fully_connected_gpu_bf_tiled,fully_connected_gpu_bf_tiled_14284117615310227244_0_0,performance,gtpin_total_execution_cycles,28626906,cycles,1,64,28626906
n1_i1,1,1,1,n1_i1::kernel::fullyconnected:/model/layers.10/self_attn/q_proj/MatMul::fully_connected_gpu_bf_tiled_5315586391497964380_0_0,n1_i1::primitive::fullyconnected:/model/layers.10/self_attn/q_proj/MatMul,kernel,fully_connected_gpu_bf_tiled_5315586391497964380_0_0,layers.*/self_attn,/model/layers.10/self_attn/q_proj/MatMul,FullyConnected,fullyconnected:/model/layers.10/self_attn/q_proj/MatMul,fully_connected,fully_connected_gpu_bf_tiled,fully_connected_gpu_bf_tiled_5315586391497964380_0_0,performance,gtpin_total_execution_cycles,29454282,cycles,1,64,29454282
n1_i1,1,1,1,n1_i1::kernel::fullyconnected:/model/layers.10/self_attn/v_proj/MatMul::fully_connected_gpu_bf_tiled_17963963101609895522_0_0,n1_i1::primitive::fullyconnected:/model/layers.10/self_attn/v_proj/MatMul,kernel,fully_connected_gpu_bf_tiled_17963963101609895522_0_0,layers.*/self_attn,/model/layers.10/self_attn/v_proj/MatMul,FullyConnected,fullyconnected:/model/layers.10/self_attn/v_proj/MatMul,fully_connected,fully_connected_gpu_bf_tiled,fully_connected_gpu_bf_tiled_17963963101609895522_0_0,performance,gtpin_total_execution_cycles,3610172,cycles,1,8,3610172
n1_i1,1,1,1,n1_i1::kernel::fullyconnected:/model/layers.11/mlp/down_proj/MatMul::fully_connected_gpu_bf_tiled_2727911967636154657_0_0,n1_i1::primitive::fullyconnected:/model/layers.11/mlp/down_proj/MatMul,kernel,fully_connected_gpu_bf_tiled_2727911967636154657_0_0,layers.*/mlp,/model/layers.11/mlp/down_proj/MatMul,FullyConnected,fullyconnected:/model/layers.11/mlp/down_proj/MatMul,fully_connected,fully_connected_gpu_bf_tiled,fully_connected_gpu_bf_tiled_2727911967636154657_0_0,performance,gtpin_total_execution_cycles,82376076,cycles,1,64,82376076
n1_i1,1,1,1,n1_i1::kernel::fullyconnected:/model/layers.11/mlp/gate_proj/MatMul::fully_connected_gpu_bf_tiled_9957149419786459120_0_0,n1_i1::primitive::fullyconnected:/model/layers.11/mlp/gate_proj/MatMul,kernel,fully_connected_gpu_bf_tiled_9957149419786459120_0_0,layers.*/mlp,/model/layers.11/mlp/gate_proj/MatMul,FullyConnected,fullyconnected:/model/layers.11/mlp/gate_proj/MatMul,fully_connected,fully_connected_gpu_bf_tiled,fully_connected_gpu_bf_tiled_9957149419786459120_0_0,performance,gtpin_total_execution_cycles,148763994,cycles,1,176,148763994
n1_i1,1,1,1,n1_i1::kernel::fullyconnected:/model/layers.11/mlp/up_proj/MatMul::fully_connected_gpu_bf_tiled_2740906288179525049_0_0,n1_i1::primitive::fullyconnected:/model/layers.11/mlp/up_proj/MatMul,kernel,fully_connected_gpu_bf_tiled_2740906288179525049_0_0,layers.*/mlp,/model/layers.11/mlp/up_proj/MatMul,FullyConnected,fullyconnected:/model/layers.11/mlp/up_proj/MatMul,fully_connected,fully_connected_gpu_bf_tiled,fully_connected_gpu_bf_tiled_2740906288179525049_0_0,performance,gtpin_total_execution_cycles,137108094,cycles,1,176,137108094
n1_i1,1,1,1,n1_i1::kernel::fullyconnected:/model/layers.11/self_attn/k_proj/MatMul::fully_connected_gpu_bf_tiled_17963963101609895522_0_0,n1_i1::primitive::fullyconnected:/model/layers.11/self_attn/k_proj/MatMul,kernel,fully_connected_gpu_bf_tiled_17963963101609895522_0_0,layers.*/self_attn,/model/layers.11/self_attn/k_proj/MatMul,FullyConnected,fullyconnected:/model/layers.11/self_attn/k_proj/MatMul,fully_connected,fully_connected_gpu_bf_tiled,fully_connected_gpu_bf_tiled_17963963101609895522_0_0,performance,gtpin_total_execution_cycles,3977270,cycles,1,8,3977270
n1_i1,1,1,1,n1_i1::kernel::fullyconnected:/model/layers.11/self_attn/o_proj/MatMul::fully_connected_gpu_bf_tiled_14284117615310227244_0_0,n1_i1::primitive::fullyconnected:/model/layers.11/self_attn/o_proj/MatMul,kernel,fully_connected_gpu_bf_tiled_14284117615310227244_0_0,layers.*/self_attn,/model/layers.11/self_attn/o_proj/MatMul,FullyConnected,fullyconnected:/model/layers.11/self_attn/o_proj/MatMul,fully_connected,fully_connected_gpu_bf_tiled,fully_connected_gpu_bf_tiled_14284117615310227244_0_0,performance,gtpin_total_execution_cycles,31890842,cycles,1,64,31890842
n1_i1,1,1,1,n1_i1::kernel::fullyconnected:/model/layers.11/self_attn/q_proj/MatMul::fully_connected_gpu_bf_tiled_5315586391497964380_0_0,n1_i1::primitive::fullyconnected:/model/layers.11/self_attn/q_proj/MatMul,kernel,fully_connected_gpu_bf_tiled_5315586391497964380_0_0,layers.*/self_attn,/model/layers.11/self_attn/q_proj/MatMul,FullyConnected,fullyconnected:/model/layers.11/self_attn/q_proj/MatMul,fully_connected,fully_connected_gpu_bf_tiled,fully_connected_gpu_bf_tiled_5315586391497964380_0_0,performance,gtpin_total_execution_cycles,30972932,cycles,1,64,30972932
n1_i1,1,1,1,n1_i1::kernel::fullyconnected:/model/layers.11/self_attn/v_proj/MatMul::fully_connected_gpu_bf_tiled_17963963101609895522_0_0,n1_i1::primitive::fullyconnected:/model/layers.11/self_attn/v_proj/MatMul,kernel,fully_connected_gpu_bf_tiled_17963963101609895522_0_0,layers.*/self_attn,/model/layers.11/self_attn/v_proj/MatMul,FullyConnected,fullyconnected:/model/layers.11/self_attn/v_proj/MatMul,fully_connected,fully_connected_gpu_bf_tiled,fully_connected_gpu_bf_tiled_17963963101609895522_0_0,performance,gtpin_total_execution_cycles,3793876,cycles,1,8,3793876
n1_i1,1,1,1,n1_i1::kernel::fullyconnected:/model/layers.12/mlp/down_proj/MatMul::fully_connected_gpu_bf_tiled_2727911967636154657_0_0,n1_i1::primitive::fullyconnected:/model/layers.12/mlp/down_proj/MatMul,kernel,fully_connected_gpu_bf_tiled_2727911967636154657_0_0,layers.*/mlp,/model/layers.12/mlp/down_proj/MatMul,FullyConnected,fullyconnected:/model/layers.12/mlp/down_proj/MatMul,fully_connected,fully_connected_gpu_bf_tiled,fully_connected_gpu_bf_tiled_2727911967636154657_0_0,performance,gtpin_total_execution_cycles,78978580,cycles,1,64,78978580
n1_i1,1,1,1,n1_i1::kernel::fullyconnected:/model/layers.12/mlp/gate_proj/MatMul::fully_connected_gpu_bf_tiled_9957149419786459120_0_0,n1_i1::primitive::fullyconnected:/model/layers.12/mlp/gate_proj/MatMul,kernel,fully_connected_gpu_bf_tiled_9957149419786459120_0_0,layers.*/mlp,/model/layers.12/mlp/gate_proj/MatMul,FullyConnected,fullyconnected:/model/layers.12/mlp/gate_proj/MatMul,fully_connected,fully_connected_gpu_bf_tiled,fully_connected_gpu_bf_tiled_9957149419786459120_0_0,performance,gtpin_total_execution_cycles,144941076,cycles,1,176,144941076
n1_i1,1,1,1,n1_i1::kernel::fullyconnected:/model/layers.12/mlp/up_proj/MatMul::fully_connected_gpu_bf_tiled_2740906288179525049_0_0,n1_i1::primitive::fullyconnected:/model/layers.12/mlp/up_proj/MatMul,kernel,fully_connected_gpu_bf_tiled_2740906288179525049_0_0,layers.*/mlp,/model/layers.12/mlp/up_proj/MatMul,FullyConnected,fullyconnected:/model/layers.12/mlp/up_proj/MatMul,fully_connected,fully_connected_gpu_bf_tiled,fully_connected_gpu_bf_tiled_2740906288179525049_0_0,performance,gtpin_total_execution_cycles,115244792,cycles,1,176,115244792
n1_i1,1,1,1,n1_i1::kernel::fullyconnected:/model/layers.12/self_attn/k_proj/MatMul::fully_connected_gpu_bf_tiled_17963963101609895522_0_0,n1_i1::primitive::fullyconnected:/model/layers.12/self_attn/k_proj/MatMul,kernel,fully_connected_gpu_bf_tiled_17963963101609895522_0_0,layers.*/self_attn,/model/layers.12/self_attn/k_proj/MatMul,FullyConnected,fullyconnected:/model/layers.12/self_attn/k_proj/MatMul,fully_connected,fully_connected_gpu_bf_tiled,fully_connected_gpu_bf_tiled_17963963101609895522_0_0,performance,gtpin_total_execution_cycles,3988110,cycles,1,8,3988110
n1_i1,1,1,1,n1_i1::kernel::fullyconnected:/model/layers.12/self_attn/o_proj/MatMul::fully_connected_gpu_bf_tiled_14284117615310227244_0_0,n1_i1::primitive::fullyconnected:/model/layers.12/self_attn/o_proj/MatMul,kernel,fully_connected_gpu_bf_tiled_14284117615310227244_0_0,layers.*/self_attn,/model/layers.12/self_attn/o_proj/MatMul,FullyConnected,fullyconnected:/model/layers.12/self_attn/o_proj/MatMul,fully_connected,fully_connected_gpu_bf_tiled,fully_connected_gpu_bf_tiled_14284117615310227244_0_0,performance,gtpin_total_execution_cycles,29090668,cycles,1,64,29090668
n1_i1,1,1,1,n1_i1::kernel::fullyconnected:/model/layers.12/self_attn/q_proj/MatMul::fully_connected_gpu_bf_tiled_5315586391497964380_0_0,n1_i1::primitive::fullyconnected:/model/layers.12/self_attn/q_proj/MatMul,kernel,fully_connected_gpu_bf_tiled_5315586391497964380_0_0,layers.*/self_attn,/model/layers.12/self_attn/q_proj/MatMul,FullyConnected,fullyconnected:/model/layers.12/self_attn/q_proj/MatMul,fully_connected,fully_connected_gpu_bf_tiled,fully_connected_gpu_bf_tiled_5315586391497964380_0_0,performance,gtpin_total_execution_cycles,30753742,cycles,1,64,30753742
n1_i1,1,1,1,n1_i1::kernel::fullyconnected:/model/layers.12/self_attn/v_proj/MatMul::fully_connected_gpu_bf_tiled_17963963101609895522_0_0,n1_i1::primitive::fullyconnected:/model/layers.12/self_attn/v_proj/MatMul,kernel,fully_connected_gpu_bf_tiled_17963963101609895522_0_0,layers.*/self_attn,/model/layers.12/self_attn/v_proj/MatMul,FullyConnected,fullyconnected:/model/layers.12/self_attn/v_proj/MatMul,fully_connected,fully_connected_gpu_bf_tiled,fully_connected_gpu_bf_tiled_17963963101609895522_0_0,performance,gtpin_total_execution_cycles,3755342,cycles,1,8,3755342
n1_i1,1,1,1,n1_i1::kernel::fullyconnected:/model/layers.13/mlp/down_proj/MatMul::fully_connected_gpu_bf_tiled_2727911967636154657_0_0,n1_i1::primitive::fullyconnected:/model/layers.13/mlp/down_proj/MatMul,kernel,fully_connected_gpu_bf_tiled_2727911967636154657_0_0,layers.*/mlp,/model/layers.13/mlp/down_proj/MatMul,FullyConnected,fullyconnected:/model/layers.13/mlp/down_proj/MatMul,fully_connected,fully_connected_gpu_bf_tiled,fully_connected_gpu_bf_tiled_2727911967636154657_0_0,performance,gtpin_total_execution_cycles,75529178,cycles,1,64,75529178
n1_i1,1,1,1,n1_i1::kernel::fullyconnected:/model/layers.13/mlp/gate_proj/MatMul::fully_connected_gpu_bf_tiled_9957149419786459120_0_0,n1_i1::primitive::fullyconnected:/model/layers.13/mlp/gate_proj/MatMul,kernel,fully_connected_gpu_bf_tiled_9957149419786459120_0_0,layers.*/mlp,/model/layers.13/mlp/gate_proj/MatMul,FullyConnected,fullyconnected:/model/layers.13/mlp/gate_proj/MatMul,fully_connected,fully_connected_gpu_bf_tiled,fully_connected_gpu_bf_tiled_9957149419786459120_0_0,performance,gtpin_total_execution_cycles,123240044,cycles,1,176,123240044
n1_i1,1,1,1,n1_i1::kernel::fullyconnected:/model/layers.13/mlp/up_proj/MatMul::fully_connected_gpu_bf_tiled_2740906288179525049_0_0,n1_i1::primitive::fullyconnected:/model/layers.13/mlp/up_proj/MatMul,kernel,fully_connected_gpu_bf_tiled_2740906288179525049_0_0,layers.*/mlp,/model/layers.13/mlp/up_proj/MatMul,FullyConnected,fullyconnected:/model/layers.13/mlp/up_proj/MatMul,fully_connected,fully_connected_gpu_bf_tiled,fully_connected_gpu_bf_tiled_2740906288179525049_0_0,performance,gtpin_total_execution_cycles,101482770,cycles,1,176,101482770
n1_i1,1,1,1,n1_i1::kernel::fullyconnected:/model/layers.13/self_attn/k_proj/MatMul::fully_connected_gpu_bf_tiled_17963963101609895522_0_0,n1_i1::primitive::fullyconnected:/model/layers.13/self_attn/k_proj/MatMul,kernel,fully_connected_gpu_bf_tiled_17963963101609895522_0_0,layers.*/self_attn,/model/layers.13/self_attn/k_proj/MatMul,FullyConnected,fullyconnected:/model/layers.13/self_attn/k_proj/MatMul,fully_connected,fully_connected_gpu_bf_tiled,fully_connected_gpu_bf_tiled_17963963101609895522_0_0,performance,gtpin_total_execution_cycles,3795636,cycles,1,8,3795636
n1_i1,1,1,1,n1_i1::kernel::fullyconnected:/model/layers.13/self_attn/o_proj/MatMul::fully_connected_gpu_bf_tiled_14284117615310227244_0_0,n1_i1::primitive::fullyconnected:/model/layers.13/self_attn/o_proj/MatMul,kernel,fully_connected_gpu_bf_tiled_14284117615310227244_0_0,layers.*/self_attn,/model/layers.13/self_attn/o_proj/MatMul,FullyConnected,fullyconnected:/model/layers.13/self_attn/o_proj/MatMul,fully_connected,fully_connected_gpu_bf_tiled,fully_connected_gpu_bf_tiled_14284117615310227244_0_0,performance,gtpin_total_execution_cycles,29071446,cycles,1,64,29071446
n1_i1,1,1,1,n1_i1::kernel::fullyconnected:/model/layers.13/self_attn/q_proj/MatMul::fully_connected_gpu_bf_tiled_5315586391497964380_0_0,n1_i1::primitive::fullyconnected:/model/layers.13/self_attn/q_proj/MatMul,kernel,fully_connected_gpu_bf_tiled_5315586391497964380_0_0,layers.*/self_attn,/model/layers.13/self_attn/q_proj/MatMul,FullyConnected,fullyconnected:/model/layers.13/self_attn/q_proj/MatMul,fully_connected,fully_connected_gpu_bf_tiled,fully_connected_gpu_bf_tiled_5315586391497964380_0_0,performance,gtpin_total_execution_cycles,29400754,cycles,1,64,29400754
n1_i1,1,1,1,n1_i1::kernel::fullyconnected:/model/layers.13/self_attn/v_proj/MatMul::fully_connected_gpu_bf_tiled_17963963101609895522_0_0,n1_i1::primitive::fullyconnected:/model/layers.13/self_attn/v_proj/MatMul,kernel,fully_connected_gpu_bf_tiled_17963963101609895522_0_0,layers.*/self_attn,/model/layers.13/self_attn/v_proj/MatMul,FullyConnected,fullyconnected:/model/layers.13/self_attn/v_proj/MatMul,fully_connected,fully_connected_gpu_bf_tiled,fully_connected_gpu_bf_tiled_17963963101609895522_0_0,performance,gtpin_total_execution_cycles,3582852,cycles,1,8,3582852
n1_i1,1,1,1,n1_i1::kernel::fullyconnected:/model/layers.14/mlp/down_proj/MatMul::fully_connected_gpu_bf_tiled_2727911967636154657_0_0,n1_i1::primitive::fullyconnected:/model/layers.14/mlp/down_proj/MatMul,kernel,fully_connected_gpu_bf_tiled_2727911967636154657_0_0,layers.*/mlp,/model/layers.14/mlp/down_proj/MatMul,FullyConnected,fullyconnected:/model/layers.14/mlp/down_proj/MatMul,fully_connected,fully_connected_gpu_bf_tiled,fully_connected_gpu_bf_tiled_2727911967636154657_0_0,performance,gtpin_total_execution_cycles,82181310,cycles,1,64,82181310
n1_i1,1,1,1,n1_i1::kernel::fullyconnected:/model/layers.14/mlp/gate_proj/MatMul::fully_connected_gpu_bf_tiled_9957149419786459120_0_0,n1_i1::primitive::fullyconnected:/model/layers.14/mlp/gate_proj/MatMul,kernel,fully_connected_gpu_bf_tiled_9957149419786459120_0_0,layers.*/mlp,/model/layers.14/mlp/gate_proj/MatMul,FullyConnected,fullyconnected:/model/layers.14/mlp/gate_proj/MatMul,fully_connected,fully_connected_gpu_bf_tiled,fully_connected_gpu_bf_tiled_9957149419786459120_0_0,performance,gtpin_total_execution_cycles,164827692,cycles,1,176,164827692
n1_i1,1,1,1,n1_i1::kernel::fullyconnected:/model/layers.14/mlp/up_proj/MatMul::fully_connected_gpu_bf_tiled_2740906288179525049_0_0,n1_i1::primitive::fullyconnected:/model/layers.14/mlp/up_proj/MatMul,kernel,fully_connected_gpu_bf_tiled_2740906288179525049_0_0,layers.*/mlp,/model/layers.14/mlp/up_proj/MatMul,FullyConnected,fullyconnected:/model/layers.14/mlp/up_proj/MatMul,fully_connected,fully_connected_gpu_bf_tiled,fully_connected_gpu_bf_tiled_2740906288179525049_0_0,performance,gtpin_total_execution_cycles,112127522,cycles,1,176,112127522
n1_i1,1,1,1,n1_i1::kernel::fullyconnected:/model/layers.14/self_attn/k_proj/MatMul::fully_connected_gpu_bf_tiled_17963963101609895522_0_0,n1_i1::primitive::fullyconnected:/model/layers.14/self_attn/k_proj/MatMul,kernel,fully_connected_gpu_bf_tiled_17963963101609895522_0_0,layers.*/self_attn,/model/layers.14/self_attn/k_proj/MatMul,FullyConnected,fullyconnected:/model/layers.14/self_attn/k_proj/MatMul,fully_connected,fully_connected_gpu_bf_tiled,fully_connected_gpu_bf_tiled_17963963101609895522_0_0,performance,gtpin_total_execution_cycles,3689932,cycles,1,8,3689932
n1_i1,1,1,1,n1_i1::kernel::fullyconnected:/model/layers.14/self_attn/o_proj/MatMul::fully_connected_gpu_bf_tiled_14284117615310227244_0_0,n1_i1::primitive::fullyconnected:/model/layers.14/self_attn/o_proj/MatMul,kernel,fully_connected_gpu_bf_tiled_14284117615310227244_0_0,layers.*/self_attn,/model/layers.14/self_attn/o_proj/MatMul,FullyConnected,fullyconnected:/model/layers.14/self_attn/o_proj/MatMul,fully_connected,fully_connected_gpu_bf_tiled,fully_connected_gpu_bf_tiled_14284117615310227244_0_0,performance,gtpin_total_execution_cycles,28851284,cycles,1,64,28851284
n1_i1,1,1,1,n1_i1::kernel::fullyconnected:/model/layers.14/self_attn/q_proj/MatMul::fully_connected_gpu_bf_tiled_5315586391497964380_0_0,n1_i1::primitive::fullyconnected:/model/layers.14/self_attn/q_proj/MatMul,kernel,fully_connected_gpu_bf_tiled_5315586391497964380_0_0,layers.*/self_attn,/model/layers.14/self_attn/q_proj/MatMul,FullyConnected,fullyconnected:/model/layers.14/self_attn/q_proj/MatMul,fully_connected,fully_connected_gpu_bf_tiled,fully_connected_gpu_bf_tiled_5315586391497964380_0_0,performance,gtpin_total_execution_cycles,28617120,cycles,1,64,28617120
n1_i1,1,1,1,n1_i1::kernel::fullyconnected:/model/layers.14/self_attn/v_proj/MatMul::fully_connected_gpu_bf_tiled_17963963101609895522_0_0,n1_i1::primitive::fullyconnected:/model/layers.14/self_attn/v_proj/MatMul,kernel,fully_connected_gpu_bf_tiled_17963963101609895522_0_0,layers.*/self_attn,/model/layers.14/self_attn/v_proj/MatMul,FullyConnected,fullyconnected:/model/layers.14/self_attn/v_proj/MatMul,fully_connected,fully_connected_gpu_bf_tiled,fully_connected_gpu_bf_tiled_17963963101609895522_0_0,performance,gtpin_total_execution_cycles,3491116,cycles,1,8,3491116
n1_i1,1,1,1,n1_i1::kernel::fullyconnected:/model/layers.15/mlp/down_proj/MatMul::fully_connected_gpu_bf_tiled_2727911967636154657_0_0,n1_i1::primitive::fullyconnected:/model/layers.15/mlp/down_proj/MatMul,kernel,fully_connected_gpu_bf_tiled_2727911967636154657_0_0,layers.*/mlp,/model/layers.15/mlp/down_proj/MatMul,FullyConnected,fullyconnected:/model/layers.15/mlp/down_proj/MatMul,fully_connected,fully_connected_gpu_bf_tiled,fully_connected_gpu_bf_tiled_2727911967636154657_0_0,performance,gtpin_total_execution_cycles,76022502,cycles,1,64,76022502
n1_i1,1,1,1,n1_i1::kernel::fullyconnected:/model/layers.15/mlp/gate_proj/MatMul::fully_connected_gpu_bf_tiled_9957149419786459120_0_0,n1_i1::primitive::fullyconnected:/model/layers.15/mlp/gate_proj/MatMul,kernel,fully_connected_gpu_bf_tiled_9957149419786459120_0_0,layers.*/mlp,/model/layers.15/mlp/gate_proj/MatMul,FullyConnected,fullyconnected:/model/layers.15/mlp/gate_proj/MatMul,fully_connected,fully_connected_gpu_bf_tiled,fully_connected_gpu_bf_tiled_9957149419786459120_0_0,performance,gtpin_total_execution_cycles,106755206,cycles,1,176,106755206
n1_i1,1,1,1,n1_i1::kernel::fullyconnected:/model/layers.15/mlp/up_proj/MatMul::fully_connected_gpu_bf_tiled_2740906288179525049_0_0,n1_i1::primitive::fullyconnected:/model/layers.15/mlp/up_proj/MatMul,kernel,fully_connected_gpu_bf_tiled_2740906288179525049_0_0,layers.*/mlp,/model/layers.15/mlp/up_proj/MatMul,FullyConnected,fullyconnected:/model/layers.15/mlp/up_proj/MatMul,fully_connected,fully_connected_gpu_bf_tiled,fully_connected_gpu_bf_tiled_2740906288179525049_0_0,performance,gtpin_total_execution_cycles,101465718,cycles,1,176,101465718
n1_i1,1,1,1,n1_i1::kernel::fullyconnected:/model/layers.15/self_attn/k_proj/MatMul::fully_connected_gpu_bf_tiled_17963963101609895522_0_0,n1_i1::primitive::fullyconnected:/model/layers.15/self_attn/k_proj/MatMul,kernel,fully_connected_gpu_bf_tiled_17963963101609895522_0_0,layers.*/self_attn,/model/layers.15/self_attn/k_proj/MatMul,FullyConnected,fullyconnected:/model/layers.15/self_attn/k_proj/MatMul,fully_connected,fully_connected_gpu_bf_tiled,fully_connected_gpu_bf_tiled_17963963101609895522_0_0,performance,gtpin_total_execution_cycles,3735056,cycles,1,8,3735056
n1_i1,1,1,1,n1_i1::kernel::fullyconnected:/model/layers.15/self_attn/o_proj/MatMul::fully_connected_gpu_bf_tiled_14284117615310227244_0_0,n1_i1::primitive::fullyconnected:/model/layers.15/self_attn/o_proj/MatMul,kernel,fully_connected_gpu_bf_tiled_14284117615310227244_0_0,layers.*/self_attn,/model/layers.15/self_attn/o_proj/MatMul,FullyConnected,fullyconnected:/model/layers.15/self_attn/o_proj/MatMul,fully_connected,fully_connected_gpu_bf_tiled,fully_connected_gpu_bf_tiled_14284117615310227244_0_0,performance,gtpin_total_execution_cycles,28709846,cycles,1,64,28709846
n1_i1,1,1,1,n1_i1::kernel::fullyconnected:/model/layers.15/self_attn/q_proj/MatMul::fully_connected_gpu_bf_tiled_5315586391497964380_0_0,n1_i1::primitive::fullyconnected:/model/layers.15/self_attn/q_proj/MatMul,kernel,fully_connected_gpu_bf_tiled_5315586391497964380_0_0,layers.*/self_attn,/model/layers.15/self_attn/q_proj/MatMul,FullyConnected,fullyconnected:/model/layers.15/self_attn/q_proj/MatMul,fully_connected,fully_connected_gpu_bf_tiled,fully_connected_gpu_bf_tiled_5315586391497964380_0_0,performance,gtpin_total_execution_cycles,29099486,cycles,1,64,29099486
n1_i1,1,1,1,n1_i1::kernel::fullyconnected:/model/layers.15/self_attn/v_proj/MatMul::fully_connected_gpu_bf_tiled_17963963101609895522_0_0,n1_i1::primitive::fullyconnected:/model/layers.15/self_attn/v_proj/MatMul,kernel,fully_connected_gpu_bf_tiled_17963963101609895522_0_0,layers.*/self_attn,/model/layers.15/self_attn/v_proj/MatMul,FullyConnected,fullyconnected:/model/layers.15/self_attn/v_proj/MatMul,fully_connected,fully_connected_gpu_bf_tiled,fully_connected_gpu_bf_tiled_17963963101609895522_0_0,performance,gtpin_total_execution_cycles,3561266,cycles,1,8,3561266
n1_i1,1,1,1,n1_i1::kernel::fullyconnected:/model/layers.16/mlp/down_proj/MatMul::fully_connected_gpu_bf_tiled_2727911967636154657_0_0,n1_i1::primitive::fullyconnected:/model/layers.16/mlp/down_proj/MatMul,kernel,fully_connected_gpu_bf_tiled_2727911967636154657_0_0,layers.*/mlp,/model/layers.16/mlp/down_proj/MatMul,FullyConnected,fullyconnected:/model/layers.16/mlp/down_proj/MatMul,fully_connected,fully_connected_gpu_bf_tiled,fully_connected_gpu_bf_tiled_2727911967636154657_0_0,performance,gtpin_total_execution_cycles,75955010,cycles,1,64,75955010
n1_i1,1,1,1,n1_i1::kernel::fullyconnected:/model/layers.16/mlp/gate_proj/MatMul::fully_connected_gpu_bf_tiled_9957149419786459120_0_0,n1_i1::primitive::fullyconnected:/model/layers.16/mlp/gate_proj/MatMul,kernel,fully_connected_gpu_bf_tiled_9957149419786459120_0_0,layers.*/mlp,/model/layers.16/mlp/gate_proj/MatMul,FullyConnected,fullyconnected:/model/layers.16/mlp/gate_proj/MatMul,fully_connected,fully_connected_gpu_bf_tiled,fully_connected_gpu_bf_tiled_9957149419786459120_0_0,performance,gtpin_total_execution_cycles,133037866,cycles,1,176,133037866
n1_i1,1,1,1,n1_i1::kernel::fullyconnected:/model/layers.16/mlp/up_proj/MatMul::fully_connected_gpu_bf_tiled_2740906288179525049_0_0,n1_i1::primitive::fullyconnected:/model/layers.16/mlp/up_proj/MatMul,kernel,fully_connected_gpu_bf_tiled_2740906288179525049_0_0,layers.*/mlp,/model/layers.16/mlp/up_proj/MatMul,FullyConnected,fullyconnected:/model/layers.16/mlp/up_proj/MatMul,fully_connected,fully_connected_gpu_bf_tiled,fully_connected_gpu_bf_tiled_2740906288179525049_0_0,performance,gtpin_total_execution_cycles,116282022,cycles,1,176,116282022
n1_i1,1,1,1,n1_i1::kernel::fullyconnected:/model/layers.16/self_attn/k_proj/MatMul::fully_connected_gpu_bf_tiled_17963963101609895522_0_0,n1_i1::primitive::fullyconnected:/model/layers.16/self_attn/k_proj/MatMul,kernel,fully_connected_gpu_bf_tiled_17963963101609895522_0_0,layers.*/self_attn,/model/layers.16/self_attn/k_proj/MatMul,FullyConnected,fullyconnected:/model/layers.16/self_attn/k_proj/MatMul,fully_connected,fully_connected_gpu_bf_tiled,fully_connected_gpu_bf_tiled_17963963101609895522_0_0,performance,gtpin_total_execution_cycles,3708598,cycles,1,8,3708598
n1_i1,1,1,1,n1_i1::kernel::fullyconnected:/model/layers.16/self_attn/o_proj/MatMul::fully_connected_gpu_bf_tiled_14284117615310227244_0_0,n1_i1::primitive::fullyconnected:/model/layers.16/self_attn/o_proj/MatMul,kernel,fully_connected_gpu_bf_tiled_14284117615310227244_0_0,layers.*/self_attn,/model/layers.16/self_attn/o_proj/MatMul,FullyConnected,fullyconnected:/model/layers.16/self_attn/o_proj/MatMul,fully_connected,fully_connected_gpu_bf_tiled,fully_connected_gpu_bf_tiled_14284117615310227244_0_0,performance,gtpin_total_execution_cycles,28413100,cycles,1,64,28413100
n1_i1,1,1,1,n1_i1::kernel::fullyconnected:/model/layers.16/self_attn/q_proj/MatMul::fully_connected_gpu_bf_tiled_5315586391497964380_0_0,n1_i1::primitive::fullyconnected:/model/layers.16/self_attn/q_proj/MatMul,kernel,fully_connected_gpu_bf_tiled_5315586391497964380_0_0,layers.*/self_attn,/model/layers.16/self_attn/q_proj/MatMul,FullyConnected,fullyconnected:/model/layers.16/self_attn/q_proj/MatMul,fully_connected,fully_connected_gpu_bf_tiled,fully_connected_gpu_bf_tiled_5315586391497964380_0_0,performance,gtpin_total_execution_cycles,28906166,cycles,1,64,28906166
n1_i1,1,1,1,n1_i1::kernel::fullyconnected:/model/layers.16/self_attn/v_proj/MatMul::fully_connected_gpu_bf_tiled_17963963101609895522_0_0,n1_i1::primitive::fullyconnected:/model/layers.16/self_attn/v_proj/MatMul,kernel,fully_connected_gpu_bf_tiled_17963963101609895522_0_0,layers.*/self_attn,/model/layers.16/self_attn/v_proj/MatMul,FullyConnected,fullyconnected:/model/layers.16/self_attn/v_proj/MatMul,fully_connected,fully_connected_gpu_bf_tiled,fully_connected_gpu_bf_tiled_17963963101609895522_0_0,performance,gtpin_total_execution_cycles,3525160,cycles,1,8,3525160
n1_i1,1,1,1,n1_i1::kernel::fullyconnected:/model/layers.17/mlp/down_proj/MatMul::fully_connected_gpu_bf_tiled_2727911967636154657_0_0,n1_i1::primitive::fullyconnected:/model/layers.17/mlp/down_proj/MatMul,kernel,fully_connected_gpu_bf_tiled_2727911967636154657_0_0,layers.*/mlp,/model/layers.17/mlp/down_proj/MatMul,FullyConnected,fullyconnected:/model/layers.17/mlp/down_proj/MatMul,fully_connected,fully_connected_gpu_bf_tiled,fully_connected_gpu_bf_tiled_2727911967636154657_0_0,performance,gtpin_total_execution_cycles,76893626,cycles,1,64,76893626
n1_i1,1,1,1,n1_i1::kernel::fullyconnected:/model/layers.17/mlp/gate_proj/MatMul::fully_connected_gpu_bf_tiled_9957149419786459120_0_0,n1_i1::primitive::fullyconnected:/model/layers.17/mlp/gate_proj/MatMul,kernel,fully_connected_gpu_bf_tiled_9957149419786459120_0_0,layers.*/mlp,/model/layers.17/mlp/gate_proj/MatMul,FullyConnected,fullyconnected:/model/layers.17/mlp/gate_proj/MatMul,fully_connected,fully_connected_gpu_bf_tiled,fully_connected_gpu_bf_tiled_9957149419786459120_0_0,performance,gtpin_total_execution_cycles,113078062,cycles,1,176,113078062
n1_i1,1,1,1,n1_i1::kernel::fullyconnected:/model/layers.17/mlp/up_proj/MatMul::fully_connected_gpu_bf_tiled_2740906288179525049_0_0,n1_i1::primitive::fullyconnected:/model/layers.17/mlp/up_proj/MatMul,kernel,fully_connected_gpu_bf_tiled_2740906288179525049_0_0,layers.*/mlp,/model/layers.17/mlp/up_proj/MatMul,FullyConnected,fullyconnected:/model/layers.17/mlp/up_proj/MatMul,fully_connected,fully_connected_gpu_bf_tiled,fully_connected_gpu_bf_tiled_2740906288179525049_0_0,performance,gtpin_total_execution_cycles,97358904,cycles,1,176,97358904
n1_i1,1,1,1,n1_i1::kernel::fullyconnected:/model/layers.17/self_attn/k_proj/MatMul::fully_connected_gpu_bf_tiled_17963963101609895522_0_0,n1_i1::primitive::fullyconnected:/model/layers.17/self_attn/k_proj/MatMul,kernel,fully_connected_gpu_bf_tiled_17963963101609895522_0_0,layers.*/self_attn,/model/layers.17/self_attn/k_proj/MatMul,FullyConnected,fullyconnected:/model/layers.17/self_attn/k_proj/MatMul,fully_connected,fully_connected_gpu_bf_tiled,fully_connected_gpu_bf_tiled_17963963101609895522_0_0,performance,gtpin_total_execution_cycles,3698458,cycles,1,8,3698458
n1_i1,1,1,1,n1_i1::kernel::fullyconnected:/model/layers.17/self_attn/o_proj/MatMul::fully_connected_gpu_bf_tiled_14284117615310227244_0_0,n1_i1::primitive::fullyconnected:/model/layers.17/self_attn/o_proj/MatMul,kernel,fully_connected_gpu_bf_tiled_14284117615310227244_0_0,layers.*/self_attn,/model/layers.17/self_attn/o_proj/MatMul,FullyConnected,fullyconnected:/model/layers.17/self_attn/o_proj/MatMul,fully_connected,fully_connected_gpu_bf_tiled,fully_connected_gpu_bf_tiled_14284117615310227244_0_0,performance,gtpin_total_execution_cycles,28396060,cycles,1,64,28396060
n1_i1,1,1,1,n1_i1::kernel::fullyconnected:/model/layers.17/self_attn/q_proj/MatMul::fully_connected_gpu_bf_tiled_5315586391497964380_0_0,n1_i1::primitive::fullyconnected:/model/layers.17/self_attn/q_proj/MatMul,kernel,fully_connected_gpu_bf_tiled_5315586391497964380_0_0,layers.*/self_attn,/model/layers.17/self_attn/q_proj/MatMul,FullyConnected,fullyconnected:/model/layers.17/self_attn/q_proj/MatMul,fully_connected,fully_connected_gpu_bf_tiled,fully_connected_gpu_bf_tiled_5315586391497964380_0_0,performance,gtpin_total_execution_cycles,28572592,cycles,1,64,28572592
n1_i1,1,1,1,n1_i1::kernel::fullyconnected:/model/layers.17/self_attn/v_proj/MatMul::fully_connected_gpu_bf_tiled_17963963101609895522_0_0,n1_i1::primitive::fullyconnected:/model/layers.17/self_attn/v_proj/MatMul,kernel,fully_connected_gpu_bf_tiled_17963963101609895522_0_0,layers.*/self_attn,/model/layers.17/self_attn/v_proj/MatMul,FullyConnected,fullyconnected:/model/layers.17/self_attn/v_proj/MatMul,fully_connected,fully_connected_gpu_bf_tiled,fully_connected_gpu_bf_tiled_17963963101609895522_0_0,performance,gtpin_total_execution_cycles,3474760,cycles,1,8,3474760
n1_i1,1,1,1,n1_i1::kernel::fullyconnected:/model/layers.18/mlp/down_proj/MatMul::fully_connected_gpu_bf_tiled_2727911967636154657_0_0,n1_i1::primitive::fullyconnected:/model/layers.18/mlp/down_proj/MatMul,kernel,fully_connected_gpu_bf_tiled_2727911967636154657_0_0,layers.*/mlp,/model/layers.18/mlp/down_proj/MatMul,FullyConnected,fullyconnected:/model/layers.18/mlp/down_proj/MatMul,fully_connected,fully_connected_gpu_bf_tiled,fully_connected_gpu_bf_tiled_2727911967636154657_0_0,performance,gtpin_total_execution_cycles,78746850,cycles,1,64,78746850
n1_i1,1,1,1,n1_i1::kernel::fullyconnected:/model/layers.18/mlp/gate_proj/MatMul::fully_connected_gpu_bf_tiled_9957149419786459120_0_0,n1_i1::primitive::fullyconnected:/model/layers.18/mlp/gate_proj/MatMul,kernel,fully_connected_gpu_bf_tiled_9957149419786459120_0_0,layers.*/mlp,/model/layers.18/mlp/gate_proj/MatMul,FullyConnected,fullyconnected:/model/layers.18/mlp/gate_proj/MatMul,fully_connected,fully_connected_gpu_bf_tiled,fully_connected_gpu_bf_tiled_9957149419786459120_0_0,performance,gtpin_total_execution_cycles,105451694,cycles,1,176,105451694
n1_i1,1,1,1,n1_i1::kernel::fullyconnected:/model/layers.18/mlp/up_proj/MatMul::fully_connected_gpu_bf_tiled_2740906288179525049_0_0,n1_i1::primitive::fullyconnected:/model/layers.18/mlp/up_proj/MatMul,kernel,fully_connected_gpu_bf_tiled_2740906288179525049_0_0,layers.*/mlp,/model/layers.18/mlp/up_proj/MatMul,FullyConnected,fullyconnected:/model/layers.18/mlp/up_proj/MatMul,fully_connected,fully_connected_gpu_bf_tiled,fully_connected_gpu_bf_tiled_2740906288179525049_0_0,performance,gtpin_total_execution_cycles,104499254,cycles,1,176,104499254
n1_i1,1,1,1,n1_i1::kernel::fullyconnected:/model/layers.18/self_attn/k_proj/MatMul::fully_connected_gpu_bf_tiled_17963963101609895522_0_0,n1_i1::primitive::fullyconnected:/model/layers.18/self_attn/k_proj/MatMul,kernel,fully_connected_gpu_bf_tiled_17963963101609895522_0_0,layers.*/self_attn,/model/layers.18/self_attn/k_proj/MatMul,FullyConnected,fullyconnected:/model/layers.18/self_attn/k_proj/MatMul,fully_connected,fully_connected_gpu_bf_tiled,fully_connected_gpu_bf_tiled_17963963101609895522_0_0,performance,gtpin_total_execution_cycles,3846806,cycles,1,8,3846806
n1_i1,1,1,1,n1_i1::kernel::fullyconnected:/model/layers.18/self_attn/o_proj/MatMul::fully_connected_gpu_bf_tiled_14284117615310227244_0_0,n1_i1::primitive::fullyconnected:/model/layers.18/self_attn/o_proj/MatMul,kernel,fully_connected_gpu_bf_tiled_14284117615310227244_0_0,layers.*/self_attn,/model/layers.18/self_attn/o_proj/MatMul,FullyConnected,fullyconnected:/model/layers.18/self_attn/o_proj/MatMul,fully_connected,fully_connected_gpu_bf_tiled,fully_connected_gpu_bf_tiled_14284117615310227244_0_0,performance,gtpin_total_execution_cycles,28883704,cycles,1,64,28883704
n1_i1,1,1,1,n1_i1::kernel::fullyconnected:/model/layers.18/self_attn/q_proj/MatMul::fully_connected_gpu_bf_tiled_5315586391497964380_0_0,n1_i1::primitive::fullyconnected:/model/layers.18/self_attn/q_proj/MatMul,kernel,fully_connected_gpu_bf_tiled_5315586391497964380_0_0,layers.*/self_attn,/model/layers.18/self_attn/q_proj/MatMul,FullyConnected,fullyconnected:/model/layers.18/self_attn/q_proj/MatMul,fully_connected,fully_connected_gpu_bf_tiled,fully_connected_gpu_bf_tiled_5315586391497964380_0_0,performance,gtpin_total_execution_cycles,30019948,cycles,1,64,30019948
n1_i1,1,1,1,n1_i1::kernel::fullyconnected:/model/layers.18/self_attn/v_proj/MatMul::fully_connected_gpu_bf_tiled_17963963101609895522_0_0,n1_i1::primitive::fullyconnected:/model/layers.18/self_attn/v_proj/MatMul,kernel,fully_connected_gpu_bf_tiled_17963963101609895522_0_0,layers.*/self_attn,/model/layers.18/self_attn/v_proj/MatMul,FullyConnected,fullyconnected:/model/layers.18/self_attn/v_proj/MatMul,fully_connected,fully_connected_gpu_bf_tiled,fully_connected_gpu_bf_tiled_17963963101609895522_0_0,performance,gtpin_total_execution_cycles,3663324,cycles,1,8,3663324
n1_i1,1,1,1,n1_i1::kernel::fullyconnected:/model/layers.19/mlp/down_proj/MatMul::fully_connected_gpu_bf_tiled_2727911967636154657_0_0,n1_i1::primitive::fullyconnected:/model/layers.19/mlp/down_proj/MatMul,kernel,fully_connected_gpu_bf_tiled_2727911967636154657_0_0,layers.*/mlp,/model/layers.19/mlp/down_proj/MatMul,FullyConnected,fullyconnected:/model/layers.19/mlp/down_proj/MatMul,fully_connected,fully_connected_gpu_bf_tiled,fully_connected_gpu_bf_tiled_2727911967636154657_0_0,performance,gtpin_total_execution_cycles,75478914,cycles,1,64,75478914
n1_i1,1,1,1,n1_i1::kernel::fullyconnected:/model/layers.19/mlp/gate_proj/MatMul::fully_connected_gpu_bf_tiled_9957149419786459120_0_0,n1_i1::primitive::fullyconnected:/model/layers.19/mlp/gate_proj/MatMul,kernel,fully_connected_gpu_bf_tiled_9957149419786459120_0_0,layers.*/mlp,/model/layers.19/mlp/gate_proj/MatMul,FullyConnected,fullyconnected:/model/layers.19/mlp/gate_proj/MatMul,fully_connected,fully_connected_gpu_bf_tiled,fully_connected_gpu_bf_tiled_9957149419786459120_0_0,performance,gtpin_total_execution_cycles,104200524,cycles,1,176,104200524
n1_i1,1,1,1,n1_i1::kernel::fullyconnected:/model/layers.19/mlp/up_proj/MatMul::fully_connected_gpu_bf_tiled_2740906288179525049_0_0,n1_i1::primitive::fullyconnected:/model/layers.19/mlp/up_proj/MatMul,kernel,fully_connected_gpu_bf_tiled_2740906288179525049_0_0,layers.*/mlp,/model/layers.19/mlp/up_proj/MatMul,FullyConnected,fullyconnected:/model/layers.19/mlp/up_proj/MatMul,fully_connected,fully_connected_gpu_bf_tiled,fully_connected_gpu_bf_tiled_2740906288179525049_0_0,performance,gtpin_total_execution_cycles,98899120,cycles,1,176,98899120
n1_i1,1,1,1,n1_i1::kernel::fullyconnected:/model/layers.19/self_attn/k_proj/MatMul::fully_connected_gpu_bf_tiled_17963963101609895522_0_0,n1_i1::primitive::fullyconnected:/model/layers.19/self_attn/k_proj/MatMul,kernel,fully_connected_gpu_bf_tiled_17963963101609895522_0_0,layers.*/self_attn,/model/layers.19/self_attn/k_proj/MatMul,FullyConnected,fullyconnected:/model/layers.19/self_attn/k_proj/MatMul,fully_connected,fully_connected_gpu_bf_tiled,fully_connected_gpu_bf_tiled_17963963101609895522_0_0,performance,gtpin_total_execution_cycles,3759120,cycles,1,8,3759120
n1_i1,1,1,1,n1_i1::kernel::fullyconnected:/model/layers.19/self_attn/o_proj/MatMul::fully_connected_gpu_bf_tiled_14284117615310227244_0_0,n1_i1::primitive::fullyconnected:/model/layers.19/self_attn/o_proj/MatMul,kernel,fully_connected_gpu_bf_tiled_14284117615310227244_0_0,layers.*/self_attn,/model/layers.19/self_attn/o_proj/MatMul,FullyConnected,fullyconnected:/model/layers.19/self_attn/o_proj/MatMul,fully_connected,fully_connected_gpu_bf_tiled,fully_connected_gpu_bf_tiled_14284117615310227244_0_0,performance,gtpin_total_execution_cycles,28034308,cycles,1,64,28034308
n1_i1,1,1,1,n1_i1::kernel::fullyconnected:/model/layers.19/self_attn/q_proj/MatMul::fully_connected_gpu_bf_tiled_5315586391497964380_0_0,n1_i1::primitive::fullyconnected:/model/layers.19/self_attn/q_proj/MatMul,kernel,fully_connected_gpu_bf_tiled_5315586391497964380_0_0,layers.*/self_attn,/model/layers.19/self_attn/q_proj/MatMul,FullyConnected,fullyconnected:/model/layers.19/self_attn/q_proj/MatMul,fully_connected,fully_connected_gpu_bf_tiled,fully_connected_gpu_bf_tiled_5315586391497964380_0_0,performance,gtpin_total_execution_cycles,29156106,cycles,1,64,29156106
n1_i1,1,1,1,n1_i1::kernel::fullyconnected:/model/layers.19/self_attn/v_proj/MatMul::fully_connected_gpu_bf_tiled_17963963101609895522_0_0,n1_i1::primitive::fullyconnected:/model/layers.19/self_attn/v_proj/MatMul,kernel,fully_connected_gpu_bf_tiled_17963963101609895522_0_0,layers.*/self_attn,/model/layers.19/self_attn/v_proj/MatMul,FullyConnected,fullyconnected:/model/layers.19/self_attn/v_proj/MatMul,fully_connected,fully_connected_gpu_bf_tiled,fully_connected_gpu_bf_tiled_17963963101609895522_0_0,performance,gtpin_total_execution_cycles,3564536,cycles,1,8,3564536
n1_i1,1,1,1,n1_i1::kernel::fullyconnected:/model/layers.2/mlp/down_proj/MatMul::fully_connected_gpu_bf_tiled_2727911967636154657_0_0,n1_i1::primitive::fullyconnected:/model/layers.2/mlp/down_proj/MatMul,kernel,fully_connected_gpu_bf_tiled_2727911967636154657_0_0,layers.*/mlp,/model/layers.2/mlp/down_proj/MatMul,FullyConnected,fullyconnected:/model/layers.2/mlp/down_proj/MatMul,fully_connected,fully_connected_gpu_bf_tiled,fully_connected_gpu_bf_tiled_2727911967636154657_0_0,performance,gtpin_total_execution_cycles,76995824,cycles,1,64,76995824
n1_i1,1,1,1,n1_i1::kernel::fullyconnected:/model/layers.2/mlp/gate_proj/MatMul::fully_connected_gpu_bf_tiled_9957149419786459120_0_0,n1_i1::primitive::fullyconnected:/model/layers.2/mlp/gate_proj/MatMul,kernel,fully_connected_gpu_bf_tiled_9957149419786459120_0_0,layers.*/mlp,/model/layers.2/mlp/gate_proj/MatMul,FullyConnected,fullyconnected:/model/layers.2/mlp/gate_proj/MatMul,fully_connected,fully_connected_gpu_bf_tiled,fully_connected_gpu_bf_tiled_9957149419786459120_0_0,performance,gtpin_total_execution_cycles,108954578,cycles,1,176,108954578
n1_i1,1,1,1,n1_i1::kernel::fullyconnected:/model/layers.2/mlp/up_proj/MatMul::fully_connected_gpu_bf_tiled_2740906288179525049_0_0,n1_i1::primitive::fullyconnected:/model/layers.2/mlp/up_proj/MatMul,kernel,fully_connected_gpu_bf_tiled_2740906288179525049_0_0,layers.*/mlp,/model/layers.2/mlp/up_proj/MatMul,FullyConnected,fullyconnected:/model/layers.2/mlp/up_proj/MatMul,fully_connected,fully_connected_gpu_bf_tiled,fully_connected_gpu_bf_tiled_2740906288179525049_0_0,performance,gtpin_total_execution_cycles,106755036,cycles,1,176,106755036
n1_i1,1,1,1,n1_i1::kernel::fullyconnected:/model/layers.2/self_attn/k_proj/MatMul::fully_connected_gpu_bf_tiled_17963963101609895522_0_0,n1_i1::primitive::fullyconnected:/model/layers.2/self_attn/k_proj/MatMul,kernel,fully_connected_gpu_bf_tiled_17963963101609895522_0_0,layers.*/self_attn,/model/layers.2/self_attn/k_proj/MatMul,FullyConnected,fullyconnected:/model/layers.2/self_attn/k_proj/MatMul,fully_connected,fully_connected_gpu_bf_tiled,fully_connected_gpu_bf_tiled_17963963101609895522_0_0,performance,gtpin_total_execution_cycles,3932890,cycles,1,8,3932890
n1_i1,1,1,1,n1_i1::kernel::fullyconnected:/model/layers.2/self_attn/o_proj/MatMul::fully_connected_gpu_bf_tiled_14284117615310227244_0_0,n1_i1::primitive::fullyconnected:/model/layers.2/self_attn/o_proj/MatMul,kernel,fully_connected_gpu_bf_tiled_14284117615310227244_0_0,layers.*/self_attn,/model/layers.2/self_attn/o_proj/MatMul,FullyConnected,fullyconnected:/model/layers.2/self_attn/o_proj/MatMul,fully_connected,fully_connected_gpu_bf_tiled,fully_connected_gpu_bf_tiled_14284117615310227244_0_0,performance,gtpin_total_execution_cycles,28711306,cycles,1,64,28711306
n1_i1,1,1,1,n1_i1::kernel::fullyconnected:/model/layers.2/self_attn/q_proj/MatMul::fully_connected_gpu_bf_tiled_5315586391497964380_0_0,n1_i1::primitive::fullyconnected:/model/layers.2/self_attn/q_proj/MatMul,kernel,fully_connected_gpu_bf_tiled_5315586391497964380_0_0,layers.*/self_attn,/model/layers.2/self_attn/q_proj/MatMul,FullyConnected,fullyconnected:/model/layers.2/self_attn/q_proj/MatMul,fully_connected,fully_connected_gpu_bf_tiled,fully_connected_gpu_bf_tiled_5315586391497964380_0_0,performance,gtpin_total_execution_cycles,30558736,cycles,1,64,30558736
n1_i1,1,1,1,n1_i1::kernel::fullyconnected:/model/layers.2/self_attn/v_proj/MatMul::fully_connected_gpu_bf_tiled_17963963101609895522_0_0,n1_i1::primitive::fullyconnected:/model/layers.2/self_attn/v_proj/MatMul,kernel,fully_connected_gpu_bf_tiled_17963963101609895522_0_0,layers.*/self_attn,/model/layers.2/self_attn/v_proj/MatMul,FullyConnected,fullyconnected:/model/layers.2/self_attn/v_proj/MatMul,fully_connected,fully_connected_gpu_bf_tiled,fully_connected_gpu_bf_tiled_17963963101609895522_0_0,performance,gtpin_total_execution_cycles,3734344,cycles,1,8,3734344
n1_i1,1,1,1,n1_i1::kernel::fullyconnected:/model/layers.20/mlp/down_proj/MatMul::fully_connected_gpu_bf_tiled_2727911967636154657_0_0,n1_i1::primitive::fullyconnected:/model/layers.20/mlp/down_proj/MatMul,kernel,fully_connected_gpu_bf_tiled_2727911967636154657_0_0,layers.*/mlp,/model/layers.20/mlp/down_proj/MatMul,FullyConnected,fullyconnected:/model/layers.20/mlp/down_proj/MatMul,fully_connected,fully_connected_gpu_bf_tiled,fully_connected_gpu_bf_tiled_2727911967636154657_0_0,performance,gtpin_total_execution_cycles,80986482,cycles,1,64,80986482
n1_i1,1,1,1,n1_i1::kernel::fullyconnected:/model/layers.20/mlp/gate_proj/MatMul::fully_connected_gpu_bf_tiled_9957149419786459120_0_0,n1_i1::primitive::fullyconnected:/model/layers.20/mlp/gate_proj/MatMul,kernel,fully_connected_gpu_bf_tiled_9957149419786459120_0_0,layers.*/mlp,/model/layers.20/mlp/gate_proj/MatMul,FullyConnected,fullyconnected:/model/layers.20/mlp/gate_proj/MatMul,fully_connected,fully_connected_gpu_bf_tiled,fully_connected_gpu_bf_tiled_9957149419786459120_0_0,performance,gtpin_total_execution_cycles,237232500,cycles,1,176,237232500
n1_i1,1,1,1,n1_i1::kernel::fullyconnected:/model/layers.20/mlp/up_proj/MatMul::fully_connected_gpu_bf_tiled_2740906288179525049_0_0,n1_i1::primitive::fullyconnected:/model/layers.20/mlp/up_proj/MatMul,kernel,fully_connected_gpu_bf_tiled_2740906288179525049_0_0,layers.*/mlp,/model/layers.20/mlp/up_proj/MatMul,FullyConnected,fullyconnected:/model/layers.20/mlp/up_proj/MatMul,fully_connected,fully_connected_gpu_bf_tiled,fully_connected_gpu_bf_tiled_2740906288179525049_0_0,performance,gtpin_total_execution_cycles,244567962,cycles,1,176,244567962
n1_i1,1,1,1,n1_i1::kernel::fullyconnected:/model/layers.20/self_attn/k_proj/MatMul::fully_connected_gpu_bf_tiled_17963963101609895522_0_0,n1_i1::primitive::fullyconnected:/model/layers.20/self_attn/k_proj/MatMul,kernel,fully_connected_gpu_bf_tiled_17963963101609895522_0_0,layers.*/self_attn,/model/layers.20/self_attn/k_proj/MatMul,FullyConnected,fullyconnected:/model/layers.20/self_attn/k_proj/MatMul,fully_connected,fully_connected_gpu_bf_tiled,fully_connected_gpu_bf_tiled_17963963101609895522_0_0,performance,gtpin_total_execution_cycles,3692144,cycles,1,8,3692144
n1_i1,1,1,1,n1_i1::kernel::fullyconnected:/model/layers.20/self_attn/o_proj/MatMul::fully_connected_gpu_bf_tiled_14284117615310227244_0_0,n1_i1::primitive::fullyconnected:/model/layers.20/self_attn/o_proj/MatMul,kernel,fully_connected_gpu_bf_tiled_14284117615310227244_0_0,layers.*/self_attn,/model/layers.20/self_attn/o_proj/MatMul,FullyConnected,fullyconnected:/model/layers.20/self_attn/o_proj/MatMul,fully_connected,fully_connected_gpu_bf_tiled,fully_connected_gpu_bf_tiled_14284117615310227244_0_0,performance,gtpin_total_execution_cycles,28271218,cycles,1,64,28271218
n1_i1,1,1,1,n1_i1::kernel::fullyconnected:/model/layers.20/self_attn/q_proj/MatMul::fully_connected_gpu_bf_tiled_5315586391497964380_0_0,n1_i1::primitive::fullyconnected:/model/layers.20/self_attn/q_proj/MatMul,kernel,fully_connected_gpu_bf_tiled_5315586391497964380_0_0,layers.*/self_attn,/model/layers.20/self_attn/q_proj/MatMul,FullyConnected,fullyconnected:/model/layers.20/self_attn/q_proj/MatMul,fully_connected,fully_connected_gpu_bf_tiled,fully_connected_gpu_bf_tiled_5315586391497964380_0_0,performance,gtpin_total_execution_cycles,28554724,cycles,1,64,28554724
n1_i1,1,1,1,n1_i1::kernel::fullyconnected:/model/layers.20/self_attn/v_proj/MatMul::fully_connected_gpu_bf_tiled_17963963101609895522_0_0,n1_i1::primitive::fullyconnected:/model/layers.20/self_attn/v_proj/MatMul,kernel,fully_connected_gpu_bf_tiled_17963963101609895522_0_0,layers.*/self_attn,/model/layers.20/self_attn/v_proj/MatMul,FullyConnected,fullyconnected:/model/layers.20/self_attn/v_proj/MatMul,fully_connected,fully_connected_gpu_bf_tiled,fully_connected_gpu_bf_tiled_17963963101609895522_0_0,performance,gtpin_total_execution_cycles,3487036,cycles,1,8,3487036
n1_i1,1,1,1,n1_i1::kernel::fullyconnected:/model/layers.21/mlp/down_proj/MatMul::fully_connected_gpu_bf_tiled_2727911967636154657_0_0,n1_i1::primitive::fullyconnected:/model/layers.21/mlp/down_proj/MatMul,kernel,fully_connected_gpu_bf_tiled_2727911967636154657_0_0,layers.*/mlp,/model/layers.21/mlp/down_proj/MatMul,FullyConnected,fullyconnected:/model/layers.21/mlp/down_proj/MatMul,fully_connected,fully_connected_gpu_bf_tiled,fully_connected_gpu_bf_tiled_2727911967636154657_0_0,performance,gtpin_total_execution_cycles,78680358,cycles,1,64,78680358
n1_i1,1,1,1,n1_i1::kernel::fullyconnected:/model/layers.21/mlp/gate_proj/MatMul::fully_connected_gpu_bf_tiled_9957149419786459120_0_0,n1_i1::primitive::fullyconnected:/model/layers.21/mlp/gate_proj/MatMul,kernel,fully_connected_gpu_bf_tiled_9957149419786459120_0_0,layers.*/mlp,/model/layers.21/mlp/gate_proj/MatMul,FullyConnected,fullyconnected:/model/layers.21/mlp/gate_proj/MatMul,fully_connected,fully_connected_gpu_bf_tiled,fully_connected_gpu_bf_tiled_9957149419786459120_0_0,performance,gtpin_total_execution_cycles,130577206,cycles,1,176,130577206
n1_i1,1,1,1,n1_i1::kernel::fullyconnected:/model/layers.21/mlp/up_proj/MatMul::fully_connected_gpu_bf_tiled_2740906288179525049_0_0,n1_i1::primitive::fullyconnected:/model/layers.21/mlp/up_proj/MatMul,kernel,fully_connected_gpu_bf_tiled_2740906288179525049_0_0,layers.*/mlp,/model/layers.21/mlp/up_proj/MatMul,FullyConnected,fullyconnected:/model/layers.21/mlp/up_proj/MatMul,fully_connected,fully_connected_gpu_bf_tiled,fully_connected_gpu_bf_tiled_2740906288179525049_0_0,performance,gtpin_total_execution_cycles,130685494,cycles,1,176,130685494
n1_i1,1,1,1,n1_i1::kernel::fullyconnected:/model/layers.21/self_attn/k_proj/MatMul::fully_connected_gpu_bf_tiled_17963963101609895522_0_0,n1_i1::primitive::fullyconnected:/model/layers.21/self_attn/k_proj/MatMul,kernel,fully_connected_gpu_bf_tiled_17963963101609895522_0_0,layers.*/self_attn,/model/layers.21/self_attn/k_proj/MatMul,FullyConnected,fullyconnected:/model/layers.21/self_attn/k_proj/MatMul,fully_connected,fully_connected_gpu_bf_tiled,fully_connected_gpu_bf_tiled_17963963101609895522_0_0,performance,gtpin_total_execution_cycles,4385726,cycles,1,8,4385726
n1_i1,1,1,1,n1_i1::kernel::fullyconnected:/model/layers.21/self_attn/o_proj/MatMul::fully_connected_gpu_bf_tiled_14284117615310227244_0_0,n1_i1::primitive::fullyconnected:/model/layers.21/self_attn/o_proj/MatMul,kernel,fully_connected_gpu_bf_tiled_14284117615310227244_0_0,layers.*/self_attn,/model/layers.21/self_attn/o_proj/MatMul,FullyConnected,fullyconnected:/model/layers.21/self_attn/o_proj/MatMul,fully_connected,fully_connected_gpu_bf_tiled,fully_connected_gpu_bf_tiled_14284117615310227244_0_0,performance,gtpin_total_execution_cycles,29540006,cycles,1,64,29540006
n1_i1,1,1,1,n1_i1::kernel::fullyconnected:/model/layers.21/self_attn/q_proj/MatMul::fully_connected_gpu_bf_tiled_5315586391497964380_0_0,n1_i1::primitive::fullyconnected:/model/layers.21/self_attn/q_proj/MatMul,kernel,fully_connected_gpu_bf_tiled_5315586391497964380_0_0,layers.*/self_attn,/model/layers.21/self_attn/q_proj/MatMul,FullyConnected,fullyconnected:/model/layers.21/self_attn/q_proj/MatMul,fully_connected,fully_connected_gpu_bf_tiled,fully_connected_gpu_bf_tiled_5315586391497964380_0_0,performance,gtpin_total_execution_cycles,34064172,cycles,1,64,34064172
n1_i1,1,1,1,n1_i1::kernel::fullyconnected:/model/layers.21/self_attn/v_proj/MatMul::fully_connected_gpu_bf_tiled_17963963101609895522_0_0,n1_i1::primitive::fullyconnected:/model/layers.21/self_attn/v_proj/MatMul,kernel,fully_connected_gpu_bf_tiled_17963963101609895522_0_0,layers.*/self_attn,/model/layers.21/self_attn/v_proj/MatMul,FullyConnected,fullyconnected:/model/layers.21/self_attn/v_proj/MatMul,fully_connected,fully_connected_gpu_bf_tiled,fully_connected_gpu_bf_tiled_17963963101609895522_0_0,performance,gtpin_total_execution_cycles,4170738,cycles,1,8,4170738
n1_i1,1,1,1,n1_i1::kernel::fullyconnected:/model/layers.3/mlp/down_proj/MatMul::fully_connected_gpu_bf_tiled_2727911967636154657_0_0,n1_i1::primitive::fullyconnected:/model/layers.3/mlp/down_proj/MatMul,kernel,fully_connected_gpu_bf_tiled_2727911967636154657_0_0,layers.*/mlp,/model/layers.3/mlp/down_proj/MatMul,FullyConnected,fullyconnected:/model/layers.3/mlp/down_proj/MatMul,fully_connected,fully_connected_gpu_bf_tiled,fully_connected_gpu_bf_tiled_2727911967636154657_0_0,performance,gtpin_total_execution_cycles,80546036,cycles,1,64,80546036
n1_i1,1,1,1,n1_i1::kernel::fullyconnected:/model/layers.3/mlp/gate_proj/MatMul::fully_connected_gpu_bf_tiled_9957149419786459120_0_0,n1_i1::primitive::fullyconnected:/model/layers.3/mlp/gate_proj/MatMul,kernel,fully_connected_gpu_bf_tiled_9957149419786459120_0_0,layers.*/mlp,/model/layers.3/mlp/gate_proj/MatMul,FullyConnected,fullyconnected:/model/layers.3/mlp/gate_proj/MatMul,fully_connected,fully_connected_gpu_bf_tiled,fully_connected_gpu_bf_tiled_9957149419786459120_0_0,performance,gtpin_total_execution_cycles,114467982,cycles,1,176,114467982
n1_i1,1,1,1,n1_i1::kernel::fullyconnected:/model/layers.3/mlp/up_proj/MatMul::fully_connected_gpu_bf_tiled_2740906288179525049_0_0,n1_i1::primitive::fullyconnected:/model/layers.3/mlp/up_proj/MatMul,kernel,fully_connected_gpu_bf_tiled_2740906288179525049_0_0,layers.*/mlp,/model/layers.3/mlp/up_proj/MatMul,FullyConnected,fullyconnected:/model/layers.3/mlp/up_proj/MatMul,fully_connected,fully_connected_gpu_bf_tiled,fully_connected_gpu_bf_tiled_2740906288179525049_0_0,performance,gtpin_total_execution_cycles,107675044,cycles,1,176,107675044
n1_i1,1,1,1,n1_i1::kernel::fullyconnected:/model/layers.3/self_attn/k_proj/MatMul::fully_connected_gpu_bf_tiled_17963963101609895522_0_0,n1_i1::primitive::fullyconnected:/model/layers.3/self_attn/k_proj/MatMul,kernel,fully_connected_gpu_bf_tiled_17963963101609895522_0_0,layers.*/self_attn,/model/layers.3/self_attn/k_proj/MatMul,FullyConnected,fullyconnected:/model/layers.3/self_attn/k_proj/MatMul,fully_connected,fully_connected_gpu_bf_tiled,fully_connected_gpu_bf_tiled_17963963101609895522_0_0,performance,gtpin_total_execution_cycles,3917606,cycles,1,8,3917606
n1_i1,1,1,1,n1_i1::kernel::fullyconnected:/model/layers.3/self_attn/o_proj/MatMul::fully_connected_gpu_bf_tiled_14284117615310227244_0_0,n1_i1::primitive::fullyconnected:/model/layers.3/self_attn/o_proj/MatMul,kernel,fully_connected_gpu_bf_tiled_14284117615310227244_0_0,layers.*/self_attn,/model/layers.3/self_attn/o_proj/MatMul,FullyConnected,fullyconnected:/model/layers.3/self_attn/o_proj/MatMul,fully_connected,fully_connected_gpu_bf_tiled,fully_connected_gpu_bf_tiled_14284117615310227244_0_0,performance,gtpin_total_execution_cycles,29342778,cycles,1,64,29342778
n1_i1,1,1,1,n1_i1::kernel::fullyconnected:/model/layers.3/self_attn/q_proj/MatMul::fully_connected_gpu_bf_tiled_5315586391497964380_0_0,n1_i1::primitive::fullyconnected:/model/layers.3/self_attn/q_proj/MatMul,kernel,fully_connected_gpu_bf_tiled_5315586391497964380_0_0,layers.*/self_attn,/model/layers.3/self_attn/q_proj/MatMul,FullyConnected,fullyconnected:/model/layers.3/self_attn/q_proj/MatMul,fully_connected,fully_connected_gpu_bf_tiled,fully_connected_gpu_bf_tiled_5315586391497964380_0_0,performance,gtpin_total_execution_cycles,30470552,cycles,1,64,30470552
n1_i1,1,1,1,n1_i1::kernel::fullyconnected:/model/layers.3/self_attn/v_proj/MatMul::fully_connected_gpu_bf_tiled_17963963101609895522_0_0,n1_i1::primitive::fullyconnected:/model/layers.3/self_attn/v_proj/MatMul,kernel,fully_connected_gpu_bf_tiled_17963963101609895522_0_0,layers.*/self_attn,/model/layers.3/self_attn/v_proj/MatMul,FullyConnected,fullyconnected:/model/layers.3/self_attn/v_proj/MatMul,fully_connected,fully_connected_gpu_bf_tiled,fully_connected_gpu_bf_tiled_17963963101609895522_0_0,performance,gtpin_total_execution_cycles,3716762,cycles,1,8,3716762
n1_i1,1,1,1,n1_i1::kernel::fullyconnected:/model/layers.4/mlp/down_proj/MatMul::fully_connected_gpu_bf_tiled_2727911967636154657_0_0,n1_i1::primitive::fullyconnected:/model/layers.4/mlp/down_proj/MatMul,kernel,fully_connected_gpu_bf_tiled_2727911967636154657_0_0,layers.*/mlp,/model/layers.4/mlp/down_proj/MatMul,FullyConnected,fullyconnected:/model/layers.4/mlp/down_proj/MatMul,fully_connected,fully_connected_gpu_bf_tiled,fully_connected_gpu_bf_tiled_2727911967636154657_0_0,performance,gtpin_total_execution_cycles,74162450,cycles,1,64,74162450
n1_i1,1,1,1,n1_i1::kernel::fullyconnected:/model/layers.4/mlp/gate_proj/MatMul::fully_connected_gpu_bf_tiled_9957149419786459120_0_0,n1_i1::primitive::fullyconnected:/model/layers.4/mlp/gate_proj/MatMul,kernel,fully_connected_gpu_bf_tiled_9957149419786459120_0_0,layers.*/mlp,/model/layers.4/mlp/gate_proj/MatMul,FullyConnected,fullyconnected:/model/layers.4/mlp/gate_proj/MatMul,fully_connected,fully_connected_gpu_bf_tiled,fully_connected_gpu_bf_tiled_9957149419786459120_0_0,performance,gtpin_total_execution_cycles,95806778,cycles,1,176,95806778
n1_i1,1,1,1,n1_i1::kernel::fullyconnected:/model/layers.4/mlp/up_proj/MatMul::fully_connected_gpu_bf_tiled_2740906288179525049_0_0,n1_i1::primitive::fullyconnected:/model/layers.4/mlp/up_proj/MatMul,kernel,fully_connected_gpu_bf_tiled_2740906288179525049_0_0,layers.*/mlp,/model/layers.4/mlp/up_proj/MatMul,FullyConnected,fullyconnected:/model/layers.4/mlp/up_proj/MatMul,fully_connected,fully_connected_gpu_bf_tiled,fully_connected_gpu_bf_tiled_2740906288179525049_0_0,performance,gtpin_total_execution_cycles,92919356,cycles,1,176,92919356
n1_i1,1,1,1,n1_i1::kernel::fullyconnected:/model/layers.4/self_attn/k_proj/MatMul::fully_connected_gpu_bf_tiled_17963963101609895522_0_0,n1_i1::primitive::fullyconnected:/model/layers.4/self_attn/k_proj/MatMul,kernel,fully_connected_gpu_bf_tiled_17963963101609895522_0_0,layers.*/self_attn,/model/layers.4/self_attn/k_proj/MatMul,FullyConnected,fullyconnected:/model/layers.4/self_attn/k_proj/MatMul,fully_connected,fully_connected_gpu_bf_tiled,fully_connected_gpu_bf_tiled_17963963101609895522_0_0,performance,gtpin_total_execution_cycles,3696740,cycles,1,8,3696740
n1_i1,1,1,1,n1_i1::kernel::fullyconnected:/model/layers.4/self_attn/o_proj/MatMul::fully_connected_gpu_bf_tiled_14284117615310227244_0_0,n1_i1::primitive::fullyconnected:/model/layers.4/self_attn/o_proj/MatMul,kernel,fully_connected_gpu_bf_tiled_14284117615310227244_0_0,layers.*/self_attn,/model/layers.4/self_attn/o_proj/MatMul,FullyConnected,fullyconnected:/model/layers.4/self_attn/o_proj/MatMul,fully_connected,fully_connected_gpu_bf_tiled,fully_connected_gpu_bf_tiled_14284117615310227244_0_0,performance,gtpin_total_execution_cycles,27828526,cycles,1,64,27828526
n1_i1,1,1,1,n1_i1::kernel::fullyconnected:/model/layers.4/self_attn/q_proj/MatMul::fully_connected_gpu_bf_tiled_5315586391497964380_0_0,n1_i1::primitive::fullyconnected:/model/layers.4/self_attn/q_proj/MatMul,kernel,fully_connected_gpu_bf_tiled_5315586391497964380_0_0,layers.*/self_attn,/model/layers.4/self_attn/q_proj/MatMul,FullyConnected,fullyconnected:/model/layers.4/self_attn/q_proj/MatMul,fully_connected,fully_connected_gpu_bf_tiled,fully_connected_gpu_bf_tiled_5315586391497964380_0_0,performance,gtpin_total_execution_cycles,28587608,cycles,1,64,28587608
n1_i1,1,1,1,n1_i1::kernel::fullyconnected:/model/layers.4/self_attn/v_proj/MatMul::fully_connected_gpu_bf_tiled_17963963101609895522_0_0,n1_i1::primitive::fullyconnected:/model/layers.4/self_attn/v_proj/MatMul,kernel,fully_connected_gpu_bf_tiled_17963963101609895522_0_0,layers.*/self_attn,/model/layers.4/self_attn/v_proj/MatMul,FullyConnected,fullyconnected:/model/layers.4/self_attn/v_proj/MatMul,fully_connected,fully_connected_gpu_bf_tiled,fully_connected_gpu_bf_tiled_17963963101609895522_0_0,performance,gtpin_total_execution_cycles,3490830,cycles,1,8,3490830
n1_i1,1,1,1,n1_i1::kernel::fullyconnected:/model/layers.5/mlp/down_proj/MatMul::fully_connected_gpu_bf_tiled_2727911967636154657_0_0,n1_i1::primitive::fullyconnected:/model/layers.5/mlp/down_proj/MatMul,kernel,fully_connected_gpu_bf_tiled_2727911967636154657_0_0,layers.*/mlp,/model/layers.5/mlp/down_proj/MatMul,FullyConnected,fullyconnected:/model/layers.5/mlp/down_proj/MatMul,fully_connected,fully_connected_gpu_bf_tiled,fully_connected_gpu_bf_tiled_2727911967636154657_0_0,performance,gtpin_total_execution_cycles,75732516,cycles,1,64,75732516
n1_i1,1,1,1,n1_i1::kernel::fullyconnected:/model/layers.5/mlp/gate_proj/MatMul::fully_connected_gpu_bf_tiled_9957149419786459120_0_0,n1_i1::primitive::fullyconnected:/model/layers.5/mlp/gate_proj/MatMul,kernel,fully_connected_gpu_bf_tiled_9957149419786459120_0_0,layers.*/mlp,/model/layers.5/mlp/gate_proj/MatMul,FullyConnected,fullyconnected:/model/layers.5/mlp/gate_proj/MatMul,fully_connected,fully_connected_gpu_bf_tiled,fully_connected_gpu_bf_tiled_9957149419786459120_0_0,performance,gtpin_total_execution_cycles,97845510,cycles,1,176,97845510
n1_i1,1,1,1,n1_i1::kernel::fullyconnected:/model/layers.5/mlp/up_proj/MatMul::fully_connected_gpu_bf_tiled_2740906288179525049_0_0,n1_i1::primitive::fullyconnected:/model/layers.5/mlp/up_proj/MatMul,kernel,fully_connected_gpu_bf_tiled_2740906288179525049_0_0,layers.*/mlp,/model/layers.5/mlp/up_proj/MatMul,FullyConnected,fullyconnected:/model/layers.5/mlp/up_proj/MatMul,fully_connected,fully_connected_gpu_bf_tiled,fully_connected_gpu_bf_tiled_2740906288179525049_0_0,performance,gtpin_total_execution_cycles,94358846,cycles,1,176,94358846
n1_i1,1,1,1,n1_i1::kernel::fullyconnected:/model/layers.5/self_attn/k_proj/MatMul::fully_connected_gpu_bf_tiled_17963963101609895522_0_0,n1_i1::primitive::fullyconnected:/model/layers.5/self_attn/k_proj/MatMul,kernel,fully_connected_gpu_bf_tiled_17963963101609895522_0_0,layers.*/self_attn,/model/layers.5/self_attn/k_proj/MatMul,FullyConnected,fullyconnected:/model/layers.5/self_attn/k_proj/MatMul,fully_connected,fully_connected_gpu_bf_tiled,fully_connected_gpu_bf_tiled_17963963101609895522_0_0,performance,gtpin_total_execution_cycles,3787998,cycles,1,8,3787998
n1_i1,1,1,1,n1_i1::kernel::fullyconnected:/model/layers.5/self_attn/o_proj/MatMul::fully_connected_gpu_bf_tiled_14284117615310227244_0_0,n1_i1::primitive::fullyconnected:/model/layers.5/self_attn/o_proj/MatMul,kernel,fully_connected_gpu_bf_tiled_14284117615310227244_0_0,layers.*/self_attn,/model/layers.5/self_attn/o_proj/MatMul,FullyConnected,fullyconnected:/model/layers.5/self_attn/o_proj/MatMul,fully_connected,fully_connected_gpu_bf_tiled,fully_connected_gpu_bf_tiled_14284117615310227244_0_0,performance,gtpin_total_execution_cycles,28144268,cycles,1,64,28144268
n1_i1,1,1,1,n1_i1::kernel::fullyconnected:/model/layers.5/self_attn/q_proj/MatMul::fully_connected_gpu_bf_tiled_5315586391497964380_0_0,n1_i1::primitive::fullyconnected:/model/layers.5/self_attn/q_proj/MatMul,kernel,fully_connected_gpu_bf_tiled_5315586391497964380_0_0,layers.*/self_attn,/model/layers.5/self_attn/q_proj/MatMul,FullyConnected,fullyconnected:/model/layers.5/self_attn/q_proj/MatMul,fully_connected,fully_connected_gpu_bf_tiled,fully_connected_gpu_bf_tiled_5315586391497964380_0_0,performance,gtpin_total_execution_cycles,29588224,cycles,1,64,29588224
n1_i1,1,1,1,n1_i1::kernel::fullyconnected:/model/layers.5/self_attn/v_proj/MatMul::fully_connected_gpu_bf_tiled_17963963101609895522_0_0,n1_i1::primitive::fullyconnected:/model/layers.5/self_attn/v_proj/MatMul,kernel,fully_connected_gpu_bf_tiled_17963963101609895522_0_0,layers.*/self_attn,/model/layers.5/self_attn/v_proj/MatMul,FullyConnected,fullyconnected:/model/layers.5/self_attn/v_proj/MatMul,fully_connected,fully_connected_gpu_bf_tiled,fully_connected_gpu_bf_tiled_17963963101609895522_0_0,performance,gtpin_total_execution_cycles,3605392,cycles,1,8,3605392
n1_i1,1,1,1,n1_i1::kernel::fullyconnected:/model/layers.6/mlp/down_proj/MatMul::fully_connected_gpu_bf_tiled_2727911967636154657_0_0,n1_i1::primitive::fullyconnected:/model/layers.6/mlp/down_proj/MatMul,kernel,fully_connected_gpu_bf_tiled_2727911967636154657_0_0,layers.*/mlp,/model/layers.6/mlp/down_proj/MatMul,FullyConnected,fullyconnected:/model/layers.6/mlp/down_proj/MatMul,fully_connected,fully_connected_gpu_bf_tiled,fully_connected_gpu_bf_tiled_2727911967636154657_0_0,performance,gtpin_total_execution_cycles,76293454,cycles,1,64,76293454
n1_i1,1,1,1,n1_i1::kernel::fullyconnected:/model/layers.6/mlp/gate_proj/MatMul::fully_connected_gpu_bf_tiled_9957149419786459120_0_0,n1_i1::primitive::fullyconnected:/model/layers.6/mlp/gate_proj/MatMul,kernel,fully_connected_gpu_bf_tiled_9957149419786459120_0_0,layers.*/mlp,/model/layers.6/mlp/gate_proj/MatMul,FullyConnected,fullyconnected:/model/layers.6/mlp/gate_proj/MatMul,fully_connected,fully_connected_gpu_bf_tiled,fully_connected_gpu_bf_tiled_9957149419786459120_0_0,performance,gtpin_total_execution_cycles,116002842,cycles,1,176,116002842
n1_i1,1,1,1,n1_i1::kernel::fullyconnected:/model/layers.6/mlp/up_proj/MatMul::fully_connected_gpu_bf_tiled_2740906288179525049_0_0,n1_i1::primitive::fullyconnected:/model/layers.6/mlp/up_proj/MatMul,kernel,fully_connected_gpu_bf_tiled_2740906288179525049_0_0,layers.*/mlp,/model/layers.6/mlp/up_proj/MatMul,FullyConnected,fullyconnected:/model/layers.6/mlp/up_proj/MatMul,fully_connected,fully_connected_gpu_bf_tiled,fully_connected_gpu_bf_tiled_2740906288179525049_0_0,performance,gtpin_total_execution_cycles,102995036,cycles,1,176,102995036
n1_i1,1,1,1,n1_i1::kernel::fullyconnected:/model/layers.6/self_attn/k_proj/MatMul::fully_connected_gpu_bf_tiled_17963963101609895522_0_0,n1_i1::primitive::fullyconnected:/model/layers.6/self_attn/k_proj/MatMul,kernel,fully_connected_gpu_bf_tiled_17963963101609895522_0_0,layers.*/self_attn,/model/layers.6/self_attn/k_proj/MatMul,FullyConnected,fullyconnected:/model/layers.6/self_attn/k_proj/MatMul,fully_connected,fully_connected_gpu_bf_tiled,fully_connected_gpu_bf_tiled_17963963101609895522_0_0,performance,gtpin_total_execution_cycles,3646394,cycles,1,8,3646394
n1_i1,1,1,1,n1_i1::kernel::fullyconnected:/model/layers.6/self_attn/o_proj/MatMul::fully_connected_gpu_bf_tiled_14284117615310227244_0_0,n1_i1::primitive::fullyconnected:/model/layers.6/self_attn/o_proj/MatMul,kernel,fully_connected_gpu_bf_tiled_14284117615310227244_0_0,layers.*/self_attn,/model/layers.6/self_attn/o_proj/MatMul,FullyConnected,fullyconnected:/model/layers.6/self_attn/o_proj/MatMul,fully_connected,fully_connected_gpu_bf_tiled,fully_connected_gpu_bf_tiled_14284117615310227244_0_0,performance,gtpin_total_execution_cycles,28269068,cycles,1,64,28269068
n1_i1,1,1,1,n1_i1::kernel::fullyconnected:/model/layers.6/self_attn/q_proj/MatMul::fully_connected_gpu_bf_tiled_5315586391497964380_0_0,n1_i1::primitive::fullyconnected:/model/layers.6/self_attn/q_proj/MatMul,kernel,fully_connected_gpu_bf_tiled_5315586391497964380_0_0,layers.*/self_attn,/model/layers.6/self_attn/q_proj/MatMul,FullyConnected,fullyconnected:/model/layers.6/self_attn/q_proj/MatMul,fully_connected,fully_connected_gpu_bf_tiled,fully_connected_gpu_bf_tiled_5315586391497964380_0_0,performance,gtpin_total_execution_cycles,28232300,cycles,1,64,28232300
n1_i1,1,1,1,n1_i1::kernel::fullyconnected:/model/layers.6/self_attn/v_proj/MatMul::fully_connected_gpu_bf_tiled_17963963101609895522_0_0,n1_i1::primitive::fullyconnected:/model/layers.6/self_attn/v_proj/MatMul,kernel,fully_connected_gpu_bf_tiled_17963963101609895522_0_0,layers.*/self_attn,/model/layers.6/self_attn/v_proj/MatMul,FullyConnected,fullyconnected:/model/layers.6/self_attn/v_proj/MatMul,fully_connected,fully_connected_gpu_bf_tiled,fully_connected_gpu_bf_tiled_17963963101609895522_0_0,performance,gtpin_total_execution_cycles,3449138,cycles,1,8,3449138
n1_i1,1,1,1,n1_i1::kernel::fullyconnected:/model/layers.7/mlp/down_proj/MatMul::fully_connected_gpu_bf_tiled_2727911967636154657_0_0,n1_i1::primitive::fullyconnected:/model/layers.7/mlp/down_proj/MatMul,kernel,fully_connected_gpu_bf_tiled_2727911967636154657_0_0,layers.*/mlp,/model/layers.7/mlp/down_proj/MatMul,FullyConnected,fullyconnected:/model/layers.7/mlp/down_proj/MatMul,fully_connected,fully_connected_gpu_bf_tiled,fully_connected_gpu_bf_tiled_2727911967636154657_0_0,performance,gtpin_total_execution_cycles,81789346,cycles,1,64,81789346
n1_i1,1,1,1,n1_i1::kernel::fullyconnected:/model/layers.7/mlp/gate_proj/MatMul::fully_connected_gpu_bf_tiled_9957149419786459120_0_0,n1_i1::primitive::fullyconnected:/model/layers.7/mlp/gate_proj/MatMul,kernel,fully_connected_gpu_bf_tiled_9957149419786459120_0_0,layers.*/mlp,/model/layers.7/mlp/gate_proj/MatMul,FullyConnected,fullyconnected:/model/layers.7/mlp/gate_proj/MatMul,fully_connected,fully_connected_gpu_bf_tiled,fully_connected_gpu_bf_tiled_9957149419786459120_0_0,performance,gtpin_total_execution_cycles,130865788,cycles,1,176,130865788
n1_i1,1,1,1,n1_i1::kernel::fullyconnected:/model/layers.7/mlp/up_proj/MatMul::fully_connected_gpu_bf_tiled_2740906288179525049_0_0,n1_i1::primitive::fullyconnected:/model/layers.7/mlp/up_proj/MatMul,kernel,fully_connected_gpu_bf_tiled_2740906288179525049_0_0,layers.*/mlp,/model/layers.7/mlp/up_proj/MatMul,FullyConnected,fullyconnected:/model/layers.7/mlp/up_proj/MatMul,fully_connected,fully_connected_gpu_bf_tiled,fully_connected_gpu_bf_tiled_2740906288179525049_0_0,performance,gtpin_total_execution_cycles,102296136,cycles,1,176,102296136
n1_i1,1,1,1,n1_i1::kernel::fullyconnected:/model/layers.7/self_attn/k_proj/MatMul::fully_connected_gpu_bf_tiled_17963963101609895522_0_0,n1_i1::primitive::fullyconnected:/model/layers.7/self_attn/k_proj/MatMul,kernel,fully_connected_gpu_bf_tiled_17963963101609895522_0_0,layers.*/self_attn,/model/layers.7/self_attn/k_proj/MatMul,FullyConnected,fullyconnected:/model/layers.7/self_attn/k_proj/MatMul,fully_connected,fully_connected_gpu_bf_tiled,fully_connected_gpu_bf_tiled_17963963101609895522_0_0,performance,gtpin_total_execution_cycles,3749412,cycles,1,8,3749412
n1_i1,1,1,1,n1_i1::kernel::fullyconnected:/model/layers.7/self_attn/o_proj/MatMul::fully_connected_gpu_bf_tiled_14284117615310227244_0_0,n1_i1::primitive::fullyconnected:/model/layers.7/self_attn/o_proj/MatMul,kernel,fully_connected_gpu_bf_tiled_14284117615310227244_0_0,layers.*/self_attn,/model/layers.7/self_attn/o_proj/MatMul,FullyConnected,fullyconnected:/model/layers.7/self_attn/o_proj/MatMul,fully_connected,fully_connected_gpu_bf_tiled,fully_connected_gpu_bf_tiled_14284117615310227244_0_0,performance,gtpin_total_execution_cycles,28594226,cycles,1,64,28594226
n1_i1,1,1,1,n1_i1::kernel::fullyconnected:/model/layers.7/self_attn/q_proj/MatMul::fully_connected_gpu_bf_tiled_5315586391497964380_0_0,n1_i1::primitive::fullyconnected:/model/layers.7/self_attn/q_proj/MatMul,kernel,fully_connected_gpu_bf_tiled_5315586391497964380_0_0,layers.*/self_attn,/model/layers.7/self_attn/q_proj/MatMul,FullyConnected,fullyconnected:/model/layers.7/self_attn/q_proj/MatMul,fully_connected,fully_connected_gpu_bf_tiled,fully_connected_gpu_bf_tiled_5315586391497964380_0_0,performance,gtpin_total_execution_cycles,29174676,cycles,1,64,29174676
n1_i1,1,1,1,n1_i1::kernel::fullyconnected:/model/layers.7/self_attn/v_proj/MatMul::fully_connected_gpu_bf_tiled_17963963101609895522_0_0,n1_i1::primitive::fullyconnected:/model/layers.7/self_attn/v_proj/MatMul,kernel,fully_connected_gpu_bf_tiled_17963963101609895522_0_0,layers.*/self_attn,/model/layers.7/self_attn/v_proj/MatMul,FullyConnected,fullyconnected:/model/layers.7/self_attn/v_proj/MatMul,fully_connected,fully_connected_gpu_bf_tiled,fully_connected_gpu_bf_tiled_17963963101609895522_0_0,performance,gtpin_total_execution_cycles,3576950,cycles,1,8,3576950
n1_i1,1,1,1,n1_i1::kernel::fullyconnected:/model/layers.8/mlp/down_proj/MatMul::fully_connected_gpu_bf_tiled_2727911967636154657_0_0,n1_i1::primitive::fullyconnected:/model/layers.8/mlp/down_proj/MatMul,kernel,fully_connected_gpu_bf_tiled_2727911967636154657_0_0,layers.*/mlp,/model/layers.8/mlp/down_proj/MatMul,FullyConnected,fullyconnected:/model/layers.8/mlp/down_proj/MatMul,fully_connected,fully_connected_gpu_bf_tiled,fully_connected_gpu_bf_tiled_2727911967636154657_0_0,performance,gtpin_total_execution_cycles,76267602,cycles,1,64,76267602
n1_i1,1,1,1,n1_i1::kernel::fullyconnected:/model/layers.8/mlp/gate_proj/MatMul::fully_connected_gpu_bf_tiled_9957149419786459120_0_0,n1_i1::primitive::fullyconnected:/model/layers.8/mlp/gate_proj/MatMul,kernel,fully_connected_gpu_bf_tiled_9957149419786459120_0_0,layers.*/mlp,/model/layers.8/mlp/gate_proj/MatMul,FullyConnected,fullyconnected:/model/layers.8/mlp/gate_proj/MatMul,fully_connected,fully_connected_gpu_bf_tiled,fully_connected_gpu_bf_tiled_9957149419786459120_0_0,performance,gtpin_total_execution_cycles,114087966,cycles,1,176,114087966
n1_i1,1,1,1,n1_i1::kernel::fullyconnected:/model/layers.8/mlp/up_proj/MatMul::fully_connected_gpu_bf_tiled_2740906288179525049_0_0,n1_i1::primitive::fullyconnected:/model/layers.8/mlp/up_proj/MatMul,kernel,fully_connected_gpu_bf_tiled_2740906288179525049_0_0,layers.*/mlp,/model/layers.8/mlp/up_proj/MatMul,FullyConnected,fullyconnected:/model/layers.8/mlp/up_proj/MatMul,fully_connected,fully_connected_gpu_bf_tiled,fully_connected_gpu_bf_tiled_2740906288179525049_0_0,performance,gtpin_total_execution_cycles,111016276,cycles,1,176,111016276
n1_i1,1,1,1,n1_i1::kernel::fullyconnected:/model/layers.8/self_attn/k_proj/MatMul::fully_connected_gpu_bf_tiled_17963963101609895522_0_0,n1_i1::primitive::fullyconnected:/model/layers.8/self_attn/k_proj/MatMul,kernel,fully_connected_gpu_bf_tiled_17963963101609895522_0_0,layers.*/self_attn,/model/layers.8/self_attn/k_proj/MatMul,FullyConnected,fullyconnected:/model/layers.8/self_attn/k_proj/MatMul,fully_connected,fully_connected_gpu_bf_tiled,fully_connected_gpu_bf_tiled_17963963101609895522_0_0,performance,gtpin_total_execution_cycles,3957886,cycles,1,8,3957886
n1_i1,1,1,1,n1_i1::kernel::fullyconnected:/model/layers.8/self_attn/o_proj/MatMul::fully_connected_gpu_bf_tiled_14284117615310227244_0_0,n1_i1::primitive::fullyconnected:/model/layers.8/self_attn/o_proj/MatMul,kernel,fully_connected_gpu_bf_tiled_14284117615310227244_0_0,layers.*/self_attn,/model/layers.8/self_attn/o_proj/MatMul,FullyConnected,fullyconnected:/model/layers.8/self_attn/o_proj/MatMul,fully_connected,fully_connected_gpu_bf_tiled,fully_connected_gpu_bf_tiled_14284117615310227244_0_0,performance,gtpin_total_execution_cycles,29168582,cycles,1,64,29168582
n1_i1,1,1,1,n1_i1::kernel::fullyconnected:/model/layers.8/self_attn/q_proj/MatMul::fully_connected_gpu_bf_tiled_5315586391497964380_0_0,n1_i1::primitive::fullyconnected:/model/layers.8/self_attn/q_proj/MatMul,kernel,fully_connected_gpu_bf_tiled_5315586391497964380_0_0,layers.*/self_attn,/model/layers.8/self_attn/q_proj/MatMul,FullyConnected,fullyconnected:/model/layers.8/self_attn/q_proj/MatMul,fully_connected,fully_connected_gpu_bf_tiled,fully_connected_gpu_bf_tiled_5315586391497964380_0_0,performance,gtpin_total_execution_cycles,30661876,cycles,1,64,30661876
n1_i1,1,1,1,n1_i1::kernel::fullyconnected:/model/layers.8/self_attn/v_proj/MatMul::fully_connected_gpu_bf_tiled_17963963101609895522_0_0,n1_i1::primitive::fullyconnected:/model/layers.8/self_attn/v_proj/MatMul,kernel,fully_connected_gpu_bf_tiled_17963963101609895522_0_0,layers.*/self_attn,/model/layers.8/self_attn/v_proj/MatMul,FullyConnected,fullyconnected:/model/layers.8/self_attn/v_proj/MatMul,fully_connected,fully_connected_gpu_bf_tiled,fully_connected_gpu_bf_tiled_17963963101609895522_0_0,performance,gtpin_total_execution_cycles,3748486,cycles,1,8,3748486
n1_i1,1,1,1,n1_i1::kernel::fullyconnected:/model/layers.9/mlp/down_proj/MatMul::fully_connected_gpu_bf_tiled_2727911967636154657_0_0,n1_i1::primitive::fullyconnected:/model/layers.9/mlp/down_proj/MatMul,kernel,fully_connected_gpu_bf_tiled_2727911967636154657_0_0,layers.*/mlp,/model/layers.9/mlp/down_proj/MatMul,FullyConnected,fullyconnected:/model/layers.9/mlp/down_proj/MatMul,fully_connected,fully_connected_gpu_bf_tiled,fully_connected_gpu_bf_tiled_2727911967636154657_0_0,performance,gtpin_total_execution_cycles,78314610,cycles,1,64,78314610
n1_i1,1,1,1,n1_i1::kernel::fullyconnected:/model/layers.9/mlp/gate_proj/MatMul::fully_connected_gpu_bf_tiled_9957149419786459120_0_0,n1_i1::primitive::fullyconnected:/model/layers.9/mlp/gate_proj/MatMul,kernel,fully_connected_gpu_bf_tiled_9957149419786459120_0_0,layers.*/mlp,/model/layers.9/mlp/gate_proj/MatMul,FullyConnected,fullyconnected:/model/layers.9/mlp/gate_proj/MatMul,fully_connected,fully_connected_gpu_bf_tiled,fully_connected_gpu_bf_tiled_9957149419786459120_0_0,performance,gtpin_total_execution_cycles,118977088,cycles,1,176,118977088
n1_i1,1,1,1,n1_i1::kernel::fullyconnected:/model/layers.9/mlp/up_proj/MatMul::fully_connected_gpu_bf_tiled_2740906288179525049_0_0,n1_i1::primitive::fullyconnected:/model/layers.9/mlp/up_proj/MatMul,kernel,fully_connected_gpu_bf_tiled_2740906288179525049_0_0,layers.*/mlp,/model/layers.9/mlp/up_proj/MatMul,FullyConnected,fullyconnected:/model/layers.9/mlp/up_proj/MatMul,fully_connected,fully_connected_gpu_bf_tiled,fully_connected_gpu_bf_tiled_2740906288179525049_0_0,performance,gtpin_total_execution_cycles,104229314,cycles,1,176,104229314
n1_i1,1,1,1,n1_i1::kernel::fullyconnected:/model/layers.9/self_attn/k_proj/MatMul::fully_connected_gpu_bf_tiled_17963963101609895522_0_0,n1_i1::primitive::fullyconnected:/model/layers.9/self_attn/k_proj/MatMul,kernel,fully_connected_gpu_bf_tiled_17963963101609895522_0_0,layers.*/self_attn,/model/layers.9/self_attn/k_proj/MatMul,FullyConnected,fullyconnected:/model/layers.9/self_attn/k_proj/MatMul,fully_connected,fully_connected_gpu_bf_tiled,fully_connected_gpu_bf_tiled_17963963101609895522_0_0,performance,gtpin_total_execution_cycles,3802770,cycles,1,8,3802770
n1_i1,1,1,1,n1_i1::kernel::fullyconnected:/model/layers.9/self_attn/o_proj/MatMul::fully_connected_gpu_bf_tiled_14284117615310227244_0_0,n1_i1::primitive::fullyconnected:/model/layers.9/self_attn/o_proj/MatMul,kernel,fully_connected_gpu_bf_tiled_14284117615310227244_0_0,layers.*/self_attn,/model/layers.9/self_attn/o_proj/MatMul,FullyConnected,fullyconnected:/model/layers.9/self_attn/o_proj/MatMul,fully_connected,fully_connected_gpu_bf_tiled,fully_connected_gpu_bf_tiled_14284117615310227244_0_0,performance,gtpin_total_execution_cycles,28739444,cycles,1,64,28739444
n1_i1,1,1,1,n1_i1::kernel::fullyconnected:/model/layers.9/self_attn/q_proj/MatMul::fully_connected_gpu_bf_tiled_5315586391497964380_0_0,n1_i1::primitive::fullyconnected:/model/layers.9/self_attn/q_proj/MatMul,kernel,fully_connected_gpu_bf_tiled_5315586391497964380_0_0,layers.*/self_attn,/model/layers.9/self_attn/q_proj/MatMul,FullyConnected,fullyconnected:/model/layers.9/self_attn/q_proj/MatMul,fully_connected,fully_connected_gpu_bf_tiled,fully_connected_gpu_bf_tiled_5315586391497964380_0_0,performance,gtpin_total_execution_cycles,29573996,cycles,1,64,29573996
n1_i1,1,1,1,n1_i1::kernel::fullyconnected:/model/layers.9/self_attn/v_proj/MatMul::fully_connected_gpu_bf_tiled_17963963101609895522_0_0,n1_i1::primitive::fullyconnected:/model/layers.9/self_attn/v_proj/MatMul,kernel,fully_connected_gpu_bf_tiled_17963963101609895522_0_0,layers.*/self_attn,/model/layers.9/self_attn/v_proj/MatMul,FullyConnected,fullyconnected:/model/layers.9/self_attn/v_proj/MatMul,fully_connected,fully_connected_gpu_bf_tiled,fully_connected_gpu_bf_tiled_17963963101609895522_0_0,performance,gtpin_total_execution_cycles,3610234,cycles,1,8,3610234
n1_i1,1,1,1,n1_i1::kernel::fullyconnected:logits.0::fully_connected_gpu_bf_tiled_9077797497357748363_0_0,n1_i1::primitive::fullyconnected:logits.0,kernel,fully_connected_gpu_bf_tiled_9077797497357748363_0_0,(root),logits.0,FullyConnected,fullyconnected:logits.0,fully_connected,fully_connected_gpu_bf_tiled,fully_connected_gpu_bf_tiled_9077797497357748363_0_0,performance,gtpin_total_execution_cycles,2622204350,cycles,1,1000,2622204350
n1_i1,1,1,1,n1_i1::kernel::gather:/model/Gather_4::gather_ref_3335901000044472670_0_0__sa,n1_i1::primitive::gather:/model/Gather_4,kernel,gather_ref_3335901000044472670_0_0__sa,(root),/model/Gather_4,Gather,gather:/model/Gather_4,gather,gather_ref,gather_ref_3335901000044472670_0_0__sa,performance,gtpin_total_execution_cycles,11928,cycles,1,1,11928
n1_i1,1,1,1,n1_i1::kernel::gather:/model/embed_tokens/Gather::gather_ref_9653281298055295004_0_0__sa,n1_i1::primitive::gather:/model/embed_tokens/Gather,kernel,gather_ref_9653281298055295004_0_0__sa,embed_tokens,/model/embed_tokens/Gather,Gather,gather:/model/embed_tokens/Gather,gather,gather_ref,gather_ref_9653281298055295004_0_0__sa,performance,gtpin_total_execution_cycles,4902286,cycles,1,1024,4902286
n1_i1,1,1,1,n1_i1::kernel::gemm:/model/layers.0/self_attn/MatMul::gemm_tiled_opt_7238579717421349067_1_0__sa,n1_i1::primitive::gemm:/model/layers.0/self_attn/MatMul,kernel,gemm_tiled_opt_7238579717421349067_1_0__sa,layers.*/self_attn,/model/layers.0/self_attn/MatMul,Gemm,gemm:/model/layers.0/self_attn/MatMul,gemm,gemm_tiled_opt,gemm_tiled_opt_7238579717421349067_1_0__sa,performance,gtpin_total_execution_cycles,3964216,cycles,1,32,3964216
n1_i1,1,1,1,n1_i1::kernel::gemm:/model/layers.0/self_attn/Transpose_4::gemm_tiled_opt_12829285813189929928_0_0__sa,n1_i1::primitive::gemm:/model/layers.0/self_attn/Transpose_4,kernel,gemm_tiled_opt_12829285813189929928_0_0__sa,layers.*/self_attn,/model/layers.0/self_attn/Transpose_4,Gemm,gemm:/model/layers.0/self_attn/Transpose_4,gemm,gemm_tiled_opt,gemm_tiled_opt_12829285813189929928_0_0__sa,performance,gtpin_total_execution_cycles,2077778,cycles,1,64,2077778
n1_i1,1,1,1,n1_i1::kernel::gemm:/model/layers.1/self_attn/MatMul::gemm_tiled_opt_7238579717421349067_1_0__sa,n1_i1::primitive::gemm:/model/layers.1/self_attn/MatMul,kernel,gemm_tiled_opt_7238579717421349067_1_0__sa,layers.*/self_attn,/model/layers.1/self_attn/MatMul,Gemm,gemm:/model/layers.1/self_attn/MatMul,gemm,gemm_tiled_opt,gemm_tiled_opt_7238579717421349067_1_0__sa,performance,gtpin_total_execution_cycles,3501156,cycles,1,32,3501156
n1_i1,1,1,1,n1_i1::kernel::gemm:/model/layers.1/self_attn/Transpose_4::gemm_tiled_opt_12829285813189929928_0_0__sa,n1_i1::primitive::gemm:/model/layers.1/self_attn/Transpose_4,kernel,gemm_tiled_opt_12829285813189929928_0_0__sa,layers.*/self_attn,/model/layers.1/self_attn/Transpose_4,Gemm,gemm:/model/layers.1/self_attn/Transpose_4,gemm,gemm_tiled_opt,gemm_tiled_opt_12829285813189929928_0_0__sa,performance,gtpin_total_execution_cycles,2015412,cycles,1,64,2015412
n1_i1,1,1,1,n1_i1::kernel::gemm:/model/layers.10/self_attn/MatMul::gemm_tiled_opt_7238579717421349067_1_0__sa,n1_i1::primitive::gemm:/model/layers.10/self_attn/MatMul,kernel,gemm_tiled_opt_7238579717421349067_1_0__sa,layers.*/self_attn,/model/layers.10/self_attn/MatMul,Gemm,gemm:/model/layers.10/self_attn/MatMul,gemm,gemm_tiled_opt,gemm_tiled_opt_7238579717421349067_1_0__sa,performance,gtpin_total_execution_cycles,3609210,cycles,1,32,3609210
n1_i1,1,1,1,n1_i1::kernel::gemm:/model/layers.10/self_attn/Transpose_4::gemm_tiled_opt_12829285813189929928_0_0__sa,n1_i1::primitive::gemm:/model/layers.10/self_attn/Transpose_4,kernel,gemm_tiled_opt_12829285813189929928_0_0__sa,layers.*/self_attn,/model/layers.10/self_attn/Transpose_4,Gemm,gemm:/model/layers.10/self_attn/Transpose_4,gemm,gemm_tiled_opt,gemm_tiled_opt_12829285813189929928_0_0__sa,performance,gtpin_total_execution_cycles,2060352,cycles,1,64,2060352
n1_i1,1,1,1,n1_i1::kernel::gemm:/model/layers.11/self_attn/MatMul::gemm_tiled_opt_7238579717421349067_1_0__sa,n1_i1::primitive::gemm:/model/layers.11/self_attn/MatMul,kernel,gemm_tiled_opt_7238579717421349067_1_0__sa,layers.*/self_attn,/model/layers.11/self_attn/MatMul,Gemm,gemm:/model/layers.11/self_attn/MatMul,gemm,gemm_tiled_opt,gemm_tiled_opt_7238579717421349067_1_0__sa,performance,gtpin_total_execution_cycles,3530268,cycles,1,32,3530268
n1_i1,1,1,1,n1_i1::kernel::gemm:/model/layers.11/self_attn/Transpose_4::gemm_tiled_opt_12829285813189929928_0_0__sa,n1_i1::primitive::gemm:/model/layers.11/self_attn/Transpose_4,kernel,gemm_tiled_opt_12829285813189929928_0_0__sa,layers.*/self_attn,/model/layers.11/self_attn/Transpose_4,Gemm,gemm:/model/layers.11/self_attn/Transpose_4,gemm,gemm_tiled_opt,gemm_tiled_opt_12829285813189929928_0_0__sa,performance,gtpin_total_execution_cycles,2447074,cycles,1,64,2447074
n1_i1,1,1,1,n1_i1::kernel::gemm:/model/layers.12/self_attn/MatMul::gemm_tiled_opt_7238579717421349067_1_0__sa,n1_i1::primitive::gemm:/model/layers.12/self_attn/MatMul,kernel,gemm_tiled_opt_7238579717421349067_1_0__sa,layers.*/self_attn,/model/layers.12/self_attn/MatMul,Gemm,gemm:/model/layers.12/self_attn/MatMul,gemm,gemm_tiled_opt,gemm_tiled_opt_7238579717421349067_1_0__sa,performance,gtpin_total_execution_cycles,3915596,cycles,1,32,3915596
n1_i1,1,1,1,n1_i1::kernel::gemm:/model/layers.12/self_attn/Transpose_4::gemm_tiled_opt_12829285813189929928_0_0__sa,n1_i1::primitive::gemm:/model/layers.12/self_attn/Transpose_4,kernel,gemm_tiled_opt_12829285813189929928_0_0__sa,layers.*/self_attn,/model/layers.12/self_attn/Transpose_4,Gemm,gemm:/model/layers.12/self_attn/Transpose_4,gemm,gemm_tiled_opt,gemm_tiled_opt_12829285813189929928_0_0__sa,performance,gtpin_total_execution_cycles,2048398,cycles,1,64,2048398
n1_i1,1,1,1,n1_i1::kernel::gemm:/model/layers.13/self_attn/MatMul::gemm_tiled_opt_7238579717421349067_1_0__sa,n1_i1::primitive::gemm:/model/layers.13/self_attn/MatMul,kernel,gemm_tiled_opt_7238579717421349067_1_0__sa,layers.*/self_attn,/model/layers.13/self_attn/MatMul,Gemm,gemm:/model/layers.13/self_attn/MatMul,gemm,gemm_tiled_opt,gemm_tiled_opt_7238579717421349067_1_0__sa,performance,gtpin_total_execution_cycles,3559696,cycles,1,32,3559696
n1_i1,1,1,1,n1_i1::kernel::gemm:/model/layers.13/self_attn/Transpose_4::gemm_tiled_opt_12829285813189929928_0_0__sa,n1_i1::primitive::gemm:/model/layers.13/self_attn/Transpose_4,kernel,gemm_tiled_opt_12829285813189929928_0_0__sa,layers.*/self_attn,/model/layers.13/self_attn/Transpose_4,Gemm,gemm:/model/layers.13/self_attn/Transpose_4,gemm,gemm_tiled_opt,gemm_tiled_opt_12829285813189929928_0_0__sa,performance,gtpin_total_execution_cycles,2059344,cycles,1,64,2059344
n1_i1,1,1,1,n1_i1::kernel::gemm:/model/layers.14/self_attn/MatMul::gemm_tiled_opt_7238579717421349067_1_0__sa,n1_i1::primitive::gemm:/model/layers.14/self_attn/MatMul,kernel,gemm_tiled_opt_7238579717421349067_1_0__sa,layers.*/self_attn,/model/layers.14/self_attn/MatMul,Gemm,gemm:/model/layers.14/self_attn/MatMul,gemm,gemm_tiled_opt,gemm_tiled_opt_7238579717421349067_1_0__sa,performance,gtpin_total_execution_cycles,3480260,cycles,1,32,3480260
n1_i1,1,1,1,n1_i1::kernel::gemm:/model/layers.14/self_attn/Transpose_4::gemm_tiled_opt_12829285813189929928_0_0__sa,n1_i1::primitive::gemm:/model/layers.14/self_attn/Transpose_4,kernel,gemm_tiled_opt_12829285813189929928_0_0__sa,layers.*/self_attn,/model/layers.14/self_attn/Transpose_4,Gemm,gemm:/model/layers.14/self_attn/Transpose_4,gemm,gemm_tiled_opt,gemm_tiled_opt_12829285813189929928_0_0__sa,performance,gtpin_total_execution_cycles,2089884,cycles,1,64,2089884
n1_i1,1,1,1,n1_i1::kernel::gemm:/model/layers.15/self_attn/MatMul::gemm_tiled_opt_7238579717421349067_1_0__sa,n1_i1::primitive::gemm:/model/layers.15/self_attn/MatMul,kernel,gemm_tiled_opt_7238579717421349067_1_0__sa,layers.*/self_attn,/model/layers.15/self_attn/MatMul,Gemm,gemm:/model/layers.15/self_attn/MatMul,gemm,gemm_tiled_opt,gemm_tiled_opt_7238579717421349067_1_0__sa,performance,gtpin_total_execution_cycles,3477244,cycles,1,32,3477244
n1_i1,1,1,1,n1_i1::kernel::gemm:/model/layers.15/self_attn/Transpose_4::gemm_tiled_opt_12829285813189929928_0_0__sa,n1_i1::primitive::gemm:/model/layers.15/self_attn/Transpose_4,kernel,gemm_tiled_opt_12829285813189929928_0_0__sa,layers.*/self_attn,/model/layers.15/self_attn/Transpose_4,Gemm,gemm:/model/layers.15/self_attn/Transpose_4,gemm,gemm_tiled_opt,gemm_tiled_opt_12829285813189929928_0_0__sa,performance,gtpin_total_execution_cycles,2349112,cycles,1,64,2349112
n1_i1,1,1,1,n1_i1::kernel::gemm:/model/layers.16/self_attn/MatMul::gemm_tiled_opt_7238579717421349067_1_0__sa,n1_i1::primitive::gemm:/model/layers.16/self_attn/MatMul,kernel,gemm_tiled_opt_7238579717421349067_1_0__sa,layers.*/self_attn,/model/layers.16/self_attn/MatMul,Gemm,gemm:/model/layers.16/self_attn/MatMul,gemm,gemm_tiled_opt,gemm_tiled_opt_7238579717421349067_1_0__sa,performance,gtpin_total_execution_cycles,3720694,cycles,1,32,3720694
n1_i1,1,1,1,n1_i1::kernel::gemm:/model/layers.16/self_attn/Transpose_4::gemm_tiled_opt_12829285813189929928_0_0__sa,n1_i1::primitive::gemm:/model/layers.16/self_attn/Transpose_4,kernel,gemm_tiled_opt_12829285813189929928_0_0__sa,layers.*/self_attn,/model/layers.16/self_attn/Transpose_4,Gemm,gemm:/model/layers.16/self_attn/Transpose_4,gemm,gemm_tiled_opt,gemm_tiled_opt_12829285813189929928_0_0__sa,performance,gtpin_total_execution_cycles,2066956,cycles,1,64,2066956
n1_i1,1,1,1,n1_i1::kernel::gemm:/model/layers.17/self_attn/MatMul::gemm_tiled_opt_7238579717421349067_1_0__sa,n1_i1::primitive::gemm:/model/layers.17/self_attn/MatMul,kernel,gemm_tiled_opt_7238579717421349067_1_0__sa,layers.*/self_attn,/model/layers.17/self_attn/MatMul,Gemm,gemm:/model/layers.17/self_attn/MatMul,gemm,gemm_tiled_opt,gemm_tiled_opt_7238579717421349067_1_0__sa,performance,gtpin_total_execution_cycles,3461930,cycles,1,32,3461930
n1_i1,1,1,1,n1_i1::kernel::gemm:/model/layers.17/self_attn/Transpose_4::gemm_tiled_opt_12829285813189929928_0_0__sa,n1_i1::primitive::gemm:/model/layers.17/self_attn/Transpose_4,kernel,gemm_tiled_opt_12829285813189929928_0_0__sa,layers.*/self_attn,/model/layers.17/self_attn/Transpose_4,Gemm,gemm:/model/layers.17/self_attn/Transpose_4,gemm,gemm_tiled_opt,gemm_tiled_opt_12829285813189929928_0_0__sa,performance,gtpin_total_execution_cycles,2011078,cycles,1,64,2011078
n1_i1,1,1,1,n1_i1::kernel::gemm:/model/layers.18/self_attn/MatMul::gemm_tiled_opt_7238579717421349067_1_0__sa,n1_i1::primitive::gemm:/model/layers.18/self_attn/MatMul,kernel,gemm_tiled_opt_7238579717421349067_1_0__sa,layers.*/self_attn,/model/layers.18/self_attn/MatMul,Gemm,gemm:/model/layers.18/self_attn/MatMul,gemm,gemm_tiled_opt,gemm_tiled_opt_7238579717421349067_1_0__sa,performance,gtpin_total_execution_cycles,3464396,cycles,1,32,3464396
n1_i1,1,1,1,n1_i1::kernel::gemm:/model/layers.18/self_attn/Transpose_4::gemm_tiled_opt_12829285813189929928_0_0__sa,n1_i1::primitive::gemm:/model/layers.18/self_attn/Transpose_4,kernel,gemm_tiled_opt_12829285813189929928_0_0__sa,layers.*/self_attn,/model/layers.18/self_attn/Transpose_4,Gemm,gemm:/model/layers.18/self_attn/Transpose_4,gemm,gemm_tiled_opt,gemm_tiled_opt_12829285813189929928_0_0__sa,performance,gtpin_total_execution_cycles,1999202,cycles,1,64,1999202
n1_i1,1,1,1,n1_i1::kernel::gemm:/model/layers.19/self_attn/MatMul::gemm_tiled_opt_7238579717421349067_1_0__sa,n1_i1::primitive::gemm:/model/layers.19/self_attn/MatMul,kernel,gemm_tiled_opt_7238579717421349067_1_0__sa,layers.*/self_attn,/model/layers.19/self_attn/MatMul,Gemm,gemm:/model/layers.19/self_attn/MatMul,gemm,gemm_tiled_opt,gemm_tiled_opt_7238579717421349067_1_0__sa,performance,gtpin_total_execution_cycles,3497074,cycles,1,32,3497074
n1_i1,1,1,1,n1_i1::kernel::gemm:/model/layers.19/self_attn/Transpose_4::gemm_tiled_opt_12829285813189929928_0_0__sa,n1_i1::primitive::gemm:/model/layers.19/self_attn/Transpose_4,kernel,gemm_tiled_opt_12829285813189929928_0_0__sa,layers.*/self_attn,/model/layers.19/self_attn/Transpose_4,Gemm,gemm:/model/layers.19/self_attn/Transpose_4,gemm,gemm_tiled_opt,gemm_tiled_opt_12829285813189929928_0_0__sa,performance,gtpin_total_execution_cycles,2161070,cycles,1,64,2161070
n1_i1,1,1,1,n1_i1::kernel::gemm:/model/layers.2/self_attn/MatMul::gemm_tiled_opt_7238579717421349067_1_0__sa,n1_i1::primitive::gemm:/model/layers.2/self_attn/MatMul,kernel,gemm_tiled_opt_7238579717421349067_1_0__sa,layers.*/self_attn,/model/layers.2/self_attn/MatMul,Gemm,gemm:/model/layers.2/self_attn/MatMul,gemm,gemm_tiled_opt,gemm_tiled_opt_7238579717421349067_1_0__sa,performance,gtpin_total_execution_cycles,3475860,cycles,1,32,3475860
n1_i1,1,1,1,n1_i1::kernel::gemm:/model/layers.2/self_attn/Transpose_4::gemm_tiled_opt_12829285813189929928_0_0__sa,n1_i1::primitive::gemm:/model/layers.2/self_attn/Transpose_4,kernel,gemm_tiled_opt_12829285813189929928_0_0__sa,layers.*/self_attn,/model/layers.2/self_attn/Transpose_4,Gemm,gemm:/model/layers.2/self_attn/Transpose_4,gemm,gemm_tiled_opt,gemm_tiled_opt_12829285813189929928_0_0__sa,performance,gtpin_total_execution_cycles,2071686,cycles,1,64,2071686
n1_i1,1,1,1,n1_i1::kernel::gemm:/model/layers.20/self_attn/MatMul::gemm_tiled_opt_7238579717421349067_1_0__sa,n1_i1::primitive::gemm:/model/layers.20/self_attn/MatMul,kernel,gemm_tiled_opt_7238579717421349067_1_0__sa,layers.*/self_attn,/model/layers.20/self_attn/MatMul,Gemm,gemm:/model/layers.20/self_attn/MatMul,gemm,gemm_tiled_opt,gemm_tiled_opt_7238579717421349067_1_0__sa,performance,gtpin_total_execution_cycles,3712832,cycles,1,32,3712832
n1_i1,1,1,1,n1_i1::kernel::gemm:/model/layers.20/self_attn/Transpose_4::gemm_tiled_opt_12829285813189929928_0_0__sa,n1_i1::primitive::gemm:/model/layers.20/self_attn/Transpose_4,kernel,gemm_tiled_opt_12829285813189929928_0_0__sa,layers.*/self_attn,/model/layers.20/self_attn/Transpose_4,Gemm,gemm:/model/layers.20/self_attn/Transpose_4,gemm,gemm_tiled_opt,gemm_tiled_opt_12829285813189929928_0_0__sa,performance,gtpin_total_execution_cycles,2056284,cycles,1,64,2056284
n1_i1,1,1,1,n1_i1::kernel::gemm:/model/layers.21/self_attn/MatMul::gemm_tiled_opt_7238579717421349067_1_0__sa,n1_i1::primitive::gemm:/model/layers.21/self_attn/MatMul,kernel,gemm_tiled_opt_7238579717421349067_1_0__sa,layers.*/self_attn,/model/layers.21/self_attn/MatMul,Gemm,gemm:/model/layers.21/self_attn/MatMul,gemm,gemm_tiled_opt,gemm_tiled_opt_7238579717421349067_1_0__sa,performance,gtpin_total_execution_cycles,3547602,cycles,1,32,3547602
n1_i1,1,1,1,n1_i1::kernel::gemm:/model/layers.21/self_attn/Transpose_4::gemm_tiled_opt_12829285813189929928_0_0__sa,n1_i1::primitive::gemm:/model/layers.21/self_attn/Transpose_4,kernel,gemm_tiled_opt_12829285813189929928_0_0__sa,layers.*/self_attn,/model/layers.21/self_attn/Transpose_4,Gemm,gemm:/model/layers.21/self_attn/Transpose_4,gemm,gemm_tiled_opt,gemm_tiled_opt_12829285813189929928_0_0__sa,performance,gtpin_total_execution_cycles,2098384,cycles,1,64,2098384
n1_i1,1,1,1,n1_i1::kernel::gemm:/model/layers.3/self_attn/MatMul::gemm_tiled_opt_7238579717421349067_1_0__sa,n1_i1::primitive::gemm:/model/layers.3/self_attn/MatMul,kernel,gemm_tiled_opt_7238579717421349067_1_0__sa,layers.*/self_attn,/model/layers.3/self_attn/MatMul,Gemm,gemm:/model/layers.3/self_attn/MatMul,gemm,gemm_tiled_opt,gemm_tiled_opt_7238579717421349067_1_0__sa,performance,gtpin_total_execution_cycles,3512686,cycles,1,32,3512686
n1_i1,1,1,1,n1_i1::kernel::gemm:/model/layers.3/self_attn/Transpose_4::gemm_tiled_opt_12829285813189929928_0_0__sa,n1_i1::primitive::gemm:/model/layers.3/self_attn/Transpose_4,kernel,gemm_tiled_opt_12829285813189929928_0_0__sa,layers.*/self_attn,/model/layers.3/self_attn/Transpose_4,Gemm,gemm:/model/layers.3/self_attn/Transpose_4,gemm,gemm_tiled_opt,gemm_tiled_opt_12829285813189929928_0_0__sa,performance,gtpin_total_execution_cycles,2313032,cycles,1,64,2313032
n1_i1,1,1,1,n1_i1::kernel::gemm:/model/layers.4/self_attn/MatMul::gemm_tiled_opt_7238579717421349067_1_0__sa,n1_i1::primitive::gemm:/model/layers.4/self_attn/MatMul,kernel,gemm_tiled_opt_7238579717421349067_1_0__sa,layers.*/self_attn,/model/layers.4/self_attn/MatMul,Gemm,gemm:/model/layers.4/self_attn/MatMul,gemm,gemm_tiled_opt,gemm_tiled_opt_7238579717421349067_1_0__sa,performance,gtpin_total_execution_cycles,3774830,cycles,1,32,3774830
n1_i1,1,1,1,n1_i1::kernel::gemm:/model/layers.4/self_attn/Transpose_4::gemm_tiled_opt_12829285813189929928_0_0__sa,n1_i1::primitive::gemm:/model/layers.4/self_attn/Transpose_4,kernel,gemm_tiled_opt_12829285813189929928_0_0__sa,layers.*/self_attn,/model/layers.4/self_attn/Transpose_4,Gemm,gemm:/model/layers.4/self_attn/Transpose_4,gemm,gemm_tiled_opt,gemm_tiled_opt_12829285813189929928_0_0__sa,performance,gtpin_total_execution_cycles,2013408,cycles,1,64,2013408
n1_i1,1,1,1,n1_i1::kernel::gemm:/model/layers.5/self_attn/MatMul::gemm_tiled_opt_7238579717421349067_1_0__sa,n1_i1::primitive::gemm:/model/layers.5/self_attn/MatMul,kernel,gemm_tiled_opt_7238579717421349067_1_0__sa,layers.*/self_attn,/model/layers.5/self_attn/MatMul,Gemm,gemm:/model/layers.5/self_attn/MatMul,gemm,gemm_tiled_opt,gemm_tiled_opt_7238579717421349067_1_0__sa,performance,gtpin_total_execution_cycles,3462810,cycles,1,32,3462810
n1_i1,1,1,1,n1_i1::kernel::gemm:/model/layers.5/self_attn/Transpose_4::gemm_tiled_opt_12829285813189929928_0_0__sa,n1_i1::primitive::gemm:/model/layers.5/self_attn/Transpose_4,kernel,gemm_tiled_opt_12829285813189929928_0_0__sa,layers.*/self_attn,/model/layers.5/self_attn/Transpose_4,Gemm,gemm:/model/layers.5/self_attn/Transpose_4,gemm,gemm_tiled_opt,gemm_tiled_opt_12829285813189929928_0_0__sa,performance,gtpin_total_execution_cycles,2065990,cycles,1,64,2065990
n1_i1,1,1,1,n1_i1::kernel::gemm:/model/layers.6/self_attn/MatMul::gemm_tiled_opt_7238579717421349067_1_0__sa,n1_i1::primitive::gemm:/model/layers.6/self_attn/MatMul,kernel,gemm_tiled_opt_7238579717421349067_1_0__sa,layers.*/self_attn,/model/layers.6/self_attn/MatMul,Gemm,gemm:/model/layers.6/self_attn/MatMul,gemm,gemm_tiled_opt,gemm_tiled_opt_7238579717421349067_1_0__sa,performance,gtpin_total_execution_cycles,3467278,cycles,1,32,3467278
n1_i1,1,1,1,n1_i1::kernel::gemm:/model/layers.6/self_attn/Transpose_4::gemm_tiled_opt_12829285813189929928_0_0__sa,n1_i1::primitive::gemm:/model/layers.6/self_attn/Transpose_4,kernel,gemm_tiled_opt_12829285813189929928_0_0__sa,layers.*/self_attn,/model/layers.6/self_attn/Transpose_4,Gemm,gemm:/model/layers.6/self_attn/Transpose_4,gemm,gemm_tiled_opt,gemm_tiled_opt_12829285813189929928_0_0__sa,performance,gtpin_total_execution_cycles,2068562,cycles,1,64,2068562
n1_i1,1,1,1,n1_i1::kernel::gemm:/model/layers.7/self_attn/MatMul::gemm_tiled_opt_7238579717421349067_1_0__sa,n1_i1::primitive::gemm:/model/layers.7/self_attn/MatMul,kernel,gemm_tiled_opt_7238579717421349067_1_0__sa,layers.*/self_attn,/model/layers.7/self_attn/MatMul,Gemm,gemm:/model/layers.7/self_attn/MatMul,gemm,gemm_tiled_opt,gemm_tiled_opt_7238579717421349067_1_0__sa,performance,gtpin_total_execution_cycles,3491546,cycles,1,32,3491546
n1_i1,1,1,1,n1_i1::kernel::gemm:/model/layers.7/self_attn/Transpose_4::gemm_tiled_opt_12829285813189929928_0_0__sa,n1_i1::primitive::gemm:/model/layers.7/self_attn/Transpose_4,kernel,gemm_tiled_opt_12829285813189929928_0_0__sa,layers.*/self_attn,/model/layers.7/self_attn/Transpose_4,Gemm,gemm:/model/layers.7/self_attn/Transpose_4,gemm,gemm_tiled_opt,gemm_tiled_opt_12829285813189929928_0_0__sa,performance,gtpin_total_execution_cycles,2200564,cycles,1,64,2200564
n1_i1,1,1,1,n1_i1::kernel::gemm:/model/layers.8/self_attn/MatMul::gemm_tiled_opt_7238579717421349067_1_0__sa,n1_i1::primitive::gemm:/model/layers.8/self_attn/MatMul,kernel,gemm_tiled_opt_7238579717421349067_1_0__sa,layers.*/self_attn,/model/layers.8/self_attn/MatMul,Gemm,gemm:/model/layers.8/self_attn/MatMul,gemm,gemm_tiled_opt,gemm_tiled_opt_7238579717421349067_1_0__sa,performance,gtpin_total_execution_cycles,3816074,cycles,1,32,3816074
n1_i1,1,1,1,n1_i1::kernel::gemm:/model/layers.8/self_attn/Transpose_4::gemm_tiled_opt_12829285813189929928_0_0__sa,n1_i1::primitive::gemm:/model/layers.8/self_attn/Transpose_4,kernel,gemm_tiled_opt_12829285813189929928_0_0__sa,layers.*/self_attn,/model/layers.8/self_attn/Transpose_4,Gemm,gemm:/model/layers.8/self_attn/Transpose_4,gemm,gemm_tiled_opt,gemm_tiled_opt_12829285813189929928_0_0__sa,performance,gtpin_total_execution_cycles,2020592,cycles,1,64,2020592
n1_i1,1,1,1,n1_i1::kernel::gemm:/model/layers.9/self_attn/MatMul::gemm_tiled_opt_7238579717421349067_1_0__sa,n1_i1::primitive::gemm:/model/layers.9/self_attn/MatMul,kernel,gemm_tiled_opt_7238579717421349067_1_0__sa,layers.*/self_attn,/model/layers.9/self_attn/MatMul,Gemm,gemm:/model/layers.9/self_attn/MatMul,gemm,gemm_tiled_opt,gemm_tiled_opt_7238579717421349067_1_0__sa,performance,gtpin_total_execution_cycles,3493460,cycles,1,32,3493460
n1_i1,1,1,1,n1_i1::kernel::gemm:/model/layers.9/self_attn/Transpose_4::gemm_tiled_opt_12829285813189929928_0_0__sa,n1_i1::primitive::gemm:/model/layers.9/self_attn/Transpose_4,kernel,gemm_tiled_opt_12829285813189929928_0_0__sa,layers.*/self_attn,/model/layers.9/self_attn/Transpose_4,Gemm,gemm:/model/layers.9/self_attn/Transpose_4,gemm,gemm_tiled_opt,gemm_tiled_opt_12829285813189929928_0_0__sa,performance,gtpin_total_execution_cycles,2105380,cycles,1,64,2105380
n1_i1,1,1,1,n1_i1::kernel::gemm:/model/rotary_emb/Transpose::gemm_tiled_opt_6356298044914993963_3_0__sa,n1_i1::primitive::gemm:/model/rotary_emb/Transpose,kernel,gemm_tiled_opt_6356298044914993963_3_0__sa,rotary_emb,/model/rotary_emb/Transpose,Gemm,gemm:/model/rotary_emb/Transpose,gemm,gemm_tiled_opt,gemm_tiled_opt_6356298044914993963_3_0__sa,performance,gtpin_total_execution_cycles,41632,cycles,1,2,41632
n1_i1,1,1,1,n1_i1::kernel::isnan:/model/layers.0/self_attn/IsNaN::generic_eltwise_ref_1696504087421334661_0_0__sa,n1_i1::primitive::isnan:/model/layers.0/self_attn/IsNaN,kernel,generic_eltwise_ref_1696504087421334661_0_0__sa,layers.*/self_attn,/model/layers.0/self_attn/IsNaN,IsNaN,isnan:/model/layers.0/self_attn/IsNaN,eltwise,generic_eltwise_ref,generic_eltwise_ref_1696504087421334661_0_0__sa,performance,gtpin_total_execution_cycles,1232706,cycles,1,256,1232706
n1_i1,1,1,1,n1_i1::kernel::isnan:/model/layers.1/self_attn/IsNaN::generic_eltwise_ref_1696504087421334661_0_0__sa,n1_i1::primitive::isnan:/model/layers.1/self_attn/IsNaN,kernel,generic_eltwise_ref_1696504087421334661_0_0__sa,layers.*/self_attn,/model/layers.1/self_attn/IsNaN,IsNaN,isnan:/model/layers.1/self_attn/IsNaN,eltwise,generic_eltwise_ref,generic_eltwise_ref_1696504087421334661_0_0__sa,performance,gtpin_total_execution_cycles,1284224,cycles,1,256,1284224
n1_i1,1,1,1,n1_i1::kernel::isnan:/model/layers.10/self_attn/IsNaN::generic_eltwise_ref_1696504087421334661_0_0__sa,n1_i1::primitive::isnan:/model/layers.10/self_attn/IsNaN,kernel,generic_eltwise_ref_1696504087421334661_0_0__sa,layers.*/self_attn,/model/layers.10/self_attn/IsNaN,IsNaN,isnan:/model/layers.10/self_attn/IsNaN,eltwise,generic_eltwise_ref,generic_eltwise_ref_1696504087421334661_0_0__sa,performance,gtpin_total_execution_cycles,1247630,cycles,1,256,1247630
n1_i1,1,1,1,n1_i1::kernel::isnan:/model/layers.11/self_attn/IsNaN::generic_eltwise_ref_1696504087421334661_0_0__sa,n1_i1::primitive::isnan:/model/layers.11/self_attn/IsNaN,kernel,generic_eltwise_ref_1696504087421334661_0_0__sa,layers.*/self_attn,/model/layers.11/self_attn/IsNaN,IsNaN,isnan:/model/layers.11/self_attn/IsNaN,eltwise,generic_eltwise_ref,generic_eltwise_ref_1696504087421334661_0_0__sa,performance,gtpin_total_execution_cycles,1292182,cycles,1,256,1292182
n1_i1,1,1,1,n1_i1::kernel::isnan:/model/layers.12/self_attn/IsNaN::generic_eltwise_ref_1696504087421334661_0_0__sa,n1_i1::primitive::isnan:/model/layers.12/self_attn/IsNaN,kernel,generic_eltwise_ref_1696504087421334661_0_0__sa,layers.*/self_attn,/model/layers.12/self_attn/IsNaN,IsNaN,isnan:/model/layers.12/self_attn/IsNaN,eltwise,generic_eltwise_ref,generic_eltwise_ref_1696504087421334661_0_0__sa,performance,gtpin_total_execution_cycles,1251648,cycles,1,256,1251648
n1_i1,1,1,1,n1_i1::kernel::isnan:/model/layers.13/self_attn/IsNaN::generic_eltwise_ref_1696504087421334661_0_0__sa,n1_i1::primitive::isnan:/model/layers.13/self_attn/IsNaN,kernel,generic_eltwise_ref_1696504087421334661_0_0__sa,layers.*/self_attn,/model/layers.13/self_attn/IsNaN,IsNaN,isnan:/model/layers.13/self_attn/IsNaN,eltwise,generic_eltwise_ref,generic_eltwise_ref_1696504087421334661_0_0__sa,performance,gtpin_total_execution_cycles,1112328,cycles,1,256,1112328
n1_i1,1,1,1,n1_i1::kernel::isnan:/model/layers.14/self_attn/IsNaN::generic_eltwise_ref_1696504087421334661_0_0__sa,n1_i1::primitive::isnan:/model/layers.14/self_attn/IsNaN,kernel,generic_eltwise_ref_1696504087421334661_0_0__sa,layers.*/self_attn,/model/layers.14/self_attn/IsNaN,IsNaN,isnan:/model/layers.14/self_attn/IsNaN,eltwise,generic_eltwise_ref,generic_eltwise_ref_1696504087421334661_0_0__sa,performance,gtpin_total_execution_cycles,1840368,cycles,1,256,1840368
n1_i1,1,1,1,n1_i1::kernel::isnan:/model/layers.15/self_attn/IsNaN::generic_eltwise_ref_1696504087421334661_0_0__sa,n1_i1::primitive::isnan:/model/layers.15/self_attn/IsNaN,kernel,generic_eltwise_ref_1696504087421334661_0_0__sa,layers.*/self_attn,/model/layers.15/self_attn/IsNaN,IsNaN,isnan:/model/layers.15/self_attn/IsNaN,eltwise,generic_eltwise_ref,generic_eltwise_ref_1696504087421334661_0_0__sa,performance,gtpin_total_execution_cycles,1583778,cycles,1,256,1583778
n1_i1,1,1,1,n1_i1::kernel::isnan:/model/layers.16/self_attn/IsNaN::generic_eltwise_ref_1696504087421334661_0_0__sa,n1_i1::primitive::isnan:/model/layers.16/self_attn/IsNaN,kernel,generic_eltwise_ref_1696504087421334661_0_0__sa,layers.*/self_attn,/model/layers.16/self_attn/IsNaN,IsNaN,isnan:/model/layers.16/self_attn/IsNaN,eltwise,generic_eltwise_ref,generic_eltwise_ref_1696504087421334661_0_0__sa,performance,gtpin_total_execution_cycles,1263288,cycles,1,256,1263288
n1_i1,1,1,1,n1_i1::kernel::isnan:/model/layers.17/self_attn/IsNaN::generic_eltwise_ref_1696504087421334661_0_0__sa,n1_i1::primitive::isnan:/model/layers.17/self_attn/IsNaN,kernel,generic_eltwise_ref_1696504087421334661_0_0__sa,layers.*/self_attn,/model/layers.17/self_attn/IsNaN,IsNaN,isnan:/model/layers.17/self_attn/IsNaN,eltwise,generic_eltwise_ref,generic_eltwise_ref_1696504087421334661_0_0__sa,performance,gtpin_total_execution_cycles,1232508,cycles,1,256,1232508
n1_i1,1,1,1,n1_i1::kernel::isnan:/model/layers.18/self_attn/IsNaN::generic_eltwise_ref_1696504087421334661_0_0__sa,n1_i1::primitive::isnan:/model/layers.18/self_attn/IsNaN,kernel,generic_eltwise_ref_1696504087421334661_0_0__sa,layers.*/self_attn,/model/layers.18/self_attn/IsNaN,IsNaN,isnan:/model/layers.18/self_attn/IsNaN,eltwise,generic_eltwise_ref,generic_eltwise_ref_1696504087421334661_0_0__sa,performance,gtpin_total_execution_cycles,1250250,cycles,1,256,1250250
n1_i1,1,1,1,n1_i1::kernel::isnan:/model/layers.19/self_attn/IsNaN::generic_eltwise_ref_1696504087421334661_0_0__sa,n1_i1::primitive::isnan:/model/layers.19/self_attn/IsNaN,kernel,generic_eltwise_ref_1696504087421334661_0_0__sa,layers.*/self_attn,/model/layers.19/self_attn/IsNaN,IsNaN,isnan:/model/layers.19/self_attn/IsNaN,eltwise,generic_eltwise_ref,generic_eltwise_ref_1696504087421334661_0_0__sa,performance,gtpin_total_execution_cycles,1222494,cycles,1,256,1222494
n1_i1,1,1,1,n1_i1::kernel::isnan:/model/layers.2/self_attn/IsNaN::generic_eltwise_ref_1696504087421334661_0_0__sa,n1_i1::primitive::isnan:/model/layers.2/self_attn/IsNaN,kernel,generic_eltwise_ref_1696504087421334661_0_0__sa,layers.*/self_attn,/model/layers.2/self_attn/IsNaN,IsNaN,isnan:/model/layers.2/self_attn/IsNaN,eltwise,generic_eltwise_ref,generic_eltwise_ref_1696504087421334661_0_0__sa,performance,gtpin_total_execution_cycles,1885866,cycles,1,256,1885866
n1_i1,1,1,1,n1_i1::kernel::isnan:/model/layers.20/self_attn/IsNaN::generic_eltwise_ref_1696504087421334661_0_0__sa,n1_i1::primitive::isnan:/model/layers.20/self_attn/IsNaN,kernel,generic_eltwise_ref_1696504087421334661_0_0__sa,layers.*/self_attn,/model/layers.20/self_attn/IsNaN,IsNaN,isnan:/model/layers.20/self_attn/IsNaN,eltwise,generic_eltwise_ref,generic_eltwise_ref_1696504087421334661_0_0__sa,performance,gtpin_total_execution_cycles,1561828,cycles,1,256,1561828
n1_i1,1,1,1,n1_i1::kernel::isnan:/model/layers.21/self_attn/IsNaN::generic_eltwise_ref_1696504087421334661_0_0__sa,n1_i1::primitive::isnan:/model/layers.21/self_attn/IsNaN,kernel,generic_eltwise_ref_1696504087421334661_0_0__sa,layers.*/self_attn,/model/layers.21/self_attn/IsNaN,IsNaN,isnan:/model/layers.21/self_attn/IsNaN,eltwise,generic_eltwise_ref,generic_eltwise_ref_1696504087421334661_0_0__sa,performance,gtpin_total_execution_cycles,1254102,cycles,1,256,1254102
n1_i1,1,1,1,n1_i1::kernel::isnan:/model/layers.3/self_attn/IsNaN::generic_eltwise_ref_1696504087421334661_0_0__sa,n1_i1::primitive::isnan:/model/layers.3/self_attn/IsNaN,kernel,generic_eltwise_ref_1696504087421334661_0_0__sa,layers.*/self_attn,/model/layers.3/self_attn/IsNaN,IsNaN,isnan:/model/layers.3/self_attn/IsNaN,eltwise,generic_eltwise_ref,generic_eltwise_ref_1696504087421334661_0_0__sa,performance,gtpin_total_execution_cycles,1585594,cycles,1,256,1585594
n1_i1,1,1,1,n1_i1::kernel::isnan:/model/layers.4/self_attn/IsNaN::generic_eltwise_ref_1696504087421334661_0_0__sa,n1_i1::primitive::isnan:/model/layers.4/self_attn/IsNaN,kernel,generic_eltwise_ref_1696504087421334661_0_0__sa,layers.*/self_attn,/model/layers.4/self_attn/IsNaN,IsNaN,isnan:/model/layers.4/self_attn/IsNaN,eltwise,generic_eltwise_ref,generic_eltwise_ref_1696504087421334661_0_0__sa,performance,gtpin_total_execution_cycles,1319924,cycles,1,256,1319924
n1_i1,1,1,1,n1_i1::kernel::isnan:/model/layers.5/self_attn/IsNaN::generic_eltwise_ref_1696504087421334661_0_0__sa,n1_i1::primitive::isnan:/model/layers.5/self_attn/IsNaN,kernel,generic_eltwise_ref_1696504087421334661_0_0__sa,layers.*/self_attn,/model/layers.5/self_attn/IsNaN,IsNaN,isnan:/model/layers.5/self_attn/IsNaN,eltwise,generic_eltwise_ref,generic_eltwise_ref_1696504087421334661_0_0__sa,performance,gtpin_total_execution_cycles,1491518,cycles,1,256,1491518
n1_i1,1,1,1,n1_i1::kernel::isnan:/model/layers.6/self_attn/IsNaN::generic_eltwise_ref_1696504087421334661_0_0__sa,n1_i1::primitive::isnan:/model/layers.6/self_attn/IsNaN,kernel,generic_eltwise_ref_1696504087421334661_0_0__sa,layers.*/self_attn,/model/layers.6/self_attn/IsNaN,IsNaN,isnan:/model/layers.6/self_attn/IsNaN,eltwise,generic_eltwise_ref,generic_eltwise_ref_1696504087421334661_0_0__sa,performance,gtpin_total_execution_cycles,1485828,cycles,1,256,1485828
n1_i1,1,1,1,n1_i1::kernel::isnan:/model/layers.7/self_attn/IsNaN::generic_eltwise_ref_1696504087421334661_0_0__sa,n1_i1::primitive::isnan:/model/layers.7/self_attn/IsNaN,kernel,generic_eltwise_ref_1696504087421334661_0_0__sa,layers.*/self_attn,/model/layers.7/self_attn/IsNaN,IsNaN,isnan:/model/layers.7/self_attn/IsNaN,eltwise,generic_eltwise_ref,generic_eltwise_ref_1696504087421334661_0_0__sa,performance,gtpin_total_execution_cycles,1236618,cycles,1,256,1236618
n1_i1,1,1,1,n1_i1::kernel::isnan:/model/layers.8/self_attn/IsNaN::generic_eltwise_ref_1696504087421334661_0_0__sa,n1_i1::primitive::isnan:/model/layers.8/self_attn/IsNaN,kernel,generic_eltwise_ref_1696504087421334661_0_0__sa,layers.*/self_attn,/model/layers.8/self_attn/IsNaN,IsNaN,isnan:/model/layers.8/self_attn/IsNaN,eltwise,generic_eltwise_ref,generic_eltwise_ref_1696504087421334661_0_0__sa,performance,gtpin_total_execution_cycles,1313710,cycles,1,256,1313710
n1_i1,1,1,1,n1_i1::kernel::isnan:/model/layers.9/self_attn/IsNaN::generic_eltwise_ref_1696504087421334661_0_0__sa,n1_i1::primitive::isnan:/model/layers.9/self_attn/IsNaN,kernel,generic_eltwise_ref_1696504087421334661_0_0__sa,layers.*/self_attn,/model/layers.9/self_attn/IsNaN,IsNaN,isnan:/model/layers.9/self_attn/IsNaN,eltwise,generic_eltwise_ref,generic_eltwise_ref_1696504087421334661_0_0__sa,performance,gtpin_total_execution_cycles,1429972,cycles,1,256,1429972
n1_i1,1,1,1,n1_i1::kernel::lessequal:/model/LessOrEqual::generic_eltwise_ref_12991517841348968924_0_0__sa,n1_i1::primitive::lessequal:/model/LessOrEqual,kernel,generic_eltwise_ref_12991517841348968924_0_0__sa,(root),/model/LessOrEqual,LessEqual,lessequal:/model/LessOrEqual,eltwise,generic_eltwise_ref,generic_eltwise_ref_12991517841348968924_0_0__sa,performance,gtpin_total_execution_cycles,45176,cycles,1,8,45176
n1_i1,1,1,1,n1_i1::kernel::logicaland:/model/And::generic_eltwise_ref_12613916656436061640_0_0__sa,n1_i1::primitive::logicaland:/model/And,kernel,generic_eltwise_ref_12613916656436061640_0_0__sa,(root),/model/And,LogicalAnd,logicaland:/model/And,eltwise,generic_eltwise_ref,generic_eltwise_ref_12613916656436061640_0_0__sa,performance,gtpin_total_execution_cycles,42496,cycles,1,8,42496
n1_i1,1,1,1,n1_i1::kernel::logicaland:/model/And_1::generic_eltwise_ref_9810887907610228330_0_0__sa,n1_i1::primitive::logicaland:/model/And_1,kernel,generic_eltwise_ref_9810887907610228330_0_0__sa,(root),/model/And_1,LogicalAnd,logicaland:/model/And_1,eltwise,generic_eltwise_ref,generic_eltwise_ref_9810887907610228330_0_0__sa,performance,gtpin_total_execution_cycles,50552,cycles,1,8,50552
n1_i1,1,1,1,n1_i1::kernel::multiply:/model/layers.0/self_attn/Mul_8::generic_eltwise_ref_7125964068740378811_0_0__sa,n1_i1::primitive::multiply:/model/layers.0/self_attn/Mul_8,kernel,generic_eltwise_ref_7125964068740378811_0_0__sa,layers.*/self_attn,/model/layers.0/self_attn/Mul_8,Multiply,multiply:/model/layers.0/self_attn/Mul_8,eltwise,generic_eltwise_ref,generic_eltwise_ref_7125964068740378811_0_0__sa,performance,gtpin_total_execution_cycles,4786414,cycles,1,1024,4786414
n1_i1,1,1,1,n1_i1::kernel::multiply:/model/layers.1/self_attn/Mul_8::generic_eltwise_ref_7125964068740378811_0_0__sa,n1_i1::primitive::multiply:/model/layers.1/self_attn/Mul_8,kernel,generic_eltwise_ref_7125964068740378811_0_0__sa,layers.*/self_attn,/model/layers.1/self_attn/Mul_8,Multiply,multiply:/model/layers.1/self_attn/Mul_8,eltwise,generic_eltwise_ref,generic_eltwise_ref_7125964068740378811_0_0__sa,performance,gtpin_total_execution_cycles,5152004,cycles,1,1024,5152004
n1_i1,1,1,1,n1_i1::kernel::multiply:/model/layers.10/self_attn/Mul_8::generic_eltwise_ref_7125964068740378811_0_0__sa,n1_i1::primitive::multiply:/model/layers.10/self_attn/Mul_8,kernel,generic_eltwise_ref_7125964068740378811_0_0__sa,layers.*/self_attn,/model/layers.10/self_attn/Mul_8,Multiply,multiply:/model/layers.10/self_attn/Mul_8,eltwise,generic_eltwise_ref,generic_eltwise_ref_7125964068740378811_0_0__sa,performance,gtpin_total_execution_cycles,5052076,cycles,1,1024,5052076
n1_i1,1,1,1,n1_i1::kernel::multiply:/model/layers.11/self_attn/Mul_8::generic_eltwise_ref_7125964068740378811_0_0__sa,n1_i1::primitive::multiply:/model/layers.11/self_attn/Mul_8,kernel,generic_eltwise_ref_7125964068740378811_0_0__sa,layers.*/self_attn,/model/layers.11/self_attn/Mul_8,Multiply,multiply:/model/layers.11/self_attn/Mul_8,eltwise,generic_eltwise_ref,generic_eltwise_ref_7125964068740378811_0_0__sa,performance,gtpin_total_execution_cycles,5171672,cycles,1,1024,5171672
n1_i1,1,1,1,n1_i1::kernel::multiply:/model/layers.12/self_attn/Mul_8::generic_eltwise_ref_7125964068740378811_0_0__sa,n1_i1::primitive::multiply:/model/layers.12/self_attn/Mul_8,kernel,generic_eltwise_ref_7125964068740378811_0_0__sa,layers.*/self_attn,/model/layers.12/self_attn/Mul_8,Multiply,multiply:/model/layers.12/self_attn/Mul_8,eltwise,generic_eltwise_ref,generic_eltwise_ref_7125964068740378811_0_0__sa,performance,gtpin_total_execution_cycles,5464736,cycles,1,1024,5464736
n1_i1,1,1,1,n1_i1::kernel::multiply:/model/layers.13/self_attn/Mul_8::generic_eltwise_ref_7125964068740378811_0_0__sa,n1_i1::primitive::multiply:/model/layers.13/self_attn/Mul_8,kernel,generic_eltwise_ref_7125964068740378811_0_0__sa,layers.*/self_attn,/model/layers.13/self_attn/Mul_8,Multiply,multiply:/model/layers.13/self_attn/Mul_8,eltwise,generic_eltwise_ref,generic_eltwise_ref_7125964068740378811_0_0__sa,performance,gtpin_total_execution_cycles,5608562,cycles,1,1024,5608562
n1_i1,1,1,1,n1_i1::kernel::multiply:/model/layers.14/self_attn/Mul_8::generic_eltwise_ref_7125964068740378811_0_0__sa,n1_i1::primitive::multiply:/model/layers.14/self_attn/Mul_8,kernel,generic_eltwise_ref_7125964068740378811_0_0__sa,layers.*/self_attn,/model/layers.14/self_attn/Mul_8,Multiply,multiply:/model/layers.14/self_attn/Mul_8,eltwise,generic_eltwise_ref,generic_eltwise_ref_7125964068740378811_0_0__sa,performance,gtpin_total_execution_cycles,4792772,cycles,1,1024,4792772
n1_i1,1,1,1,n1_i1::kernel::multiply:/model/layers.15/self_attn/Mul_8::generic_eltwise_ref_7125964068740378811_0_0__sa,n1_i1::primitive::multiply:/model/layers.15/self_attn/Mul_8,kernel,generic_eltwise_ref_7125964068740378811_0_0__sa,layers.*/self_attn,/model/layers.15/self_attn/Mul_8,Multiply,multiply:/model/layers.15/self_attn/Mul_8,eltwise,generic_eltwise_ref,generic_eltwise_ref_7125964068740378811_0_0__sa,performance,gtpin_total_execution_cycles,4793236,cycles,1,1024,4793236
n1_i1,1,1,1,n1_i1::kernel::multiply:/model/layers.16/self_attn/Mul_8::generic_eltwise_ref_7125964068740378811_0_0__sa,n1_i1::primitive::multiply:/model/layers.16/self_attn/Mul_8,kernel,generic_eltwise_ref_7125964068740378811_0_0__sa,layers.*/self_attn,/model/layers.16/self_attn/Mul_8,Multiply,multiply:/model/layers.16/self_attn/Mul_8,eltwise,generic_eltwise_ref,generic_eltwise_ref_7125964068740378811_0_0__sa,performance,gtpin_total_execution_cycles,4527464,cycles,1,1024,4527464
n1_i1,1,1,1,n1_i1::kernel::multiply:/model/layers.17/self_attn/Mul_8::generic_eltwise_ref_7125964068740378811_0_0__sa,n1_i1::primitive::multiply:/model/layers.17/self_attn/Mul_8,kernel,generic_eltwise_ref_7125964068740378811_0_0__sa,layers.*/self_attn,/model/layers.17/self_attn/Mul_8,Multiply,multiply:/model/layers.17/self_attn/Mul_8,eltwise,generic_eltwise_ref,generic_eltwise_ref_7125964068740378811_0_0__sa,performance,gtpin_total_execution_cycles,4684870,cycles,1,1024,4684870
n1_i1,1,1,1,n1_i1::kernel::multiply:/model/layers.18/self_attn/Mul_8::generic_eltwise_ref_7125964068740378811_0_0__sa,n1_i1::primitive::multiply:/model/layers.18/self_attn/Mul_8,kernel,generic_eltwise_ref_7125964068740378811_0_0__sa,layers.*/self_attn,/model/layers.18/self_attn/Mul_8,Multiply,multiply:/model/layers.18/self_attn/Mul_8,eltwise,generic_eltwise_ref,generic_eltwise_ref_7125964068740378811_0_0__sa,performance,gtpin_total_execution_cycles,4779076,cycles,1,1024,4779076
n1_i1,1,1,1,n1_i1::kernel::multiply:/model/layers.19/self_attn/Mul_8::generic_eltwise_ref_7125964068740378811_0_0__sa,n1_i1::primitive::multiply:/model/layers.19/self_attn/Mul_8,kernel,generic_eltwise_ref_7125964068740378811_0_0__sa,layers.*/self_attn,/model/layers.19/self_attn/Mul_8,Multiply,multiply:/model/layers.19/self_attn/Mul_8,eltwise,generic_eltwise_ref,generic_eltwise_ref_7125964068740378811_0_0__sa,performance,gtpin_total_execution_cycles,4717538,cycles,1,1024,4717538
n1_i1,1,1,1,n1_i1::kernel::multiply:/model/layers.2/self_attn/Mul_8::generic_eltwise_ref_7125964068740378811_0_0__sa,n1_i1::primitive::multiply:/model/layers.2/self_attn/Mul_8,kernel,generic_eltwise_ref_7125964068740378811_0_0__sa,layers.*/self_attn,/model/layers.2/self_attn/Mul_8,Multiply,multiply:/model/layers.2/self_attn/Mul_8,eltwise,generic_eltwise_ref,generic_eltwise_ref_7125964068740378811_0_0__sa,performance,gtpin_total_execution_cycles,5230364,cycles,1,1024,5230364
n1_i1,1,1,1,n1_i1::kernel::multiply:/model/layers.20/self_attn/Mul_8::generic_eltwise_ref_7125964068740378811_0_0__sa,n1_i1::primitive::multiply:/model/layers.20/self_attn/Mul_8,kernel,generic_eltwise_ref_7125964068740378811_0_0__sa,layers.*/self_attn,/model/layers.20/self_attn/Mul_8,Multiply,multiply:/model/layers.20/self_attn/Mul_8,eltwise,generic_eltwise_ref,generic_eltwise_ref_7125964068740378811_0_0__sa,performance,gtpin_total_execution_cycles,5034650,cycles,1,1024,5034650
n1_i1,1,1,1,n1_i1::kernel::multiply:/model/layers.21/self_attn/Mul_8::generic_eltwise_ref_7125964068740378811_0_0__sa,n1_i1::primitive::multiply:/model/layers.21/self_attn/Mul_8,kernel,generic_eltwise_ref_7125964068740378811_0_0__sa,layers.*/self_attn,/model/layers.21/self_attn/Mul_8,Multiply,multiply:/model/layers.21/self_attn/Mul_8,eltwise,generic_eltwise_ref,generic_eltwise_ref_7125964068740378811_0_0__sa,performance,gtpin_total_execution_cycles,4717524,cycles,1,1024,4717524
n1_i1,1,1,1,n1_i1::kernel::multiply:/model/layers.3/self_attn/Mul_8::generic_eltwise_ref_7125964068740378811_0_0__sa,n1_i1::primitive::multiply:/model/layers.3/self_attn/Mul_8,kernel,generic_eltwise_ref_7125964068740378811_0_0__sa,layers.*/self_attn,/model/layers.3/self_attn/Mul_8,Multiply,multiply:/model/layers.3/self_attn/Mul_8,eltwise,generic_eltwise_ref,generic_eltwise_ref_7125964068740378811_0_0__sa,performance,gtpin_total_execution_cycles,4741880,cycles,1,1024,4741880
n1_i1,1,1,1,n1_i1::kernel::multiply:/model/layers.4/self_attn/Mul_8::generic_eltwise_ref_7125964068740378811_0_0__sa,n1_i1::primitive::multiply:/model/layers.4/self_attn/Mul_8,kernel,generic_eltwise_ref_7125964068740378811_0_0__sa,layers.*/self_attn,/model/layers.4/self_attn/Mul_8,Multiply,multiply:/model/layers.4/self_attn/Mul_8,eltwise,generic_eltwise_ref,generic_eltwise_ref_7125964068740378811_0_0__sa,performance,gtpin_total_execution_cycles,5117962,cycles,1,1024,5117962
n1_i1,1,1,1,n1_i1::kernel::multiply:/model/layers.5/self_attn/Mul_8::generic_eltwise_ref_7125964068740378811_0_0__sa,n1_i1::primitive::multiply:/model/layers.5/self_attn/Mul_8,kernel,generic_eltwise_ref_7125964068740378811_0_0__sa,layers.*/self_attn,/model/layers.5/self_attn/Mul_8,Multiply,multiply:/model/layers.5/self_attn/Mul_8,eltwise,generic_eltwise_ref,generic_eltwise_ref_7125964068740378811_0_0__sa,performance,gtpin_total_execution_cycles,4539412,cycles,1,1024,4539412
n1_i1,1,1,1,n1_i1::kernel::multiply:/model/layers.6/self_attn/Mul_8::generic_eltwise_ref_7125964068740378811_0_0__sa,n1_i1::primitive::multiply:/model/layers.6/self_attn/Mul_8,kernel,generic_eltwise_ref_7125964068740378811_0_0__sa,layers.*/self_attn,/model/layers.6/self_attn/Mul_8,Multiply,multiply:/model/layers.6/self_attn/Mul_8,eltwise,generic_eltwise_ref,generic_eltwise_ref_7125964068740378811_0_0__sa,performance,gtpin_total_execution_cycles,5025586,cycles,1,1024,5025586
n1_i1,1,1,1,n1_i1::kernel::multiply:/model/layers.7/self_attn/Mul_8::generic_eltwise_ref_7125964068740378811_0_0__sa,n1_i1::primitive::multiply:/model/layers.7/self_attn/Mul_8,kernel,generic_eltwise_ref_7125964068740378811_0_0__sa,layers.*/self_attn,/model/layers.7/self_attn/Mul_8,Multiply,multiply:/model/layers.7/self_attn/Mul_8,eltwise,generic_eltwise_ref,generic_eltwise_ref_7125964068740378811_0_0__sa,performance,gtpin_total_execution_cycles,4711510,cycles,1,1024,4711510
n1_i1,1,1,1,n1_i1::kernel::multiply:/model/layers.8/self_attn/Mul_8::generic_eltwise_ref_7125964068740378811_0_0__sa,n1_i1::primitive::multiply:/model/layers.8/self_attn/Mul_8,kernel,generic_eltwise_ref_7125964068740378811_0_0__sa,layers.*/self_attn,/model/layers.8/self_attn/Mul_8,Multiply,multiply:/model/layers.8/self_attn/Mul_8,eltwise,generic_eltwise_ref,generic_eltwise_ref_7125964068740378811_0_0__sa,performance,gtpin_total_execution_cycles,5493576,cycles,1,1024,5493576
n1_i1,1,1,1,n1_i1::kernel::multiply:/model/layers.9/self_attn/Mul_8::generic_eltwise_ref_7125964068740378811_0_0__sa,n1_i1::primitive::multiply:/model/layers.9/self_attn/Mul_8,kernel,generic_eltwise_ref_7125964068740378811_0_0__sa,layers.*/self_attn,/model/layers.9/self_attn/Mul_8,Multiply,multiply:/model/layers.9/self_attn/Mul_8,eltwise,generic_eltwise_ref,generic_eltwise_ref_7125964068740378811_0_0__sa,performance,gtpin_total_execution_cycles,4665000,cycles,1,1024,4665000
n1_i1,1,1,1,n1_i1::kernel::rms:/model/layers.0/input_layernorm/Mul::rms_gpu_bfyx_opt_10690270683970839748_0_0__sa,n1_i1::primitive::rms:/model/layers.0/input_layernorm/Mul,kernel,rms_gpu_bfyx_opt_10690270683970839748_0_0__sa,layers.*/input_layernorm,/model/layers.0/input_layernorm/Mul,RMS,rms:/model/layers.0/input_layernorm/Mul,rms,rms_gpu_bfyx_opt,rms_gpu_bfyx_opt_10690270683970839748_0_0__sa,performance,gtpin_total_execution_cycles,1962348,cycles,1,256,1962348
n1_i1,1,1,1,n1_i1::kernel::rms:/model/layers.0/post_attention_layernorm/Mul::rms_gpu_bfyx_opt_10690270683970839748_0_0__sa,n1_i1::primitive::rms:/model/layers.0/post_attention_layernorm/Mul,kernel,rms_gpu_bfyx_opt_10690270683970839748_0_0__sa,layers.*/post_attention_layernorm,/model/layers.0/post_attention_layernorm/Mul,RMS,rms:/model/layers.0/post_attention_layernorm/Mul,rms,rms_gpu_bfyx_opt,rms_gpu_bfyx_opt_10690270683970839748_0_0__sa,performance,gtpin_total_execution_cycles,1999066,cycles,1,256,1999066
n1_i1,1,1,1,n1_i1::kernel::rms:/model/layers.1/input_layernorm/Mul::rms_gpu_bfyx_opt_10690270683970839748_0_0__sa,n1_i1::primitive::rms:/model/layers.1/input_layernorm/Mul,kernel,rms_gpu_bfyx_opt_10690270683970839748_0_0__sa,layers.*/input_layernorm,/model/layers.1/input_layernorm/Mul,RMS,rms:/model/layers.1/input_layernorm/Mul,rms,rms_gpu_bfyx_opt,rms_gpu_bfyx_opt_10690270683970839748_0_0__sa,performance,gtpin_total_execution_cycles,1591000,cycles,1,256,1591000
n1_i1,1,1,1,n1_i1::kernel::rms:/model/layers.1/post_attention_layernorm/Mul::rms_gpu_bfyx_opt_10690270683970839748_0_0__sa,n1_i1::primitive::rms:/model/layers.1/post_attention_layernorm/Mul,kernel,rms_gpu_bfyx_opt_10690270683970839748_0_0__sa,layers.*/post_attention_layernorm,/model/layers.1/post_attention_layernorm/Mul,RMS,rms:/model/layers.1/post_attention_layernorm/Mul,rms,rms_gpu_bfyx_opt,rms_gpu_bfyx_opt_10690270683970839748_0_0__sa,performance,gtpin_total_execution_cycles,1894798,cycles,1,256,1894798
n1_i1,1,1,1,n1_i1::kernel::rms:/model/layers.10/input_layernorm/Mul::rms_gpu_bfyx_opt_10690270683970839748_0_0__sa,n1_i1::primitive::rms:/model/layers.10/input_layernorm/Mul,kernel,rms_gpu_bfyx_opt_10690270683970839748_0_0__sa,layers.*/input_layernorm,/model/layers.10/input_layernorm/Mul,RMS,rms:/model/layers.10/input_layernorm/Mul,rms,rms_gpu_bfyx_opt,rms_gpu_bfyx_opt_10690270683970839748_0_0__sa,performance,gtpin_total_execution_cycles,2005540,cycles,1,256,2005540
n1_i1,1,1,1,n1_i1::kernel::rms:/model/layers.10/post_attention_layernorm/Mul::rms_gpu_bfyx_opt_10690270683970839748_0_0__sa,n1_i1::primitive::rms:/model/layers.10/post_attention_layernorm/Mul,kernel,rms_gpu_bfyx_opt_10690270683970839748_0_0__sa,layers.*/post_attention_layernorm,/model/layers.10/post_attention_layernorm/Mul,RMS,rms:/model/layers.10/post_attention_layernorm/Mul,rms,rms_gpu_bfyx_opt,rms_gpu_bfyx_opt_10690270683970839748_0_0__sa,performance,gtpin_total_execution_cycles,1997272,cycles,1,256,1997272
n1_i1,1,1,1,n1_i1::kernel::rms:/model/layers.11/input_layernorm/Mul::rms_gpu_bfyx_opt_10690270683970839748_0_0__sa,n1_i1::primitive::rms:/model/layers.11/input_layernorm/Mul,kernel,rms_gpu_bfyx_opt_10690270683970839748_0_0__sa,layers.*/input_layernorm,/model/layers.11/input_layernorm/Mul,RMS,rms:/model/layers.11/input_layernorm/Mul,rms,rms_gpu_bfyx_opt,rms_gpu_bfyx_opt_10690270683970839748_0_0__sa,performance,gtpin_total_execution_cycles,1994058,cycles,1,256,1994058
n1_i1,1,1,1,n1_i1::kernel::rms:/model/layers.11/post_attention_layernorm/Mul::rms_gpu_bfyx_opt_10690270683970839748_0_0__sa,n1_i1::primitive::rms:/model/layers.11/post_attention_layernorm/Mul,kernel,rms_gpu_bfyx_opt_10690270683970839748_0_0__sa,layers.*/post_attention_layernorm,/model/layers.11/post_attention_layernorm/Mul,RMS,rms:/model/layers.11/post_attention_layernorm/Mul,rms,rms_gpu_bfyx_opt,rms_gpu_bfyx_opt_10690270683970839748_0_0__sa,performance,gtpin_total_execution_cycles,1954816,cycles,1,256,1954816
n1_i1,1,1,1,n1_i1::kernel::rms:/model/layers.12/input_layernorm/Mul::rms_gpu_bfyx_opt_10690270683970839748_0_0__sa,n1_i1::primitive::rms:/model/layers.12/input_layernorm/Mul,kernel,rms_gpu_bfyx_opt_10690270683970839748_0_0__sa,layers.*/input_layernorm,/model/layers.12/input_layernorm/Mul,RMS,rms:/model/layers.12/input_layernorm/Mul,rms,rms_gpu_bfyx_opt,rms_gpu_bfyx_opt_10690270683970839748_0_0__sa,performance,gtpin_total_execution_cycles,1817616,cycles,1,256,1817616
n1_i1,1,1,1,n1_i1::kernel::rms:/model/layers.12/post_attention_layernorm/Mul::rms_gpu_bfyx_opt_10690270683970839748_0_0__sa,n1_i1::primitive::rms:/model/layers.12/post_attention_layernorm/Mul,kernel,rms_gpu_bfyx_opt_10690270683970839748_0_0__sa,layers.*/post_attention_layernorm,/model/layers.12/post_attention_layernorm/Mul,RMS,rms:/model/layers.12/post_attention_layernorm/Mul,rms,rms_gpu_bfyx_opt,rms_gpu_bfyx_opt_10690270683970839748_0_0__sa,performance,gtpin_total_execution_cycles,1719732,cycles,1,256,1719732
n1_i1,1,1,1,n1_i1::kernel::rms:/model/layers.13/input_layernorm/Mul::rms_gpu_bfyx_opt_10690270683970839748_0_0__sa,n1_i1::primitive::rms:/model/layers.13/input_layernorm/Mul,kernel,rms_gpu_bfyx_opt_10690270683970839748_0_0__sa,layers.*/input_layernorm,/model/layers.13/input_layernorm/Mul,RMS,rms:/model/layers.13/input_layernorm/Mul,rms,rms_gpu_bfyx_opt,rms_gpu_bfyx_opt_10690270683970839748_0_0__sa,performance,gtpin_total_execution_cycles,1646426,cycles,1,256,1646426
n1_i1,1,1,1,n1_i1::kernel::rms:/model/layers.13/post_attention_layernorm/Mul::rms_gpu_bfyx_opt_10690270683970839748_0_0__sa,n1_i1::primitive::rms:/model/layers.13/post_attention_layernorm/Mul,kernel,rms_gpu_bfyx_opt_10690270683970839748_0_0__sa,layers.*/post_attention_layernorm,/model/layers.13/post_attention_layernorm/Mul,RMS,rms:/model/layers.13/post_attention_layernorm/Mul,rms,rms_gpu_bfyx_opt,rms_gpu_bfyx_opt_10690270683970839748_0_0__sa,performance,gtpin_total_execution_cycles,2077348,cycles,1,256,2077348
n1_i1,1,1,1,n1_i1::kernel::rms:/model/layers.14/input_layernorm/Mul::rms_gpu_bfyx_opt_10690270683970839748_0_0__sa,n1_i1::primitive::rms:/model/layers.14/input_layernorm/Mul,kernel,rms_gpu_bfyx_opt_10690270683970839748_0_0__sa,layers.*/input_layernorm,/model/layers.14/input_layernorm/Mul,RMS,rms:/model/layers.14/input_layernorm/Mul,rms,rms_gpu_bfyx_opt,rms_gpu_bfyx_opt_10690270683970839748_0_0__sa,performance,gtpin_total_execution_cycles,1409500,cycles,1,256,1409500
n1_i1,1,1,1,n1_i1::kernel::rms:/model/layers.14/post_attention_layernorm/Mul::rms_gpu_bfyx_opt_10690270683970839748_0_0__sa,n1_i1::primitive::rms:/model/layers.14/post_attention_layernorm/Mul,kernel,rms_gpu_bfyx_opt_10690270683970839748_0_0__sa,layers.*/post_attention_layernorm,/model/layers.14/post_attention_layernorm/Mul,RMS,rms:/model/layers.14/post_attention_layernorm/Mul,rms,rms_gpu_bfyx_opt,rms_gpu_bfyx_opt_10690270683970839748_0_0__sa,performance,gtpin_total_execution_cycles,2057818,cycles,1,256,2057818
n1_i1,1,1,1,n1_i1::kernel::rms:/model/layers.15/input_layernorm/Mul::rms_gpu_bfyx_opt_10690270683970839748_0_0__sa,n1_i1::primitive::rms:/model/layers.15/input_layernorm/Mul,kernel,rms_gpu_bfyx_opt_10690270683970839748_0_0__sa,layers.*/input_layernorm,/model/layers.15/input_layernorm/Mul,RMS,rms:/model/layers.15/input_layernorm/Mul,rms,rms_gpu_bfyx_opt,rms_gpu_bfyx_opt_10690270683970839748_0_0__sa,performance,gtpin_total_execution_cycles,2110452,cycles,1,256,2110452
n1_i1,1,1,1,n1_i1::kernel::rms:/model/layers.15/post_attention_layernorm/Mul::rms_gpu_bfyx_opt_10690270683970839748_0_0__sa,n1_i1::primitive::rms:/model/layers.15/post_attention_layernorm/Mul,kernel,rms_gpu_bfyx_opt_10690270683970839748_0_0__sa,layers.*/post_attention_layernorm,/model/layers.15/post_attention_layernorm/Mul,RMS,rms:/model/layers.15/post_attention_layernorm/Mul,rms,rms_gpu_bfyx_opt,rms_gpu_bfyx_opt_10690270683970839748_0_0__sa,performance,gtpin_total_execution_cycles,1852916,cycles,1,256,1852916
n1_i1,1,1,1,n1_i1::kernel::rms:/model/layers.16/input_layernorm/Mul::rms_gpu_bfyx_opt_10690270683970839748_0_0__sa,n1_i1::primitive::rms:/model/layers.16/input_layernorm/Mul,kernel,rms_gpu_bfyx_opt_10690270683970839748_0_0__sa,layers.*/input_layernorm,/model/layers.16/input_layernorm/Mul,RMS,rms:/model/layers.16/input_layernorm/Mul,rms,rms_gpu_bfyx_opt,rms_gpu_bfyx_opt_10690270683970839748_0_0__sa,performance,gtpin_total_execution_cycles,1571414,cycles,1,256,1571414
n1_i1,1,1,1,n1_i1::kernel::rms:/model/layers.16/post_attention_layernorm/Mul::rms_gpu_bfyx_opt_10690270683970839748_0_0__sa,n1_i1::primitive::rms:/model/layers.16/post_attention_layernorm/Mul,kernel,rms_gpu_bfyx_opt_10690270683970839748_0_0__sa,layers.*/post_attention_layernorm,/model/layers.16/post_attention_layernorm/Mul,RMS,rms:/model/layers.16/post_attention_layernorm/Mul,rms,rms_gpu_bfyx_opt,rms_gpu_bfyx_opt_10690270683970839748_0_0__sa,performance,gtpin_total_execution_cycles,1757550,cycles,1,256,1757550
n1_i1,1,1,1,n1_i1::kernel::rms:/model/layers.17/input_layernorm/Mul::rms_gpu_bfyx_opt_10690270683970839748_0_0__sa,n1_i1::primitive::rms:/model/layers.17/input_layernorm/Mul,kernel,rms_gpu_bfyx_opt_10690270683970839748_0_0__sa,layers.*/input_layernorm,/model/layers.17/input_layernorm/Mul,RMS,rms:/model/layers.17/input_layernorm/Mul,rms,rms_gpu_bfyx_opt,rms_gpu_bfyx_opt_10690270683970839748_0_0__sa,performance,gtpin_total_execution_cycles,1664454,cycles,1,256,1664454
n1_i1,1,1,1,n1_i1::kernel::rms:/model/layers.17/post_attention_layernorm/Mul::rms_gpu_bfyx_opt_10690270683970839748_0_0__sa,n1_i1::primitive::rms:/model/layers.17/post_attention_layernorm/Mul,kernel,rms_gpu_bfyx_opt_10690270683970839748_0_0__sa,layers.*/post_attention_layernorm,/model/layers.17/post_attention_layernorm/Mul,RMS,rms:/model/layers.17/post_attention_layernorm/Mul,rms,rms_gpu_bfyx_opt,rms_gpu_bfyx_opt_10690270683970839748_0_0__sa,performance,gtpin_total_execution_cycles,1720126,cycles,1,256,1720126
n1_i1,1,1,1,n1_i1::kernel::rms:/model/layers.18/input_layernorm/Mul::rms_gpu_bfyx_opt_10690270683970839748_0_0__sa,n1_i1::primitive::rms:/model/layers.18/input_layernorm/Mul,kernel,rms_gpu_bfyx_opt_10690270683970839748_0_0__sa,layers.*/input_layernorm,/model/layers.18/input_layernorm/Mul,RMS,rms:/model/layers.18/input_layernorm/Mul,rms,rms_gpu_bfyx_opt,rms_gpu_bfyx_opt_10690270683970839748_0_0__sa,performance,gtpin_total_execution_cycles,1447728,cycles,1,256,1447728
n1_i1,1,1,1,n1_i1::kernel::rms:/model/layers.18/post_attention_layernorm/Mul::rms_gpu_bfyx_opt_10690270683970839748_0_0__sa,n1_i1::primitive::rms:/model/layers.18/post_attention_layernorm/Mul,kernel,rms_gpu_bfyx_opt_10690270683970839748_0_0__sa,layers.*/post_attention_layernorm,/model/layers.18/post_attention_layernorm/Mul,RMS,rms:/model/layers.18/post_attention_layernorm/Mul,rms,rms_gpu_bfyx_opt,rms_gpu_bfyx_opt_10690270683970839748_0_0__sa,performance,gtpin_total_execution_cycles,1825214,cycles,1,256,1825214
n1_i1,1,1,1,n1_i1::kernel::rms:/model/layers.19/input_layernorm/Mul::rms_gpu_bfyx_opt_10690270683970839748_0_0__sa,n1_i1::primitive::rms:/model/layers.19/input_layernorm/Mul,kernel,rms_gpu_bfyx_opt_10690270683970839748_0_0__sa,layers.*/input_layernorm,/model/layers.19/input_layernorm/Mul,RMS,rms:/model/layers.19/input_layernorm/Mul,rms,rms_gpu_bfyx_opt,rms_gpu_bfyx_opt_10690270683970839748_0_0__sa,performance,gtpin_total_execution_cycles,2046378,cycles,1,256,2046378
n1_i1,1,1,1,n1_i1::kernel::rms:/model/layers.19/post_attention_layernorm/Mul::rms_gpu_bfyx_opt_10690270683970839748_0_0__sa,n1_i1::primitive::rms:/model/layers.19/post_attention_layernorm/Mul,kernel,rms_gpu_bfyx_opt_10690270683970839748_0_0__sa,layers.*/post_attention_layernorm,/model/layers.19/post_attention_layernorm/Mul,RMS,rms:/model/layers.19/post_attention_layernorm/Mul,rms,rms_gpu_bfyx_opt,rms_gpu_bfyx_opt_10690270683970839748_0_0__sa,performance,gtpin_total_execution_cycles,1857358,cycles,1,256,1857358
n1_i1,1,1,1,n1_i1::kernel::rms:/model/layers.2/input_layernorm/Mul::rms_gpu_bfyx_opt_10690270683970839748_0_0__sa,n1_i1::primitive::rms:/model/layers.2/input_layernorm/Mul,kernel,rms_gpu_bfyx_opt_10690270683970839748_0_0__sa,layers.*/input_layernorm,/model/layers.2/input_layernorm/Mul,RMS,rms:/model/layers.2/input_layernorm/Mul,rms,rms_gpu_bfyx_opt,rms_gpu_bfyx_opt_10690270683970839748_0_0__sa,performance,gtpin_total_execution_cycles,1710480,cycles,1,256,1710480
n1_i1,1,1,1,n1_i1::kernel::rms:/model/layers.2/post_attention_layernorm/Mul::rms_gpu_bfyx_opt_10690270683970839748_0_0__sa,n1_i1::primitive::rms:/model/layers.2/post_attention_layernorm/Mul,kernel,rms_gpu_bfyx_opt_10690270683970839748_0_0__sa,layers.*/post_attention_layernorm,/model/layers.2/post_attention_layernorm/Mul,RMS,rms:/model/layers.2/post_attention_layernorm/Mul,rms,rms_gpu_bfyx_opt,rms_gpu_bfyx_opt_10690270683970839748_0_0__sa,performance,gtpin_total_execution_cycles,2023240,cycles,1,256,2023240
n1_i1,1,1,1,n1_i1::kernel::rms:/model/layers.20/input_layernorm/Mul::rms_gpu_bfyx_opt_10690270683970839748_0_0__sa,n1_i1::primitive::rms:/model/layers.20/input_layernorm/Mul,kernel,rms_gpu_bfyx_opt_10690270683970839748_0_0__sa,layers.*/input_layernorm,/model/layers.20/input_layernorm/Mul,RMS,rms:/model/layers.20/input_layernorm/Mul,rms,rms_gpu_bfyx_opt,rms_gpu_bfyx_opt_10690270683970839748_0_0__sa,performance,gtpin_total_execution_cycles,1645870,cycles,1,256,1645870
n1_i1,1,1,1,n1_i1::kernel::rms:/model/layers.20/post_attention_layernorm/Mul::rms_gpu_bfyx_opt_10690270683970839748_0_0__sa,n1_i1::primitive::rms:/model/layers.20/post_attention_layernorm/Mul,kernel,rms_gpu_bfyx_opt_10690270683970839748_0_0__sa,layers.*/post_attention_layernorm,/model/layers.20/post_attention_layernorm/Mul,RMS,rms:/model/layers.20/post_attention_layernorm/Mul,rms,rms_gpu_bfyx_opt,rms_gpu_bfyx_opt_10690270683970839748_0_0__sa,performance,gtpin_total_execution_cycles,2627638,cycles,1,256,2627638
n1_i1,1,1,1,n1_i1::kernel::rms:/model/layers.21/input_layernorm/Mul::rms_gpu_bfyx_opt_10690270683970839748_0_0__sa,n1_i1::primitive::rms:/model/layers.21/input_layernorm/Mul,kernel,rms_gpu_bfyx_opt_10690270683970839748_0_0__sa,layers.*/input_layernorm,/model/layers.21/input_layernorm/Mul,RMS,rms:/model/layers.21/input_layernorm/Mul,rms,rms_gpu_bfyx_opt,rms_gpu_bfyx_opt_10690270683970839748_0_0__sa,performance,gtpin_total_execution_cycles,1731548,cycles,1,256,1731548
n1_i1,1,1,1,n1_i1::kernel::rms:/model/layers.21/post_attention_layernorm/Mul::rms_gpu_bfyx_opt_10690270683970839748_0_0__sa,n1_i1::primitive::rms:/model/layers.21/post_attention_layernorm/Mul,kernel,rms_gpu_bfyx_opt_10690270683970839748_0_0__sa,layers.*/post_attention_layernorm,/model/layers.21/post_attention_layernorm/Mul,RMS,rms:/model/layers.21/post_attention_layernorm/Mul,rms,rms_gpu_bfyx_opt,rms_gpu_bfyx_opt_10690270683970839748_0_0__sa,performance,gtpin_total_execution_cycles,2152432,cycles,1,256,2152432
n1_i1,1,1,1,n1_i1::kernel::rms:/model/layers.3/input_layernorm/Mul::rms_gpu_bfyx_opt_10690270683970839748_0_0__sa,n1_i1::primitive::rms:/model/layers.3/input_layernorm/Mul,kernel,rms_gpu_bfyx_opt_10690270683970839748_0_0__sa,layers.*/input_layernorm,/model/layers.3/input_layernorm/Mul,RMS,rms:/model/layers.3/input_layernorm/Mul,rms,rms_gpu_bfyx_opt,rms_gpu_bfyx_opt_10690270683970839748_0_0__sa,performance,gtpin_total_execution_cycles,2031338,cycles,1,256,2031338
n1_i1,1,1,1,n1_i1::kernel::rms:/model/layers.3/post_attention_layernorm/Mul::rms_gpu_bfyx_opt_10690270683970839748_0_0__sa,n1_i1::primitive::rms:/model/layers.3/post_attention_layernorm/Mul,kernel,rms_gpu_bfyx_opt_10690270683970839748_0_0__sa,layers.*/post_attention_layernorm,/model/layers.3/post_attention_layernorm/Mul,RMS,rms:/model/layers.3/post_attention_layernorm/Mul,rms,rms_gpu_bfyx_opt,rms_gpu_bfyx_opt_10690270683970839748_0_0__sa,performance,gtpin_total_execution_cycles,2145104,cycles,1,256,2145104
n1_i1,1,1,1,n1_i1::kernel::rms:/model/layers.4/input_layernorm/Mul::rms_gpu_bfyx_opt_10690270683970839748_0_0__sa,n1_i1::primitive::rms:/model/layers.4/input_layernorm/Mul,kernel,rms_gpu_bfyx_opt_10690270683970839748_0_0__sa,layers.*/input_layernorm,/model/layers.4/input_layernorm/Mul,RMS,rms:/model/layers.4/input_layernorm/Mul,rms,rms_gpu_bfyx_opt,rms_gpu_bfyx_opt_10690270683970839748_0_0__sa,performance,gtpin_total_execution_cycles,1767394,cycles,1,256,1767394
n1_i1,1,1,1,n1_i1::kernel::rms:/model/layers.4/post_attention_layernorm/Mul::rms_gpu_bfyx_opt_10690270683970839748_0_0__sa,n1_i1::primitive::rms:/model/layers.4/post_attention_layernorm/Mul,kernel,rms_gpu_bfyx_opt_10690270683970839748_0_0__sa,layers.*/post_attention_layernorm,/model/layers.4/post_attention_layernorm/Mul,RMS,rms:/model/layers.4/post_attention_layernorm/Mul,rms,rms_gpu_bfyx_opt,rms_gpu_bfyx_opt_10690270683970839748_0_0__sa,performance,gtpin_total_execution_cycles,1925894,cycles,1,256,1925894
n1_i1,1,1,1,n1_i1::kernel::rms:/model/layers.5/input_layernorm/Mul::rms_gpu_bfyx_opt_10690270683970839748_0_0__sa,n1_i1::primitive::rms:/model/layers.5/input_layernorm/Mul,kernel,rms_gpu_bfyx_opt_10690270683970839748_0_0__sa,layers.*/input_layernorm,/model/layers.5/input_layernorm/Mul,RMS,rms:/model/layers.5/input_layernorm/Mul,rms,rms_gpu_bfyx_opt,rms_gpu_bfyx_opt_10690270683970839748_0_0__sa,performance,gtpin_total_execution_cycles,1700282,cycles,1,256,1700282
n1_i1,1,1,1,n1_i1::kernel::rms:/model/layers.5/post_attention_layernorm/Mul::rms_gpu_bfyx_opt_10690270683970839748_0_0__sa,n1_i1::primitive::rms:/model/layers.5/post_attention_layernorm/Mul,kernel,rms_gpu_bfyx_opt_10690270683970839748_0_0__sa,layers.*/post_attention_layernorm,/model/layers.5/post_attention_layernorm/Mul,RMS,rms:/model/layers.5/post_attention_layernorm/Mul,rms,rms_gpu_bfyx_opt,rms_gpu_bfyx_opt_10690270683970839748_0_0__sa,performance,gtpin_total_execution_cycles,2109078,cycles,1,256,2109078
n1_i1,1,1,1,n1_i1::kernel::rms:/model/layers.6/input_layernorm/Mul::rms_gpu_bfyx_opt_10690270683970839748_0_0__sa,n1_i1::primitive::rms:/model/layers.6/input_layernorm/Mul,kernel,rms_gpu_bfyx_opt_10690270683970839748_0_0__sa,layers.*/input_layernorm,/model/layers.6/input_layernorm/Mul,RMS,rms:/model/layers.6/input_layernorm/Mul,rms,rms_gpu_bfyx_opt,rms_gpu_bfyx_opt_10690270683970839748_0_0__sa,performance,gtpin_total_execution_cycles,1980680,cycles,1,256,1980680
n1_i1,1,1,1,n1_i1::kernel::rms:/model/layers.6/post_attention_layernorm/Mul::rms_gpu_bfyx_opt_10690270683970839748_0_0__sa,n1_i1::primitive::rms:/model/layers.6/post_attention_layernorm/Mul,kernel,rms_gpu_bfyx_opt_10690270683970839748_0_0__sa,layers.*/post_attention_layernorm,/model/layers.6/post_attention_layernorm/Mul,RMS,rms:/model/layers.6/post_attention_layernorm/Mul,rms,rms_gpu_bfyx_opt,rms_gpu_bfyx_opt_10690270683970839748_0_0__sa,performance,gtpin_total_execution_cycles,1793078,cycles,1,256,1793078
n1_i1,1,1,1,n1_i1::kernel::rms:/model/layers.7/input_layernorm/Mul::rms_gpu_bfyx_opt_10690270683970839748_0_0__sa,n1_i1::primitive::rms:/model/layers.7/input_layernorm/Mul,kernel,rms_gpu_bfyx_opt_10690270683970839748_0_0__sa,layers.*/input_layernorm,/model/layers.7/input_layernorm/Mul,RMS,rms:/model/layers.7/input_layernorm/Mul,rms,rms_gpu_bfyx_opt,rms_gpu_bfyx_opt_10690270683970839748_0_0__sa,performance,gtpin_total_execution_cycles,2082914,cycles,1,256,2082914
n1_i1,1,1,1,n1_i1::kernel::rms:/model/layers.7/post_attention_layernorm/Mul::rms_gpu_bfyx_opt_10690270683970839748_0_0__sa,n1_i1::primitive::rms:/model/layers.7/post_attention_layernorm/Mul,kernel,rms_gpu_bfyx_opt_10690270683970839748_0_0__sa,layers.*/post_attention_layernorm,/model/layers.7/post_attention_layernorm/Mul,RMS,rms:/model/layers.7/post_attention_layernorm/Mul,rms,rms_gpu_bfyx_opt,rms_gpu_bfyx_opt_10690270683970839748_0_0__sa,performance,gtpin_total_execution_cycles,1864378,cycles,1,256,1864378
n1_i1,1,1,1,n1_i1::kernel::rms:/model/layers.8/input_layernorm/Mul::rms_gpu_bfyx_opt_10690270683970839748_0_0__sa,n1_i1::primitive::rms:/model/layers.8/input_layernorm/Mul,kernel,rms_gpu_bfyx_opt_10690270683970839748_0_0__sa,layers.*/input_layernorm,/model/layers.8/input_layernorm/Mul,RMS,rms:/model/layers.8/input_layernorm/Mul,rms,rms_gpu_bfyx_opt,rms_gpu_bfyx_opt_10690270683970839748_0_0__sa,performance,gtpin_total_execution_cycles,1730752,cycles,1,256,1730752
n1_i1,1,1,1,n1_i1::kernel::rms:/model/layers.8/post_attention_layernorm/Mul::rms_gpu_bfyx_opt_10690270683970839748_0_0__sa,n1_i1::primitive::rms:/model/layers.8/post_attention_layernorm/Mul,kernel,rms_gpu_bfyx_opt_10690270683970839748_0_0__sa,layers.*/post_attention_layernorm,/model/layers.8/post_attention_layernorm/Mul,RMS,rms:/model/layers.8/post_attention_layernorm/Mul,rms,rms_gpu_bfyx_opt,rms_gpu_bfyx_opt_10690270683970839748_0_0__sa,performance,gtpin_total_execution_cycles,2031850,cycles,1,256,2031850
n1_i1,1,1,1,n1_i1::kernel::rms:/model/layers.9/input_layernorm/Mul::rms_gpu_bfyx_opt_10690270683970839748_0_0__sa,n1_i1::primitive::rms:/model/layers.9/input_layernorm/Mul,kernel,rms_gpu_bfyx_opt_10690270683970839748_0_0__sa,layers.*/input_layernorm,/model/layers.9/input_layernorm/Mul,RMS,rms:/model/layers.9/input_layernorm/Mul,rms,rms_gpu_bfyx_opt,rms_gpu_bfyx_opt_10690270683970839748_0_0__sa,performance,gtpin_total_execution_cycles,1404110,cycles,1,256,1404110
n1_i1,1,1,1,n1_i1::kernel::rms:/model/layers.9/post_attention_layernorm/Mul::rms_gpu_bfyx_opt_10690270683970839748_0_0__sa,n1_i1::primitive::rms:/model/layers.9/post_attention_layernorm/Mul,kernel,rms_gpu_bfyx_opt_10690270683970839748_0_0__sa,layers.*/post_attention_layernorm,/model/layers.9/post_attention_layernorm/Mul,RMS,rms:/model/layers.9/post_attention_layernorm/Mul,rms,rms_gpu_bfyx_opt,rms_gpu_bfyx_opt_10690270683970839748_0_0__sa,performance,gtpin_total_execution_cycles,2081726,cycles,1,256,2081726
n1_i1,1,1,1,n1_i1::kernel::rms:/model/norm/Mul::rms_gpu_bfyx_opt_10690270683970839748_0_0__sa,n1_i1::primitive::rms:/model/norm/Mul,kernel,rms_gpu_bfyx_opt_10690270683970839748_0_0__sa,(root),/model/norm/Mul,RMS,rms:/model/norm/Mul,rms,rms_gpu_bfyx_opt,rms_gpu_bfyx_opt_10690270683970839748_0_0__sa,performance,gtpin_total_execution_cycles,1867452,cycles,1,256,1867452
n1_i1,1,1,1,n1_i1::kernel::rope:/model/layers.0/self_attn/Add::rope_opt__13889706310558783765__sa,n1_i1::primitive::rope:/model/layers.0/self_attn/Add,kernel,rope_opt__13889706310558783765__sa,layers.*/self_attn,/model/layers.0/self_attn/Add,RoPE,rope:/model/layers.0/self_attn/Add,rope,ocl::rope::opt_,rope_opt__13889706310558783765__sa,performance,gtpin_total_execution_cycles,1246048,cycles,1,64,1246048
n1_i1,1,1,1,n1_i1::kernel::rope:/model/layers.0/self_attn/Add_1::rope_opt__6960924190377492479__sa,n1_i1::primitive::rope:/model/layers.0/self_attn/Add_1,kernel,rope_opt__6960924190377492479__sa,layers.*/self_attn,/model/layers.0/self_attn/Add_1,RoPE,rope:/model/layers.0/self_attn/Add_1,rope,ocl::rope::opt_,rope_opt__6960924190377492479__sa,performance,gtpin_total_execution_cycles,90794,cycles,1,8,90794
n1_i1,1,1,1,n1_i1::kernel::rope:/model/layers.1/self_attn/Add::rope_opt__13889706310558783765__sa,n1_i1::primitive::rope:/model/layers.1/self_attn/Add,kernel,rope_opt__13889706310558783765__sa,layers.*/self_attn,/model/layers.1/self_attn/Add,RoPE,rope:/model/layers.1/self_attn/Add,rope,ocl::rope::opt_,rope_opt__13889706310558783765__sa,performance,gtpin_total_execution_cycles,909398,cycles,1,64,909398
n1_i1,1,1,1,n1_i1::kernel::rope:/model/layers.1/self_attn/Add_1::rope_opt__6960924190377492479__sa,n1_i1::primitive::rope:/model/layers.1/self_attn/Add_1,kernel,rope_opt__6960924190377492479__sa,layers.*/self_attn,/model/layers.1/self_attn/Add_1,RoPE,rope:/model/layers.1/self_attn/Add_1,rope,ocl::rope::opt_,rope_opt__6960924190377492479__sa,performance,gtpin_total_execution_cycles,68676,cycles,1,8,68676
n1_i1,1,1,1,n1_i1::kernel::rope:/model/layers.10/self_attn/Add::rope_opt__13889706310558783765__sa,n1_i1::primitive::rope:/model/layers.10/self_attn/Add,kernel,rope_opt__13889706310558783765__sa,layers.*/self_attn,/model/layers.10/self_attn/Add,RoPE,rope:/model/layers.10/self_attn/Add,rope,ocl::rope::opt_,rope_opt__13889706310558783765__sa,performance,gtpin_total_execution_cycles,873606,cycles,1,64,873606
n1_i1,1,1,1,n1_i1::kernel::rope:/model/layers.10/self_attn/Add_1::rope_opt__6960924190377492479__sa,n1_i1::primitive::rope:/model/layers.10/self_attn/Add_1,kernel,rope_opt__6960924190377492479__sa,layers.*/self_attn,/model/layers.10/self_attn/Add_1,RoPE,rope:/model/layers.10/self_attn/Add_1,rope,ocl::rope::opt_,rope_opt__6960924190377492479__sa,performance,gtpin_total_execution_cycles,65090,cycles,1,8,65090
n1_i1,1,1,1,n1_i1::kernel::rope:/model/layers.11/self_attn/Add::rope_opt__13889706310558783765__sa,n1_i1::primitive::rope:/model/layers.11/self_attn/Add,kernel,rope_opt__13889706310558783765__sa,layers.*/self_attn,/model/layers.11/self_attn/Add,RoPE,rope:/model/layers.11/self_attn/Add,rope,ocl::rope::opt_,rope_opt__13889706310558783765__sa,performance,gtpin_total_execution_cycles,936194,cycles,1,64,936194
n1_i1,1,1,1,n1_i1::kernel::rope:/model/layers.11/self_attn/Add_1::rope_opt__6960924190377492479__sa,n1_i1::primitive::rope:/model/layers.11/self_attn/Add_1,kernel,rope_opt__6960924190377492479__sa,layers.*/self_attn,/model/layers.11/self_attn/Add_1,RoPE,rope:/model/layers.11/self_attn/Add_1,rope,ocl::rope::opt_,rope_opt__6960924190377492479__sa,performance,gtpin_total_execution_cycles,65216,cycles,1,8,65216
n1_i1,1,1,1,n1_i1::kernel::rope:/model/layers.12/self_attn/Add::rope_opt__13889706310558783765__sa,n1_i1::primitive::rope:/model/layers.12/self_attn/Add,kernel,rope_opt__13889706310558783765__sa,layers.*/self_attn,/model/layers.12/self_attn/Add,RoPE,rope:/model/layers.12/self_attn/Add,rope,ocl::rope::opt_,rope_opt__13889706310558783765__sa,performance,gtpin_total_execution_cycles,857344,cycles,1,64,857344
n1_i1,1,1,1,n1_i1::kernel::rope:/model/layers.12/self_attn/Add_1::rope_opt__6960924190377492479__sa,n1_i1::primitive::rope:/model/layers.12/self_attn/Add_1,kernel,rope_opt__6960924190377492479__sa,layers.*/self_attn,/model/layers.12/self_attn/Add_1,RoPE,rope:/model/layers.12/self_attn/Add_1,rope,ocl::rope::opt_,rope_opt__6960924190377492479__sa,performance,gtpin_total_execution_cycles,88378,cycles,1,8,88378
n1_i1,1,1,1,n1_i1::kernel::rope:/model/layers.13/self_attn/Add::rope_opt__13889706310558783765__sa,n1_i1::primitive::rope:/model/layers.13/self_attn/Add,kernel,rope_opt__13889706310558783765__sa,layers.*/self_attn,/model/layers.13/self_attn/Add,RoPE,rope:/model/layers.13/self_attn/Add,rope,ocl::rope::opt_,rope_opt__13889706310558783765__sa,performance,gtpin_total_execution_cycles,906332,cycles,1,64,906332
n1_i1,1,1,1,n1_i1::kernel::rope:/model/layers.13/self_attn/Add_1::rope_opt__6960924190377492479__sa,n1_i1::primitive::rope:/model/layers.13/self_attn/Add_1,kernel,rope_opt__6960924190377492479__sa,layers.*/self_attn,/model/layers.13/self_attn/Add_1,RoPE,rope:/model/layers.13/self_attn/Add_1,rope,ocl::rope::opt_,rope_opt__6960924190377492479__sa,performance,gtpin_total_execution_cycles,73474,cycles,1,8,73474
n1_i1,1,1,1,n1_i1::kernel::rope:/model/layers.14/self_attn/Add::rope_opt__13889706310558783765__sa,n1_i1::primitive::rope:/model/layers.14/self_attn/Add,kernel,rope_opt__13889706310558783765__sa,layers.*/self_attn,/model/layers.14/self_attn/Add,RoPE,rope:/model/layers.14/self_attn/Add,rope,ocl::rope::opt_,rope_opt__13889706310558783765__sa,performance,gtpin_total_execution_cycles,881824,cycles,1,64,881824
n1_i1,1,1,1,n1_i1::kernel::rope:/model/layers.14/self_attn/Add_1::rope_opt__6960924190377492479__sa,n1_i1::primitive::rope:/model/layers.14/self_attn/Add_1,kernel,rope_opt__6960924190377492479__sa,layers.*/self_attn,/model/layers.14/self_attn/Add_1,RoPE,rope:/model/layers.14/self_attn/Add_1,rope,ocl::rope::opt_,rope_opt__6960924190377492479__sa,performance,gtpin_total_execution_cycles,61058,cycles,1,8,61058
n1_i1,1,1,1,n1_i1::kernel::rope:/model/layers.15/self_attn/Add::rope_opt__13889706310558783765__sa,n1_i1::primitive::rope:/model/layers.15/self_attn/Add,kernel,rope_opt__13889706310558783765__sa,layers.*/self_attn,/model/layers.15/self_attn/Add,RoPE,rope:/model/layers.15/self_attn/Add,rope,ocl::rope::opt_,rope_opt__13889706310558783765__sa,performance,gtpin_total_execution_cycles,943830,cycles,1,64,943830
n1_i1,1,1,1,n1_i1::kernel::rope:/model/layers.15/self_attn/Add_1::rope_opt__6960924190377492479__sa,n1_i1::primitive::rope:/model/layers.15/self_attn/Add_1,kernel,rope_opt__6960924190377492479__sa,layers.*/self_attn,/model/layers.15/self_attn/Add_1,RoPE,rope:/model/layers.15/self_attn/Add_1,rope,ocl::rope::opt_,rope_opt__6960924190377492479__sa,performance,gtpin_total_execution_cycles,68084,cycles,1,8,68084
n1_i1,1,1,1,n1_i1::kernel::rope:/model/layers.16/self_attn/Add::rope_opt__13889706310558783765__sa,n1_i1::primitive::rope:/model/layers.16/self_attn/Add,kernel,rope_opt__13889706310558783765__sa,layers.*/self_attn,/model/layers.16/self_attn/Add,RoPE,rope:/model/layers.16/self_attn/Add,rope,ocl::rope::opt_,rope_opt__13889706310558783765__sa,performance,gtpin_total_execution_cycles,853934,cycles,1,64,853934
n1_i1,1,1,1,n1_i1::kernel::rope:/model/layers.16/self_attn/Add_1::rope_opt__6960924190377492479__sa,n1_i1::primitive::rope:/model/layers.16/self_attn/Add_1,kernel,rope_opt__6960924190377492479__sa,layers.*/self_attn,/model/layers.16/self_attn/Add_1,RoPE,rope:/model/layers.16/self_attn/Add_1,rope,ocl::rope::opt_,rope_opt__6960924190377492479__sa,performance,gtpin_total_execution_cycles,59682,cycles,1,8,59682
n1_i1,1,1,1,n1_i1::kernel::rope:/model/layers.17/self_attn/Add::rope_opt__13889706310558783765__sa,n1_i1::primitive::rope:/model/layers.17/self_attn/Add,kernel,rope_opt__13889706310558783765__sa,layers.*/self_attn,/model/layers.17/self_attn/Add,RoPE,rope:/model/layers.17/self_attn/Add,rope,ocl::rope::opt_,rope_opt__13889706310558783765__sa,performance,gtpin_total_execution_cycles,875242,cycles,1,64,875242
n1_i1,1,1,1,n1_i1::kernel::rope:/model/layers.17/self_attn/Add_1::rope_opt__6960924190377492479__sa,n1_i1::primitive::rope:/model/layers.17/self_attn/Add_1,kernel,rope_opt__6960924190377492479__sa,layers.*/self_attn,/model/layers.17/self_attn/Add_1,RoPE,rope:/model/layers.17/self_attn/Add_1,rope,ocl::rope::opt_,rope_opt__6960924190377492479__sa,performance,gtpin_total_execution_cycles,68746,cycles,1,8,68746
n1_i1,1,1,1,n1_i1::kernel::rope:/model/layers.18/self_attn/Add::rope_opt__13889706310558783765__sa,n1_i1::primitive::rope:/model/layers.18/self_attn/Add,kernel,rope_opt__13889706310558783765__sa,layers.*/self_attn,/model/layers.18/self_attn/Add,RoPE,rope:/model/layers.18/self_attn/Add,rope,ocl::rope::opt_,rope_opt__13889706310558783765__sa,performance,gtpin_total_execution_cycles,909752,cycles,1,64,909752
n1_i1,1,1,1,n1_i1::kernel::rope:/model/layers.18/self_attn/Add_1::rope_opt__6960924190377492479__sa,n1_i1::primitive::rope:/model/layers.18/self_attn/Add_1,kernel,rope_opt__6960924190377492479__sa,layers.*/self_attn,/model/layers.18/self_attn/Add_1,RoPE,rope:/model/layers.18/self_attn/Add_1,rope,ocl::rope::opt_,rope_opt__6960924190377492479__sa,performance,gtpin_total_execution_cycles,59472,cycles,1,8,59472
n1_i1,1,1,1,n1_i1::kernel::rope:/model/layers.19/self_attn/Add::rope_opt__13889706310558783765__sa,n1_i1::primitive::rope:/model/layers.19/self_attn/Add,kernel,rope_opt__13889706310558783765__sa,layers.*/self_attn,/model/layers.19/self_attn/Add,RoPE,rope:/model/layers.19/self_attn/Add,rope,ocl::rope::opt_,rope_opt__13889706310558783765__sa,performance,gtpin_total_execution_cycles,897192,cycles,1,64,897192
n1_i1,1,1,1,n1_i1::kernel::rope:/model/layers.19/self_attn/Add_1::rope_opt__6960924190377492479__sa,n1_i1::primitive::rope:/model/layers.19/self_attn/Add_1,kernel,rope_opt__6960924190377492479__sa,layers.*/self_attn,/model/layers.19/self_attn/Add_1,RoPE,rope:/model/layers.19/self_attn/Add_1,rope,ocl::rope::opt_,rope_opt__6960924190377492479__sa,performance,gtpin_total_execution_cycles,66562,cycles,1,8,66562
n1_i1,1,1,1,n1_i1::kernel::rope:/model/layers.2/self_attn/Add::rope_opt__13889706310558783765__sa,n1_i1::primitive::rope:/model/layers.2/self_attn/Add,kernel,rope_opt__13889706310558783765__sa,layers.*/self_attn,/model/layers.2/self_attn/Add,RoPE,rope:/model/layers.2/self_attn/Add,rope,ocl::rope::opt_,rope_opt__13889706310558783765__sa,performance,gtpin_total_execution_cycles,876870,cycles,1,64,876870
n1_i1,1,1,1,n1_i1::kernel::rope:/model/layers.2/self_attn/Add_1::rope_opt__6960924190377492479__sa,n1_i1::primitive::rope:/model/layers.2/self_attn/Add_1,kernel,rope_opt__6960924190377492479__sa,layers.*/self_attn,/model/layers.2/self_attn/Add_1,RoPE,rope:/model/layers.2/self_attn/Add_1,rope,ocl::rope::opt_,rope_opt__6960924190377492479__sa,performance,gtpin_total_execution_cycles,67842,cycles,1,8,67842
n1_i1,1,1,1,n1_i1::kernel::rope:/model/layers.20/self_attn/Add::rope_opt__13889706310558783765__sa,n1_i1::primitive::rope:/model/layers.20/self_attn/Add,kernel,rope_opt__13889706310558783765__sa,layers.*/self_attn,/model/layers.20/self_attn/Add,RoPE,rope:/model/layers.20/self_attn/Add,rope,ocl::rope::opt_,rope_opt__13889706310558783765__sa,performance,gtpin_total_execution_cycles,1008798,cycles,1,64,1008798
n1_i1,1,1,1,n1_i1::kernel::rope:/model/layers.20/self_attn/Add_1::rope_opt__6960924190377492479__sa,n1_i1::primitive::rope:/model/layers.20/self_attn/Add_1,kernel,rope_opt__6960924190377492479__sa,layers.*/self_attn,/model/layers.20/self_attn/Add_1,RoPE,rope:/model/layers.20/self_attn/Add_1,rope,ocl::rope::opt_,rope_opt__6960924190377492479__sa,performance,gtpin_total_execution_cycles,63456,cycles,1,8,63456
n1_i1,1,1,1,n1_i1::kernel::rope:/model/layers.21/self_attn/Add::rope_opt__13889706310558783765__sa,n1_i1::primitive::rope:/model/layers.21/self_attn/Add,kernel,rope_opt__13889706310558783765__sa,layers.*/self_attn,/model/layers.21/self_attn/Add,RoPE,rope:/model/layers.21/self_attn/Add,rope,ocl::rope::opt_,rope_opt__13889706310558783765__sa,performance,gtpin_total_execution_cycles,963460,cycles,1,64,963460
n1_i1,1,1,1,n1_i1::kernel::rope:/model/layers.21/self_attn/Add_1::rope_opt__6960924190377492479__sa,n1_i1::primitive::rope:/model/layers.21/self_attn/Add_1,kernel,rope_opt__6960924190377492479__sa,layers.*/self_attn,/model/layers.21/self_attn/Add_1,RoPE,rope:/model/layers.21/self_attn/Add_1,rope,ocl::rope::opt_,rope_opt__6960924190377492479__sa,performance,gtpin_total_execution_cycles,71084,cycles,1,8,71084
n1_i1,1,1,1,n1_i1::kernel::rope:/model/layers.3/self_attn/Add::rope_opt__13889706310558783765__sa,n1_i1::primitive::rope:/model/layers.3/self_attn/Add,kernel,rope_opt__13889706310558783765__sa,layers.*/self_attn,/model/layers.3/self_attn/Add,RoPE,rope:/model/layers.3/self_attn/Add,rope,ocl::rope::opt_,rope_opt__13889706310558783765__sa,performance,gtpin_total_execution_cycles,1025296,cycles,1,64,1025296
n1_i1,1,1,1,n1_i1::kernel::rope:/model/layers.3/self_attn/Add_1::rope_opt__6960924190377492479__sa,n1_i1::primitive::rope:/model/layers.3/self_attn/Add_1,kernel,rope_opt__6960924190377492479__sa,layers.*/self_attn,/model/layers.3/self_attn/Add_1,RoPE,rope:/model/layers.3/self_attn/Add_1,rope,ocl::rope::opt_,rope_opt__6960924190377492479__sa,performance,gtpin_total_execution_cycles,64426,cycles,1,8,64426
n1_i1,1,1,1,n1_i1::kernel::rope:/model/layers.4/self_attn/Add::rope_opt__13889706310558783765__sa,n1_i1::primitive::rope:/model/layers.4/self_attn/Add,kernel,rope_opt__13889706310558783765__sa,layers.*/self_attn,/model/layers.4/self_attn/Add,RoPE,rope:/model/layers.4/self_attn/Add,rope,ocl::rope::opt_,rope_opt__13889706310558783765__sa,performance,gtpin_total_execution_cycles,859108,cycles,1,64,859108
n1_i1,1,1,1,n1_i1::kernel::rope:/model/layers.4/self_attn/Add_1::rope_opt__6960924190377492479__sa,n1_i1::primitive::rope:/model/layers.4/self_attn/Add_1,kernel,rope_opt__6960924190377492479__sa,layers.*/self_attn,/model/layers.4/self_attn/Add_1,RoPE,rope:/model/layers.4/self_attn/Add_1,rope,ocl::rope::opt_,rope_opt__6960924190377492479__sa,performance,gtpin_total_execution_cycles,63760,cycles,1,8,63760
n1_i1,1,1,1,n1_i1::kernel::rope:/model/layers.5/self_attn/Add::rope_opt__13889706310558783765__sa,n1_i1::primitive::rope:/model/layers.5/self_attn/Add,kernel,rope_opt__13889706310558783765__sa,layers.*/self_attn,/model/layers.5/self_attn/Add,RoPE,rope:/model/layers.5/self_attn/Add,rope,ocl::rope::opt_,rope_opt__13889706310558783765__sa,performance,gtpin_total_execution_cycles,914126,cycles,1,64,914126
n1_i1,1,1,1,n1_i1::kernel::rope:/model/layers.5/self_attn/Add_1::rope_opt__6960924190377492479__sa,n1_i1::primitive::rope:/model/layers.5/self_attn/Add_1,kernel,rope_opt__6960924190377492479__sa,layers.*/self_attn,/model/layers.5/self_attn/Add_1,RoPE,rope:/model/layers.5/self_attn/Add_1,rope,ocl::rope::opt_,rope_opt__6960924190377492479__sa,performance,gtpin_total_execution_cycles,66528,cycles,1,8,66528
n1_i1,1,1,1,n1_i1::kernel::rope:/model/layers.6/self_attn/Add::rope_opt__13889706310558783765__sa,n1_i1::primitive::rope:/model/layers.6/self_attn/Add,kernel,rope_opt__13889706310558783765__sa,layers.*/self_attn,/model/layers.6/self_attn/Add,RoPE,rope:/model/layers.6/self_attn/Add,rope,ocl::rope::opt_,rope_opt__13889706310558783765__sa,performance,gtpin_total_execution_cycles,894086,cycles,1,64,894086
n1_i1,1,1,1,n1_i1::kernel::rope:/model/layers.6/self_attn/Add_1::rope_opt__6960924190377492479__sa,n1_i1::primitive::rope:/model/layers.6/self_attn/Add_1,kernel,rope_opt__6960924190377492479__sa,layers.*/self_attn,/model/layers.6/self_attn/Add_1,RoPE,rope:/model/layers.6/self_attn/Add_1,rope,ocl::rope::opt_,rope_opt__6960924190377492479__sa,performance,gtpin_total_execution_cycles,75324,cycles,1,8,75324
n1_i1,1,1,1,n1_i1::kernel::rope:/model/layers.7/self_attn/Add::rope_opt__13889706310558783765__sa,n1_i1::primitive::rope:/model/layers.7/self_attn/Add,kernel,rope_opt__13889706310558783765__sa,layers.*/self_attn,/model/layers.7/self_attn/Add,RoPE,rope:/model/layers.7/self_attn/Add,rope,ocl::rope::opt_,rope_opt__13889706310558783765__sa,performance,gtpin_total_execution_cycles,951914,cycles,1,64,951914
n1_i1,1,1,1,n1_i1::kernel::rope:/model/layers.7/self_attn/Add_1::rope_opt__6960924190377492479__sa,n1_i1::primitive::rope:/model/layers.7/self_attn/Add_1,kernel,rope_opt__6960924190377492479__sa,layers.*/self_attn,/model/layers.7/self_attn/Add_1,RoPE,rope:/model/layers.7/self_attn/Add_1,rope,ocl::rope::opt_,rope_opt__6960924190377492479__sa,performance,gtpin_total_execution_cycles,66384,cycles,1,8,66384
n1_i1,1,1,1,n1_i1::kernel::rope:/model/layers.8/self_attn/Add::rope_opt__13889706310558783765__sa,n1_i1::primitive::rope:/model/layers.8/self_attn/Add,kernel,rope_opt__13889706310558783765__sa,layers.*/self_attn,/model/layers.8/self_attn/Add,RoPE,rope:/model/layers.8/self_attn/Add,rope,ocl::rope::opt_,rope_opt__13889706310558783765__sa,performance,gtpin_total_execution_cycles,893094,cycles,1,64,893094
n1_i1,1,1,1,n1_i1::kernel::rope:/model/layers.8/self_attn/Add_1::rope_opt__6960924190377492479__sa,n1_i1::primitive::rope:/model/layers.8/self_attn/Add_1,kernel,rope_opt__6960924190377492479__sa,layers.*/self_attn,/model/layers.8/self_attn/Add_1,RoPE,rope:/model/layers.8/self_attn/Add_1,rope,ocl::rope::opt_,rope_opt__6960924190377492479__sa,performance,gtpin_total_execution_cycles,65682,cycles,1,8,65682
n1_i1,1,1,1,n1_i1::kernel::rope:/model/layers.9/self_attn/Add::rope_opt__13889706310558783765__sa,n1_i1::primitive::rope:/model/layers.9/self_attn/Add,kernel,rope_opt__13889706310558783765__sa,layers.*/self_attn,/model/layers.9/self_attn/Add,RoPE,rope:/model/layers.9/self_attn/Add,rope,ocl::rope::opt_,rope_opt__13889706310558783765__sa,performance,gtpin_total_execution_cycles,868484,cycles,1,64,868484
n1_i1,1,1,1,n1_i1::kernel::rope:/model/layers.9/self_attn/Add_1::rope_opt__6960924190377492479__sa,n1_i1::primitive::rope:/model/layers.9/self_attn/Add_1,kernel,rope_opt__6960924190377492479__sa,layers.*/self_attn,/model/layers.9/self_attn/Add_1,RoPE,rope:/model/layers.9/self_attn/Add_1,rope,ocl::rope::opt_,rope_opt__6960924190377492479__sa,performance,gtpin_total_execution_cycles,70330,cycles,1,8,70330
n1_i1,1,1,1,n1_i1::kernel::select:/model/layers.0/self_attn/Where_2::select_gpu_ref_7464502897564813179_0_0__sa,n1_i1::primitive::select:/model/layers.0/self_attn/Where_2,kernel,select_gpu_ref_7464502897564813179_0_0__sa,layers.*/self_attn,/model/layers.0/self_attn/Where_2,Select,select:/model/layers.0/self_attn/Where_2,select,select_gpu_ref,select_gpu_ref_7464502897564813179_0_0__sa,performance,gtpin_total_execution_cycles,31624,cycles,1,8,31624
n1_i1,1,1,1,n1_i1::kernel::select:/model/layers.0/self_attn/Where_3::select_gpu_ref_5609897181611433017_0_0__sa,n1_i1::primitive::select:/model/layers.0/self_attn/Where_3,kernel,select_gpu_ref_5609897181611433017_0_0__sa,layers.*/self_attn,/model/layers.0/self_attn/Where_3,Select,select:/model/layers.0/self_attn/Where_3,select,select_gpu_ref,select_gpu_ref_5609897181611433017_0_0__sa,performance,gtpin_total_execution_cycles,1432806,cycles,1,256,1432806
n1_i1,1,1,1,n1_i1::kernel::select:/model/layers.1/self_attn/Where_2::select_gpu_ref_7464502897564813179_0_0__sa,n1_i1::primitive::select:/model/layers.1/self_attn/Where_2,kernel,select_gpu_ref_7464502897564813179_0_0__sa,layers.*/self_attn,/model/layers.1/self_attn/Where_2,Select,select:/model/layers.1/self_attn/Where_2,select,select_gpu_ref,select_gpu_ref_7464502897564813179_0_0__sa,performance,gtpin_total_execution_cycles,40120,cycles,1,8,40120
n1_i1,1,1,1,n1_i1::kernel::select:/model/layers.1/self_attn/Where_3::select_gpu_ref_5609897181611433017_0_0__sa,n1_i1::primitive::select:/model/layers.1/self_attn/Where_3,kernel,select_gpu_ref_5609897181611433017_0_0__sa,layers.*/self_attn,/model/layers.1/self_attn/Where_3,Select,select:/model/layers.1/self_attn/Where_3,select,select_gpu_ref,select_gpu_ref_5609897181611433017_0_0__sa,performance,gtpin_total_execution_cycles,1541340,cycles,1,256,1541340
n1_i1,1,1,1,n1_i1::kernel::select:/model/layers.10/self_attn/Where_2::select_gpu_ref_7464502897564813179_0_0__sa,n1_i1::primitive::select:/model/layers.10/self_attn/Where_2,kernel,select_gpu_ref_7464502897564813179_0_0__sa,layers.*/self_attn,/model/layers.10/self_attn/Where_2,Select,select:/model/layers.10/self_attn/Where_2,select,select_gpu_ref,select_gpu_ref_7464502897564813179_0_0__sa,performance,gtpin_total_execution_cycles,39904,cycles,1,8,39904
n1_i1,1,1,1,n1_i1::kernel::select:/model/layers.10/self_attn/Where_3::select_gpu_ref_5609897181611433017_0_0__sa,n1_i1::primitive::select:/model/layers.10/self_attn/Where_3,kernel,select_gpu_ref_5609897181611433017_0_0__sa,layers.*/self_attn,/model/layers.10/self_attn/Where_3,Select,select:/model/layers.10/self_attn/Where_3,select,select_gpu_ref,select_gpu_ref_5609897181611433017_0_0__sa,performance,gtpin_total_execution_cycles,1444310,cycles,1,256,1444310
n1_i1,1,1,1,n1_i1::kernel::select:/model/layers.11/self_attn/Where_2::select_gpu_ref_7464502897564813179_0_0__sa,n1_i1::primitive::select:/model/layers.11/self_attn/Where_2,kernel,select_gpu_ref_7464502897564813179_0_0__sa,layers.*/self_attn,/model/layers.11/self_attn/Where_2,Select,select:/model/layers.11/self_attn/Where_2,select,select_gpu_ref,select_gpu_ref_7464502897564813179_0_0__sa,performance,gtpin_total_execution_cycles,52890,cycles,1,8,52890
n1_i1,1,1,1,n1_i1::kernel::select:/model/layers.11/self_attn/Where_3::select_gpu_ref_5609897181611433017_0_0__sa,n1_i1::primitive::select:/model/layers.11/self_attn/Where_3,kernel,select_gpu_ref_5609897181611433017_0_0__sa,layers.*/self_attn,/model/layers.11/self_attn/Where_3,Select,select:/model/layers.11/self_attn/Where_3,select,select_gpu_ref,select_gpu_ref_5609897181611433017_0_0__sa,performance,gtpin_total_execution_cycles,1517040,cycles,1,256,1517040
n1_i1,1,1,1,n1_i1::kernel::select:/model/layers.12/self_attn/Where_2::select_gpu_ref_7464502897564813179_0_0__sa,n1_i1::primitive::select:/model/layers.12/self_attn/Where_2,kernel,select_gpu_ref_7464502897564813179_0_0__sa,layers.*/self_attn,/model/layers.12/self_attn/Where_2,Select,select:/model/layers.12/self_attn/Where_2,select,select_gpu_ref,select_gpu_ref_7464502897564813179_0_0__sa,performance,gtpin_total_execution_cycles,40104,cycles,1,8,40104
n1_i1,1,1,1,n1_i1::kernel::select:/model/layers.12/self_attn/Where_3::select_gpu_ref_5609897181611433017_0_0__sa,n1_i1::primitive::select:/model/layers.12/self_attn/Where_3,kernel,select_gpu_ref_5609897181611433017_0_0__sa,layers.*/self_attn,/model/layers.12/self_attn/Where_3,Select,select:/model/layers.12/self_attn/Where_3,select,select_gpu_ref,select_gpu_ref_5609897181611433017_0_0__sa,performance,gtpin_total_execution_cycles,1488736,cycles,1,256,1488736
n1_i1,1,1,1,n1_i1::kernel::select:/model/layers.13/self_attn/Where_2::select_gpu_ref_7464502897564813179_0_0__sa,n1_i1::primitive::select:/model/layers.13/self_attn/Where_2,kernel,select_gpu_ref_7464502897564813179_0_0__sa,layers.*/self_attn,/model/layers.13/self_attn/Where_2,Select,select:/model/layers.13/self_attn/Where_2,select,select_gpu_ref,select_gpu_ref_7464502897564813179_0_0__sa,performance,gtpin_total_execution_cycles,40616,cycles,1,8,40616
n1_i1,1,1,1,n1_i1::kernel::select:/model/layers.13/self_attn/Where_3::select_gpu_ref_5609897181611433017_0_0__sa,n1_i1::primitive::select:/model/layers.13/self_attn/Where_3,kernel,select_gpu_ref_5609897181611433017_0_0__sa,layers.*/self_attn,/model/layers.13/self_attn/Where_3,Select,select:/model/layers.13/self_attn/Where_3,select,select_gpu_ref,select_gpu_ref_5609897181611433017_0_0__sa,performance,gtpin_total_execution_cycles,1493480,cycles,1,256,1493480
n1_i1,1,1,1,n1_i1::kernel::select:/model/layers.14/self_attn/Where_2::select_gpu_ref_7464502897564813179_0_0__sa,n1_i1::primitive::select:/model/layers.14/self_attn/Where_2,kernel,select_gpu_ref_7464502897564813179_0_0__sa,layers.*/self_attn,/model/layers.14/self_attn/Where_2,Select,select:/model/layers.14/self_attn/Where_2,select,select_gpu_ref,select_gpu_ref_7464502897564813179_0_0__sa,performance,gtpin_total_execution_cycles,37160,cycles,1,8,37160
n1_i1,1,1,1,n1_i1::kernel::select:/model/layers.14/self_attn/Where_3::select_gpu_ref_5609897181611433017_0_0__sa,n1_i1::primitive::select:/model/layers.14/self_attn/Where_3,kernel,select_gpu_ref_5609897181611433017_0_0__sa,layers.*/self_attn,/model/layers.14/self_attn/Where_3,Select,select:/model/layers.14/self_attn/Where_3,select,select_gpu_ref,select_gpu_ref_5609897181611433017_0_0__sa,performance,gtpin_total_execution_cycles,1577266,cycles,1,256,1577266
n1_i1,1,1,1,n1_i1::kernel::select:/model/layers.15/self_attn/Where_2::select_gpu_ref_7464502897564813179_0_0__sa,n1_i1::primitive::select:/model/layers.15/self_attn/Where_2,kernel,select_gpu_ref_7464502897564813179_0_0__sa,layers.*/self_attn,/model/layers.15/self_attn/Where_2,Select,select:/model/layers.15/self_attn/Where_2,select,select_gpu_ref,select_gpu_ref_7464502897564813179_0_0__sa,performance,gtpin_total_execution_cycles,34930,cycles,1,8,34930
n1_i1,1,1,1,n1_i1::kernel::select:/model/layers.15/self_attn/Where_3::select_gpu_ref_5609897181611433017_0_0__sa,n1_i1::primitive::select:/model/layers.15/self_attn/Where_3,kernel,select_gpu_ref_5609897181611433017_0_0__sa,layers.*/self_attn,/model/layers.15/self_attn/Where_3,Select,select:/model/layers.15/self_attn/Where_3,select,select_gpu_ref,select_gpu_ref_5609897181611433017_0_0__sa,performance,gtpin_total_execution_cycles,1402914,cycles,1,256,1402914
n1_i1,1,1,1,n1_i1::kernel::select:/model/layers.16/self_attn/Where_2::select_gpu_ref_7464502897564813179_0_0__sa,n1_i1::primitive::select:/model/layers.16/self_attn/Where_2,kernel,select_gpu_ref_7464502897564813179_0_0__sa,layers.*/self_attn,/model/layers.16/self_attn/Where_2,Select,select:/model/layers.16/self_attn/Where_2,select,select_gpu_ref,select_gpu_ref_7464502897564813179_0_0__sa,performance,gtpin_total_execution_cycles,38416,cycles,1,8,38416
n1_i1,1,1,1,n1_i1::kernel::select:/model/layers.16/self_attn/Where_3::select_gpu_ref_5609897181611433017_0_0__sa,n1_i1::primitive::select:/model/layers.16/self_attn/Where_3,kernel,select_gpu_ref_5609897181611433017_0_0__sa,layers.*/self_attn,/model/layers.16/self_attn/Where_3,Select,select:/model/layers.16/self_attn/Where_3,select,select_gpu_ref,select_gpu_ref_5609897181611433017_0_0__sa,performance,gtpin_total_execution_cycles,1597414,cycles,1,256,1597414
n1_i1,1,1,1,n1_i1::kernel::select:/model/layers.17/self_attn/Where_2::select_gpu_ref_7464502897564813179_0_0__sa,n1_i1::primitive::select:/model/layers.17/self_attn/Where_2,kernel,select_gpu_ref_7464502897564813179_0_0__sa,layers.*/self_attn,/model/layers.17/self_attn/Where_2,Select,select:/model/layers.17/self_attn/Where_2,select,select_gpu_ref,select_gpu_ref_7464502897564813179_0_0__sa,performance,gtpin_total_execution_cycles,38412,cycles,1,8,38412
n1_i1,1,1,1,n1_i1::kernel::select:/model/layers.17/self_attn/Where_3::select_gpu_ref_5609897181611433017_0_0__sa,n1_i1::primitive::select:/model/layers.17/self_attn/Where_3,kernel,select_gpu_ref_5609897181611433017_0_0__sa,layers.*/self_attn,/model/layers.17/self_attn/Where_3,Select,select:/model/layers.17/self_attn/Where_3,select,select_gpu_ref,select_gpu_ref_5609897181611433017_0_0__sa,performance,gtpin_total_execution_cycles,1446726,cycles,1,256,1446726
n1_i1,1,1,1,n1_i1::kernel::select:/model/layers.18/self_attn/Where_2::select_gpu_ref_7464502897564813179_0_0__sa,n1_i1::primitive::select:/model/layers.18/self_attn/Where_2,kernel,select_gpu_ref_7464502897564813179_0_0__sa,layers.*/self_attn,/model/layers.18/self_attn/Where_2,Select,select:/model/layers.18/self_attn/Where_2,select,select_gpu_ref,select_gpu_ref_7464502897564813179_0_0__sa,performance,gtpin_total_execution_cycles,37944,cycles,1,8,37944
n1_i1,1,1,1,n1_i1::kernel::select:/model/layers.18/self_attn/Where_3::select_gpu_ref_5609897181611433017_0_0__sa,n1_i1::primitive::select:/model/layers.18/self_attn/Where_3,kernel,select_gpu_ref_5609897181611433017_0_0__sa,layers.*/self_attn,/model/layers.18/self_attn/Where_3,Select,select:/model/layers.18/self_attn/Where_3,select,select_gpu_ref,select_gpu_ref_5609897181611433017_0_0__sa,performance,gtpin_total_execution_cycles,1456014,cycles,1,256,1456014
n1_i1,1,1,1,n1_i1::kernel::select:/model/layers.19/self_attn/Where_2::select_gpu_ref_7464502897564813179_0_0__sa,n1_i1::primitive::select:/model/layers.19/self_attn/Where_2,kernel,select_gpu_ref_7464502897564813179_0_0__sa,layers.*/self_attn,/model/layers.19/self_attn/Where_2,Select,select:/model/layers.19/self_attn/Where_2,select,select_gpu_ref,select_gpu_ref_7464502897564813179_0_0__sa,performance,gtpin_total_execution_cycles,50374,cycles,1,8,50374
n1_i1,1,1,1,n1_i1::kernel::select:/model/layers.19/self_attn/Where_3::select_gpu_ref_5609897181611433017_0_0__sa,n1_i1::primitive::select:/model/layers.19/self_attn/Where_3,kernel,select_gpu_ref_5609897181611433017_0_0__sa,layers.*/self_attn,/model/layers.19/self_attn/Where_3,Select,select:/model/layers.19/self_attn/Where_3,select,select_gpu_ref,select_gpu_ref_5609897181611433017_0_0__sa,performance,gtpin_total_execution_cycles,1352520,cycles,1,256,1352520
n1_i1,1,1,1,n1_i1::kernel::select:/model/layers.2/self_attn/Where_2::select_gpu_ref_7464502897564813179_0_0__sa,n1_i1::primitive::select:/model/layers.2/self_attn/Where_2,kernel,select_gpu_ref_7464502897564813179_0_0__sa,layers.*/self_attn,/model/layers.2/self_attn/Where_2,Select,select:/model/layers.2/self_attn/Where_2,select,select_gpu_ref,select_gpu_ref_7464502897564813179_0_0__sa,performance,gtpin_total_execution_cycles,38632,cycles,1,8,38632
n1_i1,1,1,1,n1_i1::kernel::select:/model/layers.2/self_attn/Where_3::select_gpu_ref_5609897181611433017_0_0__sa,n1_i1::primitive::select:/model/layers.2/self_attn/Where_3,kernel,select_gpu_ref_5609897181611433017_0_0__sa,layers.*/self_attn,/model/layers.2/self_attn/Where_3,Select,select:/model/layers.2/self_attn/Where_3,select,select_gpu_ref,select_gpu_ref_5609897181611433017_0_0__sa,performance,gtpin_total_execution_cycles,1610508,cycles,1,256,1610508
n1_i1,1,1,1,n1_i1::kernel::select:/model/layers.20/self_attn/Where_2::select_gpu_ref_7464502897564813179_0_0__sa,n1_i1::primitive::select:/model/layers.20/self_attn/Where_2,kernel,select_gpu_ref_7464502897564813179_0_0__sa,layers.*/self_attn,/model/layers.20/self_attn/Where_2,Select,select:/model/layers.20/self_attn/Where_2,select,select_gpu_ref,select_gpu_ref_7464502897564813179_0_0__sa,performance,gtpin_total_execution_cycles,44442,cycles,1,8,44442
n1_i1,1,1,1,n1_i1::kernel::select:/model/layers.20/self_attn/Where_3::select_gpu_ref_5609897181611433017_0_0__sa,n1_i1::primitive::select:/model/layers.20/self_attn/Where_3,kernel,select_gpu_ref_5609897181611433017_0_0__sa,layers.*/self_attn,/model/layers.20/self_attn/Where_3,Select,select:/model/layers.20/self_attn/Where_3,select,select_gpu_ref,select_gpu_ref_5609897181611433017_0_0__sa,performance,gtpin_total_execution_cycles,1631926,cycles,1,256,1631926
n1_i1,1,1,1,n1_i1::kernel::select:/model/layers.21/self_attn/Where_2::select_gpu_ref_7464502897564813179_0_0__sa,n1_i1::primitive::select:/model/layers.21/self_attn/Where_2,kernel,select_gpu_ref_7464502897564813179_0_0__sa,layers.*/self_attn,/model/layers.21/self_attn/Where_2,Select,select:/model/layers.21/self_attn/Where_2,select,select_gpu_ref,select_gpu_ref_7464502897564813179_0_0__sa,performance,gtpin_total_execution_cycles,43206,cycles,1,8,43206
n1_i1,1,1,1,n1_i1::kernel::select:/model/layers.21/self_attn/Where_3::select_gpu_ref_5609897181611433017_0_0__sa,n1_i1::primitive::select:/model/layers.21/self_attn/Where_3,kernel,select_gpu_ref_5609897181611433017_0_0__sa,layers.*/self_attn,/model/layers.21/self_attn/Where_3,Select,select:/model/layers.21/self_attn/Where_3,select,select_gpu_ref,select_gpu_ref_5609897181611433017_0_0__sa,performance,gtpin_total_execution_cycles,1499702,cycles,1,256,1499702
n1_i1,1,1,1,n1_i1::kernel::select:/model/layers.3/self_attn/Where_2::select_gpu_ref_7464502897564813179_0_0__sa,n1_i1::primitive::select:/model/layers.3/self_attn/Where_2,kernel,select_gpu_ref_7464502897564813179_0_0__sa,layers.*/self_attn,/model/layers.3/self_attn/Where_2,Select,select:/model/layers.3/self_attn/Where_2,select,select_gpu_ref,select_gpu_ref_7464502897564813179_0_0__sa,performance,gtpin_total_execution_cycles,43948,cycles,1,8,43948
n1_i1,1,1,1,n1_i1::kernel::select:/model/layers.3/self_attn/Where_3::select_gpu_ref_5609897181611433017_0_0__sa,n1_i1::primitive::select:/model/layers.3/self_attn/Where_3,kernel,select_gpu_ref_5609897181611433017_0_0__sa,layers.*/self_attn,/model/layers.3/self_attn/Where_3,Select,select:/model/layers.3/self_attn/Where_3,select,select_gpu_ref,select_gpu_ref_5609897181611433017_0_0__sa,performance,gtpin_total_execution_cycles,1471810,cycles,1,256,1471810
n1_i1,1,1,1,n1_i1::kernel::select:/model/layers.4/self_attn/Where_2::select_gpu_ref_7464502897564813179_0_0__sa,n1_i1::primitive::select:/model/layers.4/self_attn/Where_2,kernel,select_gpu_ref_7464502897564813179_0_0__sa,layers.*/self_attn,/model/layers.4/self_attn/Where_2,Select,select:/model/layers.4/self_attn/Where_2,select,select_gpu_ref,select_gpu_ref_7464502897564813179_0_0__sa,performance,gtpin_total_execution_cycles,39310,cycles,1,8,39310
n1_i1,1,1,1,n1_i1::kernel::select:/model/layers.4/self_attn/Where_3::select_gpu_ref_5609897181611433017_0_0__sa,n1_i1::primitive::select:/model/layers.4/self_attn/Where_3,kernel,select_gpu_ref_5609897181611433017_0_0__sa,layers.*/self_attn,/model/layers.4/self_attn/Where_3,Select,select:/model/layers.4/self_attn/Where_3,select,select_gpu_ref,select_gpu_ref_5609897181611433017_0_0__sa,performance,gtpin_total_execution_cycles,1709268,cycles,1,256,1709268
n1_i1,1,1,1,n1_i1::kernel::select:/model/layers.5/self_attn/Where_2::select_gpu_ref_7464502897564813179_0_0__sa,n1_i1::primitive::select:/model/layers.5/self_attn/Where_2,kernel,select_gpu_ref_7464502897564813179_0_0__sa,layers.*/self_attn,/model/layers.5/self_attn/Where_2,Select,select:/model/layers.5/self_attn/Where_2,select,select_gpu_ref,select_gpu_ref_7464502897564813179_0_0__sa,performance,gtpin_total_execution_cycles,37366,cycles,1,8,37366
n1_i1,1,1,1,n1_i1::kernel::select:/model/layers.5/self_attn/Where_3::select_gpu_ref_5609897181611433017_0_0__sa,n1_i1::primitive::select:/model/layers.5/self_attn/Where_3,kernel,select_gpu_ref_5609897181611433017_0_0__sa,layers.*/self_attn,/model/layers.5/self_attn/Where_3,Select,select:/model/layers.5/self_attn/Where_3,select,select_gpu_ref,select_gpu_ref_5609897181611433017_0_0__sa,performance,gtpin_total_execution_cycles,1456616,cycles,1,256,1456616
n1_i1,1,1,1,n1_i1::kernel::select:/model/layers.6/self_attn/Where_2::select_gpu_ref_7464502897564813179_0_0__sa,n1_i1::primitive::select:/model/layers.6/self_attn/Where_2,kernel,select_gpu_ref_7464502897564813179_0_0__sa,layers.*/self_attn,/model/layers.6/self_attn/Where_2,Select,select:/model/layers.6/self_attn/Where_2,select,select_gpu_ref,select_gpu_ref_7464502897564813179_0_0__sa,performance,gtpin_total_execution_cycles,36392,cycles,1,8,36392
n1_i1,1,1,1,n1_i1::kernel::select:/model/layers.6/self_attn/Where_3::select_gpu_ref_5609897181611433017_0_0__sa,n1_i1::primitive::select:/model/layers.6/self_attn/Where_3,kernel,select_gpu_ref_5609897181611433017_0_0__sa,layers.*/self_attn,/model/layers.6/self_attn/Where_3,Select,select:/model/layers.6/self_attn/Where_3,select,select_gpu_ref,select_gpu_ref_5609897181611433017_0_0__sa,performance,gtpin_total_execution_cycles,1426830,cycles,1,256,1426830
n1_i1,1,1,1,n1_i1::kernel::select:/model/layers.7/self_attn/Where_2::select_gpu_ref_7464502897564813179_0_0__sa,n1_i1::primitive::select:/model/layers.7/self_attn/Where_2,kernel,select_gpu_ref_7464502897564813179_0_0__sa,layers.*/self_attn,/model/layers.7/self_attn/Where_2,Select,select:/model/layers.7/self_attn/Where_2,select,select_gpu_ref,select_gpu_ref_7464502897564813179_0_0__sa,performance,gtpin_total_execution_cycles,38296,cycles,1,8,38296
n1_i1,1,1,1,n1_i1::kernel::select:/model/layers.7/self_attn/Where_3::select_gpu_ref_5609897181611433017_0_0__sa,n1_i1::primitive::select:/model/layers.7/self_attn/Where_3,kernel,select_gpu_ref_5609897181611433017_0_0__sa,layers.*/self_attn,/model/layers.7/self_attn/Where_3,Select,select:/model/layers.7/self_attn/Where_3,select,select_gpu_ref,select_gpu_ref_5609897181611433017_0_0__sa,performance,gtpin_total_execution_cycles,1447556,cycles,1,256,1447556
n1_i1,1,1,1,n1_i1::kernel::select:/model/layers.8/self_attn/Where_2::select_gpu_ref_7464502897564813179_0_0__sa,n1_i1::primitive::select:/model/layers.8/self_attn/Where_2,kernel,select_gpu_ref_7464502897564813179_0_0__sa,layers.*/self_attn,/model/layers.8/self_attn/Where_2,Select,select:/model/layers.8/self_attn/Where_2,select,select_gpu_ref,select_gpu_ref_7464502897564813179_0_0__sa,performance,gtpin_total_execution_cycles,39828,cycles,1,8,39828
n1_i1,1,1,1,n1_i1::kernel::select:/model/layers.8/self_attn/Where_3::select_gpu_ref_5609897181611433017_0_0__sa,n1_i1::primitive::select:/model/layers.8/self_attn/Where_3,kernel,select_gpu_ref_5609897181611433017_0_0__sa,layers.*/self_attn,/model/layers.8/self_attn/Where_3,Select,select:/model/layers.8/self_attn/Where_3,select,select_gpu_ref,select_gpu_ref_5609897181611433017_0_0__sa,performance,gtpin_total_execution_cycles,1573288,cycles,1,256,1573288
n1_i1,1,1,1,n1_i1::kernel::select:/model/layers.9/self_attn/Where_2::select_gpu_ref_7464502897564813179_0_0__sa,n1_i1::primitive::select:/model/layers.9/self_attn/Where_2,kernel,select_gpu_ref_7464502897564813179_0_0__sa,layers.*/self_attn,/model/layers.9/self_attn/Where_2,Select,select:/model/layers.9/self_attn/Where_2,select,select_gpu_ref,select_gpu_ref_7464502897564813179_0_0__sa,performance,gtpin_total_execution_cycles,42020,cycles,1,8,42020
n1_i1,1,1,1,n1_i1::kernel::select:/model/layers.9/self_attn/Where_3::select_gpu_ref_5609897181611433017_0_0__sa,n1_i1::primitive::select:/model/layers.9/self_attn/Where_3,kernel,select_gpu_ref_5609897181611433017_0_0__sa,layers.*/self_attn,/model/layers.9/self_attn/Where_3,Select,select:/model/layers.9/self_attn/Where_3,select,select_gpu_ref,select_gpu_ref_5609897181611433017_0_0__sa,performance,gtpin_total_execution_cycles,1459226,cycles,1,256,1459226
n1_i1,1,1,1,n1_i1::kernel::sin:/model/rotary_emb/Sin::activation_ref_1691567596270449691_0_0__sa,n1_i1::primitive::sin:/model/rotary_emb/Sin,kernel,activation_ref_1691567596270449691_0_0__sa,rotary_emb,/model/rotary_emb/Sin,Sin,sin:/model/rotary_emb/Sin,activation,activation_ref,activation_ref_1691567596270449691_0_0__sa,performance,gtpin_total_execution_cycles,184766,cycles,1,32,184766
n1_i1,1,1,1,n1_i1::kernel::softmax:/model/layers.0/self_attn/Softmax::softmax_gpu_bf_18392998524141771378_0_0__sa,n1_i1::primitive::softmax:/model/layers.0/self_attn/Softmax,kernel,softmax_gpu_bf_18392998524141771378_0_0__sa,layers.*/self_attn,/model/layers.0/self_attn/Softmax,Softmax,softmax:/model/layers.0/self_attn/Softmax,softmax,softmax_gpu_bf,softmax_gpu_bf_18392998524141771378_0_0__sa,performance,gtpin_total_execution_cycles,8265149,cycles,1,512,8265149
n1_i1,1,1,1,n1_i1::kernel::softmax:/model/layers.1/self_attn/Softmax::softmax_gpu_bf_18392998524141771378_0_0__sa,n1_i1::primitive::softmax:/model/layers.1/self_attn/Softmax,kernel,softmax_gpu_bf_18392998524141771378_0_0__sa,layers.*/self_attn,/model/layers.1/self_attn/Softmax,Softmax,softmax:/model/layers.1/self_attn/Softmax,softmax,softmax_gpu_bf,softmax_gpu_bf_18392998524141771378_0_0__sa,performance,gtpin_total_execution_cycles,9088559,cycles,1,512,9088559
n1_i1,1,1,1,n1_i1::kernel::softmax:/model/layers.10/self_attn/Softmax::softmax_gpu_bf_18392998524141771378_0_0__sa,n1_i1::primitive::softmax:/model/layers.10/self_attn/Softmax,kernel,softmax_gpu_bf_18392998524141771378_0_0__sa,layers.*/self_attn,/model/layers.10/self_attn/Softmax,Softmax,softmax:/model/layers.10/self_attn/Softmax,softmax,softmax_gpu_bf,softmax_gpu_bf_18392998524141771378_0_0__sa,performance,gtpin_total_execution_cycles,8255354,cycles,1,512,8255354
n1_i1,1,1,1,n1_i1::kernel::softmax:/model/layers.11/self_attn/Softmax::softmax_gpu_bf_18392998524141771378_0_0__sa,n1_i1::primitive::softmax:/model/layers.11/self_attn/Softmax,kernel,softmax_gpu_bf_18392998524141771378_0_0__sa,layers.*/self_attn,/model/layers.11/self_attn/Softmax,Softmax,softmax:/model/layers.11/self_attn/Softmax,softmax,softmax_gpu_bf,softmax_gpu_bf_18392998524141771378_0_0__sa,performance,gtpin_total_execution_cycles,8522595,cycles,1,512,8522595
n1_i1,1,1,1,n1_i1::kernel::softmax:/model/layers.12/self_attn/Softmax::softmax_gpu_bf_18392998524141771378_0_0__sa,n1_i1::primitive::softmax:/model/layers.12/self_attn/Softmax,kernel,softmax_gpu_bf_18392998524141771378_0_0__sa,layers.*/self_attn,/model/layers.12/self_attn/Softmax,Softmax,softmax:/model/layers.12/self_attn/Softmax,softmax,softmax_gpu_bf,softmax_gpu_bf_18392998524141771378_0_0__sa,performance,gtpin_total_execution_cycles,8207594,cycles,1,512,8207594
n1_i1,1,1,1,n1_i1::kernel::softmax:/model/layers.13/self_attn/Softmax::softmax_gpu_bf_18392998524141771378_0_0__sa,n1_i1::primitive::softmax:/model/layers.13/self_attn/Softmax,kernel,softmax_gpu_bf_18392998524141771378_0_0__sa,layers.*/self_attn,/model/layers.13/self_attn/Softmax,Softmax,softmax:/model/layers.13/self_attn/Softmax,softmax,softmax_gpu_bf,softmax_gpu_bf_18392998524141771378_0_0__sa,performance,gtpin_total_execution_cycles,8335900,cycles,1,512,8335900
n1_i1,1,1,1,n1_i1::kernel::softmax:/model/layers.14/self_attn/Softmax::softmax_gpu_bf_18392998524141771378_0_0__sa,n1_i1::primitive::softmax:/model/layers.14/self_attn/Softmax,kernel,softmax_gpu_bf_18392998524141771378_0_0__sa,layers.*/self_attn,/model/layers.14/self_attn/Softmax,Softmax,softmax:/model/layers.14/self_attn/Softmax,softmax,softmax_gpu_bf,softmax_gpu_bf_18392998524141771378_0_0__sa,performance,gtpin_total_execution_cycles,8056716,cycles,1,512,8056716
n1_i1,1,1,1,n1_i1::kernel::softmax:/model/layers.15/self_attn/Softmax::softmax_gpu_bf_18392998524141771378_0_0__sa,n1_i1::primitive::softmax:/model/layers.15/self_attn/Softmax,kernel,softmax_gpu_bf_18392998524141771378_0_0__sa,layers.*/self_attn,/model/layers.15/self_attn/Softmax,Softmax,softmax:/model/layers.15/self_attn/Softmax,softmax,softmax_gpu_bf,softmax_gpu_bf_18392998524141771378_0_0__sa,performance,gtpin_total_execution_cycles,8085649,cycles,1,512,8085649
n1_i1,1,1,1,n1_i1::kernel::softmax:/model/layers.16/self_attn/Softmax::softmax_gpu_bf_18392998524141771378_0_0__sa,n1_i1::primitive::softmax:/model/layers.16/self_attn/Softmax,kernel,softmax_gpu_bf_18392998524141771378_0_0__sa,layers.*/self_attn,/model/layers.16/self_attn/Softmax,Softmax,softmax:/model/layers.16/self_attn/Softmax,softmax,softmax_gpu_bf,softmax_gpu_bf_18392998524141771378_0_0__sa,performance,gtpin_total_execution_cycles,8032033,cycles,1,512,8032033
n1_i1,1,1,1,n1_i1::kernel::softmax:/model/layers.17/self_attn/Softmax::softmax_gpu_bf_18392998524141771378_0_0__sa,n1_i1::primitive::softmax:/model/layers.17/self_attn/Softmax,kernel,softmax_gpu_bf_18392998524141771378_0_0__sa,layers.*/self_attn,/model/layers.17/self_attn/Softmax,Softmax,softmax:/model/layers.17/self_attn/Softmax,softmax,softmax_gpu_bf,softmax_gpu_bf_18392998524141771378_0_0__sa,performance,gtpin_total_execution_cycles,8527861,cycles,1,512,8527861
n1_i1,1,1,1,n1_i1::kernel::softmax:/model/layers.18/self_attn/Softmax::softmax_gpu_bf_18392998524141771378_0_0__sa,n1_i1::primitive::softmax:/model/layers.18/self_attn/Softmax,kernel,softmax_gpu_bf_18392998524141771378_0_0__sa,layers.*/self_attn,/model/layers.18/self_attn/Softmax,Softmax,softmax:/model/layers.18/self_attn/Softmax,softmax,softmax_gpu_bf,softmax_gpu_bf_18392998524141771378_0_0__sa,performance,gtpin_total_execution_cycles,8108265,cycles,1,512,8108265
n1_i1,1,1,1,n1_i1::kernel::softmax:/model/layers.19/self_attn/Softmax::softmax_gpu_bf_18392998524141771378_0_0__sa,n1_i1::primitive::softmax:/model/layers.19/self_attn/Softmax,kernel,softmax_gpu_bf_18392998524141771378_0_0__sa,layers.*/self_attn,/model/layers.19/self_attn/Softmax,Softmax,softmax:/model/layers.19/self_attn/Softmax,softmax,softmax_gpu_bf,softmax_gpu_bf_18392998524141771378_0_0__sa,performance,gtpin_total_execution_cycles,8075843,cycles,1,512,8075843
n1_i1,1,1,1,n1_i1::kernel::softmax:/model/layers.2/self_attn/Softmax::softmax_gpu_bf_18392998524141771378_0_0__sa,n1_i1::primitive::softmax:/model/layers.2/self_attn/Softmax,kernel,softmax_gpu_bf_18392998524141771378_0_0__sa,layers.*/self_attn,/model/layers.2/self_attn/Softmax,Softmax,softmax:/model/layers.2/self_attn/Softmax,softmax,softmax_gpu_bf,softmax_gpu_bf_18392998524141771378_0_0__sa,performance,gtpin_total_execution_cycles,8434183,cycles,1,512,8434183
n1_i1,1,1,1,n1_i1::kernel::softmax:/model/layers.20/self_attn/Softmax::softmax_gpu_bf_18392998524141771378_0_0__sa,n1_i1::primitive::softmax:/model/layers.20/self_attn/Softmax,kernel,softmax_gpu_bf_18392998524141771378_0_0__sa,layers.*/self_attn,/model/layers.20/self_attn/Softmax,Softmax,softmax:/model/layers.20/self_attn/Softmax,softmax,softmax_gpu_bf,softmax_gpu_bf_18392998524141771378_0_0__sa,performance,gtpin_total_execution_cycles,7836691,cycles,1,512,7836691
n1_i1,1,1,1,n1_i1::kernel::softmax:/model/layers.21/self_attn/Softmax::softmax_gpu_bf_18392998524141771378_0_0__sa,n1_i1::primitive::softmax:/model/layers.21/self_attn/Softmax,kernel,softmax_gpu_bf_18392998524141771378_0_0__sa,layers.*/self_attn,/model/layers.21/self_attn/Softmax,Softmax,softmax:/model/layers.21/self_attn/Softmax,softmax,softmax_gpu_bf,softmax_gpu_bf_18392998524141771378_0_0__sa,performance,gtpin_total_execution_cycles,8249207,cycles,1,512,8249207
n1_i1,1,1,1,n1_i1::kernel::softmax:/model/layers.3/self_attn/Softmax::softmax_gpu_bf_18392998524141771378_0_0__sa,n1_i1::primitive::softmax:/model/layers.3/self_attn/Softmax,kernel,softmax_gpu_bf_18392998524141771378_0_0__sa,layers.*/self_attn,/model/layers.3/self_attn/Softmax,Softmax,softmax:/model/layers.3/self_attn/Softmax,softmax,softmax_gpu_bf,softmax_gpu_bf_18392998524141771378_0_0__sa,performance,gtpin_total_execution_cycles,8193134,cycles,1,512,8193134
n1_i1,1,1,1,n1_i1::kernel::softmax:/model/layers.4/self_attn/Softmax::softmax_gpu_bf_18392998524141771378_0_0__sa,n1_i1::primitive::softmax:/model/layers.4/self_attn/Softmax,kernel,softmax_gpu_bf_18392998524141771378_0_0__sa,layers.*/self_attn,/model/layers.4/self_attn/Softmax,Softmax,softmax:/model/layers.4/self_attn/Softmax,softmax,softmax_gpu_bf,softmax_gpu_bf_18392998524141771378_0_0__sa,performance,gtpin_total_execution_cycles,8832033,cycles,1,512,8832033
n1_i1,1,1,1,n1_i1::kernel::softmax:/model/layers.5/self_attn/Softmax::softmax_gpu_bf_18392998524141771378_0_0__sa,n1_i1::primitive::softmax:/model/layers.5/self_attn/Softmax,kernel,softmax_gpu_bf_18392998524141771378_0_0__sa,layers.*/self_attn,/model/layers.5/self_attn/Softmax,Softmax,softmax:/model/layers.5/self_attn/Softmax,softmax,softmax_gpu_bf,softmax_gpu_bf_18392998524141771378_0_0__sa,performance,gtpin_total_execution_cycles,7957257,cycles,1,512,7957257
n1_i1,1,1,1,n1_i1::kernel::softmax:/model/layers.6/self_attn/Softmax::softmax_gpu_bf_18392998524141771378_0_0__sa,n1_i1::primitive::softmax:/model/layers.6/self_attn/Softmax,kernel,softmax_gpu_bf_18392998524141771378_0_0__sa,layers.*/self_attn,/model/layers.6/self_attn/Softmax,Softmax,softmax:/model/layers.6/self_attn/Softmax,softmax,softmax_gpu_bf,softmax_gpu_bf_18392998524141771378_0_0__sa,performance,gtpin_total_execution_cycles,7994520,cycles,1,512,7994520
n1_i1,1,1,1,n1_i1::kernel::softmax:/model/layers.7/self_attn/Softmax::softmax_gpu_bf_18392998524141771378_0_0__sa,n1_i1::primitive::softmax:/model/layers.7/self_attn/Softmax,kernel,softmax_gpu_bf_18392998524141771378_0_0__sa,layers.*/self_attn,/model/layers.7/self_attn/Softmax,Softmax,softmax:/model/layers.7/self_attn/Softmax,softmax,softmax_gpu_bf,softmax_gpu_bf_18392998524141771378_0_0__sa,performance,gtpin_total_execution_cycles,7979010,cycles,1,512,7979010
n1_i1,1,1,1,n1_i1::kernel::softmax:/model/layers.8/self_attn/Softmax::softmax_gpu_bf_18392998524141771378_0_0__sa,n1_i1::primitive::softmax:/model/layers.8/self_attn/Softmax,kernel,softmax_gpu_bf_18392998524141771378_0_0__sa,layers.*/self_attn,/model/layers.8/self_attn/Softmax,Softmax,softmax:/model/layers.8/self_attn/Softmax,softmax,softmax_gpu_bf,softmax_gpu_bf_18392998524141771378_0_0__sa,performance,gtpin_total_execution_cycles,8700025,cycles,1,512,8700025
n1_i1,1,1,1,n1_i1::kernel::softmax:/model/layers.9/self_attn/Softmax::softmax_gpu_bf_18392998524141771378_0_0__sa,n1_i1::primitive::softmax:/model/layers.9/self_attn/Softmax,kernel,softmax_gpu_bf_18392998524141771378_0_0__sa,layers.*/self_attn,/model/layers.9/self_attn/Softmax,Softmax,softmax:/model/layers.9/self_attn/Softmax,softmax,softmax_gpu_bf,softmax_gpu_bf_18392998524141771378_0_0__sa,performance,gtpin_total_execution_cycles,8109475,cycles,1,512,8109475
n1_i1,1,1,1,n1_i1::kernel::transpose:/model/layers.0/self_attn/Transpose_2::permute_ref_653960189515371720_0_0__sa,n1_i1::primitive::transpose:/model/layers.0/self_attn/Transpose_2,kernel,permute_ref_653960189515371720_0_0__sa,layers.*/self_attn,/model/layers.0/self_attn/Transpose_2,Transpose,transpose:/model/layers.0/self_attn/Transpose_2,permute,permute_ref,permute_ref_653960189515371720_0_0__sa,performance,gtpin_total_execution_cycles,552478,cycles,1,128,552478
n1_i1,1,1,1,n1_i1::kernel::transpose:/model/layers.0/self_attn/Transpose_3::permute_ref_17183202574580890641_0_0__sa,n1_i1::primitive::transpose:/model/layers.0/self_attn/Transpose_3,kernel,permute_ref_17183202574580890641_0_0__sa,layers.*/self_attn,/model/layers.0/self_attn/Transpose_3,Transpose,transpose:/model/layers.0/self_attn/Transpose_3,permute,permute_ref,permute_ref_17183202574580890641_0_0__sa,performance,gtpin_total_execution_cycles,4849880,cycles,1,1024,4849880
n1_i1,1,1,1,n1_i1::kernel::transpose:/model/layers.1/self_attn/Transpose_2::permute_ref_653960189515371720_0_0__sa,n1_i1::primitive::transpose:/model/layers.1/self_attn/Transpose_2,kernel,permute_ref_653960189515371720_0_0__sa,layers.*/self_attn,/model/layers.1/self_attn/Transpose_2,Transpose,transpose:/model/layers.1/self_attn/Transpose_2,permute,permute_ref,permute_ref_653960189515371720_0_0__sa,performance,gtpin_total_execution_cycles,539824,cycles,1,128,539824
n1_i1,1,1,1,n1_i1::kernel::transpose:/model/layers.1/self_attn/Transpose_3::permute_ref_17183202574580890641_0_0__sa,n1_i1::primitive::transpose:/model/layers.1/self_attn/Transpose_3,kernel,permute_ref_17183202574580890641_0_0__sa,layers.*/self_attn,/model/layers.1/self_attn/Transpose_3,Transpose,transpose:/model/layers.1/self_attn/Transpose_3,permute,permute_ref,permute_ref_17183202574580890641_0_0__sa,performance,gtpin_total_execution_cycles,6148416,cycles,1,1024,6148416
n1_i1,1,1,1,n1_i1::kernel::transpose:/model/layers.10/self_attn/Transpose_2::permute_ref_653960189515371720_0_0__sa,n1_i1::primitive::transpose:/model/layers.10/self_attn/Transpose_2,kernel,permute_ref_653960189515371720_0_0__sa,layers.*/self_attn,/model/layers.10/self_attn/Transpose_2,Transpose,transpose:/model/layers.10/self_attn/Transpose_2,permute,permute_ref,permute_ref_653960189515371720_0_0__sa,performance,gtpin_total_execution_cycles,491520,cycles,1,128,491520
n1_i1,1,1,1,n1_i1::kernel::transpose:/model/layers.10/self_attn/Transpose_3::permute_ref_17183202574580890641_0_0__sa,n1_i1::primitive::transpose:/model/layers.10/self_attn/Transpose_3,kernel,permute_ref_17183202574580890641_0_0__sa,layers.*/self_attn,/model/layers.10/self_attn/Transpose_3,Transpose,transpose:/model/layers.10/self_attn/Transpose_3,permute,permute_ref,permute_ref_17183202574580890641_0_0__sa,performance,gtpin_total_execution_cycles,5546876,cycles,1,1024,5546876
n1_i1,1,1,1,n1_i1::kernel::transpose:/model/layers.11/self_attn/Transpose_2::permute_ref_653960189515371720_0_0__sa,n1_i1::primitive::transpose:/model/layers.11/self_attn/Transpose_2,kernel,permute_ref_653960189515371720_0_0__sa,layers.*/self_attn,/model/layers.11/self_attn/Transpose_2,Transpose,transpose:/model/layers.11/self_attn/Transpose_2,permute,permute_ref,permute_ref_653960189515371720_0_0__sa,performance,gtpin_total_execution_cycles,532482,cycles,1,128,532482
n1_i1,1,1,1,n1_i1::kernel::transpose:/model/layers.11/self_attn/Transpose_3::permute_ref_17183202574580890641_0_0__sa,n1_i1::primitive::transpose:/model/layers.11/self_attn/Transpose_3,kernel,permute_ref_17183202574580890641_0_0__sa,layers.*/self_attn,/model/layers.11/self_attn/Transpose_3,Transpose,transpose:/model/layers.11/self_attn/Transpose_3,permute,permute_ref,permute_ref_17183202574580890641_0_0__sa,performance,gtpin_total_execution_cycles,5467486,cycles,1,1024,5467486
n1_i1,1,1,1,n1_i1::kernel::transpose:/model/layers.12/self_attn/Transpose_2::permute_ref_653960189515371720_0_0__sa,n1_i1::primitive::transpose:/model/layers.12/self_attn/Transpose_2,kernel,permute_ref_653960189515371720_0_0__sa,layers.*/self_attn,/model/layers.12/self_attn/Transpose_2,Transpose,transpose:/model/layers.12/self_attn/Transpose_2,permute,permute_ref,permute_ref_653960189515371720_0_0__sa,performance,gtpin_total_execution_cycles,548770,cycles,1,128,548770
n1_i1,1,1,1,n1_i1::kernel::transpose:/model/layers.12/self_attn/Transpose_3::permute_ref_17183202574580890641_0_0__sa,n1_i1::primitive::transpose:/model/layers.12/self_attn/Transpose_3,kernel,permute_ref_17183202574580890641_0_0__sa,layers.*/self_attn,/model/layers.12/self_attn/Transpose_3,Transpose,transpose:/model/layers.12/self_attn/Transpose_3,permute,permute_ref,permute_ref_17183202574580890641_0_0__sa,performance,gtpin_total_execution_cycles,5388718,cycles,1,1024,5388718
n1_i1,1,1,1,n1_i1::kernel::transpose:/model/layers.13/self_attn/Transpose_2::permute_ref_653960189515371720_0_0__sa,n1_i1::primitive::transpose:/model/layers.13/self_attn/Transpose_2,kernel,permute_ref_653960189515371720_0_0__sa,layers.*/self_attn,/model/layers.13/self_attn/Transpose_2,Transpose,transpose:/model/layers.13/self_attn/Transpose_2,permute,permute_ref,permute_ref_653960189515371720_0_0__sa,performance,gtpin_total_execution_cycles,552042,cycles,1,128,552042
n1_i1,1,1,1,n1_i1::kernel::transpose:/model/layers.13/self_attn/Transpose_3::permute_ref_17183202574580890641_0_0__sa,n1_i1::primitive::transpose:/model/layers.13/self_attn/Transpose_3,kernel,permute_ref_17183202574580890641_0_0__sa,layers.*/self_attn,/model/layers.13/self_attn/Transpose_3,Transpose,transpose:/model/layers.13/self_attn/Transpose_3,permute,permute_ref,permute_ref_17183202574580890641_0_0__sa,performance,gtpin_total_execution_cycles,6014646,cycles,1,1024,6014646
n1_i1,1,1,1,n1_i1::kernel::transpose:/model/layers.14/self_attn/Transpose_2::permute_ref_653960189515371720_0_0__sa,n1_i1::primitive::transpose:/model/layers.14/self_attn/Transpose_2,kernel,permute_ref_653960189515371720_0_0__sa,layers.*/self_attn,/model/layers.14/self_attn/Transpose_2,Transpose,transpose:/model/layers.14/self_attn/Transpose_2,permute,permute_ref,permute_ref_653960189515371720_0_0__sa,performance,gtpin_total_execution_cycles,508492,cycles,1,128,508492
n1_i1,1,1,1,n1_i1::kernel::transpose:/model/layers.14/self_attn/Transpose_3::permute_ref_17183202574580890641_0_0__sa,n1_i1::primitive::transpose:/model/layers.14/self_attn/Transpose_3,kernel,permute_ref_17183202574580890641_0_0__sa,layers.*/self_attn,/model/layers.14/self_attn/Transpose_3,Transpose,transpose:/model/layers.14/self_attn/Transpose_3,permute,permute_ref,permute_ref_17183202574580890641_0_0__sa,performance,gtpin_total_execution_cycles,5674212,cycles,1,1024,5674212
n1_i1,1,1,1,n1_i1::kernel::transpose:/model/layers.15/self_attn/Transpose_2::permute_ref_653960189515371720_0_0__sa,n1_i1::primitive::transpose:/model/layers.15/self_attn/Transpose_2,kernel,permute_ref_653960189515371720_0_0__sa,layers.*/self_attn,/model/layers.15/self_attn/Transpose_2,Transpose,transpose:/model/layers.15/self_attn/Transpose_2,permute,permute_ref,permute_ref_653960189515371720_0_0__sa,performance,gtpin_total_execution_cycles,484246,cycles,1,128,484246
n1_i1,1,1,1,n1_i1::kernel::transpose:/model/layers.15/self_attn/Transpose_3::permute_ref_17183202574580890641_0_0__sa,n1_i1::primitive::transpose:/model/layers.15/self_attn/Transpose_3,kernel,permute_ref_17183202574580890641_0_0__sa,layers.*/self_attn,/model/layers.15/self_attn/Transpose_3,Transpose,transpose:/model/layers.15/self_attn/Transpose_3,permute,permute_ref,permute_ref_17183202574580890641_0_0__sa,performance,gtpin_total_execution_cycles,4655684,cycles,1,1024,4655684
n1_i1,1,1,1,n1_i1::kernel::transpose:/model/layers.16/self_attn/Transpose_2::permute_ref_653960189515371720_0_0__sa,n1_i1::primitive::transpose:/model/layers.16/self_attn/Transpose_2,kernel,permute_ref_653960189515371720_0_0__sa,layers.*/self_attn,/model/layers.16/self_attn/Transpose_2,Transpose,transpose:/model/layers.16/self_attn/Transpose_2,permute,permute_ref,permute_ref_653960189515371720_0_0__sa,performance,gtpin_total_execution_cycles,484624,cycles,1,128,484624
n1_i1,1,1,1,n1_i1::kernel::transpose:/model/layers.16/self_attn/Transpose_3::permute_ref_17183202574580890641_0_0__sa,n1_i1::primitive::transpose:/model/layers.16/self_attn/Transpose_3,kernel,permute_ref_17183202574580890641_0_0__sa,layers.*/self_attn,/model/layers.16/self_attn/Transpose_3,Transpose,transpose:/model/layers.16/self_attn/Transpose_3,permute,permute_ref,permute_ref_17183202574580890641_0_0__sa,performance,gtpin_total_execution_cycles,5065348,cycles,1,1024,5065348
n1_i1,1,1,1,n1_i1::kernel::transpose:/model/layers.17/self_attn/Transpose_2::permute_ref_653960189515371720_0_0__sa,n1_i1::primitive::transpose:/model/layers.17/self_attn/Transpose_2,kernel,permute_ref_653960189515371720_0_0__sa,layers.*/self_attn,/model/layers.17/self_attn/Transpose_2,Transpose,transpose:/model/layers.17/self_attn/Transpose_2,permute,permute_ref,permute_ref_653960189515371720_0_0__sa,performance,gtpin_total_execution_cycles,509916,cycles,1,128,509916
n1_i1,1,1,1,n1_i1::kernel::transpose:/model/layers.17/self_attn/Transpose_3::permute_ref_17183202574580890641_0_0__sa,n1_i1::primitive::transpose:/model/layers.17/self_attn/Transpose_3,kernel,permute_ref_17183202574580890641_0_0__sa,layers.*/self_attn,/model/layers.17/self_attn/Transpose_3,Transpose,transpose:/model/layers.17/self_attn/Transpose_3,permute,permute_ref,permute_ref_17183202574580890641_0_0__sa,performance,gtpin_total_execution_cycles,5492186,cycles,1,1024,5492186
n1_i1,1,1,1,n1_i1::kernel::transpose:/model/layers.18/self_attn/Transpose_2::permute_ref_653960189515371720_0_0__sa,n1_i1::primitive::transpose:/model/layers.18/self_attn/Transpose_2,kernel,permute_ref_653960189515371720_0_0__sa,layers.*/self_attn,/model/layers.18/self_attn/Transpose_2,Transpose,transpose:/model/layers.18/self_attn/Transpose_2,permute,permute_ref,permute_ref_653960189515371720_0_0__sa,performance,gtpin_total_execution_cycles,471106,cycles,1,128,471106
n1_i1,1,1,1,n1_i1::kernel::transpose:/model/layers.18/self_attn/Transpose_3::permute_ref_17183202574580890641_0_0__sa,n1_i1::primitive::transpose:/model/layers.18/self_attn/Transpose_3,kernel,permute_ref_17183202574580890641_0_0__sa,layers.*/self_attn,/model/layers.18/self_attn/Transpose_3,Transpose,transpose:/model/layers.18/self_attn/Transpose_3,permute,permute_ref,permute_ref_17183202574580890641_0_0__sa,performance,gtpin_total_execution_cycles,5699958,cycles,1,1024,5699958
n1_i1,1,1,1,n1_i1::kernel::transpose:/model/layers.19/self_attn/Transpose_2::permute_ref_653960189515371720_0_0__sa,n1_i1::primitive::transpose:/model/layers.19/self_attn/Transpose_2,kernel,permute_ref_653960189515371720_0_0__sa,layers.*/self_attn,/model/layers.19/self_attn/Transpose_2,Transpose,transpose:/model/layers.19/self_attn/Transpose_2,permute,permute_ref,permute_ref_653960189515371720_0_0__sa,performance,gtpin_total_execution_cycles,507242,cycles,1,128,507242
n1_i1,1,1,1,n1_i1::kernel::transpose:/model/layers.19/self_attn/Transpose_3::permute_ref_17183202574580890641_0_0__sa,n1_i1::primitive::transpose:/model/layers.19/self_attn/Transpose_3,kernel,permute_ref_17183202574580890641_0_0__sa,layers.*/self_attn,/model/layers.19/self_attn/Transpose_3,Transpose,transpose:/model/layers.19/self_attn/Transpose_3,permute,permute_ref,permute_ref_17183202574580890641_0_0__sa,performance,gtpin_total_execution_cycles,5398908,cycles,1,1024,5398908
n1_i1,1,1,1,n1_i1::kernel::transpose:/model/layers.2/self_attn/Transpose_2::permute_ref_653960189515371720_0_0__sa,n1_i1::primitive::transpose:/model/layers.2/self_attn/Transpose_2,kernel,permute_ref_653960189515371720_0_0__sa,layers.*/self_attn,/model/layers.2/self_attn/Transpose_2,Transpose,transpose:/model/layers.2/self_attn/Transpose_2,permute,permute_ref,permute_ref_653960189515371720_0_0__sa,performance,gtpin_total_execution_cycles,498596,cycles,1,128,498596
n1_i1,1,1,1,n1_i1::kernel::transpose:/model/layers.2/self_attn/Transpose_3::permute_ref_17183202574580890641_0_0__sa,n1_i1::primitive::transpose:/model/layers.2/self_attn/Transpose_3,kernel,permute_ref_17183202574580890641_0_0__sa,layers.*/self_attn,/model/layers.2/self_attn/Transpose_3,Transpose,transpose:/model/layers.2/self_attn/Transpose_3,permute,permute_ref,permute_ref_17183202574580890641_0_0__sa,performance,gtpin_total_execution_cycles,6316114,cycles,1,1024,6316114
n1_i1,1,1,1,n1_i1::kernel::transpose:/model/layers.20/self_attn/Transpose_2::permute_ref_653960189515371720_0_0__sa,n1_i1::primitive::transpose:/model/layers.20/self_attn/Transpose_2,kernel,permute_ref_653960189515371720_0_0__sa,layers.*/self_attn,/model/layers.20/self_attn/Transpose_2,Transpose,transpose:/model/layers.20/self_attn/Transpose_2,permute,permute_ref,permute_ref_653960189515371720_0_0__sa,performance,gtpin_total_execution_cycles,528656,cycles,1,128,528656
n1_i1,1,1,1,n1_i1::kernel::transpose:/model/layers.20/self_attn/Transpose_3::permute_ref_17183202574580890641_0_0__sa,n1_i1::primitive::transpose:/model/layers.20/self_attn/Transpose_3,kernel,permute_ref_17183202574580890641_0_0__sa,layers.*/self_attn,/model/layers.20/self_attn/Transpose_3,Transpose,transpose:/model/layers.20/self_attn/Transpose_3,permute,permute_ref,permute_ref_17183202574580890641_0_0__sa,performance,gtpin_total_execution_cycles,5131530,cycles,1,1024,5131530
n1_i1,1,1,1,n1_i1::kernel::transpose:/model/layers.21/self_attn/Transpose_2::permute_ref_653960189515371720_0_0__sa,n1_i1::primitive::transpose:/model/layers.21/self_attn/Transpose_2,kernel,permute_ref_653960189515371720_0_0__sa,layers.*/self_attn,/model/layers.21/self_attn/Transpose_2,Transpose,transpose:/model/layers.21/self_attn/Transpose_2,permute,permute_ref,permute_ref_653960189515371720_0_0__sa,performance,gtpin_total_execution_cycles,528700,cycles,1,128,528700
n1_i1,1,1,1,n1_i1::kernel::transpose:/model/layers.21/self_attn/Transpose_3::permute_ref_17183202574580890641_0_0__sa,n1_i1::primitive::transpose:/model/layers.21/self_attn/Transpose_3,kernel,permute_ref_17183202574580890641_0_0__sa,layers.*/self_attn,/model/layers.21/self_attn/Transpose_3,Transpose,transpose:/model/layers.21/self_attn/Transpose_3,permute,permute_ref,permute_ref_17183202574580890641_0_0__sa,performance,gtpin_total_execution_cycles,6347362,cycles,1,1024,6347362
n1_i1,1,1,1,n1_i1::kernel::transpose:/model/layers.3/self_attn/Transpose_2::permute_ref_653960189515371720_0_0__sa,n1_i1::primitive::transpose:/model/layers.3/self_attn/Transpose_2,kernel,permute_ref_653960189515371720_0_0__sa,layers.*/self_attn,/model/layers.3/self_attn/Transpose_2,Transpose,transpose:/model/layers.3/self_attn/Transpose_2,permute,permute_ref,permute_ref_653960189515371720_0_0__sa,performance,gtpin_total_execution_cycles,529608,cycles,1,128,529608
n1_i1,1,1,1,n1_i1::kernel::transpose:/model/layers.3/self_attn/Transpose_3::permute_ref_17183202574580890641_0_0__sa,n1_i1::primitive::transpose:/model/layers.3/self_attn/Transpose_3,kernel,permute_ref_17183202574580890641_0_0__sa,layers.*/self_attn,/model/layers.3/self_attn/Transpose_3,Transpose,transpose:/model/layers.3/self_attn/Transpose_3,permute,permute_ref,permute_ref_17183202574580890641_0_0__sa,performance,gtpin_total_execution_cycles,5657994,cycles,1,1024,5657994
n1_i1,1,1,1,n1_i1::kernel::transpose:/model/layers.4/self_attn/Transpose_2::permute_ref_653960189515371720_0_0__sa,n1_i1::primitive::transpose:/model/layers.4/self_attn/Transpose_2,kernel,permute_ref_653960189515371720_0_0__sa,layers.*/self_attn,/model/layers.4/self_attn/Transpose_2,Transpose,transpose:/model/layers.4/self_attn/Transpose_2,permute,permute_ref,permute_ref_653960189515371720_0_0__sa,performance,gtpin_total_execution_cycles,531378,cycles,1,128,531378
n1_i1,1,1,1,n1_i1::kernel::transpose:/model/layers.4/self_attn/Transpose_3::permute_ref_17183202574580890641_0_0__sa,n1_i1::primitive::transpose:/model/layers.4/self_attn/Transpose_3,kernel,permute_ref_17183202574580890641_0_0__sa,layers.*/self_attn,/model/layers.4/self_attn/Transpose_3,Transpose,transpose:/model/layers.4/self_attn/Transpose_3,permute,permute_ref,permute_ref_17183202574580890641_0_0__sa,performance,gtpin_total_execution_cycles,5125380,cycles,1,1024,5125380
n1_i1,1,1,1,n1_i1::kernel::transpose:/model/layers.5/self_attn/Transpose_2::permute_ref_653960189515371720_0_0__sa,n1_i1::primitive::transpose:/model/layers.5/self_attn/Transpose_2,kernel,permute_ref_653960189515371720_0_0__sa,layers.*/self_attn,/model/layers.5/self_attn/Transpose_2,Transpose,transpose:/model/layers.5/self_attn/Transpose_2,permute,permute_ref,permute_ref_653960189515371720_0_0__sa,performance,gtpin_total_execution_cycles,512770,cycles,1,128,512770
n1_i1,1,1,1,n1_i1::kernel::transpose:/model/layers.5/self_attn/Transpose_3::permute_ref_17183202574580890641_0_0__sa,n1_i1::primitive::transpose:/model/layers.5/self_attn/Transpose_3,kernel,permute_ref_17183202574580890641_0_0__sa,layers.*/self_attn,/model/layers.5/self_attn/Transpose_3,Transpose,transpose:/model/layers.5/self_attn/Transpose_3,permute,permute_ref,permute_ref_17183202574580890641_0_0__sa,performance,gtpin_total_execution_cycles,5294342,cycles,1,1024,5294342
n1_i1,1,1,1,n1_i1::kernel::transpose:/model/layers.6/self_attn/Transpose_2::permute_ref_653960189515371720_0_0__sa,n1_i1::primitive::transpose:/model/layers.6/self_attn/Transpose_2,kernel,permute_ref_653960189515371720_0_0__sa,layers.*/self_attn,/model/layers.6/self_attn/Transpose_2,Transpose,transpose:/model/layers.6/self_attn/Transpose_2,permute,permute_ref,permute_ref_653960189515371720_0_0__sa,performance,gtpin_total_execution_cycles,598944,cycles,1,128,598944
n1_i1,1,1,1,n1_i1::kernel::transpose:/model/layers.6/self_attn/Transpose_3::permute_ref_17183202574580890641_0_0__sa,n1_i1::primitive::transpose:/model/layers.6/self_attn/Transpose_3,kernel,permute_ref_17183202574580890641_0_0__sa,layers.*/self_attn,/model/layers.6/self_attn/Transpose_3,Transpose,transpose:/model/layers.6/self_attn/Transpose_3,permute,permute_ref,permute_ref_17183202574580890641_0_0__sa,performance,gtpin_total_execution_cycles,5368232,cycles,1,1024,5368232
n1_i1,1,1,1,n1_i1::kernel::transpose:/model/layers.7/self_attn/Transpose_2::permute_ref_653960189515371720_0_0__sa,n1_i1::primitive::transpose:/model/layers.7/self_attn/Transpose_2,kernel,permute_ref_653960189515371720_0_0__sa,layers.*/self_attn,/model/layers.7/self_attn/Transpose_2,Transpose,transpose:/model/layers.7/self_attn/Transpose_2,permute,permute_ref,permute_ref_653960189515371720_0_0__sa,performance,gtpin_total_execution_cycles,540808,cycles,1,128,540808
n1_i1,1,1,1,n1_i1::kernel::transpose:/model/layers.7/self_attn/Transpose_3::permute_ref_17183202574580890641_0_0__sa,n1_i1::primitive::transpose:/model/layers.7/self_attn/Transpose_3,kernel,permute_ref_17183202574580890641_0_0__sa,layers.*/self_attn,/model/layers.7/self_attn/Transpose_3,Transpose,transpose:/model/layers.7/self_attn/Transpose_3,permute,permute_ref,permute_ref_17183202574580890641_0_0__sa,performance,gtpin_total_execution_cycles,4925384,cycles,1,1024,4925384
n1_i1,1,1,1,n1_i1::kernel::transpose:/model/layers.8/self_attn/Transpose_2::permute_ref_653960189515371720_0_0__sa,n1_i1::primitive::transpose:/model/layers.8/self_attn/Transpose_2,kernel,permute_ref_653960189515371720_0_0__sa,layers.*/self_attn,/model/layers.8/self_attn/Transpose_2,Transpose,transpose:/model/layers.8/self_attn/Transpose_2,permute,permute_ref,permute_ref_653960189515371720_0_0__sa,performance,gtpin_total_execution_cycles,504770,cycles,1,128,504770
n1_i1,1,1,1,n1_i1::kernel::transpose:/model/layers.8/self_attn/Transpose_3::permute_ref_17183202574580890641_0_0__sa,n1_i1::primitive::transpose:/model/layers.8/self_attn/Transpose_3,kernel,permute_ref_17183202574580890641_0_0__sa,layers.*/self_attn,/model/layers.8/self_attn/Transpose_3,Transpose,transpose:/model/layers.8/self_attn/Transpose_3,permute,permute_ref,permute_ref_17183202574580890641_0_0__sa,performance,gtpin_total_execution_cycles,5372440,cycles,1,1024,5372440
n1_i1,1,1,1,n1_i1::kernel::transpose:/model/layers.9/self_attn/Transpose_2::permute_ref_653960189515371720_0_0__sa,n1_i1::primitive::transpose:/model/layers.9/self_attn/Transpose_2,kernel,permute_ref_653960189515371720_0_0__sa,layers.*/self_attn,/model/layers.9/self_attn/Transpose_2,Transpose,transpose:/model/layers.9/self_attn/Transpose_2,permute,permute_ref,permute_ref_653960189515371720_0_0__sa,performance,gtpin_total_execution_cycles,536202,cycles,1,128,536202
n1_i1,1,1,1,n1_i1::kernel::transpose:/model/layers.9/self_attn/Transpose_3::permute_ref_17183202574580890641_0_0__sa,n1_i1::primitive::transpose:/model/layers.9/self_attn/Transpose_3,kernel,permute_ref_17183202574580890641_0_0__sa,layers.*/self_attn,/model/layers.9/self_attn/Transpose_3,Transpose,transpose:/model/layers.9/self_attn/Transpose_3,permute,permute_ref,permute_ref_17183202574580890641_0_0__sa,performance,gtpin_total_execution_cycles,5431956,cycles,1,1024,5431956
n1_i1,1,1,1,n1_i1::op::/model/And,n1_i1::op_type::(root)::LogicalAnd,op,/model/And,(root),/model/And,LogicalAnd,,,,,performance,gtpin_total_execution_cycles,42496,cycles,1,8,42496
n1_i1,1,1,1,n1_i1::op::/model/And_1,n1_i1::op_type::(root)::LogicalAnd,op,/model/And_1,(root),/model/And_1,LogicalAnd,,,,,performance,gtpin_total_execution_cycles,50552,cycles,1,8,50552
n1_i1,1,1,1,n1_i1::op::/model/Gather_4,n1_i1::op_type::(root)::Gather,op,/model/Gather_4,(root),/model/Gather_4,Gather,,,,,performance,gtpin_total_execution_cycles,11928,cycles,1,1,11928
n1_i1,1,1,1,n1_i1::op::/model/LessOrEqual,n1_i1::op_type::(root)::LessEqual,op,/model/LessOrEqual,(root),/model/LessOrEqual,LessEqual,,,,,performance,gtpin_total_execution_cycles,45176,cycles,1,8,45176
n1_i1,1,1,1,n1_i1::op::/model/embed_tokens/Gather,n1_i1::op_type::embed_tokens::Gather,op,/model/embed_tokens/Gather,embed_tokens,/model/embed_tokens/Gather,Gather,,,,,performance,gtpin_total_execution_cycles,4902286,cycles,1,1024,4902286
n1_i1,1,1,1,n1_i1::op::/model/layers.0/input_layernorm/Mul,n1_i1::op_type::layers.*/input_layernorm::RMS,op,/model/layers.0/input_layernorm/Mul,layers.*/input_layernorm,/model/layers.0/input_layernorm/Mul,RMS,,,,,performance,gtpin_total_execution_cycles,1962348,cycles,1,256,1962348
n1_i1,1,1,1,n1_i1::op::/model/layers.0/mlp/down_proj/MatMul,n1_i1::op_type::layers.*/mlp::FullyConnected,op,/model/layers.0/mlp/down_proj/MatMul,layers.*/mlp,/model/layers.0/mlp/down_proj/MatMul,FullyConnected,,,,,performance,gtpin_total_execution_cycles,83295266,cycles,1,64,83295266
n1_i1,1,1,1,n1_i1::op::/model/layers.0/mlp/gate_proj/MatMul,n1_i1::op_type::layers.*/mlp::FullyConnected,op,/model/layers.0/mlp/gate_proj/MatMul,layers.*/mlp,/model/layers.0/mlp/gate_proj/MatMul,FullyConnected,,,,,performance,gtpin_total_execution_cycles,148200178,cycles,1,176,148200178
n1_i1,1,1,1,n1_i1::op::/model/layers.0/mlp/up_proj/MatMul,n1_i1::op_type::layers.*/mlp::FullyConnected,op,/model/layers.0/mlp/up_proj/MatMul,layers.*/mlp,/model/layers.0/mlp/up_proj/MatMul,FullyConnected,,,,,performance,gtpin_total_execution_cycles,137535130,cycles,1,176,137535130
n1_i1,1,1,1,n1_i1::op::/model/layers.0/post_attention_layernorm/Mul,n1_i1::op_type::layers.*/post_attention_layernorm::RMS,op,/model/layers.0/post_attention_layernorm/Mul,layers.*/post_attention_layernorm,/model/layers.0/post_attention_layernorm/Mul,RMS,,,,,performance,gtpin_total_execution_cycles,1999066,cycles,1,256,1999066
n1_i1,1,1,1,n1_i1::op::/model/layers.0/self_attn/Add,n1_i1::op_type::layers.*/self_attn::RoPE,op,/model/layers.0/self_attn/Add,layers.*/self_attn,/model/layers.0/self_attn/Add,RoPE,,,,,performance,gtpin_total_execution_cycles,1246048,cycles,1,64,1246048
n1_i1,1,1,1,n1_i1::op::/model/layers.0/self_attn/Add_1,n1_i1::op_type::layers.*/self_attn::RoPE,op,/model/layers.0/self_attn/Add_1,layers.*/self_attn,/model/layers.0/self_attn/Add_1,RoPE,,,,,performance,gtpin_total_execution_cycles,90794,cycles,1,8,90794
n1_i1,1,1,1,n1_i1::op::/model/layers.0/self_attn/Expand,n1_i1::op_type::layers.*/self_attn::Broadcast,op,/model/layers.0/self_attn/Expand,layers.*/self_attn,/model/layers.0/self_attn/Expand,Broadcast,,,,,performance,gtpin_total_execution_cycles,4195594,cycles,1,1024,4195594
n1_i1,1,1,1,n1_i1::op::/model/layers.0/self_attn/Expand_1,n1_i1::op_type::layers.*/self_attn::Broadcast,op,/model/layers.0/self_attn/Expand_1,layers.*/self_attn,/model/layers.0/self_attn/Expand_1,Broadcast,,,,,performance,gtpin_total_execution_cycles,4725854,cycles,1,1024,4725854
n1_i1,1,1,1,n1_i1::op::/model/layers.0/self_attn/IsNaN,n1_i1::op_type::layers.*/self_attn::IsNaN,op,/model/layers.0/self_attn/IsNaN,layers.*/self_attn,/model/layers.0/self_attn/IsNaN,IsNaN,,,,,performance,gtpin_total_execution_cycles,1232706,cycles,1,256,1232706
n1_i1,1,1,1,n1_i1::op::/model/layers.0/self_attn/MatMul,n1_i1::op_type::layers.*/self_attn::Gemm,op,/model/layers.0/self_attn/MatMul,layers.*/self_attn,/model/layers.0/self_attn/MatMul,Gemm,,,,,performance,gtpin_total_execution_cycles,3964216,cycles,1,32,3964216
n1_i1,1,1,1,n1_i1::op::/model/layers.0/self_attn/Mul_8,n1_i1::op_type::layers.*/self_attn::Multiply,op,/model/layers.0/self_attn/Mul_8,layers.*/self_attn,/model/layers.0/self_attn/Mul_8,Multiply,,,,,performance,gtpin_total_execution_cycles,4786414,cycles,1,1024,4786414
n1_i1,1,1,1,n1_i1::op::/model/layers.0/self_attn/Softmax,n1_i1::op_type::layers.*/self_attn::Softmax,op,/model/layers.0/self_attn/Softmax,layers.*/self_attn,/model/layers.0/self_attn/Softmax,Softmax,,,,,performance,gtpin_total_execution_cycles,8265149,cycles,1,512,8265149
n1_i1,1,1,1,n1_i1::op::/model/layers.0/self_attn/Transpose_2,n1_i1::op_type::layers.*/self_attn::Transpose,op,/model/layers.0/self_attn/Transpose_2,layers.*/self_attn,/model/layers.0/self_attn/Transpose_2,Transpose,,,,,performance,gtpin_total_execution_cycles,552478,cycles,1,128,552478
n1_i1,1,1,1,n1_i1::op::/model/layers.0/self_attn/Transpose_3,n1_i1::op_type::layers.*/self_attn::Transpose,op,/model/layers.0/self_attn/Transpose_3,layers.*/self_attn,/model/layers.0/self_attn/Transpose_3,Transpose,,,,,performance,gtpin_total_execution_cycles,4849880,cycles,1,1024,4849880
n1_i1,1,1,1,n1_i1::op::/model/layers.0/self_attn/Transpose_4,n1_i1::op_type::layers.*/self_attn::Gemm,op,/model/layers.0/self_attn/Transpose_4,layers.*/self_attn,/model/layers.0/self_attn/Transpose_4,Gemm,,,,,performance,gtpin_total_execution_cycles,2077778,cycles,1,64,2077778
n1_i1,1,1,1,n1_i1::op::/model/layers.0/self_attn/Unsqueeze_6_restore_precision_0,n1_i1::op_type::layers.*/self_attn::Convert,op,/model/layers.0/self_attn/Unsqueeze_6_restore_precision_0,layers.*/self_attn,/model/layers.0/self_attn/Unsqueeze_6_restore_precision_0,Convert,,,,,performance,gtpin_total_execution_cycles,72848,cycles,1,32,72848
n1_i1,1,1,1,n1_i1::op::/model/layers.0/self_attn/Unsqueeze_7_restore_precision_1,n1_i1::op_type::layers.*/self_attn::Convert,op,/model/layers.0/self_attn/Unsqueeze_7_restore_precision_1,layers.*/self_attn,/model/layers.0/self_attn/Unsqueeze_7_restore_precision_1,Convert,,,,,performance,gtpin_total_execution_cycles,82698,cycles,1,32,82698
n1_i1,1,1,1,n1_i1::op::/model/layers.0/self_attn/Where_2,n1_i1::op_type::layers.*/self_attn::Select,op,/model/layers.0/self_attn/Where_2,layers.*/self_attn,/model/layers.0/self_attn/Where_2,Select,,,,,performance,gtpin_total_execution_cycles,31624,cycles,1,8,31624
n1_i1,1,1,1,n1_i1::op::/model/layers.0/self_attn/Where_3,n1_i1::op_type::layers.*/self_attn::Select,op,/model/layers.0/self_attn/Where_3,layers.*/self_attn,/model/layers.0/self_attn/Where_3,Select,,,,,performance,gtpin_total_execution_cycles,1432806,cycles,1,256,1432806
n1_i1,1,1,1,n1_i1::op::/model/layers.0/self_attn/k_proj/MatMul,n1_i1::op_type::layers.*/self_attn::FullyConnected,op,/model/layers.0/self_attn/k_proj/MatMul,layers.*/self_attn,/model/layers.0/self_attn/k_proj/MatMul,FullyConnected,,,,,performance,gtpin_total_execution_cycles,4209242,cycles,1,8,4209242
n1_i1,1,1,1,n1_i1::op::/model/layers.0/self_attn/o_proj/MatMul,n1_i1::op_type::layers.*/self_attn::FullyConnected,op,/model/layers.0/self_attn/o_proj/MatMul,layers.*/self_attn,/model/layers.0/self_attn/o_proj/MatMul,FullyConnected,,,,,performance,gtpin_total_execution_cycles,29930110,cycles,1,64,29930110
n1_i1,1,1,1,n1_i1::op::/model/layers.0/self_attn/q_proj/MatMul,n1_i1::op_type::layers.*/self_attn::FullyConnected,op,/model/layers.0/self_attn/q_proj/MatMul,layers.*/self_attn,/model/layers.0/self_attn/q_proj/MatMul,FullyConnected,,,,,performance,gtpin_total_execution_cycles,33118976,cycles,1,64,33118976
n1_i1,1,1,1,n1_i1::op::/model/layers.0/self_attn/v_proj/MatMul,n1_i1::op_type::layers.*/self_attn::FullyConnected,op,/model/layers.0/self_attn/v_proj/MatMul,layers.*/self_attn,/model/layers.0/self_attn/v_proj/MatMul,FullyConnected,,,,,performance,gtpin_total_execution_cycles,4061894,cycles,1,8,4061894
n1_i1,1,1,1,n1_i1::op::/model/layers.1/input_layernorm/Mul,n1_i1::op_type::layers.*/input_layernorm::RMS,op,/model/layers.1/input_layernorm/Mul,layers.*/input_layernorm,/model/layers.1/input_layernorm/Mul,RMS,,,,,performance,gtpin_total_execution_cycles,1591000,cycles,1,256,1591000
n1_i1,1,1,1,n1_i1::op::/model/layers.1/mlp/down_proj/MatMul,n1_i1::op_type::layers.*/mlp::FullyConnected,op,/model/layers.1/mlp/down_proj/MatMul,layers.*/mlp,/model/layers.1/mlp/down_proj/MatMul,FullyConnected,,,,,performance,gtpin_total_execution_cycles,78491200,cycles,1,64,78491200
n1_i1,1,1,1,n1_i1::op::/model/layers.1/mlp/gate_proj/MatMul,n1_i1::op_type::layers.*/mlp::FullyConnected,op,/model/layers.1/mlp/gate_proj/MatMul,layers.*/mlp,/model/layers.1/mlp/gate_proj/MatMul,FullyConnected,,,,,performance,gtpin_total_execution_cycles,124131562,cycles,1,176,124131562
n1_i1,1,1,1,n1_i1::op::/model/layers.1/mlp/up_proj/MatMul,n1_i1::op_type::layers.*/mlp::FullyConnected,op,/model/layers.1/mlp/up_proj/MatMul,layers.*/mlp,/model/layers.1/mlp/up_proj/MatMul,FullyConnected,,,,,performance,gtpin_total_execution_cycles,112659792,cycles,1,176,112659792
n1_i1,1,1,1,n1_i1::op::/model/layers.1/post_attention_layernorm/Mul,n1_i1::op_type::layers.*/post_attention_layernorm::RMS,op,/model/layers.1/post_attention_layernorm/Mul,layers.*/post_attention_layernorm,/model/layers.1/post_attention_layernorm/Mul,RMS,,,,,performance,gtpin_total_execution_cycles,1894798,cycles,1,256,1894798
n1_i1,1,1,1,n1_i1::op::/model/layers.1/self_attn/Add,n1_i1::op_type::layers.*/self_attn::RoPE,op,/model/layers.1/self_attn/Add,layers.*/self_attn,/model/layers.1/self_attn/Add,RoPE,,,,,performance,gtpin_total_execution_cycles,909398,cycles,1,64,909398
n1_i1,1,1,1,n1_i1::op::/model/layers.1/self_attn/Add_1,n1_i1::op_type::layers.*/self_attn::RoPE,op,/model/layers.1/self_attn/Add_1,layers.*/self_attn,/model/layers.1/self_attn/Add_1,RoPE,,,,,performance,gtpin_total_execution_cycles,68676,cycles,1,8,68676
n1_i1,1,1,1,n1_i1::op::/model/layers.1/self_attn/Expand,n1_i1::op_type::layers.*/self_attn::Broadcast,op,/model/layers.1/self_attn/Expand,layers.*/self_attn,/model/layers.1/self_attn/Expand,Broadcast,,,,,performance,gtpin_total_execution_cycles,6411072,cycles,1,1024,6411072
n1_i1,1,1,1,n1_i1::op::/model/layers.1/self_attn/Expand_1,n1_i1::op_type::layers.*/self_attn::Broadcast,op,/model/layers.1/self_attn/Expand_1,layers.*/self_attn,/model/layers.1/self_attn/Expand_1,Broadcast,,,,,performance,gtpin_total_execution_cycles,4278308,cycles,1,1024,4278308
n1_i1,1,1,1,n1_i1::op::/model/layers.1/self_attn/IsNaN,n1_i1::op_type::layers.*/self_attn::IsNaN,op,/model/layers.1/self_attn/IsNaN,layers.*/self_attn,/model/layers.1/self_attn/IsNaN,IsNaN,,,,,performance,gtpin_total_execution_cycles,1284224,cycles,1,256,1284224
n1_i1,1,1,1,n1_i1::op::/model/layers.1/self_attn/MatMul,n1_i1::op_type::layers.*/self_attn::Gemm,op,/model/layers.1/self_attn/MatMul,layers.*/self_attn,/model/layers.1/self_attn/MatMul,Gemm,,,,,performance,gtpin_total_execution_cycles,3501156,cycles,1,32,3501156
n1_i1,1,1,1,n1_i1::op::/model/layers.1/self_attn/Mul_8,n1_i1::op_type::layers.*/self_attn::Multiply,op,/model/layers.1/self_attn/Mul_8,layers.*/self_attn,/model/layers.1/self_attn/Mul_8,Multiply,,,,,performance,gtpin_total_execution_cycles,5152004,cycles,1,1024,5152004
n1_i1,1,1,1,n1_i1::op::/model/layers.1/self_attn/Softmax,n1_i1::op_type::layers.*/self_attn::Softmax,op,/model/layers.1/self_attn/Softmax,layers.*/self_attn,/model/layers.1/self_attn/Softmax,Softmax,,,,,performance,gtpin_total_execution_cycles,9088559,cycles,1,512,9088559
n1_i1,1,1,1,n1_i1::op::/model/layers.1/self_attn/Transpose_2,n1_i1::op_type::layers.*/self_attn::Transpose,op,/model/layers.1/self_attn/Transpose_2,layers.*/self_attn,/model/layers.1/self_attn/Transpose_2,Transpose,,,,,performance,gtpin_total_execution_cycles,539824,cycles,1,128,539824
n1_i1,1,1,1,n1_i1::op::/model/layers.1/self_attn/Transpose_3,n1_i1::op_type::layers.*/self_attn::Transpose,op,/model/layers.1/self_attn/Transpose_3,layers.*/self_attn,/model/layers.1/self_attn/Transpose_3,Transpose,,,,,performance,gtpin_total_execution_cycles,6148416,cycles,1,1024,6148416
n1_i1,1,1,1,n1_i1::op::/model/layers.1/self_attn/Transpose_4,n1_i1::op_type::layers.*/self_attn::Gemm,op,/model/layers.1/self_attn/Transpose_4,layers.*/self_attn,/model/layers.1/self_attn/Transpose_4,Gemm,,,,,performance,gtpin_total_execution_cycles,2015412,cycles,1,64,2015412
n1_i1,1,1,1,n1_i1::op::/model/layers.1/self_attn/Where_2,n1_i1::op_type::layers.*/self_attn::Select,op,/model/layers.1/self_attn/Where_2,layers.*/self_attn,/model/layers.1/self_attn/Where_2,Select,,,,,performance,gtpin_total_execution_cycles,40120,cycles,1,8,40120
n1_i1,1,1,1,n1_i1::op::/model/layers.1/self_attn/Where_3,n1_i1::op_type::layers.*/self_attn::Select,op,/model/layers.1/self_attn/Where_3,layers.*/self_attn,/model/layers.1/self_attn/Where_3,Select,,,,,performance,gtpin_total_execution_cycles,1541340,cycles,1,256,1541340
n1_i1,1,1,1,n1_i1::op::/model/layers.1/self_attn/k_proj/MatMul,n1_i1::op_type::layers.*/self_attn::FullyConnected,op,/model/layers.1/self_attn/k_proj/MatMul,layers.*/self_attn,/model/layers.1/self_attn/k_proj/MatMul,FullyConnected,,,,,performance,gtpin_total_execution_cycles,4087524,cycles,1,8,4087524
n1_i1,1,1,1,n1_i1::op::/model/layers.1/self_attn/o_proj/MatMul,n1_i1::op_type::layers.*/self_attn::FullyConnected,op,/model/layers.1/self_attn/o_proj/MatMul,layers.*/self_attn,/model/layers.1/self_attn/o_proj/MatMul,FullyConnected,,,,,performance,gtpin_total_execution_cycles,29351102,cycles,1,64,29351102
n1_i1,1,1,1,n1_i1::op::/model/layers.1/self_attn/q_proj/MatMul,n1_i1::op_type::layers.*/self_attn::FullyConnected,op,/model/layers.1/self_attn/q_proj/MatMul,layers.*/self_attn,/model/layers.1/self_attn/q_proj/MatMul,FullyConnected,,,,,performance,gtpin_total_execution_cycles,31923658,cycles,1,64,31923658
n1_i1,1,1,1,n1_i1::op::/model/layers.1/self_attn/v_proj/MatMul,n1_i1::op_type::layers.*/self_attn::FullyConnected,op,/model/layers.1/self_attn/v_proj/MatMul,layers.*/self_attn,/model/layers.1/self_attn/v_proj/MatMul,FullyConnected,,,,,performance,gtpin_total_execution_cycles,3907410,cycles,1,8,3907410
n1_i1,1,1,1,n1_i1::op::/model/layers.10/input_layernorm/Mul,n1_i1::op_type::layers.*/input_layernorm::RMS,op,/model/layers.10/input_layernorm/Mul,layers.*/input_layernorm,/model/layers.10/input_layernorm/Mul,RMS,,,,,performance,gtpin_total_execution_cycles,2005540,cycles,1,256,2005540
n1_i1,1,1,1,n1_i1::op::/model/layers.10/mlp/down_proj/MatMul,n1_i1::op_type::layers.*/mlp::FullyConnected,op,/model/layers.10/mlp/down_proj/MatMul,layers.*/mlp,/model/layers.10/mlp/down_proj/MatMul,FullyConnected,,,,,performance,gtpin_total_execution_cycles,83953516,cycles,1,64,83953516
n1_i1,1,1,1,n1_i1::op::/model/layers.10/mlp/gate_proj/MatMul,n1_i1::op_type::layers.*/mlp::FullyConnected,op,/model/layers.10/mlp/gate_proj/MatMul,layers.*/mlp,/model/layers.10/mlp/gate_proj/MatMul,FullyConnected,,,,,performance,gtpin_total_execution_cycles,139326178,cycles,1,176,139326178
n1_i1,1,1,1,n1_i1::op::/model/layers.10/mlp/up_proj/MatMul,n1_i1::op_type::layers.*/mlp::FullyConnected,op,/model/layers.10/mlp/up_proj/MatMul,layers.*/mlp,/model/layers.10/mlp/up_proj/MatMul,FullyConnected,,,,,performance,gtpin_total_execution_cycles,112669558,cycles,1,176,112669558
n1_i1,1,1,1,n1_i1::op::/model/layers.10/post_attention_layernorm/Mul,n1_i1::op_type::layers.*/post_attention_layernorm::RMS,op,/model/layers.10/post_attention_layernorm/Mul,layers.*/post_attention_layernorm,/model/layers.10/post_attention_layernorm/Mul,RMS,,,,,performance,gtpin_total_execution_cycles,1997272,cycles,1,256,1997272
n1_i1,1,1,1,n1_i1::op::/model/layers.10/self_attn/Add,n1_i1::op_type::layers.*/self_attn::RoPE,op,/model/layers.10/self_attn/Add,layers.*/self_attn,/model/layers.10/self_attn/Add,RoPE,,,,,performance,gtpin_total_execution_cycles,873606,cycles,1,64,873606
n1_i1,1,1,1,n1_i1::op::/model/layers.10/self_attn/Add_1,n1_i1::op_type::layers.*/self_attn::RoPE,op,/model/layers.10/self_attn/Add_1,layers.*/self_attn,/model/layers.10/self_attn/Add_1,RoPE,,,,,performance,gtpin_total_execution_cycles,65090,cycles,1,8,65090
n1_i1,1,1,1,n1_i1::op::/model/layers.10/self_attn/Expand,n1_i1::op_type::layers.*/self_attn::Broadcast,op,/model/layers.10/self_attn/Expand,layers.*/self_attn,/model/layers.10/self_attn/Expand,Broadcast,,,,,performance,gtpin_total_execution_cycles,5703466,cycles,1,1024,5703466
n1_i1,1,1,1,n1_i1::op::/model/layers.10/self_attn/Expand_1,n1_i1::op_type::layers.*/self_attn::Broadcast,op,/model/layers.10/self_attn/Expand_1,layers.*/self_attn,/model/layers.10/self_attn/Expand_1,Broadcast,,,,,performance,gtpin_total_execution_cycles,4375008,cycles,1,1024,4375008
n1_i1,1,1,1,n1_i1::op::/model/layers.10/self_attn/IsNaN,n1_i1::op_type::layers.*/self_attn::IsNaN,op,/model/layers.10/self_attn/IsNaN,layers.*/self_attn,/model/layers.10/self_attn/IsNaN,IsNaN,,,,,performance,gtpin_total_execution_cycles,1247630,cycles,1,256,1247630
n1_i1,1,1,1,n1_i1::op::/model/layers.10/self_attn/MatMul,n1_i1::op_type::layers.*/self_attn::Gemm,op,/model/layers.10/self_attn/MatMul,layers.*/self_attn,/model/layers.10/self_attn/MatMul,Gemm,,,,,performance,gtpin_total_execution_cycles,3609210,cycles,1,32,3609210
n1_i1,1,1,1,n1_i1::op::/model/layers.10/self_attn/Mul_8,n1_i1::op_type::layers.*/self_attn::Multiply,op,/model/layers.10/self_attn/Mul_8,layers.*/self_attn,/model/layers.10/self_attn/Mul_8,Multiply,,,,,performance,gtpin_total_execution_cycles,5052076,cycles,1,1024,5052076
n1_i1,1,1,1,n1_i1::op::/model/layers.10/self_attn/Softmax,n1_i1::op_type::layers.*/self_attn::Softmax,op,/model/layers.10/self_attn/Softmax,layers.*/self_attn,/model/layers.10/self_attn/Softmax,Softmax,,,,,performance,gtpin_total_execution_cycles,8255354,cycles,1,512,8255354
n1_i1,1,1,1,n1_i1::op::/model/layers.10/self_attn/Transpose_2,n1_i1::op_type::layers.*/self_attn::Transpose,op,/model/layers.10/self_attn/Transpose_2,layers.*/self_attn,/model/layers.10/self_attn/Transpose_2,Transpose,,,,,performance,gtpin_total_execution_cycles,491520,cycles,1,128,491520
n1_i1,1,1,1,n1_i1::op::/model/layers.10/self_attn/Transpose_3,n1_i1::op_type::layers.*/self_attn::Transpose,op,/model/layers.10/self_attn/Transpose_3,layers.*/self_attn,/model/layers.10/self_attn/Transpose_3,Transpose,,,,,performance,gtpin_total_execution_cycles,5546876,cycles,1,1024,5546876
n1_i1,1,1,1,n1_i1::op::/model/layers.10/self_attn/Transpose_4,n1_i1::op_type::layers.*/self_attn::Gemm,op,/model/layers.10/self_attn/Transpose_4,layers.*/self_attn,/model/layers.10/self_attn/Transpose_4,Gemm,,,,,performance,gtpin_total_execution_cycles,2060352,cycles,1,64,2060352
n1_i1,1,1,1,n1_i1::op::/model/layers.10/self_attn/Where_2,n1_i1::op_type::layers.*/self_attn::Select,op,/model/layers.10/self_attn/Where_2,layers.*/self_attn,/model/layers.10/self_attn/Where_2,Select,,,,,performance,gtpin_total_execution_cycles,39904,cycles,1,8,39904
n1_i1,1,1,1,n1_i1::op::/model/layers.10/self_attn/Where_3,n1_i1::op_type::layers.*/self_attn::Select,op,/model/layers.10/self_attn/Where_3,layers.*/self_attn,/model/layers.10/self_attn/Where_3,Select,,,,,performance,gtpin_total_execution_cycles,1444310,cycles,1,256,1444310
n1_i1,1,1,1,n1_i1::op::/model/layers.10/self_attn/k_proj/MatMul,n1_i1::op_type::layers.*/self_attn::FullyConnected,op,/model/layers.10/self_attn/k_proj/MatMul,layers.*/self_attn,/model/layers.10/self_attn/k_proj/MatMul,FullyConnected,,,,,performance,gtpin_total_execution_cycles,3773618,cycles,1,8,3773618
n1_i1,1,1,1,n1_i1::op::/model/layers.10/self_attn/o_proj/MatMul,n1_i1::op_type::layers.*/self_attn::FullyConnected,op,/model/layers.10/self_attn/o_proj/MatMul,layers.*/self_attn,/model/layers.10/self_attn/o_proj/MatMul,FullyConnected,,,,,performance,gtpin_total_execution_cycles,28626906,cycles,1,64,28626906
n1_i1,1,1,1,n1_i1::op::/model/layers.10/self_attn/q_proj/MatMul,n1_i1::op_type::layers.*/self_attn::FullyConnected,op,/model/layers.10/self_attn/q_proj/MatMul,layers.*/self_attn,/model/layers.10/self_attn/q_proj/MatMul,FullyConnected,,,,,performance,gtpin_total_execution_cycles,29454282,cycles,1,64,29454282
n1_i1,1,1,1,n1_i1::op::/model/layers.10/self_attn/v_proj/MatMul,n1_i1::op_type::layers.*/self_attn::FullyConnected,op,/model/layers.10/self_attn/v_proj/MatMul,layers.*/self_attn,/model/layers.10/self_attn/v_proj/MatMul,FullyConnected,,,,,performance,gtpin_total_execution_cycles,3610172,cycles,1,8,3610172
n1_i1,1,1,1,n1_i1::op::/model/layers.11/input_layernorm/Mul,n1_i1::op_type::layers.*/input_layernorm::RMS,op,/model/layers.11/input_layernorm/Mul,layers.*/input_layernorm,/model/layers.11/input_layernorm/Mul,RMS,,,,,performance,gtpin_total_execution_cycles,1994058,cycles,1,256,1994058
n1_i1,1,1,1,n1_i1::op::/model/layers.11/mlp/down_proj/MatMul,n1_i1::op_type::layers.*/mlp::FullyConnected,op,/model/layers.11/mlp/down_proj/MatMul,layers.*/mlp,/model/layers.11/mlp/down_proj/MatMul,FullyConnected,,,,,performance,gtpin_total_execution_cycles,82376076,cycles,1,64,82376076
n1_i1,1,1,1,n1_i1::op::/model/layers.11/mlp/gate_proj/MatMul,n1_i1::op_type::layers.*/mlp::FullyConnected,op,/model/layers.11/mlp/gate_proj/MatMul,layers.*/mlp,/model/layers.11/mlp/gate_proj/MatMul,FullyConnected,,,,,performance,gtpin_total_execution_cycles,148763994,cycles,1,176,148763994
n1_i1,1,1,1,n1_i1::op::/model/layers.11/mlp/up_proj/MatMul,n1_i1::op_type::layers.*/mlp::FullyConnected,op,/model/layers.11/mlp/up_proj/MatMul,layers.*/mlp,/model/layers.11/mlp/up_proj/MatMul,FullyConnected,,,,,performance,gtpin_total_execution_cycles,137108094,cycles,1,176,137108094
n1_i1,1,1,1,n1_i1::op::/model/layers.11/post_attention_layernorm/Mul,n1_i1::op_type::layers.*/post_attention_layernorm::RMS,op,/model/layers.11/post_attention_layernorm/Mul,layers.*/post_attention_layernorm,/model/layers.11/post_attention_layernorm/Mul,RMS,,,,,performance,gtpin_total_execution_cycles,1954816,cycles,1,256,1954816
n1_i1,1,1,1,n1_i1::op::/model/layers.11/self_attn/Add,n1_i1::op_type::layers.*/self_attn::RoPE,op,/model/layers.11/self_attn/Add,layers.*/self_attn,/model/layers.11/self_attn/Add,RoPE,,,,,performance,gtpin_total_execution_cycles,936194,cycles,1,64,936194
n1_i1,1,1,1,n1_i1::op::/model/layers.11/self_attn/Add_1,n1_i1::op_type::layers.*/self_attn::RoPE,op,/model/layers.11/self_attn/Add_1,layers.*/self_attn,/model/layers.11/self_attn/Add_1,RoPE,,,,,performance,gtpin_total_execution_cycles,65216,cycles,1,8,65216
n1_i1,1,1,1,n1_i1::op::/model/layers.11/self_attn/Expand,n1_i1::op_type::layers.*/self_attn::Broadcast,op,/model/layers.11/self_attn/Expand,layers.*/self_attn,/model/layers.11/self_attn/Expand,Broadcast,,,,,performance,gtpin_total_execution_cycles,4094772,cycles,1,1024,4094772
n1_i1,1,1,1,n1_i1::op::/model/layers.11/self_attn/Expand_1,n1_i1::op_type::layers.*/self_attn::Broadcast,op,/model/layers.11/self_attn/Expand_1,layers.*/self_attn,/model/layers.11/self_attn/Expand_1,Broadcast,,,,,performance,gtpin_total_execution_cycles,4641280,cycles,1,1024,4641280
n1_i1,1,1,1,n1_i1::op::/model/layers.11/self_attn/IsNaN,n1_i1::op_type::layers.*/self_attn::IsNaN,op,/model/layers.11/self_attn/IsNaN,layers.*/self_attn,/model/layers.11/self_attn/IsNaN,IsNaN,,,,,performance,gtpin_total_execution_cycles,1292182,cycles,1,256,1292182
n1_i1,1,1,1,n1_i1::op::/model/layers.11/self_attn/MatMul,n1_i1::op_type::layers.*/self_attn::Gemm,op,/model/layers.11/self_attn/MatMul,layers.*/self_attn,/model/layers.11/self_attn/MatMul,Gemm,,,,,performance,gtpin_total_execution_cycles,3530268,cycles,1,32,3530268
n1_i1,1,1,1,n1_i1::op::/model/layers.11/self_attn/Mul_8,n1_i1::op_type::layers.*/self_attn::Multiply,op,/model/layers.11/self_attn/Mul_8,layers.*/self_attn,/model/layers.11/self_attn/Mul_8,Multiply,,,,,performance,gtpin_total_execution_cycles,5171672,cycles,1,1024,5171672
n1_i1,1,1,1,n1_i1::op::/model/layers.11/self_attn/Softmax,n1_i1::op_type::layers.*/self_attn::Softmax,op,/model/layers.11/self_attn/Softmax,layers.*/self_attn,/model/layers.11/self_attn/Softmax,Softmax,,,,,performance,gtpin_total_execution_cycles,8522595,cycles,1,512,8522595
n1_i1,1,1,1,n1_i1::op::/model/layers.11/self_attn/Transpose_2,n1_i1::op_type::layers.*/self_attn::Transpose,op,/model/layers.11/self_attn/Transpose_2,layers.*/self_attn,/model/layers.11/self_attn/Transpose_2,Transpose,,,,,performance,gtpin_total_execution_cycles,532482,cycles,1,128,532482
n1_i1,1,1,1,n1_i1::op::/model/layers.11/self_attn/Transpose_3,n1_i1::op_type::layers.*/self_attn::Transpose,op,/model/layers.11/self_attn/Transpose_3,layers.*/self_attn,/model/layers.11/self_attn/Transpose_3,Transpose,,,,,performance,gtpin_total_execution_cycles,5467486,cycles,1,1024,5467486
n1_i1,1,1,1,n1_i1::op::/model/layers.11/self_attn/Transpose_4,n1_i1::op_type::layers.*/self_attn::Gemm,op,/model/layers.11/self_attn/Transpose_4,layers.*/self_attn,/model/layers.11/self_attn/Transpose_4,Gemm,,,,,performance,gtpin_total_execution_cycles,2447074,cycles,1,64,2447074
n1_i1,1,1,1,n1_i1::op::/model/layers.11/self_attn/Where_2,n1_i1::op_type::layers.*/self_attn::Select,op,/model/layers.11/self_attn/Where_2,layers.*/self_attn,/model/layers.11/self_attn/Where_2,Select,,,,,performance,gtpin_total_execution_cycles,52890,cycles,1,8,52890
n1_i1,1,1,1,n1_i1::op::/model/layers.11/self_attn/Where_3,n1_i1::op_type::layers.*/self_attn::Select,op,/model/layers.11/self_attn/Where_3,layers.*/self_attn,/model/layers.11/self_attn/Where_3,Select,,,,,performance,gtpin_total_execution_cycles,1517040,cycles,1,256,1517040
n1_i1,1,1,1,n1_i1::op::/model/layers.11/self_attn/k_proj/MatMul,n1_i1::op_type::layers.*/self_attn::FullyConnected,op,/model/layers.11/self_attn/k_proj/MatMul,layers.*/self_attn,/model/layers.11/self_attn/k_proj/MatMul,FullyConnected,,,,,performance,gtpin_total_execution_cycles,3977270,cycles,1,8,3977270
n1_i1,1,1,1,n1_i1::op::/model/layers.11/self_attn/o_proj/MatMul,n1_i1::op_type::layers.*/self_attn::FullyConnected,op,/model/layers.11/self_attn/o_proj/MatMul,layers.*/self_attn,/model/layers.11/self_attn/o_proj/MatMul,FullyConnected,,,,,performance,gtpin_total_execution_cycles,31890842,cycles,1,64,31890842
n1_i1,1,1,1,n1_i1::op::/model/layers.11/self_attn/q_proj/MatMul,n1_i1::op_type::layers.*/self_attn::FullyConnected,op,/model/layers.11/self_attn/q_proj/MatMul,layers.*/self_attn,/model/layers.11/self_attn/q_proj/MatMul,FullyConnected,,,,,performance,gtpin_total_execution_cycles,30972932,cycles,1,64,30972932
n1_i1,1,1,1,n1_i1::op::/model/layers.11/self_attn/v_proj/MatMul,n1_i1::op_type::layers.*/self_attn::FullyConnected,op,/model/layers.11/self_attn/v_proj/MatMul,layers.*/self_attn,/model/layers.11/self_attn/v_proj/MatMul,FullyConnected,,,,,performance,gtpin_total_execution_cycles,3793876,cycles,1,8,3793876
n1_i1,1,1,1,n1_i1::op::/model/layers.12/input_layernorm/Mul,n1_i1::op_type::layers.*/input_layernorm::RMS,op,/model/layers.12/input_layernorm/Mul,layers.*/input_layernorm,/model/layers.12/input_layernorm/Mul,RMS,,,,,performance,gtpin_total_execution_cycles,1817616,cycles,1,256,1817616
n1_i1,1,1,1,n1_i1::op::/model/layers.12/mlp/down_proj/MatMul,n1_i1::op_type::layers.*/mlp::FullyConnected,op,/model/layers.12/mlp/down_proj/MatMul,layers.*/mlp,/model/layers.12/mlp/down_proj/MatMul,FullyConnected,,,,,performance,gtpin_total_execution_cycles,78978580,cycles,1,64,78978580
n1_i1,1,1,1,n1_i1::op::/model/layers.12/mlp/gate_proj/MatMul,n1_i1::op_type::layers.*/mlp::FullyConnected,op,/model/layers.12/mlp/gate_proj/MatMul,layers.*/mlp,/model/layers.12/mlp/gate_proj/MatMul,FullyConnected,,,,,performance,gtpin_total_execution_cycles,144941076,cycles,1,176,144941076
n1_i1,1,1,1,n1_i1::op::/model/layers.12/mlp/up_proj/MatMul,n1_i1::op_type::layers.*/mlp::FullyConnected,op,/model/layers.12/mlp/up_proj/MatMul,layers.*/mlp,/model/layers.12/mlp/up_proj/MatMul,FullyConnected,,,,,performance,gtpin_total_execution_cycles,115244792,cycles,1,176,115244792
n1_i1,1,1,1,n1_i1::op::/model/layers.12/post_attention_layernorm/Mul,n1_i1::op_type::layers.*/post_attention_layernorm::RMS,op,/model/layers.12/post_attention_layernorm/Mul,layers.*/post_attention_layernorm,/model/layers.12/post_attention_layernorm/Mul,RMS,,,,,performance,gtpin_total_execution_cycles,1719732,cycles,1,256,1719732
n1_i1,1,1,1,n1_i1::op::/model/layers.12/self_attn/Add,n1_i1::op_type::layers.*/self_attn::RoPE,op,/model/layers.12/self_attn/Add,layers.*/self_attn,/model/layers.12/self_attn/Add,RoPE,,,,,performance,gtpin_total_execution_cycles,857344,cycles,1,64,857344
n1_i1,1,1,1,n1_i1::op::/model/layers.12/self_attn/Add_1,n1_i1::op_type::layers.*/self_attn::RoPE,op,/model/layers.12/self_attn/Add_1,layers.*/self_attn,/model/layers.12/self_attn/Add_1,RoPE,,,,,performance,gtpin_total_execution_cycles,88378,cycles,1,8,88378
n1_i1,1,1,1,n1_i1::op::/model/layers.12/self_attn/Expand,n1_i1::op_type::layers.*/self_attn::Broadcast,op,/model/layers.12/self_attn/Expand,layers.*/self_attn,/model/layers.12/self_attn/Expand,Broadcast,,,,,performance,gtpin_total_execution_cycles,4138302,cycles,1,1024,4138302
n1_i1,1,1,1,n1_i1::op::/model/layers.12/self_attn/Expand_1,n1_i1::op_type::layers.*/self_attn::Broadcast,op,/model/layers.12/self_attn/Expand_1,layers.*/self_attn,/model/layers.12/self_attn/Expand_1,Broadcast,,,,,performance,gtpin_total_execution_cycles,3927218,cycles,1,1024,3927218
n1_i1,1,1,1,n1_i1::op::/model/layers.12/self_attn/IsNaN,n1_i1::op_type::layers.*/self_attn::IsNaN,op,/model/layers.12/self_attn/IsNaN,layers.*/self_attn,/model/layers.12/self_attn/IsNaN,IsNaN,,,,,performance,gtpin_total_execution_cycles,1251648,cycles,1,256,1251648
n1_i1,1,1,1,n1_i1::op::/model/layers.12/self_attn/MatMul,n1_i1::op_type::layers.*/self_attn::Gemm,op,/model/layers.12/self_attn/MatMul,layers.*/self_attn,/model/layers.12/self_attn/MatMul,Gemm,,,,,performance,gtpin_total_execution_cycles,3915596,cycles,1,32,3915596
n1_i1,1,1,1,n1_i1::op::/model/layers.12/self_attn/Mul_8,n1_i1::op_type::layers.*/self_attn::Multiply,op,/model/layers.12/self_attn/Mul_8,layers.*/self_attn,/model/layers.12/self_attn/Mul_8,Multiply,,,,,performance,gtpin_total_execution_cycles,5464736,cycles,1,1024,5464736
n1_i1,1,1,1,n1_i1::op::/model/layers.12/self_attn/Softmax,n1_i1::op_type::layers.*/self_attn::Softmax,op,/model/layers.12/self_attn/Softmax,layers.*/self_attn,/model/layers.12/self_attn/Softmax,Softmax,,,,,performance,gtpin_total_execution_cycles,8207594,cycles,1,512,8207594
n1_i1,1,1,1,n1_i1::op::/model/layers.12/self_attn/Transpose_2,n1_i1::op_type::layers.*/self_attn::Transpose,op,/model/layers.12/self_attn/Transpose_2,layers.*/self_attn,/model/layers.12/self_attn/Transpose_2,Transpose,,,,,performance,gtpin_total_execution_cycles,548770,cycles,1,128,548770
n1_i1,1,1,1,n1_i1::op::/model/layers.12/self_attn/Transpose_3,n1_i1::op_type::layers.*/self_attn::Transpose,op,/model/layers.12/self_attn/Transpose_3,layers.*/self_attn,/model/layers.12/self_attn/Transpose_3,Transpose,,,,,performance,gtpin_total_execution_cycles,5388718,cycles,1,1024,5388718
n1_i1,1,1,1,n1_i1::op::/model/layers.12/self_attn/Transpose_4,n1_i1::op_type::layers.*/self_attn::Gemm,op,/model/layers.12/self_attn/Transpose_4,layers.*/self_attn,/model/layers.12/self_attn/Transpose_4,Gemm,,,,,performance,gtpin_total_execution_cycles,2048398,cycles,1,64,2048398
n1_i1,1,1,1,n1_i1::op::/model/layers.12/self_attn/Where_2,n1_i1::op_type::layers.*/self_attn::Select,op,/model/layers.12/self_attn/Where_2,layers.*/self_attn,/model/layers.12/self_attn/Where_2,Select,,,,,performance,gtpin_total_execution_cycles,40104,cycles,1,8,40104
n1_i1,1,1,1,n1_i1::op::/model/layers.12/self_attn/Where_3,n1_i1::op_type::layers.*/self_attn::Select,op,/model/layers.12/self_attn/Where_3,layers.*/self_attn,/model/layers.12/self_attn/Where_3,Select,,,,,performance,gtpin_total_execution_cycles,1488736,cycles,1,256,1488736
n1_i1,1,1,1,n1_i1::op::/model/layers.12/self_attn/k_proj/MatMul,n1_i1::op_type::layers.*/self_attn::FullyConnected,op,/model/layers.12/self_attn/k_proj/MatMul,layers.*/self_attn,/model/layers.12/self_attn/k_proj/MatMul,FullyConnected,,,,,performance,gtpin_total_execution_cycles,3988110,cycles,1,8,3988110
n1_i1,1,1,1,n1_i1::op::/model/layers.12/self_attn/o_proj/MatMul,n1_i1::op_type::layers.*/self_attn::FullyConnected,op,/model/layers.12/self_attn/o_proj/MatMul,layers.*/self_attn,/model/layers.12/self_attn/o_proj/MatMul,FullyConnected,,,,,performance,gtpin_total_execution_cycles,29090668,cycles,1,64,29090668
n1_i1,1,1,1,n1_i1::op::/model/layers.12/self_attn/q_proj/MatMul,n1_i1::op_type::layers.*/self_attn::FullyConnected,op,/model/layers.12/self_attn/q_proj/MatMul,layers.*/self_attn,/model/layers.12/self_attn/q_proj/MatMul,FullyConnected,,,,,performance,gtpin_total_execution_cycles,30753742,cycles,1,64,30753742
n1_i1,1,1,1,n1_i1::op::/model/layers.12/self_attn/v_proj/MatMul,n1_i1::op_type::layers.*/self_attn::FullyConnected,op,/model/layers.12/self_attn/v_proj/MatMul,layers.*/self_attn,/model/layers.12/self_attn/v_proj/MatMul,FullyConnected,,,,,performance,gtpin_total_execution_cycles,3755342,cycles,1,8,3755342
n1_i1,1,1,1,n1_i1::op::/model/layers.13/input_layernorm/Mul,n1_i1::op_type::layers.*/input_layernorm::RMS,op,/model/layers.13/input_layernorm/Mul,layers.*/input_layernorm,/model/layers.13/input_layernorm/Mul,RMS,,,,,performance,gtpin_total_execution_cycles,1646426,cycles,1,256,1646426
n1_i1,1,1,1,n1_i1::op::/model/layers.13/mlp/down_proj/MatMul,n1_i1::op_type::layers.*/mlp::FullyConnected,op,/model/layers.13/mlp/down_proj/MatMul,layers.*/mlp,/model/layers.13/mlp/down_proj/MatMul,FullyConnected,,,,,performance,gtpin_total_execution_cycles,75529178,cycles,1,64,75529178
n1_i1,1,1,1,n1_i1::op::/model/layers.13/mlp/gate_proj/MatMul,n1_i1::op_type::layers.*/mlp::FullyConnected,op,/model/layers.13/mlp/gate_proj/MatMul,layers.*/mlp,/model/layers.13/mlp/gate_proj/MatMul,FullyConnected,,,,,performance,gtpin_total_execution_cycles,123240044,cycles,1,176,123240044
n1_i1,1,1,1,n1_i1::op::/model/layers.13/mlp/up_proj/MatMul,n1_i1::op_type::layers.*/mlp::FullyConnected,op,/model/layers.13/mlp/up_proj/MatMul,layers.*/mlp,/model/layers.13/mlp/up_proj/MatMul,FullyConnected,,,,,performance,gtpin_total_execution_cycles,101482770,cycles,1,176,101482770
n1_i1,1,1,1,n1_i1::op::/model/layers.13/post_attention_layernorm/Mul,n1_i1::op_type::layers.*/post_attention_layernorm::RMS,op,/model/layers.13/post_attention_layernorm/Mul,layers.*/post_attention_layernorm,/model/layers.13/post_attention_layernorm/Mul,RMS,,,,,performance,gtpin_total_execution_cycles,2077348,cycles,1,256,2077348
n1_i1,1,1,1,n1_i1::op::/model/layers.13/self_attn/Add,n1_i1::op_type::layers.*/self_attn::RoPE,op,/model/layers.13/self_attn/Add,layers.*/self_attn,/model/layers.13/self_attn/Add,RoPE,,,,,performance,gtpin_total_execution_cycles,906332,cycles,1,64,906332
n1_i1,1,1,1,n1_i1::op::/model/layers.13/self_attn/Add_1,n1_i1::op_type::layers.*/self_attn::RoPE,op,/model/layers.13/self_attn/Add_1,layers.*/self_attn,/model/layers.13/self_attn/Add_1,RoPE,,,,,performance,gtpin_total_execution_cycles,73474,cycles,1,8,73474
n1_i1,1,1,1,n1_i1::op::/model/layers.13/self_attn/Expand,n1_i1::op_type::layers.*/self_attn::Broadcast,op,/model/layers.13/self_attn/Expand,layers.*/self_attn,/model/layers.13/self_attn/Expand,Broadcast,,,,,performance,gtpin_total_execution_cycles,5798144,cycles,1,1024,5798144
n1_i1,1,1,1,n1_i1::op::/model/layers.13/self_attn/Expand_1,n1_i1::op_type::layers.*/self_attn::Broadcast,op,/model/layers.13/self_attn/Expand_1,layers.*/self_attn,/model/layers.13/self_attn/Expand_1,Broadcast,,,,,performance,gtpin_total_execution_cycles,4157100,cycles,1,1024,4157100
n1_i1,1,1,1,n1_i1::op::/model/layers.13/self_attn/IsNaN,n1_i1::op_type::layers.*/self_attn::IsNaN,op,/model/layers.13/self_attn/IsNaN,layers.*/self_attn,/model/layers.13/self_attn/IsNaN,IsNaN,,,,,performance,gtpin_total_execution_cycles,1112328,cycles,1,256,1112328
n1_i1,1,1,1,n1_i1::op::/model/layers.13/self_attn/MatMul,n1_i1::op_type::layers.*/self_attn::Gemm,op,/model/layers.13/self_attn/MatMul,layers.*/self_attn,/model/layers.13/self_attn/MatMul,Gemm,,,,,performance,gtpin_total_execution_cycles,3559696,cycles,1,32,3559696
n1_i1,1,1,1,n1_i1::op::/model/layers.13/self_attn/Mul_8,n1_i1::op_type::layers.*/self_attn::Multiply,op,/model/layers.13/self_attn/Mul_8,layers.*/self_attn,/model/layers.13/self_attn/Mul_8,Multiply,,,,,performance,gtpin_total_execution_cycles,5608562,cycles,1,1024,5608562
n1_i1,1,1,1,n1_i1::op::/model/layers.13/self_attn/Softmax,n1_i1::op_type::layers.*/self_attn::Softmax,op,/model/layers.13/self_attn/Softmax,layers.*/self_attn,/model/layers.13/self_attn/Softmax,Softmax,,,,,performance,gtpin_total_execution_cycles,8335900,cycles,1,512,8335900
n1_i1,1,1,1,n1_i1::op::/model/layers.13/self_attn/Transpose_2,n1_i1::op_type::layers.*/self_attn::Transpose,op,/model/layers.13/self_attn/Transpose_2,layers.*/self_attn,/model/layers.13/self_attn/Transpose_2,Transpose,,,,,performance,gtpin_total_execution_cycles,552042,cycles,1,128,552042
n1_i1,1,1,1,n1_i1::op::/model/layers.13/self_attn/Transpose_3,n1_i1::op_type::layers.*/self_attn::Transpose,op,/model/layers.13/self_attn/Transpose_3,layers.*/self_attn,/model/layers.13/self_attn/Transpose_3,Transpose,,,,,performance,gtpin_total_execution_cycles,6014646,cycles,1,1024,6014646
n1_i1,1,1,1,n1_i1::op::/model/layers.13/self_attn/Transpose_4,n1_i1::op_type::layers.*/self_attn::Gemm,op,/model/layers.13/self_attn/Transpose_4,layers.*/self_attn,/model/layers.13/self_attn/Transpose_4,Gemm,,,,,performance,gtpin_total_execution_cycles,2059344,cycles,1,64,2059344
n1_i1,1,1,1,n1_i1::op::/model/layers.13/self_attn/Where_2,n1_i1::op_type::layers.*/self_attn::Select,op,/model/layers.13/self_attn/Where_2,layers.*/self_attn,/model/layers.13/self_attn/Where_2,Select,,,,,performance,gtpin_total_execution_cycles,40616,cycles,1,8,40616
n1_i1,1,1,1,n1_i1::op::/model/layers.13/self_attn/Where_3,n1_i1::op_type::layers.*/self_attn::Select,op,/model/layers.13/self_attn/Where_3,layers.*/self_attn,/model/layers.13/self_attn/Where_3,Select,,,,,performance,gtpin_total_execution_cycles,1493480,cycles,1,256,1493480
n1_i1,1,1,1,n1_i1::op::/model/layers.13/self_attn/k_proj/MatMul,n1_i1::op_type::layers.*/self_attn::FullyConnected,op,/model/layers.13/self_attn/k_proj/MatMul,layers.*/self_attn,/model/layers.13/self_attn/k_proj/MatMul,FullyConnected,,,,,performance,gtpin_total_execution_cycles,3795636,cycles,1,8,3795636
n1_i1,1,1,1,n1_i1::op::/model/layers.13/self_attn/o_proj/MatMul,n1_i1::op_type::layers.*/self_attn::FullyConnected,op,/model/layers.13/self_attn/o_proj/MatMul,layers.*/self_attn,/model/layers.13/self_attn/o_proj/MatMul,FullyConnected,,,,,performance,gtpin_total_execution_cycles,29071446,cycles,1,64,29071446
n1_i1,1,1,1,n1_i1::op::/model/layers.13/self_attn/q_proj/MatMul,n1_i1::op_type::layers.*/self_attn::FullyConnected,op,/model/layers.13/self_attn/q_proj/MatMul,layers.*/self_attn,/model/layers.13/self_attn/q_proj/MatMul,FullyConnected,,,,,performance,gtpin_total_execution_cycles,29400754,cycles,1,64,29400754
n1_i1,1,1,1,n1_i1::op::/model/layers.13/self_attn/v_proj/MatMul,n1_i1::op_type::layers.*/self_attn::FullyConnected,op,/model/layers.13/self_attn/v_proj/MatMul,layers.*/self_attn,/model/layers.13/self_attn/v_proj/MatMul,FullyConnected,,,,,performance,gtpin_total_execution_cycles,3582852,cycles,1,8,3582852
n1_i1,1,1,1,n1_i1::op::/model/layers.14/input_layernorm/Mul,n1_i1::op_type::layers.*/input_layernorm::RMS,op,/model/layers.14/input_layernorm/Mul,layers.*/input_layernorm,/model/layers.14/input_layernorm/Mul,RMS,,,,,performance,gtpin_total_execution_cycles,1409500,cycles,1,256,1409500
n1_i1,1,1,1,n1_i1::op::/model/layers.14/mlp/down_proj/MatMul,n1_i1::op_type::layers.*/mlp::FullyConnected,op,/model/layers.14/mlp/down_proj/MatMul,layers.*/mlp,/model/layers.14/mlp/down_proj/MatMul,FullyConnected,,,,,performance,gtpin_total_execution_cycles,82181310,cycles,1,64,82181310
n1_i1,1,1,1,n1_i1::op::/model/layers.14/mlp/gate_proj/MatMul,n1_i1::op_type::layers.*/mlp::FullyConnected,op,/model/layers.14/mlp/gate_proj/MatMul,layers.*/mlp,/model/layers.14/mlp/gate_proj/MatMul,FullyConnected,,,,,performance,gtpin_total_execution_cycles,164827692,cycles,1,176,164827692
n1_i1,1,1,1,n1_i1::op::/model/layers.14/mlp/up_proj/MatMul,n1_i1::op_type::layers.*/mlp::FullyConnected,op,/model/layers.14/mlp/up_proj/MatMul,layers.*/mlp,/model/layers.14/mlp/up_proj/MatMul,FullyConnected,,,,,performance,gtpin_total_execution_cycles,112127522,cycles,1,176,112127522
n1_i1,1,1,1,n1_i1::op::/model/layers.14/post_attention_layernorm/Mul,n1_i1::op_type::layers.*/post_attention_layernorm::RMS,op,/model/layers.14/post_attention_layernorm/Mul,layers.*/post_attention_layernorm,/model/layers.14/post_attention_layernorm/Mul,RMS,,,,,performance,gtpin_total_execution_cycles,2057818,cycles,1,256,2057818
n1_i1,1,1,1,n1_i1::op::/model/layers.14/self_attn/Add,n1_i1::op_type::layers.*/self_attn::RoPE,op,/model/layers.14/self_attn/Add,layers.*/self_attn,/model/layers.14/self_attn/Add,RoPE,,,,,performance,gtpin_total_execution_cycles,881824,cycles,1,64,881824
n1_i1,1,1,1,n1_i1::op::/model/layers.14/self_attn/Add_1,n1_i1::op_type::layers.*/self_attn::RoPE,op,/model/layers.14/self_attn/Add_1,layers.*/self_attn,/model/layers.14/self_attn/Add_1,RoPE,,,,,performance,gtpin_total_execution_cycles,61058,cycles,1,8,61058
n1_i1,1,1,1,n1_i1::op::/model/layers.14/self_attn/Expand,n1_i1::op_type::layers.*/self_attn::Broadcast,op,/model/layers.14/self_attn/Expand,layers.*/self_attn,/model/layers.14/self_attn/Expand,Broadcast,,,,,performance,gtpin_total_execution_cycles,5995424,cycles,1,1024,5995424
n1_i1,1,1,1,n1_i1::op::/model/layers.14/self_attn/Expand_1,n1_i1::op_type::layers.*/self_attn::Broadcast,op,/model/layers.14/self_attn/Expand_1,layers.*/self_attn,/model/layers.14/self_attn/Expand_1,Broadcast,,,,,performance,gtpin_total_execution_cycles,4083190,cycles,1,1024,4083190
n1_i1,1,1,1,n1_i1::op::/model/layers.14/self_attn/IsNaN,n1_i1::op_type::layers.*/self_attn::IsNaN,op,/model/layers.14/self_attn/IsNaN,layers.*/self_attn,/model/layers.14/self_attn/IsNaN,IsNaN,,,,,performance,gtpin_total_execution_cycles,1840368,cycles,1,256,1840368
n1_i1,1,1,1,n1_i1::op::/model/layers.14/self_attn/MatMul,n1_i1::op_type::layers.*/self_attn::Gemm,op,/model/layers.14/self_attn/MatMul,layers.*/self_attn,/model/layers.14/self_attn/MatMul,Gemm,,,,,performance,gtpin_total_execution_cycles,3480260,cycles,1,32,3480260
n1_i1,1,1,1,n1_i1::op::/model/layers.14/self_attn/Mul_8,n1_i1::op_type::layers.*/self_attn::Multiply,op,/model/layers.14/self_attn/Mul_8,layers.*/self_attn,/model/layers.14/self_attn/Mul_8,Multiply,,,,,performance,gtpin_total_execution_cycles,4792772,cycles,1,1024,4792772
n1_i1,1,1,1,n1_i1::op::/model/layers.14/self_attn/Softmax,n1_i1::op_type::layers.*/self_attn::Softmax,op,/model/layers.14/self_attn/Softmax,layers.*/self_attn,/model/layers.14/self_attn/Softmax,Softmax,,,,,performance,gtpin_total_execution_cycles,8056716,cycles,1,512,8056716
n1_i1,1,1,1,n1_i1::op::/model/layers.14/self_attn/Transpose_2,n1_i1::op_type::layers.*/self_attn::Transpose,op,/model/layers.14/self_attn/Transpose_2,layers.*/self_attn,/model/layers.14/self_attn/Transpose_2,Transpose,,,,,performance,gtpin_total_execution_cycles,508492,cycles,1,128,508492
n1_i1,1,1,1,n1_i1::op::/model/layers.14/self_attn/Transpose_3,n1_i1::op_type::layers.*/self_attn::Transpose,op,/model/layers.14/self_attn/Transpose_3,layers.*/self_attn,/model/layers.14/self_attn/Transpose_3,Transpose,,,,,performance,gtpin_total_execution_cycles,5674212,cycles,1,1024,5674212
n1_i1,1,1,1,n1_i1::op::/model/layers.14/self_attn/Transpose_4,n1_i1::op_type::layers.*/self_attn::Gemm,op,/model/layers.14/self_attn/Transpose_4,layers.*/self_attn,/model/layers.14/self_attn/Transpose_4,Gemm,,,,,performance,gtpin_total_execution_cycles,2089884,cycles,1,64,2089884
n1_i1,1,1,1,n1_i1::op::/model/layers.14/self_attn/Where_2,n1_i1::op_type::layers.*/self_attn::Select,op,/model/layers.14/self_attn/Where_2,layers.*/self_attn,/model/layers.14/self_attn/Where_2,Select,,,,,performance,gtpin_total_execution_cycles,37160,cycles,1,8,37160
n1_i1,1,1,1,n1_i1::op::/model/layers.14/self_attn/Where_3,n1_i1::op_type::layers.*/self_attn::Select,op,/model/layers.14/self_attn/Where_3,layers.*/self_attn,/model/layers.14/self_attn/Where_3,Select,,,,,performance,gtpin_total_execution_cycles,1577266,cycles,1,256,1577266
n1_i1,1,1,1,n1_i1::op::/model/layers.14/self_attn/k_proj/MatMul,n1_i1::op_type::layers.*/self_attn::FullyConnected,op,/model/layers.14/self_attn/k_proj/MatMul,layers.*/self_attn,/model/layers.14/self_attn/k_proj/MatMul,FullyConnected,,,,,performance,gtpin_total_execution_cycles,3689932,cycles,1,8,3689932
n1_i1,1,1,1,n1_i1::op::/model/layers.14/self_attn/o_proj/MatMul,n1_i1::op_type::layers.*/self_attn::FullyConnected,op,/model/layers.14/self_attn/o_proj/MatMul,layers.*/self_attn,/model/layers.14/self_attn/o_proj/MatMul,FullyConnected,,,,,performance,gtpin_total_execution_cycles,28851284,cycles,1,64,28851284
n1_i1,1,1,1,n1_i1::op::/model/layers.14/self_attn/q_proj/MatMul,n1_i1::op_type::layers.*/self_attn::FullyConnected,op,/model/layers.14/self_attn/q_proj/MatMul,layers.*/self_attn,/model/layers.14/self_attn/q_proj/MatMul,FullyConnected,,,,,performance,gtpin_total_execution_cycles,28617120,cycles,1,64,28617120
n1_i1,1,1,1,n1_i1::op::/model/layers.14/self_attn/v_proj/MatMul,n1_i1::op_type::layers.*/self_attn::FullyConnected,op,/model/layers.14/self_attn/v_proj/MatMul,layers.*/self_attn,/model/layers.14/self_attn/v_proj/MatMul,FullyConnected,,,,,performance,gtpin_total_execution_cycles,3491116,cycles,1,8,3491116
n1_i1,1,1,1,n1_i1::op::/model/layers.15/input_layernorm/Mul,n1_i1::op_type::layers.*/input_layernorm::RMS,op,/model/layers.15/input_layernorm/Mul,layers.*/input_layernorm,/model/layers.15/input_layernorm/Mul,RMS,,,,,performance,gtpin_total_execution_cycles,2110452,cycles,1,256,2110452
n1_i1,1,1,1,n1_i1::op::/model/layers.15/mlp/down_proj/MatMul,n1_i1::op_type::layers.*/mlp::FullyConnected,op,/model/layers.15/mlp/down_proj/MatMul,layers.*/mlp,/model/layers.15/mlp/down_proj/MatMul,FullyConnected,,,,,performance,gtpin_total_execution_cycles,76022502,cycles,1,64,76022502
n1_i1,1,1,1,n1_i1::op::/model/layers.15/mlp/gate_proj/MatMul,n1_i1::op_type::layers.*/mlp::FullyConnected,op,/model/layers.15/mlp/gate_proj/MatMul,layers.*/mlp,/model/layers.15/mlp/gate_proj/MatMul,FullyConnected,,,,,performance,gtpin_total_execution_cycles,106755206,cycles,1,176,106755206
n1_i1,1,1,1,n1_i1::op::/model/layers.15/mlp/up_proj/MatMul,n1_i1::op_type::layers.*/mlp::FullyConnected,op,/model/layers.15/mlp/up_proj/MatMul,layers.*/mlp,/model/layers.15/mlp/up_proj/MatMul,FullyConnected,,,,,performance,gtpin_total_execution_cycles,101465718,cycles,1,176,101465718
n1_i1,1,1,1,n1_i1::op::/model/layers.15/post_attention_layernorm/Mul,n1_i1::op_type::layers.*/post_attention_layernorm::RMS,op,/model/layers.15/post_attention_layernorm/Mul,layers.*/post_attention_layernorm,/model/layers.15/post_attention_layernorm/Mul,RMS,,,,,performance,gtpin_total_execution_cycles,1852916,cycles,1,256,1852916
n1_i1,1,1,1,n1_i1::op::/model/layers.15/self_attn/Add,n1_i1::op_type::layers.*/self_attn::RoPE,op,/model/layers.15/self_attn/Add,layers.*/self_attn,/model/layers.15/self_attn/Add,RoPE,,,,,performance,gtpin_total_execution_cycles,943830,cycles,1,64,943830
n1_i1,1,1,1,n1_i1::op::/model/layers.15/self_attn/Add_1,n1_i1::op_type::layers.*/self_attn::RoPE,op,/model/layers.15/self_attn/Add_1,layers.*/self_attn,/model/layers.15/self_attn/Add_1,RoPE,,,,,performance,gtpin_total_execution_cycles,68084,cycles,1,8,68084
n1_i1,1,1,1,n1_i1::op::/model/layers.15/self_attn/Expand,n1_i1::op_type::layers.*/self_attn::Broadcast,op,/model/layers.15/self_attn/Expand,layers.*/self_attn,/model/layers.15/self_attn/Expand,Broadcast,,,,,performance,gtpin_total_execution_cycles,3515750,cycles,1,1024,3515750
n1_i1,1,1,1,n1_i1::op::/model/layers.15/self_attn/Expand_1,n1_i1::op_type::layers.*/self_attn::Broadcast,op,/model/layers.15/self_attn/Expand_1,layers.*/self_attn,/model/layers.15/self_attn/Expand_1,Broadcast,,,,,performance,gtpin_total_execution_cycles,4545622,cycles,1,1024,4545622
n1_i1,1,1,1,n1_i1::op::/model/layers.15/self_attn/IsNaN,n1_i1::op_type::layers.*/self_attn::IsNaN,op,/model/layers.15/self_attn/IsNaN,layers.*/self_attn,/model/layers.15/self_attn/IsNaN,IsNaN,,,,,performance,gtpin_total_execution_cycles,1583778,cycles,1,256,1583778
n1_i1,1,1,1,n1_i1::op::/model/layers.15/self_attn/MatMul,n1_i1::op_type::layers.*/self_attn::Gemm,op,/model/layers.15/self_attn/MatMul,layers.*/self_attn,/model/layers.15/self_attn/MatMul,Gemm,,,,,performance,gtpin_total_execution_cycles,3477244,cycles,1,32,3477244
n1_i1,1,1,1,n1_i1::op::/model/layers.15/self_attn/Mul_8,n1_i1::op_type::layers.*/self_attn::Multiply,op,/model/layers.15/self_attn/Mul_8,layers.*/self_attn,/model/layers.15/self_attn/Mul_8,Multiply,,,,,performance,gtpin_total_execution_cycles,4793236,cycles,1,1024,4793236
n1_i1,1,1,1,n1_i1::op::/model/layers.15/self_attn/Softmax,n1_i1::op_type::layers.*/self_attn::Softmax,op,/model/layers.15/self_attn/Softmax,layers.*/self_attn,/model/layers.15/self_attn/Softmax,Softmax,,,,,performance,gtpin_total_execution_cycles,8085649,cycles,1,512,8085649
n1_i1,1,1,1,n1_i1::op::/model/layers.15/self_attn/Transpose_2,n1_i1::op_type::layers.*/self_attn::Transpose,op,/model/layers.15/self_attn/Transpose_2,layers.*/self_attn,/model/layers.15/self_attn/Transpose_2,Transpose,,,,,performance,gtpin_total_execution_cycles,484246,cycles,1,128,484246
n1_i1,1,1,1,n1_i1::op::/model/layers.15/self_attn/Transpose_3,n1_i1::op_type::layers.*/self_attn::Transpose,op,/model/layers.15/self_attn/Transpose_3,layers.*/self_attn,/model/layers.15/self_attn/Transpose_3,Transpose,,,,,performance,gtpin_total_execution_cycles,4655684,cycles,1,1024,4655684
n1_i1,1,1,1,n1_i1::op::/model/layers.15/self_attn/Transpose_4,n1_i1::op_type::layers.*/self_attn::Gemm,op,/model/layers.15/self_attn/Transpose_4,layers.*/self_attn,/model/layers.15/self_attn/Transpose_4,Gemm,,,,,performance,gtpin_total_execution_cycles,2349112,cycles,1,64,2349112
n1_i1,1,1,1,n1_i1::op::/model/layers.15/self_attn/Where_2,n1_i1::op_type::layers.*/self_attn::Select,op,/model/layers.15/self_attn/Where_2,layers.*/self_attn,/model/layers.15/self_attn/Where_2,Select,,,,,performance,gtpin_total_execution_cycles,34930,cycles,1,8,34930
n1_i1,1,1,1,n1_i1::op::/model/layers.15/self_attn/Where_3,n1_i1::op_type::layers.*/self_attn::Select,op,/model/layers.15/self_attn/Where_3,layers.*/self_attn,/model/layers.15/self_attn/Where_3,Select,,,,,performance,gtpin_total_execution_cycles,1402914,cycles,1,256,1402914
n1_i1,1,1,1,n1_i1::op::/model/layers.15/self_attn/k_proj/MatMul,n1_i1::op_type::layers.*/self_attn::FullyConnected,op,/model/layers.15/self_attn/k_proj/MatMul,layers.*/self_attn,/model/layers.15/self_attn/k_proj/MatMul,FullyConnected,,,,,performance,gtpin_total_execution_cycles,3735056,cycles,1,8,3735056
n1_i1,1,1,1,n1_i1::op::/model/layers.15/self_attn/o_proj/MatMul,n1_i1::op_type::layers.*/self_attn::FullyConnected,op,/model/layers.15/self_attn/o_proj/MatMul,layers.*/self_attn,/model/layers.15/self_attn/o_proj/MatMul,FullyConnected,,,,,performance,gtpin_total_execution_cycles,28709846,cycles,1,64,28709846
n1_i1,1,1,1,n1_i1::op::/model/layers.15/self_attn/q_proj/MatMul,n1_i1::op_type::layers.*/self_attn::FullyConnected,op,/model/layers.15/self_attn/q_proj/MatMul,layers.*/self_attn,/model/layers.15/self_attn/q_proj/MatMul,FullyConnected,,,,,performance,gtpin_total_execution_cycles,29099486,cycles,1,64,29099486
n1_i1,1,1,1,n1_i1::op::/model/layers.15/self_attn/v_proj/MatMul,n1_i1::op_type::layers.*/self_attn::FullyConnected,op,/model/layers.15/self_attn/v_proj/MatMul,layers.*/self_attn,/model/layers.15/self_attn/v_proj/MatMul,FullyConnected,,,,,performance,gtpin_total_execution_cycles,3561266,cycles,1,8,3561266
n1_i1,1,1,1,n1_i1::op::/model/layers.16/input_layernorm/Mul,n1_i1::op_type::layers.*/input_layernorm::RMS,op,/model/layers.16/input_layernorm/Mul,layers.*/input_layernorm,/model/layers.16/input_layernorm/Mul,RMS,,,,,performance,gtpin_total_execution_cycles,1571414,cycles,1,256,1571414
n1_i1,1,1,1,n1_i1::op::/model/layers.16/mlp/down_proj/MatMul,n1_i1::op_type::layers.*/mlp::FullyConnected,op,/model/layers.16/mlp/down_proj/MatMul,layers.*/mlp,/model/layers.16/mlp/down_proj/MatMul,FullyConnected,,,,,performance,gtpin_total_execution_cycles,75955010,cycles,1,64,75955010
n1_i1,1,1,1,n1_i1::op::/model/layers.16/mlp/gate_proj/MatMul,n1_i1::op_type::layers.*/mlp::FullyConnected,op,/model/layers.16/mlp/gate_proj/MatMul,layers.*/mlp,/model/layers.16/mlp/gate_proj/MatMul,FullyConnected,,,,,performance,gtpin_total_execution_cycles,133037866,cycles,1,176,133037866
n1_i1,1,1,1,n1_i1::op::/model/layers.16/mlp/up_proj/MatMul,n1_i1::op_type::layers.*/mlp::FullyConnected,op,/model/layers.16/mlp/up_proj/MatMul,layers.*/mlp,/model/layers.16/mlp/up_proj/MatMul,FullyConnected,,,,,performance,gtpin_total_execution_cycles,116282022,cycles,1,176,116282022
n1_i1,1,1,1,n1_i1::op::/model/layers.16/post_attention_layernorm/Mul,n1_i1::op_type::layers.*/post_attention_layernorm::RMS,op,/model/layers.16/post_attention_layernorm/Mul,layers.*/post_attention_layernorm,/model/layers.16/post_attention_layernorm/Mul,RMS,,,,,performance,gtpin_total_execution_cycles,1757550,cycles,1,256,1757550
n1_i1,1,1,1,n1_i1::op::/model/layers.16/self_attn/Add,n1_i1::op_type::layers.*/self_attn::RoPE,op,/model/layers.16/self_attn/Add,layers.*/self_attn,/model/layers.16/self_attn/Add,RoPE,,,,,performance,gtpin_total_execution_cycles,853934,cycles,1,64,853934
n1_i1,1,1,1,n1_i1::op::/model/layers.16/self_attn/Add_1,n1_i1::op_type::layers.*/self_attn::RoPE,op,/model/layers.16/self_attn/Add_1,layers.*/self_attn,/model/layers.16/self_attn/Add_1,RoPE,,,,,performance,gtpin_total_execution_cycles,59682,cycles,1,8,59682
n1_i1,1,1,1,n1_i1::op::/model/layers.16/self_attn/Expand,n1_i1::op_type::layers.*/self_attn::Broadcast,op,/model/layers.16/self_attn/Expand,layers.*/self_attn,/model/layers.16/self_attn/Expand,Broadcast,,,,,performance,gtpin_total_execution_cycles,3725758,cycles,1,1024,3725758
n1_i1,1,1,1,n1_i1::op::/model/layers.16/self_attn/Expand_1,n1_i1::op_type::layers.*/self_attn::Broadcast,op,/model/layers.16/self_attn/Expand_1,layers.*/self_attn,/model/layers.16/self_attn/Expand_1,Broadcast,,,,,performance,gtpin_total_execution_cycles,4547138,cycles,1,1024,4547138
n1_i1,1,1,1,n1_i1::op::/model/layers.16/self_attn/IsNaN,n1_i1::op_type::layers.*/self_attn::IsNaN,op,/model/layers.16/self_attn/IsNaN,layers.*/self_attn,/model/layers.16/self_attn/IsNaN,IsNaN,,,,,performance,gtpin_total_execution_cycles,1263288,cycles,1,256,1263288
n1_i1,1,1,1,n1_i1::op::/model/layers.16/self_attn/MatMul,n1_i1::op_type::layers.*/self_attn::Gemm,op,/model/layers.16/self_attn/MatMul,layers.*/self_attn,/model/layers.16/self_attn/MatMul,Gemm,,,,,performance,gtpin_total_execution_cycles,3720694,cycles,1,32,3720694
n1_i1,1,1,1,n1_i1::op::/model/layers.16/self_attn/Mul_8,n1_i1::op_type::layers.*/self_attn::Multiply,op,/model/layers.16/self_attn/Mul_8,layers.*/self_attn,/model/layers.16/self_attn/Mul_8,Multiply,,,,,performance,gtpin_total_execution_cycles,4527464,cycles,1,1024,4527464
n1_i1,1,1,1,n1_i1::op::/model/layers.16/self_attn/Softmax,n1_i1::op_type::layers.*/self_attn::Softmax,op,/model/layers.16/self_attn/Softmax,layers.*/self_attn,/model/layers.16/self_attn/Softmax,Softmax,,,,,performance,gtpin_total_execution_cycles,8032033,cycles,1,512,8032033
n1_i1,1,1,1,n1_i1::op::/model/layers.16/self_attn/Transpose_2,n1_i1::op_type::layers.*/self_attn::Transpose,op,/model/layers.16/self_attn/Transpose_2,layers.*/self_attn,/model/layers.16/self_attn/Transpose_2,Transpose,,,,,performance,gtpin_total_execution_cycles,484624,cycles,1,128,484624
n1_i1,1,1,1,n1_i1::op::/model/layers.16/self_attn/Transpose_3,n1_i1::op_type::layers.*/self_attn::Transpose,op,/model/layers.16/self_attn/Transpose_3,layers.*/self_attn,/model/layers.16/self_attn/Transpose_3,Transpose,,,,,performance,gtpin_total_execution_cycles,5065348,cycles,1,1024,5065348
n1_i1,1,1,1,n1_i1::op::/model/layers.16/self_attn/Transpose_4,n1_i1::op_type::layers.*/self_attn::Gemm,op,/model/layers.16/self_attn/Transpose_4,layers.*/self_attn,/model/layers.16/self_attn/Transpose_4,Gemm,,,,,performance,gtpin_total_execution_cycles,2066956,cycles,1,64,2066956
n1_i1,1,1,1,n1_i1::op::/model/layers.16/self_attn/Where_2,n1_i1::op_type::layers.*/self_attn::Select,op,/model/layers.16/self_attn/Where_2,layers.*/self_attn,/model/layers.16/self_attn/Where_2,Select,,,,,performance,gtpin_total_execution_cycles,38416,cycles,1,8,38416
n1_i1,1,1,1,n1_i1::op::/model/layers.16/self_attn/Where_3,n1_i1::op_type::layers.*/self_attn::Select,op,/model/layers.16/self_attn/Where_3,layers.*/self_attn,/model/layers.16/self_attn/Where_3,Select,,,,,performance,gtpin_total_execution_cycles,1597414,cycles,1,256,1597414
n1_i1,1,1,1,n1_i1::op::/model/layers.16/self_attn/k_proj/MatMul,n1_i1::op_type::layers.*/self_attn::FullyConnected,op,/model/layers.16/self_attn/k_proj/MatMul,layers.*/self_attn,/model/layers.16/self_attn/k_proj/MatMul,FullyConnected,,,,,performance,gtpin_total_execution_cycles,3708598,cycles,1,8,3708598
n1_i1,1,1,1,n1_i1::op::/model/layers.16/self_attn/o_proj/MatMul,n1_i1::op_type::layers.*/self_attn::FullyConnected,op,/model/layers.16/self_attn/o_proj/MatMul,layers.*/self_attn,/model/layers.16/self_attn/o_proj/MatMul,FullyConnected,,,,,performance,gtpin_total_execution_cycles,28413100,cycles,1,64,28413100
n1_i1,1,1,1,n1_i1::op::/model/layers.16/self_attn/q_proj/MatMul,n1_i1::op_type::layers.*/self_attn::FullyConnected,op,/model/layers.16/self_attn/q_proj/MatMul,layers.*/self_attn,/model/layers.16/self_attn/q_proj/MatMul,FullyConnected,,,,,performance,gtpin_total_execution_cycles,28906166,cycles,1,64,28906166
n1_i1,1,1,1,n1_i1::op::/model/layers.16/self_attn/v_proj/MatMul,n1_i1::op_type::layers.*/self_attn::FullyConnected,op,/model/layers.16/self_attn/v_proj/MatMul,layers.*/self_attn,/model/layers.16/self_attn/v_proj/MatMul,FullyConnected,,,,,performance,gtpin_total_execution_cycles,3525160,cycles,1,8,3525160
n1_i1,1,1,1,n1_i1::op::/model/layers.17/input_layernorm/Mul,n1_i1::op_type::layers.*/input_layernorm::RMS,op,/model/layers.17/input_layernorm/Mul,layers.*/input_layernorm,/model/layers.17/input_layernorm/Mul,RMS,,,,,performance,gtpin_total_execution_cycles,1664454,cycles,1,256,1664454
n1_i1,1,1,1,n1_i1::op::/model/layers.17/mlp/down_proj/MatMul,n1_i1::op_type::layers.*/mlp::FullyConnected,op,/model/layers.17/mlp/down_proj/MatMul,layers.*/mlp,/model/layers.17/mlp/down_proj/MatMul,FullyConnected,,,,,performance,gtpin_total_execution_cycles,76893626,cycles,1,64,76893626
n1_i1,1,1,1,n1_i1::op::/model/layers.17/mlp/gate_proj/MatMul,n1_i1::op_type::layers.*/mlp::FullyConnected,op,/model/layers.17/mlp/gate_proj/MatMul,layers.*/mlp,/model/layers.17/mlp/gate_proj/MatMul,FullyConnected,,,,,performance,gtpin_total_execution_cycles,113078062,cycles,1,176,113078062
n1_i1,1,1,1,n1_i1::op::/model/layers.17/mlp/up_proj/MatMul,n1_i1::op_type::layers.*/mlp::FullyConnected,op,/model/layers.17/mlp/up_proj/MatMul,layers.*/mlp,/model/layers.17/mlp/up_proj/MatMul,FullyConnected,,,,,performance,gtpin_total_execution_cycles,97358904,cycles,1,176,97358904
n1_i1,1,1,1,n1_i1::op::/model/layers.17/post_attention_layernorm/Mul,n1_i1::op_type::layers.*/post_attention_layernorm::RMS,op,/model/layers.17/post_attention_layernorm/Mul,layers.*/post_attention_layernorm,/model/layers.17/post_attention_layernorm/Mul,RMS,,,,,performance,gtpin_total_execution_cycles,1720126,cycles,1,256,1720126
n1_i1,1,1,1,n1_i1::op::/model/layers.17/self_attn/Add,n1_i1::op_type::layers.*/self_attn::RoPE,op,/model/layers.17/self_attn/Add,layers.*/self_attn,/model/layers.17/self_attn/Add,RoPE,,,,,performance,gtpin_total_execution_cycles,875242,cycles,1,64,875242
n1_i1,1,1,1,n1_i1::op::/model/layers.17/self_attn/Add_1,n1_i1::op_type::layers.*/self_attn::RoPE,op,/model/layers.17/self_attn/Add_1,layers.*/self_attn,/model/layers.17/self_attn/Add_1,RoPE,,,,,performance,gtpin_total_execution_cycles,68746,cycles,1,8,68746
n1_i1,1,1,1,n1_i1::op::/model/layers.17/self_attn/Expand,n1_i1::op_type::layers.*/self_attn::Broadcast,op,/model/layers.17/self_attn/Expand,layers.*/self_attn,/model/layers.17/self_attn/Expand,Broadcast,,,,,performance,gtpin_total_execution_cycles,5770234,cycles,1,1024,5770234
n1_i1,1,1,1,n1_i1::op::/model/layers.17/self_attn/Expand_1,n1_i1::op_type::layers.*/self_attn::Broadcast,op,/model/layers.17/self_attn/Expand_1,layers.*/self_attn,/model/layers.17/self_attn/Expand_1,Broadcast,,,,,performance,gtpin_total_execution_cycles,4347560,cycles,1,1024,4347560
n1_i1,1,1,1,n1_i1::op::/model/layers.17/self_attn/IsNaN,n1_i1::op_type::layers.*/self_attn::IsNaN,op,/model/layers.17/self_attn/IsNaN,layers.*/self_attn,/model/layers.17/self_attn/IsNaN,IsNaN,,,,,performance,gtpin_total_execution_cycles,1232508,cycles,1,256,1232508
n1_i1,1,1,1,n1_i1::op::/model/layers.17/self_attn/MatMul,n1_i1::op_type::layers.*/self_attn::Gemm,op,/model/layers.17/self_attn/MatMul,layers.*/self_attn,/model/layers.17/self_attn/MatMul,Gemm,,,,,performance,gtpin_total_execution_cycles,3461930,cycles,1,32,3461930
n1_i1,1,1,1,n1_i1::op::/model/layers.17/self_attn/Mul_8,n1_i1::op_type::layers.*/self_attn::Multiply,op,/model/layers.17/self_attn/Mul_8,layers.*/self_attn,/model/layers.17/self_attn/Mul_8,Multiply,,,,,performance,gtpin_total_execution_cycles,4684870,cycles,1,1024,4684870
n1_i1,1,1,1,n1_i1::op::/model/layers.17/self_attn/Softmax,n1_i1::op_type::layers.*/self_attn::Softmax,op,/model/layers.17/self_attn/Softmax,layers.*/self_attn,/model/layers.17/self_attn/Softmax,Softmax,,,,,performance,gtpin_total_execution_cycles,8527861,cycles,1,512,8527861
n1_i1,1,1,1,n1_i1::op::/model/layers.17/self_attn/Transpose_2,n1_i1::op_type::layers.*/self_attn::Transpose,op,/model/layers.17/self_attn/Transpose_2,layers.*/self_attn,/model/layers.17/self_attn/Transpose_2,Transpose,,,,,performance,gtpin_total_execution_cycles,509916,cycles,1,128,509916
n1_i1,1,1,1,n1_i1::op::/model/layers.17/self_attn/Transpose_3,n1_i1::op_type::layers.*/self_attn::Transpose,op,/model/layers.17/self_attn/Transpose_3,layers.*/self_attn,/model/layers.17/self_attn/Transpose_3,Transpose,,,,,performance,gtpin_total_execution_cycles,5492186,cycles,1,1024,5492186
n1_i1,1,1,1,n1_i1::op::/model/layers.17/self_attn/Transpose_4,n1_i1::op_type::layers.*/self_attn::Gemm,op,/model/layers.17/self_attn/Transpose_4,layers.*/self_attn,/model/layers.17/self_attn/Transpose_4,Gemm,,,,,performance,gtpin_total_execution_cycles,2011078,cycles,1,64,2011078
n1_i1,1,1,1,n1_i1::op::/model/layers.17/self_attn/Where_2,n1_i1::op_type::layers.*/self_attn::Select,op,/model/layers.17/self_attn/Where_2,layers.*/self_attn,/model/layers.17/self_attn/Where_2,Select,,,,,performance,gtpin_total_execution_cycles,38412,cycles,1,8,38412
n1_i1,1,1,1,n1_i1::op::/model/layers.17/self_attn/Where_3,n1_i1::op_type::layers.*/self_attn::Select,op,/model/layers.17/self_attn/Where_3,layers.*/self_attn,/model/layers.17/self_attn/Where_3,Select,,,,,performance,gtpin_total_execution_cycles,1446726,cycles,1,256,1446726
n1_i1,1,1,1,n1_i1::op::/model/layers.17/self_attn/k_proj/MatMul,n1_i1::op_type::layers.*/self_attn::FullyConnected,op,/model/layers.17/self_attn/k_proj/MatMul,layers.*/self_attn,/model/layers.17/self_attn/k_proj/MatMul,FullyConnected,,,,,performance,gtpin_total_execution_cycles,3698458,cycles,1,8,3698458
n1_i1,1,1,1,n1_i1::op::/model/layers.17/self_attn/o_proj/MatMul,n1_i1::op_type::layers.*/self_attn::FullyConnected,op,/model/layers.17/self_attn/o_proj/MatMul,layers.*/self_attn,/model/layers.17/self_attn/o_proj/MatMul,FullyConnected,,,,,performance,gtpin_total_execution_cycles,28396060,cycles,1,64,28396060
n1_i1,1,1,1,n1_i1::op::/model/layers.17/self_attn/q_proj/MatMul,n1_i1::op_type::layers.*/self_attn::FullyConnected,op,/model/layers.17/self_attn/q_proj/MatMul,layers.*/self_attn,/model/layers.17/self_attn/q_proj/MatMul,FullyConnected,,,,,performance,gtpin_total_execution_cycles,28572592,cycles,1,64,28572592
n1_i1,1,1,1,n1_i1::op::/model/layers.17/self_attn/v_proj/MatMul,n1_i1::op_type::layers.*/self_attn::FullyConnected,op,/model/layers.17/self_attn/v_proj/MatMul,layers.*/self_attn,/model/layers.17/self_attn/v_proj/MatMul,FullyConnected,,,,,performance,gtpin_total_execution_cycles,3474760,cycles,1,8,3474760
n1_i1,1,1,1,n1_i1::op::/model/layers.18/input_layernorm/Mul,n1_i1::op_type::layers.*/input_layernorm::RMS,op,/model/layers.18/input_layernorm/Mul,layers.*/input_layernorm,/model/layers.18/input_layernorm/Mul,RMS,,,,,performance,gtpin_total_execution_cycles,1447728,cycles,1,256,1447728
n1_i1,1,1,1,n1_i1::op::/model/layers.18/mlp/down_proj/MatMul,n1_i1::op_type::layers.*/mlp::FullyConnected,op,/model/layers.18/mlp/down_proj/MatMul,layers.*/mlp,/model/layers.18/mlp/down_proj/MatMul,FullyConnected,,,,,performance,gtpin_total_execution_cycles,78746850,cycles,1,64,78746850
n1_i1,1,1,1,n1_i1::op::/model/layers.18/mlp/gate_proj/MatMul,n1_i1::op_type::layers.*/mlp::FullyConnected,op,/model/layers.18/mlp/gate_proj/MatMul,layers.*/mlp,/model/layers.18/mlp/gate_proj/MatMul,FullyConnected,,,,,performance,gtpin_total_execution_cycles,105451694,cycles,1,176,105451694
n1_i1,1,1,1,n1_i1::op::/model/layers.18/mlp/up_proj/MatMul,n1_i1::op_type::layers.*/mlp::FullyConnected,op,/model/layers.18/mlp/up_proj/MatMul,layers.*/mlp,/model/layers.18/mlp/up_proj/MatMul,FullyConnected,,,,,performance,gtpin_total_execution_cycles,104499254,cycles,1,176,104499254
n1_i1,1,1,1,n1_i1::op::/model/layers.18/post_attention_layernorm/Mul,n1_i1::op_type::layers.*/post_attention_layernorm::RMS,op,/model/layers.18/post_attention_layernorm/Mul,layers.*/post_attention_layernorm,/model/layers.18/post_attention_layernorm/Mul,RMS,,,,,performance,gtpin_total_execution_cycles,1825214,cycles,1,256,1825214
n1_i1,1,1,1,n1_i1::op::/model/layers.18/self_attn/Add,n1_i1::op_type::layers.*/self_attn::RoPE,op,/model/layers.18/self_attn/Add,layers.*/self_attn,/model/layers.18/self_attn/Add,RoPE,,,,,performance,gtpin_total_execution_cycles,909752,cycles,1,64,909752
n1_i1,1,1,1,n1_i1::op::/model/layers.18/self_attn/Add_1,n1_i1::op_type::layers.*/self_attn::RoPE,op,/model/layers.18/self_attn/Add_1,layers.*/self_attn,/model/layers.18/self_attn/Add_1,RoPE,,,,,performance,gtpin_total_execution_cycles,59472,cycles,1,8,59472
n1_i1,1,1,1,n1_i1::op::/model/layers.18/self_attn/Expand,n1_i1::op_type::layers.*/self_attn::Broadcast,op,/model/layers.18/self_attn/Expand,layers.*/self_attn,/model/layers.18/self_attn/Expand,Broadcast,,,,,performance,gtpin_total_execution_cycles,5562144,cycles,1,1024,5562144
n1_i1,1,1,1,n1_i1::op::/model/layers.18/self_attn/Expand_1,n1_i1::op_type::layers.*/self_attn::Broadcast,op,/model/layers.18/self_attn/Expand_1,layers.*/self_attn,/model/layers.18/self_attn/Expand_1,Broadcast,,,,,performance,gtpin_total_execution_cycles,4243540,cycles,1,1024,4243540
n1_i1,1,1,1,n1_i1::op::/model/layers.18/self_attn/IsNaN,n1_i1::op_type::layers.*/self_attn::IsNaN,op,/model/layers.18/self_attn/IsNaN,layers.*/self_attn,/model/layers.18/self_attn/IsNaN,IsNaN,,,,,performance,gtpin_total_execution_cycles,1250250,cycles,1,256,1250250
n1_i1,1,1,1,n1_i1::op::/model/layers.18/self_attn/MatMul,n1_i1::op_type::layers.*/self_attn::Gemm,op,/model/layers.18/self_attn/MatMul,layers.*/self_attn,/model/layers.18/self_attn/MatMul,Gemm,,,,,performance,gtpin_total_execution_cycles,3464396,cycles,1,32,3464396
n1_i1,1,1,1,n1_i1::op::/model/layers.18/self_attn/Mul_8,n1_i1::op_type::layers.*/self_attn::Multiply,op,/model/layers.18/self_attn/Mul_8,layers.*/self_attn,/model/layers.18/self_attn/Mul_8,Multiply,,,,,performance,gtpin_total_execution_cycles,4779076,cycles,1,1024,4779076
n1_i1,1,1,1,n1_i1::op::/model/layers.18/self_attn/Softmax,n1_i1::op_type::layers.*/self_attn::Softmax,op,/model/layers.18/self_attn/Softmax,layers.*/self_attn,/model/layers.18/self_attn/Softmax,Softmax,,,,,performance,gtpin_total_execution_cycles,8108265,cycles,1,512,8108265
n1_i1,1,1,1,n1_i1::op::/model/layers.18/self_attn/Transpose_2,n1_i1::op_type::layers.*/self_attn::Transpose,op,/model/layers.18/self_attn/Transpose_2,layers.*/self_attn,/model/layers.18/self_attn/Transpose_2,Transpose,,,,,performance,gtpin_total_execution_cycles,471106,cycles,1,128,471106
n1_i1,1,1,1,n1_i1::op::/model/layers.18/self_attn/Transpose_3,n1_i1::op_type::layers.*/self_attn::Transpose,op,/model/layers.18/self_attn/Transpose_3,layers.*/self_attn,/model/layers.18/self_attn/Transpose_3,Transpose,,,,,performance,gtpin_total_execution_cycles,5699958,cycles,1,1024,5699958
n1_i1,1,1,1,n1_i1::op::/model/layers.18/self_attn/Transpose_4,n1_i1::op_type::layers.*/self_attn::Gemm,op,/model/layers.18/self_attn/Transpose_4,layers.*/self_attn,/model/layers.18/self_attn/Transpose_4,Gemm,,,,,performance,gtpin_total_execution_cycles,1999202,cycles,1,64,1999202
n1_i1,1,1,1,n1_i1::op::/model/layers.18/self_attn/Where_2,n1_i1::op_type::layers.*/self_attn::Select,op,/model/layers.18/self_attn/Where_2,layers.*/self_attn,/model/layers.18/self_attn/Where_2,Select,,,,,performance,gtpin_total_execution_cycles,37944,cycles,1,8,37944
n1_i1,1,1,1,n1_i1::op::/model/layers.18/self_attn/Where_3,n1_i1::op_type::layers.*/self_attn::Select,op,/model/layers.18/self_attn/Where_3,layers.*/self_attn,/model/layers.18/self_attn/Where_3,Select,,,,,performance,gtpin_total_execution_cycles,1456014,cycles,1,256,1456014
n1_i1,1,1,1,n1_i1::op::/model/layers.18/self_attn/k_proj/MatMul,n1_i1::op_type::layers.*/self_attn::FullyConnected,op,/model/layers.18/self_attn/k_proj/MatMul,layers.*/self_attn,/model/layers.18/self_attn/k_proj/MatMul,FullyConnected,,,,,performance,gtpin_total_execution_cycles,3846806,cycles,1,8,3846806
n1_i1,1,1,1,n1_i1::op::/model/layers.18/self_attn/o_proj/MatMul,n1_i1::op_type::layers.*/self_attn::FullyConnected,op,/model/layers.18/self_attn/o_proj/MatMul,layers.*/self_attn,/model/layers.18/self_attn/o_proj/MatMul,FullyConnected,,,,,performance,gtpin_total_execution_cycles,28883704,cycles,1,64,28883704
n1_i1,1,1,1,n1_i1::op::/model/layers.18/self_attn/q_proj/MatMul,n1_i1::op_type::layers.*/self_attn::FullyConnected,op,/model/layers.18/self_attn/q_proj/MatMul,layers.*/self_attn,/model/layers.18/self_attn/q_proj/MatMul,FullyConnected,,,,,performance,gtpin_total_execution_cycles,30019948,cycles,1,64,30019948
n1_i1,1,1,1,n1_i1::op::/model/layers.18/self_attn/v_proj/MatMul,n1_i1::op_type::layers.*/self_attn::FullyConnected,op,/model/layers.18/self_attn/v_proj/MatMul,layers.*/self_attn,/model/layers.18/self_attn/v_proj/MatMul,FullyConnected,,,,,performance,gtpin_total_execution_cycles,3663324,cycles,1,8,3663324
n1_i1,1,1,1,n1_i1::op::/model/layers.19/input_layernorm/Mul,n1_i1::op_type::layers.*/input_layernorm::RMS,op,/model/layers.19/input_layernorm/Mul,layers.*/input_layernorm,/model/layers.19/input_layernorm/Mul,RMS,,,,,performance,gtpin_total_execution_cycles,2046378,cycles,1,256,2046378
n1_i1,1,1,1,n1_i1::op::/model/layers.19/mlp/down_proj/MatMul,n1_i1::op_type::layers.*/mlp::FullyConnected,op,/model/layers.19/mlp/down_proj/MatMul,layers.*/mlp,/model/layers.19/mlp/down_proj/MatMul,FullyConnected,,,,,performance,gtpin_total_execution_cycles,75478914,cycles,1,64,75478914
n1_i1,1,1,1,n1_i1::op::/model/layers.19/mlp/gate_proj/MatMul,n1_i1::op_type::layers.*/mlp::FullyConnected,op,/model/layers.19/mlp/gate_proj/MatMul,layers.*/mlp,/model/layers.19/mlp/gate_proj/MatMul,FullyConnected,,,,,performance,gtpin_total_execution_cycles,104200524,cycles,1,176,104200524
n1_i1,1,1,1,n1_i1::op::/model/layers.19/mlp/up_proj/MatMul,n1_i1::op_type::layers.*/mlp::FullyConnected,op,/model/layers.19/mlp/up_proj/MatMul,layers.*/mlp,/model/layers.19/mlp/up_proj/MatMul,FullyConnected,,,,,performance,gtpin_total_execution_cycles,98899120,cycles,1,176,98899120
n1_i1,1,1,1,n1_i1::op::/model/layers.19/post_attention_layernorm/Mul,n1_i1::op_type::layers.*/post_attention_layernorm::RMS,op,/model/layers.19/post_attention_layernorm/Mul,layers.*/post_attention_layernorm,/model/layers.19/post_attention_layernorm/Mul,RMS,,,,,performance,gtpin_total_execution_cycles,1857358,cycles,1,256,1857358
n1_i1,1,1,1,n1_i1::op::/model/layers.19/self_attn/Add,n1_i1::op_type::layers.*/self_attn::RoPE,op,/model/layers.19/self_attn/Add,layers.*/self_attn,/model/layers.19/self_attn/Add,RoPE,,,,,performance,gtpin_total_execution_cycles,897192,cycles,1,64,897192
n1_i1,1,1,1,n1_i1::op::/model/layers.19/self_attn/Add_1,n1_i1::op_type::layers.*/self_attn::RoPE,op,/model/layers.19/self_attn/Add_1,layers.*/self_attn,/model/layers.19/self_attn/Add_1,RoPE,,,,,performance,gtpin_total_execution_cycles,66562,cycles,1,8,66562
n1_i1,1,1,1,n1_i1::op::/model/layers.19/self_attn/Expand,n1_i1::op_type::layers.*/self_attn::Broadcast,op,/model/layers.19/self_attn/Expand,layers.*/self_attn,/model/layers.19/self_attn/Expand,Broadcast,,,,,performance,gtpin_total_execution_cycles,4227508,cycles,1,1024,4227508
n1_i1,1,1,1,n1_i1::op::/model/layers.19/self_attn/Expand_1,n1_i1::op_type::layers.*/self_attn::Broadcast,op,/model/layers.19/self_attn/Expand_1,layers.*/self_attn,/model/layers.19/self_attn/Expand_1,Broadcast,,,,,performance,gtpin_total_execution_cycles,4584644,cycles,1,1024,4584644
n1_i1,1,1,1,n1_i1::op::/model/layers.19/self_attn/IsNaN,n1_i1::op_type::layers.*/self_attn::IsNaN,op,/model/layers.19/self_attn/IsNaN,layers.*/self_attn,/model/layers.19/self_attn/IsNaN,IsNaN,,,,,performance,gtpin_total_execution_cycles,1222494,cycles,1,256,1222494
n1_i1,1,1,1,n1_i1::op::/model/layers.19/self_attn/MatMul,n1_i1::op_type::layers.*/self_attn::Gemm,op,/model/layers.19/self_attn/MatMul,layers.*/self_attn,/model/layers.19/self_attn/MatMul,Gemm,,,,,performance,gtpin_total_execution_cycles,3497074,cycles,1,32,3497074
n1_i1,1,1,1,n1_i1::op::/model/layers.19/self_attn/Mul_8,n1_i1::op_type::layers.*/self_attn::Multiply,op,/model/layers.19/self_attn/Mul_8,layers.*/self_attn,/model/layers.19/self_attn/Mul_8,Multiply,,,,,performance,gtpin_total_execution_cycles,4717538,cycles,1,1024,4717538
n1_i1,1,1,1,n1_i1::op::/model/layers.19/self_attn/Softmax,n1_i1::op_type::layers.*/self_attn::Softmax,op,/model/layers.19/self_attn/Softmax,layers.*/self_attn,/model/layers.19/self_attn/Softmax,Softmax,,,,,performance,gtpin_total_execution_cycles,8075843,cycles,1,512,8075843
n1_i1,1,1,1,n1_i1::op::/model/layers.19/self_attn/Transpose_2,n1_i1::op_type::layers.*/self_attn::Transpose,op,/model/layers.19/self_attn/Transpose_2,layers.*/self_attn,/model/layers.19/self_attn/Transpose_2,Transpose,,,,,performance,gtpin_total_execution_cycles,507242,cycles,1,128,507242
n1_i1,1,1,1,n1_i1::op::/model/layers.19/self_attn/Transpose_3,n1_i1::op_type::layers.*/self_attn::Transpose,op,/model/layers.19/self_attn/Transpose_3,layers.*/self_attn,/model/layers.19/self_attn/Transpose_3,Transpose,,,,,performance,gtpin_total_execution_cycles,5398908,cycles,1,1024,5398908
n1_i1,1,1,1,n1_i1::op::/model/layers.19/self_attn/Transpose_4,n1_i1::op_type::layers.*/self_attn::Gemm,op,/model/layers.19/self_attn/Transpose_4,layers.*/self_attn,/model/layers.19/self_attn/Transpose_4,Gemm,,,,,performance,gtpin_total_execution_cycles,2161070,cycles,1,64,2161070
n1_i1,1,1,1,n1_i1::op::/model/layers.19/self_attn/Where_2,n1_i1::op_type::layers.*/self_attn::Select,op,/model/layers.19/self_attn/Where_2,layers.*/self_attn,/model/layers.19/self_attn/Where_2,Select,,,,,performance,gtpin_total_execution_cycles,50374,cycles,1,8,50374
n1_i1,1,1,1,n1_i1::op::/model/layers.19/self_attn/Where_3,n1_i1::op_type::layers.*/self_attn::Select,op,/model/layers.19/self_attn/Where_3,layers.*/self_attn,/model/layers.19/self_attn/Where_3,Select,,,,,performance,gtpin_total_execution_cycles,1352520,cycles,1,256,1352520
n1_i1,1,1,1,n1_i1::op::/model/layers.19/self_attn/k_proj/MatMul,n1_i1::op_type::layers.*/self_attn::FullyConnected,op,/model/layers.19/self_attn/k_proj/MatMul,layers.*/self_attn,/model/layers.19/self_attn/k_proj/MatMul,FullyConnected,,,,,performance,gtpin_total_execution_cycles,3759120,cycles,1,8,3759120
n1_i1,1,1,1,n1_i1::op::/model/layers.19/self_attn/o_proj/MatMul,n1_i1::op_type::layers.*/self_attn::FullyConnected,op,/model/layers.19/self_attn/o_proj/MatMul,layers.*/self_attn,/model/layers.19/self_attn/o_proj/MatMul,FullyConnected,,,,,performance,gtpin_total_execution_cycles,28034308,cycles,1,64,28034308
n1_i1,1,1,1,n1_i1::op::/model/layers.19/self_attn/q_proj/MatMul,n1_i1::op_type::layers.*/self_attn::FullyConnected,op,/model/layers.19/self_attn/q_proj/MatMul,layers.*/self_attn,/model/layers.19/self_attn/q_proj/MatMul,FullyConnected,,,,,performance,gtpin_total_execution_cycles,29156106,cycles,1,64,29156106
n1_i1,1,1,1,n1_i1::op::/model/layers.19/self_attn/v_proj/MatMul,n1_i1::op_type::layers.*/self_attn::FullyConnected,op,/model/layers.19/self_attn/v_proj/MatMul,layers.*/self_attn,/model/layers.19/self_attn/v_proj/MatMul,FullyConnected,,,,,performance,gtpin_total_execution_cycles,3564536,cycles,1,8,3564536
n1_i1,1,1,1,n1_i1::op::/model/layers.2/input_layernorm/Mul,n1_i1::op_type::layers.*/input_layernorm::RMS,op,/model/layers.2/input_layernorm/Mul,layers.*/input_layernorm,/model/layers.2/input_layernorm/Mul,RMS,,,,,performance,gtpin_total_execution_cycles,1710480,cycles,1,256,1710480
n1_i1,1,1,1,n1_i1::op::/model/layers.2/mlp/down_proj/MatMul,n1_i1::op_type::layers.*/mlp::FullyConnected,op,/model/layers.2/mlp/down_proj/MatMul,layers.*/mlp,/model/layers.2/mlp/down_proj/MatMul,FullyConnected,,,,,performance,gtpin_total_execution_cycles,76995824,cycles,1,64,76995824
n1_i1,1,1,1,n1_i1::op::/model/layers.2/mlp/gate_proj/MatMul,n1_i1::op_type::layers.*/mlp::FullyConnected,op,/model/layers.2/mlp/gate_proj/MatMul,layers.*/mlp,/model/layers.2/mlp/gate_proj/MatMul,FullyConnected,,,,,performance,gtpin_total_execution_cycles,108954578,cycles,1,176,108954578
n1_i1,1,1,1,n1_i1::op::/model/layers.2/mlp/up_proj/MatMul,n1_i1::op_type::layers.*/mlp::FullyConnected,op,/model/layers.2/mlp/up_proj/MatMul,layers.*/mlp,/model/layers.2/mlp/up_proj/MatMul,FullyConnected,,,,,performance,gtpin_total_execution_cycles,106755036,cycles,1,176,106755036
n1_i1,1,1,1,n1_i1::op::/model/layers.2/post_attention_layernorm/Mul,n1_i1::op_type::layers.*/post_attention_layernorm::RMS,op,/model/layers.2/post_attention_layernorm/Mul,layers.*/post_attention_layernorm,/model/layers.2/post_attention_layernorm/Mul,RMS,,,,,performance,gtpin_total_execution_cycles,2023240,cycles,1,256,2023240
n1_i1,1,1,1,n1_i1::op::/model/layers.2/self_attn/Add,n1_i1::op_type::layers.*/self_attn::RoPE,op,/model/layers.2/self_attn/Add,layers.*/self_attn,/model/layers.2/self_attn/Add,RoPE,,,,,performance,gtpin_total_execution_cycles,876870,cycles,1,64,876870
n1_i1,1,1,1,n1_i1::op::/model/layers.2/self_attn/Add_1,n1_i1::op_type::layers.*/self_attn::RoPE,op,/model/layers.2/self_attn/Add_1,layers.*/self_attn,/model/layers.2/self_attn/Add_1,RoPE,,,,,performance,gtpin_total_execution_cycles,67842,cycles,1,8,67842
n1_i1,1,1,1,n1_i1::op::/model/layers.2/self_attn/Expand,n1_i1::op_type::layers.*/self_attn::Broadcast,op,/model/layers.2/self_attn/Expand,layers.*/self_attn,/model/layers.2/self_attn/Expand,Broadcast,,,,,performance,gtpin_total_execution_cycles,6130216,cycles,1,1024,6130216
n1_i1,1,1,1,n1_i1::op::/model/layers.2/self_attn/Expand_1,n1_i1::op_type::layers.*/self_attn::Broadcast,op,/model/layers.2/self_attn/Expand_1,layers.*/self_attn,/model/layers.2/self_attn/Expand_1,Broadcast,,,,,performance,gtpin_total_execution_cycles,4396812,cycles,1,1024,4396812
n1_i1,1,1,1,n1_i1::op::/model/layers.2/self_attn/IsNaN,n1_i1::op_type::layers.*/self_attn::IsNaN,op,/model/layers.2/self_attn/IsNaN,layers.*/self_attn,/model/layers.2/self_attn/IsNaN,IsNaN,,,,,performance,gtpin_total_execution_cycles,1885866,cycles,1,256,1885866
n1_i1,1,1,1,n1_i1::op::/model/layers.2/self_attn/MatMul,n1_i1::op_type::layers.*/self_attn::Gemm,op,/model/layers.2/self_attn/MatMul,layers.*/self_attn,/model/layers.2/self_attn/MatMul,Gemm,,,,,performance,gtpin_total_execution_cycles,3475860,cycles,1,32,3475860
n1_i1,1,1,1,n1_i1::op::/model/layers.2/self_attn/Mul_8,n1_i1::op_type::layers.*/self_attn::Multiply,op,/model/layers.2/self_attn/Mul_8,layers.*/self_attn,/model/layers.2/self_attn/Mul_8,Multiply,,,,,performance,gtpin_total_execution_cycles,5230364,cycles,1,1024,5230364
n1_i1,1,1,1,n1_i1::op::/model/layers.2/self_attn/Softmax,n1_i1::op_type::layers.*/self_attn::Softmax,op,/model/layers.2/self_attn/Softmax,layers.*/self_attn,/model/layers.2/self_attn/Softmax,Softmax,,,,,performance,gtpin_total_execution_cycles,8434183,cycles,1,512,8434183
n1_i1,1,1,1,n1_i1::op::/model/layers.2/self_attn/Transpose_2,n1_i1::op_type::layers.*/self_attn::Transpose,op,/model/layers.2/self_attn/Transpose_2,layers.*/self_attn,/model/layers.2/self_attn/Transpose_2,Transpose,,,,,performance,gtpin_total_execution_cycles,498596,cycles,1,128,498596
n1_i1,1,1,1,n1_i1::op::/model/layers.2/self_attn/Transpose_3,n1_i1::op_type::layers.*/self_attn::Transpose,op,/model/layers.2/self_attn/Transpose_3,layers.*/self_attn,/model/layers.2/self_attn/Transpose_3,Transpose,,,,,performance,gtpin_total_execution_cycles,6316114,cycles,1,1024,6316114
n1_i1,1,1,1,n1_i1::op::/model/layers.2/self_attn/Transpose_4,n1_i1::op_type::layers.*/self_attn::Gemm,op,/model/layers.2/self_attn/Transpose_4,layers.*/self_attn,/model/layers.2/self_attn/Transpose_4,Gemm,,,,,performance,gtpin_total_execution_cycles,2071686,cycles,1,64,2071686
n1_i1,1,1,1,n1_i1::op::/model/layers.2/self_attn/Where_2,n1_i1::op_type::layers.*/self_attn::Select,op,/model/layers.2/self_attn/Where_2,layers.*/self_attn,/model/layers.2/self_attn/Where_2,Select,,,,,performance,gtpin_total_execution_cycles,38632,cycles,1,8,38632
n1_i1,1,1,1,n1_i1::op::/model/layers.2/self_attn/Where_3,n1_i1::op_type::layers.*/self_attn::Select,op,/model/layers.2/self_attn/Where_3,layers.*/self_attn,/model/layers.2/self_attn/Where_3,Select,,,,,performance,gtpin_total_execution_cycles,1610508,cycles,1,256,1610508
n1_i1,1,1,1,n1_i1::op::/model/layers.2/self_attn/k_proj/MatMul,n1_i1::op_type::layers.*/self_attn::FullyConnected,op,/model/layers.2/self_attn/k_proj/MatMul,layers.*/self_attn,/model/layers.2/self_attn/k_proj/MatMul,FullyConnected,,,,,performance,gtpin_total_execution_cycles,3932890,cycles,1,8,3932890
n1_i1,1,1,1,n1_i1::op::/model/layers.2/self_attn/o_proj/MatMul,n1_i1::op_type::layers.*/self_attn::FullyConnected,op,/model/layers.2/self_attn/o_proj/MatMul,layers.*/self_attn,/model/layers.2/self_attn/o_proj/MatMul,FullyConnected,,,,,performance,gtpin_total_execution_cycles,28711306,cycles,1,64,28711306
n1_i1,1,1,1,n1_i1::op::/model/layers.2/self_attn/q_proj/MatMul,n1_i1::op_type::layers.*/self_attn::FullyConnected,op,/model/layers.2/self_attn/q_proj/MatMul,layers.*/self_attn,/model/layers.2/self_attn/q_proj/MatMul,FullyConnected,,,,,performance,gtpin_total_execution_cycles,30558736,cycles,1,64,30558736
n1_i1,1,1,1,n1_i1::op::/model/layers.2/self_attn/v_proj/MatMul,n1_i1::op_type::layers.*/self_attn::FullyConnected,op,/model/layers.2/self_attn/v_proj/MatMul,layers.*/self_attn,/model/layers.2/self_attn/v_proj/MatMul,FullyConnected,,,,,performance,gtpin_total_execution_cycles,3734344,cycles,1,8,3734344
n1_i1,1,1,1,n1_i1::op::/model/layers.20/input_layernorm/Mul,n1_i1::op_type::layers.*/input_layernorm::RMS,op,/model/layers.20/input_layernorm/Mul,layers.*/input_layernorm,/model/layers.20/input_layernorm/Mul,RMS,,,,,performance,gtpin_total_execution_cycles,1645870,cycles,1,256,1645870
n1_i1,1,1,1,n1_i1::op::/model/layers.20/mlp/down_proj/MatMul,n1_i1::op_type::layers.*/mlp::FullyConnected,op,/model/layers.20/mlp/down_proj/MatMul,layers.*/mlp,/model/layers.20/mlp/down_proj/MatMul,FullyConnected,,,,,performance,gtpin_total_execution_cycles,80986482,cycles,1,64,80986482
n1_i1,1,1,1,n1_i1::op::/model/layers.20/mlp/gate_proj/MatMul,n1_i1::op_type::layers.*/mlp::FullyConnected,op,/model/layers.20/mlp/gate_proj/MatMul,layers.*/mlp,/model/layers.20/mlp/gate_proj/MatMul,FullyConnected,,,,,performance,gtpin_total_execution_cycles,237232500,cycles,1,176,237232500
n1_i1,1,1,1,n1_i1::op::/model/layers.20/mlp/up_proj/MatMul,n1_i1::op_type::layers.*/mlp::FullyConnected,op,/model/layers.20/mlp/up_proj/MatMul,layers.*/mlp,/model/layers.20/mlp/up_proj/MatMul,FullyConnected,,,,,performance,gtpin_total_execution_cycles,244567962,cycles,1,176,244567962
n1_i1,1,1,1,n1_i1::op::/model/layers.20/post_attention_layernorm/Mul,n1_i1::op_type::layers.*/post_attention_layernorm::RMS,op,/model/layers.20/post_attention_layernorm/Mul,layers.*/post_attention_layernorm,/model/layers.20/post_attention_layernorm/Mul,RMS,,,,,performance,gtpin_total_execution_cycles,2627638,cycles,1,256,2627638
n1_i1,1,1,1,n1_i1::op::/model/layers.20/self_attn/Add,n1_i1::op_type::layers.*/self_attn::RoPE,op,/model/layers.20/self_attn/Add,layers.*/self_attn,/model/layers.20/self_attn/Add,RoPE,,,,,performance,gtpin_total_execution_cycles,1008798,cycles,1,64,1008798
n1_i1,1,1,1,n1_i1::op::/model/layers.20/self_attn/Add_1,n1_i1::op_type::layers.*/self_attn::RoPE,op,/model/layers.20/self_attn/Add_1,layers.*/self_attn,/model/layers.20/self_attn/Add_1,RoPE,,,,,performance,gtpin_total_execution_cycles,63456,cycles,1,8,63456
n1_i1,1,1,1,n1_i1::op::/model/layers.20/self_attn/Expand,n1_i1::op_type::layers.*/self_attn::Broadcast,op,/model/layers.20/self_attn/Expand,layers.*/self_attn,/model/layers.20/self_attn/Expand,Broadcast,,,,,performance,gtpin_total_execution_cycles,3411160,cycles,1,1024,3411160
n1_i1,1,1,1,n1_i1::op::/model/layers.20/self_attn/Expand_1,n1_i1::op_type::layers.*/self_attn::Broadcast,op,/model/layers.20/self_attn/Expand_1,layers.*/self_attn,/model/layers.20/self_attn/Expand_1,Broadcast,,,,,performance,gtpin_total_execution_cycles,4243818,cycles,1,1024,4243818
n1_i1,1,1,1,n1_i1::op::/model/layers.20/self_attn/IsNaN,n1_i1::op_type::layers.*/self_attn::IsNaN,op,/model/layers.20/self_attn/IsNaN,layers.*/self_attn,/model/layers.20/self_attn/IsNaN,IsNaN,,,,,performance,gtpin_total_execution_cycles,1561828,cycles,1,256,1561828
n1_i1,1,1,1,n1_i1::op::/model/layers.20/self_attn/MatMul,n1_i1::op_type::layers.*/self_attn::Gemm,op,/model/layers.20/self_attn/MatMul,layers.*/self_attn,/model/layers.20/self_attn/MatMul,Gemm,,,,,performance,gtpin_total_execution_cycles,3712832,cycles,1,32,3712832
n1_i1,1,1,1,n1_i1::op::/model/layers.20/self_attn/Mul_8,n1_i1::op_type::layers.*/self_attn::Multiply,op,/model/layers.20/self_attn/Mul_8,layers.*/self_attn,/model/layers.20/self_attn/Mul_8,Multiply,,,,,performance,gtpin_total_execution_cycles,5034650,cycles,1,1024,5034650
n1_i1,1,1,1,n1_i1::op::/model/layers.20/self_attn/Softmax,n1_i1::op_type::layers.*/self_attn::Softmax,op,/model/layers.20/self_attn/Softmax,layers.*/self_attn,/model/layers.20/self_attn/Softmax,Softmax,,,,,performance,gtpin_total_execution_cycles,7836691,cycles,1,512,7836691
n1_i1,1,1,1,n1_i1::op::/model/layers.20/self_attn/Transpose_2,n1_i1::op_type::layers.*/self_attn::Transpose,op,/model/layers.20/self_attn/Transpose_2,layers.*/self_attn,/model/layers.20/self_attn/Transpose_2,Transpose,,,,,performance,gtpin_total_execution_cycles,528656,cycles,1,128,528656
n1_i1,1,1,1,n1_i1::op::/model/layers.20/self_attn/Transpose_3,n1_i1::op_type::layers.*/self_attn::Transpose,op,/model/layers.20/self_attn/Transpose_3,layers.*/self_attn,/model/layers.20/self_attn/Transpose_3,Transpose,,,,,performance,gtpin_total_execution_cycles,5131530,cycles,1,1024,5131530
n1_i1,1,1,1,n1_i1::op::/model/layers.20/self_attn/Transpose_4,n1_i1::op_type::layers.*/self_attn::Gemm,op,/model/layers.20/self_attn/Transpose_4,layers.*/self_attn,/model/layers.20/self_attn/Transpose_4,Gemm,,,,,performance,gtpin_total_execution_cycles,2056284,cycles,1,64,2056284
n1_i1,1,1,1,n1_i1::op::/model/layers.20/self_attn/Where_2,n1_i1::op_type::layers.*/self_attn::Select,op,/model/layers.20/self_attn/Where_2,layers.*/self_attn,/model/layers.20/self_attn/Where_2,Select,,,,,performance,gtpin_total_execution_cycles,44442,cycles,1,8,44442
n1_i1,1,1,1,n1_i1::op::/model/layers.20/self_attn/Where_3,n1_i1::op_type::layers.*/self_attn::Select,op,/model/layers.20/self_attn/Where_3,layers.*/self_attn,/model/layers.20/self_attn/Where_3,Select,,,,,performance,gtpin_total_execution_cycles,1631926,cycles,1,256,1631926
n1_i1,1,1,1,n1_i1::op::/model/layers.20/self_attn/k_proj/MatMul,n1_i1::op_type::layers.*/self_attn::FullyConnected,op,/model/layers.20/self_attn/k_proj/MatMul,layers.*/self_attn,/model/layers.20/self_attn/k_proj/MatMul,FullyConnected,,,,,performance,gtpin_total_execution_cycles,3692144,cycles,1,8,3692144
n1_i1,1,1,1,n1_i1::op::/model/layers.20/self_attn/o_proj/MatMul,n1_i1::op_type::layers.*/self_attn::FullyConnected,op,/model/layers.20/self_attn/o_proj/MatMul,layers.*/self_attn,/model/layers.20/self_attn/o_proj/MatMul,FullyConnected,,,,,performance,gtpin_total_execution_cycles,28271218,cycles,1,64,28271218
n1_i1,1,1,1,n1_i1::op::/model/layers.20/self_attn/q_proj/MatMul,n1_i1::op_type::layers.*/self_attn::FullyConnected,op,/model/layers.20/self_attn/q_proj/MatMul,layers.*/self_attn,/model/layers.20/self_attn/q_proj/MatMul,FullyConnected,,,,,performance,gtpin_total_execution_cycles,28554724,cycles,1,64,28554724
n1_i1,1,1,1,n1_i1::op::/model/layers.20/self_attn/v_proj/MatMul,n1_i1::op_type::layers.*/self_attn::FullyConnected,op,/model/layers.20/self_attn/v_proj/MatMul,layers.*/self_attn,/model/layers.20/self_attn/v_proj/MatMul,FullyConnected,,,,,performance,gtpin_total_execution_cycles,3487036,cycles,1,8,3487036
n1_i1,1,1,1,n1_i1::op::/model/layers.21/input_layernorm/Mul,n1_i1::op_type::layers.*/input_layernorm::RMS,op,/model/layers.21/input_layernorm/Mul,layers.*/input_layernorm,/model/layers.21/input_layernorm/Mul,RMS,,,,,performance,gtpin_total_execution_cycles,1731548,cycles,1,256,1731548
n1_i1,1,1,1,n1_i1::op::/model/layers.21/mlp/down_proj/MatMul,n1_i1::op_type::layers.*/mlp::FullyConnected,op,/model/layers.21/mlp/down_proj/MatMul,layers.*/mlp,/model/layers.21/mlp/down_proj/MatMul,FullyConnected,,,,,performance,gtpin_total_execution_cycles,78680358,cycles,1,64,78680358
n1_i1,1,1,1,n1_i1::op::/model/layers.21/mlp/gate_proj/MatMul,n1_i1::op_type::layers.*/mlp::FullyConnected,op,/model/layers.21/mlp/gate_proj/MatMul,layers.*/mlp,/model/layers.21/mlp/gate_proj/MatMul,FullyConnected,,,,,performance,gtpin_total_execution_cycles,130577206,cycles,1,176,130577206
n1_i1,1,1,1,n1_i1::op::/model/layers.21/mlp/up_proj/MatMul,n1_i1::op_type::layers.*/mlp::FullyConnected,op,/model/layers.21/mlp/up_proj/MatMul,layers.*/mlp,/model/layers.21/mlp/up_proj/MatMul,FullyConnected,,,,,performance,gtpin_total_execution_cycles,130685494,cycles,1,176,130685494
n1_i1,1,1,1,n1_i1::op::/model/layers.21/post_attention_layernorm/Mul,n1_i1::op_type::layers.*/post_attention_layernorm::RMS,op,/model/layers.21/post_attention_layernorm/Mul,layers.*/post_attention_layernorm,/model/layers.21/post_attention_layernorm/Mul,RMS,,,,,performance,gtpin_total_execution_cycles,2152432,cycles,1,256,2152432
n1_i1,1,1,1,n1_i1::op::/model/layers.21/self_attn/Add,n1_i1::op_type::layers.*/self_attn::RoPE,op,/model/layers.21/self_attn/Add,layers.*/self_attn,/model/layers.21/self_attn/Add,RoPE,,,,,performance,gtpin_total_execution_cycles,963460,cycles,1,64,963460
n1_i1,1,1,1,n1_i1::op::/model/layers.21/self_attn/Add_1,n1_i1::op_type::layers.*/self_attn::RoPE,op,/model/layers.21/self_attn/Add_1,layers.*/self_attn,/model/layers.21/self_attn/Add_1,RoPE,,,,,performance,gtpin_total_execution_cycles,71084,cycles,1,8,71084
n1_i1,1,1,1,n1_i1::op::/model/layers.21/self_attn/Expand,n1_i1::op_type::layers.*/self_attn::Broadcast,op,/model/layers.21/self_attn/Expand,layers.*/self_attn,/model/layers.21/self_attn/Expand,Broadcast,,,,,performance,gtpin_total_execution_cycles,7169984,cycles,1,1024,7169984
n1_i1,1,1,1,n1_i1::op::/model/layers.21/self_attn/Expand_1,n1_i1::op_type::layers.*/self_attn::Broadcast,op,/model/layers.21/self_attn/Expand_1,layers.*/self_attn,/model/layers.21/self_attn/Expand_1,Broadcast,,,,,performance,gtpin_total_execution_cycles,4240244,cycles,1,1024,4240244
n1_i1,1,1,1,n1_i1::op::/model/layers.21/self_attn/IsNaN,n1_i1::op_type::layers.*/self_attn::IsNaN,op,/model/layers.21/self_attn/IsNaN,layers.*/self_attn,/model/layers.21/self_attn/IsNaN,IsNaN,,,,,performance,gtpin_total_execution_cycles,1254102,cycles,1,256,1254102
n1_i1,1,1,1,n1_i1::op::/model/layers.21/self_attn/MatMul,n1_i1::op_type::layers.*/self_attn::Gemm,op,/model/layers.21/self_attn/MatMul,layers.*/self_attn,/model/layers.21/self_attn/MatMul,Gemm,,,,,performance,gtpin_total_execution_cycles,3547602,cycles,1,32,3547602
n1_i1,1,1,1,n1_i1::op::/model/layers.21/self_attn/Mul_8,n1_i1::op_type::layers.*/self_attn::Multiply,op,/model/layers.21/self_attn/Mul_8,layers.*/self_attn,/model/layers.21/self_attn/Mul_8,Multiply,,,,,performance,gtpin_total_execution_cycles,4717524,cycles,1,1024,4717524
n1_i1,1,1,1,n1_i1::op::/model/layers.21/self_attn/Softmax,n1_i1::op_type::layers.*/self_attn::Softmax,op,/model/layers.21/self_attn/Softmax,layers.*/self_attn,/model/layers.21/self_attn/Softmax,Softmax,,,,,performance,gtpin_total_execution_cycles,8249207,cycles,1,512,8249207
n1_i1,1,1,1,n1_i1::op::/model/layers.21/self_attn/Transpose_2,n1_i1::op_type::layers.*/self_attn::Transpose,op,/model/layers.21/self_attn/Transpose_2,layers.*/self_attn,/model/layers.21/self_attn/Transpose_2,Transpose,,,,,performance,gtpin_total_execution_cycles,528700,cycles,1,128,528700
n1_i1,1,1,1,n1_i1::op::/model/layers.21/self_attn/Transpose_3,n1_i1::op_type::layers.*/self_attn::Transpose,op,/model/layers.21/self_attn/Transpose_3,layers.*/self_attn,/model/layers.21/self_attn/Transpose_3,Transpose,,,,,performance,gtpin_total_execution_cycles,6347362,cycles,1,1024,6347362
n1_i1,1,1,1,n1_i1::op::/model/layers.21/self_attn/Transpose_4,n1_i1::op_type::layers.*/self_attn::Gemm,op,/model/layers.21/self_attn/Transpose_4,layers.*/self_attn,/model/layers.21/self_attn/Transpose_4,Gemm,,,,,performance,gtpin_total_execution_cycles,2098384,cycles,1,64,2098384
n1_i1,1,1,1,n1_i1::op::/model/layers.21/self_attn/Where_2,n1_i1::op_type::layers.*/self_attn::Select,op,/model/layers.21/self_attn/Where_2,layers.*/self_attn,/model/layers.21/self_attn/Where_2,Select,,,,,performance,gtpin_total_execution_cycles,43206,cycles,1,8,43206
n1_i1,1,1,1,n1_i1::op::/model/layers.21/self_attn/Where_3,n1_i1::op_type::layers.*/self_attn::Select,op,/model/layers.21/self_attn/Where_3,layers.*/self_attn,/model/layers.21/self_attn/Where_3,Select,,,,,performance,gtpin_total_execution_cycles,1499702,cycles,1,256,1499702
n1_i1,1,1,1,n1_i1::op::/model/layers.21/self_attn/k_proj/MatMul,n1_i1::op_type::layers.*/self_attn::FullyConnected,op,/model/layers.21/self_attn/k_proj/MatMul,layers.*/self_attn,/model/layers.21/self_attn/k_proj/MatMul,FullyConnected,,,,,performance,gtpin_total_execution_cycles,4385726,cycles,1,8,4385726
n1_i1,1,1,1,n1_i1::op::/model/layers.21/self_attn/o_proj/MatMul,n1_i1::op_type::layers.*/self_attn::FullyConnected,op,/model/layers.21/self_attn/o_proj/MatMul,layers.*/self_attn,/model/layers.21/self_attn/o_proj/MatMul,FullyConnected,,,,,performance,gtpin_total_execution_cycles,29540006,cycles,1,64,29540006
n1_i1,1,1,1,n1_i1::op::/model/layers.21/self_attn/q_proj/MatMul,n1_i1::op_type::layers.*/self_attn::FullyConnected,op,/model/layers.21/self_attn/q_proj/MatMul,layers.*/self_attn,/model/layers.21/self_attn/q_proj/MatMul,FullyConnected,,,,,performance,gtpin_total_execution_cycles,34064172,cycles,1,64,34064172
n1_i1,1,1,1,n1_i1::op::/model/layers.21/self_attn/v_proj/MatMul,n1_i1::op_type::layers.*/self_attn::FullyConnected,op,/model/layers.21/self_attn/v_proj/MatMul,layers.*/self_attn,/model/layers.21/self_attn/v_proj/MatMul,FullyConnected,,,,,performance,gtpin_total_execution_cycles,4170738,cycles,1,8,4170738
n1_i1,1,1,1,n1_i1::op::/model/layers.3/input_layernorm/Mul,n1_i1::op_type::layers.*/input_layernorm::RMS,op,/model/layers.3/input_layernorm/Mul,layers.*/input_layernorm,/model/layers.3/input_layernorm/Mul,RMS,,,,,performance,gtpin_total_execution_cycles,2031338,cycles,1,256,2031338
n1_i1,1,1,1,n1_i1::op::/model/layers.3/mlp/down_proj/MatMul,n1_i1::op_type::layers.*/mlp::FullyConnected,op,/model/layers.3/mlp/down_proj/MatMul,layers.*/mlp,/model/layers.3/mlp/down_proj/MatMul,FullyConnected,,,,,performance,gtpin_total_execution_cycles,80546036,cycles,1,64,80546036
n1_i1,1,1,1,n1_i1::op::/model/layers.3/mlp/gate_proj/MatMul,n1_i1::op_type::layers.*/mlp::FullyConnected,op,/model/layers.3/mlp/gate_proj/MatMul,layers.*/mlp,/model/layers.3/mlp/gate_proj/MatMul,FullyConnected,,,,,performance,gtpin_total_execution_cycles,114467982,cycles,1,176,114467982
n1_i1,1,1,1,n1_i1::op::/model/layers.3/mlp/up_proj/MatMul,n1_i1::op_type::layers.*/mlp::FullyConnected,op,/model/layers.3/mlp/up_proj/MatMul,layers.*/mlp,/model/layers.3/mlp/up_proj/MatMul,FullyConnected,,,,,performance,gtpin_total_execution_cycles,107675044,cycles,1,176,107675044
n1_i1,1,1,1,n1_i1::op::/model/layers.3/post_attention_layernorm/Mul,n1_i1::op_type::layers.*/post_attention_layernorm::RMS,op,/model/layers.3/post_attention_layernorm/Mul,layers.*/post_attention_layernorm,/model/layers.3/post_attention_layernorm/Mul,RMS,,,,,performance,gtpin_total_execution_cycles,2145104,cycles,1,256,2145104
n1_i1,1,1,1,n1_i1::op::/model/layers.3/self_attn/Add,n1_i1::op_type::layers.*/self_attn::RoPE,op,/model/layers.3/self_attn/Add,layers.*/self_attn,/model/layers.3/self_attn/Add,RoPE,,,,,performance,gtpin_total_execution_cycles,1025296,cycles,1,64,1025296
n1_i1,1,1,1,n1_i1::op::/model/layers.3/self_attn/Add_1,n1_i1::op_type::layers.*/self_attn::RoPE,op,/model/layers.3/self_attn/Add_1,layers.*/self_attn,/model/layers.3/self_attn/Add_1,RoPE,,,,,performance,gtpin_total_execution_cycles,64426,cycles,1,8,64426
n1_i1,1,1,1,n1_i1::op::/model/layers.3/self_attn/Expand,n1_i1::op_type::layers.*/self_attn::Broadcast,op,/model/layers.3/self_attn/Expand,layers.*/self_attn,/model/layers.3/self_attn/Expand,Broadcast,,,,,performance,gtpin_total_execution_cycles,4136842,cycles,1,1024,4136842
n1_i1,1,1,1,n1_i1::op::/model/layers.3/self_attn/Expand_1,n1_i1::op_type::layers.*/self_attn::Broadcast,op,/model/layers.3/self_attn/Expand_1,layers.*/self_attn,/model/layers.3/self_attn/Expand_1,Broadcast,,,,,performance,gtpin_total_execution_cycles,6322676,cycles,1,1024,6322676
n1_i1,1,1,1,n1_i1::op::/model/layers.3/self_attn/IsNaN,n1_i1::op_type::layers.*/self_attn::IsNaN,op,/model/layers.3/self_attn/IsNaN,layers.*/self_attn,/model/layers.3/self_attn/IsNaN,IsNaN,,,,,performance,gtpin_total_execution_cycles,1585594,cycles,1,256,1585594
n1_i1,1,1,1,n1_i1::op::/model/layers.3/self_attn/MatMul,n1_i1::op_type::layers.*/self_attn::Gemm,op,/model/layers.3/self_attn/MatMul,layers.*/self_attn,/model/layers.3/self_attn/MatMul,Gemm,,,,,performance,gtpin_total_execution_cycles,3512686,cycles,1,32,3512686
n1_i1,1,1,1,n1_i1::op::/model/layers.3/self_attn/Mul_8,n1_i1::op_type::layers.*/self_attn::Multiply,op,/model/layers.3/self_attn/Mul_8,layers.*/self_attn,/model/layers.3/self_attn/Mul_8,Multiply,,,,,performance,gtpin_total_execution_cycles,4741880,cycles,1,1024,4741880
n1_i1,1,1,1,n1_i1::op::/model/layers.3/self_attn/Softmax,n1_i1::op_type::layers.*/self_attn::Softmax,op,/model/layers.3/self_attn/Softmax,layers.*/self_attn,/model/layers.3/self_attn/Softmax,Softmax,,,,,performance,gtpin_total_execution_cycles,8193134,cycles,1,512,8193134
n1_i1,1,1,1,n1_i1::op::/model/layers.3/self_attn/Transpose_2,n1_i1::op_type::layers.*/self_attn::Transpose,op,/model/layers.3/self_attn/Transpose_2,layers.*/self_attn,/model/layers.3/self_attn/Transpose_2,Transpose,,,,,performance,gtpin_total_execution_cycles,529608,cycles,1,128,529608
n1_i1,1,1,1,n1_i1::op::/model/layers.3/self_attn/Transpose_3,n1_i1::op_type::layers.*/self_attn::Transpose,op,/model/layers.3/self_attn/Transpose_3,layers.*/self_attn,/model/layers.3/self_attn/Transpose_3,Transpose,,,,,performance,gtpin_total_execution_cycles,5657994,cycles,1,1024,5657994
n1_i1,1,1,1,n1_i1::op::/model/layers.3/self_attn/Transpose_4,n1_i1::op_type::layers.*/self_attn::Gemm,op,/model/layers.3/self_attn/Transpose_4,layers.*/self_attn,/model/layers.3/self_attn/Transpose_4,Gemm,,,,,performance,gtpin_total_execution_cycles,2313032,cycles,1,64,2313032
n1_i1,1,1,1,n1_i1::op::/model/layers.3/self_attn/Where_2,n1_i1::op_type::layers.*/self_attn::Select,op,/model/layers.3/self_attn/Where_2,layers.*/self_attn,/model/layers.3/self_attn/Where_2,Select,,,,,performance,gtpin_total_execution_cycles,43948,cycles,1,8,43948
n1_i1,1,1,1,n1_i1::op::/model/layers.3/self_attn/Where_3,n1_i1::op_type::layers.*/self_attn::Select,op,/model/layers.3/self_attn/Where_3,layers.*/self_attn,/model/layers.3/self_attn/Where_3,Select,,,,,performance,gtpin_total_execution_cycles,1471810,cycles,1,256,1471810
n1_i1,1,1,1,n1_i1::op::/model/layers.3/self_attn/k_proj/MatMul,n1_i1::op_type::layers.*/self_attn::FullyConnected,op,/model/layers.3/self_attn/k_proj/MatMul,layers.*/self_attn,/model/layers.3/self_attn/k_proj/MatMul,FullyConnected,,,,,performance,gtpin_total_execution_cycles,3917606,cycles,1,8,3917606
n1_i1,1,1,1,n1_i1::op::/model/layers.3/self_attn/o_proj/MatMul,n1_i1::op_type::layers.*/self_attn::FullyConnected,op,/model/layers.3/self_attn/o_proj/MatMul,layers.*/self_attn,/model/layers.3/self_attn/o_proj/MatMul,FullyConnected,,,,,performance,gtpin_total_execution_cycles,29342778,cycles,1,64,29342778
n1_i1,1,1,1,n1_i1::op::/model/layers.3/self_attn/q_proj/MatMul,n1_i1::op_type::layers.*/self_attn::FullyConnected,op,/model/layers.3/self_attn/q_proj/MatMul,layers.*/self_attn,/model/layers.3/self_attn/q_proj/MatMul,FullyConnected,,,,,performance,gtpin_total_execution_cycles,30470552,cycles,1,64,30470552
n1_i1,1,1,1,n1_i1::op::/model/layers.3/self_attn/v_proj/MatMul,n1_i1::op_type::layers.*/self_attn::FullyConnected,op,/model/layers.3/self_attn/v_proj/MatMul,layers.*/self_attn,/model/layers.3/self_attn/v_proj/MatMul,FullyConnected,,,,,performance,gtpin_total_execution_cycles,3716762,cycles,1,8,3716762
n1_i1,1,1,1,n1_i1::op::/model/layers.4/input_layernorm/Mul,n1_i1::op_type::layers.*/input_layernorm::RMS,op,/model/layers.4/input_layernorm/Mul,layers.*/input_layernorm,/model/layers.4/input_layernorm/Mul,RMS,,,,,performance,gtpin_total_execution_cycles,1767394,cycles,1,256,1767394
n1_i1,1,1,1,n1_i1::op::/model/layers.4/mlp/down_proj/MatMul,n1_i1::op_type::layers.*/mlp::FullyConnected,op,/model/layers.4/mlp/down_proj/MatMul,layers.*/mlp,/model/layers.4/mlp/down_proj/MatMul,FullyConnected,,,,,performance,gtpin_total_execution_cycles,74162450,cycles,1,64,74162450
n1_i1,1,1,1,n1_i1::op::/model/layers.4/mlp/gate_proj/MatMul,n1_i1::op_type::layers.*/mlp::FullyConnected,op,/model/layers.4/mlp/gate_proj/MatMul,layers.*/mlp,/model/layers.4/mlp/gate_proj/MatMul,FullyConnected,,,,,performance,gtpin_total_execution_cycles,95806778,cycles,1,176,95806778
n1_i1,1,1,1,n1_i1::op::/model/layers.4/mlp/up_proj/MatMul,n1_i1::op_type::layers.*/mlp::FullyConnected,op,/model/layers.4/mlp/up_proj/MatMul,layers.*/mlp,/model/layers.4/mlp/up_proj/MatMul,FullyConnected,,,,,performance,gtpin_total_execution_cycles,92919356,cycles,1,176,92919356
n1_i1,1,1,1,n1_i1::op::/model/layers.4/post_attention_layernorm/Mul,n1_i1::op_type::layers.*/post_attention_layernorm::RMS,op,/model/layers.4/post_attention_layernorm/Mul,layers.*/post_attention_layernorm,/model/layers.4/post_attention_layernorm/Mul,RMS,,,,,performance,gtpin_total_execution_cycles,1925894,cycles,1,256,1925894
n1_i1,1,1,1,n1_i1::op::/model/layers.4/self_attn/Add,n1_i1::op_type::layers.*/self_attn::RoPE,op,/model/layers.4/self_attn/Add,layers.*/self_attn,/model/layers.4/self_attn/Add,RoPE,,,,,performance,gtpin_total_execution_cycles,859108,cycles,1,64,859108
n1_i1,1,1,1,n1_i1::op::/model/layers.4/self_attn/Add_1,n1_i1::op_type::layers.*/self_attn::RoPE,op,/model/layers.4/self_attn/Add_1,layers.*/self_attn,/model/layers.4/self_attn/Add_1,RoPE,,,,,performance,gtpin_total_execution_cycles,63760,cycles,1,8,63760
n1_i1,1,1,1,n1_i1::op::/model/layers.4/self_attn/Expand,n1_i1::op_type::layers.*/self_attn::Broadcast,op,/model/layers.4/self_attn/Expand,layers.*/self_attn,/model/layers.4/self_attn/Expand,Broadcast,,,,,performance,gtpin_total_execution_cycles,4068922,cycles,1,1024,4068922
n1_i1,1,1,1,n1_i1::op::/model/layers.4/self_attn/Expand_1,n1_i1::op_type::layers.*/self_attn::Broadcast,op,/model/layers.4/self_attn/Expand_1,layers.*/self_attn,/model/layers.4/self_attn/Expand_1,Broadcast,,,,,performance,gtpin_total_execution_cycles,4304834,cycles,1,1024,4304834
n1_i1,1,1,1,n1_i1::op::/model/layers.4/self_attn/IsNaN,n1_i1::op_type::layers.*/self_attn::IsNaN,op,/model/layers.4/self_attn/IsNaN,layers.*/self_attn,/model/layers.4/self_attn/IsNaN,IsNaN,,,,,performance,gtpin_total_execution_cycles,1319924,cycles,1,256,1319924
n1_i1,1,1,1,n1_i1::op::/model/layers.4/self_attn/MatMul,n1_i1::op_type::layers.*/self_attn::Gemm,op,/model/layers.4/self_attn/MatMul,layers.*/self_attn,/model/layers.4/self_attn/MatMul,Gemm,,,,,performance,gtpin_total_execution_cycles,3774830,cycles,1,32,3774830
n1_i1,1,1,1,n1_i1::op::/model/layers.4/self_attn/Mul_8,n1_i1::op_type::layers.*/self_attn::Multiply,op,/model/layers.4/self_attn/Mul_8,layers.*/self_attn,/model/layers.4/self_attn/Mul_8,Multiply,,,,,performance,gtpin_total_execution_cycles,5117962,cycles,1,1024,5117962
n1_i1,1,1,1,n1_i1::op::/model/layers.4/self_attn/Softmax,n1_i1::op_type::layers.*/self_attn::Softmax,op,/model/layers.4/self_attn/Softmax,layers.*/self_attn,/model/layers.4/self_attn/Softmax,Softmax,,,,,performance,gtpin_total_execution_cycles,8832033,cycles,1,512,8832033
n1_i1,1,1,1,n1_i1::op::/model/layers.4/self_attn/Transpose_2,n1_i1::op_type::layers.*/self_attn::Transpose,op,/model/layers.4/self_attn/Transpose_2,layers.*/self_attn,/model/layers.4/self_attn/Transpose_2,Transpose,,,,,performance,gtpin_total_execution_cycles,531378,cycles,1,128,531378
n1_i1,1,1,1,n1_i1::op::/model/layers.4/self_attn/Transpose_3,n1_i1::op_type::layers.*/self_attn::Transpose,op,/model/layers.4/self_attn/Transpose_3,layers.*/self_attn,/model/layers.4/self_attn/Transpose_3,Transpose,,,,,performance,gtpin_total_execution_cycles,5125380,cycles,1,1024,5125380
n1_i1,1,1,1,n1_i1::op::/model/layers.4/self_attn/Transpose_4,n1_i1::op_type::layers.*/self_attn::Gemm,op,/model/layers.4/self_attn/Transpose_4,layers.*/self_attn,/model/layers.4/self_attn/Transpose_4,Gemm,,,,,performance,gtpin_total_execution_cycles,2013408,cycles,1,64,2013408
n1_i1,1,1,1,n1_i1::op::/model/layers.4/self_attn/Where_2,n1_i1::op_type::layers.*/self_attn::Select,op,/model/layers.4/self_attn/Where_2,layers.*/self_attn,/model/layers.4/self_attn/Where_2,Select,,,,,performance,gtpin_total_execution_cycles,39310,cycles,1,8,39310
n1_i1,1,1,1,n1_i1::op::/model/layers.4/self_attn/Where_3,n1_i1::op_type::layers.*/self_attn::Select,op,/model/layers.4/self_attn/Where_3,layers.*/self_attn,/model/layers.4/self_attn/Where_3,Select,,,,,performance,gtpin_total_execution_cycles,1709268,cycles,1,256,1709268
n1_i1,1,1,1,n1_i1::op::/model/layers.4/self_attn/k_proj/MatMul,n1_i1::op_type::layers.*/self_attn::FullyConnected,op,/model/layers.4/self_attn/k_proj/MatMul,layers.*/self_attn,/model/layers.4/self_attn/k_proj/MatMul,FullyConnected,,,,,performance,gtpin_total_execution_cycles,3696740,cycles,1,8,3696740
n1_i1,1,1,1,n1_i1::op::/model/layers.4/self_attn/o_proj/MatMul,n1_i1::op_type::layers.*/self_attn::FullyConnected,op,/model/layers.4/self_attn/o_proj/MatMul,layers.*/self_attn,/model/layers.4/self_attn/o_proj/MatMul,FullyConnected,,,,,performance,gtpin_total_execution_cycles,27828526,cycles,1,64,27828526
n1_i1,1,1,1,n1_i1::op::/model/layers.4/self_attn/q_proj/MatMul,n1_i1::op_type::layers.*/self_attn::FullyConnected,op,/model/layers.4/self_attn/q_proj/MatMul,layers.*/self_attn,/model/layers.4/self_attn/q_proj/MatMul,FullyConnected,,,,,performance,gtpin_total_execution_cycles,28587608,cycles,1,64,28587608
n1_i1,1,1,1,n1_i1::op::/model/layers.4/self_attn/v_proj/MatMul,n1_i1::op_type::layers.*/self_attn::FullyConnected,op,/model/layers.4/self_attn/v_proj/MatMul,layers.*/self_attn,/model/layers.4/self_attn/v_proj/MatMul,FullyConnected,,,,,performance,gtpin_total_execution_cycles,3490830,cycles,1,8,3490830
n1_i1,1,1,1,n1_i1::op::/model/layers.5/input_layernorm/Mul,n1_i1::op_type::layers.*/input_layernorm::RMS,op,/model/layers.5/input_layernorm/Mul,layers.*/input_layernorm,/model/layers.5/input_layernorm/Mul,RMS,,,,,performance,gtpin_total_execution_cycles,1700282,cycles,1,256,1700282
n1_i1,1,1,1,n1_i1::op::/model/layers.5/mlp/down_proj/MatMul,n1_i1::op_type::layers.*/mlp::FullyConnected,op,/model/layers.5/mlp/down_proj/MatMul,layers.*/mlp,/model/layers.5/mlp/down_proj/MatMul,FullyConnected,,,,,performance,gtpin_total_execution_cycles,75732516,cycles,1,64,75732516
n1_i1,1,1,1,n1_i1::op::/model/layers.5/mlp/gate_proj/MatMul,n1_i1::op_type::layers.*/mlp::FullyConnected,op,/model/layers.5/mlp/gate_proj/MatMul,layers.*/mlp,/model/layers.5/mlp/gate_proj/MatMul,FullyConnected,,,,,performance,gtpin_total_execution_cycles,97845510,cycles,1,176,97845510
n1_i1,1,1,1,n1_i1::op::/model/layers.5/mlp/up_proj/MatMul,n1_i1::op_type::layers.*/mlp::FullyConnected,op,/model/layers.5/mlp/up_proj/MatMul,layers.*/mlp,/model/layers.5/mlp/up_proj/MatMul,FullyConnected,,,,,performance,gtpin_total_execution_cycles,94358846,cycles,1,176,94358846
n1_i1,1,1,1,n1_i1::op::/model/layers.5/post_attention_layernorm/Mul,n1_i1::op_type::layers.*/post_attention_layernorm::RMS,op,/model/layers.5/post_attention_layernorm/Mul,layers.*/post_attention_layernorm,/model/layers.5/post_attention_layernorm/Mul,RMS,,,,,performance,gtpin_total_execution_cycles,2109078,cycles,1,256,2109078
n1_i1,1,1,1,n1_i1::op::/model/layers.5/self_attn/Add,n1_i1::op_type::layers.*/self_attn::RoPE,op,/model/layers.5/self_attn/Add,layers.*/self_attn,/model/layers.5/self_attn/Add,RoPE,,,,,performance,gtpin_total_execution_cycles,914126,cycles,1,64,914126
n1_i1,1,1,1,n1_i1::op::/model/layers.5/self_attn/Add_1,n1_i1::op_type::layers.*/self_attn::RoPE,op,/model/layers.5/self_attn/Add_1,layers.*/self_attn,/model/layers.5/self_attn/Add_1,RoPE,,,,,performance,gtpin_total_execution_cycles,66528,cycles,1,8,66528
n1_i1,1,1,1,n1_i1::op::/model/layers.5/self_attn/Expand,n1_i1::op_type::layers.*/self_attn::Broadcast,op,/model/layers.5/self_attn/Expand,layers.*/self_attn,/model/layers.5/self_attn/Expand,Broadcast,,,,,performance,gtpin_total_execution_cycles,5757260,cycles,1,1024,5757260
n1_i1,1,1,1,n1_i1::op::/model/layers.5/self_attn/Expand_1,n1_i1::op_type::layers.*/self_attn::Broadcast,op,/model/layers.5/self_attn/Expand_1,layers.*/self_attn,/model/layers.5/self_attn/Expand_1,Broadcast,,,,,performance,gtpin_total_execution_cycles,3843126,cycles,1,1024,3843126
n1_i1,1,1,1,n1_i1::op::/model/layers.5/self_attn/IsNaN,n1_i1::op_type::layers.*/self_attn::IsNaN,op,/model/layers.5/self_attn/IsNaN,layers.*/self_attn,/model/layers.5/self_attn/IsNaN,IsNaN,,,,,performance,gtpin_total_execution_cycles,1491518,cycles,1,256,1491518
n1_i1,1,1,1,n1_i1::op::/model/layers.5/self_attn/MatMul,n1_i1::op_type::layers.*/self_attn::Gemm,op,/model/layers.5/self_attn/MatMul,layers.*/self_attn,/model/layers.5/self_attn/MatMul,Gemm,,,,,performance,gtpin_total_execution_cycles,3462810,cycles,1,32,3462810
n1_i1,1,1,1,n1_i1::op::/model/layers.5/self_attn/Mul_8,n1_i1::op_type::layers.*/self_attn::Multiply,op,/model/layers.5/self_attn/Mul_8,layers.*/self_attn,/model/layers.5/self_attn/Mul_8,Multiply,,,,,performance,gtpin_total_execution_cycles,4539412,cycles,1,1024,4539412
n1_i1,1,1,1,n1_i1::op::/model/layers.5/self_attn/Softmax,n1_i1::op_type::layers.*/self_attn::Softmax,op,/model/layers.5/self_attn/Softmax,layers.*/self_attn,/model/layers.5/self_attn/Softmax,Softmax,,,,,performance,gtpin_total_execution_cycles,7957257,cycles,1,512,7957257
n1_i1,1,1,1,n1_i1::op::/model/layers.5/self_attn/Transpose_2,n1_i1::op_type::layers.*/self_attn::Transpose,op,/model/layers.5/self_attn/Transpose_2,layers.*/self_attn,/model/layers.5/self_attn/Transpose_2,Transpose,,,,,performance,gtpin_total_execution_cycles,512770,cycles,1,128,512770
n1_i1,1,1,1,n1_i1::op::/model/layers.5/self_attn/Transpose_3,n1_i1::op_type::layers.*/self_attn::Transpose,op,/model/layers.5/self_attn/Transpose_3,layers.*/self_attn,/model/layers.5/self_attn/Transpose_3,Transpose,,,,,performance,gtpin_total_execution_cycles,5294342,cycles,1,1024,5294342
n1_i1,1,1,1,n1_i1::op::/model/layers.5/self_attn/Transpose_4,n1_i1::op_type::layers.*/self_attn::Gemm,op,/model/layers.5/self_attn/Transpose_4,layers.*/self_attn,/model/layers.5/self_attn/Transpose_4,Gemm,,,,,performance,gtpin_total_execution_cycles,2065990,cycles,1,64,2065990
n1_i1,1,1,1,n1_i1::op::/model/layers.5/self_attn/Where_2,n1_i1::op_type::layers.*/self_attn::Select,op,/model/layers.5/self_attn/Where_2,layers.*/self_attn,/model/layers.5/self_attn/Where_2,Select,,,,,performance,gtpin_total_execution_cycles,37366,cycles,1,8,37366
n1_i1,1,1,1,n1_i1::op::/model/layers.5/self_attn/Where_3,n1_i1::op_type::layers.*/self_attn::Select,op,/model/layers.5/self_attn/Where_3,layers.*/self_attn,/model/layers.5/self_attn/Where_3,Select,,,,,performance,gtpin_total_execution_cycles,1456616,cycles,1,256,1456616
n1_i1,1,1,1,n1_i1::op::/model/layers.5/self_attn/k_proj/MatMul,n1_i1::op_type::layers.*/self_attn::FullyConnected,op,/model/layers.5/self_attn/k_proj/MatMul,layers.*/self_attn,/model/layers.5/self_attn/k_proj/MatMul,FullyConnected,,,,,performance,gtpin_total_execution_cycles,3787998,cycles,1,8,3787998
n1_i1,1,1,1,n1_i1::op::/model/layers.5/self_attn/o_proj/MatMul,n1_i1::op_type::layers.*/self_attn::FullyConnected,op,/model/layers.5/self_attn/o_proj/MatMul,layers.*/self_attn,/model/layers.5/self_attn/o_proj/MatMul,FullyConnected,,,,,performance,gtpin_total_execution_cycles,28144268,cycles,1,64,28144268
n1_i1,1,1,1,n1_i1::op::/model/layers.5/self_attn/q_proj/MatMul,n1_i1::op_type::layers.*/self_attn::FullyConnected,op,/model/layers.5/self_attn/q_proj/MatMul,layers.*/self_attn,/model/layers.5/self_attn/q_proj/MatMul,FullyConnected,,,,,performance,gtpin_total_execution_cycles,29588224,cycles,1,64,29588224
n1_i1,1,1,1,n1_i1::op::/model/layers.5/self_attn/v_proj/MatMul,n1_i1::op_type::layers.*/self_attn::FullyConnected,op,/model/layers.5/self_attn/v_proj/MatMul,layers.*/self_attn,/model/layers.5/self_attn/v_proj/MatMul,FullyConnected,,,,,performance,gtpin_total_execution_cycles,3605392,cycles,1,8,3605392
n1_i1,1,1,1,n1_i1::op::/model/layers.6/input_layernorm/Mul,n1_i1::op_type::layers.*/input_layernorm::RMS,op,/model/layers.6/input_layernorm/Mul,layers.*/input_layernorm,/model/layers.6/input_layernorm/Mul,RMS,,,,,performance,gtpin_total_execution_cycles,1980680,cycles,1,256,1980680
n1_i1,1,1,1,n1_i1::op::/model/layers.6/mlp/down_proj/MatMul,n1_i1::op_type::layers.*/mlp::FullyConnected,op,/model/layers.6/mlp/down_proj/MatMul,layers.*/mlp,/model/layers.6/mlp/down_proj/MatMul,FullyConnected,,,,,performance,gtpin_total_execution_cycles,76293454,cycles,1,64,76293454
n1_i1,1,1,1,n1_i1::op::/model/layers.6/mlp/gate_proj/MatMul,n1_i1::op_type::layers.*/mlp::FullyConnected,op,/model/layers.6/mlp/gate_proj/MatMul,layers.*/mlp,/model/layers.6/mlp/gate_proj/MatMul,FullyConnected,,,,,performance,gtpin_total_execution_cycles,116002842,cycles,1,176,116002842
n1_i1,1,1,1,n1_i1::op::/model/layers.6/mlp/up_proj/MatMul,n1_i1::op_type::layers.*/mlp::FullyConnected,op,/model/layers.6/mlp/up_proj/MatMul,layers.*/mlp,/model/layers.6/mlp/up_proj/MatMul,FullyConnected,,,,,performance,gtpin_total_execution_cycles,102995036,cycles,1,176,102995036
n1_i1,1,1,1,n1_i1::op::/model/layers.6/post_attention_layernorm/Mul,n1_i1::op_type::layers.*/post_attention_layernorm::RMS,op,/model/layers.6/post_attention_layernorm/Mul,layers.*/post_attention_layernorm,/model/layers.6/post_attention_layernorm/Mul,RMS,,,,,performance,gtpin_total_execution_cycles,1793078,cycles,1,256,1793078
n1_i1,1,1,1,n1_i1::op::/model/layers.6/self_attn/Add,n1_i1::op_type::layers.*/self_attn::RoPE,op,/model/layers.6/self_attn/Add,layers.*/self_attn,/model/layers.6/self_attn/Add,RoPE,,,,,performance,gtpin_total_execution_cycles,894086,cycles,1,64,894086
n1_i1,1,1,1,n1_i1::op::/model/layers.6/self_attn/Add_1,n1_i1::op_type::layers.*/self_attn::RoPE,op,/model/layers.6/self_attn/Add_1,layers.*/self_attn,/model/layers.6/self_attn/Add_1,RoPE,,,,,performance,gtpin_total_execution_cycles,75324,cycles,1,8,75324
n1_i1,1,1,1,n1_i1::op::/model/layers.6/self_attn/Expand,n1_i1::op_type::layers.*/self_attn::Broadcast,op,/model/layers.6/self_attn/Expand,layers.*/self_attn,/model/layers.6/self_attn/Expand,Broadcast,,,,,performance,gtpin_total_execution_cycles,5797566,cycles,1,1024,5797566
n1_i1,1,1,1,n1_i1::op::/model/layers.6/self_attn/Expand_1,n1_i1::op_type::layers.*/self_attn::Broadcast,op,/model/layers.6/self_attn/Expand_1,layers.*/self_attn,/model/layers.6/self_attn/Expand_1,Broadcast,,,,,performance,gtpin_total_execution_cycles,4075176,cycles,1,1024,4075176
n1_i1,1,1,1,n1_i1::op::/model/layers.6/self_attn/IsNaN,n1_i1::op_type::layers.*/self_attn::IsNaN,op,/model/layers.6/self_attn/IsNaN,layers.*/self_attn,/model/layers.6/self_attn/IsNaN,IsNaN,,,,,performance,gtpin_total_execution_cycles,1485828,cycles,1,256,1485828
n1_i1,1,1,1,n1_i1::op::/model/layers.6/self_attn/MatMul,n1_i1::op_type::layers.*/self_attn::Gemm,op,/model/layers.6/self_attn/MatMul,layers.*/self_attn,/model/layers.6/self_attn/MatMul,Gemm,,,,,performance,gtpin_total_execution_cycles,3467278,cycles,1,32,3467278
n1_i1,1,1,1,n1_i1::op::/model/layers.6/self_attn/Mul_8,n1_i1::op_type::layers.*/self_attn::Multiply,op,/model/layers.6/self_attn/Mul_8,layers.*/self_attn,/model/layers.6/self_attn/Mul_8,Multiply,,,,,performance,gtpin_total_execution_cycles,5025586,cycles,1,1024,5025586
n1_i1,1,1,1,n1_i1::op::/model/layers.6/self_attn/Softmax,n1_i1::op_type::layers.*/self_attn::Softmax,op,/model/layers.6/self_attn/Softmax,layers.*/self_attn,/model/layers.6/self_attn/Softmax,Softmax,,,,,performance,gtpin_total_execution_cycles,7994520,cycles,1,512,7994520
n1_i1,1,1,1,n1_i1::op::/model/layers.6/self_attn/Transpose_2,n1_i1::op_type::layers.*/self_attn::Transpose,op,/model/layers.6/self_attn/Transpose_2,layers.*/self_attn,/model/layers.6/self_attn/Transpose_2,Transpose,,,,,performance,gtpin_total_execution_cycles,598944,cycles,1,128,598944
n1_i1,1,1,1,n1_i1::op::/model/layers.6/self_attn/Transpose_3,n1_i1::op_type::layers.*/self_attn::Transpose,op,/model/layers.6/self_attn/Transpose_3,layers.*/self_attn,/model/layers.6/self_attn/Transpose_3,Transpose,,,,,performance,gtpin_total_execution_cycles,5368232,cycles,1,1024,5368232
n1_i1,1,1,1,n1_i1::op::/model/layers.6/self_attn/Transpose_4,n1_i1::op_type::layers.*/self_attn::Gemm,op,/model/layers.6/self_attn/Transpose_4,layers.*/self_attn,/model/layers.6/self_attn/Transpose_4,Gemm,,,,,performance,gtpin_total_execution_cycles,2068562,cycles,1,64,2068562
n1_i1,1,1,1,n1_i1::op::/model/layers.6/self_attn/Where_2,n1_i1::op_type::layers.*/self_attn::Select,op,/model/layers.6/self_attn/Where_2,layers.*/self_attn,/model/layers.6/self_attn/Where_2,Select,,,,,performance,gtpin_total_execution_cycles,36392,cycles,1,8,36392
n1_i1,1,1,1,n1_i1::op::/model/layers.6/self_attn/Where_3,n1_i1::op_type::layers.*/self_attn::Select,op,/model/layers.6/self_attn/Where_3,layers.*/self_attn,/model/layers.6/self_attn/Where_3,Select,,,,,performance,gtpin_total_execution_cycles,1426830,cycles,1,256,1426830
n1_i1,1,1,1,n1_i1::op::/model/layers.6/self_attn/k_proj/MatMul,n1_i1::op_type::layers.*/self_attn::FullyConnected,op,/model/layers.6/self_attn/k_proj/MatMul,layers.*/self_attn,/model/layers.6/self_attn/k_proj/MatMul,FullyConnected,,,,,performance,gtpin_total_execution_cycles,3646394,cycles,1,8,3646394
n1_i1,1,1,1,n1_i1::op::/model/layers.6/self_attn/o_proj/MatMul,n1_i1::op_type::layers.*/self_attn::FullyConnected,op,/model/layers.6/self_attn/o_proj/MatMul,layers.*/self_attn,/model/layers.6/self_attn/o_proj/MatMul,FullyConnected,,,,,performance,gtpin_total_execution_cycles,28269068,cycles,1,64,28269068
n1_i1,1,1,1,n1_i1::op::/model/layers.6/self_attn/q_proj/MatMul,n1_i1::op_type::layers.*/self_attn::FullyConnected,op,/model/layers.6/self_attn/q_proj/MatMul,layers.*/self_attn,/model/layers.6/self_attn/q_proj/MatMul,FullyConnected,,,,,performance,gtpin_total_execution_cycles,28232300,cycles,1,64,28232300
n1_i1,1,1,1,n1_i1::op::/model/layers.6/self_attn/v_proj/MatMul,n1_i1::op_type::layers.*/self_attn::FullyConnected,op,/model/layers.6/self_attn/v_proj/MatMul,layers.*/self_attn,/model/layers.6/self_attn/v_proj/MatMul,FullyConnected,,,,,performance,gtpin_total_execution_cycles,3449138,cycles,1,8,3449138
n1_i1,1,1,1,n1_i1::op::/model/layers.7/input_layernorm/Mul,n1_i1::op_type::layers.*/input_layernorm::RMS,op,/model/layers.7/input_layernorm/Mul,layers.*/input_layernorm,/model/layers.7/input_layernorm/Mul,RMS,,,,,performance,gtpin_total_execution_cycles,2082914,cycles,1,256,2082914
n1_i1,1,1,1,n1_i1::op::/model/layers.7/mlp/down_proj/MatMul,n1_i1::op_type::layers.*/mlp::FullyConnected,op,/model/layers.7/mlp/down_proj/MatMul,layers.*/mlp,/model/layers.7/mlp/down_proj/MatMul,FullyConnected,,,,,performance,gtpin_total_execution_cycles,81789346,cycles,1,64,81789346
n1_i1,1,1,1,n1_i1::op::/model/layers.7/mlp/gate_proj/MatMul,n1_i1::op_type::layers.*/mlp::FullyConnected,op,/model/layers.7/mlp/gate_proj/MatMul,layers.*/mlp,/model/layers.7/mlp/gate_proj/MatMul,FullyConnected,,,,,performance,gtpin_total_execution_cycles,130865788,cycles,1,176,130865788
n1_i1,1,1,1,n1_i1::op::/model/layers.7/mlp/up_proj/MatMul,n1_i1::op_type::layers.*/mlp::FullyConnected,op,/model/layers.7/mlp/up_proj/MatMul,layers.*/mlp,/model/layers.7/mlp/up_proj/MatMul,FullyConnected,,,,,performance,gtpin_total_execution_cycles,102296136,cycles,1,176,102296136
n1_i1,1,1,1,n1_i1::op::/model/layers.7/post_attention_layernorm/Mul,n1_i1::op_type::layers.*/post_attention_layernorm::RMS,op,/model/layers.7/post_attention_layernorm/Mul,layers.*/post_attention_layernorm,/model/layers.7/post_attention_layernorm/Mul,RMS,,,,,performance,gtpin_total_execution_cycles,1864378,cycles,1,256,1864378
n1_i1,1,1,1,n1_i1::op::/model/layers.7/self_attn/Add,n1_i1::op_type::layers.*/self_attn::RoPE,op,/model/layers.7/self_attn/Add,layers.*/self_attn,/model/layers.7/self_attn/Add,RoPE,,,,,performance,gtpin_total_execution_cycles,951914,cycles,1,64,951914
n1_i1,1,1,1,n1_i1::op::/model/layers.7/self_attn/Add_1,n1_i1::op_type::layers.*/self_attn::RoPE,op,/model/layers.7/self_attn/Add_1,layers.*/self_attn,/model/layers.7/self_attn/Add_1,RoPE,,,,,performance,gtpin_total_execution_cycles,66384,cycles,1,8,66384
n1_i1,1,1,1,n1_i1::op::/model/layers.7/self_attn/Expand,n1_i1::op_type::layers.*/self_attn::Broadcast,op,/model/layers.7/self_attn/Expand,layers.*/self_attn,/model/layers.7/self_attn/Expand,Broadcast,,,,,performance,gtpin_total_execution_cycles,3980090,cycles,1,1024,3980090
n1_i1,1,1,1,n1_i1::op::/model/layers.7/self_attn/Expand_1,n1_i1::op_type::layers.*/self_attn::Broadcast,op,/model/layers.7/self_attn/Expand_1,layers.*/self_attn,/model/layers.7/self_attn/Expand_1,Broadcast,,,,,performance,gtpin_total_execution_cycles,4777894,cycles,1,1024,4777894
n1_i1,1,1,1,n1_i1::op::/model/layers.7/self_attn/IsNaN,n1_i1::op_type::layers.*/self_attn::IsNaN,op,/model/layers.7/self_attn/IsNaN,layers.*/self_attn,/model/layers.7/self_attn/IsNaN,IsNaN,,,,,performance,gtpin_total_execution_cycles,1236618,cycles,1,256,1236618
n1_i1,1,1,1,n1_i1::op::/model/layers.7/self_attn/MatMul,n1_i1::op_type::layers.*/self_attn::Gemm,op,/model/layers.7/self_attn/MatMul,layers.*/self_attn,/model/layers.7/self_attn/MatMul,Gemm,,,,,performance,gtpin_total_execution_cycles,3491546,cycles,1,32,3491546
n1_i1,1,1,1,n1_i1::op::/model/layers.7/self_attn/Mul_8,n1_i1::op_type::layers.*/self_attn::Multiply,op,/model/layers.7/self_attn/Mul_8,layers.*/self_attn,/model/layers.7/self_attn/Mul_8,Multiply,,,,,performance,gtpin_total_execution_cycles,4711510,cycles,1,1024,4711510
n1_i1,1,1,1,n1_i1::op::/model/layers.7/self_attn/Softmax,n1_i1::op_type::layers.*/self_attn::Softmax,op,/model/layers.7/self_attn/Softmax,layers.*/self_attn,/model/layers.7/self_attn/Softmax,Softmax,,,,,performance,gtpin_total_execution_cycles,7979010,cycles,1,512,7979010
n1_i1,1,1,1,n1_i1::op::/model/layers.7/self_attn/Transpose_2,n1_i1::op_type::layers.*/self_attn::Transpose,op,/model/layers.7/self_attn/Transpose_2,layers.*/self_attn,/model/layers.7/self_attn/Transpose_2,Transpose,,,,,performance,gtpin_total_execution_cycles,540808,cycles,1,128,540808
n1_i1,1,1,1,n1_i1::op::/model/layers.7/self_attn/Transpose_3,n1_i1::op_type::layers.*/self_attn::Transpose,op,/model/layers.7/self_attn/Transpose_3,layers.*/self_attn,/model/layers.7/self_attn/Transpose_3,Transpose,,,,,performance,gtpin_total_execution_cycles,4925384,cycles,1,1024,4925384
n1_i1,1,1,1,n1_i1::op::/model/layers.7/self_attn/Transpose_4,n1_i1::op_type::layers.*/self_attn::Gemm,op,/model/layers.7/self_attn/Transpose_4,layers.*/self_attn,/model/layers.7/self_attn/Transpose_4,Gemm,,,,,performance,gtpin_total_execution_cycles,2200564,cycles,1,64,2200564
n1_i1,1,1,1,n1_i1::op::/model/layers.7/self_attn/Where_2,n1_i1::op_type::layers.*/self_attn::Select,op,/model/layers.7/self_attn/Where_2,layers.*/self_attn,/model/layers.7/self_attn/Where_2,Select,,,,,performance,gtpin_total_execution_cycles,38296,cycles,1,8,38296
n1_i1,1,1,1,n1_i1::op::/model/layers.7/self_attn/Where_3,n1_i1::op_type::layers.*/self_attn::Select,op,/model/layers.7/self_attn/Where_3,layers.*/self_attn,/model/layers.7/self_attn/Where_3,Select,,,,,performance,gtpin_total_execution_cycles,1447556,cycles,1,256,1447556
n1_i1,1,1,1,n1_i1::op::/model/layers.7/self_attn/k_proj/MatMul,n1_i1::op_type::layers.*/self_attn::FullyConnected,op,/model/layers.7/self_attn/k_proj/MatMul,layers.*/self_attn,/model/layers.7/self_attn/k_proj/MatMul,FullyConnected,,,,,performance,gtpin_total_execution_cycles,3749412,cycles,1,8,3749412
n1_i1,1,1,1,n1_i1::op::/model/layers.7/self_attn/o_proj/MatMul,n1_i1::op_type::layers.*/self_attn::FullyConnected,op,/model/layers.7/self_attn/o_proj/MatMul,layers.*/self_attn,/model/layers.7/self_attn/o_proj/MatMul,FullyConnected,,,,,performance,gtpin_total_execution_cycles,28594226,cycles,1,64,28594226
n1_i1,1,1,1,n1_i1::op::/model/layers.7/self_attn/q_proj/MatMul,n1_i1::op_type::layers.*/self_attn::FullyConnected,op,/model/layers.7/self_attn/q_proj/MatMul,layers.*/self_attn,/model/layers.7/self_attn/q_proj/MatMul,FullyConnected,,,,,performance,gtpin_total_execution_cycles,29174676,cycles,1,64,29174676
n1_i1,1,1,1,n1_i1::op::/model/layers.7/self_attn/v_proj/MatMul,n1_i1::op_type::layers.*/self_attn::FullyConnected,op,/model/layers.7/self_attn/v_proj/MatMul,layers.*/self_attn,/model/layers.7/self_attn/v_proj/MatMul,FullyConnected,,,,,performance,gtpin_total_execution_cycles,3576950,cycles,1,8,3576950
n1_i1,1,1,1,n1_i1::op::/model/layers.8/input_layernorm/Mul,n1_i1::op_type::layers.*/input_layernorm::RMS,op,/model/layers.8/input_layernorm/Mul,layers.*/input_layernorm,/model/layers.8/input_layernorm/Mul,RMS,,,,,performance,gtpin_total_execution_cycles,1730752,cycles,1,256,1730752
n1_i1,1,1,1,n1_i1::op::/model/layers.8/mlp/down_proj/MatMul,n1_i1::op_type::layers.*/mlp::FullyConnected,op,/model/layers.8/mlp/down_proj/MatMul,layers.*/mlp,/model/layers.8/mlp/down_proj/MatMul,FullyConnected,,,,,performance,gtpin_total_execution_cycles,76267602,cycles,1,64,76267602
n1_i1,1,1,1,n1_i1::op::/model/layers.8/mlp/gate_proj/MatMul,n1_i1::op_type::layers.*/mlp::FullyConnected,op,/model/layers.8/mlp/gate_proj/MatMul,layers.*/mlp,/model/layers.8/mlp/gate_proj/MatMul,FullyConnected,,,,,performance,gtpin_total_execution_cycles,114087966,cycles,1,176,114087966
n1_i1,1,1,1,n1_i1::op::/model/layers.8/mlp/up_proj/MatMul,n1_i1::op_type::layers.*/mlp::FullyConnected,op,/model/layers.8/mlp/up_proj/MatMul,layers.*/mlp,/model/layers.8/mlp/up_proj/MatMul,FullyConnected,,,,,performance,gtpin_total_execution_cycles,111016276,cycles,1,176,111016276
n1_i1,1,1,1,n1_i1::op::/model/layers.8/post_attention_layernorm/Mul,n1_i1::op_type::layers.*/post_attention_layernorm::RMS,op,/model/layers.8/post_attention_layernorm/Mul,layers.*/post_attention_layernorm,/model/layers.8/post_attention_layernorm/Mul,RMS,,,,,performance,gtpin_total_execution_cycles,2031850,cycles,1,256,2031850
n1_i1,1,1,1,n1_i1::op::/model/layers.8/self_attn/Add,n1_i1::op_type::layers.*/self_attn::RoPE,op,/model/layers.8/self_attn/Add,layers.*/self_attn,/model/layers.8/self_attn/Add,RoPE,,,,,performance,gtpin_total_execution_cycles,893094,cycles,1,64,893094
n1_i1,1,1,1,n1_i1::op::/model/layers.8/self_attn/Add_1,n1_i1::op_type::layers.*/self_attn::RoPE,op,/model/layers.8/self_attn/Add_1,layers.*/self_attn,/model/layers.8/self_attn/Add_1,RoPE,,,,,performance,gtpin_total_execution_cycles,65682,cycles,1,8,65682
n1_i1,1,1,1,n1_i1::op::/model/layers.8/self_attn/Expand,n1_i1::op_type::layers.*/self_attn::Broadcast,op,/model/layers.8/self_attn/Expand,layers.*/self_attn,/model/layers.8/self_attn/Expand,Broadcast,,,,,performance,gtpin_total_execution_cycles,3674138,cycles,1,1024,3674138
n1_i1,1,1,1,n1_i1::op::/model/layers.8/self_attn/Expand_1,n1_i1::op_type::layers.*/self_attn::Broadcast,op,/model/layers.8/self_attn/Expand_1,layers.*/self_attn,/model/layers.8/self_attn/Expand_1,Broadcast,,,,,performance,gtpin_total_execution_cycles,3664430,cycles,1,1024,3664430
n1_i1,1,1,1,n1_i1::op::/model/layers.8/self_attn/IsNaN,n1_i1::op_type::layers.*/self_attn::IsNaN,op,/model/layers.8/self_attn/IsNaN,layers.*/self_attn,/model/layers.8/self_attn/IsNaN,IsNaN,,,,,performance,gtpin_total_execution_cycles,1313710,cycles,1,256,1313710
n1_i1,1,1,1,n1_i1::op::/model/layers.8/self_attn/MatMul,n1_i1::op_type::layers.*/self_attn::Gemm,op,/model/layers.8/self_attn/MatMul,layers.*/self_attn,/model/layers.8/self_attn/MatMul,Gemm,,,,,performance,gtpin_total_execution_cycles,3816074,cycles,1,32,3816074
n1_i1,1,1,1,n1_i1::op::/model/layers.8/self_attn/Mul_8,n1_i1::op_type::layers.*/self_attn::Multiply,op,/model/layers.8/self_attn/Mul_8,layers.*/self_attn,/model/layers.8/self_attn/Mul_8,Multiply,,,,,performance,gtpin_total_execution_cycles,5493576,cycles,1,1024,5493576
n1_i1,1,1,1,n1_i1::op::/model/layers.8/self_attn/Softmax,n1_i1::op_type::layers.*/self_attn::Softmax,op,/model/layers.8/self_attn/Softmax,layers.*/self_attn,/model/layers.8/self_attn/Softmax,Softmax,,,,,performance,gtpin_total_execution_cycles,8700025,cycles,1,512,8700025
n1_i1,1,1,1,n1_i1::op::/model/layers.8/self_attn/Transpose_2,n1_i1::op_type::layers.*/self_attn::Transpose,op,/model/layers.8/self_attn/Transpose_2,layers.*/self_attn,/model/layers.8/self_attn/Transpose_2,Transpose,,,,,performance,gtpin_total_execution_cycles,504770,cycles,1,128,504770
n1_i1,1,1,1,n1_i1::op::/model/layers.8/self_attn/Transpose_3,n1_i1::op_type::layers.*/self_attn::Transpose,op,/model/layers.8/self_attn/Transpose_3,layers.*/self_attn,/model/layers.8/self_attn/Transpose_3,Transpose,,,,,performance,gtpin_total_execution_cycles,5372440,cycles,1,1024,5372440
n1_i1,1,1,1,n1_i1::op::/model/layers.8/self_attn/Transpose_4,n1_i1::op_type::layers.*/self_attn::Gemm,op,/model/layers.8/self_attn/Transpose_4,layers.*/self_attn,/model/layers.8/self_attn/Transpose_4,Gemm,,,,,performance,gtpin_total_execution_cycles,2020592,cycles,1,64,2020592
n1_i1,1,1,1,n1_i1::op::/model/layers.8/self_attn/Where_2,n1_i1::op_type::layers.*/self_attn::Select,op,/model/layers.8/self_attn/Where_2,layers.*/self_attn,/model/layers.8/self_attn/Where_2,Select,,,,,performance,gtpin_total_execution_cycles,39828,cycles,1,8,39828
n1_i1,1,1,1,n1_i1::op::/model/layers.8/self_attn/Where_3,n1_i1::op_type::layers.*/self_attn::Select,op,/model/layers.8/self_attn/Where_3,layers.*/self_attn,/model/layers.8/self_attn/Where_3,Select,,,,,performance,gtpin_total_execution_cycles,1573288,cycles,1,256,1573288
n1_i1,1,1,1,n1_i1::op::/model/layers.8/self_attn/k_proj/MatMul,n1_i1::op_type::layers.*/self_attn::FullyConnected,op,/model/layers.8/self_attn/k_proj/MatMul,layers.*/self_attn,/model/layers.8/self_attn/k_proj/MatMul,FullyConnected,,,,,performance,gtpin_total_execution_cycles,3957886,cycles,1,8,3957886
n1_i1,1,1,1,n1_i1::op::/model/layers.8/self_attn/o_proj/MatMul,n1_i1::op_type::layers.*/self_attn::FullyConnected,op,/model/layers.8/self_attn/o_proj/MatMul,layers.*/self_attn,/model/layers.8/self_attn/o_proj/MatMul,FullyConnected,,,,,performance,gtpin_total_execution_cycles,29168582,cycles,1,64,29168582
n1_i1,1,1,1,n1_i1::op::/model/layers.8/self_attn/q_proj/MatMul,n1_i1::op_type::layers.*/self_attn::FullyConnected,op,/model/layers.8/self_attn/q_proj/MatMul,layers.*/self_attn,/model/layers.8/self_attn/q_proj/MatMul,FullyConnected,,,,,performance,gtpin_total_execution_cycles,30661876,cycles,1,64,30661876
n1_i1,1,1,1,n1_i1::op::/model/layers.8/self_attn/v_proj/MatMul,n1_i1::op_type::layers.*/self_attn::FullyConnected,op,/model/layers.8/self_attn/v_proj/MatMul,layers.*/self_attn,/model/layers.8/self_attn/v_proj/MatMul,FullyConnected,,,,,performance,gtpin_total_execution_cycles,3748486,cycles,1,8,3748486
n1_i1,1,1,1,n1_i1::op::/model/layers.9/input_layernorm/Mul,n1_i1::op_type::layers.*/input_layernorm::RMS,op,/model/layers.9/input_layernorm/Mul,layers.*/input_layernorm,/model/layers.9/input_layernorm/Mul,RMS,,,,,performance,gtpin_total_execution_cycles,1404110,cycles,1,256,1404110
n1_i1,1,1,1,n1_i1::op::/model/layers.9/mlp/down_proj/MatMul,n1_i1::op_type::layers.*/mlp::FullyConnected,op,/model/layers.9/mlp/down_proj/MatMul,layers.*/mlp,/model/layers.9/mlp/down_proj/MatMul,FullyConnected,,,,,performance,gtpin_total_execution_cycles,78314610,cycles,1,64,78314610
n1_i1,1,1,1,n1_i1::op::/model/layers.9/mlp/gate_proj/MatMul,n1_i1::op_type::layers.*/mlp::FullyConnected,op,/model/layers.9/mlp/gate_proj/MatMul,layers.*/mlp,/model/layers.9/mlp/gate_proj/MatMul,FullyConnected,,,,,performance,gtpin_total_execution_cycles,118977088,cycles,1,176,118977088
n1_i1,1,1,1,n1_i1::op::/model/layers.9/mlp/up_proj/MatMul,n1_i1::op_type::layers.*/mlp::FullyConnected,op,/model/layers.9/mlp/up_proj/MatMul,layers.*/mlp,/model/layers.9/mlp/up_proj/MatMul,FullyConnected,,,,,performance,gtpin_total_execution_cycles,104229314,cycles,1,176,104229314
n1_i1,1,1,1,n1_i1::op::/model/layers.9/post_attention_layernorm/Mul,n1_i1::op_type::layers.*/post_attention_layernorm::RMS,op,/model/layers.9/post_attention_layernorm/Mul,layers.*/post_attention_layernorm,/model/layers.9/post_attention_layernorm/Mul,RMS,,,,,performance,gtpin_total_execution_cycles,2081726,cycles,1,256,2081726
n1_i1,1,1,1,n1_i1::op::/model/layers.9/self_attn/Add,n1_i1::op_type::layers.*/self_attn::RoPE,op,/model/layers.9/self_attn/Add,layers.*/self_attn,/model/layers.9/self_attn/Add,RoPE,,,,,performance,gtpin_total_execution_cycles,868484,cycles,1,64,868484
n1_i1,1,1,1,n1_i1::op::/model/layers.9/self_attn/Add_1,n1_i1::op_type::layers.*/self_attn::RoPE,op,/model/layers.9/self_attn/Add_1,layers.*/self_attn,/model/layers.9/self_attn/Add_1,RoPE,,,,,performance,gtpin_total_execution_cycles,70330,cycles,1,8,70330
n1_i1,1,1,1,n1_i1::op::/model/layers.9/self_attn/Expand,n1_i1::op_type::layers.*/self_attn::Broadcast,op,/model/layers.9/self_attn/Expand,layers.*/self_attn,/model/layers.9/self_attn/Expand,Broadcast,,,,,performance,gtpin_total_execution_cycles,5959374,cycles,1,1024,5959374
n1_i1,1,1,1,n1_i1::op::/model/layers.9/self_attn/Expand_1,n1_i1::op_type::layers.*/self_attn::Broadcast,op,/model/layers.9/self_attn/Expand_1,layers.*/self_attn,/model/layers.9/self_attn/Expand_1,Broadcast,,,,,performance,gtpin_total_execution_cycles,4352016,cycles,1,1024,4352016
n1_i1,1,1,1,n1_i1::op::/model/layers.9/self_attn/IsNaN,n1_i1::op_type::layers.*/self_attn::IsNaN,op,/model/layers.9/self_attn/IsNaN,layers.*/self_attn,/model/layers.9/self_attn/IsNaN,IsNaN,,,,,performance,gtpin_total_execution_cycles,1429972,cycles,1,256,1429972
n1_i1,1,1,1,n1_i1::op::/model/layers.9/self_attn/MatMul,n1_i1::op_type::layers.*/self_attn::Gemm,op,/model/layers.9/self_attn/MatMul,layers.*/self_attn,/model/layers.9/self_attn/MatMul,Gemm,,,,,performance,gtpin_total_execution_cycles,3493460,cycles,1,32,3493460
n1_i1,1,1,1,n1_i1::op::/model/layers.9/self_attn/Mul_8,n1_i1::op_type::layers.*/self_attn::Multiply,op,/model/layers.9/self_attn/Mul_8,layers.*/self_attn,/model/layers.9/self_attn/Mul_8,Multiply,,,,,performance,gtpin_total_execution_cycles,4665000,cycles,1,1024,4665000
n1_i1,1,1,1,n1_i1::op::/model/layers.9/self_attn/Softmax,n1_i1::op_type::layers.*/self_attn::Softmax,op,/model/layers.9/self_attn/Softmax,layers.*/self_attn,/model/layers.9/self_attn/Softmax,Softmax,,,,,performance,gtpin_total_execution_cycles,8109475,cycles,1,512,8109475
n1_i1,1,1,1,n1_i1::op::/model/layers.9/self_attn/Transpose_2,n1_i1::op_type::layers.*/self_attn::Transpose,op,/model/layers.9/self_attn/Transpose_2,layers.*/self_attn,/model/layers.9/self_attn/Transpose_2,Transpose,,,,,performance,gtpin_total_execution_cycles,536202,cycles,1,128,536202
n1_i1,1,1,1,n1_i1::op::/model/layers.9/self_attn/Transpose_3,n1_i1::op_type::layers.*/self_attn::Transpose,op,/model/layers.9/self_attn/Transpose_3,layers.*/self_attn,/model/layers.9/self_attn/Transpose_3,Transpose,,,,,performance,gtpin_total_execution_cycles,5431956,cycles,1,1024,5431956
n1_i1,1,1,1,n1_i1::op::/model/layers.9/self_attn/Transpose_4,n1_i1::op_type::layers.*/self_attn::Gemm,op,/model/layers.9/self_attn/Transpose_4,layers.*/self_attn,/model/layers.9/self_attn/Transpose_4,Gemm,,,,,performance,gtpin_total_execution_cycles,2105380,cycles,1,64,2105380
n1_i1,1,1,1,n1_i1::op::/model/layers.9/self_attn/Where_2,n1_i1::op_type::layers.*/self_attn::Select,op,/model/layers.9/self_attn/Where_2,layers.*/self_attn,/model/layers.9/self_attn/Where_2,Select,,,,,performance,gtpin_total_execution_cycles,42020,cycles,1,8,42020
n1_i1,1,1,1,n1_i1::op::/model/layers.9/self_attn/Where_3,n1_i1::op_type::layers.*/self_attn::Select,op,/model/layers.9/self_attn/Where_3,layers.*/self_attn,/model/layers.9/self_attn/Where_3,Select,,,,,performance,gtpin_total_execution_cycles,1459226,cycles,1,256,1459226
n1_i1,1,1,1,n1_i1::op::/model/layers.9/self_attn/k_proj/MatMul,n1_i1::op_type::layers.*/self_attn::FullyConnected,op,/model/layers.9/self_attn/k_proj/MatMul,layers.*/self_attn,/model/layers.9/self_attn/k_proj/MatMul,FullyConnected,,,,,performance,gtpin_total_execution_cycles,3802770,cycles,1,8,3802770
n1_i1,1,1,1,n1_i1::op::/model/layers.9/self_attn/o_proj/MatMul,n1_i1::op_type::layers.*/self_attn::FullyConnected,op,/model/layers.9/self_attn/o_proj/MatMul,layers.*/self_attn,/model/layers.9/self_attn/o_proj/MatMul,FullyConnected,,,,,performance,gtpin_total_execution_cycles,28739444,cycles,1,64,28739444
n1_i1,1,1,1,n1_i1::op::/model/layers.9/self_attn/q_proj/MatMul,n1_i1::op_type::layers.*/self_attn::FullyConnected,op,/model/layers.9/self_attn/q_proj/MatMul,layers.*/self_attn,/model/layers.9/self_attn/q_proj/MatMul,FullyConnected,,,,,performance,gtpin_total_execution_cycles,29573996,cycles,1,64,29573996
n1_i1,1,1,1,n1_i1::op::/model/layers.9/self_attn/v_proj/MatMul,n1_i1::op_type::layers.*/self_attn::FullyConnected,op,/model/layers.9/self_attn/v_proj/MatMul,layers.*/self_attn,/model/layers.9/self_attn/v_proj/MatMul,FullyConnected,,,,,performance,gtpin_total_execution_cycles,3610234,cycles,1,8,3610234
n1_i1,1,1,1,n1_i1::op::/model/norm/Mul,n1_i1::op_type::(root)::RMS,op,/model/norm/Mul,(root),/model/norm/Mul,RMS,,,,,performance,gtpin_total_execution_cycles,1867452,cycles,1,256,1867452
n1_i1,1,1,1,n1_i1::op::/model/rotary_emb/Concat_1,n1_i1::op_type::rotary_emb::Concat,op,/model/rotary_emb/Concat_1,rotary_emb,/model/rotary_emb/Concat_1,Concat,,,,,performance,gtpin_total_execution_cycles,130784,cycles,2,32,130784
n1_i1,1,1,1,n1_i1::op::/model/rotary_emb/Cos,n1_i1::op_type::rotary_emb::Cos,op,/model/rotary_emb/Cos,rotary_emb,/model/rotary_emb/Cos,Cos,,,,,performance,gtpin_total_execution_cycles,215940,cycles,1,32,215940
n1_i1,1,1,1,n1_i1::op::/model/rotary_emb/MatMul_increase_precision_1,n1_i1::op_type::rotary_emb::Convert,op,/model/rotary_emb/MatMul_increase_precision_1,rotary_emb,/model/rotary_emb/MatMul_increase_precision_1,Convert,,,,,performance,gtpin_total_execution_cycles,3082,cycles,1,1,3082
n1_i1,1,1,1,n1_i1::op::/model/rotary_emb/Sin,n1_i1::op_type::rotary_emb::Sin,op,/model/rotary_emb/Sin,rotary_emb,/model/rotary_emb/Sin,Sin,,,,,performance,gtpin_total_execution_cycles,184766,cycles,1,32,184766
n1_i1,1,1,1,n1_i1::op::/model/rotary_emb/Transpose,n1_i1::op_type::rotary_emb::Gemm,op,/model/rotary_emb/Transpose,rotary_emb,/model/rotary_emb/Transpose,Gemm,,,,,performance,gtpin_total_execution_cycles,41632,cycles,1,2,41632
n1_i1,1,1,1,n1_i1::op::Convert_90811,n1_i1::op_type::(root)::Convert,op,Convert_90811,(root),Convert_90811,Convert,,,,,performance,gtpin_total_execution_cycles,6009,cycles,1,1,6009
n1_i1,1,1,1,n1_i1::op::Convert_90813,n1_i1::op_type::(root)::Convert,op,Convert_90813,(root),Convert_90813,Convert,,,,,performance,gtpin_total_execution_cycles,6098,cycles,1,1,6098
n1_i1,1,1,1,n1_i1::op::Convert_90873,n1_i1::op_type::(root)::Convert,op,Convert_90873,(root),Convert_90873,Convert,,,,,performance,gtpin_total_execution_cycles,5325,cycles,1,1,5325
n1_i1,1,1,1,n1_i1::op::logits.0,n1_i1::op_type::(root)::FullyConnected,op,logits.0,(root),logits.0,FullyConnected,,,,,performance,gtpin_total_execution_cycles,2622204350,cycles,1,1000,2622204350
n1_i1,1,1,1,n1_i1::op_type::(root)::Convert,n1_i1::component_group::(root),op_type,Convert,(root),,Convert,,,,,performance,gtpin_total_execution_cycles,17432,cycles,3,3,17432
n1_i1,1,1,1,n1_i1::op_type::(root)::FullyConnected,n1_i1::component_group::(root),op_type,FullyConnected,(root),,FullyConnected,,,,,performance,gtpin_total_execution_cycles,2622204350,cycles,1,1000,2622204350
n1_i1,1,1,1,n1_i1::op_type::(root)::Gather,n1_i1::component_group::(root),op_type,Gather,(root),,Gather,,,,,performance,gtpin_total_execution_cycles,11928,cycles,1,1,11928
n1_i1,1,1,1,n1_i1::op_type::(root)::LessEqual,n1_i1::component_group::(root),op_type,LessEqual,(root),,LessEqual,,,,,performance,gtpin_total_execution_cycles,45176,cycles,1,8,45176
n1_i1,1,1,1,n1_i1::op_type::(root)::LogicalAnd,n1_i1::component_group::(root),op_type,LogicalAnd,(root),,LogicalAnd,,,,,performance,gtpin_total_execution_cycles,93048,cycles,2,16,93048
n1_i1,1,1,1,n1_i1::op_type::(root)::RMS,n1_i1::component_group::(root),op_type,RMS,(root),,RMS,,,,,performance,gtpin_total_execution_cycles,1867452,cycles,1,256,1867452
n1_i1,1,1,1,n1_i1::op_type::embed_tokens::Gather,n1_i1::component_group::embed_tokens,op_type,Gather,embed_tokens,,Gather,,,,,performance,gtpin_total_execution_cycles,4902286,cycles,1,1024,4902286
n1_i1,1,1,1,n1_i1::op_type::layers.*/input_layernorm::RMS,n1_i1::component_group::layers.*/input_layernorm,op_type,RMS,layers.*/input_layernorm,,RMS,,,,,performance,gtpin_total_execution_cycles,39052282,cycles,22,5632,39052282
n1_i1,1,1,1,n1_i1::op_type::layers.*/mlp::FullyConnected,n1_i1::component_group::layers.*/mlp,op_type,FullyConnected,layers.*/mlp,,FullyConnected,,,,,performance,gtpin_total_execution_cycles,7093274196,cycles,66,9152,7093274196
n1_i1,1,1,1,n1_i1::op_type::layers.*/post_attention_layernorm::RMS,n1_i1::component_group::layers.*/post_attention_layernorm,op_type,RMS,layers.*/post_attention_layernorm,,RMS,,,,,performance,gtpin_total_execution_cycles,43468432,cycles,22,5632,43468432
n1_i1,1,1,1,n1_i1::op_type::layers.*/self_attn::Broadcast,n1_i1::component_group::layers.*/self_attn,op_type,Broadcast,layers.*/self_attn,,Broadcast,,,,,performance,gtpin_total_execution_cycles,205901208,cycles,44,45056,205901208
n1_i1,1,1,1,n1_i1::op_type::layers.*/self_attn::Convert,n1_i1::component_group::layers.*/self_attn,op_type,Convert,layers.*/self_attn,,Convert,,,,,performance,gtpin_total_execution_cycles,155546,cycles,2,64,155546
n1_i1,1,1,1,n1_i1::op_type::layers.*/self_attn::FullyConnected,n1_i1::component_group::layers.*/self_attn,op_type,FullyConnected,layers.*/self_attn,,FullyConnected,,,,,performance,gtpin_total_execution_cycles,1460741978,cycles,88,3168,1460741978
n1_i1,1,1,1,n1_i1::op_type::layers.*/self_attn::Gemm,n1_i1::component_group::layers.*/self_attn,op_type,Gemm,layers.*/self_attn,,Gemm,,,,,performance,gtpin_total_execution_cycles,125336260,cycles,44,2112,125336260
n1_i1,1,1,1,n1_i1::op_type::layers.*/self_attn::IsNaN,n1_i1::component_group::layers.*/self_attn,op_type,IsNaN,layers.*/self_attn,,IsNaN,,,,,performance,gtpin_total_execution_cycles,30378364,cycles,22,5632,30378364
n1_i1,1,1,1,n1_i1::op_type::layers.*/self_attn::Multiply,n1_i1::component_group::layers.*/self_attn,op_type,Multiply,layers.*/self_attn,,Multiply,,,,,performance,gtpin_total_execution_cycles,108807884,cycles,22,22528,108807884
n1_i1,1,1,1,n1_i1::op_type::layers.*/self_attn::RoPE,n1_i1::component_group::layers.*/self_attn,op_type,RoPE,layers.*/self_attn,,RoPE,,,,,performance,gtpin_total_execution_cycles,21855980,cycles,44,1584,21855980
n1_i1,1,1,1,n1_i1::op_type::layers.*/self_attn::Select,n1_i1::component_group::layers.*/self_attn,op_type,Select,layers.*/self_attn,,Select,,,,,performance,gtpin_total_execution_cycles,33923230,cycles,44,5808,33923230
n1_i1,1,1,1,n1_i1::op_type::layers.*/self_attn::Softmax,n1_i1::component_group::layers.*/self_attn,op_type,Softmax,layers.*/self_attn,,Softmax,,,,,performance,gtpin_total_execution_cycles,181847053,cycles,22,11264,181847053
n1_i1,1,1,1,n1_i1::op_type::layers.*/self_attn::Transpose,n1_i1::component_group::layers.*/self_attn,op_type,Transpose,layers.*/self_attn,,Transpose,,,,,performance,gtpin_total_execution_cycles,131866226,cycles,44,25344,131866226
n1_i1,1,1,1,n1_i1::op_type::rotary_emb::Concat,n1_i1::component_group::rotary_emb,op_type,Concat,rotary_emb,,Concat,,,,,performance,gtpin_total_execution_cycles,130784,cycles,2,32,130784
n1_i1,1,1,1,n1_i1::op_type::rotary_emb::Convert,n1_i1::component_group::rotary_emb,op_type,Convert,rotary_emb,,Convert,,,,,performance,gtpin_total_execution_cycles,3082,cycles,1,1,3082
n1_i1,1,1,1,n1_i1::op_type::rotary_emb::Cos,n1_i1::component_group::rotary_emb,op_type,Cos,rotary_emb,,Cos,,,,,performance,gtpin_total_execution_cycles,215940,cycles,1,32,215940
n1_i1,1,1,1,n1_i1::op_type::rotary_emb::Gemm,n1_i1::component_group::rotary_emb,op_type,Gemm,rotary_emb,,Gemm,,,,,performance,gtpin_total_execution_cycles,41632,cycles,1,2,41632
n1_i1,1,1,1,n1_i1::op_type::rotary_emb::Sin,n1_i1::component_group::rotary_emb,op_type,Sin,rotary_emb,,Sin,,,,,performance,gtpin_total_execution_cycles,184766,cycles,1,32,184766
n1_i1,1,1,1,n1_i1::primitive::broadcast:/model/layers.0/self_attn/Expand,n1_i1::op::/model/layers.0/self_attn/Expand,primitive,broadcast:/model/layers.0/self_attn/Expand,layers.*/self_attn,/model/layers.0/self_attn/Expand,Broadcast,broadcast:/model/layers.0/self_attn/Expand,broadcast,broadcast_gpu_ref,,performance,gtpin_total_execution_cycles,4195594,cycles,1,1024,4195594
n1_i1,1,1,1,n1_i1::primitive::broadcast:/model/layers.0/self_attn/Expand_1,n1_i1::op::/model/layers.0/self_attn/Expand_1,primitive,broadcast:/model/layers.0/self_attn/Expand_1,layers.*/self_attn,/model/layers.0/self_attn/Expand_1,Broadcast,broadcast:/model/layers.0/self_attn/Expand_1,broadcast,broadcast_gpu_ref,,performance,gtpin_total_execution_cycles,4725854,cycles,1,1024,4725854
n1_i1,1,1,1,n1_i1::primitive::broadcast:/model/layers.1/self_attn/Expand,n1_i1::op::/model/layers.1/self_attn/Expand,primitive,broadcast:/model/layers.1/self_attn/Expand,layers.*/self_attn,/model/layers.1/self_attn/Expand,Broadcast,broadcast:/model/layers.1/self_attn/Expand,broadcast,broadcast_gpu_ref,,performance,gtpin_total_execution_cycles,6411072,cycles,1,1024,6411072
n1_i1,1,1,1,n1_i1::primitive::broadcast:/model/layers.1/self_attn/Expand_1,n1_i1::op::/model/layers.1/self_attn/Expand_1,primitive,broadcast:/model/layers.1/self_attn/Expand_1,layers.*/self_attn,/model/layers.1/self_attn/Expand_1,Broadcast,broadcast:/model/layers.1/self_attn/Expand_1,broadcast,broadcast_gpu_ref,,performance,gtpin_total_execution_cycles,4278308,cycles,1,1024,4278308
n1_i1,1,1,1,n1_i1::primitive::broadcast:/model/layers.10/self_attn/Expand,n1_i1::op::/model/layers.10/self_attn/Expand,primitive,broadcast:/model/layers.10/self_attn/Expand,layers.*/self_attn,/model/layers.10/self_attn/Expand,Broadcast,broadcast:/model/layers.10/self_attn/Expand,broadcast,broadcast_gpu_ref,,performance,gtpin_total_execution_cycles,5703466,cycles,1,1024,5703466
n1_i1,1,1,1,n1_i1::primitive::broadcast:/model/layers.10/self_attn/Expand_1,n1_i1::op::/model/layers.10/self_attn/Expand_1,primitive,broadcast:/model/layers.10/self_attn/Expand_1,layers.*/self_attn,/model/layers.10/self_attn/Expand_1,Broadcast,broadcast:/model/layers.10/self_attn/Expand_1,broadcast,broadcast_gpu_ref,,performance,gtpin_total_execution_cycles,4375008,cycles,1,1024,4375008
n1_i1,1,1,1,n1_i1::primitive::broadcast:/model/layers.11/self_attn/Expand,n1_i1::op::/model/layers.11/self_attn/Expand,primitive,broadcast:/model/layers.11/self_attn/Expand,layers.*/self_attn,/model/layers.11/self_attn/Expand,Broadcast,broadcast:/model/layers.11/self_attn/Expand,broadcast,broadcast_gpu_ref,,performance,gtpin_total_execution_cycles,4094772,cycles,1,1024,4094772
n1_i1,1,1,1,n1_i1::primitive::broadcast:/model/layers.11/self_attn/Expand_1,n1_i1::op::/model/layers.11/self_attn/Expand_1,primitive,broadcast:/model/layers.11/self_attn/Expand_1,layers.*/self_attn,/model/layers.11/self_attn/Expand_1,Broadcast,broadcast:/model/layers.11/self_attn/Expand_1,broadcast,broadcast_gpu_ref,,performance,gtpin_total_execution_cycles,4641280,cycles,1,1024,4641280
n1_i1,1,1,1,n1_i1::primitive::broadcast:/model/layers.12/self_attn/Expand,n1_i1::op::/model/layers.12/self_attn/Expand,primitive,broadcast:/model/layers.12/self_attn/Expand,layers.*/self_attn,/model/layers.12/self_attn/Expand,Broadcast,broadcast:/model/layers.12/self_attn/Expand,broadcast,broadcast_gpu_ref,,performance,gtpin_total_execution_cycles,4138302,cycles,1,1024,4138302
n1_i1,1,1,1,n1_i1::primitive::broadcast:/model/layers.12/self_attn/Expand_1,n1_i1::op::/model/layers.12/self_attn/Expand_1,primitive,broadcast:/model/layers.12/self_attn/Expand_1,layers.*/self_attn,/model/layers.12/self_attn/Expand_1,Broadcast,broadcast:/model/layers.12/self_attn/Expand_1,broadcast,broadcast_gpu_ref,,performance,gtpin_total_execution_cycles,3927218,cycles,1,1024,3927218
n1_i1,1,1,1,n1_i1::primitive::broadcast:/model/layers.13/self_attn/Expand,n1_i1::op::/model/layers.13/self_attn/Expand,primitive,broadcast:/model/layers.13/self_attn/Expand,layers.*/self_attn,/model/layers.13/self_attn/Expand,Broadcast,broadcast:/model/layers.13/self_attn/Expand,broadcast,broadcast_gpu_ref,,performance,gtpin_total_execution_cycles,5798144,cycles,1,1024,5798144
n1_i1,1,1,1,n1_i1::primitive::broadcast:/model/layers.13/self_attn/Expand_1,n1_i1::op::/model/layers.13/self_attn/Expand_1,primitive,broadcast:/model/layers.13/self_attn/Expand_1,layers.*/self_attn,/model/layers.13/self_attn/Expand_1,Broadcast,broadcast:/model/layers.13/self_attn/Expand_1,broadcast,broadcast_gpu_ref,,performance,gtpin_total_execution_cycles,4157100,cycles,1,1024,4157100
n1_i1,1,1,1,n1_i1::primitive::broadcast:/model/layers.14/self_attn/Expand,n1_i1::op::/model/layers.14/self_attn/Expand,primitive,broadcast:/model/layers.14/self_attn/Expand,layers.*/self_attn,/model/layers.14/self_attn/Expand,Broadcast,broadcast:/model/layers.14/self_attn/Expand,broadcast,broadcast_gpu_ref,,performance,gtpin_total_execution_cycles,5995424,cycles,1,1024,5995424
n1_i1,1,1,1,n1_i1::primitive::broadcast:/model/layers.14/self_attn/Expand_1,n1_i1::op::/model/layers.14/self_attn/Expand_1,primitive,broadcast:/model/layers.14/self_attn/Expand_1,layers.*/self_attn,/model/layers.14/self_attn/Expand_1,Broadcast,broadcast:/model/layers.14/self_attn/Expand_1,broadcast,broadcast_gpu_ref,,performance,gtpin_total_execution_cycles,4083190,cycles,1,1024,4083190
n1_i1,1,1,1,n1_i1::primitive::broadcast:/model/layers.15/self_attn/Expand,n1_i1::op::/model/layers.15/self_attn/Expand,primitive,broadcast:/model/layers.15/self_attn/Expand,layers.*/self_attn,/model/layers.15/self_attn/Expand,Broadcast,broadcast:/model/layers.15/self_attn/Expand,broadcast,broadcast_gpu_ref,,performance,gtpin_total_execution_cycles,3515750,cycles,1,1024,3515750
n1_i1,1,1,1,n1_i1::primitive::broadcast:/model/layers.15/self_attn/Expand_1,n1_i1::op::/model/layers.15/self_attn/Expand_1,primitive,broadcast:/model/layers.15/self_attn/Expand_1,layers.*/self_attn,/model/layers.15/self_attn/Expand_1,Broadcast,broadcast:/model/layers.15/self_attn/Expand_1,broadcast,broadcast_gpu_ref,,performance,gtpin_total_execution_cycles,4545622,cycles,1,1024,4545622
n1_i1,1,1,1,n1_i1::primitive::broadcast:/model/layers.16/self_attn/Expand,n1_i1::op::/model/layers.16/self_attn/Expand,primitive,broadcast:/model/layers.16/self_attn/Expand,layers.*/self_attn,/model/layers.16/self_attn/Expand,Broadcast,broadcast:/model/layers.16/self_attn/Expand,broadcast,broadcast_gpu_ref,,performance,gtpin_total_execution_cycles,3725758,cycles,1,1024,3725758
n1_i1,1,1,1,n1_i1::primitive::broadcast:/model/layers.16/self_attn/Expand_1,n1_i1::op::/model/layers.16/self_attn/Expand_1,primitive,broadcast:/model/layers.16/self_attn/Expand_1,layers.*/self_attn,/model/layers.16/self_attn/Expand_1,Broadcast,broadcast:/model/layers.16/self_attn/Expand_1,broadcast,broadcast_gpu_ref,,performance,gtpin_total_execution_cycles,4547138,cycles,1,1024,4547138
n1_i1,1,1,1,n1_i1::primitive::broadcast:/model/layers.17/self_attn/Expand,n1_i1::op::/model/layers.17/self_attn/Expand,primitive,broadcast:/model/layers.17/self_attn/Expand,layers.*/self_attn,/model/layers.17/self_attn/Expand,Broadcast,broadcast:/model/layers.17/self_attn/Expand,broadcast,broadcast_gpu_ref,,performance,gtpin_total_execution_cycles,5770234,cycles,1,1024,5770234
n1_i1,1,1,1,n1_i1::primitive::broadcast:/model/layers.17/self_attn/Expand_1,n1_i1::op::/model/layers.17/self_attn/Expand_1,primitive,broadcast:/model/layers.17/self_attn/Expand_1,layers.*/self_attn,/model/layers.17/self_attn/Expand_1,Broadcast,broadcast:/model/layers.17/self_attn/Expand_1,broadcast,broadcast_gpu_ref,,performance,gtpin_total_execution_cycles,4347560,cycles,1,1024,4347560
n1_i1,1,1,1,n1_i1::primitive::broadcast:/model/layers.18/self_attn/Expand,n1_i1::op::/model/layers.18/self_attn/Expand,primitive,broadcast:/model/layers.18/self_attn/Expand,layers.*/self_attn,/model/layers.18/self_attn/Expand,Broadcast,broadcast:/model/layers.18/self_attn/Expand,broadcast,broadcast_gpu_ref,,performance,gtpin_total_execution_cycles,5562144,cycles,1,1024,5562144
n1_i1,1,1,1,n1_i1::primitive::broadcast:/model/layers.18/self_attn/Expand_1,n1_i1::op::/model/layers.18/self_attn/Expand_1,primitive,broadcast:/model/layers.18/self_attn/Expand_1,layers.*/self_attn,/model/layers.18/self_attn/Expand_1,Broadcast,broadcast:/model/layers.18/self_attn/Expand_1,broadcast,broadcast_gpu_ref,,performance,gtpin_total_execution_cycles,4243540,cycles,1,1024,4243540
n1_i1,1,1,1,n1_i1::primitive::broadcast:/model/layers.19/self_attn/Expand,n1_i1::op::/model/layers.19/self_attn/Expand,primitive,broadcast:/model/layers.19/self_attn/Expand,layers.*/self_attn,/model/layers.19/self_attn/Expand,Broadcast,broadcast:/model/layers.19/self_attn/Expand,broadcast,broadcast_gpu_ref,,performance,gtpin_total_execution_cycles,4227508,cycles,1,1024,4227508
n1_i1,1,1,1,n1_i1::primitive::broadcast:/model/layers.19/self_attn/Expand_1,n1_i1::op::/model/layers.19/self_attn/Expand_1,primitive,broadcast:/model/layers.19/self_attn/Expand_1,layers.*/self_attn,/model/layers.19/self_attn/Expand_1,Broadcast,broadcast:/model/layers.19/self_attn/Expand_1,broadcast,broadcast_gpu_ref,,performance,gtpin_total_execution_cycles,4584644,cycles,1,1024,4584644
n1_i1,1,1,1,n1_i1::primitive::broadcast:/model/layers.2/self_attn/Expand,n1_i1::op::/model/layers.2/self_attn/Expand,primitive,broadcast:/model/layers.2/self_attn/Expand,layers.*/self_attn,/model/layers.2/self_attn/Expand,Broadcast,broadcast:/model/layers.2/self_attn/Expand,broadcast,broadcast_gpu_ref,,performance,gtpin_total_execution_cycles,6130216,cycles,1,1024,6130216
n1_i1,1,1,1,n1_i1::primitive::broadcast:/model/layers.2/self_attn/Expand_1,n1_i1::op::/model/layers.2/self_attn/Expand_1,primitive,broadcast:/model/layers.2/self_attn/Expand_1,layers.*/self_attn,/model/layers.2/self_attn/Expand_1,Broadcast,broadcast:/model/layers.2/self_attn/Expand_1,broadcast,broadcast_gpu_ref,,performance,gtpin_total_execution_cycles,4396812,cycles,1,1024,4396812
n1_i1,1,1,1,n1_i1::primitive::broadcast:/model/layers.20/self_attn/Expand,n1_i1::op::/model/layers.20/self_attn/Expand,primitive,broadcast:/model/layers.20/self_attn/Expand,layers.*/self_attn,/model/layers.20/self_attn/Expand,Broadcast,broadcast:/model/layers.20/self_attn/Expand,broadcast,broadcast_gpu_ref,,performance,gtpin_total_execution_cycles,3411160,cycles,1,1024,3411160
n1_i1,1,1,1,n1_i1::primitive::broadcast:/model/layers.20/self_attn/Expand_1,n1_i1::op::/model/layers.20/self_attn/Expand_1,primitive,broadcast:/model/layers.20/self_attn/Expand_1,layers.*/self_attn,/model/layers.20/self_attn/Expand_1,Broadcast,broadcast:/model/layers.20/self_attn/Expand_1,broadcast,broadcast_gpu_ref,,performance,gtpin_total_execution_cycles,4243818,cycles,1,1024,4243818
n1_i1,1,1,1,n1_i1::primitive::broadcast:/model/layers.21/self_attn/Expand,n1_i1::op::/model/layers.21/self_attn/Expand,primitive,broadcast:/model/layers.21/self_attn/Expand,layers.*/self_attn,/model/layers.21/self_attn/Expand,Broadcast,broadcast:/model/layers.21/self_attn/Expand,broadcast,broadcast_gpu_ref,,performance,gtpin_total_execution_cycles,7169984,cycles,1,1024,7169984
n1_i1,1,1,1,n1_i1::primitive::broadcast:/model/layers.21/self_attn/Expand_1,n1_i1::op::/model/layers.21/self_attn/Expand_1,primitive,broadcast:/model/layers.21/self_attn/Expand_1,layers.*/self_attn,/model/layers.21/self_attn/Expand_1,Broadcast,broadcast:/model/layers.21/self_attn/Expand_1,broadcast,broadcast_gpu_ref,,performance,gtpin_total_execution_cycles,4240244,cycles,1,1024,4240244
n1_i1,1,1,1,n1_i1::primitive::broadcast:/model/layers.3/self_attn/Expand,n1_i1::op::/model/layers.3/self_attn/Expand,primitive,broadcast:/model/layers.3/self_attn/Expand,layers.*/self_attn,/model/layers.3/self_attn/Expand,Broadcast,broadcast:/model/layers.3/self_attn/Expand,broadcast,broadcast_gpu_ref,,performance,gtpin_total_execution_cycles,4136842,cycles,1,1024,4136842
n1_i1,1,1,1,n1_i1::primitive::broadcast:/model/layers.3/self_attn/Expand_1,n1_i1::op::/model/layers.3/self_attn/Expand_1,primitive,broadcast:/model/layers.3/self_attn/Expand_1,layers.*/self_attn,/model/layers.3/self_attn/Expand_1,Broadcast,broadcast:/model/layers.3/self_attn/Expand_1,broadcast,broadcast_gpu_ref,,performance,gtpin_total_execution_cycles,6322676,cycles,1,1024,6322676
n1_i1,1,1,1,n1_i1::primitive::broadcast:/model/layers.4/self_attn/Expand,n1_i1::op::/model/layers.4/self_attn/Expand,primitive,broadcast:/model/layers.4/self_attn/Expand,layers.*/self_attn,/model/layers.4/self_attn/Expand,Broadcast,broadcast:/model/layers.4/self_attn/Expand,broadcast,broadcast_gpu_ref,,performance,gtpin_total_execution_cycles,4068922,cycles,1,1024,4068922
n1_i1,1,1,1,n1_i1::primitive::broadcast:/model/layers.4/self_attn/Expand_1,n1_i1::op::/model/layers.4/self_attn/Expand_1,primitive,broadcast:/model/layers.4/self_attn/Expand_1,layers.*/self_attn,/model/layers.4/self_attn/Expand_1,Broadcast,broadcast:/model/layers.4/self_attn/Expand_1,broadcast,broadcast_gpu_ref,,performance,gtpin_total_execution_cycles,4304834,cycles,1,1024,4304834
n1_i1,1,1,1,n1_i1::primitive::broadcast:/model/layers.5/self_attn/Expand,n1_i1::op::/model/layers.5/self_attn/Expand,primitive,broadcast:/model/layers.5/self_attn/Expand,layers.*/self_attn,/model/layers.5/self_attn/Expand,Broadcast,broadcast:/model/layers.5/self_attn/Expand,broadcast,broadcast_gpu_ref,,performance,gtpin_total_execution_cycles,5757260,cycles,1,1024,5757260
n1_i1,1,1,1,n1_i1::primitive::broadcast:/model/layers.5/self_attn/Expand_1,n1_i1::op::/model/layers.5/self_attn/Expand_1,primitive,broadcast:/model/layers.5/self_attn/Expand_1,layers.*/self_attn,/model/layers.5/self_attn/Expand_1,Broadcast,broadcast:/model/layers.5/self_attn/Expand_1,broadcast,broadcast_gpu_ref,,performance,gtpin_total_execution_cycles,3843126,cycles,1,1024,3843126
n1_i1,1,1,1,n1_i1::primitive::broadcast:/model/layers.6/self_attn/Expand,n1_i1::op::/model/layers.6/self_attn/Expand,primitive,broadcast:/model/layers.6/self_attn/Expand,layers.*/self_attn,/model/layers.6/self_attn/Expand,Broadcast,broadcast:/model/layers.6/self_attn/Expand,broadcast,broadcast_gpu_ref,,performance,gtpin_total_execution_cycles,5797566,cycles,1,1024,5797566
n1_i1,1,1,1,n1_i1::primitive::broadcast:/model/layers.6/self_attn/Expand_1,n1_i1::op::/model/layers.6/self_attn/Expand_1,primitive,broadcast:/model/layers.6/self_attn/Expand_1,layers.*/self_attn,/model/layers.6/self_attn/Expand_1,Broadcast,broadcast:/model/layers.6/self_attn/Expand_1,broadcast,broadcast_gpu_ref,,performance,gtpin_total_execution_cycles,4075176,cycles,1,1024,4075176
n1_i1,1,1,1,n1_i1::primitive::broadcast:/model/layers.7/self_attn/Expand,n1_i1::op::/model/layers.7/self_attn/Expand,primitive,broadcast:/model/layers.7/self_attn/Expand,layers.*/self_attn,/model/layers.7/self_attn/Expand,Broadcast,broadcast:/model/layers.7/self_attn/Expand,broadcast,broadcast_gpu_ref,,performance,gtpin_total_execution_cycles,3980090,cycles,1,1024,3980090
n1_i1,1,1,1,n1_i1::primitive::broadcast:/model/layers.7/self_attn/Expand_1,n1_i1::op::/model/layers.7/self_attn/Expand_1,primitive,broadcast:/model/layers.7/self_attn/Expand_1,layers.*/self_attn,/model/layers.7/self_attn/Expand_1,Broadcast,broadcast:/model/layers.7/self_attn/Expand_1,broadcast,broadcast_gpu_ref,,performance,gtpin_total_execution_cycles,4777894,cycles,1,1024,4777894
n1_i1,1,1,1,n1_i1::primitive::broadcast:/model/layers.8/self_attn/Expand,n1_i1::op::/model/layers.8/self_attn/Expand,primitive,broadcast:/model/layers.8/self_attn/Expand,layers.*/self_attn,/model/layers.8/self_attn/Expand,Broadcast,broadcast:/model/layers.8/self_attn/Expand,broadcast,broadcast_gpu_ref,,performance,gtpin_total_execution_cycles,3674138,cycles,1,1024,3674138
n1_i1,1,1,1,n1_i1::primitive::broadcast:/model/layers.8/self_attn/Expand_1,n1_i1::op::/model/layers.8/self_attn/Expand_1,primitive,broadcast:/model/layers.8/self_attn/Expand_1,layers.*/self_attn,/model/layers.8/self_attn/Expand_1,Broadcast,broadcast:/model/layers.8/self_attn/Expand_1,broadcast,broadcast_gpu_ref,,performance,gtpin_total_execution_cycles,3664430,cycles,1,1024,3664430
n1_i1,1,1,1,n1_i1::primitive::broadcast:/model/layers.9/self_attn/Expand,n1_i1::op::/model/layers.9/self_attn/Expand,primitive,broadcast:/model/layers.9/self_attn/Expand,layers.*/self_attn,/model/layers.9/self_attn/Expand,Broadcast,broadcast:/model/layers.9/self_attn/Expand,broadcast,broadcast_gpu_ref,,performance,gtpin_total_execution_cycles,5959374,cycles,1,1024,5959374
n1_i1,1,1,1,n1_i1::primitive::broadcast:/model/layers.9/self_attn/Expand_1,n1_i1::op::/model/layers.9/self_attn/Expand_1,primitive,broadcast:/model/layers.9/self_attn/Expand_1,layers.*/self_attn,/model/layers.9/self_attn/Expand_1,Broadcast,broadcast:/model/layers.9/self_attn/Expand_1,broadcast,broadcast_gpu_ref,,performance,gtpin_total_execution_cycles,4352016,cycles,1,1024,4352016
n1_i1,1,1,1,n1_i1::primitive::concat:/model/rotary_emb/Concat_1,n1_i1::op::/model/rotary_emb/Concat_1,primitive,concat:/model/rotary_emb/Concat_1,rotary_emb,/model/rotary_emb/Concat_1,Concat,concat:/model/rotary_emb/Concat_1,concatenation,concatenation_gpu_simple_ref,,performance,gtpin_total_execution_cycles,130784,cycles,2,32,130784
n1_i1,1,1,1,n1_i1::primitive::convert:/model/layers.0/self_attn/Unsqueeze_6_restore_precision_0,n1_i1::op::/model/layers.0/self_attn/Unsqueeze_6_restore_precision_0,primitive,convert:/model/layers.0/self_attn/Unsqueeze_6_restore_precision_0,layers.*/self_attn,/model/layers.0/self_attn/Unsqueeze_6_restore_precision_0,Convert,convert:/model/layers.0/self_attn/Unsqueeze_6_restore_precision_0,reorder,reorder_data,,performance,gtpin_total_execution_cycles,72848,cycles,1,32,72848
n1_i1,1,1,1,n1_i1::primitive::convert:/model/layers.0/self_attn/Unsqueeze_7_restore_precision_1,n1_i1::op::/model/layers.0/self_attn/Unsqueeze_7_restore_precision_1,primitive,convert:/model/layers.0/self_attn/Unsqueeze_7_restore_precision_1,layers.*/self_attn,/model/layers.0/self_attn/Unsqueeze_7_restore_precision_1,Convert,convert:/model/layers.0/self_attn/Unsqueeze_7_restore_precision_1,reorder,reorder_data,,performance,gtpin_total_execution_cycles,82698,cycles,1,32,82698
n1_i1,1,1,1,n1_i1::primitive::convert:/model/rotary_emb/MatMul_increase_precision_1,n1_i1::op::/model/rotary_emb/MatMul_increase_precision_1,primitive,convert:/model/rotary_emb/MatMul_increase_precision_1,rotary_emb,/model/rotary_emb/MatMul_increase_precision_1,Convert,convert:/model/rotary_emb/MatMul_increase_precision_1,reorder,reorder_data,,performance,gtpin_total_execution_cycles,3082,cycles,1,1,3082
n1_i1,1,1,1,n1_i1::primitive::convert:Convert_90811,n1_i1::op::Convert_90811,primitive,convert:Convert_90811,(root),Convert_90811,Convert,convert:Convert_90811,reorder,reorder_data,,performance,gtpin_total_execution_cycles,6009,cycles,1,1,6009
n1_i1,1,1,1,n1_i1::primitive::convert:Convert_90813,n1_i1::op::Convert_90813,primitive,convert:Convert_90813,(root),Convert_90813,Convert,convert:Convert_90813,reorder,reorder_data,,performance,gtpin_total_execution_cycles,6098,cycles,1,1,6098
n1_i1,1,1,1,n1_i1::primitive::convert:Convert_90873,n1_i1::op::Convert_90873,primitive,convert:Convert_90873,(root),Convert_90873,Convert,convert:Convert_90873,reorder,reorder_data,,performance,gtpin_total_execution_cycles,5325,cycles,1,1,5325
n1_i1,1,1,1,n1_i1::primitive::cos:/model/rotary_emb/Cos,n1_i1::op::/model/rotary_emb/Cos,primitive,cos:/model/rotary_emb/Cos,rotary_emb,/model/rotary_emb/Cos,Cos,cos:/model/rotary_emb/Cos,activation,activation_ref,,performance,gtpin_total_execution_cycles,215940,cycles,1,32,215940
n1_i1,1,1,1,n1_i1::primitive::fullyconnected:/model/layers.0/mlp/down_proj/MatMul,n1_i1::op::/model/layers.0/mlp/down_proj/MatMul,primitive,fullyconnected:/model/layers.0/mlp/down_proj/MatMul,layers.*/mlp,/model/layers.0/mlp/down_proj/MatMul,FullyConnected,fullyconnected:/model/layers.0/mlp/down_proj/MatMul,fully_connected,fully_connected_gpu_bf_tiled,,performance,gtpin_total_execution_cycles,83295266,cycles,1,64,83295266
n1_i1,1,1,1,n1_i1::primitive::fullyconnected:/model/layers.0/mlp/gate_proj/MatMul,n1_i1::op::/model/layers.0/mlp/gate_proj/MatMul,primitive,fullyconnected:/model/layers.0/mlp/gate_proj/MatMul,layers.*/mlp,/model/layers.0/mlp/gate_proj/MatMul,FullyConnected,fullyconnected:/model/layers.0/mlp/gate_proj/MatMul,fully_connected,fully_connected_gpu_bf_tiled,,performance,gtpin_total_execution_cycles,148200178,cycles,1,176,148200178
n1_i1,1,1,1,n1_i1::primitive::fullyconnected:/model/layers.0/mlp/up_proj/MatMul,n1_i1::op::/model/layers.0/mlp/up_proj/MatMul,primitive,fullyconnected:/model/layers.0/mlp/up_proj/MatMul,layers.*/mlp,/model/layers.0/mlp/up_proj/MatMul,FullyConnected,fullyconnected:/model/layers.0/mlp/up_proj/MatMul,fully_connected,fully_connected_gpu_bf_tiled,,performance,gtpin_total_execution_cycles,137535130,cycles,1,176,137535130
n1_i1,1,1,1,n1_i1::primitive::fullyconnected:/model/layers.0/self_attn/k_proj/MatMul,n1_i1::op::/model/layers.0/self_attn/k_proj/MatMul,primitive,fullyconnected:/model/layers.0/self_attn/k_proj/MatMul,layers.*/self_attn,/model/layers.0/self_attn/k_proj/MatMul,FullyConnected,fullyconnected:/model/layers.0/self_attn/k_proj/MatMul,fully_connected,fully_connected_gpu_bf_tiled,,performance,gtpin_total_execution_cycles,4209242,cycles,1,8,4209242
n1_i1,1,1,1,n1_i1::primitive::fullyconnected:/model/layers.0/self_attn/o_proj/MatMul,n1_i1::op::/model/layers.0/self_attn/o_proj/MatMul,primitive,fullyconnected:/model/layers.0/self_attn/o_proj/MatMul,layers.*/self_attn,/model/layers.0/self_attn/o_proj/MatMul,FullyConnected,fullyconnected:/model/layers.0/self_attn/o_proj/MatMul,fully_connected,fully_connected_gpu_bf_tiled,,performance,gtpin_total_execution_cycles,29930110,cycles,1,64,29930110
n1_i1,1,1,1,n1_i1::primitive::fullyconnected:/model/layers.0/self_attn/q_proj/MatMul,n1_i1::op::/model/layers.0/self_attn/q_proj/MatMul,primitive,fullyconnected:/model/layers.0/self_attn/q_proj/MatMul,layers.*/self_attn,/model/layers.0/self_attn/q_proj/MatMul,FullyConnected,fullyconnected:/model/layers.0/self_attn/q_proj/MatMul,fully_connected,fully_connected_gpu_bf_tiled,,performance,gtpin_total_execution_cycles,33118976,cycles,1,64,33118976
n1_i1,1,1,1,n1_i1::primitive::fullyconnected:/model/layers.0/self_attn/v_proj/MatMul,n1_i1::op::/model/layers.0/self_attn/v_proj/MatMul,primitive,fullyconnected:/model/layers.0/self_attn/v_proj/MatMul,layers.*/self_attn,/model/layers.0/self_attn/v_proj/MatMul,FullyConnected,fullyconnected:/model/layers.0/self_attn/v_proj/MatMul,fully_connected,fully_connected_gpu_bf_tiled,,performance,gtpin_total_execution_cycles,4061894,cycles,1,8,4061894
n1_i1,1,1,1,n1_i1::primitive::fullyconnected:/model/layers.1/mlp/down_proj/MatMul,n1_i1::op::/model/layers.1/mlp/down_proj/MatMul,primitive,fullyconnected:/model/layers.1/mlp/down_proj/MatMul,layers.*/mlp,/model/layers.1/mlp/down_proj/MatMul,FullyConnected,fullyconnected:/model/layers.1/mlp/down_proj/MatMul,fully_connected,fully_connected_gpu_bf_tiled,,performance,gtpin_total_execution_cycles,78491200,cycles,1,64,78491200
n1_i1,1,1,1,n1_i1::primitive::fullyconnected:/model/layers.1/mlp/gate_proj/MatMul,n1_i1::op::/model/layers.1/mlp/gate_proj/MatMul,primitive,fullyconnected:/model/layers.1/mlp/gate_proj/MatMul,layers.*/mlp,/model/layers.1/mlp/gate_proj/MatMul,FullyConnected,fullyconnected:/model/layers.1/mlp/gate_proj/MatMul,fully_connected,fully_connected_gpu_bf_tiled,,performance,gtpin_total_execution_cycles,124131562,cycles,1,176,124131562
n1_i1,1,1,1,n1_i1::primitive::fullyconnected:/model/layers.1/mlp/up_proj/MatMul,n1_i1::op::/model/layers.1/mlp/up_proj/MatMul,primitive,fullyconnected:/model/layers.1/mlp/up_proj/MatMul,layers.*/mlp,/model/layers.1/mlp/up_proj/MatMul,FullyConnected,fullyconnected:/model/layers.1/mlp/up_proj/MatMul,fully_connected,fully_connected_gpu_bf_tiled,,performance,gtpin_total_execution_cycles,112659792,cycles,1,176,112659792
n1_i1,1,1,1,n1_i1::primitive::fullyconnected:/model/layers.1/self_attn/k_proj/MatMul,n1_i1::op::/model/layers.1/self_attn/k_proj/MatMul,primitive,fullyconnected:/model/layers.1/self_attn/k_proj/MatMul,layers.*/self_attn,/model/layers.1/self_attn/k_proj/MatMul,FullyConnected,fullyconnected:/model/layers.1/self_attn/k_proj/MatMul,fully_connected,fully_connected_gpu_bf_tiled,,performance,gtpin_total_execution_cycles,4087524,cycles,1,8,4087524
n1_i1,1,1,1,n1_i1::primitive::fullyconnected:/model/layers.1/self_attn/o_proj/MatMul,n1_i1::op::/model/layers.1/self_attn/o_proj/MatMul,primitive,fullyconnected:/model/layers.1/self_attn/o_proj/MatMul,layers.*/self_attn,/model/layers.1/self_attn/o_proj/MatMul,FullyConnected,fullyconnected:/model/layers.1/self_attn/o_proj/MatMul,fully_connected,fully_connected_gpu_bf_tiled,,performance,gtpin_total_execution_cycles,29351102,cycles,1,64,29351102
n1_i1,1,1,1,n1_i1::primitive::fullyconnected:/model/layers.1/self_attn/q_proj/MatMul,n1_i1::op::/model/layers.1/self_attn/q_proj/MatMul,primitive,fullyconnected:/model/layers.1/self_attn/q_proj/MatMul,layers.*/self_attn,/model/layers.1/self_attn/q_proj/MatMul,FullyConnected,fullyconnected:/model/layers.1/self_attn/q_proj/MatMul,fully_connected,fully_connected_gpu_bf_tiled,,performance,gtpin_total_execution_cycles,31923658,cycles,1,64,31923658
n1_i1,1,1,1,n1_i1::primitive::fullyconnected:/model/layers.1/self_attn/v_proj/MatMul,n1_i1::op::/model/layers.1/self_attn/v_proj/MatMul,primitive,fullyconnected:/model/layers.1/self_attn/v_proj/MatMul,layers.*/self_attn,/model/layers.1/self_attn/v_proj/MatMul,FullyConnected,fullyconnected:/model/layers.1/self_attn/v_proj/MatMul,fully_connected,fully_connected_gpu_bf_tiled,,performance,gtpin_total_execution_cycles,3907410,cycles,1,8,3907410
n1_i1,1,1,1,n1_i1::primitive::fullyconnected:/model/layers.10/mlp/down_proj/MatMul,n1_i1::op::/model/layers.10/mlp/down_proj/MatMul,primitive,fullyconnected:/model/layers.10/mlp/down_proj/MatMul,layers.*/mlp,/model/layers.10/mlp/down_proj/MatMul,FullyConnected,fullyconnected:/model/layers.10/mlp/down_proj/MatMul,fully_connected,fully_connected_gpu_bf_tiled,,performance,gtpin_total_execution_cycles,83953516,cycles,1,64,83953516
n1_i1,1,1,1,n1_i1::primitive::fullyconnected:/model/layers.10/mlp/gate_proj/MatMul,n1_i1::op::/model/layers.10/mlp/gate_proj/MatMul,primitive,fullyconnected:/model/layers.10/mlp/gate_proj/MatMul,layers.*/mlp,/model/layers.10/mlp/gate_proj/MatMul,FullyConnected,fullyconnected:/model/layers.10/mlp/gate_proj/MatMul,fully_connected,fully_connected_gpu_bf_tiled,,performance,gtpin_total_execution_cycles,139326178,cycles,1,176,139326178
n1_i1,1,1,1,n1_i1::primitive::fullyconnected:/model/layers.10/mlp/up_proj/MatMul,n1_i1::op::/model/layers.10/mlp/up_proj/MatMul,primitive,fullyconnected:/model/layers.10/mlp/up_proj/MatMul,layers.*/mlp,/model/layers.10/mlp/up_proj/MatMul,FullyConnected,fullyconnected:/model/layers.10/mlp/up_proj/MatMul,fully_connected,fully_connected_gpu_bf_tiled,,performance,gtpin_total_execution_cycles,112669558,cycles,1,176,112669558
n1_i1,1,1,1,n1_i1::primitive::fullyconnected:/model/layers.10/self_attn/k_proj/MatMul,n1_i1::op::/model/layers.10/self_attn/k_proj/MatMul,primitive,fullyconnected:/model/layers.10/self_attn/k_proj/MatMul,layers.*/self_attn,/model/layers.10/self_attn/k_proj/MatMul,FullyConnected,fullyconnected:/model/layers.10/self_attn/k_proj/MatMul,fully_connected,fully_connected_gpu_bf_tiled,,performance,gtpin_total_execution_cycles,3773618,cycles,1,8,3773618
n1_i1,1,1,1,n1_i1::primitive::fullyconnected:/model/layers.10/self_attn/o_proj/MatMul,n1_i1::op::/model/layers.10/self_attn/o_proj/MatMul,primitive,fullyconnected:/model/layers.10/self_attn/o_proj/MatMul,layers.*/self_attn,/model/layers.10/self_attn/o_proj/MatMul,FullyConnected,fullyconnected:/model/layers.10/self_attn/o_proj/MatMul,fully_connected,fully_connected_gpu_bf_tiled,,performance,gtpin_total_execution_cycles,28626906,cycles,1,64,28626906
n1_i1,1,1,1,n1_i1::primitive::fullyconnected:/model/layers.10/self_attn/q_proj/MatMul,n1_i1::op::/model/layers.10/self_attn/q_proj/MatMul,primitive,fullyconnected:/model/layers.10/self_attn/q_proj/MatMul,layers.*/self_attn,/model/layers.10/self_attn/q_proj/MatMul,FullyConnected,fullyconnected:/model/layers.10/self_attn/q_proj/MatMul,fully_connected,fully_connected_gpu_bf_tiled,,performance,gtpin_total_execution_cycles,29454282,cycles,1,64,29454282
n1_i1,1,1,1,n1_i1::primitive::fullyconnected:/model/layers.10/self_attn/v_proj/MatMul,n1_i1::op::/model/layers.10/self_attn/v_proj/MatMul,primitive,fullyconnected:/model/layers.10/self_attn/v_proj/MatMul,layers.*/self_attn,/model/layers.10/self_attn/v_proj/MatMul,FullyConnected,fullyconnected:/model/layers.10/self_attn/v_proj/MatMul,fully_connected,fully_connected_gpu_bf_tiled,,performance,gtpin_total_execution_cycles,3610172,cycles,1,8,3610172
n1_i1,1,1,1,n1_i1::primitive::fullyconnected:/model/layers.11/mlp/down_proj/MatMul,n1_i1::op::/model/layers.11/mlp/down_proj/MatMul,primitive,fullyconnected:/model/layers.11/mlp/down_proj/MatMul,layers.*/mlp,/model/layers.11/mlp/down_proj/MatMul,FullyConnected,fullyconnected:/model/layers.11/mlp/down_proj/MatMul,fully_connected,fully_connected_gpu_bf_tiled,,performance,gtpin_total_execution_cycles,82376076,cycles,1,64,82376076
n1_i1,1,1,1,n1_i1::primitive::fullyconnected:/model/layers.11/mlp/gate_proj/MatMul,n1_i1::op::/model/layers.11/mlp/gate_proj/MatMul,primitive,fullyconnected:/model/layers.11/mlp/gate_proj/MatMul,layers.*/mlp,/model/layers.11/mlp/gate_proj/MatMul,FullyConnected,fullyconnected:/model/layers.11/mlp/gate_proj/MatMul,fully_connected,fully_connected_gpu_bf_tiled,,performance,gtpin_total_execution_cycles,148763994,cycles,1,176,148763994
n1_i1,1,1,1,n1_i1::primitive::fullyconnected:/model/layers.11/mlp/up_proj/MatMul,n1_i1::op::/model/layers.11/mlp/up_proj/MatMul,primitive,fullyconnected:/model/layers.11/mlp/up_proj/MatMul,layers.*/mlp,/model/layers.11/mlp/up_proj/MatMul,FullyConnected,fullyconnected:/model/layers.11/mlp/up_proj/MatMul,fully_connected,fully_connected_gpu_bf_tiled,,performance,gtpin_total_execution_cycles,137108094,cycles,1,176,137108094
n1_i1,1,1,1,n1_i1::primitive::fullyconnected:/model/layers.11/self_attn/k_proj/MatMul,n1_i1::op::/model/layers.11/self_attn/k_proj/MatMul,primitive,fullyconnected:/model/layers.11/self_attn/k_proj/MatMul,layers.*/self_attn,/model/layers.11/self_attn/k_proj/MatMul,FullyConnected,fullyconnected:/model/layers.11/self_attn/k_proj/MatMul,fully_connected,fully_connected_gpu_bf_tiled,,performance,gtpin_total_execution_cycles,3977270,cycles,1,8,3977270
n1_i1,1,1,1,n1_i1::primitive::fullyconnected:/model/layers.11/self_attn/o_proj/MatMul,n1_i1::op::/model/layers.11/self_attn/o_proj/MatMul,primitive,fullyconnected:/model/layers.11/self_attn/o_proj/MatMul,layers.*/self_attn,/model/layers.11/self_attn/o_proj/MatMul,FullyConnected,fullyconnected:/model/layers.11/self_attn/o_proj/MatMul,fully_connected,fully_connected_gpu_bf_tiled,,performance,gtpin_total_execution_cycles,31890842,cycles,1,64,31890842
n1_i1,1,1,1,n1_i1::primitive::fullyconnected:/model/layers.11/self_attn/q_proj/MatMul,n1_i1::op::/model/layers.11/self_attn/q_proj/MatMul,primitive,fullyconnected:/model/layers.11/self_attn/q_proj/MatMul,layers.*/self_attn,/model/layers.11/self_attn/q_proj/MatMul,FullyConnected,fullyconnected:/model/layers.11/self_attn/q_proj/MatMul,fully_connected,fully_connected_gpu_bf_tiled,,performance,gtpin_total_execution_cycles,30972932,cycles,1,64,30972932
n1_i1,1,1,1,n1_i1::primitive::fullyconnected:/model/layers.11/self_attn/v_proj/MatMul,n1_i1::op::/model/layers.11/self_attn/v_proj/MatMul,primitive,fullyconnected:/model/layers.11/self_attn/v_proj/MatMul,layers.*/self_attn,/model/layers.11/self_attn/v_proj/MatMul,FullyConnected,fullyconnected:/model/layers.11/self_attn/v_proj/MatMul,fully_connected,fully_connected_gpu_bf_tiled,,performance,gtpin_total_execution_cycles,3793876,cycles,1,8,3793876
n1_i1,1,1,1,n1_i1::primitive::fullyconnected:/model/layers.12/mlp/down_proj/MatMul,n1_i1::op::/model/layers.12/mlp/down_proj/MatMul,primitive,fullyconnected:/model/layers.12/mlp/down_proj/MatMul,layers.*/mlp,/model/layers.12/mlp/down_proj/MatMul,FullyConnected,fullyconnected:/model/layers.12/mlp/down_proj/MatMul,fully_connected,fully_connected_gpu_bf_tiled,,performance,gtpin_total_execution_cycles,78978580,cycles,1,64,78978580
n1_i1,1,1,1,n1_i1::primitive::fullyconnected:/model/layers.12/mlp/gate_proj/MatMul,n1_i1::op::/model/layers.12/mlp/gate_proj/MatMul,primitive,fullyconnected:/model/layers.12/mlp/gate_proj/MatMul,layers.*/mlp,/model/layers.12/mlp/gate_proj/MatMul,FullyConnected,fullyconnected:/model/layers.12/mlp/gate_proj/MatMul,fully_connected,fully_connected_gpu_bf_tiled,,performance,gtpin_total_execution_cycles,144941076,cycles,1,176,144941076
n1_i1,1,1,1,n1_i1::primitive::fullyconnected:/model/layers.12/mlp/up_proj/MatMul,n1_i1::op::/model/layers.12/mlp/up_proj/MatMul,primitive,fullyconnected:/model/layers.12/mlp/up_proj/MatMul,layers.*/mlp,/model/layers.12/mlp/up_proj/MatMul,FullyConnected,fullyconnected:/model/layers.12/mlp/up_proj/MatMul,fully_connected,fully_connected_gpu_bf_tiled,,performance,gtpin_total_execution_cycles,115244792,cycles,1,176,115244792
n1_i1,1,1,1,n1_i1::primitive::fullyconnected:/model/layers.12/self_attn/k_proj/MatMul,n1_i1::op::/model/layers.12/self_attn/k_proj/MatMul,primitive,fullyconnected:/model/layers.12/self_attn/k_proj/MatMul,layers.*/self_attn,/model/layers.12/self_attn/k_proj/MatMul,FullyConnected,fullyconnected:/model/layers.12/self_attn/k_proj/MatMul,fully_connected,fully_connected_gpu_bf_tiled,,performance,gtpin_total_execution_cycles,3988110,cycles,1,8,3988110
n1_i1,1,1,1,n1_i1::primitive::fullyconnected:/model/layers.12/self_attn/o_proj/MatMul,n1_i1::op::/model/layers.12/self_attn/o_proj/MatMul,primitive,fullyconnected:/model/layers.12/self_attn/o_proj/MatMul,layers.*/self_attn,/model/layers.12/self_attn/o_proj/MatMul,FullyConnected,fullyconnected:/model/layers.12/self_attn/o_proj/MatMul,fully_connected,fully_connected_gpu_bf_tiled,,performance,gtpin_total_execution_cycles,29090668,cycles,1,64,29090668
n1_i1,1,1,1,n1_i1::primitive::fullyconnected:/model/layers.12/self_attn/q_proj/MatMul,n1_i1::op::/model/layers.12/self_attn/q_proj/MatMul,primitive,fullyconnected:/model/layers.12/self_attn/q_proj/MatMul,layers.*/self_attn,/model/layers.12/self_attn/q_proj/MatMul,FullyConnected,fullyconnected:/model/layers.12/self_attn/q_proj/MatMul,fully_connected,fully_connected_gpu_bf_tiled,,performance,gtpin_total_execution_cycles,30753742,cycles,1,64,30753742
n1_i1,1,1,1,n1_i1::primitive::fullyconnected:/model/layers.12/self_attn/v_proj/MatMul,n1_i1::op::/model/layers.12/self_attn/v_proj/MatMul,primitive,fullyconnected:/model/layers.12/self_attn/v_proj/MatMul,layers.*/self_attn,/model/layers.12/self_attn/v_proj/MatMul,FullyConnected,fullyconnected:/model/layers.12/self_attn/v_proj/MatMul,fully_connected,fully_connected_gpu_bf_tiled,,performance,gtpin_total_execution_cycles,3755342,cycles,1,8,3755342
n1_i1,1,1,1,n1_i1::primitive::fullyconnected:/model/layers.13/mlp/down_proj/MatMul,n1_i1::op::/model/layers.13/mlp/down_proj/MatMul,primitive,fullyconnected:/model/layers.13/mlp/down_proj/MatMul,layers.*/mlp,/model/layers.13/mlp/down_proj/MatMul,FullyConnected,fullyconnected:/model/layers.13/mlp/down_proj/MatMul,fully_connected,fully_connected_gpu_bf_tiled,,performance,gtpin_total_execution_cycles,75529178,cycles,1,64,75529178
n1_i1,1,1,1,n1_i1::primitive::fullyconnected:/model/layers.13/mlp/gate_proj/MatMul,n1_i1::op::/model/layers.13/mlp/gate_proj/MatMul,primitive,fullyconnected:/model/layers.13/mlp/gate_proj/MatMul,layers.*/mlp,/model/layers.13/mlp/gate_proj/MatMul,FullyConnected,fullyconnected:/model/layers.13/mlp/gate_proj/MatMul,fully_connected,fully_connected_gpu_bf_tiled,,performance,gtpin_total_execution_cycles,123240044,cycles,1,176,123240044
n1_i1,1,1,1,n1_i1::primitive::fullyconnected:/model/layers.13/mlp/up_proj/MatMul,n1_i1::op::/model/layers.13/mlp/up_proj/MatMul,primitive,fullyconnected:/model/layers.13/mlp/up_proj/MatMul,layers.*/mlp,/model/layers.13/mlp/up_proj/MatMul,FullyConnected,fullyconnected:/model/layers.13/mlp/up_proj/MatMul,fully_connected,fully_connected_gpu_bf_tiled,,performance,gtpin_total_execution_cycles,101482770,cycles,1,176,101482770
n1_i1,1,1,1,n1_i1::primitive::fullyconnected:/model/layers.13/self_attn/k_proj/MatMul,n1_i1::op::/model/layers.13/self_attn/k_proj/MatMul,primitive,fullyconnected:/model/layers.13/self_attn/k_proj/MatMul,layers.*/self_attn,/model/layers.13/self_attn/k_proj/MatMul,FullyConnected,fullyconnected:/model/layers.13/self_attn/k_proj/MatMul,fully_connected,fully_connected_gpu_bf_tiled,,performance,gtpin_total_execution_cycles,3795636,cycles,1,8,3795636
n1_i1,1,1,1,n1_i1::primitive::fullyconnected:/model/layers.13/self_attn/o_proj/MatMul,n1_i1::op::/model/layers.13/self_attn/o_proj/MatMul,primitive,fullyconnected:/model/layers.13/self_attn/o_proj/MatMul,layers.*/self_attn,/model/layers.13/self_attn/o_proj/MatMul,FullyConnected,fullyconnected:/model/layers.13/self_attn/o_proj/MatMul,fully_connected,fully_connected_gpu_bf_tiled,,performance,gtpin_total_execution_cycles,29071446,cycles,1,64,29071446
n1_i1,1,1,1,n1_i1::primitive::fullyconnected:/model/layers.13/self_attn/q_proj/MatMul,n1_i1::op::/model/layers.13/self_attn/q_proj/MatMul,primitive,fullyconnected:/model/layers.13/self_attn/q_proj/MatMul,layers.*/self_attn,/model/layers.13/self_attn/q_proj/MatMul,FullyConnected,fullyconnected:/model/layers.13/self_attn/q_proj/MatMul,fully_connected,fully_connected_gpu_bf_tiled,,performance,gtpin_total_execution_cycles,29400754,cycles,1,64,29400754
n1_i1,1,1,1,n1_i1::primitive::fullyconnected:/model/layers.13/self_attn/v_proj/MatMul,n1_i1::op::/model/layers.13/self_attn/v_proj/MatMul,primitive,fullyconnected:/model/layers.13/self_attn/v_proj/MatMul,layers.*/self_attn,/model/layers.13/self_attn/v_proj/MatMul,FullyConnected,fullyconnected:/model/layers.13/self_attn/v_proj/MatMul,fully_connected,fully_connected_gpu_bf_tiled,,performance,gtpin_total_execution_cycles,3582852,cycles,1,8,3582852
n1_i1,1,1,1,n1_i1::primitive::fullyconnected:/model/layers.14/mlp/down_proj/MatMul,n1_i1::op::/model/layers.14/mlp/down_proj/MatMul,primitive,fullyconnected:/model/layers.14/mlp/down_proj/MatMul,layers.*/mlp,/model/layers.14/mlp/down_proj/MatMul,FullyConnected,fullyconnected:/model/layers.14/mlp/down_proj/MatMul,fully_connected,fully_connected_gpu_bf_tiled,,performance,gtpin_total_execution_cycles,82181310,cycles,1,64,82181310
n1_i1,1,1,1,n1_i1::primitive::fullyconnected:/model/layers.14/mlp/gate_proj/MatMul,n1_i1::op::/model/layers.14/mlp/gate_proj/MatMul,primitive,fullyconnected:/model/layers.14/mlp/gate_proj/MatMul,layers.*/mlp,/model/layers.14/mlp/gate_proj/MatMul,FullyConnected,fullyconnected:/model/layers.14/mlp/gate_proj/MatMul,fully_connected,fully_connected_gpu_bf_tiled,,performance,gtpin_total_execution_cycles,164827692,cycles,1,176,164827692
n1_i1,1,1,1,n1_i1::primitive::fullyconnected:/model/layers.14/mlp/up_proj/MatMul,n1_i1::op::/model/layers.14/mlp/up_proj/MatMul,primitive,fullyconnected:/model/layers.14/mlp/up_proj/MatMul,layers.*/mlp,/model/layers.14/mlp/up_proj/MatMul,FullyConnected,fullyconnected:/model/layers.14/mlp/up_proj/MatMul,fully_connected,fully_connected_gpu_bf_tiled,,performance,gtpin_total_execution_cycles,112127522,cycles,1,176,112127522
n1_i1,1,1,1,n1_i1::primitive::fullyconnected:/model/layers.14/self_attn/k_proj/MatMul,n1_i1::op::/model/layers.14/self_attn/k_proj/MatMul,primitive,fullyconnected:/model/layers.14/self_attn/k_proj/MatMul,layers.*/self_attn,/model/layers.14/self_attn/k_proj/MatMul,FullyConnected,fullyconnected:/model/layers.14/self_attn/k_proj/MatMul,fully_connected,fully_connected_gpu_bf_tiled,,performance,gtpin_total_execution_cycles,3689932,cycles,1,8,3689932
n1_i1,1,1,1,n1_i1::primitive::fullyconnected:/model/layers.14/self_attn/o_proj/MatMul,n1_i1::op::/model/layers.14/self_attn/o_proj/MatMul,primitive,fullyconnected:/model/layers.14/self_attn/o_proj/MatMul,layers.*/self_attn,/model/layers.14/self_attn/o_proj/MatMul,FullyConnected,fullyconnected:/model/layers.14/self_attn/o_proj/MatMul,fully_connected,fully_connected_gpu_bf_tiled,,performance,gtpin_total_execution_cycles,28851284,cycles,1,64,28851284
n1_i1,1,1,1,n1_i1::primitive::fullyconnected:/model/layers.14/self_attn/q_proj/MatMul,n1_i1::op::/model/layers.14/self_attn/q_proj/MatMul,primitive,fullyconnected:/model/layers.14/self_attn/q_proj/MatMul,layers.*/self_attn,/model/layers.14/self_attn/q_proj/MatMul,FullyConnected,fullyconnected:/model/layers.14/self_attn/q_proj/MatMul,fully_connected,fully_connected_gpu_bf_tiled,,performance,gtpin_total_execution_cycles,28617120,cycles,1,64,28617120
n1_i1,1,1,1,n1_i1::primitive::fullyconnected:/model/layers.14/self_attn/v_proj/MatMul,n1_i1::op::/model/layers.14/self_attn/v_proj/MatMul,primitive,fullyconnected:/model/layers.14/self_attn/v_proj/MatMul,layers.*/self_attn,/model/layers.14/self_attn/v_proj/MatMul,FullyConnected,fullyconnected:/model/layers.14/self_attn/v_proj/MatMul,fully_connected,fully_connected_gpu_bf_tiled,,performance,gtpin_total_execution_cycles,3491116,cycles,1,8,3491116
n1_i1,1,1,1,n1_i1::primitive::fullyconnected:/model/layers.15/mlp/down_proj/MatMul,n1_i1::op::/model/layers.15/mlp/down_proj/MatMul,primitive,fullyconnected:/model/layers.15/mlp/down_proj/MatMul,layers.*/mlp,/model/layers.15/mlp/down_proj/MatMul,FullyConnected,fullyconnected:/model/layers.15/mlp/down_proj/MatMul,fully_connected,fully_connected_gpu_bf_tiled,,performance,gtpin_total_execution_cycles,76022502,cycles,1,64,76022502
n1_i1,1,1,1,n1_i1::primitive::fullyconnected:/model/layers.15/mlp/gate_proj/MatMul,n1_i1::op::/model/layers.15/mlp/gate_proj/MatMul,primitive,fullyconnected:/model/layers.15/mlp/gate_proj/MatMul,layers.*/mlp,/model/layers.15/mlp/gate_proj/MatMul,FullyConnected,fullyconnected:/model/layers.15/mlp/gate_proj/MatMul,fully_connected,fully_connected_gpu_bf_tiled,,performance,gtpin_total_execution_cycles,106755206,cycles,1,176,106755206
n1_i1,1,1,1,n1_i1::primitive::fullyconnected:/model/layers.15/mlp/up_proj/MatMul,n1_i1::op::/model/layers.15/mlp/up_proj/MatMul,primitive,fullyconnected:/model/layers.15/mlp/up_proj/MatMul,layers.*/mlp,/model/layers.15/mlp/up_proj/MatMul,FullyConnected,fullyconnected:/model/layers.15/mlp/up_proj/MatMul,fully_connected,fully_connected_gpu_bf_tiled,,performance,gtpin_total_execution_cycles,101465718,cycles,1,176,101465718
n1_i1,1,1,1,n1_i1::primitive::fullyconnected:/model/layers.15/self_attn/k_proj/MatMul,n1_i1::op::/model/layers.15/self_attn/k_proj/MatMul,primitive,fullyconnected:/model/layers.15/self_attn/k_proj/MatMul,layers.*/self_attn,/model/layers.15/self_attn/k_proj/MatMul,FullyConnected,fullyconnected:/model/layers.15/self_attn/k_proj/MatMul,fully_connected,fully_connected_gpu_bf_tiled,,performance,gtpin_total_execution_cycles,3735056,cycles,1,8,3735056
n1_i1,1,1,1,n1_i1::primitive::fullyconnected:/model/layers.15/self_attn/o_proj/MatMul,n1_i1::op::/model/layers.15/self_attn/o_proj/MatMul,primitive,fullyconnected:/model/layers.15/self_attn/o_proj/MatMul,layers.*/self_attn,/model/layers.15/self_attn/o_proj/MatMul,FullyConnected,fullyconnected:/model/layers.15/self_attn/o_proj/MatMul,fully_connected,fully_connected_gpu_bf_tiled,,performance,gtpin_total_execution_cycles,28709846,cycles,1,64,28709846
n1_i1,1,1,1,n1_i1::primitive::fullyconnected:/model/layers.15/self_attn/q_proj/MatMul,n1_i1::op::/model/layers.15/self_attn/q_proj/MatMul,primitive,fullyconnected:/model/layers.15/self_attn/q_proj/MatMul,layers.*/self_attn,/model/layers.15/self_attn/q_proj/MatMul,FullyConnected,fullyconnected:/model/layers.15/self_attn/q_proj/MatMul,fully_connected,fully_connected_gpu_bf_tiled,,performance,gtpin_total_execution_cycles,29099486,cycles,1,64,29099486
n1_i1,1,1,1,n1_i1::primitive::fullyconnected:/model/layers.15/self_attn/v_proj/MatMul,n1_i1::op::/model/layers.15/self_attn/v_proj/MatMul,primitive,fullyconnected:/model/layers.15/self_attn/v_proj/MatMul,layers.*/self_attn,/model/layers.15/self_attn/v_proj/MatMul,FullyConnected,fullyconnected:/model/layers.15/self_attn/v_proj/MatMul,fully_connected,fully_connected_gpu_bf_tiled,,performance,gtpin_total_execution_cycles,3561266,cycles,1,8,3561266
n1_i1,1,1,1,n1_i1::primitive::fullyconnected:/model/layers.16/mlp/down_proj/MatMul,n1_i1::op::/model/layers.16/mlp/down_proj/MatMul,primitive,fullyconnected:/model/layers.16/mlp/down_proj/MatMul,layers.*/mlp,/model/layers.16/mlp/down_proj/MatMul,FullyConnected,fullyconnected:/model/layers.16/mlp/down_proj/MatMul,fully_connected,fully_connected_gpu_bf_tiled,,performance,gtpin_total_execution_cycles,75955010,cycles,1,64,75955010
n1_i1,1,1,1,n1_i1::primitive::fullyconnected:/model/layers.16/mlp/gate_proj/MatMul,n1_i1::op::/model/layers.16/mlp/gate_proj/MatMul,primitive,fullyconnected:/model/layers.16/mlp/gate_proj/MatMul,layers.*/mlp,/model/layers.16/mlp/gate_proj/MatMul,FullyConnected,fullyconnected:/model/layers.16/mlp/gate_proj/MatMul,fully_connected,fully_connected_gpu_bf_tiled,,performance,gtpin_total_execution_cycles,133037866,cycles,1,176,133037866
n1_i1,1,1,1,n1_i1::primitive::fullyconnected:/model/layers.16/mlp/up_proj/MatMul,n1_i1::op::/model/layers.16/mlp/up_proj/MatMul,primitive,fullyconnected:/model/layers.16/mlp/up_proj/MatMul,layers.*/mlp,/model/layers.16/mlp/up_proj/MatMul,FullyConnected,fullyconnected:/model/layers.16/mlp/up_proj/MatMul,fully_connected,fully_connected_gpu_bf_tiled,,performance,gtpin_total_execution_cycles,116282022,cycles,1,176,116282022
n1_i1,1,1,1,n1_i1::primitive::fullyconnected:/model/layers.16/self_attn/k_proj/MatMul,n1_i1::op::/model/layers.16/self_attn/k_proj/MatMul,primitive,fullyconnected:/model/layers.16/self_attn/k_proj/MatMul,layers.*/self_attn,/model/layers.16/self_attn/k_proj/MatMul,FullyConnected,fullyconnected:/model/layers.16/self_attn/k_proj/MatMul,fully_connected,fully_connected_gpu_bf_tiled,,performance,gtpin_total_execution_cycles,3708598,cycles,1,8,3708598
n1_i1,1,1,1,n1_i1::primitive::fullyconnected:/model/layers.16/self_attn/o_proj/MatMul,n1_i1::op::/model/layers.16/self_attn/o_proj/MatMul,primitive,fullyconnected:/model/layers.16/self_attn/o_proj/MatMul,layers.*/self_attn,/model/layers.16/self_attn/o_proj/MatMul,FullyConnected,fullyconnected:/model/layers.16/self_attn/o_proj/MatMul,fully_connected,fully_connected_gpu_bf_tiled,,performance,gtpin_total_execution_cycles,28413100,cycles,1,64,28413100
n1_i1,1,1,1,n1_i1::primitive::fullyconnected:/model/layers.16/self_attn/q_proj/MatMul,n1_i1::op::/model/layers.16/self_attn/q_proj/MatMul,primitive,fullyconnected:/model/layers.16/self_attn/q_proj/MatMul,layers.*/self_attn,/model/layers.16/self_attn/q_proj/MatMul,FullyConnected,fullyconnected:/model/layers.16/self_attn/q_proj/MatMul,fully_connected,fully_connected_gpu_bf_tiled,,performance,gtpin_total_execution_cycles,28906166,cycles,1,64,28906166
n1_i1,1,1,1,n1_i1::primitive::fullyconnected:/model/layers.16/self_attn/v_proj/MatMul,n1_i1::op::/model/layers.16/self_attn/v_proj/MatMul,primitive,fullyconnected:/model/layers.16/self_attn/v_proj/MatMul,layers.*/self_attn,/model/layers.16/self_attn/v_proj/MatMul,FullyConnected,fullyconnected:/model/layers.16/self_attn/v_proj/MatMul,fully_connected,fully_connected_gpu_bf_tiled,,performance,gtpin_total_execution_cycles,3525160,cycles,1,8,3525160
n1_i1,1,1,1,n1_i1::primitive::fullyconnected:/model/layers.17/mlp/down_proj/MatMul,n1_i1::op::/model/layers.17/mlp/down_proj/MatMul,primitive,fullyconnected:/model/layers.17/mlp/down_proj/MatMul,layers.*/mlp,/model/layers.17/mlp/down_proj/MatMul,FullyConnected,fullyconnected:/model/layers.17/mlp/down_proj/MatMul,fully_connected,fully_connected_gpu_bf_tiled,,performance,gtpin_total_execution_cycles,76893626,cycles,1,64,76893626
n1_i1,1,1,1,n1_i1::primitive::fullyconnected:/model/layers.17/mlp/gate_proj/MatMul,n1_i1::op::/model/layers.17/mlp/gate_proj/MatMul,primitive,fullyconnected:/model/layers.17/mlp/gate_proj/MatMul,layers.*/mlp,/model/layers.17/mlp/gate_proj/MatMul,FullyConnected,fullyconnected:/model/layers.17/mlp/gate_proj/MatMul,fully_connected,fully_connected_gpu_bf_tiled,,performance,gtpin_total_execution_cycles,113078062,cycles,1,176,113078062
n1_i1,1,1,1,n1_i1::primitive::fullyconnected:/model/layers.17/mlp/up_proj/MatMul,n1_i1::op::/model/layers.17/mlp/up_proj/MatMul,primitive,fullyconnected:/model/layers.17/mlp/up_proj/MatMul,layers.*/mlp,/model/layers.17/mlp/up_proj/MatMul,FullyConnected,fullyconnected:/model/layers.17/mlp/up_proj/MatMul,fully_connected,fully_connected_gpu_bf_tiled,,performance,gtpin_total_execution_cycles,97358904,cycles,1,176,97358904
n1_i1,1,1,1,n1_i1::primitive::fullyconnected:/model/layers.17/self_attn/k_proj/MatMul,n1_i1::op::/model/layers.17/self_attn/k_proj/MatMul,primitive,fullyconnected:/model/layers.17/self_attn/k_proj/MatMul,layers.*/self_attn,/model/layers.17/self_attn/k_proj/MatMul,FullyConnected,fullyconnected:/model/layers.17/self_attn/k_proj/MatMul,fully_connected,fully_connected_gpu_bf_tiled,,performance,gtpin_total_execution_cycles,3698458,cycles,1,8,3698458
n1_i1,1,1,1,n1_i1::primitive::fullyconnected:/model/layers.17/self_attn/o_proj/MatMul,n1_i1::op::/model/layers.17/self_attn/o_proj/MatMul,primitive,fullyconnected:/model/layers.17/self_attn/o_proj/MatMul,layers.*/self_attn,/model/layers.17/self_attn/o_proj/MatMul,FullyConnected,fullyconnected:/model/layers.17/self_attn/o_proj/MatMul,fully_connected,fully_connected_gpu_bf_tiled,,performance,gtpin_total_execution_cycles,28396060,cycles,1,64,28396060
n1_i1,1,1,1,n1_i1::primitive::fullyconnected:/model/layers.17/self_attn/q_proj/MatMul,n1_i1::op::/model/layers.17/self_attn/q_proj/MatMul,primitive,fullyconnected:/model/layers.17/self_attn/q_proj/MatMul,layers.*/self_attn,/model/layers.17/self_attn/q_proj/MatMul,FullyConnected,fullyconnected:/model/layers.17/self_attn/q_proj/MatMul,fully_connected,fully_connected_gpu_bf_tiled,,performance,gtpin_total_execution_cycles,28572592,cycles,1,64,28572592
n1_i1,1,1,1,n1_i1::primitive::fullyconnected:/model/layers.17/self_attn/v_proj/MatMul,n1_i1::op::/model/layers.17/self_attn/v_proj/MatMul,primitive,fullyconnected:/model/layers.17/self_attn/v_proj/MatMul,layers.*/self_attn,/model/layers.17/self_attn/v_proj/MatMul,FullyConnected,fullyconnected:/model/layers.17/self_attn/v_proj/MatMul,fully_connected,fully_connected_gpu_bf_tiled,,performance,gtpin_total_execution_cycles,3474760,cycles,1,8,3474760
n1_i1,1,1,1,n1_i1::primitive::fullyconnected:/model/layers.18/mlp/down_proj/MatMul,n1_i1::op::/model/layers.18/mlp/down_proj/MatMul,primitive,fullyconnected:/model/layers.18/mlp/down_proj/MatMul,layers.*/mlp,/model/layers.18/mlp/down_proj/MatMul,FullyConnected,fullyconnected:/model/layers.18/mlp/down_proj/MatMul,fully_connected,fully_connected_gpu_bf_tiled,,performance,gtpin_total_execution_cycles,78746850,cycles,1,64,78746850
n1_i1,1,1,1,n1_i1::primitive::fullyconnected:/model/layers.18/mlp/gate_proj/MatMul,n1_i1::op::/model/layers.18/mlp/gate_proj/MatMul,primitive,fullyconnected:/model/layers.18/mlp/gate_proj/MatMul,layers.*/mlp,/model/layers.18/mlp/gate_proj/MatMul,FullyConnected,fullyconnected:/model/layers.18/mlp/gate_proj/MatMul,fully_connected,fully_connected_gpu_bf_tiled,,performance,gtpin_total_execution_cycles,105451694,cycles,1,176,105451694
n1_i1,1,1,1,n1_i1::primitive::fullyconnected:/model/layers.18/mlp/up_proj/MatMul,n1_i1::op::/model/layers.18/mlp/up_proj/MatMul,primitive,fullyconnected:/model/layers.18/mlp/up_proj/MatMul,layers.*/mlp,/model/layers.18/mlp/up_proj/MatMul,FullyConnected,fullyconnected:/model/layers.18/mlp/up_proj/MatMul,fully_connected,fully_connected_gpu_bf_tiled,,performance,gtpin_total_execution_cycles,104499254,cycles,1,176,104499254
n1_i1,1,1,1,n1_i1::primitive::fullyconnected:/model/layers.18/self_attn/k_proj/MatMul,n1_i1::op::/model/layers.18/self_attn/k_proj/MatMul,primitive,fullyconnected:/model/layers.18/self_attn/k_proj/MatMul,layers.*/self_attn,/model/layers.18/self_attn/k_proj/MatMul,FullyConnected,fullyconnected:/model/layers.18/self_attn/k_proj/MatMul,fully_connected,fully_connected_gpu_bf_tiled,,performance,gtpin_total_execution_cycles,3846806,cycles,1,8,3846806
n1_i1,1,1,1,n1_i1::primitive::fullyconnected:/model/layers.18/self_attn/o_proj/MatMul,n1_i1::op::/model/layers.18/self_attn/o_proj/MatMul,primitive,fullyconnected:/model/layers.18/self_attn/o_proj/MatMul,layers.*/self_attn,/model/layers.18/self_attn/o_proj/MatMul,FullyConnected,fullyconnected:/model/layers.18/self_attn/o_proj/MatMul,fully_connected,fully_connected_gpu_bf_tiled,,performance,gtpin_total_execution_cycles,28883704,cycles,1,64,28883704
n1_i1,1,1,1,n1_i1::primitive::fullyconnected:/model/layers.18/self_attn/q_proj/MatMul,n1_i1::op::/model/layers.18/self_attn/q_proj/MatMul,primitive,fullyconnected:/model/layers.18/self_attn/q_proj/MatMul,layers.*/self_attn,/model/layers.18/self_attn/q_proj/MatMul,FullyConnected,fullyconnected:/model/layers.18/self_attn/q_proj/MatMul,fully_connected,fully_connected_gpu_bf_tiled,,performance,gtpin_total_execution_cycles,30019948,cycles,1,64,30019948
n1_i1,1,1,1,n1_i1::primitive::fullyconnected:/model/layers.18/self_attn/v_proj/MatMul,n1_i1::op::/model/layers.18/self_attn/v_proj/MatMul,primitive,fullyconnected:/model/layers.18/self_attn/v_proj/MatMul,layers.*/self_attn,/model/layers.18/self_attn/v_proj/MatMul,FullyConnected,fullyconnected:/model/layers.18/self_attn/v_proj/MatMul,fully_connected,fully_connected_gpu_bf_tiled,,performance,gtpin_total_execution_cycles,3663324,cycles,1,8,3663324
n1_i1,1,1,1,n1_i1::primitive::fullyconnected:/model/layers.19/mlp/down_proj/MatMul,n1_i1::op::/model/layers.19/mlp/down_proj/MatMul,primitive,fullyconnected:/model/layers.19/mlp/down_proj/MatMul,layers.*/mlp,/model/layers.19/mlp/down_proj/MatMul,FullyConnected,fullyconnected:/model/layers.19/mlp/down_proj/MatMul,fully_connected,fully_connected_gpu_bf_tiled,,performance,gtpin_total_execution_cycles,75478914,cycles,1,64,75478914
n1_i1,1,1,1,n1_i1::primitive::fullyconnected:/model/layers.19/mlp/gate_proj/MatMul,n1_i1::op::/model/layers.19/mlp/gate_proj/MatMul,primitive,fullyconnected:/model/layers.19/mlp/gate_proj/MatMul,layers.*/mlp,/model/layers.19/mlp/gate_proj/MatMul,FullyConnected,fullyconnected:/model/layers.19/mlp/gate_proj/MatMul,fully_connected,fully_connected_gpu_bf_tiled,,performance,gtpin_total_execution_cycles,104200524,cycles,1,176,104200524
n1_i1,1,1,1,n1_i1::primitive::fullyconnected:/model/layers.19/mlp/up_proj/MatMul,n1_i1::op::/model/layers.19/mlp/up_proj/MatMul,primitive,fullyconnected:/model/layers.19/mlp/up_proj/MatMul,layers.*/mlp,/model/layers.19/mlp/up_proj/MatMul,FullyConnected,fullyconnected:/model/layers.19/mlp/up_proj/MatMul,fully_connected,fully_connected_gpu_bf_tiled,,performance,gtpin_total_execution_cycles,98899120,cycles,1,176,98899120
n1_i1,1,1,1,n1_i1::primitive::fullyconnected:/model/layers.19/self_attn/k_proj/MatMul,n1_i1::op::/model/layers.19/self_attn/k_proj/MatMul,primitive,fullyconnected:/model/layers.19/self_attn/k_proj/MatMul,layers.*/self_attn,/model/layers.19/self_attn/k_proj/MatMul,FullyConnected,fullyconnected:/model/layers.19/self_attn/k_proj/MatMul,fully_connected,fully_connected_gpu_bf_tiled,,performance,gtpin_total_execution_cycles,3759120,cycles,1,8,3759120
n1_i1,1,1,1,n1_i1::primitive::fullyconnected:/model/layers.19/self_attn/o_proj/MatMul,n1_i1::op::/model/layers.19/self_attn/o_proj/MatMul,primitive,fullyconnected:/model/layers.19/self_attn/o_proj/MatMul,layers.*/self_attn,/model/layers.19/self_attn/o_proj/MatMul,FullyConnected,fullyconnected:/model/layers.19/self_attn/o_proj/MatMul,fully_connected,fully_connected_gpu_bf_tiled,,performance,gtpin_total_execution_cycles,28034308,cycles,1,64,28034308
n1_i1,1,1,1,n1_i1::primitive::fullyconnected:/model/layers.19/self_attn/q_proj/MatMul,n1_i1::op::/model/layers.19/self_attn/q_proj/MatMul,primitive,fullyconnected:/model/layers.19/self_attn/q_proj/MatMul,layers.*/self_attn,/model/layers.19/self_attn/q_proj/MatMul,FullyConnected,fullyconnected:/model/layers.19/self_attn/q_proj/MatMul,fully_connected,fully_connected_gpu_bf_tiled,,performance,gtpin_total_execution_cycles,29156106,cycles,1,64,29156106
n1_i1,1,1,1,n1_i1::primitive::fullyconnected:/model/layers.19/self_attn/v_proj/MatMul,n1_i1::op::/model/layers.19/self_attn/v_proj/MatMul,primitive,fullyconnected:/model/layers.19/self_attn/v_proj/MatMul,layers.*/self_attn,/model/layers.19/self_attn/v_proj/MatMul,FullyConnected,fullyconnected:/model/layers.19/self_attn/v_proj/MatMul,fully_connected,fully_connected_gpu_bf_tiled,,performance,gtpin_total_execution_cycles,3564536,cycles,1,8,3564536
n1_i1,1,1,1,n1_i1::primitive::fullyconnected:/model/layers.2/mlp/down_proj/MatMul,n1_i1::op::/model/layers.2/mlp/down_proj/MatMul,primitive,fullyconnected:/model/layers.2/mlp/down_proj/MatMul,layers.*/mlp,/model/layers.2/mlp/down_proj/MatMul,FullyConnected,fullyconnected:/model/layers.2/mlp/down_proj/MatMul,fully_connected,fully_connected_gpu_bf_tiled,,performance,gtpin_total_execution_cycles,76995824,cycles,1,64,76995824
n1_i1,1,1,1,n1_i1::primitive::fullyconnected:/model/layers.2/mlp/gate_proj/MatMul,n1_i1::op::/model/layers.2/mlp/gate_proj/MatMul,primitive,fullyconnected:/model/layers.2/mlp/gate_proj/MatMul,layers.*/mlp,/model/layers.2/mlp/gate_proj/MatMul,FullyConnected,fullyconnected:/model/layers.2/mlp/gate_proj/MatMul,fully_connected,fully_connected_gpu_bf_tiled,,performance,gtpin_total_execution_cycles,108954578,cycles,1,176,108954578
n1_i1,1,1,1,n1_i1::primitive::fullyconnected:/model/layers.2/mlp/up_proj/MatMul,n1_i1::op::/model/layers.2/mlp/up_proj/MatMul,primitive,fullyconnected:/model/layers.2/mlp/up_proj/MatMul,layers.*/mlp,/model/layers.2/mlp/up_proj/MatMul,FullyConnected,fullyconnected:/model/layers.2/mlp/up_proj/MatMul,fully_connected,fully_connected_gpu_bf_tiled,,performance,gtpin_total_execution_cycles,106755036,cycles,1,176,106755036
n1_i1,1,1,1,n1_i1::primitive::fullyconnected:/model/layers.2/self_attn/k_proj/MatMul,n1_i1::op::/model/layers.2/self_attn/k_proj/MatMul,primitive,fullyconnected:/model/layers.2/self_attn/k_proj/MatMul,layers.*/self_attn,/model/layers.2/self_attn/k_proj/MatMul,FullyConnected,fullyconnected:/model/layers.2/self_attn/k_proj/MatMul,fully_connected,fully_connected_gpu_bf_tiled,,performance,gtpin_total_execution_cycles,3932890,cycles,1,8,3932890
n1_i1,1,1,1,n1_i1::primitive::fullyconnected:/model/layers.2/self_attn/o_proj/MatMul,n1_i1::op::/model/layers.2/self_attn/o_proj/MatMul,primitive,fullyconnected:/model/layers.2/self_attn/o_proj/MatMul,layers.*/self_attn,/model/layers.2/self_attn/o_proj/MatMul,FullyConnected,fullyconnected:/model/layers.2/self_attn/o_proj/MatMul,fully_connected,fully_connected_gpu_bf_tiled,,performance,gtpin_total_execution_cycles,28711306,cycles,1,64,28711306
n1_i1,1,1,1,n1_i1::primitive::fullyconnected:/model/layers.2/self_attn/q_proj/MatMul,n1_i1::op::/model/layers.2/self_attn/q_proj/MatMul,primitive,fullyconnected:/model/layers.2/self_attn/q_proj/MatMul,layers.*/self_attn,/model/layers.2/self_attn/q_proj/MatMul,FullyConnected,fullyconnected:/model/layers.2/self_attn/q_proj/MatMul,fully_connected,fully_connected_gpu_bf_tiled,,performance,gtpin_total_execution_cycles,30558736,cycles,1,64,30558736
n1_i1,1,1,1,n1_i1::primitive::fullyconnected:/model/layers.2/self_attn/v_proj/MatMul,n1_i1::op::/model/layers.2/self_attn/v_proj/MatMul,primitive,fullyconnected:/model/layers.2/self_attn/v_proj/MatMul,layers.*/self_attn,/model/layers.2/self_attn/v_proj/MatMul,FullyConnected,fullyconnected:/model/layers.2/self_attn/v_proj/MatMul,fully_connected,fully_connected_gpu_bf_tiled,,performance,gtpin_total_execution_cycles,3734344,cycles,1,8,3734344
n1_i1,1,1,1,n1_i1::primitive::fullyconnected:/model/layers.20/mlp/down_proj/MatMul,n1_i1::op::/model/layers.20/mlp/down_proj/MatMul,primitive,fullyconnected:/model/layers.20/mlp/down_proj/MatMul,layers.*/mlp,/model/layers.20/mlp/down_proj/MatMul,FullyConnected,fullyconnected:/model/layers.20/mlp/down_proj/MatMul,fully_connected,fully_connected_gpu_bf_tiled,,performance,gtpin_total_execution_cycles,80986482,cycles,1,64,80986482
n1_i1,1,1,1,n1_i1::primitive::fullyconnected:/model/layers.20/mlp/gate_proj/MatMul,n1_i1::op::/model/layers.20/mlp/gate_proj/MatMul,primitive,fullyconnected:/model/layers.20/mlp/gate_proj/MatMul,layers.*/mlp,/model/layers.20/mlp/gate_proj/MatMul,FullyConnected,fullyconnected:/model/layers.20/mlp/gate_proj/MatMul,fully_connected,fully_connected_gpu_bf_tiled,,performance,gtpin_total_execution_cycles,237232500,cycles,1,176,237232500
n1_i1,1,1,1,n1_i1::primitive::fullyconnected:/model/layers.20/mlp/up_proj/MatMul,n1_i1::op::/model/layers.20/mlp/up_proj/MatMul,primitive,fullyconnected:/model/layers.20/mlp/up_proj/MatMul,layers.*/mlp,/model/layers.20/mlp/up_proj/MatMul,FullyConnected,fullyconnected:/model/layers.20/mlp/up_proj/MatMul,fully_connected,fully_connected_gpu_bf_tiled,,performance,gtpin_total_execution_cycles,244567962,cycles,1,176,244567962
n1_i1,1,1,1,n1_i1::primitive::fullyconnected:/model/layers.20/self_attn/k_proj/MatMul,n1_i1::op::/model/layers.20/self_attn/k_proj/MatMul,primitive,fullyconnected:/model/layers.20/self_attn/k_proj/MatMul,layers.*/self_attn,/model/layers.20/self_attn/k_proj/MatMul,FullyConnected,fullyconnected:/model/layers.20/self_attn/k_proj/MatMul,fully_connected,fully_connected_gpu_bf_tiled,,performance,gtpin_total_execution_cycles,3692144,cycles,1,8,3692144
n1_i1,1,1,1,n1_i1::primitive::fullyconnected:/model/layers.20/self_attn/o_proj/MatMul,n1_i1::op::/model/layers.20/self_attn/o_proj/MatMul,primitive,fullyconnected:/model/layers.20/self_attn/o_proj/MatMul,layers.*/self_attn,/model/layers.20/self_attn/o_proj/MatMul,FullyConnected,fullyconnected:/model/layers.20/self_attn/o_proj/MatMul,fully_connected,fully_connected_gpu_bf_tiled,,performance,gtpin_total_execution_cycles,28271218,cycles,1,64,28271218
n1_i1,1,1,1,n1_i1::primitive::fullyconnected:/model/layers.20/self_attn/q_proj/MatMul,n1_i1::op::/model/layers.20/self_attn/q_proj/MatMul,primitive,fullyconnected:/model/layers.20/self_attn/q_proj/MatMul,layers.*/self_attn,/model/layers.20/self_attn/q_proj/MatMul,FullyConnected,fullyconnected:/model/layers.20/self_attn/q_proj/MatMul,fully_connected,fully_connected_gpu_bf_tiled,,performance,gtpin_total_execution_cycles,28554724,cycles,1,64,28554724
n1_i1,1,1,1,n1_i1::primitive::fullyconnected:/model/layers.20/self_attn/v_proj/MatMul,n1_i1::op::/model/layers.20/self_attn/v_proj/MatMul,primitive,fullyconnected:/model/layers.20/self_attn/v_proj/MatMul,layers.*/self_attn,/model/layers.20/self_attn/v_proj/MatMul,FullyConnected,fullyconnected:/model/layers.20/self_attn/v_proj/MatMul,fully_connected,fully_connected_gpu_bf_tiled,,performance,gtpin_total_execution_cycles,3487036,cycles,1,8,3487036
n1_i1,1,1,1,n1_i1::primitive::fullyconnected:/model/layers.21/mlp/down_proj/MatMul,n1_i1::op::/model/layers.21/mlp/down_proj/MatMul,primitive,fullyconnected:/model/layers.21/mlp/down_proj/MatMul,layers.*/mlp,/model/layers.21/mlp/down_proj/MatMul,FullyConnected,fullyconnected:/model/layers.21/mlp/down_proj/MatMul,fully_connected,fully_connected_gpu_bf_tiled,,performance,gtpin_total_execution_cycles,78680358,cycles,1,64,78680358
n1_i1,1,1,1,n1_i1::primitive::fullyconnected:/model/layers.21/mlp/gate_proj/MatMul,n1_i1::op::/model/layers.21/mlp/gate_proj/MatMul,primitive,fullyconnected:/model/layers.21/mlp/gate_proj/MatMul,layers.*/mlp,/model/layers.21/mlp/gate_proj/MatMul,FullyConnected,fullyconnected:/model/layers.21/mlp/gate_proj/MatMul,fully_connected,fully_connected_gpu_bf_tiled,,performance,gtpin_total_execution_cycles,130577206,cycles,1,176,130577206
n1_i1,1,1,1,n1_i1::primitive::fullyconnected:/model/layers.21/mlp/up_proj/MatMul,n1_i1::op::/model/layers.21/mlp/up_proj/MatMul,primitive,fullyconnected:/model/layers.21/mlp/up_proj/MatMul,layers.*/mlp,/model/layers.21/mlp/up_proj/MatMul,FullyConnected,fullyconnected:/model/layers.21/mlp/up_proj/MatMul,fully_connected,fully_connected_gpu_bf_tiled,,performance,gtpin_total_execution_cycles,130685494,cycles,1,176,130685494
n1_i1,1,1,1,n1_i1::primitive::fullyconnected:/model/layers.21/self_attn/k_proj/MatMul,n1_i1::op::/model/layers.21/self_attn/k_proj/MatMul,primitive,fullyconnected:/model/layers.21/self_attn/k_proj/MatMul,layers.*/self_attn,/model/layers.21/self_attn/k_proj/MatMul,FullyConnected,fullyconnected:/model/layers.21/self_attn/k_proj/MatMul,fully_connected,fully_connected_gpu_bf_tiled,,performance,gtpin_total_execution_cycles,4385726,cycles,1,8,4385726
n1_i1,1,1,1,n1_i1::primitive::fullyconnected:/model/layers.21/self_attn/o_proj/MatMul,n1_i1::op::/model/layers.21/self_attn/o_proj/MatMul,primitive,fullyconnected:/model/layers.21/self_attn/o_proj/MatMul,layers.*/self_attn,/model/layers.21/self_attn/o_proj/MatMul,FullyConnected,fullyconnected:/model/layers.21/self_attn/o_proj/MatMul,fully_connected,fully_connected_gpu_bf_tiled,,performance,gtpin_total_execution_cycles,29540006,cycles,1,64,29540006
n1_i1,1,1,1,n1_i1::primitive::fullyconnected:/model/layers.21/self_attn/q_proj/MatMul,n1_i1::op::/model/layers.21/self_attn/q_proj/MatMul,primitive,fullyconnected:/model/layers.21/self_attn/q_proj/MatMul,layers.*/self_attn,/model/layers.21/self_attn/q_proj/MatMul,FullyConnected,fullyconnected:/model/layers.21/self_attn/q_proj/MatMul,fully_connected,fully_connected_gpu_bf_tiled,,performance,gtpin_total_execution_cycles,34064172,cycles,1,64,34064172
n1_i1,1,1,1,n1_i1::primitive::fullyconnected:/model/layers.21/self_attn/v_proj/MatMul,n1_i1::op::/model/layers.21/self_attn/v_proj/MatMul,primitive,fullyconnected:/model/layers.21/self_attn/v_proj/MatMul,layers.*/self_attn,/model/layers.21/self_attn/v_proj/MatMul,FullyConnected,fullyconnected:/model/layers.21/self_attn/v_proj/MatMul,fully_connected,fully_connected_gpu_bf_tiled,,performance,gtpin_total_execution_cycles,4170738,cycles,1,8,4170738
n1_i1,1,1,1,n1_i1::primitive::fullyconnected:/model/layers.3/mlp/down_proj/MatMul,n1_i1::op::/model/layers.3/mlp/down_proj/MatMul,primitive,fullyconnected:/model/layers.3/mlp/down_proj/MatMul,layers.*/mlp,/model/layers.3/mlp/down_proj/MatMul,FullyConnected,fullyconnected:/model/layers.3/mlp/down_proj/MatMul,fully_connected,fully_connected_gpu_bf_tiled,,performance,gtpin_total_execution_cycles,80546036,cycles,1,64,80546036
n1_i1,1,1,1,n1_i1::primitive::fullyconnected:/model/layers.3/mlp/gate_proj/MatMul,n1_i1::op::/model/layers.3/mlp/gate_proj/MatMul,primitive,fullyconnected:/model/layers.3/mlp/gate_proj/MatMul,layers.*/mlp,/model/layers.3/mlp/gate_proj/MatMul,FullyConnected,fullyconnected:/model/layers.3/mlp/gate_proj/MatMul,fully_connected,fully_connected_gpu_bf_tiled,,performance,gtpin_total_execution_cycles,114467982,cycles,1,176,114467982
n1_i1,1,1,1,n1_i1::primitive::fullyconnected:/model/layers.3/mlp/up_proj/MatMul,n1_i1::op::/model/layers.3/mlp/up_proj/MatMul,primitive,fullyconnected:/model/layers.3/mlp/up_proj/MatMul,layers.*/mlp,/model/layers.3/mlp/up_proj/MatMul,FullyConnected,fullyconnected:/model/layers.3/mlp/up_proj/MatMul,fully_connected,fully_connected_gpu_bf_tiled,,performance,gtpin_total_execution_cycles,107675044,cycles,1,176,107675044
n1_i1,1,1,1,n1_i1::primitive::fullyconnected:/model/layers.3/self_attn/k_proj/MatMul,n1_i1::op::/model/layers.3/self_attn/k_proj/MatMul,primitive,fullyconnected:/model/layers.3/self_attn/k_proj/MatMul,layers.*/self_attn,/model/layers.3/self_attn/k_proj/MatMul,FullyConnected,fullyconnected:/model/layers.3/self_attn/k_proj/MatMul,fully_connected,fully_connected_gpu_bf_tiled,,performance,gtpin_total_execution_cycles,3917606,cycles,1,8,3917606
n1_i1,1,1,1,n1_i1::primitive::fullyconnected:/model/layers.3/self_attn/o_proj/MatMul,n1_i1::op::/model/layers.3/self_attn/o_proj/MatMul,primitive,fullyconnected:/model/layers.3/self_attn/o_proj/MatMul,layers.*/self_attn,/model/layers.3/self_attn/o_proj/MatMul,FullyConnected,fullyconnected:/model/layers.3/self_attn/o_proj/MatMul,fully_connected,fully_connected_gpu_bf_tiled,,performance,gtpin_total_execution_cycles,29342778,cycles,1,64,29342778
n1_i1,1,1,1,n1_i1::primitive::fullyconnected:/model/layers.3/self_attn/q_proj/MatMul,n1_i1::op::/model/layers.3/self_attn/q_proj/MatMul,primitive,fullyconnected:/model/layers.3/self_attn/q_proj/MatMul,layers.*/self_attn,/model/layers.3/self_attn/q_proj/MatMul,FullyConnected,fullyconnected:/model/layers.3/self_attn/q_proj/MatMul,fully_connected,fully_connected_gpu_bf_tiled,,performance,gtpin_total_execution_cycles,30470552,cycles,1,64,30470552
n1_i1,1,1,1,n1_i1::primitive::fullyconnected:/model/layers.3/self_attn/v_proj/MatMul,n1_i1::op::/model/layers.3/self_attn/v_proj/MatMul,primitive,fullyconnected:/model/layers.3/self_attn/v_proj/MatMul,layers.*/self_attn,/model/layers.3/self_attn/v_proj/MatMul,FullyConnected,fullyconnected:/model/layers.3/self_attn/v_proj/MatMul,fully_connected,fully_connected_gpu_bf_tiled,,performance,gtpin_total_execution_cycles,3716762,cycles,1,8,3716762
n1_i1,1,1,1,n1_i1::primitive::fullyconnected:/model/layers.4/mlp/down_proj/MatMul,n1_i1::op::/model/layers.4/mlp/down_proj/MatMul,primitive,fullyconnected:/model/layers.4/mlp/down_proj/MatMul,layers.*/mlp,/model/layers.4/mlp/down_proj/MatMul,FullyConnected,fullyconnected:/model/layers.4/mlp/down_proj/MatMul,fully_connected,fully_connected_gpu_bf_tiled,,performance,gtpin_total_execution_cycles,74162450,cycles,1,64,74162450
n1_i1,1,1,1,n1_i1::primitive::fullyconnected:/model/layers.4/mlp/gate_proj/MatMul,n1_i1::op::/model/layers.4/mlp/gate_proj/MatMul,primitive,fullyconnected:/model/layers.4/mlp/gate_proj/MatMul,layers.*/mlp,/model/layers.4/mlp/gate_proj/MatMul,FullyConnected,fullyconnected:/model/layers.4/mlp/gate_proj/MatMul,fully_connected,fully_connected_gpu_bf_tiled,,performance,gtpin_total_execution_cycles,95806778,cycles,1,176,95806778
n1_i1,1,1,1,n1_i1::primitive::fullyconnected:/model/layers.4/mlp/up_proj/MatMul,n1_i1::op::/model/layers.4/mlp/up_proj/MatMul,primitive,fullyconnected:/model/layers.4/mlp/up_proj/MatMul,layers.*/mlp,/model/layers.4/mlp/up_proj/MatMul,FullyConnected,fullyconnected:/model/layers.4/mlp/up_proj/MatMul,fully_connected,fully_connected_gpu_bf_tiled,,performance,gtpin_total_execution_cycles,92919356,cycles,1,176,92919356
n1_i1,1,1,1,n1_i1::primitive::fullyconnected:/model/layers.4/self_attn/k_proj/MatMul,n1_i1::op::/model/layers.4/self_attn/k_proj/MatMul,primitive,fullyconnected:/model/layers.4/self_attn/k_proj/MatMul,layers.*/self_attn,/model/layers.4/self_attn/k_proj/MatMul,FullyConnected,fullyconnected:/model/layers.4/self_attn/k_proj/MatMul,fully_connected,fully_connected_gpu_bf_tiled,,performance,gtpin_total_execution_cycles,3696740,cycles,1,8,3696740
n1_i1,1,1,1,n1_i1::primitive::fullyconnected:/model/layers.4/self_attn/o_proj/MatMul,n1_i1::op::/model/layers.4/self_attn/o_proj/MatMul,primitive,fullyconnected:/model/layers.4/self_attn/o_proj/MatMul,layers.*/self_attn,/model/layers.4/self_attn/o_proj/MatMul,FullyConnected,fullyconnected:/model/layers.4/self_attn/o_proj/MatMul,fully_connected,fully_connected_gpu_bf_tiled,,performance,gtpin_total_execution_cycles,27828526,cycles,1,64,27828526
n1_i1,1,1,1,n1_i1::primitive::fullyconnected:/model/layers.4/self_attn/q_proj/MatMul,n1_i1::op::/model/layers.4/self_attn/q_proj/MatMul,primitive,fullyconnected:/model/layers.4/self_attn/q_proj/MatMul,layers.*/self_attn,/model/layers.4/self_attn/q_proj/MatMul,FullyConnected,fullyconnected:/model/layers.4/self_attn/q_proj/MatMul,fully_connected,fully_connected_gpu_bf_tiled,,performance,gtpin_total_execution_cycles,28587608,cycles,1,64,28587608
n1_i1,1,1,1,n1_i1::primitive::fullyconnected:/model/layers.4/self_attn/v_proj/MatMul,n1_i1::op::/model/layers.4/self_attn/v_proj/MatMul,primitive,fullyconnected:/model/layers.4/self_attn/v_proj/MatMul,layers.*/self_attn,/model/layers.4/self_attn/v_proj/MatMul,FullyConnected,fullyconnected:/model/layers.4/self_attn/v_proj/MatMul,fully_connected,fully_connected_gpu_bf_tiled,,performance,gtpin_total_execution_cycles,3490830,cycles,1,8,3490830
n1_i1,1,1,1,n1_i1::primitive::fullyconnected:/model/layers.5/mlp/down_proj/MatMul,n1_i1::op::/model/layers.5/mlp/down_proj/MatMul,primitive,fullyconnected:/model/layers.5/mlp/down_proj/MatMul,layers.*/mlp,/model/layers.5/mlp/down_proj/MatMul,FullyConnected,fullyconnected:/model/layers.5/mlp/down_proj/MatMul,fully_connected,fully_connected_gpu_bf_tiled,,performance,gtpin_total_execution_cycles,75732516,cycles,1,64,75732516
n1_i1,1,1,1,n1_i1::primitive::fullyconnected:/model/layers.5/mlp/gate_proj/MatMul,n1_i1::op::/model/layers.5/mlp/gate_proj/MatMul,primitive,fullyconnected:/model/layers.5/mlp/gate_proj/MatMul,layers.*/mlp,/model/layers.5/mlp/gate_proj/MatMul,FullyConnected,fullyconnected:/model/layers.5/mlp/gate_proj/MatMul,fully_connected,fully_connected_gpu_bf_tiled,,performance,gtpin_total_execution_cycles,97845510,cycles,1,176,97845510
n1_i1,1,1,1,n1_i1::primitive::fullyconnected:/model/layers.5/mlp/up_proj/MatMul,n1_i1::op::/model/layers.5/mlp/up_proj/MatMul,primitive,fullyconnected:/model/layers.5/mlp/up_proj/MatMul,layers.*/mlp,/model/layers.5/mlp/up_proj/MatMul,FullyConnected,fullyconnected:/model/layers.5/mlp/up_proj/MatMul,fully_connected,fully_connected_gpu_bf_tiled,,performance,gtpin_total_execution_cycles,94358846,cycles,1,176,94358846
n1_i1,1,1,1,n1_i1::primitive::fullyconnected:/model/layers.5/self_attn/k_proj/MatMul,n1_i1::op::/model/layers.5/self_attn/k_proj/MatMul,primitive,fullyconnected:/model/layers.5/self_attn/k_proj/MatMul,layers.*/self_attn,/model/layers.5/self_attn/k_proj/MatMul,FullyConnected,fullyconnected:/model/layers.5/self_attn/k_proj/MatMul,fully_connected,fully_connected_gpu_bf_tiled,,performance,gtpin_total_execution_cycles,3787998,cycles,1,8,3787998
n1_i1,1,1,1,n1_i1::primitive::fullyconnected:/model/layers.5/self_attn/o_proj/MatMul,n1_i1::op::/model/layers.5/self_attn/o_proj/MatMul,primitive,fullyconnected:/model/layers.5/self_attn/o_proj/MatMul,layers.*/self_attn,/model/layers.5/self_attn/o_proj/MatMul,FullyConnected,fullyconnected:/model/layers.5/self_attn/o_proj/MatMul,fully_connected,fully_connected_gpu_bf_tiled,,performance,gtpin_total_execution_cycles,28144268,cycles,1,64,28144268
n1_i1,1,1,1,n1_i1::primitive::fullyconnected:/model/layers.5/self_attn/q_proj/MatMul,n1_i1::op::/model/layers.5/self_attn/q_proj/MatMul,primitive,fullyconnected:/model/layers.5/self_attn/q_proj/MatMul,layers.*/self_attn,/model/layers.5/self_attn/q_proj/MatMul,FullyConnected,fullyconnected:/model/layers.5/self_attn/q_proj/MatMul,fully_connected,fully_connected_gpu_bf_tiled,,performance,gtpin_total_execution_cycles,29588224,cycles,1,64,29588224
n1_i1,1,1,1,n1_i1::primitive::fullyconnected:/model/layers.5/self_attn/v_proj/MatMul,n1_i1::op::/model/layers.5/self_attn/v_proj/MatMul,primitive,fullyconnected:/model/layers.5/self_attn/v_proj/MatMul,layers.*/self_attn,/model/layers.5/self_attn/v_proj/MatMul,FullyConnected,fullyconnected:/model/layers.5/self_attn/v_proj/MatMul,fully_connected,fully_connected_gpu_bf_tiled,,performance,gtpin_total_execution_cycles,3605392,cycles,1,8,3605392
n1_i1,1,1,1,n1_i1::primitive::fullyconnected:/model/layers.6/mlp/down_proj/MatMul,n1_i1::op::/model/layers.6/mlp/down_proj/MatMul,primitive,fullyconnected:/model/layers.6/mlp/down_proj/MatMul,layers.*/mlp,/model/layers.6/mlp/down_proj/MatMul,FullyConnected,fullyconnected:/model/layers.6/mlp/down_proj/MatMul,fully_connected,fully_connected_gpu_bf_tiled,,performance,gtpin_total_execution_cycles,76293454,cycles,1,64,76293454
n1_i1,1,1,1,n1_i1::primitive::fullyconnected:/model/layers.6/mlp/gate_proj/MatMul,n1_i1::op::/model/layers.6/mlp/gate_proj/MatMul,primitive,fullyconnected:/model/layers.6/mlp/gate_proj/MatMul,layers.*/mlp,/model/layers.6/mlp/gate_proj/MatMul,FullyConnected,fullyconnected:/model/layers.6/mlp/gate_proj/MatMul,fully_connected,fully_connected_gpu_bf_tiled,,performance,gtpin_total_execution_cycles,116002842,cycles,1,176,116002842
n1_i1,1,1,1,n1_i1::primitive::fullyconnected:/model/layers.6/mlp/up_proj/MatMul,n1_i1::op::/model/layers.6/mlp/up_proj/MatMul,primitive,fullyconnected:/model/layers.6/mlp/up_proj/MatMul,layers.*/mlp,/model/layers.6/mlp/up_proj/MatMul,FullyConnected,fullyconnected:/model/layers.6/mlp/up_proj/MatMul,fully_connected,fully_connected_gpu_bf_tiled,,performance,gtpin_total_execution_cycles,102995036,cycles,1,176,102995036
n1_i1,1,1,1,n1_i1::primitive::fullyconnected:/model/layers.6/self_attn/k_proj/MatMul,n1_i1::op::/model/layers.6/self_attn/k_proj/MatMul,primitive,fullyconnected:/model/layers.6/self_attn/k_proj/MatMul,layers.*/self_attn,/model/layers.6/self_attn/k_proj/MatMul,FullyConnected,fullyconnected:/model/layers.6/self_attn/k_proj/MatMul,fully_connected,fully_connected_gpu_bf_tiled,,performance,gtpin_total_execution_cycles,3646394,cycles,1,8,3646394
n1_i1,1,1,1,n1_i1::primitive::fullyconnected:/model/layers.6/self_attn/o_proj/MatMul,n1_i1::op::/model/layers.6/self_attn/o_proj/MatMul,primitive,fullyconnected:/model/layers.6/self_attn/o_proj/MatMul,layers.*/self_attn,/model/layers.6/self_attn/o_proj/MatMul,FullyConnected,fullyconnected:/model/layers.6/self_attn/o_proj/MatMul,fully_connected,fully_connected_gpu_bf_tiled,,performance,gtpin_total_execution_cycles,28269068,cycles,1,64,28269068
n1_i1,1,1,1,n1_i1::primitive::fullyconnected:/model/layers.6/self_attn/q_proj/MatMul,n1_i1::op::/model/layers.6/self_attn/q_proj/MatMul,primitive,fullyconnected:/model/layers.6/self_attn/q_proj/MatMul,layers.*/self_attn,/model/layers.6/self_attn/q_proj/MatMul,FullyConnected,fullyconnected:/model/layers.6/self_attn/q_proj/MatMul,fully_connected,fully_connected_gpu_bf_tiled,,performance,gtpin_total_execution_cycles,28232300,cycles,1,64,28232300
n1_i1,1,1,1,n1_i1::primitive::fullyconnected:/model/layers.6/self_attn/v_proj/MatMul,n1_i1::op::/model/layers.6/self_attn/v_proj/MatMul,primitive,fullyconnected:/model/layers.6/self_attn/v_proj/MatMul,layers.*/self_attn,/model/layers.6/self_attn/v_proj/MatMul,FullyConnected,fullyconnected:/model/layers.6/self_attn/v_proj/MatMul,fully_connected,fully_connected_gpu_bf_tiled,,performance,gtpin_total_execution_cycles,3449138,cycles,1,8,3449138
n1_i1,1,1,1,n1_i1::primitive::fullyconnected:/model/layers.7/mlp/down_proj/MatMul,n1_i1::op::/model/layers.7/mlp/down_proj/MatMul,primitive,fullyconnected:/model/layers.7/mlp/down_proj/MatMul,layers.*/mlp,/model/layers.7/mlp/down_proj/MatMul,FullyConnected,fullyconnected:/model/layers.7/mlp/down_proj/MatMul,fully_connected,fully_connected_gpu_bf_tiled,,performance,gtpin_total_execution_cycles,81789346,cycles,1,64,81789346
n1_i1,1,1,1,n1_i1::primitive::fullyconnected:/model/layers.7/mlp/gate_proj/MatMul,n1_i1::op::/model/layers.7/mlp/gate_proj/MatMul,primitive,fullyconnected:/model/layers.7/mlp/gate_proj/MatMul,layers.*/mlp,/model/layers.7/mlp/gate_proj/MatMul,FullyConnected,fullyconnected:/model/layers.7/mlp/gate_proj/MatMul,fully_connected,fully_connected_gpu_bf_tiled,,performance,gtpin_total_execution_cycles,130865788,cycles,1,176,130865788
n1_i1,1,1,1,n1_i1::primitive::fullyconnected:/model/layers.7/mlp/up_proj/MatMul,n1_i1::op::/model/layers.7/mlp/up_proj/MatMul,primitive,fullyconnected:/model/layers.7/mlp/up_proj/MatMul,layers.*/mlp,/model/layers.7/mlp/up_proj/MatMul,FullyConnected,fullyconnected:/model/layers.7/mlp/up_proj/MatMul,fully_connected,fully_connected_gpu_bf_tiled,,performance,gtpin_total_execution_cycles,102296136,cycles,1,176,102296136
n1_i1,1,1,1,n1_i1::primitive::fullyconnected:/model/layers.7/self_attn/k_proj/MatMul,n1_i1::op::/model/layers.7/self_attn/k_proj/MatMul,primitive,fullyconnected:/model/layers.7/self_attn/k_proj/MatMul,layers.*/self_attn,/model/layers.7/self_attn/k_proj/MatMul,FullyConnected,fullyconnected:/model/layers.7/self_attn/k_proj/MatMul,fully_connected,fully_connected_gpu_bf_tiled,,performance,gtpin_total_execution_cycles,3749412,cycles,1,8,3749412
n1_i1,1,1,1,n1_i1::primitive::fullyconnected:/model/layers.7/self_attn/o_proj/MatMul,n1_i1::op::/model/layers.7/self_attn/o_proj/MatMul,primitive,fullyconnected:/model/layers.7/self_attn/o_proj/MatMul,layers.*/self_attn,/model/layers.7/self_attn/o_proj/MatMul,FullyConnected,fullyconnected:/model/layers.7/self_attn/o_proj/MatMul,fully_connected,fully_connected_gpu_bf_tiled,,performance,gtpin_total_execution_cycles,28594226,cycles,1,64,28594226
n1_i1,1,1,1,n1_i1::primitive::fullyconnected:/model/layers.7/self_attn/q_proj/MatMul,n1_i1::op::/model/layers.7/self_attn/q_proj/MatMul,primitive,fullyconnected:/model/layers.7/self_attn/q_proj/MatMul,layers.*/self_attn,/model/layers.7/self_attn/q_proj/MatMul,FullyConnected,fullyconnected:/model/layers.7/self_attn/q_proj/MatMul,fully_connected,fully_connected_gpu_bf_tiled,,performance,gtpin_total_execution_cycles,29174676,cycles,1,64,29174676
n1_i1,1,1,1,n1_i1::primitive::fullyconnected:/model/layers.7/self_attn/v_proj/MatMul,n1_i1::op::/model/layers.7/self_attn/v_proj/MatMul,primitive,fullyconnected:/model/layers.7/self_attn/v_proj/MatMul,layers.*/self_attn,/model/layers.7/self_attn/v_proj/MatMul,FullyConnected,fullyconnected:/model/layers.7/self_attn/v_proj/MatMul,fully_connected,fully_connected_gpu_bf_tiled,,performance,gtpin_total_execution_cycles,3576950,cycles,1,8,3576950
n1_i1,1,1,1,n1_i1::primitive::fullyconnected:/model/layers.8/mlp/down_proj/MatMul,n1_i1::op::/model/layers.8/mlp/down_proj/MatMul,primitive,fullyconnected:/model/layers.8/mlp/down_proj/MatMul,layers.*/mlp,/model/layers.8/mlp/down_proj/MatMul,FullyConnected,fullyconnected:/model/layers.8/mlp/down_proj/MatMul,fully_connected,fully_connected_gpu_bf_tiled,,performance,gtpin_total_execution_cycles,76267602,cycles,1,64,76267602
n1_i1,1,1,1,n1_i1::primitive::fullyconnected:/model/layers.8/mlp/gate_proj/MatMul,n1_i1::op::/model/layers.8/mlp/gate_proj/MatMul,primitive,fullyconnected:/model/layers.8/mlp/gate_proj/MatMul,layers.*/mlp,/model/layers.8/mlp/gate_proj/MatMul,FullyConnected,fullyconnected:/model/layers.8/mlp/gate_proj/MatMul,fully_connected,fully_connected_gpu_bf_tiled,,performance,gtpin_total_execution_cycles,114087966,cycles,1,176,114087966
n1_i1,1,1,1,n1_i1::primitive::fullyconnected:/model/layers.8/mlp/up_proj/MatMul,n1_i1::op::/model/layers.8/mlp/up_proj/MatMul,primitive,fullyconnected:/model/layers.8/mlp/up_proj/MatMul,layers.*/mlp,/model/layers.8/mlp/up_proj/MatMul,FullyConnected,fullyconnected:/model/layers.8/mlp/up_proj/MatMul,fully_connected,fully_connected_gpu_bf_tiled,,performance,gtpin_total_execution_cycles,111016276,cycles,1,176,111016276
n1_i1,1,1,1,n1_i1::primitive::fullyconnected:/model/layers.8/self_attn/k_proj/MatMul,n1_i1::op::/model/layers.8/self_attn/k_proj/MatMul,primitive,fullyconnected:/model/layers.8/self_attn/k_proj/MatMul,layers.*/self_attn,/model/layers.8/self_attn/k_proj/MatMul,FullyConnected,fullyconnected:/model/layers.8/self_attn/k_proj/MatMul,fully_connected,fully_connected_gpu_bf_tiled,,performance,gtpin_total_execution_cycles,3957886,cycles,1,8,3957886
n1_i1,1,1,1,n1_i1::primitive::fullyconnected:/model/layers.8/self_attn/o_proj/MatMul,n1_i1::op::/model/layers.8/self_attn/o_proj/MatMul,primitive,fullyconnected:/model/layers.8/self_attn/o_proj/MatMul,layers.*/self_attn,/model/layers.8/self_attn/o_proj/MatMul,FullyConnected,fullyconnected:/model/layers.8/self_attn/o_proj/MatMul,fully_connected,fully_connected_gpu_bf_tiled,,performance,gtpin_total_execution_cycles,29168582,cycles,1,64,29168582
n1_i1,1,1,1,n1_i1::primitive::fullyconnected:/model/layers.8/self_attn/q_proj/MatMul,n1_i1::op::/model/layers.8/self_attn/q_proj/MatMul,primitive,fullyconnected:/model/layers.8/self_attn/q_proj/MatMul,layers.*/self_attn,/model/layers.8/self_attn/q_proj/MatMul,FullyConnected,fullyconnected:/model/layers.8/self_attn/q_proj/MatMul,fully_connected,fully_connected_gpu_bf_tiled,,performance,gtpin_total_execution_cycles,30661876,cycles,1,64,30661876
n1_i1,1,1,1,n1_i1::primitive::fullyconnected:/model/layers.8/self_attn/v_proj/MatMul,n1_i1::op::/model/layers.8/self_attn/v_proj/MatMul,primitive,fullyconnected:/model/layers.8/self_attn/v_proj/MatMul,layers.*/self_attn,/model/layers.8/self_attn/v_proj/MatMul,FullyConnected,fullyconnected:/model/layers.8/self_attn/v_proj/MatMul,fully_connected,fully_connected_gpu_bf_tiled,,performance,gtpin_total_execution_cycles,3748486,cycles,1,8,3748486
n1_i1,1,1,1,n1_i1::primitive::fullyconnected:/model/layers.9/mlp/down_proj/MatMul,n1_i1::op::/model/layers.9/mlp/down_proj/MatMul,primitive,fullyconnected:/model/layers.9/mlp/down_proj/MatMul,layers.*/mlp,/model/layers.9/mlp/down_proj/MatMul,FullyConnected,fullyconnected:/model/layers.9/mlp/down_proj/MatMul,fully_connected,fully_connected_gpu_bf_tiled,,performance,gtpin_total_execution_cycles,78314610,cycles,1,64,78314610
n1_i1,1,1,1,n1_i1::primitive::fullyconnected:/model/layers.9/mlp/gate_proj/MatMul,n1_i1::op::/model/layers.9/mlp/gate_proj/MatMul,primitive,fullyconnected:/model/layers.9/mlp/gate_proj/MatMul,layers.*/mlp,/model/layers.9/mlp/gate_proj/MatMul,FullyConnected,fullyconnected:/model/layers.9/mlp/gate_proj/MatMul,fully_connected,fully_connected_gpu_bf_tiled,,performance,gtpin_total_execution_cycles,118977088,cycles,1,176,118977088
n1_i1,1,1,1,n1_i1::primitive::fullyconnected:/model/layers.9/mlp/up_proj/MatMul,n1_i1::op::/model/layers.9/mlp/up_proj/MatMul,primitive,fullyconnected:/model/layers.9/mlp/up_proj/MatMul,layers.*/mlp,/model/layers.9/mlp/up_proj/MatMul,FullyConnected,fullyconnected:/model/layers.9/mlp/up_proj/MatMul,fully_connected,fully_connected_gpu_bf_tiled,,performance,gtpin_total_execution_cycles,104229314,cycles,1,176,104229314
n1_i1,1,1,1,n1_i1::primitive::fullyconnected:/model/layers.9/self_attn/k_proj/MatMul,n1_i1::op::/model/layers.9/self_attn/k_proj/MatMul,primitive,fullyconnected:/model/layers.9/self_attn/k_proj/MatMul,layers.*/self_attn,/model/layers.9/self_attn/k_proj/MatMul,FullyConnected,fullyconnected:/model/layers.9/self_attn/k_proj/MatMul,fully_connected,fully_connected_gpu_bf_tiled,,performance,gtpin_total_execution_cycles,3802770,cycles,1,8,3802770
n1_i1,1,1,1,n1_i1::primitive::fullyconnected:/model/layers.9/self_attn/o_proj/MatMul,n1_i1::op::/model/layers.9/self_attn/o_proj/MatMul,primitive,fullyconnected:/model/layers.9/self_attn/o_proj/MatMul,layers.*/self_attn,/model/layers.9/self_attn/o_proj/MatMul,FullyConnected,fullyconnected:/model/layers.9/self_attn/o_proj/MatMul,fully_connected,fully_connected_gpu_bf_tiled,,performance,gtpin_total_execution_cycles,28739444,cycles,1,64,28739444
n1_i1,1,1,1,n1_i1::primitive::fullyconnected:/model/layers.9/self_attn/q_proj/MatMul,n1_i1::op::/model/layers.9/self_attn/q_proj/MatMul,primitive,fullyconnected:/model/layers.9/self_attn/q_proj/MatMul,layers.*/self_attn,/model/layers.9/self_attn/q_proj/MatMul,FullyConnected,fullyconnected:/model/layers.9/self_attn/q_proj/MatMul,fully_connected,fully_connected_gpu_bf_tiled,,performance,gtpin_total_execution_cycles,29573996,cycles,1,64,29573996
n1_i1,1,1,1,n1_i1::primitive::fullyconnected:/model/layers.9/self_attn/v_proj/MatMul,n1_i1::op::/model/layers.9/self_attn/v_proj/MatMul,primitive,fullyconnected:/model/layers.9/self_attn/v_proj/MatMul,layers.*/self_attn,/model/layers.9/self_attn/v_proj/MatMul,FullyConnected,fullyconnected:/model/layers.9/self_attn/v_proj/MatMul,fully_connected,fully_connected_gpu_bf_tiled,,performance,gtpin_total_execution_cycles,3610234,cycles,1,8,3610234
n1_i1,1,1,1,n1_i1::primitive::fullyconnected:logits.0,n1_i1::op::logits.0,primitive,fullyconnected:logits.0,(root),logits.0,FullyConnected,fullyconnected:logits.0,fully_connected,fully_connected_gpu_bf_tiled,,performance,gtpin_total_execution_cycles,2622204350,cycles,1,1000,2622204350
n1_i1,1,1,1,n1_i1::primitive::gather:/model/Gather_4,n1_i1::op::/model/Gather_4,primitive,gather:/model/Gather_4,(root),/model/Gather_4,Gather,gather:/model/Gather_4,gather,gather_ref,,performance,gtpin_total_execution_cycles,11928,cycles,1,1,11928
n1_i1,1,1,1,n1_i1::primitive::gather:/model/embed_tokens/Gather,n1_i1::op::/model/embed_tokens/Gather,primitive,gather:/model/embed_tokens/Gather,embed_tokens,/model/embed_tokens/Gather,Gather,gather:/model/embed_tokens/Gather,gather,gather_ref,,performance,gtpin_total_execution_cycles,4902286,cycles,1,1024,4902286
n1_i1,1,1,1,n1_i1::primitive::gemm:/model/layers.0/self_attn/MatMul,n1_i1::op::/model/layers.0/self_attn/MatMul,primitive,gemm:/model/layers.0/self_attn/MatMul,layers.*/self_attn,/model/layers.0/self_attn/MatMul,Gemm,gemm:/model/layers.0/self_attn/MatMul,gemm,gemm_tiled_opt,,performance,gtpin_total_execution_cycles,3964216,cycles,1,32,3964216
n1_i1,1,1,1,n1_i1::primitive::gemm:/model/layers.0/self_attn/Transpose_4,n1_i1::op::/model/layers.0/self_attn/Transpose_4,primitive,gemm:/model/layers.0/self_attn/Transpose_4,layers.*/self_attn,/model/layers.0/self_attn/Transpose_4,Gemm,gemm:/model/layers.0/self_attn/Transpose_4,gemm,gemm_tiled_opt,,performance,gtpin_total_execution_cycles,2077778,cycles,1,64,2077778
n1_i1,1,1,1,n1_i1::primitive::gemm:/model/layers.1/self_attn/MatMul,n1_i1::op::/model/layers.1/self_attn/MatMul,primitive,gemm:/model/layers.1/self_attn/MatMul,layers.*/self_attn,/model/layers.1/self_attn/MatMul,Gemm,gemm:/model/layers.1/self_attn/MatMul,gemm,gemm_tiled_opt,,performance,gtpin_total_execution_cycles,3501156,cycles,1,32,3501156
n1_i1,1,1,1,n1_i1::primitive::gemm:/model/layers.1/self_attn/Transpose_4,n1_i1::op::/model/layers.1/self_attn/Transpose_4,primitive,gemm:/model/layers.1/self_attn/Transpose_4,layers.*/self_attn,/model/layers.1/self_attn/Transpose_4,Gemm,gemm:/model/layers.1/self_attn/Transpose_4,gemm,gemm_tiled_opt,,performance,gtpin_total_execution_cycles,2015412,cycles,1,64,2015412
n1_i1,1,1,1,n1_i1::primitive::gemm:/model/layers.10/self_attn/MatMul,n1_i1::op::/model/layers.10/self_attn/MatMul,primitive,gemm:/model/layers.10/self_attn/MatMul,layers.*/self_attn,/model/layers.10/self_attn/MatMul,Gemm,gemm:/model/layers.10/self_attn/MatMul,gemm,gemm_tiled_opt,,performance,gtpin_total_execution_cycles,3609210,cycles,1,32,3609210
n1_i1,1,1,1,n1_i1::primitive::gemm:/model/layers.10/self_attn/Transpose_4,n1_i1::op::/model/layers.10/self_attn/Transpose_4,primitive,gemm:/model/layers.10/self_attn/Transpose_4,layers.*/self_attn,/model/layers.10/self_attn/Transpose_4,Gemm,gemm:/model/layers.10/self_attn/Transpose_4,gemm,gemm_tiled_opt,,performance,gtpin_total_execution_cycles,2060352,cycles,1,64,2060352
n1_i1,1,1,1,n1_i1::primitive::gemm:/model/layers.11/self_attn/MatMul,n1_i1::op::/model/layers.11/self_attn/MatMul,primitive,gemm:/model/layers.11/self_attn/MatMul,layers.*/self_attn,/model/layers.11/self_attn/MatMul,Gemm,gemm:/model/layers.11/self_attn/MatMul,gemm,gemm_tiled_opt,,performance,gtpin_total_execution_cycles,3530268,cycles,1,32,3530268
n1_i1,1,1,1,n1_i1::primitive::gemm:/model/layers.11/self_attn/Transpose_4,n1_i1::op::/model/layers.11/self_attn/Transpose_4,primitive,gemm:/model/layers.11/self_attn/Transpose_4,layers.*/self_attn,/model/layers.11/self_attn/Transpose_4,Gemm,gemm:/model/layers.11/self_attn/Transpose_4,gemm,gemm_tiled_opt,,performance,gtpin_total_execution_cycles,2447074,cycles,1,64,2447074
n1_i1,1,1,1,n1_i1::primitive::gemm:/model/layers.12/self_attn/MatMul,n1_i1::op::/model/layers.12/self_attn/MatMul,primitive,gemm:/model/layers.12/self_attn/MatMul,layers.*/self_attn,/model/layers.12/self_attn/MatMul,Gemm,gemm:/model/layers.12/self_attn/MatMul,gemm,gemm_tiled_opt,,performance,gtpin_total_execution_cycles,3915596,cycles,1,32,3915596
n1_i1,1,1,1,n1_i1::primitive::gemm:/model/layers.12/self_attn/Transpose_4,n1_i1::op::/model/layers.12/self_attn/Transpose_4,primitive,gemm:/model/layers.12/self_attn/Transpose_4,layers.*/self_attn,/model/layers.12/self_attn/Transpose_4,Gemm,gemm:/model/layers.12/self_attn/Transpose_4,gemm,gemm_tiled_opt,,performance,gtpin_total_execution_cycles,2048398,cycles,1,64,2048398
n1_i1,1,1,1,n1_i1::primitive::gemm:/model/layers.13/self_attn/MatMul,n1_i1::op::/model/layers.13/self_attn/MatMul,primitive,gemm:/model/layers.13/self_attn/MatMul,layers.*/self_attn,/model/layers.13/self_attn/MatMul,Gemm,gemm:/model/layers.13/self_attn/MatMul,gemm,gemm_tiled_opt,,performance,gtpin_total_execution_cycles,3559696,cycles,1,32,3559696
n1_i1,1,1,1,n1_i1::primitive::gemm:/model/layers.13/self_attn/Transpose_4,n1_i1::op::/model/layers.13/self_attn/Transpose_4,primitive,gemm:/model/layers.13/self_attn/Transpose_4,layers.*/self_attn,/model/layers.13/self_attn/Transpose_4,Gemm,gemm:/model/layers.13/self_attn/Transpose_4,gemm,gemm_tiled_opt,,performance,gtpin_total_execution_cycles,2059344,cycles,1,64,2059344
n1_i1,1,1,1,n1_i1::primitive::gemm:/model/layers.14/self_attn/MatMul,n1_i1::op::/model/layers.14/self_attn/MatMul,primitive,gemm:/model/layers.14/self_attn/MatMul,layers.*/self_attn,/model/layers.14/self_attn/MatMul,Gemm,gemm:/model/layers.14/self_attn/MatMul,gemm,gemm_tiled_opt,,performance,gtpin_total_execution_cycles,3480260,cycles,1,32,3480260
n1_i1,1,1,1,n1_i1::primitive::gemm:/model/layers.14/self_attn/Transpose_4,n1_i1::op::/model/layers.14/self_attn/Transpose_4,primitive,gemm:/model/layers.14/self_attn/Transpose_4,layers.*/self_attn,/model/layers.14/self_attn/Transpose_4,Gemm,gemm:/model/layers.14/self_attn/Transpose_4,gemm,gemm_tiled_opt,,performance,gtpin_total_execution_cycles,2089884,cycles,1,64,2089884
n1_i1,1,1,1,n1_i1::primitive::gemm:/model/layers.15/self_attn/MatMul,n1_i1::op::/model/layers.15/self_attn/MatMul,primitive,gemm:/model/layers.15/self_attn/MatMul,layers.*/self_attn,/model/layers.15/self_attn/MatMul,Gemm,gemm:/model/layers.15/self_attn/MatMul,gemm,gemm_tiled_opt,,performance,gtpin_total_execution_cycles,3477244,cycles,1,32,3477244
n1_i1,1,1,1,n1_i1::primitive::gemm:/model/layers.15/self_attn/Transpose_4,n1_i1::op::/model/layers.15/self_attn/Transpose_4,primitive,gemm:/model/layers.15/self_attn/Transpose_4,layers.*/self_attn,/model/layers.15/self_attn/Transpose_4,Gemm,gemm:/model/layers.15/self_attn/Transpose_4,gemm,gemm_tiled_opt,,performance,gtpin_total_execution_cycles,2349112,cycles,1,64,2349112
n1_i1,1,1,1,n1_i1::primitive::gemm:/model/layers.16/self_attn/MatMul,n1_i1::op::/model/layers.16/self_attn/MatMul,primitive,gemm:/model/layers.16/self_attn/MatMul,layers.*/self_attn,/model/layers.16/self_attn/MatMul,Gemm,gemm:/model/layers.16/self_attn/MatMul,gemm,gemm_tiled_opt,,performance,gtpin_total_execution_cycles,3720694,cycles,1,32,3720694
n1_i1,1,1,1,n1_i1::primitive::gemm:/model/layers.16/self_attn/Transpose_4,n1_i1::op::/model/layers.16/self_attn/Transpose_4,primitive,gemm:/model/layers.16/self_attn/Transpose_4,layers.*/self_attn,/model/layers.16/self_attn/Transpose_4,Gemm,gemm:/model/layers.16/self_attn/Transpose_4,gemm,gemm_tiled_opt,,performance,gtpin_total_execution_cycles,2066956,cycles,1,64,2066956
n1_i1,1,1,1,n1_i1::primitive::gemm:/model/layers.17/self_attn/MatMul,n1_i1::op::/model/layers.17/self_attn/MatMul,primitive,gemm:/model/layers.17/self_attn/MatMul,layers.*/self_attn,/model/layers.17/self_attn/MatMul,Gemm,gemm:/model/layers.17/self_attn/MatMul,gemm,gemm_tiled_opt,,performance,gtpin_total_execution_cycles,3461930,cycles,1,32,3461930
n1_i1,1,1,1,n1_i1::primitive::gemm:/model/layers.17/self_attn/Transpose_4,n1_i1::op::/model/layers.17/self_attn/Transpose_4,primitive,gemm:/model/layers.17/self_attn/Transpose_4,layers.*/self_attn,/model/layers.17/self_attn/Transpose_4,Gemm,gemm:/model/layers.17/self_attn/Transpose_4,gemm,gemm_tiled_opt,,performance,gtpin_total_execution_cycles,2011078,cycles,1,64,2011078
n1_i1,1,1,1,n1_i1::primitive::gemm:/model/layers.18/self_attn/MatMul,n1_i1::op::/model/layers.18/self_attn/MatMul,primitive,gemm:/model/layers.18/self_attn/MatMul,layers.*/self_attn,/model/layers.18/self_attn/MatMul,Gemm,gemm:/model/layers.18/self_attn/MatMul,gemm,gemm_tiled_opt,,performance,gtpin_total_execution_cycles,3464396,cycles,1,32,3464396
n1_i1,1,1,1,n1_i1::primitive::gemm:/model/layers.18/self_attn/Transpose_4,n1_i1::op::/model/layers.18/self_attn/Transpose_4,primitive,gemm:/model/layers.18/self_attn/Transpose_4,layers.*/self_attn,/model/layers.18/self_attn/Transpose_4,Gemm,gemm:/model/layers.18/self_attn/Transpose_4,gemm,gemm_tiled_opt,,performance,gtpin_total_execution_cycles,1999202,cycles,1,64,1999202
n1_i1,1,1,1,n1_i1::primitive::gemm:/model/layers.19/self_attn/MatMul,n1_i1::op::/model/layers.19/self_attn/MatMul,primitive,gemm:/model/layers.19/self_attn/MatMul,layers.*/self_attn,/model/layers.19/self_attn/MatMul,Gemm,gemm:/model/layers.19/self_attn/MatMul,gemm,gemm_tiled_opt,,performance,gtpin_total_execution_cycles,3497074,cycles,1,32,3497074
n1_i1,1,1,1,n1_i1::primitive::gemm:/model/layers.19/self_attn/Transpose_4,n1_i1::op::/model/layers.19/self_attn/Transpose_4,primitive,gemm:/model/layers.19/self_attn/Transpose_4,layers.*/self_attn,/model/layers.19/self_attn/Transpose_4,Gemm,gemm:/model/layers.19/self_attn/Transpose_4,gemm,gemm_tiled_opt,,performance,gtpin_total_execution_cycles,2161070,cycles,1,64,2161070
n1_i1,1,1,1,n1_i1::primitive::gemm:/model/layers.2/self_attn/MatMul,n1_i1::op::/model/layers.2/self_attn/MatMul,primitive,gemm:/model/layers.2/self_attn/MatMul,layers.*/self_attn,/model/layers.2/self_attn/MatMul,Gemm,gemm:/model/layers.2/self_attn/MatMul,gemm,gemm_tiled_opt,,performance,gtpin_total_execution_cycles,3475860,cycles,1,32,3475860
n1_i1,1,1,1,n1_i1::primitive::gemm:/model/layers.2/self_attn/Transpose_4,n1_i1::op::/model/layers.2/self_attn/Transpose_4,primitive,gemm:/model/layers.2/self_attn/Transpose_4,layers.*/self_attn,/model/layers.2/self_attn/Transpose_4,Gemm,gemm:/model/layers.2/self_attn/Transpose_4,gemm,gemm_tiled_opt,,performance,gtpin_total_execution_cycles,2071686,cycles,1,64,2071686
n1_i1,1,1,1,n1_i1::primitive::gemm:/model/layers.20/self_attn/MatMul,n1_i1::op::/model/layers.20/self_attn/MatMul,primitive,gemm:/model/layers.20/self_attn/MatMul,layers.*/self_attn,/model/layers.20/self_attn/MatMul,Gemm,gemm:/model/layers.20/self_attn/MatMul,gemm,gemm_tiled_opt,,performance,gtpin_total_execution_cycles,3712832,cycles,1,32,3712832
n1_i1,1,1,1,n1_i1::primitive::gemm:/model/layers.20/self_attn/Transpose_4,n1_i1::op::/model/layers.20/self_attn/Transpose_4,primitive,gemm:/model/layers.20/self_attn/Transpose_4,layers.*/self_attn,/model/layers.20/self_attn/Transpose_4,Gemm,gemm:/model/layers.20/self_attn/Transpose_4,gemm,gemm_tiled_opt,,performance,gtpin_total_execution_cycles,2056284,cycles,1,64,2056284
n1_i1,1,1,1,n1_i1::primitive::gemm:/model/layers.21/self_attn/MatMul,n1_i1::op::/model/layers.21/self_attn/MatMul,primitive,gemm:/model/layers.21/self_attn/MatMul,layers.*/self_attn,/model/layers.21/self_attn/MatMul,Gemm,gemm:/model/layers.21/self_attn/MatMul,gemm,gemm_tiled_opt,,performance,gtpin_total_execution_cycles,3547602,cycles,1,32,3547602
n1_i1,1,1,1,n1_i1::primitive::gemm:/model/layers.21/self_attn/Transpose_4,n1_i1::op::/model/layers.21/self_attn/Transpose_4,primitive,gemm:/model/layers.21/self_attn/Transpose_4,layers.*/self_attn,/model/layers.21/self_attn/Transpose_4,Gemm,gemm:/model/layers.21/self_attn/Transpose_4,gemm,gemm_tiled_opt,,performance,gtpin_total_execution_cycles,2098384,cycles,1,64,2098384
n1_i1,1,1,1,n1_i1::primitive::gemm:/model/layers.3/self_attn/MatMul,n1_i1::op::/model/layers.3/self_attn/MatMul,primitive,gemm:/model/layers.3/self_attn/MatMul,layers.*/self_attn,/model/layers.3/self_attn/MatMul,Gemm,gemm:/model/layers.3/self_attn/MatMul,gemm,gemm_tiled_opt,,performance,gtpin_total_execution_cycles,3512686,cycles,1,32,3512686
n1_i1,1,1,1,n1_i1::primitive::gemm:/model/layers.3/self_attn/Transpose_4,n1_i1::op::/model/layers.3/self_attn/Transpose_4,primitive,gemm:/model/layers.3/self_attn/Transpose_4,layers.*/self_attn,/model/layers.3/self_attn/Transpose_4,Gemm,gemm:/model/layers.3/self_attn/Transpose_4,gemm,gemm_tiled_opt,,performance,gtpin_total_execution_cycles,2313032,cycles,1,64,2313032
n1_i1,1,1,1,n1_i1::primitive::gemm:/model/layers.4/self_attn/MatMul,n1_i1::op::/model/layers.4/self_attn/MatMul,primitive,gemm:/model/layers.4/self_attn/MatMul,layers.*/self_attn,/model/layers.4/self_attn/MatMul,Gemm,gemm:/model/layers.4/self_attn/MatMul,gemm,gemm_tiled_opt,,performance,gtpin_total_execution_cycles,3774830,cycles,1,32,3774830
n1_i1,1,1,1,n1_i1::primitive::gemm:/model/layers.4/self_attn/Transpose_4,n1_i1::op::/model/layers.4/self_attn/Transpose_4,primitive,gemm:/model/layers.4/self_attn/Transpose_4,layers.*/self_attn,/model/layers.4/self_attn/Transpose_4,Gemm,gemm:/model/layers.4/self_attn/Transpose_4,gemm,gemm_tiled_opt,,performance,gtpin_total_execution_cycles,2013408,cycles,1,64,2013408
n1_i1,1,1,1,n1_i1::primitive::gemm:/model/layers.5/self_attn/MatMul,n1_i1::op::/model/layers.5/self_attn/MatMul,primitive,gemm:/model/layers.5/self_attn/MatMul,layers.*/self_attn,/model/layers.5/self_attn/MatMul,Gemm,gemm:/model/layers.5/self_attn/MatMul,gemm,gemm_tiled_opt,,performance,gtpin_total_execution_cycles,3462810,cycles,1,32,3462810
n1_i1,1,1,1,n1_i1::primitive::gemm:/model/layers.5/self_attn/Transpose_4,n1_i1::op::/model/layers.5/self_attn/Transpose_4,primitive,gemm:/model/layers.5/self_attn/Transpose_4,layers.*/self_attn,/model/layers.5/self_attn/Transpose_4,Gemm,gemm:/model/layers.5/self_attn/Transpose_4,gemm,gemm_tiled_opt,,performance,gtpin_total_execution_cycles,2065990,cycles,1,64,2065990
n1_i1,1,1,1,n1_i1::primitive::gemm:/model/layers.6/self_attn/MatMul,n1_i1::op::/model/layers.6/self_attn/MatMul,primitive,gemm:/model/layers.6/self_attn/MatMul,layers.*/self_attn,/model/layers.6/self_attn/MatMul,Gemm,gemm:/model/layers.6/self_attn/MatMul,gemm,gemm_tiled_opt,,performance,gtpin_total_execution_cycles,3467278,cycles,1,32,3467278
n1_i1,1,1,1,n1_i1::primitive::gemm:/model/layers.6/self_attn/Transpose_4,n1_i1::op::/model/layers.6/self_attn/Transpose_4,primitive,gemm:/model/layers.6/self_attn/Transpose_4,layers.*/self_attn,/model/layers.6/self_attn/Transpose_4,Gemm,gemm:/model/layers.6/self_attn/Transpose_4,gemm,gemm_tiled_opt,,performance,gtpin_total_execution_cycles,2068562,cycles,1,64,2068562
n1_i1,1,1,1,n1_i1::primitive::gemm:/model/layers.7/self_attn/MatMul,n1_i1::op::/model/layers.7/self_attn/MatMul,primitive,gemm:/model/layers.7/self_attn/MatMul,layers.*/self_attn,/model/layers.7/self_attn/MatMul,Gemm,gemm:/model/layers.7/self_attn/MatMul,gemm,gemm_tiled_opt,,performance,gtpin_total_execution_cycles,3491546,cycles,1,32,3491546
n1_i1,1,1,1,n1_i1::primitive::gemm:/model/layers.7/self_attn/Transpose_4,n1_i1::op::/model/layers.7/self_attn/Transpose_4,primitive,gemm:/model/layers.7/self_attn/Transpose_4,layers.*/self_attn,/model/layers.7/self_attn/Transpose_4,Gemm,gemm:/model/layers.7/self_attn/Transpose_4,gemm,gemm_tiled_opt,,performance,gtpin_total_execution_cycles,2200564,cycles,1,64,2200564
n1_i1,1,1,1,n1_i1::primitive::gemm:/model/layers.8/self_attn/MatMul,n1_i1::op::/model/layers.8/self_attn/MatMul,primitive,gemm:/model/layers.8/self_attn/MatMul,layers.*/self_attn,/model/layers.8/self_attn/MatMul,Gemm,gemm:/model/layers.8/self_attn/MatMul,gemm,gemm_tiled_opt,,performance,gtpin_total_execution_cycles,3816074,cycles,1,32,3816074
n1_i1,1,1,1,n1_i1::primitive::gemm:/model/layers.8/self_attn/Transpose_4,n1_i1::op::/model/layers.8/self_attn/Transpose_4,primitive,gemm:/model/layers.8/self_attn/Transpose_4,layers.*/self_attn,/model/layers.8/self_attn/Transpose_4,Gemm,gemm:/model/layers.8/self_attn/Transpose_4,gemm,gemm_tiled_opt,,performance,gtpin_total_execution_cycles,2020592,cycles,1,64,2020592
n1_i1,1,1,1,n1_i1::primitive::gemm:/model/layers.9/self_attn/MatMul,n1_i1::op::/model/layers.9/self_attn/MatMul,primitive,gemm:/model/layers.9/self_attn/MatMul,layers.*/self_attn,/model/layers.9/self_attn/MatMul,Gemm,gemm:/model/layers.9/self_attn/MatMul,gemm,gemm_tiled_opt,,performance,gtpin_total_execution_cycles,3493460,cycles,1,32,3493460
n1_i1,1,1,1,n1_i1::primitive::gemm:/model/layers.9/self_attn/Transpose_4,n1_i1::op::/model/layers.9/self_attn/Transpose_4,primitive,gemm:/model/layers.9/self_attn/Transpose_4,layers.*/self_attn,/model/layers.9/self_attn/Transpose_4,Gemm,gemm:/model/layers.9/self_attn/Transpose_4,gemm,gemm_tiled_opt,,performance,gtpin_total_execution_cycles,2105380,cycles,1,64,2105380
n1_i1,1,1,1,n1_i1::primitive::gemm:/model/rotary_emb/Transpose,n1_i1::op::/model/rotary_emb/Transpose,primitive,gemm:/model/rotary_emb/Transpose,rotary_emb,/model/rotary_emb/Transpose,Gemm,gemm:/model/rotary_emb/Transpose,gemm,gemm_tiled_opt,,performance,gtpin_total_execution_cycles,41632,cycles,1,2,41632
n1_i1,1,1,1,n1_i1::primitive::isnan:/model/layers.0/self_attn/IsNaN,n1_i1::op::/model/layers.0/self_attn/IsNaN,primitive,isnan:/model/layers.0/self_attn/IsNaN,layers.*/self_attn,/model/layers.0/self_attn/IsNaN,IsNaN,isnan:/model/layers.0/self_attn/IsNaN,eltwise,generic_eltwise_ref,,performance,gtpin_total_execution_cycles,1232706,cycles,1,256,1232706
n1_i1,1,1,1,n1_i1::primitive::isnan:/model/layers.1/self_attn/IsNaN,n1_i1::op::/model/layers.1/self_attn/IsNaN,primitive,isnan:/model/layers.1/self_attn/IsNaN,layers.*/self_attn,/model/layers.1/self_attn/IsNaN,IsNaN,isnan:/model/layers.1/self_attn/IsNaN,eltwise,generic_eltwise_ref,,performance,gtpin_total_execution_cycles,1284224,cycles,1,256,1284224
n1_i1,1,1,1,n1_i1::primitive::isnan:/model/layers.10/self_attn/IsNaN,n1_i1::op::/model/layers.10/self_attn/IsNaN,primitive,isnan:/model/layers.10/self_attn/IsNaN,layers.*/self_attn,/model/layers.10/self_attn/IsNaN,IsNaN,isnan:/model/layers.10/self_attn/IsNaN,eltwise,generic_eltwise_ref,,performance,gtpin_total_execution_cycles,1247630,cycles,1,256,1247630
n1_i1,1,1,1,n1_i1::primitive::isnan:/model/layers.11/self_attn/IsNaN,n1_i1::op::/model/layers.11/self_attn/IsNaN,primitive,isnan:/model/layers.11/self_attn/IsNaN,layers.*/self_attn,/model/layers.11/self_attn/IsNaN,IsNaN,isnan:/model/layers.11/self_attn/IsNaN,eltwise,generic_eltwise_ref,,performance,gtpin_total_execution_cycles,1292182,cycles,1,256,1292182
n1_i1,1,1,1,n1_i1::primitive::isnan:/model/layers.12/self_attn/IsNaN,n1_i1::op::/model/layers.12/self_attn/IsNaN,primitive,isnan:/model/layers.12/self_attn/IsNaN,layers.*/self_attn,/model/layers.12/self_attn/IsNaN,IsNaN,isnan:/model/layers.12/self_attn/IsNaN,eltwise,generic_eltwise_ref,,performance,gtpin_total_execution_cycles,1251648,cycles,1,256,1251648
n1_i1,1,1,1,n1_i1::primitive::isnan:/model/layers.13/self_attn/IsNaN,n1_i1::op::/model/layers.13/self_attn/IsNaN,primitive,isnan:/model/layers.13/self_attn/IsNaN,layers.*/self_attn,/model/layers.13/self_attn/IsNaN,IsNaN,isnan:/model/layers.13/self_attn/IsNaN,eltwise,generic_eltwise_ref,,performance,gtpin_total_execution_cycles,1112328,cycles,1,256,1112328
n1_i1,1,1,1,n1_i1::primitive::isnan:/model/layers.14/self_attn/IsNaN,n1_i1::op::/model/layers.14/self_attn/IsNaN,primitive,isnan:/model/layers.14/self_attn/IsNaN,layers.*/self_attn,/model/layers.14/self_attn/IsNaN,IsNaN,isnan:/model/layers.14/self_attn/IsNaN,eltwise,generic_eltwise_ref,,performance,gtpin_total_execution_cycles,1840368,cycles,1,256,1840368
n1_i1,1,1,1,n1_i1::primitive::isnan:/model/layers.15/self_attn/IsNaN,n1_i1::op::/model/layers.15/self_attn/IsNaN,primitive,isnan:/model/layers.15/self_attn/IsNaN,layers.*/self_attn,/model/layers.15/self_attn/IsNaN,IsNaN,isnan:/model/layers.15/self_attn/IsNaN,eltwise,generic_eltwise_ref,,performance,gtpin_total_execution_cycles,1583778,cycles,1,256,1583778
n1_i1,1,1,1,n1_i1::primitive::isnan:/model/layers.16/self_attn/IsNaN,n1_i1::op::/model/layers.16/self_attn/IsNaN,primitive,isnan:/model/layers.16/self_attn/IsNaN,layers.*/self_attn,/model/layers.16/self_attn/IsNaN,IsNaN,isnan:/model/layers.16/self_attn/IsNaN,eltwise,generic_eltwise_ref,,performance,gtpin_total_execution_cycles,1263288,cycles,1,256,1263288
n1_i1,1,1,1,n1_i1::primitive::isnan:/model/layers.17/self_attn/IsNaN,n1_i1::op::/model/layers.17/self_attn/IsNaN,primitive,isnan:/model/layers.17/self_attn/IsNaN,layers.*/self_attn,/model/layers.17/self_attn/IsNaN,IsNaN,isnan:/model/layers.17/self_attn/IsNaN,eltwise,generic_eltwise_ref,,performance,gtpin_total_execution_cycles,1232508,cycles,1,256,1232508
n1_i1,1,1,1,n1_i1::primitive::isnan:/model/layers.18/self_attn/IsNaN,n1_i1::op::/model/layers.18/self_attn/IsNaN,primitive,isnan:/model/layers.18/self_attn/IsNaN,layers.*/self_attn,/model/layers.18/self_attn/IsNaN,IsNaN,isnan:/model/layers.18/self_attn/IsNaN,eltwise,generic_eltwise_ref,,performance,gtpin_total_execution_cycles,1250250,cycles,1,256,1250250
n1_i1,1,1,1,n1_i1::primitive::isnan:/model/layers.19/self_attn/IsNaN,n1_i1::op::/model/layers.19/self_attn/IsNaN,primitive,isnan:/model/layers.19/self_attn/IsNaN,layers.*/self_attn,/model/layers.19/self_attn/IsNaN,IsNaN,isnan:/model/layers.19/self_attn/IsNaN,eltwise,generic_eltwise_ref,,performance,gtpin_total_execution_cycles,1222494,cycles,1,256,1222494
n1_i1,1,1,1,n1_i1::primitive::isnan:/model/layers.2/self_attn/IsNaN,n1_i1::op::/model/layers.2/self_attn/IsNaN,primitive,isnan:/model/layers.2/self_attn/IsNaN,layers.*/self_attn,/model/layers.2/self_attn/IsNaN,IsNaN,isnan:/model/layers.2/self_attn/IsNaN,eltwise,generic_eltwise_ref,,performance,gtpin_total_execution_cycles,1885866,cycles,1,256,1885866
n1_i1,1,1,1,n1_i1::primitive::isnan:/model/layers.20/self_attn/IsNaN,n1_i1::op::/model/layers.20/self_attn/IsNaN,primitive,isnan:/model/layers.20/self_attn/IsNaN,layers.*/self_attn,/model/layers.20/self_attn/IsNaN,IsNaN,isnan:/model/layers.20/self_attn/IsNaN,eltwise,generic_eltwise_ref,,performance,gtpin_total_execution_cycles,1561828,cycles,1,256,1561828
n1_i1,1,1,1,n1_i1::primitive::isnan:/model/layers.21/self_attn/IsNaN,n1_i1::op::/model/layers.21/self_attn/IsNaN,primitive,isnan:/model/layers.21/self_attn/IsNaN,layers.*/self_attn,/model/layers.21/self_attn/IsNaN,IsNaN,isnan:/model/layers.21/self_attn/IsNaN,eltwise,generic_eltwise_ref,,performance,gtpin_total_execution_cycles,1254102,cycles,1,256,1254102
n1_i1,1,1,1,n1_i1::primitive::isnan:/model/layers.3/self_attn/IsNaN,n1_i1::op::/model/layers.3/self_attn/IsNaN,primitive,isnan:/model/layers.3/self_attn/IsNaN,layers.*/self_attn,/model/layers.3/self_attn/IsNaN,IsNaN,isnan:/model/layers.3/self_attn/IsNaN,eltwise,generic_eltwise_ref,,performance,gtpin_total_execution_cycles,1585594,cycles,1,256,1585594
n1_i1,1,1,1,n1_i1::primitive::isnan:/model/layers.4/self_attn/IsNaN,n1_i1::op::/model/layers.4/self_attn/IsNaN,primitive,isnan:/model/layers.4/self_attn/IsNaN,layers.*/self_attn,/model/layers.4/self_attn/IsNaN,IsNaN,isnan:/model/layers.4/self_attn/IsNaN,eltwise,generic_eltwise_ref,,performance,gtpin_total_execution_cycles,1319924,cycles,1,256,1319924
n1_i1,1,1,1,n1_i1::primitive::isnan:/model/layers.5/self_attn/IsNaN,n1_i1::op::/model/layers.5/self_attn/IsNaN,primitive,isnan:/model/layers.5/self_attn/IsNaN,layers.*/self_attn,/model/layers.5/self_attn/IsNaN,IsNaN,isnan:/model/layers.5/self_attn/IsNaN,eltwise,generic_eltwise_ref,,performance,gtpin_total_execution_cycles,1491518,cycles,1,256,1491518
n1_i1,1,1,1,n1_i1::primitive::isnan:/model/layers.6/self_attn/IsNaN,n1_i1::op::/model/layers.6/self_attn/IsNaN,primitive,isnan:/model/layers.6/self_attn/IsNaN,layers.*/self_attn,/model/layers.6/self_attn/IsNaN,IsNaN,isnan:/model/layers.6/self_attn/IsNaN,eltwise,generic_eltwise_ref,,performance,gtpin_total_execution_cycles,1485828,cycles,1,256,1485828
n1_i1,1,1,1,n1_i1::primitive::isnan:/model/layers.7/self_attn/IsNaN,n1_i1::op::/model/layers.7/self_attn/IsNaN,primitive,isnan:/model/layers.7/self_attn/IsNaN,layers.*/self_attn,/model/layers.7/self_attn/IsNaN,IsNaN,isnan:/model/layers.7/self_attn/IsNaN,eltwise,generic_eltwise_ref,,performance,gtpin_total_execution_cycles,1236618,cycles,1,256,1236618
n1_i1,1,1,1,n1_i1::primitive::isnan:/model/layers.8/self_attn/IsNaN,n1_i1::op::/model/layers.8/self_attn/IsNaN,primitive,isnan:/model/layers.8/self_attn/IsNaN,layers.*/self_attn,/model/layers.8/self_attn/IsNaN,IsNaN,isnan:/model/layers.8/self_attn/IsNaN,eltwise,generic_eltwise_ref,,performance,gtpin_total_execution_cycles,1313710,cycles,1,256,1313710
n1_i1,1,1,1,n1_i1::primitive::isnan:/model/layers.9/self_attn/IsNaN,n1_i1::op::/model/layers.9/self_attn/IsNaN,primitive,isnan:/model/layers.9/self_attn/IsNaN,layers.*/self_attn,/model/layers.9/self_attn/IsNaN,IsNaN,isnan:/model/layers.9/self_attn/IsNaN,eltwise,generic_eltwise_ref,,performance,gtpin_total_execution_cycles,1429972,cycles,1,256,1429972
n1_i1,1,1,1,n1_i1::primitive::lessequal:/model/LessOrEqual,n1_i1::op::/model/LessOrEqual,primitive,lessequal:/model/LessOrEqual,(root),/model/LessOrEqual,LessEqual,lessequal:/model/LessOrEqual,eltwise,generic_eltwise_ref,,performance,gtpin_total_execution_cycles,45176,cycles,1,8,45176
n1_i1,1,1,1,n1_i1::primitive::logicaland:/model/And,n1_i1::op::/model/And,primitive,logicaland:/model/And,(root),/model/And,LogicalAnd,logicaland:/model/And,eltwise,generic_eltwise_ref,,performance,gtpin_total_execution_cycles,42496,cycles,1,8,42496
n1_i1,1,1,1,n1_i1::primitive::logicaland:/model/And_1,n1_i1::op::/model/And_1,primitive,logicaland:/model/And_1,(root),/model/And_1,LogicalAnd,logicaland:/model/And_1,eltwise,generic_eltwise_ref,,performance,gtpin_total_execution_cycles,50552,cycles,1,8,50552
n1_i1,1,1,1,n1_i1::primitive::multiply:/model/layers.0/self_attn/Mul_8,n1_i1::op::/model/layers.0/self_attn/Mul_8,primitive,multiply:/model/layers.0/self_attn/Mul_8,layers.*/self_attn,/model/layers.0/self_attn/Mul_8,Multiply,multiply:/model/layers.0/self_attn/Mul_8,eltwise,generic_eltwise_ref,,performance,gtpin_total_execution_cycles,4786414,cycles,1,1024,4786414
n1_i1,1,1,1,n1_i1::primitive::multiply:/model/layers.1/self_attn/Mul_8,n1_i1::op::/model/layers.1/self_attn/Mul_8,primitive,multiply:/model/layers.1/self_attn/Mul_8,layers.*/self_attn,/model/layers.1/self_attn/Mul_8,Multiply,multiply:/model/layers.1/self_attn/Mul_8,eltwise,generic_eltwise_ref,,performance,gtpin_total_execution_cycles,5152004,cycles,1,1024,5152004
n1_i1,1,1,1,n1_i1::primitive::multiply:/model/layers.10/self_attn/Mul_8,n1_i1::op::/model/layers.10/self_attn/Mul_8,primitive,multiply:/model/layers.10/self_attn/Mul_8,layers.*/self_attn,/model/layers.10/self_attn/Mul_8,Multiply,multiply:/model/layers.10/self_attn/Mul_8,eltwise,generic_eltwise_ref,,performance,gtpin_total_execution_cycles,5052076,cycles,1,1024,5052076
n1_i1,1,1,1,n1_i1::primitive::multiply:/model/layers.11/self_attn/Mul_8,n1_i1::op::/model/layers.11/self_attn/Mul_8,primitive,multiply:/model/layers.11/self_attn/Mul_8,layers.*/self_attn,/model/layers.11/self_attn/Mul_8,Multiply,multiply:/model/layers.11/self_attn/Mul_8,eltwise,generic_eltwise_ref,,performance,gtpin_total_execution_cycles,5171672,cycles,1,1024,5171672
n1_i1,1,1,1,n1_i1::primitive::multiply:/model/layers.12/self_attn/Mul_8,n1_i1::op::/model/layers.12/self_attn/Mul_8,primitive,multiply:/model/layers.12/self_attn/Mul_8,layers.*/self_attn,/model/layers.12/self_attn/Mul_8,Multiply,multiply:/model/layers.12/self_attn/Mul_8,eltwise,generic_eltwise_ref,,performance,gtpin_total_execution_cycles,5464736,cycles,1,1024,5464736
n1_i1,1,1,1,n1_i1::primitive::multiply:/model/layers.13/self_attn/Mul_8,n1_i1::op::/model/layers.13/self_attn/Mul_8,primitive,multiply:/model/layers.13/self_attn/Mul_8,layers.*/self_attn,/model/layers.13/self_attn/Mul_8,Multiply,multiply:/model/layers.13/self_attn/Mul_8,eltwise,generic_eltwise_ref,,performance,gtpin_total_execution_cycles,5608562,cycles,1,1024,5608562
n1_i1,1,1,1,n1_i1::primitive::multiply:/model/layers.14/self_attn/Mul_8,n1_i1::op::/model/layers.14/self_attn/Mul_8,primitive,multiply:/model/layers.14/self_attn/Mul_8,layers.*/self_attn,/model/layers.14/self_attn/Mul_8,Multiply,multiply:/model/layers.14/self_attn/Mul_8,eltwise,generic_eltwise_ref,,performance,gtpin_total_execution_cycles,4792772,cycles,1,1024,4792772
n1_i1,1,1,1,n1_i1::primitive::multiply:/model/layers.15/self_attn/Mul_8,n1_i1::op::/model/layers.15/self_attn/Mul_8,primitive,multiply:/model/layers.15/self_attn/Mul_8,layers.*/self_attn,/model/layers.15/self_attn/Mul_8,Multiply,multiply:/model/layers.15/self_attn/Mul_8,eltwise,generic_eltwise_ref,,performance,gtpin_total_execution_cycles,4793236,cycles,1,1024,4793236
n1_i1,1,1,1,n1_i1::primitive::multiply:/model/layers.16/self_attn/Mul_8,n1_i1::op::/model/layers.16/self_attn/Mul_8,primitive,multiply:/model/layers.16/self_attn/Mul_8,layers.*/self_attn,/model/layers.16/self_attn/Mul_8,Multiply,multiply:/model/layers.16/self_attn/Mul_8,eltwise,generic_eltwise_ref,,performance,gtpin_total_execution_cycles,4527464,cycles,1,1024,4527464
n1_i1,1,1,1,n1_i1::primitive::multiply:/model/layers.17/self_attn/Mul_8,n1_i1::op::/model/layers.17/self_attn/Mul_8,primitive,multiply:/model/layers.17/self_attn/Mul_8,layers.*/self_attn,/model/layers.17/self_attn/Mul_8,Multiply,multiply:/model/layers.17/self_attn/Mul_8,eltwise,generic_eltwise_ref,,performance,gtpin_total_execution_cycles,4684870,cycles,1,1024,4684870
n1_i1,1,1,1,n1_i1::primitive::multiply:/model/layers.18/self_attn/Mul_8,n1_i1::op::/model/layers.18/self_attn/Mul_8,primitive,multiply:/model/layers.18/self_attn/Mul_8,layers.*/self_attn,/model/layers.18/self_attn/Mul_8,Multiply,multiply:/model/layers.18/self_attn/Mul_8,eltwise,generic_eltwise_ref,,performance,gtpin_total_execution_cycles,4779076,cycles,1,1024,4779076
n1_i1,1,1,1,n1_i1::primitive::multiply:/model/layers.19/self_attn/Mul_8,n1_i1::op::/model/layers.19/self_attn/Mul_8,primitive,multiply:/model/layers.19/self_attn/Mul_8,layers.*/self_attn,/model/layers.19/self_attn/Mul_8,Multiply,multiply:/model/layers.19/self_attn/Mul_8,eltwise,generic_eltwise_ref,,performance,gtpin_total_execution_cycles,4717538,cycles,1,1024,4717538
n1_i1,1,1,1,n1_i1::primitive::multiply:/model/layers.2/self_attn/Mul_8,n1_i1::op::/model/layers.2/self_attn/Mul_8,primitive,multiply:/model/layers.2/self_attn/Mul_8,layers.*/self_attn,/model/layers.2/self_attn/Mul_8,Multiply,multiply:/model/layers.2/self_attn/Mul_8,eltwise,generic_eltwise_ref,,performance,gtpin_total_execution_cycles,5230364,cycles,1,1024,5230364
n1_i1,1,1,1,n1_i1::primitive::multiply:/model/layers.20/self_attn/Mul_8,n1_i1::op::/model/layers.20/self_attn/Mul_8,primitive,multiply:/model/layers.20/self_attn/Mul_8,layers.*/self_attn,/model/layers.20/self_attn/Mul_8,Multiply,multiply:/model/layers.20/self_attn/Mul_8,eltwise,generic_eltwise_ref,,performance,gtpin_total_execution_cycles,5034650,cycles,1,1024,5034650
n1_i1,1,1,1,n1_i1::primitive::multiply:/model/layers.21/self_attn/Mul_8,n1_i1::op::/model/layers.21/self_attn/Mul_8,primitive,multiply:/model/layers.21/self_attn/Mul_8,layers.*/self_attn,/model/layers.21/self_attn/Mul_8,Multiply,multiply:/model/layers.21/self_attn/Mul_8,eltwise,generic_eltwise_ref,,performance,gtpin_total_execution_cycles,4717524,cycles,1,1024,4717524
n1_i1,1,1,1,n1_i1::primitive::multiply:/model/layers.3/self_attn/Mul_8,n1_i1::op::/model/layers.3/self_attn/Mul_8,primitive,multiply:/model/layers.3/self_attn/Mul_8,layers.*/self_attn,/model/layers.3/self_attn/Mul_8,Multiply,multiply:/model/layers.3/self_attn/Mul_8,eltwise,generic_eltwise_ref,,performance,gtpin_total_execution_cycles,4741880,cycles,1,1024,4741880
n1_i1,1,1,1,n1_i1::primitive::multiply:/model/layers.4/self_attn/Mul_8,n1_i1::op::/model/layers.4/self_attn/Mul_8,primitive,multiply:/model/layers.4/self_attn/Mul_8,layers.*/self_attn,/model/layers.4/self_attn/Mul_8,Multiply,multiply:/model/layers.4/self_attn/Mul_8,eltwise,generic_eltwise_ref,,performance,gtpin_total_execution_cycles,5117962,cycles,1,1024,5117962
n1_i1,1,1,1,n1_i1::primitive::multiply:/model/layers.5/self_attn/Mul_8,n1_i1::op::/model/layers.5/self_attn/Mul_8,primitive,multiply:/model/layers.5/self_attn/Mul_8,layers.*/self_attn,/model/layers.5/self_attn/Mul_8,Multiply,multiply:/model/layers.5/self_attn/Mul_8,eltwise,generic_eltwise_ref,,performance,gtpin_total_execution_cycles,4539412,cycles,1,1024,4539412
n1_i1,1,1,1,n1_i1::primitive::multiply:/model/layers.6/self_attn/Mul_8,n1_i1::op::/model/layers.6/self_attn/Mul_8,primitive,multiply:/model/layers.6/self_attn/Mul_8,layers.*/self_attn,/model/layers.6/self_attn/Mul_8,Multiply,multiply:/model/layers.6/self_attn/Mul_8,eltwise,generic_eltwise_ref,,performance,gtpin_total_execution_cycles,5025586,cycles,1,1024,5025586
n1_i1,1,1,1,n1_i1::primitive::multiply:/model/layers.7/self_attn/Mul_8,n1_i1::op::/model/layers.7/self_attn/Mul_8,primitive,multiply:/model/layers.7/self_attn/Mul_8,layers.*/self_attn,/model/layers.7/self_attn/Mul_8,Multiply,multiply:/model/layers.7/self_attn/Mul_8,eltwise,generic_eltwise_ref,,performance,gtpin_total_execution_cycles,4711510,cycles,1,1024,4711510
n1_i1,1,1,1,n1_i1::primitive::multiply:/model/layers.8/self_attn/Mul_8,n1_i1::op::/model/layers.8/self_attn/Mul_8,primitive,multiply:/model/layers.8/self_attn/Mul_8,layers.*/self_attn,/model/layers.8/self_attn/Mul_8,Multiply,multiply:/model/layers.8/self_attn/Mul_8,eltwise,generic_eltwise_ref,,performance,gtpin_total_execution_cycles,5493576,cycles,1,1024,5493576
n1_i1,1,1,1,n1_i1::primitive::multiply:/model/layers.9/self_attn/Mul_8,n1_i1::op::/model/layers.9/self_attn/Mul_8,primitive,multiply:/model/layers.9/self_attn/Mul_8,layers.*/self_attn,/model/layers.9/self_attn/Mul_8,Multiply,multiply:/model/layers.9/self_attn/Mul_8,eltwise,generic_eltwise_ref,,performance,gtpin_total_execution_cycles,4665000,cycles,1,1024,4665000
n1_i1,1,1,1,n1_i1::primitive::rms:/model/layers.0/input_layernorm/Mul,n1_i1::op::/model/layers.0/input_layernorm/Mul,primitive,rms:/model/layers.0/input_layernorm/Mul,layers.*/input_layernorm,/model/layers.0/input_layernorm/Mul,RMS,rms:/model/layers.0/input_layernorm/Mul,rms,rms_gpu_bfyx_opt,,performance,gtpin_total_execution_cycles,1962348,cycles,1,256,1962348
n1_i1,1,1,1,n1_i1::primitive::rms:/model/layers.0/post_attention_layernorm/Mul,n1_i1::op::/model/layers.0/post_attention_layernorm/Mul,primitive,rms:/model/layers.0/post_attention_layernorm/Mul,layers.*/post_attention_layernorm,/model/layers.0/post_attention_layernorm/Mul,RMS,rms:/model/layers.0/post_attention_layernorm/Mul,rms,rms_gpu_bfyx_opt,,performance,gtpin_total_execution_cycles,1999066,cycles,1,256,1999066
n1_i1,1,1,1,n1_i1::primitive::rms:/model/layers.1/input_layernorm/Mul,n1_i1::op::/model/layers.1/input_layernorm/Mul,primitive,rms:/model/layers.1/input_layernorm/Mul,layers.*/input_layernorm,/model/layers.1/input_layernorm/Mul,RMS,rms:/model/layers.1/input_layernorm/Mul,rms,rms_gpu_bfyx_opt,,performance,gtpin_total_execution_cycles,1591000,cycles,1,256,1591000
n1_i1,1,1,1,n1_i1::primitive::rms:/model/layers.1/post_attention_layernorm/Mul,n1_i1::op::/model/layers.1/post_attention_layernorm/Mul,primitive,rms:/model/layers.1/post_attention_layernorm/Mul,layers.*/post_attention_layernorm,/model/layers.1/post_attention_layernorm/Mul,RMS,rms:/model/layers.1/post_attention_layernorm/Mul,rms,rms_gpu_bfyx_opt,,performance,gtpin_total_execution_cycles,1894798,cycles,1,256,1894798
n1_i1,1,1,1,n1_i1::primitive::rms:/model/layers.10/input_layernorm/Mul,n1_i1::op::/model/layers.10/input_layernorm/Mul,primitive,rms:/model/layers.10/input_layernorm/Mul,layers.*/input_layernorm,/model/layers.10/input_layernorm/Mul,RMS,rms:/model/layers.10/input_layernorm/Mul,rms,rms_gpu_bfyx_opt,,performance,gtpin_total_execution_cycles,2005540,cycles,1,256,2005540
n1_i1,1,1,1,n1_i1::primitive::rms:/model/layers.10/post_attention_layernorm/Mul,n1_i1::op::/model/layers.10/post_attention_layernorm/Mul,primitive,rms:/model/layers.10/post_attention_layernorm/Mul,layers.*/post_attention_layernorm,/model/layers.10/post_attention_layernorm/Mul,RMS,rms:/model/layers.10/post_attention_layernorm/Mul,rms,rms_gpu_bfyx_opt,,performance,gtpin_total_execution_cycles,1997272,cycles,1,256,1997272
n1_i1,1,1,1,n1_i1::primitive::rms:/model/layers.11/input_layernorm/Mul,n1_i1::op::/model/layers.11/input_layernorm/Mul,primitive,rms:/model/layers.11/input_layernorm/Mul,layers.*/input_layernorm,/model/layers.11/input_layernorm/Mul,RMS,rms:/model/layers.11/input_layernorm/Mul,rms,rms_gpu_bfyx_opt,,performance,gtpin_total_execution_cycles,1994058,cycles,1,256,1994058
n1_i1,1,1,1,n1_i1::primitive::rms:/model/layers.11/post_attention_layernorm/Mul,n1_i1::op::/model/layers.11/post_attention_layernorm/Mul,primitive,rms:/model/layers.11/post_attention_layernorm/Mul,layers.*/post_attention_layernorm,/model/layers.11/post_attention_layernorm/Mul,RMS,rms:/model/layers.11/post_attention_layernorm/Mul,rms,rms_gpu_bfyx_opt,,performance,gtpin_total_execution_cycles,1954816,cycles,1,256,1954816
n1_i1,1,1,1,n1_i1::primitive::rms:/model/layers.12/input_layernorm/Mul,n1_i1::op::/model/layers.12/input_layernorm/Mul,primitive,rms:/model/layers.12/input_layernorm/Mul,layers.*/input_layernorm,/model/layers.12/input_layernorm/Mul,RMS,rms:/model/layers.12/input_layernorm/Mul,rms,rms_gpu_bfyx_opt,,performance,gtpin_total_execution_cycles,1817616,cycles,1,256,1817616
n1_i1,1,1,1,n1_i1::primitive::rms:/model/layers.12/post_attention_layernorm/Mul,n1_i1::op::/model/layers.12/post_attention_layernorm/Mul,primitive,rms:/model/layers.12/post_attention_layernorm/Mul,layers.*/post_attention_layernorm,/model/layers.12/post_attention_layernorm/Mul,RMS,rms:/model/layers.12/post_attention_layernorm/Mul,rms,rms_gpu_bfyx_opt,,performance,gtpin_total_execution_cycles,1719732,cycles,1,256,1719732
n1_i1,1,1,1,n1_i1::primitive::rms:/model/layers.13/input_layernorm/Mul,n1_i1::op::/model/layers.13/input_layernorm/Mul,primitive,rms:/model/layers.13/input_layernorm/Mul,layers.*/input_layernorm,/model/layers.13/input_layernorm/Mul,RMS,rms:/model/layers.13/input_layernorm/Mul,rms,rms_gpu_bfyx_opt,,performance,gtpin_total_execution_cycles,1646426,cycles,1,256,1646426
n1_i1,1,1,1,n1_i1::primitive::rms:/model/layers.13/post_attention_layernorm/Mul,n1_i1::op::/model/layers.13/post_attention_layernorm/Mul,primitive,rms:/model/layers.13/post_attention_layernorm/Mul,layers.*/post_attention_layernorm,/model/layers.13/post_attention_layernorm/Mul,RMS,rms:/model/layers.13/post_attention_layernorm/Mul,rms,rms_gpu_bfyx_opt,,performance,gtpin_total_execution_cycles,2077348,cycles,1,256,2077348
n1_i1,1,1,1,n1_i1::primitive::rms:/model/layers.14/input_layernorm/Mul,n1_i1::op::/model/layers.14/input_layernorm/Mul,primitive,rms:/model/layers.14/input_layernorm/Mul,layers.*/input_layernorm,/model/layers.14/input_layernorm/Mul,RMS,rms:/model/layers.14/input_layernorm/Mul,rms,rms_gpu_bfyx_opt,,performance,gtpin_total_execution_cycles,1409500,cycles,1,256,1409500
n1_i1,1,1,1,n1_i1::primitive::rms:/model/layers.14/post_attention_layernorm/Mul,n1_i1::op::/model/layers.14/post_attention_layernorm/Mul,primitive,rms:/model/layers.14/post_attention_layernorm/Mul,layers.*/post_attention_layernorm,/model/layers.14/post_attention_layernorm/Mul,RMS,rms:/model/layers.14/post_attention_layernorm/Mul,rms,rms_gpu_bfyx_opt,,performance,gtpin_total_execution_cycles,2057818,cycles,1,256,2057818
n1_i1,1,1,1,n1_i1::primitive::rms:/model/layers.15/input_layernorm/Mul,n1_i1::op::/model/layers.15/input_layernorm/Mul,primitive,rms:/model/layers.15/input_layernorm/Mul,layers.*/input_layernorm,/model/layers.15/input_layernorm/Mul,RMS,rms:/model/layers.15/input_layernorm/Mul,rms,rms_gpu_bfyx_opt,,performance,gtpin_total_execution_cycles,2110452,cycles,1,256,2110452
n1_i1,1,1,1,n1_i1::primitive::rms:/model/layers.15/post_attention_layernorm/Mul,n1_i1::op::/model/layers.15/post_attention_layernorm/Mul,primitive,rms:/model/layers.15/post_attention_layernorm/Mul,layers.*/post_attention_layernorm,/model/layers.15/post_attention_layernorm/Mul,RMS,rms:/model/layers.15/post_attention_layernorm/Mul,rms,rms_gpu_bfyx_opt,,performance,gtpin_total_execution_cycles,1852916,cycles,1,256,1852916
n1_i1,1,1,1,n1_i1::primitive::rms:/model/layers.16/input_layernorm/Mul,n1_i1::op::/model/layers.16/input_layernorm/Mul,primitive,rms:/model/layers.16/input_layernorm/Mul,layers.*/input_layernorm,/model/layers.16/input_layernorm/Mul,RMS,rms:/model/layers.16/input_layernorm/Mul,rms,rms_gpu_bfyx_opt,,performance,gtpin_total_execution_cycles,1571414,cycles,1,256,1571414
n1_i1,1,1,1,n1_i1::primitive::rms:/model/layers.16/post_attention_layernorm/Mul,n1_i1::op::/model/layers.16/post_attention_layernorm/Mul,primitive,rms:/model/layers.16/post_attention_layernorm/Mul,layers.*/post_attention_layernorm,/model/layers.16/post_attention_layernorm/Mul,RMS,rms:/model/layers.16/post_attention_layernorm/Mul,rms,rms_gpu_bfyx_opt,,performance,gtpin_total_execution_cycles,1757550,cycles,1,256,1757550
n1_i1,1,1,1,n1_i1::primitive::rms:/model/layers.17/input_layernorm/Mul,n1_i1::op::/model/layers.17/input_layernorm/Mul,primitive,rms:/model/layers.17/input_layernorm/Mul,layers.*/input_layernorm,/model/layers.17/input_layernorm/Mul,RMS,rms:/model/layers.17/input_layernorm/Mul,rms,rms_gpu_bfyx_opt,,performance,gtpin_total_execution_cycles,1664454,cycles,1,256,1664454
n1_i1,1,1,1,n1_i1::primitive::rms:/model/layers.17/post_attention_layernorm/Mul,n1_i1::op::/model/layers.17/post_attention_layernorm/Mul,primitive,rms:/model/layers.17/post_attention_layernorm/Mul,layers.*/post_attention_layernorm,/model/layers.17/post_attention_layernorm/Mul,RMS,rms:/model/layers.17/post_attention_layernorm/Mul,rms,rms_gpu_bfyx_opt,,performance,gtpin_total_execution_cycles,1720126,cycles,1,256,1720126
n1_i1,1,1,1,n1_i1::primitive::rms:/model/layers.18/input_layernorm/Mul,n1_i1::op::/model/layers.18/input_layernorm/Mul,primitive,rms:/model/layers.18/input_layernorm/Mul,layers.*/input_layernorm,/model/layers.18/input_layernorm/Mul,RMS,rms:/model/layers.18/input_layernorm/Mul,rms,rms_gpu_bfyx_opt,,performance,gtpin_total_execution_cycles,1447728,cycles,1,256,1447728
n1_i1,1,1,1,n1_i1::primitive::rms:/model/layers.18/post_attention_layernorm/Mul,n1_i1::op::/model/layers.18/post_attention_layernorm/Mul,primitive,rms:/model/layers.18/post_attention_layernorm/Mul,layers.*/post_attention_layernorm,/model/layers.18/post_attention_layernorm/Mul,RMS,rms:/model/layers.18/post_attention_layernorm/Mul,rms,rms_gpu_bfyx_opt,,performance,gtpin_total_execution_cycles,1825214,cycles,1,256,1825214
n1_i1,1,1,1,n1_i1::primitive::rms:/model/layers.19/input_layernorm/Mul,n1_i1::op::/model/layers.19/input_layernorm/Mul,primitive,rms:/model/layers.19/input_layernorm/Mul,layers.*/input_layernorm,/model/layers.19/input_layernorm/Mul,RMS,rms:/model/layers.19/input_layernorm/Mul,rms,rms_gpu_bfyx_opt,,performance,gtpin_total_execution_cycles,2046378,cycles,1,256,2046378
n1_i1,1,1,1,n1_i1::primitive::rms:/model/layers.19/post_attention_layernorm/Mul,n1_i1::op::/model/layers.19/post_attention_layernorm/Mul,primitive,rms:/model/layers.19/post_attention_layernorm/Mul,layers.*/post_attention_layernorm,/model/layers.19/post_attention_layernorm/Mul,RMS,rms:/model/layers.19/post_attention_layernorm/Mul,rms,rms_gpu_bfyx_opt,,performance,gtpin_total_execution_cycles,1857358,cycles,1,256,1857358
n1_i1,1,1,1,n1_i1::primitive::rms:/model/layers.2/input_layernorm/Mul,n1_i1::op::/model/layers.2/input_layernorm/Mul,primitive,rms:/model/layers.2/input_layernorm/Mul,layers.*/input_layernorm,/model/layers.2/input_layernorm/Mul,RMS,rms:/model/layers.2/input_layernorm/Mul,rms,rms_gpu_bfyx_opt,,performance,gtpin_total_execution_cycles,1710480,cycles,1,256,1710480
n1_i1,1,1,1,n1_i1::primitive::rms:/model/layers.2/post_attention_layernorm/Mul,n1_i1::op::/model/layers.2/post_attention_layernorm/Mul,primitive,rms:/model/layers.2/post_attention_layernorm/Mul,layers.*/post_attention_layernorm,/model/layers.2/post_attention_layernorm/Mul,RMS,rms:/model/layers.2/post_attention_layernorm/Mul,rms,rms_gpu_bfyx_opt,,performance,gtpin_total_execution_cycles,2023240,cycles,1,256,2023240
n1_i1,1,1,1,n1_i1::primitive::rms:/model/layers.20/input_layernorm/Mul,n1_i1::op::/model/layers.20/input_layernorm/Mul,primitive,rms:/model/layers.20/input_layernorm/Mul,layers.*/input_layernorm,/model/layers.20/input_layernorm/Mul,RMS,rms:/model/layers.20/input_layernorm/Mul,rms,rms_gpu_bfyx_opt,,performance,gtpin_total_execution_cycles,1645870,cycles,1,256,1645870
n1_i1,1,1,1,n1_i1::primitive::rms:/model/layers.20/post_attention_layernorm/Mul,n1_i1::op::/model/layers.20/post_attention_layernorm/Mul,primitive,rms:/model/layers.20/post_attention_layernorm/Mul,layers.*/post_attention_layernorm,/model/layers.20/post_attention_layernorm/Mul,RMS,rms:/model/layers.20/post_attention_layernorm/Mul,rms,rms_gpu_bfyx_opt,,performance,gtpin_total_execution_cycles,2627638,cycles,1,256,2627638
n1_i1,1,1,1,n1_i1::primitive::rms:/model/layers.21/input_layernorm/Mul,n1_i1::op::/model/layers.21/input_layernorm/Mul,primitive,rms:/model/layers.21/input_layernorm/Mul,layers.*/input_layernorm,/model/layers.21/input_layernorm/Mul,RMS,rms:/model/layers.21/input_layernorm/Mul,rms,rms_gpu_bfyx_opt,,performance,gtpin_total_execution_cycles,1731548,cycles,1,256,1731548
n1_i1,1,1,1,n1_i1::primitive::rms:/model/layers.21/post_attention_layernorm/Mul,n1_i1::op::/model/layers.21/post_attention_layernorm/Mul,primitive,rms:/model/layers.21/post_attention_layernorm/Mul,layers.*/post_attention_layernorm,/model/layers.21/post_attention_layernorm/Mul,RMS,rms:/model/layers.21/post_attention_layernorm/Mul,rms,rms_gpu_bfyx_opt,,performance,gtpin_total_execution_cycles,2152432,cycles,1,256,2152432
n1_i1,1,1,1,n1_i1::primitive::rms:/model/layers.3/input_layernorm/Mul,n1_i1::op::/model/layers.3/input_layernorm/Mul,primitive,rms:/model/layers.3/input_layernorm/Mul,layers.*/input_layernorm,/model/layers.3/input_layernorm/Mul,RMS,rms:/model/layers.3/input_layernorm/Mul,rms,rms_gpu_bfyx_opt,,performance,gtpin_total_execution_cycles,2031338,cycles,1,256,2031338
n1_i1,1,1,1,n1_i1::primitive::rms:/model/layers.3/post_attention_layernorm/Mul,n1_i1::op::/model/layers.3/post_attention_layernorm/Mul,primitive,rms:/model/layers.3/post_attention_layernorm/Mul,layers.*/post_attention_layernorm,/model/layers.3/post_attention_layernorm/Mul,RMS,rms:/model/layers.3/post_attention_layernorm/Mul,rms,rms_gpu_bfyx_opt,,performance,gtpin_total_execution_cycles,2145104,cycles,1,256,2145104
n1_i1,1,1,1,n1_i1::primitive::rms:/model/layers.4/input_layernorm/Mul,n1_i1::op::/model/layers.4/input_layernorm/Mul,primitive,rms:/model/layers.4/input_layernorm/Mul,layers.*/input_layernorm,/model/layers.4/input_layernorm/Mul,RMS,rms:/model/layers.4/input_layernorm/Mul,rms,rms_gpu_bfyx_opt,,performance,gtpin_total_execution_cycles,1767394,cycles,1,256,1767394
n1_i1,1,1,1,n1_i1::primitive::rms:/model/layers.4/post_attention_layernorm/Mul,n1_i1::op::/model/layers.4/post_attention_layernorm/Mul,primitive,rms:/model/layers.4/post_attention_layernorm/Mul,layers.*/post_attention_layernorm,/model/layers.4/post_attention_layernorm/Mul,RMS,rms:/model/layers.4/post_attention_layernorm/Mul,rms,rms_gpu_bfyx_opt,,performance,gtpin_total_execution_cycles,1925894,cycles,1,256,1925894
n1_i1,1,1,1,n1_i1::primitive::rms:/model/layers.5/input_layernorm/Mul,n1_i1::op::/model/layers.5/input_layernorm/Mul,primitive,rms:/model/layers.5/input_layernorm/Mul,layers.*/input_layernorm,/model/layers.5/input_layernorm/Mul,RMS,rms:/model/layers.5/input_layernorm/Mul,rms,rms_gpu_bfyx_opt,,performance,gtpin_total_execution_cycles,1700282,cycles,1,256,1700282
n1_i1,1,1,1,n1_i1::primitive::rms:/model/layers.5/post_attention_layernorm/Mul,n1_i1::op::/model/layers.5/post_attention_layernorm/Mul,primitive,rms:/model/layers.5/post_attention_layernorm/Mul,layers.*/post_attention_layernorm,/model/layers.5/post_attention_layernorm/Mul,RMS,rms:/model/layers.5/post_attention_layernorm/Mul,rms,rms_gpu_bfyx_opt,,performance,gtpin_total_execution_cycles,2109078,cycles,1,256,2109078
n1_i1,1,1,1,n1_i1::primitive::rms:/model/layers.6/input_layernorm/Mul,n1_i1::op::/model/layers.6/input_layernorm/Mul,primitive,rms:/model/layers.6/input_layernorm/Mul,layers.*/input_layernorm,/model/layers.6/input_layernorm/Mul,RMS,rms:/model/layers.6/input_layernorm/Mul,rms,rms_gpu_bfyx_opt,,performance,gtpin_total_execution_cycles,1980680,cycles,1,256,1980680
n1_i1,1,1,1,n1_i1::primitive::rms:/model/layers.6/post_attention_layernorm/Mul,n1_i1::op::/model/layers.6/post_attention_layernorm/Mul,primitive,rms:/model/layers.6/post_attention_layernorm/Mul,layers.*/post_attention_layernorm,/model/layers.6/post_attention_layernorm/Mul,RMS,rms:/model/layers.6/post_attention_layernorm/Mul,rms,rms_gpu_bfyx_opt,,performance,gtpin_total_execution_cycles,1793078,cycles,1,256,1793078
n1_i1,1,1,1,n1_i1::primitive::rms:/model/layers.7/input_layernorm/Mul,n1_i1::op::/model/layers.7/input_layernorm/Mul,primitive,rms:/model/layers.7/input_layernorm/Mul,layers.*/input_layernorm,/model/layers.7/input_layernorm/Mul,RMS,rms:/model/layers.7/input_layernorm/Mul,rms,rms_gpu_bfyx_opt,,performance,gtpin_total_execution_cycles,2082914,cycles,1,256,2082914
n1_i1,1,1,1,n1_i1::primitive::rms:/model/layers.7/post_attention_layernorm/Mul,n1_i1::op::/model/layers.7/post_attention_layernorm/Mul,primitive,rms:/model/layers.7/post_attention_layernorm/Mul,layers.*/post_attention_layernorm,/model/layers.7/post_attention_layernorm/Mul,RMS,rms:/model/layers.7/post_attention_layernorm/Mul,rms,rms_gpu_bfyx_opt,,performance,gtpin_total_execution_cycles,1864378,cycles,1,256,1864378
n1_i1,1,1,1,n1_i1::primitive::rms:/model/layers.8/input_layernorm/Mul,n1_i1::op::/model/layers.8/input_layernorm/Mul,primitive,rms:/model/layers.8/input_layernorm/Mul,layers.*/input_layernorm,/model/layers.8/input_layernorm/Mul,RMS,rms:/model/layers.8/input_layernorm/Mul,rms,rms_gpu_bfyx_opt,,performance,gtpin_total_execution_cycles,1730752,cycles,1,256,1730752
n1_i1,1,1,1,n1_i1::primitive::rms:/model/layers.8/post_attention_layernorm/Mul,n1_i1::op::/model/layers.8/post_attention_layernorm/Mul,primitive,rms:/model/layers.8/post_attention_layernorm/Mul,layers.*/post_attention_layernorm,/model/layers.8/post_attention_layernorm/Mul,RMS,rms:/model/layers.8/post_attention_layernorm/Mul,rms,rms_gpu_bfyx_opt,,performance,gtpin_total_execution_cycles,2031850,cycles,1,256,2031850
n1_i1,1,1,1,n1_i1::primitive::rms:/model/layers.9/input_layernorm/Mul,n1_i1::op::/model/layers.9/input_layernorm/Mul,primitive,rms:/model/layers.9/input_layernorm/Mul,layers.*/input_layernorm,/model/layers.9/input_layernorm/Mul,RMS,rms:/model/layers.9/input_layernorm/Mul,rms,rms_gpu_bfyx_opt,,performance,gtpin_total_execution_cycles,1404110,cycles,1,256,1404110
n1_i1,1,1,1,n1_i1::primitive::rms:/model/layers.9/post_attention_layernorm/Mul,n1_i1::op::/model/layers.9/post_attention_layernorm/Mul,primitive,rms:/model/layers.9/post_attention_layernorm/Mul,layers.*/post_attention_layernorm,/model/layers.9/post_attention_layernorm/Mul,RMS,rms:/model/layers.9/post_attention_layernorm/Mul,rms,rms_gpu_bfyx_opt,,performance,gtpin_total_execution_cycles,2081726,cycles,1,256,2081726
n1_i1,1,1,1,n1_i1::primitive::rms:/model/norm/Mul,n1_i1::op::/model/norm/Mul,primitive,rms:/model/norm/Mul,(root),/model/norm/Mul,RMS,rms:/model/norm/Mul,rms,rms_gpu_bfyx_opt,,performance,gtpin_total_execution_cycles,1867452,cycles,1,256,1867452
n1_i1,1,1,1,n1_i1::primitive::rope:/model/layers.0/self_attn/Add,n1_i1::op::/model/layers.0/self_attn/Add,primitive,rope:/model/layers.0/self_attn/Add,layers.*/self_attn,/model/layers.0/self_attn/Add,RoPE,rope:/model/layers.0/self_attn/Add,rope,ocl::rope::opt_,,performance,gtpin_total_execution_cycles,1246048,cycles,1,64,1246048
n1_i1,1,1,1,n1_i1::primitive::rope:/model/layers.0/self_attn/Add_1,n1_i1::op::/model/layers.0/self_attn/Add_1,primitive,rope:/model/layers.0/self_attn/Add_1,layers.*/self_attn,/model/layers.0/self_attn/Add_1,RoPE,rope:/model/layers.0/self_attn/Add_1,rope,ocl::rope::opt_,,performance,gtpin_total_execution_cycles,90794,cycles,1,8,90794
n1_i1,1,1,1,n1_i1::primitive::rope:/model/layers.1/self_attn/Add,n1_i1::op::/model/layers.1/self_attn/Add,primitive,rope:/model/layers.1/self_attn/Add,layers.*/self_attn,/model/layers.1/self_attn/Add,RoPE,rope:/model/layers.1/self_attn/Add,rope,ocl::rope::opt_,,performance,gtpin_total_execution_cycles,909398,cycles,1,64,909398
n1_i1,1,1,1,n1_i1::primitive::rope:/model/layers.1/self_attn/Add_1,n1_i1::op::/model/layers.1/self_attn/Add_1,primitive,rope:/model/layers.1/self_attn/Add_1,layers.*/self_attn,/model/layers.1/self_attn/Add_1,RoPE,rope:/model/layers.1/self_attn/Add_1,rope,ocl::rope::opt_,,performance,gtpin_total_execution_cycles,68676,cycles,1,8,68676
n1_i1,1,1,1,n1_i1::primitive::rope:/model/layers.10/self_attn/Add,n1_i1::op::/model/layers.10/self_attn/Add,primitive,rope:/model/layers.10/self_attn/Add,layers.*/self_attn,/model/layers.10/self_attn/Add,RoPE,rope:/model/layers.10/self_attn/Add,rope,ocl::rope::opt_,,performance,gtpin_total_execution_cycles,873606,cycles,1,64,873606
n1_i1,1,1,1,n1_i1::primitive::rope:/model/layers.10/self_attn/Add_1,n1_i1::op::/model/layers.10/self_attn/Add_1,primitive,rope:/model/layers.10/self_attn/Add_1,layers.*/self_attn,/model/layers.10/self_attn/Add_1,RoPE,rope:/model/layers.10/self_attn/Add_1,rope,ocl::rope::opt_,,performance,gtpin_total_execution_cycles,65090,cycles,1,8,65090
n1_i1,1,1,1,n1_i1::primitive::rope:/model/layers.11/self_attn/Add,n1_i1::op::/model/layers.11/self_attn/Add,primitive,rope:/model/layers.11/self_attn/Add,layers.*/self_attn,/model/layers.11/self_attn/Add,RoPE,rope:/model/layers.11/self_attn/Add,rope,ocl::rope::opt_,,performance,gtpin_total_execution_cycles,936194,cycles,1,64,936194
n1_i1,1,1,1,n1_i1::primitive::rope:/model/layers.11/self_attn/Add_1,n1_i1::op::/model/layers.11/self_attn/Add_1,primitive,rope:/model/layers.11/self_attn/Add_1,layers.*/self_attn,/model/layers.11/self_attn/Add_1,RoPE,rope:/model/layers.11/self_attn/Add_1,rope,ocl::rope::opt_,,performance,gtpin_total_execution_cycles,65216,cycles,1,8,65216
n1_i1,1,1,1,n1_i1::primitive::rope:/model/layers.12/self_attn/Add,n1_i1::op::/model/layers.12/self_attn/Add,primitive,rope:/model/layers.12/self_attn/Add,layers.*/self_attn,/model/layers.12/self_attn/Add,RoPE,rope:/model/layers.12/self_attn/Add,rope,ocl::rope::opt_,,performance,gtpin_total_execution_cycles,857344,cycles,1,64,857344
n1_i1,1,1,1,n1_i1::primitive::rope:/model/layers.12/self_attn/Add_1,n1_i1::op::/model/layers.12/self_attn/Add_1,primitive,rope:/model/layers.12/self_attn/Add_1,layers.*/self_attn,/model/layers.12/self_attn/Add_1,RoPE,rope:/model/layers.12/self_attn/Add_1,rope,ocl::rope::opt_,,performance,gtpin_total_execution_cycles,88378,cycles,1,8,88378
n1_i1,1,1,1,n1_i1::primitive::rope:/model/layers.13/self_attn/Add,n1_i1::op::/model/layers.13/self_attn/Add,primitive,rope:/model/layers.13/self_attn/Add,layers.*/self_attn,/model/layers.13/self_attn/Add,RoPE,rope:/model/layers.13/self_attn/Add,rope,ocl::rope::opt_,,performance,gtpin_total_execution_cycles,906332,cycles,1,64,906332
n1_i1,1,1,1,n1_i1::primitive::rope:/model/layers.13/self_attn/Add_1,n1_i1::op::/model/layers.13/self_attn/Add_1,primitive,rope:/model/layers.13/self_attn/Add_1,layers.*/self_attn,/model/layers.13/self_attn/Add_1,RoPE,rope:/model/layers.13/self_attn/Add_1,rope,ocl::rope::opt_,,performance,gtpin_total_execution_cycles,73474,cycles,1,8,73474
n1_i1,1,1,1,n1_i1::primitive::rope:/model/layers.14/self_attn/Add,n1_i1::op::/model/layers.14/self_attn/Add,primitive,rope:/model/layers.14/self_attn/Add,layers.*/self_attn,/model/layers.14/self_attn/Add,RoPE,rope:/model/layers.14/self_attn/Add,rope,ocl::rope::opt_,,performance,gtpin_total_execution_cycles,881824,cycles,1,64,881824
n1_i1,1,1,1,n1_i1::primitive::rope:/model/layers.14/self_attn/Add_1,n1_i1::op::/model/layers.14/self_attn/Add_1,primitive,rope:/model/layers.14/self_attn/Add_1,layers.*/self_attn,/model/layers.14/self_attn/Add_1,RoPE,rope:/model/layers.14/self_attn/Add_1,rope,ocl::rope::opt_,,performance,gtpin_total_execution_cycles,61058,cycles,1,8,61058
n1_i1,1,1,1,n1_i1::primitive::rope:/model/layers.15/self_attn/Add,n1_i1::op::/model/layers.15/self_attn/Add,primitive,rope:/model/layers.15/self_attn/Add,layers.*/self_attn,/model/layers.15/self_attn/Add,RoPE,rope:/model/layers.15/self_attn/Add,rope,ocl::rope::opt_,,performance,gtpin_total_execution_cycles,943830,cycles,1,64,943830
n1_i1,1,1,1,n1_i1::primitive::rope:/model/layers.15/self_attn/Add_1,n1_i1::op::/model/layers.15/self_attn/Add_1,primitive,rope:/model/layers.15/self_attn/Add_1,layers.*/self_attn,/model/layers.15/self_attn/Add_1,RoPE,rope:/model/layers.15/self_attn/Add_1,rope,ocl::rope::opt_,,performance,gtpin_total_execution_cycles,68084,cycles,1,8,68084
n1_i1,1,1,1,n1_i1::primitive::rope:/model/layers.16/self_attn/Add,n1_i1::op::/model/layers.16/self_attn/Add,primitive,rope:/model/layers.16/self_attn/Add,layers.*/self_attn,/model/layers.16/self_attn/Add,RoPE,rope:/model/layers.16/self_attn/Add,rope,ocl::rope::opt_,,performance,gtpin_total_execution_cycles,853934,cycles,1,64,853934
n1_i1,1,1,1,n1_i1::primitive::rope:/model/layers.16/self_attn/Add_1,n1_i1::op::/model/layers.16/self_attn/Add_1,primitive,rope:/model/layers.16/self_attn/Add_1,layers.*/self_attn,/model/layers.16/self_attn/Add_1,RoPE,rope:/model/layers.16/self_attn/Add_1,rope,ocl::rope::opt_,,performance,gtpin_total_execution_cycles,59682,cycles,1,8,59682
n1_i1,1,1,1,n1_i1::primitive::rope:/model/layers.17/self_attn/Add,n1_i1::op::/model/layers.17/self_attn/Add,primitive,rope:/model/layers.17/self_attn/Add,layers.*/self_attn,/model/layers.17/self_attn/Add,RoPE,rope:/model/layers.17/self_attn/Add,rope,ocl::rope::opt_,,performance,gtpin_total_execution_cycles,875242,cycles,1,64,875242
n1_i1,1,1,1,n1_i1::primitive::rope:/model/layers.17/self_attn/Add_1,n1_i1::op::/model/layers.17/self_attn/Add_1,primitive,rope:/model/layers.17/self_attn/Add_1,layers.*/self_attn,/model/layers.17/self_attn/Add_1,RoPE,rope:/model/layers.17/self_attn/Add_1,rope,ocl::rope::opt_,,performance,gtpin_total_execution_cycles,68746,cycles,1,8,68746
n1_i1,1,1,1,n1_i1::primitive::rope:/model/layers.18/self_attn/Add,n1_i1::op::/model/layers.18/self_attn/Add,primitive,rope:/model/layers.18/self_attn/Add,layers.*/self_attn,/model/layers.18/self_attn/Add,RoPE,rope:/model/layers.18/self_attn/Add,rope,ocl::rope::opt_,,performance,gtpin_total_execution_cycles,909752,cycles,1,64,909752
n1_i1,1,1,1,n1_i1::primitive::rope:/model/layers.18/self_attn/Add_1,n1_i1::op::/model/layers.18/self_attn/Add_1,primitive,rope:/model/layers.18/self_attn/Add_1,layers.*/self_attn,/model/layers.18/self_attn/Add_1,RoPE,rope:/model/layers.18/self_attn/Add_1,rope,ocl::rope::opt_,,performance,gtpin_total_execution_cycles,59472,cycles,1,8,59472
n1_i1,1,1,1,n1_i1::primitive::rope:/model/layers.19/self_attn/Add,n1_i1::op::/model/layers.19/self_attn/Add,primitive,rope:/model/layers.19/self_attn/Add,layers.*/self_attn,/model/layers.19/self_attn/Add,RoPE,rope:/model/layers.19/self_attn/Add,rope,ocl::rope::opt_,,performance,gtpin_total_execution_cycles,897192,cycles,1,64,897192
n1_i1,1,1,1,n1_i1::primitive::rope:/model/layers.19/self_attn/Add_1,n1_i1::op::/model/layers.19/self_attn/Add_1,primitive,rope:/model/layers.19/self_attn/Add_1,layers.*/self_attn,/model/layers.19/self_attn/Add_1,RoPE,rope:/model/layers.19/self_attn/Add_1,rope,ocl::rope::opt_,,performance,gtpin_total_execution_cycles,66562,cycles,1,8,66562
n1_i1,1,1,1,n1_i1::primitive::rope:/model/layers.2/self_attn/Add,n1_i1::op::/model/layers.2/self_attn/Add,primitive,rope:/model/layers.2/self_attn/Add,layers.*/self_attn,/model/layers.2/self_attn/Add,RoPE,rope:/model/layers.2/self_attn/Add,rope,ocl::rope::opt_,,performance,gtpin_total_execution_cycles,876870,cycles,1,64,876870
n1_i1,1,1,1,n1_i1::primitive::rope:/model/layers.2/self_attn/Add_1,n1_i1::op::/model/layers.2/self_attn/Add_1,primitive,rope:/model/layers.2/self_attn/Add_1,layers.*/self_attn,/model/layers.2/self_attn/Add_1,RoPE,rope:/model/layers.2/self_attn/Add_1,rope,ocl::rope::opt_,,performance,gtpin_total_execution_cycles,67842,cycles,1,8,67842
n1_i1,1,1,1,n1_i1::primitive::rope:/model/layers.20/self_attn/Add,n1_i1::op::/model/layers.20/self_attn/Add,primitive,rope:/model/layers.20/self_attn/Add,layers.*/self_attn,/model/layers.20/self_attn/Add,RoPE,rope:/model/layers.20/self_attn/Add,rope,ocl::rope::opt_,,performance,gtpin_total_execution_cycles,1008798,cycles,1,64,1008798
n1_i1,1,1,1,n1_i1::primitive::rope:/model/layers.20/self_attn/Add_1,n1_i1::op::/model/layers.20/self_attn/Add_1,primitive,rope:/model/layers.20/self_attn/Add_1,layers.*/self_attn,/model/layers.20/self_attn/Add_1,RoPE,rope:/model/layers.20/self_attn/Add_1,rope,ocl::rope::opt_,,performance,gtpin_total_execution_cycles,63456,cycles,1,8,63456
n1_i1,1,1,1,n1_i1::primitive::rope:/model/layers.21/self_attn/Add,n1_i1::op::/model/layers.21/self_attn/Add,primitive,rope:/model/layers.21/self_attn/Add,layers.*/self_attn,/model/layers.21/self_attn/Add,RoPE,rope:/model/layers.21/self_attn/Add,rope,ocl::rope::opt_,,performance,gtpin_total_execution_cycles,963460,cycles,1,64,963460
n1_i1,1,1,1,n1_i1::primitive::rope:/model/layers.21/self_attn/Add_1,n1_i1::op::/model/layers.21/self_attn/Add_1,primitive,rope:/model/layers.21/self_attn/Add_1,layers.*/self_attn,/model/layers.21/self_attn/Add_1,RoPE,rope:/model/layers.21/self_attn/Add_1,rope,ocl::rope::opt_,,performance,gtpin_total_execution_cycles,71084,cycles,1,8,71084
n1_i1,1,1,1,n1_i1::primitive::rope:/model/layers.3/self_attn/Add,n1_i1::op::/model/layers.3/self_attn/Add,primitive,rope:/model/layers.3/self_attn/Add,layers.*/self_attn,/model/layers.3/self_attn/Add,RoPE,rope:/model/layers.3/self_attn/Add,rope,ocl::rope::opt_,,performance,gtpin_total_execution_cycles,1025296,cycles,1,64,1025296
n1_i1,1,1,1,n1_i1::primitive::rope:/model/layers.3/self_attn/Add_1,n1_i1::op::/model/layers.3/self_attn/Add_1,primitive,rope:/model/layers.3/self_attn/Add_1,layers.*/self_attn,/model/layers.3/self_attn/Add_1,RoPE,rope:/model/layers.3/self_attn/Add_1,rope,ocl::rope::opt_,,performance,gtpin_total_execution_cycles,64426,cycles,1,8,64426
n1_i1,1,1,1,n1_i1::primitive::rope:/model/layers.4/self_attn/Add,n1_i1::op::/model/layers.4/self_attn/Add,primitive,rope:/model/layers.4/self_attn/Add,layers.*/self_attn,/model/layers.4/self_attn/Add,RoPE,rope:/model/layers.4/self_attn/Add,rope,ocl::rope::opt_,,performance,gtpin_total_execution_cycles,859108,cycles,1,64,859108
n1_i1,1,1,1,n1_i1::primitive::rope:/model/layers.4/self_attn/Add_1,n1_i1::op::/model/layers.4/self_attn/Add_1,primitive,rope:/model/layers.4/self_attn/Add_1,layers.*/self_attn,/model/layers.4/self_attn/Add_1,RoPE,rope:/model/layers.4/self_attn/Add_1,rope,ocl::rope::opt_,,performance,gtpin_total_execution_cycles,63760,cycles,1,8,63760
n1_i1,1,1,1,n1_i1::primitive::rope:/model/layers.5/self_attn/Add,n1_i1::op::/model/layers.5/self_attn/Add,primitive,rope:/model/layers.5/self_attn/Add,layers.*/self_attn,/model/layers.5/self_attn/Add,RoPE,rope:/model/layers.5/self_attn/Add,rope,ocl::rope::opt_,,performance,gtpin_total_execution_cycles,914126,cycles,1,64,914126
n1_i1,1,1,1,n1_i1::primitive::rope:/model/layers.5/self_attn/Add_1,n1_i1::op::/model/layers.5/self_attn/Add_1,primitive,rope:/model/layers.5/self_attn/Add_1,layers.*/self_attn,/model/layers.5/self_attn/Add_1,RoPE,rope:/model/layers.5/self_attn/Add_1,rope,ocl::rope::opt_,,performance,gtpin_total_execution_cycles,66528,cycles,1,8,66528
n1_i1,1,1,1,n1_i1::primitive::rope:/model/layers.6/self_attn/Add,n1_i1::op::/model/layers.6/self_attn/Add,primitive,rope:/model/layers.6/self_attn/Add,layers.*/self_attn,/model/layers.6/self_attn/Add,RoPE,rope:/model/layers.6/self_attn/Add,rope,ocl::rope::opt_,,performance,gtpin_total_execution_cycles,894086,cycles,1,64,894086
n1_i1,1,1,1,n1_i1::primitive::rope:/model/layers.6/self_attn/Add_1,n1_i1::op::/model/layers.6/self_attn/Add_1,primitive,rope:/model/layers.6/self_attn/Add_1,layers.*/self_attn,/model/layers.6/self_attn/Add_1,RoPE,rope:/model/layers.6/self_attn/Add_1,rope,ocl::rope::opt_,,performance,gtpin_total_execution_cycles,75324,cycles,1,8,75324
n1_i1,1,1,1,n1_i1::primitive::rope:/model/layers.7/self_attn/Add,n1_i1::op::/model/layers.7/self_attn/Add,primitive,rope:/model/layers.7/self_attn/Add,layers.*/self_attn,/model/layers.7/self_attn/Add,RoPE,rope:/model/layers.7/self_attn/Add,rope,ocl::rope::opt_,,performance,gtpin_total_execution_cycles,951914,cycles,1,64,951914
n1_i1,1,1,1,n1_i1::primitive::rope:/model/layers.7/self_attn/Add_1,n1_i1::op::/model/layers.7/self_attn/Add_1,primitive,rope:/model/layers.7/self_attn/Add_1,layers.*/self_attn,/model/layers.7/self_attn/Add_1,RoPE,rope:/model/layers.7/self_attn/Add_1,rope,ocl::rope::opt_,,performance,gtpin_total_execution_cycles,66384,cycles,1,8,66384
n1_i1,1,1,1,n1_i1::primitive::rope:/model/layers.8/self_attn/Add,n1_i1::op::/model/layers.8/self_attn/Add,primitive,rope:/model/layers.8/self_attn/Add,layers.*/self_attn,/model/layers.8/self_attn/Add,RoPE,rope:/model/layers.8/self_attn/Add,rope,ocl::rope::opt_,,performance,gtpin_total_execution_cycles,893094,cycles,1,64,893094
n1_i1,1,1,1,n1_i1::primitive::rope:/model/layers.8/self_attn/Add_1,n1_i1::op::/model/layers.8/self_attn/Add_1,primitive,rope:/model/layers.8/self_attn/Add_1,layers.*/self_attn,/model/layers.8/self_attn/Add_1,RoPE,rope:/model/layers.8/self_attn/Add_1,rope,ocl::rope::opt_,,performance,gtpin_total_execution_cycles,65682,cycles,1,8,65682
n1_i1,1,1,1,n1_i1::primitive::rope:/model/layers.9/self_attn/Add,n1_i1::op::/model/layers.9/self_attn/Add,primitive,rope:/model/layers.9/self_attn/Add,layers.*/self_attn,/model/layers.9/self_attn/Add,RoPE,rope:/model/layers.9/self_attn/Add,rope,ocl::rope::opt_,,performance,gtpin_total_execution_cycles,868484,cycles,1,64,868484
n1_i1,1,1,1,n1_i1::primitive::rope:/model/layers.9/self_attn/Add_1,n1_i1::op::/model/layers.9/self_attn/Add_1,primitive,rope:/model/layers.9/self_attn/Add_1,layers.*/self_attn,/model/layers.9/self_attn/Add_1,RoPE,rope:/model/layers.9/self_attn/Add_1,rope,ocl::rope::opt_,,performance,gtpin_total_execution_cycles,70330,cycles,1,8,70330
n1_i1,1,1,1,n1_i1::primitive::select:/model/layers.0/self_attn/Where_2,n1_i1::op::/model/layers.0/self_attn/Where_2,primitive,select:/model/layers.0/self_attn/Where_2,layers.*/self_attn,/model/layers.0/self_attn/Where_2,Select,select:/model/layers.0/self_attn/Where_2,select,select_gpu_ref,,performance,gtpin_total_execution_cycles,31624,cycles,1,8,31624
n1_i1,1,1,1,n1_i1::primitive::select:/model/layers.0/self_attn/Where_3,n1_i1::op::/model/layers.0/self_attn/Where_3,primitive,select:/model/layers.0/self_attn/Where_3,layers.*/self_attn,/model/layers.0/self_attn/Where_3,Select,select:/model/layers.0/self_attn/Where_3,select,select_gpu_ref,,performance,gtpin_total_execution_cycles,1432806,cycles,1,256,1432806
n1_i1,1,1,1,n1_i1::primitive::select:/model/layers.1/self_attn/Where_2,n1_i1::op::/model/layers.1/self_attn/Where_2,primitive,select:/model/layers.1/self_attn/Where_2,layers.*/self_attn,/model/layers.1/self_attn/Where_2,Select,select:/model/layers.1/self_attn/Where_2,select,select_gpu_ref,,performance,gtpin_total_execution_cycles,40120,cycles,1,8,40120
n1_i1,1,1,1,n1_i1::primitive::select:/model/layers.1/self_attn/Where_3,n1_i1::op::/model/layers.1/self_attn/Where_3,primitive,select:/model/layers.1/self_attn/Where_3,layers.*/self_attn,/model/layers.1/self_attn/Where_3,Select,select:/model/layers.1/self_attn/Where_3,select,select_gpu_ref,,performance,gtpin_total_execution_cycles,1541340,cycles,1,256,1541340
n1_i1,1,1,1,n1_i1::primitive::select:/model/layers.10/self_attn/Where_2,n1_i1::op::/model/layers.10/self_attn/Where_2,primitive,select:/model/layers.10/self_attn/Where_2,layers.*/self_attn,/model/layers.10/self_attn/Where_2,Select,select:/model/layers.10/self_attn/Where_2,select,select_gpu_ref,,performance,gtpin_total_execution_cycles,39904,cycles,1,8,39904
n1_i1,1,1,1,n1_i1::primitive::select:/model/layers.10/self_attn/Where_3,n1_i1::op::/model/layers.10/self_attn/Where_3,primitive,select:/model/layers.10/self_attn/Where_3,layers.*/self_attn,/model/layers.10/self_attn/Where_3,Select,select:/model/layers.10/self_attn/Where_3,select,select_gpu_ref,,performance,gtpin_total_execution_cycles,1444310,cycles,1,256,1444310
n1_i1,1,1,1,n1_i1::primitive::select:/model/layers.11/self_attn/Where_2,n1_i1::op::/model/layers.11/self_attn/Where_2,primitive,select:/model/layers.11/self_attn/Where_2,layers.*/self_attn,/model/layers.11/self_attn/Where_2,Select,select:/model/layers.11/self_attn/Where_2,select,select_gpu_ref,,performance,gtpin_total_execution_cycles,52890,cycles,1,8,52890
n1_i1,1,1,1,n1_i1::primitive::select:/model/layers.11/self_attn/Where_3,n1_i1::op::/model/layers.11/self_attn/Where_3,primitive,select:/model/layers.11/self_attn/Where_3,layers.*/self_attn,/model/layers.11/self_attn/Where_3,Select,select:/model/layers.11/self_attn/Where_3,select,select_gpu_ref,,performance,gtpin_total_execution_cycles,1517040,cycles,1,256,1517040
n1_i1,1,1,1,n1_i1::primitive::select:/model/layers.12/self_attn/Where_2,n1_i1::op::/model/layers.12/self_attn/Where_2,primitive,select:/model/layers.12/self_attn/Where_2,layers.*/self_attn,/model/layers.12/self_attn/Where_2,Select,select:/model/layers.12/self_attn/Where_2,select,select_gpu_ref,,performance,gtpin_total_execution_cycles,40104,cycles,1,8,40104
n1_i1,1,1,1,n1_i1::primitive::select:/model/layers.12/self_attn/Where_3,n1_i1::op::/model/layers.12/self_attn/Where_3,primitive,select:/model/layers.12/self_attn/Where_3,layers.*/self_attn,/model/layers.12/self_attn/Where_3,Select,select:/model/layers.12/self_attn/Where_3,select,select_gpu_ref,,performance,gtpin_total_execution_cycles,1488736,cycles,1,256,1488736
n1_i1,1,1,1,n1_i1::primitive::select:/model/layers.13/self_attn/Where_2,n1_i1::op::/model/layers.13/self_attn/Where_2,primitive,select:/model/layers.13/self_attn/Where_2,layers.*/self_attn,/model/layers.13/self_attn/Where_2,Select,select:/model/layers.13/self_attn/Where_2,select,select_gpu_ref,,performance,gtpin_total_execution_cycles,40616,cycles,1,8,40616
n1_i1,1,1,1,n1_i1::primitive::select:/model/layers.13/self_attn/Where_3,n1_i1::op::/model/layers.13/self_attn/Where_3,primitive,select:/model/layers.13/self_attn/Where_3,layers.*/self_attn,/model/layers.13/self_attn/Where_3,Select,select:/model/layers.13/self_attn/Where_3,select,select_gpu_ref,,performance,gtpin_total_execution_cycles,1493480,cycles,1,256,1493480
n1_i1,1,1,1,n1_i1::primitive::select:/model/layers.14/self_attn/Where_2,n1_i1::op::/model/layers.14/self_attn/Where_2,primitive,select:/model/layers.14/self_attn/Where_2,layers.*/self_attn,/model/layers.14/self_attn/Where_2,Select,select:/model/layers.14/self_attn/Where_2,select,select_gpu_ref,,performance,gtpin_total_execution_cycles,37160,cycles,1,8,37160
n1_i1,1,1,1,n1_i1::primitive::select:/model/layers.14/self_attn/Where_3,n1_i1::op::/model/layers.14/self_attn/Where_3,primitive,select:/model/layers.14/self_attn/Where_3,layers.*/self_attn,/model/layers.14/self_attn/Where_3,Select,select:/model/layers.14/self_attn/Where_3,select,select_gpu_ref,,performance,gtpin_total_execution_cycles,1577266,cycles,1,256,1577266
n1_i1,1,1,1,n1_i1::primitive::select:/model/layers.15/self_attn/Where_2,n1_i1::op::/model/layers.15/self_attn/Where_2,primitive,select:/model/layers.15/self_attn/Where_2,layers.*/self_attn,/model/layers.15/self_attn/Where_2,Select,select:/model/layers.15/self_attn/Where_2,select,select_gpu_ref,,performance,gtpin_total_execution_cycles,34930,cycles,1,8,34930
n1_i1,1,1,1,n1_i1::primitive::select:/model/layers.15/self_attn/Where_3,n1_i1::op::/model/layers.15/self_attn/Where_3,primitive,select:/model/layers.15/self_attn/Where_3,layers.*/self_attn,/model/layers.15/self_attn/Where_3,Select,select:/model/layers.15/self_attn/Where_3,select,select_gpu_ref,,performance,gtpin_total_execution_cycles,1402914,cycles,1,256,1402914
n1_i1,1,1,1,n1_i1::primitive::select:/model/layers.16/self_attn/Where_2,n1_i1::op::/model/layers.16/self_attn/Where_2,primitive,select:/model/layers.16/self_attn/Where_2,layers.*/self_attn,/model/layers.16/self_attn/Where_2,Select,select:/model/layers.16/self_attn/Where_2,select,select_gpu_ref,,performance,gtpin_total_execution_cycles,38416,cycles,1,8,38416
n1_i1,1,1,1,n1_i1::primitive::select:/model/layers.16/self_attn/Where_3,n1_i1::op::/model/layers.16/self_attn/Where_3,primitive,select:/model/layers.16/self_attn/Where_3,layers.*/self_attn,/model/layers.16/self_attn/Where_3,Select,select:/model/layers.16/self_attn/Where_3,select,select_gpu_ref,,performance,gtpin_total_execution_cycles,1597414,cycles,1,256,1597414
n1_i1,1,1,1,n1_i1::primitive::select:/model/layers.17/self_attn/Where_2,n1_i1::op::/model/layers.17/self_attn/Where_2,primitive,select:/model/layers.17/self_attn/Where_2,layers.*/self_attn,/model/layers.17/self_attn/Where_2,Select,select:/model/layers.17/self_attn/Where_2,select,select_gpu_ref,,performance,gtpin_total_execution_cycles,38412,cycles,1,8,38412
n1_i1,1,1,1,n1_i1::primitive::select:/model/layers.17/self_attn/Where_3,n1_i1::op::/model/layers.17/self_attn/Where_3,primitive,select:/model/layers.17/self_attn/Where_3,layers.*/self_attn,/model/layers.17/self_attn/Where_3,Select,select:/model/layers.17/self_attn/Where_3,select,select_gpu_ref,,performance,gtpin_total_execution_cycles,1446726,cycles,1,256,1446726
n1_i1,1,1,1,n1_i1::primitive::select:/model/layers.18/self_attn/Where_2,n1_i1::op::/model/layers.18/self_attn/Where_2,primitive,select:/model/layers.18/self_attn/Where_2,layers.*/self_attn,/model/layers.18/self_attn/Where_2,Select,select:/model/layers.18/self_attn/Where_2,select,select_gpu_ref,,performance,gtpin_total_execution_cycles,37944,cycles,1,8,37944
n1_i1,1,1,1,n1_i1::primitive::select:/model/layers.18/self_attn/Where_3,n1_i1::op::/model/layers.18/self_attn/Where_3,primitive,select:/model/layers.18/self_attn/Where_3,layers.*/self_attn,/model/layers.18/self_attn/Where_3,Select,select:/model/layers.18/self_attn/Where_3,select,select_gpu_ref,,performance,gtpin_total_execution_cycles,1456014,cycles,1,256,1456014
n1_i1,1,1,1,n1_i1::primitive::select:/model/layers.19/self_attn/Where_2,n1_i1::op::/model/layers.19/self_attn/Where_2,primitive,select:/model/layers.19/self_attn/Where_2,layers.*/self_attn,/model/layers.19/self_attn/Where_2,Select,select:/model/layers.19/self_attn/Where_2,select,select_gpu_ref,,performance,gtpin_total_execution_cycles,50374,cycles,1,8,50374
n1_i1,1,1,1,n1_i1::primitive::select:/model/layers.19/self_attn/Where_3,n1_i1::op::/model/layers.19/self_attn/Where_3,primitive,select:/model/layers.19/self_attn/Where_3,layers.*/self_attn,/model/layers.19/self_attn/Where_3,Select,select:/model/layers.19/self_attn/Where_3,select,select_gpu_ref,,performance,gtpin_total_execution_cycles,1352520,cycles,1,256,1352520
n1_i1,1,1,1,n1_i1::primitive::select:/model/layers.2/self_attn/Where_2,n1_i1::op::/model/layers.2/self_attn/Where_2,primitive,select:/model/layers.2/self_attn/Where_2,layers.*/self_attn,/model/layers.2/self_attn/Where_2,Select,select:/model/layers.2/self_attn/Where_2,select,select_gpu_ref,,performance,gtpin_total_execution_cycles,38632,cycles,1,8,38632
n1_i1,1,1,1,n1_i1::primitive::select:/model/layers.2/self_attn/Where_3,n1_i1::op::/model/layers.2/self_attn/Where_3,primitive,select:/model/layers.2/self_attn/Where_3,layers.*/self_attn,/model/layers.2/self_attn/Where_3,Select,select:/model/layers.2/self_attn/Where_3,select,select_gpu_ref,,performance,gtpin_total_execution_cycles,1610508,cycles,1,256,1610508
n1_i1,1,1,1,n1_i1::primitive::select:/model/layers.20/self_attn/Where_2,n1_i1::op::/model/layers.20/self_attn/Where_2,primitive,select:/model/layers.20/self_attn/Where_2,layers.*/self_attn,/model/layers.20/self_attn/Where_2,Select,select:/model/layers.20/self_attn/Where_2,select,select_gpu_ref,,performance,gtpin_total_execution_cycles,44442,cycles,1,8,44442
n1_i1,1,1,1,n1_i1::primitive::select:/model/layers.20/self_attn/Where_3,n1_i1::op::/model/layers.20/self_attn/Where_3,primitive,select:/model/layers.20/self_attn/Where_3,layers.*/self_attn,/model/layers.20/self_attn/Where_3,Select,select:/model/layers.20/self_attn/Where_3,select,select_gpu_ref,,performance,gtpin_total_execution_cycles,1631926,cycles,1,256,1631926
n1_i1,1,1,1,n1_i1::primitive::select:/model/layers.21/self_attn/Where_2,n1_i1::op::/model/layers.21/self_attn/Where_2,primitive,select:/model/layers.21/self_attn/Where_2,layers.*/self_attn,/model/layers.21/self_attn/Where_2,Select,select:/model/layers.21/self_attn/Where_2,select,select_gpu_ref,,performance,gtpin_total_execution_cycles,43206,cycles,1,8,43206
n1_i1,1,1,1,n1_i1::primitive::select:/model/layers.21/self_attn/Where_3,n1_i1::op::/model/layers.21/self_attn/Where_3,primitive,select:/model/layers.21/self_attn/Where_3,layers.*/self_attn,/model/layers.21/self_attn/Where_3,Select,select:/model/layers.21/self_attn/Where_3,select,select_gpu_ref,,performance,gtpin_total_execution_cycles,1499702,cycles,1,256,1499702
n1_i1,1,1,1,n1_i1::primitive::select:/model/layers.3/self_attn/Where_2,n1_i1::op::/model/layers.3/self_attn/Where_2,primitive,select:/model/layers.3/self_attn/Where_2,layers.*/self_attn,/model/layers.3/self_attn/Where_2,Select,select:/model/layers.3/self_attn/Where_2,select,select_gpu_ref,,performance,gtpin_total_execution_cycles,43948,cycles,1,8,43948
n1_i1,1,1,1,n1_i1::primitive::select:/model/layers.3/self_attn/Where_3,n1_i1::op::/model/layers.3/self_attn/Where_3,primitive,select:/model/layers.3/self_attn/Where_3,layers.*/self_attn,/model/layers.3/self_attn/Where_3,Select,select:/model/layers.3/self_attn/Where_3,select,select_gpu_ref,,performance,gtpin_total_execution_cycles,1471810,cycles,1,256,1471810
n1_i1,1,1,1,n1_i1::primitive::select:/model/layers.4/self_attn/Where_2,n1_i1::op::/model/layers.4/self_attn/Where_2,primitive,select:/model/layers.4/self_attn/Where_2,layers.*/self_attn,/model/layers.4/self_attn/Where_2,Select,select:/model/layers.4/self_attn/Where_2,select,select_gpu_ref,,performance,gtpin_total_execution_cycles,39310,cycles,1,8,39310
n1_i1,1,1,1,n1_i1::primitive::select:/model/layers.4/self_attn/Where_3,n1_i1::op::/model/layers.4/self_attn/Where_3,primitive,select:/model/layers.4/self_attn/Where_3,layers.*/self_attn,/model/layers.4/self_attn/Where_3,Select,select:/model/layers.4/self_attn/Where_3,select,select_gpu_ref,,performance,gtpin_total_execution_cycles,1709268,cycles,1,256,1709268
n1_i1,1,1,1,n1_i1::primitive::select:/model/layers.5/self_attn/Where_2,n1_i1::op::/model/layers.5/self_attn/Where_2,primitive,select:/model/layers.5/self_attn/Where_2,layers.*/self_attn,/model/layers.5/self_attn/Where_2,Select,select:/model/layers.5/self_attn/Where_2,select,select_gpu_ref,,performance,gtpin_total_execution_cycles,37366,cycles,1,8,37366
n1_i1,1,1,1,n1_i1::primitive::select:/model/layers.5/self_attn/Where_3,n1_i1::op::/model/layers.5/self_attn/Where_3,primitive,select:/model/layers.5/self_attn/Where_3,layers.*/self_attn,/model/layers.5/self_attn/Where_3,Select,select:/model/layers.5/self_attn/Where_3,select,select_gpu_ref,,performance,gtpin_total_execution_cycles,1456616,cycles,1,256,1456616
n1_i1,1,1,1,n1_i1::primitive::select:/model/layers.6/self_attn/Where_2,n1_i1::op::/model/layers.6/self_attn/Where_2,primitive,select:/model/layers.6/self_attn/Where_2,layers.*/self_attn,/model/layers.6/self_attn/Where_2,Select,select:/model/layers.6/self_attn/Where_2,select,select_gpu_ref,,performance,gtpin_total_execution_cycles,36392,cycles,1,8,36392
n1_i1,1,1,1,n1_i1::primitive::select:/model/layers.6/self_attn/Where_3,n1_i1::op::/model/layers.6/self_attn/Where_3,primitive,select:/model/layers.6/self_attn/Where_3,layers.*/self_attn,/model/layers.6/self_attn/Where_3,Select,select:/model/layers.6/self_attn/Where_3,select,select_gpu_ref,,performance,gtpin_total_execution_cycles,1426830,cycles,1,256,1426830
n1_i1,1,1,1,n1_i1::primitive::select:/model/layers.7/self_attn/Where_2,n1_i1::op::/model/layers.7/self_attn/Where_2,primitive,select:/model/layers.7/self_attn/Where_2,layers.*/self_attn,/model/layers.7/self_attn/Where_2,Select,select:/model/layers.7/self_attn/Where_2,select,select_gpu_ref,,performance,gtpin_total_execution_cycles,38296,cycles,1,8,38296
n1_i1,1,1,1,n1_i1::primitive::select:/model/layers.7/self_attn/Where_3,n1_i1::op::/model/layers.7/self_attn/Where_3,primitive,select:/model/layers.7/self_attn/Where_3,layers.*/self_attn,/model/layers.7/self_attn/Where_3,Select,select:/model/layers.7/self_attn/Where_3,select,select_gpu_ref,,performance,gtpin_total_execution_cycles,1447556,cycles,1,256,1447556
n1_i1,1,1,1,n1_i1::primitive::select:/model/layers.8/self_attn/Where_2,n1_i1::op::/model/layers.8/self_attn/Where_2,primitive,select:/model/layers.8/self_attn/Where_2,layers.*/self_attn,/model/layers.8/self_attn/Where_2,Select,select:/model/layers.8/self_attn/Where_2,select,select_gpu_ref,,performance,gtpin_total_execution_cycles,39828,cycles,1,8,39828
n1_i1,1,1,1,n1_i1::primitive::select:/model/layers.8/self_attn/Where_3,n1_i1::op::/model/layers.8/self_attn/Where_3,primitive,select:/model/layers.8/self_attn/Where_3,layers.*/self_attn,/model/layers.8/self_attn/Where_3,Select,select:/model/layers.8/self_attn/Where_3,select,select_gpu_ref,,performance,gtpin_total_execution_cycles,1573288,cycles,1,256,1573288
n1_i1,1,1,1,n1_i1::primitive::select:/model/layers.9/self_attn/Where_2,n1_i1::op::/model/layers.9/self_attn/Where_2,primitive,select:/model/layers.9/self_attn/Where_2,layers.*/self_attn,/model/layers.9/self_attn/Where_2,Select,select:/model/layers.9/self_attn/Where_2,select,select_gpu_ref,,performance,gtpin_total_execution_cycles,42020,cycles,1,8,42020
n1_i1,1,1,1,n1_i1::primitive::select:/model/layers.9/self_attn/Where_3,n1_i1::op::/model/layers.9/self_attn/Where_3,primitive,select:/model/layers.9/self_attn/Where_3,layers.*/self_attn,/model/layers.9/self_attn/Where_3,Select,select:/model/layers.9/self_attn/Where_3,select,select_gpu_ref,,performance,gtpin_total_execution_cycles,1459226,cycles,1,256,1459226
n1_i1,1,1,1,n1_i1::primitive::sin:/model/rotary_emb/Sin,n1_i1::op::/model/rotary_emb/Sin,primitive,sin:/model/rotary_emb/Sin,rotary_emb,/model/rotary_emb/Sin,Sin,sin:/model/rotary_emb/Sin,activation,activation_ref,,performance,gtpin_total_execution_cycles,184766,cycles,1,32,184766
n1_i1,1,1,1,n1_i1::primitive::softmax:/model/layers.0/self_attn/Softmax,n1_i1::op::/model/layers.0/self_attn/Softmax,primitive,softmax:/model/layers.0/self_attn/Softmax,layers.*/self_attn,/model/layers.0/self_attn/Softmax,Softmax,softmax:/model/layers.0/self_attn/Softmax,softmax,softmax_gpu_bf,,performance,gtpin_total_execution_cycles,8265149,cycles,1,512,8265149
n1_i1,1,1,1,n1_i1::primitive::softmax:/model/layers.1/self_attn/Softmax,n1_i1::op::/model/layers.1/self_attn/Softmax,primitive,softmax:/model/layers.1/self_attn/Softmax,layers.*/self_attn,/model/layers.1/self_attn/Softmax,Softmax,softmax:/model/layers.1/self_attn/Softmax,softmax,softmax_gpu_bf,,performance,gtpin_total_execution_cycles,9088559,cycles,1,512,9088559
n1_i1,1,1,1,n1_i1::primitive::softmax:/model/layers.10/self_attn/Softmax,n1_i1::op::/model/layers.10/self_attn/Softmax,primitive,softmax:/model/layers.10/self_attn/Softmax,layers.*/self_attn,/model/layers.10/self_attn/Softmax,Softmax,softmax:/model/layers.10/self_attn/Softmax,softmax,softmax_gpu_bf,,performance,gtpin_total_execution_cycles,8255354,cycles,1,512,8255354
n1_i1,1,1,1,n1_i1::primitive::softmax:/model/layers.11/self_attn/Softmax,n1_i1::op::/model/layers.11/self_attn/Softmax,primitive,softmax:/model/layers.11/self_attn/Softmax,layers.*/self_attn,/model/layers.11/self_attn/Softmax,Softmax,softmax:/model/layers.11/self_attn/Softmax,softmax,softmax_gpu_bf,,performance,gtpin_total_execution_cycles,8522595,cycles,1,512,8522595
n1_i1,1,1,1,n1_i1::primitive::softmax:/model/layers.12/self_attn/Softmax,n1_i1::op::/model/layers.12/self_attn/Softmax,primitive,softmax:/model/layers.12/self_attn/Softmax,layers.*/self_attn,/model/layers.12/self_attn/Softmax,Softmax,softmax:/model/layers.12/self_attn/Softmax,softmax,softmax_gpu_bf,,performance,gtpin_total_execution_cycles,8207594,cycles,1,512,8207594
n1_i1,1,1,1,n1_i1::primitive::softmax:/model/layers.13/self_attn/Softmax,n1_i1::op::/model/layers.13/self_attn/Softmax,primitive,softmax:/model/layers.13/self_attn/Softmax,layers.*/self_attn,/model/layers.13/self_attn/Softmax,Softmax,softmax:/model/layers.13/self_attn/Softmax,softmax,softmax_gpu_bf,,performance,gtpin_total_execution_cycles,8335900,cycles,1,512,8335900
n1_i1,1,1,1,n1_i1::primitive::softmax:/model/layers.14/self_attn/Softmax,n1_i1::op::/model/layers.14/self_attn/Softmax,primitive,softmax:/model/layers.14/self_attn/Softmax,layers.*/self_attn,/model/layers.14/self_attn/Softmax,Softmax,softmax:/model/layers.14/self_attn/Softmax,softmax,softmax_gpu_bf,,performance,gtpin_total_execution_cycles,8056716,cycles,1,512,8056716
n1_i1,1,1,1,n1_i1::primitive::softmax:/model/layers.15/self_attn/Softmax,n1_i1::op::/model/layers.15/self_attn/Softmax,primitive,softmax:/model/layers.15/self_attn/Softmax,layers.*/self_attn,/model/layers.15/self_attn/Softmax,Softmax,softmax:/model/layers.15/self_attn/Softmax,softmax,softmax_gpu_bf,,performance,gtpin_total_execution_cycles,8085649,cycles,1,512,8085649
n1_i1,1,1,1,n1_i1::primitive::softmax:/model/layers.16/self_attn/Softmax,n1_i1::op::/model/layers.16/self_attn/Softmax,primitive,softmax:/model/layers.16/self_attn/Softmax,layers.*/self_attn,/model/layers.16/self_attn/Softmax,Softmax,softmax:/model/layers.16/self_attn/Softmax,softmax,softmax_gpu_bf,,performance,gtpin_total_execution_cycles,8032033,cycles,1,512,8032033
n1_i1,1,1,1,n1_i1::primitive::softmax:/model/layers.17/self_attn/Softmax,n1_i1::op::/model/layers.17/self_attn/Softmax,primitive,softmax:/model/layers.17/self_attn/Softmax,layers.*/self_attn,/model/layers.17/self_attn/Softmax,Softmax,softmax:/model/layers.17/self_attn/Softmax,softmax,softmax_gpu_bf,,performance,gtpin_total_execution_cycles,8527861,cycles,1,512,8527861
n1_i1,1,1,1,n1_i1::primitive::softmax:/model/layers.18/self_attn/Softmax,n1_i1::op::/model/layers.18/self_attn/Softmax,primitive,softmax:/model/layers.18/self_attn/Softmax,layers.*/self_attn,/model/layers.18/self_attn/Softmax,Softmax,softmax:/model/layers.18/self_attn/Softmax,softmax,softmax_gpu_bf,,performance,gtpin_total_execution_cycles,8108265,cycles,1,512,8108265
n1_i1,1,1,1,n1_i1::primitive::softmax:/model/layers.19/self_attn/Softmax,n1_i1::op::/model/layers.19/self_attn/Softmax,primitive,softmax:/model/layers.19/self_attn/Softmax,layers.*/self_attn,/model/layers.19/self_attn/Softmax,Softmax,softmax:/model/layers.19/self_attn/Softmax,softmax,softmax_gpu_bf,,performance,gtpin_total_execution_cycles,8075843,cycles,1,512,8075843
n1_i1,1,1,1,n1_i1::primitive::softmax:/model/layers.2/self_attn/Softmax,n1_i1::op::/model/layers.2/self_attn/Softmax,primitive,softmax:/model/layers.2/self_attn/Softmax,layers.*/self_attn,/model/layers.2/self_attn/Softmax,Softmax,softmax:/model/layers.2/self_attn/Softmax,softmax,softmax_gpu_bf,,performance,gtpin_total_execution_cycles,8434183,cycles,1,512,8434183
n1_i1,1,1,1,n1_i1::primitive::softmax:/model/layers.20/self_attn/Softmax,n1_i1::op::/model/layers.20/self_attn/Softmax,primitive,softmax:/model/layers.20/self_attn/Softmax,layers.*/self_attn,/model/layers.20/self_attn/Softmax,Softmax,softmax:/model/layers.20/self_attn/Softmax,softmax,softmax_gpu_bf,,performance,gtpin_total_execution_cycles,7836691,cycles,1,512,7836691
n1_i1,1,1,1,n1_i1::primitive::softmax:/model/layers.21/self_attn/Softmax,n1_i1::op::/model/layers.21/self_attn/Softmax,primitive,softmax:/model/layers.21/self_attn/Softmax,layers.*/self_attn,/model/layers.21/self_attn/Softmax,Softmax,softmax:/model/layers.21/self_attn/Softmax,softmax,softmax_gpu_bf,,performance,gtpin_total_execution_cycles,8249207,cycles,1,512,8249207
n1_i1,1,1,1,n1_i1::primitive::softmax:/model/layers.3/self_attn/Softmax,n1_i1::op::/model/layers.3/self_attn/Softmax,primitive,softmax:/model/layers.3/self_attn/Softmax,layers.*/self_attn,/model/layers.3/self_attn/Softmax,Softmax,softmax:/model/layers.3/self_attn/Softmax,softmax,softmax_gpu_bf,,performance,gtpin_total_execution_cycles,8193134,cycles,1,512,8193134
n1_i1,1,1,1,n1_i1::primitive::softmax:/model/layers.4/self_attn/Softmax,n1_i1::op::/model/layers.4/self_attn/Softmax,primitive,softmax:/model/layers.4/self_attn/Softmax,layers.*/self_attn,/model/layers.4/self_attn/Softmax,Softmax,softmax:/model/layers.4/self_attn/Softmax,softmax,softmax_gpu_bf,,performance,gtpin_total_execution_cycles,8832033,cycles,1,512,8832033
n1_i1,1,1,1,n1_i1::primitive::softmax:/model/layers.5/self_attn/Softmax,n1_i1::op::/model/layers.5/self_attn/Softmax,primitive,softmax:/model/layers.5/self_attn/Softmax,layers.*/self_attn,/model/layers.5/self_attn/Softmax,Softmax,softmax:/model/layers.5/self_attn/Softmax,softmax,softmax_gpu_bf,,performance,gtpin_total_execution_cycles,7957257,cycles,1,512,7957257
n1_i1,1,1,1,n1_i1::primitive::softmax:/model/layers.6/self_attn/Softmax,n1_i1::op::/model/layers.6/self_attn/Softmax,primitive,softmax:/model/layers.6/self_attn/Softmax,layers.*/self_attn,/model/layers.6/self_attn/Softmax,Softmax,softmax:/model/layers.6/self_attn/Softmax,softmax,softmax_gpu_bf,,performance,gtpin_total_execution_cycles,7994520,cycles,1,512,7994520
n1_i1,1,1,1,n1_i1::primitive::softmax:/model/layers.7/self_attn/Softmax,n1_i1::op::/model/layers.7/self_attn/Softmax,primitive,softmax:/model/layers.7/self_attn/Softmax,layers.*/self_attn,/model/layers.7/self_attn/Softmax,Softmax,softmax:/model/layers.7/self_attn/Softmax,softmax,softmax_gpu_bf,,performance,gtpin_total_execution_cycles,7979010,cycles,1,512,7979010
n1_i1,1,1,1,n1_i1::primitive::softmax:/model/layers.8/self_attn/Softmax,n1_i1::op::/model/layers.8/self_attn/Softmax,primitive,softmax:/model/layers.8/self_attn/Softmax,layers.*/self_attn,/model/layers.8/self_attn/Softmax,Softmax,softmax:/model/layers.8/self_attn/Softmax,softmax,softmax_gpu_bf,,performance,gtpin_total_execution_cycles,8700025,cycles,1,512,8700025
n1_i1,1,1,1,n1_i1::primitive::softmax:/model/layers.9/self_attn/Softmax,n1_i1::op::/model/layers.9/self_attn/Softmax,primitive,softmax:/model/layers.9/self_attn/Softmax,layers.*/self_attn,/model/layers.9/self_attn/Softmax,Softmax,softmax:/model/layers.9/self_attn/Softmax,softmax,softmax_gpu_bf,,performance,gtpin_total_execution_cycles,8109475,cycles,1,512,8109475
n1_i1,1,1,1,n1_i1::primitive::transpose:/model/layers.0/self_attn/Transpose_2,n1_i1::op::/model/layers.0/self_attn/Transpose_2,primitive,transpose:/model/layers.0/self_attn/Transpose_2,layers.*/self_attn,/model/layers.0/self_attn/Transpose_2,Transpose,transpose:/model/layers.0/self_attn/Transpose_2,permute,permute_ref,,performance,gtpin_total_execution_cycles,552478,cycles,1,128,552478
n1_i1,1,1,1,n1_i1::primitive::transpose:/model/layers.0/self_attn/Transpose_3,n1_i1::op::/model/layers.0/self_attn/Transpose_3,primitive,transpose:/model/layers.0/self_attn/Transpose_3,layers.*/self_attn,/model/layers.0/self_attn/Transpose_3,Transpose,transpose:/model/layers.0/self_attn/Transpose_3,permute,permute_ref,,performance,gtpin_total_execution_cycles,4849880,cycles,1,1024,4849880
n1_i1,1,1,1,n1_i1::primitive::transpose:/model/layers.1/self_attn/Transpose_2,n1_i1::op::/model/layers.1/self_attn/Transpose_2,primitive,transpose:/model/layers.1/self_attn/Transpose_2,layers.*/self_attn,/model/layers.1/self_attn/Transpose_2,Transpose,transpose:/model/layers.1/self_attn/Transpose_2,permute,permute_ref,,performance,gtpin_total_execution_cycles,539824,cycles,1,128,539824
n1_i1,1,1,1,n1_i1::primitive::transpose:/model/layers.1/self_attn/Transpose_3,n1_i1::op::/model/layers.1/self_attn/Transpose_3,primitive,transpose:/model/layers.1/self_attn/Transpose_3,layers.*/self_attn,/model/layers.1/self_attn/Transpose_3,Transpose,transpose:/model/layers.1/self_attn/Transpose_3,permute,permute_ref,,performance,gtpin_total_execution_cycles,6148416,cycles,1,1024,6148416
n1_i1,1,1,1,n1_i1::primitive::transpose:/model/layers.10/self_attn/Transpose_2,n1_i1::op::/model/layers.10/self_attn/Transpose_2,primitive,transpose:/model/layers.10/self_attn/Transpose_2,layers.*/self_attn,/model/layers.10/self_attn/Transpose_2,Transpose,transpose:/model/layers.10/self_attn/Transpose_2,permute,permute_ref,,performance,gtpin_total_execution_cycles,491520,cycles,1,128,491520
n1_i1,1,1,1,n1_i1::primitive::transpose:/model/layers.10/self_attn/Transpose_3,n1_i1::op::/model/layers.10/self_attn/Transpose_3,primitive,transpose:/model/layers.10/self_attn/Transpose_3,layers.*/self_attn,/model/layers.10/self_attn/Transpose_3,Transpose,transpose:/model/layers.10/self_attn/Transpose_3,permute,permute_ref,,performance,gtpin_total_execution_cycles,5546876,cycles,1,1024,5546876
n1_i1,1,1,1,n1_i1::primitive::transpose:/model/layers.11/self_attn/Transpose_2,n1_i1::op::/model/layers.11/self_attn/Transpose_2,primitive,transpose:/model/layers.11/self_attn/Transpose_2,layers.*/self_attn,/model/layers.11/self_attn/Transpose_2,Transpose,transpose:/model/layers.11/self_attn/Transpose_2,permute,permute_ref,,performance,gtpin_total_execution_cycles,532482,cycles,1,128,532482
n1_i1,1,1,1,n1_i1::primitive::transpose:/model/layers.11/self_attn/Transpose_3,n1_i1::op::/model/layers.11/self_attn/Transpose_3,primitive,transpose:/model/layers.11/self_attn/Transpose_3,layers.*/self_attn,/model/layers.11/self_attn/Transpose_3,Transpose,transpose:/model/layers.11/self_attn/Transpose_3,permute,permute_ref,,performance,gtpin_total_execution_cycles,5467486,cycles,1,1024,5467486
n1_i1,1,1,1,n1_i1::primitive::transpose:/model/layers.12/self_attn/Transpose_2,n1_i1::op::/model/layers.12/self_attn/Transpose_2,primitive,transpose:/model/layers.12/self_attn/Transpose_2,layers.*/self_attn,/model/layers.12/self_attn/Transpose_2,Transpose,transpose:/model/layers.12/self_attn/Transpose_2,permute,permute_ref,,performance,gtpin_total_execution_cycles,548770,cycles,1,128,548770
n1_i1,1,1,1,n1_i1::primitive::transpose:/model/layers.12/self_attn/Transpose_3,n1_i1::op::/model/layers.12/self_attn/Transpose_3,primitive,transpose:/model/layers.12/self_attn/Transpose_3,layers.*/self_attn,/model/layers.12/self_attn/Transpose_3,Transpose,transpose:/model/layers.12/self_attn/Transpose_3,permute,permute_ref,,performance,gtpin_total_execution_cycles,5388718,cycles,1,1024,5388718
n1_i1,1,1,1,n1_i1::primitive::transpose:/model/layers.13/self_attn/Transpose_2,n1_i1::op::/model/layers.13/self_attn/Transpose_2,primitive,transpose:/model/layers.13/self_attn/Transpose_2,layers.*/self_attn,/model/layers.13/self_attn/Transpose_2,Transpose,transpose:/model/layers.13/self_attn/Transpose_2,permute,permute_ref,,performance,gtpin_total_execution_cycles,552042,cycles,1,128,552042
n1_i1,1,1,1,n1_i1::primitive::transpose:/model/layers.13/self_attn/Transpose_3,n1_i1::op::/model/layers.13/self_attn/Transpose_3,primitive,transpose:/model/layers.13/self_attn/Transpose_3,layers.*/self_attn,/model/layers.13/self_attn/Transpose_3,Transpose,transpose:/model/layers.13/self_attn/Transpose_3,permute,permute_ref,,performance,gtpin_total_execution_cycles,6014646,cycles,1,1024,6014646
n1_i1,1,1,1,n1_i1::primitive::transpose:/model/layers.14/self_attn/Transpose_2,n1_i1::op::/model/layers.14/self_attn/Transpose_2,primitive,transpose:/model/layers.14/self_attn/Transpose_2,layers.*/self_attn,/model/layers.14/self_attn/Transpose_2,Transpose,transpose:/model/layers.14/self_attn/Transpose_2,permute,permute_ref,,performance,gtpin_total_execution_cycles,508492,cycles,1,128,508492
n1_i1,1,1,1,n1_i1::primitive::transpose:/model/layers.14/self_attn/Transpose_3,n1_i1::op::/model/layers.14/self_attn/Transpose_3,primitive,transpose:/model/layers.14/self_attn/Transpose_3,layers.*/self_attn,/model/layers.14/self_attn/Transpose_3,Transpose,transpose:/model/layers.14/self_attn/Transpose_3,permute,permute_ref,,performance,gtpin_total_execution_cycles,5674212,cycles,1,1024,5674212
n1_i1,1,1,1,n1_i1::primitive::transpose:/model/layers.15/self_attn/Transpose_2,n1_i1::op::/model/layers.15/self_attn/Transpose_2,primitive,transpose:/model/layers.15/self_attn/Transpose_2,layers.*/self_attn,/model/layers.15/self_attn/Transpose_2,Transpose,transpose:/model/layers.15/self_attn/Transpose_2,permute,permute_ref,,performance,gtpin_total_execution_cycles,484246,cycles,1,128,484246
n1_i1,1,1,1,n1_i1::primitive::transpose:/model/layers.15/self_attn/Transpose_3,n1_i1::op::/model/layers.15/self_attn/Transpose_3,primitive,transpose:/model/layers.15/self_attn/Transpose_3,layers.*/self_attn,/model/layers.15/self_attn/Transpose_3,Transpose,transpose:/model/layers.15/self_attn/Transpose_3,permute,permute_ref,,performance,gtpin_total_execution_cycles,4655684,cycles,1,1024,4655684
n1_i1,1,1,1,n1_i1::primitive::transpose:/model/layers.16/self_attn/Transpose_2,n1_i1::op::/model/layers.16/self_attn/Transpose_2,primitive,transpose:/model/layers.16/self_attn/Transpose_2,layers.*/self_attn,/model/layers.16/self_attn/Transpose_2,Transpose,transpose:/model/layers.16/self_attn/Transpose_2,permute,permute_ref,,performance,gtpin_total_execution_cycles,484624,cycles,1,128,484624
n1_i1,1,1,1,n1_i1::primitive::transpose:/model/layers.16/self_attn/Transpose_3,n1_i1::op::/model/layers.16/self_attn/Transpose_3,primitive,transpose:/model/layers.16/self_attn/Transpose_3,layers.*/self_attn,/model/layers.16/self_attn/Transpose_3,Transpose,transpose:/model/layers.16/self_attn/Transpose_3,permute,permute_ref,,performance,gtpin_total_execution_cycles,5065348,cycles,1,1024,5065348
n1_i1,1,1,1,n1_i1::primitive::transpose:/model/layers.17/self_attn/Transpose_2,n1_i1::op::/model/layers.17/self_attn/Transpose_2,primitive,transpose:/model/layers.17/self_attn/Transpose_2,layers.*/self_attn,/model/layers.17/self_attn/Transpose_2,Transpose,transpose:/model/layers.17/self_attn/Transpose_2,permute,permute_ref,,performance,gtpin_total_execution_cycles,509916,cycles,1,128,509916
n1_i1,1,1,1,n1_i1::primitive::transpose:/model/layers.17/self_attn/Transpose_3,n1_i1::op::/model/layers.17/self_attn/Transpose_3,primitive,transpose:/model/layers.17/self_attn/Transpose_3,layers.*/self_attn,/model/layers.17/self_attn/Transpose_3,Transpose,transpose:/model/layers.17/self_attn/Transpose_3,permute,permute_ref,,performance,gtpin_total_execution_cycles,5492186,cycles,1,1024,5492186
n1_i1,1,1,1,n1_i1::primitive::transpose:/model/layers.18/self_attn/Transpose_2,n1_i1::op::/model/layers.18/self_attn/Transpose_2,primitive,transpose:/model/layers.18/self_attn/Transpose_2,layers.*/self_attn,/model/layers.18/self_attn/Transpose_2,Transpose,transpose:/model/layers.18/self_attn/Transpose_2,permute,permute_ref,,performance,gtpin_total_execution_cycles,471106,cycles,1,128,471106
n1_i1,1,1,1,n1_i1::primitive::transpose:/model/layers.18/self_attn/Transpose_3,n1_i1::op::/model/layers.18/self_attn/Transpose_3,primitive,transpose:/model/layers.18/self_attn/Transpose_3,layers.*/self_attn,/model/layers.18/self_attn/Transpose_3,Transpose,transpose:/model/layers.18/self_attn/Transpose_3,permute,permute_ref,,performance,gtpin_total_execution_cycles,5699958,cycles,1,1024,5699958
n1_i1,1,1,1,n1_i1::primitive::transpose:/model/layers.19/self_attn/Transpose_2,n1_i1::op::/model/layers.19/self_attn/Transpose_2,primitive,transpose:/model/layers.19/self_attn/Transpose_2,layers.*/self_attn,/model/layers.19/self_attn/Transpose_2,Transpose,transpose:/model/layers.19/self_attn/Transpose_2,permute,permute_ref,,performance,gtpin_total_execution_cycles,507242,cycles,1,128,507242
n1_i1,1,1,1,n1_i1::primitive::transpose:/model/layers.19/self_attn/Transpose_3,n1_i1::op::/model/layers.19/self_attn/Transpose_3,primitive,transpose:/model/layers.19/self_attn/Transpose_3,layers.*/self_attn,/model/layers.19/self_attn/Transpose_3,Transpose,transpose:/model/layers.19/self_attn/Transpose_3,permute,permute_ref,,performance,gtpin_total_execution_cycles,5398908,cycles,1,1024,5398908
n1_i1,1,1,1,n1_i1::primitive::transpose:/model/layers.2/self_attn/Transpose_2,n1_i1::op::/model/layers.2/self_attn/Transpose_2,primitive,transpose:/model/layers.2/self_attn/Transpose_2,layers.*/self_attn,/model/layers.2/self_attn/Transpose_2,Transpose,transpose:/model/layers.2/self_attn/Transpose_2,permute,permute_ref,,performance,gtpin_total_execution_cycles,498596,cycles,1,128,498596
n1_i1,1,1,1,n1_i1::primitive::transpose:/model/layers.2/self_attn/Transpose_3,n1_i1::op::/model/layers.2/self_attn/Transpose_3,primitive,transpose:/model/layers.2/self_attn/Transpose_3,layers.*/self_attn,/model/layers.2/self_attn/Transpose_3,Transpose,transpose:/model/layers.2/self_attn/Transpose_3,permute,permute_ref,,performance,gtpin_total_execution_cycles,6316114,cycles,1,1024,6316114
n1_i1,1,1,1,n1_i1::primitive::transpose:/model/layers.20/self_attn/Transpose_2,n1_i1::op::/model/layers.20/self_attn/Transpose_2,primitive,transpose:/model/layers.20/self_attn/Transpose_2,layers.*/self_attn,/model/layers.20/self_attn/Transpose_2,Transpose,transpose:/model/layers.20/self_attn/Transpose_2,permute,permute_ref,,performance,gtpin_total_execution_cycles,528656,cycles,1,128,528656
n1_i1,1,1,1,n1_i1::primitive::transpose:/model/layers.20/self_attn/Transpose_3,n1_i1::op::/model/layers.20/self_attn/Transpose_3,primitive,transpose:/model/layers.20/self_attn/Transpose_3,layers.*/self_attn,/model/layers.20/self_attn/Transpose_3,Transpose,transpose:/model/layers.20/self_attn/Transpose_3,permute,permute_ref,,performance,gtpin_total_execution_cycles,5131530,cycles,1,1024,5131530
n1_i1,1,1,1,n1_i1::primitive::transpose:/model/layers.21/self_attn/Transpose_2,n1_i1::op::/model/layers.21/self_attn/Transpose_2,primitive,transpose:/model/layers.21/self_attn/Transpose_2,layers.*/self_attn,/model/layers.21/self_attn/Transpose_2,Transpose,transpose:/model/layers.21/self_attn/Transpose_2,permute,permute_ref,,performance,gtpin_total_execution_cycles,528700,cycles,1,128,528700
n1_i1,1,1,1,n1_i1::primitive::transpose:/model/layers.21/self_attn/Transpose_3,n1_i1::op::/model/layers.21/self_attn/Transpose_3,primitive,transpose:/model/layers.21/self_attn/Transpose_3,layers.*/self_attn,/model/layers.21/self_attn/Transpose_3,Transpose,transpose:/model/layers.21/self_attn/Transpose_3,permute,permute_ref,,performance,gtpin_total_execution_cycles,6347362,cycles,1,1024,6347362
n1_i1,1,1,1,n1_i1::primitive::transpose:/model/layers.3/self_attn/Transpose_2,n1_i1::op::/model/layers.3/self_attn/Transpose_2,primitive,transpose:/model/layers.3/self_attn/Transpose_2,layers.*/self_attn,/model/layers.3/self_attn/Transpose_2,Transpose,transpose:/model/layers.3/self_attn/Transpose_2,permute,permute_ref,,performance,gtpin_total_execution_cycles,529608,cycles,1,128,529608
n1_i1,1,1,1,n1_i1::primitive::transpose:/model/layers.3/self_attn/Transpose_3,n1_i1::op::/model/layers.3/self_attn/Transpose_3,primitive,transpose:/model/layers.3/self_attn/Transpose_3,layers.*/self_attn,/model/layers.3/self_attn/Transpose_3,Transpose,transpose:/model/layers.3/self_attn/Transpose_3,permute,permute_ref,,performance,gtpin_total_execution_cycles,5657994,cycles,1,1024,5657994
n1_i1,1,1,1,n1_i1::primitive::transpose:/model/layers.4/self_attn/Transpose_2,n1_i1::op::/model/layers.4/self_attn/Transpose_2,primitive,transpose:/model/layers.4/self_attn/Transpose_2,layers.*/self_attn,/model/layers.4/self_attn/Transpose_2,Transpose,transpose:/model/layers.4/self_attn/Transpose_2,permute,permute_ref,,performance,gtpin_total_execution_cycles,531378,cycles,1,128,531378
n1_i1,1,1,1,n1_i1::primitive::transpose:/model/layers.4/self_attn/Transpose_3,n1_i1::op::/model/layers.4/self_attn/Transpose_3,primitive,transpose:/model/layers.4/self_attn/Transpose_3,layers.*/self_attn,/model/layers.4/self_attn/Transpose_3,Transpose,transpose:/model/layers.4/self_attn/Transpose_3,permute,permute_ref,,performance,gtpin_total_execution_cycles,5125380,cycles,1,1024,5125380
n1_i1,1,1,1,n1_i1::primitive::transpose:/model/layers.5/self_attn/Transpose_2,n1_i1::op::/model/layers.5/self_attn/Transpose_2,primitive,transpose:/model/layers.5/self_attn/Transpose_2,layers.*/self_attn,/model/layers.5/self_attn/Transpose_2,Transpose,transpose:/model/layers.5/self_attn/Transpose_2,permute,permute_ref,,performance,gtpin_total_execution_cycles,512770,cycles,1,128,512770
n1_i1,1,1,1,n1_i1::primitive::transpose:/model/layers.5/self_attn/Transpose_3,n1_i1::op::/model/layers.5/self_attn/Transpose_3,primitive,transpose:/model/layers.5/self_attn/Transpose_3,layers.*/self_attn,/model/layers.5/self_attn/Transpose_3,Transpose,transpose:/model/layers.5/self_attn/Transpose_3,permute,permute_ref,,performance,gtpin_total_execution_cycles,5294342,cycles,1,1024,5294342
n1_i1,1,1,1,n1_i1::primitive::transpose:/model/layers.6/self_attn/Transpose_2,n1_i1::op::/model/layers.6/self_attn/Transpose_2,primitive,transpose:/model/layers.6/self_attn/Transpose_2,layers.*/self_attn,/model/layers.6/self_attn/Transpose_2,Transpose,transpose:/model/layers.6/self_attn/Transpose_2,permute,permute_ref,,performance,gtpin_total_execution_cycles,598944,cycles,1,128,598944
n1_i1,1,1,1,n1_i1::primitive::transpose:/model/layers.6/self_attn/Transpose_3,n1_i1::op::/model/layers.6/self_attn/Transpose_3,primitive,transpose:/model/layers.6/self_attn/Transpose_3,layers.*/self_attn,/model/layers.6/self_attn/Transpose_3,Transpose,transpose:/model/layers.6/self_attn/Transpose_3,permute,permute_ref,,performance,gtpin_total_execution_cycles,5368232,cycles,1,1024,5368232
n1_i1,1,1,1,n1_i1::primitive::transpose:/model/layers.7/self_attn/Transpose_2,n1_i1::op::/model/layers.7/self_attn/Transpose_2,primitive,transpose:/model/layers.7/self_attn/Transpose_2,layers.*/self_attn,/model/layers.7/self_attn/Transpose_2,Transpose,transpose:/model/layers.7/self_attn/Transpose_2,permute,permute_ref,,performance,gtpin_total_execution_cycles,540808,cycles,1,128,540808
n1_i1,1,1,1,n1_i1::primitive::transpose:/model/layers.7/self_attn/Transpose_3,n1_i1::op::/model/layers.7/self_attn/Transpose_3,primitive,transpose:/model/layers.7/self_attn/Transpose_3,layers.*/self_attn,/model/layers.7/self_attn/Transpose_3,Transpose,transpose:/model/layers.7/self_attn/Transpose_3,permute,permute_ref,,performance,gtpin_total_execution_cycles,4925384,cycles,1,1024,4925384
n1_i1,1,1,1,n1_i1::primitive::transpose:/model/layers.8/self_attn/Transpose_2,n1_i1::op::/model/layers.8/self_attn/Transpose_2,primitive,transpose:/model/layers.8/self_attn/Transpose_2,layers.*/self_attn,/model/layers.8/self_attn/Transpose_2,Transpose,transpose:/model/layers.8/self_attn/Transpose_2,permute,permute_ref,,performance,gtpin_total_execution_cycles,504770,cycles,1,128,504770
n1_i1,1,1,1,n1_i1::primitive::transpose:/model/layers.8/self_attn/Transpose_3,n1_i1::op::/model/layers.8/self_attn/Transpose_3,primitive,transpose:/model/layers.8/self_attn/Transpose_3,layers.*/self_attn,/model/layers.8/self_attn/Transpose_3,Transpose,transpose:/model/layers.8/self_attn/Transpose_3,permute,permute_ref,,performance,gtpin_total_execution_cycles,5372440,cycles,1,1024,5372440
n1_i1,1,1,1,n1_i1::primitive::transpose:/model/layers.9/self_attn/Transpose_2,n1_i1::op::/model/layers.9/self_attn/Transpose_2,primitive,transpose:/model/layers.9/self_attn/Transpose_2,layers.*/self_attn,/model/layers.9/self_attn/Transpose_2,Transpose,transpose:/model/layers.9/self_attn/Transpose_2,permute,permute_ref,,performance,gtpin_total_execution_cycles,536202,cycles,1,128,536202
n1_i1,1,1,1,n1_i1::primitive::transpose:/model/layers.9/self_attn/Transpose_3,n1_i1::op::/model/layers.9/self_attn/Transpose_3,primitive,transpose:/model/layers.9/self_attn/Transpose_3,layers.*/self_attn,/model/layers.9/self_attn/Transpose_3,Transpose,transpose:/model/layers.9/self_attn/Transpose_3,permute,permute_ref,,performance,gtpin_total_execution_cycles,5431956,cycles,1,1024,5431956
