execution_unit_key,logical_execution_index,net_id,iteration,tool_kind,is_internal_network_candidate,component_path,origin_op_name,origin_op_type_name,resolved_op_type_name,primitive_id,original_primitive_id,primitive_type,implementation,exec_id,kernel_entry,gtpin_kernel,dispatch_count,dispatch_ids,ov_match,kernel_alignment_status,kernel_entry_alignment_verified,pointer_coverage_match,ov_kernel_entry_present,gtpin_source_kind,primary_metric_name,primary_metric_total,primary_metric_avg,primary_metric_unit,gtpin_invocation_count,gtpin_total_execution_cycles,gtpin_avg_execution_cycles_per_invocation,gtpin_total_memory_ops,gtpin_estimated_total_bytes,gtpin_write_dominance_pct,gtpin_estimated_bytes_per_mem_op,gtpin_reads,gtpin_writes,gtpin_atomics,gtpin_metric_fields_json,execution_descriptor
n1_i2,2,1,2,performance,false,(root),logits.0,FullyConnected,FullyConnected,fullyconnected:logits.0,fullyconnected:logits.0,fully_connected,fully_connected_gpu_bf_tiled,1069,fully_connected_gpu_bf_tiled_9077797497357748363_0_0,fully_connected_gpu_bf_tiled_9077797497357748363_0_0,1,1660,matched,aligned,true,true,true,exec_profile,gtpin_total_execution_cycles,2252929312,2252929,cycles,1000,2252929312,2252929,0,0,,,0,0,0,"{""gtpin_avg_execution_cycles_per_invocation"":2252929,""gtpin_invocation_count"":1000,""gtpin_total_execution_cycles"":2252929312}",InvocationCount=1000;TotalExecutionCycles=2252929312;AvgExecutionCyclesPerInvocation=2252929
n1_i2,2,1,2,performance,false,layers.*/mlp,/model/layers.0/mlp/up_proj/MatMul,FullyConnected,FullyConnected,fullyconnected:/model/layers.0/mlp/up_proj/MatMul,fullyconnected:/model/layers.0/mlp/up_proj/MatMul,fully_connected,fully_connected_gpu_bf_tiled,309,fully_connected_gpu_bf_tiled_2740906288179525049_0_0,fully_connected_gpu_bf_tiled_2740906288179525049_0_0,1,1194,matched,aligned,true,true,true,exec_profile,gtpin_total_execution_cycles,172247354,978678,cycles,176,172247354,978678,0,0,,,0,0,0,"{""gtpin_avg_execution_cycles_per_invocation"":978678,""gtpin_invocation_count"":176,""gtpin_total_execution_cycles"":172247354}",InvocationCount=176;TotalExecutionCycles=172247354;AvgExecutionCyclesPerInvocation=978678
n1_i2,2,1,2,performance,false,layers.*/mlp,/model/layers.7/mlp/gate_proj/MatMul,FullyConnected,FullyConnected,fullyconnected:/model/layers.7/mlp/gate_proj/MatMul,fullyconnected:/model/layers.7/mlp/gate_proj/MatMul,fully_connected,fully_connected_gpu_bf_tiled,562,fully_connected_gpu_bf_tiled_9957149419786459120_0_0,fully_connected_gpu_bf_tiled_9957149419786459120_0_0,1,1349,matched,aligned,true,true,true,exec_profile,gtpin_total_execution_cycles,156919816,891589,cycles,176,156919816,891589,0,0,,,0,0,0,"{""gtpin_avg_execution_cycles_per_invocation"":891589,""gtpin_invocation_count"":176,""gtpin_total_execution_cycles"":156919816}",InvocationCount=176;TotalExecutionCycles=156919816;AvgExecutionCyclesPerInvocation=891589
n1_i2,2,1,2,performance,false,layers.*/mlp,/model/layers.1/mlp/up_proj/MatMul,FullyConnected,FullyConnected,fullyconnected:/model/layers.1/mlp/up_proj/MatMul,fullyconnected:/model/layers.1/mlp/up_proj/MatMul,fully_connected,fully_connected_gpu_bf_tiled,345,fully_connected_gpu_bf_tiled_2740906288179525049_0_0,fully_connected_gpu_bf_tiled_2740906288179525049_0_0,1,1216,matched,aligned,true,true,true,exec_profile,gtpin_total_execution_cycles,155830248,885399,cycles,176,155830248,885399,0,0,,,0,0,0,"{""gtpin_avg_execution_cycles_per_invocation"":885399,""gtpin_invocation_count"":176,""gtpin_total_execution_cycles"":155830248}",InvocationCount=176;TotalExecutionCycles=155830248;AvgExecutionCyclesPerInvocation=885399
n1_i2,2,1,2,performance,false,layers.*/mlp,/model/layers.1/mlp/gate_proj/MatMul,FullyConnected,FullyConnected,fullyconnected:/model/layers.1/mlp/gate_proj/MatMul,fullyconnected:/model/layers.1/mlp/gate_proj/MatMul,fully_connected,fully_connected_gpu_bf_tiled,346,fully_connected_gpu_bf_tiled_9957149419786459120_0_0,fully_connected_gpu_bf_tiled_9957149419786459120_0_0,1,1217,matched,aligned,true,true,true,exec_profile,gtpin_total_execution_cycles,155383302,882859,cycles,176,155383302,882859,0,0,,,0,0,0,"{""gtpin_avg_execution_cycles_per_invocation"":882859,""gtpin_invocation_count"":176,""gtpin_total_execution_cycles"":155383302}",InvocationCount=176;TotalExecutionCycles=155383302;AvgExecutionCyclesPerInvocation=882859
n1_i2,2,1,2,performance,false,layers.*/mlp,/model/layers.11/mlp/gate_proj/MatMul,FullyConnected,FullyConnected,fullyconnected:/model/layers.11/mlp/gate_proj/MatMul,fullyconnected:/model/layers.11/mlp/gate_proj/MatMul,fully_connected,fully_connected_gpu_bf_tiled,706,fully_connected_gpu_bf_tiled_9957149419786459120_0_0,fully_connected_gpu_bf_tiled_9957149419786459120_0_0,1,1437,matched,aligned,true,true,true,exec_profile,gtpin_total_execution_cycles,149787426,851064,cycles,176,149787426,851064,0,0,,,0,0,0,"{""gtpin_avg_execution_cycles_per_invocation"":851064,""gtpin_invocation_count"":176,""gtpin_total_execution_cycles"":149787426}",InvocationCount=176;TotalExecutionCycles=149787426;AvgExecutionCyclesPerInvocation=851064
n1_i2,2,1,2,performance,false,layers.*/mlp,/model/layers.0/mlp/gate_proj/MatMul,FullyConnected,FullyConnected,fullyconnected:/model/layers.0/mlp/gate_proj/MatMul,fullyconnected:/model/layers.0/mlp/gate_proj/MatMul,fully_connected,fully_connected_gpu_bf_tiled,310,fully_connected_gpu_bf_tiled_9957149419786459120_0_0,fully_connected_gpu_bf_tiled_9957149419786459120_0_0,1,1195,matched,aligned,true,true,true,exec_profile,gtpin_total_execution_cycles,149193612,847690,cycles,176,149193612,847690,0,0,,,0,0,0,"{""gtpin_avg_execution_cycles_per_invocation"":847690,""gtpin_invocation_count"":176,""gtpin_total_execution_cycles"":149193612}",InvocationCount=176;TotalExecutionCycles=149193612;AvgExecutionCyclesPerInvocation=847690
n1_i2,2,1,2,performance,false,layers.*/mlp,/model/layers.19/mlp/gate_proj/MatMul,FullyConnected,FullyConnected,fullyconnected:/model/layers.19/mlp/gate_proj/MatMul,fullyconnected:/model/layers.19/mlp/gate_proj/MatMul,fully_connected,fully_connected_gpu_bf_tiled,994,fully_connected_gpu_bf_tiled_9957149419786459120_0_0,fully_connected_gpu_bf_tiled_9957149419786459120_0_0,1,1613,matched,aligned,true,true,true,exec_profile,gtpin_total_execution_cycles,147049886,835510,cycles,176,147049886,835510,0,0,,,0,0,0,"{""gtpin_avg_execution_cycles_per_invocation"":835510,""gtpin_invocation_count"":176,""gtpin_total_execution_cycles"":147049886}",InvocationCount=176;TotalExecutionCycles=147049886;AvgExecutionCyclesPerInvocation=835510
n1_i2,2,1,2,performance,false,layers.*/mlp,/model/layers.7/mlp/up_proj/MatMul,FullyConnected,FullyConnected,fullyconnected:/model/layers.7/mlp/up_proj/MatMul,fullyconnected:/model/layers.7/mlp/up_proj/MatMul,fully_connected,fully_connected_gpu_bf_tiled,561,fully_connected_gpu_bf_tiled_2740906288179525049_0_0,fully_connected_gpu_bf_tiled_2740906288179525049_0_0,1,1348,matched,aligned,true,true,true,exec_profile,gtpin_total_execution_cycles,147042892,835470,cycles,176,147042892,835470,0,0,,,0,0,0,"{""gtpin_avg_execution_cycles_per_invocation"":835470,""gtpin_invocation_count"":176,""gtpin_total_execution_cycles"":147042892}",InvocationCount=176;TotalExecutionCycles=147042892;AvgExecutionCyclesPerInvocation=835470
n1_i2,2,1,2,performance,false,layers.*/mlp,/model/layers.17/mlp/gate_proj/MatMul,FullyConnected,FullyConnected,fullyconnected:/model/layers.17/mlp/gate_proj/MatMul,fullyconnected:/model/layers.17/mlp/gate_proj/MatMul,fully_connected,fully_connected_gpu_bf_tiled,922,fully_connected_gpu_bf_tiled_9957149419786459120_0_0,fully_connected_gpu_bf_tiled_9957149419786459120_0_0,1,1569,matched,aligned,true,true,true,exec_profile,gtpin_total_execution_cycles,142846172,811625,cycles,176,142846172,811625,0,0,,,0,0,0,"{""gtpin_avg_execution_cycles_per_invocation"":811625,""gtpin_invocation_count"":176,""gtpin_total_execution_cycles"":142846172}",InvocationCount=176;TotalExecutionCycles=142846172;AvgExecutionCyclesPerInvocation=811625
n1_i2,2,1,2,performance,false,layers.*/mlp,/model/layers.15/mlp/gate_proj/MatMul,FullyConnected,FullyConnected,fullyconnected:/model/layers.15/mlp/gate_proj/MatMul,fullyconnected:/model/layers.15/mlp/gate_proj/MatMul,fully_connected,fully_connected_gpu_bf_tiled,850,fully_connected_gpu_bf_tiled_9957149419786459120_0_0,fully_connected_gpu_bf_tiled_9957149419786459120_0_0,1,1525,matched,aligned,true,true,true,exec_profile,gtpin_total_execution_cycles,142602942,810243,cycles,176,142602942,810243,0,0,,,0,0,0,"{""gtpin_avg_execution_cycles_per_invocation"":810243,""gtpin_invocation_count"":176,""gtpin_total_execution_cycles"":142602942}",InvocationCount=176;TotalExecutionCycles=142602942;AvgExecutionCyclesPerInvocation=810243
n1_i2,2,1,2,performance,false,layers.*/mlp,/model/layers.13/mlp/gate_proj/MatMul,FullyConnected,FullyConnected,fullyconnected:/model/layers.13/mlp/gate_proj/MatMul,fullyconnected:/model/layers.13/mlp/gate_proj/MatMul,fully_connected,fully_connected_gpu_bf_tiled,778,fully_connected_gpu_bf_tiled_9957149419786459120_0_0,fully_connected_gpu_bf_tiled_9957149419786459120_0_0,1,1481,matched,aligned,true,true,true,exec_profile,gtpin_total_execution_cycles,141868792,806072,cycles,176,141868792,806072,0,0,,,0,0,0,"{""gtpin_avg_execution_cycles_per_invocation"":806072,""gtpin_invocation_count"":176,""gtpin_total_execution_cycles"":141868792}",InvocationCount=176;TotalExecutionCycles=141868792;AvgExecutionCyclesPerInvocation=806072
n1_i2,2,1,2,performance,false,layers.*/mlp,/model/layers.4/mlp/up_proj/MatMul,FullyConnected,FullyConnected,fullyconnected:/model/layers.4/mlp/up_proj/MatMul,fullyconnected:/model/layers.4/mlp/up_proj/MatMul,fully_connected,fully_connected_gpu_bf_tiled,453,fully_connected_gpu_bf_tiled_2740906288179525049_0_0,fully_connected_gpu_bf_tiled_2740906288179525049_0_0,1,1282,matched,aligned,true,true,true,exec_profile,gtpin_total_execution_cycles,141485616,803895,cycles,176,141485616,803895,0,0,,,0,0,0,"{""gtpin_avg_execution_cycles_per_invocation"":803895,""gtpin_invocation_count"":176,""gtpin_total_execution_cycles"":141485616}",InvocationCount=176;TotalExecutionCycles=141485616;AvgExecutionCyclesPerInvocation=803895
n1_i2,2,1,2,performance,false,layers.*/mlp,/model/layers.12/mlp/gate_proj/MatMul,FullyConnected,FullyConnected,fullyconnected:/model/layers.12/mlp/gate_proj/MatMul,fullyconnected:/model/layers.12/mlp/gate_proj/MatMul,fully_connected,fully_connected_gpu_bf_tiled,742,fully_connected_gpu_bf_tiled_9957149419786459120_0_0,fully_connected_gpu_bf_tiled_9957149419786459120_0_0,1,1459,matched,aligned,true,true,true,exec_profile,gtpin_total_execution_cycles,138974636,789628,cycles,176,138974636,789628,0,0,,,0,0,0,"{""gtpin_avg_execution_cycles_per_invocation"":789628,""gtpin_invocation_count"":176,""gtpin_total_execution_cycles"":138974636}",InvocationCount=176;TotalExecutionCycles=138974636;AvgExecutionCyclesPerInvocation=789628
n1_i2,2,1,2,performance,false,layers.*/mlp,/model/layers.9/mlp/gate_proj/MatMul,FullyConnected,FullyConnected,fullyconnected:/model/layers.9/mlp/gate_proj/MatMul,fullyconnected:/model/layers.9/mlp/gate_proj/MatMul,fully_connected,fully_connected_gpu_bf_tiled,634,fully_connected_gpu_bf_tiled_9957149419786459120_0_0,fully_connected_gpu_bf_tiled_9957149419786459120_0_0,1,1393,matched,aligned,true,true,true,exec_profile,gtpin_total_execution_cycles,137744320,782638,cycles,176,137744320,782638,0,0,,,0,0,0,"{""gtpin_avg_execution_cycles_per_invocation"":782638,""gtpin_invocation_count"":176,""gtpin_total_execution_cycles"":137744320}",InvocationCount=176;TotalExecutionCycles=137744320;AvgExecutionCyclesPerInvocation=782638
n1_i2,2,1,2,performance,false,layers.*/mlp,/model/layers.5/mlp/gate_proj/MatMul,FullyConnected,FullyConnected,fullyconnected:/model/layers.5/mlp/gate_proj/MatMul,fullyconnected:/model/layers.5/mlp/gate_proj/MatMul,fully_connected,fully_connected_gpu_bf_tiled,490,fully_connected_gpu_bf_tiled_9957149419786459120_0_0,fully_connected_gpu_bf_tiled_9957149419786459120_0_0,1,1305,matched,aligned,true,true,true,exec_profile,gtpin_total_execution_cycles,136665768,776510,cycles,176,136665768,776510,0,0,,,0,0,0,"{""gtpin_avg_execution_cycles_per_invocation"":776510,""gtpin_invocation_count"":176,""gtpin_total_execution_cycles"":136665768}",InvocationCount=176;TotalExecutionCycles=136665768;AvgExecutionCyclesPerInvocation=776510
n1_i2,2,1,2,performance,false,layers.*/mlp,/model/layers.8/mlp/gate_proj/MatMul,FullyConnected,FullyConnected,fullyconnected:/model/layers.8/mlp/gate_proj/MatMul,fullyconnected:/model/layers.8/mlp/gate_proj/MatMul,fully_connected,fully_connected_gpu_bf_tiled,598,fully_connected_gpu_bf_tiled_9957149419786459120_0_0,fully_connected_gpu_bf_tiled_9957149419786459120_0_0,1,1371,matched,aligned,true,true,true,exec_profile,gtpin_total_execution_cycles,136358002,774761,cycles,176,136358002,774761,0,0,,,0,0,0,"{""gtpin_avg_execution_cycles_per_invocation"":774761,""gtpin_invocation_count"":176,""gtpin_total_execution_cycles"":136358002}",InvocationCount=176;TotalExecutionCycles=136358002;AvgExecutionCyclesPerInvocation=774761
n1_i2,2,1,2,performance,false,layers.*/mlp,/model/layers.13/mlp/up_proj/MatMul,FullyConnected,FullyConnected,fullyconnected:/model/layers.13/mlp/up_proj/MatMul,fullyconnected:/model/layers.13/mlp/up_proj/MatMul,fully_connected,fully_connected_gpu_bf_tiled,777,fully_connected_gpu_bf_tiled_2740906288179525049_0_0,fully_connected_gpu_bf_tiled_2740906288179525049_0_0,1,1480,matched,aligned,true,true,true,exec_profile,gtpin_total_execution_cycles,133429680,758123,cycles,176,133429680,758123,0,0,,,0,0,0,"{""gtpin_avg_execution_cycles_per_invocation"":758123,""gtpin_invocation_count"":176,""gtpin_total_execution_cycles"":133429680}",InvocationCount=176;TotalExecutionCycles=133429680;AvgExecutionCyclesPerInvocation=758123
n1_i2,2,1,2,performance,false,layers.*/mlp,/model/layers.10/mlp/gate_proj/MatMul,FullyConnected,FullyConnected,fullyconnected:/model/layers.10/mlp/gate_proj/MatMul,fullyconnected:/model/layers.10/mlp/gate_proj/MatMul,fully_connected,fully_connected_gpu_bf_tiled,670,fully_connected_gpu_bf_tiled_9957149419786459120_0_0,fully_connected_gpu_bf_tiled_9957149419786459120_0_0,1,1415,matched,aligned,true,true,true,exec_profile,gtpin_total_execution_cycles,132918948,755221,cycles,176,132918948,755221,0,0,,,0,0,0,"{""gtpin_avg_execution_cycles_per_invocation"":755221,""gtpin_invocation_count"":176,""gtpin_total_execution_cycles"":132918948}",InvocationCount=176;TotalExecutionCycles=132918948;AvgExecutionCyclesPerInvocation=755221
n1_i2,2,1,2,performance,false,layers.*/mlp,/model/layers.8/mlp/up_proj/MatMul,FullyConnected,FullyConnected,fullyconnected:/model/layers.8/mlp/up_proj/MatMul,fullyconnected:/model/layers.8/mlp/up_proj/MatMul,fully_connected,fully_connected_gpu_bf_tiled,597,fully_connected_gpu_bf_tiled_2740906288179525049_0_0,fully_connected_gpu_bf_tiled_2740906288179525049_0_0,1,1370,matched,aligned,true,true,true,exec_profile,gtpin_total_execution_cycles,131822274,748990,cycles,176,131822274,748990,0,0,,,0,0,0,"{""gtpin_avg_execution_cycles_per_invocation"":748990,""gtpin_invocation_count"":176,""gtpin_total_execution_cycles"":131822274}",InvocationCount=176;TotalExecutionCycles=131822274;AvgExecutionCyclesPerInvocation=748990
n1_i2,2,1,2,performance,false,layers.*/mlp,/model/layers.4/mlp/gate_proj/MatMul,FullyConnected,FullyConnected,fullyconnected:/model/layers.4/mlp/gate_proj/MatMul,fullyconnected:/model/layers.4/mlp/gate_proj/MatMul,fully_connected,fully_connected_gpu_bf_tiled,454,fully_connected_gpu_bf_tiled_9957149419786459120_0_0,fully_connected_gpu_bf_tiled_9957149419786459120_0_0,1,1283,matched,aligned,true,true,true,exec_profile,gtpin_total_execution_cycles,131614170,747807,cycles,176,131614170,747807,0,0,,,0,0,0,"{""gtpin_avg_execution_cycles_per_invocation"":747807,""gtpin_invocation_count"":176,""gtpin_total_execution_cycles"":131614170}",InvocationCount=176;TotalExecutionCycles=131614170;AvgExecutionCyclesPerInvocation=747807
n1_i2,2,1,2,performance,false,layers.*/mlp,/model/layers.14/mlp/gate_proj/MatMul,FullyConnected,FullyConnected,fullyconnected:/model/layers.14/mlp/gate_proj/MatMul,fullyconnected:/model/layers.14/mlp/gate_proj/MatMul,fully_connected,fully_connected_gpu_bf_tiled,814,fully_connected_gpu_bf_tiled_9957149419786459120_0_0,fully_connected_gpu_bf_tiled_9957149419786459120_0_0,1,1503,matched,aligned,true,true,true,exec_profile,gtpin_total_execution_cycles,130168274,739592,cycles,176,130168274,739592,0,0,,,0,0,0,"{""gtpin_avg_execution_cycles_per_invocation"":739592,""gtpin_invocation_count"":176,""gtpin_total_execution_cycles"":130168274}",InvocationCount=176;TotalExecutionCycles=130168274;AvgExecutionCyclesPerInvocation=739592
n1_i2,2,1,2,performance,false,layers.*/mlp,/model/layers.16/mlp/gate_proj/MatMul,FullyConnected,FullyConnected,fullyconnected:/model/layers.16/mlp/gate_proj/MatMul,fullyconnected:/model/layers.16/mlp/gate_proj/MatMul,fully_connected,fully_connected_gpu_bf_tiled,886,fully_connected_gpu_bf_tiled_9957149419786459120_0_0,fully_connected_gpu_bf_tiled_9957149419786459120_0_0,1,1547,matched,aligned,true,true,true,exec_profile,gtpin_total_execution_cycles,128982098,732852,cycles,176,128982098,732852,0,0,,,0,0,0,"{""gtpin_avg_execution_cycles_per_invocation"":732852,""gtpin_invocation_count"":176,""gtpin_total_execution_cycles"":128982098}",InvocationCount=176;TotalExecutionCycles=128982098;AvgExecutionCyclesPerInvocation=732852
n1_i2,2,1,2,performance,false,layers.*/mlp,/model/layers.3/mlp/gate_proj/MatMul,FullyConnected,FullyConnected,fullyconnected:/model/layers.3/mlp/gate_proj/MatMul,fullyconnected:/model/layers.3/mlp/gate_proj/MatMul,fully_connected,fully_connected_gpu_bf_tiled,418,fully_connected_gpu_bf_tiled_9957149419786459120_0_0,fully_connected_gpu_bf_tiled_9957149419786459120_0_0,1,1261,matched,aligned,true,true,true,exec_profile,gtpin_total_execution_cycles,128435318,729746,cycles,176,128435318,729746,0,0,,,0,0,0,"{""gtpin_avg_execution_cycles_per_invocation"":729746,""gtpin_invocation_count"":176,""gtpin_total_execution_cycles"":128435318}",InvocationCount=176;TotalExecutionCycles=128435318;AvgExecutionCyclesPerInvocation=729746
n1_i2,2,1,2,performance,false,layers.*/mlp,/model/layers.6/mlp/gate_proj/MatMul,FullyConnected,FullyConnected,fullyconnected:/model/layers.6/mlp/gate_proj/MatMul,fullyconnected:/model/layers.6/mlp/gate_proj/MatMul,fully_connected,fully_connected_gpu_bf_tiled,526,fully_connected_gpu_bf_tiled_9957149419786459120_0_0,fully_connected_gpu_bf_tiled_9957149419786459120_0_0,1,1327,matched,aligned,true,true,true,exec_profile,gtpin_total_execution_cycles,127468406,724252,cycles,176,127468406,724252,0,0,,,0,0,0,"{""gtpin_avg_execution_cycles_per_invocation"":724252,""gtpin_invocation_count"":176,""gtpin_total_execution_cycles"":127468406}",InvocationCount=176;TotalExecutionCycles=127468406;AvgExecutionCyclesPerInvocation=724252
n1_i2,2,1,2,performance,false,layers.*/mlp,/model/layers.12/mlp/up_proj/MatMul,FullyConnected,FullyConnected,fullyconnected:/model/layers.12/mlp/up_proj/MatMul,fullyconnected:/model/layers.12/mlp/up_proj/MatMul,fully_connected,fully_connected_gpu_bf_tiled,741,fully_connected_gpu_bf_tiled_2740906288179525049_0_0,fully_connected_gpu_bf_tiled_2740906288179525049_0_0,1,1458,matched,aligned,true,true,true,exec_profile,gtpin_total_execution_cycles,125067936,710613,cycles,176,125067936,710613,0,0,,,0,0,0,"{""gtpin_avg_execution_cycles_per_invocation"":710613,""gtpin_invocation_count"":176,""gtpin_total_execution_cycles"":125067936}",InvocationCount=176;TotalExecutionCycles=125067936;AvgExecutionCyclesPerInvocation=710613
n1_i2,2,1,2,performance,false,layers.*/mlp,/model/layers.9/mlp/up_proj/MatMul,FullyConnected,FullyConnected,fullyconnected:/model/layers.9/mlp/up_proj/MatMul,fullyconnected:/model/layers.9/mlp/up_proj/MatMul,fully_connected,fully_connected_gpu_bf_tiled,633,fully_connected_gpu_bf_tiled_2740906288179525049_0_0,fully_connected_gpu_bf_tiled_2740906288179525049_0_0,1,1392,matched,aligned,true,true,true,exec_profile,gtpin_total_execution_cycles,124993222,710188,cycles,176,124993222,710188,0,0,,,0,0,0,"{""gtpin_avg_execution_cycles_per_invocation"":710188,""gtpin_invocation_count"":176,""gtpin_total_execution_cycles"":124993222}",InvocationCount=176;TotalExecutionCycles=124993222;AvgExecutionCyclesPerInvocation=710188
n1_i2,2,1,2,performance,false,layers.*/mlp,/model/layers.15/mlp/up_proj/MatMul,FullyConnected,FullyConnected,fullyconnected:/model/layers.15/mlp/up_proj/MatMul,fullyconnected:/model/layers.15/mlp/up_proj/MatMul,fully_connected,fully_connected_gpu_bf_tiled,849,fully_connected_gpu_bf_tiled_2740906288179525049_0_0,fully_connected_gpu_bf_tiled_2740906288179525049_0_0,1,1524,matched,aligned,true,true,true,exec_profile,gtpin_total_execution_cycles,124255964,705999,cycles,176,124255964,705999,0,0,,,0,0,0,"{""gtpin_avg_execution_cycles_per_invocation"":705999,""gtpin_invocation_count"":176,""gtpin_total_execution_cycles"":124255964}",InvocationCount=176;TotalExecutionCycles=124255964;AvgExecutionCyclesPerInvocation=705999
n1_i2,2,1,2,performance,false,layers.*/mlp,/model/layers.2/mlp/up_proj/MatMul,FullyConnected,FullyConnected,fullyconnected:/model/layers.2/mlp/up_proj/MatMul,fullyconnected:/model/layers.2/mlp/up_proj/MatMul,fully_connected,fully_connected_gpu_bf_tiled,381,fully_connected_gpu_bf_tiled_2740906288179525049_0_0,fully_connected_gpu_bf_tiled_2740906288179525049_0_0,1,1238,matched,aligned,true,true,true,exec_profile,gtpin_total_execution_cycles,123682210,702739,cycles,176,123682210,702739,0,0,,,0,0,0,"{""gtpin_avg_execution_cycles_per_invocation"":702739,""gtpin_invocation_count"":176,""gtpin_total_execution_cycles"":123682210}",InvocationCount=176;TotalExecutionCycles=123682210;AvgExecutionCyclesPerInvocation=702739
n1_i2,2,1,2,performance,false,layers.*/mlp,/model/layers.3/mlp/up_proj/MatMul,FullyConnected,FullyConnected,fullyconnected:/model/layers.3/mlp/up_proj/MatMul,fullyconnected:/model/layers.3/mlp/up_proj/MatMul,fully_connected,fully_connected_gpu_bf_tiled,417,fully_connected_gpu_bf_tiled_2740906288179525049_0_0,fully_connected_gpu_bf_tiled_2740906288179525049_0_0,1,1260,matched,aligned,true,true,true,exec_profile,gtpin_total_execution_cycles,122665266,696961,cycles,176,122665266,696961,0,0,,,0,0,0,"{""gtpin_avg_execution_cycles_per_invocation"":696961,""gtpin_invocation_count"":176,""gtpin_total_execution_cycles"":122665266}",InvocationCount=176;TotalExecutionCycles=122665266;AvgExecutionCyclesPerInvocation=696961
n1_i2,2,1,2,performance,false,layers.*/mlp,/model/layers.14/mlp/up_proj/MatMul,FullyConnected,FullyConnected,fullyconnected:/model/layers.14/mlp/up_proj/MatMul,fullyconnected:/model/layers.14/mlp/up_proj/MatMul,fully_connected,fully_connected_gpu_bf_tiled,813,fully_connected_gpu_bf_tiled_2740906288179525049_0_0,fully_connected_gpu_bf_tiled_2740906288179525049_0_0,1,1502,matched,aligned,true,true,true,exec_profile,gtpin_total_execution_cycles,119895938,681226,cycles,176,119895938,681226,0,0,,,0,0,0,"{""gtpin_avg_execution_cycles_per_invocation"":681226,""gtpin_invocation_count"":176,""gtpin_total_execution_cycles"":119895938}",InvocationCount=176;TotalExecutionCycles=119895938;AvgExecutionCyclesPerInvocation=681226
n1_i2,2,1,2,performance,false,layers.*/mlp,/model/layers.2/mlp/gate_proj/MatMul,FullyConnected,FullyConnected,fullyconnected:/model/layers.2/mlp/gate_proj/MatMul,fullyconnected:/model/layers.2/mlp/gate_proj/MatMul,fully_connected,fully_connected_gpu_bf_tiled,382,fully_connected_gpu_bf_tiled_9957149419786459120_0_0,fully_connected_gpu_bf_tiled_9957149419786459120_0_0,1,1239,matched,aligned,true,true,true,exec_profile,gtpin_total_execution_cycles,119395258,678382,cycles,176,119395258,678382,0,0,,,0,0,0,"{""gtpin_avg_execution_cycles_per_invocation"":678382,""gtpin_invocation_count"":176,""gtpin_total_execution_cycles"":119395258}",InvocationCount=176;TotalExecutionCycles=119395258;AvgExecutionCyclesPerInvocation=678382
n1_i2,2,1,2,performance,false,layers.*/mlp,/model/layers.5/mlp/up_proj/MatMul,FullyConnected,FullyConnected,fullyconnected:/model/layers.5/mlp/up_proj/MatMul,fullyconnected:/model/layers.5/mlp/up_proj/MatMul,fully_connected,fully_connected_gpu_bf_tiled,489,fully_connected_gpu_bf_tiled_2740906288179525049_0_0,fully_connected_gpu_bf_tiled_2740906288179525049_0_0,1,1304,matched,aligned,true,true,true,exec_profile,gtpin_total_execution_cycles,118105368,671053,cycles,176,118105368,671053,0,0,,,0,0,0,"{""gtpin_avg_execution_cycles_per_invocation"":671053,""gtpin_invocation_count"":176,""gtpin_total_execution_cycles"":118105368}",InvocationCount=176;TotalExecutionCycles=118105368;AvgExecutionCyclesPerInvocation=671053
n1_i2,2,1,2,performance,false,layers.*/mlp,/model/layers.11/mlp/up_proj/MatMul,FullyConnected,FullyConnected,fullyconnected:/model/layers.11/mlp/up_proj/MatMul,fullyconnected:/model/layers.11/mlp/up_proj/MatMul,fully_connected,fully_connected_gpu_bf_tiled,705,fully_connected_gpu_bf_tiled_2740906288179525049_0_0,fully_connected_gpu_bf_tiled_2740906288179525049_0_0,1,1436,matched,aligned,true,true,true,exec_profile,gtpin_total_execution_cycles,117424602,667185,cycles,176,117424602,667185,0,0,,,0,0,0,"{""gtpin_avg_execution_cycles_per_invocation"":667185,""gtpin_invocation_count"":176,""gtpin_total_execution_cycles"":117424602}",InvocationCount=176;TotalExecutionCycles=117424602;AvgExecutionCyclesPerInvocation=667185
n1_i2,2,1,2,performance,false,layers.*/mlp,/model/layers.21/mlp/gate_proj/MatMul,FullyConnected,FullyConnected,fullyconnected:/model/layers.21/mlp/gate_proj/MatMul,fullyconnected:/model/layers.21/mlp/gate_proj/MatMul,fully_connected,fully_connected_gpu_bf_tiled,1066,fully_connected_gpu_bf_tiled_9957149419786459120_0_0,fully_connected_gpu_bf_tiled_9957149419786459120_0_0,1,1657,matched,aligned,true,true,true,exec_profile,gtpin_total_execution_cycles,115477338,656121,cycles,176,115477338,656121,0,0,,,0,0,0,"{""gtpin_avg_execution_cycles_per_invocation"":656121,""gtpin_invocation_count"":176,""gtpin_total_execution_cycles"":115477338}",InvocationCount=176;TotalExecutionCycles=115477338;AvgExecutionCyclesPerInvocation=656121
n1_i2,2,1,2,performance,false,layers.*/mlp,/model/layers.10/mlp/up_proj/MatMul,FullyConnected,FullyConnected,fullyconnected:/model/layers.10/mlp/up_proj/MatMul,fullyconnected:/model/layers.10/mlp/up_proj/MatMul,fully_connected,fully_connected_gpu_bf_tiled,669,fully_connected_gpu_bf_tiled_2740906288179525049_0_0,fully_connected_gpu_bf_tiled_2740906288179525049_0_0,1,1414,matched,aligned,true,true,true,exec_profile,gtpin_total_execution_cycles,113597196,645438,cycles,176,113597196,645438,0,0,,,0,0,0,"{""gtpin_avg_execution_cycles_per_invocation"":645438,""gtpin_invocation_count"":176,""gtpin_total_execution_cycles"":113597196}",InvocationCount=176;TotalExecutionCycles=113597196;AvgExecutionCyclesPerInvocation=645438
n1_i2,2,1,2,performance,false,layers.*/mlp,/model/layers.18/mlp/gate_proj/MatMul,FullyConnected,FullyConnected,fullyconnected:/model/layers.18/mlp/gate_proj/MatMul,fullyconnected:/model/layers.18/mlp/gate_proj/MatMul,fully_connected,fully_connected_gpu_bf_tiled,958,fully_connected_gpu_bf_tiled_9957149419786459120_0_0,fully_connected_gpu_bf_tiled_9957149419786459120_0_0,1,1591,matched,aligned,true,true,true,exec_profile,gtpin_total_execution_cycles,109300882,621027,cycles,176,109300882,621027,0,0,,,0,0,0,"{""gtpin_avg_execution_cycles_per_invocation"":621027,""gtpin_invocation_count"":176,""gtpin_total_execution_cycles"":109300882}",InvocationCount=176;TotalExecutionCycles=109300882;AvgExecutionCyclesPerInvocation=621027
n1_i2,2,1,2,performance,false,layers.*/mlp,/model/layers.6/mlp/up_proj/MatMul,FullyConnected,FullyConnected,fullyconnected:/model/layers.6/mlp/up_proj/MatMul,fullyconnected:/model/layers.6/mlp/up_proj/MatMul,fully_connected,fully_connected_gpu_bf_tiled,525,fully_connected_gpu_bf_tiled_2740906288179525049_0_0,fully_connected_gpu_bf_tiled_2740906288179525049_0_0,1,1326,matched,aligned,true,true,true,exec_profile,gtpin_total_execution_cycles,105518910,599539,cycles,176,105518910,599539,0,0,,,0,0,0,"{""gtpin_avg_execution_cycles_per_invocation"":599539,""gtpin_invocation_count"":176,""gtpin_total_execution_cycles"":105518910}",InvocationCount=176;TotalExecutionCycles=105518910;AvgExecutionCyclesPerInvocation=599539
n1_i2,2,1,2,performance,false,layers.*/mlp,/model/layers.19/mlp/up_proj/MatMul,FullyConnected,FullyConnected,fullyconnected:/model/layers.19/mlp/up_proj/MatMul,fullyconnected:/model/layers.19/mlp/up_proj/MatMul,fully_connected,fully_connected_gpu_bf_tiled,993,fully_connected_gpu_bf_tiled_2740906288179525049_0_0,fully_connected_gpu_bf_tiled_2740906288179525049_0_0,1,1612,matched,aligned,true,true,true,exec_profile,gtpin_total_execution_cycles,104390968,593130,cycles,176,104390968,593130,0,0,,,0,0,0,"{""gtpin_avg_execution_cycles_per_invocation"":593130,""gtpin_invocation_count"":176,""gtpin_total_execution_cycles"":104390968}",InvocationCount=176;TotalExecutionCycles=104390968;AvgExecutionCyclesPerInvocation=593130
n1_i2,2,1,2,performance,false,layers.*/mlp,/model/layers.16/mlp/up_proj/MatMul,FullyConnected,FullyConnected,fullyconnected:/model/layers.16/mlp/up_proj/MatMul,fullyconnected:/model/layers.16/mlp/up_proj/MatMul,fully_connected,fully_connected_gpu_bf_tiled,885,fully_connected_gpu_bf_tiled_2740906288179525049_0_0,fully_connected_gpu_bf_tiled_2740906288179525049_0_0,1,1546,matched,aligned,true,true,true,exec_profile,gtpin_total_execution_cycles,103447026,587767,cycles,176,103447026,587767,0,0,,,0,0,0,"{""gtpin_avg_execution_cycles_per_invocation"":587767,""gtpin_invocation_count"":176,""gtpin_total_execution_cycles"":103447026}",InvocationCount=176;TotalExecutionCycles=103447026;AvgExecutionCyclesPerInvocation=587767
n1_i2,2,1,2,performance,false,layers.*/mlp,/model/layers.20/mlp/gate_proj/MatMul,FullyConnected,FullyConnected,fullyconnected:/model/layers.20/mlp/gate_proj/MatMul,fullyconnected:/model/layers.20/mlp/gate_proj/MatMul,fully_connected,fully_connected_gpu_bf_tiled,1030,fully_connected_gpu_bf_tiled_9957149419786459120_0_0,fully_connected_gpu_bf_tiled_9957149419786459120_0_0,1,1635,matched,aligned,true,true,true,exec_profile,gtpin_total_execution_cycles,102915050,584744,cycles,176,102915050,584744,0,0,,,0,0,0,"{""gtpin_avg_execution_cycles_per_invocation"":584744,""gtpin_invocation_count"":176,""gtpin_total_execution_cycles"":102915050}",InvocationCount=176;TotalExecutionCycles=102915050;AvgExecutionCyclesPerInvocation=584744
n1_i2,2,1,2,performance,false,layers.*/mlp,/model/layers.20/mlp/up_proj/MatMul,FullyConnected,FullyConnected,fullyconnected:/model/layers.20/mlp/up_proj/MatMul,fullyconnected:/model/layers.20/mlp/up_proj/MatMul,fully_connected,fully_connected_gpu_bf_tiled,1029,fully_connected_gpu_bf_tiled_2740906288179525049_0_0,fully_connected_gpu_bf_tiled_2740906288179525049_0_0,1,1634,matched,aligned,true,true,true,exec_profile,gtpin_total_execution_cycles,101278150,575444,cycles,176,101278150,575444,0,0,,,0,0,0,"{""gtpin_avg_execution_cycles_per_invocation"":575444,""gtpin_invocation_count"":176,""gtpin_total_execution_cycles"":101278150}",InvocationCount=176;TotalExecutionCycles=101278150;AvgExecutionCyclesPerInvocation=575444
n1_i2,2,1,2,performance,false,layers.*/mlp,/model/layers.21/mlp/up_proj/MatMul,FullyConnected,FullyConnected,fullyconnected:/model/layers.21/mlp/up_proj/MatMul,fullyconnected:/model/layers.21/mlp/up_proj/MatMul,fully_connected,fully_connected_gpu_bf_tiled,1065,fully_connected_gpu_bf_tiled_2740906288179525049_0_0,fully_connected_gpu_bf_tiled_2740906288179525049_0_0,1,1656,matched,aligned,true,true,true,exec_profile,gtpin_total_execution_cycles,100910452,573354,cycles,176,100910452,573354,0,0,,,0,0,0,"{""gtpin_avg_execution_cycles_per_invocation"":573354,""gtpin_invocation_count"":176,""gtpin_total_execution_cycles"":100910452}",InvocationCount=176;TotalExecutionCycles=100910452;AvgExecutionCyclesPerInvocation=573354
n1_i2,2,1,2,performance,false,layers.*/mlp,/model/layers.17/mlp/up_proj/MatMul,FullyConnected,FullyConnected,fullyconnected:/model/layers.17/mlp/up_proj/MatMul,fullyconnected:/model/layers.17/mlp/up_proj/MatMul,fully_connected,fully_connected_gpu_bf_tiled,921,fully_connected_gpu_bf_tiled_2740906288179525049_0_0,fully_connected_gpu_bf_tiled_2740906288179525049_0_0,1,1568,matched,aligned,true,true,true,exec_profile,gtpin_total_execution_cycles,99911270,567677,cycles,176,99911270,567677,0,0,,,0,0,0,"{""gtpin_avg_execution_cycles_per_invocation"":567677,""gtpin_invocation_count"":176,""gtpin_total_execution_cycles"":99911270}",InvocationCount=176;TotalExecutionCycles=99911270;AvgExecutionCyclesPerInvocation=567677
n1_i2,2,1,2,performance,false,layers.*/mlp,/model/layers.18/mlp/up_proj/MatMul,FullyConnected,FullyConnected,fullyconnected:/model/layers.18/mlp/up_proj/MatMul,fullyconnected:/model/layers.18/mlp/up_proj/MatMul,fully_connected,fully_connected_gpu_bf_tiled,957,fully_connected_gpu_bf_tiled_2740906288179525049_0_0,fully_connected_gpu_bf_tiled_2740906288179525049_0_0,1,1590,matched,aligned,true,true,true,exec_profile,gtpin_total_execution_cycles,99429162,564938,cycles,176,99429162,564938,0,0,,,0,0,0,"{""gtpin_avg_execution_cycles_per_invocation"":564938,""gtpin_invocation_count"":176,""gtpin_total_execution_cycles"":99429162}",InvocationCount=176;TotalExecutionCycles=99429162;AvgExecutionCyclesPerInvocation=564938
n1_i2,2,1,2,performance,false,layers.*/mlp,/model/layers.0/mlp/down_proj/MatMul,FullyConnected,FullyConnected,fullyconnected:/model/layers.0/mlp/down_proj/MatMul,fullyconnected:/model/layers.0/mlp/down_proj/MatMul,fully_connected,fully_connected_gpu_bf_tiled,311,fully_connected_gpu_bf_tiled_2727911967636154657_0_0,fully_connected_gpu_bf_tiled_2727911967636154657_0_0,1,1196,matched,aligned,true,true,true,exec_profile,gtpin_total_execution_cycles,91776174,1434002,cycles,64,91776174,1434002,0,0,,,0,0,0,"{""gtpin_avg_execution_cycles_per_invocation"":1434002,""gtpin_invocation_count"":64,""gtpin_total_execution_cycles"":91776174}",InvocationCount=64;TotalExecutionCycles=91776174;AvgExecutionCyclesPerInvocation=1434002
n1_i2,2,1,2,performance,false,layers.*/mlp,/model/layers.7/mlp/down_proj/MatMul,FullyConnected,FullyConnected,fullyconnected:/model/layers.7/mlp/down_proj/MatMul,fullyconnected:/model/layers.7/mlp/down_proj/MatMul,fully_connected,fully_connected_gpu_bf_tiled,563,fully_connected_gpu_bf_tiled_2727911967636154657_0_0,fully_connected_gpu_bf_tiled_2727911967636154657_0_0,1,1350,matched,aligned,true,true,true,exec_profile,gtpin_total_execution_cycles,85300508,1332820,cycles,64,85300508,1332820,0,0,,,0,0,0,"{""gtpin_avg_execution_cycles_per_invocation"":1332820,""gtpin_invocation_count"":64,""gtpin_total_execution_cycles"":85300508}",InvocationCount=64;TotalExecutionCycles=85300508;AvgExecutionCyclesPerInvocation=1332820
n1_i2,2,1,2,performance,false,layers.*/mlp,/model/layers.13/mlp/down_proj/MatMul,FullyConnected,FullyConnected,fullyconnected:/model/layers.13/mlp/down_proj/MatMul,fullyconnected:/model/layers.13/mlp/down_proj/MatMul,fully_connected,fully_connected_gpu_bf_tiled,779,fully_connected_gpu_bf_tiled_2727911967636154657_0_0,fully_connected_gpu_bf_tiled_2727911967636154657_0_0,1,1482,matched,aligned,true,true,true,exec_profile,gtpin_total_execution_cycles,83976272,1312129,cycles,64,83976272,1312129,0,0,,,0,0,0,"{""gtpin_avg_execution_cycles_per_invocation"":1312129,""gtpin_invocation_count"":64,""gtpin_total_execution_cycles"":83976272}",InvocationCount=64;TotalExecutionCycles=83976272;AvgExecutionCyclesPerInvocation=1312129
n1_i2,2,1,2,performance,false,layers.*/mlp,/model/layers.2/mlp/down_proj/MatMul,FullyConnected,FullyConnected,fullyconnected:/model/layers.2/mlp/down_proj/MatMul,fullyconnected:/model/layers.2/mlp/down_proj/MatMul,fully_connected,fully_connected_gpu_bf_tiled,383,fully_connected_gpu_bf_tiled_2727911967636154657_0_0,fully_connected_gpu_bf_tiled_2727911967636154657_0_0,1,1240,matched,aligned,true,true,true,exec_profile,gtpin_total_execution_cycles,83095588,1298368,cycles,64,83095588,1298368,0,0,,,0,0,0,"{""gtpin_avg_execution_cycles_per_invocation"":1298368,""gtpin_invocation_count"":64,""gtpin_total_execution_cycles"":83095588}",InvocationCount=64;TotalExecutionCycles=83095588;AvgExecutionCyclesPerInvocation=1298368
n1_i2,2,1,2,performance,false,layers.*/mlp,/model/layers.10/mlp/down_proj/MatMul,FullyConnected,FullyConnected,fullyconnected:/model/layers.10/mlp/down_proj/MatMul,fullyconnected:/model/layers.10/mlp/down_proj/MatMul,fully_connected,fully_connected_gpu_bf_tiled,671,fully_connected_gpu_bf_tiled_2727911967636154657_0_0,fully_connected_gpu_bf_tiled_2727911967636154657_0_0,1,1416,matched,aligned,true,true,true,exec_profile,gtpin_total_execution_cycles,82294394,1285849,cycles,64,82294394,1285849,0,0,,,0,0,0,"{""gtpin_avg_execution_cycles_per_invocation"":1285849,""gtpin_invocation_count"":64,""gtpin_total_execution_cycles"":82294394}",InvocationCount=64;TotalExecutionCycles=82294394;AvgExecutionCyclesPerInvocation=1285849
n1_i2,2,1,2,performance,false,layers.*/mlp,/model/layers.12/mlp/down_proj/MatMul,FullyConnected,FullyConnected,fullyconnected:/model/layers.12/mlp/down_proj/MatMul,fullyconnected:/model/layers.12/mlp/down_proj/MatMul,fully_connected,fully_connected_gpu_bf_tiled,743,fully_connected_gpu_bf_tiled_2727911967636154657_0_0,fully_connected_gpu_bf_tiled_2727911967636154657_0_0,1,1460,matched,aligned,true,true,true,exec_profile,gtpin_total_execution_cycles,82086634,1282603,cycles,64,82086634,1282603,0,0,,,0,0,0,"{""gtpin_avg_execution_cycles_per_invocation"":1282603,""gtpin_invocation_count"":64,""gtpin_total_execution_cycles"":82086634}",InvocationCount=64;TotalExecutionCycles=82086634;AvgExecutionCyclesPerInvocation=1282603
n1_i2,2,1,2,performance,false,layers.*/mlp,/model/layers.14/mlp/down_proj/MatMul,FullyConnected,FullyConnected,fullyconnected:/model/layers.14/mlp/down_proj/MatMul,fullyconnected:/model/layers.14/mlp/down_proj/MatMul,fully_connected,fully_connected_gpu_bf_tiled,815,fully_connected_gpu_bf_tiled_2727911967636154657_0_0,fully_connected_gpu_bf_tiled_2727911967636154657_0_0,1,1504,matched,aligned,true,true,true,exec_profile,gtpin_total_execution_cycles,81188402,1268568,cycles,64,81188402,1268568,0,0,,,0,0,0,"{""gtpin_avg_execution_cycles_per_invocation"":1268568,""gtpin_invocation_count"":64,""gtpin_total_execution_cycles"":81188402}",InvocationCount=64;TotalExecutionCycles=81188402;AvgExecutionCyclesPerInvocation=1268568
n1_i2,2,1,2,performance,false,layers.*/mlp,/model/layers.15/mlp/down_proj/MatMul,FullyConnected,FullyConnected,fullyconnected:/model/layers.15/mlp/down_proj/MatMul,fullyconnected:/model/layers.15/mlp/down_proj/MatMul,fully_connected,fully_connected_gpu_bf_tiled,851,fully_connected_gpu_bf_tiled_2727911967636154657_0_0,fully_connected_gpu_bf_tiled_2727911967636154657_0_0,1,1526,matched,aligned,true,true,true,exec_profile,gtpin_total_execution_cycles,80655754,1260246,cycles,64,80655754,1260246,0,0,,,0,0,0,"{""gtpin_avg_execution_cycles_per_invocation"":1260246,""gtpin_invocation_count"":64,""gtpin_total_execution_cycles"":80655754}",InvocationCount=64;TotalExecutionCycles=80655754;AvgExecutionCyclesPerInvocation=1260246
n1_i2,2,1,2,performance,false,layers.*/mlp,/model/layers.1/mlp/down_proj/MatMul,FullyConnected,FullyConnected,fullyconnected:/model/layers.1/mlp/down_proj/MatMul,fullyconnected:/model/layers.1/mlp/down_proj/MatMul,fully_connected,fully_connected_gpu_bf_tiled,347,fully_connected_gpu_bf_tiled_2727911967636154657_0_0,fully_connected_gpu_bf_tiled_2727911967636154657_0_0,1,1218,matched,aligned,true,true,true,exec_profile,gtpin_total_execution_cycles,79841552,1247524,cycles,64,79841552,1247524,0,0,,,0,0,0,"{""gtpin_avg_execution_cycles_per_invocation"":1247524,""gtpin_invocation_count"":64,""gtpin_total_execution_cycles"":79841552}",InvocationCount=64;TotalExecutionCycles=79841552;AvgExecutionCyclesPerInvocation=1247524
n1_i2,2,1,2,performance,false,layers.*/mlp,/model/layers.17/mlp/down_proj/MatMul,FullyConnected,FullyConnected,fullyconnected:/model/layers.17/mlp/down_proj/MatMul,fullyconnected:/model/layers.17/mlp/down_proj/MatMul,fully_connected,fully_connected_gpu_bf_tiled,923,fully_connected_gpu_bf_tiled_2727911967636154657_0_0,fully_connected_gpu_bf_tiled_2727911967636154657_0_0,1,1570,matched,aligned,true,true,true,exec_profile,gtpin_total_execution_cycles,79689744,1245152,cycles,64,79689744,1245152,0,0,,,0,0,0,"{""gtpin_avg_execution_cycles_per_invocation"":1245152,""gtpin_invocation_count"":64,""gtpin_total_execution_cycles"":79689744}",InvocationCount=64;TotalExecutionCycles=79689744;AvgExecutionCyclesPerInvocation=1245152
n1_i2,2,1,2,performance,false,layers.*/mlp,/model/layers.11/mlp/down_proj/MatMul,FullyConnected,FullyConnected,fullyconnected:/model/layers.11/mlp/down_proj/MatMul,fullyconnected:/model/layers.11/mlp/down_proj/MatMul,fully_connected,fully_connected_gpu_bf_tiled,707,fully_connected_gpu_bf_tiled_2727911967636154657_0_0,fully_connected_gpu_bf_tiled_2727911967636154657_0_0,1,1438,matched,aligned,true,true,true,exec_profile,gtpin_total_execution_cycles,79427884,1241060,cycles,64,79427884,1241060,0,0,,,0,0,0,"{""gtpin_avg_execution_cycles_per_invocation"":1241060,""gtpin_invocation_count"":64,""gtpin_total_execution_cycles"":79427884}",InvocationCount=64;TotalExecutionCycles=79427884;AvgExecutionCyclesPerInvocation=1241060
n1_i2,2,1,2,performance,false,layers.*/mlp,/model/layers.21/mlp/down_proj/MatMul,FullyConnected,FullyConnected,fullyconnected:/model/layers.21/mlp/down_proj/MatMul,fullyconnected:/model/layers.21/mlp/down_proj/MatMul,fully_connected,fully_connected_gpu_bf_tiled,1067,fully_connected_gpu_bf_tiled_2727911967636154657_0_0,fully_connected_gpu_bf_tiled_2727911967636154657_0_0,1,1658,matched,aligned,true,true,true,exec_profile,gtpin_total_execution_cycles,79253000,1238328,cycles,64,79253000,1238328,0,0,,,0,0,0,"{""gtpin_avg_execution_cycles_per_invocation"":1238328,""gtpin_invocation_count"":64,""gtpin_total_execution_cycles"":79253000}",InvocationCount=64;TotalExecutionCycles=79253000;AvgExecutionCyclesPerInvocation=1238328
n1_i2,2,1,2,performance,false,layers.*/mlp,/model/layers.8/mlp/down_proj/MatMul,FullyConnected,FullyConnected,fullyconnected:/model/layers.8/mlp/down_proj/MatMul,fullyconnected:/model/layers.8/mlp/down_proj/MatMul,fully_connected,fully_connected_gpu_bf_tiled,599,fully_connected_gpu_bf_tiled_2727911967636154657_0_0,fully_connected_gpu_bf_tiled_2727911967636154657_0_0,1,1372,matched,aligned,true,true,true,exec_profile,gtpin_total_execution_cycles,79038272,1234973,cycles,64,79038272,1234973,0,0,,,0,0,0,"{""gtpin_avg_execution_cycles_per_invocation"":1234973,""gtpin_invocation_count"":64,""gtpin_total_execution_cycles"":79038272}",InvocationCount=64;TotalExecutionCycles=79038272;AvgExecutionCyclesPerInvocation=1234973
n1_i2,2,1,2,performance,false,layers.*/mlp,/model/layers.9/mlp/down_proj/MatMul,FullyConnected,FullyConnected,fullyconnected:/model/layers.9/mlp/down_proj/MatMul,fullyconnected:/model/layers.9/mlp/down_proj/MatMul,fully_connected,fully_connected_gpu_bf_tiled,635,fully_connected_gpu_bf_tiled_2727911967636154657_0_0,fully_connected_gpu_bf_tiled_2727911967636154657_0_0,1,1394,matched,aligned,true,true,true,exec_profile,gtpin_total_execution_cycles,79023112,1234736,cycles,64,79023112,1234736,0,0,,,0,0,0,"{""gtpin_avg_execution_cycles_per_invocation"":1234736,""gtpin_invocation_count"":64,""gtpin_total_execution_cycles"":79023112}",InvocationCount=64;TotalExecutionCycles=79023112;AvgExecutionCyclesPerInvocation=1234736
n1_i2,2,1,2,performance,false,layers.*/mlp,/model/layers.3/mlp/down_proj/MatMul,FullyConnected,FullyConnected,fullyconnected:/model/layers.3/mlp/down_proj/MatMul,fullyconnected:/model/layers.3/mlp/down_proj/MatMul,fully_connected,fully_connected_gpu_bf_tiled,419,fully_connected_gpu_bf_tiled_2727911967636154657_0_0,fully_connected_gpu_bf_tiled_2727911967636154657_0_0,1,1262,matched,aligned,true,true,true,exec_profile,gtpin_total_execution_cycles,78521150,1226892,cycles,64,78521150,1226892,0,0,,,0,0,0,"{""gtpin_avg_execution_cycles_per_invocation"":1226892,""gtpin_invocation_count"":64,""gtpin_total_execution_cycles"":78521150}",InvocationCount=64;TotalExecutionCycles=78521150;AvgExecutionCyclesPerInvocation=1226892
n1_i2,2,1,2,performance,false,layers.*/mlp,/model/layers.6/mlp/down_proj/MatMul,FullyConnected,FullyConnected,fullyconnected:/model/layers.6/mlp/down_proj/MatMul,fullyconnected:/model/layers.6/mlp/down_proj/MatMul,fully_connected,fully_connected_gpu_bf_tiled,527,fully_connected_gpu_bf_tiled_2727911967636154657_0_0,fully_connected_gpu_bf_tiled_2727911967636154657_0_0,1,1328,matched,aligned,true,true,true,exec_profile,gtpin_total_execution_cycles,78238426,1222475,cycles,64,78238426,1222475,0,0,,,0,0,0,"{""gtpin_avg_execution_cycles_per_invocation"":1222475,""gtpin_invocation_count"":64,""gtpin_total_execution_cycles"":78238426}",InvocationCount=64;TotalExecutionCycles=78238426;AvgExecutionCyclesPerInvocation=1222475
n1_i2,2,1,2,performance,false,layers.*/mlp,/model/layers.4/mlp/down_proj/MatMul,FullyConnected,FullyConnected,fullyconnected:/model/layers.4/mlp/down_proj/MatMul,fullyconnected:/model/layers.4/mlp/down_proj/MatMul,fully_connected,fully_connected_gpu_bf_tiled,455,fully_connected_gpu_bf_tiled_2727911967636154657_0_0,fully_connected_gpu_bf_tiled_2727911967636154657_0_0,1,1284,matched,aligned,true,true,true,exec_profile,gtpin_total_execution_cycles,76691560,1198305,cycles,64,76691560,1198305,0,0,,,0,0,0,"{""gtpin_avg_execution_cycles_per_invocation"":1198305,""gtpin_invocation_count"":64,""gtpin_total_execution_cycles"":76691560}",InvocationCount=64;TotalExecutionCycles=76691560;AvgExecutionCyclesPerInvocation=1198305
n1_i2,2,1,2,performance,false,layers.*/mlp,/model/layers.5/mlp/down_proj/MatMul,FullyConnected,FullyConnected,fullyconnected:/model/layers.5/mlp/down_proj/MatMul,fullyconnected:/model/layers.5/mlp/down_proj/MatMul,fully_connected,fully_connected_gpu_bf_tiled,491,fully_connected_gpu_bf_tiled_2727911967636154657_0_0,fully_connected_gpu_bf_tiled_2727911967636154657_0_0,1,1306,matched,aligned,true,true,true,exec_profile,gtpin_total_execution_cycles,76643828,1197559,cycles,64,76643828,1197559,0,0,,,0,0,0,"{""gtpin_avg_execution_cycles_per_invocation"":1197559,""gtpin_invocation_count"":64,""gtpin_total_execution_cycles"":76643828}",InvocationCount=64;TotalExecutionCycles=76643828;AvgExecutionCyclesPerInvocation=1197559
n1_i2,2,1,2,performance,false,layers.*/mlp,/model/layers.19/mlp/down_proj/MatMul,FullyConnected,FullyConnected,fullyconnected:/model/layers.19/mlp/down_proj/MatMul,fullyconnected:/model/layers.19/mlp/down_proj/MatMul,fully_connected,fully_connected_gpu_bf_tiled,995,fully_connected_gpu_bf_tiled_2727911967636154657_0_0,fully_connected_gpu_bf_tiled_2727911967636154657_0_0,1,1614,matched,aligned,true,true,true,exec_profile,gtpin_total_execution_cycles,76576470,1196507,cycles,64,76576470,1196507,0,0,,,0,0,0,"{""gtpin_avg_execution_cycles_per_invocation"":1196507,""gtpin_invocation_count"":64,""gtpin_total_execution_cycles"":76576470}",InvocationCount=64;TotalExecutionCycles=76576470;AvgExecutionCyclesPerInvocation=1196507
n1_i2,2,1,2,performance,false,layers.*/mlp,/model/layers.20/mlp/down_proj/MatMul,FullyConnected,FullyConnected,fullyconnected:/model/layers.20/mlp/down_proj/MatMul,fullyconnected:/model/layers.20/mlp/down_proj/MatMul,fully_connected,fully_connected_gpu_bf_tiled,1031,fully_connected_gpu_bf_tiled_2727911967636154657_0_0,fully_connected_gpu_bf_tiled_2727911967636154657_0_0,1,1636,matched,aligned,true,true,true,exec_profile,gtpin_total_execution_cycles,76073244,1188644,cycles,64,76073244,1188644,0,0,,,0,0,0,"{""gtpin_avg_execution_cycles_per_invocation"":1188644,""gtpin_invocation_count"":64,""gtpin_total_execution_cycles"":76073244}",InvocationCount=64;TotalExecutionCycles=76073244;AvgExecutionCyclesPerInvocation=1188644
n1_i2,2,1,2,performance,false,layers.*/mlp,/model/layers.16/mlp/down_proj/MatMul,FullyConnected,FullyConnected,fullyconnected:/model/layers.16/mlp/down_proj/MatMul,fullyconnected:/model/layers.16/mlp/down_proj/MatMul,fully_connected,fully_connected_gpu_bf_tiled,887,fully_connected_gpu_bf_tiled_2727911967636154657_0_0,fully_connected_gpu_bf_tiled_2727911967636154657_0_0,1,1548,matched,aligned,true,true,true,exec_profile,gtpin_total_execution_cycles,75971590,1187056,cycles,64,75971590,1187056,0,0,,,0,0,0,"{""gtpin_avg_execution_cycles_per_invocation"":1187056,""gtpin_invocation_count"":64,""gtpin_total_execution_cycles"":75971590}",InvocationCount=64;TotalExecutionCycles=75971590;AvgExecutionCyclesPerInvocation=1187056
n1_i2,2,1,2,performance,false,layers.*/mlp,/model/layers.18/mlp/down_proj/MatMul,FullyConnected,FullyConnected,fullyconnected:/model/layers.18/mlp/down_proj/MatMul,fullyconnected:/model/layers.18/mlp/down_proj/MatMul,fully_connected,fully_connected_gpu_bf_tiled,959,fully_connected_gpu_bf_tiled_2727911967636154657_0_0,fully_connected_gpu_bf_tiled_2727911967636154657_0_0,1,1592,matched,aligned,true,true,true,exec_profile,gtpin_total_execution_cycles,75874550,1185539,cycles,64,75874550,1185539,0,0,,,0,0,0,"{""gtpin_avg_execution_cycles_per_invocation"":1185539,""gtpin_invocation_count"":64,""gtpin_total_execution_cycles"":75874550}",InvocationCount=64;TotalExecutionCycles=75874550;AvgExecutionCyclesPerInvocation=1185539
n1_i2,2,1,2,performance,false,layers.*/self_attn,/model/layers.1/self_attn/q_proj/MatMul,FullyConnected,FullyConnected,fullyconnected:/model/layers.1/self_attn/q_proj/MatMul,fullyconnected:/model/layers.1/self_attn/q_proj/MatMul,fully_connected,fully_connected_gpu_bf_tiled,314,fully_connected_gpu_bf_tiled_5315586391497964380_0_0,fully_connected_gpu_bf_tiled_5315586391497964380_0_0,1,1199,matched,aligned,true,true,true,exec_profile,gtpin_total_execution_cycles,36158722,564980,cycles,64,36158722,564980,0,0,,,0,0,0,"{""gtpin_avg_execution_cycles_per_invocation"":564980,""gtpin_invocation_count"":64,""gtpin_total_execution_cycles"":36158722}",InvocationCount=64;TotalExecutionCycles=36158722;AvgExecutionCyclesPerInvocation=564980
n1_i2,2,1,2,performance,false,layers.*/self_attn,/model/layers.14/self_attn/q_proj/MatMul,FullyConnected,FullyConnected,fullyconnected:/model/layers.14/self_attn/q_proj/MatMul,fullyconnected:/model/layers.14/self_attn/q_proj/MatMul,fully_connected,fully_connected_gpu_bf_tiled,782,fully_connected_gpu_bf_tiled_5315586391497964380_0_0,fully_connected_gpu_bf_tiled_5315586391497964380_0_0,1,1485,matched,aligned,true,true,true,exec_profile,gtpin_total_execution_cycles,32164672,502573,cycles,64,32164672,502573,0,0,,,0,0,0,"{""gtpin_avg_execution_cycles_per_invocation"":502573,""gtpin_invocation_count"":64,""gtpin_total_execution_cycles"":32164672}",InvocationCount=64;TotalExecutionCycles=32164672;AvgExecutionCyclesPerInvocation=502573
n1_i2,2,1,2,performance,false,layers.*/self_attn,/model/layers.21/self_attn/q_proj/MatMul,FullyConnected,FullyConnected,fullyconnected:/model/layers.21/self_attn/q_proj/MatMul,fullyconnected:/model/layers.21/self_attn/q_proj/MatMul,fully_connected,fully_connected_gpu_bf_tiled,1034,fully_connected_gpu_bf_tiled_5315586391497964380_0_0,fully_connected_gpu_bf_tiled_5315586391497964380_0_0,1,1639,matched,aligned,true,true,true,exec_profile,gtpin_total_execution_cycles,31835362,497427,cycles,64,31835362,497427,0,0,,,0,0,0,"{""gtpin_avg_execution_cycles_per_invocation"":497427,""gtpin_invocation_count"":64,""gtpin_total_execution_cycles"":31835362}",InvocationCount=64;TotalExecutionCycles=31835362;AvgExecutionCyclesPerInvocation=497427
n1_i2,2,1,2,performance,false,layers.*/self_attn,/model/layers.14/self_attn/o_proj/MatMul,FullyConnected,FullyConnected,fullyconnected:/model/layers.14/self_attn/o_proj/MatMul,fullyconnected:/model/layers.14/self_attn/o_proj/MatMul,fully_connected,fully_connected_gpu_bf_tiled,811,fully_connected_gpu_bf_tiled_14284117615310227244_0_0,fully_connected_gpu_bf_tiled_14284117615310227244_0_0,1,1500,matched,aligned,true,true,true,exec_profile,gtpin_total_execution_cycles,31774834,496481,cycles,64,31774834,496481,0,0,,,0,0,0,"{""gtpin_avg_execution_cycles_per_invocation"":496481,""gtpin_invocation_count"":64,""gtpin_total_execution_cycles"":31774834}",InvocationCount=64;TotalExecutionCycles=31774834;AvgExecutionCyclesPerInvocation=496481
n1_i2,2,1,2,performance,false,layers.*/self_attn,/model/layers.13/self_attn/q_proj/MatMul,FullyConnected,FullyConnected,fullyconnected:/model/layers.13/self_attn/q_proj/MatMul,fullyconnected:/model/layers.13/self_attn/q_proj/MatMul,fully_connected,fully_connected_gpu_bf_tiled,746,fully_connected_gpu_bf_tiled_5315586391497964380_0_0,fully_connected_gpu_bf_tiled_5315586391497964380_0_0,1,1463,matched,aligned,true,true,true,exec_profile,gtpin_total_execution_cycles,31562360,493161,cycles,64,31562360,493161,0,0,,,0,0,0,"{""gtpin_avg_execution_cycles_per_invocation"":493161,""gtpin_invocation_count"":64,""gtpin_total_execution_cycles"":31562360}",InvocationCount=64;TotalExecutionCycles=31562360;AvgExecutionCyclesPerInvocation=493161
n1_i2,2,1,2,performance,false,layers.*/self_attn,/model/layers.11/self_attn/q_proj/MatMul,FullyConnected,FullyConnected,fullyconnected:/model/layers.11/self_attn/q_proj/MatMul,fullyconnected:/model/layers.11/self_attn/q_proj/MatMul,fully_connected,fully_connected_gpu_bf_tiled,674,fully_connected_gpu_bf_tiled_5315586391497964380_0_0,fully_connected_gpu_bf_tiled_5315586391497964380_0_0,1,1419,matched,aligned,true,true,true,exec_profile,gtpin_total_execution_cycles,31199744,487496,cycles,64,31199744,487496,0,0,,,0,0,0,"{""gtpin_avg_execution_cycles_per_invocation"":487496,""gtpin_invocation_count"":64,""gtpin_total_execution_cycles"":31199744}",InvocationCount=64;TotalExecutionCycles=31199744;AvgExecutionCyclesPerInvocation=487496
n1_i2,2,1,2,performance,false,layers.*/self_attn,/model/layers.15/self_attn/q_proj/MatMul,FullyConnected,FullyConnected,fullyconnected:/model/layers.15/self_attn/q_proj/MatMul,fullyconnected:/model/layers.15/self_attn/q_proj/MatMul,fully_connected,fully_connected_gpu_bf_tiled,818,fully_connected_gpu_bf_tiled_5315586391497964380_0_0,fully_connected_gpu_bf_tiled_5315586391497964380_0_0,1,1507,matched,aligned,true,true,true,exec_profile,gtpin_total_execution_cycles,31170528,487039,cycles,64,31170528,487039,0,0,,,0,0,0,"{""gtpin_avg_execution_cycles_per_invocation"":487039,""gtpin_invocation_count"":64,""gtpin_total_execution_cycles"":31170528}",InvocationCount=64;TotalExecutionCycles=31170528;AvgExecutionCyclesPerInvocation=487039
n1_i2,2,1,2,performance,false,layers.*/self_attn,/model/layers.6/self_attn/o_proj/MatMul,FullyConnected,FullyConnected,fullyconnected:/model/layers.6/self_attn/o_proj/MatMul,fullyconnected:/model/layers.6/self_attn/o_proj/MatMul,fully_connected,fully_connected_gpu_bf_tiled,523,fully_connected_gpu_bf_tiled_14284117615310227244_0_0,fully_connected_gpu_bf_tiled_14284117615310227244_0_0,1,1324,matched,aligned,true,true,true,exec_profile,gtpin_total_execution_cycles,30288014,473250,cycles,64,30288014,473250,0,0,,,0,0,0,"{""gtpin_avg_execution_cycles_per_invocation"":473250,""gtpin_invocation_count"":64,""gtpin_total_execution_cycles"":30288014}",InvocationCount=64;TotalExecutionCycles=30288014;AvgExecutionCyclesPerInvocation=473250
n1_i2,2,1,2,performance,false,layers.*/self_attn,/model/layers.15/self_attn/o_proj/MatMul,FullyConnected,FullyConnected,fullyconnected:/model/layers.15/self_attn/o_proj/MatMul,fullyconnected:/model/layers.15/self_attn/o_proj/MatMul,fully_connected,fully_connected_gpu_bf_tiled,847,fully_connected_gpu_bf_tiled_14284117615310227244_0_0,fully_connected_gpu_bf_tiled_14284117615310227244_0_0,1,1522,matched,aligned,true,true,true,exec_profile,gtpin_total_execution_cycles,30283758,473183,cycles,64,30283758,473183,0,0,,,0,0,0,"{""gtpin_avg_execution_cycles_per_invocation"":473183,""gtpin_invocation_count"":64,""gtpin_total_execution_cycles"":30283758}",InvocationCount=64;TotalExecutionCycles=30283758;AvgExecutionCyclesPerInvocation=473183
n1_i2,2,1,2,performance,false,layers.*/self_attn,/model/layers.8/self_attn/q_proj/MatMul,FullyConnected,FullyConnected,fullyconnected:/model/layers.8/self_attn/q_proj/MatMul,fullyconnected:/model/layers.8/self_attn/q_proj/MatMul,fully_connected,fully_connected_gpu_bf_tiled,566,fully_connected_gpu_bf_tiled_5315586391497964380_0_0,fully_connected_gpu_bf_tiled_5315586391497964380_0_0,1,1353,matched,aligned,true,true,true,exec_profile,gtpin_total_execution_cycles,30096990,470265,cycles,64,30096990,470265,0,0,,,0,0,0,"{""gtpin_avg_execution_cycles_per_invocation"":470265,""gtpin_invocation_count"":64,""gtpin_total_execution_cycles"":30096990}",InvocationCount=64;TotalExecutionCycles=30096990;AvgExecutionCyclesPerInvocation=470265
n1_i2,2,1,2,performance,false,layers.*/self_attn,/model/layers.20/self_attn/o_proj/MatMul,FullyConnected,FullyConnected,fullyconnected:/model/layers.20/self_attn/o_proj/MatMul,fullyconnected:/model/layers.20/self_attn/o_proj/MatMul,fully_connected,fully_connected_gpu_bf_tiled,1027,fully_connected_gpu_bf_tiled_14284117615310227244_0_0,fully_connected_gpu_bf_tiled_14284117615310227244_0_0,1,1632,matched,aligned,true,true,true,exec_profile,gtpin_total_execution_cycles,30078494,469976,cycles,64,30078494,469976,0,0,,,0,0,0,"{""gtpin_avg_execution_cycles_per_invocation"":469976,""gtpin_invocation_count"":64,""gtpin_total_execution_cycles"":30078494}",InvocationCount=64;TotalExecutionCycles=30078494;AvgExecutionCyclesPerInvocation=469976
n1_i2,2,1,2,performance,false,layers.*/self_attn,/model/layers.0/self_attn/o_proj/MatMul,FullyConnected,FullyConnected,fullyconnected:/model/layers.0/self_attn/o_proj/MatMul,fullyconnected:/model/layers.0/self_attn/o_proj/MatMul,fully_connected,fully_connected_gpu_bf_tiled,307,fully_connected_gpu_bf_tiled_14284117615310227244_0_0,fully_connected_gpu_bf_tiled_14284117615310227244_0_0,1,1192,matched,aligned,true,true,true,exec_profile,gtpin_total_execution_cycles,30052802,469575,cycles,64,30052802,469575,0,0,,,0,0,0,"{""gtpin_avg_execution_cycles_per_invocation"":469575,""gtpin_invocation_count"":64,""gtpin_total_execution_cycles"":30052802}",InvocationCount=64;TotalExecutionCycles=30052802;AvgExecutionCyclesPerInvocation=469575
n1_i2,2,1,2,performance,false,layers.*/self_attn,/model/layers.0/self_attn/q_proj/MatMul,FullyConnected,FullyConnected,fullyconnected:/model/layers.0/self_attn/q_proj/MatMul,fullyconnected:/model/layers.0/self_attn/q_proj/MatMul,fully_connected,fully_connected_gpu_bf_tiled,239,fully_connected_gpu_bf_tiled_5315586391497964380_0_0,fully_connected_gpu_bf_tiled_5315586391497964380_0_0,1,1166,matched,aligned,true,true,true,exec_profile,gtpin_total_execution_cycles,29867656,466682,cycles,64,29867656,466682,0,0,,,0,0,0,"{""gtpin_avg_execution_cycles_per_invocation"":466682,""gtpin_invocation_count"":64,""gtpin_total_execution_cycles"":29867656}",InvocationCount=64;TotalExecutionCycles=29867656;AvgExecutionCyclesPerInvocation=466682
n1_i2,2,1,2,performance,false,layers.*/self_attn,/model/layers.13/self_attn/o_proj/MatMul,FullyConnected,FullyConnected,fullyconnected:/model/layers.13/self_attn/o_proj/MatMul,fullyconnected:/model/layers.13/self_attn/o_proj/MatMul,fully_connected,fully_connected_gpu_bf_tiled,775,fully_connected_gpu_bf_tiled_14284117615310227244_0_0,fully_connected_gpu_bf_tiled_14284117615310227244_0_0,1,1478,matched,aligned,true,true,true,exec_profile,gtpin_total_execution_cycles,29739374,464677,cycles,64,29739374,464677,0,0,,,0,0,0,"{""gtpin_avg_execution_cycles_per_invocation"":464677,""gtpin_invocation_count"":64,""gtpin_total_execution_cycles"":29739374}",InvocationCount=64;TotalExecutionCycles=29739374;AvgExecutionCyclesPerInvocation=464677
n1_i2,2,1,2,performance,false,layers.*/self_attn,/model/layers.4/self_attn/q_proj/MatMul,FullyConnected,FullyConnected,fullyconnected:/model/layers.4/self_attn/q_proj/MatMul,fullyconnected:/model/layers.4/self_attn/q_proj/MatMul,fully_connected,fully_connected_gpu_bf_tiled,422,fully_connected_gpu_bf_tiled_5315586391497964380_0_0,fully_connected_gpu_bf_tiled_5315586391497964380_0_0,1,1265,matched,aligned,true,true,true,exec_profile,gtpin_total_execution_cycles,29695892,463998,cycles,64,29695892,463998,0,0,,,0,0,0,"{""gtpin_avg_execution_cycles_per_invocation"":463998,""gtpin_invocation_count"":64,""gtpin_total_execution_cycles"":29695892}",InvocationCount=64;TotalExecutionCycles=29695892;AvgExecutionCyclesPerInvocation=463998
n1_i2,2,1,2,performance,false,layers.*/self_attn,/model/layers.7/self_attn/q_proj/MatMul,FullyConnected,FullyConnected,fullyconnected:/model/layers.7/self_attn/q_proj/MatMul,fullyconnected:/model/layers.7/self_attn/q_proj/MatMul,fully_connected,fully_connected_gpu_bf_tiled,530,fully_connected_gpu_bf_tiled_5315586391497964380_0_0,fully_connected_gpu_bf_tiled_5315586391497964380_0_0,1,1331,matched,aligned,true,true,true,exec_profile,gtpin_total_execution_cycles,29695754,463996,cycles,64,29695754,463996,0,0,,,0,0,0,"{""gtpin_avg_execution_cycles_per_invocation"":463996,""gtpin_invocation_count"":64,""gtpin_total_execution_cycles"":29695754}",InvocationCount=64;TotalExecutionCycles=29695754;AvgExecutionCyclesPerInvocation=463996
n1_i2,2,1,2,performance,false,layers.*/self_attn,/model/layers.3/self_attn/q_proj/MatMul,FullyConnected,FullyConnected,fullyconnected:/model/layers.3/self_attn/q_proj/MatMul,fullyconnected:/model/layers.3/self_attn/q_proj/MatMul,fully_connected,fully_connected_gpu_bf_tiled,386,fully_connected_gpu_bf_tiled_5315586391497964380_0_0,fully_connected_gpu_bf_tiled_5315586391497964380_0_0,1,1243,matched,aligned,true,true,true,exec_profile,gtpin_total_execution_cycles,29673430,463647,cycles,64,29673430,463647,0,0,,,0,0,0,"{""gtpin_avg_execution_cycles_per_invocation"":463647,""gtpin_invocation_count"":64,""gtpin_total_execution_cycles"":29673430}",InvocationCount=64;TotalExecutionCycles=29673430;AvgExecutionCyclesPerInvocation=463647
n1_i2,2,1,2,performance,false,layers.*/self_attn,/model/layers.12/self_attn/q_proj/MatMul,FullyConnected,FullyConnected,fullyconnected:/model/layers.12/self_attn/q_proj/MatMul,fullyconnected:/model/layers.12/self_attn/q_proj/MatMul,fully_connected,fully_connected_gpu_bf_tiled,710,fully_connected_gpu_bf_tiled_5315586391497964380_0_0,fully_connected_gpu_bf_tiled_5315586391497964380_0_0,1,1441,matched,aligned,true,true,true,exec_profile,gtpin_total_execution_cycles,29644928,463202,cycles,64,29644928,463202,0,0,,,0,0,0,"{""gtpin_avg_execution_cycles_per_invocation"":463202,""gtpin_invocation_count"":64,""gtpin_total_execution_cycles"":29644928}",InvocationCount=64;TotalExecutionCycles=29644928;AvgExecutionCyclesPerInvocation=463202
n1_i2,2,1,2,performance,false,layers.*/self_attn,/model/layers.1/self_attn/o_proj/MatMul,FullyConnected,FullyConnected,fullyconnected:/model/layers.1/self_attn/o_proj/MatMul,fullyconnected:/model/layers.1/self_attn/o_proj/MatMul,fully_connected,fully_connected_gpu_bf_tiled,343,fully_connected_gpu_bf_tiled_14284117615310227244_0_0,fully_connected_gpu_bf_tiled_14284117615310227244_0_0,1,1214,matched,aligned,true,true,true,exec_profile,gtpin_total_execution_cycles,29638040,463094,cycles,64,29638040,463094,0,0,,,0,0,0,"{""gtpin_avg_execution_cycles_per_invocation"":463094,""gtpin_invocation_count"":64,""gtpin_total_execution_cycles"":29638040}",InvocationCount=64;TotalExecutionCycles=29638040;AvgExecutionCyclesPerInvocation=463094
n1_i2,2,1,2,performance,false,layers.*/self_attn,/model/layers.16/self_attn/q_proj/MatMul,FullyConnected,FullyConnected,fullyconnected:/model/layers.16/self_attn/q_proj/MatMul,fullyconnected:/model/layers.16/self_attn/q_proj/MatMul,fully_connected,fully_connected_gpu_bf_tiled,854,fully_connected_gpu_bf_tiled_5315586391497964380_0_0,fully_connected_gpu_bf_tiled_5315586391497964380_0_0,1,1529,matched,aligned,true,true,true,exec_profile,gtpin_total_execution_cycles,29579508,462179,cycles,64,29579508,462179,0,0,,,0,0,0,"{""gtpin_avg_execution_cycles_per_invocation"":462179,""gtpin_invocation_count"":64,""gtpin_total_execution_cycles"":29579508}",InvocationCount=64;TotalExecutionCycles=29579508;AvgExecutionCyclesPerInvocation=462179
n1_i2,2,1,2,performance,false,layers.*/self_attn,/model/layers.9/self_attn/q_proj/MatMul,FullyConnected,FullyConnected,fullyconnected:/model/layers.9/self_attn/q_proj/MatMul,fullyconnected:/model/layers.9/self_attn/q_proj/MatMul,fully_connected,fully_connected_gpu_bf_tiled,602,fully_connected_gpu_bf_tiled_5315586391497964380_0_0,fully_connected_gpu_bf_tiled_5315586391497964380_0_0,1,1375,matched,aligned,true,true,true,exec_profile,gtpin_total_execution_cycles,29436572,459946,cycles,64,29436572,459946,0,0,,,0,0,0,"{""gtpin_avg_execution_cycles_per_invocation"":459946,""gtpin_invocation_count"":64,""gtpin_total_execution_cycles"":29436572}",InvocationCount=64;TotalExecutionCycles=29436572;AvgExecutionCyclesPerInvocation=459946
n1_i2,2,1,2,performance,false,layers.*/self_attn,/model/layers.2/self_attn/q_proj/MatMul,FullyConnected,FullyConnected,fullyconnected:/model/layers.2/self_attn/q_proj/MatMul,fullyconnected:/model/layers.2/self_attn/q_proj/MatMul,fully_connected,fully_connected_gpu_bf_tiled,350,fully_connected_gpu_bf_tiled_5315586391497964380_0_0,fully_connected_gpu_bf_tiled_5315586391497964380_0_0,1,1221,matched,aligned,true,true,true,exec_profile,gtpin_total_execution_cycles,29423054,459735,cycles,64,29423054,459735,0,0,,,0,0,0,"{""gtpin_avg_execution_cycles_per_invocation"":459735,""gtpin_invocation_count"":64,""gtpin_total_execution_cycles"":29423054}",InvocationCount=64;TotalExecutionCycles=29423054;AvgExecutionCyclesPerInvocation=459735
n1_i2,2,1,2,performance,false,layers.*/self_attn,/model/layers.10/self_attn/q_proj/MatMul,FullyConnected,FullyConnected,fullyconnected:/model/layers.10/self_attn/q_proj/MatMul,fullyconnected:/model/layers.10/self_attn/q_proj/MatMul,fully_connected,fully_connected_gpu_bf_tiled,638,fully_connected_gpu_bf_tiled_5315586391497964380_0_0,fully_connected_gpu_bf_tiled_5315586391497964380_0_0,1,1397,matched,aligned,true,true,true,exec_profile,gtpin_total_execution_cycles,29380092,459063,cycles,64,29380092,459063,0,0,,,0,0,0,"{""gtpin_avg_execution_cycles_per_invocation"":459063,""gtpin_invocation_count"":64,""gtpin_total_execution_cycles"":29380092}",InvocationCount=64;TotalExecutionCycles=29380092;AvgExecutionCyclesPerInvocation=459063
n1_i2,2,1,2,performance,false,layers.*/self_attn,/model/layers.11/self_attn/o_proj/MatMul,FullyConnected,FullyConnected,fullyconnected:/model/layers.11/self_attn/o_proj/MatMul,fullyconnected:/model/layers.11/self_attn/o_proj/MatMul,fully_connected,fully_connected_gpu_bf_tiled,703,fully_connected_gpu_bf_tiled_14284117615310227244_0_0,fully_connected_gpu_bf_tiled_14284117615310227244_0_0,1,1434,matched,aligned,true,true,true,exec_profile,gtpin_total_execution_cycles,29300838,457825,cycles,64,29300838,457825,0,0,,,0,0,0,"{""gtpin_avg_execution_cycles_per_invocation"":457825,""gtpin_invocation_count"":64,""gtpin_total_execution_cycles"":29300838}",InvocationCount=64;TotalExecutionCycles=29300838;AvgExecutionCyclesPerInvocation=457825
n1_i2,2,1,2,performance,false,layers.*/self_attn,/model/layers.5/self_attn/o_proj/MatMul,FullyConnected,FullyConnected,fullyconnected:/model/layers.5/self_attn/o_proj/MatMul,fullyconnected:/model/layers.5/self_attn/o_proj/MatMul,fully_connected,fully_connected_gpu_bf_tiled,487,fully_connected_gpu_bf_tiled_14284117615310227244_0_0,fully_connected_gpu_bf_tiled_14284117615310227244_0_0,1,1302,matched,aligned,true,true,true,exec_profile,gtpin_total_execution_cycles,29258344,457161,cycles,64,29258344,457161,0,0,,,0,0,0,"{""gtpin_avg_execution_cycles_per_invocation"":457161,""gtpin_invocation_count"":64,""gtpin_total_execution_cycles"":29258344}",InvocationCount=64;TotalExecutionCycles=29258344;AvgExecutionCyclesPerInvocation=457161
n1_i2,2,1,2,performance,false,layers.*/self_attn,/model/layers.2/self_attn/o_proj/MatMul,FullyConnected,FullyConnected,fullyconnected:/model/layers.2/self_attn/o_proj/MatMul,fullyconnected:/model/layers.2/self_attn/o_proj/MatMul,fully_connected,fully_connected_gpu_bf_tiled,379,fully_connected_gpu_bf_tiled_14284117615310227244_0_0,fully_connected_gpu_bf_tiled_14284117615310227244_0_0,1,1236,matched,aligned,true,true,true,exec_profile,gtpin_total_execution_cycles,29176368,455880,cycles,64,29176368,455880,0,0,,,0,0,0,"{""gtpin_avg_execution_cycles_per_invocation"":455880,""gtpin_invocation_count"":64,""gtpin_total_execution_cycles"":29176368}",InvocationCount=64;TotalExecutionCycles=29176368;AvgExecutionCyclesPerInvocation=455880
n1_i2,2,1,2,performance,false,layers.*/self_attn,/model/layers.12/self_attn/o_proj/MatMul,FullyConnected,FullyConnected,fullyconnected:/model/layers.12/self_attn/o_proj/MatMul,fullyconnected:/model/layers.12/self_attn/o_proj/MatMul,fully_connected,fully_connected_gpu_bf_tiled,739,fully_connected_gpu_bf_tiled_14284117615310227244_0_0,fully_connected_gpu_bf_tiled_14284117615310227244_0_0,1,1456,matched,aligned,true,true,true,exec_profile,gtpin_total_execution_cycles,29176236,455878,cycles,64,29176236,455878,0,0,,,0,0,0,"{""gtpin_avg_execution_cycles_per_invocation"":455878,""gtpin_invocation_count"":64,""gtpin_total_execution_cycles"":29176236}",InvocationCount=64;TotalExecutionCycles=29176236;AvgExecutionCyclesPerInvocation=455878
n1_i2,2,1,2,performance,false,layers.*/self_attn,/model/layers.18/self_attn/o_proj/MatMul,FullyConnected,FullyConnected,fullyconnected:/model/layers.18/self_attn/o_proj/MatMul,fullyconnected:/model/layers.18/self_attn/o_proj/MatMul,fully_connected,fully_connected_gpu_bf_tiled,955,fully_connected_gpu_bf_tiled_14284117615310227244_0_0,fully_connected_gpu_bf_tiled_14284117615310227244_0_0,1,1588,matched,aligned,true,true,true,exec_profile,gtpin_total_execution_cycles,29107680,454807,cycles,64,29107680,454807,0,0,,,0,0,0,"{""gtpin_avg_execution_cycles_per_invocation"":454807,""gtpin_invocation_count"":64,""gtpin_total_execution_cycles"":29107680}",InvocationCount=64;TotalExecutionCycles=29107680;AvgExecutionCyclesPerInvocation=454807
n1_i2,2,1,2,performance,false,layers.*/self_attn,/model/layers.6/self_attn/q_proj/MatMul,FullyConnected,FullyConnected,fullyconnected:/model/layers.6/self_attn/q_proj/MatMul,fullyconnected:/model/layers.6/self_attn/q_proj/MatMul,fully_connected,fully_connected_gpu_bf_tiled,494,fully_connected_gpu_bf_tiled_5315586391497964380_0_0,fully_connected_gpu_bf_tiled_5315586391497964380_0_0,1,1309,matched,aligned,true,true,true,exec_profile,gtpin_total_execution_cycles,29064884,454138,cycles,64,29064884,454138,0,0,,,0,0,0,"{""gtpin_avg_execution_cycles_per_invocation"":454138,""gtpin_invocation_count"":64,""gtpin_total_execution_cycles"":29064884}",InvocationCount=64;TotalExecutionCycles=29064884;AvgExecutionCyclesPerInvocation=454138
n1_i2,2,1,2,performance,false,layers.*/self_attn,/model/layers.9/self_attn/o_proj/MatMul,FullyConnected,FullyConnected,fullyconnected:/model/layers.9/self_attn/o_proj/MatMul,fullyconnected:/model/layers.9/self_attn/o_proj/MatMul,fully_connected,fully_connected_gpu_bf_tiled,631,fully_connected_gpu_bf_tiled_14284117615310227244_0_0,fully_connected_gpu_bf_tiled_14284117615310227244_0_0,1,1390,matched,aligned,true,true,true,exec_profile,gtpin_total_execution_cycles,29018814,453418,cycles,64,29018814,453418,0,0,,,0,0,0,"{""gtpin_avg_execution_cycles_per_invocation"":453418,""gtpin_invocation_count"":64,""gtpin_total_execution_cycles"":29018814}",InvocationCount=64;TotalExecutionCycles=29018814;AvgExecutionCyclesPerInvocation=453418
n1_i2,2,1,2,performance,false,layers.*/self_attn,/model/layers.4/self_attn/o_proj/MatMul,FullyConnected,FullyConnected,fullyconnected:/model/layers.4/self_attn/o_proj/MatMul,fullyconnected:/model/layers.4/self_attn/o_proj/MatMul,fully_connected,fully_connected_gpu_bf_tiled,451,fully_connected_gpu_bf_tiled_14284117615310227244_0_0,fully_connected_gpu_bf_tiled_14284117615310227244_0_0,1,1280,matched,aligned,true,true,true,exec_profile,gtpin_total_execution_cycles,28988018,452937,cycles,64,28988018,452937,0,0,,,0,0,0,"{""gtpin_avg_execution_cycles_per_invocation"":452937,""gtpin_invocation_count"":64,""gtpin_total_execution_cycles"":28988018}",InvocationCount=64;TotalExecutionCycles=28988018;AvgExecutionCyclesPerInvocation=452937
n1_i2,2,1,2,performance,false,layers.*/self_attn,/model/layers.3/self_attn/o_proj/MatMul,FullyConnected,FullyConnected,fullyconnected:/model/layers.3/self_attn/o_proj/MatMul,fullyconnected:/model/layers.3/self_attn/o_proj/MatMul,fully_connected,fully_connected_gpu_bf_tiled,415,fully_connected_gpu_bf_tiled_14284117615310227244_0_0,fully_connected_gpu_bf_tiled_14284117615310227244_0_0,1,1258,matched,aligned,true,true,true,exec_profile,gtpin_total_execution_cycles,28956770,452449,cycles,64,28956770,452449,0,0,,,0,0,0,"{""gtpin_avg_execution_cycles_per_invocation"":452449,""gtpin_invocation_count"":64,""gtpin_total_execution_cycles"":28956770}",InvocationCount=64;TotalExecutionCycles=28956770;AvgExecutionCyclesPerInvocation=452449
n1_i2,2,1,2,performance,false,layers.*/self_attn,/model/layers.5/self_attn/q_proj/MatMul,FullyConnected,FullyConnected,fullyconnected:/model/layers.5/self_attn/q_proj/MatMul,fullyconnected:/model/layers.5/self_attn/q_proj/MatMul,fully_connected,fully_connected_gpu_bf_tiled,458,fully_connected_gpu_bf_tiled_5315586391497964380_0_0,fully_connected_gpu_bf_tiled_5315586391497964380_0_0,1,1287,matched,aligned,true,true,true,exec_profile,gtpin_total_execution_cycles,28874096,451157,cycles,64,28874096,451157,0,0,,,0,0,0,"{""gtpin_avg_execution_cycles_per_invocation"":451157,""gtpin_invocation_count"":64,""gtpin_total_execution_cycles"":28874096}",InvocationCount=64;TotalExecutionCycles=28874096;AvgExecutionCyclesPerInvocation=451157
n1_i2,2,1,2,performance,false,layers.*/self_attn,/model/layers.20/self_attn/q_proj/MatMul,FullyConnected,FullyConnected,fullyconnected:/model/layers.20/self_attn/q_proj/MatMul,fullyconnected:/model/layers.20/self_attn/q_proj/MatMul,fully_connected,fully_connected_gpu_bf_tiled,998,fully_connected_gpu_bf_tiled_5315586391497964380_0_0,fully_connected_gpu_bf_tiled_5315586391497964380_0_0,1,1617,matched,aligned,true,true,true,exec_profile,gtpin_total_execution_cycles,28842042,450656,cycles,64,28842042,450656,0,0,,,0,0,0,"{""gtpin_avg_execution_cycles_per_invocation"":450656,""gtpin_invocation_count"":64,""gtpin_total_execution_cycles"":28842042}",InvocationCount=64;TotalExecutionCycles=28842042;AvgExecutionCyclesPerInvocation=450656
n1_i2,2,1,2,performance,false,layers.*/self_attn,/model/layers.17/self_attn/q_proj/MatMul,FullyConnected,FullyConnected,fullyconnected:/model/layers.17/self_attn/q_proj/MatMul,fullyconnected:/model/layers.17/self_attn/q_proj/MatMul,fully_connected,fully_connected_gpu_bf_tiled,890,fully_connected_gpu_bf_tiled_5315586391497964380_0_0,fully_connected_gpu_bf_tiled_5315586391497964380_0_0,1,1551,matched,aligned,true,true,true,exec_profile,gtpin_total_execution_cycles,28824216,450378,cycles,64,28824216,450378,0,0,,,0,0,0,"{""gtpin_avg_execution_cycles_per_invocation"":450378,""gtpin_invocation_count"":64,""gtpin_total_execution_cycles"":28824216}",InvocationCount=64;TotalExecutionCycles=28824216;AvgExecutionCyclesPerInvocation=450378
n1_i2,2,1,2,performance,false,layers.*/self_attn,/model/layers.19/self_attn/o_proj/MatMul,FullyConnected,FullyConnected,fullyconnected:/model/layers.19/self_attn/o_proj/MatMul,fullyconnected:/model/layers.19/self_attn/o_proj/MatMul,fully_connected,fully_connected_gpu_bf_tiled,991,fully_connected_gpu_bf_tiled_14284117615310227244_0_0,fully_connected_gpu_bf_tiled_14284117615310227244_0_0,1,1610,matched,aligned,true,true,true,exec_profile,gtpin_total_execution_cycles,28806334,450098,cycles,64,28806334,450098,0,0,,,0,0,0,"{""gtpin_avg_execution_cycles_per_invocation"":450098,""gtpin_invocation_count"":64,""gtpin_total_execution_cycles"":28806334}",InvocationCount=64;TotalExecutionCycles=28806334;AvgExecutionCyclesPerInvocation=450098
n1_i2,2,1,2,performance,false,layers.*/self_attn,/model/layers.8/self_attn/o_proj/MatMul,FullyConnected,FullyConnected,fullyconnected:/model/layers.8/self_attn/o_proj/MatMul,fullyconnected:/model/layers.8/self_attn/o_proj/MatMul,fully_connected,fully_connected_gpu_bf_tiled,595,fully_connected_gpu_bf_tiled_14284117615310227244_0_0,fully_connected_gpu_bf_tiled_14284117615310227244_0_0,1,1368,matched,aligned,true,true,true,exec_profile,gtpin_total_execution_cycles,28800974,450015,cycles,64,28800974,450015,0,0,,,0,0,0,"{""gtpin_avg_execution_cycles_per_invocation"":450015,""gtpin_invocation_count"":64,""gtpin_total_execution_cycles"":28800974}",InvocationCount=64;TotalExecutionCycles=28800974;AvgExecutionCyclesPerInvocation=450015
n1_i2,2,1,2,performance,false,layers.*/self_attn,/model/layers.10/self_attn/o_proj/MatMul,FullyConnected,FullyConnected,fullyconnected:/model/layers.10/self_attn/o_proj/MatMul,fullyconnected:/model/layers.10/self_attn/o_proj/MatMul,fully_connected,fully_connected_gpu_bf_tiled,667,fully_connected_gpu_bf_tiled_14284117615310227244_0_0,fully_connected_gpu_bf_tiled_14284117615310227244_0_0,1,1412,matched,aligned,true,true,true,exec_profile,gtpin_total_execution_cycles,28753008,449265,cycles,64,28753008,449265,0,0,,,0,0,0,"{""gtpin_avg_execution_cycles_per_invocation"":449265,""gtpin_invocation_count"":64,""gtpin_total_execution_cycles"":28753008}",InvocationCount=64;TotalExecutionCycles=28753008;AvgExecutionCyclesPerInvocation=449265
n1_i2,2,1,2,performance,false,layers.*/self_attn,/model/layers.18/self_attn/q_proj/MatMul,FullyConnected,FullyConnected,fullyconnected:/model/layers.18/self_attn/q_proj/MatMul,fullyconnected:/model/layers.18/self_attn/q_proj/MatMul,fully_connected,fully_connected_gpu_bf_tiled,926,fully_connected_gpu_bf_tiled_5315586391497964380_0_0,fully_connected_gpu_bf_tiled_5315586391497964380_0_0,1,1573,matched,aligned,true,true,true,exec_profile,gtpin_total_execution_cycles,28696702,448385,cycles,64,28696702,448385,0,0,,,0,0,0,"{""gtpin_avg_execution_cycles_per_invocation"":448385,""gtpin_invocation_count"":64,""gtpin_total_execution_cycles"":28696702}",InvocationCount=64;TotalExecutionCycles=28696702;AvgExecutionCyclesPerInvocation=448385
n1_i2,2,1,2,performance,false,layers.*/self_attn,/model/layers.7/self_attn/o_proj/MatMul,FullyConnected,FullyConnected,fullyconnected:/model/layers.7/self_attn/o_proj/MatMul,fullyconnected:/model/layers.7/self_attn/o_proj/MatMul,fully_connected,fully_connected_gpu_bf_tiled,559,fully_connected_gpu_bf_tiled_14284117615310227244_0_0,fully_connected_gpu_bf_tiled_14284117615310227244_0_0,1,1346,matched,aligned,true,true,true,exec_profile,gtpin_total_execution_cycles,28667398,447928,cycles,64,28667398,447928,0,0,,,0,0,0,"{""gtpin_avg_execution_cycles_per_invocation"":447928,""gtpin_invocation_count"":64,""gtpin_total_execution_cycles"":28667398}",InvocationCount=64;TotalExecutionCycles=28667398;AvgExecutionCyclesPerInvocation=447928
n1_i2,2,1,2,performance,false,layers.*/self_attn,/model/layers.19/self_attn/q_proj/MatMul,FullyConnected,FullyConnected,fullyconnected:/model/layers.19/self_attn/q_proj/MatMul,fullyconnected:/model/layers.19/self_attn/q_proj/MatMul,fully_connected,fully_connected_gpu_bf_tiled,962,fully_connected_gpu_bf_tiled_5315586391497964380_0_0,fully_connected_gpu_bf_tiled_5315586391497964380_0_0,1,1595,matched,aligned,true,true,true,exec_profile,gtpin_total_execution_cycles,28622040,447219,cycles,64,28622040,447219,0,0,,,0,0,0,"{""gtpin_avg_execution_cycles_per_invocation"":447219,""gtpin_invocation_count"":64,""gtpin_total_execution_cycles"":28622040}",InvocationCount=64;TotalExecutionCycles=28622040;AvgExecutionCyclesPerInvocation=447219
n1_i2,2,1,2,performance,false,layers.*/self_attn,/model/layers.21/self_attn/o_proj/MatMul,FullyConnected,FullyConnected,fullyconnected:/model/layers.21/self_attn/o_proj/MatMul,fullyconnected:/model/layers.21/self_attn/o_proj/MatMul,fully_connected,fully_connected_gpu_bf_tiled,1063,fully_connected_gpu_bf_tiled_14284117615310227244_0_0,fully_connected_gpu_bf_tiled_14284117615310227244_0_0,1,1654,matched,aligned,true,true,true,exec_profile,gtpin_total_execution_cycles,28572580,446446,cycles,64,28572580,446446,0,0,,,0,0,0,"{""gtpin_avg_execution_cycles_per_invocation"":446446,""gtpin_invocation_count"":64,""gtpin_total_execution_cycles"":28572580}",InvocationCount=64;TotalExecutionCycles=28572580;AvgExecutionCyclesPerInvocation=446446
n1_i2,2,1,2,performance,false,layers.*/self_attn,/model/layers.16/self_attn/o_proj/MatMul,FullyConnected,FullyConnected,fullyconnected:/model/layers.16/self_attn/o_proj/MatMul,fullyconnected:/model/layers.16/self_attn/o_proj/MatMul,fully_connected,fully_connected_gpu_bf_tiled,883,fully_connected_gpu_bf_tiled_14284117615310227244_0_0,fully_connected_gpu_bf_tiled_14284117615310227244_0_0,1,1544,matched,aligned,true,true,true,exec_profile,gtpin_total_execution_cycles,28565788,446340,cycles,64,28565788,446340,0,0,,,0,0,0,"{""gtpin_avg_execution_cycles_per_invocation"":446340,""gtpin_invocation_count"":64,""gtpin_total_execution_cycles"":28565788}",InvocationCount=64;TotalExecutionCycles=28565788;AvgExecutionCyclesPerInvocation=446340
n1_i2,2,1,2,performance,false,layers.*/self_attn,/model/layers.17/self_attn/o_proj/MatMul,FullyConnected,FullyConnected,fullyconnected:/model/layers.17/self_attn/o_proj/MatMul,fullyconnected:/model/layers.17/self_attn/o_proj/MatMul,fully_connected,fully_connected_gpu_bf_tiled,919,fully_connected_gpu_bf_tiled_14284117615310227244_0_0,fully_connected_gpu_bf_tiled_14284117615310227244_0_0,1,1566,matched,aligned,true,true,true,exec_profile,gtpin_total_execution_cycles,28502292,445348,cycles,64,28502292,445348,0,0,,,0,0,0,"{""gtpin_avg_execution_cycles_per_invocation"":445348,""gtpin_invocation_count"":64,""gtpin_total_execution_cycles"":28502292}",InvocationCount=64;TotalExecutionCycles=28502292;AvgExecutionCyclesPerInvocation=445348
n1_i2,2,1,2,performance,false,layers.*/self_attn,/model/layers.1/self_attn/Softmax,Softmax,Softmax,softmax:/model/layers.1/self_attn/Softmax,softmax:/model/layers.1/self_attn/Softmax,softmax,softmax_gpu_bf,338,softmax_gpu_bf_18392998524141771378_0_0__sa,softmax_gpu_bf_18392998524141771378_0_0__sa,1,1210,matched,aligned,true,true,true,exec_profile,gtpin_total_execution_cycles,8889095,17361,cycles,512,8889095,17361,0,0,,,0,0,0,"{""gtpin_avg_execution_cycles_per_invocation"":17361,""gtpin_invocation_count"":512,""gtpin_total_execution_cycles"":8889095}",InvocationCount=512;TotalExecutionCycles=8889095;AvgExecutionCyclesPerInvocation=17361
n1_i2,2,1,2,performance,false,layers.*/self_attn,/model/layers.6/self_attn/Softmax,Softmax,Softmax,softmax:/model/layers.6/self_attn/Softmax,softmax:/model/layers.6/self_attn/Softmax,softmax,softmax_gpu_bf,518,softmax_gpu_bf_18392998524141771378_0_0__sa,softmax_gpu_bf_18392998524141771378_0_0__sa,1,1320,matched,aligned,true,true,true,exec_profile,gtpin_total_execution_cycles,8887536,17358,cycles,512,8887536,17358,0,0,,,0,0,0,"{""gtpin_avg_execution_cycles_per_invocation"":17358,""gtpin_invocation_count"":512,""gtpin_total_execution_cycles"":8887536}",InvocationCount=512;TotalExecutionCycles=8887536;AvgExecutionCyclesPerInvocation=17358
n1_i2,2,1,2,performance,false,layers.*/self_attn,/model/layers.13/self_attn/Softmax,Softmax,Softmax,softmax:/model/layers.13/self_attn/Softmax,softmax:/model/layers.13/self_attn/Softmax,softmax,softmax_gpu_bf,770,softmax_gpu_bf_18392998524141771378_0_0__sa,softmax_gpu_bf_18392998524141771378_0_0__sa,1,1474,matched,aligned,true,true,true,exec_profile,gtpin_total_execution_cycles,8565874,16730,cycles,512,8565874,16730,0,0,,,0,0,0,"{""gtpin_avg_execution_cycles_per_invocation"":16730,""gtpin_invocation_count"":512,""gtpin_total_execution_cycles"":8565874}",InvocationCount=512;TotalExecutionCycles=8565874;AvgExecutionCyclesPerInvocation=16730
n1_i2,2,1,2,performance,false,layers.*/self_attn,/model/layers.21/self_attn/Softmax,Softmax,Softmax,softmax:/model/layers.21/self_attn/Softmax,softmax:/model/layers.21/self_attn/Softmax,softmax,softmax_gpu_bf,1058,softmax_gpu_bf_18392998524141771378_0_0__sa,softmax_gpu_bf_18392998524141771378_0_0__sa,1,1650,matched,aligned,true,true,true,exec_profile,gtpin_total_execution_cycles,8514961,16630,cycles,512,8514961,16630,0,0,,,0,0,0,"{""gtpin_avg_execution_cycles_per_invocation"":16630,""gtpin_invocation_count"":512,""gtpin_total_execution_cycles"":8514961}",InvocationCount=512;TotalExecutionCycles=8514961;AvgExecutionCyclesPerInvocation=16630
n1_i2,2,1,2,performance,false,layers.*/self_attn,/model/layers.9/self_attn/Softmax,Softmax,Softmax,softmax:/model/layers.9/self_attn/Softmax,softmax:/model/layers.9/self_attn/Softmax,softmax,softmax_gpu_bf,626,softmax_gpu_bf_18392998524141771378_0_0__sa,softmax_gpu_bf_18392998524141771378_0_0__sa,1,1386,matched,aligned,true,true,true,exec_profile,gtpin_total_execution_cycles,8449862,16503,cycles,512,8449862,16503,0,0,,,0,0,0,"{""gtpin_avg_execution_cycles_per_invocation"":16503,""gtpin_invocation_count"":512,""gtpin_total_execution_cycles"":8449862}",InvocationCount=512;TotalExecutionCycles=8449862;AvgExecutionCyclesPerInvocation=16503
n1_i2,2,1,2,performance,false,layers.*/self_attn,/model/layers.10/self_attn/Softmax,Softmax,Softmax,softmax:/model/layers.10/self_attn/Softmax,softmax:/model/layers.10/self_attn/Softmax,softmax,softmax_gpu_bf,662,softmax_gpu_bf_18392998524141771378_0_0__sa,softmax_gpu_bf_18392998524141771378_0_0__sa,1,1408,matched,aligned,true,true,true,exec_profile,gtpin_total_execution_cycles,8400362,16406,cycles,512,8400362,16406,0,0,,,0,0,0,"{""gtpin_avg_execution_cycles_per_invocation"":16406,""gtpin_invocation_count"":512,""gtpin_total_execution_cycles"":8400362}",InvocationCount=512;TotalExecutionCycles=8400362;AvgExecutionCyclesPerInvocation=16406
n1_i2,2,1,2,performance,false,layers.*/self_attn,/model/layers.3/self_attn/Softmax,Softmax,Softmax,softmax:/model/layers.3/self_attn/Softmax,softmax:/model/layers.3/self_attn/Softmax,softmax,softmax_gpu_bf,410,softmax_gpu_bf_18392998524141771378_0_0__sa,softmax_gpu_bf_18392998524141771378_0_0__sa,1,1254,matched,aligned,true,true,true,exec_profile,gtpin_total_execution_cycles,8392580,16391,cycles,512,8392580,16391,0,0,,,0,0,0,"{""gtpin_avg_execution_cycles_per_invocation"":16391,""gtpin_invocation_count"":512,""gtpin_total_execution_cycles"":8392580}",InvocationCount=512;TotalExecutionCycles=8392580;AvgExecutionCyclesPerInvocation=16391
n1_i2,2,1,2,performance,false,layers.*/self_attn,/model/layers.15/self_attn/Softmax,Softmax,Softmax,softmax:/model/layers.15/self_attn/Softmax,softmax:/model/layers.15/self_attn/Softmax,softmax,softmax_gpu_bf,842,softmax_gpu_bf_18392998524141771378_0_0__sa,softmax_gpu_bf_18392998524141771378_0_0__sa,1,1518,matched,aligned,true,true,true,exec_profile,gtpin_total_execution_cycles,8383151,16373,cycles,512,8383151,16373,0,0,,,0,0,0,"{""gtpin_avg_execution_cycles_per_invocation"":16373,""gtpin_invocation_count"":512,""gtpin_total_execution_cycles"":8383151}",InvocationCount=512;TotalExecutionCycles=8383151;AvgExecutionCyclesPerInvocation=16373
n1_i2,2,1,2,performance,false,layers.*/self_attn,/model/layers.11/self_attn/Softmax,Softmax,Softmax,softmax:/model/layers.11/self_attn/Softmax,softmax:/model/layers.11/self_attn/Softmax,softmax,softmax_gpu_bf,698,softmax_gpu_bf_18392998524141771378_0_0__sa,softmax_gpu_bf_18392998524141771378_0_0__sa,1,1430,matched,aligned,true,true,true,exec_profile,gtpin_total_execution_cycles,8335057,16279,cycles,512,8335057,16279,0,0,,,0,0,0,"{""gtpin_avg_execution_cycles_per_invocation"":16279,""gtpin_invocation_count"":512,""gtpin_total_execution_cycles"":8335057}",InvocationCount=512;TotalExecutionCycles=8335057;AvgExecutionCyclesPerInvocation=16279
n1_i2,2,1,2,performance,false,layers.*/self_attn,/model/layers.0/self_attn/Softmax,Softmax,Softmax,softmax:/model/layers.0/self_attn/Softmax,softmax:/model/layers.0/self_attn/Softmax,softmax,softmax_gpu_bf,302,softmax_gpu_bf_18392998524141771378_0_0__sa,softmax_gpu_bf_18392998524141771378_0_0__sa,1,1188,matched,aligned,true,true,true,exec_profile,gtpin_total_execution_cycles,8317625,16245,cycles,512,8317625,16245,0,0,,,0,0,0,"{""gtpin_avg_execution_cycles_per_invocation"":16245,""gtpin_invocation_count"":512,""gtpin_total_execution_cycles"":8317625}",InvocationCount=512;TotalExecutionCycles=8317625;AvgExecutionCyclesPerInvocation=16245
n1_i2,2,1,2,performance,false,layers.*/self_attn,/model/layers.12/self_attn/Softmax,Softmax,Softmax,softmax:/model/layers.12/self_attn/Softmax,softmax:/model/layers.12/self_attn/Softmax,softmax,softmax_gpu_bf,734,softmax_gpu_bf_18392998524141771378_0_0__sa,softmax_gpu_bf_18392998524141771378_0_0__sa,1,1452,matched,aligned,true,true,true,exec_profile,gtpin_total_execution_cycles,8317624,16245,cycles,512,8317624,16245,0,0,,,0,0,0,"{""gtpin_avg_execution_cycles_per_invocation"":16245,""gtpin_invocation_count"":512,""gtpin_total_execution_cycles"":8317624}",InvocationCount=512;TotalExecutionCycles=8317624;AvgExecutionCyclesPerInvocation=16245
n1_i2,2,1,2,performance,false,layers.*/self_attn,/model/layers.2/self_attn/Softmax,Softmax,Softmax,softmax:/model/layers.2/self_attn/Softmax,softmax:/model/layers.2/self_attn/Softmax,softmax,softmax_gpu_bf,374,softmax_gpu_bf_18392998524141771378_0_0__sa,softmax_gpu_bf_18392998524141771378_0_0__sa,1,1232,matched,aligned,true,true,true,exec_profile,gtpin_total_execution_cycles,8306958,16224,cycles,512,8306958,16224,0,0,,,0,0,0,"{""gtpin_avg_execution_cycles_per_invocation"":16224,""gtpin_invocation_count"":512,""gtpin_total_execution_cycles"":8306958}",InvocationCount=512;TotalExecutionCycles=8306958;AvgExecutionCyclesPerInvocation=16224
n1_i2,2,1,2,performance,false,layers.*/self_attn,/model/layers.7/self_attn/Softmax,Softmax,Softmax,softmax:/model/layers.7/self_attn/Softmax,softmax:/model/layers.7/self_attn/Softmax,softmax,softmax_gpu_bf,554,softmax_gpu_bf_18392998524141771378_0_0__sa,softmax_gpu_bf_18392998524141771378_0_0__sa,1,1342,matched,aligned,true,true,true,exec_profile,gtpin_total_execution_cycles,8274252,16160,cycles,512,8274252,16160,0,0,,,0,0,0,"{""gtpin_avg_execution_cycles_per_invocation"":16160,""gtpin_invocation_count"":512,""gtpin_total_execution_cycles"":8274252}",InvocationCount=512;TotalExecutionCycles=8274252;AvgExecutionCyclesPerInvocation=16160
n1_i2,2,1,2,performance,false,layers.*/self_attn,/model/layers.16/self_attn/Softmax,Softmax,Softmax,softmax:/model/layers.16/self_attn/Softmax,softmax:/model/layers.16/self_attn/Softmax,softmax,softmax_gpu_bf,878,softmax_gpu_bf_18392998524141771378_0_0__sa,softmax_gpu_bf_18392998524141771378_0_0__sa,1,1540,matched,aligned,true,true,true,exec_profile,gtpin_total_execution_cycles,8269477,16151,cycles,512,8269477,16151,0,0,,,0,0,0,"{""gtpin_avg_execution_cycles_per_invocation"":16151,""gtpin_invocation_count"":512,""gtpin_total_execution_cycles"":8269477}",InvocationCount=512;TotalExecutionCycles=8269477;AvgExecutionCyclesPerInvocation=16151
n1_i2,2,1,2,performance,false,layers.*/self_attn,/model/layers.5/self_attn/Softmax,Softmax,Softmax,softmax:/model/layers.5/self_attn/Softmax,softmax:/model/layers.5/self_attn/Softmax,softmax,softmax_gpu_bf,482,softmax_gpu_bf_18392998524141771378_0_0__sa,softmax_gpu_bf_18392998524141771378_0_0__sa,1,1298,matched,aligned,true,true,true,exec_profile,gtpin_total_execution_cycles,8257786,16128,cycles,512,8257786,16128,0,0,,,0,0,0,"{""gtpin_avg_execution_cycles_per_invocation"":16128,""gtpin_invocation_count"":512,""gtpin_total_execution_cycles"":8257786}",InvocationCount=512;TotalExecutionCycles=8257786;AvgExecutionCyclesPerInvocation=16128
n1_i2,2,1,2,performance,false,layers.*/self_attn,/model/layers.4/self_attn/Softmax,Softmax,Softmax,softmax:/model/layers.4/self_attn/Softmax,softmax:/model/layers.4/self_attn/Softmax,softmax,softmax_gpu_bf,446,softmax_gpu_bf_18392998524141771378_0_0__sa,softmax_gpu_bf_18392998524141771378_0_0__sa,1,1276,matched,aligned,true,true,true,exec_profile,gtpin_total_execution_cycles,8122573,15864,cycles,512,8122573,15864,0,0,,,0,0,0,"{""gtpin_avg_execution_cycles_per_invocation"":15864,""gtpin_invocation_count"":512,""gtpin_total_execution_cycles"":8122573}",InvocationCount=512;TotalExecutionCycles=8122573;AvgExecutionCyclesPerInvocation=15864
n1_i2,2,1,2,performance,false,layers.*/self_attn,/model/layers.17/self_attn/Softmax,Softmax,Softmax,softmax:/model/layers.17/self_attn/Softmax,softmax:/model/layers.17/self_attn/Softmax,softmax,softmax_gpu_bf,914,softmax_gpu_bf_18392998524141771378_0_0__sa,softmax_gpu_bf_18392998524141771378_0_0__sa,1,1562,matched,aligned,true,true,true,exec_profile,gtpin_total_execution_cycles,8120457,15860,cycles,512,8120457,15860,0,0,,,0,0,0,"{""gtpin_avg_execution_cycles_per_invocation"":15860,""gtpin_invocation_count"":512,""gtpin_total_execution_cycles"":8120457}",InvocationCount=512;TotalExecutionCycles=8120457;AvgExecutionCyclesPerInvocation=15860
n1_i2,2,1,2,performance,false,layers.*/self_attn,/model/layers.20/self_attn/Softmax,Softmax,Softmax,softmax:/model/layers.20/self_attn/Softmax,softmax:/model/layers.20/self_attn/Softmax,softmax,softmax_gpu_bf,1022,softmax_gpu_bf_18392998524141771378_0_0__sa,softmax_gpu_bf_18392998524141771378_0_0__sa,1,1628,matched,aligned,true,true,true,exec_profile,gtpin_total_execution_cycles,8079778,15780,cycles,512,8079778,15780,0,0,,,0,0,0,"{""gtpin_avg_execution_cycles_per_invocation"":15780,""gtpin_invocation_count"":512,""gtpin_total_execution_cycles"":8079778}",InvocationCount=512;TotalExecutionCycles=8079778;AvgExecutionCyclesPerInvocation=15780
n1_i2,2,1,2,performance,false,layers.*/self_attn,/model/layers.8/self_attn/Softmax,Softmax,Softmax,softmax:/model/layers.8/self_attn/Softmax,softmax:/model/layers.8/self_attn/Softmax,softmax,softmax_gpu_bf,590,softmax_gpu_bf_18392998524141771378_0_0__sa,softmax_gpu_bf_18392998524141771378_0_0__sa,1,1364,matched,aligned,true,true,true,exec_profile,gtpin_total_execution_cycles,8064440,15750,cycles,512,8064440,15750,0,0,,,0,0,0,"{""gtpin_avg_execution_cycles_per_invocation"":15750,""gtpin_invocation_count"":512,""gtpin_total_execution_cycles"":8064440}",InvocationCount=512;TotalExecutionCycles=8064440;AvgExecutionCyclesPerInvocation=15750
n1_i2,2,1,2,performance,false,layers.*/self_attn,/model/layers.14/self_attn/Softmax,Softmax,Softmax,softmax:/model/layers.14/self_attn/Softmax,softmax:/model/layers.14/self_attn/Softmax,softmax,softmax_gpu_bf,806,softmax_gpu_bf_18392998524141771378_0_0__sa,softmax_gpu_bf_18392998524141771378_0_0__sa,1,1496,matched,aligned,true,true,true,exec_profile,gtpin_total_execution_cycles,7959744,15546,cycles,512,7959744,15546,0,0,,,0,0,0,"{""gtpin_avg_execution_cycles_per_invocation"":15546,""gtpin_invocation_count"":512,""gtpin_total_execution_cycles"":7959744}",InvocationCount=512;TotalExecutionCycles=7959744;AvgExecutionCyclesPerInvocation=15546
n1_i2,2,1,2,performance,false,layers.*/self_attn,/model/layers.19/self_attn/Softmax,Softmax,Softmax,softmax:/model/layers.19/self_attn/Softmax,softmax:/model/layers.19/self_attn/Softmax,softmax,softmax_gpu_bf,986,softmax_gpu_bf_18392998524141771378_0_0__sa,softmax_gpu_bf_18392998524141771378_0_0__sa,1,1606,matched,aligned,true,true,true,exec_profile,gtpin_total_execution_cycles,7952060,15531,cycles,512,7952060,15531,0,0,,,0,0,0,"{""gtpin_avg_execution_cycles_per_invocation"":15531,""gtpin_invocation_count"":512,""gtpin_total_execution_cycles"":7952060}",InvocationCount=512;TotalExecutionCycles=7952060;AvgExecutionCyclesPerInvocation=15531
n1_i2,2,1,2,performance,false,layers.*/self_attn,/model/layers.18/self_attn/Softmax,Softmax,Softmax,softmax:/model/layers.18/self_attn/Softmax,softmax:/model/layers.18/self_attn/Softmax,softmax,softmax_gpu_bf,950,softmax_gpu_bf_18392998524141771378_0_0__sa,softmax_gpu_bf_18392998524141771378_0_0__sa,1,1584,matched,aligned,true,true,true,exec_profile,gtpin_total_execution_cycles,7825558,15284,cycles,512,7825558,15284,0,0,,,0,0,0,"{""gtpin_avg_execution_cycles_per_invocation"":15284,""gtpin_invocation_count"":512,""gtpin_total_execution_cycles"":7825558}",InvocationCount=512;TotalExecutionCycles=7825558;AvgExecutionCyclesPerInvocation=15284
n1_i2,2,1,2,performance,false,layers.*/self_attn,/model/layers.4/self_attn/Mul_8,Multiply,Multiply,multiply:/model/layers.4/self_attn/Mul_8,multiply:/model/layers.4/self_attn/Mul_8,eltwise,generic_eltwise_ref,431,generic_eltwise_ref_7125964068740378811_0_0__sa,generic_eltwise_ref_7125964068740378811_0_0__sa,1,1270,matched,aligned,true,true,true,exec_profile,gtpin_total_execution_cycles,7180484,7012,cycles,1024,7180484,7012,0,0,,,0,0,0,"{""gtpin_avg_execution_cycles_per_invocation"":7012,""gtpin_invocation_count"":1024,""gtpin_total_execution_cycles"":7180484}",InvocationCount=1024;TotalExecutionCycles=7180484;AvgExecutionCyclesPerInvocation=7012
n1_i2,2,1,2,performance,false,layers.*/self_attn,/model/layers.21/self_attn/Expand,Broadcast,Broadcast,broadcast:/model/layers.21/self_attn/Expand,broadcast:/model/layers.21/self_attn/Expand,broadcast,broadcast_gpu_ref,1053,broadcast_gpu_ref_6456514822857321615_0_0__sa,broadcast_gpu_ref_6456514822857321615_0_0__sa,1,1646,matched,aligned,true,true,true,exec_profile,gtpin_total_execution_cycles,6953614,6790,cycles,1024,6953614,6790,0,0,,,0,0,0,"{""gtpin_avg_execution_cycles_per_invocation"":6790,""gtpin_invocation_count"":1024,""gtpin_total_execution_cycles"":6953614}",InvocationCount=1024;TotalExecutionCycles=6953614;AvgExecutionCyclesPerInvocation=6790
n1_i2,2,1,2,performance,false,layers.*/self_attn,/model/layers.14/self_attn/Transpose_3,Transpose,Transpose,transpose:/model/layers.14/self_attn/Transpose_3,transpose:/model/layers.14/self_attn/Transpose_3,permute,permute_ref,804,permute_ref_17183202574580890641_0_0__sa,permute_ref_17183202574580890641_0_0__sa,1,1494,matched,aligned,true,true,true,exec_profile,gtpin_total_execution_cycles,6947706,6784,cycles,1024,6947706,6784,0,0,,,0,0,0,"{""gtpin_avg_execution_cycles_per_invocation"":6784,""gtpin_invocation_count"":1024,""gtpin_total_execution_cycles"":6947706}",InvocationCount=1024;TotalExecutionCycles=6947706;AvgExecutionCyclesPerInvocation=6784
n1_i2,2,1,2,performance,false,layers.*/self_attn,/model/layers.17/self_attn/Transpose_3,Transpose,Transpose,transpose:/model/layers.17/self_attn/Transpose_3,transpose:/model/layers.17/self_attn/Transpose_3,permute,permute_ref,912,permute_ref_17183202574580890641_0_0__sa,permute_ref_17183202574580890641_0_0__sa,1,1560,matched,aligned,true,true,true,exec_profile,gtpin_total_execution_cycles,6757644,6599,cycles,1024,6757644,6599,0,0,,,0,0,0,"{""gtpin_avg_execution_cycles_per_invocation"":6599,""gtpin_invocation_count"":1024,""gtpin_total_execution_cycles"":6757644}",InvocationCount=1024;TotalExecutionCycles=6757644;AvgExecutionCyclesPerInvocation=6599
n1_i2,2,1,2,performance,false,layers.*/self_attn,/model/layers.1/self_attn/Expand,Broadcast,Broadcast,broadcast:/model/layers.1/self_attn/Expand,broadcast:/model/layers.1/self_attn/Expand,broadcast,broadcast_gpu_ref,333,broadcast_gpu_ref_6456514822857321615_0_0__sa,broadcast_gpu_ref_6456514822857321615_0_0__sa,1,1206,matched,aligned,true,true,true,exec_profile,gtpin_total_execution_cycles,6335300,6186,cycles,1024,6335300,6186,0,0,,,0,0,0,"{""gtpin_avg_execution_cycles_per_invocation"":6186,""gtpin_invocation_count"":1024,""gtpin_total_execution_cycles"":6335300}",InvocationCount=1024;TotalExecutionCycles=6335300;AvgExecutionCyclesPerInvocation=6186
n1_i2,2,1,2,performance,false,layers.*/self_attn,/model/layers.17/self_attn/Expand,Broadcast,Broadcast,broadcast:/model/layers.17/self_attn/Expand,broadcast:/model/layers.17/self_attn/Expand,broadcast,broadcast_gpu_ref,909,broadcast_gpu_ref_6456514822857321615_0_0__sa,broadcast_gpu_ref_6456514822857321615_0_0__sa,1,1558,matched,aligned,true,true,true,exec_profile,gtpin_total_execution_cycles,6289286,6141,cycles,1024,6289286,6141,0,0,,,0,0,0,"{""gtpin_avg_execution_cycles_per_invocation"":6141,""gtpin_invocation_count"":1024,""gtpin_total_execution_cycles"":6289286}",InvocationCount=1024;TotalExecutionCycles=6289286;AvgExecutionCyclesPerInvocation=6141
n1_i2,2,1,2,performance,false,layers.*/self_attn,/model/layers.14/self_attn/Expand,Broadcast,Broadcast,broadcast:/model/layers.14/self_attn/Expand,broadcast:/model/layers.14/self_attn/Expand,broadcast,broadcast_gpu_ref,801,broadcast_gpu_ref_6456514822857321615_0_0__sa,broadcast_gpu_ref_6456514822857321615_0_0__sa,1,1492,matched,aligned,true,true,true,exec_profile,gtpin_total_execution_cycles,6136162,5992,cycles,1024,6136162,5992,0,0,,,0,0,0,"{""gtpin_avg_execution_cycles_per_invocation"":5992,""gtpin_invocation_count"":1024,""gtpin_total_execution_cycles"":6136162}",InvocationCount=1024;TotalExecutionCycles=6136162;AvgExecutionCyclesPerInvocation=5992
n1_i2,2,1,2,performance,false,layers.*/self_attn,/model/layers.5/self_attn/Transpose_3,Transpose,Transpose,transpose:/model/layers.5/self_attn/Transpose_3,transpose:/model/layers.5/self_attn/Transpose_3,permute,permute_ref,480,permute_ref_17183202574580890641_0_0__sa,permute_ref_17183202574580890641_0_0__sa,1,1296,matched,aligned,true,true,true,exec_profile,gtpin_total_execution_cycles,6121302,5977,cycles,1024,6121302,5977,0,0,,,0,0,0,"{""gtpin_avg_execution_cycles_per_invocation"":5977,""gtpin_invocation_count"":1024,""gtpin_total_execution_cycles"":6121302}",InvocationCount=1024;TotalExecutionCycles=6121302;AvgExecutionCyclesPerInvocation=5977
n1_i2,2,1,2,performance,false,layers.*/self_attn,/model/layers.0/self_attn/Transpose_3,Transpose,Transpose,transpose:/model/layers.0/self_attn/Transpose_3,transpose:/model/layers.0/self_attn/Transpose_3,permute,permute_ref,300,permute_ref_17183202574580890641_0_0__sa,permute_ref_17183202574580890641_0_0__sa,1,1186,matched,aligned,true,true,true,exec_profile,gtpin_total_execution_cycles,6110526,5967,cycles,1024,6110526,5967,0,0,,,0,0,0,"{""gtpin_avg_execution_cycles_per_invocation"":5967,""gtpin_invocation_count"":1024,""gtpin_total_execution_cycles"":6110526}",InvocationCount=1024;TotalExecutionCycles=6110526;AvgExecutionCyclesPerInvocation=5967
n1_i2,2,1,2,performance,false,layers.*/self_attn,/model/layers.13/self_attn/Expand,Broadcast,Broadcast,broadcast:/model/layers.13/self_attn/Expand,broadcast:/model/layers.13/self_attn/Expand,broadcast,broadcast_gpu_ref,765,broadcast_gpu_ref_6456514822857321615_0_0__sa,broadcast_gpu_ref_6456514822857321615_0_0__sa,1,1470,matched,aligned,true,true,true,exec_profile,gtpin_total_execution_cycles,6054192,5912,cycles,1024,6054192,5912,0,0,,,0,0,0,"{""gtpin_avg_execution_cycles_per_invocation"":5912,""gtpin_invocation_count"":1024,""gtpin_total_execution_cycles"":6054192}",InvocationCount=1024;TotalExecutionCycles=6054192;AvgExecutionCyclesPerInvocation=5912
n1_i2,2,1,2,performance,false,layers.*/self_attn,/model/layers.9/self_attn/Expand,Broadcast,Broadcast,broadcast:/model/layers.9/self_attn/Expand,broadcast:/model/layers.9/self_attn/Expand,broadcast,broadcast_gpu_ref,621,broadcast_gpu_ref_6456514822857321615_0_0__sa,broadcast_gpu_ref_6456514822857321615_0_0__sa,1,1382,matched,aligned,true,true,true,exec_profile,gtpin_total_execution_cycles,6000502,5859,cycles,1024,6000502,5859,0,0,,,0,0,0,"{""gtpin_avg_execution_cycles_per_invocation"":5859,""gtpin_invocation_count"":1024,""gtpin_total_execution_cycles"":6000502}",InvocationCount=1024;TotalExecutionCycles=6000502;AvgExecutionCyclesPerInvocation=5859
n1_i2,2,1,2,performance,false,layers.*/self_attn,/model/layers.1/self_attn/Mul_8,Multiply,Multiply,multiply:/model/layers.1/self_attn/Mul_8,multiply:/model/layers.1/self_attn/Mul_8,eltwise,generic_eltwise_ref,323,generic_eltwise_ref_7125964068740378811_0_0__sa,generic_eltwise_ref_7125964068740378811_0_0__sa,1,1204,matched,aligned,true,true,true,exec_profile,gtpin_total_execution_cycles,5860760,5723,cycles,1024,5860760,5723,0,0,,,0,0,0,"{""gtpin_avg_execution_cycles_per_invocation"":5723,""gtpin_invocation_count"":1024,""gtpin_total_execution_cycles"":5860760}",InvocationCount=1024;TotalExecutionCycles=5860760;AvgExecutionCyclesPerInvocation=5723
n1_i2,2,1,2,performance,false,layers.*/self_attn,/model/layers.18/self_attn/Expand,Broadcast,Broadcast,broadcast:/model/layers.18/self_attn/Expand,broadcast:/model/layers.18/self_attn/Expand,broadcast,broadcast_gpu_ref,945,broadcast_gpu_ref_6456514822857321615_0_0__sa,broadcast_gpu_ref_6456514822857321615_0_0__sa,1,1580,matched,aligned,true,true,true,exec_profile,gtpin_total_execution_cycles,5841656,5704,cycles,1024,5841656,5704,0,0,,,0,0,0,"{""gtpin_avg_execution_cycles_per_invocation"":5704,""gtpin_invocation_count"":1024,""gtpin_total_execution_cycles"":5841656}",InvocationCount=1024;TotalExecutionCycles=5841656;AvgExecutionCyclesPerInvocation=5704
n1_i2,2,1,2,performance,false,layers.*/self_attn,/model/layers.13/self_attn/Transpose_3,Transpose,Transpose,transpose:/model/layers.13/self_attn/Transpose_3,transpose:/model/layers.13/self_attn/Transpose_3,permute,permute_ref,768,permute_ref_17183202574580890641_0_0__sa,permute_ref_17183202574580890641_0_0__sa,1,1472,matched,aligned,true,true,true,exec_profile,gtpin_total_execution_cycles,5737948,5603,cycles,1024,5737948,5603,0,0,,,0,0,0,"{""gtpin_avg_execution_cycles_per_invocation"":5603,""gtpin_invocation_count"":1024,""gtpin_total_execution_cycles"":5737948}",InvocationCount=1024;TotalExecutionCycles=5737948;AvgExecutionCyclesPerInvocation=5603
n1_i2,2,1,2,performance,false,layers.*/self_attn,/model/layers.17/self_attn/Mul_8,Multiply,Multiply,multiply:/model/layers.17/self_attn/Mul_8,multiply:/model/layers.17/self_attn/Mul_8,eltwise,generic_eltwise_ref,899,generic_eltwise_ref_7125964068740378811_0_0__sa,generic_eltwise_ref_7125964068740378811_0_0__sa,1,1556,matched,aligned,true,true,true,exec_profile,gtpin_total_execution_cycles,5706440,5572,cycles,1024,5706440,5572,0,0,,,0,0,0,"{""gtpin_avg_execution_cycles_per_invocation"":5572,""gtpin_invocation_count"":1024,""gtpin_total_execution_cycles"":5706440}",InvocationCount=1024;TotalExecutionCycles=5706440;AvgExecutionCyclesPerInvocation=5572
n1_i2,2,1,2,performance,false,layers.*/self_attn,/model/layers.1/self_attn/Transpose_3,Transpose,Transpose,transpose:/model/layers.1/self_attn/Transpose_3,transpose:/model/layers.1/self_attn/Transpose_3,permute,permute_ref,336,permute_ref_17183202574580890641_0_0__sa,permute_ref_17183202574580890641_0_0__sa,1,1208,matched,aligned,true,true,true,exec_profile,gtpin_total_execution_cycles,5699598,5566,cycles,1024,5699598,5566,0,0,,,0,0,0,"{""gtpin_avg_execution_cycles_per_invocation"":5566,""gtpin_invocation_count"":1024,""gtpin_total_execution_cycles"":5699598}",InvocationCount=1024;TotalExecutionCycles=5699598;AvgExecutionCyclesPerInvocation=5566
n1_i2,2,1,2,performance,false,layers.*/self_attn,/model/layers.18/self_attn/Transpose_3,Transpose,Transpose,transpose:/model/layers.18/self_attn/Transpose_3,transpose:/model/layers.18/self_attn/Transpose_3,permute,permute_ref,948,permute_ref_17183202574580890641_0_0__sa,permute_ref_17183202574580890641_0_0__sa,1,1582,matched,aligned,true,true,true,exec_profile,gtpin_total_execution_cycles,5699594,5566,cycles,1024,5699594,5566,0,0,,,0,0,0,"{""gtpin_avg_execution_cycles_per_invocation"":5566,""gtpin_invocation_count"":1024,""gtpin_total_execution_cycles"":5699594}",InvocationCount=1024;TotalExecutionCycles=5699594;AvgExecutionCyclesPerInvocation=5566
n1_i2,2,1,2,performance,false,layers.*/self_attn,/model/layers.5/self_attn/Expand,Broadcast,Broadcast,broadcast:/model/layers.5/self_attn/Expand,broadcast:/model/layers.5/self_attn/Expand,broadcast,broadcast_gpu_ref,477,broadcast_gpu_ref_6456514822857321615_0_0__sa,broadcast_gpu_ref_6456514822857321615_0_0__sa,1,1294,matched,aligned,true,true,true,exec_profile,gtpin_total_execution_cycles,5669096,5536,cycles,1024,5669096,5536,0,0,,,0,0,0,"{""gtpin_avg_execution_cycles_per_invocation"":5536,""gtpin_invocation_count"":1024,""gtpin_total_execution_cycles"":5669096}",InvocationCount=1024;TotalExecutionCycles=5669096;AvgExecutionCyclesPerInvocation=5536
n1_i2,2,1,2,performance,false,layers.*/self_attn,/model/layers.21/self_attn/Transpose_3,Transpose,Transpose,transpose:/model/layers.21/self_attn/Transpose_3,transpose:/model/layers.21/self_attn/Transpose_3,permute,permute_ref,1056,permute_ref_17183202574580890641_0_0__sa,permute_ref_17183202574580890641_0_0__sa,1,1648,matched,aligned,true,true,true,exec_profile,gtpin_total_execution_cycles,5654690,5522,cycles,1024,5654690,5522,0,0,,,0,0,0,"{""gtpin_avg_execution_cycles_per_invocation"":5522,""gtpin_invocation_count"":1024,""gtpin_total_execution_cycles"":5654690}",InvocationCount=1024;TotalExecutionCycles=5654690;AvgExecutionCyclesPerInvocation=5522
n1_i2,2,1,2,performance,false,layers.*/self_attn,/model/layers.16/self_attn/Transpose_3,Transpose,Transpose,transpose:/model/layers.16/self_attn/Transpose_3,transpose:/model/layers.16/self_attn/Transpose_3,permute,permute_ref,876,permute_ref_17183202574580890641_0_0__sa,permute_ref_17183202574580890641_0_0__sa,1,1538,matched,aligned,true,true,true,exec_profile,gtpin_total_execution_cycles,5642792,5510,cycles,1024,5642792,5510,0,0,,,0,0,0,"{""gtpin_avg_execution_cycles_per_invocation"":5510,""gtpin_invocation_count"":1024,""gtpin_total_execution_cycles"":5642792}",InvocationCount=1024;TotalExecutionCycles=5642792;AvgExecutionCyclesPerInvocation=5510
n1_i2,2,1,2,performance,false,layers.*/self_attn,/model/layers.20/self_attn/Mul_8,Multiply,Multiply,multiply:/model/layers.20/self_attn/Mul_8,multiply:/model/layers.20/self_attn/Mul_8,eltwise,generic_eltwise_ref,1007,generic_eltwise_ref_7125964068740378811_0_0__sa,generic_eltwise_ref_7125964068740378811_0_0__sa,1,1622,matched,aligned,true,true,true,exec_profile,gtpin_total_execution_cycles,5641778,5509,cycles,1024,5641778,5509,0,0,,,0,0,0,"{""gtpin_avg_execution_cycles_per_invocation"":5509,""gtpin_invocation_count"":1024,""gtpin_total_execution_cycles"":5641778}",InvocationCount=1024;TotalExecutionCycles=5641778;AvgExecutionCyclesPerInvocation=5509
n1_i2,2,1,2,performance,false,layers.*/self_attn,/model/layers.6/self_attn/Expand,Broadcast,Broadcast,broadcast:/model/layers.6/self_attn/Expand,broadcast:/model/layers.6/self_attn/Expand,broadcast,broadcast_gpu_ref,513,broadcast_gpu_ref_6456514822857321615_0_0__sa,broadcast_gpu_ref_6456514822857321615_0_0__sa,1,1316,matched,aligned,true,true,true,exec_profile,gtpin_total_execution_cycles,5566584,5436,cycles,1024,5566584,5436,0,0,,,0,0,0,"{""gtpin_avg_execution_cycles_per_invocation"":5436,""gtpin_invocation_count"":1024,""gtpin_total_execution_cycles"":5566584}",InvocationCount=1024;TotalExecutionCycles=5566584;AvgExecutionCyclesPerInvocation=5436
n1_i2,2,1,2,performance,false,layers.*/self_attn,/model/layers.2/self_attn/Expand,Broadcast,Broadcast,broadcast:/model/layers.2/self_attn/Expand,broadcast:/model/layers.2/self_attn/Expand,broadcast,broadcast_gpu_ref,369,broadcast_gpu_ref_6456514822857321615_0_0__sa,broadcast_gpu_ref_6456514822857321615_0_0__sa,1,1228,matched,aligned,true,true,true,exec_profile,gtpin_total_execution_cycles,5511380,5382,cycles,1024,5511380,5382,0,0,,,0,0,0,"{""gtpin_avg_execution_cycles_per_invocation"":5382,""gtpin_invocation_count"":1024,""gtpin_total_execution_cycles"":5511380}",InvocationCount=1024;TotalExecutionCycles=5511380;AvgExecutionCyclesPerInvocation=5382
n1_i2,2,1,2,performance,false,layers.*/self_attn,/model/layers.10/self_attn/Transpose_3,Transpose,Transpose,transpose:/model/layers.10/self_attn/Transpose_3,transpose:/model/layers.10/self_attn/Transpose_3,permute,permute_ref,660,permute_ref_17183202574580890641_0_0__sa,permute_ref_17183202574580890641_0_0__sa,1,1406,matched,aligned,true,true,true,exec_profile,gtpin_total_execution_cycles,5493546,5364,cycles,1024,5493546,5364,0,0,,,0,0,0,"{""gtpin_avg_execution_cycles_per_invocation"":5364,""gtpin_invocation_count"":1024,""gtpin_total_execution_cycles"":5493546}",InvocationCount=1024;TotalExecutionCycles=5493546;AvgExecutionCyclesPerInvocation=5364
n1_i2,2,1,2,performance,false,layers.*/self_attn,/model/layers.7/self_attn/Transpose_3,Transpose,Transpose,transpose:/model/layers.7/self_attn/Transpose_3,transpose:/model/layers.7/self_attn/Transpose_3,permute,permute_ref,552,permute_ref_17183202574580890641_0_0__sa,permute_ref_17183202574580890641_0_0__sa,1,1340,matched,aligned,true,true,true,exec_profile,gtpin_total_execution_cycles,5433274,5305,cycles,1024,5433274,5305,0,0,,,0,0,0,"{""gtpin_avg_execution_cycles_per_invocation"":5305,""gtpin_invocation_count"":1024,""gtpin_total_execution_cycles"":5433274}",InvocationCount=1024;TotalExecutionCycles=5433274;AvgExecutionCyclesPerInvocation=5305
n1_i2,2,1,2,performance,false,layers.*/self_attn,/model/layers.9/self_attn/Transpose_3,Transpose,Transpose,transpose:/model/layers.9/self_attn/Transpose_3,transpose:/model/layers.9/self_attn/Transpose_3,permute,permute_ref,624,permute_ref_17183202574580890641_0_0__sa,permute_ref_17183202574580890641_0_0__sa,1,1384,matched,aligned,true,true,true,exec_profile,gtpin_total_execution_cycles,5386162,5259,cycles,1024,5386162,5259,0,0,,,0,0,0,"{""gtpin_avg_execution_cycles_per_invocation"":5259,""gtpin_invocation_count"":1024,""gtpin_total_execution_cycles"":5386162}",InvocationCount=1024;TotalExecutionCycles=5386162;AvgExecutionCyclesPerInvocation=5259
n1_i2,2,1,2,performance,false,layers.*/self_attn,/model/layers.10/self_attn/Expand,Broadcast,Broadcast,broadcast:/model/layers.10/self_attn/Expand,broadcast:/model/layers.10/self_attn/Expand,broadcast,broadcast_gpu_ref,657,broadcast_gpu_ref_6456514822857321615_0_0__sa,broadcast_gpu_ref_6456514822857321615_0_0__sa,1,1404,matched,aligned,true,true,true,exec_profile,gtpin_total_execution_cycles,5365026,5239,cycles,1024,5365026,5239,0,0,,,0,0,0,"{""gtpin_avg_execution_cycles_per_invocation"":5239,""gtpin_invocation_count"":1024,""gtpin_total_execution_cycles"":5365026}",InvocationCount=1024;TotalExecutionCycles=5365026;AvgExecutionCyclesPerInvocation=5239
n1_i2,2,1,2,performance,false,layers.*/self_attn,/model/layers.8/self_attn/Transpose_3,Transpose,Transpose,transpose:/model/layers.8/self_attn/Transpose_3,transpose:/model/layers.8/self_attn/Transpose_3,permute,permute_ref,588,permute_ref_17183202574580890641_0_0__sa,permute_ref_17183202574580890641_0_0__sa,1,1362,matched,aligned,true,true,true,exec_profile,gtpin_total_execution_cycles,5297146,5172,cycles,1024,5297146,5172,0,0,,,0,0,0,"{""gtpin_avg_execution_cycles_per_invocation"":5172,""gtpin_invocation_count"":1024,""gtpin_total_execution_cycles"":5297146}",InvocationCount=1024;TotalExecutionCycles=5297146;AvgExecutionCyclesPerInvocation=5172
n1_i2,2,1,2,performance,false,layers.*/self_attn,/model/layers.8/self_attn/Mul_8,Multiply,Multiply,multiply:/model/layers.8/self_attn/Mul_8,multiply:/model/layers.8/self_attn/Mul_8,eltwise,generic_eltwise_ref,575,generic_eltwise_ref_7125964068740378811_0_0__sa,generic_eltwise_ref_7125964068740378811_0_0__sa,1,1358,matched,aligned,true,true,true,exec_profile,gtpin_total_execution_cycles,5293048,5168,cycles,1024,5293048,5168,0,0,,,0,0,0,"{""gtpin_avg_execution_cycles_per_invocation"":5168,""gtpin_invocation_count"":1024,""gtpin_total_execution_cycles"":5293048}",InvocationCount=1024;TotalExecutionCycles=5293048;AvgExecutionCyclesPerInvocation=5168
n1_i2,2,1,2,performance,false,layers.*/self_attn,/model/layers.19/self_attn/Transpose_3,Transpose,Transpose,transpose:/model/layers.19/self_attn/Transpose_3,transpose:/model/layers.19/self_attn/Transpose_3,permute,permute_ref,984,permute_ref_17183202574580890641_0_0__sa,permute_ref_17183202574580890641_0_0__sa,1,1604,matched,aligned,true,true,true,exec_profile,gtpin_total_execution_cycles,5265496,5142,cycles,1024,5265496,5142,0,0,,,0,0,0,"{""gtpin_avg_execution_cycles_per_invocation"":5142,""gtpin_invocation_count"":1024,""gtpin_total_execution_cycles"":5265496}",InvocationCount=1024;TotalExecutionCycles=5265496;AvgExecutionCyclesPerInvocation=5142
n1_i2,2,1,2,performance,false,layers.*/self_attn,/model/layers.10/self_attn/Mul_8,Multiply,Multiply,multiply:/model/layers.10/self_attn/Mul_8,multiply:/model/layers.10/self_attn/Mul_8,eltwise,generic_eltwise_ref,647,generic_eltwise_ref_7125964068740378811_0_0__sa,generic_eltwise_ref_7125964068740378811_0_0__sa,1,1402,matched,aligned,true,true,true,exec_profile,gtpin_total_execution_cycles,5264364,5140,cycles,1024,5264364,5140,0,0,,,0,0,0,"{""gtpin_avg_execution_cycles_per_invocation"":5140,""gtpin_invocation_count"":1024,""gtpin_total_execution_cycles"":5264364}",InvocationCount=1024;TotalExecutionCycles=5264364;AvgExecutionCyclesPerInvocation=5140
n1_i2,2,1,2,performance,false,layers.*/self_attn,/model/layers.3/self_attn/Transpose_3,Transpose,Transpose,transpose:/model/layers.3/self_attn/Transpose_3,transpose:/model/layers.3/self_attn/Transpose_3,permute,permute_ref,408,permute_ref_17183202574580890641_0_0__sa,permute_ref_17183202574580890641_0_0__sa,1,1252,matched,aligned,true,true,true,exec_profile,gtpin_total_execution_cycles,5259980,5136,cycles,1024,5259980,5136,0,0,,,0,0,0,"{""gtpin_avg_execution_cycles_per_invocation"":5136,""gtpin_invocation_count"":1024,""gtpin_total_execution_cycles"":5259980}",InvocationCount=1024;TotalExecutionCycles=5259980;AvgExecutionCyclesPerInvocation=5136
n1_i2,2,1,2,performance,false,layers.*/self_attn,/model/layers.0/self_attn/Mul_8,Multiply,Multiply,multiply:/model/layers.0/self_attn/Mul_8,multiply:/model/layers.0/self_attn/Mul_8,eltwise,generic_eltwise_ref,290,generic_eltwise_ref_7125964068740378811_0_0__sa,generic_eltwise_ref_7125964068740378811_0_0__sa,1,1183,matched,aligned,true,true,true,exec_profile,gtpin_total_execution_cycles,5229556,5106,cycles,1024,5229556,5106,0,0,,,0,0,0,"{""gtpin_avg_execution_cycles_per_invocation"":5106,""gtpin_invocation_count"":1024,""gtpin_total_execution_cycles"":5229556}",InvocationCount=1024;TotalExecutionCycles=5229556;AvgExecutionCyclesPerInvocation=5106
n1_i2,2,1,2,performance,false,layers.*/self_attn,/model/layers.6/self_attn/Transpose_3,Transpose,Transpose,transpose:/model/layers.6/self_attn/Transpose_3,transpose:/model/layers.6/self_attn/Transpose_3,permute,permute_ref,516,permute_ref_17183202574580890641_0_0__sa,permute_ref_17183202574580890641_0_0__sa,1,1318,matched,aligned,true,true,true,exec_profile,gtpin_total_execution_cycles,5195866,5074,cycles,1024,5195866,5074,0,0,,,0,0,0,"{""gtpin_avg_execution_cycles_per_invocation"":5074,""gtpin_invocation_count"":1024,""gtpin_total_execution_cycles"":5195866}",InvocationCount=1024;TotalExecutionCycles=5195866;AvgExecutionCyclesPerInvocation=5074
n1_i2,2,1,2,performance,false,layers.*/self_attn,/model/layers.11/self_attn/Transpose_3,Transpose,Transpose,transpose:/model/layers.11/self_attn/Transpose_3,transpose:/model/layers.11/self_attn/Transpose_3,permute,permute_ref,696,permute_ref_17183202574580890641_0_0__sa,permute_ref_17183202574580890641_0_0__sa,1,1428,matched,aligned,true,true,true,exec_profile,gtpin_total_execution_cycles,5168820,5047,cycles,1024,5168820,5047,0,0,,,0,0,0,"{""gtpin_avg_execution_cycles_per_invocation"":5047,""gtpin_invocation_count"":1024,""gtpin_total_execution_cycles"":5168820}",InvocationCount=1024;TotalExecutionCycles=5168820;AvgExecutionCyclesPerInvocation=5047
n1_i2,2,1,2,performance,false,layers.*/self_attn,/model/layers.16/self_attn/Mul_8,Multiply,Multiply,multiply:/model/layers.16/self_attn/Mul_8,multiply:/model/layers.16/self_attn/Mul_8,eltwise,generic_eltwise_ref,863,generic_eltwise_ref_7125964068740378811_0_0__sa,generic_eltwise_ref_7125964068740378811_0_0__sa,1,1534,matched,aligned,true,true,true,exec_profile,gtpin_total_execution_cycles,5146728,5026,cycles,1024,5146728,5026,0,0,,,0,0,0,"{""gtpin_avg_execution_cycles_per_invocation"":5026,""gtpin_invocation_count"":1024,""gtpin_total_execution_cycles"":5146728}",InvocationCount=1024;TotalExecutionCycles=5146728;AvgExecutionCyclesPerInvocation=5026
n1_i2,2,1,2,performance,false,layers.*/self_attn,/model/layers.7/self_attn/Expand_1,Broadcast,Broadcast,broadcast:/model/layers.7/self_attn/Expand_1,broadcast:/model/layers.7/self_attn/Expand_1,broadcast,broadcast_gpu_ref,542,broadcast_gpu_ref_6456514822857321615_0_0__sa,broadcast_gpu_ref_6456514822857321615_0_0__sa,1,1337,matched,aligned,true,true,true,exec_profile,gtpin_total_execution_cycles,5119012,4999,cycles,1024,5119012,4999,0,0,,,0,0,0,"{""gtpin_avg_execution_cycles_per_invocation"":4999,""gtpin_invocation_count"":1024,""gtpin_total_execution_cycles"":5119012}",InvocationCount=1024;TotalExecutionCycles=5119012;AvgExecutionCyclesPerInvocation=4999
n1_i2,2,1,2,performance,false,layers.*/self_attn,/model/layers.4/self_attn/Transpose_3,Transpose,Transpose,transpose:/model/layers.4/self_attn/Transpose_3,transpose:/model/layers.4/self_attn/Transpose_3,permute,permute_ref,444,permute_ref_17183202574580890641_0_0__sa,permute_ref_17183202574580890641_0_0__sa,1,1274,matched,aligned,true,true,true,exec_profile,gtpin_total_execution_cycles,5097808,4978,cycles,1024,5097808,4978,0,0,,,0,0,0,"{""gtpin_avg_execution_cycles_per_invocation"":4978,""gtpin_invocation_count"":1024,""gtpin_total_execution_cycles"":5097808}",InvocationCount=1024;TotalExecutionCycles=5097808;AvgExecutionCyclesPerInvocation=4978
n1_i2,2,1,2,performance,false,layers.*/self_attn,/model/layers.8/self_attn/Expand,Broadcast,Broadcast,broadcast:/model/layers.8/self_attn/Expand,broadcast:/model/layers.8/self_attn/Expand,broadcast,broadcast_gpu_ref,585,broadcast_gpu_ref_6456514822857321615_0_0__sa,broadcast_gpu_ref_6456514822857321615_0_0__sa,1,1360,matched,aligned,true,true,true,exec_profile,gtpin_total_execution_cycles,5060232,4941,cycles,1024,5060232,4941,0,0,,,0,0,0,"{""gtpin_avg_execution_cycles_per_invocation"":4941,""gtpin_invocation_count"":1024,""gtpin_total_execution_cycles"":5060232}",InvocationCount=1024;TotalExecutionCycles=5060232;AvgExecutionCyclesPerInvocation=4941
n1_i2,2,1,2,performance,false,layers.*/self_attn,/model/layers.20/self_attn/Transpose_3,Transpose,Transpose,transpose:/model/layers.20/self_attn/Transpose_3,transpose:/model/layers.20/self_attn/Transpose_3,permute,permute_ref,1020,permute_ref_17183202574580890641_0_0__sa,permute_ref_17183202574580890641_0_0__sa,1,1626,matched,aligned,true,true,true,exec_profile,gtpin_total_execution_cycles,5046534,4928,cycles,1024,5046534,4928,0,0,,,0,0,0,"{""gtpin_avg_execution_cycles_per_invocation"":4928,""gtpin_invocation_count"":1024,""gtpin_total_execution_cycles"":5046534}",InvocationCount=1024;TotalExecutionCycles=5046534;AvgExecutionCyclesPerInvocation=4928
n1_i2,2,1,2,performance,false,layers.*/self_attn,/model/layers.19/self_attn/Mul_8,Multiply,Multiply,multiply:/model/layers.19/self_attn/Mul_8,multiply:/model/layers.19/self_attn/Mul_8,eltwise,generic_eltwise_ref,971,generic_eltwise_ref_7125964068740378811_0_0__sa,generic_eltwise_ref_7125964068740378811_0_0__sa,1,1600,matched,aligned,true,true,true,exec_profile,gtpin_total_execution_cycles,5016068,4898,cycles,1024,5016068,4898,0,0,,,0,0,0,"{""gtpin_avg_execution_cycles_per_invocation"":4898,""gtpin_invocation_count"":1024,""gtpin_total_execution_cycles"":5016068}",InvocationCount=1024;TotalExecutionCycles=5016068;AvgExecutionCyclesPerInvocation=4898
n1_i2,2,1,2,performance,false,embed_tokens,/model/embed_tokens/Gather,Gather,Gather,gather:/model/embed_tokens/Gather,gather:/model/embed_tokens/Gather,gather,gather_ref,229,gather_ref_9653281298055295004_0_0__sa,gather_ref_9653281298055295004_0_0__sa,1,1162,matched,aligned,true,true,true,exec_profile,gtpin_total_execution_cycles,5003792,4886,cycles,1024,5003792,4886,0,0,,,0,0,0,"{""gtpin_avg_execution_cycles_per_invocation"":4886,""gtpin_invocation_count"":1024,""gtpin_total_execution_cycles"":5003792}",InvocationCount=1024;TotalExecutionCycles=5003792;AvgExecutionCyclesPerInvocation=4886
n1_i2,2,1,2,performance,false,layers.*/self_attn,/model/layers.7/self_attn/Mul_8,Multiply,Multiply,multiply:/model/layers.7/self_attn/Mul_8,multiply:/model/layers.7/self_attn/Mul_8,eltwise,generic_eltwise_ref,539,generic_eltwise_ref_7125964068740378811_0_0__sa,generic_eltwise_ref_7125964068740378811_0_0__sa,1,1336,matched,aligned,true,true,true,exec_profile,gtpin_total_execution_cycles,4994292,4877,cycles,1024,4994292,4877,0,0,,,0,0,0,"{""gtpin_avg_execution_cycles_per_invocation"":4877,""gtpin_invocation_count"":1024,""gtpin_total_execution_cycles"":4994292}",InvocationCount=1024;TotalExecutionCycles=4994292;AvgExecutionCyclesPerInvocation=4877
n1_i2,2,1,2,performance,false,layers.*/self_attn,/model/layers.12/self_attn/Transpose_3,Transpose,Transpose,transpose:/model/layers.12/self_attn/Transpose_3,transpose:/model/layers.12/self_attn/Transpose_3,permute,permute_ref,732,permute_ref_17183202574580890641_0_0__sa,permute_ref_17183202574580890641_0_0__sa,1,1450,matched,aligned,true,true,true,exec_profile,gtpin_total_execution_cycles,4952160,4836,cycles,1024,4952160,4836,0,0,,,0,0,0,"{""gtpin_avg_execution_cycles_per_invocation"":4836,""gtpin_invocation_count"":1024,""gtpin_total_execution_cycles"":4952160}",InvocationCount=1024;TotalExecutionCycles=4952160;AvgExecutionCyclesPerInvocation=4836
n1_i2,2,1,2,performance,false,layers.*/self_attn,/model/layers.6/self_attn/Mul_8,Multiply,Multiply,multiply:/model/layers.6/self_attn/Mul_8,multiply:/model/layers.6/self_attn/Mul_8,eltwise,generic_eltwise_ref,503,generic_eltwise_ref_7125964068740378811_0_0__sa,generic_eltwise_ref_7125964068740378811_0_0__sa,1,1314,matched,aligned,true,true,true,exec_profile,gtpin_total_execution_cycles,4949524,4833,cycles,1024,4949524,4833,0,0,,,0,0,0,"{""gtpin_avg_execution_cycles_per_invocation"":4833,""gtpin_invocation_count"":1024,""gtpin_total_execution_cycles"":4949524}",InvocationCount=1024;TotalExecutionCycles=4949524;AvgExecutionCyclesPerInvocation=4833
n1_i2,2,1,2,performance,false,layers.*/self_attn,/model/layers.14/self_attn/Mul_8,Multiply,Multiply,multiply:/model/layers.14/self_attn/Mul_8,multiply:/model/layers.14/self_attn/Mul_8,eltwise,generic_eltwise_ref,791,generic_eltwise_ref_7125964068740378811_0_0__sa,generic_eltwise_ref_7125964068740378811_0_0__sa,1,1490,matched,aligned,true,true,true,exec_profile,gtpin_total_execution_cycles,4895424,4780,cycles,1024,4895424,4780,0,0,,,0,0,0,"{""gtpin_avg_execution_cycles_per_invocation"":4780,""gtpin_invocation_count"":1024,""gtpin_total_execution_cycles"":4895424}",InvocationCount=1024;TotalExecutionCycles=4895424;AvgExecutionCyclesPerInvocation=4780
n1_i2,2,1,2,performance,false,layers.*/self_attn,/model/layers.15/self_attn/Transpose_3,Transpose,Transpose,transpose:/model/layers.15/self_attn/Transpose_3,transpose:/model/layers.15/self_attn/Transpose_3,permute,permute_ref,840,permute_ref_17183202574580890641_0_0__sa,permute_ref_17183202574580890641_0_0__sa,1,1516,matched,aligned,true,true,true,exec_profile,gtpin_total_execution_cycles,4891188,4776,cycles,1024,4891188,4776,0,0,,,0,0,0,"{""gtpin_avg_execution_cycles_per_invocation"":4776,""gtpin_invocation_count"":1024,""gtpin_total_execution_cycles"":4891188}",InvocationCount=1024;TotalExecutionCycles=4891188;AvgExecutionCyclesPerInvocation=4776
n1_i2,2,1,2,performance,false,layers.*/self_attn,/model/layers.2/self_attn/Transpose_3,Transpose,Transpose,transpose:/model/layers.2/self_attn/Transpose_3,transpose:/model/layers.2/self_attn/Transpose_3,permute,permute_ref,372,permute_ref_17183202574580890641_0_0__sa,permute_ref_17183202574580890641_0_0__sa,1,1230,matched,aligned,true,true,true,exec_profile,gtpin_total_execution_cycles,4878684,4764,cycles,1024,4878684,4764,0,0,,,0,0,0,"{""gtpin_avg_execution_cycles_per_invocation"":4764,""gtpin_invocation_count"":1024,""gtpin_total_execution_cycles"":4878684}",InvocationCount=1024;TotalExecutionCycles=4878684;AvgExecutionCyclesPerInvocation=4764
n1_i2,2,1,2,performance,false,layers.*/self_attn,/model/layers.5/self_attn/Mul_8,Multiply,Multiply,multiply:/model/layers.5/self_attn/Mul_8,multiply:/model/layers.5/self_attn/Mul_8,eltwise,generic_eltwise_ref,467,generic_eltwise_ref_7125964068740378811_0_0__sa,generic_eltwise_ref_7125964068740378811_0_0__sa,1,1292,matched,aligned,true,true,true,exec_profile,gtpin_total_execution_cycles,4852292,4738,cycles,1024,4852292,4738,0,0,,,0,0,0,"{""gtpin_avg_execution_cycles_per_invocation"":4738,""gtpin_invocation_count"":1024,""gtpin_total_execution_cycles"":4852292}",InvocationCount=1024;TotalExecutionCycles=4852292;AvgExecutionCyclesPerInvocation=4738
n1_i2,2,1,2,performance,false,layers.*/self_attn,/model/layers.11/self_attn/Expand_1,Broadcast,Broadcast,broadcast:/model/layers.11/self_attn/Expand_1,broadcast:/model/layers.11/self_attn/Expand_1,broadcast,broadcast_gpu_ref,686,broadcast_gpu_ref_6456514822857321615_0_0__sa,broadcast_gpu_ref_6456514822857321615_0_0__sa,1,1425,matched,aligned,true,true,true,exec_profile,gtpin_total_execution_cycles,4821332,4708,cycles,1024,4821332,4708,0,0,,,0,0,0,"{""gtpin_avg_execution_cycles_per_invocation"":4708,""gtpin_invocation_count"":1024,""gtpin_total_execution_cycles"":4821332}",InvocationCount=1024;TotalExecutionCycles=4821332;AvgExecutionCyclesPerInvocation=4708
n1_i2,2,1,2,performance,false,layers.*/self_attn,/model/layers.2/self_attn/Mul_8,Multiply,Multiply,multiply:/model/layers.2/self_attn/Mul_8,multiply:/model/layers.2/self_attn/Mul_8,eltwise,generic_eltwise_ref,359,generic_eltwise_ref_7125964068740378811_0_0__sa,generic_eltwise_ref_7125964068740378811_0_0__sa,1,1226,matched,aligned,true,true,true,exec_profile,gtpin_total_execution_cycles,4809222,4696,cycles,1024,4809222,4696,0,0,,,0,0,0,"{""gtpin_avg_execution_cycles_per_invocation"":4696,""gtpin_invocation_count"":1024,""gtpin_total_execution_cycles"":4809222}",InvocationCount=1024;TotalExecutionCycles=4809222;AvgExecutionCyclesPerInvocation=4696
n1_i2,2,1,2,performance,false,layers.*/self_attn,/model/layers.11/self_attn/Mul_8,Multiply,Multiply,multiply:/model/layers.11/self_attn/Mul_8,multiply:/model/layers.11/self_attn/Mul_8,eltwise,generic_eltwise_ref,683,generic_eltwise_ref_7125964068740378811_0_0__sa,generic_eltwise_ref_7125964068740378811_0_0__sa,1,1424,matched,aligned,true,true,true,exec_profile,gtpin_total_execution_cycles,4804534,4691,cycles,1024,4804534,4691,0,0,,,0,0,0,"{""gtpin_avg_execution_cycles_per_invocation"":4691,""gtpin_invocation_count"":1024,""gtpin_total_execution_cycles"":4804534}",InvocationCount=1024;TotalExecutionCycles=4804534;AvgExecutionCyclesPerInvocation=4691
n1_i2,2,1,2,performance,false,layers.*/self_attn,/model/layers.15/self_attn/Mul_8,Multiply,Multiply,multiply:/model/layers.15/self_attn/Mul_8,multiply:/model/layers.15/self_attn/Mul_8,eltwise,generic_eltwise_ref,827,generic_eltwise_ref_7125964068740378811_0_0__sa,generic_eltwise_ref_7125964068740378811_0_0__sa,1,1512,matched,aligned,true,true,true,exec_profile,gtpin_total_execution_cycles,4755292,4643,cycles,1024,4755292,4643,0,0,,,0,0,0,"{""gtpin_avg_execution_cycles_per_invocation"":4643,""gtpin_invocation_count"":1024,""gtpin_total_execution_cycles"":4755292}",InvocationCount=1024;TotalExecutionCycles=4755292;AvgExecutionCyclesPerInvocation=4643
n1_i2,2,1,2,performance,false,layers.*/self_attn,/model/layers.18/self_attn/Mul_8,Multiply,Multiply,multiply:/model/layers.18/self_attn/Mul_8,multiply:/model/layers.18/self_attn/Mul_8,eltwise,generic_eltwise_ref,935,generic_eltwise_ref_7125964068740378811_0_0__sa,generic_eltwise_ref_7125964068740378811_0_0__sa,1,1578,matched,aligned,true,true,true,exec_profile,gtpin_total_execution_cycles,4740160,4629,cycles,1024,4740160,4629,0,0,,,0,0,0,"{""gtpin_avg_execution_cycles_per_invocation"":4629,""gtpin_invocation_count"":1024,""gtpin_total_execution_cycles"":4740160}",InvocationCount=1024;TotalExecutionCycles=4740160;AvgExecutionCyclesPerInvocation=4629
n1_i2,2,1,2,performance,false,layers.*/self_attn,/model/layers.3/self_attn/Mul_8,Multiply,Multiply,multiply:/model/layers.3/self_attn/Mul_8,multiply:/model/layers.3/self_attn/Mul_8,eltwise,generic_eltwise_ref,395,generic_eltwise_ref_7125964068740378811_0_0__sa,generic_eltwise_ref_7125964068740378811_0_0__sa,1,1248,matched,aligned,true,true,true,exec_profile,gtpin_total_execution_cycles,4706300,4595,cycles,1024,4706300,4595,0,0,,,0,0,0,"{""gtpin_avg_execution_cycles_per_invocation"":4595,""gtpin_invocation_count"":1024,""gtpin_total_execution_cycles"":4706300}",InvocationCount=1024;TotalExecutionCycles=4706300;AvgExecutionCyclesPerInvocation=4595
n1_i2,2,1,2,performance,false,layers.*/self_attn,/model/layers.21/self_attn/Mul_8,Multiply,Multiply,multiply:/model/layers.21/self_attn/Mul_8,multiply:/model/layers.21/self_attn/Mul_8,eltwise,generic_eltwise_ref,1043,generic_eltwise_ref_7125964068740378811_0_0__sa,generic_eltwise_ref_7125964068740378811_0_0__sa,1,1644,matched,aligned,true,true,true,exec_profile,gtpin_total_execution_cycles,4701322,4591,cycles,1024,4701322,4591,0,0,,,0,0,0,"{""gtpin_avg_execution_cycles_per_invocation"":4591,""gtpin_invocation_count"":1024,""gtpin_total_execution_cycles"":4701322}",InvocationCount=1024;TotalExecutionCycles=4701322;AvgExecutionCyclesPerInvocation=4591
n1_i2,2,1,2,performance,false,layers.*/self_attn,/model/layers.1/self_attn/Expand_1,Broadcast,Broadcast,broadcast:/model/layers.1/self_attn/Expand_1,broadcast:/model/layers.1/self_attn/Expand_1,broadcast,broadcast_gpu_ref,326,broadcast_gpu_ref_6456514822857321615_0_0__sa,broadcast_gpu_ref_6456514822857321615_0_0__sa,1,1205,matched,aligned,true,true,true,exec_profile,gtpin_total_execution_cycles,4694196,4584,cycles,1024,4694196,4584,0,0,,,0,0,0,"{""gtpin_avg_execution_cycles_per_invocation"":4584,""gtpin_invocation_count"":1024,""gtpin_total_execution_cycles"":4694196}",InvocationCount=1024;TotalExecutionCycles=4694196;AvgExecutionCyclesPerInvocation=4584
n1_i2,2,1,2,performance,false,layers.*/self_attn,/model/layers.12/self_attn/Mul_8,Multiply,Multiply,multiply:/model/layers.12/self_attn/Mul_8,multiply:/model/layers.12/self_attn/Mul_8,eltwise,generic_eltwise_ref,719,generic_eltwise_ref_7125964068740378811_0_0__sa,generic_eltwise_ref_7125964068740378811_0_0__sa,1,1446,matched,aligned,true,true,true,exec_profile,gtpin_total_execution_cycles,4693706,4583,cycles,1024,4693706,4583,0,0,,,0,0,0,"{""gtpin_avg_execution_cycles_per_invocation"":4583,""gtpin_invocation_count"":1024,""gtpin_total_execution_cycles"":4693706}",InvocationCount=1024;TotalExecutionCycles=4693706;AvgExecutionCyclesPerInvocation=4583
n1_i2,2,1,2,performance,false,layers.*/self_attn,/model/layers.1/self_attn/k_proj/MatMul,FullyConnected,FullyConnected,fullyconnected:/model/layers.1/self_attn/k_proj/MatMul,fullyconnected:/model/layers.1/self_attn/k_proj/MatMul,fully_connected,fully_connected_gpu_bf_tiled,315,fully_connected_gpu_bf_tiled_17963963101609895522_0_0,fully_connected_gpu_bf_tiled_17963963101609895522_0_0,1,1200,matched,aligned,true,true,true,exec_profile,gtpin_total_execution_cycles,4664168,583021,cycles,8,4664168,583021,0,0,,,0,0,0,"{""gtpin_avg_execution_cycles_per_invocation"":583021,""gtpin_invocation_count"":8,""gtpin_total_execution_cycles"":4664168}",InvocationCount=8;TotalExecutionCycles=4664168;AvgExecutionCyclesPerInvocation=583021
n1_i2,2,1,2,performance,false,layers.*/self_attn,/model/layers.13/self_attn/Mul_8,Multiply,Multiply,multiply:/model/layers.13/self_attn/Mul_8,multiply:/model/layers.13/self_attn/Mul_8,eltwise,generic_eltwise_ref,755,generic_eltwise_ref_7125964068740378811_0_0__sa,generic_eltwise_ref_7125964068740378811_0_0__sa,1,1468,matched,aligned,true,true,true,exec_profile,gtpin_total_execution_cycles,4592378,4484,cycles,1024,4592378,4484,0,0,,,0,0,0,"{""gtpin_avg_execution_cycles_per_invocation"":4484,""gtpin_invocation_count"":1024,""gtpin_total_execution_cycles"":4592378}",InvocationCount=1024;TotalExecutionCycles=4592378;AvgExecutionCyclesPerInvocation=4484
n1_i2,2,1,2,performance,false,layers.*/self_attn,/model/layers.4/self_attn/Expand_1,Broadcast,Broadcast,broadcast:/model/layers.4/self_attn/Expand_1,broadcast:/model/layers.4/self_attn/Expand_1,broadcast,broadcast_gpu_ref,434,broadcast_gpu_ref_6456514822857321615_0_0__sa,broadcast_gpu_ref_6456514822857321615_0_0__sa,1,1271,matched,aligned,true,true,true,exec_profile,gtpin_total_execution_cycles,4570962,4463,cycles,1024,4570962,4463,0,0,,,0,0,0,"{""gtpin_avg_execution_cycles_per_invocation"":4463,""gtpin_invocation_count"":1024,""gtpin_total_execution_cycles"":4570962}",InvocationCount=1024;TotalExecutionCycles=4570962;AvgExecutionCyclesPerInvocation=4463
n1_i2,2,1,2,performance,false,layers.*/self_attn,/model/layers.0/self_attn/Expand,Broadcast,Broadcast,broadcast:/model/layers.0/self_attn/Expand,broadcast:/model/layers.0/self_attn/Expand,broadcast,broadcast_gpu_ref,296,broadcast_gpu_ref_6456514822857321615_0_0__sa,broadcast_gpu_ref_6456514822857321615_0_0__sa,1,1184,matched,aligned,true,true,true,exec_profile,gtpin_total_execution_cycles,4469380,4364,cycles,1024,4469380,4364,0,0,,,0,0,0,"{""gtpin_avg_execution_cycles_per_invocation"":4364,""gtpin_invocation_count"":1024,""gtpin_total_execution_cycles"":4469380}",InvocationCount=1024;TotalExecutionCycles=4469380;AvgExecutionCyclesPerInvocation=4364
n1_i2,2,1,2,performance,false,layers.*/self_attn,/model/layers.19/self_attn/Expand_1,Broadcast,Broadcast,broadcast:/model/layers.19/self_attn/Expand_1,broadcast:/model/layers.19/self_attn/Expand_1,broadcast,broadcast_gpu_ref,974,broadcast_gpu_ref_6456514822857321615_0_0__sa,broadcast_gpu_ref_6456514822857321615_0_0__sa,1,1601,matched,aligned,true,true,true,exec_profile,gtpin_total_execution_cycles,4461962,4357,cycles,1024,4461962,4357,0,0,,,0,0,0,"{""gtpin_avg_execution_cycles_per_invocation"":4357,""gtpin_invocation_count"":1024,""gtpin_total_execution_cycles"":4461962}",InvocationCount=1024;TotalExecutionCycles=4461962;AvgExecutionCyclesPerInvocation=4357
n1_i2,2,1,2,performance,false,layers.*/self_attn,/model/layers.9/self_attn/Mul_8,Multiply,Multiply,multiply:/model/layers.9/self_attn/Mul_8,multiply:/model/layers.9/self_attn/Mul_8,eltwise,generic_eltwise_ref,611,generic_eltwise_ref_7125964068740378811_0_0__sa,generic_eltwise_ref_7125964068740378811_0_0__sa,1,1380,matched,aligned,true,true,true,exec_profile,gtpin_total_execution_cycles,4456064,4351,cycles,1024,4456064,4351,0,0,,,0,0,0,"{""gtpin_avg_execution_cycles_per_invocation"":4351,""gtpin_invocation_count"":1024,""gtpin_total_execution_cycles"":4456064}",InvocationCount=1024;TotalExecutionCycles=4456064;AvgExecutionCyclesPerInvocation=4351
n1_i2,2,1,2,performance,false,layers.*/self_attn,/model/layers.20/self_attn/Expand,Broadcast,Broadcast,broadcast:/model/layers.20/self_attn/Expand,broadcast:/model/layers.20/self_attn/Expand,broadcast,broadcast_gpu_ref,1017,broadcast_gpu_ref_6456514822857321615_0_0__sa,broadcast_gpu_ref_6456514822857321615_0_0__sa,1,1624,matched,aligned,true,true,true,exec_profile,gtpin_total_execution_cycles,4451232,4346,cycles,1024,4451232,4346,0,0,,,0,0,0,"{""gtpin_avg_execution_cycles_per_invocation"":4346,""gtpin_invocation_count"":1024,""gtpin_total_execution_cycles"":4451232}",InvocationCount=1024;TotalExecutionCycles=4451232;AvgExecutionCyclesPerInvocation=4346
n1_i2,2,1,2,performance,false,layers.*/self_attn,/model/layers.1/self_attn/v_proj/MatMul,FullyConnected,FullyConnected,fullyconnected:/model/layers.1/self_attn/v_proj/MatMul,fullyconnected:/model/layers.1/self_attn/v_proj/MatMul,fully_connected,fully_connected_gpu_bf_tiled,313,fully_connected_gpu_bf_tiled_17963963101609895522_0_0,fully_connected_gpu_bf_tiled_17963963101609895522_0_0,1,1198,matched,aligned,true,true,true,exec_profile,gtpin_total_execution_cycles,4434244,554280,cycles,8,4434244,554280,0,0,,,0,0,0,"{""gtpin_avg_execution_cycles_per_invocation"":554280,""gtpin_invocation_count"":8,""gtpin_total_execution_cycles"":4434244}",InvocationCount=8;TotalExecutionCycles=4434244;AvgExecutionCyclesPerInvocation=554280
n1_i2,2,1,2,performance,false,layers.*/self_attn,/model/layers.18/self_attn/Expand_1,Broadcast,Broadcast,broadcast:/model/layers.18/self_attn/Expand_1,broadcast:/model/layers.18/self_attn/Expand_1,broadcast,broadcast_gpu_ref,938,broadcast_gpu_ref_6456514822857321615_0_0__sa,broadcast_gpu_ref_6456514822857321615_0_0__sa,1,1579,matched,aligned,true,true,true,exec_profile,gtpin_total_execution_cycles,4419266,4315,cycles,1024,4419266,4315,0,0,,,0,0,0,"{""gtpin_avg_execution_cycles_per_invocation"":4315,""gtpin_invocation_count"":1024,""gtpin_total_execution_cycles"":4419266}",InvocationCount=1024;TotalExecutionCycles=4419266;AvgExecutionCyclesPerInvocation=4315
n1_i2,2,1,2,performance,false,layers.*/self_attn,/model/layers.15/self_attn/Expand_1,Broadcast,Broadcast,broadcast:/model/layers.15/self_attn/Expand_1,broadcast:/model/layers.15/self_attn/Expand_1,broadcast,broadcast_gpu_ref,830,broadcast_gpu_ref_6456514822857321615_0_0__sa,broadcast_gpu_ref_6456514822857321615_0_0__sa,1,1513,matched,aligned,true,true,true,exec_profile,gtpin_total_execution_cycles,4375170,4272,cycles,1024,4375170,4272,0,0,,,0,0,0,"{""gtpin_avg_execution_cycles_per_invocation"":4272,""gtpin_invocation_count"":1024,""gtpin_total_execution_cycles"":4375170}",InvocationCount=1024;TotalExecutionCycles=4375170;AvgExecutionCyclesPerInvocation=4272
n1_i2,2,1,2,performance,false,layers.*/self_attn,/model/layers.10/self_attn/Expand_1,Broadcast,Broadcast,broadcast:/model/layers.10/self_attn/Expand_1,broadcast:/model/layers.10/self_attn/Expand_1,broadcast,broadcast_gpu_ref,650,broadcast_gpu_ref_6456514822857321615_0_0__sa,broadcast_gpu_ref_6456514822857321615_0_0__sa,1,1403,matched,aligned,true,true,true,exec_profile,gtpin_total_execution_cycles,4359714,4257,cycles,1024,4359714,4257,0,0,,,0,0,0,"{""gtpin_avg_execution_cycles_per_invocation"":4257,""gtpin_invocation_count"":1024,""gtpin_total_execution_cycles"":4359714}",InvocationCount=1024;TotalExecutionCycles=4359714;AvgExecutionCyclesPerInvocation=4257
n1_i2,2,1,2,performance,false,layers.*/self_attn,/model/layers.0/self_attn/Expand_1,Broadcast,Broadcast,broadcast:/model/layers.0/self_attn/Expand_1,broadcast:/model/layers.0/self_attn/Expand_1,broadcast,broadcast_gpu_ref,277,broadcast_gpu_ref_6456514822857321615_0_0__sa,broadcast_gpu_ref_6456514822857321615_0_0__sa,1,1177,matched,aligned,true,true,true,exec_profile,gtpin_total_execution_cycles,4342292,4240,cycles,1024,4342292,4240,0,0,,,0,0,0,"{""gtpin_avg_execution_cycles_per_invocation"":4240,""gtpin_invocation_count"":1024,""gtpin_total_execution_cycles"":4342292}",InvocationCount=1024;TotalExecutionCycles=4342292;AvgExecutionCyclesPerInvocation=4240
n1_i2,2,1,2,performance,false,layers.*/self_attn,/model/layers.13/self_attn/Expand_1,Broadcast,Broadcast,broadcast:/model/layers.13/self_attn/Expand_1,broadcast:/model/layers.13/self_attn/Expand_1,broadcast,broadcast_gpu_ref,758,broadcast_gpu_ref_6456514822857321615_0_0__sa,broadcast_gpu_ref_6456514822857321615_0_0__sa,1,1469,matched,aligned,true,true,true,exec_profile,gtpin_total_execution_cycles,4338560,4236,cycles,1024,4338560,4236,0,0,,,0,0,0,"{""gtpin_avg_execution_cycles_per_invocation"":4236,""gtpin_invocation_count"":1024,""gtpin_total_execution_cycles"":4338560}",InvocationCount=1024;TotalExecutionCycles=4338560;AvgExecutionCyclesPerInvocation=4236
n1_i2,2,1,2,performance,false,layers.*/self_attn,/model/layers.3/self_attn/Expand_1,Broadcast,Broadcast,broadcast:/model/layers.3/self_attn/Expand_1,broadcast:/model/layers.3/self_attn/Expand_1,broadcast,broadcast_gpu_ref,398,broadcast_gpu_ref_6456514822857321615_0_0__sa,broadcast_gpu_ref_6456514822857321615_0_0__sa,1,1249,matched,aligned,true,true,true,exec_profile,gtpin_total_execution_cycles,4309116,4208,cycles,1024,4309116,4208,0,0,,,0,0,0,"{""gtpin_avg_execution_cycles_per_invocation"":4208,""gtpin_invocation_count"":1024,""gtpin_total_execution_cycles"":4309116}",InvocationCount=1024;TotalExecutionCycles=4309116;AvgExecutionCyclesPerInvocation=4208
n1_i2,2,1,2,performance,false,layers.*/self_attn,/model/layers.9/self_attn/Expand_1,Broadcast,Broadcast,broadcast:/model/layers.9/self_attn/Expand_1,broadcast:/model/layers.9/self_attn/Expand_1,broadcast,broadcast_gpu_ref,614,broadcast_gpu_ref_6456514822857321615_0_0__sa,broadcast_gpu_ref_6456514822857321615_0_0__sa,1,1381,matched,aligned,true,true,true,exec_profile,gtpin_total_execution_cycles,4306616,4205,cycles,1024,4306616,4205,0,0,,,0,0,0,"{""gtpin_avg_execution_cycles_per_invocation"":4205,""gtpin_invocation_count"":1024,""gtpin_total_execution_cycles"":4306616}",InvocationCount=1024;TotalExecutionCycles=4306616;AvgExecutionCyclesPerInvocation=4205
n1_i2,2,1,2,performance,false,layers.*/self_attn,/model/layers.20/self_attn/Expand_1,Broadcast,Broadcast,broadcast:/model/layers.20/self_attn/Expand_1,broadcast:/model/layers.20/self_attn/Expand_1,broadcast,broadcast_gpu_ref,1010,broadcast_gpu_ref_6456514822857321615_0_0__sa,broadcast_gpu_ref_6456514822857321615_0_0__sa,1,1623,matched,aligned,true,true,true,exec_profile,gtpin_total_execution_cycles,4249124,4149,cycles,1024,4249124,4149,0,0,,,0,0,0,"{""gtpin_avg_execution_cycles_per_invocation"":4149,""gtpin_invocation_count"":1024,""gtpin_total_execution_cycles"":4249124}",InvocationCount=1024;TotalExecutionCycles=4249124;AvgExecutionCyclesPerInvocation=4149
n1_i2,2,1,2,performance,false,layers.*/self_attn,/model/layers.21/self_attn/Expand_1,Broadcast,Broadcast,broadcast:/model/layers.21/self_attn/Expand_1,broadcast:/model/layers.21/self_attn/Expand_1,broadcast,broadcast_gpu_ref,1046,broadcast_gpu_ref_6456514822857321615_0_0__sa,broadcast_gpu_ref_6456514822857321615_0_0__sa,1,1645,matched,aligned,true,true,true,exec_profile,gtpin_total_execution_cycles,4246658,4147,cycles,1024,4246658,4147,0,0,,,0,0,0,"{""gtpin_avg_execution_cycles_per_invocation"":4147,""gtpin_invocation_count"":1024,""gtpin_total_execution_cycles"":4246658}",InvocationCount=1024;TotalExecutionCycles=4246658;AvgExecutionCyclesPerInvocation=4147
n1_i2,2,1,2,performance,false,layers.*/self_attn,/model/layers.12/self_attn/Expand_1,Broadcast,Broadcast,broadcast:/model/layers.12/self_attn/Expand_1,broadcast:/model/layers.12/self_attn/Expand_1,broadcast,broadcast_gpu_ref,722,broadcast_gpu_ref_6456514822857321615_0_0__sa,broadcast_gpu_ref_6456514822857321615_0_0__sa,1,1447,matched,aligned,true,true,true,exec_profile,gtpin_total_execution_cycles,4232968,4133,cycles,1024,4232968,4133,0,0,,,0,0,0,"{""gtpin_avg_execution_cycles_per_invocation"":4133,""gtpin_invocation_count"":1024,""gtpin_total_execution_cycles"":4232968}",InvocationCount=1024;TotalExecutionCycles=4232968;AvgExecutionCyclesPerInvocation=4133
n1_i2,2,1,2,performance,false,layers.*/self_attn,/model/layers.14/self_attn/k_proj/MatMul,FullyConnected,FullyConnected,fullyconnected:/model/layers.14/self_attn/k_proj/MatMul,fullyconnected:/model/layers.14/self_attn/k_proj/MatMul,fully_connected,fully_connected_gpu_bf_tiled,783,fully_connected_gpu_bf_tiled_17963963101609895522_0_0,fully_connected_gpu_bf_tiled_17963963101609895522_0_0,1,1486,matched,aligned,true,true,true,exec_profile,gtpin_total_execution_cycles,4159530,519941,cycles,8,4159530,519941,0,0,,,0,0,0,"{""gtpin_avg_execution_cycles_per_invocation"":519941,""gtpin_invocation_count"":8,""gtpin_total_execution_cycles"":4159530}",InvocationCount=8;TotalExecutionCycles=4159530;AvgExecutionCyclesPerInvocation=519941
n1_i2,2,1,2,performance,false,layers.*/self_attn,/model/layers.11/self_attn/Expand,Broadcast,Broadcast,broadcast:/model/layers.11/self_attn/Expand,broadcast:/model/layers.11/self_attn/Expand,broadcast,broadcast_gpu_ref,693,broadcast_gpu_ref_6456514822857321615_0_0__sa,broadcast_gpu_ref_6456514822857321615_0_0__sa,1,1426,matched,aligned,true,true,true,exec_profile,gtpin_total_execution_cycles,4152718,4055,cycles,1024,4152718,4055,0,0,,,0,0,0,"{""gtpin_avg_execution_cycles_per_invocation"":4055,""gtpin_invocation_count"":1024,""gtpin_total_execution_cycles"":4152718}",InvocationCount=1024;TotalExecutionCycles=4152718;AvgExecutionCyclesPerInvocation=4055
n1_i2,2,1,2,performance,false,layers.*/self_attn,/model/layers.15/self_attn/Expand,Broadcast,Broadcast,broadcast:/model/layers.15/self_attn/Expand,broadcast:/model/layers.15/self_attn/Expand,broadcast,broadcast_gpu_ref,837,broadcast_gpu_ref_6456514822857321615_0_0__sa,broadcast_gpu_ref_6456514822857321615_0_0__sa,1,1514,matched,aligned,true,true,true,exec_profile,gtpin_total_execution_cycles,4148208,4050,cycles,1024,4148208,4050,0,0,,,0,0,0,"{""gtpin_avg_execution_cycles_per_invocation"":4050,""gtpin_invocation_count"":1024,""gtpin_total_execution_cycles"":4148208}",InvocationCount=1024;TotalExecutionCycles=4148208;AvgExecutionCyclesPerInvocation=4050
n1_i2,2,1,2,performance,false,layers.*/self_attn,/model/layers.21/self_attn/k_proj/MatMul,FullyConnected,FullyConnected,fullyconnected:/model/layers.21/self_attn/k_proj/MatMul,fullyconnected:/model/layers.21/self_attn/k_proj/MatMul,fully_connected,fully_connected_gpu_bf_tiled,1035,fully_connected_gpu_bf_tiled_17963963101609895522_0_0,fully_connected_gpu_bf_tiled_17963963101609895522_0_0,1,1640,matched,aligned,true,true,true,exec_profile,gtpin_total_execution_cycles,4097438,512179,cycles,8,4097438,512179,0,0,,,0,0,0,"{""gtpin_avg_execution_cycles_per_invocation"":512179,""gtpin_invocation_count"":8,""gtpin_total_execution_cycles"":4097438}",InvocationCount=8;TotalExecutionCycles=4097438;AvgExecutionCyclesPerInvocation=512179
n1_i2,2,1,2,performance,false,layers.*/self_attn,/model/layers.2/self_attn/Expand_1,Broadcast,Broadcast,broadcast:/model/layers.2/self_attn/Expand_1,broadcast:/model/layers.2/self_attn/Expand_1,broadcast,broadcast_gpu_ref,362,broadcast_gpu_ref_6456514822857321615_0_0__sa,broadcast_gpu_ref_6456514822857321615_0_0__sa,1,1227,matched,aligned,true,true,true,exec_profile,gtpin_total_execution_cycles,4073628,3978,cycles,1024,4073628,3978,0,0,,,0,0,0,"{""gtpin_avg_execution_cycles_per_invocation"":3978,""gtpin_invocation_count"":1024,""gtpin_total_execution_cycles"":4073628}",InvocationCount=1024;TotalExecutionCycles=4073628;AvgExecutionCyclesPerInvocation=3978
n1_i2,2,1,2,performance,false,layers.*/self_attn,/model/layers.5/self_attn/Expand_1,Broadcast,Broadcast,broadcast:/model/layers.5/self_attn/Expand_1,broadcast:/model/layers.5/self_attn/Expand_1,broadcast,broadcast_gpu_ref,470,broadcast_gpu_ref_6456514822857321615_0_0__sa,broadcast_gpu_ref_6456514822857321615_0_0__sa,1,1293,matched,aligned,true,true,true,exec_profile,gtpin_total_execution_cycles,4070832,3975,cycles,1024,4070832,3975,0,0,,,0,0,0,"{""gtpin_avg_execution_cycles_per_invocation"":3975,""gtpin_invocation_count"":1024,""gtpin_total_execution_cycles"":4070832}",InvocationCount=1024;TotalExecutionCycles=4070832;AvgExecutionCyclesPerInvocation=3975
n1_i2,2,1,2,performance,false,layers.*/self_attn,/model/layers.13/self_attn/k_proj/MatMul,FullyConnected,FullyConnected,fullyconnected:/model/layers.13/self_attn/k_proj/MatMul,fullyconnected:/model/layers.13/self_attn/k_proj/MatMul,fully_connected,fully_connected_gpu_bf_tiled,747,fully_connected_gpu_bf_tiled_17963963101609895522_0_0,fully_connected_gpu_bf_tiled_17963963101609895522_0_0,1,1464,matched,aligned,true,true,true,exec_profile,gtpin_total_execution_cycles,4044450,505556,cycles,8,4044450,505556,0,0,,,0,0,0,"{""gtpin_avg_execution_cycles_per_invocation"":505556,""gtpin_invocation_count"":8,""gtpin_total_execution_cycles"":4044450}",InvocationCount=8;TotalExecutionCycles=4044450;AvgExecutionCyclesPerInvocation=505556
n1_i2,2,1,2,performance,false,layers.*/self_attn,/model/layers.19/self_attn/Expand,Broadcast,Broadcast,broadcast:/model/layers.19/self_attn/Expand,broadcast:/model/layers.19/self_attn/Expand,broadcast,broadcast_gpu_ref,981,broadcast_gpu_ref_6456514822857321615_0_0__sa,broadcast_gpu_ref_6456514822857321615_0_0__sa,1,1602,matched,aligned,true,true,true,exec_profile,gtpin_total_execution_cycles,4031938,3937,cycles,1024,4031938,3937,0,0,,,0,0,0,"{""gtpin_avg_execution_cycles_per_invocation"":3937,""gtpin_invocation_count"":1024,""gtpin_total_execution_cycles"":4031938}",InvocationCount=1024;TotalExecutionCycles=4031938;AvgExecutionCyclesPerInvocation=3937
n1_i2,2,1,2,performance,false,layers.*/self_attn,/model/layers.14/self_attn/Expand_1,Broadcast,Broadcast,broadcast:/model/layers.14/self_attn/Expand_1,broadcast:/model/layers.14/self_attn/Expand_1,broadcast,broadcast_gpu_ref,794,broadcast_gpu_ref_6456514822857321615_0_0__sa,broadcast_gpu_ref_6456514822857321615_0_0__sa,1,1491,matched,aligned,true,true,true,exec_profile,gtpin_total_execution_cycles,4031266,3936,cycles,1024,4031266,3936,0,0,,,0,0,0,"{""gtpin_avg_execution_cycles_per_invocation"":3936,""gtpin_invocation_count"":1024,""gtpin_total_execution_cycles"":4031266}",InvocationCount=1024;TotalExecutionCycles=4031266;AvgExecutionCyclesPerInvocation=3936
n1_i2,2,1,2,performance,false,layers.*/self_attn,/model/layers.3/self_attn/Expand,Broadcast,Broadcast,broadcast:/model/layers.3/self_attn/Expand,broadcast:/model/layers.3/self_attn/Expand,broadcast,broadcast_gpu_ref,405,broadcast_gpu_ref_6456514822857321615_0_0__sa,broadcast_gpu_ref_6456514822857321615_0_0__sa,1,1250,matched,aligned,true,true,true,exec_profile,gtpin_total_execution_cycles,4027924,3933,cycles,1024,4027924,3933,0,0,,,0,0,0,"{""gtpin_avg_execution_cycles_per_invocation"":3933,""gtpin_invocation_count"":1024,""gtpin_total_execution_cycles"":4027924}",InvocationCount=1024;TotalExecutionCycles=4027924;AvgExecutionCyclesPerInvocation=3933
n1_i2,2,1,2,performance,false,layers.*/self_attn,/model/layers.11/self_attn/k_proj/MatMul,FullyConnected,FullyConnected,fullyconnected:/model/layers.11/self_attn/k_proj/MatMul,fullyconnected:/model/layers.11/self_attn/k_proj/MatMul,fully_connected,fully_connected_gpu_bf_tiled,675,fully_connected_gpu_bf_tiled_17963963101609895522_0_0,fully_connected_gpu_bf_tiled_17963963101609895522_0_0,1,1420,matched,aligned,true,true,true,exec_profile,gtpin_total_execution_cycles,4020120,502515,cycles,8,4020120,502515,0,0,,,0,0,0,"{""gtpin_avg_execution_cycles_per_invocation"":502515,""gtpin_invocation_count"":8,""gtpin_total_execution_cycles"":4020120}",InvocationCount=8;TotalExecutionCycles=4020120;AvgExecutionCyclesPerInvocation=502515
n1_i2,2,1,2,performance,false,layers.*/self_attn,/model/layers.16/self_attn/Expand_1,Broadcast,Broadcast,broadcast:/model/layers.16/self_attn/Expand_1,broadcast:/model/layers.16/self_attn/Expand_1,broadcast,broadcast_gpu_ref,866,broadcast_gpu_ref_6456514822857321615_0_0__sa,broadcast_gpu_ref_6456514822857321615_0_0__sa,1,1535,matched,aligned,true,true,true,exec_profile,gtpin_total_execution_cycles,4012324,3918,cycles,1024,4012324,3918,0,0,,,0,0,0,"{""gtpin_avg_execution_cycles_per_invocation"":3918,""gtpin_invocation_count"":1024,""gtpin_total_execution_cycles"":4012324}",InvocationCount=1024;TotalExecutionCycles=4012324;AvgExecutionCyclesPerInvocation=3918
n1_i2,2,1,2,performance,false,layers.*/self_attn,/model/layers.15/self_attn/k_proj/MatMul,FullyConnected,FullyConnected,fullyconnected:/model/layers.15/self_attn/k_proj/MatMul,fullyconnected:/model/layers.15/self_attn/k_proj/MatMul,fully_connected,fully_connected_gpu_bf_tiled,819,fully_connected_gpu_bf_tiled_17963963101609895522_0_0,fully_connected_gpu_bf_tiled_17963963101609895522_0_0,1,1508,matched,aligned,true,true,true,exec_profile,gtpin_total_execution_cycles,4010518,501314,cycles,8,4010518,501314,0,0,,,0,0,0,"{""gtpin_avg_execution_cycles_per_invocation"":501314,""gtpin_invocation_count"":8,""gtpin_total_execution_cycles"":4010518}",InvocationCount=8;TotalExecutionCycles=4010518;AvgExecutionCyclesPerInvocation=501314
n1_i2,2,1,2,performance,false,layers.*/self_attn,/model/layers.0/self_attn/MatMul,Gemm,Gemm,gemm:/model/layers.0/self_attn/MatMul,gemm:/model/layers.0/self_attn/MatMul,gemm,gemm_tiled_opt,301,gemm_tiled_opt_7238579717421349067_1_0__sa,gemm_tiled_opt_7238579717421349067_1_0__sa,1,1187,matched,aligned,true,true,true,exec_profile,gtpin_total_execution_cycles,3939920,123122,cycles,32,3939920,123122,0,0,,,0,0,0,"{""gtpin_avg_execution_cycles_per_invocation"":123122,""gtpin_invocation_count"":32,""gtpin_total_execution_cycles"":3939920}",InvocationCount=32;TotalExecutionCycles=3939920;AvgExecutionCyclesPerInvocation=123122
n1_i2,2,1,2,performance,false,layers.*/self_attn,/model/layers.14/self_attn/v_proj/MatMul,FullyConnected,FullyConnected,fullyconnected:/model/layers.14/self_attn/v_proj/MatMul,fullyconnected:/model/layers.14/self_attn/v_proj/MatMul,fully_connected,fully_connected_gpu_bf_tiled,781,fully_connected_gpu_bf_tiled_17963963101609895522_0_0,fully_connected_gpu_bf_tiled_17963963101609895522_0_0,1,1484,matched,aligned,true,true,true,exec_profile,gtpin_total_execution_cycles,3939018,492377,cycles,8,3939018,492377,0,0,,,0,0,0,"{""gtpin_avg_execution_cycles_per_invocation"":492377,""gtpin_invocation_count"":8,""gtpin_total_execution_cycles"":3939018}",InvocationCount=8;TotalExecutionCycles=3939018;AvgExecutionCyclesPerInvocation=492377
n1_i2,2,1,2,performance,false,layers.*/self_attn,/model/layers.21/self_attn/v_proj/MatMul,FullyConnected,FullyConnected,fullyconnected:/model/layers.21/self_attn/v_proj/MatMul,fullyconnected:/model/layers.21/self_attn/v_proj/MatMul,fully_connected,fully_connected_gpu_bf_tiled,1033,fully_connected_gpu_bf_tiled_17963963101609895522_0_0,fully_connected_gpu_bf_tiled_17963963101609895522_0_0,1,1638,matched,aligned,true,true,true,exec_profile,gtpin_total_execution_cycles,3886432,485804,cycles,8,3886432,485804,0,0,,,0,0,0,"{""gtpin_avg_execution_cycles_per_invocation"":485804,""gtpin_invocation_count"":8,""gtpin_total_execution_cycles"":3886432}",InvocationCount=8;TotalExecutionCycles=3886432;AvgExecutionCyclesPerInvocation=485804
n1_i2,2,1,2,performance,false,layers.*/self_attn,/model/layers.8/self_attn/k_proj/MatMul,FullyConnected,FullyConnected,fullyconnected:/model/layers.8/self_attn/k_proj/MatMul,fullyconnected:/model/layers.8/self_attn/k_proj/MatMul,fully_connected,fully_connected_gpu_bf_tiled,567,fully_connected_gpu_bf_tiled_17963963101609895522_0_0,fully_connected_gpu_bf_tiled_17963963101609895522_0_0,1,1354,matched,aligned,true,true,true,exec_profile,gtpin_total_execution_cycles,3880522,485065,cycles,8,3880522,485065,0,0,,,0,0,0,"{""gtpin_avg_execution_cycles_per_invocation"":485065,""gtpin_invocation_count"":8,""gtpin_total_execution_cycles"":3880522}",InvocationCount=8;TotalExecutionCycles=3880522;AvgExecutionCyclesPerInvocation=485065
n1_i2,2,1,2,performance,false,layers.*/self_attn,/model/layers.16/self_attn/MatMul,Gemm,Gemm,gemm:/model/layers.16/self_attn/MatMul,gemm:/model/layers.16/self_attn/MatMul,gemm,gemm_tiled_opt,877,gemm_tiled_opt_7238579717421349067_1_0__sa,gemm_tiled_opt_7238579717421349067_1_0__sa,1,1539,matched,aligned,true,true,true,exec_profile,gtpin_total_execution_cycles,3872796,121024,cycles,32,3872796,121024,0,0,,,0,0,0,"{""gtpin_avg_execution_cycles_per_invocation"":121024,""gtpin_invocation_count"":32,""gtpin_total_execution_cycles"":3872796}",InvocationCount=32;TotalExecutionCycles=3872796;AvgExecutionCyclesPerInvocation=121024
n1_i2,2,1,2,performance,false,layers.*/self_attn,/model/layers.12/self_attn/MatMul,Gemm,Gemm,gemm:/model/layers.12/self_attn/MatMul,gemm:/model/layers.12/self_attn/MatMul,gemm,gemm_tiled_opt,733,gemm_tiled_opt_7238579717421349067_1_0__sa,gemm_tiled_opt_7238579717421349067_1_0__sa,1,1451,matched,aligned,true,true,true,exec_profile,gtpin_total_execution_cycles,3861188,120662,cycles,32,3861188,120662,0,0,,,0,0,0,"{""gtpin_avg_execution_cycles_per_invocation"":120662,""gtpin_invocation_count"":32,""gtpin_total_execution_cycles"":3861188}",InvocationCount=32;TotalExecutionCycles=3861188;AvgExecutionCyclesPerInvocation=120662
n1_i2,2,1,2,performance,false,layers.*/self_attn,/model/layers.17/self_attn/Expand_1,Broadcast,Broadcast,broadcast:/model/layers.17/self_attn/Expand_1,broadcast:/model/layers.17/self_attn/Expand_1,broadcast,broadcast_gpu_ref,902,broadcast_gpu_ref_6456514822857321615_0_0__sa,broadcast_gpu_ref_6456514822857321615_0_0__sa,1,1557,matched,aligned,true,true,true,exec_profile,gtpin_total_execution_cycles,3857468,3767,cycles,1024,3857468,3767,0,0,,,0,0,0,"{""gtpin_avg_execution_cycles_per_invocation"":3767,""gtpin_invocation_count"":1024,""gtpin_total_execution_cycles"":3857468}",InvocationCount=1024;TotalExecutionCycles=3857468;AvgExecutionCyclesPerInvocation=3767
n1_i2,2,1,2,performance,false,layers.*/self_attn,/model/layers.6/self_attn/Expand_1,Broadcast,Broadcast,broadcast:/model/layers.6/self_attn/Expand_1,broadcast:/model/layers.6/self_attn/Expand_1,broadcast,broadcast_gpu_ref,506,broadcast_gpu_ref_6456514822857321615_0_0__sa,broadcast_gpu_ref_6456514822857321615_0_0__sa,1,1315,matched,aligned,true,true,true,exec_profile,gtpin_total_execution_cycles,3853326,3763,cycles,1024,3853326,3763,0,0,,,0,0,0,"{""gtpin_avg_execution_cycles_per_invocation"":3763,""gtpin_invocation_count"":1024,""gtpin_total_execution_cycles"":3853326}",InvocationCount=1024;TotalExecutionCycles=3853326;AvgExecutionCyclesPerInvocation=3763
n1_i2,2,1,2,performance,false,layers.*/self_attn,/model/layers.8/self_attn/Expand_1,Broadcast,Broadcast,broadcast:/model/layers.8/self_attn/Expand_1,broadcast:/model/layers.8/self_attn/Expand_1,broadcast,broadcast_gpu_ref,578,broadcast_gpu_ref_6456514822857321615_0_0__sa,broadcast_gpu_ref_6456514822857321615_0_0__sa,1,1359,matched,aligned,true,true,true,exec_profile,gtpin_total_execution_cycles,3848736,3758,cycles,1024,3848736,3758,0,0,,,0,0,0,"{""gtpin_avg_execution_cycles_per_invocation"":3758,""gtpin_invocation_count"":1024,""gtpin_total_execution_cycles"":3848736}",InvocationCount=1024;TotalExecutionCycles=3848736;AvgExecutionCyclesPerInvocation=3758
n1_i2,2,1,2,performance,false,layers.*/self_attn,/model/layers.0/self_attn/k_proj/MatMul,FullyConnected,FullyConnected,fullyconnected:/model/layers.0/self_attn/k_proj/MatMul,fullyconnected:/model/layers.0/self_attn/k_proj/MatMul,fully_connected,fully_connected_gpu_bf_tiled,240,fully_connected_gpu_bf_tiled_17963963101609895522_0_0,fully_connected_gpu_bf_tiled_17963963101609895522_0_0,1,1167,matched,aligned,true,true,true,exec_profile,gtpin_total_execution_cycles,3846044,480755,cycles,8,3846044,480755,0,0,,,0,0,0,"{""gtpin_avg_execution_cycles_per_invocation"":480755,""gtpin_invocation_count"":8,""gtpin_total_execution_cycles"":3846044}",InvocationCount=8;TotalExecutionCycles=3846044;AvgExecutionCyclesPerInvocation=480755
n1_i2,2,1,2,performance,false,layers.*/self_attn,/model/layers.13/self_attn/v_proj/MatMul,FullyConnected,FullyConnected,fullyconnected:/model/layers.13/self_attn/v_proj/MatMul,fullyconnected:/model/layers.13/self_attn/v_proj/MatMul,fully_connected,fully_connected_gpu_bf_tiled,745,fully_connected_gpu_bf_tiled_17963963101609895522_0_0,fully_connected_gpu_bf_tiled_17963963101609895522_0_0,1,1462,matched,aligned,true,true,true,exec_profile,gtpin_total_execution_cycles,3843844,480480,cycles,8,3843844,480480,0,0,,,0,0,0,"{""gtpin_avg_execution_cycles_per_invocation"":480480,""gtpin_invocation_count"":8,""gtpin_total_execution_cycles"":3843844}",InvocationCount=8;TotalExecutionCycles=3843844;AvgExecutionCyclesPerInvocation=480480
n1_i2,2,1,2,performance,false,layers.*/self_attn,/model/layers.16/self_attn/k_proj/MatMul,FullyConnected,FullyConnected,fullyconnected:/model/layers.16/self_attn/k_proj/MatMul,fullyconnected:/model/layers.16/self_attn/k_proj/MatMul,fully_connected,fully_connected_gpu_bf_tiled,855,fully_connected_gpu_bf_tiled_17963963101609895522_0_0,fully_connected_gpu_bf_tiled_17963963101609895522_0_0,1,1530,matched,aligned,true,true,true,exec_profile,gtpin_total_execution_cycles,3838786,479848,cycles,8,3838786,479848,0,0,,,0,0,0,"{""gtpin_avg_execution_cycles_per_invocation"":479848,""gtpin_invocation_count"":8,""gtpin_total_execution_cycles"":3838786}",InvocationCount=8;TotalExecutionCycles=3838786;AvgExecutionCyclesPerInvocation=479848
n1_i2,2,1,2,performance,false,layers.*/self_attn,/model/layers.20/self_attn/MatMul,Gemm,Gemm,gemm:/model/layers.20/self_attn/MatMul,gemm:/model/layers.20/self_attn/MatMul,gemm,gemm_tiled_opt,1021,gemm_tiled_opt_7238579717421349067_1_0__sa,gemm_tiled_opt_7238579717421349067_1_0__sa,1,1627,matched,aligned,true,true,true,exec_profile,gtpin_total_execution_cycles,3830936,119716,cycles,32,3830936,119716,0,0,,,0,0,0,"{""gtpin_avg_execution_cycles_per_invocation"":119716,""gtpin_invocation_count"":32,""gtpin_total_execution_cycles"":3830936}",InvocationCount=32;TotalExecutionCycles=3830936;AvgExecutionCyclesPerInvocation=119716
n1_i2,2,1,2,performance,false,layers.*/self_attn,/model/layers.4/self_attn/k_proj/MatMul,FullyConnected,FullyConnected,fullyconnected:/model/layers.4/self_attn/k_proj/MatMul,fullyconnected:/model/layers.4/self_attn/k_proj/MatMul,fully_connected,fully_connected_gpu_bf_tiled,423,fully_connected_gpu_bf_tiled_17963963101609895522_0_0,fully_connected_gpu_bf_tiled_17963963101609895522_0_0,1,1266,matched,aligned,true,true,true,exec_profile,gtpin_total_execution_cycles,3830786,478848,cycles,8,3830786,478848,0,0,,,0,0,0,"{""gtpin_avg_execution_cycles_per_invocation"":478848,""gtpin_invocation_count"":8,""gtpin_total_execution_cycles"":3830786}",InvocationCount=8;TotalExecutionCycles=3830786;AvgExecutionCyclesPerInvocation=478848
n1_i2,2,1,2,performance,false,layers.*/self_attn,/model/layers.3/self_attn/k_proj/MatMul,FullyConnected,FullyConnected,fullyconnected:/model/layers.3/self_attn/k_proj/MatMul,fullyconnected:/model/layers.3/self_attn/k_proj/MatMul,fully_connected,fully_connected_gpu_bf_tiled,387,fully_connected_gpu_bf_tiled_17963963101609895522_0_0,fully_connected_gpu_bf_tiled_17963963101609895522_0_0,1,1244,matched,aligned,true,true,true,exec_profile,gtpin_total_execution_cycles,3823884,477985,cycles,8,3823884,477985,0,0,,,0,0,0,"{""gtpin_avg_execution_cycles_per_invocation"":477985,""gtpin_invocation_count"":8,""gtpin_total_execution_cycles"":3823884}",InvocationCount=8;TotalExecutionCycles=3823884;AvgExecutionCyclesPerInvocation=477985
n1_i2,2,1,2,performance,false,layers.*/self_attn,/model/layers.4/self_attn/MatMul,Gemm,Gemm,gemm:/model/layers.4/self_attn/MatMul,gemm:/model/layers.4/self_attn/MatMul,gemm,gemm_tiled_opt,445,gemm_tiled_opt_7238579717421349067_1_0__sa,gemm_tiled_opt_7238579717421349067_1_0__sa,1,1275,matched,aligned,true,true,true,exec_profile,gtpin_total_execution_cycles,3821362,119417,cycles,32,3821362,119417,0,0,,,0,0,0,"{""gtpin_avg_execution_cycles_per_invocation"":119417,""gtpin_invocation_count"":32,""gtpin_total_execution_cycles"":3821362}",InvocationCount=32;TotalExecutionCycles=3821362;AvgExecutionCyclesPerInvocation=119417
n1_i2,2,1,2,performance,false,layers.*/self_attn,/model/layers.7/self_attn/k_proj/MatMul,FullyConnected,FullyConnected,fullyconnected:/model/layers.7/self_attn/k_proj/MatMul,fullyconnected:/model/layers.7/self_attn/k_proj/MatMul,fully_connected,fully_connected_gpu_bf_tiled,531,fully_connected_gpu_bf_tiled_17963963101609895522_0_0,fully_connected_gpu_bf_tiled_17963963101609895522_0_0,1,1332,matched,aligned,true,true,true,exec_profile,gtpin_total_execution_cycles,3819934,477491,cycles,8,3819934,477491,0,0,,,0,0,0,"{""gtpin_avg_execution_cycles_per_invocation"":477491,""gtpin_invocation_count"":8,""gtpin_total_execution_cycles"":3819934}",InvocationCount=8;TotalExecutionCycles=3819934;AvgExecutionCyclesPerInvocation=477491
n1_i2,2,1,2,performance,false,layers.*/self_attn,/model/layers.11/self_attn/v_proj/MatMul,FullyConnected,FullyConnected,fullyconnected:/model/layers.11/self_attn/v_proj/MatMul,fullyconnected:/model/layers.11/self_attn/v_proj/MatMul,fully_connected,fully_connected_gpu_bf_tiled,673,fully_connected_gpu_bf_tiled_17963963101609895522_0_0,fully_connected_gpu_bf_tiled_17963963101609895522_0_0,1,1418,matched,aligned,true,true,true,exec_profile,gtpin_total_execution_cycles,3818264,477283,cycles,8,3818264,477283,0,0,,,0,0,0,"{""gtpin_avg_execution_cycles_per_invocation"":477283,""gtpin_invocation_count"":8,""gtpin_total_execution_cycles"":3818264}",InvocationCount=8;TotalExecutionCycles=3818264;AvgExecutionCyclesPerInvocation=477283
n1_i2,2,1,2,performance,false,layers.*/self_attn,/model/layers.12/self_attn/k_proj/MatMul,FullyConnected,FullyConnected,fullyconnected:/model/layers.12/self_attn/k_proj/MatMul,fullyconnected:/model/layers.12/self_attn/k_proj/MatMul,fully_connected,fully_connected_gpu_bf_tiled,711,fully_connected_gpu_bf_tiled_17963963101609895522_0_0,fully_connected_gpu_bf_tiled_17963963101609895522_0_0,1,1442,matched,aligned,true,true,true,exec_profile,gtpin_total_execution_cycles,3816250,477031,cycles,8,3816250,477031,0,0,,,0,0,0,"{""gtpin_avg_execution_cycles_per_invocation"":477031,""gtpin_invocation_count"":8,""gtpin_total_execution_cycles"":3816250}",InvocationCount=8;TotalExecutionCycles=3816250;AvgExecutionCyclesPerInvocation=477031
n1_i2,2,1,2,performance,false,layers.*/self_attn,/model/layers.9/self_attn/k_proj/MatMul,FullyConnected,FullyConnected,fullyconnected:/model/layers.9/self_attn/k_proj/MatMul,fullyconnected:/model/layers.9/self_attn/k_proj/MatMul,fully_connected,fully_connected_gpu_bf_tiled,603,fully_connected_gpu_bf_tiled_17963963101609895522_0_0,fully_connected_gpu_bf_tiled_17963963101609895522_0_0,1,1376,matched,aligned,true,true,true,exec_profile,gtpin_total_execution_cycles,3813486,476685,cycles,8,3813486,476685,0,0,,,0,0,0,"{""gtpin_avg_execution_cycles_per_invocation"":476685,""gtpin_invocation_count"":8,""gtpin_total_execution_cycles"":3813486}",InvocationCount=8;TotalExecutionCycles=3813486;AvgExecutionCyclesPerInvocation=476685
n1_i2,2,1,2,performance,false,layers.*/self_attn,/model/layers.15/self_attn/v_proj/MatMul,FullyConnected,FullyConnected,fullyconnected:/model/layers.15/self_attn/v_proj/MatMul,fullyconnected:/model/layers.15/self_attn/v_proj/MatMul,fully_connected,fully_connected_gpu_bf_tiled,817,fully_connected_gpu_bf_tiled_17963963101609895522_0_0,fully_connected_gpu_bf_tiled_17963963101609895522_0_0,1,1506,matched,aligned,true,true,true,exec_profile,gtpin_total_execution_cycles,3812954,476619,cycles,8,3812954,476619,0,0,,,0,0,0,"{""gtpin_avg_execution_cycles_per_invocation"":476619,""gtpin_invocation_count"":8,""gtpin_total_execution_cycles"":3812954}",InvocationCount=8;TotalExecutionCycles=3812954;AvgExecutionCyclesPerInvocation=476619
n1_i2,2,1,2,performance,false,layers.*/self_attn,/model/layers.2/self_attn/k_proj/MatMul,FullyConnected,FullyConnected,fullyconnected:/model/layers.2/self_attn/k_proj/MatMul,fullyconnected:/model/layers.2/self_attn/k_proj/MatMul,fully_connected,fully_connected_gpu_bf_tiled,351,fully_connected_gpu_bf_tiled_17963963101609895522_0_0,fully_connected_gpu_bf_tiled_17963963101609895522_0_0,1,1222,matched,aligned,true,true,true,exec_profile,gtpin_total_execution_cycles,3811714,476464,cycles,8,3811714,476464,0,0,,,0,0,0,"{""gtpin_avg_execution_cycles_per_invocation"":476464,""gtpin_invocation_count"":8,""gtpin_total_execution_cycles"":3811714}",InvocationCount=8;TotalExecutionCycles=3811714;AvgExecutionCyclesPerInvocation=476464
n1_i2,2,1,2,performance,false,layers.*/self_attn,/model/layers.4/self_attn/Expand,Broadcast,Broadcast,broadcast:/model/layers.4/self_attn/Expand,broadcast:/model/layers.4/self_attn/Expand,broadcast,broadcast_gpu_ref,441,broadcast_gpu_ref_6456514822857321615_0_0__sa,broadcast_gpu_ref_6456514822857321615_0_0__sa,1,1272,matched,aligned,true,true,true,exec_profile,gtpin_total_execution_cycles,3792182,3703,cycles,1024,3792182,3703,0,0,,,0,0,0,"{""gtpin_avg_execution_cycles_per_invocation"":3703,""gtpin_invocation_count"":1024,""gtpin_total_execution_cycles"":3792182}",InvocationCount=1024;TotalExecutionCycles=3792182;AvgExecutionCyclesPerInvocation=3703
n1_i2,2,1,2,performance,false,layers.*/self_attn,/model/layers.10/self_attn/k_proj/MatMul,FullyConnected,FullyConnected,fullyconnected:/model/layers.10/self_attn/k_proj/MatMul,fullyconnected:/model/layers.10/self_attn/k_proj/MatMul,fully_connected,fully_connected_gpu_bf_tiled,639,fully_connected_gpu_bf_tiled_17963963101609895522_0_0,fully_connected_gpu_bf_tiled_17963963101609895522_0_0,1,1398,matched,aligned,true,true,true,exec_profile,gtpin_total_execution_cycles,3767662,470957,cycles,8,3767662,470957,0,0,,,0,0,0,"{""gtpin_avg_execution_cycles_per_invocation"":470957,""gtpin_invocation_count"":8,""gtpin_total_execution_cycles"":3767662}",InvocationCount=8;TotalExecutionCycles=3767662;AvgExecutionCyclesPerInvocation=470957
n1_i2,2,1,2,performance,false,layers.*/self_attn,/model/layers.16/self_attn/Expand,Broadcast,Broadcast,broadcast:/model/layers.16/self_attn/Expand,broadcast:/model/layers.16/self_attn/Expand,broadcast,broadcast_gpu_ref,873,broadcast_gpu_ref_6456514822857321615_0_0__sa,broadcast_gpu_ref_6456514822857321615_0_0__sa,1,1536,matched,aligned,true,true,true,exec_profile,gtpin_total_execution_cycles,3760132,3672,cycles,1024,3760132,3672,0,0,,,0,0,0,"{""gtpin_avg_execution_cycles_per_invocation"":3672,""gtpin_invocation_count"":1024,""gtpin_total_execution_cycles"":3760132}",InvocationCount=1024;TotalExecutionCycles=3760132;AvgExecutionCyclesPerInvocation=3672
n1_i2,2,1,2,performance,false,layers.*/self_attn,/model/layers.6/self_attn/k_proj/MatMul,FullyConnected,FullyConnected,fullyconnected:/model/layers.6/self_attn/k_proj/MatMul,fullyconnected:/model/layers.6/self_attn/k_proj/MatMul,fully_connected,fully_connected_gpu_bf_tiled,495,fully_connected_gpu_bf_tiled_17963963101609895522_0_0,fully_connected_gpu_bf_tiled_17963963101609895522_0_0,1,1310,matched,aligned,true,true,true,exec_profile,gtpin_total_execution_cycles,3752586,469073,cycles,8,3752586,469073,0,0,,,0,0,0,"{""gtpin_avg_execution_cycles_per_invocation"":469073,""gtpin_invocation_count"":8,""gtpin_total_execution_cycles"":3752586}",InvocationCount=8;TotalExecutionCycles=3752586;AvgExecutionCyclesPerInvocation=469073
n1_i2,2,1,2,performance,false,layers.*/self_attn,/model/layers.20/self_attn/k_proj/MatMul,FullyConnected,FullyConnected,fullyconnected:/model/layers.20/self_attn/k_proj/MatMul,fullyconnected:/model/layers.20/self_attn/k_proj/MatMul,fully_connected,fully_connected_gpu_bf_tiled,999,fully_connected_gpu_bf_tiled_17963963101609895522_0_0,fully_connected_gpu_bf_tiled_17963963101609895522_0_0,1,1618,matched,aligned,true,true,true,exec_profile,gtpin_total_execution_cycles,3728502,466062,cycles,8,3728502,466062,0,0,,,0,0,0,"{""gtpin_avg_execution_cycles_per_invocation"":466062,""gtpin_invocation_count"":8,""gtpin_total_execution_cycles"":3728502}",InvocationCount=8;TotalExecutionCycles=3728502;AvgExecutionCyclesPerInvocation=466062
n1_i2,2,1,2,performance,false,layers.*/self_attn,/model/layers.5/self_attn/k_proj/MatMul,FullyConnected,FullyConnected,fullyconnected:/model/layers.5/self_attn/k_proj/MatMul,fullyconnected:/model/layers.5/self_attn/k_proj/MatMul,fully_connected,fully_connected_gpu_bf_tiled,459,fully_connected_gpu_bf_tiled_17963963101609895522_0_0,fully_connected_gpu_bf_tiled_17963963101609895522_0_0,1,1288,matched,aligned,true,true,true,exec_profile,gtpin_total_execution_cycles,3727130,465891,cycles,8,3727130,465891,0,0,,,0,0,0,"{""gtpin_avg_execution_cycles_per_invocation"":465891,""gtpin_invocation_count"":8,""gtpin_total_execution_cycles"":3727130}",InvocationCount=8;TotalExecutionCycles=3727130;AvgExecutionCyclesPerInvocation=465891
n1_i2,2,1,2,performance,false,layers.*/self_attn,/model/layers.8/self_attn/MatMul,Gemm,Gemm,gemm:/model/layers.8/self_attn/MatMul,gemm:/model/layers.8/self_attn/MatMul,gemm,gemm_tiled_opt,589,gemm_tiled_opt_7238579717421349067_1_0__sa,gemm_tiled_opt_7238579717421349067_1_0__sa,1,1363,matched,aligned,true,true,true,exec_profile,gtpin_total_execution_cycles,3718154,116192,cycles,32,3718154,116192,0,0,,,0,0,0,"{""gtpin_avg_execution_cycles_per_invocation"":116192,""gtpin_invocation_count"":32,""gtpin_total_execution_cycles"":3718154}",InvocationCount=32;TotalExecutionCycles=3718154;AvgExecutionCyclesPerInvocation=116192
n1_i2,2,1,2,performance,false,layers.*/self_attn,/model/layers.17/self_attn/k_proj/MatMul,FullyConnected,FullyConnected,fullyconnected:/model/layers.17/self_attn/k_proj/MatMul,fullyconnected:/model/layers.17/self_attn/k_proj/MatMul,fully_connected,fully_connected_gpu_bf_tiled,891,fully_connected_gpu_bf_tiled_17963963101609895522_0_0,fully_connected_gpu_bf_tiled_17963963101609895522_0_0,1,1552,matched,aligned,true,true,true,exec_profile,gtpin_total_execution_cycles,3712680,464085,cycles,8,3712680,464085,0,0,,,0,0,0,"{""gtpin_avg_execution_cycles_per_invocation"":464085,""gtpin_invocation_count"":8,""gtpin_total_execution_cycles"":3712680}",InvocationCount=8;TotalExecutionCycles=3712680;AvgExecutionCyclesPerInvocation=464085
n1_i2,2,1,2,performance,false,layers.*/self_attn,/model/layers.19/self_attn/k_proj/MatMul,FullyConnected,FullyConnected,fullyconnected:/model/layers.19/self_attn/k_proj/MatMul,fullyconnected:/model/layers.19/self_attn/k_proj/MatMul,fully_connected,fully_connected_gpu_bf_tiled,963,fully_connected_gpu_bf_tiled_17963963101609895522_0_0,fully_connected_gpu_bf_tiled_17963963101609895522_0_0,1,1596,matched,aligned,true,true,true,exec_profile,gtpin_total_execution_cycles,3698228,462278,cycles,8,3698228,462278,0,0,,,0,0,0,"{""gtpin_avg_execution_cycles_per_invocation"":462278,""gtpin_invocation_count"":8,""gtpin_total_execution_cycles"":3698228}",InvocationCount=8;TotalExecutionCycles=3698228;AvgExecutionCyclesPerInvocation=462278
n1_i2,2,1,2,performance,false,layers.*/self_attn,/model/layers.18/self_attn/k_proj/MatMul,FullyConnected,FullyConnected,fullyconnected:/model/layers.18/self_attn/k_proj/MatMul,fullyconnected:/model/layers.18/self_attn/k_proj/MatMul,fully_connected,fully_connected_gpu_bf_tiled,927,fully_connected_gpu_bf_tiled_17963963101609895522_0_0,fully_connected_gpu_bf_tiled_17963963101609895522_0_0,1,1574,matched,aligned,true,true,true,exec_profile,gtpin_total_execution_cycles,3687706,460963,cycles,8,3687706,460963,0,0,,,0,0,0,"{""gtpin_avg_execution_cycles_per_invocation"":460963,""gtpin_invocation_count"":8,""gtpin_total_execution_cycles"":3687706}",InvocationCount=8;TotalExecutionCycles=3687706;AvgExecutionCyclesPerInvocation=460963
n1_i2,2,1,2,performance,false,layers.*/self_attn,/model/layers.8/self_attn/v_proj/MatMul,FullyConnected,FullyConnected,fullyconnected:/model/layers.8/self_attn/v_proj/MatMul,fullyconnected:/model/layers.8/self_attn/v_proj/MatMul,fully_connected,fully_connected_gpu_bf_tiled,565,fully_connected_gpu_bf_tiled_17963963101609895522_0_0,fully_connected_gpu_bf_tiled_17963963101609895522_0_0,1,1352,matched,aligned,true,true,true,exec_profile,gtpin_total_execution_cycles,3683558,460444,cycles,8,3683558,460444,0,0,,,0,0,0,"{""gtpin_avg_execution_cycles_per_invocation"":460444,""gtpin_invocation_count"":8,""gtpin_total_execution_cycles"":3683558}",InvocationCount=8;TotalExecutionCycles=3683558;AvgExecutionCyclesPerInvocation=460444
n1_i2,2,1,2,performance,false,layers.*/self_attn,/model/layers.0/self_attn/v_proj/MatMul,FullyConnected,FullyConnected,fullyconnected:/model/layers.0/self_attn/v_proj/MatMul,fullyconnected:/model/layers.0/self_attn/v_proj/MatMul,fully_connected,fully_connected_gpu_bf_tiled,238,fully_connected_gpu_bf_tiled_17963963101609895522_0_0,fully_connected_gpu_bf_tiled_17963963101609895522_0_0,1,1165,matched,aligned,true,true,true,exec_profile,gtpin_total_execution_cycles,3664200,458025,cycles,8,3664200,458025,0,0,,,0,0,0,"{""gtpin_avg_execution_cycles_per_invocation"":458025,""gtpin_invocation_count"":8,""gtpin_total_execution_cycles"":3664200}",InvocationCount=8;TotalExecutionCycles=3664200;AvgExecutionCyclesPerInvocation=458025
n1_i2,2,1,2,performance,false,layers.*/self_attn,/model/layers.15/self_attn/MatMul,Gemm,Gemm,gemm:/model/layers.15/self_attn/MatMul,gemm:/model/layers.15/self_attn/MatMul,gemm,gemm_tiled_opt,841,gemm_tiled_opt_7238579717421349067_1_0__sa,gemm_tiled_opt_7238579717421349067_1_0__sa,1,1517,matched,aligned,true,true,true,exec_profile,gtpin_total_execution_cycles,3640344,113760,cycles,32,3640344,113760,0,0,,,0,0,0,"{""gtpin_avg_execution_cycles_per_invocation"":113760,""gtpin_invocation_count"":32,""gtpin_total_execution_cycles"":3640344}",InvocationCount=32;TotalExecutionCycles=3640344;AvgExecutionCyclesPerInvocation=113760
n1_i2,2,1,2,performance,false,layers.*/self_attn,/model/layers.11/self_attn/MatMul,Gemm,Gemm,gemm:/model/layers.11/self_attn/MatMul,gemm:/model/layers.11/self_attn/MatMul,gemm,gemm_tiled_opt,697,gemm_tiled_opt_7238579717421349067_1_0__sa,gemm_tiled_opt_7238579717421349067_1_0__sa,1,1429,matched,aligned,true,true,true,exec_profile,gtpin_total_execution_cycles,3637070,113658,cycles,32,3637070,113658,0,0,,,0,0,0,"{""gtpin_avg_execution_cycles_per_invocation"":113658,""gtpin_invocation_count"":32,""gtpin_total_execution_cycles"":3637070}",InvocationCount=32;TotalExecutionCycles=3637070;AvgExecutionCyclesPerInvocation=113658
n1_i2,2,1,2,performance,false,layers.*/self_attn,/model/layers.12/self_attn/v_proj/MatMul,FullyConnected,FullyConnected,fullyconnected:/model/layers.12/self_attn/v_proj/MatMul,fullyconnected:/model/layers.12/self_attn/v_proj/MatMul,fully_connected,fully_connected_gpu_bf_tiled,709,fully_connected_gpu_bf_tiled_17963963101609895522_0_0,fully_connected_gpu_bf_tiled_17963963101609895522_0_0,1,1440,matched,aligned,true,true,true,exec_profile,gtpin_total_execution_cycles,3630848,453856,cycles,8,3630848,453856,0,0,,,0,0,0,"{""gtpin_avg_execution_cycles_per_invocation"":453856,""gtpin_invocation_count"":8,""gtpin_total_execution_cycles"":3630848}",InvocationCount=8;TotalExecutionCycles=3630848;AvgExecutionCyclesPerInvocation=453856
n1_i2,2,1,2,performance,false,layers.*/self_attn,/model/layers.3/self_attn/v_proj/MatMul,FullyConnected,FullyConnected,fullyconnected:/model/layers.3/self_attn/v_proj/MatMul,fullyconnected:/model/layers.3/self_attn/v_proj/MatMul,fully_connected,fully_connected_gpu_bf_tiled,385,fully_connected_gpu_bf_tiled_17963963101609895522_0_0,fully_connected_gpu_bf_tiled_17963963101609895522_0_0,1,1242,matched,aligned,true,true,true,exec_profile,gtpin_total_execution_cycles,3629272,453659,cycles,8,3629272,453659,0,0,,,0,0,0,"{""gtpin_avg_execution_cycles_per_invocation"":453659,""gtpin_invocation_count"":8,""gtpin_total_execution_cycles"":3629272}",InvocationCount=8;TotalExecutionCycles=3629272;AvgExecutionCyclesPerInvocation=453659
n1_i2,2,1,2,performance,false,layers.*/self_attn,/model/layers.7/self_attn/v_proj/MatMul,FullyConnected,FullyConnected,fullyconnected:/model/layers.7/self_attn/v_proj/MatMul,fullyconnected:/model/layers.7/self_attn/v_proj/MatMul,fully_connected,fully_connected_gpu_bf_tiled,529,fully_connected_gpu_bf_tiled_17963963101609895522_0_0,fully_connected_gpu_bf_tiled_17963963101609895522_0_0,1,1330,matched,aligned,true,true,true,exec_profile,gtpin_total_execution_cycles,3627970,453496,cycles,8,3627970,453496,0,0,,,0,0,0,"{""gtpin_avg_execution_cycles_per_invocation"":453496,""gtpin_invocation_count"":8,""gtpin_total_execution_cycles"":3627970}",InvocationCount=8;TotalExecutionCycles=3627970;AvgExecutionCyclesPerInvocation=453496
n1_i2,2,1,2,performance,false,layers.*/self_attn,/model/layers.4/self_attn/v_proj/MatMul,FullyConnected,FullyConnected,fullyconnected:/model/layers.4/self_attn/v_proj/MatMul,fullyconnected:/model/layers.4/self_attn/v_proj/MatMul,fully_connected,fully_connected_gpu_bf_tiled,421,fully_connected_gpu_bf_tiled_17963963101609895522_0_0,fully_connected_gpu_bf_tiled_17963963101609895522_0_0,1,1264,matched,aligned,true,true,true,exec_profile,gtpin_total_execution_cycles,3624352,453044,cycles,8,3624352,453044,0,0,,,0,0,0,"{""gtpin_avg_execution_cycles_per_invocation"":453044,""gtpin_invocation_count"":8,""gtpin_total_execution_cycles"":3624352}",InvocationCount=8;TotalExecutionCycles=3624352;AvgExecutionCyclesPerInvocation=453044
n1_i2,2,1,2,performance,false,layers.*/self_attn,/model/layers.9/self_attn/v_proj/MatMul,FullyConnected,FullyConnected,fullyconnected:/model/layers.9/self_attn/v_proj/MatMul,fullyconnected:/model/layers.9/self_attn/v_proj/MatMul,fully_connected,fully_connected_gpu_bf_tiled,601,fully_connected_gpu_bf_tiled_17963963101609895522_0_0,fully_connected_gpu_bf_tiled_17963963101609895522_0_0,1,1374,matched,aligned,true,true,true,exec_profile,gtpin_total_execution_cycles,3605230,450653,cycles,8,3605230,450653,0,0,,,0,0,0,"{""gtpin_avg_execution_cycles_per_invocation"":450653,""gtpin_invocation_count"":8,""gtpin_total_execution_cycles"":3605230}",InvocationCount=8;TotalExecutionCycles=3605230;AvgExecutionCyclesPerInvocation=450653
n1_i2,2,1,2,performance,false,layers.*/self_attn,/model/layers.13/self_attn/MatMul,Gemm,Gemm,gemm:/model/layers.13/self_attn/MatMul,gemm:/model/layers.13/self_attn/MatMul,gemm,gemm_tiled_opt,769,gemm_tiled_opt_7238579717421349067_1_0__sa,gemm_tiled_opt_7238579717421349067_1_0__sa,1,1473,matched,aligned,true,true,true,exec_profile,gtpin_total_execution_cycles,3601774,112555,cycles,32,3601774,112555,0,0,,,0,0,0,"{""gtpin_avg_execution_cycles_per_invocation"":112555,""gtpin_invocation_count"":32,""gtpin_total_execution_cycles"":3601774}",InvocationCount=32;TotalExecutionCycles=3601774;AvgExecutionCyclesPerInvocation=112555
n1_i2,2,1,2,performance,false,layers.*/self_attn,/model/layers.10/self_attn/v_proj/MatMul,FullyConnected,FullyConnected,fullyconnected:/model/layers.10/self_attn/v_proj/MatMul,fullyconnected:/model/layers.10/self_attn/v_proj/MatMul,fully_connected,fully_connected_gpu_bf_tiled,637,fully_connected_gpu_bf_tiled_17963963101609895522_0_0,fully_connected_gpu_bf_tiled_17963963101609895522_0_0,1,1396,matched,aligned,true,true,true,exec_profile,gtpin_total_execution_cycles,3598772,449846,cycles,8,3598772,449846,0,0,,,0,0,0,"{""gtpin_avg_execution_cycles_per_invocation"":449846,""gtpin_invocation_count"":8,""gtpin_total_execution_cycles"":3598772}",InvocationCount=8;TotalExecutionCycles=3598772;AvgExecutionCyclesPerInvocation=449846
n1_i2,2,1,2,performance,false,layers.*/self_attn,/model/layers.16/self_attn/v_proj/MatMul,FullyConnected,FullyConnected,fullyconnected:/model/layers.16/self_attn/v_proj/MatMul,fullyconnected:/model/layers.16/self_attn/v_proj/MatMul,fully_connected,fully_connected_gpu_bf_tiled,853,fully_connected_gpu_bf_tiled_17963963101609895522_0_0,fully_connected_gpu_bf_tiled_17963963101609895522_0_0,1,1528,matched,aligned,true,true,true,exec_profile,gtpin_total_execution_cycles,3595460,449432,cycles,8,3595460,449432,0,0,,,0,0,0,"{""gtpin_avg_execution_cycles_per_invocation"":449432,""gtpin_invocation_count"":8,""gtpin_total_execution_cycles"":3595460}",InvocationCount=8;TotalExecutionCycles=3595460;AvgExecutionCyclesPerInvocation=449432
n1_i2,2,1,2,performance,false,layers.*/self_attn,/model/layers.2/self_attn/v_proj/MatMul,FullyConnected,FullyConnected,fullyconnected:/model/layers.2/self_attn/v_proj/MatMul,fullyconnected:/model/layers.2/self_attn/v_proj/MatMul,fully_connected,fully_connected_gpu_bf_tiled,349,fully_connected_gpu_bf_tiled_17963963101609895522_0_0,fully_connected_gpu_bf_tiled_17963963101609895522_0_0,1,1220,matched,aligned,true,true,true,exec_profile,gtpin_total_execution_cycles,3589998,448749,cycles,8,3589998,448749,0,0,,,0,0,0,"{""gtpin_avg_execution_cycles_per_invocation"":448749,""gtpin_invocation_count"":8,""gtpin_total_execution_cycles"":3589998}",InvocationCount=8;TotalExecutionCycles=3589998;AvgExecutionCyclesPerInvocation=448749
n1_i2,2,1,2,performance,false,layers.*/self_attn,/model/layers.21/self_attn/MatMul,Gemm,Gemm,gemm:/model/layers.21/self_attn/MatMul,gemm:/model/layers.21/self_attn/MatMul,gemm,gemm_tiled_opt,1057,gemm_tiled_opt_7238579717421349067_1_0__sa,gemm_tiled_opt_7238579717421349067_1_0__sa,1,1649,matched,aligned,true,true,true,exec_profile,gtpin_total_execution_cycles,3562062,111314,cycles,32,3562062,111314,0,0,,,0,0,0,"{""gtpin_avg_execution_cycles_per_invocation"":111314,""gtpin_invocation_count"":32,""gtpin_total_execution_cycles"":3562062}",InvocationCount=32;TotalExecutionCycles=3562062;AvgExecutionCyclesPerInvocation=111314
n1_i2,2,1,2,performance,false,layers.*/self_attn,/model/layers.6/self_attn/v_proj/MatMul,FullyConnected,FullyConnected,fullyconnected:/model/layers.6/self_attn/v_proj/MatMul,fullyconnected:/model/layers.6/self_attn/v_proj/MatMul,fully_connected,fully_connected_gpu_bf_tiled,493,fully_connected_gpu_bf_tiled_17963963101609895522_0_0,fully_connected_gpu_bf_tiled_17963963101609895522_0_0,1,1308,matched,aligned,true,true,true,exec_profile,gtpin_total_execution_cycles,3557932,444741,cycles,8,3557932,444741,0,0,,,0,0,0,"{""gtpin_avg_execution_cycles_per_invocation"":444741,""gtpin_invocation_count"":8,""gtpin_total_execution_cycles"":3557932}",InvocationCount=8;TotalExecutionCycles=3557932;AvgExecutionCyclesPerInvocation=444741
n1_i2,2,1,2,performance,false,layers.*/self_attn,/model/layers.9/self_attn/MatMul,Gemm,Gemm,gemm:/model/layers.9/self_attn/MatMul,gemm:/model/layers.9/self_attn/MatMul,gemm,gemm_tiled_opt,625,gemm_tiled_opt_7238579717421349067_1_0__sa,gemm_tiled_opt_7238579717421349067_1_0__sa,1,1385,matched,aligned,true,true,true,exec_profile,gtpin_total_execution_cycles,3551764,110992,cycles,32,3551764,110992,0,0,,,0,0,0,"{""gtpin_avg_execution_cycles_per_invocation"":110992,""gtpin_invocation_count"":32,""gtpin_total_execution_cycles"":3551764}",InvocationCount=32;TotalExecutionCycles=3551764;AvgExecutionCyclesPerInvocation=110992
n1_i2,2,1,2,performance,false,layers.*/self_attn,/model/layers.10/self_attn/MatMul,Gemm,Gemm,gemm:/model/layers.10/self_attn/MatMul,gemm:/model/layers.10/self_attn/MatMul,gemm,gemm_tiled_opt,661,gemm_tiled_opt_7238579717421349067_1_0__sa,gemm_tiled_opt_7238579717421349067_1_0__sa,1,1407,matched,aligned,true,true,true,exec_profile,gtpin_total_execution_cycles,3547038,110844,cycles,32,3547038,110844,0,0,,,0,0,0,"{""gtpin_avg_execution_cycles_per_invocation"":110844,""gtpin_invocation_count"":32,""gtpin_total_execution_cycles"":3547038}",InvocationCount=32;TotalExecutionCycles=3547038;AvgExecutionCyclesPerInvocation=110844
n1_i2,2,1,2,performance,false,layers.*/self_attn,/model/layers.7/self_attn/Expand,Broadcast,Broadcast,broadcast:/model/layers.7/self_attn/Expand,broadcast:/model/layers.7/self_attn/Expand,broadcast,broadcast_gpu_ref,549,broadcast_gpu_ref_6456514822857321615_0_0__sa,broadcast_gpu_ref_6456514822857321615_0_0__sa,1,1338,matched,aligned,true,true,true,exec_profile,gtpin_total_execution_cycles,3546398,3463,cycles,1024,3546398,3463,0,0,,,0,0,0,"{""gtpin_avg_execution_cycles_per_invocation"":3463,""gtpin_invocation_count"":1024,""gtpin_total_execution_cycles"":3546398}",InvocationCount=1024;TotalExecutionCycles=3546398;AvgExecutionCyclesPerInvocation=3463
n1_i2,2,1,2,performance,false,layers.*/self_attn,/model/layers.5/self_attn/MatMul,Gemm,Gemm,gemm:/model/layers.5/self_attn/MatMul,gemm:/model/layers.5/self_attn/MatMul,gemm,gemm_tiled_opt,481,gemm_tiled_opt_7238579717421349067_1_0__sa,gemm_tiled_opt_7238579717421349067_1_0__sa,1,1297,matched,aligned,true,true,true,exec_profile,gtpin_total_execution_cycles,3532020,110375,cycles,32,3532020,110375,0,0,,,0,0,0,"{""gtpin_avg_execution_cycles_per_invocation"":110375,""gtpin_invocation_count"":32,""gtpin_total_execution_cycles"":3532020}",InvocationCount=32;TotalExecutionCycles=3532020;AvgExecutionCyclesPerInvocation=110375
n1_i2,2,1,2,performance,false,layers.*/self_attn,/model/layers.14/self_attn/MatMul,Gemm,Gemm,gemm:/model/layers.14/self_attn/MatMul,gemm:/model/layers.14/self_attn/MatMul,gemm,gemm_tiled_opt,805,gemm_tiled_opt_7238579717421349067_1_0__sa,gemm_tiled_opt_7238579717421349067_1_0__sa,1,1495,matched,aligned,true,true,true,exec_profile,gtpin_total_execution_cycles,3531266,110352,cycles,32,3531266,110352,0,0,,,0,0,0,"{""gtpin_avg_execution_cycles_per_invocation"":110352,""gtpin_invocation_count"":32,""gtpin_total_execution_cycles"":3531266}",InvocationCount=32;TotalExecutionCycles=3531266;AvgExecutionCyclesPerInvocation=110352
n1_i2,2,1,2,performance,false,layers.*/self_attn,/model/layers.7/self_attn/MatMul,Gemm,Gemm,gemm:/model/layers.7/self_attn/MatMul,gemm:/model/layers.7/self_attn/MatMul,gemm,gemm_tiled_opt,553,gemm_tiled_opt_7238579717421349067_1_0__sa,gemm_tiled_opt_7238579717421349067_1_0__sa,1,1341,matched,aligned,true,true,true,exec_profile,gtpin_total_execution_cycles,3529966,110311,cycles,32,3529966,110311,0,0,,,0,0,0,"{""gtpin_avg_execution_cycles_per_invocation"":110311,""gtpin_invocation_count"":32,""gtpin_total_execution_cycles"":3529966}",InvocationCount=32;TotalExecutionCycles=3529966;AvgExecutionCyclesPerInvocation=110311
n1_i2,2,1,2,performance,false,layers.*/self_attn,/model/layers.5/self_attn/v_proj/MatMul,FullyConnected,FullyConnected,fullyconnected:/model/layers.5/self_attn/v_proj/MatMul,fullyconnected:/model/layers.5/self_attn/v_proj/MatMul,fully_connected,fully_connected_gpu_bf_tiled,457,fully_connected_gpu_bf_tiled_17963963101609895522_0_0,fully_connected_gpu_bf_tiled_17963963101609895522_0_0,1,1286,matched,aligned,true,true,true,exec_profile,gtpin_total_execution_cycles,3522714,440339,cycles,8,3522714,440339,0,0,,,0,0,0,"{""gtpin_avg_execution_cycles_per_invocation"":440339,""gtpin_invocation_count"":8,""gtpin_total_execution_cycles"":3522714}",InvocationCount=8;TotalExecutionCycles=3522714;AvgExecutionCyclesPerInvocation=440339
n1_i2,2,1,2,performance,false,layers.*/self_attn,/model/layers.20/self_attn/v_proj/MatMul,FullyConnected,FullyConnected,fullyconnected:/model/layers.20/self_attn/v_proj/MatMul,fullyconnected:/model/layers.20/self_attn/v_proj/MatMul,fully_connected,fully_connected_gpu_bf_tiled,997,fully_connected_gpu_bf_tiled_17963963101609895522_0_0,fully_connected_gpu_bf_tiled_17963963101609895522_0_0,1,1616,matched,aligned,true,true,true,exec_profile,gtpin_total_execution_cycles,3520558,440069,cycles,8,3520558,440069,0,0,,,0,0,0,"{""gtpin_avg_execution_cycles_per_invocation"":440069,""gtpin_invocation_count"":8,""gtpin_total_execution_cycles"":3520558}",InvocationCount=8;TotalExecutionCycles=3520558;AvgExecutionCyclesPerInvocation=440069
n1_i2,2,1,2,performance,false,layers.*/self_attn,/model/layers.17/self_attn/v_proj/MatMul,FullyConnected,FullyConnected,fullyconnected:/model/layers.17/self_attn/v_proj/MatMul,fullyconnected:/model/layers.17/self_attn/v_proj/MatMul,fully_connected,fully_connected_gpu_bf_tiled,889,fully_connected_gpu_bf_tiled_17963963101609895522_0_0,fully_connected_gpu_bf_tiled_17963963101609895522_0_0,1,1550,matched,aligned,true,true,true,exec_profile,gtpin_total_execution_cycles,3519972,439996,cycles,8,3519972,439996,0,0,,,0,0,0,"{""gtpin_avg_execution_cycles_per_invocation"":439996,""gtpin_invocation_count"":8,""gtpin_total_execution_cycles"":3519972}",InvocationCount=8;TotalExecutionCycles=3519972;AvgExecutionCyclesPerInvocation=439996
n1_i2,2,1,2,performance,false,layers.*/self_attn,/model/layers.19/self_attn/MatMul,Gemm,Gemm,gemm:/model/layers.19/self_attn/MatMul,gemm:/model/layers.19/self_attn/MatMul,gemm,gemm_tiled_opt,985,gemm_tiled_opt_7238579717421349067_1_0__sa,gemm_tiled_opt_7238579717421349067_1_0__sa,1,1605,matched,aligned,true,true,true,exec_profile,gtpin_total_execution_cycles,3518654,109957,cycles,32,3518654,109957,0,0,,,0,0,0,"{""gtpin_avg_execution_cycles_per_invocation"":109957,""gtpin_invocation_count"":32,""gtpin_total_execution_cycles"":3518654}",InvocationCount=32;TotalExecutionCycles=3518654;AvgExecutionCyclesPerInvocation=109957
n1_i2,2,1,2,performance,false,layers.*/self_attn,/model/layers.3/self_attn/MatMul,Gemm,Gemm,gemm:/model/layers.3/self_attn/MatMul,gemm:/model/layers.3/self_attn/MatMul,gemm,gemm_tiled_opt,409,gemm_tiled_opt_7238579717421349067_1_0__sa,gemm_tiled_opt_7238579717421349067_1_0__sa,1,1253,matched,aligned,true,true,true,exec_profile,gtpin_total_execution_cycles,3514078,109814,cycles,32,3514078,109814,0,0,,,0,0,0,"{""gtpin_avg_execution_cycles_per_invocation"":109814,""gtpin_invocation_count"":32,""gtpin_total_execution_cycles"":3514078}",InvocationCount=32;TotalExecutionCycles=3514078;AvgExecutionCyclesPerInvocation=109814
n1_i2,2,1,2,performance,false,layers.*/self_attn,/model/layers.18/self_attn/v_proj/MatMul,FullyConnected,FullyConnected,fullyconnected:/model/layers.18/self_attn/v_proj/MatMul,fullyconnected:/model/layers.18/self_attn/v_proj/MatMul,fully_connected,fully_connected_gpu_bf_tiled,925,fully_connected_gpu_bf_tiled_17963963101609895522_0_0,fully_connected_gpu_bf_tiled_17963963101609895522_0_0,1,1572,matched,aligned,true,true,true,exec_profile,gtpin_total_execution_cycles,3505318,438164,cycles,8,3505318,438164,0,0,,,0,0,0,"{""gtpin_avg_execution_cycles_per_invocation"":438164,""gtpin_invocation_count"":8,""gtpin_total_execution_cycles"":3505318}",InvocationCount=8;TotalExecutionCycles=3505318;AvgExecutionCyclesPerInvocation=438164
n1_i2,2,1,2,performance,false,layers.*/self_attn,/model/layers.2/self_attn/MatMul,Gemm,Gemm,gemm:/model/layers.2/self_attn/MatMul,gemm:/model/layers.2/self_attn/MatMul,gemm,gemm_tiled_opt,373,gemm_tiled_opt_7238579717421349067_1_0__sa,gemm_tiled_opt_7238579717421349067_1_0__sa,1,1231,matched,aligned,true,true,true,exec_profile,gtpin_total_execution_cycles,3503144,109473,cycles,32,3503144,109473,0,0,,,0,0,0,"{""gtpin_avg_execution_cycles_per_invocation"":109473,""gtpin_invocation_count"":32,""gtpin_total_execution_cycles"":3503144}",InvocationCount=32;TotalExecutionCycles=3503144;AvgExecutionCyclesPerInvocation=109473
n1_i2,2,1,2,performance,false,layers.*/self_attn,/model/layers.18/self_attn/MatMul,Gemm,Gemm,gemm:/model/layers.18/self_attn/MatMul,gemm:/model/layers.18/self_attn/MatMul,gemm,gemm_tiled_opt,949,gemm_tiled_opt_7238579717421349067_1_0__sa,gemm_tiled_opt_7238579717421349067_1_0__sa,1,1583,matched,aligned,true,true,true,exec_profile,gtpin_total_execution_cycles,3500644,109395,cycles,32,3500644,109395,0,0,,,0,0,0,"{""gtpin_avg_execution_cycles_per_invocation"":109395,""gtpin_invocation_count"":32,""gtpin_total_execution_cycles"":3500644}",InvocationCount=32;TotalExecutionCycles=3500644;AvgExecutionCyclesPerInvocation=109395
n1_i2,2,1,2,performance,false,layers.*/self_attn,/model/layers.1/self_attn/MatMul,Gemm,Gemm,gemm:/model/layers.1/self_attn/MatMul,gemm:/model/layers.1/self_attn/MatMul,gemm,gemm_tiled_opt,337,gemm_tiled_opt_7238579717421349067_1_0__sa,gemm_tiled_opt_7238579717421349067_1_0__sa,1,1209,matched,aligned,true,true,true,exec_profile,gtpin_total_execution_cycles,3495862,109245,cycles,32,3495862,109245,0,0,,,0,0,0,"{""gtpin_avg_execution_cycles_per_invocation"":109245,""gtpin_invocation_count"":32,""gtpin_total_execution_cycles"":3495862}",InvocationCount=32;TotalExecutionCycles=3495862;AvgExecutionCyclesPerInvocation=109245
n1_i2,2,1,2,performance,false,layers.*/self_attn,/model/layers.19/self_attn/v_proj/MatMul,FullyConnected,FullyConnected,fullyconnected:/model/layers.19/self_attn/v_proj/MatMul,fullyconnected:/model/layers.19/self_attn/v_proj/MatMul,fully_connected,fully_connected_gpu_bf_tiled,961,fully_connected_gpu_bf_tiled_17963963101609895522_0_0,fully_connected_gpu_bf_tiled_17963963101609895522_0_0,1,1594,matched,aligned,true,true,true,exec_profile,gtpin_total_execution_cycles,3490472,436309,cycles,8,3490472,436309,0,0,,,0,0,0,"{""gtpin_avg_execution_cycles_per_invocation"":436309,""gtpin_invocation_count"":8,""gtpin_total_execution_cycles"":3490472}",InvocationCount=8;TotalExecutionCycles=3490472;AvgExecutionCyclesPerInvocation=436309
n1_i2,2,1,2,performance,false,layers.*/self_attn,/model/layers.6/self_attn/MatMul,Gemm,Gemm,gemm:/model/layers.6/self_attn/MatMul,gemm:/model/layers.6/self_attn/MatMul,gemm,gemm_tiled_opt,517,gemm_tiled_opt_7238579717421349067_1_0__sa,gemm_tiled_opt_7238579717421349067_1_0__sa,1,1319,matched,aligned,true,true,true,exec_profile,gtpin_total_execution_cycles,3447258,107726,cycles,32,3447258,107726,0,0,,,0,0,0,"{""gtpin_avg_execution_cycles_per_invocation"":107726,""gtpin_invocation_count"":32,""gtpin_total_execution_cycles"":3447258}",InvocationCount=32;TotalExecutionCycles=3447258;AvgExecutionCyclesPerInvocation=107726
n1_i2,2,1,2,performance,false,layers.*/self_attn,/model/layers.17/self_attn/MatMul,Gemm,Gemm,gemm:/model/layers.17/self_attn/MatMul,gemm:/model/layers.17/self_attn/MatMul,gemm,gemm_tiled_opt,913,gemm_tiled_opt_7238579717421349067_1_0__sa,gemm_tiled_opt_7238579717421349067_1_0__sa,1,1561,matched,aligned,true,true,true,exec_profile,gtpin_total_execution_cycles,3432232,107257,cycles,32,3432232,107257,0,0,,,0,0,0,"{""gtpin_avg_execution_cycles_per_invocation"":107257,""gtpin_invocation_count"":32,""gtpin_total_execution_cycles"":3432232}",InvocationCount=32;TotalExecutionCycles=3432232;AvgExecutionCyclesPerInvocation=107257
n1_i2,2,1,2,performance,false,layers.*/self_attn,/model/layers.12/self_attn/Expand,Broadcast,Broadcast,broadcast:/model/layers.12/self_attn/Expand,broadcast:/model/layers.12/self_attn/Expand,broadcast,broadcast_gpu_ref,729,broadcast_gpu_ref_6456514822857321615_0_0__sa,broadcast_gpu_ref_6456514822857321615_0_0__sa,1,1448,matched,aligned,true,true,true,exec_profile,gtpin_total_execution_cycles,3394832,3315,cycles,1024,3394832,3315,0,0,,,0,0,0,"{""gtpin_avg_execution_cycles_per_invocation"":3315,""gtpin_invocation_count"":1024,""gtpin_total_execution_cycles"":3394832}",InvocationCount=1024;TotalExecutionCycles=3394832;AvgExecutionCyclesPerInvocation=3315
n1_i2,2,1,2,performance,false,layers.*/post_attention_layernorm,/model/layers.18/post_attention_layernorm/Mul,RMS,RMS,rms:/model/layers.18/post_attention_layernorm/Mul,rms:/model/layers.18/post_attention_layernorm/Mul,rms,rms_gpu_bfyx_opt,956,rms_gpu_bfyx_opt_10690270683970839748_0_0__sa,rms_gpu_bfyx_opt_10690270683970839748_0_0__sa,1,1589,matched,aligned,true,true,true,exec_profile,gtpin_total_execution_cycles,2626116,10258,cycles,256,2626116,10258,0,0,,,0,0,0,"{""gtpin_avg_execution_cycles_per_invocation"":10258,""gtpin_invocation_count"":256,""gtpin_total_execution_cycles"":2626116}",InvocationCount=256;TotalExecutionCycles=2626116;AvgExecutionCyclesPerInvocation=10258
n1_i2,2,1,2,performance,false,layers.*/input_layernorm,/model/layers.16/input_layernorm/Mul,RMS,RMS,rms:/model/layers.16/input_layernorm/Mul,rms:/model/layers.16/input_layernorm/Mul,rms,rms_gpu_bfyx_opt,852,rms_gpu_bfyx_opt_10690270683970839748_0_0__sa,rms_gpu_bfyx_opt_10690270683970839748_0_0__sa,1,1527,matched,aligned,true,true,true,exec_profile,gtpin_total_execution_cycles,2474574,9666,cycles,256,2474574,9666,0,0,,,0,0,0,"{""gtpin_avg_execution_cycles_per_invocation"":9666,""gtpin_invocation_count"":256,""gtpin_total_execution_cycles"":2474574}",InvocationCount=256;TotalExecutionCycles=2474574;AvgExecutionCyclesPerInvocation=9666
n1_i2,2,1,2,performance,false,layers.*/post_attention_layernorm,/model/layers.10/post_attention_layernorm/Mul,RMS,RMS,rms:/model/layers.10/post_attention_layernorm/Mul,rms:/model/layers.10/post_attention_layernorm/Mul,rms,rms_gpu_bfyx_opt,668,rms_gpu_bfyx_opt_10690270683970839748_0_0__sa,rms_gpu_bfyx_opt_10690270683970839748_0_0__sa,1,1413,matched,aligned,true,true,true,exec_profile,gtpin_total_execution_cycles,2456280,9594,cycles,256,2456280,9594,0,0,,,0,0,0,"{""gtpin_avg_execution_cycles_per_invocation"":9594,""gtpin_invocation_count"":256,""gtpin_total_execution_cycles"":2456280}",InvocationCount=256;TotalExecutionCycles=2456280;AvgExecutionCyclesPerInvocation=9594
n1_i2,2,1,2,performance,false,layers.*/self_attn,/model/layers.15/self_attn/Transpose_4,Gemm,Gemm,gemm:/model/layers.15/self_attn/Transpose_4,gemm:/model/layers.15/self_attn/Transpose_4,gemm,gemm_tiled_opt,845,gemm_tiled_opt_12829285813189929928_0_0__sa,gemm_tiled_opt_12829285813189929928_0_0__sa,1,1521,matched,aligned,true,true,true,exec_profile,gtpin_total_execution_cycles,2400670,37510,cycles,64,2400670,37510,0,0,,,0,0,0,"{""gtpin_avg_execution_cycles_per_invocation"":37510,""gtpin_invocation_count"":64,""gtpin_total_execution_cycles"":2400670}",InvocationCount=64;TotalExecutionCycles=2400670;AvgExecutionCyclesPerInvocation=37510
n1_i2,2,1,2,performance,false,layers.*/self_attn,/model/layers.11/self_attn/Transpose_4,Gemm,Gemm,gemm:/model/layers.11/self_attn/Transpose_4,gemm:/model/layers.11/self_attn/Transpose_4,gemm,gemm_tiled_opt,701,gemm_tiled_opt_12829285813189929928_0_0__sa,gemm_tiled_opt_12829285813189929928_0_0__sa,1,1433,matched,aligned,true,true,true,exec_profile,gtpin_total_execution_cycles,2331210,36425,cycles,64,2331210,36425,0,0,,,0,0,0,"{""gtpin_avg_execution_cycles_per_invocation"":36425,""gtpin_invocation_count"":64,""gtpin_total_execution_cycles"":2331210}",InvocationCount=64;TotalExecutionCycles=2331210;AvgExecutionCyclesPerInvocation=36425
n1_i2,2,1,2,performance,false,layers.*/self_attn,/model/layers.19/self_attn/Transpose_4,Gemm,Gemm,gemm:/model/layers.19/self_attn/Transpose_4,gemm:/model/layers.19/self_attn/Transpose_4,gemm,gemm_tiled_opt,989,gemm_tiled_opt_12829285813189929928_0_0__sa,gemm_tiled_opt_12829285813189929928_0_0__sa,1,1609,matched,aligned,true,true,true,exec_profile,gtpin_total_execution_cycles,2253372,35208,cycles,64,2253372,35208,0,0,,,0,0,0,"{""gtpin_avg_execution_cycles_per_invocation"":35208,""gtpin_invocation_count"":64,""gtpin_total_execution_cycles"":2253372}",InvocationCount=64;TotalExecutionCycles=2253372;AvgExecutionCyclesPerInvocation=35208
n1_i2,2,1,2,performance,false,layers.*/post_attention_layernorm,/model/layers.12/post_attention_layernorm/Mul,RMS,RMS,rms:/model/layers.12/post_attention_layernorm/Mul,rms:/model/layers.12/post_attention_layernorm/Mul,rms,rms_gpu_bfyx_opt,740,rms_gpu_bfyx_opt_10690270683970839748_0_0__sa,rms_gpu_bfyx_opt_10690270683970839748_0_0__sa,1,1457,matched,aligned,true,true,true,exec_profile,gtpin_total_execution_cycles,2224954,8691,cycles,256,2224954,8691,0,0,,,0,0,0,"{""gtpin_avg_execution_cycles_per_invocation"":8691,""gtpin_invocation_count"":256,""gtpin_total_execution_cycles"":2224954}",InvocationCount=256;TotalExecutionCycles=2224954;AvgExecutionCyclesPerInvocation=8691
n1_i2,2,1,2,performance,false,layers.*/self_attn,/model/layers.7/self_attn/Transpose_4,Gemm,Gemm,gemm:/model/layers.7/self_attn/Transpose_4,gemm:/model/layers.7/self_attn/Transpose_4,gemm,gemm_tiled_opt,557,gemm_tiled_opt_12829285813189929928_0_0__sa,gemm_tiled_opt_12829285813189929928_0_0__sa,1,1345,matched,aligned,true,true,true,exec_profile,gtpin_total_execution_cycles,2221372,34708,cycles,64,2221372,34708,0,0,,,0,0,0,"{""gtpin_avg_execution_cycles_per_invocation"":34708,""gtpin_invocation_count"":64,""gtpin_total_execution_cycles"":2221372}",InvocationCount=64;TotalExecutionCycles=2221372;AvgExecutionCyclesPerInvocation=34708
n1_i2,2,1,2,performance,false,layers.*/self_attn,/model/layers.14/self_attn/Transpose_4,Gemm,Gemm,gemm:/model/layers.14/self_attn/Transpose_4,gemm:/model/layers.14/self_attn/Transpose_4,gemm,gemm_tiled_opt,809,gemm_tiled_opt_12829285813189929928_0_0__sa,gemm_tiled_opt_12829285813189929928_0_0__sa,1,1499,matched,aligned,true,true,true,exec_profile,gtpin_total_execution_cycles,2210774,34543,cycles,64,2210774,34543,0,0,,,0,0,0,"{""gtpin_avg_execution_cycles_per_invocation"":34543,""gtpin_invocation_count"":64,""gtpin_total_execution_cycles"":2210774}",InvocationCount=64;TotalExecutionCycles=2210774;AvgExecutionCyclesPerInvocation=34543
n1_i2,2,1,2,performance,false,layers.*/input_layernorm,/model/layers.19/input_layernorm/Mul,RMS,RMS,rms:/model/layers.19/input_layernorm/Mul,rms:/model/layers.19/input_layernorm/Mul,rms,rms_gpu_bfyx_opt,960,rms_gpu_bfyx_opt_10690270683970839748_0_0__sa,rms_gpu_bfyx_opt_10690270683970839748_0_0__sa,1,1593,matched,aligned,true,true,true,exec_profile,gtpin_total_execution_cycles,2210372,8634,cycles,256,2210372,8634,0,0,,,0,0,0,"{""gtpin_avg_execution_cycles_per_invocation"":8634,""gtpin_invocation_count"":256,""gtpin_total_execution_cycles"":2210372}",InvocationCount=256;TotalExecutionCycles=2210372;AvgExecutionCyclesPerInvocation=8634
n1_i2,2,1,2,performance,false,layers.*/input_layernorm,/model/layers.7/input_layernorm/Mul,RMS,RMS,rms:/model/layers.7/input_layernorm/Mul,rms:/model/layers.7/input_layernorm/Mul,rms,rms_gpu_bfyx_opt,528,rms_gpu_bfyx_opt_10690270683970839748_0_0__sa,rms_gpu_bfyx_opt_10690270683970839748_0_0__sa,1,1329,matched,aligned,true,true,true,exec_profile,gtpin_total_execution_cycles,2194384,8571,cycles,256,2194384,8571,0,0,,,0,0,0,"{""gtpin_avg_execution_cycles_per_invocation"":8571,""gtpin_invocation_count"":256,""gtpin_total_execution_cycles"":2194384}",InvocationCount=256;TotalExecutionCycles=2194384;AvgExecutionCyclesPerInvocation=8571
n1_i2,2,1,2,performance,false,layers.*/post_attention_layernorm,/model/layers.2/post_attention_layernorm/Mul,RMS,RMS,rms:/model/layers.2/post_attention_layernorm/Mul,rms:/model/layers.2/post_attention_layernorm/Mul,rms,rms_gpu_bfyx_opt,380,rms_gpu_bfyx_opt_10690270683970839748_0_0__sa,rms_gpu_bfyx_opt_10690270683970839748_0_0__sa,1,1237,matched,aligned,true,true,true,exec_profile,gtpin_total_execution_cycles,2193466,8568,cycles,256,2193466,8568,0,0,,,0,0,0,"{""gtpin_avg_execution_cycles_per_invocation"":8568,""gtpin_invocation_count"":256,""gtpin_total_execution_cycles"":2193466}",InvocationCount=256;TotalExecutionCycles=2193466;AvgExecutionCyclesPerInvocation=8568
n1_i2,2,1,2,performance,false,layers.*/self_attn,/model/layers.3/self_attn/Transpose_4,Gemm,Gemm,gemm:/model/layers.3/self_attn/Transpose_4,gemm:/model/layers.3/self_attn/Transpose_4,gemm,gemm_tiled_opt,413,gemm_tiled_opt_12829285813189929928_0_0__sa,gemm_tiled_opt_12829285813189929928_0_0__sa,1,1257,matched,aligned,true,true,true,exec_profile,gtpin_total_execution_cycles,2191860,34247,cycles,64,2191860,34247,0,0,,,0,0,0,"{""gtpin_avg_execution_cycles_per_invocation"":34247,""gtpin_invocation_count"":64,""gtpin_total_execution_cycles"":2191860}",InvocationCount=64;TotalExecutionCycles=2191860;AvgExecutionCyclesPerInvocation=34247
n1_i2,2,1,2,performance,false,layers.*/post_attention_layernorm,/model/layers.13/post_attention_layernorm/Mul,RMS,RMS,rms:/model/layers.13/post_attention_layernorm/Mul,rms:/model/layers.13/post_attention_layernorm/Mul,rms,rms_gpu_bfyx_opt,776,rms_gpu_bfyx_opt_10690270683970839748_0_0__sa,rms_gpu_bfyx_opt_10690270683970839748_0_0__sa,1,1479,matched,aligned,true,true,true,exec_profile,gtpin_total_execution_cycles,2172470,8486,cycles,256,2172470,8486,0,0,,,0,0,0,"{""gtpin_avg_execution_cycles_per_invocation"":8486,""gtpin_invocation_count"":256,""gtpin_total_execution_cycles"":2172470}",InvocationCount=256;TotalExecutionCycles=2172470;AvgExecutionCyclesPerInvocation=8486
n1_i2,2,1,2,performance,false,layers.*/self_attn,/model/layers.6/self_attn/Transpose_4,Gemm,Gemm,gemm:/model/layers.6/self_attn/Transpose_4,gemm:/model/layers.6/self_attn/Transpose_4,gemm,gemm_tiled_opt,521,gemm_tiled_opt_12829285813189929928_0_0__sa,gemm_tiled_opt_12829285813189929928_0_0__sa,1,1323,matched,aligned,true,true,true,exec_profile,gtpin_total_execution_cycles,2171672,33932,cycles,64,2171672,33932,0,0,,,0,0,0,"{""gtpin_avg_execution_cycles_per_invocation"":33932,""gtpin_invocation_count"":64,""gtpin_total_execution_cycles"":2171672}",InvocationCount=64;TotalExecutionCycles=2171672;AvgExecutionCyclesPerInvocation=33932
n1_i2,2,1,2,performance,false,layers.*/post_attention_layernorm,/model/layers.14/post_attention_layernorm/Mul,RMS,RMS,rms:/model/layers.14/post_attention_layernorm/Mul,rms:/model/layers.14/post_attention_layernorm/Mul,rms,rms_gpu_bfyx_opt,812,rms_gpu_bfyx_opt_10690270683970839748_0_0__sa,rms_gpu_bfyx_opt_10690270683970839748_0_0__sa,1,1501,matched,aligned,true,true,true,exec_profile,gtpin_total_execution_cycles,2170292,8477,cycles,256,2170292,8477,0,0,,,0,0,0,"{""gtpin_avg_execution_cycles_per_invocation"":8477,""gtpin_invocation_count"":256,""gtpin_total_execution_cycles"":2170292}",InvocationCount=256;TotalExecutionCycles=2170292;AvgExecutionCyclesPerInvocation=8477
n1_i2,2,1,2,performance,false,layers.*/input_layernorm,/model/layers.15/input_layernorm/Mul,RMS,RMS,rms:/model/layers.15/input_layernorm/Mul,rms:/model/layers.15/input_layernorm/Mul,rms,rms_gpu_bfyx_opt,816,rms_gpu_bfyx_opt_10690270683970839748_0_0__sa,rms_gpu_bfyx_opt_10690270683970839748_0_0__sa,1,1505,matched,aligned,true,true,true,exec_profile,gtpin_total_execution_cycles,2160174,8438,cycles,256,2160174,8438,0,0,,,0,0,0,"{""gtpin_avg_execution_cycles_per_invocation"":8438,""gtpin_invocation_count"":256,""gtpin_total_execution_cycles"":2160174}",InvocationCount=256;TotalExecutionCycles=2160174;AvgExecutionCyclesPerInvocation=8438
n1_i2,2,1,2,performance,false,layers.*/self_attn,/model/layers.20/self_attn/Transpose_4,Gemm,Gemm,gemm:/model/layers.20/self_attn/Transpose_4,gemm:/model/layers.20/self_attn/Transpose_4,gemm,gemm_tiled_opt,1025,gemm_tiled_opt_12829285813189929928_0_0__sa,gemm_tiled_opt_12829285813189929928_0_0__sa,1,1631,matched,aligned,true,true,true,exec_profile,gtpin_total_execution_cycles,2155954,33686,cycles,64,2155954,33686,0,0,,,0,0,0,"{""gtpin_avg_execution_cycles_per_invocation"":33686,""gtpin_invocation_count"":64,""gtpin_total_execution_cycles"":2155954}",InvocationCount=64;TotalExecutionCycles=2155954;AvgExecutionCyclesPerInvocation=33686
n1_i2,2,1,2,performance,false,layers.*/self_attn,/model/layers.13/self_attn/Transpose_4,Gemm,Gemm,gemm:/model/layers.13/self_attn/Transpose_4,gemm:/model/layers.13/self_attn/Transpose_4,gemm,gemm_tiled_opt,773,gemm_tiled_opt_12829285813189929928_0_0__sa,gemm_tiled_opt_12829285813189929928_0_0__sa,1,1477,matched,aligned,true,true,true,exec_profile,gtpin_total_execution_cycles,2072050,32375,cycles,64,2072050,32375,0,0,,,0,0,0,"{""gtpin_avg_execution_cycles_per_invocation"":32375,""gtpin_invocation_count"":64,""gtpin_total_execution_cycles"":2072050}",InvocationCount=64;TotalExecutionCycles=2072050;AvgExecutionCyclesPerInvocation=32375
n1_i2,2,1,2,performance,false,layers.*/self_attn,/model/layers.2/self_attn/Transpose_4,Gemm,Gemm,gemm:/model/layers.2/self_attn/Transpose_4,gemm:/model/layers.2/self_attn/Transpose_4,gemm,gemm_tiled_opt,377,gemm_tiled_opt_12829285813189929928_0_0__sa,gemm_tiled_opt_12829285813189929928_0_0__sa,1,1235,matched,aligned,true,true,true,exec_profile,gtpin_total_execution_cycles,2056934,32139,cycles,64,2056934,32139,0,0,,,0,0,0,"{""gtpin_avg_execution_cycles_per_invocation"":32139,""gtpin_invocation_count"":64,""gtpin_total_execution_cycles"":2056934}",InvocationCount=64;TotalExecutionCycles=2056934;AvgExecutionCyclesPerInvocation=32139
n1_i2,2,1,2,performance,false,layers.*/self_attn,/model/layers.17/self_attn/Transpose_4,Gemm,Gemm,gemm:/model/layers.17/self_attn/Transpose_4,gemm:/model/layers.17/self_attn/Transpose_4,gemm,gemm_tiled_opt,917,gemm_tiled_opt_12829285813189929928_0_0__sa,gemm_tiled_opt_12829285813189929928_0_0__sa,1,1565,matched,aligned,true,true,true,exec_profile,gtpin_total_execution_cycles,2052980,32077,cycles,64,2052980,32077,0,0,,,0,0,0,"{""gtpin_avg_execution_cycles_per_invocation"":32077,""gtpin_invocation_count"":64,""gtpin_total_execution_cycles"":2052980}",InvocationCount=64;TotalExecutionCycles=2052980;AvgExecutionCyclesPerInvocation=32077
n1_i2,2,1,2,performance,false,layers.*/self_attn,/model/layers.9/self_attn/Transpose_4,Gemm,Gemm,gemm:/model/layers.9/self_attn/Transpose_4,gemm:/model/layers.9/self_attn/Transpose_4,gemm,gemm_tiled_opt,629,gemm_tiled_opt_12829285813189929928_0_0__sa,gemm_tiled_opt_12829285813189929928_0_0__sa,1,1389,matched,aligned,true,true,true,exec_profile,gtpin_total_execution_cycles,2044304,31942,cycles,64,2044304,31942,0,0,,,0,0,0,"{""gtpin_avg_execution_cycles_per_invocation"":31942,""gtpin_invocation_count"":64,""gtpin_total_execution_cycles"":2044304}",InvocationCount=64;TotalExecutionCycles=2044304;AvgExecutionCyclesPerInvocation=31942
n1_i2,2,1,2,performance,false,layers.*/self_attn,/model/layers.4/self_attn/Transpose_4,Gemm,Gemm,gemm:/model/layers.4/self_attn/Transpose_4,gemm:/model/layers.4/self_attn/Transpose_4,gemm,gemm_tiled_opt,449,gemm_tiled_opt_12829285813189929928_0_0__sa,gemm_tiled_opt_12829285813189929928_0_0__sa,1,1279,matched,aligned,true,true,true,exec_profile,gtpin_total_execution_cycles,2040102,31876,cycles,64,2040102,31876,0,0,,,0,0,0,"{""gtpin_avg_execution_cycles_per_invocation"":31876,""gtpin_invocation_count"":64,""gtpin_total_execution_cycles"":2040102}",InvocationCount=64;TotalExecutionCycles=2040102;AvgExecutionCyclesPerInvocation=31876
n1_i2,2,1,2,performance,false,layers.*/self_attn,/model/layers.16/self_attn/Transpose_4,Gemm,Gemm,gemm:/model/layers.16/self_attn/Transpose_4,gemm:/model/layers.16/self_attn/Transpose_4,gemm,gemm_tiled_opt,881,gemm_tiled_opt_12829285813189929928_0_0__sa,gemm_tiled_opt_12829285813189929928_0_0__sa,1,1543,matched,aligned,true,true,true,exec_profile,gtpin_total_execution_cycles,2034646,31791,cycles,64,2034646,31791,0,0,,,0,0,0,"{""gtpin_avg_execution_cycles_per_invocation"":31791,""gtpin_invocation_count"":64,""gtpin_total_execution_cycles"":2034646}",InvocationCount=64;TotalExecutionCycles=2034646;AvgExecutionCyclesPerInvocation=31791
n1_i2,2,1,2,performance,false,layers.*/self_attn,/model/layers.1/self_attn/Transpose_4,Gemm,Gemm,gemm:/model/layers.1/self_attn/Transpose_4,gemm:/model/layers.1/self_attn/Transpose_4,gemm,gemm_tiled_opt,341,gemm_tiled_opt_12829285813189929928_0_0__sa,gemm_tiled_opt_12829285813189929928_0_0__sa,1,1213,matched,aligned,true,true,true,exec_profile,gtpin_total_execution_cycles,2033256,31769,cycles,64,2033256,31769,0,0,,,0,0,0,"{""gtpin_avg_execution_cycles_per_invocation"":31769,""gtpin_invocation_count"":64,""gtpin_total_execution_cycles"":2033256}",InvocationCount=64;TotalExecutionCycles=2033256;AvgExecutionCyclesPerInvocation=31769
n1_i2,2,1,2,performance,false,layers.*/self_attn,/model/layers.21/self_attn/Transpose_4,Gemm,Gemm,gemm:/model/layers.21/self_attn/Transpose_4,gemm:/model/layers.21/self_attn/Transpose_4,gemm,gemm_tiled_opt,1061,gemm_tiled_opt_12829285813189929928_0_0__sa,gemm_tiled_opt_12829285813189929928_0_0__sa,1,1653,matched,aligned,true,true,true,exec_profile,gtpin_total_execution_cycles,2032680,31760,cycles,64,2032680,31760,0,0,,,0,0,0,"{""gtpin_avg_execution_cycles_per_invocation"":31760,""gtpin_invocation_count"":64,""gtpin_total_execution_cycles"":2032680}",InvocationCount=64;TotalExecutionCycles=2032680;AvgExecutionCyclesPerInvocation=31760
n1_i2,2,1,2,performance,false,layers.*/self_attn,/model/layers.10/self_attn/Transpose_4,Gemm,Gemm,gemm:/model/layers.10/self_attn/Transpose_4,gemm:/model/layers.10/self_attn/Transpose_4,gemm,gemm_tiled_opt,665,gemm_tiled_opt_12829285813189929928_0_0__sa,gemm_tiled_opt_12829285813189929928_0_0__sa,1,1411,matched,aligned,true,true,true,exec_profile,gtpin_total_execution_cycles,2031160,31736,cycles,64,2031160,31736,0,0,,,0,0,0,"{""gtpin_avg_execution_cycles_per_invocation"":31736,""gtpin_invocation_count"":64,""gtpin_total_execution_cycles"":2031160}",InvocationCount=64;TotalExecutionCycles=2031160;AvgExecutionCyclesPerInvocation=31736
n1_i2,2,1,2,performance,false,layers.*/self_attn,/model/layers.5/self_attn/Transpose_4,Gemm,Gemm,gemm:/model/layers.5/self_attn/Transpose_4,gemm:/model/layers.5/self_attn/Transpose_4,gemm,gemm_tiled_opt,485,gemm_tiled_opt_12829285813189929928_0_0__sa,gemm_tiled_opt_12829285813189929928_0_0__sa,1,1301,matched,aligned,true,true,true,exec_profile,gtpin_total_execution_cycles,2028336,31692,cycles,64,2028336,31692,0,0,,,0,0,0,"{""gtpin_avg_execution_cycles_per_invocation"":31692,""gtpin_invocation_count"":64,""gtpin_total_execution_cycles"":2028336}",InvocationCount=64;TotalExecutionCycles=2028336;AvgExecutionCyclesPerInvocation=31692
n1_i2,2,1,2,performance,false,layers.*/self_attn,/model/layers.0/self_attn/Transpose_4,Gemm,Gemm,gemm:/model/layers.0/self_attn/Transpose_4,gemm:/model/layers.0/self_attn/Transpose_4,gemm,gemm_tiled_opt,305,gemm_tiled_opt_12829285813189929928_0_0__sa,gemm_tiled_opt_12829285813189929928_0_0__sa,1,1191,matched,aligned,true,true,true,exec_profile,gtpin_total_execution_cycles,2020812,31575,cycles,64,2020812,31575,0,0,,,0,0,0,"{""gtpin_avg_execution_cycles_per_invocation"":31575,""gtpin_invocation_count"":64,""gtpin_total_execution_cycles"":2020812}",InvocationCount=64;TotalExecutionCycles=2020812;AvgExecutionCyclesPerInvocation=31575
n1_i2,2,1,2,performance,false,layers.*/post_attention_layernorm,/model/layers.11/post_attention_layernorm/Mul,RMS,RMS,rms:/model/layers.11/post_attention_layernorm/Mul,rms:/model/layers.11/post_attention_layernorm/Mul,rms,rms_gpu_bfyx_opt,704,rms_gpu_bfyx_opt_10690270683970839748_0_0__sa,rms_gpu_bfyx_opt_10690270683970839748_0_0__sa,1,1435,matched,aligned,true,true,true,exec_profile,gtpin_total_execution_cycles,2016712,7877,cycles,256,2016712,7877,0,0,,,0,0,0,"{""gtpin_avg_execution_cycles_per_invocation"":7877,""gtpin_invocation_count"":256,""gtpin_total_execution_cycles"":2016712}",InvocationCount=256;TotalExecutionCycles=2016712;AvgExecutionCyclesPerInvocation=7877
n1_i2,2,1,2,performance,false,layers.*/self_attn,/model/layers.12/self_attn/Transpose_4,Gemm,Gemm,gemm:/model/layers.12/self_attn/Transpose_4,gemm:/model/layers.12/self_attn/Transpose_4,gemm,gemm_tiled_opt,737,gemm_tiled_opt_12829285813189929928_0_0__sa,gemm_tiled_opt_12829285813189929928_0_0__sa,1,1455,matched,aligned,true,true,true,exec_profile,gtpin_total_execution_cycles,2014816,31481,cycles,64,2014816,31481,0,0,,,0,0,0,"{""gtpin_avg_execution_cycles_per_invocation"":31481,""gtpin_invocation_count"":64,""gtpin_total_execution_cycles"":2014816}",InvocationCount=64;TotalExecutionCycles=2014816;AvgExecutionCyclesPerInvocation=31481
n1_i2,2,1,2,performance,false,layers.*/self_attn,/model/layers.8/self_attn/Transpose_4,Gemm,Gemm,gemm:/model/layers.8/self_attn/Transpose_4,gemm:/model/layers.8/self_attn/Transpose_4,gemm,gemm_tiled_opt,593,gemm_tiled_opt_12829285813189929928_0_0__sa,gemm_tiled_opt_12829285813189929928_0_0__sa,1,1367,matched,aligned,true,true,true,exec_profile,gtpin_total_execution_cycles,2001338,31270,cycles,64,2001338,31270,0,0,,,0,0,0,"{""gtpin_avg_execution_cycles_per_invocation"":31270,""gtpin_invocation_count"":64,""gtpin_total_execution_cycles"":2001338}",InvocationCount=64;TotalExecutionCycles=2001338;AvgExecutionCyclesPerInvocation=31270
n1_i2,2,1,2,performance,false,layers.*/self_attn,/model/layers.18/self_attn/Transpose_4,Gemm,Gemm,gemm:/model/layers.18/self_attn/Transpose_4,gemm:/model/layers.18/self_attn/Transpose_4,gemm,gemm_tiled_opt,953,gemm_tiled_opt_12829285813189929928_0_0__sa,gemm_tiled_opt_12829285813189929928_0_0__sa,1,1587,matched,aligned,true,true,true,exec_profile,gtpin_total_execution_cycles,2001220,31269,cycles,64,2001220,31269,0,0,,,0,0,0,"{""gtpin_avg_execution_cycles_per_invocation"":31269,""gtpin_invocation_count"":64,""gtpin_total_execution_cycles"":2001220}",InvocationCount=64;TotalExecutionCycles=2001220;AvgExecutionCyclesPerInvocation=31269
n1_i2,2,1,2,performance,false,layers.*/post_attention_layernorm,/model/layers.21/post_attention_layernorm/Mul,RMS,RMS,rms:/model/layers.21/post_attention_layernorm/Mul,rms:/model/layers.21/post_attention_layernorm/Mul,rms,rms_gpu_bfyx_opt,1064,rms_gpu_bfyx_opt_10690270683970839748_0_0__sa,rms_gpu_bfyx_opt_10690270683970839748_0_0__sa,1,1655,matched,aligned,true,true,true,exec_profile,gtpin_total_execution_cycles,1997356,7802,cycles,256,1997356,7802,0,0,,,0,0,0,"{""gtpin_avg_execution_cycles_per_invocation"":7802,""gtpin_invocation_count"":256,""gtpin_total_execution_cycles"":1997356}",InvocationCount=256;TotalExecutionCycles=1997356;AvgExecutionCyclesPerInvocation=7802
n1_i2,2,1,2,performance,false,layers.*/input_layernorm,/model/layers.11/input_layernorm/Mul,RMS,RMS,rms:/model/layers.11/input_layernorm/Mul,rms:/model/layers.11/input_layernorm/Mul,rms,rms_gpu_bfyx_opt,672,rms_gpu_bfyx_opt_10690270683970839748_0_0__sa,rms_gpu_bfyx_opt_10690270683970839748_0_0__sa,1,1417,matched,aligned,true,true,true,exec_profile,gtpin_total_execution_cycles,1991694,7780,cycles,256,1991694,7780,0,0,,,0,0,0,"{""gtpin_avg_execution_cycles_per_invocation"":7780,""gtpin_invocation_count"":256,""gtpin_total_execution_cycles"":1991694}",InvocationCount=256;TotalExecutionCycles=1991694;AvgExecutionCyclesPerInvocation=7780
n1_i2,2,1,2,performance,false,layers.*/input_layernorm,/model/layers.3/input_layernorm/Mul,RMS,RMS,rms:/model/layers.3/input_layernorm/Mul,rms:/model/layers.3/input_layernorm/Mul,rms,rms_gpu_bfyx_opt,384,rms_gpu_bfyx_opt_10690270683970839748_0_0__sa,rms_gpu_bfyx_opt_10690270683970839748_0_0__sa,1,1241,matched,aligned,true,true,true,exec_profile,gtpin_total_execution_cycles,1963160,7668,cycles,256,1963160,7668,0,0,,,0,0,0,"{""gtpin_avg_execution_cycles_per_invocation"":7668,""gtpin_invocation_count"":256,""gtpin_total_execution_cycles"":1963160}",InvocationCount=256;TotalExecutionCycles=1963160;AvgExecutionCyclesPerInvocation=7668
n1_i2,2,1,2,performance,false,layers.*/post_attention_layernorm,/model/layers.0/post_attention_layernorm/Mul,RMS,RMS,rms:/model/layers.0/post_attention_layernorm/Mul,rms:/model/layers.0/post_attention_layernorm/Mul,rms,rms_gpu_bfyx_opt,308,rms_gpu_bfyx_opt_10690270683970839748_0_0__sa,rms_gpu_bfyx_opt_10690270683970839748_0_0__sa,1,1193,matched,aligned,true,true,true,exec_profile,gtpin_total_execution_cycles,1958884,7651,cycles,256,1958884,7651,0,0,,,0,0,0,"{""gtpin_avg_execution_cycles_per_invocation"":7651,""gtpin_invocation_count"":256,""gtpin_total_execution_cycles"":1958884}",InvocationCount=256;TotalExecutionCycles=1958884;AvgExecutionCyclesPerInvocation=7651
n1_i2,2,1,2,performance,false,layers.*/post_attention_layernorm,/model/layers.17/post_attention_layernorm/Mul,RMS,RMS,rms:/model/layers.17/post_attention_layernorm/Mul,rms:/model/layers.17/post_attention_layernorm/Mul,rms,rms_gpu_bfyx_opt,920,rms_gpu_bfyx_opt_10690270683970839748_0_0__sa,rms_gpu_bfyx_opt_10690270683970839748_0_0__sa,1,1567,matched,aligned,true,true,true,exec_profile,gtpin_total_execution_cycles,1950602,7619,cycles,256,1950602,7619,0,0,,,0,0,0,"{""gtpin_avg_execution_cycles_per_invocation"":7619,""gtpin_invocation_count"":256,""gtpin_total_execution_cycles"":1950602}",InvocationCount=256;TotalExecutionCycles=1950602;AvgExecutionCyclesPerInvocation=7619
n1_i2,2,1,2,performance,false,layers.*/post_attention_layernorm,/model/layers.19/post_attention_layernorm/Mul,RMS,RMS,rms:/model/layers.19/post_attention_layernorm/Mul,rms:/model/layers.19/post_attention_layernorm/Mul,rms,rms_gpu_bfyx_opt,992,rms_gpu_bfyx_opt_10690270683970839748_0_0__sa,rms_gpu_bfyx_opt_10690270683970839748_0_0__sa,1,1611,matched,aligned,true,true,true,exec_profile,gtpin_total_execution_cycles,1950180,7617,cycles,256,1950180,7617,0,0,,,0,0,0,"{""gtpin_avg_execution_cycles_per_invocation"":7617,""gtpin_invocation_count"":256,""gtpin_total_execution_cycles"":1950180}",InvocationCount=256;TotalExecutionCycles=1950180;AvgExecutionCyclesPerInvocation=7617
n1_i2,2,1,2,performance,false,layers.*/post_attention_layernorm,/model/layers.1/post_attention_layernorm/Mul,RMS,RMS,rms:/model/layers.1/post_attention_layernorm/Mul,rms:/model/layers.1/post_attention_layernorm/Mul,rms,rms_gpu_bfyx_opt,344,rms_gpu_bfyx_opt_10690270683970839748_0_0__sa,rms_gpu_bfyx_opt_10690270683970839748_0_0__sa,1,1215,matched,aligned,true,true,true,exec_profile,gtpin_total_execution_cycles,1935398,7560,cycles,256,1935398,7560,0,0,,,0,0,0,"{""gtpin_avg_execution_cycles_per_invocation"":7560,""gtpin_invocation_count"":256,""gtpin_total_execution_cycles"":1935398}",InvocationCount=256;TotalExecutionCycles=1935398;AvgExecutionCyclesPerInvocation=7560
n1_i2,2,1,2,performance,false,layers.*/input_layernorm,/model/layers.18/input_layernorm/Mul,RMS,RMS,rms:/model/layers.18/input_layernorm/Mul,rms:/model/layers.18/input_layernorm/Mul,rms,rms_gpu_bfyx_opt,924,rms_gpu_bfyx_opt_10690270683970839748_0_0__sa,rms_gpu_bfyx_opt_10690270683970839748_0_0__sa,1,1571,matched,aligned,true,true,true,exec_profile,gtpin_total_execution_cycles,1927708,7530,cycles,256,1927708,7530,0,0,,,0,0,0,"{""gtpin_avg_execution_cycles_per_invocation"":7530,""gtpin_invocation_count"":256,""gtpin_total_execution_cycles"":1927708}",InvocationCount=256;TotalExecutionCycles=1927708;AvgExecutionCyclesPerInvocation=7530
n1_i2,2,1,2,performance,false,layers.*/post_attention_layernorm,/model/layers.20/post_attention_layernorm/Mul,RMS,RMS,rms:/model/layers.20/post_attention_layernorm/Mul,rms:/model/layers.20/post_attention_layernorm/Mul,rms,rms_gpu_bfyx_opt,1028,rms_gpu_bfyx_opt_10690270683970839748_0_0__sa,rms_gpu_bfyx_opt_10690270683970839748_0_0__sa,1,1633,matched,aligned,true,true,true,exec_profile,gtpin_total_execution_cycles,1920288,7501,cycles,256,1920288,7501,0,0,,,0,0,0,"{""gtpin_avg_execution_cycles_per_invocation"":7501,""gtpin_invocation_count"":256,""gtpin_total_execution_cycles"":1920288}",InvocationCount=256;TotalExecutionCycles=1920288;AvgExecutionCyclesPerInvocation=7501
n1_i2,2,1,2,performance,false,layers.*/post_attention_layernorm,/model/layers.16/post_attention_layernorm/Mul,RMS,RMS,rms:/model/layers.16/post_attention_layernorm/Mul,rms:/model/layers.16/post_attention_layernorm/Mul,rms,rms_gpu_bfyx_opt,884,rms_gpu_bfyx_opt_10690270683970839748_0_0__sa,rms_gpu_bfyx_opt_10690270683970839748_0_0__sa,1,1545,matched,aligned,true,true,true,exec_profile,gtpin_total_execution_cycles,1907060,7449,cycles,256,1907060,7449,0,0,,,0,0,0,"{""gtpin_avg_execution_cycles_per_invocation"":7449,""gtpin_invocation_count"":256,""gtpin_total_execution_cycles"":1907060}",InvocationCount=256;TotalExecutionCycles=1907060;AvgExecutionCyclesPerInvocation=7449
n1_i2,2,1,2,performance,false,layers.*/post_attention_layernorm,/model/layers.7/post_attention_layernorm/Mul,RMS,RMS,rms:/model/layers.7/post_attention_layernorm/Mul,rms:/model/layers.7/post_attention_layernorm/Mul,rms,rms_gpu_bfyx_opt,560,rms_gpu_bfyx_opt_10690270683970839748_0_0__sa,rms_gpu_bfyx_opt_10690270683970839748_0_0__sa,1,1347,matched,aligned,true,true,true,exec_profile,gtpin_total_execution_cycles,1902240,7430,cycles,256,1902240,7430,0,0,,,0,0,0,"{""gtpin_avg_execution_cycles_per_invocation"":7430,""gtpin_invocation_count"":256,""gtpin_total_execution_cycles"":1902240}",InvocationCount=256;TotalExecutionCycles=1902240;AvgExecutionCyclesPerInvocation=7430
n1_i2,2,1,2,performance,false,layers.*/input_layernorm,/model/layers.10/input_layernorm/Mul,RMS,RMS,rms:/model/layers.10/input_layernorm/Mul,rms:/model/layers.10/input_layernorm/Mul,rms,rms_gpu_bfyx_opt,636,rms_gpu_bfyx_opt_10690270683970839748_0_0__sa,rms_gpu_bfyx_opt_10690270683970839748_0_0__sa,1,1395,matched,aligned,true,true,true,exec_profile,gtpin_total_execution_cycles,1886912,7370,cycles,256,1886912,7370,0,0,,,0,0,0,"{""gtpin_avg_execution_cycles_per_invocation"":7370,""gtpin_invocation_count"":256,""gtpin_total_execution_cycles"":1886912}",InvocationCount=256;TotalExecutionCycles=1886912;AvgExecutionCyclesPerInvocation=7370
n1_i2,2,1,2,performance,false,layers.*/post_attention_layernorm,/model/layers.3/post_attention_layernorm/Mul,RMS,RMS,rms:/model/layers.3/post_attention_layernorm/Mul,rms:/model/layers.3/post_attention_layernorm/Mul,rms,rms_gpu_bfyx_opt,416,rms_gpu_bfyx_opt_10690270683970839748_0_0__sa,rms_gpu_bfyx_opt_10690270683970839748_0_0__sa,1,1259,matched,aligned,true,true,true,exec_profile,gtpin_total_execution_cycles,1873916,7319,cycles,256,1873916,7319,0,0,,,0,0,0,"{""gtpin_avg_execution_cycles_per_invocation"":7319,""gtpin_invocation_count"":256,""gtpin_total_execution_cycles"":1873916}",InvocationCount=256;TotalExecutionCycles=1873916;AvgExecutionCyclesPerInvocation=7319
n1_i2,2,1,2,performance,false,layers.*/input_layernorm,/model/layers.0/input_layernorm/Mul,RMS,RMS,rms:/model/layers.0/input_layernorm/Mul,rms:/model/layers.0/input_layernorm/Mul,rms,rms_gpu_bfyx_opt,232,rms_gpu_bfyx_opt_10690270683970839748_0_0__sa,rms_gpu_bfyx_opt_10690270683970839748_0_0__sa,1,1164,matched,aligned,true,true,true,exec_profile,gtpin_total_execution_cycles,1868226,7297,cycles,256,1868226,7297,0,0,,,0,0,0,"{""gtpin_avg_execution_cycles_per_invocation"":7297,""gtpin_invocation_count"":256,""gtpin_total_execution_cycles"":1868226}",InvocationCount=256;TotalExecutionCycles=1868226;AvgExecutionCyclesPerInvocation=7297
n1_i2,2,1,2,performance,false,layers.*/self_attn,/model/layers.17/self_attn/Where_3,Select,Select,select:/model/layers.17/self_attn/Where_3,select:/model/layers.17/self_attn/Where_3,select,select_gpu_ref,916,select_gpu_ref_5609897181611433017_0_0__sa,select_gpu_ref_5609897181611433017_0_0__sa,1,1564,matched,aligned,true,true,true,exec_profile,gtpin_total_execution_cycles,1860540,7267,cycles,256,1860540,7267,0,0,,,0,0,0,"{""gtpin_avg_execution_cycles_per_invocation"":7267,""gtpin_invocation_count"":256,""gtpin_total_execution_cycles"":1860540}",InvocationCount=256;TotalExecutionCycles=1860540;AvgExecutionCyclesPerInvocation=7267
n1_i2,2,1,2,performance,false,layers.*/post_attention_layernorm,/model/layers.8/post_attention_layernorm/Mul,RMS,RMS,rms:/model/layers.8/post_attention_layernorm/Mul,rms:/model/layers.8/post_attention_layernorm/Mul,rms,rms_gpu_bfyx_opt,596,rms_gpu_bfyx_opt_10690270683970839748_0_0__sa,rms_gpu_bfyx_opt_10690270683970839748_0_0__sa,1,1369,matched,aligned,true,true,true,exec_profile,gtpin_total_execution_cycles,1850214,7227,cycles,256,1850214,7227,0,0,,,0,0,0,"{""gtpin_avg_execution_cycles_per_invocation"":7227,""gtpin_invocation_count"":256,""gtpin_total_execution_cycles"":1850214}",InvocationCount=256;TotalExecutionCycles=1850214;AvgExecutionCyclesPerInvocation=7227
n1_i2,2,1,2,performance,false,layers.*/post_attention_layernorm,/model/layers.9/post_attention_layernorm/Mul,RMS,RMS,rms:/model/layers.9/post_attention_layernorm/Mul,rms:/model/layers.9/post_attention_layernorm/Mul,rms,rms_gpu_bfyx_opt,632,rms_gpu_bfyx_opt_10690270683970839748_0_0__sa,rms_gpu_bfyx_opt_10690270683970839748_0_0__sa,1,1391,matched,aligned,true,true,true,exec_profile,gtpin_total_execution_cycles,1844144,7203,cycles,256,1844144,7203,0,0,,,0,0,0,"{""gtpin_avg_execution_cycles_per_invocation"":7203,""gtpin_invocation_count"":256,""gtpin_total_execution_cycles"":1844144}",InvocationCount=256;TotalExecutionCycles=1844144;AvgExecutionCyclesPerInvocation=7203
n1_i2,2,1,2,performance,false,layers.*/post_attention_layernorm,/model/layers.6/post_attention_layernorm/Mul,RMS,RMS,rms:/model/layers.6/post_attention_layernorm/Mul,rms:/model/layers.6/post_attention_layernorm/Mul,rms,rms_gpu_bfyx_opt,524,rms_gpu_bfyx_opt_10690270683970839748_0_0__sa,rms_gpu_bfyx_opt_10690270683970839748_0_0__sa,1,1325,matched,aligned,true,true,true,exec_profile,gtpin_total_execution_cycles,1840066,7187,cycles,256,1840066,7187,0,0,,,0,0,0,"{""gtpin_avg_execution_cycles_per_invocation"":7187,""gtpin_invocation_count"":256,""gtpin_total_execution_cycles"":1840066}",InvocationCount=256;TotalExecutionCycles=1840066;AvgExecutionCyclesPerInvocation=7187
n1_i2,2,1,2,performance,false,layers.*/post_attention_layernorm,/model/layers.5/post_attention_layernorm/Mul,RMS,RMS,rms:/model/layers.5/post_attention_layernorm/Mul,rms:/model/layers.5/post_attention_layernorm/Mul,rms,rms_gpu_bfyx_opt,488,rms_gpu_bfyx_opt_10690270683970839748_0_0__sa,rms_gpu_bfyx_opt_10690270683970839748_0_0__sa,1,1303,matched,aligned,true,true,true,exec_profile,gtpin_total_execution_cycles,1821574,7115,cycles,256,1821574,7115,0,0,,,0,0,0,"{""gtpin_avg_execution_cycles_per_invocation"":7115,""gtpin_invocation_count"":256,""gtpin_total_execution_cycles"":1821574}",InvocationCount=256;TotalExecutionCycles=1821574;AvgExecutionCyclesPerInvocation=7115
n1_i2,2,1,2,performance,false,layers.*/input_layernorm,/model/layers.13/input_layernorm/Mul,RMS,RMS,rms:/model/layers.13/input_layernorm/Mul,rms:/model/layers.13/input_layernorm/Mul,rms,rms_gpu_bfyx_opt,744,rms_gpu_bfyx_opt_10690270683970839748_0_0__sa,rms_gpu_bfyx_opt_10690270683970839748_0_0__sa,1,1461,matched,aligned,true,true,true,exec_profile,gtpin_total_execution_cycles,1818558,7103,cycles,256,1818558,7103,0,0,,,0,0,0,"{""gtpin_avg_execution_cycles_per_invocation"":7103,""gtpin_invocation_count"":256,""gtpin_total_execution_cycles"":1818558}",InvocationCount=256;TotalExecutionCycles=1818558;AvgExecutionCyclesPerInvocation=7103
n1_i2,2,1,2,performance,false,layers.*/input_layernorm,/model/layers.1/input_layernorm/Mul,RMS,RMS,rms:/model/layers.1/input_layernorm/Mul,rms:/model/layers.1/input_layernorm/Mul,rms,rms_gpu_bfyx_opt,312,rms_gpu_bfyx_opt_10690270683970839748_0_0__sa,rms_gpu_bfyx_opt_10690270683970839748_0_0__sa,1,1197,matched,aligned,true,true,true,exec_profile,gtpin_total_execution_cycles,1813216,7082,cycles,256,1813216,7082,0,0,,,0,0,0,"{""gtpin_avg_execution_cycles_per_invocation"":7082,""gtpin_invocation_count"":256,""gtpin_total_execution_cycles"":1813216}",InvocationCount=256;TotalExecutionCycles=1813216;AvgExecutionCyclesPerInvocation=7082
n1_i2,2,1,2,performance,false,layers.*/input_layernorm,/model/layers.9/input_layernorm/Mul,RMS,RMS,rms:/model/layers.9/input_layernorm/Mul,rms:/model/layers.9/input_layernorm/Mul,rms,rms_gpu_bfyx_opt,600,rms_gpu_bfyx_opt_10690270683970839748_0_0__sa,rms_gpu_bfyx_opt_10690270683970839748_0_0__sa,1,1373,matched,aligned,true,true,true,exec_profile,gtpin_total_execution_cycles,1808548,7064,cycles,256,1808548,7064,0,0,,,0,0,0,"{""gtpin_avg_execution_cycles_per_invocation"":7064,""gtpin_invocation_count"":256,""gtpin_total_execution_cycles"":1808548}",InvocationCount=256;TotalExecutionCycles=1808548;AvgExecutionCyclesPerInvocation=7064
n1_i2,2,1,2,performance,false,layers.*/post_attention_layernorm,/model/layers.4/post_attention_layernorm/Mul,RMS,RMS,rms:/model/layers.4/post_attention_layernorm/Mul,rms:/model/layers.4/post_attention_layernorm/Mul,rms,rms_gpu_bfyx_opt,452,rms_gpu_bfyx_opt_10690270683970839748_0_0__sa,rms_gpu_bfyx_opt_10690270683970839748_0_0__sa,1,1281,matched,aligned,true,true,true,exec_profile,gtpin_total_execution_cycles,1798962,7027,cycles,256,1798962,7027,0,0,,,0,0,0,"{""gtpin_avg_execution_cycles_per_invocation"":7027,""gtpin_invocation_count"":256,""gtpin_total_execution_cycles"":1798962}",InvocationCount=256;TotalExecutionCycles=1798962;AvgExecutionCyclesPerInvocation=7027
n1_i2,2,1,2,performance,false,layers.*/post_attention_layernorm,/model/layers.15/post_attention_layernorm/Mul,RMS,RMS,rms:/model/layers.15/post_attention_layernorm/Mul,rms:/model/layers.15/post_attention_layernorm/Mul,rms,rms_gpu_bfyx_opt,848,rms_gpu_bfyx_opt_10690270683970839748_0_0__sa,rms_gpu_bfyx_opt_10690270683970839748_0_0__sa,1,1523,matched,aligned,true,true,true,exec_profile,gtpin_total_execution_cycles,1779110,6949,cycles,256,1779110,6949,0,0,,,0,0,0,"{""gtpin_avg_execution_cycles_per_invocation"":6949,""gtpin_invocation_count"":256,""gtpin_total_execution_cycles"":1779110}",InvocationCount=256;TotalExecutionCycles=1779110;AvgExecutionCyclesPerInvocation=6949
n1_i2,2,1,2,performance,false,layers.*/input_layernorm,/model/layers.6/input_layernorm/Mul,RMS,RMS,rms:/model/layers.6/input_layernorm/Mul,rms:/model/layers.6/input_layernorm/Mul,rms,rms_gpu_bfyx_opt,492,rms_gpu_bfyx_opt_10690270683970839748_0_0__sa,rms_gpu_bfyx_opt_10690270683970839748_0_0__sa,1,1307,matched,aligned,true,true,true,exec_profile,gtpin_total_execution_cycles,1759350,6872,cycles,256,1759350,6872,0,0,,,0,0,0,"{""gtpin_avg_execution_cycles_per_invocation"":6872,""gtpin_invocation_count"":256,""gtpin_total_execution_cycles"":1759350}",InvocationCount=256;TotalExecutionCycles=1759350;AvgExecutionCyclesPerInvocation=6872
n1_i2,2,1,2,performance,false,layers.*/input_layernorm,/model/layers.2/input_layernorm/Mul,RMS,RMS,rms:/model/layers.2/input_layernorm/Mul,rms:/model/layers.2/input_layernorm/Mul,rms,rms_gpu_bfyx_opt,348,rms_gpu_bfyx_opt_10690270683970839748_0_0__sa,rms_gpu_bfyx_opt_10690270683970839748_0_0__sa,1,1219,matched,aligned,true,true,true,exec_profile,gtpin_total_execution_cycles,1759012,6871,cycles,256,1759012,6871,0,0,,,0,0,0,"{""gtpin_avg_execution_cycles_per_invocation"":6871,""gtpin_invocation_count"":256,""gtpin_total_execution_cycles"":1759012}",InvocationCount=256;TotalExecutionCycles=1759012;AvgExecutionCyclesPerInvocation=6871
n1_i2,2,1,2,performance,false,layers.*/input_layernorm,/model/layers.12/input_layernorm/Mul,RMS,RMS,rms:/model/layers.12/input_layernorm/Mul,rms:/model/layers.12/input_layernorm/Mul,rms,rms_gpu_bfyx_opt,708,rms_gpu_bfyx_opt_10690270683970839748_0_0__sa,rms_gpu_bfyx_opt_10690270683970839748_0_0__sa,1,1439,matched,aligned,true,true,true,exec_profile,gtpin_total_execution_cycles,1737750,6788,cycles,256,1737750,6788,0,0,,,0,0,0,"{""gtpin_avg_execution_cycles_per_invocation"":6788,""gtpin_invocation_count"":256,""gtpin_total_execution_cycles"":1737750}",InvocationCount=256;TotalExecutionCycles=1737750;AvgExecutionCyclesPerInvocation=6788
n1_i2,2,1,2,performance,false,layers.*/input_layernorm,/model/layers.20/input_layernorm/Mul,RMS,RMS,rms:/model/layers.20/input_layernorm/Mul,rms:/model/layers.20/input_layernorm/Mul,rms,rms_gpu_bfyx_opt,996,rms_gpu_bfyx_opt_10690270683970839748_0_0__sa,rms_gpu_bfyx_opt_10690270683970839748_0_0__sa,1,1615,matched,aligned,true,true,true,exec_profile,gtpin_total_execution_cycles,1728040,6750,cycles,256,1728040,6750,0,0,,,0,0,0,"{""gtpin_avg_execution_cycles_per_invocation"":6750,""gtpin_invocation_count"":256,""gtpin_total_execution_cycles"":1728040}",InvocationCount=256;TotalExecutionCycles=1728040;AvgExecutionCyclesPerInvocation=6750
n1_i2,2,1,2,performance,false,layers.*/self_attn,/model/layers.14/self_attn/IsNaN,IsNaN,IsNaN,isnan:/model/layers.14/self_attn/IsNaN,isnan:/model/layers.14/self_attn/IsNaN,eltwise,generic_eltwise_ref,807,generic_eltwise_ref_1696504087421334661_0_0__sa,generic_eltwise_ref_1696504087421334661_0_0__sa,1,1497,matched,aligned,true,true,true,exec_profile,gtpin_total_execution_cycles,1727242,6747,cycles,256,1727242,6747,0,0,,,0,0,0,"{""gtpin_avg_execution_cycles_per_invocation"":6747,""gtpin_invocation_count"":256,""gtpin_total_execution_cycles"":1727242}",InvocationCount=256;TotalExecutionCycles=1727242;AvgExecutionCyclesPerInvocation=6747
n1_i2,2,1,2,performance,false,layers.*/input_layernorm,/model/layers.5/input_layernorm/Mul,RMS,RMS,rms:/model/layers.5/input_layernorm/Mul,rms:/model/layers.5/input_layernorm/Mul,rms,rms_gpu_bfyx_opt,456,rms_gpu_bfyx_opt_10690270683970839748_0_0__sa,rms_gpu_bfyx_opt_10690270683970839748_0_0__sa,1,1285,matched,aligned,true,true,true,exec_profile,gtpin_total_execution_cycles,1720060,6718,cycles,256,1720060,6718,0,0,,,0,0,0,"{""gtpin_avg_execution_cycles_per_invocation"":6718,""gtpin_invocation_count"":256,""gtpin_total_execution_cycles"":1720060}",InvocationCount=256;TotalExecutionCycles=1720060;AvgExecutionCyclesPerInvocation=6718
n1_i2,2,1,2,performance,false,layers.*/input_layernorm,/model/layers.8/input_layernorm/Mul,RMS,RMS,rms:/model/layers.8/input_layernorm/Mul,rms:/model/layers.8/input_layernorm/Mul,rms,rms_gpu_bfyx_opt,564,rms_gpu_bfyx_opt_10690270683970839748_0_0__sa,rms_gpu_bfyx_opt_10690270683970839748_0_0__sa,1,1351,matched,aligned,true,true,true,exec_profile,gtpin_total_execution_cycles,1704806,6659,cycles,256,1704806,6659,0,0,,,0,0,0,"{""gtpin_avg_execution_cycles_per_invocation"":6659,""gtpin_invocation_count"":256,""gtpin_total_execution_cycles"":1704806}",InvocationCount=256;TotalExecutionCycles=1704806;AvgExecutionCyclesPerInvocation=6659
n1_i2,2,1,2,performance,false,layers.*/input_layernorm,/model/layers.14/input_layernorm/Mul,RMS,RMS,rms:/model/layers.14/input_layernorm/Mul,rms:/model/layers.14/input_layernorm/Mul,rms,rms_gpu_bfyx_opt,780,rms_gpu_bfyx_opt_10690270683970839748_0_0__sa,rms_gpu_bfyx_opt_10690270683970839748_0_0__sa,1,1483,matched,aligned,true,true,true,exec_profile,gtpin_total_execution_cycles,1674614,6541,cycles,256,1674614,6541,0,0,,,0,0,0,"{""gtpin_avg_execution_cycles_per_invocation"":6541,""gtpin_invocation_count"":256,""gtpin_total_execution_cycles"":1674614}",InvocationCount=256;TotalExecutionCycles=1674614;AvgExecutionCyclesPerInvocation=6541
n1_i2,2,1,2,performance,false,(root),/model/norm/Mul,RMS,RMS,rms:/model/norm/Mul,rms:/model/norm/Mul,rms,rms_gpu_bfyx_opt,1068,rms_gpu_bfyx_opt_10690270683970839748_0_0__sa,rms_gpu_bfyx_opt_10690270683970839748_0_0__sa,1,1659,matched,aligned,true,true,true,exec_profile,gtpin_total_execution_cycles,1665058,6504,cycles,256,1665058,6504,0,0,,,0,0,0,"{""gtpin_avg_execution_cycles_per_invocation"":6504,""gtpin_invocation_count"":256,""gtpin_total_execution_cycles"":1665058}",InvocationCount=256;TotalExecutionCycles=1665058;AvgExecutionCyclesPerInvocation=6504
n1_i2,2,1,2,performance,false,layers.*/self_attn,/model/layers.16/self_attn/Where_3,Select,Select,select:/model/layers.16/self_attn/Where_3,select:/model/layers.16/self_attn/Where_3,select,select_gpu_ref,880,select_gpu_ref_5609897181611433017_0_0__sa,select_gpu_ref_5609897181611433017_0_0__sa,1,1542,matched,aligned,true,true,true,exec_profile,gtpin_total_execution_cycles,1661130,6488,cycles,256,1661130,6488,0,0,,,0,0,0,"{""gtpin_avg_execution_cycles_per_invocation"":6488,""gtpin_invocation_count"":256,""gtpin_total_execution_cycles"":1661130}",InvocationCount=256;TotalExecutionCycles=1661130;AvgExecutionCyclesPerInvocation=6488
n1_i2,2,1,2,performance,false,layers.*/input_layernorm,/model/layers.4/input_layernorm/Mul,RMS,RMS,rms:/model/layers.4/input_layernorm/Mul,rms:/model/layers.4/input_layernorm/Mul,rms,rms_gpu_bfyx_opt,420,rms_gpu_bfyx_opt_10690270683970839748_0_0__sa,rms_gpu_bfyx_opt_10690270683970839748_0_0__sa,1,1263,matched,aligned,true,true,true,exec_profile,gtpin_total_execution_cycles,1661090,6488,cycles,256,1661090,6488,0,0,,,0,0,0,"{""gtpin_avg_execution_cycles_per_invocation"":6488,""gtpin_invocation_count"":256,""gtpin_total_execution_cycles"":1661090}",InvocationCount=256;TotalExecutionCycles=1661090;AvgExecutionCyclesPerInvocation=6488
n1_i2,2,1,2,performance,false,layers.*/input_layernorm,/model/layers.21/input_layernorm/Mul,RMS,RMS,rms:/model/layers.21/input_layernorm/Mul,rms:/model/layers.21/input_layernorm/Mul,rms,rms_gpu_bfyx_opt,1032,rms_gpu_bfyx_opt_10690270683970839748_0_0__sa,rms_gpu_bfyx_opt_10690270683970839748_0_0__sa,1,1637,matched,aligned,true,true,true,exec_profile,gtpin_total_execution_cycles,1656200,6469,cycles,256,1656200,6469,0,0,,,0,0,0,"{""gtpin_avg_execution_cycles_per_invocation"":6469,""gtpin_invocation_count"":256,""gtpin_total_execution_cycles"":1656200}",InvocationCount=256;TotalExecutionCycles=1656200;AvgExecutionCyclesPerInvocation=6469
n1_i2,2,1,2,performance,false,layers.*/self_attn,/model/layers.7/self_attn/Where_3,Select,Select,select:/model/layers.7/self_attn/Where_3,select:/model/layers.7/self_attn/Where_3,select,select_gpu_ref,556,select_gpu_ref_5609897181611433017_0_0__sa,select_gpu_ref_5609897181611433017_0_0__sa,1,1344,matched,aligned,true,true,true,exec_profile,gtpin_total_execution_cycles,1652576,6455,cycles,256,1652576,6455,0,0,,,0,0,0,"{""gtpin_avg_execution_cycles_per_invocation"":6455,""gtpin_invocation_count"":256,""gtpin_total_execution_cycles"":1652576}",InvocationCount=256;TotalExecutionCycles=1652576;AvgExecutionCyclesPerInvocation=6455
n1_i2,2,1,2,performance,false,layers.*/self_attn,/model/layers.4/self_attn/Where_3,Select,Select,select:/model/layers.4/self_attn/Where_3,select:/model/layers.4/self_attn/Where_3,select,select_gpu_ref,448,select_gpu_ref_5609897181611433017_0_0__sa,select_gpu_ref_5609897181611433017_0_0__sa,1,1278,matched,aligned,true,true,true,exec_profile,gtpin_total_execution_cycles,1650578,6447,cycles,256,1650578,6447,0,0,,,0,0,0,"{""gtpin_avg_execution_cycles_per_invocation"":6447,""gtpin_invocation_count"":256,""gtpin_total_execution_cycles"":1650578}",InvocationCount=256;TotalExecutionCycles=1650578;AvgExecutionCyclesPerInvocation=6447
n1_i2,2,1,2,performance,false,layers.*/self_attn,/model/layers.14/self_attn/Where_3,Select,Select,select:/model/layers.14/self_attn/Where_3,select:/model/layers.14/self_attn/Where_3,select,select_gpu_ref,808,select_gpu_ref_5609897181611433017_0_0__sa,select_gpu_ref_5609897181611433017_0_0__sa,1,1498,matched,aligned,true,true,true,exec_profile,gtpin_total_execution_cycles,1611108,6293,cycles,256,1611108,6293,0,0,,,0,0,0,"{""gtpin_avg_execution_cycles_per_invocation"":6293,""gtpin_invocation_count"":256,""gtpin_total_execution_cycles"":1611108}",InvocationCount=256;TotalExecutionCycles=1611108;AvgExecutionCyclesPerInvocation=6293
n1_i2,2,1,2,performance,false,layers.*/self_attn,/model/layers.20/self_attn/Where_3,Select,Select,select:/model/layers.20/self_attn/Where_3,select:/model/layers.20/self_attn/Where_3,select,select_gpu_ref,1024,select_gpu_ref_5609897181611433017_0_0__sa,select_gpu_ref_5609897181611433017_0_0__sa,1,1630,matched,aligned,true,true,true,exec_profile,gtpin_total_execution_cycles,1609496,6287,cycles,256,1609496,6287,0,0,,,0,0,0,"{""gtpin_avg_execution_cycles_per_invocation"":6287,""gtpin_invocation_count"":256,""gtpin_total_execution_cycles"":1609496}",InvocationCount=256;TotalExecutionCycles=1609496;AvgExecutionCyclesPerInvocation=6287
n1_i2,2,1,2,performance,false,layers.*/self_attn,/model/layers.15/self_attn/Where_3,Select,Select,select:/model/layers.15/self_attn/Where_3,select:/model/layers.15/self_attn/Where_3,select,select_gpu_ref,844,select_gpu_ref_5609897181611433017_0_0__sa,select_gpu_ref_5609897181611433017_0_0__sa,1,1520,matched,aligned,true,true,true,exec_profile,gtpin_total_execution_cycles,1595206,6231,cycles,256,1595206,6231,0,0,,,0,0,0,"{""gtpin_avg_execution_cycles_per_invocation"":6231,""gtpin_invocation_count"":256,""gtpin_total_execution_cycles"":1595206}",InvocationCount=256;TotalExecutionCycles=1595206;AvgExecutionCyclesPerInvocation=6231
n1_i2,2,1,2,performance,false,layers.*/self_attn,/model/layers.0/self_attn/Where_3,Select,Select,select:/model/layers.0/self_attn/Where_3,select:/model/layers.0/self_attn/Where_3,select,select_gpu_ref,304,select_gpu_ref_5609897181611433017_0_0__sa,select_gpu_ref_5609897181611433017_0_0__sa,1,1190,matched,aligned,true,true,true,exec_profile,gtpin_total_execution_cycles,1551808,6061,cycles,256,1551808,6061,0,0,,,0,0,0,"{""gtpin_avg_execution_cycles_per_invocation"":6061,""gtpin_invocation_count"":256,""gtpin_total_execution_cycles"":1551808}",InvocationCount=256;TotalExecutionCycles=1551808;AvgExecutionCyclesPerInvocation=6061
n1_i2,2,1,2,performance,false,layers.*/self_attn,/model/layers.12/self_attn/Where_3,Select,Select,select:/model/layers.12/self_attn/Where_3,select:/model/layers.12/self_attn/Where_3,select,select_gpu_ref,736,select_gpu_ref_5609897181611433017_0_0__sa,select_gpu_ref_5609897181611433017_0_0__sa,1,1454,matched,aligned,true,true,true,exec_profile,gtpin_total_execution_cycles,1548010,6046,cycles,256,1548010,6046,0,0,,,0,0,0,"{""gtpin_avg_execution_cycles_per_invocation"":6046,""gtpin_invocation_count"":256,""gtpin_total_execution_cycles"":1548010}",InvocationCount=256;TotalExecutionCycles=1548010;AvgExecutionCyclesPerInvocation=6046
n1_i2,2,1,2,performance,false,layers.*/self_attn,/model/layers.19/self_attn/Where_3,Select,Select,select:/model/layers.19/self_attn/Where_3,select:/model/layers.19/self_attn/Where_3,select,select_gpu_ref,988,select_gpu_ref_5609897181611433017_0_0__sa,select_gpu_ref_5609897181611433017_0_0__sa,1,1608,matched,aligned,true,true,true,exec_profile,gtpin_total_execution_cycles,1547356,6044,cycles,256,1547356,6044,0,0,,,0,0,0,"{""gtpin_avg_execution_cycles_per_invocation"":6044,""gtpin_invocation_count"":256,""gtpin_total_execution_cycles"":1547356}",InvocationCount=256;TotalExecutionCycles=1547356;AvgExecutionCyclesPerInvocation=6044
n1_i2,2,1,2,performance,false,layers.*/input_layernorm,/model/layers.17/input_layernorm/Mul,RMS,RMS,rms:/model/layers.17/input_layernorm/Mul,rms:/model/layers.17/input_layernorm/Mul,rms,rms_gpu_bfyx_opt,888,rms_gpu_bfyx_opt_10690270683970839748_0_0__sa,rms_gpu_bfyx_opt_10690270683970839748_0_0__sa,1,1549,matched,aligned,true,true,true,exec_profile,gtpin_total_execution_cycles,1544114,6031,cycles,256,1544114,6031,0,0,,,0,0,0,"{""gtpin_avg_execution_cycles_per_invocation"":6031,""gtpin_invocation_count"":256,""gtpin_total_execution_cycles"":1544114}",InvocationCount=256;TotalExecutionCycles=1544114;AvgExecutionCyclesPerInvocation=6031
n1_i2,2,1,2,performance,false,layers.*/self_attn,/model/layers.11/self_attn/Where_3,Select,Select,select:/model/layers.11/self_attn/Where_3,select:/model/layers.11/self_attn/Where_3,select,select_gpu_ref,700,select_gpu_ref_5609897181611433017_0_0__sa,select_gpu_ref_5609897181611433017_0_0__sa,1,1432,matched,aligned,true,true,true,exec_profile,gtpin_total_execution_cycles,1533898,5991,cycles,256,1533898,5991,0,0,,,0,0,0,"{""gtpin_avg_execution_cycles_per_invocation"":5991,""gtpin_invocation_count"":256,""gtpin_total_execution_cycles"":1533898}",InvocationCount=256;TotalExecutionCycles=1533898;AvgExecutionCyclesPerInvocation=5991
n1_i2,2,1,2,performance,false,layers.*/self_attn,/model/layers.13/self_attn/Where_3,Select,Select,select:/model/layers.13/self_attn/Where_3,select:/model/layers.13/self_attn/Where_3,select,select_gpu_ref,772,select_gpu_ref_5609897181611433017_0_0__sa,select_gpu_ref_5609897181611433017_0_0__sa,1,1476,matched,aligned,true,true,true,exec_profile,gtpin_total_execution_cycles,1533082,5988,cycles,256,1533082,5988,0,0,,,0,0,0,"{""gtpin_avg_execution_cycles_per_invocation"":5988,""gtpin_invocation_count"":256,""gtpin_total_execution_cycles"":1533082}",InvocationCount=256;TotalExecutionCycles=1533082;AvgExecutionCyclesPerInvocation=5988
n1_i2,2,1,2,performance,false,layers.*/self_attn,/model/layers.10/self_attn/Where_3,Select,Select,select:/model/layers.10/self_attn/Where_3,select:/model/layers.10/self_attn/Where_3,select,select_gpu_ref,664,select_gpu_ref_5609897181611433017_0_0__sa,select_gpu_ref_5609897181611433017_0_0__sa,1,1410,matched,aligned,true,true,true,exec_profile,gtpin_total_execution_cycles,1493156,5832,cycles,256,1493156,5832,0,0,,,0,0,0,"{""gtpin_avg_execution_cycles_per_invocation"":5832,""gtpin_invocation_count"":256,""gtpin_total_execution_cycles"":1493156}",InvocationCount=256;TotalExecutionCycles=1493156;AvgExecutionCyclesPerInvocation=5832
n1_i2,2,1,2,performance,false,layers.*/self_attn,/model/layers.0/self_attn/Add,RoPE,RoPE,rope:/model/layers.0/self_attn/Add,rope:/model/layers.0/self_attn/Add,rope,ocl::rope::opt_,286,rope_opt__13889706310558783765__sa,rope_opt__13889706310558783765__sa,1,1181,matched,aligned,true,true,true,exec_profile,gtpin_total_execution_cycles,1481992,23156,cycles,64,1481992,23156,0,0,,,0,0,0,"{""gtpin_avg_execution_cycles_per_invocation"":23156,""gtpin_invocation_count"":64,""gtpin_total_execution_cycles"":1481992}",InvocationCount=64;TotalExecutionCycles=1481992;AvgExecutionCyclesPerInvocation=23156
n1_i2,2,1,2,performance,false,layers.*/self_attn,/model/layers.18/self_attn/Where_3,Select,Select,select:/model/layers.18/self_attn/Where_3,select:/model/layers.18/self_attn/Where_3,select,select_gpu_ref,952,select_gpu_ref_5609897181611433017_0_0__sa,select_gpu_ref_5609897181611433017_0_0__sa,1,1586,matched,aligned,true,true,true,exec_profile,gtpin_total_execution_cycles,1479460,5779,cycles,256,1479460,5779,0,0,,,0,0,0,"{""gtpin_avg_execution_cycles_per_invocation"":5779,""gtpin_invocation_count"":256,""gtpin_total_execution_cycles"":1479460}",InvocationCount=256;TotalExecutionCycles=1479460;AvgExecutionCyclesPerInvocation=5779
n1_i2,2,1,2,performance,false,layers.*/self_attn,/model/layers.1/self_attn/Where_3,Select,Select,select:/model/layers.1/self_attn/Where_3,select:/model/layers.1/self_attn/Where_3,select,select_gpu_ref,340,select_gpu_ref_5609897181611433017_0_0__sa,select_gpu_ref_5609897181611433017_0_0__sa,1,1212,matched,aligned,true,true,true,exec_profile,gtpin_total_execution_cycles,1471024,5746,cycles,256,1471024,5746,0,0,,,0,0,0,"{""gtpin_avg_execution_cycles_per_invocation"":5746,""gtpin_invocation_count"":256,""gtpin_total_execution_cycles"":1471024}",InvocationCount=256;TotalExecutionCycles=1471024;AvgExecutionCyclesPerInvocation=5746
n1_i2,2,1,2,performance,false,layers.*/self_attn,/model/layers.21/self_attn/Where_3,Select,Select,select:/model/layers.21/self_attn/Where_3,select:/model/layers.21/self_attn/Where_3,select,select_gpu_ref,1060,select_gpu_ref_5609897181611433017_0_0__sa,select_gpu_ref_5609897181611433017_0_0__sa,1,1652,matched,aligned,true,true,true,exec_profile,gtpin_total_execution_cycles,1459026,5699,cycles,256,1459026,5699,0,0,,,0,0,0,"{""gtpin_avg_execution_cycles_per_invocation"":5699,""gtpin_invocation_count"":256,""gtpin_total_execution_cycles"":1459026}",InvocationCount=256;TotalExecutionCycles=1459026;AvgExecutionCyclesPerInvocation=5699
n1_i2,2,1,2,performance,false,layers.*/self_attn,/model/layers.8/self_attn/Where_3,Select,Select,select:/model/layers.8/self_attn/Where_3,select:/model/layers.8/self_attn/Where_3,select,select_gpu_ref,592,select_gpu_ref_5609897181611433017_0_0__sa,select_gpu_ref_5609897181611433017_0_0__sa,1,1366,matched,aligned,true,true,true,exec_profile,gtpin_total_execution_cycles,1444276,5641,cycles,256,1444276,5641,0,0,,,0,0,0,"{""gtpin_avg_execution_cycles_per_invocation"":5641,""gtpin_invocation_count"":256,""gtpin_total_execution_cycles"":1444276}",InvocationCount=256;TotalExecutionCycles=1444276;AvgExecutionCyclesPerInvocation=5641
n1_i2,2,1,2,performance,false,layers.*/self_attn,/model/layers.9/self_attn/Where_3,Select,Select,select:/model/layers.9/self_attn/Where_3,select:/model/layers.9/self_attn/Where_3,select,select_gpu_ref,628,select_gpu_ref_5609897181611433017_0_0__sa,select_gpu_ref_5609897181611433017_0_0__sa,1,1388,matched,aligned,true,true,true,exec_profile,gtpin_total_execution_cycles,1418780,5542,cycles,256,1418780,5542,0,0,,,0,0,0,"{""gtpin_avg_execution_cycles_per_invocation"":5542,""gtpin_invocation_count"":256,""gtpin_total_execution_cycles"":1418780}",InvocationCount=256;TotalExecutionCycles=1418780;AvgExecutionCyclesPerInvocation=5542
n1_i2,2,1,2,performance,false,layers.*/self_attn,/model/layers.15/self_attn/IsNaN,IsNaN,IsNaN,isnan:/model/layers.15/self_attn/IsNaN,isnan:/model/layers.15/self_attn/IsNaN,eltwise,generic_eltwise_ref,843,generic_eltwise_ref_1696504087421334661_0_0__sa,generic_eltwise_ref_1696504087421334661_0_0__sa,1,1519,matched,aligned,true,true,true,exec_profile,gtpin_total_execution_cycles,1408878,5503,cycles,256,1408878,5503,0,0,,,0,0,0,"{""gtpin_avg_execution_cycles_per_invocation"":5503,""gtpin_invocation_count"":256,""gtpin_total_execution_cycles"":1408878}",InvocationCount=256;TotalExecutionCycles=1408878;AvgExecutionCyclesPerInvocation=5503
n1_i2,2,1,2,performance,false,layers.*/self_attn,/model/layers.1/self_attn/IsNaN,IsNaN,IsNaN,isnan:/model/layers.1/self_attn/IsNaN,isnan:/model/layers.1/self_attn/IsNaN,eltwise,generic_eltwise_ref,339,generic_eltwise_ref_1696504087421334661_0_0__sa,generic_eltwise_ref_1696504087421334661_0_0__sa,1,1211,matched,aligned,true,true,true,exec_profile,gtpin_total_execution_cycles,1401862,5476,cycles,256,1401862,5476,0,0,,,0,0,0,"{""gtpin_avg_execution_cycles_per_invocation"":5476,""gtpin_invocation_count"":256,""gtpin_total_execution_cycles"":1401862}",InvocationCount=256;TotalExecutionCycles=1401862;AvgExecutionCyclesPerInvocation=5476
n1_i2,2,1,2,performance,false,layers.*/self_attn,/model/layers.3/self_attn/Where_3,Select,Select,select:/model/layers.3/self_attn/Where_3,select:/model/layers.3/self_attn/Where_3,select,select_gpu_ref,412,select_gpu_ref_5609897181611433017_0_0__sa,select_gpu_ref_5609897181611433017_0_0__sa,1,1256,matched,aligned,true,true,true,exec_profile,gtpin_total_execution_cycles,1380564,5392,cycles,256,1380564,5392,0,0,,,0,0,0,"{""gtpin_avg_execution_cycles_per_invocation"":5392,""gtpin_invocation_count"":256,""gtpin_total_execution_cycles"":1380564}",InvocationCount=256;TotalExecutionCycles=1380564;AvgExecutionCyclesPerInvocation=5392
n1_i2,2,1,2,performance,false,layers.*/self_attn,/model/layers.7/self_attn/IsNaN,IsNaN,IsNaN,isnan:/model/layers.7/self_attn/IsNaN,isnan:/model/layers.7/self_attn/IsNaN,eltwise,generic_eltwise_ref,555,generic_eltwise_ref_1696504087421334661_0_0__sa,generic_eltwise_ref_1696504087421334661_0_0__sa,1,1343,matched,aligned,true,true,true,exec_profile,gtpin_total_execution_cycles,1375466,5372,cycles,256,1375466,5372,0,0,,,0,0,0,"{""gtpin_avg_execution_cycles_per_invocation"":5372,""gtpin_invocation_count"":256,""gtpin_total_execution_cycles"":1375466}",InvocationCount=256;TotalExecutionCycles=1375466;AvgExecutionCyclesPerInvocation=5372
n1_i2,2,1,2,performance,false,layers.*/self_attn,/model/layers.5/self_attn/Where_3,Select,Select,select:/model/layers.5/self_attn/Where_3,select:/model/layers.5/self_attn/Where_3,select,select_gpu_ref,484,select_gpu_ref_5609897181611433017_0_0__sa,select_gpu_ref_5609897181611433017_0_0__sa,1,1300,matched,aligned,true,true,true,exec_profile,gtpin_total_execution_cycles,1364980,5331,cycles,256,1364980,5331,0,0,,,0,0,0,"{""gtpin_avg_execution_cycles_per_invocation"":5331,""gtpin_invocation_count"":256,""gtpin_total_execution_cycles"":1364980}",InvocationCount=256;TotalExecutionCycles=1364980;AvgExecutionCyclesPerInvocation=5331
n1_i2,2,1,2,performance,false,layers.*/self_attn,/model/layers.2/self_attn/Where_3,Select,Select,select:/model/layers.2/self_attn/Where_3,select:/model/layers.2/self_attn/Where_3,select,select_gpu_ref,376,select_gpu_ref_5609897181611433017_0_0__sa,select_gpu_ref_5609897181611433017_0_0__sa,1,1234,matched,aligned,true,true,true,exec_profile,gtpin_total_execution_cycles,1331242,5200,cycles,256,1331242,5200,0,0,,,0,0,0,"{""gtpin_avg_execution_cycles_per_invocation"":5200,""gtpin_invocation_count"":256,""gtpin_total_execution_cycles"":1331242}",InvocationCount=256;TotalExecutionCycles=1331242;AvgExecutionCyclesPerInvocation=5200
n1_i2,2,1,2,performance,false,layers.*/self_attn,/model/layers.13/self_attn/IsNaN,IsNaN,IsNaN,isnan:/model/layers.13/self_attn/IsNaN,isnan:/model/layers.13/self_attn/IsNaN,eltwise,generic_eltwise_ref,771,generic_eltwise_ref_1696504087421334661_0_0__sa,generic_eltwise_ref_1696504087421334661_0_0__sa,1,1475,matched,aligned,true,true,true,exec_profile,gtpin_total_execution_cycles,1284488,5017,cycles,256,1284488,5017,0,0,,,0,0,0,"{""gtpin_avg_execution_cycles_per_invocation"":5017,""gtpin_invocation_count"":256,""gtpin_total_execution_cycles"":1284488}",InvocationCount=256;TotalExecutionCycles=1284488;AvgExecutionCyclesPerInvocation=5017
n1_i2,2,1,2,performance,false,layers.*/self_attn,/model/layers.21/self_attn/IsNaN,IsNaN,IsNaN,isnan:/model/layers.21/self_attn/IsNaN,isnan:/model/layers.21/self_attn/IsNaN,eltwise,generic_eltwise_ref,1059,generic_eltwise_ref_1696504087421334661_0_0__sa,generic_eltwise_ref_1696504087421334661_0_0__sa,1,1651,matched,aligned,true,true,true,exec_profile,gtpin_total_execution_cycles,1276592,4986,cycles,256,1276592,4986,0,0,,,0,0,0,"{""gtpin_avg_execution_cycles_per_invocation"":4986,""gtpin_invocation_count"":256,""gtpin_total_execution_cycles"":1276592}",InvocationCount=256;TotalExecutionCycles=1276592;AvgExecutionCyclesPerInvocation=4986
n1_i2,2,1,2,performance,false,layers.*/self_attn,/model/layers.6/self_attn/Where_3,Select,Select,select:/model/layers.6/self_attn/Where_3,select:/model/layers.6/self_attn/Where_3,select,select_gpu_ref,520,select_gpu_ref_5609897181611433017_0_0__sa,select_gpu_ref_5609897181611433017_0_0__sa,1,1322,matched,aligned,true,true,true,exec_profile,gtpin_total_execution_cycles,1258428,4915,cycles,256,1258428,4915,0,0,,,0,0,0,"{""gtpin_avg_execution_cycles_per_invocation"":4915,""gtpin_invocation_count"":256,""gtpin_total_execution_cycles"":1258428}",InvocationCount=256;TotalExecutionCycles=1258428;AvgExecutionCyclesPerInvocation=4915
n1_i2,2,1,2,performance,false,layers.*/self_attn,/model/layers.10/self_attn/IsNaN,IsNaN,IsNaN,isnan:/model/layers.10/self_attn/IsNaN,isnan:/model/layers.10/self_attn/IsNaN,eltwise,generic_eltwise_ref,663,generic_eltwise_ref_1696504087421334661_0_0__sa,generic_eltwise_ref_1696504087421334661_0_0__sa,1,1409,matched,aligned,true,true,true,exec_profile,gtpin_total_execution_cycles,1256026,4906,cycles,256,1256026,4906,0,0,,,0,0,0,"{""gtpin_avg_execution_cycles_per_invocation"":4906,""gtpin_invocation_count"":256,""gtpin_total_execution_cycles"":1256026}",InvocationCount=256;TotalExecutionCycles=1256026;AvgExecutionCyclesPerInvocation=4906
n1_i2,2,1,2,performance,false,layers.*/self_attn,/model/layers.11/self_attn/IsNaN,IsNaN,IsNaN,isnan:/model/layers.11/self_attn/IsNaN,isnan:/model/layers.11/self_attn/IsNaN,eltwise,generic_eltwise_ref,699,generic_eltwise_ref_1696504087421334661_0_0__sa,generic_eltwise_ref_1696504087421334661_0_0__sa,1,1431,matched,aligned,true,true,true,exec_profile,gtpin_total_execution_cycles,1220536,4767,cycles,256,1220536,4767,0,0,,,0,0,0,"{""gtpin_avg_execution_cycles_per_invocation"":4767,""gtpin_invocation_count"":256,""gtpin_total_execution_cycles"":1220536}",InvocationCount=256;TotalExecutionCycles=1220536;AvgExecutionCyclesPerInvocation=4767
n1_i2,2,1,2,performance,false,layers.*/self_attn,/model/layers.19/self_attn/IsNaN,IsNaN,IsNaN,isnan:/model/layers.19/self_attn/IsNaN,isnan:/model/layers.19/self_attn/IsNaN,eltwise,generic_eltwise_ref,987,generic_eltwise_ref_1696504087421334661_0_0__sa,generic_eltwise_ref_1696504087421334661_0_0__sa,1,1607,matched,aligned,true,true,true,exec_profile,gtpin_total_execution_cycles,1220016,4765,cycles,256,1220016,4765,0,0,,,0,0,0,"{""gtpin_avg_execution_cycles_per_invocation"":4765,""gtpin_invocation_count"":256,""gtpin_total_execution_cycles"":1220016}",InvocationCount=256;TotalExecutionCycles=1220016;AvgExecutionCyclesPerInvocation=4765
n1_i2,2,1,2,performance,false,layers.*/self_attn,/model/layers.4/self_attn/IsNaN,IsNaN,IsNaN,isnan:/model/layers.4/self_attn/IsNaN,isnan:/model/layers.4/self_attn/IsNaN,eltwise,generic_eltwise_ref,447,generic_eltwise_ref_1696504087421334661_0_0__sa,generic_eltwise_ref_1696504087421334661_0_0__sa,1,1277,matched,aligned,true,true,true,exec_profile,gtpin_total_execution_cycles,1219670,4764,cycles,256,1219670,4764,0,0,,,0,0,0,"{""gtpin_avg_execution_cycles_per_invocation"":4764,""gtpin_invocation_count"":256,""gtpin_total_execution_cycles"":1219670}",InvocationCount=256;TotalExecutionCycles=1219670;AvgExecutionCyclesPerInvocation=4764
n1_i2,2,1,2,performance,false,layers.*/self_attn,/model/layers.17/self_attn/IsNaN,IsNaN,IsNaN,isnan:/model/layers.17/self_attn/IsNaN,isnan:/model/layers.17/self_attn/IsNaN,eltwise,generic_eltwise_ref,915,generic_eltwise_ref_1696504087421334661_0_0__sa,generic_eltwise_ref_1696504087421334661_0_0__sa,1,1563,matched,aligned,true,true,true,exec_profile,gtpin_total_execution_cycles,1217034,4754,cycles,256,1217034,4754,0,0,,,0,0,0,"{""gtpin_avg_execution_cycles_per_invocation"":4754,""gtpin_invocation_count"":256,""gtpin_total_execution_cycles"":1217034}",InvocationCount=256;TotalExecutionCycles=1217034;AvgExecutionCyclesPerInvocation=4754
n1_i2,2,1,2,performance,false,layers.*/self_attn,/model/layers.16/self_attn/IsNaN,IsNaN,IsNaN,isnan:/model/layers.16/self_attn/IsNaN,isnan:/model/layers.16/self_attn/IsNaN,eltwise,generic_eltwise_ref,879,generic_eltwise_ref_1696504087421334661_0_0__sa,generic_eltwise_ref_1696504087421334661_0_0__sa,1,1541,matched,aligned,true,true,true,exec_profile,gtpin_total_execution_cycles,1209488,4724,cycles,256,1209488,4724,0,0,,,0,0,0,"{""gtpin_avg_execution_cycles_per_invocation"":4724,""gtpin_invocation_count"":256,""gtpin_total_execution_cycles"":1209488}",InvocationCount=256;TotalExecutionCycles=1209488;AvgExecutionCyclesPerInvocation=4724
n1_i2,2,1,2,performance,false,layers.*/self_attn,/model/layers.20/self_attn/IsNaN,IsNaN,IsNaN,isnan:/model/layers.20/self_attn/IsNaN,isnan:/model/layers.20/self_attn/IsNaN,eltwise,generic_eltwise_ref,1023,generic_eltwise_ref_1696504087421334661_0_0__sa,generic_eltwise_ref_1696504087421334661_0_0__sa,1,1629,matched,aligned,true,true,true,exec_profile,gtpin_total_execution_cycles,1199842,4686,cycles,256,1199842,4686,0,0,,,0,0,0,"{""gtpin_avg_execution_cycles_per_invocation"":4686,""gtpin_invocation_count"":256,""gtpin_total_execution_cycles"":1199842}",InvocationCount=256;TotalExecutionCycles=1199842;AvgExecutionCyclesPerInvocation=4686
n1_i2,2,1,2,performance,false,layers.*/self_attn,/model/layers.6/self_attn/IsNaN,IsNaN,IsNaN,isnan:/model/layers.6/self_attn/IsNaN,isnan:/model/layers.6/self_attn/IsNaN,eltwise,generic_eltwise_ref,519,generic_eltwise_ref_1696504087421334661_0_0__sa,generic_eltwise_ref_1696504087421334661_0_0__sa,1,1321,matched,aligned,true,true,true,exec_profile,gtpin_total_execution_cycles,1197994,4679,cycles,256,1197994,4679,0,0,,,0,0,0,"{""gtpin_avg_execution_cycles_per_invocation"":4679,""gtpin_invocation_count"":256,""gtpin_total_execution_cycles"":1197994}",InvocationCount=256;TotalExecutionCycles=1197994;AvgExecutionCyclesPerInvocation=4679
n1_i2,2,1,2,performance,false,layers.*/self_attn,/model/layers.2/self_attn/IsNaN,IsNaN,IsNaN,isnan:/model/layers.2/self_attn/IsNaN,isnan:/model/layers.2/self_attn/IsNaN,eltwise,generic_eltwise_ref,375,generic_eltwise_ref_1696504087421334661_0_0__sa,generic_eltwise_ref_1696504087421334661_0_0__sa,1,1233,matched,aligned,true,true,true,exec_profile,gtpin_total_execution_cycles,1194672,4666,cycles,256,1194672,4666,0,0,,,0,0,0,"{""gtpin_avg_execution_cycles_per_invocation"":4666,""gtpin_invocation_count"":256,""gtpin_total_execution_cycles"":1194672}",InvocationCount=256;TotalExecutionCycles=1194672;AvgExecutionCyclesPerInvocation=4666
n1_i2,2,1,2,performance,false,layers.*/self_attn,/model/layers.5/self_attn/IsNaN,IsNaN,IsNaN,isnan:/model/layers.5/self_attn/IsNaN,isnan:/model/layers.5/self_attn/IsNaN,eltwise,generic_eltwise_ref,483,generic_eltwise_ref_1696504087421334661_0_0__sa,generic_eltwise_ref_1696504087421334661_0_0__sa,1,1299,matched,aligned,true,true,true,exec_profile,gtpin_total_execution_cycles,1183416,4622,cycles,256,1183416,4622,0,0,,,0,0,0,"{""gtpin_avg_execution_cycles_per_invocation"":4622,""gtpin_invocation_count"":256,""gtpin_total_execution_cycles"":1183416}",InvocationCount=256;TotalExecutionCycles=1183416;AvgExecutionCyclesPerInvocation=4622
n1_i2,2,1,2,performance,false,layers.*/self_attn,/model/layers.8/self_attn/IsNaN,IsNaN,IsNaN,isnan:/model/layers.8/self_attn/IsNaN,isnan:/model/layers.8/self_attn/IsNaN,eltwise,generic_eltwise_ref,591,generic_eltwise_ref_1696504087421334661_0_0__sa,generic_eltwise_ref_1696504087421334661_0_0__sa,1,1365,matched,aligned,true,true,true,exec_profile,gtpin_total_execution_cycles,1177682,4600,cycles,256,1177682,4600,0,0,,,0,0,0,"{""gtpin_avg_execution_cycles_per_invocation"":4600,""gtpin_invocation_count"":256,""gtpin_total_execution_cycles"":1177682}",InvocationCount=256;TotalExecutionCycles=1177682;AvgExecutionCyclesPerInvocation=4600
n1_i2,2,1,2,performance,false,layers.*/self_attn,/model/layers.12/self_attn/IsNaN,IsNaN,IsNaN,isnan:/model/layers.12/self_attn/IsNaN,isnan:/model/layers.12/self_attn/IsNaN,eltwise,generic_eltwise_ref,735,generic_eltwise_ref_1696504087421334661_0_0__sa,generic_eltwise_ref_1696504087421334661_0_0__sa,1,1453,matched,aligned,true,true,true,exec_profile,gtpin_total_execution_cycles,1176742,4596,cycles,256,1176742,4596,0,0,,,0,0,0,"{""gtpin_avg_execution_cycles_per_invocation"":4596,""gtpin_invocation_count"":256,""gtpin_total_execution_cycles"":1176742}",InvocationCount=256;TotalExecutionCycles=1176742;AvgExecutionCyclesPerInvocation=4596
n1_i2,2,1,2,performance,false,layers.*/self_attn,/model/layers.18/self_attn/IsNaN,IsNaN,IsNaN,isnan:/model/layers.18/self_attn/IsNaN,isnan:/model/layers.18/self_attn/IsNaN,eltwise,generic_eltwise_ref,951,generic_eltwise_ref_1696504087421334661_0_0__sa,generic_eltwise_ref_1696504087421334661_0_0__sa,1,1585,matched,aligned,true,true,true,exec_profile,gtpin_total_execution_cycles,1166728,4557,cycles,256,1166728,4557,0,0,,,0,0,0,"{""gtpin_avg_execution_cycles_per_invocation"":4557,""gtpin_invocation_count"":256,""gtpin_total_execution_cycles"":1166728}",InvocationCount=256;TotalExecutionCycles=1166728;AvgExecutionCyclesPerInvocation=4557
n1_i2,2,1,2,performance,false,layers.*/self_attn,/model/layers.3/self_attn/IsNaN,IsNaN,IsNaN,isnan:/model/layers.3/self_attn/IsNaN,isnan:/model/layers.3/self_attn/IsNaN,eltwise,generic_eltwise_ref,411,generic_eltwise_ref_1696504087421334661_0_0__sa,generic_eltwise_ref_1696504087421334661_0_0__sa,1,1255,matched,aligned,true,true,true,exec_profile,gtpin_total_execution_cycles,1127748,4405,cycles,256,1127748,4405,0,0,,,0,0,0,"{""gtpin_avg_execution_cycles_per_invocation"":4405,""gtpin_invocation_count"":256,""gtpin_total_execution_cycles"":1127748}",InvocationCount=256;TotalExecutionCycles=1127748;AvgExecutionCyclesPerInvocation=4405
n1_i2,2,1,2,performance,false,layers.*/self_attn,/model/layers.0/self_attn/IsNaN,IsNaN,IsNaN,isnan:/model/layers.0/self_attn/IsNaN,isnan:/model/layers.0/self_attn/IsNaN,eltwise,generic_eltwise_ref,303,generic_eltwise_ref_1696504087421334661_0_0__sa,generic_eltwise_ref_1696504087421334661_0_0__sa,1,1189,matched,aligned,true,true,true,exec_profile,gtpin_total_execution_cycles,1120858,4378,cycles,256,1120858,4378,0,0,,,0,0,0,"{""gtpin_avg_execution_cycles_per_invocation"":4378,""gtpin_invocation_count"":256,""gtpin_total_execution_cycles"":1120858}",InvocationCount=256;TotalExecutionCycles=1120858;AvgExecutionCyclesPerInvocation=4378
n1_i2,2,1,2,performance,false,layers.*/self_attn,/model/layers.9/self_attn/IsNaN,IsNaN,IsNaN,isnan:/model/layers.9/self_attn/IsNaN,isnan:/model/layers.9/self_attn/IsNaN,eltwise,generic_eltwise_ref,627,generic_eltwise_ref_1696504087421334661_0_0__sa,generic_eltwise_ref_1696504087421334661_0_0__sa,1,1387,matched,aligned,true,true,true,exec_profile,gtpin_total_execution_cycles,1076752,4206,cycles,256,1076752,4206,0,0,,,0,0,0,"{""gtpin_avg_execution_cycles_per_invocation"":4206,""gtpin_invocation_count"":256,""gtpin_total_execution_cycles"":1076752}",InvocationCount=256;TotalExecutionCycles=1076752;AvgExecutionCyclesPerInvocation=4206
n1_i2,2,1,2,performance,false,layers.*/self_attn,/model/layers.7/self_attn/Add,RoPE,RoPE,rope:/model/layers.7/self_attn/Add,rope:/model/layers.7/self_attn/Add,rope,ocl::rope::opt_,536,rope_opt__13889706310558783765__sa,rope_opt__13889706310558783765__sa,1,1334,matched,aligned,true,true,true,exec_profile,gtpin_total_execution_cycles,995924,15561,cycles,64,995924,15561,0,0,,,0,0,0,"{""gtpin_avg_execution_cycles_per_invocation"":15561,""gtpin_invocation_count"":64,""gtpin_total_execution_cycles"":995924}",InvocationCount=64;TotalExecutionCycles=995924;AvgExecutionCyclesPerInvocation=15561
n1_i2,2,1,2,performance,false,layers.*/self_attn,/model/layers.1/self_attn/Add,RoPE,RoPE,rope:/model/layers.1/self_attn/Add,rope:/model/layers.1/self_attn/Add,rope,ocl::rope::opt_,320,rope_opt__13889706310558783765__sa,rope_opt__13889706310558783765__sa,1,1202,matched,aligned,true,true,true,exec_profile,gtpin_total_execution_cycles,975334,15239,cycles,64,975334,15239,0,0,,,0,0,0,"{""gtpin_avg_execution_cycles_per_invocation"":15239,""gtpin_invocation_count"":64,""gtpin_total_execution_cycles"":975334}",InvocationCount=64;TotalExecutionCycles=975334;AvgExecutionCyclesPerInvocation=15239
n1_i2,2,1,2,performance,false,layers.*/self_attn,/model/layers.3/self_attn/Add,RoPE,RoPE,rope:/model/layers.3/self_attn/Add,rope:/model/layers.3/self_attn/Add,rope,ocl::rope::opt_,392,rope_opt__13889706310558783765__sa,rope_opt__13889706310558783765__sa,1,1246,matched,aligned,true,true,true,exec_profile,gtpin_total_execution_cycles,951694,14870,cycles,64,951694,14870,0,0,,,0,0,0,"{""gtpin_avg_execution_cycles_per_invocation"":14870,""gtpin_invocation_count"":64,""gtpin_total_execution_cycles"":951694}",InvocationCount=64;TotalExecutionCycles=951694;AvgExecutionCyclesPerInvocation=14870
n1_i2,2,1,2,performance,false,layers.*/self_attn,/model/layers.14/self_attn/Add,RoPE,RoPE,rope:/model/layers.14/self_attn/Add,rope:/model/layers.14/self_attn/Add,rope,ocl::rope::opt_,788,rope_opt__13889706310558783765__sa,rope_opt__13889706310558783765__sa,1,1488,matched,aligned,true,true,true,exec_profile,gtpin_total_execution_cycles,950506,14851,cycles,64,950506,14851,0,0,,,0,0,0,"{""gtpin_avg_execution_cycles_per_invocation"":14851,""gtpin_invocation_count"":64,""gtpin_total_execution_cycles"":950506}",InvocationCount=64;TotalExecutionCycles=950506;AvgExecutionCyclesPerInvocation=14851
n1_i2,2,1,2,performance,false,layers.*/self_attn,/model/layers.20/self_attn/Add,RoPE,RoPE,rope:/model/layers.20/self_attn/Add,rope:/model/layers.20/self_attn/Add,rope,ocl::rope::opt_,1004,rope_opt__13889706310558783765__sa,rope_opt__13889706310558783765__sa,1,1620,matched,aligned,true,true,true,exec_profile,gtpin_total_execution_cycles,945874,14779,cycles,64,945874,14779,0,0,,,0,0,0,"{""gtpin_avg_execution_cycles_per_invocation"":14779,""gtpin_invocation_count"":64,""gtpin_total_execution_cycles"":945874}",InvocationCount=64;TotalExecutionCycles=945874;AvgExecutionCyclesPerInvocation=14779
n1_i2,2,1,2,performance,false,layers.*/self_attn,/model/layers.21/self_attn/Add,RoPE,RoPE,rope:/model/layers.21/self_attn/Add,rope:/model/layers.21/self_attn/Add,rope,ocl::rope::opt_,1040,rope_opt__13889706310558783765__sa,rope_opt__13889706310558783765__sa,1,1642,matched,aligned,true,true,true,exec_profile,gtpin_total_execution_cycles,933832,14591,cycles,64,933832,14591,0,0,,,0,0,0,"{""gtpin_avg_execution_cycles_per_invocation"":14591,""gtpin_invocation_count"":64,""gtpin_total_execution_cycles"":933832}",InvocationCount=64;TotalExecutionCycles=933832;AvgExecutionCyclesPerInvocation=14591
n1_i2,2,1,2,performance,false,layers.*/self_attn,/model/layers.13/self_attn/Add,RoPE,RoPE,rope:/model/layers.13/self_attn/Add,rope:/model/layers.13/self_attn/Add,rope,ocl::rope::opt_,752,rope_opt__13889706310558783765__sa,rope_opt__13889706310558783765__sa,1,1466,matched,aligned,true,true,true,exec_profile,gtpin_total_execution_cycles,921348,14396,cycles,64,921348,14396,0,0,,,0,0,0,"{""gtpin_avg_execution_cycles_per_invocation"":14396,""gtpin_invocation_count"":64,""gtpin_total_execution_cycles"":921348}",InvocationCount=64;TotalExecutionCycles=921348;AvgExecutionCyclesPerInvocation=14396
n1_i2,2,1,2,performance,false,layers.*/self_attn,/model/layers.2/self_attn/Add,RoPE,RoPE,rope:/model/layers.2/self_attn/Add,rope:/model/layers.2/self_attn/Add,rope,ocl::rope::opt_,356,rope_opt__13889706310558783765__sa,rope_opt__13889706310558783765__sa,1,1224,matched,aligned,true,true,true,exec_profile,gtpin_total_execution_cycles,911946,14249,cycles,64,911946,14249,0,0,,,0,0,0,"{""gtpin_avg_execution_cycles_per_invocation"":14249,""gtpin_invocation_count"":64,""gtpin_total_execution_cycles"":911946}",InvocationCount=64;TotalExecutionCycles=911946;AvgExecutionCyclesPerInvocation=14249
n1_i2,2,1,2,performance,false,layers.*/self_attn,/model/layers.9/self_attn/Add,RoPE,RoPE,rope:/model/layers.9/self_attn/Add,rope:/model/layers.9/self_attn/Add,rope,ocl::rope::opt_,608,rope_opt__13889706310558783765__sa,rope_opt__13889706310558783765__sa,1,1378,matched,aligned,true,true,true,exec_profile,gtpin_total_execution_cycles,903798,14121,cycles,64,903798,14121,0,0,,,0,0,0,"{""gtpin_avg_execution_cycles_per_invocation"":14121,""gtpin_invocation_count"":64,""gtpin_total_execution_cycles"":903798}",InvocationCount=64;TotalExecutionCycles=903798;AvgExecutionCyclesPerInvocation=14121
n1_i2,2,1,2,performance,false,layers.*/self_attn,/model/layers.5/self_attn/Add,RoPE,RoPE,rope:/model/layers.5/self_attn/Add,rope:/model/layers.5/self_attn/Add,rope,ocl::rope::opt_,464,rope_opt__13889706310558783765__sa,rope_opt__13889706310558783765__sa,1,1290,matched,aligned,true,true,true,exec_profile,gtpin_total_execution_cycles,902456,14100,cycles,64,902456,14100,0,0,,,0,0,0,"{""gtpin_avg_execution_cycles_per_invocation"":14100,""gtpin_invocation_count"":64,""gtpin_total_execution_cycles"":902456}",InvocationCount=64;TotalExecutionCycles=902456;AvgExecutionCyclesPerInvocation=14100
n1_i2,2,1,2,performance,false,layers.*/self_attn,/model/layers.6/self_attn/Add,RoPE,RoPE,rope:/model/layers.6/self_attn/Add,rope:/model/layers.6/self_attn/Add,rope,ocl::rope::opt_,500,rope_opt__13889706310558783765__sa,rope_opt__13889706310558783765__sa,1,1312,matched,aligned,true,true,true,exec_profile,gtpin_total_execution_cycles,902042,14094,cycles,64,902042,14094,0,0,,,0,0,0,"{""gtpin_avg_execution_cycles_per_invocation"":14094,""gtpin_invocation_count"":64,""gtpin_total_execution_cycles"":902042}",InvocationCount=64;TotalExecutionCycles=902042;AvgExecutionCyclesPerInvocation=14094
n1_i2,2,1,2,performance,false,layers.*/self_attn,/model/layers.10/self_attn/Add,RoPE,RoPE,rope:/model/layers.10/self_attn/Add,rope:/model/layers.10/self_attn/Add,rope,ocl::rope::opt_,644,rope_opt__13889706310558783765__sa,rope_opt__13889706310558783765__sa,1,1400,matched,aligned,true,true,true,exec_profile,gtpin_total_execution_cycles,892610,13947,cycles,64,892610,13947,0,0,,,0,0,0,"{""gtpin_avg_execution_cycles_per_invocation"":13947,""gtpin_invocation_count"":64,""gtpin_total_execution_cycles"":892610}",InvocationCount=64;TotalExecutionCycles=892610;AvgExecutionCyclesPerInvocation=13947
n1_i2,2,1,2,performance,false,layers.*/self_attn,/model/layers.11/self_attn/Add,RoPE,RoPE,rope:/model/layers.11/self_attn/Add,rope:/model/layers.11/self_attn/Add,rope,ocl::rope::opt_,680,rope_opt__13889706310558783765__sa,rope_opt__13889706310558783765__sa,1,1422,matched,aligned,true,true,true,exec_profile,gtpin_total_execution_cycles,883106,13798,cycles,64,883106,13798,0,0,,,0,0,0,"{""gtpin_avg_execution_cycles_per_invocation"":13798,""gtpin_invocation_count"":64,""gtpin_total_execution_cycles"":883106}",InvocationCount=64;TotalExecutionCycles=883106;AvgExecutionCyclesPerInvocation=13798
n1_i2,2,1,2,performance,false,layers.*/self_attn,/model/layers.17/self_attn/Add,RoPE,RoPE,rope:/model/layers.17/self_attn/Add,rope:/model/layers.17/self_attn/Add,rope,ocl::rope::opt_,896,rope_opt__13889706310558783765__sa,rope_opt__13889706310558783765__sa,1,1554,matched,aligned,true,true,true,exec_profile,gtpin_total_execution_cycles,882464,13788,cycles,64,882464,13788,0,0,,,0,0,0,"{""gtpin_avg_execution_cycles_per_invocation"":13788,""gtpin_invocation_count"":64,""gtpin_total_execution_cycles"":882464}",InvocationCount=64;TotalExecutionCycles=882464;AvgExecutionCyclesPerInvocation=13788
n1_i2,2,1,2,performance,false,layers.*/self_attn,/model/layers.16/self_attn/Add,RoPE,RoPE,rope:/model/layers.16/self_attn/Add,rope:/model/layers.16/self_attn/Add,rope,ocl::rope::opt_,860,rope_opt__13889706310558783765__sa,rope_opt__13889706310558783765__sa,1,1532,matched,aligned,true,true,true,exec_profile,gtpin_total_execution_cycles,880718,13761,cycles,64,880718,13761,0,0,,,0,0,0,"{""gtpin_avg_execution_cycles_per_invocation"":13761,""gtpin_invocation_count"":64,""gtpin_total_execution_cycles"":880718}",InvocationCount=64;TotalExecutionCycles=880718;AvgExecutionCyclesPerInvocation=13761
n1_i2,2,1,2,performance,false,layers.*/self_attn,/model/layers.12/self_attn/Add,RoPE,RoPE,rope:/model/layers.12/self_attn/Add,rope:/model/layers.12/self_attn/Add,rope,ocl::rope::opt_,716,rope_opt__13889706310558783765__sa,rope_opt__13889706310558783765__sa,1,1444,matched,aligned,true,true,true,exec_profile,gtpin_total_execution_cycles,864664,13510,cycles,64,864664,13510,0,0,,,0,0,0,"{""gtpin_avg_execution_cycles_per_invocation"":13510,""gtpin_invocation_count"":64,""gtpin_total_execution_cycles"":864664}",InvocationCount=64;TotalExecutionCycles=864664;AvgExecutionCyclesPerInvocation=13510
n1_i2,2,1,2,performance,false,layers.*/self_attn,/model/layers.4/self_attn/Add,RoPE,RoPE,rope:/model/layers.4/self_attn/Add,rope:/model/layers.4/self_attn/Add,rope,ocl::rope::opt_,428,rope_opt__13889706310558783765__sa,rope_opt__13889706310558783765__sa,1,1268,matched,aligned,true,true,true,exec_profile,gtpin_total_execution_cycles,850504,13289,cycles,64,850504,13289,0,0,,,0,0,0,"{""gtpin_avg_execution_cycles_per_invocation"":13289,""gtpin_invocation_count"":64,""gtpin_total_execution_cycles"":850504}",InvocationCount=64;TotalExecutionCycles=850504;AvgExecutionCyclesPerInvocation=13289
n1_i2,2,1,2,performance,false,layers.*/self_attn,/model/layers.8/self_attn/Add,RoPE,RoPE,rope:/model/layers.8/self_attn/Add,rope:/model/layers.8/self_attn/Add,rope,ocl::rope::opt_,572,rope_opt__13889706310558783765__sa,rope_opt__13889706310558783765__sa,1,1356,matched,aligned,true,true,true,exec_profile,gtpin_total_execution_cycles,844518,13195,cycles,64,844518,13195,0,0,,,0,0,0,"{""gtpin_avg_execution_cycles_per_invocation"":13195,""gtpin_invocation_count"":64,""gtpin_total_execution_cycles"":844518}",InvocationCount=64;TotalExecutionCycles=844518;AvgExecutionCyclesPerInvocation=13195
n1_i2,2,1,2,performance,false,layers.*/self_attn,/model/layers.19/self_attn/Add,RoPE,RoPE,rope:/model/layers.19/self_attn/Add,rope:/model/layers.19/self_attn/Add,rope,ocl::rope::opt_,968,rope_opt__13889706310558783765__sa,rope_opt__13889706310558783765__sa,1,1598,matched,aligned,true,true,true,exec_profile,gtpin_total_execution_cycles,829730,12964,cycles,64,829730,12964,0,0,,,0,0,0,"{""gtpin_avg_execution_cycles_per_invocation"":12964,""gtpin_invocation_count"":64,""gtpin_total_execution_cycles"":829730}",InvocationCount=64;TotalExecutionCycles=829730;AvgExecutionCyclesPerInvocation=12964
n1_i2,2,1,2,performance,false,layers.*/self_attn,/model/layers.15/self_attn/Add,RoPE,RoPE,rope:/model/layers.15/self_attn/Add,rope:/model/layers.15/self_attn/Add,rope,ocl::rope::opt_,824,rope_opt__13889706310558783765__sa,rope_opt__13889706310558783765__sa,1,1510,matched,aligned,true,true,true,exec_profile,gtpin_total_execution_cycles,828356,12943,cycles,64,828356,12943,0,0,,,0,0,0,"{""gtpin_avg_execution_cycles_per_invocation"":12943,""gtpin_invocation_count"":64,""gtpin_total_execution_cycles"":828356}",InvocationCount=64;TotalExecutionCycles=828356;AvgExecutionCyclesPerInvocation=12943
n1_i2,2,1,2,performance,false,layers.*/self_attn,/model/layers.18/self_attn/Add,RoPE,RoPE,rope:/model/layers.18/self_attn/Add,rope:/model/layers.18/self_attn/Add,rope,ocl::rope::opt_,932,rope_opt__13889706310558783765__sa,rope_opt__13889706310558783765__sa,1,1576,matched,aligned,true,true,true,exec_profile,gtpin_total_execution_cycles,826638,12916,cycles,64,826638,12916,0,0,,,0,0,0,"{""gtpin_avg_execution_cycles_per_invocation"":12916,""gtpin_invocation_count"":64,""gtpin_total_execution_cycles"":826638}",InvocationCount=64;TotalExecutionCycles=826638;AvgExecutionCyclesPerInvocation=12916
n1_i2,2,1,2,performance,false,layers.*/self_attn,/model/layers.16/self_attn/Transpose_2,Transpose,Transpose,transpose:/model/layers.16/self_attn/Transpose_2,transpose:/model/layers.16/self_attn/Transpose_2,permute,permute_ref,859,permute_ref_653960189515371720_0_0__sa,permute_ref_653960189515371720_0_0__sa,1,1531,matched,aligned,true,true,true,exec_profile,gtpin_total_execution_cycles,697688,5450,cycles,128,697688,5450,0,0,,,0,0,0,"{""gtpin_avg_execution_cycles_per_invocation"":5450,""gtpin_invocation_count"":128,""gtpin_total_execution_cycles"":697688}",InvocationCount=128;TotalExecutionCycles=697688;AvgExecutionCyclesPerInvocation=5450
n1_i2,2,1,2,performance,false,layers.*/self_attn,/model/layers.12/self_attn/Transpose_2,Transpose,Transpose,transpose:/model/layers.12/self_attn/Transpose_2,transpose:/model/layers.12/self_attn/Transpose_2,permute,permute_ref,715,permute_ref_653960189515371720_0_0__sa,permute_ref_653960189515371720_0_0__sa,1,1443,matched,aligned,true,true,true,exec_profile,gtpin_total_execution_cycles,584882,4569,cycles,128,584882,4569,0,0,,,0,0,0,"{""gtpin_avg_execution_cycles_per_invocation"":4569,""gtpin_invocation_count"":128,""gtpin_total_execution_cycles"":584882}",InvocationCount=128;TotalExecutionCycles=584882;AvgExecutionCyclesPerInvocation=4569
n1_i2,2,1,2,performance,false,layers.*/self_attn,/model/layers.1/self_attn/Transpose_2,Transpose,Transpose,transpose:/model/layers.1/self_attn/Transpose_2,transpose:/model/layers.1/self_attn/Transpose_2,permute,permute_ref,319,permute_ref_653960189515371720_0_0__sa,permute_ref_653960189515371720_0_0__sa,1,1201,matched,aligned,true,true,true,exec_profile,gtpin_total_execution_cycles,561518,4386,cycles,128,561518,4386,0,0,,,0,0,0,"{""gtpin_avg_execution_cycles_per_invocation"":4386,""gtpin_invocation_count"":128,""gtpin_total_execution_cycles"":561518}",InvocationCount=128;TotalExecutionCycles=561518;AvgExecutionCyclesPerInvocation=4386
n1_i2,2,1,2,performance,false,layers.*/self_attn,/model/layers.6/self_attn/Transpose_2,Transpose,Transpose,transpose:/model/layers.6/self_attn/Transpose_2,transpose:/model/layers.6/self_attn/Transpose_2,permute,permute_ref,499,permute_ref_653960189515371720_0_0__sa,permute_ref_653960189515371720_0_0__sa,1,1311,matched,aligned,true,true,true,exec_profile,gtpin_total_execution_cycles,559154,4368,cycles,128,559154,4368,0,0,,,0,0,0,"{""gtpin_avg_execution_cycles_per_invocation"":4368,""gtpin_invocation_count"":128,""gtpin_total_execution_cycles"":559154}",InvocationCount=128;TotalExecutionCycles=559154;AvgExecutionCyclesPerInvocation=4368
n1_i2,2,1,2,performance,false,layers.*/self_attn,/model/layers.15/self_attn/Transpose_2,Transpose,Transpose,transpose:/model/layers.15/self_attn/Transpose_2,transpose:/model/layers.15/self_attn/Transpose_2,permute,permute_ref,823,permute_ref_653960189515371720_0_0__sa,permute_ref_653960189515371720_0_0__sa,1,1509,matched,aligned,true,true,true,exec_profile,gtpin_total_execution_cycles,524680,4099,cycles,128,524680,4099,0,0,,,0,0,0,"{""gtpin_avg_execution_cycles_per_invocation"":4099,""gtpin_invocation_count"":128,""gtpin_total_execution_cycles"":524680}",InvocationCount=128;TotalExecutionCycles=524680;AvgExecutionCyclesPerInvocation=4099
n1_i2,2,1,2,performance,false,layers.*/self_attn,/model/layers.21/self_attn/Transpose_2,Transpose,Transpose,transpose:/model/layers.21/self_attn/Transpose_2,transpose:/model/layers.21/self_attn/Transpose_2,permute,permute_ref,1039,permute_ref_653960189515371720_0_0__sa,permute_ref_653960189515371720_0_0__sa,1,1641,matched,aligned,true,true,true,exec_profile,gtpin_total_execution_cycles,521882,4077,cycles,128,521882,4077,0,0,,,0,0,0,"{""gtpin_avg_execution_cycles_per_invocation"":4077,""gtpin_invocation_count"":128,""gtpin_total_execution_cycles"":521882}",InvocationCount=128;TotalExecutionCycles=521882;AvgExecutionCyclesPerInvocation=4077
n1_i2,2,1,2,performance,false,layers.*/self_attn,/model/layers.11/self_attn/Transpose_2,Transpose,Transpose,transpose:/model/layers.11/self_attn/Transpose_2,transpose:/model/layers.11/self_attn/Transpose_2,permute,permute_ref,679,permute_ref_653960189515371720_0_0__sa,permute_ref_653960189515371720_0_0__sa,1,1421,matched,aligned,true,true,true,exec_profile,gtpin_total_execution_cycles,519830,4061,cycles,128,519830,4061,0,0,,,0,0,0,"{""gtpin_avg_execution_cycles_per_invocation"":4061,""gtpin_invocation_count"":128,""gtpin_total_execution_cycles"":519830}",InvocationCount=128;TotalExecutionCycles=519830;AvgExecutionCyclesPerInvocation=4061
n1_i2,2,1,2,performance,false,layers.*/self_attn,/model/layers.5/self_attn/Transpose_2,Transpose,Transpose,transpose:/model/layers.5/self_attn/Transpose_2,transpose:/model/layers.5/self_attn/Transpose_2,permute,permute_ref,463,permute_ref_653960189515371720_0_0__sa,permute_ref_653960189515371720_0_0__sa,1,1289,matched,aligned,true,true,true,exec_profile,gtpin_total_execution_cycles,519704,4060,cycles,128,519704,4060,0,0,,,0,0,0,"{""gtpin_avg_execution_cycles_per_invocation"":4060,""gtpin_invocation_count"":128,""gtpin_total_execution_cycles"":519704}",InvocationCount=128;TotalExecutionCycles=519704;AvgExecutionCyclesPerInvocation=4060
n1_i2,2,1,2,performance,false,layers.*/self_attn,/model/layers.2/self_attn/Transpose_2,Transpose,Transpose,transpose:/model/layers.2/self_attn/Transpose_2,transpose:/model/layers.2/self_attn/Transpose_2,permute,permute_ref,355,permute_ref_653960189515371720_0_0__sa,permute_ref_653960189515371720_0_0__sa,1,1223,matched,aligned,true,true,true,exec_profile,gtpin_total_execution_cycles,518536,4051,cycles,128,518536,4051,0,0,,,0,0,0,"{""gtpin_avg_execution_cycles_per_invocation"":4051,""gtpin_invocation_count"":128,""gtpin_total_execution_cycles"":518536}",InvocationCount=128;TotalExecutionCycles=518536;AvgExecutionCyclesPerInvocation=4051
n1_i2,2,1,2,performance,false,layers.*/self_attn,/model/layers.10/self_attn/Transpose_2,Transpose,Transpose,transpose:/model/layers.10/self_attn/Transpose_2,transpose:/model/layers.10/self_attn/Transpose_2,permute,permute_ref,643,permute_ref_653960189515371720_0_0__sa,permute_ref_653960189515371720_0_0__sa,1,1399,matched,aligned,true,true,true,exec_profile,gtpin_total_execution_cycles,516410,4034,cycles,128,516410,4034,0,0,,,0,0,0,"{""gtpin_avg_execution_cycles_per_invocation"":4034,""gtpin_invocation_count"":128,""gtpin_total_execution_cycles"":516410}",InvocationCount=128;TotalExecutionCycles=516410;AvgExecutionCyclesPerInvocation=4034
n1_i2,2,1,2,performance,false,layers.*/self_attn,/model/layers.19/self_attn/Transpose_2,Transpose,Transpose,transpose:/model/layers.19/self_attn/Transpose_2,transpose:/model/layers.19/self_attn/Transpose_2,permute,permute_ref,967,permute_ref_653960189515371720_0_0__sa,permute_ref_653960189515371720_0_0__sa,1,1597,matched,aligned,true,true,true,exec_profile,gtpin_total_execution_cycles,516120,4032,cycles,128,516120,4032,0,0,,,0,0,0,"{""gtpin_avg_execution_cycles_per_invocation"":4032,""gtpin_invocation_count"":128,""gtpin_total_execution_cycles"":516120}",InvocationCount=128;TotalExecutionCycles=516120;AvgExecutionCyclesPerInvocation=4032
n1_i2,2,1,2,performance,false,layers.*/self_attn,/model/layers.17/self_attn/Transpose_2,Transpose,Transpose,transpose:/model/layers.17/self_attn/Transpose_2,transpose:/model/layers.17/self_attn/Transpose_2,permute,permute_ref,895,permute_ref_653960189515371720_0_0__sa,permute_ref_653960189515371720_0_0__sa,1,1553,matched,aligned,true,true,true,exec_profile,gtpin_total_execution_cycles,513566,4012,cycles,128,513566,4012,0,0,,,0,0,0,"{""gtpin_avg_execution_cycles_per_invocation"":4012,""gtpin_invocation_count"":128,""gtpin_total_execution_cycles"":513566}",InvocationCount=128;TotalExecutionCycles=513566;AvgExecutionCyclesPerInvocation=4012
n1_i2,2,1,2,performance,false,layers.*/self_attn,/model/layers.8/self_attn/Transpose_2,Transpose,Transpose,transpose:/model/layers.8/self_attn/Transpose_2,transpose:/model/layers.8/self_attn/Transpose_2,permute,permute_ref,571,permute_ref_653960189515371720_0_0__sa,permute_ref_653960189515371720_0_0__sa,1,1355,matched,aligned,true,true,true,exec_profile,gtpin_total_execution_cycles,512884,4006,cycles,128,512884,4006,0,0,,,0,0,0,"{""gtpin_avg_execution_cycles_per_invocation"":4006,""gtpin_invocation_count"":128,""gtpin_total_execution_cycles"":512884}",InvocationCount=128;TotalExecutionCycles=512884;AvgExecutionCyclesPerInvocation=4006
n1_i2,2,1,2,performance,false,layers.*/self_attn,/model/layers.3/self_attn/Transpose_2,Transpose,Transpose,transpose:/model/layers.3/self_attn/Transpose_2,transpose:/model/layers.3/self_attn/Transpose_2,permute,permute_ref,391,permute_ref_653960189515371720_0_0__sa,permute_ref_653960189515371720_0_0__sa,1,1245,matched,aligned,true,true,true,exec_profile,gtpin_total_execution_cycles,512402,4003,cycles,128,512402,4003,0,0,,,0,0,0,"{""gtpin_avg_execution_cycles_per_invocation"":4003,""gtpin_invocation_count"":128,""gtpin_total_execution_cycles"":512402}",InvocationCount=128;TotalExecutionCycles=512402;AvgExecutionCyclesPerInvocation=4003
n1_i2,2,1,2,performance,false,layers.*/self_attn,/model/layers.14/self_attn/Transpose_2,Transpose,Transpose,transpose:/model/layers.14/self_attn/Transpose_2,transpose:/model/layers.14/self_attn/Transpose_2,permute,permute_ref,787,permute_ref_653960189515371720_0_0__sa,permute_ref_653960189515371720_0_0__sa,1,1487,matched,aligned,true,true,true,exec_profile,gtpin_total_execution_cycles,506262,3955,cycles,128,506262,3955,0,0,,,0,0,0,"{""gtpin_avg_execution_cycles_per_invocation"":3955,""gtpin_invocation_count"":128,""gtpin_total_execution_cycles"":506262}",InvocationCount=128;TotalExecutionCycles=506262;AvgExecutionCyclesPerInvocation=3955
n1_i2,2,1,2,performance,false,layers.*/self_attn,/model/layers.7/self_attn/Transpose_2,Transpose,Transpose,transpose:/model/layers.7/self_attn/Transpose_2,transpose:/model/layers.7/self_attn/Transpose_2,permute,permute_ref,535,permute_ref_653960189515371720_0_0__sa,permute_ref_653960189515371720_0_0__sa,1,1333,matched,aligned,true,true,true,exec_profile,gtpin_total_execution_cycles,490684,3833,cycles,128,490684,3833,0,0,,,0,0,0,"{""gtpin_avg_execution_cycles_per_invocation"":3833,""gtpin_invocation_count"":128,""gtpin_total_execution_cycles"":490684}",InvocationCount=128;TotalExecutionCycles=490684;AvgExecutionCyclesPerInvocation=3833
n1_i2,2,1,2,performance,false,layers.*/self_attn,/model/layers.13/self_attn/Transpose_2,Transpose,Transpose,transpose:/model/layers.13/self_attn/Transpose_2,transpose:/model/layers.13/self_attn/Transpose_2,permute,permute_ref,751,permute_ref_653960189515371720_0_0__sa,permute_ref_653960189515371720_0_0__sa,1,1465,matched,aligned,true,true,true,exec_profile,gtpin_total_execution_cycles,490648,3833,cycles,128,490648,3833,0,0,,,0,0,0,"{""gtpin_avg_execution_cycles_per_invocation"":3833,""gtpin_invocation_count"":128,""gtpin_total_execution_cycles"":490648}",InvocationCount=128;TotalExecutionCycles=490648;AvgExecutionCyclesPerInvocation=3833
n1_i2,2,1,2,performance,false,layers.*/self_attn,/model/layers.9/self_attn/Transpose_2,Transpose,Transpose,transpose:/model/layers.9/self_attn/Transpose_2,transpose:/model/layers.9/self_attn/Transpose_2,permute,permute_ref,607,permute_ref_653960189515371720_0_0__sa,permute_ref_653960189515371720_0_0__sa,1,1377,matched,aligned,true,true,true,exec_profile,gtpin_total_execution_cycles,490164,3829,cycles,128,490164,3829,0,0,,,0,0,0,"{""gtpin_avg_execution_cycles_per_invocation"":3829,""gtpin_invocation_count"":128,""gtpin_total_execution_cycles"":490164}",InvocationCount=128;TotalExecutionCycles=490164;AvgExecutionCyclesPerInvocation=3829
n1_i2,2,1,2,performance,false,layers.*/self_attn,/model/layers.4/self_attn/Transpose_2,Transpose,Transpose,transpose:/model/layers.4/self_attn/Transpose_2,transpose:/model/layers.4/self_attn/Transpose_2,permute,permute_ref,427,permute_ref_653960189515371720_0_0__sa,permute_ref_653960189515371720_0_0__sa,1,1267,matched,aligned,true,true,true,exec_profile,gtpin_total_execution_cycles,480104,3750,cycles,128,480104,3750,0,0,,,0,0,0,"{""gtpin_avg_execution_cycles_per_invocation"":3750,""gtpin_invocation_count"":128,""gtpin_total_execution_cycles"":480104}",InvocationCount=128;TotalExecutionCycles=480104;AvgExecutionCyclesPerInvocation=3750
n1_i2,2,1,2,performance,false,layers.*/self_attn,/model/layers.18/self_attn/Transpose_2,Transpose,Transpose,transpose:/model/layers.18/self_attn/Transpose_2,transpose:/model/layers.18/self_attn/Transpose_2,permute,permute_ref,931,permute_ref_653960189515371720_0_0__sa,permute_ref_653960189515371720_0_0__sa,1,1575,matched,aligned,true,true,true,exec_profile,gtpin_total_execution_cycles,472364,3690,cycles,128,472364,3690,0,0,,,0,0,0,"{""gtpin_avg_execution_cycles_per_invocation"":3690,""gtpin_invocation_count"":128,""gtpin_total_execution_cycles"":472364}",InvocationCount=128;TotalExecutionCycles=472364;AvgExecutionCyclesPerInvocation=3690
n1_i2,2,1,2,performance,false,layers.*/self_attn,/model/layers.20/self_attn/Transpose_2,Transpose,Transpose,transpose:/model/layers.20/self_attn/Transpose_2,transpose:/model/layers.20/self_attn/Transpose_2,permute,permute_ref,1003,permute_ref_653960189515371720_0_0__sa,permute_ref_653960189515371720_0_0__sa,1,1619,matched,aligned,true,true,true,exec_profile,gtpin_total_execution_cycles,466360,3643,cycles,128,466360,3643,0,0,,,0,0,0,"{""gtpin_avg_execution_cycles_per_invocation"":3643,""gtpin_invocation_count"":128,""gtpin_total_execution_cycles"":466360}",InvocationCount=128;TotalExecutionCycles=466360;AvgExecutionCyclesPerInvocation=3643
n1_i2,2,1,2,performance,false,layers.*/self_attn,/model/layers.0/self_attn/Transpose_2,Transpose,Transpose,transpose:/model/layers.0/self_attn/Transpose_2,transpose:/model/layers.0/self_attn/Transpose_2,permute,permute_ref,252,permute_ref_653960189515371720_0_0__sa,permute_ref_653960189515371720_0_0__sa,1,1168,matched,aligned,true,true,true,exec_profile,gtpin_total_execution_cycles,400972,3132,cycles,128,400972,3132,0,0,,,0,0,0,"{""gtpin_avg_execution_cycles_per_invocation"":3132,""gtpin_invocation_count"":128,""gtpin_total_execution_cycles"":400972}",InvocationCount=128;TotalExecutionCycles=400972;AvgExecutionCyclesPerInvocation=3132
n1_i2,2,1,2,performance,false,rotary_emb,/model/rotary_emb/Cos,Cos,Cos,cos:/model/rotary_emb/Cos,cos:/model/rotary_emb/Cos,activation,activation_ref,274,activation_ref_8384225707366889932_0_0__sa,activation_ref_8384225707366889932_0_0__sa,1,1175,matched,aligned,true,true,true,exec_profile,gtpin_total_execution_cycles,201578,6299,cycles,32,201578,6299,0,0,,,0,0,0,"{""gtpin_avg_execution_cycles_per_invocation"":6299,""gtpin_invocation_count"":32,""gtpin_total_execution_cycles"":201578}",InvocationCount=32;TotalExecutionCycles=201578;AvgExecutionCyclesPerInvocation=6299
n1_i2,2,1,2,performance,false,rotary_emb,/model/rotary_emb/Sin,Sin,Sin,sin:/model/rotary_emb/Sin,sin:/model/rotary_emb/Sin,activation,activation_ref,273,activation_ref_1691567596270449691_0_0__sa,activation_ref_1691567596270449691_0_0__sa,1,1174,matched,aligned,true,true,true,exec_profile,gtpin_total_execution_cycles,181804,5681,cycles,32,181804,5681,0,0,,,0,0,0,"{""gtpin_avg_execution_cycles_per_invocation"":5681,""gtpin_invocation_count"":32,""gtpin_total_execution_cycles"":181804}",InvocationCount=32;TotalExecutionCycles=181804;AvgExecutionCyclesPerInvocation=5681
n1_i2,2,1,2,performance,false,rotary_emb,/model/rotary_emb/Concat_1,Concat,Concat,concat:/model/rotary_emb/Concat_1,concat:/model/rotary_emb/Concat_1,concatenation,concatenation_gpu_simple_ref,269,concatenation_gpu_simple_ref_11787737694364327443_0_0__sa,concatenation_gpu_simple_ref_11787737694364327443_0_0__sa,1,1171,matched,aligned,true,true,true,exec_profile,gtpin_total_execution_cycles,109306,6831,cycles,16,109306,6831,0,0,,,0,0,0,"{""gtpin_avg_execution_cycles_per_invocation"":6831,""gtpin_invocation_count"":16,""gtpin_total_execution_cycles"":109306}",InvocationCount=16;TotalExecutionCycles=109306;AvgExecutionCyclesPerInvocation=6831
n1_i2,2,1,2,performance,false,layers.*/self_attn,/model/layers.0/self_attn/Add_1,RoPE,RoPE,rope:/model/layers.0/self_attn/Add_1,rope:/model/layers.0/self_attn/Add_1,rope,ocl::rope::opt_,285,rope_opt__6960924190377492479__sa,rope_opt__6960924190377492479__sa,1,1180,matched,aligned,true,true,true,exec_profile,gtpin_total_execution_cycles,99648,12456,cycles,8,99648,12456,0,0,,,0,0,0,"{""gtpin_avg_execution_cycles_per_invocation"":12456,""gtpin_invocation_count"":8,""gtpin_total_execution_cycles"":99648}",InvocationCount=8;TotalExecutionCycles=99648;AvgExecutionCyclesPerInvocation=12456
n1_i2,2,1,2,performance,false,layers.*/self_attn,/model/layers.1/self_attn/Add_1,RoPE,RoPE,rope:/model/layers.1/self_attn/Add_1,rope:/model/layers.1/self_attn/Add_1,rope,ocl::rope::opt_,321,rope_opt__6960924190377492479__sa,rope_opt__6960924190377492479__sa,1,1203,matched,aligned,true,true,true,exec_profile,gtpin_total_execution_cycles,87336,10917,cycles,8,87336,10917,0,0,,,0,0,0,"{""gtpin_avg_execution_cycles_per_invocation"":10917,""gtpin_invocation_count"":8,""gtpin_total_execution_cycles"":87336}",InvocationCount=8;TotalExecutionCycles=87336;AvgExecutionCyclesPerInvocation=10917
n1_i2,2,1,2,performance,false,layers.*/self_attn,/model/layers.0/self_attn/Unsqueeze_7_restore_precision_1,Convert,Convert,convert:/model/layers.0/self_attn/Unsqueeze_7_restore_precision_1,convert:/model/layers.0/self_attn/Unsqueeze_7_restore_precision_1,reorder,reorder_data,278,reorder_data_13786606319827428276_0_0__sa,reorder_data_13786606319827428276_0_0__sa,1,1178,matched,aligned,true,true,true,exec_profile,gtpin_total_execution_cycles,86930,2716,cycles,32,86930,2716,0,0,,,0,0,0,"{""gtpin_avg_execution_cycles_per_invocation"":2716,""gtpin_invocation_count"":32,""gtpin_total_execution_cycles"":86930}",InvocationCount=32;TotalExecutionCycles=86930;AvgExecutionCyclesPerInvocation=2716
n1_i2,2,1,2,performance,false,rotary_emb,/model/rotary_emb/Concat_1,Concat,Concat,concat:/model/rotary_emb/Concat_1,concat:/model/rotary_emb/Concat_1,concatenation,concatenation_gpu_simple_ref,269,concatenation_gpu_simple_ref_11787737694364327443_1_0__sa,concatenation_gpu_simple_ref_11787737694364327443_1_0__sa,1,1172,matched,aligned,true,true,true,exec_profile,gtpin_total_execution_cycles,79462,4966,cycles,16,79462,4966,0,0,,,0,0,0,"{""gtpin_avg_execution_cycles_per_invocation"":4966,""gtpin_invocation_count"":16,""gtpin_total_execution_cycles"":79462}",InvocationCount=16;TotalExecutionCycles=79462;AvgExecutionCyclesPerInvocation=4966
n1_i2,2,1,2,performance,false,layers.*/self_attn,/model/layers.0/self_attn/Unsqueeze_6_restore_precision_0,Convert,Convert,convert:/model/layers.0/self_attn/Unsqueeze_6_restore_precision_0,convert:/model/layers.0/self_attn/Unsqueeze_6_restore_precision_0,reorder,reorder_data,279,reorder_data_13786606319827428276_0_0__sa,reorder_data_13786606319827428276_0_0__sa,1,1179,matched,aligned,true,true,true,exec_profile,gtpin_total_execution_cycles,78812,2462,cycles,32,78812,2462,0,0,,,0,0,0,"{""gtpin_avg_execution_cycles_per_invocation"":2462,""gtpin_invocation_count"":32,""gtpin_total_execution_cycles"":78812}",InvocationCount=32;TotalExecutionCycles=78812;AvgExecutionCyclesPerInvocation=2462
n1_i2,2,1,2,performance,false,layers.*/self_attn,/model/layers.14/self_attn/Add_1,RoPE,RoPE,rope:/model/layers.14/self_attn/Add_1,rope:/model/layers.14/self_attn/Add_1,rope,ocl::rope::opt_,789,rope_opt__6960924190377492479__sa,rope_opt__6960924190377492479__sa,1,1489,matched,aligned,true,true,true,exec_profile,gtpin_total_execution_cycles,77454,9681,cycles,8,77454,9681,0,0,,,0,0,0,"{""gtpin_avg_execution_cycles_per_invocation"":9681,""gtpin_invocation_count"":8,""gtpin_total_execution_cycles"":77454}",InvocationCount=8;TotalExecutionCycles=77454;AvgExecutionCyclesPerInvocation=9681
n1_i2,2,1,2,performance,false,layers.*/self_attn,/model/layers.17/self_attn/Add_1,RoPE,RoPE,rope:/model/layers.17/self_attn/Add_1,rope:/model/layers.17/self_attn/Add_1,rope,ocl::rope::opt_,897,rope_opt__6960924190377492479__sa,rope_opt__6960924190377492479__sa,1,1555,matched,aligned,true,true,true,exec_profile,gtpin_total_execution_cycles,72834,9104,cycles,8,72834,9104,0,0,,,0,0,0,"{""gtpin_avg_execution_cycles_per_invocation"":9104,""gtpin_invocation_count"":8,""gtpin_total_execution_cycles"":72834}",InvocationCount=8;TotalExecutionCycles=72834;AvgExecutionCyclesPerInvocation=9104
n1_i2,2,1,2,performance,false,layers.*/self_attn,/model/layers.19/self_attn/Add_1,RoPE,RoPE,rope:/model/layers.19/self_attn/Add_1,rope:/model/layers.19/self_attn/Add_1,rope,ocl::rope::opt_,969,rope_opt__6960924190377492479__sa,rope_opt__6960924190377492479__sa,1,1599,matched,aligned,true,true,true,exec_profile,gtpin_total_execution_cycles,72678,9084,cycles,8,72678,9084,0,0,,,0,0,0,"{""gtpin_avg_execution_cycles_per_invocation"":9084,""gtpin_invocation_count"":8,""gtpin_total_execution_cycles"":72678}",InvocationCount=8;TotalExecutionCycles=72678;AvgExecutionCyclesPerInvocation=9084
n1_i2,2,1,2,performance,false,layers.*/self_attn,/model/layers.20/self_attn/Add_1,RoPE,RoPE,rope:/model/layers.20/self_attn/Add_1,rope:/model/layers.20/self_attn/Add_1,rope,ocl::rope::opt_,1005,rope_opt__6960924190377492479__sa,rope_opt__6960924190377492479__sa,1,1621,matched,aligned,true,true,true,exec_profile,gtpin_total_execution_cycles,72072,9009,cycles,8,72072,9009,0,0,,,0,0,0,"{""gtpin_avg_execution_cycles_per_invocation"":9009,""gtpin_invocation_count"":8,""gtpin_total_execution_cycles"":72072}",InvocationCount=8;TotalExecutionCycles=72072;AvgExecutionCyclesPerInvocation=9009
n1_i2,2,1,2,performance,false,layers.*/self_attn,/model/layers.21/self_attn/Add_1,RoPE,RoPE,rope:/model/layers.21/self_attn/Add_1,rope:/model/layers.21/self_attn/Add_1,rope,ocl::rope::opt_,1041,rope_opt__6960924190377492479__sa,rope_opt__6960924190377492479__sa,1,1643,matched,aligned,true,true,true,exec_profile,gtpin_total_execution_cycles,70216,8777,cycles,8,70216,8777,0,0,,,0,0,0,"{""gtpin_avg_execution_cycles_per_invocation"":8777,""gtpin_invocation_count"":8,""gtpin_total_execution_cycles"":70216}",InvocationCount=8;TotalExecutionCycles=70216;AvgExecutionCyclesPerInvocation=8777
n1_i2,2,1,2,performance,false,layers.*/self_attn,/model/layers.10/self_attn/Add_1,RoPE,RoPE,rope:/model/layers.10/self_attn/Add_1,rope:/model/layers.10/self_attn/Add_1,rope,ocl::rope::opt_,645,rope_opt__6960924190377492479__sa,rope_opt__6960924190377492479__sa,1,1401,matched,aligned,true,true,true,exec_profile,gtpin_total_execution_cycles,69672,8709,cycles,8,69672,8709,0,0,,,0,0,0,"{""gtpin_avg_execution_cycles_per_invocation"":8709,""gtpin_invocation_count"":8,""gtpin_total_execution_cycles"":69672}",InvocationCount=8;TotalExecutionCycles=69672;AvgExecutionCyclesPerInvocation=8709
n1_i2,2,1,2,performance,false,layers.*/self_attn,/model/layers.9/self_attn/Add_1,RoPE,RoPE,rope:/model/layers.9/self_attn/Add_1,rope:/model/layers.9/self_attn/Add_1,rope,ocl::rope::opt_,609,rope_opt__6960924190377492479__sa,rope_opt__6960924190377492479__sa,1,1379,matched,aligned,true,true,true,exec_profile,gtpin_total_execution_cycles,69328,8666,cycles,8,69328,8666,0,0,,,0,0,0,"{""gtpin_avg_execution_cycles_per_invocation"":8666,""gtpin_invocation_count"":8,""gtpin_total_execution_cycles"":69328}",InvocationCount=8;TotalExecutionCycles=69328;AvgExecutionCyclesPerInvocation=8666
n1_i2,2,1,2,performance,false,layers.*/self_attn,/model/layers.13/self_attn/Add_1,RoPE,RoPE,rope:/model/layers.13/self_attn/Add_1,rope:/model/layers.13/self_attn/Add_1,rope,ocl::rope::opt_,753,rope_opt__6960924190377492479__sa,rope_opt__6960924190377492479__sa,1,1467,matched,aligned,true,true,true,exec_profile,gtpin_total_execution_cycles,69168,8646,cycles,8,69168,8646,0,0,,,0,0,0,"{""gtpin_avg_execution_cycles_per_invocation"":8646,""gtpin_invocation_count"":8,""gtpin_total_execution_cycles"":69168}",InvocationCount=8;TotalExecutionCycles=69168;AvgExecutionCyclesPerInvocation=8646
n1_i2,2,1,2,performance,false,layers.*/self_attn,/model/layers.11/self_attn/Add_1,RoPE,RoPE,rope:/model/layers.11/self_attn/Add_1,rope:/model/layers.11/self_attn/Add_1,rope,ocl::rope::opt_,681,rope_opt__6960924190377492479__sa,rope_opt__6960924190377492479__sa,1,1423,matched,aligned,true,true,true,exec_profile,gtpin_total_execution_cycles,68272,8534,cycles,8,68272,8534,0,0,,,0,0,0,"{""gtpin_avg_execution_cycles_per_invocation"":8534,""gtpin_invocation_count"":8,""gtpin_total_execution_cycles"":68272}",InvocationCount=8;TotalExecutionCycles=68272;AvgExecutionCyclesPerInvocation=8534
n1_i2,2,1,2,performance,false,layers.*/self_attn,/model/layers.15/self_attn/Add_1,RoPE,RoPE,rope:/model/layers.15/self_attn/Add_1,rope:/model/layers.15/self_attn/Add_1,rope,ocl::rope::opt_,825,rope_opt__6960924190377492479__sa,rope_opt__6960924190377492479__sa,1,1511,matched,aligned,true,true,true,exec_profile,gtpin_total_execution_cycles,67832,8479,cycles,8,67832,8479,0,0,,,0,0,0,"{""gtpin_avg_execution_cycles_per_invocation"":8479,""gtpin_invocation_count"":8,""gtpin_total_execution_cycles"":67832}",InvocationCount=8;TotalExecutionCycles=67832;AvgExecutionCyclesPerInvocation=8479
n1_i2,2,1,2,performance,false,layers.*/self_attn,/model/layers.5/self_attn/Add_1,RoPE,RoPE,rope:/model/layers.5/self_attn/Add_1,rope:/model/layers.5/self_attn/Add_1,rope,ocl::rope::opt_,465,rope_opt__6960924190377492479__sa,rope_opt__6960924190377492479__sa,1,1291,matched,aligned,true,true,true,exec_profile,gtpin_total_execution_cycles,67640,8455,cycles,8,67640,8455,0,0,,,0,0,0,"{""gtpin_avg_execution_cycles_per_invocation"":8455,""gtpin_invocation_count"":8,""gtpin_total_execution_cycles"":67640}",InvocationCount=8;TotalExecutionCycles=67640;AvgExecutionCyclesPerInvocation=8455
n1_i2,2,1,2,performance,false,layers.*/self_attn,/model/layers.6/self_attn/Add_1,RoPE,RoPE,rope:/model/layers.6/self_attn/Add_1,rope:/model/layers.6/self_attn/Add_1,rope,ocl::rope::opt_,501,rope_opt__6960924190377492479__sa,rope_opt__6960924190377492479__sa,1,1313,matched,aligned,true,true,true,exec_profile,gtpin_total_execution_cycles,67370,8421,cycles,8,67370,8421,0,0,,,0,0,0,"{""gtpin_avg_execution_cycles_per_invocation"":8421,""gtpin_invocation_count"":8,""gtpin_total_execution_cycles"":67370}",InvocationCount=8;TotalExecutionCycles=67370;AvgExecutionCyclesPerInvocation=8421
n1_i2,2,1,2,performance,false,layers.*/self_attn,/model/layers.3/self_attn/Add_1,RoPE,RoPE,rope:/model/layers.3/self_attn/Add_1,rope:/model/layers.3/self_attn/Add_1,rope,ocl::rope::opt_,393,rope_opt__6960924190377492479__sa,rope_opt__6960924190377492479__sa,1,1247,matched,aligned,true,true,true,exec_profile,gtpin_total_execution_cycles,66016,8252,cycles,8,66016,8252,0,0,,,0,0,0,"{""gtpin_avg_execution_cycles_per_invocation"":8252,""gtpin_invocation_count"":8,""gtpin_total_execution_cycles"":66016}",InvocationCount=8;TotalExecutionCycles=66016;AvgExecutionCyclesPerInvocation=8252
n1_i2,2,1,2,performance,false,layers.*/self_attn,/model/layers.2/self_attn/Add_1,RoPE,RoPE,rope:/model/layers.2/self_attn/Add_1,rope:/model/layers.2/self_attn/Add_1,rope,ocl::rope::opt_,357,rope_opt__6960924190377492479__sa,rope_opt__6960924190377492479__sa,1,1225,matched,aligned,true,true,true,exec_profile,gtpin_total_execution_cycles,64916,8114,cycles,8,64916,8114,0,0,,,0,0,0,"{""gtpin_avg_execution_cycles_per_invocation"":8114,""gtpin_invocation_count"":8,""gtpin_total_execution_cycles"":64916}",InvocationCount=8;TotalExecutionCycles=64916;AvgExecutionCyclesPerInvocation=8114
n1_i2,2,1,2,performance,false,layers.*/self_attn,/model/layers.7/self_attn/Add_1,RoPE,RoPE,rope:/model/layers.7/self_attn/Add_1,rope:/model/layers.7/self_attn/Add_1,rope,ocl::rope::opt_,537,rope_opt__6960924190377492479__sa,rope_opt__6960924190377492479__sa,1,1335,matched,aligned,true,true,true,exec_profile,gtpin_total_execution_cycles,64296,8037,cycles,8,64296,8037,0,0,,,0,0,0,"{""gtpin_avg_execution_cycles_per_invocation"":8037,""gtpin_invocation_count"":8,""gtpin_total_execution_cycles"":64296}",InvocationCount=8;TotalExecutionCycles=64296;AvgExecutionCyclesPerInvocation=8037
n1_i2,2,1,2,performance,false,layers.*/self_attn,/model/layers.4/self_attn/Add_1,RoPE,RoPE,rope:/model/layers.4/self_attn/Add_1,rope:/model/layers.4/self_attn/Add_1,rope,ocl::rope::opt_,429,rope_opt__6960924190377492479__sa,rope_opt__6960924190377492479__sa,1,1269,matched,aligned,true,true,true,exec_profile,gtpin_total_execution_cycles,62272,7784,cycles,8,62272,7784,0,0,,,0,0,0,"{""gtpin_avg_execution_cycles_per_invocation"":7784,""gtpin_invocation_count"":8,""gtpin_total_execution_cycles"":62272}",InvocationCount=8;TotalExecutionCycles=62272;AvgExecutionCyclesPerInvocation=7784
n1_i2,2,1,2,performance,false,layers.*/self_attn,/model/layers.18/self_attn/Add_1,RoPE,RoPE,rope:/model/layers.18/self_attn/Add_1,rope:/model/layers.18/self_attn/Add_1,rope,ocl::rope::opt_,933,rope_opt__6960924190377492479__sa,rope_opt__6960924190377492479__sa,1,1577,matched,aligned,true,true,true,exec_profile,gtpin_total_execution_cycles,61798,7724,cycles,8,61798,7724,0,0,,,0,0,0,"{""gtpin_avg_execution_cycles_per_invocation"":7724,""gtpin_invocation_count"":8,""gtpin_total_execution_cycles"":61798}",InvocationCount=8;TotalExecutionCycles=61798;AvgExecutionCyclesPerInvocation=7724
n1_i2,2,1,2,performance,false,layers.*/self_attn,/model/layers.12/self_attn/Add_1,RoPE,RoPE,rope:/model/layers.12/self_attn/Add_1,rope:/model/layers.12/self_attn/Add_1,rope,ocl::rope::opt_,717,rope_opt__6960924190377492479__sa,rope_opt__6960924190377492479__sa,1,1445,matched,aligned,true,true,true,exec_profile,gtpin_total_execution_cycles,61098,7637,cycles,8,61098,7637,0,0,,,0,0,0,"{""gtpin_avg_execution_cycles_per_invocation"":7637,""gtpin_invocation_count"":8,""gtpin_total_execution_cycles"":61098}",InvocationCount=8;TotalExecutionCycles=61098;AvgExecutionCyclesPerInvocation=7637
n1_i2,2,1,2,performance,false,(root),/model/And_1,LogicalAnd,LogicalAnd,logicaland:/model/And_1,logicaland:/model/And_1,eltwise,generic_eltwise_ref,287,generic_eltwise_ref_9810887907610228330_0_0__sa,generic_eltwise_ref_9810887907610228330_0_0__sa,1,1182,matched,aligned,true,true,true,exec_profile,gtpin_total_execution_cycles,60856,7607,cycles,8,60856,7607,0,0,,,0,0,0,"{""gtpin_avg_execution_cycles_per_invocation"":7607,""gtpin_invocation_count"":8,""gtpin_total_execution_cycles"":60856}",InvocationCount=8;TotalExecutionCycles=60856;AvgExecutionCyclesPerInvocation=7607
n1_i2,2,1,2,performance,false,layers.*/self_attn,/model/layers.8/self_attn/Add_1,RoPE,RoPE,rope:/model/layers.8/self_attn/Add_1,rope:/model/layers.8/self_attn/Add_1,rope,ocl::rope::opt_,573,rope_opt__6960924190377492479__sa,rope_opt__6960924190377492479__sa,1,1357,matched,aligned,true,true,true,exec_profile,gtpin_total_execution_cycles,60634,7579,cycles,8,60634,7579,0,0,,,0,0,0,"{""gtpin_avg_execution_cycles_per_invocation"":7579,""gtpin_invocation_count"":8,""gtpin_total_execution_cycles"":60634}",InvocationCount=8;TotalExecutionCycles=60634;AvgExecutionCyclesPerInvocation=7579
n1_i2,2,1,2,performance,false,layers.*/self_attn,/model/layers.16/self_attn/Add_1,RoPE,RoPE,rope:/model/layers.16/self_attn/Add_1,rope:/model/layers.16/self_attn/Add_1,rope,ocl::rope::opt_,861,rope_opt__6960924190377492479__sa,rope_opt__6960924190377492479__sa,1,1533,matched,aligned,true,true,true,exec_profile,gtpin_total_execution_cycles,59746,7468,cycles,8,59746,7468,0,0,,,0,0,0,"{""gtpin_avg_execution_cycles_per_invocation"":7468,""gtpin_invocation_count"":8,""gtpin_total_execution_cycles"":59746}",InvocationCount=8;TotalExecutionCycles=59746;AvgExecutionCyclesPerInvocation=7468
n1_i2,2,1,2,performance,false,(root),/model/And,LogicalAnd,LogicalAnd,logicaland:/model/And,logicaland:/model/And,eltwise,generic_eltwise_ref,270,generic_eltwise_ref_12613916656436061640_0_0__sa,generic_eltwise_ref_12613916656436061640_0_0__sa,1,1173,matched,aligned,true,true,true,exec_profile,gtpin_total_execution_cycles,53840,6730,cycles,8,53840,6730,0,0,,,0,0,0,"{""gtpin_avg_execution_cycles_per_invocation"":6730,""gtpin_invocation_count"":8,""gtpin_total_execution_cycles"":53840}",InvocationCount=8;TotalExecutionCycles=53840;AvgExecutionCyclesPerInvocation=6730
n1_i2,2,1,2,performance,false,layers.*/self_attn,/model/layers.20/self_attn/Where_2,Select,Select,select:/model/layers.20/self_attn/Where_2,select:/model/layers.20/self_attn/Where_2,select,select_gpu_ref,1018,select_gpu_ref_7464502897564813179_0_0__sa,select_gpu_ref_7464502897564813179_0_0__sa,1,1625,matched,aligned,true,true,true,exec_profile,gtpin_total_execution_cycles,53154,6644,cycles,8,53154,6644,0,0,,,0,0,0,"{""gtpin_avg_execution_cycles_per_invocation"":6644,""gtpin_invocation_count"":8,""gtpin_total_execution_cycles"":53154}",InvocationCount=8;TotalExecutionCycles=53154;AvgExecutionCyclesPerInvocation=6644
n1_i2,2,1,2,performance,false,layers.*/self_attn,/model/layers.11/self_attn/Where_2,Select,Select,select:/model/layers.11/self_attn/Where_2,select:/model/layers.11/self_attn/Where_2,select,select_gpu_ref,694,select_gpu_ref_7464502897564813179_0_0__sa,select_gpu_ref_7464502897564813179_0_0__sa,1,1427,matched,aligned,true,true,true,exec_profile,gtpin_total_execution_cycles,47776,5972,cycles,8,47776,5972,0,0,,,0,0,0,"{""gtpin_avg_execution_cycles_per_invocation"":5972,""gtpin_invocation_count"":8,""gtpin_total_execution_cycles"":47776}",InvocationCount=8;TotalExecutionCycles=47776;AvgExecutionCyclesPerInvocation=5972
n1_i2,2,1,2,performance,false,layers.*/self_attn,/model/layers.8/self_attn/Where_2,Select,Select,select:/model/layers.8/self_attn/Where_2,select:/model/layers.8/self_attn/Where_2,select,select_gpu_ref,586,select_gpu_ref_7464502897564813179_0_0__sa,select_gpu_ref_7464502897564813179_0_0__sa,1,1361,matched,aligned,true,true,true,exec_profile,gtpin_total_execution_cycles,46780,5847,cycles,8,46780,5847,0,0,,,0,0,0,"{""gtpin_avg_execution_cycles_per_invocation"":5847,""gtpin_invocation_count"":8,""gtpin_total_execution_cycles"":46780}",InvocationCount=8;TotalExecutionCycles=46780;AvgExecutionCyclesPerInvocation=5847
n1_i2,2,1,2,performance,false,layers.*/self_attn,/model/layers.7/self_attn/Where_2,Select,Select,select:/model/layers.7/self_attn/Where_2,select:/model/layers.7/self_attn/Where_2,select,select_gpu_ref,550,select_gpu_ref_7464502897564813179_0_0__sa,select_gpu_ref_7464502897564813179_0_0__sa,1,1339,matched,aligned,true,true,true,exec_profile,gtpin_total_execution_cycles,43522,5440,cycles,8,43522,5440,0,0,,,0,0,0,"{""gtpin_avg_execution_cycles_per_invocation"":5440,""gtpin_invocation_count"":8,""gtpin_total_execution_cycles"":43522}",InvocationCount=8;TotalExecutionCycles=43522;AvgExecutionCyclesPerInvocation=5440
n1_i2,2,1,2,performance,false,layers.*/self_attn,/model/layers.13/self_attn/Where_2,Select,Select,select:/model/layers.13/self_attn/Where_2,select:/model/layers.13/self_attn/Where_2,select,select_gpu_ref,766,select_gpu_ref_7464502897564813179_0_0__sa,select_gpu_ref_7464502897564813179_0_0__sa,1,1471,matched,aligned,true,true,true,exec_profile,gtpin_total_execution_cycles,42306,5288,cycles,8,42306,5288,0,0,,,0,0,0,"{""gtpin_avg_execution_cycles_per_invocation"":5288,""gtpin_invocation_count"":8,""gtpin_total_execution_cycles"":42306}",InvocationCount=8;TotalExecutionCycles=42306;AvgExecutionCyclesPerInvocation=5288
n1_i2,2,1,2,performance,false,layers.*/self_attn,/model/layers.4/self_attn/Where_2,Select,Select,select:/model/layers.4/self_attn/Where_2,select:/model/layers.4/self_attn/Where_2,select,select_gpu_ref,442,select_gpu_ref_7464502897564813179_0_0__sa,select_gpu_ref_7464502897564813179_0_0__sa,1,1273,matched,aligned,true,true,true,exec_profile,gtpin_total_execution_cycles,41662,5207,cycles,8,41662,5207,0,0,,,0,0,0,"{""gtpin_avg_execution_cycles_per_invocation"":5207,""gtpin_invocation_count"":8,""gtpin_total_execution_cycles"":41662}",InvocationCount=8;TotalExecutionCycles=41662;AvgExecutionCyclesPerInvocation=5207
n1_i2,2,1,2,performance,false,layers.*/self_attn,/model/layers.19/self_attn/Where_2,Select,Select,select:/model/layers.19/self_attn/Where_2,select:/model/layers.19/self_attn/Where_2,select,select_gpu_ref,982,select_gpu_ref_7464502897564813179_0_0__sa,select_gpu_ref_7464502897564813179_0_0__sa,1,1603,matched,aligned,true,true,true,exec_profile,gtpin_total_execution_cycles,41080,5135,cycles,8,41080,5135,0,0,,,0,0,0,"{""gtpin_avg_execution_cycles_per_invocation"":5135,""gtpin_invocation_count"":8,""gtpin_total_execution_cycles"":41080}",InvocationCount=8;TotalExecutionCycles=41080;AvgExecutionCyclesPerInvocation=5135
n1_i2,2,1,2,performance,false,layers.*/self_attn,/model/layers.21/self_attn/Where_2,Select,Select,select:/model/layers.21/self_attn/Where_2,select:/model/layers.21/self_attn/Where_2,select,select_gpu_ref,1054,select_gpu_ref_7464502897564813179_0_0__sa,select_gpu_ref_7464502897564813179_0_0__sa,1,1647,matched,aligned,true,true,true,exec_profile,gtpin_total_execution_cycles,41062,5132,cycles,8,41062,5132,0,0,,,0,0,0,"{""gtpin_avg_execution_cycles_per_invocation"":5132,""gtpin_invocation_count"":8,""gtpin_total_execution_cycles"":41062}",InvocationCount=8;TotalExecutionCycles=41062;AvgExecutionCyclesPerInvocation=5132
n1_i2,2,1,2,performance,false,layers.*/self_attn,/model/layers.17/self_attn/Where_2,Select,Select,select:/model/layers.17/self_attn/Where_2,select:/model/layers.17/self_attn/Where_2,select,select_gpu_ref,910,select_gpu_ref_7464502897564813179_0_0__sa,select_gpu_ref_7464502897564813179_0_0__sa,1,1559,matched,aligned,true,true,true,exec_profile,gtpin_total_execution_cycles,40608,5076,cycles,8,40608,5076,0,0,,,0,0,0,"{""gtpin_avg_execution_cycles_per_invocation"":5076,""gtpin_invocation_count"":8,""gtpin_total_execution_cycles"":40608}",InvocationCount=8;TotalExecutionCycles=40608;AvgExecutionCyclesPerInvocation=5076
n1_i2,2,1,2,performance,false,layers.*/self_attn,/model/layers.6/self_attn/Where_2,Select,Select,select:/model/layers.6/self_attn/Where_2,select:/model/layers.6/self_attn/Where_2,select,select_gpu_ref,514,select_gpu_ref_7464502897564813179_0_0__sa,select_gpu_ref_7464502897564813179_0_0__sa,1,1317,matched,aligned,true,true,true,exec_profile,gtpin_total_execution_cycles,40160,5020,cycles,8,40160,5020,0,0,,,0,0,0,"{""gtpin_avg_execution_cycles_per_invocation"":5020,""gtpin_invocation_count"":8,""gtpin_total_execution_cycles"":40160}",InvocationCount=8;TotalExecutionCycles=40160;AvgExecutionCyclesPerInvocation=5020
n1_i2,2,1,2,performance,false,layers.*/self_attn,/model/layers.16/self_attn/Where_2,Select,Select,select:/model/layers.16/self_attn/Where_2,select:/model/layers.16/self_attn/Where_2,select,select_gpu_ref,874,select_gpu_ref_7464502897564813179_0_0__sa,select_gpu_ref_7464502897564813179_0_0__sa,1,1537,matched,aligned,true,true,true,exec_profile,gtpin_total_execution_cycles,39952,4994,cycles,8,39952,4994,0,0,,,0,0,0,"{""gtpin_avg_execution_cycles_per_invocation"":4994,""gtpin_invocation_count"":8,""gtpin_total_execution_cycles"":39952}",InvocationCount=8;TotalExecutionCycles=39952;AvgExecutionCyclesPerInvocation=4994
n1_i2,2,1,2,performance,false,layers.*/self_attn,/model/layers.3/self_attn/Where_2,Select,Select,select:/model/layers.3/self_attn/Where_2,select:/model/layers.3/self_attn/Where_2,select,select_gpu_ref,406,select_gpu_ref_7464502897564813179_0_0__sa,select_gpu_ref_7464502897564813179_0_0__sa,1,1251,matched,aligned,true,true,true,exec_profile,gtpin_total_execution_cycles,39608,4951,cycles,8,39608,4951,0,0,,,0,0,0,"{""gtpin_avg_execution_cycles_per_invocation"":4951,""gtpin_invocation_count"":8,""gtpin_total_execution_cycles"":39608}",InvocationCount=8;TotalExecutionCycles=39608;AvgExecutionCyclesPerInvocation=4951
n1_i2,2,1,2,performance,false,layers.*/self_attn,/model/layers.12/self_attn/Where_2,Select,Select,select:/model/layers.12/self_attn/Where_2,select:/model/layers.12/self_attn/Where_2,select,select_gpu_ref,730,select_gpu_ref_7464502897564813179_0_0__sa,select_gpu_ref_7464502897564813179_0_0__sa,1,1449,matched,aligned,true,true,true,exec_profile,gtpin_total_execution_cycles,39570,4946,cycles,8,39570,4946,0,0,,,0,0,0,"{""gtpin_avg_execution_cycles_per_invocation"":4946,""gtpin_invocation_count"":8,""gtpin_total_execution_cycles"":39570}",InvocationCount=8;TotalExecutionCycles=39570;AvgExecutionCyclesPerInvocation=4946
n1_i2,2,1,2,performance,false,layers.*/self_attn,/model/layers.15/self_attn/Where_2,Select,Select,select:/model/layers.15/self_attn/Where_2,select:/model/layers.15/self_attn/Where_2,select,select_gpu_ref,838,select_gpu_ref_7464502897564813179_0_0__sa,select_gpu_ref_7464502897564813179_0_0__sa,1,1515,matched,aligned,true,true,true,exec_profile,gtpin_total_execution_cycles,39228,4903,cycles,8,39228,4903,0,0,,,0,0,0,"{""gtpin_avg_execution_cycles_per_invocation"":4903,""gtpin_invocation_count"":8,""gtpin_total_execution_cycles"":39228}",InvocationCount=8;TotalExecutionCycles=39228;AvgExecutionCyclesPerInvocation=4903
n1_i2,2,1,2,performance,false,layers.*/self_attn,/model/layers.1/self_attn/Where_2,Select,Select,select:/model/layers.1/self_attn/Where_2,select:/model/layers.1/self_attn/Where_2,select,select_gpu_ref,334,select_gpu_ref_7464502897564813179_0_0__sa,select_gpu_ref_7464502897564813179_0_0__sa,1,1207,matched,aligned,true,true,true,exec_profile,gtpin_total_execution_cycles,38196,4774,cycles,8,38196,4774,0,0,,,0,0,0,"{""gtpin_avg_execution_cycles_per_invocation"":4774,""gtpin_invocation_count"":8,""gtpin_total_execution_cycles"":38196}",InvocationCount=8;TotalExecutionCycles=38196;AvgExecutionCyclesPerInvocation=4774
n1_i2,2,1,2,performance,false,layers.*/self_attn,/model/layers.9/self_attn/Where_2,Select,Select,select:/model/layers.9/self_attn/Where_2,select:/model/layers.9/self_attn/Where_2,select,select_gpu_ref,622,select_gpu_ref_7464502897564813179_0_0__sa,select_gpu_ref_7464502897564813179_0_0__sa,1,1383,matched,aligned,true,true,true,exec_profile,gtpin_total_execution_cycles,38056,4757,cycles,8,38056,4757,0,0,,,0,0,0,"{""gtpin_avg_execution_cycles_per_invocation"":4757,""gtpin_invocation_count"":8,""gtpin_total_execution_cycles"":38056}",InvocationCount=8;TotalExecutionCycles=38056;AvgExecutionCyclesPerInvocation=4757
n1_i2,2,1,2,performance,false,layers.*/self_attn,/model/layers.10/self_attn/Where_2,Select,Select,select:/model/layers.10/self_attn/Where_2,select:/model/layers.10/self_attn/Where_2,select,select_gpu_ref,658,select_gpu_ref_7464502897564813179_0_0__sa,select_gpu_ref_7464502897564813179_0_0__sa,1,1405,matched,aligned,true,true,true,exec_profile,gtpin_total_execution_cycles,37812,4726,cycles,8,37812,4726,0,0,,,0,0,0,"{""gtpin_avg_execution_cycles_per_invocation"":4726,""gtpin_invocation_count"":8,""gtpin_total_execution_cycles"":37812}",InvocationCount=8;TotalExecutionCycles=37812;AvgExecutionCyclesPerInvocation=4726
n1_i2,2,1,2,performance,false,layers.*/self_attn,/model/layers.18/self_attn/Where_2,Select,Select,select:/model/layers.18/self_attn/Where_2,select:/model/layers.18/self_attn/Where_2,select,select_gpu_ref,946,select_gpu_ref_7464502897564813179_0_0__sa,select_gpu_ref_7464502897564813179_0_0__sa,1,1581,matched,aligned,true,true,true,exec_profile,gtpin_total_execution_cycles,37256,4657,cycles,8,37256,4657,0,0,,,0,0,0,"{""gtpin_avg_execution_cycles_per_invocation"":4657,""gtpin_invocation_count"":8,""gtpin_total_execution_cycles"":37256}",InvocationCount=8;TotalExecutionCycles=37256;AvgExecutionCyclesPerInvocation=4657
n1_i2,2,1,2,performance,false,layers.*/self_attn,/model/layers.2/self_attn/Where_2,Select,Select,select:/model/layers.2/self_attn/Where_2,select:/model/layers.2/self_attn/Where_2,select,select_gpu_ref,370,select_gpu_ref_7464502897564813179_0_0__sa,select_gpu_ref_7464502897564813179_0_0__sa,1,1229,matched,aligned,true,true,true,exec_profile,gtpin_total_execution_cycles,36040,4505,cycles,8,36040,4505,0,0,,,0,0,0,"{""gtpin_avg_execution_cycles_per_invocation"":4505,""gtpin_invocation_count"":8,""gtpin_total_execution_cycles"":36040}",InvocationCount=8;TotalExecutionCycles=36040;AvgExecutionCyclesPerInvocation=4505
n1_i2,2,1,2,performance,false,layers.*/self_attn,/model/layers.5/self_attn/Where_2,Select,Select,select:/model/layers.5/self_attn/Where_2,select:/model/layers.5/self_attn/Where_2,select,select_gpu_ref,478,select_gpu_ref_7464502897564813179_0_0__sa,select_gpu_ref_7464502897564813179_0_0__sa,1,1295,matched,aligned,true,true,true,exec_profile,gtpin_total_execution_cycles,35084,4385,cycles,8,35084,4385,0,0,,,0,0,0,"{""gtpin_avg_execution_cycles_per_invocation"":4385,""gtpin_invocation_count"":8,""gtpin_total_execution_cycles"":35084}",InvocationCount=8;TotalExecutionCycles=35084;AvgExecutionCyclesPerInvocation=4385
n1_i2,2,1,2,performance,false,layers.*/self_attn,/model/layers.0/self_attn/Where_2,Select,Select,select:/model/layers.0/self_attn/Where_2,select:/model/layers.0/self_attn/Where_2,select,select_gpu_ref,299,select_gpu_ref_7464502897564813179_0_0__sa,select_gpu_ref_7464502897564813179_0_0__sa,1,1185,matched,aligned,true,true,true,exec_profile,gtpin_total_execution_cycles,34180,4272,cycles,8,34180,4272,0,0,,,0,0,0,"{""gtpin_avg_execution_cycles_per_invocation"":4272,""gtpin_invocation_count"":8,""gtpin_total_execution_cycles"":34180}",InvocationCount=8;TotalExecutionCycles=34180;AvgExecutionCyclesPerInvocation=4272
n1_i2,2,1,2,performance,false,rotary_emb,/model/rotary_emb/Transpose,Gemm,Gemm,gemm:/model/rotary_emb/Transpose,gemm:/model/rotary_emb/Transpose,gemm,gemm_tiled_opt,264,gemm_tiled_opt_6356298044914993963_3_0__sa,gemm_tiled_opt_6356298044914993963_3_0__sa,1,1169,matched,aligned,true,true,true,exec_profile,gtpin_total_execution_cycles,33988,16994,cycles,2,33988,16994,0,0,,,0,0,0,"{""gtpin_avg_execution_cycles_per_invocation"":16994,""gtpin_invocation_count"":2,""gtpin_total_execution_cycles"":33988}",InvocationCount=2;TotalExecutionCycles=33988;AvgExecutionCyclesPerInvocation=16994
n1_i2,2,1,2,performance,false,layers.*/self_attn,/model/layers.14/self_attn/Where_2,Select,Select,select:/model/layers.14/self_attn/Where_2,select:/model/layers.14/self_attn/Where_2,select,select_gpu_ref,802,select_gpu_ref_7464502897564813179_0_0__sa,select_gpu_ref_7464502897564813179_0_0__sa,1,1493,matched,aligned,true,true,true,exec_profile,gtpin_total_execution_cycles,33544,4193,cycles,8,33544,4193,0,0,,,0,0,0,"{""gtpin_avg_execution_cycles_per_invocation"":4193,""gtpin_invocation_count"":8,""gtpin_total_execution_cycles"":33544}",InvocationCount=8;TotalExecutionCycles=33544;AvgExecutionCyclesPerInvocation=4193
n1_i2,2,1,2,performance,false,(root),/model/LessOrEqual,LessEqual,LessEqual,lessequal:/model/LessOrEqual,lessequal:/model/LessOrEqual,eltwise,generic_eltwise_ref,265,generic_eltwise_ref_12991517841348968924_0_0__sa,generic_eltwise_ref_12991517841348968924_0_0__sa,1,1170,matched,aligned,true,true,true,exec_profile,gtpin_total_execution_cycles,31760,3970,cycles,8,31760,3970,0,0,,,0,0,0,"{""gtpin_avg_execution_cycles_per_invocation"":3970,""gtpin_invocation_count"":8,""gtpin_total_execution_cycles"":31760}",InvocationCount=8;TotalExecutionCycles=31760;AvgExecutionCyclesPerInvocation=3970
n1_i2,2,1,2,performance,false,(root),/model/Gather_4,Gather,Gather,gather:/model/Gather_4,gather:/model/Gather_4,gather,gather_ref,276,gather_ref_3335901000044472670_0_0__sa,gather_ref_3335901000044472670_0_0__sa,1,1176,matched,aligned,true,true,true,exec_profile,gtpin_total_execution_cycles,10359,10359,cycles,1,10359,10359,0,0,,,0,0,0,"{""gtpin_avg_execution_cycles_per_invocation"":10359,""gtpin_invocation_count"":1,""gtpin_total_execution_cycles"":10359}",InvocationCount=1;TotalExecutionCycles=10359;AvgExecutionCyclesPerInvocation=10359
n1_i2,2,1,2,performance,false,(root),Convert_90811,Convert,Convert,convert:Convert_90811,convert:Convert_90811,reorder,reorder_data,225,reorder_data_261663883965124315_0_0__sa,reorder_data_261663883965124315_0_0__sa,1,1160,matched,aligned,true,true,true,exec_profile,gtpin_total_execution_cycles,6350,6350,cycles,1,6350,6350,0,0,,,0,0,0,"{""gtpin_avg_execution_cycles_per_invocation"":6350,""gtpin_invocation_count"":1,""gtpin_total_execution_cycles"":6350}",InvocationCount=1;TotalExecutionCycles=6350;AvgExecutionCyclesPerInvocation=6350
n1_i2,2,1,2,performance,false,(root),Convert_90813,Convert,Convert,convert:Convert_90813,convert:Convert_90813,reorder,reorder_data,224,reorder_data_261663883965124315_0_0__sa,reorder_data_261663883965124315_0_0__sa,1,1159,matched,aligned,true,true,true,exec_profile,gtpin_total_execution_cycles,6316,6316,cycles,1,6316,6316,0,0,,,0,0,0,"{""gtpin_avg_execution_cycles_per_invocation"":6316,""gtpin_invocation_count"":1,""gtpin_total_execution_cycles"":6316}",InvocationCount=1;TotalExecutionCycles=6316;AvgExecutionCyclesPerInvocation=6316
n1_i2,2,1,2,performance,false,(root),Convert_90873,Convert,Convert,convert:Convert_90873,convert:Convert_90873,reorder,reorder_data,226,reorder_data_14358938580392777097_0_0__sa,reorder_data_14358938580392777097_0_0__sa,1,1161,matched,aligned,true,true,true,exec_profile,gtpin_total_execution_cycles,4822,4822,cycles,1,4822,4822,0,0,,,0,0,0,"{""gtpin_avg_execution_cycles_per_invocation"":4822,""gtpin_invocation_count"":1,""gtpin_total_execution_cycles"":4822}",InvocationCount=1;TotalExecutionCycles=4822;AvgExecutionCyclesPerInvocation=4822
n1_i2,2,1,2,performance,false,rotary_emb,/model/rotary_emb/MatMul_increase_precision_1,Convert,Convert,convert:/model/rotary_emb/MatMul_increase_precision_1,convert:/model/rotary_emb/MatMul_increase_precision_1,reorder,reorder_data,231,reorder_data_16347555807681174383_0_0__sa,reorder_data_16347555807681174383_0_0__sa,1,1163,matched,aligned,true,true,true,exec_profile,gtpin_total_execution_cycles,2545,2545,cycles,1,2545,2545,0,0,,,0,0,0,"{""gtpin_avg_execution_cycles_per_invocation"":2545,""gtpin_invocation_count"":1,""gtpin_total_execution_cycles"":2545}",InvocationCount=1;TotalExecutionCycles=2545;AvgExecutionCyclesPerInvocation=2545
