execution_unit_key,logical_execution_index,net_id,iteration,tool_kind,component_path,origin_op_name,origin_op_type_name,resolved_op_type_name,primitive_id,original_primitive_id,primitive_type,implementation,exec_id,is_input,is_output,dispatch_count,kernel_entry_count,kernel_entries,primary_metric_name,primary_metric_total,primary_metric_unit,gtpin_invocation_count,gtpin_total_execution_cycles
n1_i7,7,1,7,performance,(root),/model/And,LogicalAnd,LogicalAnd,logicaland:/model/And,logicaland:/model/And,eltwise,generic_eltwise_ref__u8,270,false,false,1,1,generic_eltwise_ref_12613916656436061640_0_0__sa,gtpin_total_execution_cycles,44480,cycles,8,44480
n1_i7,7,1,7,performance,(root),/model/And_1,LogicalAnd,LogicalAnd,logicaland:/model/And_1,logicaland:/model/And_1,eltwise,generic_eltwise_ref__u8,287,false,false,1,1,generic_eltwise_ref_9810887907610228330_0_0__sa,gtpin_total_execution_cycles,46736,cycles,8,46736
n1_i7,7,1,7,performance,(root),/model/Gather_4,Gather,Gather,gather:/model/Gather_4,gather:/model/Gather_4,gather,gather_ref__u8,276,false,false,1,1,gather_ref_3335901000044472670_0_0__sa,gtpin_total_execution_cycles,9910,cycles,1,9910
n1_i7,7,1,7,performance,(root),/model/LessOrEqual,LessEqual,LessEqual,lessequal:/model/LessOrEqual,lessequal:/model/LessOrEqual,eltwise,generic_eltwise_ref__i32,265,false,false,1,1,generic_eltwise_ref_12991517841348968924_0_0__sa,gtpin_total_execution_cycles,37928,cycles,8,37928
n1_i7,7,1,7,performance,embed_tokens,/model/embed_tokens/Gather,Gather,Gather,gather:/model/embed_tokens/Gather,gather:/model/embed_tokens/Gather,gather,gather_ref__f16,229,false,false,1,1,gather_ref_9653281298055295004_0_0__sa,gtpin_total_execution_cycles,6494038,cycles,1024,6494038
n1_i7,7,1,7,performance,layers.*/input_layernorm,/model/layers.0/input_layernorm/Mul,RMS,RMS,rms:/model/layers.0/input_layernorm/Mul,rms:/model/layers.0/input_layernorm/Mul,rms,rms_gpu_bfyx_opt__f16,232,false,false,1,1,rms_gpu_bfyx_opt_10690270683970839748_0_0__sa,gtpin_total_execution_cycles,2060092,cycles,256,2060092
n1_i7,7,1,7,performance,layers.*/mlp,/model/layers.0/mlp/down_proj/MatMul,FullyConnected,FullyConnected,fullyconnected:/model/layers.0/mlp/down_proj/MatMul,fullyconnected:/model/layers.0/mlp/down_proj/MatMul,fully_connected,fully_connected_gpu_bf_tiled__f16,311,false,false,1,1,fully_connected_gpu_bf_tiled_2727911967636154657_0_0,gtpin_total_execution_cycles,82500808,cycles,64,82500808
n1_i7,7,1,7,performance,layers.*/mlp,/model/layers.0/mlp/gate_proj/MatMul,FullyConnected,FullyConnected,fullyconnected:/model/layers.0/mlp/gate_proj/MatMul,fullyconnected:/model/layers.0/mlp/gate_proj/MatMul,fully_connected,fully_connected_gpu_bf_tiled__f16,310,false,false,1,1,fully_connected_gpu_bf_tiled_9957149419786459120_0_0,gtpin_total_execution_cycles,139223438,cycles,176,139223438
n1_i7,7,1,7,performance,layers.*/mlp,/model/layers.0/mlp/up_proj/MatMul,FullyConnected,FullyConnected,fullyconnected:/model/layers.0/mlp/up_proj/MatMul,fullyconnected:/model/layers.0/mlp/up_proj/MatMul,fully_connected,fully_connected_gpu_bf_tiled__f16,309,false,false,1,1,fully_connected_gpu_bf_tiled_2740906288179525049_0_0,gtpin_total_execution_cycles,117007088,cycles,176,117007088
n1_i7,7,1,7,performance,layers.*/post_attention_layernorm,/model/layers.0/post_attention_layernorm/Mul,RMS,RMS,rms:/model/layers.0/post_attention_layernorm/Mul,rms:/model/layers.0/post_attention_layernorm/Mul,rms,rms_gpu_bfyx_opt__f16,308,false,false,1,1,rms_gpu_bfyx_opt_10690270683970839748_0_0__sa,gtpin_total_execution_cycles,1764942,cycles,256,1764942
n1_i7,7,1,7,performance,layers.*/self_attn,/model/layers.0/self_attn/Add,RoPE,RoPE,rope:/model/layers.0/self_attn/Add,rope:/model/layers.0/self_attn/Add,rope,ocl::rope::opt___f16,286,false,false,1,1,rope_opt__13889706310558783765__sa,gtpin_total_execution_cycles,1091798,cycles,64,1091798
n1_i7,7,1,7,performance,layers.*/self_attn,/model/layers.0/self_attn/Add_1,RoPE,RoPE,rope:/model/layers.0/self_attn/Add_1,rope:/model/layers.0/self_attn/Add_1,rope,ocl::rope::opt___f16,285,false,false,1,1,rope_opt__6960924190377492479__sa,gtpin_total_execution_cycles,80668,cycles,8,80668
n1_i7,7,1,7,performance,layers.*/self_attn,/model/layers.0/self_attn/Expand,Broadcast,Broadcast,broadcast:/model/layers.0/self_attn/Expand,broadcast:/model/layers.0/self_attn/Expand,broadcast,broadcast_gpu_ref__f16,296,false,false,1,1,broadcast_gpu_ref_6456514822857321615_0_0__sa,gtpin_total_execution_cycles,4078734,cycles,1024,4078734
n1_i7,7,1,7,performance,layers.*/self_attn,/model/layers.0/self_attn/Expand_1,Broadcast,Broadcast,broadcast:/model/layers.0/self_attn/Expand_1,broadcast:/model/layers.0/self_attn/Expand_1,broadcast,broadcast_gpu_ref__f16,277,false,false,1,1,broadcast_gpu_ref_6456514822857321615_0_0__sa,gtpin_total_execution_cycles,4165834,cycles,1024,4165834
n1_i7,7,1,7,performance,layers.*/self_attn,/model/layers.0/self_attn/IsNaN,IsNaN,IsNaN,isnan:/model/layers.0/self_attn/IsNaN,isnan:/model/layers.0/self_attn/IsNaN,eltwise,generic_eltwise_ref__f16,303,false,false,1,1,generic_eltwise_ref_1696504087421334661_0_0__sa,gtpin_total_execution_cycles,1331170,cycles,256,1331170
n1_i7,7,1,7,performance,layers.*/self_attn,/model/layers.0/self_attn/MatMul,Gemm,Gemm,gemm:/model/layers.0/self_attn/MatMul,gemm:/model/layers.0/self_attn/MatMul,gemm,gemm_tiled_opt__f16,301,false,false,1,1,gemm_tiled_opt_7238579717421349067_1_0__sa,gtpin_total_execution_cycles,3942462,cycles,32,3942462
n1_i7,7,1,7,performance,layers.*/self_attn,/model/layers.0/self_attn/Mul_8,Multiply,Multiply,multiply:/model/layers.0/self_attn/Mul_8,multiply:/model/layers.0/self_attn/Mul_8,eltwise,generic_eltwise_ref__f16,290,false,false,1,1,generic_eltwise_ref_7125964068740378811_0_0__sa,gtpin_total_execution_cycles,4821320,cycles,1024,4821320
n1_i7,7,1,7,performance,layers.*/self_attn,/model/layers.0/self_attn/Softmax,Softmax,Softmax,softmax:/model/layers.0/self_attn/Softmax,softmax:/model/layers.0/self_attn/Softmax,softmax,softmax_gpu_bf__f16,302,false,false,1,1,softmax_gpu_bf_18392998524141771378_0_0__sa,gtpin_total_execution_cycles,8387771,cycles,512,8387771
n1_i7,7,1,7,performance,layers.*/self_attn,/model/layers.0/self_attn/Transpose_2,Transpose,Transpose,transpose:/model/layers.0/self_attn/Transpose_2,transpose:/model/layers.0/self_attn/Transpose_2,permute,permute_ref__f16,252,false,false,1,1,permute_ref_653960189515371720_0_0__sa,gtpin_total_execution_cycles,489186,cycles,128,489186
n1_i7,7,1,7,performance,layers.*/self_attn,/model/layers.0/self_attn/Transpose_3,Transpose,Transpose,transpose:/model/layers.0/self_attn/Transpose_3,transpose:/model/layers.0/self_attn/Transpose_3,permute,permute_ref__f16,300,false,false,1,1,permute_ref_17183202574580890641_0_0__sa,gtpin_total_execution_cycles,4744364,cycles,1024,4744364
n1_i7,7,1,7,performance,layers.*/self_attn,/model/layers.0/self_attn/Transpose_4,Gemm,Gemm,gemm:/model/layers.0/self_attn/Transpose_4,gemm:/model/layers.0/self_attn/Transpose_4,gemm,gemm_tiled_opt__f16,305,false,false,1,1,gemm_tiled_opt_12829285813189929928_0_0__sa,gtpin_total_execution_cycles,2084520,cycles,64,2084520
n1_i7,7,1,7,performance,layers.*/self_attn,/model/layers.0/self_attn/Unsqueeze_6_restore_precision_0,Convert,Convert,convert:/model/layers.0/self_attn/Unsqueeze_6_restore_precision_0,convert:/model/layers.0/self_attn/Unsqueeze_6_restore_precision_0,reorder,reorder_data__f32,279,false,false,1,1,reorder_data_13786606319827428276_0_0__sa,gtpin_total_execution_cycles,65376,cycles,32,65376
n1_i7,7,1,7,performance,layers.*/self_attn,/model/layers.0/self_attn/Unsqueeze_7_restore_precision_1,Convert,Convert,convert:/model/layers.0/self_attn/Unsqueeze_7_restore_precision_1,convert:/model/layers.0/self_attn/Unsqueeze_7_restore_precision_1,reorder,reorder_data__f32,278,false,false,1,1,reorder_data_13786606319827428276_0_0__sa,gtpin_total_execution_cycles,82282,cycles,32,82282
n1_i7,7,1,7,performance,layers.*/self_attn,/model/layers.0/self_attn/Where_2,Select,Select,select:/model/layers.0/self_attn/Where_2,select:/model/layers.0/self_attn/Where_2,select,select_gpu_ref__u8,299,false,false,1,1,select_gpu_ref_7464502897564813179_0_0__sa,gtpin_total_execution_cycles,35188,cycles,8,35188
n1_i7,7,1,7,performance,layers.*/self_attn,/model/layers.0/self_attn/Where_3,Select,Select,select:/model/layers.0/self_attn/Where_3,select:/model/layers.0/self_attn/Where_3,select,select_gpu_ref__u8,304,false,false,1,1,select_gpu_ref_5609897181611433017_0_0__sa,gtpin_total_execution_cycles,1627604,cycles,256,1627604
n1_i7,7,1,7,performance,layers.*/self_attn,/model/layers.0/self_attn/k_proj/MatMul,FullyConnected,FullyConnected,fullyconnected:/model/layers.0/self_attn/k_proj/MatMul,fullyconnected:/model/layers.0/self_attn/k_proj/MatMul,fully_connected,fully_connected_gpu_bf_tiled__f16,240,false,false,1,1,fully_connected_gpu_bf_tiled_17963963101609895522_0_0,gtpin_total_execution_cycles,4223580,cycles,8,4223580
n1_i7,7,1,7,performance,layers.*/self_attn,/model/layers.0/self_attn/o_proj/MatMul,FullyConnected,FullyConnected,fullyconnected:/model/layers.0/self_attn/o_proj/MatMul,fullyconnected:/model/layers.0/self_attn/o_proj/MatMul,fully_connected,fully_connected_gpu_bf_tiled__f16,307,false,false,1,1,fully_connected_gpu_bf_tiled_14284117615310227244_0_0,gtpin_total_execution_cycles,29489664,cycles,64,29489664
n1_i7,7,1,7,performance,layers.*/self_attn,/model/layers.0/self_attn/q_proj/MatMul,FullyConnected,FullyConnected,fullyconnected:/model/layers.0/self_attn/q_proj/MatMul,fullyconnected:/model/layers.0/self_attn/q_proj/MatMul,fully_connected,fully_connected_gpu_bf_tiled__f16,239,false,false,1,1,fully_connected_gpu_bf_tiled_5315586391497964380_0_0,gtpin_total_execution_cycles,33009030,cycles,64,33009030
n1_i7,7,1,7,performance,layers.*/self_attn,/model/layers.0/self_attn/v_proj/MatMul,FullyConnected,FullyConnected,fullyconnected:/model/layers.0/self_attn/v_proj/MatMul,fullyconnected:/model/layers.0/self_attn/v_proj/MatMul,fully_connected,fully_connected_gpu_bf_tiled__f16,238,false,false,1,1,fully_connected_gpu_bf_tiled_17963963101609895522_0_0,gtpin_total_execution_cycles,4025018,cycles,8,4025018
n1_i7,7,1,7,performance,layers.*/input_layernorm,/model/layers.1/input_layernorm/Mul,RMS,RMS,rms:/model/layers.1/input_layernorm/Mul,rms:/model/layers.1/input_layernorm/Mul,rms,rms_gpu_bfyx_opt__f16,312,false,false,1,1,rms_gpu_bfyx_opt_10690270683970839748_0_0__sa,gtpin_total_execution_cycles,1671944,cycles,256,1671944
n1_i7,7,1,7,performance,layers.*/mlp,/model/layers.1/mlp/down_proj/MatMul,FullyConnected,FullyConnected,fullyconnected:/model/layers.1/mlp/down_proj/MatMul,fullyconnected:/model/layers.1/mlp/down_proj/MatMul,fully_connected,fully_connected_gpu_bf_tiled__f16,347,false,false,1,1,fully_connected_gpu_bf_tiled_2727911967636154657_0_0,gtpin_total_execution_cycles,83990936,cycles,64,83990936
n1_i7,7,1,7,performance,layers.*/mlp,/model/layers.1/mlp/gate_proj/MatMul,FullyConnected,FullyConnected,fullyconnected:/model/layers.1/mlp/gate_proj/MatMul,fullyconnected:/model/layers.1/mlp/gate_proj/MatMul,fully_connected,fully_connected_gpu_bf_tiled__f16,346,false,false,1,1,fully_connected_gpu_bf_tiled_9957149419786459120_0_0,gtpin_total_execution_cycles,164308384,cycles,176,164308384
n1_i7,7,1,7,performance,layers.*/mlp,/model/layers.1/mlp/up_proj/MatMul,FullyConnected,FullyConnected,fullyconnected:/model/layers.1/mlp/up_proj/MatMul,fullyconnected:/model/layers.1/mlp/up_proj/MatMul,fully_connected,fully_connected_gpu_bf_tiled__f16,345,false,false,1,1,fully_connected_gpu_bf_tiled_2740906288179525049_0_0,gtpin_total_execution_cycles,138992608,cycles,176,138992608
n1_i7,7,1,7,performance,layers.*/post_attention_layernorm,/model/layers.1/post_attention_layernorm/Mul,RMS,RMS,rms:/model/layers.1/post_attention_layernorm/Mul,rms:/model/layers.1/post_attention_layernorm/Mul,rms,rms_gpu_bfyx_opt__f16,344,false,false,1,1,rms_gpu_bfyx_opt_10690270683970839748_0_0__sa,gtpin_total_execution_cycles,1850200,cycles,256,1850200
n1_i7,7,1,7,performance,layers.*/self_attn,/model/layers.1/self_attn/Add,RoPE,RoPE,rope:/model/layers.1/self_attn/Add,rope:/model/layers.1/self_attn/Add,rope,ocl::rope::opt___f16,320,false,false,1,1,rope_opt__13889706310558783765__sa,gtpin_total_execution_cycles,1045476,cycles,64,1045476
n1_i7,7,1,7,performance,layers.*/self_attn,/model/layers.1/self_attn/Add_1,RoPE,RoPE,rope:/model/layers.1/self_attn/Add_1,rope:/model/layers.1/self_attn/Add_1,rope,ocl::rope::opt___f16,321,false,false,1,1,rope_opt__6960924190377492479__sa,gtpin_total_execution_cycles,76160,cycles,8,76160
n1_i7,7,1,7,performance,layers.*/self_attn,/model/layers.1/self_attn/Expand,Broadcast,Broadcast,broadcast:/model/layers.1/self_attn/Expand,broadcast:/model/layers.1/self_attn/Expand,broadcast,broadcast_gpu_ref__f16,333,false,false,1,1,broadcast_gpu_ref_6456514822857321615_0_0__sa,gtpin_total_execution_cycles,6097364,cycles,1024,6097364
n1_i7,7,1,7,performance,layers.*/self_attn,/model/layers.1/self_attn/Expand_1,Broadcast,Broadcast,broadcast:/model/layers.1/self_attn/Expand_1,broadcast:/model/layers.1/self_attn/Expand_1,broadcast,broadcast_gpu_ref__f16,326,false,false,1,1,broadcast_gpu_ref_6456514822857321615_0_0__sa,gtpin_total_execution_cycles,4716414,cycles,1024,4716414
n1_i7,7,1,7,performance,layers.*/self_attn,/model/layers.1/self_attn/IsNaN,IsNaN,IsNaN,isnan:/model/layers.1/self_attn/IsNaN,isnan:/model/layers.1/self_attn/IsNaN,eltwise,generic_eltwise_ref__f16,339,false,false,1,1,generic_eltwise_ref_1696504087421334661_0_0__sa,gtpin_total_execution_cycles,1298176,cycles,256,1298176
n1_i7,7,1,7,performance,layers.*/self_attn,/model/layers.1/self_attn/MatMul,Gemm,Gemm,gemm:/model/layers.1/self_attn/MatMul,gemm:/model/layers.1/self_attn/MatMul,gemm,gemm_tiled_opt__f16,337,false,false,1,1,gemm_tiled_opt_7238579717421349067_1_0__sa,gtpin_total_execution_cycles,3626140,cycles,32,3626140
n1_i7,7,1,7,performance,layers.*/self_attn,/model/layers.1/self_attn/Mul_8,Multiply,Multiply,multiply:/model/layers.1/self_attn/Mul_8,multiply:/model/layers.1/self_attn/Mul_8,eltwise,generic_eltwise_ref__f16,323,false,false,1,1,generic_eltwise_ref_7125964068740378811_0_0__sa,gtpin_total_execution_cycles,5286024,cycles,1024,5286024
n1_i7,7,1,7,performance,layers.*/self_attn,/model/layers.1/self_attn/Softmax,Softmax,Softmax,softmax:/model/layers.1/self_attn/Softmax,softmax:/model/layers.1/self_attn/Softmax,softmax,softmax_gpu_bf__f16,338,false,false,1,1,softmax_gpu_bf_18392998524141771378_0_0__sa,gtpin_total_execution_cycles,8522215,cycles,512,8522215
n1_i7,7,1,7,performance,layers.*/self_attn,/model/layers.1/self_attn/Transpose_2,Transpose,Transpose,transpose:/model/layers.1/self_attn/Transpose_2,transpose:/model/layers.1/self_attn/Transpose_2,permute,permute_ref__f16,319,false,false,1,1,permute_ref_653960189515371720_0_0__sa,gtpin_total_execution_cycles,609096,cycles,128,609096
n1_i7,7,1,7,performance,layers.*/self_attn,/model/layers.1/self_attn/Transpose_3,Transpose,Transpose,transpose:/model/layers.1/self_attn/Transpose_3,transpose:/model/layers.1/self_attn/Transpose_3,permute,permute_ref__f16,336,false,false,1,1,permute_ref_17183202574580890641_0_0__sa,gtpin_total_execution_cycles,5800988,cycles,1024,5800988
n1_i7,7,1,7,performance,layers.*/self_attn,/model/layers.1/self_attn/Transpose_4,Gemm,Gemm,gemm:/model/layers.1/self_attn/Transpose_4,gemm:/model/layers.1/self_attn/Transpose_4,gemm,gemm_tiled_opt__f16,341,false,false,1,1,gemm_tiled_opt_12829285813189929928_0_0__sa,gtpin_total_execution_cycles,2219474,cycles,64,2219474
n1_i7,7,1,7,performance,layers.*/self_attn,/model/layers.1/self_attn/Where_2,Select,Select,select:/model/layers.1/self_attn/Where_2,select:/model/layers.1/self_attn/Where_2,select,select_gpu_ref__u8,334,false,false,1,1,select_gpu_ref_7464502897564813179_0_0__sa,gtpin_total_execution_cycles,39308,cycles,8,39308
n1_i7,7,1,7,performance,layers.*/self_attn,/model/layers.1/self_attn/Where_3,Select,Select,select:/model/layers.1/self_attn/Where_3,select:/model/layers.1/self_attn/Where_3,select,select_gpu_ref__u8,340,false,false,1,1,select_gpu_ref_5609897181611433017_0_0__sa,gtpin_total_execution_cycles,1522184,cycles,256,1522184
n1_i7,7,1,7,performance,layers.*/self_attn,/model/layers.1/self_attn/k_proj/MatMul,FullyConnected,FullyConnected,fullyconnected:/model/layers.1/self_attn/k_proj/MatMul,fullyconnected:/model/layers.1/self_attn/k_proj/MatMul,fully_connected,fully_connected_gpu_bf_tiled__f16,315,false,false,1,1,fully_connected_gpu_bf_tiled_17963963101609895522_0_0,gtpin_total_execution_cycles,4246226,cycles,8,4246226
n1_i7,7,1,7,performance,layers.*/self_attn,/model/layers.1/self_attn/o_proj/MatMul,FullyConnected,FullyConnected,fullyconnected:/model/layers.1/self_attn/o_proj/MatMul,fullyconnected:/model/layers.1/self_attn/o_proj/MatMul,fully_connected,fully_connected_gpu_bf_tiled__f16,343,false,false,1,1,fully_connected_gpu_bf_tiled_14284117615310227244_0_0,gtpin_total_execution_cycles,30549498,cycles,64,30549498
n1_i7,7,1,7,performance,layers.*/self_attn,/model/layers.1/self_attn/q_proj/MatMul,FullyConnected,FullyConnected,fullyconnected:/model/layers.1/self_attn/q_proj/MatMul,fullyconnected:/model/layers.1/self_attn/q_proj/MatMul,fully_connected,fully_connected_gpu_bf_tiled__f16,314,false,false,1,1,fully_connected_gpu_bf_tiled_5315586391497964380_0_0,gtpin_total_execution_cycles,32786362,cycles,64,32786362
n1_i7,7,1,7,performance,layers.*/self_attn,/model/layers.1/self_attn/v_proj/MatMul,FullyConnected,FullyConnected,fullyconnected:/model/layers.1/self_attn/v_proj/MatMul,fullyconnected:/model/layers.1/self_attn/v_proj/MatMul,fully_connected,fully_connected_gpu_bf_tiled__f16,313,false,false,1,1,fully_connected_gpu_bf_tiled_17963963101609895522_0_0,gtpin_total_execution_cycles,3985010,cycles,8,3985010
n1_i7,7,1,7,performance,layers.*/input_layernorm,/model/layers.10/input_layernorm/Mul,RMS,RMS,rms:/model/layers.10/input_layernorm/Mul,rms:/model/layers.10/input_layernorm/Mul,rms,rms_gpu_bfyx_opt__f16,636,false,false,1,1,rms_gpu_bfyx_opt_10690270683970839748_0_0__sa,gtpin_total_execution_cycles,1617440,cycles,256,1617440
n1_i7,7,1,7,performance,layers.*/mlp,/model/layers.10/mlp/down_proj/MatMul,FullyConnected,FullyConnected,fullyconnected:/model/layers.10/mlp/down_proj/MatMul,fullyconnected:/model/layers.10/mlp/down_proj/MatMul,fully_connected,fully_connected_gpu_bf_tiled__f16,671,false,false,1,1,fully_connected_gpu_bf_tiled_2727911967636154657_0_0,gtpin_total_execution_cycles,84803402,cycles,64,84803402
n1_i7,7,1,7,performance,layers.*/mlp,/model/layers.10/mlp/gate_proj/MatMul,FullyConnected,FullyConnected,fullyconnected:/model/layers.10/mlp/gate_proj/MatMul,fullyconnected:/model/layers.10/mlp/gate_proj/MatMul,fully_connected,fully_connected_gpu_bf_tiled__f16,670,false,false,1,1,fully_connected_gpu_bf_tiled_9957149419786459120_0_0,gtpin_total_execution_cycles,152772320,cycles,176,152772320
n1_i7,7,1,7,performance,layers.*/mlp,/model/layers.10/mlp/up_proj/MatMul,FullyConnected,FullyConnected,fullyconnected:/model/layers.10/mlp/up_proj/MatMul,fullyconnected:/model/layers.10/mlp/up_proj/MatMul,fully_connected,fully_connected_gpu_bf_tiled__f16,669,false,false,1,1,fully_connected_gpu_bf_tiled_2740906288179525049_0_0,gtpin_total_execution_cycles,114039930,cycles,176,114039930
n1_i7,7,1,7,performance,layers.*/post_attention_layernorm,/model/layers.10/post_attention_layernorm/Mul,RMS,RMS,rms:/model/layers.10/post_attention_layernorm/Mul,rms:/model/layers.10/post_attention_layernorm/Mul,rms,rms_gpu_bfyx_opt__f16,668,false,false,1,1,rms_gpu_bfyx_opt_10690270683970839748_0_0__sa,gtpin_total_execution_cycles,1793366,cycles,256,1793366
n1_i7,7,1,7,performance,layers.*/self_attn,/model/layers.10/self_attn/Add,RoPE,RoPE,rope:/model/layers.10/self_attn/Add,rope:/model/layers.10/self_attn/Add,rope,ocl::rope::opt___f16,644,false,false,1,1,rope_opt__13889706310558783765__sa,gtpin_total_execution_cycles,865394,cycles,64,865394
n1_i7,7,1,7,performance,layers.*/self_attn,/model/layers.10/self_attn/Add_1,RoPE,RoPE,rope:/model/layers.10/self_attn/Add_1,rope:/model/layers.10/self_attn/Add_1,rope,ocl::rope::opt___f16,645,false,false,1,1,rope_opt__6960924190377492479__sa,gtpin_total_execution_cycles,62994,cycles,8,62994
n1_i7,7,1,7,performance,layers.*/self_attn,/model/layers.10/self_attn/Expand,Broadcast,Broadcast,broadcast:/model/layers.10/self_attn/Expand,broadcast:/model/layers.10/self_attn/Expand,broadcast,broadcast_gpu_ref__f16,657,false,false,1,1,broadcast_gpu_ref_6456514822857321615_0_0__sa,gtpin_total_execution_cycles,5726110,cycles,1024,5726110
n1_i7,7,1,7,performance,layers.*/self_attn,/model/layers.10/self_attn/Expand_1,Broadcast,Broadcast,broadcast:/model/layers.10/self_attn/Expand_1,broadcast:/model/layers.10/self_attn/Expand_1,broadcast,broadcast_gpu_ref__f16,650,false,false,1,1,broadcast_gpu_ref_6456514822857321615_0_0__sa,gtpin_total_execution_cycles,4084604,cycles,1024,4084604
n1_i7,7,1,7,performance,layers.*/self_attn,/model/layers.10/self_attn/IsNaN,IsNaN,IsNaN,isnan:/model/layers.10/self_attn/IsNaN,isnan:/model/layers.10/self_attn/IsNaN,eltwise,generic_eltwise_ref__f16,663,false,false,1,1,generic_eltwise_ref_1696504087421334661_0_0__sa,gtpin_total_execution_cycles,1285268,cycles,256,1285268
n1_i7,7,1,7,performance,layers.*/self_attn,/model/layers.10/self_attn/MatMul,Gemm,Gemm,gemm:/model/layers.10/self_attn/MatMul,gemm:/model/layers.10/self_attn/MatMul,gemm,gemm_tiled_opt__f16,661,false,false,1,1,gemm_tiled_opt_7238579717421349067_1_0__sa,gtpin_total_execution_cycles,3439700,cycles,32,3439700
n1_i7,7,1,7,performance,layers.*/self_attn,/model/layers.10/self_attn/Mul_8,Multiply,Multiply,multiply:/model/layers.10/self_attn/Mul_8,multiply:/model/layers.10/self_attn/Mul_8,eltwise,generic_eltwise_ref__f16,647,false,false,1,1,generic_eltwise_ref_7125964068740378811_0_0__sa,gtpin_total_execution_cycles,4937186,cycles,1024,4937186
n1_i7,7,1,7,performance,layers.*/self_attn,/model/layers.10/self_attn/Softmax,Softmax,Softmax,softmax:/model/layers.10/self_attn/Softmax,softmax:/model/layers.10/self_attn/Softmax,softmax,softmax_gpu_bf__f16,662,false,false,1,1,softmax_gpu_bf_18392998524141771378_0_0__sa,gtpin_total_execution_cycles,7997749,cycles,512,7997749
n1_i7,7,1,7,performance,layers.*/self_attn,/model/layers.10/self_attn/Transpose_2,Transpose,Transpose,transpose:/model/layers.10/self_attn/Transpose_2,transpose:/model/layers.10/self_attn/Transpose_2,permute,permute_ref__f16,643,false,false,1,1,permute_ref_653960189515371720_0_0__sa,gtpin_total_execution_cycles,570370,cycles,128,570370
n1_i7,7,1,7,performance,layers.*/self_attn,/model/layers.10/self_attn/Transpose_3,Transpose,Transpose,transpose:/model/layers.10/self_attn/Transpose_3,transpose:/model/layers.10/self_attn/Transpose_3,permute,permute_ref__f16,660,false,false,1,1,permute_ref_17183202574580890641_0_0__sa,gtpin_total_execution_cycles,5290272,cycles,1024,5290272
n1_i7,7,1,7,performance,layers.*/self_attn,/model/layers.10/self_attn/Transpose_4,Gemm,Gemm,gemm:/model/layers.10/self_attn/Transpose_4,gemm:/model/layers.10/self_attn/Transpose_4,gemm,gemm_tiled_opt__f16,665,false,false,1,1,gemm_tiled_opt_12829285813189929928_0_0__sa,gtpin_total_execution_cycles,1992012,cycles,64,1992012
n1_i7,7,1,7,performance,layers.*/self_attn,/model/layers.10/self_attn/Where_2,Select,Select,select:/model/layers.10/self_attn/Where_2,select:/model/layers.10/self_attn/Where_2,select,select_gpu_ref__u8,658,false,false,1,1,select_gpu_ref_7464502897564813179_0_0__sa,gtpin_total_execution_cycles,42324,cycles,8,42324
n1_i7,7,1,7,performance,layers.*/self_attn,/model/layers.10/self_attn/Where_3,Select,Select,select:/model/layers.10/self_attn/Where_3,select:/model/layers.10/self_attn/Where_3,select,select_gpu_ref__u8,664,false,false,1,1,select_gpu_ref_5609897181611433017_0_0__sa,gtpin_total_execution_cycles,1524070,cycles,256,1524070
n1_i7,7,1,7,performance,layers.*/self_attn,/model/layers.10/self_attn/k_proj/MatMul,FullyConnected,FullyConnected,fullyconnected:/model/layers.10/self_attn/k_proj/MatMul,fullyconnected:/model/layers.10/self_attn/k_proj/MatMul,fully_connected,fully_connected_gpu_bf_tiled__f16,639,false,false,1,1,fully_connected_gpu_bf_tiled_17963963101609895522_0_0,gtpin_total_execution_cycles,3764948,cycles,8,3764948
n1_i7,7,1,7,performance,layers.*/self_attn,/model/layers.10/self_attn/o_proj/MatMul,FullyConnected,FullyConnected,fullyconnected:/model/layers.10/self_attn/o_proj/MatMul,fullyconnected:/model/layers.10/self_attn/o_proj/MatMul,fully_connected,fully_connected_gpu_bf_tiled__f16,667,false,false,1,1,fully_connected_gpu_bf_tiled_14284117615310227244_0_0,gtpin_total_execution_cycles,28567226,cycles,64,28567226
n1_i7,7,1,7,performance,layers.*/self_attn,/model/layers.10/self_attn/q_proj/MatMul,FullyConnected,FullyConnected,fullyconnected:/model/layers.10/self_attn/q_proj/MatMul,fullyconnected:/model/layers.10/self_attn/q_proj/MatMul,fully_connected,fully_connected_gpu_bf_tiled__f16,638,false,false,1,1,fully_connected_gpu_bf_tiled_5315586391497964380_0_0,gtpin_total_execution_cycles,29337176,cycles,64,29337176
n1_i7,7,1,7,performance,layers.*/self_attn,/model/layers.10/self_attn/v_proj/MatMul,FullyConnected,FullyConnected,fullyconnected:/model/layers.10/self_attn/v_proj/MatMul,fullyconnected:/model/layers.10/self_attn/v_proj/MatMul,fully_connected,fully_connected_gpu_bf_tiled__f16,637,false,false,1,1,fully_connected_gpu_bf_tiled_17963963101609895522_0_0,gtpin_total_execution_cycles,3588546,cycles,8,3588546
n1_i7,7,1,7,performance,layers.*/input_layernorm,/model/layers.11/input_layernorm/Mul,RMS,RMS,rms:/model/layers.11/input_layernorm/Mul,rms:/model/layers.11/input_layernorm/Mul,rms,rms_gpu_bfyx_opt__f16,672,false,false,1,1,rms_gpu_bfyx_opt_10690270683970839748_0_0__sa,gtpin_total_execution_cycles,1971040,cycles,256,1971040
n1_i7,7,1,7,performance,layers.*/mlp,/model/layers.11/mlp/down_proj/MatMul,FullyConnected,FullyConnected,fullyconnected:/model/layers.11/mlp/down_proj/MatMul,fullyconnected:/model/layers.11/mlp/down_proj/MatMul,fully_connected,fully_connected_gpu_bf_tiled__f16,707,false,false,1,1,fully_connected_gpu_bf_tiled_2727911967636154657_0_0,gtpin_total_execution_cycles,82310766,cycles,64,82310766
n1_i7,7,1,7,performance,layers.*/mlp,/model/layers.11/mlp/gate_proj/MatMul,FullyConnected,FullyConnected,fullyconnected:/model/layers.11/mlp/gate_proj/MatMul,fullyconnected:/model/layers.11/mlp/gate_proj/MatMul,fully_connected,fully_connected_gpu_bf_tiled__f16,706,false,false,1,1,fully_connected_gpu_bf_tiled_9957149419786459120_0_0,gtpin_total_execution_cycles,141910378,cycles,176,141910378
n1_i7,7,1,7,performance,layers.*/mlp,/model/layers.11/mlp/up_proj/MatMul,FullyConnected,FullyConnected,fullyconnected:/model/layers.11/mlp/up_proj/MatMul,fullyconnected:/model/layers.11/mlp/up_proj/MatMul,fully_connected,fully_connected_gpu_bf_tiled__f16,705,false,false,1,1,fully_connected_gpu_bf_tiled_2740906288179525049_0_0,gtpin_total_execution_cycles,133829786,cycles,176,133829786
n1_i7,7,1,7,performance,layers.*/post_attention_layernorm,/model/layers.11/post_attention_layernorm/Mul,RMS,RMS,rms:/model/layers.11/post_attention_layernorm/Mul,rms:/model/layers.11/post_attention_layernorm/Mul,rms,rms_gpu_bfyx_opt__f16,704,false,false,1,1,rms_gpu_bfyx_opt_10690270683970839748_0_0__sa,gtpin_total_execution_cycles,1798980,cycles,256,1798980
n1_i7,7,1,7,performance,layers.*/self_attn,/model/layers.11/self_attn/Add,RoPE,RoPE,rope:/model/layers.11/self_attn/Add,rope:/model/layers.11/self_attn/Add,rope,ocl::rope::opt___f16,680,false,false,1,1,rope_opt__13889706310558783765__sa,gtpin_total_execution_cycles,808470,cycles,64,808470
n1_i7,7,1,7,performance,layers.*/self_attn,/model/layers.11/self_attn/Add_1,RoPE,RoPE,rope:/model/layers.11/self_attn/Add_1,rope:/model/layers.11/self_attn/Add_1,rope,ocl::rope::opt___f16,681,false,false,1,1,rope_opt__6960924190377492479__sa,gtpin_total_execution_cycles,65854,cycles,8,65854
n1_i7,7,1,7,performance,layers.*/self_attn,/model/layers.11/self_attn/Expand,Broadcast,Broadcast,broadcast:/model/layers.11/self_attn/Expand,broadcast:/model/layers.11/self_attn/Expand,broadcast,broadcast_gpu_ref__f16,693,false,false,1,1,broadcast_gpu_ref_6456514822857321615_0_0__sa,gtpin_total_execution_cycles,3949978,cycles,1024,3949978
n1_i7,7,1,7,performance,layers.*/self_attn,/model/layers.11/self_attn/Expand_1,Broadcast,Broadcast,broadcast:/model/layers.11/self_attn/Expand_1,broadcast:/model/layers.11/self_attn/Expand_1,broadcast,broadcast_gpu_ref__f16,686,false,false,1,1,broadcast_gpu_ref_6456514822857321615_0_0__sa,gtpin_total_execution_cycles,4472692,cycles,1024,4472692
n1_i7,7,1,7,performance,layers.*/self_attn,/model/layers.11/self_attn/IsNaN,IsNaN,IsNaN,isnan:/model/layers.11/self_attn/IsNaN,isnan:/model/layers.11/self_attn/IsNaN,eltwise,generic_eltwise_ref__f16,699,false,false,1,1,generic_eltwise_ref_1696504087421334661_0_0__sa,gtpin_total_execution_cycles,1355684,cycles,256,1355684
n1_i7,7,1,7,performance,layers.*/self_attn,/model/layers.11/self_attn/MatMul,Gemm,Gemm,gemm:/model/layers.11/self_attn/MatMul,gemm:/model/layers.11/self_attn/MatMul,gemm,gemm_tiled_opt__f16,697,false,false,1,1,gemm_tiled_opt_7238579717421349067_1_0__sa,gtpin_total_execution_cycles,3595744,cycles,32,3595744
n1_i7,7,1,7,performance,layers.*/self_attn,/model/layers.11/self_attn/Mul_8,Multiply,Multiply,multiply:/model/layers.11/self_attn/Mul_8,multiply:/model/layers.11/self_attn/Mul_8,eltwise,generic_eltwise_ref__f16,683,false,false,1,1,generic_eltwise_ref_7125964068740378811_0_0__sa,gtpin_total_execution_cycles,5024648,cycles,1024,5024648
n1_i7,7,1,7,performance,layers.*/self_attn,/model/layers.11/self_attn/Softmax,Softmax,Softmax,softmax:/model/layers.11/self_attn/Softmax,softmax:/model/layers.11/self_attn/Softmax,softmax,softmax_gpu_bf__f16,698,false,false,1,1,softmax_gpu_bf_18392998524141771378_0_0__sa,gtpin_total_execution_cycles,8445505,cycles,512,8445505
n1_i7,7,1,7,performance,layers.*/self_attn,/model/layers.11/self_attn/Transpose_2,Transpose,Transpose,transpose:/model/layers.11/self_attn/Transpose_2,transpose:/model/layers.11/self_attn/Transpose_2,permute,permute_ref__f16,679,false,false,1,1,permute_ref_653960189515371720_0_0__sa,gtpin_total_execution_cycles,457230,cycles,128,457230
n1_i7,7,1,7,performance,layers.*/self_attn,/model/layers.11/self_attn/Transpose_3,Transpose,Transpose,transpose:/model/layers.11/self_attn/Transpose_3,transpose:/model/layers.11/self_attn/Transpose_3,permute,permute_ref__f16,696,false,false,1,1,permute_ref_17183202574580890641_0_0__sa,gtpin_total_execution_cycles,5236338,cycles,1024,5236338
n1_i7,7,1,7,performance,layers.*/self_attn,/model/layers.11/self_attn/Transpose_4,Gemm,Gemm,gemm:/model/layers.11/self_attn/Transpose_4,gemm:/model/layers.11/self_attn/Transpose_4,gemm,gemm_tiled_opt__f16,701,false,false,1,1,gemm_tiled_opt_12829285813189929928_0_0__sa,gtpin_total_execution_cycles,2269580,cycles,64,2269580
n1_i7,7,1,7,performance,layers.*/self_attn,/model/layers.11/self_attn/Where_2,Select,Select,select:/model/layers.11/self_attn/Where_2,select:/model/layers.11/self_attn/Where_2,select,select_gpu_ref__u8,694,false,false,1,1,select_gpu_ref_7464502897564813179_0_0__sa,gtpin_total_execution_cycles,40456,cycles,8,40456
n1_i7,7,1,7,performance,layers.*/self_attn,/model/layers.11/self_attn/Where_3,Select,Select,select:/model/layers.11/self_attn/Where_3,select:/model/layers.11/self_attn/Where_3,select,select_gpu_ref__u8,700,false,false,1,1,select_gpu_ref_5609897181611433017_0_0__sa,gtpin_total_execution_cycles,1564740,cycles,256,1564740
n1_i7,7,1,7,performance,layers.*/self_attn,/model/layers.11/self_attn/k_proj/MatMul,FullyConnected,FullyConnected,fullyconnected:/model/layers.11/self_attn/k_proj/MatMul,fullyconnected:/model/layers.11/self_attn/k_proj/MatMul,fully_connected,fully_connected_gpu_bf_tiled__f16,675,false,false,1,1,fully_connected_gpu_bf_tiled_17963963101609895522_0_0,gtpin_total_execution_cycles,3973270,cycles,8,3973270
n1_i7,7,1,7,performance,layers.*/self_attn,/model/layers.11/self_attn/o_proj/MatMul,FullyConnected,FullyConnected,fullyconnected:/model/layers.11/self_attn/o_proj/MatMul,fullyconnected:/model/layers.11/self_attn/o_proj/MatMul,fully_connected,fully_connected_gpu_bf_tiled__f16,703,false,false,1,1,fully_connected_gpu_bf_tiled_14284117615310227244_0_0,gtpin_total_execution_cycles,30204402,cycles,64,30204402
n1_i7,7,1,7,performance,layers.*/self_attn,/model/layers.11/self_attn/q_proj/MatMul,FullyConnected,FullyConnected,fullyconnected:/model/layers.11/self_attn/q_proj/MatMul,fullyconnected:/model/layers.11/self_attn/q_proj/MatMul,fully_connected,fully_connected_gpu_bf_tiled__f16,674,false,false,1,1,fully_connected_gpu_bf_tiled_5315586391497964380_0_0,gtpin_total_execution_cycles,30846536,cycles,64,30846536
n1_i7,7,1,7,performance,layers.*/self_attn,/model/layers.11/self_attn/v_proj/MatMul,FullyConnected,FullyConnected,fullyconnected:/model/layers.11/self_attn/v_proj/MatMul,fullyconnected:/model/layers.11/self_attn/v_proj/MatMul,fully_connected,fully_connected_gpu_bf_tiled__f16,673,false,false,1,1,fully_connected_gpu_bf_tiled_17963963101609895522_0_0,gtpin_total_execution_cycles,3781980,cycles,8,3781980
n1_i7,7,1,7,performance,layers.*/input_layernorm,/model/layers.12/input_layernorm/Mul,RMS,RMS,rms:/model/layers.12/input_layernorm/Mul,rms:/model/layers.12/input_layernorm/Mul,rms,rms_gpu_bfyx_opt__f16,708,false,false,1,1,rms_gpu_bfyx_opt_10690270683970839748_0_0__sa,gtpin_total_execution_cycles,1643798,cycles,256,1643798
n1_i7,7,1,7,performance,layers.*/mlp,/model/layers.12/mlp/down_proj/MatMul,FullyConnected,FullyConnected,fullyconnected:/model/layers.12/mlp/down_proj/MatMul,fullyconnected:/model/layers.12/mlp/down_proj/MatMul,fully_connected,fully_connected_gpu_bf_tiled__f16,743,false,false,1,1,fully_connected_gpu_bf_tiled_2727911967636154657_0_0,gtpin_total_execution_cycles,79043500,cycles,64,79043500
n1_i7,7,1,7,performance,layers.*/mlp,/model/layers.12/mlp/gate_proj/MatMul,FullyConnected,FullyConnected,fullyconnected:/model/layers.12/mlp/gate_proj/MatMul,fullyconnected:/model/layers.12/mlp/gate_proj/MatMul,fully_connected,fully_connected_gpu_bf_tiled__f16,742,false,false,1,1,fully_connected_gpu_bf_tiled_9957149419786459120_0_0,gtpin_total_execution_cycles,131361538,cycles,176,131361538
n1_i7,7,1,7,performance,layers.*/mlp,/model/layers.12/mlp/up_proj/MatMul,FullyConnected,FullyConnected,fullyconnected:/model/layers.12/mlp/up_proj/MatMul,fullyconnected:/model/layers.12/mlp/up_proj/MatMul,fully_connected,fully_connected_gpu_bf_tiled__f16,741,false,false,1,1,fully_connected_gpu_bf_tiled_2740906288179525049_0_0,gtpin_total_execution_cycles,113343602,cycles,176,113343602
n1_i7,7,1,7,performance,layers.*/post_attention_layernorm,/model/layers.12/post_attention_layernorm/Mul,RMS,RMS,rms:/model/layers.12/post_attention_layernorm/Mul,rms:/model/layers.12/post_attention_layernorm/Mul,rms,rms_gpu_bfyx_opt__f16,740,false,false,1,1,rms_gpu_bfyx_opt_10690270683970839748_0_0__sa,gtpin_total_execution_cycles,1949802,cycles,256,1949802
n1_i7,7,1,7,performance,layers.*/self_attn,/model/layers.12/self_attn/Add,RoPE,RoPE,rope:/model/layers.12/self_attn/Add,rope:/model/layers.12/self_attn/Add,rope,ocl::rope::opt___f16,716,false,false,1,1,rope_opt__13889706310558783765__sa,gtpin_total_execution_cycles,985926,cycles,64,985926
n1_i7,7,1,7,performance,layers.*/self_attn,/model/layers.12/self_attn/Add_1,RoPE,RoPE,rope:/model/layers.12/self_attn/Add_1,rope:/model/layers.12/self_attn/Add_1,rope,ocl::rope::opt___f16,717,false,false,1,1,rope_opt__6960924190377492479__sa,gtpin_total_execution_cycles,67682,cycles,8,67682
n1_i7,7,1,7,performance,layers.*/self_attn,/model/layers.12/self_attn/Expand,Broadcast,Broadcast,broadcast:/model/layers.12/self_attn/Expand,broadcast:/model/layers.12/self_attn/Expand,broadcast,broadcast_gpu_ref__f16,729,false,false,1,1,broadcast_gpu_ref_6456514822857321615_0_0__sa,gtpin_total_execution_cycles,4220270,cycles,1024,4220270
n1_i7,7,1,7,performance,layers.*/self_attn,/model/layers.12/self_attn/Expand_1,Broadcast,Broadcast,broadcast:/model/layers.12/self_attn/Expand_1,broadcast:/model/layers.12/self_attn/Expand_1,broadcast,broadcast_gpu_ref__f16,722,false,false,1,1,broadcast_gpu_ref_6456514822857321615_0_0__sa,gtpin_total_execution_cycles,4564304,cycles,1024,4564304
n1_i7,7,1,7,performance,layers.*/self_attn,/model/layers.12/self_attn/IsNaN,IsNaN,IsNaN,isnan:/model/layers.12/self_attn/IsNaN,isnan:/model/layers.12/self_attn/IsNaN,eltwise,generic_eltwise_ref__f16,735,false,false,1,1,generic_eltwise_ref_1696504087421334661_0_0__sa,gtpin_total_execution_cycles,1177968,cycles,256,1177968
n1_i7,7,1,7,performance,layers.*/self_attn,/model/layers.12/self_attn/MatMul,Gemm,Gemm,gemm:/model/layers.12/self_attn/MatMul,gemm:/model/layers.12/self_attn/MatMul,gemm,gemm_tiled_opt__f16,733,false,false,1,1,gemm_tiled_opt_7238579717421349067_1_0__sa,gtpin_total_execution_cycles,3726750,cycles,32,3726750
n1_i7,7,1,7,performance,layers.*/self_attn,/model/layers.12/self_attn/Mul_8,Multiply,Multiply,multiply:/model/layers.12/self_attn/Mul_8,multiply:/model/layers.12/self_attn/Mul_8,eltwise,generic_eltwise_ref__f16,719,false,false,1,1,generic_eltwise_ref_7125964068740378811_0_0__sa,gtpin_total_execution_cycles,4663684,cycles,1024,4663684
n1_i7,7,1,7,performance,layers.*/self_attn,/model/layers.12/self_attn/Softmax,Softmax,Softmax,softmax:/model/layers.12/self_attn/Softmax,softmax:/model/layers.12/self_attn/Softmax,softmax,softmax_gpu_bf__f16,734,false,false,1,1,softmax_gpu_bf_18392998524141771378_0_0__sa,gtpin_total_execution_cycles,8115734,cycles,512,8115734
n1_i7,7,1,7,performance,layers.*/self_attn,/model/layers.12/self_attn/Transpose_2,Transpose,Transpose,transpose:/model/layers.12/self_attn/Transpose_2,transpose:/model/layers.12/self_attn/Transpose_2,permute,permute_ref__f16,715,false,false,1,1,permute_ref_653960189515371720_0_0__sa,gtpin_total_execution_cycles,553532,cycles,128,553532
n1_i7,7,1,7,performance,layers.*/self_attn,/model/layers.12/self_attn/Transpose_3,Transpose,Transpose,transpose:/model/layers.12/self_attn/Transpose_3,transpose:/model/layers.12/self_attn/Transpose_3,permute,permute_ref__f16,732,false,false,1,1,permute_ref_17183202574580890641_0_0__sa,gtpin_total_execution_cycles,5128914,cycles,1024,5128914
n1_i7,7,1,7,performance,layers.*/self_attn,/model/layers.12/self_attn/Transpose_4,Gemm,Gemm,gemm:/model/layers.12/self_attn/Transpose_4,gemm:/model/layers.12/self_attn/Transpose_4,gemm,gemm_tiled_opt__f16,737,false,false,1,1,gemm_tiled_opt_12829285813189929928_0_0__sa,gtpin_total_execution_cycles,2102468,cycles,64,2102468
n1_i7,7,1,7,performance,layers.*/self_attn,/model/layers.12/self_attn/Where_2,Select,Select,select:/model/layers.12/self_attn/Where_2,select:/model/layers.12/self_attn/Where_2,select,select_gpu_ref__u8,730,false,false,1,1,select_gpu_ref_7464502897564813179_0_0__sa,gtpin_total_execution_cycles,37676,cycles,8,37676
n1_i7,7,1,7,performance,layers.*/self_attn,/model/layers.12/self_attn/Where_3,Select,Select,select:/model/layers.12/self_attn/Where_3,select:/model/layers.12/self_attn/Where_3,select,select_gpu_ref__u8,736,false,false,1,1,select_gpu_ref_5609897181611433017_0_0__sa,gtpin_total_execution_cycles,1608716,cycles,256,1608716
n1_i7,7,1,7,performance,layers.*/self_attn,/model/layers.12/self_attn/k_proj/MatMul,FullyConnected,FullyConnected,fullyconnected:/model/layers.12/self_attn/k_proj/MatMul,fullyconnected:/model/layers.12/self_attn/k_proj/MatMul,fully_connected,fully_connected_gpu_bf_tiled__f16,711,false,false,1,1,fully_connected_gpu_bf_tiled_17963963101609895522_0_0,gtpin_total_execution_cycles,4054870,cycles,8,4054870
n1_i7,7,1,7,performance,layers.*/self_attn,/model/layers.12/self_attn/o_proj/MatMul,FullyConnected,FullyConnected,fullyconnected:/model/layers.12/self_attn/o_proj/MatMul,fullyconnected:/model/layers.12/self_attn/o_proj/MatMul,fully_connected,fully_connected_gpu_bf_tiled__f16,739,false,false,1,1,fully_connected_gpu_bf_tiled_14284117615310227244_0_0,gtpin_total_execution_cycles,28975734,cycles,64,28975734
n1_i7,7,1,7,performance,layers.*/self_attn,/model/layers.12/self_attn/q_proj/MatMul,FullyConnected,FullyConnected,fullyconnected:/model/layers.12/self_attn/q_proj/MatMul,fullyconnected:/model/layers.12/self_attn/q_proj/MatMul,fully_connected,fully_connected_gpu_bf_tiled__f16,710,false,false,1,1,fully_connected_gpu_bf_tiled_5315586391497964380_0_0,gtpin_total_execution_cycles,31287288,cycles,64,31287288
n1_i7,7,1,7,performance,layers.*/self_attn,/model/layers.12/self_attn/v_proj/MatMul,FullyConnected,FullyConnected,fullyconnected:/model/layers.12/self_attn/v_proj/MatMul,fullyconnected:/model/layers.12/self_attn/v_proj/MatMul,fully_connected,fully_connected_gpu_bf_tiled__f16,709,false,false,1,1,fully_connected_gpu_bf_tiled_17963963101609895522_0_0,gtpin_total_execution_cycles,3804136,cycles,8,3804136
n1_i7,7,1,7,performance,layers.*/input_layernorm,/model/layers.13/input_layernorm/Mul,RMS,RMS,rms:/model/layers.13/input_layernorm/Mul,rms:/model/layers.13/input_layernorm/Mul,rms,rms_gpu_bfyx_opt__f16,744,false,false,1,1,rms_gpu_bfyx_opt_10690270683970839748_0_0__sa,gtpin_total_execution_cycles,1769646,cycles,256,1769646
n1_i7,7,1,7,performance,layers.*/mlp,/model/layers.13/mlp/down_proj/MatMul,FullyConnected,FullyConnected,fullyconnected:/model/layers.13/mlp/down_proj/MatMul,fullyconnected:/model/layers.13/mlp/down_proj/MatMul,fully_connected,fully_connected_gpu_bf_tiled__f16,779,false,false,1,1,fully_connected_gpu_bf_tiled_2727911967636154657_0_0,gtpin_total_execution_cycles,78917262,cycles,64,78917262
n1_i7,7,1,7,performance,layers.*/mlp,/model/layers.13/mlp/gate_proj/MatMul,FullyConnected,FullyConnected,fullyconnected:/model/layers.13/mlp/gate_proj/MatMul,fullyconnected:/model/layers.13/mlp/gate_proj/MatMul,fully_connected,fully_connected_gpu_bf_tiled__f16,778,false,false,1,1,fully_connected_gpu_bf_tiled_9957149419786459120_0_0,gtpin_total_execution_cycles,111208232,cycles,176,111208232
n1_i7,7,1,7,performance,layers.*/mlp,/model/layers.13/mlp/up_proj/MatMul,FullyConnected,FullyConnected,fullyconnected:/model/layers.13/mlp/up_proj/MatMul,fullyconnected:/model/layers.13/mlp/up_proj/MatMul,fully_connected,fully_connected_gpu_bf_tiled__f16,777,false,false,1,1,fully_connected_gpu_bf_tiled_2740906288179525049_0_0,gtpin_total_execution_cycles,102317814,cycles,176,102317814
n1_i7,7,1,7,performance,layers.*/post_attention_layernorm,/model/layers.13/post_attention_layernorm/Mul,RMS,RMS,rms:/model/layers.13/post_attention_layernorm/Mul,rms:/model/layers.13/post_attention_layernorm/Mul,rms,rms_gpu_bfyx_opt__f16,776,false,false,1,1,rms_gpu_bfyx_opt_10690270683970839748_0_0__sa,gtpin_total_execution_cycles,1726076,cycles,256,1726076
n1_i7,7,1,7,performance,layers.*/self_attn,/model/layers.13/self_attn/Add,RoPE,RoPE,rope:/model/layers.13/self_attn/Add,rope:/model/layers.13/self_attn/Add,rope,ocl::rope::opt___f16,752,false,false,1,1,rope_opt__13889706310558783765__sa,gtpin_total_execution_cycles,1011634,cycles,64,1011634
n1_i7,7,1,7,performance,layers.*/self_attn,/model/layers.13/self_attn/Add_1,RoPE,RoPE,rope:/model/layers.13/self_attn/Add_1,rope:/model/layers.13/self_attn/Add_1,rope,ocl::rope::opt___f16,753,false,false,1,1,rope_opt__6960924190377492479__sa,gtpin_total_execution_cycles,79666,cycles,8,79666
n1_i7,7,1,7,performance,layers.*/self_attn,/model/layers.13/self_attn/Expand,Broadcast,Broadcast,broadcast:/model/layers.13/self_attn/Expand,broadcast:/model/layers.13/self_attn/Expand,broadcast,broadcast_gpu_ref__f16,765,false,false,1,1,broadcast_gpu_ref_6456514822857321615_0_0__sa,gtpin_total_execution_cycles,5365544,cycles,1024,5365544
n1_i7,7,1,7,performance,layers.*/self_attn,/model/layers.13/self_attn/Expand_1,Broadcast,Broadcast,broadcast:/model/layers.13/self_attn/Expand_1,broadcast:/model/layers.13/self_attn/Expand_1,broadcast,broadcast_gpu_ref__f16,758,false,false,1,1,broadcast_gpu_ref_6456514822857321615_0_0__sa,gtpin_total_execution_cycles,4220870,cycles,1024,4220870
n1_i7,7,1,7,performance,layers.*/self_attn,/model/layers.13/self_attn/IsNaN,IsNaN,IsNaN,isnan:/model/layers.13/self_attn/IsNaN,isnan:/model/layers.13/self_attn/IsNaN,eltwise,generic_eltwise_ref__f16,771,false,false,1,1,generic_eltwise_ref_1696504087421334661_0_0__sa,gtpin_total_execution_cycles,1212278,cycles,256,1212278
n1_i7,7,1,7,performance,layers.*/self_attn,/model/layers.13/self_attn/MatMul,Gemm,Gemm,gemm:/model/layers.13/self_attn/MatMul,gemm:/model/layers.13/self_attn/MatMul,gemm,gemm_tiled_opt__f16,769,false,false,1,1,gemm_tiled_opt_7238579717421349067_1_0__sa,gtpin_total_execution_cycles,3429302,cycles,32,3429302
n1_i7,7,1,7,performance,layers.*/self_attn,/model/layers.13/self_attn/Mul_8,Multiply,Multiply,multiply:/model/layers.13/self_attn/Mul_8,multiply:/model/layers.13/self_attn/Mul_8,eltwise,generic_eltwise_ref__f16,755,false,false,1,1,generic_eltwise_ref_7125964068740378811_0_0__sa,gtpin_total_execution_cycles,4261534,cycles,1024,4261534
n1_i7,7,1,7,performance,layers.*/self_attn,/model/layers.13/self_attn/Softmax,Softmax,Softmax,softmax:/model/layers.13/self_attn/Softmax,softmax:/model/layers.13/self_attn/Softmax,softmax,softmax_gpu_bf__f16,770,false,false,1,1,softmax_gpu_bf_18392998524141771378_0_0__sa,gtpin_total_execution_cycles,8053018,cycles,512,8053018
n1_i7,7,1,7,performance,layers.*/self_attn,/model/layers.13/self_attn/Transpose_2,Transpose,Transpose,transpose:/model/layers.13/self_attn/Transpose_2,transpose:/model/layers.13/self_attn/Transpose_2,permute,permute_ref__f16,751,false,false,1,1,permute_ref_653960189515371720_0_0__sa,gtpin_total_execution_cycles,699702,cycles,128,699702
n1_i7,7,1,7,performance,layers.*/self_attn,/model/layers.13/self_attn/Transpose_3,Transpose,Transpose,transpose:/model/layers.13/self_attn/Transpose_3,transpose:/model/layers.13/self_attn/Transpose_3,permute,permute_ref__f16,768,false,false,1,1,permute_ref_17183202574580890641_0_0__sa,gtpin_total_execution_cycles,5734616,cycles,1024,5734616
n1_i7,7,1,7,performance,layers.*/self_attn,/model/layers.13/self_attn/Transpose_4,Gemm,Gemm,gemm:/model/layers.13/self_attn/Transpose_4,gemm:/model/layers.13/self_attn/Transpose_4,gemm,gemm_tiled_opt__f16,773,false,false,1,1,gemm_tiled_opt_12829285813189929928_0_0__sa,gtpin_total_execution_cycles,2067870,cycles,64,2067870
n1_i7,7,1,7,performance,layers.*/self_attn,/model/layers.13/self_attn/Where_2,Select,Select,select:/model/layers.13/self_attn/Where_2,select:/model/layers.13/self_attn/Where_2,select,select_gpu_ref__u8,766,false,false,1,1,select_gpu_ref_7464502897564813179_0_0__sa,gtpin_total_execution_cycles,37636,cycles,8,37636
n1_i7,7,1,7,performance,layers.*/self_attn,/model/layers.13/self_attn/Where_3,Select,Select,select:/model/layers.13/self_attn/Where_3,select:/model/layers.13/self_attn/Where_3,select,select_gpu_ref__u8,772,false,false,1,1,select_gpu_ref_5609897181611433017_0_0__sa,gtpin_total_execution_cycles,1690194,cycles,256,1690194
n1_i7,7,1,7,performance,layers.*/self_attn,/model/layers.13/self_attn/k_proj/MatMul,FullyConnected,FullyConnected,fullyconnected:/model/layers.13/self_attn/k_proj/MatMul,fullyconnected:/model/layers.13/self_attn/k_proj/MatMul,fully_connected,fully_connected_gpu_bf_tiled__f16,747,false,false,1,1,fully_connected_gpu_bf_tiled_17963963101609895522_0_0,gtpin_total_execution_cycles,3726292,cycles,8,3726292
n1_i7,7,1,7,performance,layers.*/self_attn,/model/layers.13/self_attn/o_proj/MatMul,FullyConnected,FullyConnected,fullyconnected:/model/layers.13/self_attn/o_proj/MatMul,fullyconnected:/model/layers.13/self_attn/o_proj/MatMul,fully_connected,fully_connected_gpu_bf_tiled__f16,775,false,false,1,1,fully_connected_gpu_bf_tiled_14284117615310227244_0_0,gtpin_total_execution_cycles,27886180,cycles,64,27886180
n1_i7,7,1,7,performance,layers.*/self_attn,/model/layers.13/self_attn/q_proj/MatMul,FullyConnected,FullyConnected,fullyconnected:/model/layers.13/self_attn/q_proj/MatMul,fullyconnected:/model/layers.13/self_attn/q_proj/MatMul,fully_connected,fully_connected_gpu_bf_tiled__f16,746,false,false,1,1,fully_connected_gpu_bf_tiled_5315586391497964380_0_0,gtpin_total_execution_cycles,28927284,cycles,64,28927284
n1_i7,7,1,7,performance,layers.*/self_attn,/model/layers.13/self_attn/v_proj/MatMul,FullyConnected,FullyConnected,fullyconnected:/model/layers.13/self_attn/v_proj/MatMul,fullyconnected:/model/layers.13/self_attn/v_proj/MatMul,fully_connected,fully_connected_gpu_bf_tiled__f16,745,false,false,1,1,fully_connected_gpu_bf_tiled_17963963101609895522_0_0,gtpin_total_execution_cycles,3530818,cycles,8,3530818
n1_i7,7,1,7,performance,layers.*/input_layernorm,/model/layers.14/input_layernorm/Mul,RMS,RMS,rms:/model/layers.14/input_layernorm/Mul,rms:/model/layers.14/input_layernorm/Mul,rms,rms_gpu_bfyx_opt__f16,780,false,false,1,1,rms_gpu_bfyx_opt_10690270683970839748_0_0__sa,gtpin_total_execution_cycles,1783178,cycles,256,1783178
n1_i7,7,1,7,performance,layers.*/mlp,/model/layers.14/mlp/down_proj/MatMul,FullyConnected,FullyConnected,fullyconnected:/model/layers.14/mlp/down_proj/MatMul,fullyconnected:/model/layers.14/mlp/down_proj/MatMul,fully_connected,fully_connected_gpu_bf_tiled__f16,815,false,false,1,1,fully_connected_gpu_bf_tiled_2727911967636154657_0_0,gtpin_total_execution_cycles,74669678,cycles,64,74669678
n1_i7,7,1,7,performance,layers.*/mlp,/model/layers.14/mlp/gate_proj/MatMul,FullyConnected,FullyConnected,fullyconnected:/model/layers.14/mlp/gate_proj/MatMul,fullyconnected:/model/layers.14/mlp/gate_proj/MatMul,fully_connected,fully_connected_gpu_bf_tiled__f16,814,false,false,1,1,fully_connected_gpu_bf_tiled_9957149419786459120_0_0,gtpin_total_execution_cycles,105130802,cycles,176,105130802
n1_i7,7,1,7,performance,layers.*/mlp,/model/layers.14/mlp/up_proj/MatMul,FullyConnected,FullyConnected,fullyconnected:/model/layers.14/mlp/up_proj/MatMul,fullyconnected:/model/layers.14/mlp/up_proj/MatMul,fully_connected,fully_connected_gpu_bf_tiled__f16,813,false,false,1,1,fully_connected_gpu_bf_tiled_2740906288179525049_0_0,gtpin_total_execution_cycles,100416440,cycles,176,100416440
n1_i7,7,1,7,performance,layers.*/post_attention_layernorm,/model/layers.14/post_attention_layernorm/Mul,RMS,RMS,rms:/model/layers.14/post_attention_layernorm/Mul,rms:/model/layers.14/post_attention_layernorm/Mul,rms,rms_gpu_bfyx_opt__f16,812,false,false,1,1,rms_gpu_bfyx_opt_10690270683970839748_0_0__sa,gtpin_total_execution_cycles,1795802,cycles,256,1795802
n1_i7,7,1,7,performance,layers.*/self_attn,/model/layers.14/self_attn/Add,RoPE,RoPE,rope:/model/layers.14/self_attn/Add,rope:/model/layers.14/self_attn/Add,rope,ocl::rope::opt___f16,788,false,false,1,1,rope_opt__13889706310558783765__sa,gtpin_total_execution_cycles,1000942,cycles,64,1000942
n1_i7,7,1,7,performance,layers.*/self_attn,/model/layers.14/self_attn/Add_1,RoPE,RoPE,rope:/model/layers.14/self_attn/Add_1,rope:/model/layers.14/self_attn/Add_1,rope,ocl::rope::opt___f16,789,false,false,1,1,rope_opt__6960924190377492479__sa,gtpin_total_execution_cycles,62598,cycles,8,62598
n1_i7,7,1,7,performance,layers.*/self_attn,/model/layers.14/self_attn/Expand,Broadcast,Broadcast,broadcast:/model/layers.14/self_attn/Expand,broadcast:/model/layers.14/self_attn/Expand,broadcast,broadcast_gpu_ref__f16,801,false,false,1,1,broadcast_gpu_ref_6456514822857321615_0_0__sa,gtpin_total_execution_cycles,5497042,cycles,1024,5497042
n1_i7,7,1,7,performance,layers.*/self_attn,/model/layers.14/self_attn/Expand_1,Broadcast,Broadcast,broadcast:/model/layers.14/self_attn/Expand_1,broadcast:/model/layers.14/self_attn/Expand_1,broadcast,broadcast_gpu_ref__f16,794,false,false,1,1,broadcast_gpu_ref_6456514822857321615_0_0__sa,gtpin_total_execution_cycles,4216354,cycles,1024,4216354
n1_i7,7,1,7,performance,layers.*/self_attn,/model/layers.14/self_attn/IsNaN,IsNaN,IsNaN,isnan:/model/layers.14/self_attn/IsNaN,isnan:/model/layers.14/self_attn/IsNaN,eltwise,generic_eltwise_ref__f16,807,false,false,1,1,generic_eltwise_ref_1696504087421334661_0_0__sa,gtpin_total_execution_cycles,1201258,cycles,256,1201258
n1_i7,7,1,7,performance,layers.*/self_attn,/model/layers.14/self_attn/MatMul,Gemm,Gemm,gemm:/model/layers.14/self_attn/MatMul,gemm:/model/layers.14/self_attn/MatMul,gemm,gemm_tiled_opt__f16,805,false,false,1,1,gemm_tiled_opt_7238579717421349067_1_0__sa,gtpin_total_execution_cycles,3412898,cycles,32,3412898
n1_i7,7,1,7,performance,layers.*/self_attn,/model/layers.14/self_attn/Mul_8,Multiply,Multiply,multiply:/model/layers.14/self_attn/Mul_8,multiply:/model/layers.14/self_attn/Mul_8,eltwise,generic_eltwise_ref__f16,791,false,false,1,1,generic_eltwise_ref_7125964068740378811_0_0__sa,gtpin_total_execution_cycles,4484976,cycles,1024,4484976
n1_i7,7,1,7,performance,layers.*/self_attn,/model/layers.14/self_attn/Softmax,Softmax,Softmax,softmax:/model/layers.14/self_attn/Softmax,softmax:/model/layers.14/self_attn/Softmax,softmax,softmax_gpu_bf__f16,806,false,false,1,1,softmax_gpu_bf_18392998524141771378_0_0__sa,gtpin_total_execution_cycles,7848643,cycles,512,7848643
n1_i7,7,1,7,performance,layers.*/self_attn,/model/layers.14/self_attn/Transpose_2,Transpose,Transpose,transpose:/model/layers.14/self_attn/Transpose_2,transpose:/model/layers.14/self_attn/Transpose_2,permute,permute_ref__f16,787,false,false,1,1,permute_ref_653960189515371720_0_0__sa,gtpin_total_execution_cycles,455636,cycles,128,455636
n1_i7,7,1,7,performance,layers.*/self_attn,/model/layers.14/self_attn/Transpose_3,Transpose,Transpose,transpose:/model/layers.14/self_attn/Transpose_3,transpose:/model/layers.14/self_attn/Transpose_3,permute,permute_ref__f16,804,false,false,1,1,permute_ref_17183202574580890641_0_0__sa,gtpin_total_execution_cycles,5076666,cycles,1024,5076666
n1_i7,7,1,7,performance,layers.*/self_attn,/model/layers.14/self_attn/Transpose_4,Gemm,Gemm,gemm:/model/layers.14/self_attn/Transpose_4,gemm:/model/layers.14/self_attn/Transpose_4,gemm,gemm_tiled_opt__f16,809,false,false,1,1,gemm_tiled_opt_12829285813189929928_0_0__sa,gtpin_total_execution_cycles,2054962,cycles,64,2054962
n1_i7,7,1,7,performance,layers.*/self_attn,/model/layers.14/self_attn/Where_2,Select,Select,select:/model/layers.14/self_attn/Where_2,select:/model/layers.14/self_attn/Where_2,select,select_gpu_ref__u8,802,false,false,1,1,select_gpu_ref_7464502897564813179_0_0__sa,gtpin_total_execution_cycles,39190,cycles,8,39190
n1_i7,7,1,7,performance,layers.*/self_attn,/model/layers.14/self_attn/Where_3,Select,Select,select:/model/layers.14/self_attn/Where_3,select:/model/layers.14/self_attn/Where_3,select,select_gpu_ref__u8,808,false,false,1,1,select_gpu_ref_5609897181611433017_0_0__sa,gtpin_total_execution_cycles,1436356,cycles,256,1436356
n1_i7,7,1,7,performance,layers.*/self_attn,/model/layers.14/self_attn/k_proj/MatMul,FullyConnected,FullyConnected,fullyconnected:/model/layers.14/self_attn/k_proj/MatMul,fullyconnected:/model/layers.14/self_attn/k_proj/MatMul,fully_connected,fully_connected_gpu_bf_tiled__f16,783,false,false,1,1,fully_connected_gpu_bf_tiled_17963963101609895522_0_0,gtpin_total_execution_cycles,3755218,cycles,8,3755218
n1_i7,7,1,7,performance,layers.*/self_attn,/model/layers.14/self_attn/o_proj/MatMul,FullyConnected,FullyConnected,fullyconnected:/model/layers.14/self_attn/o_proj/MatMul,fullyconnected:/model/layers.14/self_attn/o_proj/MatMul,fully_connected,fully_connected_gpu_bf_tiled__f16,811,false,false,1,1,fully_connected_gpu_bf_tiled_14284117615310227244_0_0,gtpin_total_execution_cycles,28380364,cycles,64,28380364
n1_i7,7,1,7,performance,layers.*/self_attn,/model/layers.14/self_attn/q_proj/MatMul,FullyConnected,FullyConnected,fullyconnected:/model/layers.14/self_attn/q_proj/MatMul,fullyconnected:/model/layers.14/self_attn/q_proj/MatMul,fully_connected,fully_connected_gpu_bf_tiled__f16,782,false,false,1,1,fully_connected_gpu_bf_tiled_5315586391497964380_0_0,gtpin_total_execution_cycles,29145700,cycles,64,29145700
n1_i7,7,1,7,performance,layers.*/self_attn,/model/layers.14/self_attn/v_proj/MatMul,FullyConnected,FullyConnected,fullyconnected:/model/layers.14/self_attn/v_proj/MatMul,fullyconnected:/model/layers.14/self_attn/v_proj/MatMul,fully_connected,fully_connected_gpu_bf_tiled__f16,781,false,false,1,1,fully_connected_gpu_bf_tiled_17963963101609895522_0_0,gtpin_total_execution_cycles,3564266,cycles,8,3564266
n1_i7,7,1,7,performance,layers.*/input_layernorm,/model/layers.15/input_layernorm/Mul,RMS,RMS,rms:/model/layers.15/input_layernorm/Mul,rms:/model/layers.15/input_layernorm/Mul,rms,rms_gpu_bfyx_opt__f16,816,false,false,1,1,rms_gpu_bfyx_opt_10690270683970839748_0_0__sa,gtpin_total_execution_cycles,1941246,cycles,256,1941246
n1_i7,7,1,7,performance,layers.*/mlp,/model/layers.15/mlp/down_proj/MatMul,FullyConnected,FullyConnected,fullyconnected:/model/layers.15/mlp/down_proj/MatMul,fullyconnected:/model/layers.15/mlp/down_proj/MatMul,fully_connected,fully_connected_gpu_bf_tiled__f16,851,false,false,1,1,fully_connected_gpu_bf_tiled_2727911967636154657_0_0,gtpin_total_execution_cycles,75782656,cycles,64,75782656
n1_i7,7,1,7,performance,layers.*/mlp,/model/layers.15/mlp/gate_proj/MatMul,FullyConnected,FullyConnected,fullyconnected:/model/layers.15/mlp/gate_proj/MatMul,fullyconnected:/model/layers.15/mlp/gate_proj/MatMul,fully_connected,fully_connected_gpu_bf_tiled__f16,850,false,false,1,1,fully_connected_gpu_bf_tiled_9957149419786459120_0_0,gtpin_total_execution_cycles,109607640,cycles,176,109607640
n1_i7,7,1,7,performance,layers.*/mlp,/model/layers.15/mlp/up_proj/MatMul,FullyConnected,FullyConnected,fullyconnected:/model/layers.15/mlp/up_proj/MatMul,fullyconnected:/model/layers.15/mlp/up_proj/MatMul,fully_connected,fully_connected_gpu_bf_tiled__f16,849,false,false,1,1,fully_connected_gpu_bf_tiled_2740906288179525049_0_0,gtpin_total_execution_cycles,105490998,cycles,176,105490998
n1_i7,7,1,7,performance,layers.*/post_attention_layernorm,/model/layers.15/post_attention_layernorm/Mul,RMS,RMS,rms:/model/layers.15/post_attention_layernorm/Mul,rms:/model/layers.15/post_attention_layernorm/Mul,rms,rms_gpu_bfyx_opt__f16,848,false,false,1,1,rms_gpu_bfyx_opt_10690270683970839748_0_0__sa,gtpin_total_execution_cycles,1808314,cycles,256,1808314
n1_i7,7,1,7,performance,layers.*/self_attn,/model/layers.15/self_attn/Add,RoPE,RoPE,rope:/model/layers.15/self_attn/Add,rope:/model/layers.15/self_attn/Add,rope,ocl::rope::opt___f16,824,false,false,1,1,rope_opt__13889706310558783765__sa,gtpin_total_execution_cycles,845912,cycles,64,845912
n1_i7,7,1,7,performance,layers.*/self_attn,/model/layers.15/self_attn/Add_1,RoPE,RoPE,rope:/model/layers.15/self_attn/Add_1,rope:/model/layers.15/self_attn/Add_1,rope,ocl::rope::opt___f16,825,false,false,1,1,rope_opt__6960924190377492479__sa,gtpin_total_execution_cycles,67842,cycles,8,67842
n1_i7,7,1,7,performance,layers.*/self_attn,/model/layers.15/self_attn/Expand,Broadcast,Broadcast,broadcast:/model/layers.15/self_attn/Expand,broadcast:/model/layers.15/self_attn/Expand,broadcast,broadcast_gpu_ref__f16,837,false,false,1,1,broadcast_gpu_ref_6456514822857321615_0_0__sa,gtpin_total_execution_cycles,3619736,cycles,1024,3619736
n1_i7,7,1,7,performance,layers.*/self_attn,/model/layers.15/self_attn/Expand_1,Broadcast,Broadcast,broadcast:/model/layers.15/self_attn/Expand_1,broadcast:/model/layers.15/self_attn/Expand_1,broadcast,broadcast_gpu_ref__f16,830,false,false,1,1,broadcast_gpu_ref_6456514822857321615_0_0__sa,gtpin_total_execution_cycles,4702766,cycles,1024,4702766
n1_i7,7,1,7,performance,layers.*/self_attn,/model/layers.15/self_attn/IsNaN,IsNaN,IsNaN,isnan:/model/layers.15/self_attn/IsNaN,isnan:/model/layers.15/self_attn/IsNaN,eltwise,generic_eltwise_ref__f16,843,false,false,1,1,generic_eltwise_ref_1696504087421334661_0_0__sa,gtpin_total_execution_cycles,1292288,cycles,256,1292288
n1_i7,7,1,7,performance,layers.*/self_attn,/model/layers.15/self_attn/MatMul,Gemm,Gemm,gemm:/model/layers.15/self_attn/MatMul,gemm:/model/layers.15/self_attn/MatMul,gemm,gemm_tiled_opt__f16,841,false,false,1,1,gemm_tiled_opt_7238579717421349067_1_0__sa,gtpin_total_execution_cycles,3477510,cycles,32,3477510
n1_i7,7,1,7,performance,layers.*/self_attn,/model/layers.15/self_attn/Mul_8,Multiply,Multiply,multiply:/model/layers.15/self_attn/Mul_8,multiply:/model/layers.15/self_attn/Mul_8,eltwise,generic_eltwise_ref__f16,827,false,false,1,1,generic_eltwise_ref_7125964068740378811_0_0__sa,gtpin_total_execution_cycles,4387778,cycles,1024,4387778
n1_i7,7,1,7,performance,layers.*/self_attn,/model/layers.15/self_attn/Softmax,Softmax,Softmax,softmax:/model/layers.15/self_attn/Softmax,softmax:/model/layers.15/self_attn/Softmax,softmax,softmax_gpu_bf__f16,842,false,false,1,1,softmax_gpu_bf_18392998524141771378_0_0__sa,gtpin_total_execution_cycles,8058690,cycles,512,8058690
n1_i7,7,1,7,performance,layers.*/self_attn,/model/layers.15/self_attn/Transpose_2,Transpose,Transpose,transpose:/model/layers.15/self_attn/Transpose_2,transpose:/model/layers.15/self_attn/Transpose_2,permute,permute_ref__f16,823,false,false,1,1,permute_ref_653960189515371720_0_0__sa,gtpin_total_execution_cycles,489432,cycles,128,489432
n1_i7,7,1,7,performance,layers.*/self_attn,/model/layers.15/self_attn/Transpose_3,Transpose,Transpose,transpose:/model/layers.15/self_attn/Transpose_3,transpose:/model/layers.15/self_attn/Transpose_3,permute,permute_ref__f16,840,false,false,1,1,permute_ref_17183202574580890641_0_0__sa,gtpin_total_execution_cycles,4975156,cycles,1024,4975156
n1_i7,7,1,7,performance,layers.*/self_attn,/model/layers.15/self_attn/Transpose_4,Gemm,Gemm,gemm:/model/layers.15/self_attn/Transpose_4,gemm:/model/layers.15/self_attn/Transpose_4,gemm,gemm_tiled_opt__f16,845,false,false,1,1,gemm_tiled_opt_12829285813189929928_0_0__sa,gtpin_total_execution_cycles,2147414,cycles,64,2147414
n1_i7,7,1,7,performance,layers.*/self_attn,/model/layers.15/self_attn/Where_2,Select,Select,select:/model/layers.15/self_attn/Where_2,select:/model/layers.15/self_attn/Where_2,select,select_gpu_ref__u8,838,false,false,1,1,select_gpu_ref_7464502897564813179_0_0__sa,gtpin_total_execution_cycles,43292,cycles,8,43292
n1_i7,7,1,7,performance,layers.*/self_attn,/model/layers.15/self_attn/Where_3,Select,Select,select:/model/layers.15/self_attn/Where_3,select:/model/layers.15/self_attn/Where_3,select,select_gpu_ref__u8,844,false,false,1,1,select_gpu_ref_5609897181611433017_0_0__sa,gtpin_total_execution_cycles,1404958,cycles,256,1404958
n1_i7,7,1,7,performance,layers.*/self_attn,/model/layers.15/self_attn/k_proj/MatMul,FullyConnected,FullyConnected,fullyconnected:/model/layers.15/self_attn/k_proj/MatMul,fullyconnected:/model/layers.15/self_attn/k_proj/MatMul,fully_connected,fully_connected_gpu_bf_tiled__f16,819,false,false,1,1,fully_connected_gpu_bf_tiled_17963963101609895522_0_0,gtpin_total_execution_cycles,3684936,cycles,8,3684936
n1_i7,7,1,7,performance,layers.*/self_attn,/model/layers.15/self_attn/o_proj/MatMul,FullyConnected,FullyConnected,fullyconnected:/model/layers.15/self_attn/o_proj/MatMul,fullyconnected:/model/layers.15/self_attn/o_proj/MatMul,fully_connected,fully_connected_gpu_bf_tiled__f16,847,false,false,1,1,fully_connected_gpu_bf_tiled_14284117615310227244_0_0,gtpin_total_execution_cycles,28309734,cycles,64,28309734
n1_i7,7,1,7,performance,layers.*/self_attn,/model/layers.15/self_attn/q_proj/MatMul,FullyConnected,FullyConnected,fullyconnected:/model/layers.15/self_attn/q_proj/MatMul,fullyconnected:/model/layers.15/self_attn/q_proj/MatMul,fully_connected,fully_connected_gpu_bf_tiled__f16,818,false,false,1,1,fully_connected_gpu_bf_tiled_5315586391497964380_0_0,gtpin_total_execution_cycles,28370986,cycles,64,28370986
n1_i7,7,1,7,performance,layers.*/self_attn,/model/layers.15/self_attn/v_proj/MatMul,FullyConnected,FullyConnected,fullyconnected:/model/layers.15/self_attn/v_proj/MatMul,fullyconnected:/model/layers.15/self_attn/v_proj/MatMul,fully_connected,fully_connected_gpu_bf_tiled__f16,817,false,false,1,1,fully_connected_gpu_bf_tiled_17963963101609895522_0_0,gtpin_total_execution_cycles,3465072,cycles,8,3465072
n1_i7,7,1,7,performance,layers.*/input_layernorm,/model/layers.16/input_layernorm/Mul,RMS,RMS,rms:/model/layers.16/input_layernorm/Mul,rms:/model/layers.16/input_layernorm/Mul,rms,rms_gpu_bfyx_opt__f16,852,false,false,1,1,rms_gpu_bfyx_opt_10690270683970839748_0_0__sa,gtpin_total_execution_cycles,1551088,cycles,256,1551088
n1_i7,7,1,7,performance,layers.*/mlp,/model/layers.16/mlp/down_proj/MatMul,FullyConnected,FullyConnected,fullyconnected:/model/layers.16/mlp/down_proj/MatMul,fullyconnected:/model/layers.16/mlp/down_proj/MatMul,fully_connected,fully_connected_gpu_bf_tiled__f16,887,false,false,1,1,fully_connected_gpu_bf_tiled_2727911967636154657_0_0,gtpin_total_execution_cycles,79155582,cycles,64,79155582
n1_i7,7,1,7,performance,layers.*/mlp,/model/layers.16/mlp/gate_proj/MatMul,FullyConnected,FullyConnected,fullyconnected:/model/layers.16/mlp/gate_proj/MatMul,fullyconnected:/model/layers.16/mlp/gate_proj/MatMul,fully_connected,fully_connected_gpu_bf_tiled__f16,886,false,false,1,1,fully_connected_gpu_bf_tiled_9957149419786459120_0_0,gtpin_total_execution_cycles,121129698,cycles,176,121129698
n1_i7,7,1,7,performance,layers.*/mlp,/model/layers.16/mlp/up_proj/MatMul,FullyConnected,FullyConnected,fullyconnected:/model/layers.16/mlp/up_proj/MatMul,fullyconnected:/model/layers.16/mlp/up_proj/MatMul,fully_connected,fully_connected_gpu_bf_tiled__f16,885,false,false,1,1,fully_connected_gpu_bf_tiled_2740906288179525049_0_0,gtpin_total_execution_cycles,102468572,cycles,176,102468572
n1_i7,7,1,7,performance,layers.*/post_attention_layernorm,/model/layers.16/post_attention_layernorm/Mul,RMS,RMS,rms:/model/layers.16/post_attention_layernorm/Mul,rms:/model/layers.16/post_attention_layernorm/Mul,rms,rms_gpu_bfyx_opt__f16,884,false,false,1,1,rms_gpu_bfyx_opt_10690270683970839748_0_0__sa,gtpin_total_execution_cycles,2071382,cycles,256,2071382
n1_i7,7,1,7,performance,layers.*/self_attn,/model/layers.16/self_attn/Add,RoPE,RoPE,rope:/model/layers.16/self_attn/Add,rope:/model/layers.16/self_attn/Add,rope,ocl::rope::opt___f16,860,false,false,1,1,rope_opt__13889706310558783765__sa,gtpin_total_execution_cycles,991672,cycles,64,991672
n1_i7,7,1,7,performance,layers.*/self_attn,/model/layers.16/self_attn/Add_1,RoPE,RoPE,rope:/model/layers.16/self_attn/Add_1,rope:/model/layers.16/self_attn/Add_1,rope,ocl::rope::opt___f16,861,false,false,1,1,rope_opt__6960924190377492479__sa,gtpin_total_execution_cycles,59578,cycles,8,59578
n1_i7,7,1,7,performance,layers.*/self_attn,/model/layers.16/self_attn/Expand,Broadcast,Broadcast,broadcast:/model/layers.16/self_attn/Expand,broadcast:/model/layers.16/self_attn/Expand,broadcast,broadcast_gpu_ref__f16,873,false,false,1,1,broadcast_gpu_ref_6456514822857321615_0_0__sa,gtpin_total_execution_cycles,4082402,cycles,1024,4082402
n1_i7,7,1,7,performance,layers.*/self_attn,/model/layers.16/self_attn/Expand_1,Broadcast,Broadcast,broadcast:/model/layers.16/self_attn/Expand_1,broadcast:/model/layers.16/self_attn/Expand_1,broadcast,broadcast_gpu_ref__f16,866,false,false,1,1,broadcast_gpu_ref_6456514822857321615_0_0__sa,gtpin_total_execution_cycles,3793704,cycles,1024,3793704
n1_i7,7,1,7,performance,layers.*/self_attn,/model/layers.16/self_attn/IsNaN,IsNaN,IsNaN,isnan:/model/layers.16/self_attn/IsNaN,isnan:/model/layers.16/self_attn/IsNaN,eltwise,generic_eltwise_ref__f16,879,false,false,1,1,generic_eltwise_ref_1696504087421334661_0_0__sa,gtpin_total_execution_cycles,1209412,cycles,256,1209412
n1_i7,7,1,7,performance,layers.*/self_attn,/model/layers.16/self_attn/MatMul,Gemm,Gemm,gemm:/model/layers.16/self_attn/MatMul,gemm:/model/layers.16/self_attn/MatMul,gemm,gemm_tiled_opt__f16,877,false,false,1,1,gemm_tiled_opt_7238579717421349067_1_0__sa,gtpin_total_execution_cycles,3716714,cycles,32,3716714
n1_i7,7,1,7,performance,layers.*/self_attn,/model/layers.16/self_attn/Mul_8,Multiply,Multiply,multiply:/model/layers.16/self_attn/Mul_8,multiply:/model/layers.16/self_attn/Mul_8,eltwise,generic_eltwise_ref__f16,863,false,false,1,1,generic_eltwise_ref_7125964068740378811_0_0__sa,gtpin_total_execution_cycles,5416716,cycles,1024,5416716
n1_i7,7,1,7,performance,layers.*/self_attn,/model/layers.16/self_attn/Softmax,Softmax,Softmax,softmax:/model/layers.16/self_attn/Softmax,softmax:/model/layers.16/self_attn/Softmax,softmax,softmax_gpu_bf__f16,878,false,false,1,1,softmax_gpu_bf_18392998524141771378_0_0__sa,gtpin_total_execution_cycles,8983873,cycles,512,8983873
n1_i7,7,1,7,performance,layers.*/self_attn,/model/layers.16/self_attn/Transpose_2,Transpose,Transpose,transpose:/model/layers.16/self_attn/Transpose_2,transpose:/model/layers.16/self_attn/Transpose_2,permute,permute_ref__f16,859,false,false,1,1,permute_ref_653960189515371720_0_0__sa,gtpin_total_execution_cycles,503398,cycles,128,503398
n1_i7,7,1,7,performance,layers.*/self_attn,/model/layers.16/self_attn/Transpose_3,Transpose,Transpose,transpose:/model/layers.16/self_attn/Transpose_3,transpose:/model/layers.16/self_attn/Transpose_3,permute,permute_ref__f16,876,false,false,1,1,permute_ref_17183202574580890641_0_0__sa,gtpin_total_execution_cycles,5731212,cycles,1024,5731212
n1_i7,7,1,7,performance,layers.*/self_attn,/model/layers.16/self_attn/Transpose_4,Gemm,Gemm,gemm:/model/layers.16/self_attn/Transpose_4,gemm:/model/layers.16/self_attn/Transpose_4,gemm,gemm_tiled_opt__f16,881,false,false,1,1,gemm_tiled_opt_12829285813189929928_0_0__sa,gtpin_total_execution_cycles,1973184,cycles,64,1973184
n1_i7,7,1,7,performance,layers.*/self_attn,/model/layers.16/self_attn/Where_2,Select,Select,select:/model/layers.16/self_attn/Where_2,select:/model/layers.16/self_attn/Where_2,select,select_gpu_ref__u8,874,false,false,1,1,select_gpu_ref_7464502897564813179_0_0__sa,gtpin_total_execution_cycles,52888,cycles,8,52888
n1_i7,7,1,7,performance,layers.*/self_attn,/model/layers.16/self_attn/Where_3,Select,Select,select:/model/layers.16/self_attn/Where_3,select:/model/layers.16/self_attn/Where_3,select,select_gpu_ref__u8,880,false,false,1,1,select_gpu_ref_5609897181611433017_0_0__sa,gtpin_total_execution_cycles,1660990,cycles,256,1660990
n1_i7,7,1,7,performance,layers.*/self_attn,/model/layers.16/self_attn/k_proj/MatMul,FullyConnected,FullyConnected,fullyconnected:/model/layers.16/self_attn/k_proj/MatMul,fullyconnected:/model/layers.16/self_attn/k_proj/MatMul,fully_connected,fully_connected_gpu_bf_tiled__f16,855,false,false,1,1,fully_connected_gpu_bf_tiled_17963963101609895522_0_0,gtpin_total_execution_cycles,3706382,cycles,8,3706382
n1_i7,7,1,7,performance,layers.*/self_attn,/model/layers.16/self_attn/o_proj/MatMul,FullyConnected,FullyConnected,fullyconnected:/model/layers.16/self_attn/o_proj/MatMul,fullyconnected:/model/layers.16/self_attn/o_proj/MatMul,fully_connected,fully_connected_gpu_bf_tiled__f16,883,false,false,1,1,fully_connected_gpu_bf_tiled_14284117615310227244_0_0,gtpin_total_execution_cycles,28337328,cycles,64,28337328
n1_i7,7,1,7,performance,layers.*/self_attn,/model/layers.16/self_attn/q_proj/MatMul,FullyConnected,FullyConnected,fullyconnected:/model/layers.16/self_attn/q_proj/MatMul,fullyconnected:/model/layers.16/self_attn/q_proj/MatMul,fully_connected,fully_connected_gpu_bf_tiled__f16,854,false,false,1,1,fully_connected_gpu_bf_tiled_5315586391497964380_0_0,gtpin_total_execution_cycles,28665012,cycles,64,28665012
n1_i7,7,1,7,performance,layers.*/self_attn,/model/layers.16/self_attn/v_proj/MatMul,FullyConnected,FullyConnected,fullyconnected:/model/layers.16/self_attn/v_proj/MatMul,fullyconnected:/model/layers.16/self_attn/v_proj/MatMul,fully_connected,fully_connected_gpu_bf_tiled__f16,853,false,false,1,1,fully_connected_gpu_bf_tiled_17963963101609895522_0_0,gtpin_total_execution_cycles,3494090,cycles,8,3494090
n1_i7,7,1,7,performance,layers.*/input_layernorm,/model/layers.17/input_layernorm/Mul,RMS,RMS,rms:/model/layers.17/input_layernorm/Mul,rms:/model/layers.17/input_layernorm/Mul,rms,rms_gpu_bfyx_opt__f16,888,false,false,1,1,rms_gpu_bfyx_opt_10690270683970839748_0_0__sa,gtpin_total_execution_cycles,1422338,cycles,256,1422338
n1_i7,7,1,7,performance,layers.*/mlp,/model/layers.17/mlp/down_proj/MatMul,FullyConnected,FullyConnected,fullyconnected:/model/layers.17/mlp/down_proj/MatMul,fullyconnected:/model/layers.17/mlp/down_proj/MatMul,fully_connected,fully_connected_gpu_bf_tiled__f16,923,false,false,1,1,fully_connected_gpu_bf_tiled_2727911967636154657_0_0,gtpin_total_execution_cycles,77599410,cycles,64,77599410
n1_i7,7,1,7,performance,layers.*/mlp,/model/layers.17/mlp/gate_proj/MatMul,FullyConnected,FullyConnected,fullyconnected:/model/layers.17/mlp/gate_proj/MatMul,fullyconnected:/model/layers.17/mlp/gate_proj/MatMul,fully_connected,fully_connected_gpu_bf_tiled__f16,922,false,false,1,1,fully_connected_gpu_bf_tiled_9957149419786459120_0_0,gtpin_total_execution_cycles,106947644,cycles,176,106947644
n1_i7,7,1,7,performance,layers.*/mlp,/model/layers.17/mlp/up_proj/MatMul,FullyConnected,FullyConnected,fullyconnected:/model/layers.17/mlp/up_proj/MatMul,fullyconnected:/model/layers.17/mlp/up_proj/MatMul,fully_connected,fully_connected_gpu_bf_tiled__f16,921,false,false,1,1,fully_connected_gpu_bf_tiled_2740906288179525049_0_0,gtpin_total_execution_cycles,99836718,cycles,176,99836718
n1_i7,7,1,7,performance,layers.*/post_attention_layernorm,/model/layers.17/post_attention_layernorm/Mul,RMS,RMS,rms:/model/layers.17/post_attention_layernorm/Mul,rms:/model/layers.17/post_attention_layernorm/Mul,rms,rms_gpu_bfyx_opt__f16,920,false,false,1,1,rms_gpu_bfyx_opt_10690270683970839748_0_0__sa,gtpin_total_execution_cycles,1915502,cycles,256,1915502
n1_i7,7,1,7,performance,layers.*/self_attn,/model/layers.17/self_attn/Add,RoPE,RoPE,rope:/model/layers.17/self_attn/Add,rope:/model/layers.17/self_attn/Add,rope,ocl::rope::opt___f16,896,false,false,1,1,rope_opt__13889706310558783765__sa,gtpin_total_execution_cycles,903706,cycles,64,903706
n1_i7,7,1,7,performance,layers.*/self_attn,/model/layers.17/self_attn/Add_1,RoPE,RoPE,rope:/model/layers.17/self_attn/Add_1,rope:/model/layers.17/self_attn/Add_1,rope,ocl::rope::opt___f16,897,false,false,1,1,rope_opt__6960924190377492479__sa,gtpin_total_execution_cycles,78016,cycles,8,78016
n1_i7,7,1,7,performance,layers.*/self_attn,/model/layers.17/self_attn/Expand,Broadcast,Broadcast,broadcast:/model/layers.17/self_attn/Expand,broadcast:/model/layers.17/self_attn/Expand,broadcast,broadcast_gpu_ref__f16,909,false,false,1,1,broadcast_gpu_ref_6456514822857321615_0_0__sa,gtpin_total_execution_cycles,5718350,cycles,1024,5718350
n1_i7,7,1,7,performance,layers.*/self_attn,/model/layers.17/self_attn/Expand_1,Broadcast,Broadcast,broadcast:/model/layers.17/self_attn/Expand_1,broadcast:/model/layers.17/self_attn/Expand_1,broadcast,broadcast_gpu_ref__f16,902,false,false,1,1,broadcast_gpu_ref_6456514822857321615_0_0__sa,gtpin_total_execution_cycles,3898680,cycles,1024,3898680
n1_i7,7,1,7,performance,layers.*/self_attn,/model/layers.17/self_attn/IsNaN,IsNaN,IsNaN,isnan:/model/layers.17/self_attn/IsNaN,isnan:/model/layers.17/self_attn/IsNaN,eltwise,generic_eltwise_ref__f16,915,false,false,1,1,generic_eltwise_ref_1696504087421334661_0_0__sa,gtpin_total_execution_cycles,1232804,cycles,256,1232804
n1_i7,7,1,7,performance,layers.*/self_attn,/model/layers.17/self_attn/MatMul,Gemm,Gemm,gemm:/model/layers.17/self_attn/MatMul,gemm:/model/layers.17/self_attn/MatMul,gemm,gemm_tiled_opt__f16,913,false,false,1,1,gemm_tiled_opt_7238579717421349067_1_0__sa,gtpin_total_execution_cycles,3546318,cycles,32,3546318
n1_i7,7,1,7,performance,layers.*/self_attn,/model/layers.17/self_attn/Mul_8,Multiply,Multiply,multiply:/model/layers.17/self_attn/Mul_8,multiply:/model/layers.17/self_attn/Mul_8,eltwise,generic_eltwise_ref__f16,899,false,false,1,1,generic_eltwise_ref_7125964068740378811_0_0__sa,gtpin_total_execution_cycles,5175990,cycles,1024,5175990
n1_i7,7,1,7,performance,layers.*/self_attn,/model/layers.17/self_attn/Softmax,Softmax,Softmax,softmax:/model/layers.17/self_attn/Softmax,softmax:/model/layers.17/self_attn/Softmax,softmax,softmax_gpu_bf__f16,914,false,false,1,1,softmax_gpu_bf_18392998524141771378_0_0__sa,gtpin_total_execution_cycles,7960225,cycles,512,7960225
n1_i7,7,1,7,performance,layers.*/self_attn,/model/layers.17/self_attn/Transpose_2,Transpose,Transpose,transpose:/model/layers.17/self_attn/Transpose_2,transpose:/model/layers.17/self_attn/Transpose_2,permute,permute_ref__f16,895,false,false,1,1,permute_ref_653960189515371720_0_0__sa,gtpin_total_execution_cycles,645344,cycles,128,645344
n1_i7,7,1,7,performance,layers.*/self_attn,/model/layers.17/self_attn/Transpose_3,Transpose,Transpose,transpose:/model/layers.17/self_attn/Transpose_3,transpose:/model/layers.17/self_attn/Transpose_3,permute,permute_ref__f16,912,false,false,1,1,permute_ref_17183202574580890641_0_0__sa,gtpin_total_execution_cycles,5385372,cycles,1024,5385372
n1_i7,7,1,7,performance,layers.*/self_attn,/model/layers.17/self_attn/Transpose_4,Gemm,Gemm,gemm:/model/layers.17/self_attn/Transpose_4,gemm:/model/layers.17/self_attn/Transpose_4,gemm,gemm_tiled_opt__f16,917,false,false,1,1,gemm_tiled_opt_12829285813189929928_0_0__sa,gtpin_total_execution_cycles,1972962,cycles,64,1972962
n1_i7,7,1,7,performance,layers.*/self_attn,/model/layers.17/self_attn/Where_2,Select,Select,select:/model/layers.17/self_attn/Where_2,select:/model/layers.17/self_attn/Where_2,select,select_gpu_ref__u8,910,false,false,1,1,select_gpu_ref_7464502897564813179_0_0__sa,gtpin_total_execution_cycles,38700,cycles,8,38700
n1_i7,7,1,7,performance,layers.*/self_attn,/model/layers.17/self_attn/Where_3,Select,Select,select:/model/layers.17/self_attn/Where_3,select:/model/layers.17/self_attn/Where_3,select,select_gpu_ref__u8,916,false,false,1,1,select_gpu_ref_5609897181611433017_0_0__sa,gtpin_total_execution_cycles,1445880,cycles,256,1445880
n1_i7,7,1,7,performance,layers.*/self_attn,/model/layers.17/self_attn/k_proj/MatMul,FullyConnected,FullyConnected,fullyconnected:/model/layers.17/self_attn/k_proj/MatMul,fullyconnected:/model/layers.17/self_attn/k_proj/MatMul,fully_connected,fully_connected_gpu_bf_tiled__f16,891,false,false,1,1,fully_connected_gpu_bf_tiled_17963963101609895522_0_0,gtpin_total_execution_cycles,3781364,cycles,8,3781364
n1_i7,7,1,7,performance,layers.*/self_attn,/model/layers.17/self_attn/o_proj/MatMul,FullyConnected,FullyConnected,fullyconnected:/model/layers.17/self_attn/o_proj/MatMul,fullyconnected:/model/layers.17/self_attn/o_proj/MatMul,fully_connected,fully_connected_gpu_bf_tiled__f16,919,false,false,1,1,fully_connected_gpu_bf_tiled_14284117615310227244_0_0,gtpin_total_execution_cycles,28338106,cycles,64,28338106
n1_i7,7,1,7,performance,layers.*/self_attn,/model/layers.17/self_attn/q_proj/MatMul,FullyConnected,FullyConnected,fullyconnected:/model/layers.17/self_attn/q_proj/MatMul,fullyconnected:/model/layers.17/self_attn/q_proj/MatMul,fully_connected,fully_connected_gpu_bf_tiled__f16,890,false,false,1,1,fully_connected_gpu_bf_tiled_5315586391497964380_0_0,gtpin_total_execution_cycles,29352124,cycles,64,29352124
n1_i7,7,1,7,performance,layers.*/self_attn,/model/layers.17/self_attn/v_proj/MatMul,FullyConnected,FullyConnected,fullyconnected:/model/layers.17/self_attn/v_proj/MatMul,fullyconnected:/model/layers.17/self_attn/v_proj/MatMul,fully_connected,fully_connected_gpu_bf_tiled__f16,889,false,false,1,1,fully_connected_gpu_bf_tiled_17963963101609895522_0_0,gtpin_total_execution_cycles,3566114,cycles,8,3566114
n1_i7,7,1,7,performance,layers.*/input_layernorm,/model/layers.18/input_layernorm/Mul,RMS,RMS,rms:/model/layers.18/input_layernorm/Mul,rms:/model/layers.18/input_layernorm/Mul,rms,rms_gpu_bfyx_opt__f16,924,false,false,1,1,rms_gpu_bfyx_opt_10690270683970839748_0_0__sa,gtpin_total_execution_cycles,1464426,cycles,256,1464426
n1_i7,7,1,7,performance,layers.*/mlp,/model/layers.18/mlp/down_proj/MatMul,FullyConnected,FullyConnected,fullyconnected:/model/layers.18/mlp/down_proj/MatMul,fullyconnected:/model/layers.18/mlp/down_proj/MatMul,fully_connected,fully_connected_gpu_bf_tiled__f16,959,false,false,1,1,fully_connected_gpu_bf_tiled_2727911967636154657_0_0,gtpin_total_execution_cycles,81003286,cycles,64,81003286
n1_i7,7,1,7,performance,layers.*/mlp,/model/layers.18/mlp/gate_proj/MatMul,FullyConnected,FullyConnected,fullyconnected:/model/layers.18/mlp/gate_proj/MatMul,fullyconnected:/model/layers.18/mlp/gate_proj/MatMul,fully_connected,fully_connected_gpu_bf_tiled__f16,958,false,false,1,1,fully_connected_gpu_bf_tiled_9957149419786459120_0_0,gtpin_total_execution_cycles,147458526,cycles,176,147458526
n1_i7,7,1,7,performance,layers.*/mlp,/model/layers.18/mlp/up_proj/MatMul,FullyConnected,FullyConnected,fullyconnected:/model/layers.18/mlp/up_proj/MatMul,fullyconnected:/model/layers.18/mlp/up_proj/MatMul,fully_connected,fully_connected_gpu_bf_tiled__f16,957,false,false,1,1,fully_connected_gpu_bf_tiled_2740906288179525049_0_0,gtpin_total_execution_cycles,134272780,cycles,176,134272780
n1_i7,7,1,7,performance,layers.*/post_attention_layernorm,/model/layers.18/post_attention_layernorm/Mul,RMS,RMS,rms:/model/layers.18/post_attention_layernorm/Mul,rms:/model/layers.18/post_attention_layernorm/Mul,rms,rms_gpu_bfyx_opt__f16,956,false,false,1,1,rms_gpu_bfyx_opt_10690270683970839748_0_0__sa,gtpin_total_execution_cycles,1902498,cycles,256,1902498
n1_i7,7,1,7,performance,layers.*/self_attn,/model/layers.18/self_attn/Add,RoPE,RoPE,rope:/model/layers.18/self_attn/Add,rope:/model/layers.18/self_attn/Add,rope,ocl::rope::opt___f16,932,false,false,1,1,rope_opt__13889706310558783765__sa,gtpin_total_execution_cycles,813144,cycles,64,813144
n1_i7,7,1,7,performance,layers.*/self_attn,/model/layers.18/self_attn/Add_1,RoPE,RoPE,rope:/model/layers.18/self_attn/Add_1,rope:/model/layers.18/self_attn/Add_1,rope,ocl::rope::opt___f16,933,false,false,1,1,rope_opt__6960924190377492479__sa,gtpin_total_execution_cycles,60794,cycles,8,60794
n1_i7,7,1,7,performance,layers.*/self_attn,/model/layers.18/self_attn/Expand,Broadcast,Broadcast,broadcast:/model/layers.18/self_attn/Expand,broadcast:/model/layers.18/self_attn/Expand,broadcast,broadcast_gpu_ref__f16,945,false,false,1,1,broadcast_gpu_ref_6456514822857321615_0_0__sa,gtpin_total_execution_cycles,5561784,cycles,1024,5561784
n1_i7,7,1,7,performance,layers.*/self_attn,/model/layers.18/self_attn/Expand_1,Broadcast,Broadcast,broadcast:/model/layers.18/self_attn/Expand_1,broadcast:/model/layers.18/self_attn/Expand_1,broadcast,broadcast_gpu_ref__f16,938,false,false,1,1,broadcast_gpu_ref_6456514822857321615_0_0__sa,gtpin_total_execution_cycles,3787962,cycles,1024,3787962
n1_i7,7,1,7,performance,layers.*/self_attn,/model/layers.18/self_attn/IsNaN,IsNaN,IsNaN,isnan:/model/layers.18/self_attn/IsNaN,isnan:/model/layers.18/self_attn/IsNaN,eltwise,generic_eltwise_ref__f16,951,false,false,1,1,generic_eltwise_ref_1696504087421334661_0_0__sa,gtpin_total_execution_cycles,1104148,cycles,256,1104148
n1_i7,7,1,7,performance,layers.*/self_attn,/model/layers.18/self_attn/MatMul,Gemm,Gemm,gemm:/model/layers.18/self_attn/MatMul,gemm:/model/layers.18/self_attn/MatMul,gemm,gemm_tiled_opt__f16,949,false,false,1,1,gemm_tiled_opt_7238579717421349067_1_0__sa,gtpin_total_execution_cycles,3441680,cycles,32,3441680
n1_i7,7,1,7,performance,layers.*/self_attn,/model/layers.18/self_attn/Mul_8,Multiply,Multiply,multiply:/model/layers.18/self_attn/Mul_8,multiply:/model/layers.18/self_attn/Mul_8,eltwise,generic_eltwise_ref__f16,935,false,false,1,1,generic_eltwise_ref_7125964068740378811_0_0__sa,gtpin_total_execution_cycles,5402702,cycles,1024,5402702
n1_i7,7,1,7,performance,layers.*/self_attn,/model/layers.18/self_attn/Softmax,Softmax,Softmax,softmax:/model/layers.18/self_attn/Softmax,softmax:/model/layers.18/self_attn/Softmax,softmax,softmax_gpu_bf__f16,950,false,false,1,1,softmax_gpu_bf_18392998524141771378_0_0__sa,gtpin_total_execution_cycles,8325286,cycles,512,8325286
n1_i7,7,1,7,performance,layers.*/self_attn,/model/layers.18/self_attn/Transpose_2,Transpose,Transpose,transpose:/model/layers.18/self_attn/Transpose_2,transpose:/model/layers.18/self_attn/Transpose_2,permute,permute_ref__f16,931,false,false,1,1,permute_ref_653960189515371720_0_0__sa,gtpin_total_execution_cycles,534752,cycles,128,534752
n1_i7,7,1,7,performance,layers.*/self_attn,/model/layers.18/self_attn/Transpose_3,Transpose,Transpose,transpose:/model/layers.18/self_attn/Transpose_3,transpose:/model/layers.18/self_attn/Transpose_3,permute,permute_ref__f16,948,false,false,1,1,permute_ref_17183202574580890641_0_0__sa,gtpin_total_execution_cycles,5615628,cycles,1024,5615628
n1_i7,7,1,7,performance,layers.*/self_attn,/model/layers.18/self_attn/Transpose_4,Gemm,Gemm,gemm:/model/layers.18/self_attn/Transpose_4,gemm:/model/layers.18/self_attn/Transpose_4,gemm,gemm_tiled_opt__f16,953,false,false,1,1,gemm_tiled_opt_12829285813189929928_0_0__sa,gtpin_total_execution_cycles,2053454,cycles,64,2053454
n1_i7,7,1,7,performance,layers.*/self_attn,/model/layers.18/self_attn/Where_2,Select,Select,select:/model/layers.18/self_attn/Where_2,select:/model/layers.18/self_attn/Where_2,select,select_gpu_ref__u8,946,false,false,1,1,select_gpu_ref_7464502897564813179_0_0__sa,gtpin_total_execution_cycles,35860,cycles,8,35860
n1_i7,7,1,7,performance,layers.*/self_attn,/model/layers.18/self_attn/Where_3,Select,Select,select:/model/layers.18/self_attn/Where_3,select:/model/layers.18/self_attn/Where_3,select,select_gpu_ref__u8,952,false,false,1,1,select_gpu_ref_5609897181611433017_0_0__sa,gtpin_total_execution_cycles,1629848,cycles,256,1629848
n1_i7,7,1,7,performance,layers.*/self_attn,/model/layers.18/self_attn/k_proj/MatMul,FullyConnected,FullyConnected,fullyconnected:/model/layers.18/self_attn/k_proj/MatMul,fullyconnected:/model/layers.18/self_attn/k_proj/MatMul,fully_connected,fully_connected_gpu_bf_tiled__f16,927,false,false,1,1,fully_connected_gpu_bf_tiled_17963963101609895522_0_0,gtpin_total_execution_cycles,3716802,cycles,8,3716802
n1_i7,7,1,7,performance,layers.*/self_attn,/model/layers.18/self_attn/o_proj/MatMul,FullyConnected,FullyConnected,fullyconnected:/model/layers.18/self_attn/o_proj/MatMul,fullyconnected:/model/layers.18/self_attn/o_proj/MatMul,fully_connected,fully_connected_gpu_bf_tiled__f16,955,false,false,1,1,fully_connected_gpu_bf_tiled_14284117615310227244_0_0,gtpin_total_execution_cycles,28300132,cycles,64,28300132
n1_i7,7,1,7,performance,layers.*/self_attn,/model/layers.18/self_attn/q_proj/MatMul,FullyConnected,FullyConnected,fullyconnected:/model/layers.18/self_attn/q_proj/MatMul,fullyconnected:/model/layers.18/self_attn/q_proj/MatMul,fully_connected,fully_connected_gpu_bf_tiled__f16,926,false,false,1,1,fully_connected_gpu_bf_tiled_5315586391497964380_0_0,gtpin_total_execution_cycles,28771632,cycles,64,28771632
n1_i7,7,1,7,performance,layers.*/self_attn,/model/layers.18/self_attn/v_proj/MatMul,FullyConnected,FullyConnected,fullyconnected:/model/layers.18/self_attn/v_proj/MatMul,fullyconnected:/model/layers.18/self_attn/v_proj/MatMul,fully_connected,fully_connected_gpu_bf_tiled__f16,925,false,false,1,1,fully_connected_gpu_bf_tiled_17963963101609895522_0_0,gtpin_total_execution_cycles,3528162,cycles,8,3528162
n1_i7,7,1,7,performance,layers.*/input_layernorm,/model/layers.19/input_layernorm/Mul,RMS,RMS,rms:/model/layers.19/input_layernorm/Mul,rms:/model/layers.19/input_layernorm/Mul,rms,rms_gpu_bfyx_opt__f16,960,false,false,1,1,rms_gpu_bfyx_opt_10690270683970839748_0_0__sa,gtpin_total_execution_cycles,2122686,cycles,256,2122686
n1_i7,7,1,7,performance,layers.*/mlp,/model/layers.19/mlp/down_proj/MatMul,FullyConnected,FullyConnected,fullyconnected:/model/layers.19/mlp/down_proj/MatMul,fullyconnected:/model/layers.19/mlp/down_proj/MatMul,fully_connected,fully_connected_gpu_bf_tiled__f16,995,false,false,1,1,fully_connected_gpu_bf_tiled_2727911967636154657_0_0,gtpin_total_execution_cycles,78488642,cycles,64,78488642
n1_i7,7,1,7,performance,layers.*/mlp,/model/layers.19/mlp/gate_proj/MatMul,FullyConnected,FullyConnected,fullyconnected:/model/layers.19/mlp/gate_proj/MatMul,fullyconnected:/model/layers.19/mlp/gate_proj/MatMul,fully_connected,fully_connected_gpu_bf_tiled__f16,994,false,false,1,1,fully_connected_gpu_bf_tiled_9957149419786459120_0_0,gtpin_total_execution_cycles,115697134,cycles,176,115697134
n1_i7,7,1,7,performance,layers.*/mlp,/model/layers.19/mlp/up_proj/MatMul,FullyConnected,FullyConnected,fullyconnected:/model/layers.19/mlp/up_proj/MatMul,fullyconnected:/model/layers.19/mlp/up_proj/MatMul,fully_connected,fully_connected_gpu_bf_tiled__f16,993,false,false,1,1,fully_connected_gpu_bf_tiled_2740906288179525049_0_0,gtpin_total_execution_cycles,105436564,cycles,176,105436564
n1_i7,7,1,7,performance,layers.*/post_attention_layernorm,/model/layers.19/post_attention_layernorm/Mul,RMS,RMS,rms:/model/layers.19/post_attention_layernorm/Mul,rms:/model/layers.19/post_attention_layernorm/Mul,rms,rms_gpu_bfyx_opt__f16,992,false,false,1,1,rms_gpu_bfyx_opt_10690270683970839748_0_0__sa,gtpin_total_execution_cycles,2490920,cycles,256,2490920
n1_i7,7,1,7,performance,layers.*/self_attn,/model/layers.19/self_attn/Add,RoPE,RoPE,rope:/model/layers.19/self_attn/Add,rope:/model/layers.19/self_attn/Add,rope,ocl::rope::opt___f16,968,false,false,1,1,rope_opt__13889706310558783765__sa,gtpin_total_execution_cycles,918562,cycles,64,918562
n1_i7,7,1,7,performance,layers.*/self_attn,/model/layers.19/self_attn/Add_1,RoPE,RoPE,rope:/model/layers.19/self_attn/Add_1,rope:/model/layers.19/self_attn/Add_1,rope,ocl::rope::opt___f16,969,false,false,1,1,rope_opt__6960924190377492479__sa,gtpin_total_execution_cycles,63558,cycles,8,63558
n1_i7,7,1,7,performance,layers.*/self_attn,/model/layers.19/self_attn/Expand,Broadcast,Broadcast,broadcast:/model/layers.19/self_attn/Expand,broadcast:/model/layers.19/self_attn/Expand,broadcast,broadcast_gpu_ref__f16,981,false,false,1,1,broadcast_gpu_ref_6456514822857321615_0_0__sa,gtpin_total_execution_cycles,4258488,cycles,1024,4258488
n1_i7,7,1,7,performance,layers.*/self_attn,/model/layers.19/self_attn/Expand_1,Broadcast,Broadcast,broadcast:/model/layers.19/self_attn/Expand_1,broadcast:/model/layers.19/self_attn/Expand_1,broadcast,broadcast_gpu_ref__f16,974,false,false,1,1,broadcast_gpu_ref_6456514822857321615_0_0__sa,gtpin_total_execution_cycles,4574624,cycles,1024,4574624
n1_i7,7,1,7,performance,layers.*/self_attn,/model/layers.19/self_attn/IsNaN,IsNaN,IsNaN,isnan:/model/layers.19/self_attn/IsNaN,isnan:/model/layers.19/self_attn/IsNaN,eltwise,generic_eltwise_ref__f16,987,false,false,1,1,generic_eltwise_ref_1696504087421334661_0_0__sa,gtpin_total_execution_cycles,1392326,cycles,256,1392326
n1_i7,7,1,7,performance,layers.*/self_attn,/model/layers.19/self_attn/MatMul,Gemm,Gemm,gemm:/model/layers.19/self_attn/MatMul,gemm:/model/layers.19/self_attn/MatMul,gemm,gemm_tiled_opt__f16,985,false,false,1,1,gemm_tiled_opt_7238579717421349067_1_0__sa,gtpin_total_execution_cycles,3439570,cycles,32,3439570
n1_i7,7,1,7,performance,layers.*/self_attn,/model/layers.19/self_attn/Mul_8,Multiply,Multiply,multiply:/model/layers.19/self_attn/Mul_8,multiply:/model/layers.19/self_attn/Mul_8,eltwise,generic_eltwise_ref__f16,971,false,false,1,1,generic_eltwise_ref_7125964068740378811_0_0__sa,gtpin_total_execution_cycles,5129572,cycles,1024,5129572
n1_i7,7,1,7,performance,layers.*/self_attn,/model/layers.19/self_attn/Softmax,Softmax,Softmax,softmax:/model/layers.19/self_attn/Softmax,softmax:/model/layers.19/self_attn/Softmax,softmax,softmax_gpu_bf__f16,986,false,false,1,1,softmax_gpu_bf_18392998524141771378_0_0__sa,gtpin_total_execution_cycles,8806386,cycles,512,8806386
n1_i7,7,1,7,performance,layers.*/self_attn,/model/layers.19/self_attn/Transpose_2,Transpose,Transpose,transpose:/model/layers.19/self_attn/Transpose_2,transpose:/model/layers.19/self_attn/Transpose_2,permute,permute_ref__f16,967,false,false,1,1,permute_ref_653960189515371720_0_0__sa,gtpin_total_execution_cycles,521506,cycles,128,521506
n1_i7,7,1,7,performance,layers.*/self_attn,/model/layers.19/self_attn/Transpose_3,Transpose,Transpose,transpose:/model/layers.19/self_attn/Transpose_3,transpose:/model/layers.19/self_attn/Transpose_3,permute,permute_ref__f16,984,false,false,1,1,permute_ref_17183202574580890641_0_0__sa,gtpin_total_execution_cycles,5013102,cycles,1024,5013102
n1_i7,7,1,7,performance,layers.*/self_attn,/model/layers.19/self_attn/Transpose_4,Gemm,Gemm,gemm:/model/layers.19/self_attn/Transpose_4,gemm:/model/layers.19/self_attn/Transpose_4,gemm,gemm_tiled_opt__f16,989,false,false,1,1,gemm_tiled_opt_12829285813189929928_0_0__sa,gtpin_total_execution_cycles,2187984,cycles,64,2187984
n1_i7,7,1,7,performance,layers.*/self_attn,/model/layers.19/self_attn/Where_2,Select,Select,select:/model/layers.19/self_attn/Where_2,select:/model/layers.19/self_attn/Where_2,select,select_gpu_ref__u8,982,false,false,1,1,select_gpu_ref_7464502897564813179_0_0__sa,gtpin_total_execution_cycles,47048,cycles,8,47048
n1_i7,7,1,7,performance,layers.*/self_attn,/model/layers.19/self_attn/Where_3,Select,Select,select:/model/layers.19/self_attn/Where_3,select:/model/layers.19/self_attn/Where_3,select,select_gpu_ref__u8,988,false,false,1,1,select_gpu_ref_5609897181611433017_0_0__sa,gtpin_total_execution_cycles,1396410,cycles,256,1396410
n1_i7,7,1,7,performance,layers.*/self_attn,/model/layers.19/self_attn/k_proj/MatMul,FullyConnected,FullyConnected,fullyconnected:/model/layers.19/self_attn/k_proj/MatMul,fullyconnected:/model/layers.19/self_attn/k_proj/MatMul,fully_connected,fully_connected_gpu_bf_tiled__f16,963,false,false,1,1,fully_connected_gpu_bf_tiled_17963963101609895522_0_0,gtpin_total_execution_cycles,3933078,cycles,8,3933078
n1_i7,7,1,7,performance,layers.*/self_attn,/model/layers.19/self_attn/o_proj/MatMul,FullyConnected,FullyConnected,fullyconnected:/model/layers.19/self_attn/o_proj/MatMul,fullyconnected:/model/layers.19/self_attn/o_proj/MatMul,fully_connected,fully_connected_gpu_bf_tiled__f16,991,false,false,1,1,fully_connected_gpu_bf_tiled_14284117615310227244_0_0,gtpin_total_execution_cycles,29027212,cycles,64,29027212
n1_i7,7,1,7,performance,layers.*/self_attn,/model/layers.19/self_attn/q_proj/MatMul,FullyConnected,FullyConnected,fullyconnected:/model/layers.19/self_attn/q_proj/MatMul,fullyconnected:/model/layers.19/self_attn/q_proj/MatMul,fully_connected,fully_connected_gpu_bf_tiled__f16,962,false,false,1,1,fully_connected_gpu_bf_tiled_5315586391497964380_0_0,gtpin_total_execution_cycles,30428396,cycles,64,30428396
n1_i7,7,1,7,performance,layers.*/self_attn,/model/layers.19/self_attn/v_proj/MatMul,FullyConnected,FullyConnected,fullyconnected:/model/layers.19/self_attn/v_proj/MatMul,fullyconnected:/model/layers.19/self_attn/v_proj/MatMul,fully_connected,fully_connected_gpu_bf_tiled__f16,961,false,false,1,1,fully_connected_gpu_bf_tiled_17963963101609895522_0_0,gtpin_total_execution_cycles,3722360,cycles,8,3722360
n1_i7,7,1,7,performance,layers.*/input_layernorm,/model/layers.2/input_layernorm/Mul,RMS,RMS,rms:/model/layers.2/input_layernorm/Mul,rms:/model/layers.2/input_layernorm/Mul,rms,rms_gpu_bfyx_opt__f16,348,false,false,1,1,rms_gpu_bfyx_opt_10690270683970839748_0_0__sa,gtpin_total_execution_cycles,1832984,cycles,256,1832984
n1_i7,7,1,7,performance,layers.*/mlp,/model/layers.2/mlp/down_proj/MatMul,FullyConnected,FullyConnected,fullyconnected:/model/layers.2/mlp/down_proj/MatMul,fullyconnected:/model/layers.2/mlp/down_proj/MatMul,fully_connected,fully_connected_gpu_bf_tiled__f16,383,false,false,1,1,fully_connected_gpu_bf_tiled_2727911967636154657_0_0,gtpin_total_execution_cycles,84436262,cycles,64,84436262
n1_i7,7,1,7,performance,layers.*/mlp,/model/layers.2/mlp/gate_proj/MatMul,FullyConnected,FullyConnected,fullyconnected:/model/layers.2/mlp/gate_proj/MatMul,fullyconnected:/model/layers.2/mlp/gate_proj/MatMul,fully_connected,fully_connected_gpu_bf_tiled__f16,382,false,false,1,1,fully_connected_gpu_bf_tiled_9957149419786459120_0_0,gtpin_total_execution_cycles,136521648,cycles,176,136521648
n1_i7,7,1,7,performance,layers.*/mlp,/model/layers.2/mlp/up_proj/MatMul,FullyConnected,FullyConnected,fullyconnected:/model/layers.2/mlp/up_proj/MatMul,fullyconnected:/model/layers.2/mlp/up_proj/MatMul,fully_connected,fully_connected_gpu_bf_tiled__f16,381,false,false,1,1,fully_connected_gpu_bf_tiled_2740906288179525049_0_0,gtpin_total_execution_cycles,113955484,cycles,176,113955484
n1_i7,7,1,7,performance,layers.*/post_attention_layernorm,/model/layers.2/post_attention_layernorm/Mul,RMS,RMS,rms:/model/layers.2/post_attention_layernorm/Mul,rms:/model/layers.2/post_attention_layernorm/Mul,rms,rms_gpu_bfyx_opt__f16,380,false,false,1,1,rms_gpu_bfyx_opt_10690270683970839748_0_0__sa,gtpin_total_execution_cycles,2177630,cycles,256,2177630
n1_i7,7,1,7,performance,layers.*/self_attn,/model/layers.2/self_attn/Add,RoPE,RoPE,rope:/model/layers.2/self_attn/Add,rope:/model/layers.2/self_attn/Add,rope,ocl::rope::opt___f16,356,false,false,1,1,rope_opt__13889706310558783765__sa,gtpin_total_execution_cycles,1007632,cycles,64,1007632
n1_i7,7,1,7,performance,layers.*/self_attn,/model/layers.2/self_attn/Add_1,RoPE,RoPE,rope:/model/layers.2/self_attn/Add_1,rope:/model/layers.2/self_attn/Add_1,rope,ocl::rope::opt___f16,357,false,false,1,1,rope_opt__6960924190377492479__sa,gtpin_total_execution_cycles,73186,cycles,8,73186
n1_i7,7,1,7,performance,layers.*/self_attn,/model/layers.2/self_attn/Expand,Broadcast,Broadcast,broadcast:/model/layers.2/self_attn/Expand,broadcast:/model/layers.2/self_attn/Expand,broadcast,broadcast_gpu_ref__f16,369,false,false,1,1,broadcast_gpu_ref_6456514822857321615_0_0__sa,gtpin_total_execution_cycles,5730756,cycles,1024,5730756
n1_i7,7,1,7,performance,layers.*/self_attn,/model/layers.2/self_attn/Expand_1,Broadcast,Broadcast,broadcast:/model/layers.2/self_attn/Expand_1,broadcast:/model/layers.2/self_attn/Expand_1,broadcast,broadcast_gpu_ref__f16,362,false,false,1,1,broadcast_gpu_ref_6456514822857321615_0_0__sa,gtpin_total_execution_cycles,4296908,cycles,1024,4296908
n1_i7,7,1,7,performance,layers.*/self_attn,/model/layers.2/self_attn/IsNaN,IsNaN,IsNaN,isnan:/model/layers.2/self_attn/IsNaN,isnan:/model/layers.2/self_attn/IsNaN,eltwise,generic_eltwise_ref__f16,375,false,false,1,1,generic_eltwise_ref_1696504087421334661_0_0__sa,gtpin_total_execution_cycles,1094360,cycles,256,1094360
n1_i7,7,1,7,performance,layers.*/self_attn,/model/layers.2/self_attn/MatMul,Gemm,Gemm,gemm:/model/layers.2/self_attn/MatMul,gemm:/model/layers.2/self_attn/MatMul,gemm,gemm_tiled_opt__f16,373,false,false,1,1,gemm_tiled_opt_7238579717421349067_1_0__sa,gtpin_total_execution_cycles,3531350,cycles,32,3531350
n1_i7,7,1,7,performance,layers.*/self_attn,/model/layers.2/self_attn/Mul_8,Multiply,Multiply,multiply:/model/layers.2/self_attn/Mul_8,multiply:/model/layers.2/self_attn/Mul_8,eltwise,generic_eltwise_ref__f16,359,false,false,1,1,generic_eltwise_ref_7125964068740378811_0_0__sa,gtpin_total_execution_cycles,4839244,cycles,1024,4839244
n1_i7,7,1,7,performance,layers.*/self_attn,/model/layers.2/self_attn/Softmax,Softmax,Softmax,softmax:/model/layers.2/self_attn/Softmax,softmax:/model/layers.2/self_attn/Softmax,softmax,softmax_gpu_bf__f16,374,false,false,1,1,softmax_gpu_bf_18392998524141771378_0_0__sa,gtpin_total_execution_cycles,8222134,cycles,512,8222134
n1_i7,7,1,7,performance,layers.*/self_attn,/model/layers.2/self_attn/Transpose_2,Transpose,Transpose,transpose:/model/layers.2/self_attn/Transpose_2,transpose:/model/layers.2/self_attn/Transpose_2,permute,permute_ref__f16,355,false,false,1,1,permute_ref_653960189515371720_0_0__sa,gtpin_total_execution_cycles,532060,cycles,128,532060
n1_i7,7,1,7,performance,layers.*/self_attn,/model/layers.2/self_attn/Transpose_3,Transpose,Transpose,transpose:/model/layers.2/self_attn/Transpose_3,transpose:/model/layers.2/self_attn/Transpose_3,permute,permute_ref__f16,372,false,false,1,1,permute_ref_17183202574580890641_0_0__sa,gtpin_total_execution_cycles,4988470,cycles,1024,4988470
n1_i7,7,1,7,performance,layers.*/self_attn,/model/layers.2/self_attn/Transpose_4,Gemm,Gemm,gemm:/model/layers.2/self_attn/Transpose_4,gemm:/model/layers.2/self_attn/Transpose_4,gemm,gemm_tiled_opt__f16,377,false,false,1,1,gemm_tiled_opt_12829285813189929928_0_0__sa,gtpin_total_execution_cycles,1998420,cycles,64,1998420
n1_i7,7,1,7,performance,layers.*/self_attn,/model/layers.2/self_attn/Where_2,Select,Select,select:/model/layers.2/self_attn/Where_2,select:/model/layers.2/self_attn/Where_2,select,select_gpu_ref__u8,370,false,false,1,1,select_gpu_ref_7464502897564813179_0_0__sa,gtpin_total_execution_cycles,37160,cycles,8,37160
n1_i7,7,1,7,performance,layers.*/self_attn,/model/layers.2/self_attn/Where_3,Select,Select,select:/model/layers.2/self_attn/Where_3,select:/model/layers.2/self_attn/Where_3,select,select_gpu_ref__u8,376,false,false,1,1,select_gpu_ref_5609897181611433017_0_0__sa,gtpin_total_execution_cycles,1520292,cycles,256,1520292
n1_i7,7,1,7,performance,layers.*/self_attn,/model/layers.2/self_attn/k_proj/MatMul,FullyConnected,FullyConnected,fullyconnected:/model/layers.2/self_attn/k_proj/MatMul,fullyconnected:/model/layers.2/self_attn/k_proj/MatMul,fully_connected,fully_connected_gpu_bf_tiled__f16,351,false,false,1,1,fully_connected_gpu_bf_tiled_17963963101609895522_0_0,gtpin_total_execution_cycles,3942430,cycles,8,3942430
n1_i7,7,1,7,performance,layers.*/self_attn,/model/layers.2/self_attn/o_proj/MatMul,FullyConnected,FullyConnected,fullyconnected:/model/layers.2/self_attn/o_proj/MatMul,fullyconnected:/model/layers.2/self_attn/o_proj/MatMul,fully_connected,fully_connected_gpu_bf_tiled__f16,379,false,false,1,1,fully_connected_gpu_bf_tiled_14284117615310227244_0_0,gtpin_total_execution_cycles,31273182,cycles,64,31273182
n1_i7,7,1,7,performance,layers.*/self_attn,/model/layers.2/self_attn/q_proj/MatMul,FullyConnected,FullyConnected,fullyconnected:/model/layers.2/self_attn/q_proj/MatMul,fullyconnected:/model/layers.2/self_attn/q_proj/MatMul,fully_connected,fully_connected_gpu_bf_tiled__f16,350,false,false,1,1,fully_connected_gpu_bf_tiled_5315586391497964380_0_0,gtpin_total_execution_cycles,30758146,cycles,64,30758146
n1_i7,7,1,7,performance,layers.*/self_attn,/model/layers.2/self_attn/v_proj/MatMul,FullyConnected,FullyConnected,fullyconnected:/model/layers.2/self_attn/v_proj/MatMul,fullyconnected:/model/layers.2/self_attn/v_proj/MatMul,fully_connected,fully_connected_gpu_bf_tiled__f16,349,false,false,1,1,fully_connected_gpu_bf_tiled_17963963101609895522_0_0,gtpin_total_execution_cycles,3760086,cycles,8,3760086
n1_i7,7,1,7,performance,layers.*/input_layernorm,/model/layers.20/input_layernorm/Mul,RMS,RMS,rms:/model/layers.20/input_layernorm/Mul,rms:/model/layers.20/input_layernorm/Mul,rms,rms_gpu_bfyx_opt__f16,996,false,false,1,1,rms_gpu_bfyx_opt_10690270683970839748_0_0__sa,gtpin_total_execution_cycles,1757550,cycles,256,1757550
n1_i7,7,1,7,performance,layers.*/mlp,/model/layers.20/mlp/down_proj/MatMul,FullyConnected,FullyConnected,fullyconnected:/model/layers.20/mlp/down_proj/MatMul,fullyconnected:/model/layers.20/mlp/down_proj/MatMul,fully_connected,fully_connected_gpu_bf_tiled__f16,1031,false,false,1,1,fully_connected_gpu_bf_tiled_2727911967636154657_0_0,gtpin_total_execution_cycles,80263564,cycles,64,80263564
n1_i7,7,1,7,performance,layers.*/mlp,/model/layers.20/mlp/gate_proj/MatMul,FullyConnected,FullyConnected,fullyconnected:/model/layers.20/mlp/gate_proj/MatMul,fullyconnected:/model/layers.20/mlp/gate_proj/MatMul,fully_connected,fully_connected_gpu_bf_tiled__f16,1030,false,false,1,1,fully_connected_gpu_bf_tiled_9957149419786459120_0_0,gtpin_total_execution_cycles,136898952,cycles,176,136898952
n1_i7,7,1,7,performance,layers.*/mlp,/model/layers.20/mlp/up_proj/MatMul,FullyConnected,FullyConnected,fullyconnected:/model/layers.20/mlp/up_proj/MatMul,fullyconnected:/model/layers.20/mlp/up_proj/MatMul,fully_connected,fully_connected_gpu_bf_tiled__f16,1029,false,false,1,1,fully_connected_gpu_bf_tiled_2740906288179525049_0_0,gtpin_total_execution_cycles,125196400,cycles,176,125196400
n1_i7,7,1,7,performance,layers.*/post_attention_layernorm,/model/layers.20/post_attention_layernorm/Mul,RMS,RMS,rms:/model/layers.20/post_attention_layernorm/Mul,rms:/model/layers.20/post_attention_layernorm/Mul,rms,rms_gpu_bfyx_opt__f16,1028,false,false,1,1,rms_gpu_bfyx_opt_10690270683970839748_0_0__sa,gtpin_total_execution_cycles,1981024,cycles,256,1981024
n1_i7,7,1,7,performance,layers.*/self_attn,/model/layers.20/self_attn/Add,RoPE,RoPE,rope:/model/layers.20/self_attn/Add,rope:/model/layers.20/self_attn/Add,rope,ocl::rope::opt___f16,1004,false,false,1,1,rope_opt__13889706310558783765__sa,gtpin_total_execution_cycles,818642,cycles,64,818642
n1_i7,7,1,7,performance,layers.*/self_attn,/model/layers.20/self_attn/Add_1,RoPE,RoPE,rope:/model/layers.20/self_attn/Add_1,rope:/model/layers.20/self_attn/Add_1,rope,ocl::rope::opt___f16,1005,false,false,1,1,rope_opt__6960924190377492479__sa,gtpin_total_execution_cycles,64226,cycles,8,64226
n1_i7,7,1,7,performance,layers.*/self_attn,/model/layers.20/self_attn/Expand,Broadcast,Broadcast,broadcast:/model/layers.20/self_attn/Expand,broadcast:/model/layers.20/self_attn/Expand,broadcast,broadcast_gpu_ref__f16,1017,false,false,1,1,broadcast_gpu_ref_6456514822857321615_0_0__sa,gtpin_total_execution_cycles,3914614,cycles,1024,3914614
n1_i7,7,1,7,performance,layers.*/self_attn,/model/layers.20/self_attn/Expand_1,Broadcast,Broadcast,broadcast:/model/layers.20/self_attn/Expand_1,broadcast:/model/layers.20/self_attn/Expand_1,broadcast,broadcast_gpu_ref__f16,1010,false,false,1,1,broadcast_gpu_ref_6456514822857321615_0_0__sa,gtpin_total_execution_cycles,4225780,cycles,1024,4225780
n1_i7,7,1,7,performance,layers.*/self_attn,/model/layers.20/self_attn/IsNaN,IsNaN,IsNaN,isnan:/model/layers.20/self_attn/IsNaN,isnan:/model/layers.20/self_attn/IsNaN,eltwise,generic_eltwise_ref__f16,1023,false,false,1,1,generic_eltwise_ref_1696504087421334661_0_0__sa,gtpin_total_execution_cycles,1584016,cycles,256,1584016
n1_i7,7,1,7,performance,layers.*/self_attn,/model/layers.20/self_attn/MatMul,Gemm,Gemm,gemm:/model/layers.20/self_attn/MatMul,gemm:/model/layers.20/self_attn/MatMul,gemm,gemm_tiled_opt__f16,1021,false,false,1,1,gemm_tiled_opt_7238579717421349067_1_0__sa,gtpin_total_execution_cycles,3910566,cycles,32,3910566
n1_i7,7,1,7,performance,layers.*/self_attn,/model/layers.20/self_attn/Mul_8,Multiply,Multiply,multiply:/model/layers.20/self_attn/Mul_8,multiply:/model/layers.20/self_attn/Mul_8,eltwise,generic_eltwise_ref__f16,1007,false,false,1,1,generic_eltwise_ref_7125964068740378811_0_0__sa,gtpin_total_execution_cycles,5031934,cycles,1024,5031934
n1_i7,7,1,7,performance,layers.*/self_attn,/model/layers.20/self_attn/Softmax,Softmax,Softmax,softmax:/model/layers.20/self_attn/Softmax,softmax:/model/layers.20/self_attn/Softmax,softmax,softmax_gpu_bf__f16,1022,false,false,1,1,softmax_gpu_bf_18392998524141771378_0_0__sa,gtpin_total_execution_cycles,8095831,cycles,512,8095831
n1_i7,7,1,7,performance,layers.*/self_attn,/model/layers.20/self_attn/Transpose_2,Transpose,Transpose,transpose:/model/layers.20/self_attn/Transpose_2,transpose:/model/layers.20/self_attn/Transpose_2,permute,permute_ref__f16,1003,false,false,1,1,permute_ref_653960189515371720_0_0__sa,gtpin_total_execution_cycles,553548,cycles,128,553548
n1_i7,7,1,7,performance,layers.*/self_attn,/model/layers.20/self_attn/Transpose_3,Transpose,Transpose,transpose:/model/layers.20/self_attn/Transpose_3,transpose:/model/layers.20/self_attn/Transpose_3,permute,permute_ref__f16,1020,false,false,1,1,permute_ref_17183202574580890641_0_0__sa,gtpin_total_execution_cycles,5223132,cycles,1024,5223132
n1_i7,7,1,7,performance,layers.*/self_attn,/model/layers.20/self_attn/Transpose_4,Gemm,Gemm,gemm:/model/layers.20/self_attn/Transpose_4,gemm:/model/layers.20/self_attn/Transpose_4,gemm,gemm_tiled_opt__f16,1025,false,false,1,1,gemm_tiled_opt_12829285813189929928_0_0__sa,gtpin_total_execution_cycles,2042434,cycles,64,2042434
n1_i7,7,1,7,performance,layers.*/self_attn,/model/layers.20/self_attn/Where_2,Select,Select,select:/model/layers.20/self_attn/Where_2,select:/model/layers.20/self_attn/Where_2,select,select_gpu_ref__u8,1018,false,false,1,1,select_gpu_ref_7464502897564813179_0_0__sa,gtpin_total_execution_cycles,43944,cycles,8,43944
n1_i7,7,1,7,performance,layers.*/self_attn,/model/layers.20/self_attn/Where_3,Select,Select,select:/model/layers.20/self_attn/Where_3,select:/model/layers.20/self_attn/Where_3,select,select_gpu_ref__u8,1024,false,false,1,1,select_gpu_ref_5609897181611433017_0_0__sa,gtpin_total_execution_cycles,1588558,cycles,256,1588558
n1_i7,7,1,7,performance,layers.*/self_attn,/model/layers.20/self_attn/k_proj/MatMul,FullyConnected,FullyConnected,fullyconnected:/model/layers.20/self_attn/k_proj/MatMul,fullyconnected:/model/layers.20/self_attn/k_proj/MatMul,fully_connected,fully_connected_gpu_bf_tiled__f16,999,false,false,1,1,fully_connected_gpu_bf_tiled_17963963101609895522_0_0,gtpin_total_execution_cycles,4022126,cycles,8,4022126
n1_i7,7,1,7,performance,layers.*/self_attn,/model/layers.20/self_attn/o_proj/MatMul,FullyConnected,FullyConnected,fullyconnected:/model/layers.20/self_attn/o_proj/MatMul,fullyconnected:/model/layers.20/self_attn/o_proj/MatMul,fully_connected,fully_connected_gpu_bf_tiled__f16,1027,false,false,1,1,fully_connected_gpu_bf_tiled_14284117615310227244_0_0,gtpin_total_execution_cycles,29062770,cycles,64,29062770
n1_i7,7,1,7,performance,layers.*/self_attn,/model/layers.20/self_attn/q_proj/MatMul,FullyConnected,FullyConnected,fullyconnected:/model/layers.20/self_attn/q_proj/MatMul,fullyconnected:/model/layers.20/self_attn/q_proj/MatMul,fully_connected,fully_connected_gpu_bf_tiled__f16,998,false,false,1,1,fully_connected_gpu_bf_tiled_5315586391497964380_0_0,gtpin_total_execution_cycles,31217438,cycles,64,31217438
n1_i7,7,1,7,performance,layers.*/self_attn,/model/layers.20/self_attn/v_proj/MatMul,FullyConnected,FullyConnected,fullyconnected:/model/layers.20/self_attn/v_proj/MatMul,fullyconnected:/model/layers.20/self_attn/v_proj/MatMul,fully_connected,fully_connected_gpu_bf_tiled__f16,997,false,false,1,1,fully_connected_gpu_bf_tiled_17963963101609895522_0_0,gtpin_total_execution_cycles,3789782,cycles,8,3789782
n1_i7,7,1,7,performance,layers.*/input_layernorm,/model/layers.21/input_layernorm/Mul,RMS,RMS,rms:/model/layers.21/input_layernorm/Mul,rms:/model/layers.21/input_layernorm/Mul,rms,rms_gpu_bfyx_opt__f16,1032,false,false,1,1,rms_gpu_bfyx_opt_10690270683970839748_0_0__sa,gtpin_total_execution_cycles,1581408,cycles,256,1581408
n1_i7,7,1,7,performance,layers.*/mlp,/model/layers.21/mlp/down_proj/MatMul,FullyConnected,FullyConnected,fullyconnected:/model/layers.21/mlp/down_proj/MatMul,fullyconnected:/model/layers.21/mlp/down_proj/MatMul,fully_connected,fully_connected_gpu_bf_tiled__f16,1067,false,false,1,1,fully_connected_gpu_bf_tiled_2727911967636154657_0_0,gtpin_total_execution_cycles,75701666,cycles,64,75701666
n1_i7,7,1,7,performance,layers.*/mlp,/model/layers.21/mlp/gate_proj/MatMul,FullyConnected,FullyConnected,fullyconnected:/model/layers.21/mlp/gate_proj/MatMul,fullyconnected:/model/layers.21/mlp/gate_proj/MatMul,fully_connected,fully_connected_gpu_bf_tiled__f16,1066,false,false,1,1,fully_connected_gpu_bf_tiled_9957149419786459120_0_0,gtpin_total_execution_cycles,126350324,cycles,176,126350324
n1_i7,7,1,7,performance,layers.*/mlp,/model/layers.21/mlp/up_proj/MatMul,FullyConnected,FullyConnected,fullyconnected:/model/layers.21/mlp/up_proj/MatMul,fullyconnected:/model/layers.21/mlp/up_proj/MatMul,fully_connected,fully_connected_gpu_bf_tiled__f16,1065,false,false,1,1,fully_connected_gpu_bf_tiled_2740906288179525049_0_0,gtpin_total_execution_cycles,110141596,cycles,176,110141596
n1_i7,7,1,7,performance,layers.*/post_attention_layernorm,/model/layers.21/post_attention_layernorm/Mul,RMS,RMS,rms:/model/layers.21/post_attention_layernorm/Mul,rms:/model/layers.21/post_attention_layernorm/Mul,rms,rms_gpu_bfyx_opt__f16,1064,false,false,1,1,rms_gpu_bfyx_opt_10690270683970839748_0_0__sa,gtpin_total_execution_cycles,1934896,cycles,256,1934896
n1_i7,7,1,7,performance,layers.*/self_attn,/model/layers.21/self_attn/Add,RoPE,RoPE,rope:/model/layers.21/self_attn/Add,rope:/model/layers.21/self_attn/Add,rope,ocl::rope::opt___f16,1040,false,false,1,1,rope_opt__13889706310558783765__sa,gtpin_total_execution_cycles,959952,cycles,64,959952
n1_i7,7,1,7,performance,layers.*/self_attn,/model/layers.21/self_attn/Add_1,RoPE,RoPE,rope:/model/layers.21/self_attn/Add_1,rope:/model/layers.21/self_attn/Add_1,rope,ocl::rope::opt___f16,1041,false,false,1,1,rope_opt__6960924190377492479__sa,gtpin_total_execution_cycles,70922,cycles,8,70922
n1_i7,7,1,7,performance,layers.*/self_attn,/model/layers.21/self_attn/Expand,Broadcast,Broadcast,broadcast:/model/layers.21/self_attn/Expand,broadcast:/model/layers.21/self_attn/Expand,broadcast,broadcast_gpu_ref__f16,1053,false,false,1,1,broadcast_gpu_ref_6456514822857321615_0_0__sa,gtpin_total_execution_cycles,5523276,cycles,1024,5523276
n1_i7,7,1,7,performance,layers.*/self_attn,/model/layers.21/self_attn/Expand_1,Broadcast,Broadcast,broadcast:/model/layers.21/self_attn/Expand_1,broadcast:/model/layers.21/self_attn/Expand_1,broadcast,broadcast_gpu_ref__f16,1046,false,false,1,1,broadcast_gpu_ref_6456514822857321615_0_0__sa,gtpin_total_execution_cycles,5587930,cycles,1024,5587930
n1_i7,7,1,7,performance,layers.*/self_attn,/model/layers.21/self_attn/IsNaN,IsNaN,IsNaN,isnan:/model/layers.21/self_attn/IsNaN,isnan:/model/layers.21/self_attn/IsNaN,eltwise,generic_eltwise_ref__f16,1059,false,false,1,1,generic_eltwise_ref_1696504087421334661_0_0__sa,gtpin_total_execution_cycles,1171602,cycles,256,1171602
n1_i7,7,1,7,performance,layers.*/self_attn,/model/layers.21/self_attn/MatMul,Gemm,Gemm,gemm:/model/layers.21/self_attn/MatMul,gemm:/model/layers.21/self_attn/MatMul,gemm,gemm_tiled_opt__f16,1057,false,false,1,1,gemm_tiled_opt_7238579717421349067_1_0__sa,gtpin_total_execution_cycles,3446068,cycles,32,3446068
n1_i7,7,1,7,performance,layers.*/self_attn,/model/layers.21/self_attn/Mul_8,Multiply,Multiply,multiply:/model/layers.21/self_attn/Mul_8,multiply:/model/layers.21/self_attn/Mul_8,eltwise,generic_eltwise_ref__f16,1043,false,false,1,1,generic_eltwise_ref_7125964068740378811_0_0__sa,gtpin_total_execution_cycles,5031844,cycles,1024,5031844
n1_i7,7,1,7,performance,layers.*/self_attn,/model/layers.21/self_attn/Softmax,Softmax,Softmax,softmax:/model/layers.21/self_attn/Softmax,softmax:/model/layers.21/self_attn/Softmax,softmax,softmax_gpu_bf__f16,1058,false,false,1,1,softmax_gpu_bf_18392998524141771378_0_0__sa,gtpin_total_execution_cycles,8221309,cycles,512,8221309
n1_i7,7,1,7,performance,layers.*/self_attn,/model/layers.21/self_attn/Transpose_2,Transpose,Transpose,transpose:/model/layers.21/self_attn/Transpose_2,transpose:/model/layers.21/self_attn/Transpose_2,permute,permute_ref__f16,1039,false,false,1,1,permute_ref_653960189515371720_0_0__sa,gtpin_total_execution_cycles,522742,cycles,128,522742
n1_i7,7,1,7,performance,layers.*/self_attn,/model/layers.21/self_attn/Transpose_3,Transpose,Transpose,transpose:/model/layers.21/self_attn/Transpose_3,transpose:/model/layers.21/self_attn/Transpose_3,permute,permute_ref__f16,1056,false,false,1,1,permute_ref_17183202574580890641_0_0__sa,gtpin_total_execution_cycles,5707952,cycles,1024,5707952
n1_i7,7,1,7,performance,layers.*/self_attn,/model/layers.21/self_attn/Transpose_4,Gemm,Gemm,gemm:/model/layers.21/self_attn/Transpose_4,gemm:/model/layers.21/self_attn/Transpose_4,gemm,gemm_tiled_opt__f16,1061,false,false,1,1,gemm_tiled_opt_12829285813189929928_0_0__sa,gtpin_total_execution_cycles,2050022,cycles,64,2050022
n1_i7,7,1,7,performance,layers.*/self_attn,/model/layers.21/self_attn/Where_2,Select,Select,select:/model/layers.21/self_attn/Where_2,select:/model/layers.21/self_attn/Where_2,select,select_gpu_ref__u8,1054,false,false,1,1,select_gpu_ref_7464502897564813179_0_0__sa,gtpin_total_execution_cycles,41968,cycles,8,41968
n1_i7,7,1,7,performance,layers.*/self_attn,/model/layers.21/self_attn/Where_3,Select,Select,select:/model/layers.21/self_attn/Where_3,select:/model/layers.21/self_attn/Where_3,select,select_gpu_ref__u8,1060,false,false,1,1,select_gpu_ref_5609897181611433017_0_0__sa,gtpin_total_execution_cycles,1370416,cycles,256,1370416
n1_i7,7,1,7,performance,layers.*/self_attn,/model/layers.21/self_attn/k_proj/MatMul,FullyConnected,FullyConnected,fullyconnected:/model/layers.21/self_attn/k_proj/MatMul,fullyconnected:/model/layers.21/self_attn/k_proj/MatMul,fully_connected,fully_connected_gpu_bf_tiled__f16,1035,false,false,1,1,fully_connected_gpu_bf_tiled_17963963101609895522_0_0,gtpin_total_execution_cycles,3822754,cycles,8,3822754
n1_i7,7,1,7,performance,layers.*/self_attn,/model/layers.21/self_attn/o_proj/MatMul,FullyConnected,FullyConnected,fullyconnected:/model/layers.21/self_attn/o_proj/MatMul,fullyconnected:/model/layers.21/self_attn/o_proj/MatMul,fully_connected,fully_connected_gpu_bf_tiled__f16,1063,false,false,1,1,fully_connected_gpu_bf_tiled_14284117615310227244_0_0,gtpin_total_execution_cycles,28436562,cycles,64,28436562
n1_i7,7,1,7,performance,layers.*/self_attn,/model/layers.21/self_attn/q_proj/MatMul,FullyConnected,FullyConnected,fullyconnected:/model/layers.21/self_attn/q_proj/MatMul,fullyconnected:/model/layers.21/self_attn/q_proj/MatMul,fully_connected,fully_connected_gpu_bf_tiled__f16,1034,false,false,1,1,fully_connected_gpu_bf_tiled_5315586391497964380_0_0,gtpin_total_execution_cycles,29706038,cycles,64,29706038
n1_i7,7,1,7,performance,layers.*/self_attn,/model/layers.21/self_attn/v_proj/MatMul,FullyConnected,FullyConnected,fullyconnected:/model/layers.21/self_attn/v_proj/MatMul,fullyconnected:/model/layers.21/self_attn/v_proj/MatMul,fully_connected,fully_connected_gpu_bf_tiled__f16,1033,false,false,1,1,fully_connected_gpu_bf_tiled_17963963101609895522_0_0,gtpin_total_execution_cycles,3618208,cycles,8,3618208
n1_i7,7,1,7,performance,layers.*/input_layernorm,/model/layers.3/input_layernorm/Mul,RMS,RMS,rms:/model/layers.3/input_layernorm/Mul,rms:/model/layers.3/input_layernorm/Mul,rms,rms_gpu_bfyx_opt__f16,384,false,false,1,1,rms_gpu_bfyx_opt_10690270683970839748_0_0__sa,gtpin_total_execution_cycles,1984700,cycles,256,1984700
n1_i7,7,1,7,performance,layers.*/mlp,/model/layers.3/mlp/down_proj/MatMul,FullyConnected,FullyConnected,fullyconnected:/model/layers.3/mlp/down_proj/MatMul,fullyconnected:/model/layers.3/mlp/down_proj/MatMul,fully_connected,fully_connected_gpu_bf_tiled__f16,419,false,false,1,1,fully_connected_gpu_bf_tiled_2727911967636154657_0_0,gtpin_total_execution_cycles,83886332,cycles,64,83886332
n1_i7,7,1,7,performance,layers.*/mlp,/model/layers.3/mlp/gate_proj/MatMul,FullyConnected,FullyConnected,fullyconnected:/model/layers.3/mlp/gate_proj/MatMul,fullyconnected:/model/layers.3/mlp/gate_proj/MatMul,fully_connected,fully_connected_gpu_bf_tiled__f16,418,false,false,1,1,fully_connected_gpu_bf_tiled_9957149419786459120_0_0,gtpin_total_execution_cycles,165021726,cycles,176,165021726
n1_i7,7,1,7,performance,layers.*/mlp,/model/layers.3/mlp/up_proj/MatMul,FullyConnected,FullyConnected,fullyconnected:/model/layers.3/mlp/up_proj/MatMul,fullyconnected:/model/layers.3/mlp/up_proj/MatMul,fully_connected,fully_connected_gpu_bf_tiled__f16,417,false,false,1,1,fully_connected_gpu_bf_tiled_2740906288179525049_0_0,gtpin_total_execution_cycles,127634376,cycles,176,127634376
n1_i7,7,1,7,performance,layers.*/post_attention_layernorm,/model/layers.3/post_attention_layernorm/Mul,RMS,RMS,rms:/model/layers.3/post_attention_layernorm/Mul,rms:/model/layers.3/post_attention_layernorm/Mul,rms,rms_gpu_bfyx_opt__f16,416,false,false,1,1,rms_gpu_bfyx_opt_10690270683970839748_0_0__sa,gtpin_total_execution_cycles,1929342,cycles,256,1929342
n1_i7,7,1,7,performance,layers.*/self_attn,/model/layers.3/self_attn/Add,RoPE,RoPE,rope:/model/layers.3/self_attn/Add,rope:/model/layers.3/self_attn/Add,rope,ocl::rope::opt___f16,392,false,false,1,1,rope_opt__13889706310558783765__sa,gtpin_total_execution_cycles,970992,cycles,64,970992
n1_i7,7,1,7,performance,layers.*/self_attn,/model/layers.3/self_attn/Add_1,RoPE,RoPE,rope:/model/layers.3/self_attn/Add_1,rope:/model/layers.3/self_attn/Add_1,rope,ocl::rope::opt___f16,393,false,false,1,1,rope_opt__6960924190377492479__sa,gtpin_total_execution_cycles,83958,cycles,8,83958
n1_i7,7,1,7,performance,layers.*/self_attn,/model/layers.3/self_attn/Expand,Broadcast,Broadcast,broadcast:/model/layers.3/self_attn/Expand,broadcast:/model/layers.3/self_attn/Expand,broadcast,broadcast_gpu_ref__f16,405,false,false,1,1,broadcast_gpu_ref_6456514822857321615_0_0__sa,gtpin_total_execution_cycles,3390858,cycles,1024,3390858
n1_i7,7,1,7,performance,layers.*/self_attn,/model/layers.3/self_attn/Expand_1,Broadcast,Broadcast,broadcast:/model/layers.3/self_attn/Expand_1,broadcast:/model/layers.3/self_attn/Expand_1,broadcast,broadcast_gpu_ref__f16,398,false,false,1,1,broadcast_gpu_ref_6456514822857321615_0_0__sa,gtpin_total_execution_cycles,4692532,cycles,1024,4692532
n1_i7,7,1,7,performance,layers.*/self_attn,/model/layers.3/self_attn/IsNaN,IsNaN,IsNaN,isnan:/model/layers.3/self_attn/IsNaN,isnan:/model/layers.3/self_attn/IsNaN,eltwise,generic_eltwise_ref__f16,411,false,false,1,1,generic_eltwise_ref_1696504087421334661_0_0__sa,gtpin_total_execution_cycles,1135568,cycles,256,1135568
n1_i7,7,1,7,performance,layers.*/self_attn,/model/layers.3/self_attn/MatMul,Gemm,Gemm,gemm:/model/layers.3/self_attn/MatMul,gemm:/model/layers.3/self_attn/MatMul,gemm,gemm_tiled_opt__f16,409,false,false,1,1,gemm_tiled_opt_7238579717421349067_1_0__sa,gtpin_total_execution_cycles,3439524,cycles,32,3439524
n1_i7,7,1,7,performance,layers.*/self_attn,/model/layers.3/self_attn/Mul_8,Multiply,Multiply,multiply:/model/layers.3/self_attn/Mul_8,multiply:/model/layers.3/self_attn/Mul_8,eltwise,generic_eltwise_ref__f16,395,false,false,1,1,generic_eltwise_ref_7125964068740378811_0_0__sa,gtpin_total_execution_cycles,5736126,cycles,1024,5736126
n1_i7,7,1,7,performance,layers.*/self_attn,/model/layers.3/self_attn/Softmax,Softmax,Softmax,softmax:/model/layers.3/self_attn/Softmax,softmax:/model/layers.3/self_attn/Softmax,softmax,softmax_gpu_bf__f16,410,false,false,1,1,softmax_gpu_bf_18392998524141771378_0_0__sa,gtpin_total_execution_cycles,7816968,cycles,512,7816968
n1_i7,7,1,7,performance,layers.*/self_attn,/model/layers.3/self_attn/Transpose_2,Transpose,Transpose,transpose:/model/layers.3/self_attn/Transpose_2,transpose:/model/layers.3/self_attn/Transpose_2,permute,permute_ref__f16,391,false,false,1,1,permute_ref_653960189515371720_0_0__sa,gtpin_total_execution_cycles,524016,cycles,128,524016
n1_i7,7,1,7,performance,layers.*/self_attn,/model/layers.3/self_attn/Transpose_3,Transpose,Transpose,transpose:/model/layers.3/self_attn/Transpose_3,transpose:/model/layers.3/self_attn/Transpose_3,permute,permute_ref__f16,408,false,false,1,1,permute_ref_17183202574580890641_0_0__sa,gtpin_total_execution_cycles,4833234,cycles,1024,4833234
n1_i7,7,1,7,performance,layers.*/self_attn,/model/layers.3/self_attn/Transpose_4,Gemm,Gemm,gemm:/model/layers.3/self_attn/Transpose_4,gemm:/model/layers.3/self_attn/Transpose_4,gemm,gemm_tiled_opt__f16,413,false,false,1,1,gemm_tiled_opt_12829285813189929928_0_0__sa,gtpin_total_execution_cycles,2207076,cycles,64,2207076
n1_i7,7,1,7,performance,layers.*/self_attn,/model/layers.3/self_attn/Where_2,Select,Select,select:/model/layers.3/self_attn/Where_2,select:/model/layers.3/self_attn/Where_2,select,select_gpu_ref__u8,406,false,false,1,1,select_gpu_ref_7464502897564813179_0_0__sa,gtpin_total_execution_cycles,38464,cycles,8,38464
n1_i7,7,1,7,performance,layers.*/self_attn,/model/layers.3/self_attn/Where_3,Select,Select,select:/model/layers.3/self_attn/Where_3,select:/model/layers.3/self_attn/Where_3,select,select_gpu_ref__u8,412,false,false,1,1,select_gpu_ref_5609897181611433017_0_0__sa,gtpin_total_execution_cycles,1395946,cycles,256,1395946
n1_i7,7,1,7,performance,layers.*/self_attn,/model/layers.3/self_attn/k_proj/MatMul,FullyConnected,FullyConnected,fullyconnected:/model/layers.3/self_attn/k_proj/MatMul,fullyconnected:/model/layers.3/self_attn/k_proj/MatMul,fully_connected,fully_connected_gpu_bf_tiled__f16,387,false,false,1,1,fully_connected_gpu_bf_tiled_17963963101609895522_0_0,gtpin_total_execution_cycles,4084308,cycles,8,4084308
n1_i7,7,1,7,performance,layers.*/self_attn,/model/layers.3/self_attn/o_proj/MatMul,FullyConnected,FullyConnected,fullyconnected:/model/layers.3/self_attn/o_proj/MatMul,fullyconnected:/model/layers.3/self_attn/o_proj/MatMul,fully_connected,fully_connected_gpu_bf_tiled__f16,415,false,false,1,1,fully_connected_gpu_bf_tiled_14284117615310227244_0_0,gtpin_total_execution_cycles,29955960,cycles,64,29955960
n1_i7,7,1,7,performance,layers.*/self_attn,/model/layers.3/self_attn/q_proj/MatMul,FullyConnected,FullyConnected,fullyconnected:/model/layers.3/self_attn/q_proj/MatMul,fullyconnected:/model/layers.3/self_attn/q_proj/MatMul,fully_connected,fully_connected_gpu_bf_tiled__f16,386,false,false,1,1,fully_connected_gpu_bf_tiled_5315586391497964380_0_0,gtpin_total_execution_cycles,31806912,cycles,64,31806912
n1_i7,7,1,7,performance,layers.*/self_attn,/model/layers.3/self_attn/v_proj/MatMul,FullyConnected,FullyConnected,fullyconnected:/model/layers.3/self_attn/v_proj/MatMul,fullyconnected:/model/layers.3/self_attn/v_proj/MatMul,fully_connected,fully_connected_gpu_bf_tiled__f16,385,false,false,1,1,fully_connected_gpu_bf_tiled_17963963101609895522_0_0,gtpin_total_execution_cycles,3877748,cycles,8,3877748
n1_i7,7,1,7,performance,layers.*/input_layernorm,/model/layers.4/input_layernorm/Mul,RMS,RMS,rms:/model/layers.4/input_layernorm/Mul,rms:/model/layers.4/input_layernorm/Mul,rms,rms_gpu_bfyx_opt__f16,420,false,false,1,1,rms_gpu_bfyx_opt_10690270683970839748_0_0__sa,gtpin_total_execution_cycles,1676364,cycles,256,1676364
n1_i7,7,1,7,performance,layers.*/mlp,/model/layers.4/mlp/down_proj/MatMul,FullyConnected,FullyConnected,fullyconnected:/model/layers.4/mlp/down_proj/MatMul,fullyconnected:/model/layers.4/mlp/down_proj/MatMul,fully_connected,fully_connected_gpu_bf_tiled__f16,455,false,false,1,1,fully_connected_gpu_bf_tiled_2727911967636154657_0_0,gtpin_total_execution_cycles,87451686,cycles,64,87451686
n1_i7,7,1,7,performance,layers.*/mlp,/model/layers.4/mlp/gate_proj/MatMul,FullyConnected,FullyConnected,fullyconnected:/model/layers.4/mlp/gate_proj/MatMul,fullyconnected:/model/layers.4/mlp/gate_proj/MatMul,fully_connected,fully_connected_gpu_bf_tiled__f16,454,false,false,1,1,fully_connected_gpu_bf_tiled_9957149419786459120_0_0,gtpin_total_execution_cycles,156001928,cycles,176,156001928
n1_i7,7,1,7,performance,layers.*/mlp,/model/layers.4/mlp/up_proj/MatMul,FullyConnected,FullyConnected,fullyconnected:/model/layers.4/mlp/up_proj/MatMul,fullyconnected:/model/layers.4/mlp/up_proj/MatMul,fully_connected,fully_connected_gpu_bf_tiled__f16,453,false,false,1,1,fully_connected_gpu_bf_tiled_2740906288179525049_0_0,gtpin_total_execution_cycles,132827564,cycles,176,132827564
n1_i7,7,1,7,performance,layers.*/post_attention_layernorm,/model/layers.4/post_attention_layernorm/Mul,RMS,RMS,rms:/model/layers.4/post_attention_layernorm/Mul,rms:/model/layers.4/post_attention_layernorm/Mul,rms,rms_gpu_bfyx_opt__f16,452,false,false,1,1,rms_gpu_bfyx_opt_10690270683970839748_0_0__sa,gtpin_total_execution_cycles,2116344,cycles,256,2116344
n1_i7,7,1,7,performance,layers.*/self_attn,/model/layers.4/self_attn/Add,RoPE,RoPE,rope:/model/layers.4/self_attn/Add,rope:/model/layers.4/self_attn/Add,rope,ocl::rope::opt___f16,428,false,false,1,1,rope_opt__13889706310558783765__sa,gtpin_total_execution_cycles,881880,cycles,64,881880
n1_i7,7,1,7,performance,layers.*/self_attn,/model/layers.4/self_attn/Add_1,RoPE,RoPE,rope:/model/layers.4/self_attn/Add_1,rope:/model/layers.4/self_attn/Add_1,rope,ocl::rope::opt___f16,429,false,false,1,1,rope_opt__6960924190377492479__sa,gtpin_total_execution_cycles,67626,cycles,8,67626
n1_i7,7,1,7,performance,layers.*/self_attn,/model/layers.4/self_attn/Expand,Broadcast,Broadcast,broadcast:/model/layers.4/self_attn/Expand,broadcast:/model/layers.4/self_attn/Expand,broadcast,broadcast_gpu_ref__f16,441,false,false,1,1,broadcast_gpu_ref_6456514822857321615_0_0__sa,gtpin_total_execution_cycles,5217902,cycles,1024,5217902
n1_i7,7,1,7,performance,layers.*/self_attn,/model/layers.4/self_attn/Expand_1,Broadcast,Broadcast,broadcast:/model/layers.4/self_attn/Expand_1,broadcast:/model/layers.4/self_attn/Expand_1,broadcast,broadcast_gpu_ref__f16,434,false,false,1,1,broadcast_gpu_ref_6456514822857321615_0_0__sa,gtpin_total_execution_cycles,3983868,cycles,1024,3983868
n1_i7,7,1,7,performance,layers.*/self_attn,/model/layers.4/self_attn/IsNaN,IsNaN,IsNaN,isnan:/model/layers.4/self_attn/IsNaN,isnan:/model/layers.4/self_attn/IsNaN,eltwise,generic_eltwise_ref__f16,447,false,false,1,1,generic_eltwise_ref_1696504087421334661_0_0__sa,gtpin_total_execution_cycles,1215044,cycles,256,1215044
n1_i7,7,1,7,performance,layers.*/self_attn,/model/layers.4/self_attn/MatMul,Gemm,Gemm,gemm:/model/layers.4/self_attn/MatMul,gemm:/model/layers.4/self_attn/MatMul,gemm,gemm_tiled_opt__f16,445,false,false,1,1,gemm_tiled_opt_7238579717421349067_1_0__sa,gtpin_total_execution_cycles,3813682,cycles,32,3813682
n1_i7,7,1,7,performance,layers.*/self_attn,/model/layers.4/self_attn/Mul_8,Multiply,Multiply,multiply:/model/layers.4/self_attn/Mul_8,multiply:/model/layers.4/self_attn/Mul_8,eltwise,generic_eltwise_ref__f16,431,false,false,1,1,generic_eltwise_ref_7125964068740378811_0_0__sa,gtpin_total_execution_cycles,5383752,cycles,1024,5383752
n1_i7,7,1,7,performance,layers.*/self_attn,/model/layers.4/self_attn/Softmax,Softmax,Softmax,softmax:/model/layers.4/self_attn/Softmax,softmax:/model/layers.4/self_attn/Softmax,softmax,softmax_gpu_bf__f16,446,false,false,1,1,softmax_gpu_bf_18392998524141771378_0_0__sa,gtpin_total_execution_cycles,8406074,cycles,512,8406074
n1_i7,7,1,7,performance,layers.*/self_attn,/model/layers.4/self_attn/Transpose_2,Transpose,Transpose,transpose:/model/layers.4/self_attn/Transpose_2,transpose:/model/layers.4/self_attn/Transpose_2,permute,permute_ref__f16,427,false,false,1,1,permute_ref_653960189515371720_0_0__sa,gtpin_total_execution_cycles,568688,cycles,128,568688
n1_i7,7,1,7,performance,layers.*/self_attn,/model/layers.4/self_attn/Transpose_3,Transpose,Transpose,transpose:/model/layers.4/self_attn/Transpose_3,transpose:/model/layers.4/self_attn/Transpose_3,permute,permute_ref__f16,444,false,false,1,1,permute_ref_17183202574580890641_0_0__sa,gtpin_total_execution_cycles,5213172,cycles,1024,5213172
n1_i7,7,1,7,performance,layers.*/self_attn,/model/layers.4/self_attn/Transpose_4,Gemm,Gemm,gemm:/model/layers.4/self_attn/Transpose_4,gemm:/model/layers.4/self_attn/Transpose_4,gemm,gemm_tiled_opt__f16,449,false,false,1,1,gemm_tiled_opt_12829285813189929928_0_0__sa,gtpin_total_execution_cycles,1994078,cycles,64,1994078
n1_i7,7,1,7,performance,layers.*/self_attn,/model/layers.4/self_attn/Where_2,Select,Select,select:/model/layers.4/self_attn/Where_2,select:/model/layers.4/self_attn/Where_2,select,select_gpu_ref__u8,442,false,false,1,1,select_gpu_ref_7464502897564813179_0_0__sa,gtpin_total_execution_cycles,41764,cycles,8,41764
n1_i7,7,1,7,performance,layers.*/self_attn,/model/layers.4/self_attn/Where_3,Select,Select,select:/model/layers.4/self_attn/Where_3,select:/model/layers.4/self_attn/Where_3,select,select_gpu_ref__u8,448,false,false,1,1,select_gpu_ref_5609897181611433017_0_0__sa,gtpin_total_execution_cycles,1399590,cycles,256,1399590
n1_i7,7,1,7,performance,layers.*/self_attn,/model/layers.4/self_attn/k_proj/MatMul,FullyConnected,FullyConnected,fullyconnected:/model/layers.4/self_attn/k_proj/MatMul,fullyconnected:/model/layers.4/self_attn/k_proj/MatMul,fully_connected,fully_connected_gpu_bf_tiled__f16,423,false,false,1,1,fully_connected_gpu_bf_tiled_17963963101609895522_0_0,gtpin_total_execution_cycles,3982852,cycles,8,3982852
n1_i7,7,1,7,performance,layers.*/self_attn,/model/layers.4/self_attn/o_proj/MatMul,FullyConnected,FullyConnected,fullyconnected:/model/layers.4/self_attn/o_proj/MatMul,fullyconnected:/model/layers.4/self_attn/o_proj/MatMul,fully_connected,fully_connected_gpu_bf_tiled__f16,451,false,false,1,1,fully_connected_gpu_bf_tiled_14284117615310227244_0_0,gtpin_total_execution_cycles,29631308,cycles,64,29631308
n1_i7,7,1,7,performance,layers.*/self_attn,/model/layers.4/self_attn/q_proj/MatMul,FullyConnected,FullyConnected,fullyconnected:/model/layers.4/self_attn/q_proj/MatMul,fullyconnected:/model/layers.4/self_attn/q_proj/MatMul,fully_connected,fully_connected_gpu_bf_tiled__f16,422,false,false,1,1,fully_connected_gpu_bf_tiled_5315586391497964380_0_0,gtpin_total_execution_cycles,30936224,cycles,64,30936224
n1_i7,7,1,7,performance,layers.*/self_attn,/model/layers.4/self_attn/v_proj/MatMul,FullyConnected,FullyConnected,fullyconnected:/model/layers.4/self_attn/v_proj/MatMul,fullyconnected:/model/layers.4/self_attn/v_proj/MatMul,fully_connected,fully_connected_gpu_bf_tiled__f16,421,false,false,1,1,fully_connected_gpu_bf_tiled_17963963101609895522_0_0,gtpin_total_execution_cycles,3766980,cycles,8,3766980
n1_i7,7,1,7,performance,layers.*/input_layernorm,/model/layers.5/input_layernorm/Mul,RMS,RMS,rms:/model/layers.5/input_layernorm/Mul,rms:/model/layers.5/input_layernorm/Mul,rms,rms_gpu_bfyx_opt__f16,456,false,false,1,1,rms_gpu_bfyx_opt_10690270683970839748_0_0__sa,gtpin_total_execution_cycles,1899288,cycles,256,1899288
n1_i7,7,1,7,performance,layers.*/mlp,/model/layers.5/mlp/down_proj/MatMul,FullyConnected,FullyConnected,fullyconnected:/model/layers.5/mlp/down_proj/MatMul,fullyconnected:/model/layers.5/mlp/down_proj/MatMul,fully_connected,fully_connected_gpu_bf_tiled__f16,491,false,false,1,1,fully_connected_gpu_bf_tiled_2727911967636154657_0_0,gtpin_total_execution_cycles,79084656,cycles,64,79084656
n1_i7,7,1,7,performance,layers.*/mlp,/model/layers.5/mlp/gate_proj/MatMul,FullyConnected,FullyConnected,fullyconnected:/model/layers.5/mlp/gate_proj/MatMul,fullyconnected:/model/layers.5/mlp/gate_proj/MatMul,fully_connected,fully_connected_gpu_bf_tiled__f16,490,false,false,1,1,fully_connected_gpu_bf_tiled_9957149419786459120_0_0,gtpin_total_execution_cycles,137124288,cycles,176,137124288
n1_i7,7,1,7,performance,layers.*/mlp,/model/layers.5/mlp/up_proj/MatMul,FullyConnected,FullyConnected,fullyconnected:/model/layers.5/mlp/up_proj/MatMul,fullyconnected:/model/layers.5/mlp/up_proj/MatMul,fully_connected,fully_connected_gpu_bf_tiled__f16,489,false,false,1,1,fully_connected_gpu_bf_tiled_2740906288179525049_0_0,gtpin_total_execution_cycles,125005444,cycles,176,125005444
n1_i7,7,1,7,performance,layers.*/post_attention_layernorm,/model/layers.5/post_attention_layernorm/Mul,RMS,RMS,rms:/model/layers.5/post_attention_layernorm/Mul,rms:/model/layers.5/post_attention_layernorm/Mul,rms,rms_gpu_bfyx_opt__f16,488,false,false,1,1,rms_gpu_bfyx_opt_10690270683970839748_0_0__sa,gtpin_total_execution_cycles,2104542,cycles,256,2104542
n1_i7,7,1,7,performance,layers.*/self_attn,/model/layers.5/self_attn/Add,RoPE,RoPE,rope:/model/layers.5/self_attn/Add,rope:/model/layers.5/self_attn/Add,rope,ocl::rope::opt___f16,464,false,false,1,1,rope_opt__13889706310558783765__sa,gtpin_total_execution_cycles,922546,cycles,64,922546
n1_i7,7,1,7,performance,layers.*/self_attn,/model/layers.5/self_attn/Add_1,RoPE,RoPE,rope:/model/layers.5/self_attn/Add_1,rope:/model/layers.5/self_attn/Add_1,rope,ocl::rope::opt___f16,465,false,false,1,1,rope_opt__6960924190377492479__sa,gtpin_total_execution_cycles,68880,cycles,8,68880
n1_i7,7,1,7,performance,layers.*/self_attn,/model/layers.5/self_attn/Expand,Broadcast,Broadcast,broadcast:/model/layers.5/self_attn/Expand,broadcast:/model/layers.5/self_attn/Expand,broadcast,broadcast_gpu_ref__f16,477,false,false,1,1,broadcast_gpu_ref_6456514822857321615_0_0__sa,gtpin_total_execution_cycles,5687612,cycles,1024,5687612
n1_i7,7,1,7,performance,layers.*/self_attn,/model/layers.5/self_attn/Expand_1,Broadcast,Broadcast,broadcast:/model/layers.5/self_attn/Expand_1,broadcast:/model/layers.5/self_attn/Expand_1,broadcast,broadcast_gpu_ref__f16,470,false,false,1,1,broadcast_gpu_ref_6456514822857321615_0_0__sa,gtpin_total_execution_cycles,4274146,cycles,1024,4274146
n1_i7,7,1,7,performance,layers.*/self_attn,/model/layers.5/self_attn/IsNaN,IsNaN,IsNaN,isnan:/model/layers.5/self_attn/IsNaN,isnan:/model/layers.5/self_attn/IsNaN,eltwise,generic_eltwise_ref__f16,483,false,false,1,1,generic_eltwise_ref_1696504087421334661_0_0__sa,gtpin_total_execution_cycles,1332526,cycles,256,1332526
n1_i7,7,1,7,performance,layers.*/self_attn,/model/layers.5/self_attn/MatMul,Gemm,Gemm,gemm:/model/layers.5/self_attn/MatMul,gemm:/model/layers.5/self_attn/MatMul,gemm,gemm_tiled_opt__f16,481,false,false,1,1,gemm_tiled_opt_7238579717421349067_1_0__sa,gtpin_total_execution_cycles,3476516,cycles,32,3476516
n1_i7,7,1,7,performance,layers.*/self_attn,/model/layers.5/self_attn/Mul_8,Multiply,Multiply,multiply:/model/layers.5/self_attn/Mul_8,multiply:/model/layers.5/self_attn/Mul_8,eltwise,generic_eltwise_ref__f16,467,false,false,1,1,generic_eltwise_ref_7125964068740378811_0_0__sa,gtpin_total_execution_cycles,4611422,cycles,1024,4611422
n1_i7,7,1,7,performance,layers.*/self_attn,/model/layers.5/self_attn/Softmax,Softmax,Softmax,softmax:/model/layers.5/self_attn/Softmax,softmax:/model/layers.5/self_attn/Softmax,softmax,softmax_gpu_bf__f16,482,false,false,1,1,softmax_gpu_bf_18392998524141771378_0_0__sa,gtpin_total_execution_cycles,8542911,cycles,512,8542911
n1_i7,7,1,7,performance,layers.*/self_attn,/model/layers.5/self_attn/Transpose_2,Transpose,Transpose,transpose:/model/layers.5/self_attn/Transpose_2,transpose:/model/layers.5/self_attn/Transpose_2,permute,permute_ref__f16,463,false,false,1,1,permute_ref_653960189515371720_0_0__sa,gtpin_total_execution_cycles,518618,cycles,128,518618
n1_i7,7,1,7,performance,layers.*/self_attn,/model/layers.5/self_attn/Transpose_3,Transpose,Transpose,transpose:/model/layers.5/self_attn/Transpose_3,transpose:/model/layers.5/self_attn/Transpose_3,permute,permute_ref__f16,480,false,false,1,1,permute_ref_17183202574580890641_0_0__sa,gtpin_total_execution_cycles,5550874,cycles,1024,5550874
n1_i7,7,1,7,performance,layers.*/self_attn,/model/layers.5/self_attn/Transpose_4,Gemm,Gemm,gemm:/model/layers.5/self_attn/Transpose_4,gemm:/model/layers.5/self_attn/Transpose_4,gemm,gemm_tiled_opt__f16,485,false,false,1,1,gemm_tiled_opt_12829285813189929928_0_0__sa,gtpin_total_execution_cycles,2063204,cycles,64,2063204
n1_i7,7,1,7,performance,layers.*/self_attn,/model/layers.5/self_attn/Where_2,Select,Select,select:/model/layers.5/self_attn/Where_2,select:/model/layers.5/self_attn/Where_2,select,select_gpu_ref__u8,478,false,false,1,1,select_gpu_ref_7464502897564813179_0_0__sa,gtpin_total_execution_cycles,37392,cycles,8,37392
n1_i7,7,1,7,performance,layers.*/self_attn,/model/layers.5/self_attn/Where_3,Select,Select,select:/model/layers.5/self_attn/Where_3,select:/model/layers.5/self_attn/Where_3,select,select_gpu_ref__u8,484,false,false,1,1,select_gpu_ref_5609897181611433017_0_0__sa,gtpin_total_execution_cycles,1507668,cycles,256,1507668
n1_i7,7,1,7,performance,layers.*/self_attn,/model/layers.5/self_attn/k_proj/MatMul,FullyConnected,FullyConnected,fullyconnected:/model/layers.5/self_attn/k_proj/MatMul,fullyconnected:/model/layers.5/self_attn/k_proj/MatMul,fully_connected,fully_connected_gpu_bf_tiled__f16,459,false,false,1,1,fully_connected_gpu_bf_tiled_17963963101609895522_0_0,gtpin_total_execution_cycles,4460094,cycles,8,4460094
n1_i7,7,1,7,performance,layers.*/self_attn,/model/layers.5/self_attn/o_proj/MatMul,FullyConnected,FullyConnected,fullyconnected:/model/layers.5/self_attn/o_proj/MatMul,fullyconnected:/model/layers.5/self_attn/o_proj/MatMul,fully_connected,fully_connected_gpu_bf_tiled__f16,487,false,false,1,1,fully_connected_gpu_bf_tiled_14284117615310227244_0_0,gtpin_total_execution_cycles,29412326,cycles,64,29412326
n1_i7,7,1,7,performance,layers.*/self_attn,/model/layers.5/self_attn/q_proj/MatMul,FullyConnected,FullyConnected,fullyconnected:/model/layers.5/self_attn/q_proj/MatMul,fullyconnected:/model/layers.5/self_attn/q_proj/MatMul,fully_connected,fully_connected_gpu_bf_tiled__f16,458,false,false,1,1,fully_connected_gpu_bf_tiled_5315586391497964380_0_0,gtpin_total_execution_cycles,34812370,cycles,64,34812370
n1_i7,7,1,7,performance,layers.*/self_attn,/model/layers.5/self_attn/v_proj/MatMul,FullyConnected,FullyConnected,fullyconnected:/model/layers.5/self_attn/v_proj/MatMul,fullyconnected:/model/layers.5/self_attn/v_proj/MatMul,fully_connected,fully_connected_gpu_bf_tiled__f16,457,false,false,1,1,fully_connected_gpu_bf_tiled_17963963101609895522_0_0,gtpin_total_execution_cycles,4295760,cycles,8,4295760
n1_i7,7,1,7,performance,layers.*/input_layernorm,/model/layers.6/input_layernorm/Mul,RMS,RMS,rms:/model/layers.6/input_layernorm/Mul,rms:/model/layers.6/input_layernorm/Mul,rms,rms_gpu_bfyx_opt__f16,492,false,false,1,1,rms_gpu_bfyx_opt_10690270683970839748_0_0__sa,gtpin_total_execution_cycles,1513346,cycles,256,1513346
n1_i7,7,1,7,performance,layers.*/mlp,/model/layers.6/mlp/down_proj/MatMul,FullyConnected,FullyConnected,fullyconnected:/model/layers.6/mlp/down_proj/MatMul,fullyconnected:/model/layers.6/mlp/down_proj/MatMul,fully_connected,fully_connected_gpu_bf_tiled__f16,527,false,false,1,1,fully_connected_gpu_bf_tiled_2727911967636154657_0_0,gtpin_total_execution_cycles,75883446,cycles,64,75883446
n1_i7,7,1,7,performance,layers.*/mlp,/model/layers.6/mlp/gate_proj/MatMul,FullyConnected,FullyConnected,fullyconnected:/model/layers.6/mlp/gate_proj/MatMul,fullyconnected:/model/layers.6/mlp/gate_proj/MatMul,fully_connected,fully_connected_gpu_bf_tiled__f16,526,false,false,1,1,fully_connected_gpu_bf_tiled_9957149419786459120_0_0,gtpin_total_execution_cycles,120450638,cycles,176,120450638
n1_i7,7,1,7,performance,layers.*/mlp,/model/layers.6/mlp/up_proj/MatMul,FullyConnected,FullyConnected,fullyconnected:/model/layers.6/mlp/up_proj/MatMul,fullyconnected:/model/layers.6/mlp/up_proj/MatMul,fully_connected,fully_connected_gpu_bf_tiled__f16,525,false,false,1,1,fully_connected_gpu_bf_tiled_2740906288179525049_0_0,gtpin_total_execution_cycles,102347154,cycles,176,102347154
n1_i7,7,1,7,performance,layers.*/post_attention_layernorm,/model/layers.6/post_attention_layernorm/Mul,RMS,RMS,rms:/model/layers.6/post_attention_layernorm/Mul,rms:/model/layers.6/post_attention_layernorm/Mul,rms,rms_gpu_bfyx_opt__f16,524,false,false,1,1,rms_gpu_bfyx_opt_10690270683970839748_0_0__sa,gtpin_total_execution_cycles,1929084,cycles,256,1929084
n1_i7,7,1,7,performance,layers.*/self_attn,/model/layers.6/self_attn/Add,RoPE,RoPE,rope:/model/layers.6/self_attn/Add,rope:/model/layers.6/self_attn/Add,rope,ocl::rope::opt___f16,500,false,false,1,1,rope_opt__13889706310558783765__sa,gtpin_total_execution_cycles,848506,cycles,64,848506
n1_i7,7,1,7,performance,layers.*/self_attn,/model/layers.6/self_attn/Add_1,RoPE,RoPE,rope:/model/layers.6/self_attn/Add_1,rope:/model/layers.6/self_attn/Add_1,rope,ocl::rope::opt___f16,501,false,false,1,1,rope_opt__6960924190377492479__sa,gtpin_total_execution_cycles,61832,cycles,8,61832
n1_i7,7,1,7,performance,layers.*/self_attn,/model/layers.6/self_attn/Expand,Broadcast,Broadcast,broadcast:/model/layers.6/self_attn/Expand,broadcast:/model/layers.6/self_attn/Expand,broadcast,broadcast_gpu_ref__f16,513,false,false,1,1,broadcast_gpu_ref_6456514822857321615_0_0__sa,gtpin_total_execution_cycles,5945178,cycles,1024,5945178
n1_i7,7,1,7,performance,layers.*/self_attn,/model/layers.6/self_attn/Expand_1,Broadcast,Broadcast,broadcast:/model/layers.6/self_attn/Expand_1,broadcast:/model/layers.6/self_attn/Expand_1,broadcast,broadcast_gpu_ref__f16,506,false,false,1,1,broadcast_gpu_ref_6456514822857321615_0_0__sa,gtpin_total_execution_cycles,4120962,cycles,1024,4120962
n1_i7,7,1,7,performance,layers.*/self_attn,/model/layers.6/self_attn/IsNaN,IsNaN,IsNaN,isnan:/model/layers.6/self_attn/IsNaN,isnan:/model/layers.6/self_attn/IsNaN,eltwise,generic_eltwise_ref__f16,519,false,false,1,1,generic_eltwise_ref_1696504087421334661_0_0__sa,gtpin_total_execution_cycles,1227726,cycles,256,1227726
n1_i7,7,1,7,performance,layers.*/self_attn,/model/layers.6/self_attn/MatMul,Gemm,Gemm,gemm:/model/layers.6/self_attn/MatMul,gemm:/model/layers.6/self_attn/MatMul,gemm,gemm_tiled_opt__f16,517,false,false,1,1,gemm_tiled_opt_7238579717421349067_1_0__sa,gtpin_total_execution_cycles,3414730,cycles,32,3414730
n1_i7,7,1,7,performance,layers.*/self_attn,/model/layers.6/self_attn/Mul_8,Multiply,Multiply,multiply:/model/layers.6/self_attn/Mul_8,multiply:/model/layers.6/self_attn/Mul_8,eltwise,generic_eltwise_ref__f16,503,false,false,1,1,generic_eltwise_ref_7125964068740378811_0_0__sa,gtpin_total_execution_cycles,4895216,cycles,1024,4895216
n1_i7,7,1,7,performance,layers.*/self_attn,/model/layers.6/self_attn/Softmax,Softmax,Softmax,softmax:/model/layers.6/self_attn/Softmax,softmax:/model/layers.6/self_attn/Softmax,softmax,softmax_gpu_bf__f16,518,false,false,1,1,softmax_gpu_bf_18392998524141771378_0_0__sa,gtpin_total_execution_cycles,8117496,cycles,512,8117496
n1_i7,7,1,7,performance,layers.*/self_attn,/model/layers.6/self_attn/Transpose_2,Transpose,Transpose,transpose:/model/layers.6/self_attn/Transpose_2,transpose:/model/layers.6/self_attn/Transpose_2,permute,permute_ref__f16,499,false,false,1,1,permute_ref_653960189515371720_0_0__sa,gtpin_total_execution_cycles,475028,cycles,128,475028
n1_i7,7,1,7,performance,layers.*/self_attn,/model/layers.6/self_attn/Transpose_3,Transpose,Transpose,transpose:/model/layers.6/self_attn/Transpose_3,transpose:/model/layers.6/self_attn/Transpose_3,permute,permute_ref__f16,516,false,false,1,1,permute_ref_17183202574580890641_0_0__sa,gtpin_total_execution_cycles,5181308,cycles,1024,5181308
n1_i7,7,1,7,performance,layers.*/self_attn,/model/layers.6/self_attn/Transpose_4,Gemm,Gemm,gemm:/model/layers.6/self_attn/Transpose_4,gemm:/model/layers.6/self_attn/Transpose_4,gemm,gemm_tiled_opt__f16,521,false,false,1,1,gemm_tiled_opt_12829285813189929928_0_0__sa,gtpin_total_execution_cycles,2014198,cycles,64,2014198
n1_i7,7,1,7,performance,layers.*/self_attn,/model/layers.6/self_attn/Where_2,Select,Select,select:/model/layers.6/self_attn/Where_2,select:/model/layers.6/self_attn/Where_2,select,select_gpu_ref__u8,514,false,false,1,1,select_gpu_ref_7464502897564813179_0_0__sa,gtpin_total_execution_cycles,40316,cycles,8,40316
n1_i7,7,1,7,performance,layers.*/self_attn,/model/layers.6/self_attn/Where_3,Select,Select,select:/model/layers.6/self_attn/Where_3,select:/model/layers.6/self_attn/Where_3,select,select_gpu_ref__u8,520,false,false,1,1,select_gpu_ref_5609897181611433017_0_0__sa,gtpin_total_execution_cycles,1378836,cycles,256,1378836
n1_i7,7,1,7,performance,layers.*/self_attn,/model/layers.6/self_attn/k_proj/MatMul,FullyConnected,FullyConnected,fullyconnected:/model/layers.6/self_attn/k_proj/MatMul,fullyconnected:/model/layers.6/self_attn/k_proj/MatMul,fully_connected,fully_connected_gpu_bf_tiled__f16,495,false,false,1,1,fully_connected_gpu_bf_tiled_17963963101609895522_0_0,gtpin_total_execution_cycles,3638164,cycles,8,3638164
n1_i7,7,1,7,performance,layers.*/self_attn,/model/layers.6/self_attn/o_proj/MatMul,FullyConnected,FullyConnected,fullyconnected:/model/layers.6/self_attn/o_proj/MatMul,fullyconnected:/model/layers.6/self_attn/o_proj/MatMul,fully_connected,fully_connected_gpu_bf_tiled__f16,523,false,false,1,1,fully_connected_gpu_bf_tiled_14284117615310227244_0_0,gtpin_total_execution_cycles,28110408,cycles,64,28110408
n1_i7,7,1,7,performance,layers.*/self_attn,/model/layers.6/self_attn/q_proj/MatMul,FullyConnected,FullyConnected,fullyconnected:/model/layers.6/self_attn/q_proj/MatMul,fullyconnected:/model/layers.6/self_attn/q_proj/MatMul,fully_connected,fully_connected_gpu_bf_tiled__f16,494,false,false,1,1,fully_connected_gpu_bf_tiled_5315586391497964380_0_0,gtpin_total_execution_cycles,28118482,cycles,64,28118482
n1_i7,7,1,7,performance,layers.*/self_attn,/model/layers.6/self_attn/v_proj/MatMul,FullyConnected,FullyConnected,fullyconnected:/model/layers.6/self_attn/v_proj/MatMul,fullyconnected:/model/layers.6/self_attn/v_proj/MatMul,fully_connected,fully_connected_gpu_bf_tiled__f16,493,false,false,1,1,fully_connected_gpu_bf_tiled_17963963101609895522_0_0,gtpin_total_execution_cycles,3432206,cycles,8,3432206
n1_i7,7,1,7,performance,layers.*/input_layernorm,/model/layers.7/input_layernorm/Mul,RMS,RMS,rms:/model/layers.7/input_layernorm/Mul,rms:/model/layers.7/input_layernorm/Mul,rms,rms_gpu_bfyx_opt__f16,528,false,false,1,1,rms_gpu_bfyx_opt_10690270683970839748_0_0__sa,gtpin_total_execution_cycles,1943136,cycles,256,1943136
n1_i7,7,1,7,performance,layers.*/mlp,/model/layers.7/mlp/down_proj/MatMul,FullyConnected,FullyConnected,fullyconnected:/model/layers.7/mlp/down_proj/MatMul,fullyconnected:/model/layers.7/mlp/down_proj/MatMul,fully_connected,fully_connected_gpu_bf_tiled__f16,563,false,false,1,1,fully_connected_gpu_bf_tiled_2727911967636154657_0_0,gtpin_total_execution_cycles,77281530,cycles,64,77281530
n1_i7,7,1,7,performance,layers.*/mlp,/model/layers.7/mlp/gate_proj/MatMul,FullyConnected,FullyConnected,fullyconnected:/model/layers.7/mlp/gate_proj/MatMul,fullyconnected:/model/layers.7/mlp/gate_proj/MatMul,fully_connected,fully_connected_gpu_bf_tiled__f16,562,false,false,1,1,fully_connected_gpu_bf_tiled_9957149419786459120_0_0,gtpin_total_execution_cycles,116654486,cycles,176,116654486
n1_i7,7,1,7,performance,layers.*/mlp,/model/layers.7/mlp/up_proj/MatMul,FullyConnected,FullyConnected,fullyconnected:/model/layers.7/mlp/up_proj/MatMul,fullyconnected:/model/layers.7/mlp/up_proj/MatMul,fully_connected,fully_connected_gpu_bf_tiled__f16,561,false,false,1,1,fully_connected_gpu_bf_tiled_2740906288179525049_0_0,gtpin_total_execution_cycles,101273746,cycles,176,101273746
n1_i7,7,1,7,performance,layers.*/post_attention_layernorm,/model/layers.7/post_attention_layernorm/Mul,RMS,RMS,rms:/model/layers.7/post_attention_layernorm/Mul,rms:/model/layers.7/post_attention_layernorm/Mul,rms,rms_gpu_bfyx_opt__f16,560,false,false,1,1,rms_gpu_bfyx_opt_10690270683970839748_0_0__sa,gtpin_total_execution_cycles,1913746,cycles,256,1913746
n1_i7,7,1,7,performance,layers.*/self_attn,/model/layers.7/self_attn/Add,RoPE,RoPE,rope:/model/layers.7/self_attn/Add,rope:/model/layers.7/self_attn/Add,rope,ocl::rope::opt___f16,536,false,false,1,1,rope_opt__13889706310558783765__sa,gtpin_total_execution_cycles,877886,cycles,64,877886
n1_i7,7,1,7,performance,layers.*/self_attn,/model/layers.7/self_attn/Add_1,RoPE,RoPE,rope:/model/layers.7/self_attn/Add_1,rope:/model/layers.7/self_attn/Add_1,rope,ocl::rope::opt___f16,537,false,false,1,1,rope_opt__6960924190377492479__sa,gtpin_total_execution_cycles,62790,cycles,8,62790
n1_i7,7,1,7,performance,layers.*/self_attn,/model/layers.7/self_attn/Expand,Broadcast,Broadcast,broadcast:/model/layers.7/self_attn/Expand,broadcast:/model/layers.7/self_attn/Expand,broadcast,broadcast_gpu_ref__f16,549,false,false,1,1,broadcast_gpu_ref_6456514822857321615_0_0__sa,gtpin_total_execution_cycles,3473332,cycles,1024,3473332
n1_i7,7,1,7,performance,layers.*/self_attn,/model/layers.7/self_attn/Expand_1,Broadcast,Broadcast,broadcast:/model/layers.7/self_attn/Expand_1,broadcast:/model/layers.7/self_attn/Expand_1,broadcast,broadcast_gpu_ref__f16,542,false,false,1,1,broadcast_gpu_ref_6456514822857321615_0_0__sa,gtpin_total_execution_cycles,4639664,cycles,1024,4639664
n1_i7,7,1,7,performance,layers.*/self_attn,/model/layers.7/self_attn/IsNaN,IsNaN,IsNaN,isnan:/model/layers.7/self_attn/IsNaN,isnan:/model/layers.7/self_attn/IsNaN,eltwise,generic_eltwise_ref__f16,555,false,false,1,1,generic_eltwise_ref_1696504087421334661_0_0__sa,gtpin_total_execution_cycles,1212942,cycles,256,1212942
n1_i7,7,1,7,performance,layers.*/self_attn,/model/layers.7/self_attn/MatMul,Gemm,Gemm,gemm:/model/layers.7/self_attn/MatMul,gemm:/model/layers.7/self_attn/MatMul,gemm,gemm_tiled_opt__f16,553,false,false,1,1,gemm_tiled_opt_7238579717421349067_1_0__sa,gtpin_total_execution_cycles,3468424,cycles,32,3468424
n1_i7,7,1,7,performance,layers.*/self_attn,/model/layers.7/self_attn/Mul_8,Multiply,Multiply,multiply:/model/layers.7/self_attn/Mul_8,multiply:/model/layers.7/self_attn/Mul_8,eltwise,generic_eltwise_ref__f16,539,false,false,1,1,generic_eltwise_ref_7125964068740378811_0_0__sa,gtpin_total_execution_cycles,4141032,cycles,1024,4141032
n1_i7,7,1,7,performance,layers.*/self_attn,/model/layers.7/self_attn/Softmax,Softmax,Softmax,softmax:/model/layers.7/self_attn/Softmax,softmax:/model/layers.7/self_attn/Softmax,softmax,softmax_gpu_bf__f16,554,false,false,1,1,softmax_gpu_bf_18392998524141771378_0_0__sa,gtpin_total_execution_cycles,7879470,cycles,512,7879470
n1_i7,7,1,7,performance,layers.*/self_attn,/model/layers.7/self_attn/Transpose_2,Transpose,Transpose,transpose:/model/layers.7/self_attn/Transpose_2,transpose:/model/layers.7/self_attn/Transpose_2,permute,permute_ref__f16,535,false,false,1,1,permute_ref_653960189515371720_0_0__sa,gtpin_total_execution_cycles,491654,cycles,128,491654
n1_i7,7,1,7,performance,layers.*/self_attn,/model/layers.7/self_attn/Transpose_3,Transpose,Transpose,transpose:/model/layers.7/self_attn/Transpose_3,transpose:/model/layers.7/self_attn/Transpose_3,permute,permute_ref__f16,552,false,false,1,1,permute_ref_17183202574580890641_0_0__sa,gtpin_total_execution_cycles,7767742,cycles,1024,7767742
n1_i7,7,1,7,performance,layers.*/self_attn,/model/layers.7/self_attn/Transpose_4,Gemm,Gemm,gemm:/model/layers.7/self_attn/Transpose_4,gemm:/model/layers.7/self_attn/Transpose_4,gemm,gemm_tiled_opt__f16,557,false,false,1,1,gemm_tiled_opt_12829285813189929928_0_0__sa,gtpin_total_execution_cycles,2188440,cycles,64,2188440
n1_i7,7,1,7,performance,layers.*/self_attn,/model/layers.7/self_attn/Where_2,Select,Select,select:/model/layers.7/self_attn/Where_2,select:/model/layers.7/self_attn/Where_2,select,select_gpu_ref__u8,550,false,false,1,1,select_gpu_ref_7464502897564813179_0_0__sa,gtpin_total_execution_cycles,47178,cycles,8,47178
n1_i7,7,1,7,performance,layers.*/self_attn,/model/layers.7/self_attn/Where_3,Select,Select,select:/model/layers.7/self_attn/Where_3,select:/model/layers.7/self_attn/Where_3,select,select_gpu_ref__u8,556,false,false,1,1,select_gpu_ref_5609897181611433017_0_0__sa,gtpin_total_execution_cycles,2082690,cycles,256,2082690
n1_i7,7,1,7,performance,layers.*/self_attn,/model/layers.7/self_attn/k_proj/MatMul,FullyConnected,FullyConnected,fullyconnected:/model/layers.7/self_attn/k_proj/MatMul,fullyconnected:/model/layers.7/self_attn/k_proj/MatMul,fully_connected,fully_connected_gpu_bf_tiled__f16,531,false,false,1,1,fully_connected_gpu_bf_tiled_17963963101609895522_0_0,gtpin_total_execution_cycles,3691572,cycles,8,3691572
n1_i7,7,1,7,performance,layers.*/self_attn,/model/layers.7/self_attn/o_proj/MatMul,FullyConnected,FullyConnected,fullyconnected:/model/layers.7/self_attn/o_proj/MatMul,fullyconnected:/model/layers.7/self_attn/o_proj/MatMul,fully_connected,fully_connected_gpu_bf_tiled__f16,559,false,false,1,1,fully_connected_gpu_bf_tiled_14284117615310227244_0_0,gtpin_total_execution_cycles,28302438,cycles,64,28302438
n1_i7,7,1,7,performance,layers.*/self_attn,/model/layers.7/self_attn/q_proj/MatMul,FullyConnected,FullyConnected,fullyconnected:/model/layers.7/self_attn/q_proj/MatMul,fullyconnected:/model/layers.7/self_attn/q_proj/MatMul,fully_connected,fully_connected_gpu_bf_tiled__f16,530,false,false,1,1,fully_connected_gpu_bf_tiled_5315586391497964380_0_0,gtpin_total_execution_cycles,28531454,cycles,64,28531454
n1_i7,7,1,7,performance,layers.*/self_attn,/model/layers.7/self_attn/v_proj/MatMul,FullyConnected,FullyConnected,fullyconnected:/model/layers.7/self_attn/v_proj/MatMul,fullyconnected:/model/layers.7/self_attn/v_proj/MatMul,fully_connected,fully_connected_gpu_bf_tiled__f16,529,false,false,1,1,fully_connected_gpu_bf_tiled_17963963101609895522_0_0,gtpin_total_execution_cycles,3482206,cycles,8,3482206
n1_i7,7,1,7,performance,layers.*/input_layernorm,/model/layers.8/input_layernorm/Mul,RMS,RMS,rms:/model/layers.8/input_layernorm/Mul,rms:/model/layers.8/input_layernorm/Mul,rms,rms_gpu_bfyx_opt__f16,564,false,false,1,1,rms_gpu_bfyx_opt_10690270683970839748_0_0__sa,gtpin_total_execution_cycles,1476480,cycles,256,1476480
n1_i7,7,1,7,performance,layers.*/mlp,/model/layers.8/mlp/down_proj/MatMul,FullyConnected,FullyConnected,fullyconnected:/model/layers.8/mlp/down_proj/MatMul,fullyconnected:/model/layers.8/mlp/down_proj/MatMul,fully_connected,fully_connected_gpu_bf_tiled__f16,599,false,false,1,1,fully_connected_gpu_bf_tiled_2727911967636154657_0_0,gtpin_total_execution_cycles,76642108,cycles,64,76642108
n1_i7,7,1,7,performance,layers.*/mlp,/model/layers.8/mlp/gate_proj/MatMul,FullyConnected,FullyConnected,fullyconnected:/model/layers.8/mlp/gate_proj/MatMul,fullyconnected:/model/layers.8/mlp/gate_proj/MatMul,fully_connected,fully_connected_gpu_bf_tiled__f16,598,false,false,1,1,fully_connected_gpu_bf_tiled_9957149419786459120_0_0,gtpin_total_execution_cycles,123808248,cycles,176,123808248
n1_i7,7,1,7,performance,layers.*/mlp,/model/layers.8/mlp/up_proj/MatMul,FullyConnected,FullyConnected,fullyconnected:/model/layers.8/mlp/up_proj/MatMul,fullyconnected:/model/layers.8/mlp/up_proj/MatMul,fully_connected,fully_connected_gpu_bf_tiled__f16,597,false,false,1,1,fully_connected_gpu_bf_tiled_2740906288179525049_0_0,gtpin_total_execution_cycles,115816312,cycles,176,115816312
n1_i7,7,1,7,performance,layers.*/post_attention_layernorm,/model/layers.8/post_attention_layernorm/Mul,RMS,RMS,rms:/model/layers.8/post_attention_layernorm/Mul,rms:/model/layers.8/post_attention_layernorm/Mul,rms,rms_gpu_bfyx_opt__f16,596,false,false,1,1,rms_gpu_bfyx_opt_10690270683970839748_0_0__sa,gtpin_total_execution_cycles,1875616,cycles,256,1875616
n1_i7,7,1,7,performance,layers.*/self_attn,/model/layers.8/self_attn/Add,RoPE,RoPE,rope:/model/layers.8/self_attn/Add,rope:/model/layers.8/self_attn/Add,rope,ocl::rope::opt___f16,572,false,false,1,1,rope_opt__13889706310558783765__sa,gtpin_total_execution_cycles,832668,cycles,64,832668
n1_i7,7,1,7,performance,layers.*/self_attn,/model/layers.8/self_attn/Add_1,RoPE,RoPE,rope:/model/layers.8/self_attn/Add_1,rope:/model/layers.8/self_attn/Add_1,rope,ocl::rope::opt___f16,573,false,false,1,1,rope_opt__6960924190377492479__sa,gtpin_total_execution_cycles,58282,cycles,8,58282
n1_i7,7,1,7,performance,layers.*/self_attn,/model/layers.8/self_attn/Expand,Broadcast,Broadcast,broadcast:/model/layers.8/self_attn/Expand,broadcast:/model/layers.8/self_attn/Expand,broadcast,broadcast_gpu_ref__f16,585,false,false,1,1,broadcast_gpu_ref_6456514822857321615_0_0__sa,gtpin_total_execution_cycles,4052850,cycles,1024,4052850
n1_i7,7,1,7,performance,layers.*/self_attn,/model/layers.8/self_attn/Expand_1,Broadcast,Broadcast,broadcast:/model/layers.8/self_attn/Expand_1,broadcast:/model/layers.8/self_attn/Expand_1,broadcast,broadcast_gpu_ref__f16,578,false,false,1,1,broadcast_gpu_ref_6456514822857321615_0_0__sa,gtpin_total_execution_cycles,4402580,cycles,1024,4402580
n1_i7,7,1,7,performance,layers.*/self_attn,/model/layers.8/self_attn/IsNaN,IsNaN,IsNaN,isnan:/model/layers.8/self_attn/IsNaN,isnan:/model/layers.8/self_attn/IsNaN,eltwise,generic_eltwise_ref__f16,591,false,false,1,1,generic_eltwise_ref_1696504087421334661_0_0__sa,gtpin_total_execution_cycles,1490426,cycles,256,1490426
n1_i7,7,1,7,performance,layers.*/self_attn,/model/layers.8/self_attn/MatMul,Gemm,Gemm,gemm:/model/layers.8/self_attn/MatMul,gemm:/model/layers.8/self_attn/MatMul,gemm,gemm_tiled_opt__f16,589,false,false,1,1,gemm_tiled_opt_7238579717421349067_1_0__sa,gtpin_total_execution_cycles,3753722,cycles,32,3753722
n1_i7,7,1,7,performance,layers.*/self_attn,/model/layers.8/self_attn/Mul_8,Multiply,Multiply,multiply:/model/layers.8/self_attn/Mul_8,multiply:/model/layers.8/self_attn/Mul_8,eltwise,generic_eltwise_ref__f16,575,false,false,1,1,generic_eltwise_ref_7125964068740378811_0_0__sa,gtpin_total_execution_cycles,4894666,cycles,1024,4894666
n1_i7,7,1,7,performance,layers.*/self_attn,/model/layers.8/self_attn/Softmax,Softmax,Softmax,softmax:/model/layers.8/self_attn/Softmax,softmax:/model/layers.8/self_attn/Softmax,softmax,softmax_gpu_bf__f16,590,false,false,1,1,softmax_gpu_bf_18392998524141771378_0_0__sa,gtpin_total_execution_cycles,8050412,cycles,512,8050412
n1_i7,7,1,7,performance,layers.*/self_attn,/model/layers.8/self_attn/Transpose_2,Transpose,Transpose,transpose:/model/layers.8/self_attn/Transpose_2,transpose:/model/layers.8/self_attn/Transpose_2,permute,permute_ref__f16,571,false,false,1,1,permute_ref_653960189515371720_0_0__sa,gtpin_total_execution_cycles,495466,cycles,128,495466
n1_i7,7,1,7,performance,layers.*/self_attn,/model/layers.8/self_attn/Transpose_3,Transpose,Transpose,transpose:/model/layers.8/self_attn/Transpose_3,transpose:/model/layers.8/self_attn/Transpose_3,permute,permute_ref__f16,588,false,false,1,1,permute_ref_17183202574580890641_0_0__sa,gtpin_total_execution_cycles,6534180,cycles,1024,6534180
n1_i7,7,1,7,performance,layers.*/self_attn,/model/layers.8/self_attn/Transpose_4,Gemm,Gemm,gemm:/model/layers.8/self_attn/Transpose_4,gemm:/model/layers.8/self_attn/Transpose_4,gemm,gemm_tiled_opt__f16,593,false,false,1,1,gemm_tiled_opt_12829285813189929928_0_0__sa,gtpin_total_execution_cycles,2054306,cycles,64,2054306
n1_i7,7,1,7,performance,layers.*/self_attn,/model/layers.8/self_attn/Where_2,Select,Select,select:/model/layers.8/self_attn/Where_2,select:/model/layers.8/self_attn/Where_2,select,select_gpu_ref__u8,586,false,false,1,1,select_gpu_ref_7464502897564813179_0_0__sa,gtpin_total_execution_cycles,36960,cycles,8,36960
n1_i7,7,1,7,performance,layers.*/self_attn,/model/layers.8/self_attn/Where_3,Select,Select,select:/model/layers.8/self_attn/Where_3,select:/model/layers.8/self_attn/Where_3,select,select_gpu_ref__u8,592,false,false,1,1,select_gpu_ref_5609897181611433017_0_0__sa,gtpin_total_execution_cycles,1510222,cycles,256,1510222
n1_i7,7,1,7,performance,layers.*/self_attn,/model/layers.8/self_attn/k_proj/MatMul,FullyConnected,FullyConnected,fullyconnected:/model/layers.8/self_attn/k_proj/MatMul,fullyconnected:/model/layers.8/self_attn/k_proj/MatMul,fully_connected,fully_connected_gpu_bf_tiled__f16,567,false,false,1,1,fully_connected_gpu_bf_tiled_17963963101609895522_0_0,gtpin_total_execution_cycles,3720224,cycles,8,3720224
n1_i7,7,1,7,performance,layers.*/self_attn,/model/layers.8/self_attn/o_proj/MatMul,FullyConnected,FullyConnected,fullyconnected:/model/layers.8/self_attn/o_proj/MatMul,fullyconnected:/model/layers.8/self_attn/o_proj/MatMul,fully_connected,fully_connected_gpu_bf_tiled__f16,595,false,false,1,1,fully_connected_gpu_bf_tiled_14284117615310227244_0_0,gtpin_total_execution_cycles,28851744,cycles,64,28851744
n1_i7,7,1,7,performance,layers.*/self_attn,/model/layers.8/self_attn/q_proj/MatMul,FullyConnected,FullyConnected,fullyconnected:/model/layers.8/self_attn/q_proj/MatMul,fullyconnected:/model/layers.8/self_attn/q_proj/MatMul,fully_connected,fully_connected_gpu_bf_tiled__f16,566,false,false,1,1,fully_connected_gpu_bf_tiled_5315586391497964380_0_0,gtpin_total_execution_cycles,28832736,cycles,64,28832736
n1_i7,7,1,7,performance,layers.*/self_attn,/model/layers.8/self_attn/v_proj/MatMul,FullyConnected,FullyConnected,fullyconnected:/model/layers.8/self_attn/v_proj/MatMul,fullyconnected:/model/layers.8/self_attn/v_proj/MatMul,fully_connected,fully_connected_gpu_bf_tiled__f16,565,false,false,1,1,fully_connected_gpu_bf_tiled_17963963101609895522_0_0,gtpin_total_execution_cycles,3524864,cycles,8,3524864
n1_i7,7,1,7,performance,layers.*/input_layernorm,/model/layers.9/input_layernorm/Mul,RMS,RMS,rms:/model/layers.9/input_layernorm/Mul,rms:/model/layers.9/input_layernorm/Mul,rms,rms_gpu_bfyx_opt__f16,600,false,false,1,1,rms_gpu_bfyx_opt_10690270683970839748_0_0__sa,gtpin_total_execution_cycles,1622354,cycles,256,1622354
n1_i7,7,1,7,performance,layers.*/mlp,/model/layers.9/mlp/down_proj/MatMul,FullyConnected,FullyConnected,fullyconnected:/model/layers.9/mlp/down_proj/MatMul,fullyconnected:/model/layers.9/mlp/down_proj/MatMul,fully_connected,fully_connected_gpu_bf_tiled__f16,635,false,false,1,1,fully_connected_gpu_bf_tiled_2727911967636154657_0_0,gtpin_total_execution_cycles,79753828,cycles,64,79753828
n1_i7,7,1,7,performance,layers.*/mlp,/model/layers.9/mlp/gate_proj/MatMul,FullyConnected,FullyConnected,fullyconnected:/model/layers.9/mlp/gate_proj/MatMul,fullyconnected:/model/layers.9/mlp/gate_proj/MatMul,fully_connected,fully_connected_gpu_bf_tiled__f16,634,false,false,1,1,fully_connected_gpu_bf_tiled_9957149419786459120_0_0,gtpin_total_execution_cycles,135035194,cycles,176,135035194
n1_i7,7,1,7,performance,layers.*/mlp,/model/layers.9/mlp/up_proj/MatMul,FullyConnected,FullyConnected,fullyconnected:/model/layers.9/mlp/up_proj/MatMul,fullyconnected:/model/layers.9/mlp/up_proj/MatMul,fully_connected,fully_connected_gpu_bf_tiled__f16,633,false,false,1,1,fully_connected_gpu_bf_tiled_2740906288179525049_0_0,gtpin_total_execution_cycles,123826104,cycles,176,123826104
n1_i7,7,1,7,performance,layers.*/post_attention_layernorm,/model/layers.9/post_attention_layernorm/Mul,RMS,RMS,rms:/model/layers.9/post_attention_layernorm/Mul,rms:/model/layers.9/post_attention_layernorm/Mul,rms,rms_gpu_bfyx_opt__f16,632,false,false,1,1,rms_gpu_bfyx_opt_10690270683970839748_0_0__sa,gtpin_total_execution_cycles,1994042,cycles,256,1994042
n1_i7,7,1,7,performance,layers.*/self_attn,/model/layers.9/self_attn/Add,RoPE,RoPE,rope:/model/layers.9/self_attn/Add,rope:/model/layers.9/self_attn/Add,rope,ocl::rope::opt___f16,608,false,false,1,1,rope_opt__13889706310558783765__sa,gtpin_total_execution_cycles,922242,cycles,64,922242
n1_i7,7,1,7,performance,layers.*/self_attn,/model/layers.9/self_attn/Add_1,RoPE,RoPE,rope:/model/layers.9/self_attn/Add_1,rope:/model/layers.9/self_attn/Add_1,rope,ocl::rope::opt___f16,609,false,false,1,1,rope_opt__6960924190377492479__sa,gtpin_total_execution_cycles,70446,cycles,8,70446
n1_i7,7,1,7,performance,layers.*/self_attn,/model/layers.9/self_attn/Expand,Broadcast,Broadcast,broadcast:/model/layers.9/self_attn/Expand,broadcast:/model/layers.9/self_attn/Expand,broadcast,broadcast_gpu_ref__f16,621,false,false,1,1,broadcast_gpu_ref_6456514822857321615_0_0__sa,gtpin_total_execution_cycles,6071342,cycles,1024,6071342
n1_i7,7,1,7,performance,layers.*/self_attn,/model/layers.9/self_attn/Expand_1,Broadcast,Broadcast,broadcast:/model/layers.9/self_attn/Expand_1,broadcast:/model/layers.9/self_attn/Expand_1,broadcast,broadcast_gpu_ref__f16,614,false,false,1,1,broadcast_gpu_ref_6456514822857321615_0_0__sa,gtpin_total_execution_cycles,4360154,cycles,1024,4360154
n1_i7,7,1,7,performance,layers.*/self_attn,/model/layers.9/self_attn/IsNaN,IsNaN,IsNaN,isnan:/model/layers.9/self_attn/IsNaN,isnan:/model/layers.9/self_attn/IsNaN,eltwise,generic_eltwise_ref__f16,627,false,false,1,1,generic_eltwise_ref_1696504087421334661_0_0__sa,gtpin_total_execution_cycles,1219298,cycles,256,1219298
n1_i7,7,1,7,performance,layers.*/self_attn,/model/layers.9/self_attn/MatMul,Gemm,Gemm,gemm:/model/layers.9/self_attn/MatMul,gemm:/model/layers.9/self_attn/MatMul,gemm,gemm_tiled_opt__f16,625,false,false,1,1,gemm_tiled_opt_7238579717421349067_1_0__sa,gtpin_total_execution_cycles,3510046,cycles,32,3510046
n1_i7,7,1,7,performance,layers.*/self_attn,/model/layers.9/self_attn/Mul_8,Multiply,Multiply,multiply:/model/layers.9/self_attn/Mul_8,multiply:/model/layers.9/self_attn/Mul_8,eltwise,generic_eltwise_ref__f16,611,false,false,1,1,generic_eltwise_ref_7125964068740378811_0_0__sa,gtpin_total_execution_cycles,4723636,cycles,1024,4723636
n1_i7,7,1,7,performance,layers.*/self_attn,/model/layers.9/self_attn/Softmax,Softmax,Softmax,softmax:/model/layers.9/self_attn/Softmax,softmax:/model/layers.9/self_attn/Softmax,softmax,softmax_gpu_bf__f16,626,false,false,1,1,softmax_gpu_bf_18392998524141771378_0_0__sa,gtpin_total_execution_cycles,8051981,cycles,512,8051981
n1_i7,7,1,7,performance,layers.*/self_attn,/model/layers.9/self_attn/Transpose_2,Transpose,Transpose,transpose:/model/layers.9/self_attn/Transpose_2,transpose:/model/layers.9/self_attn/Transpose_2,permute,permute_ref__f16,607,false,false,1,1,permute_ref_653960189515371720_0_0__sa,gtpin_total_execution_cycles,523398,cycles,128,523398
n1_i7,7,1,7,performance,layers.*/self_attn,/model/layers.9/self_attn/Transpose_3,Transpose,Transpose,transpose:/model/layers.9/self_attn/Transpose_3,transpose:/model/layers.9/self_attn/Transpose_3,permute,permute_ref__f16,624,false,false,1,1,permute_ref_17183202574580890641_0_0__sa,gtpin_total_execution_cycles,5559054,cycles,1024,5559054
n1_i7,7,1,7,performance,layers.*/self_attn,/model/layers.9/self_attn/Transpose_4,Gemm,Gemm,gemm:/model/layers.9/self_attn/Transpose_4,gemm:/model/layers.9/self_attn/Transpose_4,gemm,gemm_tiled_opt__f16,629,false,false,1,1,gemm_tiled_opt_12829285813189929928_0_0__sa,gtpin_total_execution_cycles,2176272,cycles,64,2176272
n1_i7,7,1,7,performance,layers.*/self_attn,/model/layers.9/self_attn/Where_2,Select,Select,select:/model/layers.9/self_attn/Where_2,select:/model/layers.9/self_attn/Where_2,select,select_gpu_ref__u8,622,false,false,1,1,select_gpu_ref_7464502897564813179_0_0__sa,gtpin_total_execution_cycles,37836,cycles,8,37836
n1_i7,7,1,7,performance,layers.*/self_attn,/model/layers.9/self_attn/Where_3,Select,Select,select:/model/layers.9/self_attn/Where_3,select:/model/layers.9/self_attn/Where_3,select,select_gpu_ref__u8,628,false,false,1,1,select_gpu_ref_5609897181611433017_0_0__sa,gtpin_total_execution_cycles,1717672,cycles,256,1717672
n1_i7,7,1,7,performance,layers.*/self_attn,/model/layers.9/self_attn/k_proj/MatMul,FullyConnected,FullyConnected,fullyconnected:/model/layers.9/self_attn/k_proj/MatMul,fullyconnected:/model/layers.9/self_attn/k_proj/MatMul,fully_connected,fully_connected_gpu_bf_tiled__f16,603,false,false,1,1,fully_connected_gpu_bf_tiled_17963963101609895522_0_0,gtpin_total_execution_cycles,3836018,cycles,8,3836018
n1_i7,7,1,7,performance,layers.*/self_attn,/model/layers.9/self_attn/o_proj/MatMul,FullyConnected,FullyConnected,fullyconnected:/model/layers.9/self_attn/o_proj/MatMul,fullyconnected:/model/layers.9/self_attn/o_proj/MatMul,fully_connected,fully_connected_gpu_bf_tiled__f16,631,false,false,1,1,fully_connected_gpu_bf_tiled_14284117615310227244_0_0,gtpin_total_execution_cycles,29235224,cycles,64,29235224
n1_i7,7,1,7,performance,layers.*/self_attn,/model/layers.9/self_attn/q_proj/MatMul,FullyConnected,FullyConnected,fullyconnected:/model/layers.9/self_attn/q_proj/MatMul,fullyconnected:/model/layers.9/self_attn/q_proj/MatMul,fully_connected,fully_connected_gpu_bf_tiled__f16,602,false,false,1,1,fully_connected_gpu_bf_tiled_5315586391497964380_0_0,gtpin_total_execution_cycles,29847710,cycles,64,29847710
n1_i7,7,1,7,performance,layers.*/self_attn,/model/layers.9/self_attn/v_proj/MatMul,FullyConnected,FullyConnected,fullyconnected:/model/layers.9/self_attn/v_proj/MatMul,fullyconnected:/model/layers.9/self_attn/v_proj/MatMul,fully_connected,fully_connected_gpu_bf_tiled__f16,601,false,false,1,1,fully_connected_gpu_bf_tiled_17963963101609895522_0_0,gtpin_total_execution_cycles,3654600,cycles,8,3654600
n1_i7,7,1,7,performance,(root),/model/norm/Mul,RMS,RMS,rms:/model/norm/Mul,rms:/model/norm/Mul,rms,rms_gpu_bfyx_opt__f16,1068,false,false,1,1,rms_gpu_bfyx_opt_10690270683970839748_0_0__sa,gtpin_total_execution_cycles,1427784,cycles,256,1427784
n1_i7,7,1,7,performance,rotary_emb,/model/rotary_emb/Concat_1,Concat,Concat,concat:/model/rotary_emb/Concat_1,concat:/model/rotary_emb/Concat_1,concatenation,concatenation_gpu_simple_ref__f32,269,false,false,2,2,concatenation_gpu_simple_ref_11787737694364327443_0_0__sa;concatenation_gpu_simple_ref_11787737694364327443_1_0__sa,gtpin_total_execution_cycles,172680,cycles,32,172680
n1_i7,7,1,7,performance,rotary_emb,/model/rotary_emb/Cos,Cos,Cos,cos:/model/rotary_emb/Cos,cos:/model/rotary_emb/Cos,activation,activation_ref__f32,274,false,false,1,1,activation_ref_8384225707366889932_0_0__sa,gtpin_total_execution_cycles,197722,cycles,32,197722
n1_i7,7,1,7,performance,rotary_emb,/model/rotary_emb/MatMul_increase_precision_1,Convert,Convert,convert:/model/rotary_emb/MatMul_increase_precision_1,convert:/model/rotary_emb/MatMul_increase_precision_1,reorder,reorder_data__f32,231,false,false,1,1,reorder_data_16347555807681174383_0_0__sa,gtpin_total_execution_cycles,2856,cycles,1,2856
n1_i7,7,1,7,performance,rotary_emb,/model/rotary_emb/Sin,Sin,Sin,sin:/model/rotary_emb/Sin,sin:/model/rotary_emb/Sin,activation,activation_ref__f32,273,false,false,1,1,activation_ref_1691567596270449691_0_0__sa,gtpin_total_execution_cycles,183976,cycles,32,183976
n1_i7,7,1,7,performance,rotary_emb,/model/rotary_emb/Transpose,Gemm,Gemm,gemm:/model/rotary_emb/Transpose,gemm:/model/rotary_emb/Transpose,gemm,gemm_tiled_opt__f32,264,false,false,1,1,gemm_tiled_opt_6356298044914993963_3_0__sa,gtpin_total_execution_cycles,38528,cycles,2,38528
n1_i7,7,1,7,performance,(root),Convert_90811,Convert,Convert,convert:Convert_90811,convert:Convert_90811,reorder,reorder_data__i64,225,false,false,1,1,reorder_data_261663883965124315_0_0__sa,gtpin_total_execution_cycles,6390,cycles,1,6390
n1_i7,7,1,7,performance,(root),Convert_90813,Convert,Convert,convert:Convert_90813,convert:Convert_90813,reorder,reorder_data__i64,224,false,false,1,1,reorder_data_261663883965124315_0_0__sa,gtpin_total_execution_cycles,6569,cycles,1,6569
n1_i7,7,1,7,performance,(root),Convert_90873,Convert,Convert,convert:Convert_90873,convert:Convert_90873,reorder,reorder_data__i64,226,false,false,1,1,reorder_data_14358938580392777097_0_0__sa,gtpin_total_execution_cycles,5580,cycles,1,5580
n1_i7,7,1,7,performance,(root),logits.0,FullyConnected,FullyConnected,fullyconnected:logits.0,fullyconnected:logits.0,fully_connected,fully_connected_gpu_bf_tiled__f16,1069,false,false,1,1,fully_connected_gpu_bf_tiled_9077797497357748363_0_0,gtpin_total_execution_cycles,2354917146,cycles,1000,2354917146
