execution_unit_key,logical_execution_index,net_id,iteration,tool_kind,component_path,origin_op_name,origin_op_type_name,resolved_op_type_name,primitive_id,original_primitive_id,primitive_type,implementation,exec_id,is_input,is_output,dispatch_count,kernel_entry_count,kernel_entries,primary_metric_name,primary_metric_total,primary_metric_unit,gtpin_invocation_count,gtpin_total_execution_cycles
n1_i5,5,1,5,performance,(root),/model/And,LogicalAnd,LogicalAnd,logicaland:/model/And,logicaland:/model/And,eltwise,generic_eltwise_ref__u8,270,false,false,1,1,generic_eltwise_ref_12613916656436061640_0_0__sa,gtpin_total_execution_cycles,50392,cycles,8,50392
n1_i5,5,1,5,performance,(root),/model/And_1,LogicalAnd,LogicalAnd,logicaland:/model/And_1,logicaland:/model/And_1,eltwise,generic_eltwise_ref__u8,287,false,false,1,1,generic_eltwise_ref_9810887907610228330_0_0__sa,gtpin_total_execution_cycles,52056,cycles,8,52056
n1_i5,5,1,5,performance,(root),/model/Gather_4,Gather,Gather,gather:/model/Gather_4,gather:/model/Gather_4,gather,gather_ref__u8,276,false,false,1,1,gather_ref_3335901000044472670_0_0__sa,gtpin_total_execution_cycles,11134,cycles,1,11134
n1_i5,5,1,5,performance,(root),/model/LessOrEqual,LessEqual,LessEqual,lessequal:/model/LessOrEqual,lessequal:/model/LessOrEqual,eltwise,generic_eltwise_ref__i32,265,false,false,1,1,generic_eltwise_ref_12991517841348968924_0_0__sa,gtpin_total_execution_cycles,38840,cycles,8,38840
n1_i5,5,1,5,performance,embed_tokens,/model/embed_tokens/Gather,Gather,Gather,gather:/model/embed_tokens/Gather,gather:/model/embed_tokens/Gather,gather,gather_ref__f16,229,false,false,1,1,gather_ref_9653281298055295004_0_0__sa,gtpin_total_execution_cycles,5344702,cycles,1024,5344702
n1_i5,5,1,5,performance,layers.*/input_layernorm,/model/layers.0/input_layernorm/Mul,RMS,RMS,rms:/model/layers.0/input_layernorm/Mul,rms:/model/layers.0/input_layernorm/Mul,rms,rms_gpu_bfyx_opt__f16,232,false,false,1,1,rms_gpu_bfyx_opt_10690270683970839748_0_0__sa,gtpin_total_execution_cycles,1911078,cycles,256,1911078
n1_i5,5,1,5,performance,layers.*/mlp,/model/layers.0/mlp/down_proj/MatMul,FullyConnected,FullyConnected,fullyconnected:/model/layers.0/mlp/down_proj/MatMul,fullyconnected:/model/layers.0/mlp/down_proj/MatMul,fully_connected,fully_connected_gpu_bf_tiled__f16,311,false,false,1,1,fully_connected_gpu_bf_tiled_2727911967636154657_0_0,gtpin_total_execution_cycles,74808414,cycles,64,74808414
n1_i5,5,1,5,performance,layers.*/mlp,/model/layers.0/mlp/gate_proj/MatMul,FullyConnected,FullyConnected,fullyconnected:/model/layers.0/mlp/gate_proj/MatMul,fullyconnected:/model/layers.0/mlp/gate_proj/MatMul,fully_connected,fully_connected_gpu_bf_tiled__f16,310,false,false,1,1,fully_connected_gpu_bf_tiled_9957149419786459120_0_0,gtpin_total_execution_cycles,103358366,cycles,176,103358366
n1_i5,5,1,5,performance,layers.*/mlp,/model/layers.0/mlp/up_proj/MatMul,FullyConnected,FullyConnected,fullyconnected:/model/layers.0/mlp/up_proj/MatMul,fullyconnected:/model/layers.0/mlp/up_proj/MatMul,fully_connected,fully_connected_gpu_bf_tiled__f16,309,false,false,1,1,fully_connected_gpu_bf_tiled_2740906288179525049_0_0,gtpin_total_execution_cycles,111311338,cycles,176,111311338
n1_i5,5,1,5,performance,layers.*/post_attention_layernorm,/model/layers.0/post_attention_layernorm/Mul,RMS,RMS,rms:/model/layers.0/post_attention_layernorm/Mul,rms:/model/layers.0/post_attention_layernorm/Mul,rms,rms_gpu_bfyx_opt__f16,308,false,false,1,1,rms_gpu_bfyx_opt_10690270683970839748_0_0__sa,gtpin_total_execution_cycles,1911758,cycles,256,1911758
n1_i5,5,1,5,performance,layers.*/self_attn,/model/layers.0/self_attn/Add,RoPE,RoPE,rope:/model/layers.0/self_attn/Add,rope:/model/layers.0/self_attn/Add,rope,ocl::rope::opt___f16,286,false,false,1,1,rope_opt__13889706310558783765__sa,gtpin_total_execution_cycles,1529222,cycles,64,1529222
n1_i5,5,1,5,performance,layers.*/self_attn,/model/layers.0/self_attn/Add_1,RoPE,RoPE,rope:/model/layers.0/self_attn/Add_1,rope:/model/layers.0/self_attn/Add_1,rope,ocl::rope::opt___f16,285,false,false,1,1,rope_opt__6960924190377492479__sa,gtpin_total_execution_cycles,97946,cycles,8,97946
n1_i5,5,1,5,performance,layers.*/self_attn,/model/layers.0/self_attn/Expand,Broadcast,Broadcast,broadcast:/model/layers.0/self_attn/Expand,broadcast:/model/layers.0/self_attn/Expand,broadcast,broadcast_gpu_ref__f16,296,false,false,1,1,broadcast_gpu_ref_6456514822857321615_0_0__sa,gtpin_total_execution_cycles,3740850,cycles,1024,3740850
n1_i5,5,1,5,performance,layers.*/self_attn,/model/layers.0/self_attn/Expand_1,Broadcast,Broadcast,broadcast:/model/layers.0/self_attn/Expand_1,broadcast:/model/layers.0/self_attn/Expand_1,broadcast,broadcast_gpu_ref__f16,277,false,false,1,1,broadcast_gpu_ref_6456514822857321615_0_0__sa,gtpin_total_execution_cycles,3954770,cycles,1024,3954770
n1_i5,5,1,5,performance,layers.*/self_attn,/model/layers.0/self_attn/IsNaN,IsNaN,IsNaN,isnan:/model/layers.0/self_attn/IsNaN,isnan:/model/layers.0/self_attn/IsNaN,eltwise,generic_eltwise_ref__f16,303,false,false,1,1,generic_eltwise_ref_1696504087421334661_0_0__sa,gtpin_total_execution_cycles,1229164,cycles,256,1229164
n1_i5,5,1,5,performance,layers.*/self_attn,/model/layers.0/self_attn/MatMul,Gemm,Gemm,gemm:/model/layers.0/self_attn/MatMul,gemm:/model/layers.0/self_attn/MatMul,gemm,gemm_tiled_opt__f16,301,false,false,1,1,gemm_tiled_opt_7238579717421349067_1_0__sa,gtpin_total_execution_cycles,3861772,cycles,32,3861772
n1_i5,5,1,5,performance,layers.*/self_attn,/model/layers.0/self_attn/Mul_8,Multiply,Multiply,multiply:/model/layers.0/self_attn/Mul_8,multiply:/model/layers.0/self_attn/Mul_8,eltwise,generic_eltwise_ref__f16,290,false,false,1,1,generic_eltwise_ref_7125964068740378811_0_0__sa,gtpin_total_execution_cycles,4401188,cycles,1024,4401188
n1_i5,5,1,5,performance,layers.*/self_attn,/model/layers.0/self_attn/Softmax,Softmax,Softmax,softmax:/model/layers.0/self_attn/Softmax,softmax:/model/layers.0/self_attn/Softmax,softmax,softmax_gpu_bf__f16,302,false,false,1,1,softmax_gpu_bf_18392998524141771378_0_0__sa,gtpin_total_execution_cycles,8099601,cycles,512,8099601
n1_i5,5,1,5,performance,layers.*/self_attn,/model/layers.0/self_attn/Transpose_2,Transpose,Transpose,transpose:/model/layers.0/self_attn/Transpose_2,transpose:/model/layers.0/self_attn/Transpose_2,permute,permute_ref__f16,252,false,false,1,1,permute_ref_653960189515371720_0_0__sa,gtpin_total_execution_cycles,459590,cycles,128,459590
n1_i5,5,1,5,performance,layers.*/self_attn,/model/layers.0/self_attn/Transpose_3,Transpose,Transpose,transpose:/model/layers.0/self_attn/Transpose_3,transpose:/model/layers.0/self_attn/Transpose_3,permute,permute_ref__f16,300,false,false,1,1,permute_ref_17183202574580890641_0_0__sa,gtpin_total_execution_cycles,4911064,cycles,1024,4911064
n1_i5,5,1,5,performance,layers.*/self_attn,/model/layers.0/self_attn/Transpose_4,Gemm,Gemm,gemm:/model/layers.0/self_attn/Transpose_4,gemm:/model/layers.0/self_attn/Transpose_4,gemm,gemm_tiled_opt__f16,305,false,false,1,1,gemm_tiled_opt_12829285813189929928_0_0__sa,gtpin_total_execution_cycles,2002890,cycles,64,2002890
n1_i5,5,1,5,performance,layers.*/self_attn,/model/layers.0/self_attn/Unsqueeze_6_restore_precision_0,Convert,Convert,convert:/model/layers.0/self_attn/Unsqueeze_6_restore_precision_0,convert:/model/layers.0/self_attn/Unsqueeze_6_restore_precision_0,reorder,reorder_data__f32,279,false,false,1,1,reorder_data_13786606319827428276_0_0__sa,gtpin_total_execution_cycles,70048,cycles,32,70048
n1_i5,5,1,5,performance,layers.*/self_attn,/model/layers.0/self_attn/Unsqueeze_7_restore_precision_1,Convert,Convert,convert:/model/layers.0/self_attn/Unsqueeze_7_restore_precision_1,convert:/model/layers.0/self_attn/Unsqueeze_7_restore_precision_1,reorder,reorder_data__f32,278,false,false,1,1,reorder_data_13786606319827428276_0_0__sa,gtpin_total_execution_cycles,70596,cycles,32,70596
n1_i5,5,1,5,performance,layers.*/self_attn,/model/layers.0/self_attn/Where_2,Select,Select,select:/model/layers.0/self_attn/Where_2,select:/model/layers.0/self_attn/Where_2,select,select_gpu_ref__u8,299,false,false,1,1,select_gpu_ref_7464502897564813179_0_0__sa,gtpin_total_execution_cycles,176392,cycles,8,176392
n1_i5,5,1,5,performance,layers.*/self_attn,/model/layers.0/self_attn/Where_3,Select,Select,select:/model/layers.0/self_attn/Where_3,select:/model/layers.0/self_attn/Where_3,select,select_gpu_ref__u8,304,false,false,1,1,select_gpu_ref_5609897181611433017_0_0__sa,gtpin_total_execution_cycles,1675640,cycles,256,1675640
n1_i5,5,1,5,performance,layers.*/self_attn,/model/layers.0/self_attn/k_proj/MatMul,FullyConnected,FullyConnected,fullyconnected:/model/layers.0/self_attn/k_proj/MatMul,fullyconnected:/model/layers.0/self_attn/k_proj/MatMul,fully_connected,fully_connected_gpu_bf_tiled__f16,240,false,false,1,1,fully_connected_gpu_bf_tiled_17963963101609895522_0_0,gtpin_total_execution_cycles,3882064,cycles,8,3882064
n1_i5,5,1,5,performance,layers.*/self_attn,/model/layers.0/self_attn/o_proj/MatMul,FullyConnected,FullyConnected,fullyconnected:/model/layers.0/self_attn/o_proj/MatMul,fullyconnected:/model/layers.0/self_attn/o_proj/MatMul,fully_connected,fully_connected_gpu_bf_tiled__f16,307,false,false,1,1,fully_connected_gpu_bf_tiled_14284117615310227244_0_0,gtpin_total_execution_cycles,28674492,cycles,64,28674492
n1_i5,5,1,5,performance,layers.*/self_attn,/model/layers.0/self_attn/q_proj/MatMul,FullyConnected,FullyConnected,fullyconnected:/model/layers.0/self_attn/q_proj/MatMul,fullyconnected:/model/layers.0/self_attn/q_proj/MatMul,fully_connected,fully_connected_gpu_bf_tiled__f16,239,false,false,1,1,fully_connected_gpu_bf_tiled_5315586391497964380_0_0,gtpin_total_execution_cycles,30062620,cycles,64,30062620
n1_i5,5,1,5,performance,layers.*/self_attn,/model/layers.0/self_attn/v_proj/MatMul,FullyConnected,FullyConnected,fullyconnected:/model/layers.0/self_attn/v_proj/MatMul,fullyconnected:/model/layers.0/self_attn/v_proj/MatMul,fully_connected,fully_connected_gpu_bf_tiled__f16,238,false,false,1,1,fully_connected_gpu_bf_tiled_17963963101609895522_0_0,gtpin_total_execution_cycles,3700154,cycles,8,3700154
n1_i5,5,1,5,performance,layers.*/input_layernorm,/model/layers.1/input_layernorm/Mul,RMS,RMS,rms:/model/layers.1/input_layernorm/Mul,rms:/model/layers.1/input_layernorm/Mul,rms,rms_gpu_bfyx_opt__f16,312,false,false,1,1,rms_gpu_bfyx_opt_10690270683970839748_0_0__sa,gtpin_total_execution_cycles,1536120,cycles,256,1536120
n1_i5,5,1,5,performance,layers.*/mlp,/model/layers.1/mlp/down_proj/MatMul,FullyConnected,FullyConnected,fullyconnected:/model/layers.1/mlp/down_proj/MatMul,fullyconnected:/model/layers.1/mlp/down_proj/MatMul,fully_connected,fully_connected_gpu_bf_tiled__f16,347,false,false,1,1,fully_connected_gpu_bf_tiled_2727911967636154657_0_0,gtpin_total_execution_cycles,85190952,cycles,64,85190952
n1_i5,5,1,5,performance,layers.*/mlp,/model/layers.1/mlp/gate_proj/MatMul,FullyConnected,FullyConnected,fullyconnected:/model/layers.1/mlp/gate_proj/MatMul,fullyconnected:/model/layers.1/mlp/gate_proj/MatMul,fully_connected,fully_connected_gpu_bf_tiled__f16,346,false,false,1,1,fully_connected_gpu_bf_tiled_9957149419786459120_0_0,gtpin_total_execution_cycles,150735206,cycles,176,150735206
n1_i5,5,1,5,performance,layers.*/mlp,/model/layers.1/mlp/up_proj/MatMul,FullyConnected,FullyConnected,fullyconnected:/model/layers.1/mlp/up_proj/MatMul,fullyconnected:/model/layers.1/mlp/up_proj/MatMul,fully_connected,fully_connected_gpu_bf_tiled__f16,345,false,false,1,1,fully_connected_gpu_bf_tiled_2740906288179525049_0_0,gtpin_total_execution_cycles,139310398,cycles,176,139310398
n1_i5,5,1,5,performance,layers.*/post_attention_layernorm,/model/layers.1/post_attention_layernorm/Mul,RMS,RMS,rms:/model/layers.1/post_attention_layernorm/Mul,rms:/model/layers.1/post_attention_layernorm/Mul,rms,rms_gpu_bfyx_opt__f16,344,false,false,1,1,rms_gpu_bfyx_opt_10690270683970839748_0_0__sa,gtpin_total_execution_cycles,1857022,cycles,256,1857022
n1_i5,5,1,5,performance,layers.*/self_attn,/model/layers.1/self_attn/Add,RoPE,RoPE,rope:/model/layers.1/self_attn/Add,rope:/model/layers.1/self_attn/Add,rope,ocl::rope::opt___f16,320,false,false,1,1,rope_opt__13889706310558783765__sa,gtpin_total_execution_cycles,879770,cycles,64,879770
n1_i5,5,1,5,performance,layers.*/self_attn,/model/layers.1/self_attn/Add_1,RoPE,RoPE,rope:/model/layers.1/self_attn/Add_1,rope:/model/layers.1/self_attn/Add_1,rope,ocl::rope::opt___f16,321,false,false,1,1,rope_opt__6960924190377492479__sa,gtpin_total_execution_cycles,66130,cycles,8,66130
n1_i5,5,1,5,performance,layers.*/self_attn,/model/layers.1/self_attn/Expand,Broadcast,Broadcast,broadcast:/model/layers.1/self_attn/Expand,broadcast:/model/layers.1/self_attn/Expand,broadcast,broadcast_gpu_ref__f16,333,false,false,1,1,broadcast_gpu_ref_6456514822857321615_0_0__sa,gtpin_total_execution_cycles,5968098,cycles,1024,5968098
n1_i5,5,1,5,performance,layers.*/self_attn,/model/layers.1/self_attn/Expand_1,Broadcast,Broadcast,broadcast:/model/layers.1/self_attn/Expand_1,broadcast:/model/layers.1/self_attn/Expand_1,broadcast,broadcast_gpu_ref__f16,326,false,false,1,1,broadcast_gpu_ref_6456514822857321615_0_0__sa,gtpin_total_execution_cycles,4309752,cycles,1024,4309752
n1_i5,5,1,5,performance,layers.*/self_attn,/model/layers.1/self_attn/IsNaN,IsNaN,IsNaN,isnan:/model/layers.1/self_attn/IsNaN,isnan:/model/layers.1/self_attn/IsNaN,eltwise,generic_eltwise_ref__f16,339,false,false,1,1,generic_eltwise_ref_1696504087421334661_0_0__sa,gtpin_total_execution_cycles,1161462,cycles,256,1161462
n1_i5,5,1,5,performance,layers.*/self_attn,/model/layers.1/self_attn/MatMul,Gemm,Gemm,gemm:/model/layers.1/self_attn/MatMul,gemm:/model/layers.1/self_attn/MatMul,gemm,gemm_tiled_opt__f16,337,false,false,1,1,gemm_tiled_opt_7238579717421349067_1_0__sa,gtpin_total_execution_cycles,3569330,cycles,32,3569330
n1_i5,5,1,5,performance,layers.*/self_attn,/model/layers.1/self_attn/Mul_8,Multiply,Multiply,multiply:/model/layers.1/self_attn/Mul_8,multiply:/model/layers.1/self_attn/Mul_8,eltwise,generic_eltwise_ref__f16,323,false,false,1,1,generic_eltwise_ref_7125964068740378811_0_0__sa,gtpin_total_execution_cycles,4769324,cycles,1024,4769324
n1_i5,5,1,5,performance,layers.*/self_attn,/model/layers.1/self_attn/Softmax,Softmax,Softmax,softmax:/model/layers.1/self_attn/Softmax,softmax:/model/layers.1/self_attn/Softmax,softmax,softmax_gpu_bf__f16,338,false,false,1,1,softmax_gpu_bf_18392998524141771378_0_0__sa,gtpin_total_execution_cycles,8803801,cycles,512,8803801
n1_i5,5,1,5,performance,layers.*/self_attn,/model/layers.1/self_attn/Transpose_2,Transpose,Transpose,transpose:/model/layers.1/self_attn/Transpose_2,transpose:/model/layers.1/self_attn/Transpose_2,permute,permute_ref__f16,319,false,false,1,1,permute_ref_653960189515371720_0_0__sa,gtpin_total_execution_cycles,468974,cycles,128,468974
n1_i5,5,1,5,performance,layers.*/self_attn,/model/layers.1/self_attn/Transpose_3,Transpose,Transpose,transpose:/model/layers.1/self_attn/Transpose_3,transpose:/model/layers.1/self_attn/Transpose_3,permute,permute_ref__f16,336,false,false,1,1,permute_ref_17183202574580890641_0_0__sa,gtpin_total_execution_cycles,5585614,cycles,1024,5585614
n1_i5,5,1,5,performance,layers.*/self_attn,/model/layers.1/self_attn/Transpose_4,Gemm,Gemm,gemm:/model/layers.1/self_attn/Transpose_4,gemm:/model/layers.1/self_attn/Transpose_4,gemm,gemm_tiled_opt__f16,341,false,false,1,1,gemm_tiled_opt_12829285813189929928_0_0__sa,gtpin_total_execution_cycles,2095400,cycles,64,2095400
n1_i5,5,1,5,performance,layers.*/self_attn,/model/layers.1/self_attn/Where_2,Select,Select,select:/model/layers.1/self_attn/Where_2,select:/model/layers.1/self_attn/Where_2,select,select_gpu_ref__u8,334,false,false,1,1,select_gpu_ref_7464502897564813179_0_0__sa,gtpin_total_execution_cycles,37776,cycles,8,37776
n1_i5,5,1,5,performance,layers.*/self_attn,/model/layers.1/self_attn/Where_3,Select,Select,select:/model/layers.1/self_attn/Where_3,select:/model/layers.1/self_attn/Where_3,select,select_gpu_ref__u8,340,false,false,1,1,select_gpu_ref_5609897181611433017_0_0__sa,gtpin_total_execution_cycles,1536804,cycles,256,1536804
n1_i5,5,1,5,performance,layers.*/self_attn,/model/layers.1/self_attn/k_proj/MatMul,FullyConnected,FullyConnected,fullyconnected:/model/layers.1/self_attn/k_proj/MatMul,fullyconnected:/model/layers.1/self_attn/k_proj/MatMul,fully_connected,fully_connected_gpu_bf_tiled__f16,315,false,false,1,1,fully_connected_gpu_bf_tiled_17963963101609895522_0_0,gtpin_total_execution_cycles,3708224,cycles,8,3708224
n1_i5,5,1,5,performance,layers.*/self_attn,/model/layers.1/self_attn/o_proj/MatMul,FullyConnected,FullyConnected,fullyconnected:/model/layers.1/self_attn/o_proj/MatMul,fullyconnected:/model/layers.1/self_attn/o_proj/MatMul,fully_connected,fully_connected_gpu_bf_tiled__f16,343,false,false,1,1,fully_connected_gpu_bf_tiled_14284117615310227244_0_0,gtpin_total_execution_cycles,30583580,cycles,64,30583580
n1_i5,5,1,5,performance,layers.*/self_attn,/model/layers.1/self_attn/q_proj/MatMul,FullyConnected,FullyConnected,fullyconnected:/model/layers.1/self_attn/q_proj/MatMul,fullyconnected:/model/layers.1/self_attn/q_proj/MatMul,fully_connected,fully_connected_gpu_bf_tiled__f16,314,false,false,1,1,fully_connected_gpu_bf_tiled_5315586391497964380_0_0,gtpin_total_execution_cycles,28723026,cycles,64,28723026
n1_i5,5,1,5,performance,layers.*/self_attn,/model/layers.1/self_attn/v_proj/MatMul,FullyConnected,FullyConnected,fullyconnected:/model/layers.1/self_attn/v_proj/MatMul,fullyconnected:/model/layers.1/self_attn/v_proj/MatMul,fully_connected,fully_connected_gpu_bf_tiled__f16,313,false,false,1,1,fully_connected_gpu_bf_tiled_17963963101609895522_0_0,gtpin_total_execution_cycles,3509224,cycles,8,3509224
n1_i5,5,1,5,performance,layers.*/input_layernorm,/model/layers.10/input_layernorm/Mul,RMS,RMS,rms:/model/layers.10/input_layernorm/Mul,rms:/model/layers.10/input_layernorm/Mul,rms,rms_gpu_bfyx_opt__f16,636,false,false,1,1,rms_gpu_bfyx_opt_10690270683970839748_0_0__sa,gtpin_total_execution_cycles,1573328,cycles,256,1573328
n1_i5,5,1,5,performance,layers.*/mlp,/model/layers.10/mlp/down_proj/MatMul,FullyConnected,FullyConnected,fullyconnected:/model/layers.10/mlp/down_proj/MatMul,fullyconnected:/model/layers.10/mlp/down_proj/MatMul,fully_connected,fully_connected_gpu_bf_tiled__f16,671,false,false,1,1,fully_connected_gpu_bf_tiled_2727911967636154657_0_0,gtpin_total_execution_cycles,73778914,cycles,64,73778914
n1_i5,5,1,5,performance,layers.*/mlp,/model/layers.10/mlp/gate_proj/MatMul,FullyConnected,FullyConnected,fullyconnected:/model/layers.10/mlp/gate_proj/MatMul,fullyconnected:/model/layers.10/mlp/gate_proj/MatMul,fully_connected,fully_connected_gpu_bf_tiled__f16,670,false,false,1,1,fully_connected_gpu_bf_tiled_9957149419786459120_0_0,gtpin_total_execution_cycles,104982752,cycles,176,104982752
n1_i5,5,1,5,performance,layers.*/mlp,/model/layers.10/mlp/up_proj/MatMul,FullyConnected,FullyConnected,fullyconnected:/model/layers.10/mlp/up_proj/MatMul,fullyconnected:/model/layers.10/mlp/up_proj/MatMul,fully_connected,fully_connected_gpu_bf_tiled__f16,669,false,false,1,1,fully_connected_gpu_bf_tiled_2740906288179525049_0_0,gtpin_total_execution_cycles,92870948,cycles,176,92870948
n1_i5,5,1,5,performance,layers.*/post_attention_layernorm,/model/layers.10/post_attention_layernorm/Mul,RMS,RMS,rms:/model/layers.10/post_attention_layernorm/Mul,rms:/model/layers.10/post_attention_layernorm/Mul,rms,rms_gpu_bfyx_opt__f16,668,false,false,1,1,rms_gpu_bfyx_opt_10690270683970839748_0_0__sa,gtpin_total_execution_cycles,1887692,cycles,256,1887692
n1_i5,5,1,5,performance,layers.*/self_attn,/model/layers.10/self_attn/Add,RoPE,RoPE,rope:/model/layers.10/self_attn/Add,rope:/model/layers.10/self_attn/Add,rope,ocl::rope::opt___f16,644,false,false,1,1,rope_opt__13889706310558783765__sa,gtpin_total_execution_cycles,868390,cycles,64,868390
n1_i5,5,1,5,performance,layers.*/self_attn,/model/layers.10/self_attn/Add_1,RoPE,RoPE,rope:/model/layers.10/self_attn/Add_1,rope:/model/layers.10/self_attn/Add_1,rope,ocl::rope::opt___f16,645,false,false,1,1,rope_opt__6960924190377492479__sa,gtpin_total_execution_cycles,62268,cycles,8,62268
n1_i5,5,1,5,performance,layers.*/self_attn,/model/layers.10/self_attn/Expand,Broadcast,Broadcast,broadcast:/model/layers.10/self_attn/Expand,broadcast:/model/layers.10/self_attn/Expand,broadcast,broadcast_gpu_ref__f16,657,false,false,1,1,broadcast_gpu_ref_6456514822857321615_0_0__sa,gtpin_total_execution_cycles,5571222,cycles,1024,5571222
n1_i5,5,1,5,performance,layers.*/self_attn,/model/layers.10/self_attn/Expand_1,Broadcast,Broadcast,broadcast:/model/layers.10/self_attn/Expand_1,broadcast:/model/layers.10/self_attn/Expand_1,broadcast,broadcast_gpu_ref__f16,650,false,false,1,1,broadcast_gpu_ref_6456514822857321615_0_0__sa,gtpin_total_execution_cycles,3620754,cycles,1024,3620754
n1_i5,5,1,5,performance,layers.*/self_attn,/model/layers.10/self_attn/IsNaN,IsNaN,IsNaN,isnan:/model/layers.10/self_attn/IsNaN,isnan:/model/layers.10/self_attn/IsNaN,eltwise,generic_eltwise_ref__f16,663,false,false,1,1,generic_eltwise_ref_1696504087421334661_0_0__sa,gtpin_total_execution_cycles,1369760,cycles,256,1369760
n1_i5,5,1,5,performance,layers.*/self_attn,/model/layers.10/self_attn/MatMul,Gemm,Gemm,gemm:/model/layers.10/self_attn/MatMul,gemm:/model/layers.10/self_attn/MatMul,gemm,gemm_tiled_opt__f16,661,false,false,1,1,gemm_tiled_opt_7238579717421349067_1_0__sa,gtpin_total_execution_cycles,3427282,cycles,32,3427282
n1_i5,5,1,5,performance,layers.*/self_attn,/model/layers.10/self_attn/Mul_8,Multiply,Multiply,multiply:/model/layers.10/self_attn/Mul_8,multiply:/model/layers.10/self_attn/Mul_8,eltwise,generic_eltwise_ref__f16,647,false,false,1,1,generic_eltwise_ref_7125964068740378811_0_0__sa,gtpin_total_execution_cycles,5242660,cycles,1024,5242660
n1_i5,5,1,5,performance,layers.*/self_attn,/model/layers.10/self_attn/Softmax,Softmax,Softmax,softmax:/model/layers.10/self_attn/Softmax,softmax:/model/layers.10/self_attn/Softmax,softmax,softmax_gpu_bf__f16,662,false,false,1,1,softmax_gpu_bf_18392998524141771378_0_0__sa,gtpin_total_execution_cycles,8220055,cycles,512,8220055
n1_i5,5,1,5,performance,layers.*/self_attn,/model/layers.10/self_attn/Transpose_2,Transpose,Transpose,transpose:/model/layers.10/self_attn/Transpose_2,transpose:/model/layers.10/self_attn/Transpose_2,permute,permute_ref__f16,643,false,false,1,1,permute_ref_653960189515371720_0_0__sa,gtpin_total_execution_cycles,466142,cycles,128,466142
n1_i5,5,1,5,performance,layers.*/self_attn,/model/layers.10/self_attn/Transpose_3,Transpose,Transpose,transpose:/model/layers.10/self_attn/Transpose_3,transpose:/model/layers.10/self_attn/Transpose_3,permute,permute_ref__f16,660,false,false,1,1,permute_ref_17183202574580890641_0_0__sa,gtpin_total_execution_cycles,5372324,cycles,1024,5372324
n1_i5,5,1,5,performance,layers.*/self_attn,/model/layers.10/self_attn/Transpose_4,Gemm,Gemm,gemm:/model/layers.10/self_attn/Transpose_4,gemm:/model/layers.10/self_attn/Transpose_4,gemm,gemm_tiled_opt__f16,665,false,false,1,1,gemm_tiled_opt_12829285813189929928_0_0__sa,gtpin_total_execution_cycles,2048116,cycles,64,2048116
n1_i5,5,1,5,performance,layers.*/self_attn,/model/layers.10/self_attn/Where_2,Select,Select,select:/model/layers.10/self_attn/Where_2,select:/model/layers.10/self_attn/Where_2,select,select_gpu_ref__u8,658,false,false,1,1,select_gpu_ref_7464502897564813179_0_0__sa,gtpin_total_execution_cycles,37940,cycles,8,37940
n1_i5,5,1,5,performance,layers.*/self_attn,/model/layers.10/self_attn/Where_3,Select,Select,select:/model/layers.10/self_attn/Where_3,select:/model/layers.10/self_attn/Where_3,select,select_gpu_ref__u8,664,false,false,1,1,select_gpu_ref_5609897181611433017_0_0__sa,gtpin_total_execution_cycles,1313038,cycles,256,1313038
n1_i5,5,1,5,performance,layers.*/self_attn,/model/layers.10/self_attn/k_proj/MatMul,FullyConnected,FullyConnected,fullyconnected:/model/layers.10/self_attn/k_proj/MatMul,fullyconnected:/model/layers.10/self_attn/k_proj/MatMul,fully_connected,fully_connected_gpu_bf_tiled__f16,639,false,false,1,1,fully_connected_gpu_bf_tiled_17963963101609895522_0_0,gtpin_total_execution_cycles,3642406,cycles,8,3642406
n1_i5,5,1,5,performance,layers.*/self_attn,/model/layers.10/self_attn/o_proj/MatMul,FullyConnected,FullyConnected,fullyconnected:/model/layers.10/self_attn/o_proj/MatMul,fullyconnected:/model/layers.10/self_attn/o_proj/MatMul,fully_connected,fully_connected_gpu_bf_tiled__f16,667,false,false,1,1,fully_connected_gpu_bf_tiled_14284117615310227244_0_0,gtpin_total_execution_cycles,28121788,cycles,64,28121788
n1_i5,5,1,5,performance,layers.*/self_attn,/model/layers.10/self_attn/q_proj/MatMul,FullyConnected,FullyConnected,fullyconnected:/model/layers.10/self_attn/q_proj/MatMul,fullyconnected:/model/layers.10/self_attn/q_proj/MatMul,fully_connected,fully_connected_gpu_bf_tiled__f16,638,false,false,1,1,fully_connected_gpu_bf_tiled_5315586391497964380_0_0,gtpin_total_execution_cycles,28399656,cycles,64,28399656
n1_i5,5,1,5,performance,layers.*/self_attn,/model/layers.10/self_attn/v_proj/MatMul,FullyConnected,FullyConnected,fullyconnected:/model/layers.10/self_attn/v_proj/MatMul,fullyconnected:/model/layers.10/self_attn/v_proj/MatMul,fully_connected,fully_connected_gpu_bf_tiled__f16,637,false,false,1,1,fully_connected_gpu_bf_tiled_17963963101609895522_0_0,gtpin_total_execution_cycles,3475782,cycles,8,3475782
n1_i5,5,1,5,performance,layers.*/input_layernorm,/model/layers.11/input_layernorm/Mul,RMS,RMS,rms:/model/layers.11/input_layernorm/Mul,rms:/model/layers.11/input_layernorm/Mul,rms,rms_gpu_bfyx_opt__f16,672,false,false,1,1,rms_gpu_bfyx_opt_10690270683970839748_0_0__sa,gtpin_total_execution_cycles,2805844,cycles,256,2805844
n1_i5,5,1,5,performance,layers.*/mlp,/model/layers.11/mlp/down_proj/MatMul,FullyConnected,FullyConnected,fullyconnected:/model/layers.11/mlp/down_proj/MatMul,fullyconnected:/model/layers.11/mlp/down_proj/MatMul,fully_connected,fully_connected_gpu_bf_tiled__f16,707,false,false,1,1,fully_connected_gpu_bf_tiled_2727911967636154657_0_0,gtpin_total_execution_cycles,80107652,cycles,64,80107652
n1_i5,5,1,5,performance,layers.*/mlp,/model/layers.11/mlp/gate_proj/MatMul,FullyConnected,FullyConnected,fullyconnected:/model/layers.11/mlp/gate_proj/MatMul,fullyconnected:/model/layers.11/mlp/gate_proj/MatMul,fully_connected,fully_connected_gpu_bf_tiled__f16,706,false,false,1,1,fully_connected_gpu_bf_tiled_9957149419786459120_0_0,gtpin_total_execution_cycles,142649946,cycles,176,142649946
n1_i5,5,1,5,performance,layers.*/mlp,/model/layers.11/mlp/up_proj/MatMul,FullyConnected,FullyConnected,fullyconnected:/model/layers.11/mlp/up_proj/MatMul,fullyconnected:/model/layers.11/mlp/up_proj/MatMul,fully_connected,fully_connected_gpu_bf_tiled__f16,705,false,false,1,1,fully_connected_gpu_bf_tiled_2740906288179525049_0_0,gtpin_total_execution_cycles,136210452,cycles,176,136210452
n1_i5,5,1,5,performance,layers.*/post_attention_layernorm,/model/layers.11/post_attention_layernorm/Mul,RMS,RMS,rms:/model/layers.11/post_attention_layernorm/Mul,rms:/model/layers.11/post_attention_layernorm/Mul,rms,rms_gpu_bfyx_opt__f16,704,false,false,1,1,rms_gpu_bfyx_opt_10690270683970839748_0_0__sa,gtpin_total_execution_cycles,1660160,cycles,256,1660160
n1_i5,5,1,5,performance,layers.*/self_attn,/model/layers.11/self_attn/Add,RoPE,RoPE,rope:/model/layers.11/self_attn/Add,rope:/model/layers.11/self_attn/Add,rope,ocl::rope::opt___f16,680,false,false,1,1,rope_opt__13889706310558783765__sa,gtpin_total_execution_cycles,838484,cycles,64,838484
n1_i5,5,1,5,performance,layers.*/self_attn,/model/layers.11/self_attn/Add_1,RoPE,RoPE,rope:/model/layers.11/self_attn/Add_1,rope:/model/layers.11/self_attn/Add_1,rope,ocl::rope::opt___f16,681,false,false,1,1,rope_opt__6960924190377492479__sa,gtpin_total_execution_cycles,62616,cycles,8,62616
n1_i5,5,1,5,performance,layers.*/self_attn,/model/layers.11/self_attn/Expand,Broadcast,Broadcast,broadcast:/model/layers.11/self_attn/Expand,broadcast:/model/layers.11/self_attn/Expand,broadcast,broadcast_gpu_ref__f16,693,false,false,1,1,broadcast_gpu_ref_6456514822857321615_0_0__sa,gtpin_total_execution_cycles,3437406,cycles,1024,3437406
n1_i5,5,1,5,performance,layers.*/self_attn,/model/layers.11/self_attn/Expand_1,Broadcast,Broadcast,broadcast:/model/layers.11/self_attn/Expand_1,broadcast:/model/layers.11/self_attn/Expand_1,broadcast,broadcast_gpu_ref__f16,686,false,false,1,1,broadcast_gpu_ref_6456514822857321615_0_0__sa,gtpin_total_execution_cycles,5118316,cycles,1024,5118316
n1_i5,5,1,5,performance,layers.*/self_attn,/model/layers.11/self_attn/IsNaN,IsNaN,IsNaN,isnan:/model/layers.11/self_attn/IsNaN,isnan:/model/layers.11/self_attn/IsNaN,eltwise,generic_eltwise_ref__f16,699,false,false,1,1,generic_eltwise_ref_1696504087421334661_0_0__sa,gtpin_total_execution_cycles,1248494,cycles,256,1248494
n1_i5,5,1,5,performance,layers.*/self_attn,/model/layers.11/self_attn/MatMul,Gemm,Gemm,gemm:/model/layers.11/self_attn/MatMul,gemm:/model/layers.11/self_attn/MatMul,gemm,gemm_tiled_opt__f16,697,false,false,1,1,gemm_tiled_opt_7238579717421349067_1_0__sa,gtpin_total_execution_cycles,3479644,cycles,32,3479644
n1_i5,5,1,5,performance,layers.*/self_attn,/model/layers.11/self_attn/Mul_8,Multiply,Multiply,multiply:/model/layers.11/self_attn/Mul_8,multiply:/model/layers.11/self_attn/Mul_8,eltwise,generic_eltwise_ref__f16,683,false,false,1,1,generic_eltwise_ref_7125964068740378811_0_0__sa,gtpin_total_execution_cycles,4770918,cycles,1024,4770918
n1_i5,5,1,5,performance,layers.*/self_attn,/model/layers.11/self_attn/Softmax,Softmax,Softmax,softmax:/model/layers.11/self_attn/Softmax,softmax:/model/layers.11/self_attn/Softmax,softmax,softmax_gpu_bf__f16,698,false,false,1,1,softmax_gpu_bf_18392998524141771378_0_0__sa,gtpin_total_execution_cycles,8300306,cycles,512,8300306
n1_i5,5,1,5,performance,layers.*/self_attn,/model/layers.11/self_attn/Transpose_2,Transpose,Transpose,transpose:/model/layers.11/self_attn/Transpose_2,transpose:/model/layers.11/self_attn/Transpose_2,permute,permute_ref__f16,679,false,false,1,1,permute_ref_653960189515371720_0_0__sa,gtpin_total_execution_cycles,511904,cycles,128,511904
n1_i5,5,1,5,performance,layers.*/self_attn,/model/layers.11/self_attn/Transpose_3,Transpose,Transpose,transpose:/model/layers.11/self_attn/Transpose_3,transpose:/model/layers.11/self_attn/Transpose_3,permute,permute_ref__f16,696,false,false,1,1,permute_ref_17183202574580890641_0_0__sa,gtpin_total_execution_cycles,4987654,cycles,1024,4987654
n1_i5,5,1,5,performance,layers.*/self_attn,/model/layers.11/self_attn/Transpose_4,Gemm,Gemm,gemm:/model/layers.11/self_attn/Transpose_4,gemm:/model/layers.11/self_attn/Transpose_4,gemm,gemm_tiled_opt__f16,701,false,false,1,1,gemm_tiled_opt_12829285813189929928_0_0__sa,gtpin_total_execution_cycles,2188772,cycles,64,2188772
n1_i5,5,1,5,performance,layers.*/self_attn,/model/layers.11/self_attn/Where_2,Select,Select,select:/model/layers.11/self_attn/Where_2,select:/model/layers.11/self_attn/Where_2,select,select_gpu_ref__u8,694,false,false,1,1,select_gpu_ref_7464502897564813179_0_0__sa,gtpin_total_execution_cycles,36512,cycles,8,36512
n1_i5,5,1,5,performance,layers.*/self_attn,/model/layers.11/self_attn/Where_3,Select,Select,select:/model/layers.11/self_attn/Where_3,select:/model/layers.11/self_attn/Where_3,select,select_gpu_ref__u8,700,false,false,1,1,select_gpu_ref_5609897181611433017_0_0__sa,gtpin_total_execution_cycles,1464504,cycles,256,1464504
n1_i5,5,1,5,performance,layers.*/self_attn,/model/layers.11/self_attn/k_proj/MatMul,FullyConnected,FullyConnected,fullyconnected:/model/layers.11/self_attn/k_proj/MatMul,fullyconnected:/model/layers.11/self_attn/k_proj/MatMul,fully_connected,fully_connected_gpu_bf_tiled__f16,675,false,false,1,1,fully_connected_gpu_bf_tiled_17963963101609895522_0_0,gtpin_total_execution_cycles,3840438,cycles,8,3840438
n1_i5,5,1,5,performance,layers.*/self_attn,/model/layers.11/self_attn/o_proj/MatMul,FullyConnected,FullyConnected,fullyconnected:/model/layers.11/self_attn/o_proj/MatMul,fullyconnected:/model/layers.11/self_attn/o_proj/MatMul,fully_connected,fully_connected_gpu_bf_tiled__f16,703,false,false,1,1,fully_connected_gpu_bf_tiled_14284117615310227244_0_0,gtpin_total_execution_cycles,28444938,cycles,64,28444938
n1_i5,5,1,5,performance,layers.*/self_attn,/model/layers.11/self_attn/q_proj/MatMul,FullyConnected,FullyConnected,fullyconnected:/model/layers.11/self_attn/q_proj/MatMul,fullyconnected:/model/layers.11/self_attn/q_proj/MatMul,fully_connected,fully_connected_gpu_bf_tiled__f16,674,false,false,1,1,fully_connected_gpu_bf_tiled_5315586391497964380_0_0,gtpin_total_execution_cycles,29886766,cycles,64,29886766
n1_i5,5,1,5,performance,layers.*/self_attn,/model/layers.11/self_attn/v_proj/MatMul,FullyConnected,FullyConnected,fullyconnected:/model/layers.11/self_attn/v_proj/MatMul,fullyconnected:/model/layers.11/self_attn/v_proj/MatMul,fully_connected,fully_connected_gpu_bf_tiled__f16,673,false,false,1,1,fully_connected_gpu_bf_tiled_17963963101609895522_0_0,gtpin_total_execution_cycles,3659044,cycles,8,3659044
n1_i5,5,1,5,performance,layers.*/input_layernorm,/model/layers.12/input_layernorm/Mul,RMS,RMS,rms:/model/layers.12/input_layernorm/Mul,rms:/model/layers.12/input_layernorm/Mul,rms,rms_gpu_bfyx_opt__f16,708,false,false,1,1,rms_gpu_bfyx_opt_10690270683970839748_0_0__sa,gtpin_total_execution_cycles,1744892,cycles,256,1744892
n1_i5,5,1,5,performance,layers.*/mlp,/model/layers.12/mlp/down_proj/MatMul,FullyConnected,FullyConnected,fullyconnected:/model/layers.12/mlp/down_proj/MatMul,fullyconnected:/model/layers.12/mlp/down_proj/MatMul,fully_connected,fully_connected_gpu_bf_tiled__f16,743,false,false,1,1,fully_connected_gpu_bf_tiled_2727911967636154657_0_0,gtpin_total_execution_cycles,74740566,cycles,64,74740566
n1_i5,5,1,5,performance,layers.*/mlp,/model/layers.12/mlp/gate_proj/MatMul,FullyConnected,FullyConnected,fullyconnected:/model/layers.12/mlp/gate_proj/MatMul,fullyconnected:/model/layers.12/mlp/gate_proj/MatMul,fully_connected,fully_connected_gpu_bf_tiled__f16,742,false,false,1,1,fully_connected_gpu_bf_tiled_9957149419786459120_0_0,gtpin_total_execution_cycles,104043920,cycles,176,104043920
n1_i5,5,1,5,performance,layers.*/mlp,/model/layers.12/mlp/up_proj/MatMul,FullyConnected,FullyConnected,fullyconnected:/model/layers.12/mlp/up_proj/MatMul,fullyconnected:/model/layers.12/mlp/up_proj/MatMul,fully_connected,fully_connected_gpu_bf_tiled__f16,741,false,false,1,1,fully_connected_gpu_bf_tiled_2740906288179525049_0_0,gtpin_total_execution_cycles,121919326,cycles,176,121919326
n1_i5,5,1,5,performance,layers.*/post_attention_layernorm,/model/layers.12/post_attention_layernorm/Mul,RMS,RMS,rms:/model/layers.12/post_attention_layernorm/Mul,rms:/model/layers.12/post_attention_layernorm/Mul,rms,rms_gpu_bfyx_opt__f16,740,false,false,1,1,rms_gpu_bfyx_opt_10690270683970839748_0_0__sa,gtpin_total_execution_cycles,1935678,cycles,256,1935678
n1_i5,5,1,5,performance,layers.*/self_attn,/model/layers.12/self_attn/Add,RoPE,RoPE,rope:/model/layers.12/self_attn/Add,rope:/model/layers.12/self_attn/Add,rope,ocl::rope::opt___f16,716,false,false,1,1,rope_opt__13889706310558783765__sa,gtpin_total_execution_cycles,922056,cycles,64,922056
n1_i5,5,1,5,performance,layers.*/self_attn,/model/layers.12/self_attn/Add_1,RoPE,RoPE,rope:/model/layers.12/self_attn/Add_1,rope:/model/layers.12/self_attn/Add_1,rope,ocl::rope::opt___f16,717,false,false,1,1,rope_opt__6960924190377492479__sa,gtpin_total_execution_cycles,62586,cycles,8,62586
n1_i5,5,1,5,performance,layers.*/self_attn,/model/layers.12/self_attn/Expand,Broadcast,Broadcast,broadcast:/model/layers.12/self_attn/Expand,broadcast:/model/layers.12/self_attn/Expand,broadcast,broadcast_gpu_ref__f16,729,false,false,1,1,broadcast_gpu_ref_6456514822857321615_0_0__sa,gtpin_total_execution_cycles,4242518,cycles,1024,4242518
n1_i5,5,1,5,performance,layers.*/self_attn,/model/layers.12/self_attn/Expand_1,Broadcast,Broadcast,broadcast:/model/layers.12/self_attn/Expand_1,broadcast:/model/layers.12/self_attn/Expand_1,broadcast,broadcast_gpu_ref__f16,722,false,false,1,1,broadcast_gpu_ref_6456514822857321615_0_0__sa,gtpin_total_execution_cycles,3954184,cycles,1024,3954184
n1_i5,5,1,5,performance,layers.*/self_attn,/model/layers.12/self_attn/IsNaN,IsNaN,IsNaN,isnan:/model/layers.12/self_attn/IsNaN,isnan:/model/layers.12/self_attn/IsNaN,eltwise,generic_eltwise_ref__f16,735,false,false,1,1,generic_eltwise_ref_1696504087421334661_0_0__sa,gtpin_total_execution_cycles,1145032,cycles,256,1145032
n1_i5,5,1,5,performance,layers.*/self_attn,/model/layers.12/self_attn/MatMul,Gemm,Gemm,gemm:/model/layers.12/self_attn/MatMul,gemm:/model/layers.12/self_attn/MatMul,gemm,gemm_tiled_opt__f16,733,false,false,1,1,gemm_tiled_opt_7238579717421349067_1_0__sa,gtpin_total_execution_cycles,3656590,cycles,32,3656590
n1_i5,5,1,5,performance,layers.*/self_attn,/model/layers.12/self_attn/Mul_8,Multiply,Multiply,multiply:/model/layers.12/self_attn/Mul_8,multiply:/model/layers.12/self_attn/Mul_8,eltwise,generic_eltwise_ref__f16,719,false,false,1,1,generic_eltwise_ref_7125964068740378811_0_0__sa,gtpin_total_execution_cycles,4804008,cycles,1024,4804008
n1_i5,5,1,5,performance,layers.*/self_attn,/model/layers.12/self_attn/Softmax,Softmax,Softmax,softmax:/model/layers.12/self_attn/Softmax,softmax:/model/layers.12/self_attn/Softmax,softmax,softmax_gpu_bf__f16,734,false,false,1,1,softmax_gpu_bf_18392998524141771378_0_0__sa,gtpin_total_execution_cycles,7926547,cycles,512,7926547
n1_i5,5,1,5,performance,layers.*/self_attn,/model/layers.12/self_attn/Transpose_2,Transpose,Transpose,transpose:/model/layers.12/self_attn/Transpose_2,transpose:/model/layers.12/self_attn/Transpose_2,permute,permute_ref__f16,715,false,false,1,1,permute_ref_653960189515371720_0_0__sa,gtpin_total_execution_cycles,497090,cycles,128,497090
n1_i5,5,1,5,performance,layers.*/self_attn,/model/layers.12/self_attn/Transpose_3,Transpose,Transpose,transpose:/model/layers.12/self_attn/Transpose_3,transpose:/model/layers.12/self_attn/Transpose_3,permute,permute_ref__f16,732,false,false,1,1,permute_ref_17183202574580890641_0_0__sa,gtpin_total_execution_cycles,5069550,cycles,1024,5069550
n1_i5,5,1,5,performance,layers.*/self_attn,/model/layers.12/self_attn/Transpose_4,Gemm,Gemm,gemm:/model/layers.12/self_attn/Transpose_4,gemm:/model/layers.12/self_attn/Transpose_4,gemm,gemm_tiled_opt__f16,737,false,false,1,1,gemm_tiled_opt_12829285813189929928_0_0__sa,gtpin_total_execution_cycles,2061882,cycles,64,2061882
n1_i5,5,1,5,performance,layers.*/self_attn,/model/layers.12/self_attn/Where_2,Select,Select,select:/model/layers.12/self_attn/Where_2,select:/model/layers.12/self_attn/Where_2,select,select_gpu_ref__u8,730,false,false,1,1,select_gpu_ref_7464502897564813179_0_0__sa,gtpin_total_execution_cycles,37176,cycles,8,37176
n1_i5,5,1,5,performance,layers.*/self_attn,/model/layers.12/self_attn/Where_3,Select,Select,select:/model/layers.12/self_attn/Where_3,select:/model/layers.12/self_attn/Where_3,select,select_gpu_ref__u8,736,false,false,1,1,select_gpu_ref_5609897181611433017_0_0__sa,gtpin_total_execution_cycles,1657452,cycles,256,1657452
n1_i5,5,1,5,performance,layers.*/self_attn,/model/layers.12/self_attn/k_proj/MatMul,FullyConnected,FullyConnected,fullyconnected:/model/layers.12/self_attn/k_proj/MatMul,fullyconnected:/model/layers.12/self_attn/k_proj/MatMul,fully_connected,fully_connected_gpu_bf_tiled__f16,711,false,false,1,1,fully_connected_gpu_bf_tiled_17963963101609895522_0_0,gtpin_total_execution_cycles,3729732,cycles,8,3729732
n1_i5,5,1,5,performance,layers.*/self_attn,/model/layers.12/self_attn/o_proj/MatMul,FullyConnected,FullyConnected,fullyconnected:/model/layers.12/self_attn/o_proj/MatMul,fullyconnected:/model/layers.12/self_attn/o_proj/MatMul,fully_connected,fully_connected_gpu_bf_tiled__f16,739,false,false,1,1,fully_connected_gpu_bf_tiled_14284117615310227244_0_0,gtpin_total_execution_cycles,28617264,cycles,64,28617264
n1_i5,5,1,5,performance,layers.*/self_attn,/model/layers.12/self_attn/q_proj/MatMul,FullyConnected,FullyConnected,fullyconnected:/model/layers.12/self_attn/q_proj/MatMul,fullyconnected:/model/layers.12/self_attn/q_proj/MatMul,fully_connected,fully_connected_gpu_bf_tiled__f16,710,false,false,1,1,fully_connected_gpu_bf_tiled_5315586391497964380_0_0,gtpin_total_execution_cycles,28801500,cycles,64,28801500
n1_i5,5,1,5,performance,layers.*/self_attn,/model/layers.12/self_attn/v_proj/MatMul,FullyConnected,FullyConnected,fullyconnected:/model/layers.12/self_attn/v_proj/MatMul,fullyconnected:/model/layers.12/self_attn/v_proj/MatMul,fully_connected,fully_connected_gpu_bf_tiled__f16,709,false,false,1,1,fully_connected_gpu_bf_tiled_17963963101609895522_0_0,gtpin_total_execution_cycles,3513080,cycles,8,3513080
n1_i5,5,1,5,performance,layers.*/input_layernorm,/model/layers.13/input_layernorm/Mul,RMS,RMS,rms:/model/layers.13/input_layernorm/Mul,rms:/model/layers.13/input_layernorm/Mul,rms,rms_gpu_bfyx_opt__f16,744,false,false,1,1,rms_gpu_bfyx_opt_10690270683970839748_0_0__sa,gtpin_total_execution_cycles,1429034,cycles,256,1429034
n1_i5,5,1,5,performance,layers.*/mlp,/model/layers.13/mlp/down_proj/MatMul,FullyConnected,FullyConnected,fullyconnected:/model/layers.13/mlp/down_proj/MatMul,fullyconnected:/model/layers.13/mlp/down_proj/MatMul,fully_connected,fully_connected_gpu_bf_tiled__f16,779,false,false,1,1,fully_connected_gpu_bf_tiled_2727911967636154657_0_0,gtpin_total_execution_cycles,74219620,cycles,64,74219620
n1_i5,5,1,5,performance,layers.*/mlp,/model/layers.13/mlp/gate_proj/MatMul,FullyConnected,FullyConnected,fullyconnected:/model/layers.13/mlp/gate_proj/MatMul,fullyconnected:/model/layers.13/mlp/gate_proj/MatMul,fully_connected,fully_connected_gpu_bf_tiled__f16,778,false,false,1,1,fully_connected_gpu_bf_tiled_9957149419786459120_0_0,gtpin_total_execution_cycles,99906878,cycles,176,99906878
n1_i5,5,1,5,performance,layers.*/mlp,/model/layers.13/mlp/up_proj/MatMul,FullyConnected,FullyConnected,fullyconnected:/model/layers.13/mlp/up_proj/MatMul,fullyconnected:/model/layers.13/mlp/up_proj/MatMul,fully_connected,fully_connected_gpu_bf_tiled__f16,777,false,false,1,1,fully_connected_gpu_bf_tiled_2740906288179525049_0_0,gtpin_total_execution_cycles,103167984,cycles,176,103167984
n1_i5,5,1,5,performance,layers.*/post_attention_layernorm,/model/layers.13/post_attention_layernorm/Mul,RMS,RMS,rms:/model/layers.13/post_attention_layernorm/Mul,rms:/model/layers.13/post_attention_layernorm/Mul,rms,rms_gpu_bfyx_opt__f16,776,false,false,1,1,rms_gpu_bfyx_opt_10690270683970839748_0_0__sa,gtpin_total_execution_cycles,1959352,cycles,256,1959352
n1_i5,5,1,5,performance,layers.*/self_attn,/model/layers.13/self_attn/Add,RoPE,RoPE,rope:/model/layers.13/self_attn/Add,rope:/model/layers.13/self_attn/Add,rope,ocl::rope::opt___f16,752,false,false,1,1,rope_opt__13889706310558783765__sa,gtpin_total_execution_cycles,866536,cycles,64,866536
n1_i5,5,1,5,performance,layers.*/self_attn,/model/layers.13/self_attn/Add_1,RoPE,RoPE,rope:/model/layers.13/self_attn/Add_1,rope:/model/layers.13/self_attn/Add_1,rope,ocl::rope::opt___f16,753,false,false,1,1,rope_opt__6960924190377492479__sa,gtpin_total_execution_cycles,64346,cycles,8,64346
n1_i5,5,1,5,performance,layers.*/self_attn,/model/layers.13/self_attn/Expand,Broadcast,Broadcast,broadcast:/model/layers.13/self_attn/Expand,broadcast:/model/layers.13/self_attn/Expand,broadcast,broadcast_gpu_ref__f16,765,false,false,1,1,broadcast_gpu_ref_6456514822857321615_0_0__sa,gtpin_total_execution_cycles,5549592,cycles,1024,5549592
n1_i5,5,1,5,performance,layers.*/self_attn,/model/layers.13/self_attn/Expand_1,Broadcast,Broadcast,broadcast:/model/layers.13/self_attn/Expand_1,broadcast:/model/layers.13/self_attn/Expand_1,broadcast,broadcast_gpu_ref__f16,758,false,false,1,1,broadcast_gpu_ref_6456514822857321615_0_0__sa,gtpin_total_execution_cycles,4238682,cycles,1024,4238682
n1_i5,5,1,5,performance,layers.*/self_attn,/model/layers.13/self_attn/IsNaN,IsNaN,IsNaN,isnan:/model/layers.13/self_attn/IsNaN,isnan:/model/layers.13/self_attn/IsNaN,eltwise,generic_eltwise_ref__f16,771,false,false,1,1,generic_eltwise_ref_1696504087421334661_0_0__sa,gtpin_total_execution_cycles,1399328,cycles,256,1399328
n1_i5,5,1,5,performance,layers.*/self_attn,/model/layers.13/self_attn/MatMul,Gemm,Gemm,gemm:/model/layers.13/self_attn/MatMul,gemm:/model/layers.13/self_attn/MatMul,gemm,gemm_tiled_opt__f16,769,false,false,1,1,gemm_tiled_opt_7238579717421349067_1_0__sa,gtpin_total_execution_cycles,3455076,cycles,32,3455076
n1_i5,5,1,5,performance,layers.*/self_attn,/model/layers.13/self_attn/Mul_8,Multiply,Multiply,multiply:/model/layers.13/self_attn/Mul_8,multiply:/model/layers.13/self_attn/Mul_8,eltwise,generic_eltwise_ref__f16,755,false,false,1,1,generic_eltwise_ref_7125964068740378811_0_0__sa,gtpin_total_execution_cycles,4559616,cycles,1024,4559616
n1_i5,5,1,5,performance,layers.*/self_attn,/model/layers.13/self_attn/Softmax,Softmax,Softmax,softmax:/model/layers.13/self_attn/Softmax,softmax:/model/layers.13/self_attn/Softmax,softmax,softmax_gpu_bf__f16,770,false,false,1,1,softmax_gpu_bf_18392998524141771378_0_0__sa,gtpin_total_execution_cycles,8904760,cycles,512,8904760
n1_i5,5,1,5,performance,layers.*/self_attn,/model/layers.13/self_attn/Transpose_2,Transpose,Transpose,transpose:/model/layers.13/self_attn/Transpose_2,transpose:/model/layers.13/self_attn/Transpose_2,permute,permute_ref__f16,751,false,false,1,1,permute_ref_653960189515371720_0_0__sa,gtpin_total_execution_cycles,464250,cycles,128,464250
n1_i5,5,1,5,performance,layers.*/self_attn,/model/layers.13/self_attn/Transpose_3,Transpose,Transpose,transpose:/model/layers.13/self_attn/Transpose_3,transpose:/model/layers.13/self_attn/Transpose_3,permute,permute_ref__f16,768,false,false,1,1,permute_ref_17183202574580890641_0_0__sa,gtpin_total_execution_cycles,5563564,cycles,1024,5563564
n1_i5,5,1,5,performance,layers.*/self_attn,/model/layers.13/self_attn/Transpose_4,Gemm,Gemm,gemm:/model/layers.13/self_attn/Transpose_4,gemm:/model/layers.13/self_attn/Transpose_4,gemm,gemm_tiled_opt__f16,773,false,false,1,1,gemm_tiled_opt_12829285813189929928_0_0__sa,gtpin_total_execution_cycles,1958588,cycles,64,1958588
n1_i5,5,1,5,performance,layers.*/self_attn,/model/layers.13/self_attn/Where_2,Select,Select,select:/model/layers.13/self_attn/Where_2,select:/model/layers.13/self_attn/Where_2,select,select_gpu_ref__u8,766,false,false,1,1,select_gpu_ref_7464502897564813179_0_0__sa,gtpin_total_execution_cycles,37812,cycles,8,37812
n1_i5,5,1,5,performance,layers.*/self_attn,/model/layers.13/self_attn/Where_3,Select,Select,select:/model/layers.13/self_attn/Where_3,select:/model/layers.13/self_attn/Where_3,select,select_gpu_ref__u8,772,false,false,1,1,select_gpu_ref_5609897181611433017_0_0__sa,gtpin_total_execution_cycles,1434294,cycles,256,1434294
n1_i5,5,1,5,performance,layers.*/self_attn,/model/layers.13/self_attn/k_proj/MatMul,FullyConnected,FullyConnected,fullyconnected:/model/layers.13/self_attn/k_proj/MatMul,fullyconnected:/model/layers.13/self_attn/k_proj/MatMul,fully_connected,fully_connected_gpu_bf_tiled__f16,747,false,false,1,1,fully_connected_gpu_bf_tiled_17963963101609895522_0_0,gtpin_total_execution_cycles,3666736,cycles,8,3666736
n1_i5,5,1,5,performance,layers.*/self_attn,/model/layers.13/self_attn/o_proj/MatMul,FullyConnected,FullyConnected,fullyconnected:/model/layers.13/self_attn/o_proj/MatMul,fullyconnected:/model/layers.13/self_attn/o_proj/MatMul,fully_connected,fully_connected_gpu_bf_tiled__f16,775,false,false,1,1,fully_connected_gpu_bf_tiled_14284117615310227244_0_0,gtpin_total_execution_cycles,27910850,cycles,64,27910850
n1_i5,5,1,5,performance,layers.*/self_attn,/model/layers.13/self_attn/q_proj/MatMul,FullyConnected,FullyConnected,fullyconnected:/model/layers.13/self_attn/q_proj/MatMul,fullyconnected:/model/layers.13/self_attn/q_proj/MatMul,fully_connected,fully_connected_gpu_bf_tiled__f16,746,false,false,1,1,fully_connected_gpu_bf_tiled_5315586391497964380_0_0,gtpin_total_execution_cycles,28383676,cycles,64,28383676
n1_i5,5,1,5,performance,layers.*/self_attn,/model/layers.13/self_attn/v_proj/MatMul,FullyConnected,FullyConnected,fullyconnected:/model/layers.13/self_attn/v_proj/MatMul,fullyconnected:/model/layers.13/self_attn/v_proj/MatMul,fully_connected,fully_connected_gpu_bf_tiled__f16,745,false,false,1,1,fully_connected_gpu_bf_tiled_17963963101609895522_0_0,gtpin_total_execution_cycles,3460758,cycles,8,3460758
n1_i5,5,1,5,performance,layers.*/input_layernorm,/model/layers.14/input_layernorm/Mul,RMS,RMS,rms:/model/layers.14/input_layernorm/Mul,rms:/model/layers.14/input_layernorm/Mul,rms,rms_gpu_bfyx_opt__f16,780,false,false,1,1,rms_gpu_bfyx_opt_10690270683970839748_0_0__sa,gtpin_total_execution_cycles,1711312,cycles,256,1711312
n1_i5,5,1,5,performance,layers.*/mlp,/model/layers.14/mlp/down_proj/MatMul,FullyConnected,FullyConnected,fullyconnected:/model/layers.14/mlp/down_proj/MatMul,fullyconnected:/model/layers.14/mlp/down_proj/MatMul,fully_connected,fully_connected_gpu_bf_tiled__f16,815,false,false,1,1,fully_connected_gpu_bf_tiled_2727911967636154657_0_0,gtpin_total_execution_cycles,74720830,cycles,64,74720830
n1_i5,5,1,5,performance,layers.*/mlp,/model/layers.14/mlp/gate_proj/MatMul,FullyConnected,FullyConnected,fullyconnected:/model/layers.14/mlp/gate_proj/MatMul,fullyconnected:/model/layers.14/mlp/gate_proj/MatMul,fully_connected,fully_connected_gpu_bf_tiled__f16,814,false,false,1,1,fully_connected_gpu_bf_tiled_9957149419786459120_0_0,gtpin_total_execution_cycles,107368042,cycles,176,107368042
n1_i5,5,1,5,performance,layers.*/mlp,/model/layers.14/mlp/up_proj/MatMul,FullyConnected,FullyConnected,fullyconnected:/model/layers.14/mlp/up_proj/MatMul,fullyconnected:/model/layers.14/mlp/up_proj/MatMul,fully_connected,fully_connected_gpu_bf_tiled__f16,813,false,false,1,1,fully_connected_gpu_bf_tiled_2740906288179525049_0_0,gtpin_total_execution_cycles,95907762,cycles,176,95907762
n1_i5,5,1,5,performance,layers.*/post_attention_layernorm,/model/layers.14/post_attention_layernorm/Mul,RMS,RMS,rms:/model/layers.14/post_attention_layernorm/Mul,rms:/model/layers.14/post_attention_layernorm/Mul,rms,rms_gpu_bfyx_opt__f16,812,false,false,1,1,rms_gpu_bfyx_opt_10690270683970839748_0_0__sa,gtpin_total_execution_cycles,2024310,cycles,256,2024310
n1_i5,5,1,5,performance,layers.*/self_attn,/model/layers.14/self_attn/Add,RoPE,RoPE,rope:/model/layers.14/self_attn/Add,rope:/model/layers.14/self_attn/Add,rope,ocl::rope::opt___f16,788,false,false,1,1,rope_opt__13889706310558783765__sa,gtpin_total_execution_cycles,941934,cycles,64,941934
n1_i5,5,1,5,performance,layers.*/self_attn,/model/layers.14/self_attn/Add_1,RoPE,RoPE,rope:/model/layers.14/self_attn/Add_1,rope:/model/layers.14/self_attn/Add_1,rope,ocl::rope::opt___f16,789,false,false,1,1,rope_opt__6960924190377492479__sa,gtpin_total_execution_cycles,63034,cycles,8,63034
n1_i5,5,1,5,performance,layers.*/self_attn,/model/layers.14/self_attn/Expand,Broadcast,Broadcast,broadcast:/model/layers.14/self_attn/Expand,broadcast:/model/layers.14/self_attn/Expand,broadcast,broadcast_gpu_ref__f16,801,false,false,1,1,broadcast_gpu_ref_6456514822857321615_0_0__sa,gtpin_total_execution_cycles,5498212,cycles,1024,5498212
n1_i5,5,1,5,performance,layers.*/self_attn,/model/layers.14/self_attn/Expand_1,Broadcast,Broadcast,broadcast:/model/layers.14/self_attn/Expand_1,broadcast:/model/layers.14/self_attn/Expand_1,broadcast,broadcast_gpu_ref__f16,794,false,false,1,1,broadcast_gpu_ref_6456514822857321615_0_0__sa,gtpin_total_execution_cycles,4494130,cycles,1024,4494130
n1_i5,5,1,5,performance,layers.*/self_attn,/model/layers.14/self_attn/IsNaN,IsNaN,IsNaN,isnan:/model/layers.14/self_attn/IsNaN,isnan:/model/layers.14/self_attn/IsNaN,eltwise,generic_eltwise_ref__f16,807,false,false,1,1,generic_eltwise_ref_1696504087421334661_0_0__sa,gtpin_total_execution_cycles,1238664,cycles,256,1238664
n1_i5,5,1,5,performance,layers.*/self_attn,/model/layers.14/self_attn/MatMul,Gemm,Gemm,gemm:/model/layers.14/self_attn/MatMul,gemm:/model/layers.14/self_attn/MatMul,gemm,gemm_tiled_opt__f16,805,false,false,1,1,gemm_tiled_opt_7238579717421349067_1_0__sa,gtpin_total_execution_cycles,3417324,cycles,32,3417324
n1_i5,5,1,5,performance,layers.*/self_attn,/model/layers.14/self_attn/Mul_8,Multiply,Multiply,multiply:/model/layers.14/self_attn/Mul_8,multiply:/model/layers.14/self_attn/Mul_8,eltwise,generic_eltwise_ref__f16,791,false,false,1,1,generic_eltwise_ref_7125964068740378811_0_0__sa,gtpin_total_execution_cycles,4604122,cycles,1024,4604122
n1_i5,5,1,5,performance,layers.*/self_attn,/model/layers.14/self_attn/Softmax,Softmax,Softmax,softmax:/model/layers.14/self_attn/Softmax,softmax:/model/layers.14/self_attn/Softmax,softmax,softmax_gpu_bf__f16,806,false,false,1,1,softmax_gpu_bf_18392998524141771378_0_0__sa,gtpin_total_execution_cycles,7846101,cycles,512,7846101
n1_i5,5,1,5,performance,layers.*/self_attn,/model/layers.14/self_attn/Transpose_2,Transpose,Transpose,transpose:/model/layers.14/self_attn/Transpose_2,transpose:/model/layers.14/self_attn/Transpose_2,permute,permute_ref__f16,787,false,false,1,1,permute_ref_653960189515371720_0_0__sa,gtpin_total_execution_cycles,552586,cycles,128,552586
n1_i5,5,1,5,performance,layers.*/self_attn,/model/layers.14/self_attn/Transpose_3,Transpose,Transpose,transpose:/model/layers.14/self_attn/Transpose_3,transpose:/model/layers.14/self_attn/Transpose_3,permute,permute_ref__f16,804,false,false,1,1,permute_ref_17183202574580890641_0_0__sa,gtpin_total_execution_cycles,4997346,cycles,1024,4997346
n1_i5,5,1,5,performance,layers.*/self_attn,/model/layers.14/self_attn/Transpose_4,Gemm,Gemm,gemm:/model/layers.14/self_attn/Transpose_4,gemm:/model/layers.14/self_attn/Transpose_4,gemm,gemm_tiled_opt__f16,809,false,false,1,1,gemm_tiled_opt_12829285813189929928_0_0__sa,gtpin_total_execution_cycles,2140976,cycles,64,2140976
n1_i5,5,1,5,performance,layers.*/self_attn,/model/layers.14/self_attn/Where_2,Select,Select,select:/model/layers.14/self_attn/Where_2,select:/model/layers.14/self_attn/Where_2,select,select_gpu_ref__u8,802,false,false,1,1,select_gpu_ref_7464502897564813179_0_0__sa,gtpin_total_execution_cycles,36936,cycles,8,36936
n1_i5,5,1,5,performance,layers.*/self_attn,/model/layers.14/self_attn/Where_3,Select,Select,select:/model/layers.14/self_attn/Where_3,select:/model/layers.14/self_attn/Where_3,select,select_gpu_ref__u8,808,false,false,1,1,select_gpu_ref_5609897181611433017_0_0__sa,gtpin_total_execution_cycles,1403610,cycles,256,1403610
n1_i5,5,1,5,performance,layers.*/self_attn,/model/layers.14/self_attn/k_proj/MatMul,FullyConnected,FullyConnected,fullyconnected:/model/layers.14/self_attn/k_proj/MatMul,fullyconnected:/model/layers.14/self_attn/k_proj/MatMul,fully_connected,fully_connected_gpu_bf_tiled__f16,783,false,false,1,1,fully_connected_gpu_bf_tiled_17963963101609895522_0_0,gtpin_total_execution_cycles,3651864,cycles,8,3651864
n1_i5,5,1,5,performance,layers.*/self_attn,/model/layers.14/self_attn/o_proj/MatMul,FullyConnected,FullyConnected,fullyconnected:/model/layers.14/self_attn/o_proj/MatMul,fullyconnected:/model/layers.14/self_attn/o_proj/MatMul,fully_connected,fully_connected_gpu_bf_tiled__f16,811,false,false,1,1,fully_connected_gpu_bf_tiled_14284117615310227244_0_0,gtpin_total_execution_cycles,28975136,cycles,64,28975136
n1_i5,5,1,5,performance,layers.*/self_attn,/model/layers.14/self_attn/q_proj/MatMul,FullyConnected,FullyConnected,fullyconnected:/model/layers.14/self_attn/q_proj/MatMul,fullyconnected:/model/layers.14/self_attn/q_proj/MatMul,fully_connected,fully_connected_gpu_bf_tiled__f16,782,false,false,1,1,fully_connected_gpu_bf_tiled_5315586391497964380_0_0,gtpin_total_execution_cycles,28315242,cycles,64,28315242
n1_i5,5,1,5,performance,layers.*/self_attn,/model/layers.14/self_attn/v_proj/MatMul,FullyConnected,FullyConnected,fullyconnected:/model/layers.14/self_attn/v_proj/MatMul,fullyconnected:/model/layers.14/self_attn/v_proj/MatMul,fully_connected,fully_connected_gpu_bf_tiled__f16,781,false,false,1,1,fully_connected_gpu_bf_tiled_17963963101609895522_0_0,gtpin_total_execution_cycles,3453542,cycles,8,3453542
n1_i5,5,1,5,performance,layers.*/input_layernorm,/model/layers.15/input_layernorm/Mul,RMS,RMS,rms:/model/layers.15/input_layernorm/Mul,rms:/model/layers.15/input_layernorm/Mul,rms,rms_gpu_bfyx_opt__f16,816,false,false,1,1,rms_gpu_bfyx_opt_10690270683970839748_0_0__sa,gtpin_total_execution_cycles,1898704,cycles,256,1898704
n1_i5,5,1,5,performance,layers.*/mlp,/model/layers.15/mlp/down_proj/MatMul,FullyConnected,FullyConnected,fullyconnected:/model/layers.15/mlp/down_proj/MatMul,fullyconnected:/model/layers.15/mlp/down_proj/MatMul,fully_connected,fully_connected_gpu_bf_tiled__f16,851,false,false,1,1,fully_connected_gpu_bf_tiled_2727911967636154657_0_0,gtpin_total_execution_cycles,76227330,cycles,64,76227330
n1_i5,5,1,5,performance,layers.*/mlp,/model/layers.15/mlp/gate_proj/MatMul,FullyConnected,FullyConnected,fullyconnected:/model/layers.15/mlp/gate_proj/MatMul,fullyconnected:/model/layers.15/mlp/gate_proj/MatMul,fully_connected,fully_connected_gpu_bf_tiled__f16,850,false,false,1,1,fully_connected_gpu_bf_tiled_9957149419786459120_0_0,gtpin_total_execution_cycles,137489860,cycles,176,137489860
n1_i5,5,1,5,performance,layers.*/mlp,/model/layers.15/mlp/up_proj/MatMul,FullyConnected,FullyConnected,fullyconnected:/model/layers.15/mlp/up_proj/MatMul,fullyconnected:/model/layers.15/mlp/up_proj/MatMul,fully_connected,fully_connected_gpu_bf_tiled__f16,849,false,false,1,1,fully_connected_gpu_bf_tiled_2740906288179525049_0_0,gtpin_total_execution_cycles,103704486,cycles,176,103704486
n1_i5,5,1,5,performance,layers.*/post_attention_layernorm,/model/layers.15/post_attention_layernorm/Mul,RMS,RMS,rms:/model/layers.15/post_attention_layernorm/Mul,rms:/model/layers.15/post_attention_layernorm/Mul,rms,rms_gpu_bfyx_opt__f16,848,false,false,1,1,rms_gpu_bfyx_opt_10690270683970839748_0_0__sa,gtpin_total_execution_cycles,1773638,cycles,256,1773638
n1_i5,5,1,5,performance,layers.*/self_attn,/model/layers.15/self_attn/Add,RoPE,RoPE,rope:/model/layers.15/self_attn/Add,rope:/model/layers.15/self_attn/Add,rope,ocl::rope::opt___f16,824,false,false,1,1,rope_opt__13889706310558783765__sa,gtpin_total_execution_cycles,927516,cycles,64,927516
n1_i5,5,1,5,performance,layers.*/self_attn,/model/layers.15/self_attn/Add_1,RoPE,RoPE,rope:/model/layers.15/self_attn/Add_1,rope:/model/layers.15/self_attn/Add_1,rope,ocl::rope::opt___f16,825,false,false,1,1,rope_opt__6960924190377492479__sa,gtpin_total_execution_cycles,64098,cycles,8,64098
n1_i5,5,1,5,performance,layers.*/self_attn,/model/layers.15/self_attn/Expand,Broadcast,Broadcast,broadcast:/model/layers.15/self_attn/Expand,broadcast:/model/layers.15/self_attn/Expand,broadcast,broadcast_gpu_ref__f16,837,false,false,1,1,broadcast_gpu_ref_6456514822857321615_0_0__sa,gtpin_total_execution_cycles,4141278,cycles,1024,4141278
n1_i5,5,1,5,performance,layers.*/self_attn,/model/layers.15/self_attn/Expand_1,Broadcast,Broadcast,broadcast:/model/layers.15/self_attn/Expand_1,broadcast:/model/layers.15/self_attn/Expand_1,broadcast,broadcast_gpu_ref__f16,830,false,false,1,1,broadcast_gpu_ref_6456514822857321615_0_0__sa,gtpin_total_execution_cycles,4238610,cycles,1024,4238610
n1_i5,5,1,5,performance,layers.*/self_attn,/model/layers.15/self_attn/IsNaN,IsNaN,IsNaN,isnan:/model/layers.15/self_attn/IsNaN,isnan:/model/layers.15/self_attn/IsNaN,eltwise,generic_eltwise_ref__f16,843,false,false,1,1,generic_eltwise_ref_1696504087421334661_0_0__sa,gtpin_total_execution_cycles,1304156,cycles,256,1304156
n1_i5,5,1,5,performance,layers.*/self_attn,/model/layers.15/self_attn/MatMul,Gemm,Gemm,gemm:/model/layers.15/self_attn/MatMul,gemm:/model/layers.15/self_attn/MatMul,gemm,gemm_tiled_opt__f16,841,false,false,1,1,gemm_tiled_opt_7238579717421349067_1_0__sa,gtpin_total_execution_cycles,3391306,cycles,32,3391306
n1_i5,5,1,5,performance,layers.*/self_attn,/model/layers.15/self_attn/Mul_8,Multiply,Multiply,multiply:/model/layers.15/self_attn/Mul_8,multiply:/model/layers.15/self_attn/Mul_8,eltwise,generic_eltwise_ref__f16,827,false,false,1,1,generic_eltwise_ref_7125964068740378811_0_0__sa,gtpin_total_execution_cycles,5173634,cycles,1024,5173634
n1_i5,5,1,5,performance,layers.*/self_attn,/model/layers.15/self_attn/Softmax,Softmax,Softmax,softmax:/model/layers.15/self_attn/Softmax,softmax:/model/layers.15/self_attn/Softmax,softmax,softmax_gpu_bf__f16,842,false,false,1,1,softmax_gpu_bf_18392998524141771378_0_0__sa,gtpin_total_execution_cycles,7962734,cycles,512,7962734
n1_i5,5,1,5,performance,layers.*/self_attn,/model/layers.15/self_attn/Transpose_2,Transpose,Transpose,transpose:/model/layers.15/self_attn/Transpose_2,transpose:/model/layers.15/self_attn/Transpose_2,permute,permute_ref__f16,823,false,false,1,1,permute_ref_653960189515371720_0_0__sa,gtpin_total_execution_cycles,451632,cycles,128,451632
n1_i5,5,1,5,performance,layers.*/self_attn,/model/layers.15/self_attn/Transpose_3,Transpose,Transpose,transpose:/model/layers.15/self_attn/Transpose_3,transpose:/model/layers.15/self_attn/Transpose_3,permute,permute_ref__f16,840,false,false,1,1,permute_ref_17183202574580890641_0_0__sa,gtpin_total_execution_cycles,5294076,cycles,1024,5294076
n1_i5,5,1,5,performance,layers.*/self_attn,/model/layers.15/self_attn/Transpose_4,Gemm,Gemm,gemm:/model/layers.15/self_attn/Transpose_4,gemm:/model/layers.15/self_attn/Transpose_4,gemm,gemm_tiled_opt__f16,845,false,false,1,1,gemm_tiled_opt_12829285813189929928_0_0__sa,gtpin_total_execution_cycles,2199658,cycles,64,2199658
n1_i5,5,1,5,performance,layers.*/self_attn,/model/layers.15/self_attn/Where_2,Select,Select,select:/model/layers.15/self_attn/Where_2,select:/model/layers.15/self_attn/Where_2,select,select_gpu_ref__u8,838,false,false,1,1,select_gpu_ref_7464502897564813179_0_0__sa,gtpin_total_execution_cycles,40776,cycles,8,40776
n1_i5,5,1,5,performance,layers.*/self_attn,/model/layers.15/self_attn/Where_3,Select,Select,select:/model/layers.15/self_attn/Where_3,select:/model/layers.15/self_attn/Where_3,select,select_gpu_ref__u8,844,false,false,1,1,select_gpu_ref_5609897181611433017_0_0__sa,gtpin_total_execution_cycles,1450162,cycles,256,1450162
n1_i5,5,1,5,performance,layers.*/self_attn,/model/layers.15/self_attn/k_proj/MatMul,FullyConnected,FullyConnected,fullyconnected:/model/layers.15/self_attn/k_proj/MatMul,fullyconnected:/model/layers.15/self_attn/k_proj/MatMul,fully_connected,fully_connected_gpu_bf_tiled__f16,819,false,false,1,1,fully_connected_gpu_bf_tiled_17963963101609895522_0_0,gtpin_total_execution_cycles,3629040,cycles,8,3629040
n1_i5,5,1,5,performance,layers.*/self_attn,/model/layers.15/self_attn/o_proj/MatMul,FullyConnected,FullyConnected,fullyconnected:/model/layers.15/self_attn/o_proj/MatMul,fullyconnected:/model/layers.15/self_attn/o_proj/MatMul,fully_connected,fully_connected_gpu_bf_tiled__f16,847,false,false,1,1,fully_connected_gpu_bf_tiled_14284117615310227244_0_0,gtpin_total_execution_cycles,28029822,cycles,64,28029822
n1_i5,5,1,5,performance,layers.*/self_attn,/model/layers.15/self_attn/q_proj/MatMul,FullyConnected,FullyConnected,fullyconnected:/model/layers.15/self_attn/q_proj/MatMul,fullyconnected:/model/layers.15/self_attn/q_proj/MatMul,fully_connected,fully_connected_gpu_bf_tiled__f16,818,false,false,1,1,fully_connected_gpu_bf_tiled_5315586391497964380_0_0,gtpin_total_execution_cycles,28082116,cycles,64,28082116
n1_i5,5,1,5,performance,layers.*/self_attn,/model/layers.15/self_attn/v_proj/MatMul,FullyConnected,FullyConnected,fullyconnected:/model/layers.15/self_attn/v_proj/MatMul,fullyconnected:/model/layers.15/self_attn/v_proj/MatMul,fully_connected,fully_connected_gpu_bf_tiled__f16,817,false,false,1,1,fully_connected_gpu_bf_tiled_17963963101609895522_0_0,gtpin_total_execution_cycles,3417662,cycles,8,3417662
n1_i5,5,1,5,performance,layers.*/input_layernorm,/model/layers.16/input_layernorm/Mul,RMS,RMS,rms:/model/layers.16/input_layernorm/Mul,rms:/model/layers.16/input_layernorm/Mul,rms,rms_gpu_bfyx_opt__f16,852,false,false,1,1,rms_gpu_bfyx_opt_10690270683970839748_0_0__sa,gtpin_total_execution_cycles,1536346,cycles,256,1536346
n1_i5,5,1,5,performance,layers.*/mlp,/model/layers.16/mlp/down_proj/MatMul,FullyConnected,FullyConnected,fullyconnected:/model/layers.16/mlp/down_proj/MatMul,fullyconnected:/model/layers.16/mlp/down_proj/MatMul,fully_connected,fully_connected_gpu_bf_tiled__f16,887,false,false,1,1,fully_connected_gpu_bf_tiled_2727911967636154657_0_0,gtpin_total_execution_cycles,74499424,cycles,64,74499424
n1_i5,5,1,5,performance,layers.*/mlp,/model/layers.16/mlp/gate_proj/MatMul,FullyConnected,FullyConnected,fullyconnected:/model/layers.16/mlp/gate_proj/MatMul,fullyconnected:/model/layers.16/mlp/gate_proj/MatMul,fully_connected,fully_connected_gpu_bf_tiled__f16,886,false,false,1,1,fully_connected_gpu_bf_tiled_9957149419786459120_0_0,gtpin_total_execution_cycles,117139326,cycles,176,117139326
n1_i5,5,1,5,performance,layers.*/mlp,/model/layers.16/mlp/up_proj/MatMul,FullyConnected,FullyConnected,fullyconnected:/model/layers.16/mlp/up_proj/MatMul,fullyconnected:/model/layers.16/mlp/up_proj/MatMul,fully_connected,fully_connected_gpu_bf_tiled__f16,885,false,false,1,1,fully_connected_gpu_bf_tiled_2740906288179525049_0_0,gtpin_total_execution_cycles,98549682,cycles,176,98549682
n1_i5,5,1,5,performance,layers.*/post_attention_layernorm,/model/layers.16/post_attention_layernorm/Mul,RMS,RMS,rms:/model/layers.16/post_attention_layernorm/Mul,rms:/model/layers.16/post_attention_layernorm/Mul,rms,rms_gpu_bfyx_opt__f16,884,false,false,1,1,rms_gpu_bfyx_opt_10690270683970839748_0_0__sa,gtpin_total_execution_cycles,1848418,cycles,256,1848418
n1_i5,5,1,5,performance,layers.*/self_attn,/model/layers.16/self_attn/Add,RoPE,RoPE,rope:/model/layers.16/self_attn/Add,rope:/model/layers.16/self_attn/Add,rope,ocl::rope::opt___f16,860,false,false,1,1,rope_opt__13889706310558783765__sa,gtpin_total_execution_cycles,850758,cycles,64,850758
n1_i5,5,1,5,performance,layers.*/self_attn,/model/layers.16/self_attn/Add_1,RoPE,RoPE,rope:/model/layers.16/self_attn/Add_1,rope:/model/layers.16/self_attn/Add_1,rope,ocl::rope::opt___f16,861,false,false,1,1,rope_opt__6960924190377492479__sa,gtpin_total_execution_cycles,58650,cycles,8,58650
n1_i5,5,1,5,performance,layers.*/self_attn,/model/layers.16/self_attn/Expand,Broadcast,Broadcast,broadcast:/model/layers.16/self_attn/Expand,broadcast:/model/layers.16/self_attn/Expand,broadcast,broadcast_gpu_ref__f16,873,false,false,1,1,broadcast_gpu_ref_6456514822857321615_0_0__sa,gtpin_total_execution_cycles,3479554,cycles,1024,3479554
n1_i5,5,1,5,performance,layers.*/self_attn,/model/layers.16/self_attn/Expand_1,Broadcast,Broadcast,broadcast:/model/layers.16/self_attn/Expand_1,broadcast:/model/layers.16/self_attn/Expand_1,broadcast,broadcast_gpu_ref__f16,866,false,false,1,1,broadcast_gpu_ref_6456514822857321615_0_0__sa,gtpin_total_execution_cycles,4214926,cycles,1024,4214926
n1_i5,5,1,5,performance,layers.*/self_attn,/model/layers.16/self_attn/IsNaN,IsNaN,IsNaN,isnan:/model/layers.16/self_attn/IsNaN,isnan:/model/layers.16/self_attn/IsNaN,eltwise,generic_eltwise_ref__f16,879,false,false,1,1,generic_eltwise_ref_1696504087421334661_0_0__sa,gtpin_total_execution_cycles,1192792,cycles,256,1192792
n1_i5,5,1,5,performance,layers.*/self_attn,/model/layers.16/self_attn/MatMul,Gemm,Gemm,gemm:/model/layers.16/self_attn/MatMul,gemm:/model/layers.16/self_attn/MatMul,gemm,gemm_tiled_opt__f16,877,false,false,1,1,gemm_tiled_opt_7238579717421349067_1_0__sa,gtpin_total_execution_cycles,3678588,cycles,32,3678588
n1_i5,5,1,5,performance,layers.*/self_attn,/model/layers.16/self_attn/Mul_8,Multiply,Multiply,multiply:/model/layers.16/self_attn/Mul_8,multiply:/model/layers.16/self_attn/Mul_8,eltwise,generic_eltwise_ref__f16,863,false,false,1,1,generic_eltwise_ref_7125964068740378811_0_0__sa,gtpin_total_execution_cycles,4758600,cycles,1024,4758600
n1_i5,5,1,5,performance,layers.*/self_attn,/model/layers.16/self_attn/Softmax,Softmax,Softmax,softmax:/model/layers.16/self_attn/Softmax,softmax:/model/layers.16/self_attn/Softmax,softmax,softmax_gpu_bf__f16,878,false,false,1,1,softmax_gpu_bf_18392998524141771378_0_0__sa,gtpin_total_execution_cycles,8011077,cycles,512,8011077
n1_i5,5,1,5,performance,layers.*/self_attn,/model/layers.16/self_attn/Transpose_2,Transpose,Transpose,transpose:/model/layers.16/self_attn/Transpose_2,transpose:/model/layers.16/self_attn/Transpose_2,permute,permute_ref__f16,859,false,false,1,1,permute_ref_653960189515371720_0_0__sa,gtpin_total_execution_cycles,564636,cycles,128,564636
n1_i5,5,1,5,performance,layers.*/self_attn,/model/layers.16/self_attn/Transpose_3,Transpose,Transpose,transpose:/model/layers.16/self_attn/Transpose_3,transpose:/model/layers.16/self_attn/Transpose_3,permute,permute_ref__f16,876,false,false,1,1,permute_ref_17183202574580890641_0_0__sa,gtpin_total_execution_cycles,5136892,cycles,1024,5136892
n1_i5,5,1,5,performance,layers.*/self_attn,/model/layers.16/self_attn/Transpose_4,Gemm,Gemm,gemm:/model/layers.16/self_attn/Transpose_4,gemm:/model/layers.16/self_attn/Transpose_4,gemm,gemm_tiled_opt__f16,881,false,false,1,1,gemm_tiled_opt_12829285813189929928_0_0__sa,gtpin_total_execution_cycles,1989502,cycles,64,1989502
n1_i5,5,1,5,performance,layers.*/self_attn,/model/layers.16/self_attn/Where_2,Select,Select,select:/model/layers.16/self_attn/Where_2,select:/model/layers.16/self_attn/Where_2,select,select_gpu_ref__u8,874,false,false,1,1,select_gpu_ref_7464502897564813179_0_0__sa,gtpin_total_execution_cycles,33976,cycles,8,33976
n1_i5,5,1,5,performance,layers.*/self_attn,/model/layers.16/self_attn/Where_3,Select,Select,select:/model/layers.16/self_attn/Where_3,select:/model/layers.16/self_attn/Where_3,select,select_gpu_ref__u8,880,false,false,1,1,select_gpu_ref_5609897181611433017_0_0__sa,gtpin_total_execution_cycles,1503880,cycles,256,1503880
n1_i5,5,1,5,performance,layers.*/self_attn,/model/layers.16/self_attn/k_proj/MatMul,FullyConnected,FullyConnected,fullyconnected:/model/layers.16/self_attn/k_proj/MatMul,fullyconnected:/model/layers.16/self_attn/k_proj/MatMul,fully_connected,fully_connected_gpu_bf_tiled__f16,855,false,false,1,1,fully_connected_gpu_bf_tiled_17963963101609895522_0_0,gtpin_total_execution_cycles,3651124,cycles,8,3651124
n1_i5,5,1,5,performance,layers.*/self_attn,/model/layers.16/self_attn/o_proj/MatMul,FullyConnected,FullyConnected,fullyconnected:/model/layers.16/self_attn/o_proj/MatMul,fullyconnected:/model/layers.16/self_attn/o_proj/MatMul,fully_connected,fully_connected_gpu_bf_tiled__f16,883,false,false,1,1,fully_connected_gpu_bf_tiled_14284117615310227244_0_0,gtpin_total_execution_cycles,27831870,cycles,64,27831870
n1_i5,5,1,5,performance,layers.*/self_attn,/model/layers.16/self_attn/q_proj/MatMul,FullyConnected,FullyConnected,fullyconnected:/model/layers.16/self_attn/q_proj/MatMul,fullyconnected:/model/layers.16/self_attn/q_proj/MatMul,fully_connected,fully_connected_gpu_bf_tiled__f16,854,false,false,1,1,fully_connected_gpu_bf_tiled_5315586391497964380_0_0,gtpin_total_execution_cycles,28346710,cycles,64,28346710
n1_i5,5,1,5,performance,layers.*/self_attn,/model/layers.16/self_attn/v_proj/MatMul,FullyConnected,FullyConnected,fullyconnected:/model/layers.16/self_attn/v_proj/MatMul,fullyconnected:/model/layers.16/self_attn/v_proj/MatMul,fully_connected,fully_connected_gpu_bf_tiled__f16,853,false,false,1,1,fully_connected_gpu_bf_tiled_17963963101609895522_0_0,gtpin_total_execution_cycles,3462002,cycles,8,3462002
n1_i5,5,1,5,performance,layers.*/input_layernorm,/model/layers.17/input_layernorm/Mul,RMS,RMS,rms:/model/layers.17/input_layernorm/Mul,rms:/model/layers.17/input_layernorm/Mul,rms,rms_gpu_bfyx_opt__f16,888,false,false,1,1,rms_gpu_bfyx_opt_10690270683970839748_0_0__sa,gtpin_total_execution_cycles,1742228,cycles,256,1742228
n1_i5,5,1,5,performance,layers.*/mlp,/model/layers.17/mlp/down_proj/MatMul,FullyConnected,FullyConnected,fullyconnected:/model/layers.17/mlp/down_proj/MatMul,fullyconnected:/model/layers.17/mlp/down_proj/MatMul,fully_connected,fully_connected_gpu_bf_tiled__f16,923,false,false,1,1,fully_connected_gpu_bf_tiled_2727911967636154657_0_0,gtpin_total_execution_cycles,74205860,cycles,64,74205860
n1_i5,5,1,5,performance,layers.*/mlp,/model/layers.17/mlp/gate_proj/MatMul,FullyConnected,FullyConnected,fullyconnected:/model/layers.17/mlp/gate_proj/MatMul,fullyconnected:/model/layers.17/mlp/gate_proj/MatMul,fully_connected,fully_connected_gpu_bf_tiled__f16,922,false,false,1,1,fully_connected_gpu_bf_tiled_9957149419786459120_0_0,gtpin_total_execution_cycles,98639054,cycles,176,98639054
n1_i5,5,1,5,performance,layers.*/mlp,/model/layers.17/mlp/up_proj/MatMul,FullyConnected,FullyConnected,fullyconnected:/model/layers.17/mlp/up_proj/MatMul,fullyconnected:/model/layers.17/mlp/up_proj/MatMul,fully_connected,fully_connected_gpu_bf_tiled__f16,921,false,false,1,1,fully_connected_gpu_bf_tiled_2740906288179525049_0_0,gtpin_total_execution_cycles,91905970,cycles,176,91905970
n1_i5,5,1,5,performance,layers.*/post_attention_layernorm,/model/layers.17/post_attention_layernorm/Mul,RMS,RMS,rms:/model/layers.17/post_attention_layernorm/Mul,rms:/model/layers.17/post_attention_layernorm/Mul,rms,rms_gpu_bfyx_opt__f16,920,false,false,1,1,rms_gpu_bfyx_opt_10690270683970839748_0_0__sa,gtpin_total_execution_cycles,1847618,cycles,256,1847618
n1_i5,5,1,5,performance,layers.*/self_attn,/model/layers.17/self_attn/Add,RoPE,RoPE,rope:/model/layers.17/self_attn/Add,rope:/model/layers.17/self_attn/Add,rope,ocl::rope::opt___f16,896,false,false,1,1,rope_opt__13889706310558783765__sa,gtpin_total_execution_cycles,878644,cycles,64,878644
n1_i5,5,1,5,performance,layers.*/self_attn,/model/layers.17/self_attn/Add_1,RoPE,RoPE,rope:/model/layers.17/self_attn/Add_1,rope:/model/layers.17/self_attn/Add_1,rope,ocl::rope::opt___f16,897,false,false,1,1,rope_opt__6960924190377492479__sa,gtpin_total_execution_cycles,68580,cycles,8,68580
n1_i5,5,1,5,performance,layers.*/self_attn,/model/layers.17/self_attn/Expand,Broadcast,Broadcast,broadcast:/model/layers.17/self_attn/Expand,broadcast:/model/layers.17/self_attn/Expand,broadcast,broadcast_gpu_ref__f16,909,false,false,1,1,broadcast_gpu_ref_6456514822857321615_0_0__sa,gtpin_total_execution_cycles,5981136,cycles,1024,5981136
n1_i5,5,1,5,performance,layers.*/self_attn,/model/layers.17/self_attn/Expand_1,Broadcast,Broadcast,broadcast:/model/layers.17/self_attn/Expand_1,broadcast:/model/layers.17/self_attn/Expand_1,broadcast,broadcast_gpu_ref__f16,902,false,false,1,1,broadcast_gpu_ref_6456514822857321615_0_0__sa,gtpin_total_execution_cycles,4010122,cycles,1024,4010122
n1_i5,5,1,5,performance,layers.*/self_attn,/model/layers.17/self_attn/IsNaN,IsNaN,IsNaN,isnan:/model/layers.17/self_attn/IsNaN,isnan:/model/layers.17/self_attn/IsNaN,eltwise,generic_eltwise_ref__f16,915,false,false,1,1,generic_eltwise_ref_1696504087421334661_0_0__sa,gtpin_total_execution_cycles,1269112,cycles,256,1269112
n1_i5,5,1,5,performance,layers.*/self_attn,/model/layers.17/self_attn/MatMul,Gemm,Gemm,gemm:/model/layers.17/self_attn/MatMul,gemm:/model/layers.17/self_attn/MatMul,gemm,gemm_tiled_opt__f16,913,false,false,1,1,gemm_tiled_opt_7238579717421349067_1_0__sa,gtpin_total_execution_cycles,3430052,cycles,32,3430052
n1_i5,5,1,5,performance,layers.*/self_attn,/model/layers.17/self_attn/Mul_8,Multiply,Multiply,multiply:/model/layers.17/self_attn/Mul_8,multiply:/model/layers.17/self_attn/Mul_8,eltwise,generic_eltwise_ref__f16,899,false,false,1,1,generic_eltwise_ref_7125964068740378811_0_0__sa,gtpin_total_execution_cycles,5119076,cycles,1024,5119076
n1_i5,5,1,5,performance,layers.*/self_attn,/model/layers.17/self_attn/Softmax,Softmax,Softmax,softmax:/model/layers.17/self_attn/Softmax,softmax:/model/layers.17/self_attn/Softmax,softmax,softmax_gpu_bf__f16,914,false,false,1,1,softmax_gpu_bf_18392998524141771378_0_0__sa,gtpin_total_execution_cycles,8803562,cycles,512,8803562
n1_i5,5,1,5,performance,layers.*/self_attn,/model/layers.17/self_attn/Transpose_2,Transpose,Transpose,transpose:/model/layers.17/self_attn/Transpose_2,transpose:/model/layers.17/self_attn/Transpose_2,permute,permute_ref__f16,895,false,false,1,1,permute_ref_653960189515371720_0_0__sa,gtpin_total_execution_cycles,547296,cycles,128,547296
n1_i5,5,1,5,performance,layers.*/self_attn,/model/layers.17/self_attn/Transpose_3,Transpose,Transpose,transpose:/model/layers.17/self_attn/Transpose_3,transpose:/model/layers.17/self_attn/Transpose_3,permute,permute_ref__f16,912,false,false,1,1,permute_ref_17183202574580890641_0_0__sa,gtpin_total_execution_cycles,5651196,cycles,1024,5651196
n1_i5,5,1,5,performance,layers.*/self_attn,/model/layers.17/self_attn/Transpose_4,Gemm,Gemm,gemm:/model/layers.17/self_attn/Transpose_4,gemm:/model/layers.17/self_attn/Transpose_4,gemm,gemm_tiled_opt__f16,917,false,false,1,1,gemm_tiled_opt_12829285813189929928_0_0__sa,gtpin_total_execution_cycles,1978232,cycles,64,1978232
n1_i5,5,1,5,performance,layers.*/self_attn,/model/layers.17/self_attn/Where_2,Select,Select,select:/model/layers.17/self_attn/Where_2,select:/model/layers.17/self_attn/Where_2,select,select_gpu_ref__u8,910,false,false,1,1,select_gpu_ref_7464502897564813179_0_0__sa,gtpin_total_execution_cycles,38872,cycles,8,38872
n1_i5,5,1,5,performance,layers.*/self_attn,/model/layers.17/self_attn/Where_3,Select,Select,select:/model/layers.17/self_attn/Where_3,select:/model/layers.17/self_attn/Where_3,select,select_gpu_ref__u8,916,false,false,1,1,select_gpu_ref_5609897181611433017_0_0__sa,gtpin_total_execution_cycles,1376356,cycles,256,1376356
n1_i5,5,1,5,performance,layers.*/self_attn,/model/layers.17/self_attn/k_proj/MatMul,FullyConnected,FullyConnected,fullyconnected:/model/layers.17/self_attn/k_proj/MatMul,fullyconnected:/model/layers.17/self_attn/k_proj/MatMul,fully_connected,fully_connected_gpu_bf_tiled__f16,891,false,false,1,1,fully_connected_gpu_bf_tiled_17963963101609895522_0_0,gtpin_total_execution_cycles,3679702,cycles,8,3679702
n1_i5,5,1,5,performance,layers.*/self_attn,/model/layers.17/self_attn/o_proj/MatMul,FullyConnected,FullyConnected,fullyconnected:/model/layers.17/self_attn/o_proj/MatMul,fullyconnected:/model/layers.17/self_attn/o_proj/MatMul,fully_connected,fully_connected_gpu_bf_tiled__f16,919,false,false,1,1,fully_connected_gpu_bf_tiled_14284117615310227244_0_0,gtpin_total_execution_cycles,28130350,cycles,64,28130350
n1_i5,5,1,5,performance,layers.*/self_attn,/model/layers.17/self_attn/q_proj/MatMul,FullyConnected,FullyConnected,fullyconnected:/model/layers.17/self_attn/q_proj/MatMul,fullyconnected:/model/layers.17/self_attn/q_proj/MatMul,fully_connected,fully_connected_gpu_bf_tiled__f16,890,false,false,1,1,fully_connected_gpu_bf_tiled_5315586391497964380_0_0,gtpin_total_execution_cycles,28544620,cycles,64,28544620
n1_i5,5,1,5,performance,layers.*/self_attn,/model/layers.17/self_attn/v_proj/MatMul,FullyConnected,FullyConnected,fullyconnected:/model/layers.17/self_attn/v_proj/MatMul,fullyconnected:/model/layers.17/self_attn/v_proj/MatMul,fully_connected,fully_connected_gpu_bf_tiled__f16,889,false,false,1,1,fully_connected_gpu_bf_tiled_17963963101609895522_0_0,gtpin_total_execution_cycles,3489814,cycles,8,3489814
n1_i5,5,1,5,performance,layers.*/input_layernorm,/model/layers.18/input_layernorm/Mul,RMS,RMS,rms:/model/layers.18/input_layernorm/Mul,rms:/model/layers.18/input_layernorm/Mul,rms,rms_gpu_bfyx_opt__f16,924,false,false,1,1,rms_gpu_bfyx_opt_10690270683970839748_0_0__sa,gtpin_total_execution_cycles,1429440,cycles,256,1429440
n1_i5,5,1,5,performance,layers.*/mlp,/model/layers.18/mlp/down_proj/MatMul,FullyConnected,FullyConnected,fullyconnected:/model/layers.18/mlp/down_proj/MatMul,fullyconnected:/model/layers.18/mlp/down_proj/MatMul,fully_connected,fully_connected_gpu_bf_tiled__f16,959,false,false,1,1,fully_connected_gpu_bf_tiled_2727911967636154657_0_0,gtpin_total_execution_cycles,74235960,cycles,64,74235960
n1_i5,5,1,5,performance,layers.*/mlp,/model/layers.18/mlp/gate_proj/MatMul,FullyConnected,FullyConnected,fullyconnected:/model/layers.18/mlp/gate_proj/MatMul,fullyconnected:/model/layers.18/mlp/gate_proj/MatMul,fully_connected,fully_connected_gpu_bf_tiled__f16,958,false,false,1,1,fully_connected_gpu_bf_tiled_9957149419786459120_0_0,gtpin_total_execution_cycles,116118800,cycles,176,116118800
n1_i5,5,1,5,performance,layers.*/mlp,/model/layers.18/mlp/up_proj/MatMul,FullyConnected,FullyConnected,fullyconnected:/model/layers.18/mlp/up_proj/MatMul,fullyconnected:/model/layers.18/mlp/up_proj/MatMul,fully_connected,fully_connected_gpu_bf_tiled__f16,957,false,false,1,1,fully_connected_gpu_bf_tiled_2740906288179525049_0_0,gtpin_total_execution_cycles,90673004,cycles,176,90673004
n1_i5,5,1,5,performance,layers.*/post_attention_layernorm,/model/layers.18/post_attention_layernorm/Mul,RMS,RMS,rms:/model/layers.18/post_attention_layernorm/Mul,rms:/model/layers.18/post_attention_layernorm/Mul,rms,rms_gpu_bfyx_opt__f16,956,false,false,1,1,rms_gpu_bfyx_opt_10690270683970839748_0_0__sa,gtpin_total_execution_cycles,1670592,cycles,256,1670592
n1_i5,5,1,5,performance,layers.*/self_attn,/model/layers.18/self_attn/Add,RoPE,RoPE,rope:/model/layers.18/self_attn/Add,rope:/model/layers.18/self_attn/Add,rope,ocl::rope::opt___f16,932,false,false,1,1,rope_opt__13889706310558783765__sa,gtpin_total_execution_cycles,941126,cycles,64,941126
n1_i5,5,1,5,performance,layers.*/self_attn,/model/layers.18/self_attn/Add_1,RoPE,RoPE,rope:/model/layers.18/self_attn/Add_1,rope:/model/layers.18/self_attn/Add_1,rope,ocl::rope::opt___f16,933,false,false,1,1,rope_opt__6960924190377492479__sa,gtpin_total_execution_cycles,64634,cycles,8,64634
n1_i5,5,1,5,performance,layers.*/self_attn,/model/layers.18/self_attn/Expand,Broadcast,Broadcast,broadcast:/model/layers.18/self_attn/Expand,broadcast:/model/layers.18/self_attn/Expand,broadcast,broadcast_gpu_ref__f16,945,false,false,1,1,broadcast_gpu_ref_6456514822857321615_0_0__sa,gtpin_total_execution_cycles,5676328,cycles,1024,5676328
n1_i5,5,1,5,performance,layers.*/self_attn,/model/layers.18/self_attn/Expand_1,Broadcast,Broadcast,broadcast:/model/layers.18/self_attn/Expand_1,broadcast:/model/layers.18/self_attn/Expand_1,broadcast,broadcast_gpu_ref__f16,938,false,false,1,1,broadcast_gpu_ref_6456514822857321615_0_0__sa,gtpin_total_execution_cycles,3797130,cycles,1024,3797130
n1_i5,5,1,5,performance,layers.*/self_attn,/model/layers.18/self_attn/IsNaN,IsNaN,IsNaN,isnan:/model/layers.18/self_attn/IsNaN,isnan:/model/layers.18/self_attn/IsNaN,eltwise,generic_eltwise_ref__f16,951,false,false,1,1,generic_eltwise_ref_1696504087421334661_0_0__sa,gtpin_total_execution_cycles,1186646,cycles,256,1186646
n1_i5,5,1,5,performance,layers.*/self_attn,/model/layers.18/self_attn/MatMul,Gemm,Gemm,gemm:/model/layers.18/self_attn/MatMul,gemm:/model/layers.18/self_attn/MatMul,gemm,gemm_tiled_opt__f16,949,false,false,1,1,gemm_tiled_opt_7238579717421349067_1_0__sa,gtpin_total_execution_cycles,3419302,cycles,32,3419302
n1_i5,5,1,5,performance,layers.*/self_attn,/model/layers.18/self_attn/Mul_8,Multiply,Multiply,multiply:/model/layers.18/self_attn/Mul_8,multiply:/model/layers.18/self_attn/Mul_8,eltwise,generic_eltwise_ref__f16,935,false,false,1,1,generic_eltwise_ref_7125964068740378811_0_0__sa,gtpin_total_execution_cycles,4856430,cycles,1024,4856430
n1_i5,5,1,5,performance,layers.*/self_attn,/model/layers.18/self_attn/Softmax,Softmax,Softmax,softmax:/model/layers.18/self_attn/Softmax,softmax:/model/layers.18/self_attn/Softmax,softmax,softmax_gpu_bf__f16,950,false,false,1,1,softmax_gpu_bf_18392998524141771378_0_0__sa,gtpin_total_execution_cycles,8102870,cycles,512,8102870
n1_i5,5,1,5,performance,layers.*/self_attn,/model/layers.18/self_attn/Transpose_2,Transpose,Transpose,transpose:/model/layers.18/self_attn/Transpose_2,transpose:/model/layers.18/self_attn/Transpose_2,permute,permute_ref__f16,931,false,false,1,1,permute_ref_653960189515371720_0_0__sa,gtpin_total_execution_cycles,519558,cycles,128,519558
n1_i5,5,1,5,performance,layers.*/self_attn,/model/layers.18/self_attn/Transpose_3,Transpose,Transpose,transpose:/model/layers.18/self_attn/Transpose_3,transpose:/model/layers.18/self_attn/Transpose_3,permute,permute_ref__f16,948,false,false,1,1,permute_ref_17183202574580890641_0_0__sa,gtpin_total_execution_cycles,5248402,cycles,1024,5248402
n1_i5,5,1,5,performance,layers.*/self_attn,/model/layers.18/self_attn/Transpose_4,Gemm,Gemm,gemm:/model/layers.18/self_attn/Transpose_4,gemm:/model/layers.18/self_attn/Transpose_4,gemm,gemm_tiled_opt__f16,953,false,false,1,1,gemm_tiled_opt_12829285813189929928_0_0__sa,gtpin_total_execution_cycles,1961390,cycles,64,1961390
n1_i5,5,1,5,performance,layers.*/self_attn,/model/layers.18/self_attn/Where_2,Select,Select,select:/model/layers.18/self_attn/Where_2,select:/model/layers.18/self_attn/Where_2,select,select_gpu_ref__u8,946,false,false,1,1,select_gpu_ref_7464502897564813179_0_0__sa,gtpin_total_execution_cycles,39576,cycles,8,39576
n1_i5,5,1,5,performance,layers.*/self_attn,/model/layers.18/self_attn/Where_3,Select,Select,select:/model/layers.18/self_attn/Where_3,select:/model/layers.18/self_attn/Where_3,select,select_gpu_ref__u8,952,false,false,1,1,select_gpu_ref_5609897181611433017_0_0__sa,gtpin_total_execution_cycles,1319980,cycles,256,1319980
n1_i5,5,1,5,performance,layers.*/self_attn,/model/layers.18/self_attn/k_proj/MatMul,FullyConnected,FullyConnected,fullyconnected:/model/layers.18/self_attn/k_proj/MatMul,fullyconnected:/model/layers.18/self_attn/k_proj/MatMul,fully_connected,fully_connected_gpu_bf_tiled__f16,927,false,false,1,1,fully_connected_gpu_bf_tiled_17963963101609895522_0_0,gtpin_total_execution_cycles,3632444,cycles,8,3632444
n1_i5,5,1,5,performance,layers.*/self_attn,/model/layers.18/self_attn/o_proj/MatMul,FullyConnected,FullyConnected,fullyconnected:/model/layers.18/self_attn/o_proj/MatMul,fullyconnected:/model/layers.18/self_attn/o_proj/MatMul,fully_connected,fully_connected_gpu_bf_tiled__f16,955,false,false,1,1,fully_connected_gpu_bf_tiled_14284117615310227244_0_0,gtpin_total_execution_cycles,28015294,cycles,64,28015294
n1_i5,5,1,5,performance,layers.*/self_attn,/model/layers.18/self_attn/q_proj/MatMul,FullyConnected,FullyConnected,fullyconnected:/model/layers.18/self_attn/q_proj/MatMul,fullyconnected:/model/layers.18/self_attn/q_proj/MatMul,fully_connected,fully_connected_gpu_bf_tiled__f16,926,false,false,1,1,fully_connected_gpu_bf_tiled_5315586391497964380_0_0,gtpin_total_execution_cycles,28178062,cycles,64,28178062
n1_i5,5,1,5,performance,layers.*/self_attn,/model/layers.18/self_attn/v_proj/MatMul,FullyConnected,FullyConnected,fullyconnected:/model/layers.18/self_attn/v_proj/MatMul,fullyconnected:/model/layers.18/self_attn/v_proj/MatMul,fully_connected,fully_connected_gpu_bf_tiled__f16,925,false,false,1,1,fully_connected_gpu_bf_tiled_17963963101609895522_0_0,gtpin_total_execution_cycles,3443332,cycles,8,3443332
n1_i5,5,1,5,performance,layers.*/input_layernorm,/model/layers.19/input_layernorm/Mul,RMS,RMS,rms:/model/layers.19/input_layernorm/Mul,rms:/model/layers.19/input_layernorm/Mul,rms,rms_gpu_bfyx_opt__f16,960,false,false,1,1,rms_gpu_bfyx_opt_10690270683970839748_0_0__sa,gtpin_total_execution_cycles,1943278,cycles,256,1943278
n1_i5,5,1,5,performance,layers.*/mlp,/model/layers.19/mlp/down_proj/MatMul,FullyConnected,FullyConnected,fullyconnected:/model/layers.19/mlp/down_proj/MatMul,fullyconnected:/model/layers.19/mlp/down_proj/MatMul,fully_connected,fully_connected_gpu_bf_tiled__f16,995,false,false,1,1,fully_connected_gpu_bf_tiled_2727911967636154657_0_0,gtpin_total_execution_cycles,78425642,cycles,64,78425642
n1_i5,5,1,5,performance,layers.*/mlp,/model/layers.19/mlp/gate_proj/MatMul,FullyConnected,FullyConnected,fullyconnected:/model/layers.19/mlp/gate_proj/MatMul,fullyconnected:/model/layers.19/mlp/gate_proj/MatMul,fully_connected,fully_connected_gpu_bf_tiled__f16,994,false,false,1,1,fully_connected_gpu_bf_tiled_9957149419786459120_0_0,gtpin_total_execution_cycles,137230640,cycles,176,137230640
n1_i5,5,1,5,performance,layers.*/mlp,/model/layers.19/mlp/up_proj/MatMul,FullyConnected,FullyConnected,fullyconnected:/model/layers.19/mlp/up_proj/MatMul,fullyconnected:/model/layers.19/mlp/up_proj/MatMul,fully_connected,fully_connected_gpu_bf_tiled__f16,993,false,false,1,1,fully_connected_gpu_bf_tiled_2740906288179525049_0_0,gtpin_total_execution_cycles,130442028,cycles,176,130442028
n1_i5,5,1,5,performance,layers.*/post_attention_layernorm,/model/layers.19/post_attention_layernorm/Mul,RMS,RMS,rms:/model/layers.19/post_attention_layernorm/Mul,rms:/model/layers.19/post_attention_layernorm/Mul,rms,rms_gpu_bfyx_opt__f16,992,false,false,1,1,rms_gpu_bfyx_opt_10690270683970839748_0_0__sa,gtpin_total_execution_cycles,2079772,cycles,256,2079772
n1_i5,5,1,5,performance,layers.*/self_attn,/model/layers.19/self_attn/Add,RoPE,RoPE,rope:/model/layers.19/self_attn/Add,rope:/model/layers.19/self_attn/Add,rope,ocl::rope::opt___f16,968,false,false,1,1,rope_opt__13889706310558783765__sa,gtpin_total_execution_cycles,838552,cycles,64,838552
n1_i5,5,1,5,performance,layers.*/self_attn,/model/layers.19/self_attn/Add_1,RoPE,RoPE,rope:/model/layers.19/self_attn/Add_1,rope:/model/layers.19/self_attn/Add_1,rope,ocl::rope::opt___f16,969,false,false,1,1,rope_opt__6960924190377492479__sa,gtpin_total_execution_cycles,64424,cycles,8,64424
n1_i5,5,1,5,performance,layers.*/self_attn,/model/layers.19/self_attn/Expand,Broadcast,Broadcast,broadcast:/model/layers.19/self_attn/Expand,broadcast:/model/layers.19/self_attn/Expand,broadcast,broadcast_gpu_ref__f16,981,false,false,1,1,broadcast_gpu_ref_6456514822857321615_0_0__sa,gtpin_total_execution_cycles,4049396,cycles,1024,4049396
n1_i5,5,1,5,performance,layers.*/self_attn,/model/layers.19/self_attn/Expand_1,Broadcast,Broadcast,broadcast:/model/layers.19/self_attn/Expand_1,broadcast:/model/layers.19/self_attn/Expand_1,broadcast,broadcast_gpu_ref__f16,974,false,false,1,1,broadcast_gpu_ref_6456514822857321615_0_0__sa,gtpin_total_execution_cycles,4355206,cycles,1024,4355206
n1_i5,5,1,5,performance,layers.*/self_attn,/model/layers.19/self_attn/IsNaN,IsNaN,IsNaN,isnan:/model/layers.19/self_attn/IsNaN,isnan:/model/layers.19/self_attn/IsNaN,eltwise,generic_eltwise_ref__f16,987,false,false,1,1,generic_eltwise_ref_1696504087421334661_0_0__sa,gtpin_total_execution_cycles,1212750,cycles,256,1212750
n1_i5,5,1,5,performance,layers.*/self_attn,/model/layers.19/self_attn/MatMul,Gemm,Gemm,gemm:/model/layers.19/self_attn/MatMul,gemm:/model/layers.19/self_attn/MatMul,gemm,gemm_tiled_opt__f16,985,false,false,1,1,gemm_tiled_opt_7238579717421349067_1_0__sa,gtpin_total_execution_cycles,3430956,cycles,32,3430956
n1_i5,5,1,5,performance,layers.*/self_attn,/model/layers.19/self_attn/Mul_8,Multiply,Multiply,multiply:/model/layers.19/self_attn/Mul_8,multiply:/model/layers.19/self_attn/Mul_8,eltwise,generic_eltwise_ref__f16,971,false,false,1,1,generic_eltwise_ref_7125964068740378811_0_0__sa,gtpin_total_execution_cycles,4833566,cycles,1024,4833566
n1_i5,5,1,5,performance,layers.*/self_attn,/model/layers.19/self_attn/Softmax,Softmax,Softmax,softmax:/model/layers.19/self_attn/Softmax,softmax:/model/layers.19/self_attn/Softmax,softmax,softmax_gpu_bf__f16,986,false,false,1,1,softmax_gpu_bf_18392998524141771378_0_0__sa,gtpin_total_execution_cycles,8201676,cycles,512,8201676
n1_i5,5,1,5,performance,layers.*/self_attn,/model/layers.19/self_attn/Transpose_2,Transpose,Transpose,transpose:/model/layers.19/self_attn/Transpose_2,transpose:/model/layers.19/self_attn/Transpose_2,permute,permute_ref__f16,967,false,false,1,1,permute_ref_653960189515371720_0_0__sa,gtpin_total_execution_cycles,449364,cycles,128,449364
n1_i5,5,1,5,performance,layers.*/self_attn,/model/layers.19/self_attn/Transpose_3,Transpose,Transpose,transpose:/model/layers.19/self_attn/Transpose_3,transpose:/model/layers.19/self_attn/Transpose_3,permute,permute_ref__f16,984,false,false,1,1,permute_ref_17183202574580890641_0_0__sa,gtpin_total_execution_cycles,4889538,cycles,1024,4889538
n1_i5,5,1,5,performance,layers.*/self_attn,/model/layers.19/self_attn/Transpose_4,Gemm,Gemm,gemm:/model/layers.19/self_attn/Transpose_4,gemm:/model/layers.19/self_attn/Transpose_4,gemm,gemm_tiled_opt__f16,989,false,false,1,1,gemm_tiled_opt_12829285813189929928_0_0__sa,gtpin_total_execution_cycles,2250978,cycles,64,2250978
n1_i5,5,1,5,performance,layers.*/self_attn,/model/layers.19/self_attn/Where_2,Select,Select,select:/model/layers.19/self_attn/Where_2,select:/model/layers.19/self_attn/Where_2,select,select_gpu_ref__u8,982,false,false,1,1,select_gpu_ref_7464502897564813179_0_0__sa,gtpin_total_execution_cycles,37136,cycles,8,37136
n1_i5,5,1,5,performance,layers.*/self_attn,/model/layers.19/self_attn/Where_3,Select,Select,select:/model/layers.19/self_attn/Where_3,select:/model/layers.19/self_attn/Where_3,select,select_gpu_ref__u8,988,false,false,1,1,select_gpu_ref_5609897181611433017_0_0__sa,gtpin_total_execution_cycles,1392294,cycles,256,1392294
n1_i5,5,1,5,performance,layers.*/self_attn,/model/layers.19/self_attn/k_proj/MatMul,FullyConnected,FullyConnected,fullyconnected:/model/layers.19/self_attn/k_proj/MatMul,fullyconnected:/model/layers.19/self_attn/k_proj/MatMul,fully_connected,fully_connected_gpu_bf_tiled__f16,963,false,false,1,1,fully_connected_gpu_bf_tiled_17963963101609895522_0_0,gtpin_total_execution_cycles,3668518,cycles,8,3668518
n1_i5,5,1,5,performance,layers.*/self_attn,/model/layers.19/self_attn/o_proj/MatMul,FullyConnected,FullyConnected,fullyconnected:/model/layers.19/self_attn/o_proj/MatMul,fullyconnected:/model/layers.19/self_attn/o_proj/MatMul,fully_connected,fully_connected_gpu_bf_tiled__f16,991,false,false,1,1,fully_connected_gpu_bf_tiled_14284117615310227244_0_0,gtpin_total_execution_cycles,28172912,cycles,64,28172912
n1_i5,5,1,5,performance,layers.*/self_attn,/model/layers.19/self_attn/q_proj/MatMul,FullyConnected,FullyConnected,fullyconnected:/model/layers.19/self_attn/q_proj/MatMul,fullyconnected:/model/layers.19/self_attn/q_proj/MatMul,fully_connected,fully_connected_gpu_bf_tiled__f16,962,false,false,1,1,fully_connected_gpu_bf_tiled_5315586391497964380_0_0,gtpin_total_execution_cycles,28297740,cycles,64,28297740
n1_i5,5,1,5,performance,layers.*/self_attn,/model/layers.19/self_attn/v_proj/MatMul,FullyConnected,FullyConnected,fullyconnected:/model/layers.19/self_attn/v_proj/MatMul,fullyconnected:/model/layers.19/self_attn/v_proj/MatMul,fully_connected,fully_connected_gpu_bf_tiled__f16,961,false,false,1,1,fully_connected_gpu_bf_tiled_17963963101609895522_0_0,gtpin_total_execution_cycles,3445652,cycles,8,3445652
n1_i5,5,1,5,performance,layers.*/input_layernorm,/model/layers.2/input_layernorm/Mul,RMS,RMS,rms:/model/layers.2/input_layernorm/Mul,rms:/model/layers.2/input_layernorm/Mul,rms,rms_gpu_bfyx_opt__f16,348,false,false,1,1,rms_gpu_bfyx_opt_10690270683970839748_0_0__sa,gtpin_total_execution_cycles,1959130,cycles,256,1959130
n1_i5,5,1,5,performance,layers.*/mlp,/model/layers.2/mlp/down_proj/MatMul,FullyConnected,FullyConnected,fullyconnected:/model/layers.2/mlp/down_proj/MatMul,fullyconnected:/model/layers.2/mlp/down_proj/MatMul,fully_connected,fully_connected_gpu_bf_tiled__f16,383,false,false,1,1,fully_connected_gpu_bf_tiled_2727911967636154657_0_0,gtpin_total_execution_cycles,74277422,cycles,64,74277422
n1_i5,5,1,5,performance,layers.*/mlp,/model/layers.2/mlp/gate_proj/MatMul,FullyConnected,FullyConnected,fullyconnected:/model/layers.2/mlp/gate_proj/MatMul,fullyconnected:/model/layers.2/mlp/gate_proj/MatMul,fully_connected,fully_connected_gpu_bf_tiled__f16,382,false,false,1,1,fully_connected_gpu_bf_tiled_9957149419786459120_0_0,gtpin_total_execution_cycles,104086572,cycles,176,104086572
n1_i5,5,1,5,performance,layers.*/mlp,/model/layers.2/mlp/up_proj/MatMul,FullyConnected,FullyConnected,fullyconnected:/model/layers.2/mlp/up_proj/MatMul,fullyconnected:/model/layers.2/mlp/up_proj/MatMul,fully_connected,fully_connected_gpu_bf_tiled__f16,381,false,false,1,1,fully_connected_gpu_bf_tiled_2740906288179525049_0_0,gtpin_total_execution_cycles,100275472,cycles,176,100275472
n1_i5,5,1,5,performance,layers.*/post_attention_layernorm,/model/layers.2/post_attention_layernorm/Mul,RMS,RMS,rms:/model/layers.2/post_attention_layernorm/Mul,rms:/model/layers.2/post_attention_layernorm/Mul,rms,rms_gpu_bfyx_opt__f16,380,false,false,1,1,rms_gpu_bfyx_opt_10690270683970839748_0_0__sa,gtpin_total_execution_cycles,1866808,cycles,256,1866808
n1_i5,5,1,5,performance,layers.*/self_attn,/model/layers.2/self_attn/Add,RoPE,RoPE,rope:/model/layers.2/self_attn/Add,rope:/model/layers.2/self_attn/Add,rope,ocl::rope::opt___f16,356,false,false,1,1,rope_opt__13889706310558783765__sa,gtpin_total_execution_cycles,978350,cycles,64,978350
n1_i5,5,1,5,performance,layers.*/self_attn,/model/layers.2/self_attn/Add_1,RoPE,RoPE,rope:/model/layers.2/self_attn/Add_1,rope:/model/layers.2/self_attn/Add_1,rope,ocl::rope::opt___f16,357,false,false,1,1,rope_opt__6960924190377492479__sa,gtpin_total_execution_cycles,80772,cycles,8,80772
n1_i5,5,1,5,performance,layers.*/self_attn,/model/layers.2/self_attn/Expand,Broadcast,Broadcast,broadcast:/model/layers.2/self_attn/Expand,broadcast:/model/layers.2/self_attn/Expand,broadcast,broadcast_gpu_ref__f16,369,false,false,1,1,broadcast_gpu_ref_6456514822857321615_0_0__sa,gtpin_total_execution_cycles,5721708,cycles,1024,5721708
n1_i5,5,1,5,performance,layers.*/self_attn,/model/layers.2/self_attn/Expand_1,Broadcast,Broadcast,broadcast:/model/layers.2/self_attn/Expand_1,broadcast:/model/layers.2/self_attn/Expand_1,broadcast,broadcast_gpu_ref__f16,362,false,false,1,1,broadcast_gpu_ref_6456514822857321615_0_0__sa,gtpin_total_execution_cycles,4679600,cycles,1024,4679600
n1_i5,5,1,5,performance,layers.*/self_attn,/model/layers.2/self_attn/IsNaN,IsNaN,IsNaN,isnan:/model/layers.2/self_attn/IsNaN,isnan:/model/layers.2/self_attn/IsNaN,eltwise,generic_eltwise_ref__f16,375,false,false,1,1,generic_eltwise_ref_1696504087421334661_0_0__sa,gtpin_total_execution_cycles,1117532,cycles,256,1117532
n1_i5,5,1,5,performance,layers.*/self_attn,/model/layers.2/self_attn/MatMul,Gemm,Gemm,gemm:/model/layers.2/self_attn/MatMul,gemm:/model/layers.2/self_attn/MatMul,gemm,gemm_tiled_opt__f16,373,false,false,1,1,gemm_tiled_opt_7238579717421349067_1_0__sa,gtpin_total_execution_cycles,3385930,cycles,32,3385930
n1_i5,5,1,5,performance,layers.*/self_attn,/model/layers.2/self_attn/Mul_8,Multiply,Multiply,multiply:/model/layers.2/self_attn/Mul_8,multiply:/model/layers.2/self_attn/Mul_8,eltwise,generic_eltwise_ref__f16,359,false,false,1,1,generic_eltwise_ref_7125964068740378811_0_0__sa,gtpin_total_execution_cycles,5507234,cycles,1024,5507234
n1_i5,5,1,5,performance,layers.*/self_attn,/model/layers.2/self_attn/Softmax,Softmax,Softmax,softmax:/model/layers.2/self_attn/Softmax,softmax:/model/layers.2/self_attn/Softmax,softmax,softmax_gpu_bf__f16,374,false,false,1,1,softmax_gpu_bf_18392998524141771378_0_0__sa,gtpin_total_execution_cycles,7622678,cycles,512,7622678
n1_i5,5,1,5,performance,layers.*/self_attn,/model/layers.2/self_attn/Transpose_2,Transpose,Transpose,transpose:/model/layers.2/self_attn/Transpose_2,transpose:/model/layers.2/self_attn/Transpose_2,permute,permute_ref__f16,355,false,false,1,1,permute_ref_653960189515371720_0_0__sa,gtpin_total_execution_cycles,521684,cycles,128,521684
n1_i5,5,1,5,performance,layers.*/self_attn,/model/layers.2/self_attn/Transpose_3,Transpose,Transpose,transpose:/model/layers.2/self_attn/Transpose_3,transpose:/model/layers.2/self_attn/Transpose_3,permute,permute_ref__f16,372,false,false,1,1,permute_ref_17183202574580890641_0_0__sa,gtpin_total_execution_cycles,5377502,cycles,1024,5377502
n1_i5,5,1,5,performance,layers.*/self_attn,/model/layers.2/self_attn/Transpose_4,Gemm,Gemm,gemm:/model/layers.2/self_attn/Transpose_4,gemm:/model/layers.2/self_attn/Transpose_4,gemm,gemm_tiled_opt__f16,377,false,false,1,1,gemm_tiled_opt_12829285813189929928_0_0__sa,gtpin_total_execution_cycles,2034368,cycles,64,2034368
n1_i5,5,1,5,performance,layers.*/self_attn,/model/layers.2/self_attn/Where_2,Select,Select,select:/model/layers.2/self_attn/Where_2,select:/model/layers.2/self_attn/Where_2,select,select_gpu_ref__u8,370,false,false,1,1,select_gpu_ref_7464502897564813179_0_0__sa,gtpin_total_execution_cycles,35968,cycles,8,35968
n1_i5,5,1,5,performance,layers.*/self_attn,/model/layers.2/self_attn/Where_3,Select,Select,select:/model/layers.2/self_attn/Where_3,select:/model/layers.2/self_attn/Where_3,select,select_gpu_ref__u8,376,false,false,1,1,select_gpu_ref_5609897181611433017_0_0__sa,gtpin_total_execution_cycles,1432098,cycles,256,1432098
n1_i5,5,1,5,performance,layers.*/self_attn,/model/layers.2/self_attn/k_proj/MatMul,FullyConnected,FullyConnected,fullyconnected:/model/layers.2/self_attn/k_proj/MatMul,fullyconnected:/model/layers.2/self_attn/k_proj/MatMul,fully_connected,fully_connected_gpu_bf_tiled__f16,351,false,false,1,1,fully_connected_gpu_bf_tiled_17963963101609895522_0_0,gtpin_total_execution_cycles,4281318,cycles,8,4281318
n1_i5,5,1,5,performance,layers.*/self_attn,/model/layers.2/self_attn/o_proj/MatMul,FullyConnected,FullyConnected,fullyconnected:/model/layers.2/self_attn/o_proj/MatMul,fullyconnected:/model/layers.2/self_attn/o_proj/MatMul,fully_connected,fully_connected_gpu_bf_tiled__f16,379,false,false,1,1,fully_connected_gpu_bf_tiled_14284117615310227244_0_0,gtpin_total_execution_cycles,28487436,cycles,64,28487436
n1_i5,5,1,5,performance,layers.*/self_attn,/model/layers.2/self_attn/q_proj/MatMul,FullyConnected,FullyConnected,fullyconnected:/model/layers.2/self_attn/q_proj/MatMul,fullyconnected:/model/layers.2/self_attn/q_proj/MatMul,fully_connected,fully_connected_gpu_bf_tiled__f16,350,false,false,1,1,fully_connected_gpu_bf_tiled_5315586391497964380_0_0,gtpin_total_execution_cycles,33194724,cycles,64,33194724
n1_i5,5,1,5,performance,layers.*/self_attn,/model/layers.2/self_attn/v_proj/MatMul,FullyConnected,FullyConnected,fullyconnected:/model/layers.2/self_attn/v_proj/MatMul,fullyconnected:/model/layers.2/self_attn/v_proj/MatMul,fully_connected,fully_connected_gpu_bf_tiled__f16,349,false,false,1,1,fully_connected_gpu_bf_tiled_17963963101609895522_0_0,gtpin_total_execution_cycles,4074104,cycles,8,4074104
n1_i5,5,1,5,performance,layers.*/input_layernorm,/model/layers.20/input_layernorm/Mul,RMS,RMS,rms:/model/layers.20/input_layernorm/Mul,rms:/model/layers.20/input_layernorm/Mul,rms,rms_gpu_bfyx_opt__f16,996,false,false,1,1,rms_gpu_bfyx_opt_10690270683970839748_0_0__sa,gtpin_total_execution_cycles,1568968,cycles,256,1568968
n1_i5,5,1,5,performance,layers.*/mlp,/model/layers.20/mlp/down_proj/MatMul,FullyConnected,FullyConnected,fullyconnected:/model/layers.20/mlp/down_proj/MatMul,fullyconnected:/model/layers.20/mlp/down_proj/MatMul,fully_connected,fully_connected_gpu_bf_tiled__f16,1031,false,false,1,1,fully_connected_gpu_bf_tiled_2727911967636154657_0_0,gtpin_total_execution_cycles,74094928,cycles,64,74094928
n1_i5,5,1,5,performance,layers.*/mlp,/model/layers.20/mlp/gate_proj/MatMul,FullyConnected,FullyConnected,fullyconnected:/model/layers.20/mlp/gate_proj/MatMul,fullyconnected:/model/layers.20/mlp/gate_proj/MatMul,fully_connected,fully_connected_gpu_bf_tiled__f16,1030,false,false,1,1,fully_connected_gpu_bf_tiled_9957149419786459120_0_0,gtpin_total_execution_cycles,101533102,cycles,176,101533102
n1_i5,5,1,5,performance,layers.*/mlp,/model/layers.20/mlp/up_proj/MatMul,FullyConnected,FullyConnected,fullyconnected:/model/layers.20/mlp/up_proj/MatMul,fullyconnected:/model/layers.20/mlp/up_proj/MatMul,fully_connected,fully_connected_gpu_bf_tiled__f16,1029,false,false,1,1,fully_connected_gpu_bf_tiled_2740906288179525049_0_0,gtpin_total_execution_cycles,93326616,cycles,176,93326616
n1_i5,5,1,5,performance,layers.*/post_attention_layernorm,/model/layers.20/post_attention_layernorm/Mul,RMS,RMS,rms:/model/layers.20/post_attention_layernorm/Mul,rms:/model/layers.20/post_attention_layernorm/Mul,rms,rms_gpu_bfyx_opt__f16,1028,false,false,1,1,rms_gpu_bfyx_opt_10690270683970839748_0_0__sa,gtpin_total_execution_cycles,1970266,cycles,256,1970266
n1_i5,5,1,5,performance,layers.*/self_attn,/model/layers.20/self_attn/Add,RoPE,RoPE,rope:/model/layers.20/self_attn/Add,rope:/model/layers.20/self_attn/Add,rope,ocl::rope::opt___f16,1004,false,false,1,1,rope_opt__13889706310558783765__sa,gtpin_total_execution_cycles,827100,cycles,64,827100
n1_i5,5,1,5,performance,layers.*/self_attn,/model/layers.20/self_attn/Add_1,RoPE,RoPE,rope:/model/layers.20/self_attn/Add_1,rope:/model/layers.20/self_attn/Add_1,rope,ocl::rope::opt___f16,1005,false,false,1,1,rope_opt__6960924190377492479__sa,gtpin_total_execution_cycles,62082,cycles,8,62082
n1_i5,5,1,5,performance,layers.*/self_attn,/model/layers.20/self_attn/Expand,Broadcast,Broadcast,broadcast:/model/layers.20/self_attn/Expand,broadcast:/model/layers.20/self_attn/Expand,broadcast,broadcast_gpu_ref__f16,1017,false,false,1,1,broadcast_gpu_ref_6456514822857321615_0_0__sa,gtpin_total_execution_cycles,3601928,cycles,1024,3601928
n1_i5,5,1,5,performance,layers.*/self_attn,/model/layers.20/self_attn/Expand_1,Broadcast,Broadcast,broadcast:/model/layers.20/self_attn/Expand_1,broadcast:/model/layers.20/self_attn/Expand_1,broadcast,broadcast_gpu_ref__f16,1010,false,false,1,1,broadcast_gpu_ref_6456514822857321615_0_0__sa,gtpin_total_execution_cycles,4083524,cycles,1024,4083524
n1_i5,5,1,5,performance,layers.*/self_attn,/model/layers.20/self_attn/IsNaN,IsNaN,IsNaN,isnan:/model/layers.20/self_attn/IsNaN,isnan:/model/layers.20/self_attn/IsNaN,eltwise,generic_eltwise_ref__f16,1023,false,false,1,1,generic_eltwise_ref_1696504087421334661_0_0__sa,gtpin_total_execution_cycles,1270110,cycles,256,1270110
n1_i5,5,1,5,performance,layers.*/self_attn,/model/layers.20/self_attn/MatMul,Gemm,Gemm,gemm:/model/layers.20/self_attn/MatMul,gemm:/model/layers.20/self_attn/MatMul,gemm,gemm_tiled_opt__f16,1021,false,false,1,1,gemm_tiled_opt_7238579717421349067_1_0__sa,gtpin_total_execution_cycles,3739146,cycles,32,3739146
n1_i5,5,1,5,performance,layers.*/self_attn,/model/layers.20/self_attn/Mul_8,Multiply,Multiply,multiply:/model/layers.20/self_attn/Mul_8,multiply:/model/layers.20/self_attn/Mul_8,eltwise,generic_eltwise_ref__f16,1007,false,false,1,1,generic_eltwise_ref_7125964068740378811_0_0__sa,gtpin_total_execution_cycles,4675670,cycles,1024,4675670
n1_i5,5,1,5,performance,layers.*/self_attn,/model/layers.20/self_attn/Softmax,Softmax,Softmax,softmax:/model/layers.20/self_attn/Softmax,softmax:/model/layers.20/self_attn/Softmax,softmax,softmax_gpu_bf__f16,1022,false,false,1,1,softmax_gpu_bf_18392998524141771378_0_0__sa,gtpin_total_execution_cycles,8125582,cycles,512,8125582
n1_i5,5,1,5,performance,layers.*/self_attn,/model/layers.20/self_attn/Transpose_2,Transpose,Transpose,transpose:/model/layers.20/self_attn/Transpose_2,transpose:/model/layers.20/self_attn/Transpose_2,permute,permute_ref__f16,1003,false,false,1,1,permute_ref_653960189515371720_0_0__sa,gtpin_total_execution_cycles,503212,cycles,128,503212
n1_i5,5,1,5,performance,layers.*/self_attn,/model/layers.20/self_attn/Transpose_3,Transpose,Transpose,transpose:/model/layers.20/self_attn/Transpose_3,transpose:/model/layers.20/self_attn/Transpose_3,permute,permute_ref__f16,1020,false,false,1,1,permute_ref_17183202574580890641_0_0__sa,gtpin_total_execution_cycles,5361228,cycles,1024,5361228
n1_i5,5,1,5,performance,layers.*/self_attn,/model/layers.20/self_attn/Transpose_4,Gemm,Gemm,gemm:/model/layers.20/self_attn/Transpose_4,gemm:/model/layers.20/self_attn/Transpose_4,gemm,gemm_tiled_opt__f16,1025,false,false,1,1,gemm_tiled_opt_12829285813189929928_0_0__sa,gtpin_total_execution_cycles,1989818,cycles,64,1989818
n1_i5,5,1,5,performance,layers.*/self_attn,/model/layers.20/self_attn/Where_2,Select,Select,select:/model/layers.20/self_attn/Where_2,select:/model/layers.20/self_attn/Where_2,select,select_gpu_ref__u8,1018,false,false,1,1,select_gpu_ref_7464502897564813179_0_0__sa,gtpin_total_execution_cycles,36996,cycles,8,36996
n1_i5,5,1,5,performance,layers.*/self_attn,/model/layers.20/self_attn/Where_3,Select,Select,select:/model/layers.20/self_attn/Where_3,select:/model/layers.20/self_attn/Where_3,select,select_gpu_ref__u8,1024,false,false,1,1,select_gpu_ref_5609897181611433017_0_0__sa,gtpin_total_execution_cycles,1526560,cycles,256,1526560
n1_i5,5,1,5,performance,layers.*/self_attn,/model/layers.20/self_attn/k_proj/MatMul,FullyConnected,FullyConnected,fullyconnected:/model/layers.20/self_attn/k_proj/MatMul,fullyconnected:/model/layers.20/self_attn/k_proj/MatMul,fully_connected,fully_connected_gpu_bf_tiled__f16,999,false,false,1,1,fully_connected_gpu_bf_tiled_17963963101609895522_0_0,gtpin_total_execution_cycles,3680328,cycles,8,3680328
n1_i5,5,1,5,performance,layers.*/self_attn,/model/layers.20/self_attn/o_proj/MatMul,FullyConnected,FullyConnected,fullyconnected:/model/layers.20/self_attn/o_proj/MatMul,fullyconnected:/model/layers.20/self_attn/o_proj/MatMul,fully_connected,fully_connected_gpu_bf_tiled__f16,1027,false,false,1,1,fully_connected_gpu_bf_tiled_14284117615310227244_0_0,gtpin_total_execution_cycles,28135530,cycles,64,28135530
n1_i5,5,1,5,performance,layers.*/self_attn,/model/layers.20/self_attn/q_proj/MatMul,FullyConnected,FullyConnected,fullyconnected:/model/layers.20/self_attn/q_proj/MatMul,fullyconnected:/model/layers.20/self_attn/q_proj/MatMul,fully_connected,fully_connected_gpu_bf_tiled__f16,998,false,false,1,1,fully_connected_gpu_bf_tiled_5315586391497964380_0_0,gtpin_total_execution_cycles,28386694,cycles,64,28386694
n1_i5,5,1,5,performance,layers.*/self_attn,/model/layers.20/self_attn/v_proj/MatMul,FullyConnected,FullyConnected,fullyconnected:/model/layers.20/self_attn/v_proj/MatMul,fullyconnected:/model/layers.20/self_attn/v_proj/MatMul,fully_connected,fully_connected_gpu_bf_tiled__f16,997,false,false,1,1,fully_connected_gpu_bf_tiled_17963963101609895522_0_0,gtpin_total_execution_cycles,3464176,cycles,8,3464176
n1_i5,5,1,5,performance,layers.*/input_layernorm,/model/layers.21/input_layernorm/Mul,RMS,RMS,rms:/model/layers.21/input_layernorm/Mul,rms:/model/layers.21/input_layernorm/Mul,rms,rms_gpu_bfyx_opt__f16,1032,false,false,1,1,rms_gpu_bfyx_opt_10690270683970839748_0_0__sa,gtpin_total_execution_cycles,1613962,cycles,256,1613962
n1_i5,5,1,5,performance,layers.*/mlp,/model/layers.21/mlp/down_proj/MatMul,FullyConnected,FullyConnected,fullyconnected:/model/layers.21/mlp/down_proj/MatMul,fullyconnected:/model/layers.21/mlp/down_proj/MatMul,fully_connected,fully_connected_gpu_bf_tiled__f16,1067,false,false,1,1,fully_connected_gpu_bf_tiled_2727911967636154657_0_0,gtpin_total_execution_cycles,73303444,cycles,64,73303444
n1_i5,5,1,5,performance,layers.*/mlp,/model/layers.21/mlp/gate_proj/MatMul,FullyConnected,FullyConnected,fullyconnected:/model/layers.21/mlp/gate_proj/MatMul,fullyconnected:/model/layers.21/mlp/gate_proj/MatMul,fully_connected,fully_connected_gpu_bf_tiled__f16,1066,false,false,1,1,fully_connected_gpu_bf_tiled_9957149419786459120_0_0,gtpin_total_execution_cycles,98733804,cycles,176,98733804
n1_i5,5,1,5,performance,layers.*/mlp,/model/layers.21/mlp/up_proj/MatMul,FullyConnected,FullyConnected,fullyconnected:/model/layers.21/mlp/up_proj/MatMul,fullyconnected:/model/layers.21/mlp/up_proj/MatMul,fully_connected,fully_connected_gpu_bf_tiled__f16,1065,false,false,1,1,fully_connected_gpu_bf_tiled_2740906288179525049_0_0,gtpin_total_execution_cycles,87010732,cycles,176,87010732
n1_i5,5,1,5,performance,layers.*/post_attention_layernorm,/model/layers.21/post_attention_layernorm/Mul,RMS,RMS,rms:/model/layers.21/post_attention_layernorm/Mul,rms:/model/layers.21/post_attention_layernorm/Mul,rms,rms_gpu_bfyx_opt__f16,1064,false,false,1,1,rms_gpu_bfyx_opt_10690270683970839748_0_0__sa,gtpin_total_execution_cycles,1883202,cycles,256,1883202
n1_i5,5,1,5,performance,layers.*/self_attn,/model/layers.21/self_attn/Add,RoPE,RoPE,rope:/model/layers.21/self_attn/Add,rope:/model/layers.21/self_attn/Add,rope,ocl::rope::opt___f16,1040,false,false,1,1,rope_opt__13889706310558783765__sa,gtpin_total_execution_cycles,872906,cycles,64,872906
n1_i5,5,1,5,performance,layers.*/self_attn,/model/layers.21/self_attn/Add_1,RoPE,RoPE,rope:/model/layers.21/self_attn/Add_1,rope:/model/layers.21/self_attn/Add_1,rope,ocl::rope::opt___f16,1041,false,false,1,1,rope_opt__6960924190377492479__sa,gtpin_total_execution_cycles,72826,cycles,8,72826
n1_i5,5,1,5,performance,layers.*/self_attn,/model/layers.21/self_attn/Expand,Broadcast,Broadcast,broadcast:/model/layers.21/self_attn/Expand,broadcast:/model/layers.21/self_attn/Expand,broadcast,broadcast_gpu_ref__f16,1053,false,false,1,1,broadcast_gpu_ref_6456514822857321615_0_0__sa,gtpin_total_execution_cycles,6344816,cycles,1024,6344816
n1_i5,5,1,5,performance,layers.*/self_attn,/model/layers.21/self_attn/Expand_1,Broadcast,Broadcast,broadcast:/model/layers.21/self_attn/Expand_1,broadcast:/model/layers.21/self_attn/Expand_1,broadcast,broadcast_gpu_ref__f16,1046,false,false,1,1,broadcast_gpu_ref_6456514822857321615_0_0__sa,gtpin_total_execution_cycles,3998212,cycles,1024,3998212
n1_i5,5,1,5,performance,layers.*/self_attn,/model/layers.21/self_attn/IsNaN,IsNaN,IsNaN,isnan:/model/layers.21/self_attn/IsNaN,isnan:/model/layers.21/self_attn/IsNaN,eltwise,generic_eltwise_ref__f16,1059,false,false,1,1,generic_eltwise_ref_1696504087421334661_0_0__sa,gtpin_total_execution_cycles,1221568,cycles,256,1221568
n1_i5,5,1,5,performance,layers.*/self_attn,/model/layers.21/self_attn/MatMul,Gemm,Gemm,gemm:/model/layers.21/self_attn/MatMul,gemm:/model/layers.21/self_attn/MatMul,gemm,gemm_tiled_opt__f16,1057,false,false,1,1,gemm_tiled_opt_7238579717421349067_1_0__sa,gtpin_total_execution_cycles,3404386,cycles,32,3404386
n1_i5,5,1,5,performance,layers.*/self_attn,/model/layers.21/self_attn/Mul_8,Multiply,Multiply,multiply:/model/layers.21/self_attn/Mul_8,multiply:/model/layers.21/self_attn/Mul_8,eltwise,generic_eltwise_ref__f16,1043,false,false,1,1,generic_eltwise_ref_7125964068740378811_0_0__sa,gtpin_total_execution_cycles,4827100,cycles,1024,4827100
n1_i5,5,1,5,performance,layers.*/self_attn,/model/layers.21/self_attn/Softmax,Softmax,Softmax,softmax:/model/layers.21/self_attn/Softmax,softmax:/model/layers.21/self_attn/Softmax,softmax,softmax_gpu_bf__f16,1058,false,false,1,1,softmax_gpu_bf_18392998524141771378_0_0__sa,gtpin_total_execution_cycles,8071116,cycles,512,8071116
n1_i5,5,1,5,performance,layers.*/self_attn,/model/layers.21/self_attn/Transpose_2,Transpose,Transpose,transpose:/model/layers.21/self_attn/Transpose_2,transpose:/model/layers.21/self_attn/Transpose_2,permute,permute_ref__f16,1039,false,false,1,1,permute_ref_653960189515371720_0_0__sa,gtpin_total_execution_cycles,490596,cycles,128,490596
n1_i5,5,1,5,performance,layers.*/self_attn,/model/layers.21/self_attn/Transpose_3,Transpose,Transpose,transpose:/model/layers.21/self_attn/Transpose_3,transpose:/model/layers.21/self_attn/Transpose_3,permute,permute_ref__f16,1056,false,false,1,1,permute_ref_17183202574580890641_0_0__sa,gtpin_total_execution_cycles,5536092,cycles,1024,5536092
n1_i5,5,1,5,performance,layers.*/self_attn,/model/layers.21/self_attn/Transpose_4,Gemm,Gemm,gemm:/model/layers.21/self_attn/Transpose_4,gemm:/model/layers.21/self_attn/Transpose_4,gemm,gemm_tiled_opt__f16,1061,false,false,1,1,gemm_tiled_opt_12829285813189929928_0_0__sa,gtpin_total_execution_cycles,2041690,cycles,64,2041690
n1_i5,5,1,5,performance,layers.*/self_attn,/model/layers.21/self_attn/Where_2,Select,Select,select:/model/layers.21/self_attn/Where_2,select:/model/layers.21/self_attn/Where_2,select,select_gpu_ref__u8,1054,false,false,1,1,select_gpu_ref_7464502897564813179_0_0__sa,gtpin_total_execution_cycles,35872,cycles,8,35872
n1_i5,5,1,5,performance,layers.*/self_attn,/model/layers.21/self_attn/Where_3,Select,Select,select:/model/layers.21/self_attn/Where_3,select:/model/layers.21/self_attn/Where_3,select,select_gpu_ref__u8,1060,false,false,1,1,select_gpu_ref_5609897181611433017_0_0__sa,gtpin_total_execution_cycles,1533646,cycles,256,1533646
n1_i5,5,1,5,performance,layers.*/self_attn,/model/layers.21/self_attn/k_proj/MatMul,FullyConnected,FullyConnected,fullyconnected:/model/layers.21/self_attn/k_proj/MatMul,fullyconnected:/model/layers.21/self_attn/k_proj/MatMul,fully_connected,fully_connected_gpu_bf_tiled__f16,1035,false,false,1,1,fully_connected_gpu_bf_tiled_17963963101609895522_0_0,gtpin_total_execution_cycles,3607814,cycles,8,3607814
n1_i5,5,1,5,performance,layers.*/self_attn,/model/layers.21/self_attn/o_proj/MatMul,FullyConnected,FullyConnected,fullyconnected:/model/layers.21/self_attn/o_proj/MatMul,fullyconnected:/model/layers.21/self_attn/o_proj/MatMul,fully_connected,fully_connected_gpu_bf_tiled__f16,1063,false,false,1,1,fully_connected_gpu_bf_tiled_14284117615310227244_0_0,gtpin_total_execution_cycles,27405854,cycles,64,27405854
n1_i5,5,1,5,performance,layers.*/self_attn,/model/layers.21/self_attn/q_proj/MatMul,FullyConnected,FullyConnected,fullyconnected:/model/layers.21/self_attn/q_proj/MatMul,fullyconnected:/model/layers.21/self_attn/q_proj/MatMul,fully_connected,fully_connected_gpu_bf_tiled__f16,1034,false,false,1,1,fully_connected_gpu_bf_tiled_5315586391497964380_0_0,gtpin_total_execution_cycles,27915640,cycles,64,27915640
n1_i5,5,1,5,performance,layers.*/self_attn,/model/layers.21/self_attn/v_proj/MatMul,FullyConnected,FullyConnected,fullyconnected:/model/layers.21/self_attn/v_proj/MatMul,fullyconnected:/model/layers.21/self_attn/v_proj/MatMul,fully_connected,fully_connected_gpu_bf_tiled__f16,1033,false,false,1,1,fully_connected_gpu_bf_tiled_17963963101609895522_0_0,gtpin_total_execution_cycles,3398528,cycles,8,3398528
n1_i5,5,1,5,performance,layers.*/input_layernorm,/model/layers.3/input_layernorm/Mul,RMS,RMS,rms:/model/layers.3/input_layernorm/Mul,rms:/model/layers.3/input_layernorm/Mul,rms,rms_gpu_bfyx_opt__f16,384,false,false,1,1,rms_gpu_bfyx_opt_10690270683970839748_0_0__sa,gtpin_total_execution_cycles,2247454,cycles,256,2247454
n1_i5,5,1,5,performance,layers.*/mlp,/model/layers.3/mlp/down_proj/MatMul,FullyConnected,FullyConnected,fullyconnected:/model/layers.3/mlp/down_proj/MatMul,fullyconnected:/model/layers.3/mlp/down_proj/MatMul,fully_connected,fully_connected_gpu_bf_tiled__f16,419,false,false,1,1,fully_connected_gpu_bf_tiled_2727911967636154657_0_0,gtpin_total_execution_cycles,74954884,cycles,64,74954884
n1_i5,5,1,5,performance,layers.*/mlp,/model/layers.3/mlp/gate_proj/MatMul,FullyConnected,FullyConnected,fullyconnected:/model/layers.3/mlp/gate_proj/MatMul,fullyconnected:/model/layers.3/mlp/gate_proj/MatMul,fully_connected,fully_connected_gpu_bf_tiled__f16,418,false,false,1,1,fully_connected_gpu_bf_tiled_9957149419786459120_0_0,gtpin_total_execution_cycles,111837820,cycles,176,111837820
n1_i5,5,1,5,performance,layers.*/mlp,/model/layers.3/mlp/up_proj/MatMul,FullyConnected,FullyConnected,fullyconnected:/model/layers.3/mlp/up_proj/MatMul,fullyconnected:/model/layers.3/mlp/up_proj/MatMul,fully_connected,fully_connected_gpu_bf_tiled__f16,417,false,false,1,1,fully_connected_gpu_bf_tiled_2740906288179525049_0_0,gtpin_total_execution_cycles,118769368,cycles,176,118769368
n1_i5,5,1,5,performance,layers.*/post_attention_layernorm,/model/layers.3/post_attention_layernorm/Mul,RMS,RMS,rms:/model/layers.3/post_attention_layernorm/Mul,rms:/model/layers.3/post_attention_layernorm/Mul,rms,rms_gpu_bfyx_opt__f16,416,false,false,1,1,rms_gpu_bfyx_opt_10690270683970839748_0_0__sa,gtpin_total_execution_cycles,2114750,cycles,256,2114750
n1_i5,5,1,5,performance,layers.*/self_attn,/model/layers.3/self_attn/Add,RoPE,RoPE,rope:/model/layers.3/self_attn/Add,rope:/model/layers.3/self_attn/Add,rope,ocl::rope::opt___f16,392,false,false,1,1,rope_opt__13889706310558783765__sa,gtpin_total_execution_cycles,922130,cycles,64,922130
n1_i5,5,1,5,performance,layers.*/self_attn,/model/layers.3/self_attn/Add_1,RoPE,RoPE,rope:/model/layers.3/self_attn/Add_1,rope:/model/layers.3/self_attn/Add_1,rope,ocl::rope::opt___f16,393,false,false,1,1,rope_opt__6960924190377492479__sa,gtpin_total_execution_cycles,65720,cycles,8,65720
n1_i5,5,1,5,performance,layers.*/self_attn,/model/layers.3/self_attn/Expand,Broadcast,Broadcast,broadcast:/model/layers.3/self_attn/Expand,broadcast:/model/layers.3/self_attn/Expand,broadcast,broadcast_gpu_ref__f16,405,false,false,1,1,broadcast_gpu_ref_6456514822857321615_0_0__sa,gtpin_total_execution_cycles,3993564,cycles,1024,3993564
n1_i5,5,1,5,performance,layers.*/self_attn,/model/layers.3/self_attn/Expand_1,Broadcast,Broadcast,broadcast:/model/layers.3/self_attn/Expand_1,broadcast:/model/layers.3/self_attn/Expand_1,broadcast,broadcast_gpu_ref__f16,398,false,false,1,1,broadcast_gpu_ref_6456514822857321615_0_0__sa,gtpin_total_execution_cycles,4700238,cycles,1024,4700238
n1_i5,5,1,5,performance,layers.*/self_attn,/model/layers.3/self_attn/IsNaN,IsNaN,IsNaN,isnan:/model/layers.3/self_attn/IsNaN,isnan:/model/layers.3/self_attn/IsNaN,eltwise,generic_eltwise_ref__f16,411,false,false,1,1,generic_eltwise_ref_1696504087421334661_0_0__sa,gtpin_total_execution_cycles,1208644,cycles,256,1208644
n1_i5,5,1,5,performance,layers.*/self_attn,/model/layers.3/self_attn/MatMul,Gemm,Gemm,gemm:/model/layers.3/self_attn/MatMul,gemm:/model/layers.3/self_attn/MatMul,gemm,gemm_tiled_opt__f16,409,false,false,1,1,gemm_tiled_opt_7238579717421349067_1_0__sa,gtpin_total_execution_cycles,3384486,cycles,32,3384486
n1_i5,5,1,5,performance,layers.*/self_attn,/model/layers.3/self_attn/Mul_8,Multiply,Multiply,multiply:/model/layers.3/self_attn/Mul_8,multiply:/model/layers.3/self_attn/Mul_8,eltwise,generic_eltwise_ref__f16,395,false,false,1,1,generic_eltwise_ref_7125964068740378811_0_0__sa,gtpin_total_execution_cycles,5524738,cycles,1024,5524738
n1_i5,5,1,5,performance,layers.*/self_attn,/model/layers.3/self_attn/Softmax,Softmax,Softmax,softmax:/model/layers.3/self_attn/Softmax,softmax:/model/layers.3/self_attn/Softmax,softmax,softmax_gpu_bf__f16,410,false,false,1,1,softmax_gpu_bf_18392998524141771378_0_0__sa,gtpin_total_execution_cycles,8002217,cycles,512,8002217
n1_i5,5,1,5,performance,layers.*/self_attn,/model/layers.3/self_attn/Transpose_2,Transpose,Transpose,transpose:/model/layers.3/self_attn/Transpose_2,transpose:/model/layers.3/self_attn/Transpose_2,permute,permute_ref__f16,391,false,false,1,1,permute_ref_653960189515371720_0_0__sa,gtpin_total_execution_cycles,500012,cycles,128,500012
n1_i5,5,1,5,performance,layers.*/self_attn,/model/layers.3/self_attn/Transpose_3,Transpose,Transpose,transpose:/model/layers.3/self_attn/Transpose_3,transpose:/model/layers.3/self_attn/Transpose_3,permute,permute_ref__f16,408,false,false,1,1,permute_ref_17183202574580890641_0_0__sa,gtpin_total_execution_cycles,5083552,cycles,1024,5083552
n1_i5,5,1,5,performance,layers.*/self_attn,/model/layers.3/self_attn/Transpose_4,Gemm,Gemm,gemm:/model/layers.3/self_attn/Transpose_4,gemm:/model/layers.3/self_attn/Transpose_4,gemm,gemm_tiled_opt__f16,413,false,false,1,1,gemm_tiled_opt_12829285813189929928_0_0__sa,gtpin_total_execution_cycles,2164548,cycles,64,2164548
n1_i5,5,1,5,performance,layers.*/self_attn,/model/layers.3/self_attn/Where_2,Select,Select,select:/model/layers.3/self_attn/Where_2,select:/model/layers.3/self_attn/Where_2,select,select_gpu_ref__u8,406,false,false,1,1,select_gpu_ref_7464502897564813179_0_0__sa,gtpin_total_execution_cycles,39768,cycles,8,39768
n1_i5,5,1,5,performance,layers.*/self_attn,/model/layers.3/self_attn/Where_3,Select,Select,select:/model/layers.3/self_attn/Where_3,select:/model/layers.3/self_attn/Where_3,select,select_gpu_ref__u8,412,false,false,1,1,select_gpu_ref_5609897181611433017_0_0__sa,gtpin_total_execution_cycles,1409860,cycles,256,1409860
n1_i5,5,1,5,performance,layers.*/self_attn,/model/layers.3/self_attn/k_proj/MatMul,FullyConnected,FullyConnected,fullyconnected:/model/layers.3/self_attn/k_proj/MatMul,fullyconnected:/model/layers.3/self_attn/k_proj/MatMul,fully_connected,fully_connected_gpu_bf_tiled__f16,387,false,false,1,1,fully_connected_gpu_bf_tiled_17963963101609895522_0_0,gtpin_total_execution_cycles,3655142,cycles,8,3655142
n1_i5,5,1,5,performance,layers.*/self_attn,/model/layers.3/self_attn/o_proj/MatMul,FullyConnected,FullyConnected,fullyconnected:/model/layers.3/self_attn/o_proj/MatMul,fullyconnected:/model/layers.3/self_attn/o_proj/MatMul,fully_connected,fully_connected_gpu_bf_tiled__f16,415,false,false,1,1,fully_connected_gpu_bf_tiled_14284117615310227244_0_0,gtpin_total_execution_cycles,28556514,cycles,64,28556514
n1_i5,5,1,5,performance,layers.*/self_attn,/model/layers.3/self_attn/q_proj/MatMul,FullyConnected,FullyConnected,fullyconnected:/model/layers.3/self_attn/q_proj/MatMul,fullyconnected:/model/layers.3/self_attn/q_proj/MatMul,fully_connected,fully_connected_gpu_bf_tiled__f16,386,false,false,1,1,fully_connected_gpu_bf_tiled_5315586391497964380_0_0,gtpin_total_execution_cycles,28353978,cycles,64,28353978
n1_i5,5,1,5,performance,layers.*/self_attn,/model/layers.3/self_attn/v_proj/MatMul,FullyConnected,FullyConnected,fullyconnected:/model/layers.3/self_attn/v_proj/MatMul,fullyconnected:/model/layers.3/self_attn/v_proj/MatMul,fully_connected,fully_connected_gpu_bf_tiled__f16,385,false,false,1,1,fully_connected_gpu_bf_tiled_17963963101609895522_0_0,gtpin_total_execution_cycles,3458364,cycles,8,3458364
n1_i5,5,1,5,performance,layers.*/input_layernorm,/model/layers.4/input_layernorm/Mul,RMS,RMS,rms:/model/layers.4/input_layernorm/Mul,rms:/model/layers.4/input_layernorm/Mul,rms,rms_gpu_bfyx_opt__f16,420,false,false,1,1,rms_gpu_bfyx_opt_10690270683970839748_0_0__sa,gtpin_total_execution_cycles,1603274,cycles,256,1603274
n1_i5,5,1,5,performance,layers.*/mlp,/model/layers.4/mlp/down_proj/MatMul,FullyConnected,FullyConnected,fullyconnected:/model/layers.4/mlp/down_proj/MatMul,fullyconnected:/model/layers.4/mlp/down_proj/MatMul,fully_connected,fully_connected_gpu_bf_tiled__f16,455,false,false,1,1,fully_connected_gpu_bf_tiled_2727911967636154657_0_0,gtpin_total_execution_cycles,76250798,cycles,64,76250798
n1_i5,5,1,5,performance,layers.*/mlp,/model/layers.4/mlp/gate_proj/MatMul,FullyConnected,FullyConnected,fullyconnected:/model/layers.4/mlp/gate_proj/MatMul,fullyconnected:/model/layers.4/mlp/gate_proj/MatMul,fully_connected,fully_connected_gpu_bf_tiled__f16,454,false,false,1,1,fully_connected_gpu_bf_tiled_9957149419786459120_0_0,gtpin_total_execution_cycles,118392484,cycles,176,118392484
n1_i5,5,1,5,performance,layers.*/mlp,/model/layers.4/mlp/up_proj/MatMul,FullyConnected,FullyConnected,fullyconnected:/model/layers.4/mlp/up_proj/MatMul,fullyconnected:/model/layers.4/mlp/up_proj/MatMul,fully_connected,fully_connected_gpu_bf_tiled__f16,453,false,false,1,1,fully_connected_gpu_bf_tiled_2740906288179525049_0_0,gtpin_total_execution_cycles,110207806,cycles,176,110207806
n1_i5,5,1,5,performance,layers.*/post_attention_layernorm,/model/layers.4/post_attention_layernorm/Mul,RMS,RMS,rms:/model/layers.4/post_attention_layernorm/Mul,rms:/model/layers.4/post_attention_layernorm/Mul,rms,rms_gpu_bfyx_opt__f16,452,false,false,1,1,rms_gpu_bfyx_opt_10690270683970839748_0_0__sa,gtpin_total_execution_cycles,1903102,cycles,256,1903102
n1_i5,5,1,5,performance,layers.*/self_attn,/model/layers.4/self_attn/Add,RoPE,RoPE,rope:/model/layers.4/self_attn/Add,rope:/model/layers.4/self_attn/Add,rope,ocl::rope::opt___f16,428,false,false,1,1,rope_opt__13889706310558783765__sa,gtpin_total_execution_cycles,836498,cycles,64,836498
n1_i5,5,1,5,performance,layers.*/self_attn,/model/layers.4/self_attn/Add_1,RoPE,RoPE,rope:/model/layers.4/self_attn/Add_1,rope:/model/layers.4/self_attn/Add_1,rope,ocl::rope::opt___f16,429,false,false,1,1,rope_opt__6960924190377492479__sa,gtpin_total_execution_cycles,58992,cycles,8,58992
n1_i5,5,1,5,performance,layers.*/self_attn,/model/layers.4/self_attn/Expand,Broadcast,Broadcast,broadcast:/model/layers.4/self_attn/Expand,broadcast:/model/layers.4/self_attn/Expand,broadcast,broadcast_gpu_ref__f16,441,false,false,1,1,broadcast_gpu_ref_6456514822857321615_0_0__sa,gtpin_total_execution_cycles,3849218,cycles,1024,3849218
n1_i5,5,1,5,performance,layers.*/self_attn,/model/layers.4/self_attn/Expand_1,Broadcast,Broadcast,broadcast:/model/layers.4/self_attn/Expand_1,broadcast:/model/layers.4/self_attn/Expand_1,broadcast,broadcast_gpu_ref__f16,434,false,false,1,1,broadcast_gpu_ref_6456514822857321615_0_0__sa,gtpin_total_execution_cycles,4370566,cycles,1024,4370566
n1_i5,5,1,5,performance,layers.*/self_attn,/model/layers.4/self_attn/IsNaN,IsNaN,IsNaN,isnan:/model/layers.4/self_attn/IsNaN,isnan:/model/layers.4/self_attn/IsNaN,eltwise,generic_eltwise_ref__f16,447,false,false,1,1,generic_eltwise_ref_1696504087421334661_0_0__sa,gtpin_total_execution_cycles,1111116,cycles,256,1111116
n1_i5,5,1,5,performance,layers.*/self_attn,/model/layers.4/self_attn/MatMul,Gemm,Gemm,gemm:/model/layers.4/self_attn/MatMul,gemm:/model/layers.4/self_attn/MatMul,gemm,gemm_tiled_opt__f16,445,false,false,1,1,gemm_tiled_opt_7238579717421349067_1_0__sa,gtpin_total_execution_cycles,3654272,cycles,32,3654272
n1_i5,5,1,5,performance,layers.*/self_attn,/model/layers.4/self_attn/Mul_8,Multiply,Multiply,multiply:/model/layers.4/self_attn/Mul_8,multiply:/model/layers.4/self_attn/Mul_8,eltwise,generic_eltwise_ref__f16,431,false,false,1,1,generic_eltwise_ref_7125964068740378811_0_0__sa,gtpin_total_execution_cycles,4910186,cycles,1024,4910186
n1_i5,5,1,5,performance,layers.*/self_attn,/model/layers.4/self_attn/Softmax,Softmax,Softmax,softmax:/model/layers.4/self_attn/Softmax,softmax:/model/layers.4/self_attn/Softmax,softmax,softmax_gpu_bf__f16,446,false,false,1,1,softmax_gpu_bf_18392998524141771378_0_0__sa,gtpin_total_execution_cycles,8910441,cycles,512,8910441
n1_i5,5,1,5,performance,layers.*/self_attn,/model/layers.4/self_attn/Transpose_2,Transpose,Transpose,transpose:/model/layers.4/self_attn/Transpose_2,transpose:/model/layers.4/self_attn/Transpose_2,permute,permute_ref__f16,427,false,false,1,1,permute_ref_653960189515371720_0_0__sa,gtpin_total_execution_cycles,467454,cycles,128,467454
n1_i5,5,1,5,performance,layers.*/self_attn,/model/layers.4/self_attn/Transpose_3,Transpose,Transpose,transpose:/model/layers.4/self_attn/Transpose_3,transpose:/model/layers.4/self_attn/Transpose_3,permute,permute_ref__f16,444,false,false,1,1,permute_ref_17183202574580890641_0_0__sa,gtpin_total_execution_cycles,5131540,cycles,1024,5131540
n1_i5,5,1,5,performance,layers.*/self_attn,/model/layers.4/self_attn/Transpose_4,Gemm,Gemm,gemm:/model/layers.4/self_attn/Transpose_4,gemm:/model/layers.4/self_attn/Transpose_4,gemm,gemm_tiled_opt__f16,449,false,false,1,1,gemm_tiled_opt_12829285813189929928_0_0__sa,gtpin_total_execution_cycles,1979826,cycles,64,1979826
n1_i5,5,1,5,performance,layers.*/self_attn,/model/layers.4/self_attn/Where_2,Select,Select,select:/model/layers.4/self_attn/Where_2,select:/model/layers.4/self_attn/Where_2,select,select_gpu_ref__u8,442,false,false,1,1,select_gpu_ref_7464502897564813179_0_0__sa,gtpin_total_execution_cycles,40908,cycles,8,40908
n1_i5,5,1,5,performance,layers.*/self_attn,/model/layers.4/self_attn/Where_3,Select,Select,select:/model/layers.4/self_attn/Where_3,select:/model/layers.4/self_attn/Where_3,select,select_gpu_ref__u8,448,false,false,1,1,select_gpu_ref_5609897181611433017_0_0__sa,gtpin_total_execution_cycles,1468046,cycles,256,1468046
n1_i5,5,1,5,performance,layers.*/self_attn,/model/layers.4/self_attn/k_proj/MatMul,FullyConnected,FullyConnected,fullyconnected:/model/layers.4/self_attn/k_proj/MatMul,fullyconnected:/model/layers.4/self_attn/k_proj/MatMul,fully_connected,fully_connected_gpu_bf_tiled__f16,423,false,false,1,1,fully_connected_gpu_bf_tiled_17963963101609895522_0_0,gtpin_total_execution_cycles,3731764,cycles,8,3731764
n1_i5,5,1,5,performance,layers.*/self_attn,/model/layers.4/self_attn/o_proj/MatMul,FullyConnected,FullyConnected,fullyconnected:/model/layers.4/self_attn/o_proj/MatMul,fullyconnected:/model/layers.4/self_attn/o_proj/MatMul,fully_connected,fully_connected_gpu_bf_tiled__f16,451,false,false,1,1,fully_connected_gpu_bf_tiled_14284117615310227244_0_0,gtpin_total_execution_cycles,28886544,cycles,64,28886544
n1_i5,5,1,5,performance,layers.*/self_attn,/model/layers.4/self_attn/q_proj/MatMul,FullyConnected,FullyConnected,fullyconnected:/model/layers.4/self_attn/q_proj/MatMul,fullyconnected:/model/layers.4/self_attn/q_proj/MatMul,fully_connected,fully_connected_gpu_bf_tiled__f16,422,false,false,1,1,fully_connected_gpu_bf_tiled_5315586391497964380_0_0,gtpin_total_execution_cycles,28995550,cycles,64,28995550
n1_i5,5,1,5,performance,layers.*/self_attn,/model/layers.4/self_attn/v_proj/MatMul,FullyConnected,FullyConnected,fullyconnected:/model/layers.4/self_attn/v_proj/MatMul,fullyconnected:/model/layers.4/self_attn/v_proj/MatMul,fully_connected,fully_connected_gpu_bf_tiled__f16,421,false,false,1,1,fully_connected_gpu_bf_tiled_17963963101609895522_0_0,gtpin_total_execution_cycles,3541492,cycles,8,3541492
n1_i5,5,1,5,performance,layers.*/input_layernorm,/model/layers.5/input_layernorm/Mul,RMS,RMS,rms:/model/layers.5/input_layernorm/Mul,rms:/model/layers.5/input_layernorm/Mul,rms,rms_gpu_bfyx_opt__f16,456,false,false,1,1,rms_gpu_bfyx_opt_10690270683970839748_0_0__sa,gtpin_total_execution_cycles,1556962,cycles,256,1556962
n1_i5,5,1,5,performance,layers.*/mlp,/model/layers.5/mlp/down_proj/MatMul,FullyConnected,FullyConnected,fullyconnected:/model/layers.5/mlp/down_proj/MatMul,fullyconnected:/model/layers.5/mlp/down_proj/MatMul,fully_connected,fully_connected_gpu_bf_tiled__f16,491,false,false,1,1,fully_connected_gpu_bf_tiled_2727911967636154657_0_0,gtpin_total_execution_cycles,74753048,cycles,64,74753048
n1_i5,5,1,5,performance,layers.*/mlp,/model/layers.5/mlp/gate_proj/MatMul,FullyConnected,FullyConnected,fullyconnected:/model/layers.5/mlp/gate_proj/MatMul,fullyconnected:/model/layers.5/mlp/gate_proj/MatMul,fully_connected,fully_connected_gpu_bf_tiled__f16,490,false,false,1,1,fully_connected_gpu_bf_tiled_9957149419786459120_0_0,gtpin_total_execution_cycles,107549166,cycles,176,107549166
n1_i5,5,1,5,performance,layers.*/mlp,/model/layers.5/mlp/up_proj/MatMul,FullyConnected,FullyConnected,fullyconnected:/model/layers.5/mlp/up_proj/MatMul,fullyconnected:/model/layers.5/mlp/up_proj/MatMul,fully_connected,fully_connected_gpu_bf_tiled__f16,489,false,false,1,1,fully_connected_gpu_bf_tiled_2740906288179525049_0_0,gtpin_total_execution_cycles,91641930,cycles,176,91641930
n1_i5,5,1,5,performance,layers.*/post_attention_layernorm,/model/layers.5/post_attention_layernorm/Mul,RMS,RMS,rms:/model/layers.5/post_attention_layernorm/Mul,rms:/model/layers.5/post_attention_layernorm/Mul,rms,rms_gpu_bfyx_opt__f16,488,false,false,1,1,rms_gpu_bfyx_opt_10690270683970839748_0_0__sa,gtpin_total_execution_cycles,1856680,cycles,256,1856680
n1_i5,5,1,5,performance,layers.*/self_attn,/model/layers.5/self_attn/Add,RoPE,RoPE,rope:/model/layers.5/self_attn/Add,rope:/model/layers.5/self_attn/Add,rope,ocl::rope::opt___f16,464,false,false,1,1,rope_opt__13889706310558783765__sa,gtpin_total_execution_cycles,869060,cycles,64,869060
n1_i5,5,1,5,performance,layers.*/self_attn,/model/layers.5/self_attn/Add_1,RoPE,RoPE,rope:/model/layers.5/self_attn/Add_1,rope:/model/layers.5/self_attn/Add_1,rope,ocl::rope::opt___f16,465,false,false,1,1,rope_opt__6960924190377492479__sa,gtpin_total_execution_cycles,62938,cycles,8,62938
n1_i5,5,1,5,performance,layers.*/self_attn,/model/layers.5/self_attn/Expand,Broadcast,Broadcast,broadcast:/model/layers.5/self_attn/Expand,broadcast:/model/layers.5/self_attn/Expand,broadcast,broadcast_gpu_ref__f16,477,false,false,1,1,broadcast_gpu_ref_6456514822857321615_0_0__sa,gtpin_total_execution_cycles,5288522,cycles,1024,5288522
n1_i5,5,1,5,performance,layers.*/self_attn,/model/layers.5/self_attn/Expand_1,Broadcast,Broadcast,broadcast:/model/layers.5/self_attn/Expand_1,broadcast:/model/layers.5/self_attn/Expand_1,broadcast,broadcast_gpu_ref__f16,470,false,false,1,1,broadcast_gpu_ref_6456514822857321615_0_0__sa,gtpin_total_execution_cycles,3927460,cycles,1024,3927460
n1_i5,5,1,5,performance,layers.*/self_attn,/model/layers.5/self_attn/IsNaN,IsNaN,IsNaN,isnan:/model/layers.5/self_attn/IsNaN,isnan:/model/layers.5/self_attn/IsNaN,eltwise,generic_eltwise_ref__f16,483,false,false,1,1,generic_eltwise_ref_1696504087421334661_0_0__sa,gtpin_total_execution_cycles,1178694,cycles,256,1178694
n1_i5,5,1,5,performance,layers.*/self_attn,/model/layers.5/self_attn/MatMul,Gemm,Gemm,gemm:/model/layers.5/self_attn/MatMul,gemm:/model/layers.5/self_attn/MatMul,gemm,gemm_tiled_opt__f16,481,false,false,1,1,gemm_tiled_opt_7238579717421349067_1_0__sa,gtpin_total_execution_cycles,3487756,cycles,32,3487756
n1_i5,5,1,5,performance,layers.*/self_attn,/model/layers.5/self_attn/Mul_8,Multiply,Multiply,multiply:/model/layers.5/self_attn/Mul_8,multiply:/model/layers.5/self_attn/Mul_8,eltwise,generic_eltwise_ref__f16,467,false,false,1,1,generic_eltwise_ref_7125964068740378811_0_0__sa,gtpin_total_execution_cycles,4619328,cycles,1024,4619328
n1_i5,5,1,5,performance,layers.*/self_attn,/model/layers.5/self_attn/Softmax,Softmax,Softmax,softmax:/model/layers.5/self_attn/Softmax,softmax:/model/layers.5/self_attn/Softmax,softmax,softmax_gpu_bf__f16,482,false,false,1,1,softmax_gpu_bf_18392998524141771378_0_0__sa,gtpin_total_execution_cycles,7996950,cycles,512,7996950
n1_i5,5,1,5,performance,layers.*/self_attn,/model/layers.5/self_attn/Transpose_2,Transpose,Transpose,transpose:/model/layers.5/self_attn/Transpose_2,transpose:/model/layers.5/self_attn/Transpose_2,permute,permute_ref__f16,463,false,false,1,1,permute_ref_653960189515371720_0_0__sa,gtpin_total_execution_cycles,474546,cycles,128,474546
n1_i5,5,1,5,performance,layers.*/self_attn,/model/layers.5/self_attn/Transpose_3,Transpose,Transpose,transpose:/model/layers.5/self_attn/Transpose_3,transpose:/model/layers.5/self_attn/Transpose_3,permute,permute_ref__f16,480,false,false,1,1,permute_ref_17183202574580890641_0_0__sa,gtpin_total_execution_cycles,5335456,cycles,1024,5335456
n1_i5,5,1,5,performance,layers.*/self_attn,/model/layers.5/self_attn/Transpose_4,Gemm,Gemm,gemm:/model/layers.5/self_attn/Transpose_4,gemm:/model/layers.5/self_attn/Transpose_4,gemm,gemm_tiled_opt__f16,485,false,false,1,1,gemm_tiled_opt_12829285813189929928_0_0__sa,gtpin_total_execution_cycles,1959738,cycles,64,1959738
n1_i5,5,1,5,performance,layers.*/self_attn,/model/layers.5/self_attn/Where_2,Select,Select,select:/model/layers.5/self_attn/Where_2,select:/model/layers.5/self_attn/Where_2,select,select_gpu_ref__u8,478,false,false,1,1,select_gpu_ref_7464502897564813179_0_0__sa,gtpin_total_execution_cycles,38124,cycles,8,38124
n1_i5,5,1,5,performance,layers.*/self_attn,/model/layers.5/self_attn/Where_3,Select,Select,select:/model/layers.5/self_attn/Where_3,select:/model/layers.5/self_attn/Where_3,select,select_gpu_ref__u8,484,false,false,1,1,select_gpu_ref_5609897181611433017_0_0__sa,gtpin_total_execution_cycles,1307402,cycles,256,1307402
n1_i5,5,1,5,performance,layers.*/self_attn,/model/layers.5/self_attn/k_proj/MatMul,FullyConnected,FullyConnected,fullyconnected:/model/layers.5/self_attn/k_proj/MatMul,fullyconnected:/model/layers.5/self_attn/k_proj/MatMul,fully_connected,fully_connected_gpu_bf_tiled__f16,459,false,false,1,1,fully_connected_gpu_bf_tiled_17963963101609895522_0_0,gtpin_total_execution_cycles,3192116,cycles,8,3192116
n1_i5,5,1,5,performance,layers.*/self_attn,/model/layers.5/self_attn/o_proj/MatMul,FullyConnected,FullyConnected,fullyconnected:/model/layers.5/self_attn/o_proj/MatMul,fullyconnected:/model/layers.5/self_attn/o_proj/MatMul,fully_connected,fully_connected_gpu_bf_tiled__f16,487,false,false,1,1,fully_connected_gpu_bf_tiled_14284117615310227244_0_0,gtpin_total_execution_cycles,27879768,cycles,64,27879768
n1_i5,5,1,5,performance,layers.*/self_attn,/model/layers.5/self_attn/q_proj/MatMul,FullyConnected,FullyConnected,fullyconnected:/model/layers.5/self_attn/q_proj/MatMul,fullyconnected:/model/layers.5/self_attn/q_proj/MatMul,fully_connected,fully_connected_gpu_bf_tiled__f16,458,false,false,1,1,fully_connected_gpu_bf_tiled_5315586391497964380_0_0,gtpin_total_execution_cycles,28828736,cycles,64,28828736
n1_i5,5,1,5,performance,layers.*/self_attn,/model/layers.5/self_attn/v_proj/MatMul,FullyConnected,FullyConnected,fullyconnected:/model/layers.5/self_attn/v_proj/MatMul,fullyconnected:/model/layers.5/self_attn/v_proj/MatMul,fully_connected,fully_connected_gpu_bf_tiled__f16,457,false,false,1,1,fully_connected_gpu_bf_tiled_17963963101609895522_0_0,gtpin_total_execution_cycles,3504410,cycles,8,3504410
n1_i5,5,1,5,performance,layers.*/input_layernorm,/model/layers.6/input_layernorm/Mul,RMS,RMS,rms:/model/layers.6/input_layernorm/Mul,rms:/model/layers.6/input_layernorm/Mul,rms,rms_gpu_bfyx_opt__f16,492,false,false,1,1,rms_gpu_bfyx_opt_10690270683970839748_0_0__sa,gtpin_total_execution_cycles,1544086,cycles,256,1544086
n1_i5,5,1,5,performance,layers.*/mlp,/model/layers.6/mlp/down_proj/MatMul,FullyConnected,FullyConnected,fullyconnected:/model/layers.6/mlp/down_proj/MatMul,fullyconnected:/model/layers.6/mlp/down_proj/MatMul,fully_connected,fully_connected_gpu_bf_tiled__f16,527,false,false,1,1,fully_connected_gpu_bf_tiled_2727911967636154657_0_0,gtpin_total_execution_cycles,75180036,cycles,64,75180036
n1_i5,5,1,5,performance,layers.*/mlp,/model/layers.6/mlp/gate_proj/MatMul,FullyConnected,FullyConnected,fullyconnected:/model/layers.6/mlp/gate_proj/MatMul,fullyconnected:/model/layers.6/mlp/gate_proj/MatMul,fully_connected,fully_connected_gpu_bf_tiled__f16,526,false,false,1,1,fully_connected_gpu_bf_tiled_9957149419786459120_0_0,gtpin_total_execution_cycles,106909058,cycles,176,106909058
n1_i5,5,1,5,performance,layers.*/mlp,/model/layers.6/mlp/up_proj/MatMul,FullyConnected,FullyConnected,fullyconnected:/model/layers.6/mlp/up_proj/MatMul,fullyconnected:/model/layers.6/mlp/up_proj/MatMul,fully_connected,fully_connected_gpu_bf_tiled__f16,525,false,false,1,1,fully_connected_gpu_bf_tiled_2740906288179525049_0_0,gtpin_total_execution_cycles,106025360,cycles,176,106025360
n1_i5,5,1,5,performance,layers.*/post_attention_layernorm,/model/layers.6/post_attention_layernorm/Mul,RMS,RMS,rms:/model/layers.6/post_attention_layernorm/Mul,rms:/model/layers.6/post_attention_layernorm/Mul,rms,rms_gpu_bfyx_opt__f16,524,false,false,1,1,rms_gpu_bfyx_opt_10690270683970839748_0_0__sa,gtpin_total_execution_cycles,1886742,cycles,256,1886742
n1_i5,5,1,5,performance,layers.*/self_attn,/model/layers.6/self_attn/Add,RoPE,RoPE,rope:/model/layers.6/self_attn/Add,rope:/model/layers.6/self_attn/Add,rope,ocl::rope::opt___f16,500,false,false,1,1,rope_opt__13889706310558783765__sa,gtpin_total_execution_cycles,835532,cycles,64,835532
n1_i5,5,1,5,performance,layers.*/self_attn,/model/layers.6/self_attn/Add_1,RoPE,RoPE,rope:/model/layers.6/self_attn/Add_1,rope:/model/layers.6/self_attn/Add_1,rope,ocl::rope::opt___f16,501,false,false,1,1,rope_opt__6960924190377492479__sa,gtpin_total_execution_cycles,63650,cycles,8,63650
n1_i5,5,1,5,performance,layers.*/self_attn,/model/layers.6/self_attn/Expand,Broadcast,Broadcast,broadcast:/model/layers.6/self_attn/Expand,broadcast:/model/layers.6/self_attn/Expand,broadcast,broadcast_gpu_ref__f16,513,false,false,1,1,broadcast_gpu_ref_6456514822857321615_0_0__sa,gtpin_total_execution_cycles,5019546,cycles,1024,5019546
n1_i5,5,1,5,performance,layers.*/self_attn,/model/layers.6/self_attn/Expand_1,Broadcast,Broadcast,broadcast:/model/layers.6/self_attn/Expand_1,broadcast:/model/layers.6/self_attn/Expand_1,broadcast,broadcast_gpu_ref__f16,506,false,false,1,1,broadcast_gpu_ref_6456514822857321615_0_0__sa,gtpin_total_execution_cycles,4052702,cycles,1024,4052702
n1_i5,5,1,5,performance,layers.*/self_attn,/model/layers.6/self_attn/IsNaN,IsNaN,IsNaN,isnan:/model/layers.6/self_attn/IsNaN,isnan:/model/layers.6/self_attn/IsNaN,eltwise,generic_eltwise_ref__f16,519,false,false,1,1,generic_eltwise_ref_1696504087421334661_0_0__sa,gtpin_total_execution_cycles,1080374,cycles,256,1080374
n1_i5,5,1,5,performance,layers.*/self_attn,/model/layers.6/self_attn/MatMul,Gemm,Gemm,gemm:/model/layers.6/self_attn/MatMul,gemm:/model/layers.6/self_attn/MatMul,gemm,gemm_tiled_opt__f16,517,false,false,1,1,gemm_tiled_opt_7238579717421349067_1_0__sa,gtpin_total_execution_cycles,3410666,cycles,32,3410666
n1_i5,5,1,5,performance,layers.*/self_attn,/model/layers.6/self_attn/Mul_8,Multiply,Multiply,multiply:/model/layers.6/self_attn/Mul_8,multiply:/model/layers.6/self_attn/Mul_8,eltwise,generic_eltwise_ref__f16,503,false,false,1,1,generic_eltwise_ref_7125964068740378811_0_0__sa,gtpin_total_execution_cycles,5639582,cycles,1024,5639582
n1_i5,5,1,5,performance,layers.*/self_attn,/model/layers.6/self_attn/Softmax,Softmax,Softmax,softmax:/model/layers.6/self_attn/Softmax,softmax:/model/layers.6/self_attn/Softmax,softmax,softmax_gpu_bf__f16,518,false,false,1,1,softmax_gpu_bf_18392998524141771378_0_0__sa,gtpin_total_execution_cycles,7909965,cycles,512,7909965
n1_i5,5,1,5,performance,layers.*/self_attn,/model/layers.6/self_attn/Transpose_2,Transpose,Transpose,transpose:/model/layers.6/self_attn/Transpose_2,transpose:/model/layers.6/self_attn/Transpose_2,permute,permute_ref__f16,499,false,false,1,1,permute_ref_653960189515371720_0_0__sa,gtpin_total_execution_cycles,513986,cycles,128,513986
n1_i5,5,1,5,performance,layers.*/self_attn,/model/layers.6/self_attn/Transpose_3,Transpose,Transpose,transpose:/model/layers.6/self_attn/Transpose_3,transpose:/model/layers.6/self_attn/Transpose_3,permute,permute_ref__f16,516,false,false,1,1,permute_ref_17183202574580890641_0_0__sa,gtpin_total_execution_cycles,5417022,cycles,1024,5417022
n1_i5,5,1,5,performance,layers.*/self_attn,/model/layers.6/self_attn/Transpose_4,Gemm,Gemm,gemm:/model/layers.6/self_attn/Transpose_4,gemm:/model/layers.6/self_attn/Transpose_4,gemm,gemm_tiled_opt__f16,521,false,false,1,1,gemm_tiled_opt_12829285813189929928_0_0__sa,gtpin_total_execution_cycles,2037216,cycles,64,2037216
n1_i5,5,1,5,performance,layers.*/self_attn,/model/layers.6/self_attn/Where_2,Select,Select,select:/model/layers.6/self_attn/Where_2,select:/model/layers.6/self_attn/Where_2,select,select_gpu_ref__u8,514,false,false,1,1,select_gpu_ref_7464502897564813179_0_0__sa,gtpin_total_execution_cycles,39704,cycles,8,39704
n1_i5,5,1,5,performance,layers.*/self_attn,/model/layers.6/self_attn/Where_3,Select,Select,select:/model/layers.6/self_attn/Where_3,select:/model/layers.6/self_attn/Where_3,select,select_gpu_ref__u8,520,false,false,1,1,select_gpu_ref_5609897181611433017_0_0__sa,gtpin_total_execution_cycles,1421988,cycles,256,1421988
n1_i5,5,1,5,performance,layers.*/self_attn,/model/layers.6/self_attn/k_proj/MatMul,FullyConnected,FullyConnected,fullyconnected:/model/layers.6/self_attn/k_proj/MatMul,fullyconnected:/model/layers.6/self_attn/k_proj/MatMul,fully_connected,fully_connected_gpu_bf_tiled__f16,495,false,false,1,1,fully_connected_gpu_bf_tiled_17963963101609895522_0_0,gtpin_total_execution_cycles,3740650,cycles,8,3740650
n1_i5,5,1,5,performance,layers.*/self_attn,/model/layers.6/self_attn/o_proj/MatMul,FullyConnected,FullyConnected,fullyconnected:/model/layers.6/self_attn/o_proj/MatMul,fullyconnected:/model/layers.6/self_attn/o_proj/MatMul,fully_connected,fully_connected_gpu_bf_tiled__f16,523,false,false,1,1,fully_connected_gpu_bf_tiled_14284117615310227244_0_0,gtpin_total_execution_cycles,28613170,cycles,64,28613170
n1_i5,5,1,5,performance,layers.*/self_attn,/model/layers.6/self_attn/q_proj/MatMul,FullyConnected,FullyConnected,fullyconnected:/model/layers.6/self_attn/q_proj/MatMul,fullyconnected:/model/layers.6/self_attn/q_proj/MatMul,fully_connected,fully_connected_gpu_bf_tiled__f16,494,false,false,1,1,fully_connected_gpu_bf_tiled_5315586391497964380_0_0,gtpin_total_execution_cycles,28790184,cycles,64,28790184
n1_i5,5,1,5,performance,layers.*/self_attn,/model/layers.6/self_attn/v_proj/MatMul,FullyConnected,FullyConnected,fullyconnected:/model/layers.6/self_attn/v_proj/MatMul,fullyconnected:/model/layers.6/self_attn/v_proj/MatMul,fully_connected,fully_connected_gpu_bf_tiled__f16,493,false,false,1,1,fully_connected_gpu_bf_tiled_17963963101609895522_0_0,gtpin_total_execution_cycles,3520394,cycles,8,3520394
n1_i5,5,1,5,performance,layers.*/input_layernorm,/model/layers.7/input_layernorm/Mul,RMS,RMS,rms:/model/layers.7/input_layernorm/Mul,rms:/model/layers.7/input_layernorm/Mul,rms,rms_gpu_bfyx_opt__f16,528,false,false,1,1,rms_gpu_bfyx_opt_10690270683970839748_0_0__sa,gtpin_total_execution_cycles,1944294,cycles,256,1944294
n1_i5,5,1,5,performance,layers.*/mlp,/model/layers.7/mlp/down_proj/MatMul,FullyConnected,FullyConnected,fullyconnected:/model/layers.7/mlp/down_proj/MatMul,fullyconnected:/model/layers.7/mlp/down_proj/MatMul,fully_connected,fully_connected_gpu_bf_tiled__f16,563,false,false,1,1,fully_connected_gpu_bf_tiled_2727911967636154657_0_0,gtpin_total_execution_cycles,74975582,cycles,64,74975582
n1_i5,5,1,5,performance,layers.*/mlp,/model/layers.7/mlp/gate_proj/MatMul,FullyConnected,FullyConnected,fullyconnected:/model/layers.7/mlp/gate_proj/MatMul,fullyconnected:/model/layers.7/mlp/gate_proj/MatMul,fully_connected,fully_connected_gpu_bf_tiled__f16,562,false,false,1,1,fully_connected_gpu_bf_tiled_9957149419786459120_0_0,gtpin_total_execution_cycles,98493142,cycles,176,98493142
n1_i5,5,1,5,performance,layers.*/mlp,/model/layers.7/mlp/up_proj/MatMul,FullyConnected,FullyConnected,fullyconnected:/model/layers.7/mlp/up_proj/MatMul,fullyconnected:/model/layers.7/mlp/up_proj/MatMul,fully_connected,fully_connected_gpu_bf_tiled__f16,561,false,false,1,1,fully_connected_gpu_bf_tiled_2740906288179525049_0_0,gtpin_total_execution_cycles,92262348,cycles,176,92262348
n1_i5,5,1,5,performance,layers.*/post_attention_layernorm,/model/layers.7/post_attention_layernorm/Mul,RMS,RMS,rms:/model/layers.7/post_attention_layernorm/Mul,rms:/model/layers.7/post_attention_layernorm/Mul,rms,rms_gpu_bfyx_opt__f16,560,false,false,1,1,rms_gpu_bfyx_opt_10690270683970839748_0_0__sa,gtpin_total_execution_cycles,1881006,cycles,256,1881006
n1_i5,5,1,5,performance,layers.*/self_attn,/model/layers.7/self_attn/Add,RoPE,RoPE,rope:/model/layers.7/self_attn/Add,rope:/model/layers.7/self_attn/Add,rope,ocl::rope::opt___f16,536,false,false,1,1,rope_opt__13889706310558783765__sa,gtpin_total_execution_cycles,820008,cycles,64,820008
n1_i5,5,1,5,performance,layers.*/self_attn,/model/layers.7/self_attn/Add_1,RoPE,RoPE,rope:/model/layers.7/self_attn/Add_1,rope:/model/layers.7/self_attn/Add_1,rope,ocl::rope::opt___f16,537,false,false,1,1,rope_opt__6960924190377492479__sa,gtpin_total_execution_cycles,62834,cycles,8,62834
n1_i5,5,1,5,performance,layers.*/self_attn,/model/layers.7/self_attn/Expand,Broadcast,Broadcast,broadcast:/model/layers.7/self_attn/Expand,broadcast:/model/layers.7/self_attn/Expand,broadcast,broadcast_gpu_ref__f16,549,false,false,1,1,broadcast_gpu_ref_6456514822857321615_0_0__sa,gtpin_total_execution_cycles,5333262,cycles,1024,5333262
n1_i5,5,1,5,performance,layers.*/self_attn,/model/layers.7/self_attn/Expand_1,Broadcast,Broadcast,broadcast:/model/layers.7/self_attn/Expand_1,broadcast:/model/layers.7/self_attn/Expand_1,broadcast,broadcast_gpu_ref__f16,542,false,false,1,1,broadcast_gpu_ref_6456514822857321615_0_0__sa,gtpin_total_execution_cycles,4387354,cycles,1024,4387354
n1_i5,5,1,5,performance,layers.*/self_attn,/model/layers.7/self_attn/IsNaN,IsNaN,IsNaN,isnan:/model/layers.7/self_attn/IsNaN,isnan:/model/layers.7/self_attn/IsNaN,eltwise,generic_eltwise_ref__f16,555,false,false,1,1,generic_eltwise_ref_1696504087421334661_0_0__sa,gtpin_total_execution_cycles,1189488,cycles,256,1189488
n1_i5,5,1,5,performance,layers.*/self_attn,/model/layers.7/self_attn/MatMul,Gemm,Gemm,gemm:/model/layers.7/self_attn/MatMul,gemm:/model/layers.7/self_attn/MatMul,gemm,gemm_tiled_opt__f16,553,false,false,1,1,gemm_tiled_opt_7238579717421349067_1_0__sa,gtpin_total_execution_cycles,3422930,cycles,32,3422930
n1_i5,5,1,5,performance,layers.*/self_attn,/model/layers.7/self_attn/Mul_8,Multiply,Multiply,multiply:/model/layers.7/self_attn/Mul_8,multiply:/model/layers.7/self_attn/Mul_8,eltwise,generic_eltwise_ref__f16,539,false,false,1,1,generic_eltwise_ref_7125964068740378811_0_0__sa,gtpin_total_execution_cycles,4522730,cycles,1024,4522730
n1_i5,5,1,5,performance,layers.*/self_attn,/model/layers.7/self_attn/Softmax,Softmax,Softmax,softmax:/model/layers.7/self_attn/Softmax,softmax:/model/layers.7/self_attn/Softmax,softmax,softmax_gpu_bf__f16,554,false,false,1,1,softmax_gpu_bf_18392998524141771378_0_0__sa,gtpin_total_execution_cycles,7875071,cycles,512,7875071
n1_i5,5,1,5,performance,layers.*/self_attn,/model/layers.7/self_attn/Transpose_2,Transpose,Transpose,transpose:/model/layers.7/self_attn/Transpose_2,transpose:/model/layers.7/self_attn/Transpose_2,permute,permute_ref__f16,535,false,false,1,1,permute_ref_653960189515371720_0_0__sa,gtpin_total_execution_cycles,569770,cycles,128,569770
n1_i5,5,1,5,performance,layers.*/self_attn,/model/layers.7/self_attn/Transpose_3,Transpose,Transpose,transpose:/model/layers.7/self_attn/Transpose_3,transpose:/model/layers.7/self_attn/Transpose_3,permute,permute_ref__f16,552,false,false,1,1,permute_ref_17183202574580890641_0_0__sa,gtpin_total_execution_cycles,5330996,cycles,1024,5330996
n1_i5,5,1,5,performance,layers.*/self_attn,/model/layers.7/self_attn/Transpose_4,Gemm,Gemm,gemm:/model/layers.7/self_attn/Transpose_4,gemm:/model/layers.7/self_attn/Transpose_4,gemm,gemm_tiled_opt__f16,557,false,false,1,1,gemm_tiled_opt_12829285813189929928_0_0__sa,gtpin_total_execution_cycles,2158078,cycles,64,2158078
n1_i5,5,1,5,performance,layers.*/self_attn,/model/layers.7/self_attn/Where_2,Select,Select,select:/model/layers.7/self_attn/Where_2,select:/model/layers.7/self_attn/Where_2,select,select_gpu_ref__u8,550,false,false,1,1,select_gpu_ref_7464502897564813179_0_0__sa,gtpin_total_execution_cycles,35758,cycles,8,35758
n1_i5,5,1,5,performance,layers.*/self_attn,/model/layers.7/self_attn/Where_3,Select,Select,select:/model/layers.7/self_attn/Where_3,select:/model/layers.7/self_attn/Where_3,select,select_gpu_ref__u8,556,false,false,1,1,select_gpu_ref_5609897181611433017_0_0__sa,gtpin_total_execution_cycles,1455630,cycles,256,1455630
n1_i5,5,1,5,performance,layers.*/self_attn,/model/layers.7/self_attn/k_proj/MatMul,FullyConnected,FullyConnected,fullyconnected:/model/layers.7/self_attn/k_proj/MatMul,fullyconnected:/model/layers.7/self_attn/k_proj/MatMul,fully_connected,fully_connected_gpu_bf_tiled__f16,531,false,false,1,1,fully_connected_gpu_bf_tiled_17963963101609895522_0_0,gtpin_total_execution_cycles,3651858,cycles,8,3651858
n1_i5,5,1,5,performance,layers.*/self_attn,/model/layers.7/self_attn/o_proj/MatMul,FullyConnected,FullyConnected,fullyconnected:/model/layers.7/self_attn/o_proj/MatMul,fullyconnected:/model/layers.7/self_attn/o_proj/MatMul,fully_connected,fully_connected_gpu_bf_tiled__f16,559,false,false,1,1,fully_connected_gpu_bf_tiled_14284117615310227244_0_0,gtpin_total_execution_cycles,29065456,cycles,64,29065456
n1_i5,5,1,5,performance,layers.*/self_attn,/model/layers.7/self_attn/q_proj/MatMul,FullyConnected,FullyConnected,fullyconnected:/model/layers.7/self_attn/q_proj/MatMul,fullyconnected:/model/layers.7/self_attn/q_proj/MatMul,fully_connected,fully_connected_gpu_bf_tiled__f16,530,false,false,1,1,fully_connected_gpu_bf_tiled_5315586391497964380_0_0,gtpin_total_execution_cycles,28371822,cycles,64,28371822
n1_i5,5,1,5,performance,layers.*/self_attn,/model/layers.7/self_attn/v_proj/MatMul,FullyConnected,FullyConnected,fullyconnected:/model/layers.7/self_attn/v_proj/MatMul,fullyconnected:/model/layers.7/self_attn/v_proj/MatMul,fully_connected,fully_connected_gpu_bf_tiled__f16,529,false,false,1,1,fully_connected_gpu_bf_tiled_17963963101609895522_0_0,gtpin_total_execution_cycles,3463918,cycles,8,3463918
n1_i5,5,1,5,performance,layers.*/input_layernorm,/model/layers.8/input_layernorm/Mul,RMS,RMS,rms:/model/layers.8/input_layernorm/Mul,rms:/model/layers.8/input_layernorm/Mul,rms,rms_gpu_bfyx_opt__f16,564,false,false,1,1,rms_gpu_bfyx_opt_10690270683970839748_0_0__sa,gtpin_total_execution_cycles,1516734,cycles,256,1516734
n1_i5,5,1,5,performance,layers.*/mlp,/model/layers.8/mlp/down_proj/MatMul,FullyConnected,FullyConnected,fullyconnected:/model/layers.8/mlp/down_proj/MatMul,fullyconnected:/model/layers.8/mlp/down_proj/MatMul,fully_connected,fully_connected_gpu_bf_tiled__f16,599,false,false,1,1,fully_connected_gpu_bf_tiled_2727911967636154657_0_0,gtpin_total_execution_cycles,74314854,cycles,64,74314854
n1_i5,5,1,5,performance,layers.*/mlp,/model/layers.8/mlp/gate_proj/MatMul,FullyConnected,FullyConnected,fullyconnected:/model/layers.8/mlp/gate_proj/MatMul,fullyconnected:/model/layers.8/mlp/gate_proj/MatMul,fully_connected,fully_connected_gpu_bf_tiled__f16,598,false,false,1,1,fully_connected_gpu_bf_tiled_9957149419786459120_0_0,gtpin_total_execution_cycles,109411264,cycles,176,109411264
n1_i5,5,1,5,performance,layers.*/mlp,/model/layers.8/mlp/up_proj/MatMul,FullyConnected,FullyConnected,fullyconnected:/model/layers.8/mlp/up_proj/MatMul,fullyconnected:/model/layers.8/mlp/up_proj/MatMul,fully_connected,fully_connected_gpu_bf_tiled__f16,597,false,false,1,1,fully_connected_gpu_bf_tiled_2740906288179525049_0_0,gtpin_total_execution_cycles,92850538,cycles,176,92850538
n1_i5,5,1,5,performance,layers.*/post_attention_layernorm,/model/layers.8/post_attention_layernorm/Mul,RMS,RMS,rms:/model/layers.8/post_attention_layernorm/Mul,rms:/model/layers.8/post_attention_layernorm/Mul,rms,rms_gpu_bfyx_opt__f16,596,false,false,1,1,rms_gpu_bfyx_opt_10690270683970839748_0_0__sa,gtpin_total_execution_cycles,2141728,cycles,256,2141728
n1_i5,5,1,5,performance,layers.*/self_attn,/model/layers.8/self_attn/Add,RoPE,RoPE,rope:/model/layers.8/self_attn/Add,rope:/model/layers.8/self_attn/Add,rope,ocl::rope::opt___f16,572,false,false,1,1,rope_opt__13889706310558783765__sa,gtpin_total_execution_cycles,824564,cycles,64,824564
n1_i5,5,1,5,performance,layers.*/self_attn,/model/layers.8/self_attn/Add_1,RoPE,RoPE,rope:/model/layers.8/self_attn/Add_1,rope:/model/layers.8/self_attn/Add_1,rope,ocl::rope::opt___f16,573,false,false,1,1,rope_opt__6960924190377492479__sa,gtpin_total_execution_cycles,56370,cycles,8,56370
n1_i5,5,1,5,performance,layers.*/self_attn,/model/layers.8/self_attn/Expand,Broadcast,Broadcast,broadcast:/model/layers.8/self_attn/Expand,broadcast:/model/layers.8/self_attn/Expand,broadcast,broadcast_gpu_ref__f16,585,false,false,1,1,broadcast_gpu_ref_6456514822857321615_0_0__sa,gtpin_total_execution_cycles,3408974,cycles,1024,3408974
n1_i5,5,1,5,performance,layers.*/self_attn,/model/layers.8/self_attn/Expand_1,Broadcast,Broadcast,broadcast:/model/layers.8/self_attn/Expand_1,broadcast:/model/layers.8/self_attn/Expand_1,broadcast,broadcast_gpu_ref__f16,578,false,false,1,1,broadcast_gpu_ref_6456514822857321615_0_0__sa,gtpin_total_execution_cycles,4125088,cycles,1024,4125088
n1_i5,5,1,5,performance,layers.*/self_attn,/model/layers.8/self_attn/IsNaN,IsNaN,IsNaN,isnan:/model/layers.8/self_attn/IsNaN,isnan:/model/layers.8/self_attn/IsNaN,eltwise,generic_eltwise_ref__f16,591,false,false,1,1,generic_eltwise_ref_1696504087421334661_0_0__sa,gtpin_total_execution_cycles,1158596,cycles,256,1158596
n1_i5,5,1,5,performance,layers.*/self_attn,/model/layers.8/self_attn/MatMul,Gemm,Gemm,gemm:/model/layers.8/self_attn/MatMul,gemm:/model/layers.8/self_attn/MatMul,gemm,gemm_tiled_opt__f16,589,false,false,1,1,gemm_tiled_opt_7238579717421349067_1_0__sa,gtpin_total_execution_cycles,3689442,cycles,32,3689442
n1_i5,5,1,5,performance,layers.*/self_attn,/model/layers.8/self_attn/Mul_8,Multiply,Multiply,multiply:/model/layers.8/self_attn/Mul_8,multiply:/model/layers.8/self_attn/Mul_8,eltwise,generic_eltwise_ref__f16,575,false,false,1,1,generic_eltwise_ref_7125964068740378811_0_0__sa,gtpin_total_execution_cycles,5250644,cycles,1024,5250644
n1_i5,5,1,5,performance,layers.*/self_attn,/model/layers.8/self_attn/Softmax,Softmax,Softmax,softmax:/model/layers.8/self_attn/Softmax,softmax:/model/layers.8/self_attn/Softmax,softmax,softmax_gpu_bf__f16,590,false,false,1,1,softmax_gpu_bf_18392998524141771378_0_0__sa,gtpin_total_execution_cycles,7733202,cycles,512,7733202
n1_i5,5,1,5,performance,layers.*/self_attn,/model/layers.8/self_attn/Transpose_2,Transpose,Transpose,transpose:/model/layers.8/self_attn/Transpose_2,transpose:/model/layers.8/self_attn/Transpose_2,permute,permute_ref__f16,571,false,false,1,1,permute_ref_653960189515371720_0_0__sa,gtpin_total_execution_cycles,479898,cycles,128,479898
n1_i5,5,1,5,performance,layers.*/self_attn,/model/layers.8/self_attn/Transpose_3,Transpose,Transpose,transpose:/model/layers.8/self_attn/Transpose_3,transpose:/model/layers.8/self_attn/Transpose_3,permute,permute_ref__f16,588,false,false,1,1,permute_ref_17183202574580890641_0_0__sa,gtpin_total_execution_cycles,5060194,cycles,1024,5060194
n1_i5,5,1,5,performance,layers.*/self_attn,/model/layers.8/self_attn/Transpose_4,Gemm,Gemm,gemm:/model/layers.8/self_attn/Transpose_4,gemm:/model/layers.8/self_attn/Transpose_4,gemm,gemm_tiled_opt__f16,593,false,false,1,1,gemm_tiled_opt_12829285813189929928_0_0__sa,gtpin_total_execution_cycles,1973778,cycles,64,1973778
n1_i5,5,1,5,performance,layers.*/self_attn,/model/layers.8/self_attn/Where_2,Select,Select,select:/model/layers.8/self_attn/Where_2,select:/model/layers.8/self_attn/Where_2,select,select_gpu_ref__u8,586,false,false,1,1,select_gpu_ref_7464502897564813179_0_0__sa,gtpin_total_execution_cycles,36032,cycles,8,36032
n1_i5,5,1,5,performance,layers.*/self_attn,/model/layers.8/self_attn/Where_3,Select,Select,select:/model/layers.8/self_attn/Where_3,select:/model/layers.8/self_attn/Where_3,select,select_gpu_ref__u8,592,false,false,1,1,select_gpu_ref_5609897181611433017_0_0__sa,gtpin_total_execution_cycles,1423436,cycles,256,1423436
n1_i5,5,1,5,performance,layers.*/self_attn,/model/layers.8/self_attn/k_proj/MatMul,FullyConnected,FullyConnected,fullyconnected:/model/layers.8/self_attn/k_proj/MatMul,fullyconnected:/model/layers.8/self_attn/k_proj/MatMul,fully_connected,fully_connected_gpu_bf_tiled__f16,567,false,false,1,1,fully_connected_gpu_bf_tiled_17963963101609895522_0_0,gtpin_total_execution_cycles,3803444,cycles,8,3803444
n1_i5,5,1,5,performance,layers.*/self_attn,/model/layers.8/self_attn/o_proj/MatMul,FullyConnected,FullyConnected,fullyconnected:/model/layers.8/self_attn/o_proj/MatMul,fullyconnected:/model/layers.8/self_attn/o_proj/MatMul,fully_connected,fully_connected_gpu_bf_tiled__f16,595,false,false,1,1,fully_connected_gpu_bf_tiled_14284117615310227244_0_0,gtpin_total_execution_cycles,28181470,cycles,64,28181470
n1_i5,5,1,5,performance,layers.*/self_attn,/model/layers.8/self_attn/q_proj/MatMul,FullyConnected,FullyConnected,fullyconnected:/model/layers.8/self_attn/q_proj/MatMul,fullyconnected:/model/layers.8/self_attn/q_proj/MatMul,fully_connected,fully_connected_gpu_bf_tiled__f16,566,false,false,1,1,fully_connected_gpu_bf_tiled_5315586391497964380_0_0,gtpin_total_execution_cycles,29552120,cycles,64,29552120
n1_i5,5,1,5,performance,layers.*/self_attn,/model/layers.8/self_attn/v_proj/MatMul,FullyConnected,FullyConnected,fullyconnected:/model/layers.8/self_attn/v_proj/MatMul,fullyconnected:/model/layers.8/self_attn/v_proj/MatMul,fully_connected,fully_connected_gpu_bf_tiled__f16,565,false,false,1,1,fully_connected_gpu_bf_tiled_17963963101609895522_0_0,gtpin_total_execution_cycles,3620012,cycles,8,3620012
n1_i5,5,1,5,performance,layers.*/input_layernorm,/model/layers.9/input_layernorm/Mul,RMS,RMS,rms:/model/layers.9/input_layernorm/Mul,rms:/model/layers.9/input_layernorm/Mul,rms,rms_gpu_bfyx_opt__f16,600,false,false,1,1,rms_gpu_bfyx_opt_10690270683970839748_0_0__sa,gtpin_total_execution_cycles,1684626,cycles,256,1684626
n1_i5,5,1,5,performance,layers.*/mlp,/model/layers.9/mlp/down_proj/MatMul,FullyConnected,FullyConnected,fullyconnected:/model/layers.9/mlp/down_proj/MatMul,fullyconnected:/model/layers.9/mlp/down_proj/MatMul,fully_connected,fully_connected_gpu_bf_tiled__f16,635,false,false,1,1,fully_connected_gpu_bf_tiled_2727911967636154657_0_0,gtpin_total_execution_cycles,74379588,cycles,64,74379588
n1_i5,5,1,5,performance,layers.*/mlp,/model/layers.9/mlp/gate_proj/MatMul,FullyConnected,FullyConnected,fullyconnected:/model/layers.9/mlp/gate_proj/MatMul,fullyconnected:/model/layers.9/mlp/gate_proj/MatMul,fully_connected,fully_connected_gpu_bf_tiled__f16,634,false,false,1,1,fully_connected_gpu_bf_tiled_9957149419786459120_0_0,gtpin_total_execution_cycles,102272992,cycles,176,102272992
n1_i5,5,1,5,performance,layers.*/mlp,/model/layers.9/mlp/up_proj/MatMul,FullyConnected,FullyConnected,fullyconnected:/model/layers.9/mlp/up_proj/MatMul,fullyconnected:/model/layers.9/mlp/up_proj/MatMul,fully_connected,fully_connected_gpu_bf_tiled__f16,633,false,false,1,1,fully_connected_gpu_bf_tiled_2740906288179525049_0_0,gtpin_total_execution_cycles,106998642,cycles,176,106998642
n1_i5,5,1,5,performance,layers.*/post_attention_layernorm,/model/layers.9/post_attention_layernorm/Mul,RMS,RMS,rms:/model/layers.9/post_attention_layernorm/Mul,rms:/model/layers.9/post_attention_layernorm/Mul,rms,rms_gpu_bfyx_opt__f16,632,false,false,1,1,rms_gpu_bfyx_opt_10690270683970839748_0_0__sa,gtpin_total_execution_cycles,1901580,cycles,256,1901580
n1_i5,5,1,5,performance,layers.*/self_attn,/model/layers.9/self_attn/Add,RoPE,RoPE,rope:/model/layers.9/self_attn/Add,rope:/model/layers.9/self_attn/Add,rope,ocl::rope::opt___f16,608,false,false,1,1,rope_opt__13889706310558783765__sa,gtpin_total_execution_cycles,878620,cycles,64,878620
n1_i5,5,1,5,performance,layers.*/self_attn,/model/layers.9/self_attn/Add_1,RoPE,RoPE,rope:/model/layers.9/self_attn/Add_1,rope:/model/layers.9/self_attn/Add_1,rope,ocl::rope::opt___f16,609,false,false,1,1,rope_opt__6960924190377492479__sa,gtpin_total_execution_cycles,70338,cycles,8,70338
n1_i5,5,1,5,performance,layers.*/self_attn,/model/layers.9/self_attn/Expand,Broadcast,Broadcast,broadcast:/model/layers.9/self_attn/Expand,broadcast:/model/layers.9/self_attn/Expand,broadcast,broadcast_gpu_ref__f16,621,false,false,1,1,broadcast_gpu_ref_6456514822857321615_0_0__sa,gtpin_total_execution_cycles,5453648,cycles,1024,5453648
n1_i5,5,1,5,performance,layers.*/self_attn,/model/layers.9/self_attn/Expand_1,Broadcast,Broadcast,broadcast:/model/layers.9/self_attn/Expand_1,broadcast:/model/layers.9/self_attn/Expand_1,broadcast,broadcast_gpu_ref__f16,614,false,false,1,1,broadcast_gpu_ref_6456514822857321615_0_0__sa,gtpin_total_execution_cycles,3915048,cycles,1024,3915048
n1_i5,5,1,5,performance,layers.*/self_attn,/model/layers.9/self_attn/IsNaN,IsNaN,IsNaN,isnan:/model/layers.9/self_attn/IsNaN,isnan:/model/layers.9/self_attn/IsNaN,eltwise,generic_eltwise_ref__f16,627,false,false,1,1,generic_eltwise_ref_1696504087421334661_0_0__sa,gtpin_total_execution_cycles,1170486,cycles,256,1170486
n1_i5,5,1,5,performance,layers.*/self_attn,/model/layers.9/self_attn/MatMul,Gemm,Gemm,gemm:/model/layers.9/self_attn/MatMul,gemm:/model/layers.9/self_attn/MatMul,gemm,gemm_tiled_opt__f16,625,false,false,1,1,gemm_tiled_opt_7238579717421349067_1_0__sa,gtpin_total_execution_cycles,3512698,cycles,32,3512698
n1_i5,5,1,5,performance,layers.*/self_attn,/model/layers.9/self_attn/Mul_8,Multiply,Multiply,multiply:/model/layers.9/self_attn/Mul_8,multiply:/model/layers.9/self_attn/Mul_8,eltwise,generic_eltwise_ref__f16,611,false,false,1,1,generic_eltwise_ref_7125964068740378811_0_0__sa,gtpin_total_execution_cycles,4646346,cycles,1024,4646346
n1_i5,5,1,5,performance,layers.*/self_attn,/model/layers.9/self_attn/Softmax,Softmax,Softmax,softmax:/model/layers.9/self_attn/Softmax,softmax:/model/layers.9/self_attn/Softmax,softmax,softmax_gpu_bf__f16,626,false,false,1,1,softmax_gpu_bf_18392998524141771378_0_0__sa,gtpin_total_execution_cycles,8147347,cycles,512,8147347
n1_i5,5,1,5,performance,layers.*/self_attn,/model/layers.9/self_attn/Transpose_2,Transpose,Transpose,transpose:/model/layers.9/self_attn/Transpose_2,transpose:/model/layers.9/self_attn/Transpose_2,permute,permute_ref__f16,607,false,false,1,1,permute_ref_653960189515371720_0_0__sa,gtpin_total_execution_cycles,488448,cycles,128,488448
n1_i5,5,1,5,performance,layers.*/self_attn,/model/layers.9/self_attn/Transpose_3,Transpose,Transpose,transpose:/model/layers.9/self_attn/Transpose_3,transpose:/model/layers.9/self_attn/Transpose_3,permute,permute_ref__f16,624,false,false,1,1,permute_ref_17183202574580890641_0_0__sa,gtpin_total_execution_cycles,5092376,cycles,1024,5092376
n1_i5,5,1,5,performance,layers.*/self_attn,/model/layers.9/self_attn/Transpose_4,Gemm,Gemm,gemm:/model/layers.9/self_attn/Transpose_4,gemm:/model/layers.9/self_attn/Transpose_4,gemm,gemm_tiled_opt__f16,629,false,false,1,1,gemm_tiled_opt_12829285813189929928_0_0__sa,gtpin_total_execution_cycles,1958396,cycles,64,1958396
n1_i5,5,1,5,performance,layers.*/self_attn,/model/layers.9/self_attn/Where_2,Select,Select,select:/model/layers.9/self_attn/Where_2,select:/model/layers.9/self_attn/Where_2,select,select_gpu_ref__u8,622,false,false,1,1,select_gpu_ref_7464502897564813179_0_0__sa,gtpin_total_execution_cycles,38448,cycles,8,38448
n1_i5,5,1,5,performance,layers.*/self_attn,/model/layers.9/self_attn/Where_3,Select,Select,select:/model/layers.9/self_attn/Where_3,select:/model/layers.9/self_attn/Where_3,select,select_gpu_ref__u8,628,false,false,1,1,select_gpu_ref_5609897181611433017_0_0__sa,gtpin_total_execution_cycles,1521416,cycles,256,1521416
n1_i5,5,1,5,performance,layers.*/self_attn,/model/layers.9/self_attn/k_proj/MatMul,FullyConnected,FullyConnected,fullyconnected:/model/layers.9/self_attn/k_proj/MatMul,fullyconnected:/model/layers.9/self_attn/k_proj/MatMul,fully_connected,fully_connected_gpu_bf_tiled__f16,603,false,false,1,1,fully_connected_gpu_bf_tiled_17963963101609895522_0_0,gtpin_total_execution_cycles,3660090,cycles,8,3660090
n1_i5,5,1,5,performance,layers.*/self_attn,/model/layers.9/self_attn/o_proj/MatMul,FullyConnected,FullyConnected,fullyconnected:/model/layers.9/self_attn/o_proj/MatMul,fullyconnected:/model/layers.9/self_attn/o_proj/MatMul,fully_connected,fully_connected_gpu_bf_tiled__f16,631,false,false,1,1,fully_connected_gpu_bf_tiled_14284117615310227244_0_0,gtpin_total_execution_cycles,28294488,cycles,64,28294488
n1_i5,5,1,5,performance,layers.*/self_attn,/model/layers.9/self_attn/q_proj/MatMul,FullyConnected,FullyConnected,fullyconnected:/model/layers.9/self_attn/q_proj/MatMul,fullyconnected:/model/layers.9/self_attn/q_proj/MatMul,fully_connected,fully_connected_gpu_bf_tiled__f16,602,false,false,1,1,fully_connected_gpu_bf_tiled_5315586391497964380_0_0,gtpin_total_execution_cycles,28386350,cycles,64,28386350
n1_i5,5,1,5,performance,layers.*/self_attn,/model/layers.9/self_attn/v_proj/MatMul,FullyConnected,FullyConnected,fullyconnected:/model/layers.9/self_attn/v_proj/MatMul,fullyconnected:/model/layers.9/self_attn/v_proj/MatMul,fully_connected,fully_connected_gpu_bf_tiled__f16,601,false,false,1,1,fully_connected_gpu_bf_tiled_17963963101609895522_0_0,gtpin_total_execution_cycles,3474872,cycles,8,3474872
n1_i5,5,1,5,performance,(root),/model/norm/Mul,RMS,RMS,rms:/model/norm/Mul,rms:/model/norm/Mul,rms,rms_gpu_bfyx_opt__f16,1068,false,false,1,1,rms_gpu_bfyx_opt_10690270683970839748_0_0__sa,gtpin_total_execution_cycles,1602170,cycles,256,1602170
n1_i5,5,1,5,performance,rotary_emb,/model/rotary_emb/Concat_1,Concat,Concat,concat:/model/rotary_emb/Concat_1,concat:/model/rotary_emb/Concat_1,concatenation,concatenation_gpu_simple_ref__f32,269,false,false,2,2,concatenation_gpu_simple_ref_11787737694364327443_0_0__sa;concatenation_gpu_simple_ref_11787737694364327443_1_0__sa,gtpin_total_execution_cycles,141870,cycles,32,141870
n1_i5,5,1,5,performance,rotary_emb,/model/rotary_emb/Cos,Cos,Cos,cos:/model/rotary_emb/Cos,cos:/model/rotary_emb/Cos,activation,activation_ref__f32,274,false,false,1,1,activation_ref_8384225707366889932_0_0__sa,gtpin_total_execution_cycles,149992,cycles,32,149992
n1_i5,5,1,5,performance,rotary_emb,/model/rotary_emb/MatMul_increase_precision_1,Convert,Convert,convert:/model/rotary_emb/MatMul_increase_precision_1,convert:/model/rotary_emb/MatMul_increase_precision_1,reorder,reorder_data__f32,231,false,false,1,1,reorder_data_16347555807681174383_0_0__sa,gtpin_total_execution_cycles,3101,cycles,1,3101
n1_i5,5,1,5,performance,rotary_emb,/model/rotary_emb/Sin,Sin,Sin,sin:/model/rotary_emb/Sin,sin:/model/rotary_emb/Sin,activation,activation_ref__f32,273,false,false,1,1,activation_ref_1691567596270449691_0_0__sa,gtpin_total_execution_cycles,202638,cycles,32,202638
n1_i5,5,1,5,performance,rotary_emb,/model/rotary_emb/Transpose,Gemm,Gemm,gemm:/model/rotary_emb/Transpose,gemm:/model/rotary_emb/Transpose,gemm,gemm_tiled_opt__f32,264,false,false,1,1,gemm_tiled_opt_6356298044914993963_3_0__sa,gtpin_total_execution_cycles,39776,cycles,2,39776
n1_i5,5,1,5,performance,(root),Convert_90811,Convert,Convert,convert:Convert_90811,convert:Convert_90811,reorder,reorder_data__i64,225,false,false,1,1,reorder_data_261663883965124315_0_0__sa,gtpin_total_execution_cycles,5892,cycles,1,5892
n1_i5,5,1,5,performance,(root),Convert_90813,Convert,Convert,convert:Convert_90813,convert:Convert_90813,reorder,reorder_data__i64,224,false,false,1,1,reorder_data_261663883965124315_0_0__sa,gtpin_total_execution_cycles,5656,cycles,1,5656
n1_i5,5,1,5,performance,(root),Convert_90873,Convert,Convert,convert:Convert_90873,convert:Convert_90873,reorder,reorder_data__i64,226,false,false,1,1,reorder_data_14358938580392777097_0_0__sa,gtpin_total_execution_cycles,4546,cycles,1,4546
n1_i5,5,1,5,performance,(root),logits.0,FullyConnected,FullyConnected,fullyconnected:logits.0,fullyconnected:logits.0,fully_connected,fully_connected_gpu_bf_tiled__f16,1069,false,false,1,1,fully_connected_gpu_bf_tiled_9077797497357748363_0_0,gtpin_total_execution_cycles,2006459386,cycles,1000,2006459386
