execution_unit_key,logical_execution_index,net_id,iteration,tool_kind,component_path,origin_op_name,origin_op_type_name,resolved_op_type_name,primitive_id,original_primitive_id,primitive_type,implementation,exec_id,is_input,is_output,dispatch_count,kernel_entry_count,kernel_entries,primary_metric_name,primary_metric_total,primary_metric_unit,gtpin_invocation_count,gtpin_total_execution_cycles
n1_i4,4,1,4,performance,(root),/model/And,LogicalAnd,LogicalAnd,logicaland:/model/And,logicaland:/model/And,eltwise,generic_eltwise_ref__u8,270,false,false,1,1,generic_eltwise_ref_12613916656436061640_0_0__sa,gtpin_total_execution_cycles,48336,cycles,8,48336
n1_i4,4,1,4,performance,(root),/model/And_1,LogicalAnd,LogicalAnd,logicaland:/model/And_1,logicaland:/model/And_1,eltwise,generic_eltwise_ref__u8,287,false,false,1,1,generic_eltwise_ref_9810887907610228330_0_0__sa,gtpin_total_execution_cycles,52648,cycles,8,52648
n1_i4,4,1,4,performance,(root),/model/Gather_4,Gather,Gather,gather:/model/Gather_4,gather:/model/Gather_4,gather,gather_ref__u8,276,false,false,1,1,gather_ref_3335901000044472670_0_0__sa,gtpin_total_execution_cycles,10091,cycles,1,10091
n1_i4,4,1,4,performance,(root),/model/LessOrEqual,LessEqual,LessEqual,lessequal:/model/LessOrEqual,lessequal:/model/LessOrEqual,eltwise,generic_eltwise_ref__i32,265,false,false,1,1,generic_eltwise_ref_12991517841348968924_0_0__sa,gtpin_total_execution_cycles,42224,cycles,8,42224
n1_i4,4,1,4,performance,embed_tokens,/model/embed_tokens/Gather,Gather,Gather,gather:/model/embed_tokens/Gather,gather:/model/embed_tokens/Gather,gather,gather_ref__f16,229,false,false,1,1,gather_ref_9653281298055295004_0_0__sa,gtpin_total_execution_cycles,4998054,cycles,1024,4998054
n1_i4,4,1,4,performance,layers.*/input_layernorm,/model/layers.0/input_layernorm/Mul,RMS,RMS,rms:/model/layers.0/input_layernorm/Mul,rms:/model/layers.0/input_layernorm/Mul,rms,rms_gpu_bfyx_opt__f16,232,false,false,1,1,rms_gpu_bfyx_opt_10690270683970839748_0_0__sa,gtpin_total_execution_cycles,2036486,cycles,256,2036486
n1_i4,4,1,4,performance,layers.*/mlp,/model/layers.0/mlp/down_proj/MatMul,FullyConnected,FullyConnected,fullyconnected:/model/layers.0/mlp/down_proj/MatMul,fullyconnected:/model/layers.0/mlp/down_proj/MatMul,fully_connected,fully_connected_gpu_bf_tiled__f16,311,false,false,1,1,fully_connected_gpu_bf_tiled_2727911967636154657_0_0,gtpin_total_execution_cycles,78688112,cycles,64,78688112
n1_i4,4,1,4,performance,layers.*/mlp,/model/layers.0/mlp/gate_proj/MatMul,FullyConnected,FullyConnected,fullyconnected:/model/layers.0/mlp/gate_proj/MatMul,fullyconnected:/model/layers.0/mlp/gate_proj/MatMul,fully_connected,fully_connected_gpu_bf_tiled__f16,310,false,false,1,1,fully_connected_gpu_bf_tiled_9957149419786459120_0_0,gtpin_total_execution_cycles,115110076,cycles,176,115110076
n1_i4,4,1,4,performance,layers.*/mlp,/model/layers.0/mlp/up_proj/MatMul,FullyConnected,FullyConnected,fullyconnected:/model/layers.0/mlp/up_proj/MatMul,fullyconnected:/model/layers.0/mlp/up_proj/MatMul,fully_connected,fully_connected_gpu_bf_tiled__f16,309,false,false,1,1,fully_connected_gpu_bf_tiled_2740906288179525049_0_0,gtpin_total_execution_cycles,119104166,cycles,176,119104166
n1_i4,4,1,4,performance,layers.*/post_attention_layernorm,/model/layers.0/post_attention_layernorm/Mul,RMS,RMS,rms:/model/layers.0/post_attention_layernorm/Mul,rms:/model/layers.0/post_attention_layernorm/Mul,rms,rms_gpu_bfyx_opt__f16,308,false,false,1,1,rms_gpu_bfyx_opt_10690270683970839748_0_0__sa,gtpin_total_execution_cycles,1969964,cycles,256,1969964
n1_i4,4,1,4,performance,layers.*/self_attn,/model/layers.0/self_attn/Add,RoPE,RoPE,rope:/model/layers.0/self_attn/Add,rope:/model/layers.0/self_attn/Add,rope,ocl::rope::opt___f16,286,false,false,1,1,rope_opt__13889706310558783765__sa,gtpin_total_execution_cycles,1218734,cycles,64,1218734
n1_i4,4,1,4,performance,layers.*/self_attn,/model/layers.0/self_attn/Add_1,RoPE,RoPE,rope:/model/layers.0/self_attn/Add_1,rope:/model/layers.0/self_attn/Add_1,rope,ocl::rope::opt___f16,285,false,false,1,1,rope_opt__6960924190377492479__sa,gtpin_total_execution_cycles,84206,cycles,8,84206
n1_i4,4,1,4,performance,layers.*/self_attn,/model/layers.0/self_attn/Expand,Broadcast,Broadcast,broadcast:/model/layers.0/self_attn/Expand,broadcast:/model/layers.0/self_attn/Expand,broadcast,broadcast_gpu_ref__f16,296,false,false,1,1,broadcast_gpu_ref_6456514822857321615_0_0__sa,gtpin_total_execution_cycles,3988114,cycles,1024,3988114
n1_i4,4,1,4,performance,layers.*/self_attn,/model/layers.0/self_attn/Expand_1,Broadcast,Broadcast,broadcast:/model/layers.0/self_attn/Expand_1,broadcast:/model/layers.0/self_attn/Expand_1,broadcast,broadcast_gpu_ref__f16,277,false,false,1,1,broadcast_gpu_ref_6456514822857321615_0_0__sa,gtpin_total_execution_cycles,4186150,cycles,1024,4186150
n1_i4,4,1,4,performance,layers.*/self_attn,/model/layers.0/self_attn/IsNaN,IsNaN,IsNaN,isnan:/model/layers.0/self_attn/IsNaN,isnan:/model/layers.0/self_attn/IsNaN,eltwise,generic_eltwise_ref__f16,303,false,false,1,1,generic_eltwise_ref_1696504087421334661_0_0__sa,gtpin_total_execution_cycles,1145084,cycles,256,1145084
n1_i4,4,1,4,performance,layers.*/self_attn,/model/layers.0/self_attn/MatMul,Gemm,Gemm,gemm:/model/layers.0/self_attn/MatMul,gemm:/model/layers.0/self_attn/MatMul,gemm,gemm_tiled_opt__f16,301,false,false,1,1,gemm_tiled_opt_7238579717421349067_1_0__sa,gtpin_total_execution_cycles,3983800,cycles,32,3983800
n1_i4,4,1,4,performance,layers.*/self_attn,/model/layers.0/self_attn/Mul_8,Multiply,Multiply,multiply:/model/layers.0/self_attn/Mul_8,multiply:/model/layers.0/self_attn/Mul_8,eltwise,generic_eltwise_ref__f16,290,false,false,1,1,generic_eltwise_ref_7125964068740378811_0_0__sa,gtpin_total_execution_cycles,4763966,cycles,1024,4763966
n1_i4,4,1,4,performance,layers.*/self_attn,/model/layers.0/self_attn/Softmax,Softmax,Softmax,softmax:/model/layers.0/self_attn/Softmax,softmax:/model/layers.0/self_attn/Softmax,softmax,softmax_gpu_bf__f16,302,false,false,1,1,softmax_gpu_bf_18392998524141771378_0_0__sa,gtpin_total_execution_cycles,7975124,cycles,512,7975124
n1_i4,4,1,4,performance,layers.*/self_attn,/model/layers.0/self_attn/Transpose_2,Transpose,Transpose,transpose:/model/layers.0/self_attn/Transpose_2,transpose:/model/layers.0/self_attn/Transpose_2,permute,permute_ref__f16,252,false,false,1,1,permute_ref_653960189515371720_0_0__sa,gtpin_total_execution_cycles,445428,cycles,128,445428
n1_i4,4,1,4,performance,layers.*/self_attn,/model/layers.0/self_attn/Transpose_3,Transpose,Transpose,transpose:/model/layers.0/self_attn/Transpose_3,transpose:/model/layers.0/self_attn/Transpose_3,permute,permute_ref__f16,300,false,false,1,1,permute_ref_17183202574580890641_0_0__sa,gtpin_total_execution_cycles,5275114,cycles,1024,5275114
n1_i4,4,1,4,performance,layers.*/self_attn,/model/layers.0/self_attn/Transpose_4,Gemm,Gemm,gemm:/model/layers.0/self_attn/Transpose_4,gemm:/model/layers.0/self_attn/Transpose_4,gemm,gemm_tiled_opt__f16,305,false,false,1,1,gemm_tiled_opt_12829285813189929928_0_0__sa,gtpin_total_execution_cycles,2036212,cycles,64,2036212
n1_i4,4,1,4,performance,layers.*/self_attn,/model/layers.0/self_attn/Unsqueeze_6_restore_precision_0,Convert,Convert,convert:/model/layers.0/self_attn/Unsqueeze_6_restore_precision_0,convert:/model/layers.0/self_attn/Unsqueeze_6_restore_precision_0,reorder,reorder_data__f32,279,false,false,1,1,reorder_data_13786606319827428276_0_0__sa,gtpin_total_execution_cycles,76434,cycles,32,76434
n1_i4,4,1,4,performance,layers.*/self_attn,/model/layers.0/self_attn/Unsqueeze_7_restore_precision_1,Convert,Convert,convert:/model/layers.0/self_attn/Unsqueeze_7_restore_precision_1,convert:/model/layers.0/self_attn/Unsqueeze_7_restore_precision_1,reorder,reorder_data__f32,278,false,false,1,1,reorder_data_13786606319827428276_0_0__sa,gtpin_total_execution_cycles,75934,cycles,32,75934
n1_i4,4,1,4,performance,layers.*/self_attn,/model/layers.0/self_attn/Where_2,Select,Select,select:/model/layers.0/self_attn/Where_2,select:/model/layers.0/self_attn/Where_2,select,select_gpu_ref__u8,299,false,false,1,1,select_gpu_ref_7464502897564813179_0_0__sa,gtpin_total_execution_cycles,35908,cycles,8,35908
n1_i4,4,1,4,performance,layers.*/self_attn,/model/layers.0/self_attn/Where_3,Select,Select,select:/model/layers.0/self_attn/Where_3,select:/model/layers.0/self_attn/Where_3,select,select_gpu_ref__u8,304,false,false,1,1,select_gpu_ref_5609897181611433017_0_0__sa,gtpin_total_execution_cycles,1502730,cycles,256,1502730
n1_i4,4,1,4,performance,layers.*/self_attn,/model/layers.0/self_attn/k_proj/MatMul,FullyConnected,FullyConnected,fullyconnected:/model/layers.0/self_attn/k_proj/MatMul,fullyconnected:/model/layers.0/self_attn/k_proj/MatMul,fully_connected,fully_connected_gpu_bf_tiled__f16,240,false,false,1,1,fully_connected_gpu_bf_tiled_17963963101609895522_0_0,gtpin_total_execution_cycles,4156282,cycles,8,4156282
n1_i4,4,1,4,performance,layers.*/self_attn,/model/layers.0/self_attn/o_proj/MatMul,FullyConnected,FullyConnected,fullyconnected:/model/layers.0/self_attn/o_proj/MatMul,fullyconnected:/model/layers.0/self_attn/o_proj/MatMul,fully_connected,fully_connected_gpu_bf_tiled__f16,307,false,false,1,1,fully_connected_gpu_bf_tiled_14284117615310227244_0_0,gtpin_total_execution_cycles,29131950,cycles,64,29131950
n1_i4,4,1,4,performance,layers.*/self_attn,/model/layers.0/self_attn/q_proj/MatMul,FullyConnected,FullyConnected,fullyconnected:/model/layers.0/self_attn/q_proj/MatMul,fullyconnected:/model/layers.0/self_attn/q_proj/MatMul,fully_connected,fully_connected_gpu_bf_tiled__f16,239,false,false,1,1,fully_connected_gpu_bf_tiled_5315586391497964380_0_0,gtpin_total_execution_cycles,32487826,cycles,64,32487826
n1_i4,4,1,4,performance,layers.*/self_attn,/model/layers.0/self_attn/v_proj/MatMul,FullyConnected,FullyConnected,fullyconnected:/model/layers.0/self_attn/v_proj/MatMul,fullyconnected:/model/layers.0/self_attn/v_proj/MatMul,fully_connected,fully_connected_gpu_bf_tiled__f16,238,false,false,1,1,fully_connected_gpu_bf_tiled_17963963101609895522_0_0,gtpin_total_execution_cycles,3968940,cycles,8,3968940
n1_i4,4,1,4,performance,layers.*/input_layernorm,/model/layers.1/input_layernorm/Mul,RMS,RMS,rms:/model/layers.1/input_layernorm/Mul,rms:/model/layers.1/input_layernorm/Mul,rms,rms_gpu_bfyx_opt__f16,312,false,false,1,1,rms_gpu_bfyx_opt_10690270683970839748_0_0__sa,gtpin_total_execution_cycles,1924356,cycles,256,1924356
n1_i4,4,1,4,performance,layers.*/mlp,/model/layers.1/mlp/down_proj/MatMul,FullyConnected,FullyConnected,fullyconnected:/model/layers.1/mlp/down_proj/MatMul,fullyconnected:/model/layers.1/mlp/down_proj/MatMul,fully_connected,fully_connected_gpu_bf_tiled__f16,347,false,false,1,1,fully_connected_gpu_bf_tiled_2727911967636154657_0_0,gtpin_total_execution_cycles,81404564,cycles,64,81404564
n1_i4,4,1,4,performance,layers.*/mlp,/model/layers.1/mlp/gate_proj/MatMul,FullyConnected,FullyConnected,fullyconnected:/model/layers.1/mlp/gate_proj/MatMul,fullyconnected:/model/layers.1/mlp/gate_proj/MatMul,fully_connected,fully_connected_gpu_bf_tiled__f16,346,false,false,1,1,fully_connected_gpu_bf_tiled_9957149419786459120_0_0,gtpin_total_execution_cycles,126657662,cycles,176,126657662
n1_i4,4,1,4,performance,layers.*/mlp,/model/layers.1/mlp/up_proj/MatMul,FullyConnected,FullyConnected,fullyconnected:/model/layers.1/mlp/up_proj/MatMul,fullyconnected:/model/layers.1/mlp/up_proj/MatMul,fully_connected,fully_connected_gpu_bf_tiled__f16,345,false,false,1,1,fully_connected_gpu_bf_tiled_2740906288179525049_0_0,gtpin_total_execution_cycles,103744760,cycles,176,103744760
n1_i4,4,1,4,performance,layers.*/post_attention_layernorm,/model/layers.1/post_attention_layernorm/Mul,RMS,RMS,rms:/model/layers.1/post_attention_layernorm/Mul,rms:/model/layers.1/post_attention_layernorm/Mul,rms,rms_gpu_bfyx_opt__f16,344,false,false,1,1,rms_gpu_bfyx_opt_10690270683970839748_0_0__sa,gtpin_total_execution_cycles,1914250,cycles,256,1914250
n1_i4,4,1,4,performance,layers.*/self_attn,/model/layers.1/self_attn/Add,RoPE,RoPE,rope:/model/layers.1/self_attn/Add,rope:/model/layers.1/self_attn/Add,rope,ocl::rope::opt___f16,320,false,false,1,1,rope_opt__13889706310558783765__sa,gtpin_total_execution_cycles,874840,cycles,64,874840
n1_i4,4,1,4,performance,layers.*/self_attn,/model/layers.1/self_attn/Add_1,RoPE,RoPE,rope:/model/layers.1/self_attn/Add_1,rope:/model/layers.1/self_attn/Add_1,rope,ocl::rope::opt___f16,321,false,false,1,1,rope_opt__6960924190377492479__sa,gtpin_total_execution_cycles,67816,cycles,8,67816
n1_i4,4,1,4,performance,layers.*/self_attn,/model/layers.1/self_attn/Expand,Broadcast,Broadcast,broadcast:/model/layers.1/self_attn/Expand,broadcast:/model/layers.1/self_attn/Expand,broadcast,broadcast_gpu_ref__f16,333,false,false,1,1,broadcast_gpu_ref_6456514822857321615_0_0__sa,gtpin_total_execution_cycles,5628764,cycles,1024,5628764
n1_i4,4,1,4,performance,layers.*/self_attn,/model/layers.1/self_attn/Expand_1,Broadcast,Broadcast,broadcast:/model/layers.1/self_attn/Expand_1,broadcast:/model/layers.1/self_attn/Expand_1,broadcast,broadcast_gpu_ref__f16,326,false,false,1,1,broadcast_gpu_ref_6456514822857321615_0_0__sa,gtpin_total_execution_cycles,3861852,cycles,1024,3861852
n1_i4,4,1,4,performance,layers.*/self_attn,/model/layers.1/self_attn/IsNaN,IsNaN,IsNaN,isnan:/model/layers.1/self_attn/IsNaN,isnan:/model/layers.1/self_attn/IsNaN,eltwise,generic_eltwise_ref__f16,339,false,false,1,1,generic_eltwise_ref_1696504087421334661_0_0__sa,gtpin_total_execution_cycles,1085450,cycles,256,1085450
n1_i4,4,1,4,performance,layers.*/self_attn,/model/layers.1/self_attn/MatMul,Gemm,Gemm,gemm:/model/layers.1/self_attn/MatMul,gemm:/model/layers.1/self_attn/MatMul,gemm,gemm_tiled_opt__f16,337,false,false,1,1,gemm_tiled_opt_7238579717421349067_1_0__sa,gtpin_total_execution_cycles,3433334,cycles,32,3433334
n1_i4,4,1,4,performance,layers.*/self_attn,/model/layers.1/self_attn/Mul_8,Multiply,Multiply,multiply:/model/layers.1/self_attn/Mul_8,multiply:/model/layers.1/self_attn/Mul_8,eltwise,generic_eltwise_ref__f16,323,false,false,1,1,generic_eltwise_ref_7125964068740378811_0_0__sa,gtpin_total_execution_cycles,5231008,cycles,1024,5231008
n1_i4,4,1,4,performance,layers.*/self_attn,/model/layers.1/self_attn/Softmax,Softmax,Softmax,softmax:/model/layers.1/self_attn/Softmax,softmax:/model/layers.1/self_attn/Softmax,softmax,softmax_gpu_bf__f16,338,false,false,1,1,softmax_gpu_bf_18392998524141771378_0_0__sa,gtpin_total_execution_cycles,7767183,cycles,512,7767183
n1_i4,4,1,4,performance,layers.*/self_attn,/model/layers.1/self_attn/Transpose_2,Transpose,Transpose,transpose:/model/layers.1/self_attn/Transpose_2,transpose:/model/layers.1/self_attn/Transpose_2,permute,permute_ref__f16,319,false,false,1,1,permute_ref_653960189515371720_0_0__sa,gtpin_total_execution_cycles,545010,cycles,128,545010
n1_i4,4,1,4,performance,layers.*/self_attn,/model/layers.1/self_attn/Transpose_3,Transpose,Transpose,transpose:/model/layers.1/self_attn/Transpose_3,transpose:/model/layers.1/self_attn/Transpose_3,permute,permute_ref__f16,336,false,false,1,1,permute_ref_17183202574580890641_0_0__sa,gtpin_total_execution_cycles,5355712,cycles,1024,5355712
n1_i4,4,1,4,performance,layers.*/self_attn,/model/layers.1/self_attn/Transpose_4,Gemm,Gemm,gemm:/model/layers.1/self_attn/Transpose_4,gemm:/model/layers.1/self_attn/Transpose_4,gemm,gemm_tiled_opt__f16,341,false,false,1,1,gemm_tiled_opt_12829285813189929928_0_0__sa,gtpin_total_execution_cycles,2044724,cycles,64,2044724
n1_i4,4,1,4,performance,layers.*/self_attn,/model/layers.1/self_attn/Where_2,Select,Select,select:/model/layers.1/self_attn/Where_2,select:/model/layers.1/self_attn/Where_2,select,select_gpu_ref__u8,334,false,false,1,1,select_gpu_ref_7464502897564813179_0_0__sa,gtpin_total_execution_cycles,36412,cycles,8,36412
n1_i4,4,1,4,performance,layers.*/self_attn,/model/layers.1/self_attn/Where_3,Select,Select,select:/model/layers.1/self_attn/Where_3,select:/model/layers.1/self_attn/Where_3,select,select_gpu_ref__u8,340,false,false,1,1,select_gpu_ref_5609897181611433017_0_0__sa,gtpin_total_execution_cycles,1421640,cycles,256,1421640
n1_i4,4,1,4,performance,layers.*/self_attn,/model/layers.1/self_attn/k_proj/MatMul,FullyConnected,FullyConnected,fullyconnected:/model/layers.1/self_attn/k_proj/MatMul,fullyconnected:/model/layers.1/self_attn/k_proj/MatMul,fully_connected,fully_connected_gpu_bf_tiled__f16,315,false,false,1,1,fully_connected_gpu_bf_tiled_17963963101609895522_0_0,gtpin_total_execution_cycles,3772062,cycles,8,3772062
n1_i4,4,1,4,performance,layers.*/self_attn,/model/layers.1/self_attn/o_proj/MatMul,FullyConnected,FullyConnected,fullyconnected:/model/layers.1/self_attn/o_proj/MatMul,fullyconnected:/model/layers.1/self_attn/o_proj/MatMul,fully_connected,fully_connected_gpu_bf_tiled__f16,343,false,false,1,1,fully_connected_gpu_bf_tiled_14284117615310227244_0_0,gtpin_total_execution_cycles,29005906,cycles,64,29005906
n1_i4,4,1,4,performance,layers.*/self_attn,/model/layers.1/self_attn/q_proj/MatMul,FullyConnected,FullyConnected,fullyconnected:/model/layers.1/self_attn/q_proj/MatMul,fullyconnected:/model/layers.1/self_attn/q_proj/MatMul,fully_connected,fully_connected_gpu_bf_tiled__f16,314,false,false,1,1,fully_connected_gpu_bf_tiled_5315586391497964380_0_0,gtpin_total_execution_cycles,29196530,cycles,64,29196530
n1_i4,4,1,4,performance,layers.*/self_attn,/model/layers.1/self_attn/v_proj/MatMul,FullyConnected,FullyConnected,fullyconnected:/model/layers.1/self_attn/v_proj/MatMul,fullyconnected:/model/layers.1/self_attn/v_proj/MatMul,fully_connected,fully_connected_gpu_bf_tiled__f16,313,false,false,1,1,fully_connected_gpu_bf_tiled_17963963101609895522_0_0,gtpin_total_execution_cycles,3573398,cycles,8,3573398
n1_i4,4,1,4,performance,layers.*/input_layernorm,/model/layers.10/input_layernorm/Mul,RMS,RMS,rms:/model/layers.10/input_layernorm/Mul,rms:/model/layers.10/input_layernorm/Mul,rms,rms_gpu_bfyx_opt__f16,636,false,false,1,1,rms_gpu_bfyx_opt_10690270683970839748_0_0__sa,gtpin_total_execution_cycles,1472022,cycles,256,1472022
n1_i4,4,1,4,performance,layers.*/mlp,/model/layers.10/mlp/down_proj/MatMul,FullyConnected,FullyConnected,fullyconnected:/model/layers.10/mlp/down_proj/MatMul,fullyconnected:/model/layers.10/mlp/down_proj/MatMul,fully_connected,fully_connected_gpu_bf_tiled__f16,671,false,false,1,1,fully_connected_gpu_bf_tiled_2727911967636154657_0_0,gtpin_total_execution_cycles,74709898,cycles,64,74709898
n1_i4,4,1,4,performance,layers.*/mlp,/model/layers.10/mlp/gate_proj/MatMul,FullyConnected,FullyConnected,fullyconnected:/model/layers.10/mlp/gate_proj/MatMul,fullyconnected:/model/layers.10/mlp/gate_proj/MatMul,fully_connected,fully_connected_gpu_bf_tiled__f16,670,false,false,1,1,fully_connected_gpu_bf_tiled_9957149419786459120_0_0,gtpin_total_execution_cycles,105348650,cycles,176,105348650
n1_i4,4,1,4,performance,layers.*/mlp,/model/layers.10/mlp/up_proj/MatMul,FullyConnected,FullyConnected,fullyconnected:/model/layers.10/mlp/up_proj/MatMul,fullyconnected:/model/layers.10/mlp/up_proj/MatMul,fully_connected,fully_connected_gpu_bf_tiled__f16,669,false,false,1,1,fully_connected_gpu_bf_tiled_2740906288179525049_0_0,gtpin_total_execution_cycles,97876072,cycles,176,97876072
n1_i4,4,1,4,performance,layers.*/post_attention_layernorm,/model/layers.10/post_attention_layernorm/Mul,RMS,RMS,rms:/model/layers.10/post_attention_layernorm/Mul,rms:/model/layers.10/post_attention_layernorm/Mul,rms,rms_gpu_bfyx_opt__f16,668,false,false,1,1,rms_gpu_bfyx_opt_10690270683970839748_0_0__sa,gtpin_total_execution_cycles,2040484,cycles,256,2040484
n1_i4,4,1,4,performance,layers.*/self_attn,/model/layers.10/self_attn/Add,RoPE,RoPE,rope:/model/layers.10/self_attn/Add,rope:/model/layers.10/self_attn/Add,rope,ocl::rope::opt___f16,644,false,false,1,1,rope_opt__13889706310558783765__sa,gtpin_total_execution_cycles,816458,cycles,64,816458
n1_i4,4,1,4,performance,layers.*/self_attn,/model/layers.10/self_attn/Add_1,RoPE,RoPE,rope:/model/layers.10/self_attn/Add_1,rope:/model/layers.10/self_attn/Add_1,rope,ocl::rope::opt___f16,645,false,false,1,1,rope_opt__6960924190377492479__sa,gtpin_total_execution_cycles,64690,cycles,8,64690
n1_i4,4,1,4,performance,layers.*/self_attn,/model/layers.10/self_attn/Expand,Broadcast,Broadcast,broadcast:/model/layers.10/self_attn/Expand,broadcast:/model/layers.10/self_attn/Expand,broadcast,broadcast_gpu_ref__f16,657,false,false,1,1,broadcast_gpu_ref_6456514822857321615_0_0__sa,gtpin_total_execution_cycles,5445874,cycles,1024,5445874
n1_i4,4,1,4,performance,layers.*/self_attn,/model/layers.10/self_attn/Expand_1,Broadcast,Broadcast,broadcast:/model/layers.10/self_attn/Expand_1,broadcast:/model/layers.10/self_attn/Expand_1,broadcast,broadcast_gpu_ref__f16,650,false,false,1,1,broadcast_gpu_ref_6456514822857321615_0_0__sa,gtpin_total_execution_cycles,3945538,cycles,1024,3945538
n1_i4,4,1,4,performance,layers.*/self_attn,/model/layers.10/self_attn/IsNaN,IsNaN,IsNaN,isnan:/model/layers.10/self_attn/IsNaN,isnan:/model/layers.10/self_attn/IsNaN,eltwise,generic_eltwise_ref__f16,663,false,false,1,1,generic_eltwise_ref_1696504087421334661_0_0__sa,gtpin_total_execution_cycles,1732140,cycles,256,1732140
n1_i4,4,1,4,performance,layers.*/self_attn,/model/layers.10/self_attn/MatMul,Gemm,Gemm,gemm:/model/layers.10/self_attn/MatMul,gemm:/model/layers.10/self_attn/MatMul,gemm,gemm_tiled_opt__f16,661,false,false,1,1,gemm_tiled_opt_7238579717421349067_1_0__sa,gtpin_total_execution_cycles,3492010,cycles,32,3492010
n1_i4,4,1,4,performance,layers.*/self_attn,/model/layers.10/self_attn/Mul_8,Multiply,Multiply,multiply:/model/layers.10/self_attn/Mul_8,multiply:/model/layers.10/self_attn/Mul_8,eltwise,generic_eltwise_ref__f16,647,false,false,1,1,generic_eltwise_ref_7125964068740378811_0_0__sa,gtpin_total_execution_cycles,5080090,cycles,1024,5080090
n1_i4,4,1,4,performance,layers.*/self_attn,/model/layers.10/self_attn/Softmax,Softmax,Softmax,softmax:/model/layers.10/self_attn/Softmax,softmax:/model/layers.10/self_attn/Softmax,softmax,softmax_gpu_bf__f16,662,false,false,1,1,softmax_gpu_bf_18392998524141771378_0_0__sa,gtpin_total_execution_cycles,7782958,cycles,512,7782958
n1_i4,4,1,4,performance,layers.*/self_attn,/model/layers.10/self_attn/Transpose_2,Transpose,Transpose,transpose:/model/layers.10/self_attn/Transpose_2,transpose:/model/layers.10/self_attn/Transpose_2,permute,permute_ref__f16,643,false,false,1,1,permute_ref_653960189515371720_0_0__sa,gtpin_total_execution_cycles,491298,cycles,128,491298
n1_i4,4,1,4,performance,layers.*/self_attn,/model/layers.10/self_attn/Transpose_3,Transpose,Transpose,transpose:/model/layers.10/self_attn/Transpose_3,transpose:/model/layers.10/self_attn/Transpose_3,permute,permute_ref__f16,660,false,false,1,1,permute_ref_17183202574580890641_0_0__sa,gtpin_total_execution_cycles,5628800,cycles,1024,5628800
n1_i4,4,1,4,performance,layers.*/self_attn,/model/layers.10/self_attn/Transpose_4,Gemm,Gemm,gemm:/model/layers.10/self_attn/Transpose_4,gemm:/model/layers.10/self_attn/Transpose_4,gemm,gemm_tiled_opt__f16,665,false,false,1,1,gemm_tiled_opt_12829285813189929928_0_0__sa,gtpin_total_execution_cycles,2031682,cycles,64,2031682
n1_i4,4,1,4,performance,layers.*/self_attn,/model/layers.10/self_attn/Where_2,Select,Select,select:/model/layers.10/self_attn/Where_2,select:/model/layers.10/self_attn/Where_2,select,select_gpu_ref__u8,658,false,false,1,1,select_gpu_ref_7464502897564813179_0_0__sa,gtpin_total_execution_cycles,37160,cycles,8,37160
n1_i4,4,1,4,performance,layers.*/self_attn,/model/layers.10/self_attn/Where_3,Select,Select,select:/model/layers.10/self_attn/Where_3,select:/model/layers.10/self_attn/Where_3,select,select_gpu_ref__u8,664,false,false,1,1,select_gpu_ref_5609897181611433017_0_0__sa,gtpin_total_execution_cycles,1501638,cycles,256,1501638
n1_i4,4,1,4,performance,layers.*/self_attn,/model/layers.10/self_attn/k_proj/MatMul,FullyConnected,FullyConnected,fullyconnected:/model/layers.10/self_attn/k_proj/MatMul,fullyconnected:/model/layers.10/self_attn/k_proj/MatMul,fully_connected,fully_connected_gpu_bf_tiled__f16,639,false,false,1,1,fully_connected_gpu_bf_tiled_17963963101609895522_0_0,gtpin_total_execution_cycles,3628612,cycles,8,3628612
n1_i4,4,1,4,performance,layers.*/self_attn,/model/layers.10/self_attn/o_proj/MatMul,FullyConnected,FullyConnected,fullyconnected:/model/layers.10/self_attn/o_proj/MatMul,fullyconnected:/model/layers.10/self_attn/o_proj/MatMul,fully_connected,fully_connected_gpu_bf_tiled__f16,667,false,false,1,1,fully_connected_gpu_bf_tiled_14284117615310227244_0_0,gtpin_total_execution_cycles,28139070,cycles,64,28139070
n1_i4,4,1,4,performance,layers.*/self_attn,/model/layers.10/self_attn/q_proj/MatMul,FullyConnected,FullyConnected,fullyconnected:/model/layers.10/self_attn/q_proj/MatMul,fullyconnected:/model/layers.10/self_attn/q_proj/MatMul,fully_connected,fully_connected_gpu_bf_tiled__f16,638,false,false,1,1,fully_connected_gpu_bf_tiled_5315586391497964380_0_0,gtpin_total_execution_cycles,28205914,cycles,64,28205914
n1_i4,4,1,4,performance,layers.*/self_attn,/model/layers.10/self_attn/v_proj/MatMul,FullyConnected,FullyConnected,fullyconnected:/model/layers.10/self_attn/v_proj/MatMul,fullyconnected:/model/layers.10/self_attn/v_proj/MatMul,fully_connected,fully_connected_gpu_bf_tiled__f16,637,false,false,1,1,fully_connected_gpu_bf_tiled_17963963101609895522_0_0,gtpin_total_execution_cycles,3452692,cycles,8,3452692
n1_i4,4,1,4,performance,layers.*/input_layernorm,/model/layers.11/input_layernorm/Mul,RMS,RMS,rms:/model/layers.11/input_layernorm/Mul,rms:/model/layers.11/input_layernorm/Mul,rms,rms_gpu_bfyx_opt__f16,672,false,false,1,1,rms_gpu_bfyx_opt_10690270683970839748_0_0__sa,gtpin_total_execution_cycles,2184718,cycles,256,2184718
n1_i4,4,1,4,performance,layers.*/mlp,/model/layers.11/mlp/down_proj/MatMul,FullyConnected,FullyConnected,fullyconnected:/model/layers.11/mlp/down_proj/MatMul,fullyconnected:/model/layers.11/mlp/down_proj/MatMul,fully_connected,fully_connected_gpu_bf_tiled__f16,707,false,false,1,1,fully_connected_gpu_bf_tiled_2727911967636154657_0_0,gtpin_total_execution_cycles,75284550,cycles,64,75284550
n1_i4,4,1,4,performance,layers.*/mlp,/model/layers.11/mlp/gate_proj/MatMul,FullyConnected,FullyConnected,fullyconnected:/model/layers.11/mlp/gate_proj/MatMul,fullyconnected:/model/layers.11/mlp/gate_proj/MatMul,fully_connected,fully_connected_gpu_bf_tiled__f16,706,false,false,1,1,fully_connected_gpu_bf_tiled_9957149419786459120_0_0,gtpin_total_execution_cycles,142294954,cycles,176,142294954
n1_i4,4,1,4,performance,layers.*/mlp,/model/layers.11/mlp/up_proj/MatMul,FullyConnected,FullyConnected,fullyconnected:/model/layers.11/mlp/up_proj/MatMul,fullyconnected:/model/layers.11/mlp/up_proj/MatMul,fully_connected,fully_connected_gpu_bf_tiled__f16,705,false,false,1,1,fully_connected_gpu_bf_tiled_2740906288179525049_0_0,gtpin_total_execution_cycles,109324064,cycles,176,109324064
n1_i4,4,1,4,performance,layers.*/post_attention_layernorm,/model/layers.11/post_attention_layernorm/Mul,RMS,RMS,rms:/model/layers.11/post_attention_layernorm/Mul,rms:/model/layers.11/post_attention_layernorm/Mul,rms,rms_gpu_bfyx_opt__f16,704,false,false,1,1,rms_gpu_bfyx_opt_10690270683970839748_0_0__sa,gtpin_total_execution_cycles,1883278,cycles,256,1883278
n1_i4,4,1,4,performance,layers.*/self_attn,/model/layers.11/self_attn/Add,RoPE,RoPE,rope:/model/layers.11/self_attn/Add,rope:/model/layers.11/self_attn/Add,rope,ocl::rope::opt___f16,680,false,false,1,1,rope_opt__13889706310558783765__sa,gtpin_total_execution_cycles,817104,cycles,64,817104
n1_i4,4,1,4,performance,layers.*/self_attn,/model/layers.11/self_attn/Add_1,RoPE,RoPE,rope:/model/layers.11/self_attn/Add_1,rope:/model/layers.11/self_attn/Add_1,rope,ocl::rope::opt___f16,681,false,false,1,1,rope_opt__6960924190377492479__sa,gtpin_total_execution_cycles,63862,cycles,8,63862
n1_i4,4,1,4,performance,layers.*/self_attn,/model/layers.11/self_attn/Expand,Broadcast,Broadcast,broadcast:/model/layers.11/self_attn/Expand,broadcast:/model/layers.11/self_attn/Expand,broadcast,broadcast_gpu_ref__f16,693,false,false,1,1,broadcast_gpu_ref_6456514822857321615_0_0__sa,gtpin_total_execution_cycles,3814522,cycles,1024,3814522
n1_i4,4,1,4,performance,layers.*/self_attn,/model/layers.11/self_attn/Expand_1,Broadcast,Broadcast,broadcast:/model/layers.11/self_attn/Expand_1,broadcast:/model/layers.11/self_attn/Expand_1,broadcast,broadcast_gpu_ref__f16,686,false,false,1,1,broadcast_gpu_ref_6456514822857321615_0_0__sa,gtpin_total_execution_cycles,4687844,cycles,1024,4687844
n1_i4,4,1,4,performance,layers.*/self_attn,/model/layers.11/self_attn/IsNaN,IsNaN,IsNaN,isnan:/model/layers.11/self_attn/IsNaN,isnan:/model/layers.11/self_attn/IsNaN,eltwise,generic_eltwise_ref__f16,699,false,false,1,1,generic_eltwise_ref_1696504087421334661_0_0__sa,gtpin_total_execution_cycles,1310148,cycles,256,1310148
n1_i4,4,1,4,performance,layers.*/self_attn,/model/layers.11/self_attn/MatMul,Gemm,Gemm,gemm:/model/layers.11/self_attn/MatMul,gemm:/model/layers.11/self_attn/MatMul,gemm,gemm_tiled_opt__f16,697,false,false,1,1,gemm_tiled_opt_7238579717421349067_1_0__sa,gtpin_total_execution_cycles,3418316,cycles,32,3418316
n1_i4,4,1,4,performance,layers.*/self_attn,/model/layers.11/self_attn/Mul_8,Multiply,Multiply,multiply:/model/layers.11/self_attn/Mul_8,multiply:/model/layers.11/self_attn/Mul_8,eltwise,generic_eltwise_ref__f16,683,false,false,1,1,generic_eltwise_ref_7125964068740378811_0_0__sa,gtpin_total_execution_cycles,4646936,cycles,1024,4646936
n1_i4,4,1,4,performance,layers.*/self_attn,/model/layers.11/self_attn/Softmax,Softmax,Softmax,softmax:/model/layers.11/self_attn/Softmax,softmax:/model/layers.11/self_attn/Softmax,softmax,softmax_gpu_bf__f16,698,false,false,1,1,softmax_gpu_bf_18392998524141771378_0_0__sa,gtpin_total_execution_cycles,8080851,cycles,512,8080851
n1_i4,4,1,4,performance,layers.*/self_attn,/model/layers.11/self_attn/Transpose_2,Transpose,Transpose,transpose:/model/layers.11/self_attn/Transpose_2,transpose:/model/layers.11/self_attn/Transpose_2,permute,permute_ref__f16,679,false,false,1,1,permute_ref_653960189515371720_0_0__sa,gtpin_total_execution_cycles,463304,cycles,128,463304
n1_i4,4,1,4,performance,layers.*/self_attn,/model/layers.11/self_attn/Transpose_3,Transpose,Transpose,transpose:/model/layers.11/self_attn/Transpose_3,transpose:/model/layers.11/self_attn/Transpose_3,permute,permute_ref__f16,696,false,false,1,1,permute_ref_17183202574580890641_0_0__sa,gtpin_total_execution_cycles,6677254,cycles,1024,6677254
n1_i4,4,1,4,performance,layers.*/self_attn,/model/layers.11/self_attn/Transpose_4,Gemm,Gemm,gemm:/model/layers.11/self_attn/Transpose_4,gemm:/model/layers.11/self_attn/Transpose_4,gemm,gemm_tiled_opt__f16,701,false,false,1,1,gemm_tiled_opt_12829285813189929928_0_0__sa,gtpin_total_execution_cycles,2187468,cycles,64,2187468
n1_i4,4,1,4,performance,layers.*/self_attn,/model/layers.11/self_attn/Where_2,Select,Select,select:/model/layers.11/self_attn/Where_2,select:/model/layers.11/self_attn/Where_2,select,select_gpu_ref__u8,694,false,false,1,1,select_gpu_ref_7464502897564813179_0_0__sa,gtpin_total_execution_cycles,42632,cycles,8,42632
n1_i4,4,1,4,performance,layers.*/self_attn,/model/layers.11/self_attn/Where_3,Select,Select,select:/model/layers.11/self_attn/Where_3,select:/model/layers.11/self_attn/Where_3,select,select_gpu_ref__u8,700,false,false,1,1,select_gpu_ref_5609897181611433017_0_0__sa,gtpin_total_execution_cycles,1515926,cycles,256,1515926
n1_i4,4,1,4,performance,layers.*/self_attn,/model/layers.11/self_attn/k_proj/MatMul,FullyConnected,FullyConnected,fullyconnected:/model/layers.11/self_attn/k_proj/MatMul,fullyconnected:/model/layers.11/self_attn/k_proj/MatMul,fully_connected,fully_connected_gpu_bf_tiled__f16,675,false,false,1,1,fully_connected_gpu_bf_tiled_17963963101609895522_0_0,gtpin_total_execution_cycles,3655290,cycles,8,3655290
n1_i4,4,1,4,performance,layers.*/self_attn,/model/layers.11/self_attn/o_proj/MatMul,FullyConnected,FullyConnected,fullyconnected:/model/layers.11/self_attn/o_proj/MatMul,fullyconnected:/model/layers.11/self_attn/o_proj/MatMul,fully_connected,fully_connected_gpu_bf_tiled__f16,703,false,false,1,1,fully_connected_gpu_bf_tiled_14284117615310227244_0_0,gtpin_total_execution_cycles,28625970,cycles,64,28625970
n1_i4,4,1,4,performance,layers.*/self_attn,/model/layers.11/self_attn/q_proj/MatMul,FullyConnected,FullyConnected,fullyconnected:/model/layers.11/self_attn/q_proj/MatMul,fullyconnected:/model/layers.11/self_attn/q_proj/MatMul,fully_connected,fully_connected_gpu_bf_tiled__f16,674,false,false,1,1,fully_connected_gpu_bf_tiled_5315586391497964380_0_0,gtpin_total_execution_cycles,28300464,cycles,64,28300464
n1_i4,4,1,4,performance,layers.*/self_attn,/model/layers.11/self_attn/v_proj/MatMul,FullyConnected,FullyConnected,fullyconnected:/model/layers.11/self_attn/v_proj/MatMul,fullyconnected:/model/layers.11/self_attn/v_proj/MatMul,fully_connected,fully_connected_gpu_bf_tiled__f16,673,false,false,1,1,fully_connected_gpu_bf_tiled_17963963101609895522_0_0,gtpin_total_execution_cycles,3441674,cycles,8,3441674
n1_i4,4,1,4,performance,layers.*/input_layernorm,/model/layers.12/input_layernorm/Mul,RMS,RMS,rms:/model/layers.12/input_layernorm/Mul,rms:/model/layers.12/input_layernorm/Mul,rms,rms_gpu_bfyx_opt__f16,708,false,false,1,1,rms_gpu_bfyx_opt_10690270683970839748_0_0__sa,gtpin_total_execution_cycles,1562410,cycles,256,1562410
n1_i4,4,1,4,performance,layers.*/mlp,/model/layers.12/mlp/down_proj/MatMul,FullyConnected,FullyConnected,fullyconnected:/model/layers.12/mlp/down_proj/MatMul,fullyconnected:/model/layers.12/mlp/down_proj/MatMul,fully_connected,fully_connected_gpu_bf_tiled__f16,743,false,false,1,1,fully_connected_gpu_bf_tiled_2727911967636154657_0_0,gtpin_total_execution_cycles,73660426,cycles,64,73660426
n1_i4,4,1,4,performance,layers.*/mlp,/model/layers.12/mlp/gate_proj/MatMul,FullyConnected,FullyConnected,fullyconnected:/model/layers.12/mlp/gate_proj/MatMul,fullyconnected:/model/layers.12/mlp/gate_proj/MatMul,fully_connected,fully_connected_gpu_bf_tiled__f16,742,false,false,1,1,fully_connected_gpu_bf_tiled_9957149419786459120_0_0,gtpin_total_execution_cycles,104068860,cycles,176,104068860
n1_i4,4,1,4,performance,layers.*/mlp,/model/layers.12/mlp/up_proj/MatMul,FullyConnected,FullyConnected,fullyconnected:/model/layers.12/mlp/up_proj/MatMul,fullyconnected:/model/layers.12/mlp/up_proj/MatMul,fully_connected,fully_connected_gpu_bf_tiled__f16,741,false,false,1,1,fully_connected_gpu_bf_tiled_2740906288179525049_0_0,gtpin_total_execution_cycles,96587862,cycles,176,96587862
n1_i4,4,1,4,performance,layers.*/post_attention_layernorm,/model/layers.12/post_attention_layernorm/Mul,RMS,RMS,rms:/model/layers.12/post_attention_layernorm/Mul,rms:/model/layers.12/post_attention_layernorm/Mul,rms,rms_gpu_bfyx_opt__f16,740,false,false,1,1,rms_gpu_bfyx_opt_10690270683970839748_0_0__sa,gtpin_total_execution_cycles,1935796,cycles,256,1935796
n1_i4,4,1,4,performance,layers.*/self_attn,/model/layers.12/self_attn/Add,RoPE,RoPE,rope:/model/layers.12/self_attn/Add,rope:/model/layers.12/self_attn/Add,rope,ocl::rope::opt___f16,716,false,false,1,1,rope_opt__13889706310558783765__sa,gtpin_total_execution_cycles,841674,cycles,64,841674
n1_i4,4,1,4,performance,layers.*/self_attn,/model/layers.12/self_attn/Add_1,RoPE,RoPE,rope:/model/layers.12/self_attn/Add_1,rope:/model/layers.12/self_attn/Add_1,rope,ocl::rope::opt___f16,717,false,false,1,1,rope_opt__6960924190377492479__sa,gtpin_total_execution_cycles,59290,cycles,8,59290
n1_i4,4,1,4,performance,layers.*/self_attn,/model/layers.12/self_attn/Expand,Broadcast,Broadcast,broadcast:/model/layers.12/self_attn/Expand,broadcast:/model/layers.12/self_attn/Expand,broadcast,broadcast_gpu_ref__f16,729,false,false,1,1,broadcast_gpu_ref_6456514822857321615_0_0__sa,gtpin_total_execution_cycles,3806748,cycles,1024,3806748
n1_i4,4,1,4,performance,layers.*/self_attn,/model/layers.12/self_attn/Expand_1,Broadcast,Broadcast,broadcast:/model/layers.12/self_attn/Expand_1,broadcast:/model/layers.12/self_attn/Expand_1,broadcast,broadcast_gpu_ref__f16,722,false,false,1,1,broadcast_gpu_ref_6456514822857321615_0_0__sa,gtpin_total_execution_cycles,4454728,cycles,1024,4454728
n1_i4,4,1,4,performance,layers.*/self_attn,/model/layers.12/self_attn/IsNaN,IsNaN,IsNaN,isnan:/model/layers.12/self_attn/IsNaN,isnan:/model/layers.12/self_attn/IsNaN,eltwise,generic_eltwise_ref__f16,735,false,false,1,1,generic_eltwise_ref_1696504087421334661_0_0__sa,gtpin_total_execution_cycles,1271648,cycles,256,1271648
n1_i4,4,1,4,performance,layers.*/self_attn,/model/layers.12/self_attn/MatMul,Gemm,Gemm,gemm:/model/layers.12/self_attn/MatMul,gemm:/model/layers.12/self_attn/MatMul,gemm,gemm_tiled_opt__f16,733,false,false,1,1,gemm_tiled_opt_7238579717421349067_1_0__sa,gtpin_total_execution_cycles,3717594,cycles,32,3717594
n1_i4,4,1,4,performance,layers.*/self_attn,/model/layers.12/self_attn/Mul_8,Multiply,Multiply,multiply:/model/layers.12/self_attn/Mul_8,multiply:/model/layers.12/self_attn/Mul_8,eltwise,generic_eltwise_ref__f16,719,false,false,1,1,generic_eltwise_ref_7125964068740378811_0_0__sa,gtpin_total_execution_cycles,4500374,cycles,1024,4500374
n1_i4,4,1,4,performance,layers.*/self_attn,/model/layers.12/self_attn/Softmax,Softmax,Softmax,softmax:/model/layers.12/self_attn/Softmax,softmax:/model/layers.12/self_attn/Softmax,softmax,softmax_gpu_bf__f16,734,false,false,1,1,softmax_gpu_bf_18392998524141771378_0_0__sa,gtpin_total_execution_cycles,8213824,cycles,512,8213824
n1_i4,4,1,4,performance,layers.*/self_attn,/model/layers.12/self_attn/Transpose_2,Transpose,Transpose,transpose:/model/layers.12/self_attn/Transpose_2,transpose:/model/layers.12/self_attn/Transpose_2,permute,permute_ref__f16,715,false,false,1,1,permute_ref_653960189515371720_0_0__sa,gtpin_total_execution_cycles,488058,cycles,128,488058
n1_i4,4,1,4,performance,layers.*/self_attn,/model/layers.12/self_attn/Transpose_3,Transpose,Transpose,transpose:/model/layers.12/self_attn/Transpose_3,transpose:/model/layers.12/self_attn/Transpose_3,permute,permute_ref__f16,732,false,false,1,1,permute_ref_17183202574580890641_0_0__sa,gtpin_total_execution_cycles,5331448,cycles,1024,5331448
n1_i4,4,1,4,performance,layers.*/self_attn,/model/layers.12/self_attn/Transpose_4,Gemm,Gemm,gemm:/model/layers.12/self_attn/Transpose_4,gemm:/model/layers.12/self_attn/Transpose_4,gemm,gemm_tiled_opt__f16,737,false,false,1,1,gemm_tiled_opt_12829285813189929928_0_0__sa,gtpin_total_execution_cycles,1968392,cycles,64,1968392
n1_i4,4,1,4,performance,layers.*/self_attn,/model/layers.12/self_attn/Where_2,Select,Select,select:/model/layers.12/self_attn/Where_2,select:/model/layers.12/self_attn/Where_2,select,select_gpu_ref__u8,730,false,false,1,1,select_gpu_ref_7464502897564813179_0_0__sa,gtpin_total_execution_cycles,37652,cycles,8,37652
n1_i4,4,1,4,performance,layers.*/self_attn,/model/layers.12/self_attn/Where_3,Select,Select,select:/model/layers.12/self_attn/Where_3,select:/model/layers.12/self_attn/Where_3,select,select_gpu_ref__u8,736,false,false,1,1,select_gpu_ref_5609897181611433017_0_0__sa,gtpin_total_execution_cycles,1571640,cycles,256,1571640
n1_i4,4,1,4,performance,layers.*/self_attn,/model/layers.12/self_attn/k_proj/MatMul,FullyConnected,FullyConnected,fullyconnected:/model/layers.12/self_attn/k_proj/MatMul,fullyconnected:/model/layers.12/self_attn/k_proj/MatMul,fully_connected,fully_connected_gpu_bf_tiled__f16,711,false,false,1,1,fully_connected_gpu_bf_tiled_17963963101609895522_0_0,gtpin_total_execution_cycles,3755028,cycles,8,3755028
n1_i4,4,1,4,performance,layers.*/self_attn,/model/layers.12/self_attn/o_proj/MatMul,FullyConnected,FullyConnected,fullyconnected:/model/layers.12/self_attn/o_proj/MatMul,fullyconnected:/model/layers.12/self_attn/o_proj/MatMul,fully_connected,fully_connected_gpu_bf_tiled__f16,739,false,false,1,1,fully_connected_gpu_bf_tiled_14284117615310227244_0_0,gtpin_total_execution_cycles,28088770,cycles,64,28088770
n1_i4,4,1,4,performance,layers.*/self_attn,/model/layers.12/self_attn/q_proj/MatMul,FullyConnected,FullyConnected,fullyconnected:/model/layers.12/self_attn/q_proj/MatMul,fullyconnected:/model/layers.12/self_attn/q_proj/MatMul,fully_connected,fully_connected_gpu_bf_tiled__f16,710,false,false,1,1,fully_connected_gpu_bf_tiled_5315586391497964380_0_0,gtpin_total_execution_cycles,29184364,cycles,64,29184364
n1_i4,4,1,4,performance,layers.*/self_attn,/model/layers.12/self_attn/v_proj/MatMul,FullyConnected,FullyConnected,fullyconnected:/model/layers.12/self_attn/v_proj/MatMul,fullyconnected:/model/layers.12/self_attn/v_proj/MatMul,fully_connected,fully_connected_gpu_bf_tiled__f16,709,false,false,1,1,fully_connected_gpu_bf_tiled_17963963101609895522_0_0,gtpin_total_execution_cycles,3563494,cycles,8,3563494
n1_i4,4,1,4,performance,layers.*/input_layernorm,/model/layers.13/input_layernorm/Mul,RMS,RMS,rms:/model/layers.13/input_layernorm/Mul,rms:/model/layers.13/input_layernorm/Mul,rms,rms_gpu_bfyx_opt__f16,744,false,false,1,1,rms_gpu_bfyx_opt_10690270683970839748_0_0__sa,gtpin_total_execution_cycles,1839806,cycles,256,1839806
n1_i4,4,1,4,performance,layers.*/mlp,/model/layers.13/mlp/down_proj/MatMul,FullyConnected,FullyConnected,fullyconnected:/model/layers.13/mlp/down_proj/MatMul,fullyconnected:/model/layers.13/mlp/down_proj/MatMul,fully_connected,fully_connected_gpu_bf_tiled__f16,779,false,false,1,1,fully_connected_gpu_bf_tiled_2727911967636154657_0_0,gtpin_total_execution_cycles,78775140,cycles,64,78775140
n1_i4,4,1,4,performance,layers.*/mlp,/model/layers.13/mlp/gate_proj/MatMul,FullyConnected,FullyConnected,fullyconnected:/model/layers.13/mlp/gate_proj/MatMul,fullyconnected:/model/layers.13/mlp/gate_proj/MatMul,fully_connected,fully_connected_gpu_bf_tiled__f16,778,false,false,1,1,fully_connected_gpu_bf_tiled_9957149419786459120_0_0,gtpin_total_execution_cycles,120055592,cycles,176,120055592
n1_i4,4,1,4,performance,layers.*/mlp,/model/layers.13/mlp/up_proj/MatMul,FullyConnected,FullyConnected,fullyconnected:/model/layers.13/mlp/up_proj/MatMul,fullyconnected:/model/layers.13/mlp/up_proj/MatMul,fully_connected,fully_connected_gpu_bf_tiled__f16,777,false,false,1,1,fully_connected_gpu_bf_tiled_2740906288179525049_0_0,gtpin_total_execution_cycles,100727402,cycles,176,100727402
n1_i4,4,1,4,performance,layers.*/post_attention_layernorm,/model/layers.13/post_attention_layernorm/Mul,RMS,RMS,rms:/model/layers.13/post_attention_layernorm/Mul,rms:/model/layers.13/post_attention_layernorm/Mul,rms,rms_gpu_bfyx_opt__f16,776,false,false,1,1,rms_gpu_bfyx_opt_10690270683970839748_0_0__sa,gtpin_total_execution_cycles,1855392,cycles,256,1855392
n1_i4,4,1,4,performance,layers.*/self_attn,/model/layers.13/self_attn/Add,RoPE,RoPE,rope:/model/layers.13/self_attn/Add,rope:/model/layers.13/self_attn/Add,rope,ocl::rope::opt___f16,752,false,false,1,1,rope_opt__13889706310558783765__sa,gtpin_total_execution_cycles,891280,cycles,64,891280
n1_i4,4,1,4,performance,layers.*/self_attn,/model/layers.13/self_attn/Add_1,RoPE,RoPE,rope:/model/layers.13/self_attn/Add_1,rope:/model/layers.13/self_attn/Add_1,rope,ocl::rope::opt___f16,753,false,false,1,1,rope_opt__6960924190377492479__sa,gtpin_total_execution_cycles,69474,cycles,8,69474
n1_i4,4,1,4,performance,layers.*/self_attn,/model/layers.13/self_attn/Expand,Broadcast,Broadcast,broadcast:/model/layers.13/self_attn/Expand,broadcast:/model/layers.13/self_attn/Expand,broadcast,broadcast_gpu_ref__f16,765,false,false,1,1,broadcast_gpu_ref_6456514822857321615_0_0__sa,gtpin_total_execution_cycles,5428854,cycles,1024,5428854
n1_i4,4,1,4,performance,layers.*/self_attn,/model/layers.13/self_attn/Expand_1,Broadcast,Broadcast,broadcast:/model/layers.13/self_attn/Expand_1,broadcast:/model/layers.13/self_attn/Expand_1,broadcast,broadcast_gpu_ref__f16,758,false,false,1,1,broadcast_gpu_ref_6456514822857321615_0_0__sa,gtpin_total_execution_cycles,4502464,cycles,1024,4502464
n1_i4,4,1,4,performance,layers.*/self_attn,/model/layers.13/self_attn/IsNaN,IsNaN,IsNaN,isnan:/model/layers.13/self_attn/IsNaN,isnan:/model/layers.13/self_attn/IsNaN,eltwise,generic_eltwise_ref__f16,771,false,false,1,1,generic_eltwise_ref_1696504087421334661_0_0__sa,gtpin_total_execution_cycles,1233368,cycles,256,1233368
n1_i4,4,1,4,performance,layers.*/self_attn,/model/layers.13/self_attn/MatMul,Gemm,Gemm,gemm:/model/layers.13/self_attn/MatMul,gemm:/model/layers.13/self_attn/MatMul,gemm,gemm_tiled_opt__f16,769,false,false,1,1,gemm_tiled_opt_7238579717421349067_1_0__sa,gtpin_total_execution_cycles,3529352,cycles,32,3529352
n1_i4,4,1,4,performance,layers.*/self_attn,/model/layers.13/self_attn/Mul_8,Multiply,Multiply,multiply:/model/layers.13/self_attn/Mul_8,multiply:/model/layers.13/self_attn/Mul_8,eltwise,generic_eltwise_ref__f16,755,false,false,1,1,generic_eltwise_ref_7125964068740378811_0_0__sa,gtpin_total_execution_cycles,4316276,cycles,1024,4316276
n1_i4,4,1,4,performance,layers.*/self_attn,/model/layers.13/self_attn/Softmax,Softmax,Softmax,softmax:/model/layers.13/self_attn/Softmax,softmax:/model/layers.13/self_attn/Softmax,softmax,softmax_gpu_bf__f16,770,false,false,1,1,softmax_gpu_bf_18392998524141771378_0_0__sa,gtpin_total_execution_cycles,8352555,cycles,512,8352555
n1_i4,4,1,4,performance,layers.*/self_attn,/model/layers.13/self_attn/Transpose_2,Transpose,Transpose,transpose:/model/layers.13/self_attn/Transpose_2,transpose:/model/layers.13/self_attn/Transpose_2,permute,permute_ref__f16,751,false,false,1,1,permute_ref_653960189515371720_0_0__sa,gtpin_total_execution_cycles,508890,cycles,128,508890
n1_i4,4,1,4,performance,layers.*/self_attn,/model/layers.13/self_attn/Transpose_3,Transpose,Transpose,transpose:/model/layers.13/self_attn/Transpose_3,transpose:/model/layers.13/self_attn/Transpose_3,permute,permute_ref__f16,768,false,false,1,1,permute_ref_17183202574580890641_0_0__sa,gtpin_total_execution_cycles,5602878,cycles,1024,5602878
n1_i4,4,1,4,performance,layers.*/self_attn,/model/layers.13/self_attn/Transpose_4,Gemm,Gemm,gemm:/model/layers.13/self_attn/Transpose_4,gemm:/model/layers.13/self_attn/Transpose_4,gemm,gemm_tiled_opt__f16,773,false,false,1,1,gemm_tiled_opt_12829285813189929928_0_0__sa,gtpin_total_execution_cycles,2006010,cycles,64,2006010
n1_i4,4,1,4,performance,layers.*/self_attn,/model/layers.13/self_attn/Where_2,Select,Select,select:/model/layers.13/self_attn/Where_2,select:/model/layers.13/self_attn/Where_2,select,select_gpu_ref__u8,766,false,false,1,1,select_gpu_ref_7464502897564813179_0_0__sa,gtpin_total_execution_cycles,40238,cycles,8,40238
n1_i4,4,1,4,performance,layers.*/self_attn,/model/layers.13/self_attn/Where_3,Select,Select,select:/model/layers.13/self_attn/Where_3,select:/model/layers.13/self_attn/Where_3,select,select_gpu_ref__u8,772,false,false,1,1,select_gpu_ref_5609897181611433017_0_0__sa,gtpin_total_execution_cycles,1369000,cycles,256,1369000
n1_i4,4,1,4,performance,layers.*/self_attn,/model/layers.13/self_attn/k_proj/MatMul,FullyConnected,FullyConnected,fullyconnected:/model/layers.13/self_attn/k_proj/MatMul,fullyconnected:/model/layers.13/self_attn/k_proj/MatMul,fully_connected,fully_connected_gpu_bf_tiled__f16,747,false,false,1,1,fully_connected_gpu_bf_tiled_17963963101609895522_0_0,gtpin_total_execution_cycles,3588588,cycles,8,3588588
n1_i4,4,1,4,performance,layers.*/self_attn,/model/layers.13/self_attn/o_proj/MatMul,FullyConnected,FullyConnected,fullyconnected:/model/layers.13/self_attn/o_proj/MatMul,fullyconnected:/model/layers.13/self_attn/o_proj/MatMul,fully_connected,fully_connected_gpu_bf_tiled__f16,775,false,false,1,1,fully_connected_gpu_bf_tiled_14284117615310227244_0_0,gtpin_total_execution_cycles,28570596,cycles,64,28570596
n1_i4,4,1,4,performance,layers.*/self_attn,/model/layers.13/self_attn/q_proj/MatMul,FullyConnected,FullyConnected,fullyconnected:/model/layers.13/self_attn/q_proj/MatMul,fullyconnected:/model/layers.13/self_attn/q_proj/MatMul,fully_connected,fully_connected_gpu_bf_tiled__f16,746,false,false,1,1,fully_connected_gpu_bf_tiled_5315586391497964380_0_0,gtpin_total_execution_cycles,27811690,cycles,64,27811690
n1_i4,4,1,4,performance,layers.*/self_attn,/model/layers.13/self_attn/v_proj/MatMul,FullyConnected,FullyConnected,fullyconnected:/model/layers.13/self_attn/v_proj/MatMul,fullyconnected:/model/layers.13/self_attn/v_proj/MatMul,fully_connected,fully_connected_gpu_bf_tiled__f16,745,false,false,1,1,fully_connected_gpu_bf_tiled_17963963101609895522_0_0,gtpin_total_execution_cycles,3389774,cycles,8,3389774
n1_i4,4,1,4,performance,layers.*/input_layernorm,/model/layers.14/input_layernorm/Mul,RMS,RMS,rms:/model/layers.14/input_layernorm/Mul,rms:/model/layers.14/input_layernorm/Mul,rms,rms_gpu_bfyx_opt__f16,780,false,false,1,1,rms_gpu_bfyx_opt_10690270683970839748_0_0__sa,gtpin_total_execution_cycles,1743068,cycles,256,1743068
n1_i4,4,1,4,performance,layers.*/mlp,/model/layers.14/mlp/down_proj/MatMul,FullyConnected,FullyConnected,fullyconnected:/model/layers.14/mlp/down_proj/MatMul,fullyconnected:/model/layers.14/mlp/down_proj/MatMul,fully_connected,fully_connected_gpu_bf_tiled__f16,815,false,false,1,1,fully_connected_gpu_bf_tiled_2727911967636154657_0_0,gtpin_total_execution_cycles,76623218,cycles,64,76623218
n1_i4,4,1,4,performance,layers.*/mlp,/model/layers.14/mlp/gate_proj/MatMul,FullyConnected,FullyConnected,fullyconnected:/model/layers.14/mlp/gate_proj/MatMul,fullyconnected:/model/layers.14/mlp/gate_proj/MatMul,fully_connected,fully_connected_gpu_bf_tiled__f16,814,false,false,1,1,fully_connected_gpu_bf_tiled_9957149419786459120_0_0,gtpin_total_execution_cycles,115212810,cycles,176,115212810
n1_i4,4,1,4,performance,layers.*/mlp,/model/layers.14/mlp/up_proj/MatMul,FullyConnected,FullyConnected,fullyconnected:/model/layers.14/mlp/up_proj/MatMul,fullyconnected:/model/layers.14/mlp/up_proj/MatMul,fully_connected,fully_connected_gpu_bf_tiled__f16,813,false,false,1,1,fully_connected_gpu_bf_tiled_2740906288179525049_0_0,gtpin_total_execution_cycles,99230186,cycles,176,99230186
n1_i4,4,1,4,performance,layers.*/post_attention_layernorm,/model/layers.14/post_attention_layernorm/Mul,RMS,RMS,rms:/model/layers.14/post_attention_layernorm/Mul,rms:/model/layers.14/post_attention_layernorm/Mul,rms,rms_gpu_bfyx_opt__f16,812,false,false,1,1,rms_gpu_bfyx_opt_10690270683970839748_0_0__sa,gtpin_total_execution_cycles,1841372,cycles,256,1841372
n1_i4,4,1,4,performance,layers.*/self_attn,/model/layers.14/self_attn/Add,RoPE,RoPE,rope:/model/layers.14/self_attn/Add,rope:/model/layers.14/self_attn/Add,rope,ocl::rope::opt___f16,788,false,false,1,1,rope_opt__13889706310558783765__sa,gtpin_total_execution_cycles,818696,cycles,64,818696
n1_i4,4,1,4,performance,layers.*/self_attn,/model/layers.14/self_attn/Add_1,RoPE,RoPE,rope:/model/layers.14/self_attn/Add_1,rope:/model/layers.14/self_attn/Add_1,rope,ocl::rope::opt___f16,789,false,false,1,1,rope_opt__6960924190377492479__sa,gtpin_total_execution_cycles,64204,cycles,8,64204
n1_i4,4,1,4,performance,layers.*/self_attn,/model/layers.14/self_attn/Expand,Broadcast,Broadcast,broadcast:/model/layers.14/self_attn/Expand,broadcast:/model/layers.14/self_attn/Expand,broadcast,broadcast_gpu_ref__f16,801,false,false,1,1,broadcast_gpu_ref_6456514822857321615_0_0__sa,gtpin_total_execution_cycles,5280092,cycles,1024,5280092
n1_i4,4,1,4,performance,layers.*/self_attn,/model/layers.14/self_attn/Expand_1,Broadcast,Broadcast,broadcast:/model/layers.14/self_attn/Expand_1,broadcast:/model/layers.14/self_attn/Expand_1,broadcast,broadcast_gpu_ref__f16,794,false,false,1,1,broadcast_gpu_ref_6456514822857321615_0_0__sa,gtpin_total_execution_cycles,4363404,cycles,1024,4363404
n1_i4,4,1,4,performance,layers.*/self_attn,/model/layers.14/self_attn/IsNaN,IsNaN,IsNaN,isnan:/model/layers.14/self_attn/IsNaN,isnan:/model/layers.14/self_attn/IsNaN,eltwise,generic_eltwise_ref__f16,807,false,false,1,1,generic_eltwise_ref_1696504087421334661_0_0__sa,gtpin_total_execution_cycles,1487106,cycles,256,1487106
n1_i4,4,1,4,performance,layers.*/self_attn,/model/layers.14/self_attn/MatMul,Gemm,Gemm,gemm:/model/layers.14/self_attn/MatMul,gemm:/model/layers.14/self_attn/MatMul,gemm,gemm_tiled_opt__f16,805,false,false,1,1,gemm_tiled_opt_7238579717421349067_1_0__sa,gtpin_total_execution_cycles,3411894,cycles,32,3411894
n1_i4,4,1,4,performance,layers.*/self_attn,/model/layers.14/self_attn/Mul_8,Multiply,Multiply,multiply:/model/layers.14/self_attn/Mul_8,multiply:/model/layers.14/self_attn/Mul_8,eltwise,generic_eltwise_ref__f16,791,false,false,1,1,generic_eltwise_ref_7125964068740378811_0_0__sa,gtpin_total_execution_cycles,4597456,cycles,1024,4597456
n1_i4,4,1,4,performance,layers.*/self_attn,/model/layers.14/self_attn/Softmax,Softmax,Softmax,softmax:/model/layers.14/self_attn/Softmax,softmax:/model/layers.14/self_attn/Softmax,softmax,softmax_gpu_bf__f16,806,false,false,1,1,softmax_gpu_bf_18392998524141771378_0_0__sa,gtpin_total_execution_cycles,7872726,cycles,512,7872726
n1_i4,4,1,4,performance,layers.*/self_attn,/model/layers.14/self_attn/Transpose_2,Transpose,Transpose,transpose:/model/layers.14/self_attn/Transpose_2,transpose:/model/layers.14/self_attn/Transpose_2,permute,permute_ref__f16,787,false,false,1,1,permute_ref_653960189515371720_0_0__sa,gtpin_total_execution_cycles,437312,cycles,128,437312
n1_i4,4,1,4,performance,layers.*/self_attn,/model/layers.14/self_attn/Transpose_3,Transpose,Transpose,transpose:/model/layers.14/self_attn/Transpose_3,transpose:/model/layers.14/self_attn/Transpose_3,permute,permute_ref__f16,804,false,false,1,1,permute_ref_17183202574580890641_0_0__sa,gtpin_total_execution_cycles,5797738,cycles,1024,5797738
n1_i4,4,1,4,performance,layers.*/self_attn,/model/layers.14/self_attn/Transpose_4,Gemm,Gemm,gemm:/model/layers.14/self_attn/Transpose_4,gemm:/model/layers.14/self_attn/Transpose_4,gemm,gemm_tiled_opt__f16,809,false,false,1,1,gemm_tiled_opt_12829285813189929928_0_0__sa,gtpin_total_execution_cycles,2056000,cycles,64,2056000
n1_i4,4,1,4,performance,layers.*/self_attn,/model/layers.14/self_attn/Where_2,Select,Select,select:/model/layers.14/self_attn/Where_2,select:/model/layers.14/self_attn/Where_2,select,select_gpu_ref__u8,802,false,false,1,1,select_gpu_ref_7464502897564813179_0_0__sa,gtpin_total_execution_cycles,39416,cycles,8,39416
n1_i4,4,1,4,performance,layers.*/self_attn,/model/layers.14/self_attn/Where_3,Select,Select,select:/model/layers.14/self_attn/Where_3,select:/model/layers.14/self_attn/Where_3,select,select_gpu_ref__u8,808,false,false,1,1,select_gpu_ref_5609897181611433017_0_0__sa,gtpin_total_execution_cycles,1410366,cycles,256,1410366
n1_i4,4,1,4,performance,layers.*/self_attn,/model/layers.14/self_attn/k_proj/MatMul,FullyConnected,FullyConnected,fullyconnected:/model/layers.14/self_attn/k_proj/MatMul,fullyconnected:/model/layers.14/self_attn/k_proj/MatMul,fully_connected,fully_connected_gpu_bf_tiled__f16,783,false,false,1,1,fully_connected_gpu_bf_tiled_17963963101609895522_0_0,gtpin_total_execution_cycles,3707714,cycles,8,3707714
n1_i4,4,1,4,performance,layers.*/self_attn,/model/layers.14/self_attn/o_proj/MatMul,FullyConnected,FullyConnected,fullyconnected:/model/layers.14/self_attn/o_proj/MatMul,fullyconnected:/model/layers.14/self_attn/o_proj/MatMul,fully_connected,fully_connected_gpu_bf_tiled__f16,811,false,false,1,1,fully_connected_gpu_bf_tiled_14284117615310227244_0_0,gtpin_total_execution_cycles,28320610,cycles,64,28320610
n1_i4,4,1,4,performance,layers.*/self_attn,/model/layers.14/self_attn/q_proj/MatMul,FullyConnected,FullyConnected,fullyconnected:/model/layers.14/self_attn/q_proj/MatMul,fullyconnected:/model/layers.14/self_attn/q_proj/MatMul,fully_connected,fully_connected_gpu_bf_tiled__f16,782,false,false,1,1,fully_connected_gpu_bf_tiled_5315586391497964380_0_0,gtpin_total_execution_cycles,28584858,cycles,64,28584858
n1_i4,4,1,4,performance,layers.*/self_attn,/model/layers.14/self_attn/v_proj/MatMul,FullyConnected,FullyConnected,fullyconnected:/model/layers.14/self_attn/v_proj/MatMul,fullyconnected:/model/layers.14/self_attn/v_proj/MatMul,fully_connected,fully_connected_gpu_bf_tiled__f16,781,false,false,1,1,fully_connected_gpu_bf_tiled_17963963101609895522_0_0,gtpin_total_execution_cycles,3488840,cycles,8,3488840
n1_i4,4,1,4,performance,layers.*/input_layernorm,/model/layers.15/input_layernorm/Mul,RMS,RMS,rms:/model/layers.15/input_layernorm/Mul,rms:/model/layers.15/input_layernorm/Mul,rms,rms_gpu_bfyx_opt__f16,816,false,false,1,1,rms_gpu_bfyx_opt_10690270683970839748_0_0__sa,gtpin_total_execution_cycles,2098190,cycles,256,2098190
n1_i4,4,1,4,performance,layers.*/mlp,/model/layers.15/mlp/down_proj/MatMul,FullyConnected,FullyConnected,fullyconnected:/model/layers.15/mlp/down_proj/MatMul,fullyconnected:/model/layers.15/mlp/down_proj/MatMul,fully_connected,fully_connected_gpu_bf_tiled__f16,851,false,false,1,1,fully_connected_gpu_bf_tiled_2727911967636154657_0_0,gtpin_total_execution_cycles,74573868,cycles,64,74573868
n1_i4,4,1,4,performance,layers.*/mlp,/model/layers.15/mlp/gate_proj/MatMul,FullyConnected,FullyConnected,fullyconnected:/model/layers.15/mlp/gate_proj/MatMul,fullyconnected:/model/layers.15/mlp/gate_proj/MatMul,fully_connected,fully_connected_gpu_bf_tiled__f16,850,false,false,1,1,fully_connected_gpu_bf_tiled_9957149419786459120_0_0,gtpin_total_execution_cycles,107521914,cycles,176,107521914
n1_i4,4,1,4,performance,layers.*/mlp,/model/layers.15/mlp/up_proj/MatMul,FullyConnected,FullyConnected,fullyconnected:/model/layers.15/mlp/up_proj/MatMul,fullyconnected:/model/layers.15/mlp/up_proj/MatMul,fully_connected,fully_connected_gpu_bf_tiled__f16,849,false,false,1,1,fully_connected_gpu_bf_tiled_2740906288179525049_0_0,gtpin_total_execution_cycles,102440654,cycles,176,102440654
n1_i4,4,1,4,performance,layers.*/post_attention_layernorm,/model/layers.15/post_attention_layernorm/Mul,RMS,RMS,rms:/model/layers.15/post_attention_layernorm/Mul,rms:/model/layers.15/post_attention_layernorm/Mul,rms,rms_gpu_bfyx_opt__f16,848,false,false,1,1,rms_gpu_bfyx_opt_10690270683970839748_0_0__sa,gtpin_total_execution_cycles,1813192,cycles,256,1813192
n1_i4,4,1,4,performance,layers.*/self_attn,/model/layers.15/self_attn/Add,RoPE,RoPE,rope:/model/layers.15/self_attn/Add,rope:/model/layers.15/self_attn/Add,rope,ocl::rope::opt___f16,824,false,false,1,1,rope_opt__13889706310558783765__sa,gtpin_total_execution_cycles,1005264,cycles,64,1005264
n1_i4,4,1,4,performance,layers.*/self_attn,/model/layers.15/self_attn/Add_1,RoPE,RoPE,rope:/model/layers.15/self_attn/Add_1,rope:/model/layers.15/self_attn/Add_1,rope,ocl::rope::opt___f16,825,false,false,1,1,rope_opt__6960924190377492479__sa,gtpin_total_execution_cycles,72514,cycles,8,72514
n1_i4,4,1,4,performance,layers.*/self_attn,/model/layers.15/self_attn/Expand,Broadcast,Broadcast,broadcast:/model/layers.15/self_attn/Expand,broadcast:/model/layers.15/self_attn/Expand,broadcast,broadcast_gpu_ref__f16,837,false,false,1,1,broadcast_gpu_ref_6456514822857321615_0_0__sa,gtpin_total_execution_cycles,4464216,cycles,1024,4464216
n1_i4,4,1,4,performance,layers.*/self_attn,/model/layers.15/self_attn/Expand_1,Broadcast,Broadcast,broadcast:/model/layers.15/self_attn/Expand_1,broadcast:/model/layers.15/self_attn/Expand_1,broadcast,broadcast_gpu_ref__f16,830,false,false,1,1,broadcast_gpu_ref_6456514822857321615_0_0__sa,gtpin_total_execution_cycles,4435256,cycles,1024,4435256
n1_i4,4,1,4,performance,layers.*/self_attn,/model/layers.15/self_attn/IsNaN,IsNaN,IsNaN,isnan:/model/layers.15/self_attn/IsNaN,isnan:/model/layers.15/self_attn/IsNaN,eltwise,generic_eltwise_ref__f16,843,false,false,1,1,generic_eltwise_ref_1696504087421334661_0_0__sa,gtpin_total_execution_cycles,1423874,cycles,256,1423874
n1_i4,4,1,4,performance,layers.*/self_attn,/model/layers.15/self_attn/MatMul,Gemm,Gemm,gemm:/model/layers.15/self_attn/MatMul,gemm:/model/layers.15/self_attn/MatMul,gemm,gemm_tiled_opt__f16,841,false,false,1,1,gemm_tiled_opt_7238579717421349067_1_0__sa,gtpin_total_execution_cycles,3454696,cycles,32,3454696
n1_i4,4,1,4,performance,layers.*/self_attn,/model/layers.15/self_attn/Mul_8,Multiply,Multiply,multiply:/model/layers.15/self_attn/Mul_8,multiply:/model/layers.15/self_attn/Mul_8,eltwise,generic_eltwise_ref__f16,827,false,false,1,1,generic_eltwise_ref_7125964068740378811_0_0__sa,gtpin_total_execution_cycles,4437266,cycles,1024,4437266
n1_i4,4,1,4,performance,layers.*/self_attn,/model/layers.15/self_attn/Softmax,Softmax,Softmax,softmax:/model/layers.15/self_attn/Softmax,softmax:/model/layers.15/self_attn/Softmax,softmax,softmax_gpu_bf__f16,842,false,false,1,1,softmax_gpu_bf_18392998524141771378_0_0__sa,gtpin_total_execution_cycles,9143835,cycles,512,9143835
n1_i4,4,1,4,performance,layers.*/self_attn,/model/layers.15/self_attn/Transpose_2,Transpose,Transpose,transpose:/model/layers.15/self_attn/Transpose_2,transpose:/model/layers.15/self_attn/Transpose_2,permute,permute_ref__f16,823,false,false,1,1,permute_ref_653960189515371720_0_0__sa,gtpin_total_execution_cycles,590680,cycles,128,590680
n1_i4,4,1,4,performance,layers.*/self_attn,/model/layers.15/self_attn/Transpose_3,Transpose,Transpose,transpose:/model/layers.15/self_attn/Transpose_3,transpose:/model/layers.15/self_attn/Transpose_3,permute,permute_ref__f16,840,false,false,1,1,permute_ref_17183202574580890641_0_0__sa,gtpin_total_execution_cycles,5084598,cycles,1024,5084598
n1_i4,4,1,4,performance,layers.*/self_attn,/model/layers.15/self_attn/Transpose_4,Gemm,Gemm,gemm:/model/layers.15/self_attn/Transpose_4,gemm:/model/layers.15/self_attn/Transpose_4,gemm,gemm_tiled_opt__f16,845,false,false,1,1,gemm_tiled_opt_12829285813189929928_0_0__sa,gtpin_total_execution_cycles,2263120,cycles,64,2263120
n1_i4,4,1,4,performance,layers.*/self_attn,/model/layers.15/self_attn/Where_2,Select,Select,select:/model/layers.15/self_attn/Where_2,select:/model/layers.15/self_attn/Where_2,select,select_gpu_ref__u8,838,false,false,1,1,select_gpu_ref_7464502897564813179_0_0__sa,gtpin_total_execution_cycles,42776,cycles,8,42776
n1_i4,4,1,4,performance,layers.*/self_attn,/model/layers.15/self_attn/Where_3,Select,Select,select:/model/layers.15/self_attn/Where_3,select:/model/layers.15/self_attn/Where_3,select,select_gpu_ref__u8,844,false,false,1,1,select_gpu_ref_5609897181611433017_0_0__sa,gtpin_total_execution_cycles,1401406,cycles,256,1401406
n1_i4,4,1,4,performance,layers.*/self_attn,/model/layers.15/self_attn/k_proj/MatMul,FullyConnected,FullyConnected,fullyconnected:/model/layers.15/self_attn/k_proj/MatMul,fullyconnected:/model/layers.15/self_attn/k_proj/MatMul,fully_connected,fully_connected_gpu_bf_tiled__f16,819,false,false,1,1,fully_connected_gpu_bf_tiled_17963963101609895522_0_0,gtpin_total_execution_cycles,3768358,cycles,8,3768358
n1_i4,4,1,4,performance,layers.*/self_attn,/model/layers.15/self_attn/o_proj/MatMul,FullyConnected,FullyConnected,fullyconnected:/model/layers.15/self_attn/o_proj/MatMul,fullyconnected:/model/layers.15/self_attn/o_proj/MatMul,fully_connected,fully_connected_gpu_bf_tiled__f16,847,false,false,1,1,fully_connected_gpu_bf_tiled_14284117615310227244_0_0,gtpin_total_execution_cycles,29215620,cycles,64,29215620
n1_i4,4,1,4,performance,layers.*/self_attn,/model/layers.15/self_attn/q_proj/MatMul,FullyConnected,FullyConnected,fullyconnected:/model/layers.15/self_attn/q_proj/MatMul,fullyconnected:/model/layers.15/self_attn/q_proj/MatMul,fully_connected,fully_connected_gpu_bf_tiled__f16,818,false,false,1,1,fully_connected_gpu_bf_tiled_5315586391497964380_0_0,gtpin_total_execution_cycles,29268128,cycles,64,29268128
n1_i4,4,1,4,performance,layers.*/self_attn,/model/layers.15/self_attn/v_proj/MatMul,FullyConnected,FullyConnected,fullyconnected:/model/layers.15/self_attn/v_proj/MatMul,fullyconnected:/model/layers.15/self_attn/v_proj/MatMul,fully_connected,fully_connected_gpu_bf_tiled__f16,817,false,false,1,1,fully_connected_gpu_bf_tiled_17963963101609895522_0_0,gtpin_total_execution_cycles,3569188,cycles,8,3569188
n1_i4,4,1,4,performance,layers.*/input_layernorm,/model/layers.16/input_layernorm/Mul,RMS,RMS,rms:/model/layers.16/input_layernorm/Mul,rms:/model/layers.16/input_layernorm/Mul,rms,rms_gpu_bfyx_opt__f16,852,false,false,1,1,rms_gpu_bfyx_opt_10690270683970839748_0_0__sa,gtpin_total_execution_cycles,1657038,cycles,256,1657038
n1_i4,4,1,4,performance,layers.*/mlp,/model/layers.16/mlp/down_proj/MatMul,FullyConnected,FullyConnected,fullyconnected:/model/layers.16/mlp/down_proj/MatMul,fullyconnected:/model/layers.16/mlp/down_proj/MatMul,fully_connected,fully_connected_gpu_bf_tiled__f16,887,false,false,1,1,fully_connected_gpu_bf_tiled_2727911967636154657_0_0,gtpin_total_execution_cycles,75305198,cycles,64,75305198
n1_i4,4,1,4,performance,layers.*/mlp,/model/layers.16/mlp/gate_proj/MatMul,FullyConnected,FullyConnected,fullyconnected:/model/layers.16/mlp/gate_proj/MatMul,fullyconnected:/model/layers.16/mlp/gate_proj/MatMul,fully_connected,fully_connected_gpu_bf_tiled__f16,886,false,false,1,1,fully_connected_gpu_bf_tiled_9957149419786459120_0_0,gtpin_total_execution_cycles,102088732,cycles,176,102088732
n1_i4,4,1,4,performance,layers.*/mlp,/model/layers.16/mlp/up_proj/MatMul,FullyConnected,FullyConnected,fullyconnected:/model/layers.16/mlp/up_proj/MatMul,fullyconnected:/model/layers.16/mlp/up_proj/MatMul,fully_connected,fully_connected_gpu_bf_tiled__f16,885,false,false,1,1,fully_connected_gpu_bf_tiled_2740906288179525049_0_0,gtpin_total_execution_cycles,97427252,cycles,176,97427252
n1_i4,4,1,4,performance,layers.*/post_attention_layernorm,/model/layers.16/post_attention_layernorm/Mul,RMS,RMS,rms:/model/layers.16/post_attention_layernorm/Mul,rms:/model/layers.16/post_attention_layernorm/Mul,rms,rms_gpu_bfyx_opt__f16,884,false,false,1,1,rms_gpu_bfyx_opt_10690270683970839748_0_0__sa,gtpin_total_execution_cycles,1823134,cycles,256,1823134
n1_i4,4,1,4,performance,layers.*/self_attn,/model/layers.16/self_attn/Add,RoPE,RoPE,rope:/model/layers.16/self_attn/Add,rope:/model/layers.16/self_attn/Add,rope,ocl::rope::opt___f16,860,false,false,1,1,rope_opt__13889706310558783765__sa,gtpin_total_execution_cycles,874454,cycles,64,874454
n1_i4,4,1,4,performance,layers.*/self_attn,/model/layers.16/self_attn/Add_1,RoPE,RoPE,rope:/model/layers.16/self_attn/Add_1,rope:/model/layers.16/self_attn/Add_1,rope,ocl::rope::opt___f16,861,false,false,1,1,rope_opt__6960924190377492479__sa,gtpin_total_execution_cycles,62608,cycles,8,62608
n1_i4,4,1,4,performance,layers.*/self_attn,/model/layers.16/self_attn/Expand,Broadcast,Broadcast,broadcast:/model/layers.16/self_attn/Expand,broadcast:/model/layers.16/self_attn/Expand,broadcast,broadcast_gpu_ref__f16,873,false,false,1,1,broadcast_gpu_ref_6456514822857321615_0_0__sa,gtpin_total_execution_cycles,3606710,cycles,1024,3606710
n1_i4,4,1,4,performance,layers.*/self_attn,/model/layers.16/self_attn/Expand_1,Broadcast,Broadcast,broadcast:/model/layers.16/self_attn/Expand_1,broadcast:/model/layers.16/self_attn/Expand_1,broadcast,broadcast_gpu_ref__f16,866,false,false,1,1,broadcast_gpu_ref_6456514822857321615_0_0__sa,gtpin_total_execution_cycles,4867442,cycles,1024,4867442
n1_i4,4,1,4,performance,layers.*/self_attn,/model/layers.16/self_attn/IsNaN,IsNaN,IsNaN,isnan:/model/layers.16/self_attn/IsNaN,isnan:/model/layers.16/self_attn/IsNaN,eltwise,generic_eltwise_ref__f16,879,false,false,1,1,generic_eltwise_ref_1696504087421334661_0_0__sa,gtpin_total_execution_cycles,1266530,cycles,256,1266530
n1_i4,4,1,4,performance,layers.*/self_attn,/model/layers.16/self_attn/MatMul,Gemm,Gemm,gemm:/model/layers.16/self_attn/MatMul,gemm:/model/layers.16/self_attn/MatMul,gemm,gemm_tiled_opt__f16,877,false,false,1,1,gemm_tiled_opt_7238579717421349067_1_0__sa,gtpin_total_execution_cycles,3799462,cycles,32,3799462
n1_i4,4,1,4,performance,layers.*/self_attn,/model/layers.16/self_attn/Mul_8,Multiply,Multiply,multiply:/model/layers.16/self_attn/Mul_8,multiply:/model/layers.16/self_attn/Mul_8,eltwise,generic_eltwise_ref__f16,863,false,false,1,1,generic_eltwise_ref_7125964068740378811_0_0__sa,gtpin_total_execution_cycles,5026692,cycles,1024,5026692
n1_i4,4,1,4,performance,layers.*/self_attn,/model/layers.16/self_attn/Softmax,Softmax,Softmax,softmax:/model/layers.16/self_attn/Softmax,softmax:/model/layers.16/self_attn/Softmax,softmax,softmax_gpu_bf__f16,878,false,false,1,1,softmax_gpu_bf_18392998524141771378_0_0__sa,gtpin_total_execution_cycles,8447746,cycles,512,8447746
n1_i4,4,1,4,performance,layers.*/self_attn,/model/layers.16/self_attn/Transpose_2,Transpose,Transpose,transpose:/model/layers.16/self_attn/Transpose_2,transpose:/model/layers.16/self_attn/Transpose_2,permute,permute_ref__f16,859,false,false,1,1,permute_ref_653960189515371720_0_0__sa,gtpin_total_execution_cycles,489972,cycles,128,489972
n1_i4,4,1,4,performance,layers.*/self_attn,/model/layers.16/self_attn/Transpose_3,Transpose,Transpose,transpose:/model/layers.16/self_attn/Transpose_3,transpose:/model/layers.16/self_attn/Transpose_3,permute,permute_ref__f16,876,false,false,1,1,permute_ref_17183202574580890641_0_0__sa,gtpin_total_execution_cycles,4939602,cycles,1024,4939602
n1_i4,4,1,4,performance,layers.*/self_attn,/model/layers.16/self_attn/Transpose_4,Gemm,Gemm,gemm:/model/layers.16/self_attn/Transpose_4,gemm:/model/layers.16/self_attn/Transpose_4,gemm,gemm_tiled_opt__f16,881,false,false,1,1,gemm_tiled_opt_12829285813189929928_0_0__sa,gtpin_total_execution_cycles,1991578,cycles,64,1991578
n1_i4,4,1,4,performance,layers.*/self_attn,/model/layers.16/self_attn/Where_2,Select,Select,select:/model/layers.16/self_attn/Where_2,select:/model/layers.16/self_attn/Where_2,select,select_gpu_ref__u8,874,false,false,1,1,select_gpu_ref_7464502897564813179_0_0__sa,gtpin_total_execution_cycles,37614,cycles,8,37614
n1_i4,4,1,4,performance,layers.*/self_attn,/model/layers.16/self_attn/Where_3,Select,Select,select:/model/layers.16/self_attn/Where_3,select:/model/layers.16/self_attn/Where_3,select,select_gpu_ref__u8,880,false,false,1,1,select_gpu_ref_5609897181611433017_0_0__sa,gtpin_total_execution_cycles,1696486,cycles,256,1696486
n1_i4,4,1,4,performance,layers.*/self_attn,/model/layers.16/self_attn/k_proj/MatMul,FullyConnected,FullyConnected,fullyconnected:/model/layers.16/self_attn/k_proj/MatMul,fullyconnected:/model/layers.16/self_attn/k_proj/MatMul,fully_connected,fully_connected_gpu_bf_tiled__f16,855,false,false,1,1,fully_connected_gpu_bf_tiled_17963963101609895522_0_0,gtpin_total_execution_cycles,3769428,cycles,8,3769428
n1_i4,4,1,4,performance,layers.*/self_attn,/model/layers.16/self_attn/o_proj/MatMul,FullyConnected,FullyConnected,fullyconnected:/model/layers.16/self_attn/o_proj/MatMul,fullyconnected:/model/layers.16/self_attn/o_proj/MatMul,fully_connected,fully_connected_gpu_bf_tiled__f16,883,false,false,1,1,fully_connected_gpu_bf_tiled_14284117615310227244_0_0,gtpin_total_execution_cycles,28349296,cycles,64,28349296
n1_i4,4,1,4,performance,layers.*/self_attn,/model/layers.16/self_attn/q_proj/MatMul,FullyConnected,FullyConnected,fullyconnected:/model/layers.16/self_attn/q_proj/MatMul,fullyconnected:/model/layers.16/self_attn/q_proj/MatMul,fully_connected,fully_connected_gpu_bf_tiled__f16,854,false,false,1,1,fully_connected_gpu_bf_tiled_5315586391497964380_0_0,gtpin_total_execution_cycles,29224752,cycles,64,29224752
n1_i4,4,1,4,performance,layers.*/self_attn,/model/layers.16/self_attn/v_proj/MatMul,FullyConnected,FullyConnected,fullyconnected:/model/layers.16/self_attn/v_proj/MatMul,fullyconnected:/model/layers.16/self_attn/v_proj/MatMul,fully_connected,fully_connected_gpu_bf_tiled__f16,853,false,false,1,1,fully_connected_gpu_bf_tiled_17963963101609895522_0_0,gtpin_total_execution_cycles,3554098,cycles,8,3554098
n1_i4,4,1,4,performance,layers.*/input_layernorm,/model/layers.17/input_layernorm/Mul,RMS,RMS,rms:/model/layers.17/input_layernorm/Mul,rms:/model/layers.17/input_layernorm/Mul,rms,rms_gpu_bfyx_opt__f16,888,false,false,1,1,rms_gpu_bfyx_opt_10690270683970839748_0_0__sa,gtpin_total_execution_cycles,1528236,cycles,256,1528236
n1_i4,4,1,4,performance,layers.*/mlp,/model/layers.17/mlp/down_proj/MatMul,FullyConnected,FullyConnected,fullyconnected:/model/layers.17/mlp/down_proj/MatMul,fullyconnected:/model/layers.17/mlp/down_proj/MatMul,fully_connected,fully_connected_gpu_bf_tiled__f16,923,false,false,1,1,fully_connected_gpu_bf_tiled_2727911967636154657_0_0,gtpin_total_execution_cycles,76580354,cycles,64,76580354
n1_i4,4,1,4,performance,layers.*/mlp,/model/layers.17/mlp/gate_proj/MatMul,FullyConnected,FullyConnected,fullyconnected:/model/layers.17/mlp/gate_proj/MatMul,fullyconnected:/model/layers.17/mlp/gate_proj/MatMul,fully_connected,fully_connected_gpu_bf_tiled__f16,922,false,false,1,1,fully_connected_gpu_bf_tiled_9957149419786459120_0_0,gtpin_total_execution_cycles,101893316,cycles,176,101893316
n1_i4,4,1,4,performance,layers.*/mlp,/model/layers.17/mlp/up_proj/MatMul,FullyConnected,FullyConnected,fullyconnected:/model/layers.17/mlp/up_proj/MatMul,fullyconnected:/model/layers.17/mlp/up_proj/MatMul,fully_connected,fully_connected_gpu_bf_tiled__f16,921,false,false,1,1,fully_connected_gpu_bf_tiled_2740906288179525049_0_0,gtpin_total_execution_cycles,92641360,cycles,176,92641360
n1_i4,4,1,4,performance,layers.*/post_attention_layernorm,/model/layers.17/post_attention_layernorm/Mul,RMS,RMS,rms:/model/layers.17/post_attention_layernorm/Mul,rms:/model/layers.17/post_attention_layernorm/Mul,rms,rms_gpu_bfyx_opt__f16,920,false,false,1,1,rms_gpu_bfyx_opt_10690270683970839748_0_0__sa,gtpin_total_execution_cycles,1860372,cycles,256,1860372
n1_i4,4,1,4,performance,layers.*/self_attn,/model/layers.17/self_attn/Add,RoPE,RoPE,rope:/model/layers.17/self_attn/Add,rope:/model/layers.17/self_attn/Add,rope,ocl::rope::opt___f16,896,false,false,1,1,rope_opt__13889706310558783765__sa,gtpin_total_execution_cycles,863778,cycles,64,863778
n1_i4,4,1,4,performance,layers.*/self_attn,/model/layers.17/self_attn/Add_1,RoPE,RoPE,rope:/model/layers.17/self_attn/Add_1,rope:/model/layers.17/self_attn/Add_1,rope,ocl::rope::opt___f16,897,false,false,1,1,rope_opt__6960924190377492479__sa,gtpin_total_execution_cycles,66474,cycles,8,66474
n1_i4,4,1,4,performance,layers.*/self_attn,/model/layers.17/self_attn/Expand,Broadcast,Broadcast,broadcast:/model/layers.17/self_attn/Expand,broadcast:/model/layers.17/self_attn/Expand,broadcast,broadcast_gpu_ref__f16,909,false,false,1,1,broadcast_gpu_ref_6456514822857321615_0_0__sa,gtpin_total_execution_cycles,5898468,cycles,1024,5898468
n1_i4,4,1,4,performance,layers.*/self_attn,/model/layers.17/self_attn/Expand_1,Broadcast,Broadcast,broadcast:/model/layers.17/self_attn/Expand_1,broadcast:/model/layers.17/self_attn/Expand_1,broadcast,broadcast_gpu_ref__f16,902,false,false,1,1,broadcast_gpu_ref_6456514822857321615_0_0__sa,gtpin_total_execution_cycles,4119106,cycles,1024,4119106
n1_i4,4,1,4,performance,layers.*/self_attn,/model/layers.17/self_attn/IsNaN,IsNaN,IsNaN,isnan:/model/layers.17/self_attn/IsNaN,isnan:/model/layers.17/self_attn/IsNaN,eltwise,generic_eltwise_ref__f16,915,false,false,1,1,generic_eltwise_ref_1696504087421334661_0_0__sa,gtpin_total_execution_cycles,1179246,cycles,256,1179246
n1_i4,4,1,4,performance,layers.*/self_attn,/model/layers.17/self_attn/MatMul,Gemm,Gemm,gemm:/model/layers.17/self_attn/MatMul,gemm:/model/layers.17/self_attn/MatMul,gemm,gemm_tiled_opt__f16,913,false,false,1,1,gemm_tiled_opt_7238579717421349067_1_0__sa,gtpin_total_execution_cycles,3435608,cycles,32,3435608
n1_i4,4,1,4,performance,layers.*/self_attn,/model/layers.17/self_attn/Mul_8,Multiply,Multiply,multiply:/model/layers.17/self_attn/Mul_8,multiply:/model/layers.17/self_attn/Mul_8,eltwise,generic_eltwise_ref__f16,899,false,false,1,1,generic_eltwise_ref_7125964068740378811_0_0__sa,gtpin_total_execution_cycles,5229438,cycles,1024,5229438
n1_i4,4,1,4,performance,layers.*/self_attn,/model/layers.17/self_attn/Softmax,Softmax,Softmax,softmax:/model/layers.17/self_attn/Softmax,softmax:/model/layers.17/self_attn/Softmax,softmax,softmax_gpu_bf__f16,914,false,false,1,1,softmax_gpu_bf_18392998524141771378_0_0__sa,gtpin_total_execution_cycles,7700893,cycles,512,7700893
n1_i4,4,1,4,performance,layers.*/self_attn,/model/layers.17/self_attn/Transpose_2,Transpose,Transpose,transpose:/model/layers.17/self_attn/Transpose_2,transpose:/model/layers.17/self_attn/Transpose_2,permute,permute_ref__f16,895,false,false,1,1,permute_ref_653960189515371720_0_0__sa,gtpin_total_execution_cycles,488978,cycles,128,488978
n1_i4,4,1,4,performance,layers.*/self_attn,/model/layers.17/self_attn/Transpose_3,Transpose,Transpose,transpose:/model/layers.17/self_attn/Transpose_3,transpose:/model/layers.17/self_attn/Transpose_3,permute,permute_ref__f16,912,false,false,1,1,permute_ref_17183202574580890641_0_0__sa,gtpin_total_execution_cycles,5970992,cycles,1024,5970992
n1_i4,4,1,4,performance,layers.*/self_attn,/model/layers.17/self_attn/Transpose_4,Gemm,Gemm,gemm:/model/layers.17/self_attn/Transpose_4,gemm:/model/layers.17/self_attn/Transpose_4,gemm,gemm_tiled_opt__f16,917,false,false,1,1,gemm_tiled_opt_12829285813189929928_0_0__sa,gtpin_total_execution_cycles,2047128,cycles,64,2047128
n1_i4,4,1,4,performance,layers.*/self_attn,/model/layers.17/self_attn/Where_2,Select,Select,select:/model/layers.17/self_attn/Where_2,select:/model/layers.17/self_attn/Where_2,select,select_gpu_ref__u8,910,false,false,1,1,select_gpu_ref_7464502897564813179_0_0__sa,gtpin_total_execution_cycles,37344,cycles,8,37344
n1_i4,4,1,4,performance,layers.*/self_attn,/model/layers.17/self_attn/Where_3,Select,Select,select:/model/layers.17/self_attn/Where_3,select:/model/layers.17/self_attn/Where_3,select,select_gpu_ref__u8,916,false,false,1,1,select_gpu_ref_5609897181611433017_0_0__sa,gtpin_total_execution_cycles,1443058,cycles,256,1443058
n1_i4,4,1,4,performance,layers.*/self_attn,/model/layers.17/self_attn/k_proj/MatMul,FullyConnected,FullyConnected,fullyconnected:/model/layers.17/self_attn/k_proj/MatMul,fullyconnected:/model/layers.17/self_attn/k_proj/MatMul,fully_connected,fully_connected_gpu_bf_tiled__f16,891,false,false,1,1,fully_connected_gpu_bf_tiled_17963963101609895522_0_0,gtpin_total_execution_cycles,3698468,cycles,8,3698468
n1_i4,4,1,4,performance,layers.*/self_attn,/model/layers.17/self_attn/o_proj/MatMul,FullyConnected,FullyConnected,fullyconnected:/model/layers.17/self_attn/o_proj/MatMul,fullyconnected:/model/layers.17/self_attn/o_proj/MatMul,fully_connected,fully_connected_gpu_bf_tiled__f16,919,false,false,1,1,fully_connected_gpu_bf_tiled_14284117615310227244_0_0,gtpin_total_execution_cycles,28103900,cycles,64,28103900
n1_i4,4,1,4,performance,layers.*/self_attn,/model/layers.17/self_attn/q_proj/MatMul,FullyConnected,FullyConnected,fullyconnected:/model/layers.17/self_attn/q_proj/MatMul,fullyconnected:/model/layers.17/self_attn/q_proj/MatMul,fully_connected,fully_connected_gpu_bf_tiled__f16,890,false,false,1,1,fully_connected_gpu_bf_tiled_5315586391497964380_0_0,gtpin_total_execution_cycles,28538138,cycles,64,28538138
n1_i4,4,1,4,performance,layers.*/self_attn,/model/layers.17/self_attn/v_proj/MatMul,FullyConnected,FullyConnected,fullyconnected:/model/layers.17/self_attn/v_proj/MatMul,fullyconnected:/model/layers.17/self_attn/v_proj/MatMul,fully_connected,fully_connected_gpu_bf_tiled__f16,889,false,false,1,1,fully_connected_gpu_bf_tiled_17963963101609895522_0_0,gtpin_total_execution_cycles,3479188,cycles,8,3479188
n1_i4,4,1,4,performance,layers.*/input_layernorm,/model/layers.18/input_layernorm/Mul,RMS,RMS,rms:/model/layers.18/input_layernorm/Mul,rms:/model/layers.18/input_layernorm/Mul,rms,rms_gpu_bfyx_opt__f16,924,false,false,1,1,rms_gpu_bfyx_opt_10690270683970839748_0_0__sa,gtpin_total_execution_cycles,1607682,cycles,256,1607682
n1_i4,4,1,4,performance,layers.*/mlp,/model/layers.18/mlp/down_proj/MatMul,FullyConnected,FullyConnected,fullyconnected:/model/layers.18/mlp/down_proj/MatMul,fullyconnected:/model/layers.18/mlp/down_proj/MatMul,fully_connected,fully_connected_gpu_bf_tiled__f16,959,false,false,1,1,fully_connected_gpu_bf_tiled_2727911967636154657_0_0,gtpin_total_execution_cycles,74737512,cycles,64,74737512
n1_i4,4,1,4,performance,layers.*/mlp,/model/layers.18/mlp/gate_proj/MatMul,FullyConnected,FullyConnected,fullyconnected:/model/layers.18/mlp/gate_proj/MatMul,fullyconnected:/model/layers.18/mlp/gate_proj/MatMul,fully_connected,fully_connected_gpu_bf_tiled__f16,958,false,false,1,1,fully_connected_gpu_bf_tiled_9957149419786459120_0_0,gtpin_total_execution_cycles,101491284,cycles,176,101491284
n1_i4,4,1,4,performance,layers.*/mlp,/model/layers.18/mlp/up_proj/MatMul,FullyConnected,FullyConnected,fullyconnected:/model/layers.18/mlp/up_proj/MatMul,fullyconnected:/model/layers.18/mlp/up_proj/MatMul,fully_connected,fully_connected_gpu_bf_tiled__f16,957,false,false,1,1,fully_connected_gpu_bf_tiled_2740906288179525049_0_0,gtpin_total_execution_cycles,95190492,cycles,176,95190492
n1_i4,4,1,4,performance,layers.*/post_attention_layernorm,/model/layers.18/post_attention_layernorm/Mul,RMS,RMS,rms:/model/layers.18/post_attention_layernorm/Mul,rms:/model/layers.18/post_attention_layernorm/Mul,rms,rms_gpu_bfyx_opt__f16,956,false,false,1,1,rms_gpu_bfyx_opt_10690270683970839748_0_0__sa,gtpin_total_execution_cycles,1634848,cycles,256,1634848
n1_i4,4,1,4,performance,layers.*/self_attn,/model/layers.18/self_attn/Add,RoPE,RoPE,rope:/model/layers.18/self_attn/Add,rope:/model/layers.18/self_attn/Add,rope,ocl::rope::opt___f16,932,false,false,1,1,rope_opt__13889706310558783765__sa,gtpin_total_execution_cycles,795606,cycles,64,795606
n1_i4,4,1,4,performance,layers.*/self_attn,/model/layers.18/self_attn/Add_1,RoPE,RoPE,rope:/model/layers.18/self_attn/Add_1,rope:/model/layers.18/self_attn/Add_1,rope,ocl::rope::opt___f16,933,false,false,1,1,rope_opt__6960924190377492479__sa,gtpin_total_execution_cycles,61352,cycles,8,61352
n1_i4,4,1,4,performance,layers.*/self_attn,/model/layers.18/self_attn/Expand,Broadcast,Broadcast,broadcast:/model/layers.18/self_attn/Expand,broadcast:/model/layers.18/self_attn/Expand,broadcast,broadcast_gpu_ref__f16,945,false,false,1,1,broadcast_gpu_ref_6456514822857321615_0_0__sa,gtpin_total_execution_cycles,5365282,cycles,1024,5365282
n1_i4,4,1,4,performance,layers.*/self_attn,/model/layers.18/self_attn/Expand_1,Broadcast,Broadcast,broadcast:/model/layers.18/self_attn/Expand_1,broadcast:/model/layers.18/self_attn/Expand_1,broadcast,broadcast_gpu_ref__f16,938,false,false,1,1,broadcast_gpu_ref_6456514822857321615_0_0__sa,gtpin_total_execution_cycles,4924146,cycles,1024,4924146
n1_i4,4,1,4,performance,layers.*/self_attn,/model/layers.18/self_attn/IsNaN,IsNaN,IsNaN,isnan:/model/layers.18/self_attn/IsNaN,isnan:/model/layers.18/self_attn/IsNaN,eltwise,generic_eltwise_ref__f16,951,false,false,1,1,generic_eltwise_ref_1696504087421334661_0_0__sa,gtpin_total_execution_cycles,1106718,cycles,256,1106718
n1_i4,4,1,4,performance,layers.*/self_attn,/model/layers.18/self_attn/MatMul,Gemm,Gemm,gemm:/model/layers.18/self_attn/MatMul,gemm:/model/layers.18/self_attn/MatMul,gemm,gemm_tiled_opt__f16,949,false,false,1,1,gemm_tiled_opt_7238579717421349067_1_0__sa,gtpin_total_execution_cycles,3547146,cycles,32,3547146
n1_i4,4,1,4,performance,layers.*/self_attn,/model/layers.18/self_attn/Mul_8,Multiply,Multiply,multiply:/model/layers.18/self_attn/Mul_8,multiply:/model/layers.18/self_attn/Mul_8,eltwise,generic_eltwise_ref__f16,935,false,false,1,1,generic_eltwise_ref_7125964068740378811_0_0__sa,gtpin_total_execution_cycles,4984580,cycles,1024,4984580
n1_i4,4,1,4,performance,layers.*/self_attn,/model/layers.18/self_attn/Softmax,Softmax,Softmax,softmax:/model/layers.18/self_attn/Softmax,softmax:/model/layers.18/self_attn/Softmax,softmax,softmax_gpu_bf__f16,950,false,false,1,1,softmax_gpu_bf_18392998524141771378_0_0__sa,gtpin_total_execution_cycles,8180853,cycles,512,8180853
n1_i4,4,1,4,performance,layers.*/self_attn,/model/layers.18/self_attn/Transpose_2,Transpose,Transpose,transpose:/model/layers.18/self_attn/Transpose_2,transpose:/model/layers.18/self_attn/Transpose_2,permute,permute_ref__f16,931,false,false,1,1,permute_ref_653960189515371720_0_0__sa,gtpin_total_execution_cycles,499324,cycles,128,499324
n1_i4,4,1,4,performance,layers.*/self_attn,/model/layers.18/self_attn/Transpose_3,Transpose,Transpose,transpose:/model/layers.18/self_attn/Transpose_3,transpose:/model/layers.18/self_attn/Transpose_3,permute,permute_ref__f16,948,false,false,1,1,permute_ref_17183202574580890641_0_0__sa,gtpin_total_execution_cycles,4975014,cycles,1024,4975014
n1_i4,4,1,4,performance,layers.*/self_attn,/model/layers.18/self_attn/Transpose_4,Gemm,Gemm,gemm:/model/layers.18/self_attn/Transpose_4,gemm:/model/layers.18/self_attn/Transpose_4,gemm,gemm_tiled_opt__f16,953,false,false,1,1,gemm_tiled_opt_12829285813189929928_0_0__sa,gtpin_total_execution_cycles,1952430,cycles,64,1952430
n1_i4,4,1,4,performance,layers.*/self_attn,/model/layers.18/self_attn/Where_2,Select,Select,select:/model/layers.18/self_attn/Where_2,select:/model/layers.18/self_attn/Where_2,select,select_gpu_ref__u8,946,false,false,1,1,select_gpu_ref_7464502897564813179_0_0__sa,gtpin_total_execution_cycles,39506,cycles,8,39506
n1_i4,4,1,4,performance,layers.*/self_attn,/model/layers.18/self_attn/Where_3,Select,Select,select:/model/layers.18/self_attn/Where_3,select:/model/layers.18/self_attn/Where_3,select,select_gpu_ref__u8,952,false,false,1,1,select_gpu_ref_5609897181611433017_0_0__sa,gtpin_total_execution_cycles,1373894,cycles,256,1373894
n1_i4,4,1,4,performance,layers.*/self_attn,/model/layers.18/self_attn/k_proj/MatMul,FullyConnected,FullyConnected,fullyconnected:/model/layers.18/self_attn/k_proj/MatMul,fullyconnected:/model/layers.18/self_attn/k_proj/MatMul,fully_connected,fully_connected_gpu_bf_tiled__f16,927,false,false,1,1,fully_connected_gpu_bf_tiled_17963963101609895522_0_0,gtpin_total_execution_cycles,3678758,cycles,8,3678758
n1_i4,4,1,4,performance,layers.*/self_attn,/model/layers.18/self_attn/o_proj/MatMul,FullyConnected,FullyConnected,fullyconnected:/model/layers.18/self_attn/o_proj/MatMul,fullyconnected:/model/layers.18/self_attn/o_proj/MatMul,fully_connected,fully_connected_gpu_bf_tiled__f16,955,false,false,1,1,fully_connected_gpu_bf_tiled_14284117615310227244_0_0,gtpin_total_execution_cycles,28249470,cycles,64,28249470
n1_i4,4,1,4,performance,layers.*/self_attn,/model/layers.18/self_attn/q_proj/MatMul,FullyConnected,FullyConnected,fullyconnected:/model/layers.18/self_attn/q_proj/MatMul,fullyconnected:/model/layers.18/self_attn/q_proj/MatMul,fully_connected,fully_connected_gpu_bf_tiled__f16,926,false,false,1,1,fully_connected_gpu_bf_tiled_5315586391497964380_0_0,gtpin_total_execution_cycles,28529328,cycles,64,28529328
n1_i4,4,1,4,performance,layers.*/self_attn,/model/layers.18/self_attn/v_proj/MatMul,FullyConnected,FullyConnected,fullyconnected:/model/layers.18/self_attn/v_proj/MatMul,fullyconnected:/model/layers.18/self_attn/v_proj/MatMul,fully_connected,fully_connected_gpu_bf_tiled__f16,925,false,false,1,1,fully_connected_gpu_bf_tiled_17963963101609895522_0_0,gtpin_total_execution_cycles,3485576,cycles,8,3485576
n1_i4,4,1,4,performance,layers.*/input_layernorm,/model/layers.19/input_layernorm/Mul,RMS,RMS,rms:/model/layers.19/input_layernorm/Mul,rms:/model/layers.19/input_layernorm/Mul,rms,rms_gpu_bfyx_opt__f16,960,false,false,1,1,rms_gpu_bfyx_opt_10690270683970839748_0_0__sa,gtpin_total_execution_cycles,2063094,cycles,256,2063094
n1_i4,4,1,4,performance,layers.*/mlp,/model/layers.19/mlp/down_proj/MatMul,FullyConnected,FullyConnected,fullyconnected:/model/layers.19/mlp/down_proj/MatMul,fullyconnected:/model/layers.19/mlp/down_proj/MatMul,fully_connected,fully_connected_gpu_bf_tiled__f16,995,false,false,1,1,fully_connected_gpu_bf_tiled_2727911967636154657_0_0,gtpin_total_execution_cycles,75068096,cycles,64,75068096
n1_i4,4,1,4,performance,layers.*/mlp,/model/layers.19/mlp/gate_proj/MatMul,FullyConnected,FullyConnected,fullyconnected:/model/layers.19/mlp/gate_proj/MatMul,fullyconnected:/model/layers.19/mlp/gate_proj/MatMul,fully_connected,fully_connected_gpu_bf_tiled__f16,994,false,false,1,1,fully_connected_gpu_bf_tiled_9957149419786459120_0_0,gtpin_total_execution_cycles,122393596,cycles,176,122393596
n1_i4,4,1,4,performance,layers.*/mlp,/model/layers.19/mlp/up_proj/MatMul,FullyConnected,FullyConnected,fullyconnected:/model/layers.19/mlp/up_proj/MatMul,fullyconnected:/model/layers.19/mlp/up_proj/MatMul,fully_connected,fully_connected_gpu_bf_tiled__f16,993,false,false,1,1,fully_connected_gpu_bf_tiled_2740906288179525049_0_0,gtpin_total_execution_cycles,119491318,cycles,176,119491318
n1_i4,4,1,4,performance,layers.*/post_attention_layernorm,/model/layers.19/post_attention_layernorm/Mul,RMS,RMS,rms:/model/layers.19/post_attention_layernorm/Mul,rms:/model/layers.19/post_attention_layernorm/Mul,rms,rms_gpu_bfyx_opt__f16,992,false,false,1,1,rms_gpu_bfyx_opt_10690270683970839748_0_0__sa,gtpin_total_execution_cycles,1933586,cycles,256,1933586
n1_i4,4,1,4,performance,layers.*/self_attn,/model/layers.19/self_attn/Add,RoPE,RoPE,rope:/model/layers.19/self_attn/Add,rope:/model/layers.19/self_attn/Add,rope,ocl::rope::opt___f16,968,false,false,1,1,rope_opt__13889706310558783765__sa,gtpin_total_execution_cycles,961700,cycles,64,961700
n1_i4,4,1,4,performance,layers.*/self_attn,/model/layers.19/self_attn/Add_1,RoPE,RoPE,rope:/model/layers.19/self_attn/Add_1,rope:/model/layers.19/self_attn/Add_1,rope,ocl::rope::opt___f16,969,false,false,1,1,rope_opt__6960924190377492479__sa,gtpin_total_execution_cycles,61762,cycles,8,61762
n1_i4,4,1,4,performance,layers.*/self_attn,/model/layers.19/self_attn/Expand,Broadcast,Broadcast,broadcast:/model/layers.19/self_attn/Expand,broadcast:/model/layers.19/self_attn/Expand,broadcast,broadcast_gpu_ref__f16,981,false,false,1,1,broadcast_gpu_ref_6456514822857321615_0_0__sa,gtpin_total_execution_cycles,3959546,cycles,1024,3959546
n1_i4,4,1,4,performance,layers.*/self_attn,/model/layers.19/self_attn/Expand_1,Broadcast,Broadcast,broadcast:/model/layers.19/self_attn/Expand_1,broadcast:/model/layers.19/self_attn/Expand_1,broadcast,broadcast_gpu_ref__f16,974,false,false,1,1,broadcast_gpu_ref_6456514822857321615_0_0__sa,gtpin_total_execution_cycles,4639752,cycles,1024,4639752
n1_i4,4,1,4,performance,layers.*/self_attn,/model/layers.19/self_attn/IsNaN,IsNaN,IsNaN,isnan:/model/layers.19/self_attn/IsNaN,isnan:/model/layers.19/self_attn/IsNaN,eltwise,generic_eltwise_ref__f16,987,false,false,1,1,generic_eltwise_ref_1696504087421334661_0_0__sa,gtpin_total_execution_cycles,1137260,cycles,256,1137260
n1_i4,4,1,4,performance,layers.*/self_attn,/model/layers.19/self_attn/MatMul,Gemm,Gemm,gemm:/model/layers.19/self_attn/MatMul,gemm:/model/layers.19/self_attn/MatMul,gemm,gemm_tiled_opt__f16,985,false,false,1,1,gemm_tiled_opt_7238579717421349067_1_0__sa,gtpin_total_execution_cycles,3493334,cycles,32,3493334
n1_i4,4,1,4,performance,layers.*/self_attn,/model/layers.19/self_attn/Mul_8,Multiply,Multiply,multiply:/model/layers.19/self_attn/Mul_8,multiply:/model/layers.19/self_attn/Mul_8,eltwise,generic_eltwise_ref__f16,971,false,false,1,1,generic_eltwise_ref_7125964068740378811_0_0__sa,gtpin_total_execution_cycles,4577638,cycles,1024,4577638
n1_i4,4,1,4,performance,layers.*/self_attn,/model/layers.19/self_attn/Softmax,Softmax,Softmax,softmax:/model/layers.19/self_attn/Softmax,softmax:/model/layers.19/self_attn/Softmax,softmax,softmax_gpu_bf__f16,986,false,false,1,1,softmax_gpu_bf_18392998524141771378_0_0__sa,gtpin_total_execution_cycles,8035619,cycles,512,8035619
n1_i4,4,1,4,performance,layers.*/self_attn,/model/layers.19/self_attn/Transpose_2,Transpose,Transpose,transpose:/model/layers.19/self_attn/Transpose_2,transpose:/model/layers.19/self_attn/Transpose_2,permute,permute_ref__f16,967,false,false,1,1,permute_ref_653960189515371720_0_0__sa,gtpin_total_execution_cycles,509248,cycles,128,509248
n1_i4,4,1,4,performance,layers.*/self_attn,/model/layers.19/self_attn/Transpose_3,Transpose,Transpose,transpose:/model/layers.19/self_attn/Transpose_3,transpose:/model/layers.19/self_attn/Transpose_3,permute,permute_ref__f16,984,false,false,1,1,permute_ref_17183202574580890641_0_0__sa,gtpin_total_execution_cycles,5184062,cycles,1024,5184062
n1_i4,4,1,4,performance,layers.*/self_attn,/model/layers.19/self_attn/Transpose_4,Gemm,Gemm,gemm:/model/layers.19/self_attn/Transpose_4,gemm:/model/layers.19/self_attn/Transpose_4,gemm,gemm_tiled_opt__f16,989,false,false,1,1,gemm_tiled_opt_12829285813189929928_0_0__sa,gtpin_total_execution_cycles,2239620,cycles,64,2239620
n1_i4,4,1,4,performance,layers.*/self_attn,/model/layers.19/self_attn/Where_2,Select,Select,select:/model/layers.19/self_attn/Where_2,select:/model/layers.19/self_attn/Where_2,select,select_gpu_ref__u8,982,false,false,1,1,select_gpu_ref_7464502897564813179_0_0__sa,gtpin_total_execution_cycles,39012,cycles,8,39012
n1_i4,4,1,4,performance,layers.*/self_attn,/model/layers.19/self_attn/Where_3,Select,Select,select:/model/layers.19/self_attn/Where_3,select:/model/layers.19/self_attn/Where_3,select,select_gpu_ref__u8,988,false,false,1,1,select_gpu_ref_5609897181611433017_0_0__sa,gtpin_total_execution_cycles,1316856,cycles,256,1316856
n1_i4,4,1,4,performance,layers.*/self_attn,/model/layers.19/self_attn/k_proj/MatMul,FullyConnected,FullyConnected,fullyconnected:/model/layers.19/self_attn/k_proj/MatMul,fullyconnected:/model/layers.19/self_attn/k_proj/MatMul,fully_connected,fully_connected_gpu_bf_tiled__f16,963,false,false,1,1,fully_connected_gpu_bf_tiled_17963963101609895522_0_0,gtpin_total_execution_cycles,3669560,cycles,8,3669560
n1_i4,4,1,4,performance,layers.*/self_attn,/model/layers.19/self_attn/o_proj/MatMul,FullyConnected,FullyConnected,fullyconnected:/model/layers.19/self_attn/o_proj/MatMul,fullyconnected:/model/layers.19/self_attn/o_proj/MatMul,fully_connected,fully_connected_gpu_bf_tiled__f16,991,false,false,1,1,fully_connected_gpu_bf_tiled_14284117615310227244_0_0,gtpin_total_execution_cycles,28535696,cycles,64,28535696
n1_i4,4,1,4,performance,layers.*/self_attn,/model/layers.19/self_attn/q_proj/MatMul,FullyConnected,FullyConnected,fullyconnected:/model/layers.19/self_attn/q_proj/MatMul,fullyconnected:/model/layers.19/self_attn/q_proj/MatMul,fully_connected,fully_connected_gpu_bf_tiled__f16,962,false,false,1,1,fully_connected_gpu_bf_tiled_5315586391497964380_0_0,gtpin_total_execution_cycles,28534404,cycles,64,28534404
n1_i4,4,1,4,performance,layers.*/self_attn,/model/layers.19/self_attn/v_proj/MatMul,FullyConnected,FullyConnected,fullyconnected:/model/layers.19/self_attn/v_proj/MatMul,fullyconnected:/model/layers.19/self_attn/v_proj/MatMul,fully_connected,fully_connected_gpu_bf_tiled__f16,961,false,false,1,1,fully_connected_gpu_bf_tiled_17963963101609895522_0_0,gtpin_total_execution_cycles,3486550,cycles,8,3486550
n1_i4,4,1,4,performance,layers.*/input_layernorm,/model/layers.2/input_layernorm/Mul,RMS,RMS,rms:/model/layers.2/input_layernorm/Mul,rms:/model/layers.2/input_layernorm/Mul,rms,rms_gpu_bfyx_opt__f16,348,false,false,1,1,rms_gpu_bfyx_opt_10690270683970839748_0_0__sa,gtpin_total_execution_cycles,1578400,cycles,256,1578400
n1_i4,4,1,4,performance,layers.*/mlp,/model/layers.2/mlp/down_proj/MatMul,FullyConnected,FullyConnected,fullyconnected:/model/layers.2/mlp/down_proj/MatMul,fullyconnected:/model/layers.2/mlp/down_proj/MatMul,fully_connected,fully_connected_gpu_bf_tiled__f16,383,false,false,1,1,fully_connected_gpu_bf_tiled_2727911967636154657_0_0,gtpin_total_execution_cycles,76149682,cycles,64,76149682
n1_i4,4,1,4,performance,layers.*/mlp,/model/layers.2/mlp/gate_proj/MatMul,FullyConnected,FullyConnected,fullyconnected:/model/layers.2/mlp/gate_proj/MatMul,fullyconnected:/model/layers.2/mlp/gate_proj/MatMul,fully_connected,fully_connected_gpu_bf_tiled__f16,382,false,false,1,1,fully_connected_gpu_bf_tiled_9957149419786459120_0_0,gtpin_total_execution_cycles,122151578,cycles,176,122151578
n1_i4,4,1,4,performance,layers.*/mlp,/model/layers.2/mlp/up_proj/MatMul,FullyConnected,FullyConnected,fullyconnected:/model/layers.2/mlp/up_proj/MatMul,fullyconnected:/model/layers.2/mlp/up_proj/MatMul,fully_connected,fully_connected_gpu_bf_tiled__f16,381,false,false,1,1,fully_connected_gpu_bf_tiled_2740906288179525049_0_0,gtpin_total_execution_cycles,110699606,cycles,176,110699606
n1_i4,4,1,4,performance,layers.*/post_attention_layernorm,/model/layers.2/post_attention_layernorm/Mul,RMS,RMS,rms:/model/layers.2/post_attention_layernorm/Mul,rms:/model/layers.2/post_attention_layernorm/Mul,rms,rms_gpu_bfyx_opt__f16,380,false,false,1,1,rms_gpu_bfyx_opt_10690270683970839748_0_0__sa,gtpin_total_execution_cycles,1822286,cycles,256,1822286
n1_i4,4,1,4,performance,layers.*/self_attn,/model/layers.2/self_attn/Add,RoPE,RoPE,rope:/model/layers.2/self_attn/Add,rope:/model/layers.2/self_attn/Add,rope,ocl::rope::opt___f16,356,false,false,1,1,rope_opt__13889706310558783765__sa,gtpin_total_execution_cycles,829446,cycles,64,829446
n1_i4,4,1,4,performance,layers.*/self_attn,/model/layers.2/self_attn/Add_1,RoPE,RoPE,rope:/model/layers.2/self_attn/Add_1,rope:/model/layers.2/self_attn/Add_1,rope,ocl::rope::opt___f16,357,false,false,1,1,rope_opt__6960924190377492479__sa,gtpin_total_execution_cycles,67378,cycles,8,67378
n1_i4,4,1,4,performance,layers.*/self_attn,/model/layers.2/self_attn/Expand,Broadcast,Broadcast,broadcast:/model/layers.2/self_attn/Expand,broadcast:/model/layers.2/self_attn/Expand,broadcast,broadcast_gpu_ref__f16,369,false,false,1,1,broadcast_gpu_ref_6456514822857321615_0_0__sa,gtpin_total_execution_cycles,6083598,cycles,1024,6083598
n1_i4,4,1,4,performance,layers.*/self_attn,/model/layers.2/self_attn/Expand_1,Broadcast,Broadcast,broadcast:/model/layers.2/self_attn/Expand_1,broadcast:/model/layers.2/self_attn/Expand_1,broadcast,broadcast_gpu_ref__f16,362,false,false,1,1,broadcast_gpu_ref_6456514822857321615_0_0__sa,gtpin_total_execution_cycles,4305656,cycles,1024,4305656
n1_i4,4,1,4,performance,layers.*/self_attn,/model/layers.2/self_attn/IsNaN,IsNaN,IsNaN,isnan:/model/layers.2/self_attn/IsNaN,isnan:/model/layers.2/self_attn/IsNaN,eltwise,generic_eltwise_ref__f16,375,false,false,1,1,generic_eltwise_ref_1696504087421334661_0_0__sa,gtpin_total_execution_cycles,1276306,cycles,256,1276306
n1_i4,4,1,4,performance,layers.*/self_attn,/model/layers.2/self_attn/MatMul,Gemm,Gemm,gemm:/model/layers.2/self_attn/MatMul,gemm:/model/layers.2/self_attn/MatMul,gemm,gemm_tiled_opt__f16,373,false,false,1,1,gemm_tiled_opt_7238579717421349067_1_0__sa,gtpin_total_execution_cycles,3552520,cycles,32,3552520
n1_i4,4,1,4,performance,layers.*/self_attn,/model/layers.2/self_attn/Mul_8,Multiply,Multiply,multiply:/model/layers.2/self_attn/Mul_8,multiply:/model/layers.2/self_attn/Mul_8,eltwise,generic_eltwise_ref__f16,359,false,false,1,1,generic_eltwise_ref_7125964068740378811_0_0__sa,gtpin_total_execution_cycles,5251048,cycles,1024,5251048
n1_i4,4,1,4,performance,layers.*/self_attn,/model/layers.2/self_attn/Softmax,Softmax,Softmax,softmax:/model/layers.2/self_attn/Softmax,softmax:/model/layers.2/self_attn/Softmax,softmax,softmax_gpu_bf__f16,374,false,false,1,1,softmax_gpu_bf_18392998524141771378_0_0__sa,gtpin_total_execution_cycles,8029971,cycles,512,8029971
n1_i4,4,1,4,performance,layers.*/self_attn,/model/layers.2/self_attn/Transpose_2,Transpose,Transpose,transpose:/model/layers.2/self_attn/Transpose_2,transpose:/model/layers.2/self_attn/Transpose_2,permute,permute_ref__f16,355,false,false,1,1,permute_ref_653960189515371720_0_0__sa,gtpin_total_execution_cycles,503880,cycles,128,503880
n1_i4,4,1,4,performance,layers.*/self_attn,/model/layers.2/self_attn/Transpose_3,Transpose,Transpose,transpose:/model/layers.2/self_attn/Transpose_3,transpose:/model/layers.2/self_attn/Transpose_3,permute,permute_ref__f16,372,false,false,1,1,permute_ref_17183202574580890641_0_0__sa,gtpin_total_execution_cycles,5976692,cycles,1024,5976692
n1_i4,4,1,4,performance,layers.*/self_attn,/model/layers.2/self_attn/Transpose_4,Gemm,Gemm,gemm:/model/layers.2/self_attn/Transpose_4,gemm:/model/layers.2/self_attn/Transpose_4,gemm,gemm_tiled_opt__f16,377,false,false,1,1,gemm_tiled_opt_12829285813189929928_0_0__sa,gtpin_total_execution_cycles,2041730,cycles,64,2041730
n1_i4,4,1,4,performance,layers.*/self_attn,/model/layers.2/self_attn/Where_2,Select,Select,select:/model/layers.2/self_attn/Where_2,select:/model/layers.2/self_attn/Where_2,select,select_gpu_ref__u8,370,false,false,1,1,select_gpu_ref_7464502897564813179_0_0__sa,gtpin_total_execution_cycles,44082,cycles,8,44082
n1_i4,4,1,4,performance,layers.*/self_attn,/model/layers.2/self_attn/Where_3,Select,Select,select:/model/layers.2/self_attn/Where_3,select:/model/layers.2/self_attn/Where_3,select,select_gpu_ref__u8,376,false,false,1,1,select_gpu_ref_5609897181611433017_0_0__sa,gtpin_total_execution_cycles,1339154,cycles,256,1339154
n1_i4,4,1,4,performance,layers.*/self_attn,/model/layers.2/self_attn/k_proj/MatMul,FullyConnected,FullyConnected,fullyconnected:/model/layers.2/self_attn/k_proj/MatMul,fullyconnected:/model/layers.2/self_attn/k_proj/MatMul,fully_connected,fully_connected_gpu_bf_tiled__f16,351,false,false,1,1,fully_connected_gpu_bf_tiled_17963963101609895522_0_0,gtpin_total_execution_cycles,3909368,cycles,8,3909368
n1_i4,4,1,4,performance,layers.*/self_attn,/model/layers.2/self_attn/o_proj/MatMul,FullyConnected,FullyConnected,fullyconnected:/model/layers.2/self_attn/o_proj/MatMul,fullyconnected:/model/layers.2/self_attn/o_proj/MatMul,fully_connected,fully_connected_gpu_bf_tiled__f16,379,false,false,1,1,fully_connected_gpu_bf_tiled_14284117615310227244_0_0,gtpin_total_execution_cycles,29251364,cycles,64,29251364
n1_i4,4,1,4,performance,layers.*/self_attn,/model/layers.2/self_attn/q_proj/MatMul,FullyConnected,FullyConnected,fullyconnected:/model/layers.2/self_attn/q_proj/MatMul,fullyconnected:/model/layers.2/self_attn/q_proj/MatMul,fully_connected,fully_connected_gpu_bf_tiled__f16,350,false,false,1,1,fully_connected_gpu_bf_tiled_5315586391497964380_0_0,gtpin_total_execution_cycles,30419414,cycles,64,30419414
n1_i4,4,1,4,performance,layers.*/self_attn,/model/layers.2/self_attn/v_proj/MatMul,FullyConnected,FullyConnected,fullyconnected:/model/layers.2/self_attn/v_proj/MatMul,fullyconnected:/model/layers.2/self_attn/v_proj/MatMul,fully_connected,fully_connected_gpu_bf_tiled__f16,349,false,false,1,1,fully_connected_gpu_bf_tiled_17963963101609895522_0_0,gtpin_total_execution_cycles,3729224,cycles,8,3729224
n1_i4,4,1,4,performance,layers.*/input_layernorm,/model/layers.20/input_layernorm/Mul,RMS,RMS,rms:/model/layers.20/input_layernorm/Mul,rms:/model/layers.20/input_layernorm/Mul,rms,rms_gpu_bfyx_opt__f16,996,false,false,1,1,rms_gpu_bfyx_opt_10690270683970839748_0_0__sa,gtpin_total_execution_cycles,1488256,cycles,256,1488256
n1_i4,4,1,4,performance,layers.*/mlp,/model/layers.20/mlp/down_proj/MatMul,FullyConnected,FullyConnected,fullyconnected:/model/layers.20/mlp/down_proj/MatMul,fullyconnected:/model/layers.20/mlp/down_proj/MatMul,fully_connected,fully_connected_gpu_bf_tiled__f16,1031,false,false,1,1,fully_connected_gpu_bf_tiled_2727911967636154657_0_0,gtpin_total_execution_cycles,74964258,cycles,64,74964258
n1_i4,4,1,4,performance,layers.*/mlp,/model/layers.20/mlp/gate_proj/MatMul,FullyConnected,FullyConnected,fullyconnected:/model/layers.20/mlp/gate_proj/MatMul,fullyconnected:/model/layers.20/mlp/gate_proj/MatMul,fully_connected,fully_connected_gpu_bf_tiled__f16,1030,false,false,1,1,fully_connected_gpu_bf_tiled_9957149419786459120_0_0,gtpin_total_execution_cycles,117279276,cycles,176,117279276
n1_i4,4,1,4,performance,layers.*/mlp,/model/layers.20/mlp/up_proj/MatMul,FullyConnected,FullyConnected,fullyconnected:/model/layers.20/mlp/up_proj/MatMul,fullyconnected:/model/layers.20/mlp/up_proj/MatMul,fully_connected,fully_connected_gpu_bf_tiled__f16,1029,false,false,1,1,fully_connected_gpu_bf_tiled_2740906288179525049_0_0,gtpin_total_execution_cycles,120084196,cycles,176,120084196
n1_i4,4,1,4,performance,layers.*/post_attention_layernorm,/model/layers.20/post_attention_layernorm/Mul,RMS,RMS,rms:/model/layers.20/post_attention_layernorm/Mul,rms:/model/layers.20/post_attention_layernorm/Mul,rms,rms_gpu_bfyx_opt__f16,1028,false,false,1,1,rms_gpu_bfyx_opt_10690270683970839748_0_0__sa,gtpin_total_execution_cycles,2076574,cycles,256,2076574
n1_i4,4,1,4,performance,layers.*/self_attn,/model/layers.20/self_attn/Add,RoPE,RoPE,rope:/model/layers.20/self_attn/Add,rope:/model/layers.20/self_attn/Add,rope,ocl::rope::opt___f16,1004,false,false,1,1,rope_opt__13889706310558783765__sa,gtpin_total_execution_cycles,906550,cycles,64,906550
n1_i4,4,1,4,performance,layers.*/self_attn,/model/layers.20/self_attn/Add_1,RoPE,RoPE,rope:/model/layers.20/self_attn/Add_1,rope:/model/layers.20/self_attn/Add_1,rope,ocl::rope::opt___f16,1005,false,false,1,1,rope_opt__6960924190377492479__sa,gtpin_total_execution_cycles,61306,cycles,8,61306
n1_i4,4,1,4,performance,layers.*/self_attn,/model/layers.20/self_attn/Expand,Broadcast,Broadcast,broadcast:/model/layers.20/self_attn/Expand,broadcast:/model/layers.20/self_attn/Expand,broadcast,broadcast_gpu_ref__f16,1017,false,false,1,1,broadcast_gpu_ref_6456514822857321615_0_0__sa,gtpin_total_execution_cycles,3484816,cycles,1024,3484816
n1_i4,4,1,4,performance,layers.*/self_attn,/model/layers.20/self_attn/Expand_1,Broadcast,Broadcast,broadcast:/model/layers.20/self_attn/Expand_1,broadcast:/model/layers.20/self_attn/Expand_1,broadcast,broadcast_gpu_ref__f16,1010,false,false,1,1,broadcast_gpu_ref_6456514822857321615_0_0__sa,gtpin_total_execution_cycles,4157772,cycles,1024,4157772
n1_i4,4,1,4,performance,layers.*/self_attn,/model/layers.20/self_attn/IsNaN,IsNaN,IsNaN,isnan:/model/layers.20/self_attn/IsNaN,isnan:/model/layers.20/self_attn/IsNaN,eltwise,generic_eltwise_ref__f16,1023,false,false,1,1,generic_eltwise_ref_1696504087421334661_0_0__sa,gtpin_total_execution_cycles,1181594,cycles,256,1181594
n1_i4,4,1,4,performance,layers.*/self_attn,/model/layers.20/self_attn/MatMul,Gemm,Gemm,gemm:/model/layers.20/self_attn/MatMul,gemm:/model/layers.20/self_attn/MatMul,gemm,gemm_tiled_opt__f16,1021,false,false,1,1,gemm_tiled_opt_7238579717421349067_1_0__sa,gtpin_total_execution_cycles,3678232,cycles,32,3678232
n1_i4,4,1,4,performance,layers.*/self_attn,/model/layers.20/self_attn/Mul_8,Multiply,Multiply,multiply:/model/layers.20/self_attn/Mul_8,multiply:/model/layers.20/self_attn/Mul_8,eltwise,generic_eltwise_ref__f16,1007,false,false,1,1,generic_eltwise_ref_7125964068740378811_0_0__sa,gtpin_total_execution_cycles,4828752,cycles,1024,4828752
n1_i4,4,1,4,performance,layers.*/self_attn,/model/layers.20/self_attn/Softmax,Softmax,Softmax,softmax:/model/layers.20/self_attn/Softmax,softmax:/model/layers.20/self_attn/Softmax,softmax,softmax_gpu_bf__f16,1022,false,false,1,1,softmax_gpu_bf_18392998524141771378_0_0__sa,gtpin_total_execution_cycles,7994213,cycles,512,7994213
n1_i4,4,1,4,performance,layers.*/self_attn,/model/layers.20/self_attn/Transpose_2,Transpose,Transpose,transpose:/model/layers.20/self_attn/Transpose_2,transpose:/model/layers.20/self_attn/Transpose_2,permute,permute_ref__f16,1003,false,false,1,1,permute_ref_653960189515371720_0_0__sa,gtpin_total_execution_cycles,495852,cycles,128,495852
n1_i4,4,1,4,performance,layers.*/self_attn,/model/layers.20/self_attn/Transpose_3,Transpose,Transpose,transpose:/model/layers.20/self_attn/Transpose_3,transpose:/model/layers.20/self_attn/Transpose_3,permute,permute_ref__f16,1020,false,false,1,1,permute_ref_17183202574580890641_0_0__sa,gtpin_total_execution_cycles,5008880,cycles,1024,5008880
n1_i4,4,1,4,performance,layers.*/self_attn,/model/layers.20/self_attn/Transpose_4,Gemm,Gemm,gemm:/model/layers.20/self_attn/Transpose_4,gemm:/model/layers.20/self_attn/Transpose_4,gemm,gemm_tiled_opt__f16,1025,false,false,1,1,gemm_tiled_opt_12829285813189929928_0_0__sa,gtpin_total_execution_cycles,1998984,cycles,64,1998984
n1_i4,4,1,4,performance,layers.*/self_attn,/model/layers.20/self_attn/Where_2,Select,Select,select:/model/layers.20/self_attn/Where_2,select:/model/layers.20/self_attn/Where_2,select,select_gpu_ref__u8,1018,false,false,1,1,select_gpu_ref_7464502897564813179_0_0__sa,gtpin_total_execution_cycles,43420,cycles,8,43420
n1_i4,4,1,4,performance,layers.*/self_attn,/model/layers.20/self_attn/Where_3,Select,Select,select:/model/layers.20/self_attn/Where_3,select:/model/layers.20/self_attn/Where_3,select,select_gpu_ref__u8,1024,false,false,1,1,select_gpu_ref_5609897181611433017_0_0__sa,gtpin_total_execution_cycles,1454592,cycles,256,1454592
n1_i4,4,1,4,performance,layers.*/self_attn,/model/layers.20/self_attn/k_proj/MatMul,FullyConnected,FullyConnected,fullyconnected:/model/layers.20/self_attn/k_proj/MatMul,fullyconnected:/model/layers.20/self_attn/k_proj/MatMul,fully_connected,fully_connected_gpu_bf_tiled__f16,999,false,false,1,1,fully_connected_gpu_bf_tiled_17963963101609895522_0_0,gtpin_total_execution_cycles,3682442,cycles,8,3682442
n1_i4,4,1,4,performance,layers.*/self_attn,/model/layers.20/self_attn/o_proj/MatMul,FullyConnected,FullyConnected,fullyconnected:/model/layers.20/self_attn/o_proj/MatMul,fullyconnected:/model/layers.20/self_attn/o_proj/MatMul,fully_connected,fully_connected_gpu_bf_tiled__f16,1027,false,false,1,1,fully_connected_gpu_bf_tiled_14284117615310227244_0_0,gtpin_total_execution_cycles,28161590,cycles,64,28161590
n1_i4,4,1,4,performance,layers.*/self_attn,/model/layers.20/self_attn/q_proj/MatMul,FullyConnected,FullyConnected,fullyconnected:/model/layers.20/self_attn/q_proj/MatMul,fullyconnected:/model/layers.20/self_attn/q_proj/MatMul,fully_connected,fully_connected_gpu_bf_tiled__f16,998,false,false,1,1,fully_connected_gpu_bf_tiled_5315586391497964380_0_0,gtpin_total_execution_cycles,28502284,cycles,64,28502284
n1_i4,4,1,4,performance,layers.*/self_attn,/model/layers.20/self_attn/v_proj/MatMul,FullyConnected,FullyConnected,fullyconnected:/model/layers.20/self_attn/v_proj/MatMul,fullyconnected:/model/layers.20/self_attn/v_proj/MatMul,fully_connected,fully_connected_gpu_bf_tiled__f16,997,false,false,1,1,fully_connected_gpu_bf_tiled_17963963101609895522_0_0,gtpin_total_execution_cycles,3477344,cycles,8,3477344
n1_i4,4,1,4,performance,layers.*/input_layernorm,/model/layers.21/input_layernorm/Mul,RMS,RMS,rms:/model/layers.21/input_layernorm/Mul,rms:/model/layers.21/input_layernorm/Mul,rms,rms_gpu_bfyx_opt__f16,1032,false,false,1,1,rms_gpu_bfyx_opt_10690270683970839748_0_0__sa,gtpin_total_execution_cycles,1829132,cycles,256,1829132
n1_i4,4,1,4,performance,layers.*/mlp,/model/layers.21/mlp/down_proj/MatMul,FullyConnected,FullyConnected,fullyconnected:/model/layers.21/mlp/down_proj/MatMul,fullyconnected:/model/layers.21/mlp/down_proj/MatMul,fully_connected,fully_connected_gpu_bf_tiled__f16,1067,false,false,1,1,fully_connected_gpu_bf_tiled_2727911967636154657_0_0,gtpin_total_execution_cycles,73040860,cycles,64,73040860
n1_i4,4,1,4,performance,layers.*/mlp,/model/layers.21/mlp/gate_proj/MatMul,FullyConnected,FullyConnected,fullyconnected:/model/layers.21/mlp/gate_proj/MatMul,fullyconnected:/model/layers.21/mlp/gate_proj/MatMul,fully_connected,fully_connected_gpu_bf_tiled__f16,1066,false,false,1,1,fully_connected_gpu_bf_tiled_9957149419786459120_0_0,gtpin_total_execution_cycles,103210802,cycles,176,103210802
n1_i4,4,1,4,performance,layers.*/mlp,/model/layers.21/mlp/up_proj/MatMul,FullyConnected,FullyConnected,fullyconnected:/model/layers.21/mlp/up_proj/MatMul,fullyconnected:/model/layers.21/mlp/up_proj/MatMul,fully_connected,fully_connected_gpu_bf_tiled__f16,1065,false,false,1,1,fully_connected_gpu_bf_tiled_2740906288179525049_0_0,gtpin_total_execution_cycles,93806048,cycles,176,93806048
n1_i4,4,1,4,performance,layers.*/post_attention_layernorm,/model/layers.21/post_attention_layernorm/Mul,RMS,RMS,rms:/model/layers.21/post_attention_layernorm/Mul,rms:/model/layers.21/post_attention_layernorm/Mul,rms,rms_gpu_bfyx_opt__f16,1064,false,false,1,1,rms_gpu_bfyx_opt_10690270683970839748_0_0__sa,gtpin_total_execution_cycles,2009788,cycles,256,2009788
n1_i4,4,1,4,performance,layers.*/self_attn,/model/layers.21/self_attn/Add,RoPE,RoPE,rope:/model/layers.21/self_attn/Add,rope:/model/layers.21/self_attn/Add,rope,ocl::rope::opt___f16,1040,false,false,1,1,rope_opt__13889706310558783765__sa,gtpin_total_execution_cycles,955696,cycles,64,955696
n1_i4,4,1,4,performance,layers.*/self_attn,/model/layers.21/self_attn/Add_1,RoPE,RoPE,rope:/model/layers.21/self_attn/Add_1,rope:/model/layers.21/self_attn/Add_1,rope,ocl::rope::opt___f16,1041,false,false,1,1,rope_opt__6960924190377492479__sa,gtpin_total_execution_cycles,64724,cycles,8,64724
n1_i4,4,1,4,performance,layers.*/self_attn,/model/layers.21/self_attn/Expand,Broadcast,Broadcast,broadcast:/model/layers.21/self_attn/Expand,broadcast:/model/layers.21/self_attn/Expand,broadcast,broadcast_gpu_ref__f16,1053,false,false,1,1,broadcast_gpu_ref_6456514822857321615_0_0__sa,gtpin_total_execution_cycles,5720376,cycles,1024,5720376
n1_i4,4,1,4,performance,layers.*/self_attn,/model/layers.21/self_attn/Expand_1,Broadcast,Broadcast,broadcast:/model/layers.21/self_attn/Expand_1,broadcast:/model/layers.21/self_attn/Expand_1,broadcast,broadcast_gpu_ref__f16,1046,false,false,1,1,broadcast_gpu_ref_6456514822857321615_0_0__sa,gtpin_total_execution_cycles,4087512,cycles,1024,4087512
n1_i4,4,1,4,performance,layers.*/self_attn,/model/layers.21/self_attn/IsNaN,IsNaN,IsNaN,isnan:/model/layers.21/self_attn/IsNaN,isnan:/model/layers.21/self_attn/IsNaN,eltwise,generic_eltwise_ref__f16,1059,false,false,1,1,generic_eltwise_ref_1696504087421334661_0_0__sa,gtpin_total_execution_cycles,1168152,cycles,256,1168152
n1_i4,4,1,4,performance,layers.*/self_attn,/model/layers.21/self_attn/MatMul,Gemm,Gemm,gemm:/model/layers.21/self_attn/MatMul,gemm:/model/layers.21/self_attn/MatMul,gemm,gemm_tiled_opt__f16,1057,false,false,1,1,gemm_tiled_opt_7238579717421349067_1_0__sa,gtpin_total_execution_cycles,3446568,cycles,32,3446568
n1_i4,4,1,4,performance,layers.*/self_attn,/model/layers.21/self_attn/Mul_8,Multiply,Multiply,multiply:/model/layers.21/self_attn/Mul_8,multiply:/model/layers.21/self_attn/Mul_8,eltwise,generic_eltwise_ref__f16,1043,false,false,1,1,generic_eltwise_ref_7125964068740378811_0_0__sa,gtpin_total_execution_cycles,4694700,cycles,1024,4694700
n1_i4,4,1,4,performance,layers.*/self_attn,/model/layers.21/self_attn/Softmax,Softmax,Softmax,softmax:/model/layers.21/self_attn/Softmax,softmax:/model/layers.21/self_attn/Softmax,softmax,softmax_gpu_bf__f16,1058,false,false,1,1,softmax_gpu_bf_18392998524141771378_0_0__sa,gtpin_total_execution_cycles,7944234,cycles,512,7944234
n1_i4,4,1,4,performance,layers.*/self_attn,/model/layers.21/self_attn/Transpose_2,Transpose,Transpose,transpose:/model/layers.21/self_attn/Transpose_2,transpose:/model/layers.21/self_attn/Transpose_2,permute,permute_ref__f16,1039,false,false,1,1,permute_ref_653960189515371720_0_0__sa,gtpin_total_execution_cycles,461602,cycles,128,461602
n1_i4,4,1,4,performance,layers.*/self_attn,/model/layers.21/self_attn/Transpose_3,Transpose,Transpose,transpose:/model/layers.21/self_attn/Transpose_3,transpose:/model/layers.21/self_attn/Transpose_3,permute,permute_ref__f16,1056,false,false,1,1,permute_ref_17183202574580890641_0_0__sa,gtpin_total_execution_cycles,6040088,cycles,1024,6040088
n1_i4,4,1,4,performance,layers.*/self_attn,/model/layers.21/self_attn/Transpose_4,Gemm,Gemm,gemm:/model/layers.21/self_attn/Transpose_4,gemm:/model/layers.21/self_attn/Transpose_4,gemm,gemm_tiled_opt__f16,1061,false,false,1,1,gemm_tiled_opt_12829285813189929928_0_0__sa,gtpin_total_execution_cycles,1982208,cycles,64,1982208
n1_i4,4,1,4,performance,layers.*/self_attn,/model/layers.21/self_attn/Where_2,Select,Select,select:/model/layers.21/self_attn/Where_2,select:/model/layers.21/self_attn/Where_2,select,select_gpu_ref__u8,1054,false,false,1,1,select_gpu_ref_7464502897564813179_0_0__sa,gtpin_total_execution_cycles,44000,cycles,8,44000
n1_i4,4,1,4,performance,layers.*/self_attn,/model/layers.21/self_attn/Where_3,Select,Select,select:/model/layers.21/self_attn/Where_3,select:/model/layers.21/self_attn/Where_3,select,select_gpu_ref__u8,1060,false,false,1,1,select_gpu_ref_5609897181611433017_0_0__sa,gtpin_total_execution_cycles,1418972,cycles,256,1418972
n1_i4,4,1,4,performance,layers.*/self_attn,/model/layers.21/self_attn/k_proj/MatMul,FullyConnected,FullyConnected,fullyconnected:/model/layers.21/self_attn/k_proj/MatMul,fullyconnected:/model/layers.21/self_attn/k_proj/MatMul,fully_connected,fully_connected_gpu_bf_tiled__f16,1035,false,false,1,1,fully_connected_gpu_bf_tiled_17963963101609895522_0_0,gtpin_total_execution_cycles,3639720,cycles,8,3639720
n1_i4,4,1,4,performance,layers.*/self_attn,/model/layers.21/self_attn/o_proj/MatMul,FullyConnected,FullyConnected,fullyconnected:/model/layers.21/self_attn/o_proj/MatMul,fullyconnected:/model/layers.21/self_attn/o_proj/MatMul,fully_connected,fully_connected_gpu_bf_tiled__f16,1063,false,false,1,1,fully_connected_gpu_bf_tiled_14284117615310227244_0_0,gtpin_total_execution_cycles,27734830,cycles,64,27734830
n1_i4,4,1,4,performance,layers.*/self_attn,/model/layers.21/self_attn/q_proj/MatMul,FullyConnected,FullyConnected,fullyconnected:/model/layers.21/self_attn/q_proj/MatMul,fullyconnected:/model/layers.21/self_attn/q_proj/MatMul,fully_connected,fully_connected_gpu_bf_tiled__f16,1034,false,false,1,1,fully_connected_gpu_bf_tiled_5315586391497964380_0_0,gtpin_total_execution_cycles,28266488,cycles,64,28266488
n1_i4,4,1,4,performance,layers.*/self_attn,/model/layers.21/self_attn/v_proj/MatMul,FullyConnected,FullyConnected,fullyconnected:/model/layers.21/self_attn/v_proj/MatMul,fullyconnected:/model/layers.21/self_attn/v_proj/MatMul,fully_connected,fully_connected_gpu_bf_tiled__f16,1033,false,false,1,1,fully_connected_gpu_bf_tiled_17963963101609895522_0_0,gtpin_total_execution_cycles,3447686,cycles,8,3447686
n1_i4,4,1,4,performance,layers.*/input_layernorm,/model/layers.3/input_layernorm/Mul,RMS,RMS,rms:/model/layers.3/input_layernorm/Mul,rms:/model/layers.3/input_layernorm/Mul,rms,rms_gpu_bfyx_opt__f16,384,false,false,1,1,rms_gpu_bfyx_opt_10690270683970839748_0_0__sa,gtpin_total_execution_cycles,2116182,cycles,256,2116182
n1_i4,4,1,4,performance,layers.*/mlp,/model/layers.3/mlp/down_proj/MatMul,FullyConnected,FullyConnected,fullyconnected:/model/layers.3/mlp/down_proj/MatMul,fullyconnected:/model/layers.3/mlp/down_proj/MatMul,fully_connected,fully_connected_gpu_bf_tiled__f16,419,false,false,1,1,fully_connected_gpu_bf_tiled_2727911967636154657_0_0,gtpin_total_execution_cycles,76452560,cycles,64,76452560
n1_i4,4,1,4,performance,layers.*/mlp,/model/layers.3/mlp/gate_proj/MatMul,FullyConnected,FullyConnected,fullyconnected:/model/layers.3/mlp/gate_proj/MatMul,fullyconnected:/model/layers.3/mlp/gate_proj/MatMul,fully_connected,fully_connected_gpu_bf_tiled__f16,418,false,false,1,1,fully_connected_gpu_bf_tiled_9957149419786459120_0_0,gtpin_total_execution_cycles,119822254,cycles,176,119822254
n1_i4,4,1,4,performance,layers.*/mlp,/model/layers.3/mlp/up_proj/MatMul,FullyConnected,FullyConnected,fullyconnected:/model/layers.3/mlp/up_proj/MatMul,fullyconnected:/model/layers.3/mlp/up_proj/MatMul,fully_connected,fully_connected_gpu_bf_tiled__f16,417,false,false,1,1,fully_connected_gpu_bf_tiled_2740906288179525049_0_0,gtpin_total_execution_cycles,98176388,cycles,176,98176388
n1_i4,4,1,4,performance,layers.*/post_attention_layernorm,/model/layers.3/post_attention_layernorm/Mul,RMS,RMS,rms:/model/layers.3/post_attention_layernorm/Mul,rms:/model/layers.3/post_attention_layernorm/Mul,rms,rms_gpu_bfyx_opt__f16,416,false,false,1,1,rms_gpu_bfyx_opt_10690270683970839748_0_0__sa,gtpin_total_execution_cycles,2112014,cycles,256,2112014
n1_i4,4,1,4,performance,layers.*/self_attn,/model/layers.3/self_attn/Add,RoPE,RoPE,rope:/model/layers.3/self_attn/Add,rope:/model/layers.3/self_attn/Add,rope,ocl::rope::opt___f16,392,false,false,1,1,rope_opt__13889706310558783765__sa,gtpin_total_execution_cycles,853908,cycles,64,853908
n1_i4,4,1,4,performance,layers.*/self_attn,/model/layers.3/self_attn/Add_1,RoPE,RoPE,rope:/model/layers.3/self_attn/Add_1,rope:/model/layers.3/self_attn/Add_1,rope,ocl::rope::opt___f16,393,false,false,1,1,rope_opt__6960924190377492479__sa,gtpin_total_execution_cycles,66266,cycles,8,66266
n1_i4,4,1,4,performance,layers.*/self_attn,/model/layers.3/self_attn/Expand,Broadcast,Broadcast,broadcast:/model/layers.3/self_attn/Expand,broadcast:/model/layers.3/self_attn/Expand,broadcast,broadcast_gpu_ref__f16,405,false,false,1,1,broadcast_gpu_ref_6456514822857321615_0_0__sa,gtpin_total_execution_cycles,3812550,cycles,1024,3812550
n1_i4,4,1,4,performance,layers.*/self_attn,/model/layers.3/self_attn/Expand_1,Broadcast,Broadcast,broadcast:/model/layers.3/self_attn/Expand_1,broadcast:/model/layers.3/self_attn/Expand_1,broadcast,broadcast_gpu_ref__f16,398,false,false,1,1,broadcast_gpu_ref_6456514822857321615_0_0__sa,gtpin_total_execution_cycles,4434742,cycles,1024,4434742
n1_i4,4,1,4,performance,layers.*/self_attn,/model/layers.3/self_attn/IsNaN,IsNaN,IsNaN,isnan:/model/layers.3/self_attn/IsNaN,isnan:/model/layers.3/self_attn/IsNaN,eltwise,generic_eltwise_ref__f16,411,false,false,1,1,generic_eltwise_ref_1696504087421334661_0_0__sa,gtpin_total_execution_cycles,1312056,cycles,256,1312056
n1_i4,4,1,4,performance,layers.*/self_attn,/model/layers.3/self_attn/MatMul,Gemm,Gemm,gemm:/model/layers.3/self_attn/MatMul,gemm:/model/layers.3/self_attn/MatMul,gemm,gemm_tiled_opt__f16,409,false,false,1,1,gemm_tiled_opt_7238579717421349067_1_0__sa,gtpin_total_execution_cycles,3450834,cycles,32,3450834
n1_i4,4,1,4,performance,layers.*/self_attn,/model/layers.3/self_attn/Mul_8,Multiply,Multiply,multiply:/model/layers.3/self_attn/Mul_8,multiply:/model/layers.3/self_attn/Mul_8,eltwise,generic_eltwise_ref__f16,395,false,false,1,1,generic_eltwise_ref_7125964068740378811_0_0__sa,gtpin_total_execution_cycles,4784008,cycles,1024,4784008
n1_i4,4,1,4,performance,layers.*/self_attn,/model/layers.3/self_attn/Softmax,Softmax,Softmax,softmax:/model/layers.3/self_attn/Softmax,softmax:/model/layers.3/self_attn/Softmax,softmax,softmax_gpu_bf__f16,410,false,false,1,1,softmax_gpu_bf_18392998524141771378_0_0__sa,gtpin_total_execution_cycles,7875479,cycles,512,7875479
n1_i4,4,1,4,performance,layers.*/self_attn,/model/layers.3/self_attn/Transpose_2,Transpose,Transpose,transpose:/model/layers.3/self_attn/Transpose_2,transpose:/model/layers.3/self_attn/Transpose_2,permute,permute_ref__f16,391,false,false,1,1,permute_ref_653960189515371720_0_0__sa,gtpin_total_execution_cycles,515022,cycles,128,515022
n1_i4,4,1,4,performance,layers.*/self_attn,/model/layers.3/self_attn/Transpose_3,Transpose,Transpose,transpose:/model/layers.3/self_attn/Transpose_3,transpose:/model/layers.3/self_attn/Transpose_3,permute,permute_ref__f16,408,false,false,1,1,permute_ref_17183202574580890641_0_0__sa,gtpin_total_execution_cycles,6719734,cycles,1024,6719734
n1_i4,4,1,4,performance,layers.*/self_attn,/model/layers.3/self_attn/Transpose_4,Gemm,Gemm,gemm:/model/layers.3/self_attn/Transpose_4,gemm:/model/layers.3/self_attn/Transpose_4,gemm,gemm_tiled_opt__f16,413,false,false,1,1,gemm_tiled_opt_12829285813189929928_0_0__sa,gtpin_total_execution_cycles,2191830,cycles,64,2191830
n1_i4,4,1,4,performance,layers.*/self_attn,/model/layers.3/self_attn/Where_2,Select,Select,select:/model/layers.3/self_attn/Where_2,select:/model/layers.3/self_attn/Where_2,select,select_gpu_ref__u8,406,false,false,1,1,select_gpu_ref_7464502897564813179_0_0__sa,gtpin_total_execution_cycles,38000,cycles,8,38000
n1_i4,4,1,4,performance,layers.*/self_attn,/model/layers.3/self_attn/Where_3,Select,Select,select:/model/layers.3/self_attn/Where_3,select:/model/layers.3/self_attn/Where_3,select,select_gpu_ref__u8,412,false,false,1,1,select_gpu_ref_5609897181611433017_0_0__sa,gtpin_total_execution_cycles,1395012,cycles,256,1395012
n1_i4,4,1,4,performance,layers.*/self_attn,/model/layers.3/self_attn/k_proj/MatMul,FullyConnected,FullyConnected,fullyconnected:/model/layers.3/self_attn/k_proj/MatMul,fullyconnected:/model/layers.3/self_attn/k_proj/MatMul,fully_connected,fully_connected_gpu_bf_tiled__f16,387,false,false,1,1,fully_connected_gpu_bf_tiled_17963963101609895522_0_0,gtpin_total_execution_cycles,3722998,cycles,8,3722998
n1_i4,4,1,4,performance,layers.*/self_attn,/model/layers.3/self_attn/o_proj/MatMul,FullyConnected,FullyConnected,fullyconnected:/model/layers.3/self_attn/o_proj/MatMul,fullyconnected:/model/layers.3/self_attn/o_proj/MatMul,fully_connected,fully_connected_gpu_bf_tiled__f16,415,false,false,1,1,fully_connected_gpu_bf_tiled_14284117615310227244_0_0,gtpin_total_execution_cycles,28598744,cycles,64,28598744
n1_i4,4,1,4,performance,layers.*/self_attn,/model/layers.3/self_attn/q_proj/MatMul,FullyConnected,FullyConnected,fullyconnected:/model/layers.3/self_attn/q_proj/MatMul,fullyconnected:/model/layers.3/self_attn/q_proj/MatMul,fully_connected,fully_connected_gpu_bf_tiled__f16,386,false,false,1,1,fully_connected_gpu_bf_tiled_5315586391497964380_0_0,gtpin_total_execution_cycles,28872020,cycles,64,28872020
n1_i4,4,1,4,performance,layers.*/self_attn,/model/layers.3/self_attn/v_proj/MatMul,FullyConnected,FullyConnected,fullyconnected:/model/layers.3/self_attn/v_proj/MatMul,fullyconnected:/model/layers.3/self_attn/v_proj/MatMul,fully_connected,fully_connected_gpu_bf_tiled__f16,385,false,false,1,1,fully_connected_gpu_bf_tiled_17963963101609895522_0_0,gtpin_total_execution_cycles,3519176,cycles,8,3519176
n1_i4,4,1,4,performance,layers.*/input_layernorm,/model/layers.4/input_layernorm/Mul,RMS,RMS,rms:/model/layers.4/input_layernorm/Mul,rms:/model/layers.4/input_layernorm/Mul,rms,rms_gpu_bfyx_opt__f16,420,false,false,1,1,rms_gpu_bfyx_opt_10690270683970839748_0_0__sa,gtpin_total_execution_cycles,1913184,cycles,256,1913184
n1_i4,4,1,4,performance,layers.*/mlp,/model/layers.4/mlp/down_proj/MatMul,FullyConnected,FullyConnected,fullyconnected:/model/layers.4/mlp/down_proj/MatMul,fullyconnected:/model/layers.4/mlp/down_proj/MatMul,fully_connected,fully_connected_gpu_bf_tiled__f16,455,false,false,1,1,fully_connected_gpu_bf_tiled_2727911967636154657_0_0,gtpin_total_execution_cycles,76696058,cycles,64,76696058
n1_i4,4,1,4,performance,layers.*/mlp,/model/layers.4/mlp/gate_proj/MatMul,FullyConnected,FullyConnected,fullyconnected:/model/layers.4/mlp/gate_proj/MatMul,fullyconnected:/model/layers.4/mlp/gate_proj/MatMul,fully_connected,fully_connected_gpu_bf_tiled__f16,454,false,false,1,1,fully_connected_gpu_bf_tiled_9957149419786459120_0_0,gtpin_total_execution_cycles,129611222,cycles,176,129611222
n1_i4,4,1,4,performance,layers.*/mlp,/model/layers.4/mlp/up_proj/MatMul,FullyConnected,FullyConnected,fullyconnected:/model/layers.4/mlp/up_proj/MatMul,fullyconnected:/model/layers.4/mlp/up_proj/MatMul,fully_connected,fully_connected_gpu_bf_tiled__f16,453,false,false,1,1,fully_connected_gpu_bf_tiled_2740906288179525049_0_0,gtpin_total_execution_cycles,101079242,cycles,176,101079242
n1_i4,4,1,4,performance,layers.*/post_attention_layernorm,/model/layers.4/post_attention_layernorm/Mul,RMS,RMS,rms:/model/layers.4/post_attention_layernorm/Mul,rms:/model/layers.4/post_attention_layernorm/Mul,rms,rms_gpu_bfyx_opt__f16,452,false,false,1,1,rms_gpu_bfyx_opt_10690270683970839748_0_0__sa,gtpin_total_execution_cycles,1922070,cycles,256,1922070
n1_i4,4,1,4,performance,layers.*/self_attn,/model/layers.4/self_attn/Add,RoPE,RoPE,rope:/model/layers.4/self_attn/Add,rope:/model/layers.4/self_attn/Add,rope,ocl::rope::opt___f16,428,false,false,1,1,rope_opt__13889706310558783765__sa,gtpin_total_execution_cycles,937878,cycles,64,937878
n1_i4,4,1,4,performance,layers.*/self_attn,/model/layers.4/self_attn/Add_1,RoPE,RoPE,rope:/model/layers.4/self_attn/Add_1,rope:/model/layers.4/self_attn/Add_1,rope,ocl::rope::opt___f16,429,false,false,1,1,rope_opt__6960924190377492479__sa,gtpin_total_execution_cycles,65850,cycles,8,65850
n1_i4,4,1,4,performance,layers.*/self_attn,/model/layers.4/self_attn/Expand,Broadcast,Broadcast,broadcast:/model/layers.4/self_attn/Expand,broadcast:/model/layers.4/self_attn/Expand,broadcast,broadcast_gpu_ref__f16,441,false,false,1,1,broadcast_gpu_ref_6456514822857321615_0_0__sa,gtpin_total_execution_cycles,3697800,cycles,1024,3697800
n1_i4,4,1,4,performance,layers.*/self_attn,/model/layers.4/self_attn/Expand_1,Broadcast,Broadcast,broadcast:/model/layers.4/self_attn/Expand_1,broadcast:/model/layers.4/self_attn/Expand_1,broadcast,broadcast_gpu_ref__f16,434,false,false,1,1,broadcast_gpu_ref_6456514822857321615_0_0__sa,gtpin_total_execution_cycles,4469196,cycles,1024,4469196
n1_i4,4,1,4,performance,layers.*/self_attn,/model/layers.4/self_attn/IsNaN,IsNaN,IsNaN,isnan:/model/layers.4/self_attn/IsNaN,isnan:/model/layers.4/self_attn/IsNaN,eltwise,generic_eltwise_ref__f16,447,false,false,1,1,generic_eltwise_ref_1696504087421334661_0_0__sa,gtpin_total_execution_cycles,1512146,cycles,256,1512146
n1_i4,4,1,4,performance,layers.*/self_attn,/model/layers.4/self_attn/MatMul,Gemm,Gemm,gemm:/model/layers.4/self_attn/MatMul,gemm:/model/layers.4/self_attn/MatMul,gemm,gemm_tiled_opt__f16,445,false,false,1,1,gemm_tiled_opt_7238579717421349067_1_0__sa,gtpin_total_execution_cycles,3707010,cycles,32,3707010
n1_i4,4,1,4,performance,layers.*/self_attn,/model/layers.4/self_attn/Mul_8,Multiply,Multiply,multiply:/model/layers.4/self_attn/Mul_8,multiply:/model/layers.4/self_attn/Mul_8,eltwise,generic_eltwise_ref__f16,431,false,false,1,1,generic_eltwise_ref_7125964068740378811_0_0__sa,gtpin_total_execution_cycles,5587622,cycles,1024,5587622
n1_i4,4,1,4,performance,layers.*/self_attn,/model/layers.4/self_attn/Softmax,Softmax,Softmax,softmax:/model/layers.4/self_attn/Softmax,softmax:/model/layers.4/self_attn/Softmax,softmax,softmax_gpu_bf__f16,446,false,false,1,1,softmax_gpu_bf_18392998524141771378_0_0__sa,gtpin_total_execution_cycles,7946503,cycles,512,7946503
n1_i4,4,1,4,performance,layers.*/self_attn,/model/layers.4/self_attn/Transpose_2,Transpose,Transpose,transpose:/model/layers.4/self_attn/Transpose_2,transpose:/model/layers.4/self_attn/Transpose_2,permute,permute_ref__f16,427,false,false,1,1,permute_ref_653960189515371720_0_0__sa,gtpin_total_execution_cycles,449876,cycles,128,449876
n1_i4,4,1,4,performance,layers.*/self_attn,/model/layers.4/self_attn/Transpose_3,Transpose,Transpose,transpose:/model/layers.4/self_attn/Transpose_3,transpose:/model/layers.4/self_attn/Transpose_3,permute,permute_ref__f16,444,false,false,1,1,permute_ref_17183202574580890641_0_0__sa,gtpin_total_execution_cycles,4819764,cycles,1024,4819764
n1_i4,4,1,4,performance,layers.*/self_attn,/model/layers.4/self_attn/Transpose_4,Gemm,Gemm,gemm:/model/layers.4/self_attn/Transpose_4,gemm:/model/layers.4/self_attn/Transpose_4,gemm,gemm_tiled_opt__f16,449,false,false,1,1,gemm_tiled_opt_12829285813189929928_0_0__sa,gtpin_total_execution_cycles,2072360,cycles,64,2072360
n1_i4,4,1,4,performance,layers.*/self_attn,/model/layers.4/self_attn/Where_2,Select,Select,select:/model/layers.4/self_attn/Where_2,select:/model/layers.4/self_attn/Where_2,select,select_gpu_ref__u8,442,false,false,1,1,select_gpu_ref_7464502897564813179_0_0__sa,gtpin_total_execution_cycles,42480,cycles,8,42480
n1_i4,4,1,4,performance,layers.*/self_attn,/model/layers.4/self_attn/Where_3,Select,Select,select:/model/layers.4/self_attn/Where_3,select:/model/layers.4/self_attn/Where_3,select,select_gpu_ref__u8,448,false,false,1,1,select_gpu_ref_5609897181611433017_0_0__sa,gtpin_total_execution_cycles,1364036,cycles,256,1364036
n1_i4,4,1,4,performance,layers.*/self_attn,/model/layers.4/self_attn/k_proj/MatMul,FullyConnected,FullyConnected,fullyconnected:/model/layers.4/self_attn/k_proj/MatMul,fullyconnected:/model/layers.4/self_attn/k_proj/MatMul,fully_connected,fully_connected_gpu_bf_tiled__f16,423,false,false,1,1,fully_connected_gpu_bf_tiled_17963963101609895522_0_0,gtpin_total_execution_cycles,3725596,cycles,8,3725596
n1_i4,4,1,4,performance,layers.*/self_attn,/model/layers.4/self_attn/o_proj/MatMul,FullyConnected,FullyConnected,fullyconnected:/model/layers.4/self_attn/o_proj/MatMul,fullyconnected:/model/layers.4/self_attn/o_proj/MatMul,fully_connected,fully_connected_gpu_bf_tiled__f16,451,false,false,1,1,fully_connected_gpu_bf_tiled_14284117615310227244_0_0,gtpin_total_execution_cycles,28400248,cycles,64,28400248
n1_i4,4,1,4,performance,layers.*/self_attn,/model/layers.4/self_attn/q_proj/MatMul,FullyConnected,FullyConnected,fullyconnected:/model/layers.4/self_attn/q_proj/MatMul,fullyconnected:/model/layers.4/self_attn/q_proj/MatMul,fully_connected,fully_connected_gpu_bf_tiled__f16,422,false,false,1,1,fully_connected_gpu_bf_tiled_5315586391497964380_0_0,gtpin_total_execution_cycles,28931128,cycles,64,28931128
n1_i4,4,1,4,performance,layers.*/self_attn,/model/layers.4/self_attn/v_proj/MatMul,FullyConnected,FullyConnected,fullyconnected:/model/layers.4/self_attn/v_proj/MatMul,fullyconnected:/model/layers.4/self_attn/v_proj/MatMul,fully_connected,fully_connected_gpu_bf_tiled__f16,421,false,false,1,1,fully_connected_gpu_bf_tiled_17963963101609895522_0_0,gtpin_total_execution_cycles,3527246,cycles,8,3527246
n1_i4,4,1,4,performance,layers.*/input_layernorm,/model/layers.5/input_layernorm/Mul,RMS,RMS,rms:/model/layers.5/input_layernorm/Mul,rms:/model/layers.5/input_layernorm/Mul,rms,rms_gpu_bfyx_opt__f16,456,false,false,1,1,rms_gpu_bfyx_opt_10690270683970839748_0_0__sa,gtpin_total_execution_cycles,1459194,cycles,256,1459194
n1_i4,4,1,4,performance,layers.*/mlp,/model/layers.5/mlp/down_proj/MatMul,FullyConnected,FullyConnected,fullyconnected:/model/layers.5/mlp/down_proj/MatMul,fullyconnected:/model/layers.5/mlp/down_proj/MatMul,fully_connected,fully_connected_gpu_bf_tiled__f16,491,false,false,1,1,fully_connected_gpu_bf_tiled_2727911967636154657_0_0,gtpin_total_execution_cycles,75960078,cycles,64,75960078
n1_i4,4,1,4,performance,layers.*/mlp,/model/layers.5/mlp/gate_proj/MatMul,FullyConnected,FullyConnected,fullyconnected:/model/layers.5/mlp/gate_proj/MatMul,fullyconnected:/model/layers.5/mlp/gate_proj/MatMul,fully_connected,fully_connected_gpu_bf_tiled__f16,490,false,false,1,1,fully_connected_gpu_bf_tiled_9957149419786459120_0_0,gtpin_total_execution_cycles,106770210,cycles,176,106770210
n1_i4,4,1,4,performance,layers.*/mlp,/model/layers.5/mlp/up_proj/MatMul,FullyConnected,FullyConnected,fullyconnected:/model/layers.5/mlp/up_proj/MatMul,fullyconnected:/model/layers.5/mlp/up_proj/MatMul,fully_connected,fully_connected_gpu_bf_tiled__f16,489,false,false,1,1,fully_connected_gpu_bf_tiled_2740906288179525049_0_0,gtpin_total_execution_cycles,98978452,cycles,176,98978452
n1_i4,4,1,4,performance,layers.*/post_attention_layernorm,/model/layers.5/post_attention_layernorm/Mul,RMS,RMS,rms:/model/layers.5/post_attention_layernorm/Mul,rms:/model/layers.5/post_attention_layernorm/Mul,rms,rms_gpu_bfyx_opt__f16,488,false,false,1,1,rms_gpu_bfyx_opt_10690270683970839748_0_0__sa,gtpin_total_execution_cycles,1939746,cycles,256,1939746
n1_i4,4,1,4,performance,layers.*/self_attn,/model/layers.5/self_attn/Add,RoPE,RoPE,rope:/model/layers.5/self_attn/Add,rope:/model/layers.5/self_attn/Add,rope,ocl::rope::opt___f16,464,false,false,1,1,rope_opt__13889706310558783765__sa,gtpin_total_execution_cycles,951066,cycles,64,951066
n1_i4,4,1,4,performance,layers.*/self_attn,/model/layers.5/self_attn/Add_1,RoPE,RoPE,rope:/model/layers.5/self_attn/Add_1,rope:/model/layers.5/self_attn/Add_1,rope,ocl::rope::opt___f16,465,false,false,1,1,rope_opt__6960924190377492479__sa,gtpin_total_execution_cycles,69482,cycles,8,69482
n1_i4,4,1,4,performance,layers.*/self_attn,/model/layers.5/self_attn/Expand,Broadcast,Broadcast,broadcast:/model/layers.5/self_attn/Expand,broadcast:/model/layers.5/self_attn/Expand,broadcast,broadcast_gpu_ref__f16,477,false,false,1,1,broadcast_gpu_ref_6456514822857321615_0_0__sa,gtpin_total_execution_cycles,5270406,cycles,1024,5270406
n1_i4,4,1,4,performance,layers.*/self_attn,/model/layers.5/self_attn/Expand_1,Broadcast,Broadcast,broadcast:/model/layers.5/self_attn/Expand_1,broadcast:/model/layers.5/self_attn/Expand_1,broadcast,broadcast_gpu_ref__f16,470,false,false,1,1,broadcast_gpu_ref_6456514822857321615_0_0__sa,gtpin_total_execution_cycles,4301186,cycles,1024,4301186
n1_i4,4,1,4,performance,layers.*/self_attn,/model/layers.5/self_attn/IsNaN,IsNaN,IsNaN,isnan:/model/layers.5/self_attn/IsNaN,isnan:/model/layers.5/self_attn/IsNaN,eltwise,generic_eltwise_ref__f16,483,false,false,1,1,generic_eltwise_ref_1696504087421334661_0_0__sa,gtpin_total_execution_cycles,1232540,cycles,256,1232540
n1_i4,4,1,4,performance,layers.*/self_attn,/model/layers.5/self_attn/MatMul,Gemm,Gemm,gemm:/model/layers.5/self_attn/MatMul,gemm:/model/layers.5/self_attn/MatMul,gemm,gemm_tiled_opt__f16,481,false,false,1,1,gemm_tiled_opt_7238579717421349067_1_0__sa,gtpin_total_execution_cycles,3523020,cycles,32,3523020
n1_i4,4,1,4,performance,layers.*/self_attn,/model/layers.5/self_attn/Mul_8,Multiply,Multiply,multiply:/model/layers.5/self_attn/Mul_8,multiply:/model/layers.5/self_attn/Mul_8,eltwise,generic_eltwise_ref__f16,467,false,false,1,1,generic_eltwise_ref_7125964068740378811_0_0__sa,gtpin_total_execution_cycles,4730036,cycles,1024,4730036
n1_i4,4,1,4,performance,layers.*/self_attn,/model/layers.5/self_attn/Softmax,Softmax,Softmax,softmax:/model/layers.5/self_attn/Softmax,softmax:/model/layers.5/self_attn/Softmax,softmax,softmax_gpu_bf__f16,482,false,false,1,1,softmax_gpu_bf_18392998524141771378_0_0__sa,gtpin_total_execution_cycles,8232724,cycles,512,8232724
n1_i4,4,1,4,performance,layers.*/self_attn,/model/layers.5/self_attn/Transpose_2,Transpose,Transpose,transpose:/model/layers.5/self_attn/Transpose_2,transpose:/model/layers.5/self_attn/Transpose_2,permute,permute_ref__f16,463,false,false,1,1,permute_ref_653960189515371720_0_0__sa,gtpin_total_execution_cycles,525442,cycles,128,525442
n1_i4,4,1,4,performance,layers.*/self_attn,/model/layers.5/self_attn/Transpose_3,Transpose,Transpose,transpose:/model/layers.5/self_attn/Transpose_3,transpose:/model/layers.5/self_attn/Transpose_3,permute,permute_ref__f16,480,false,false,1,1,permute_ref_17183202574580890641_0_0__sa,gtpin_total_execution_cycles,5460136,cycles,1024,5460136
n1_i4,4,1,4,performance,layers.*/self_attn,/model/layers.5/self_attn/Transpose_4,Gemm,Gemm,gemm:/model/layers.5/self_attn/Transpose_4,gemm:/model/layers.5/self_attn/Transpose_4,gemm,gemm_tiled_opt__f16,485,false,false,1,1,gemm_tiled_opt_12829285813189929928_0_0__sa,gtpin_total_execution_cycles,1993910,cycles,64,1993910
n1_i4,4,1,4,performance,layers.*/self_attn,/model/layers.5/self_attn/Where_2,Select,Select,select:/model/layers.5/self_attn/Where_2,select:/model/layers.5/self_attn/Where_2,select,select_gpu_ref__u8,478,false,false,1,1,select_gpu_ref_7464502897564813179_0_0__sa,gtpin_total_execution_cycles,36600,cycles,8,36600
n1_i4,4,1,4,performance,layers.*/self_attn,/model/layers.5/self_attn/Where_3,Select,Select,select:/model/layers.5/self_attn/Where_3,select:/model/layers.5/self_attn/Where_3,select,select_gpu_ref__u8,484,false,false,1,1,select_gpu_ref_5609897181611433017_0_0__sa,gtpin_total_execution_cycles,1308998,cycles,256,1308998
n1_i4,4,1,4,performance,layers.*/self_attn,/model/layers.5/self_attn/k_proj/MatMul,FullyConnected,FullyConnected,fullyconnected:/model/layers.5/self_attn/k_proj/MatMul,fullyconnected:/model/layers.5/self_attn/k_proj/MatMul,fully_connected,fully_connected_gpu_bf_tiled__f16,459,false,false,1,1,fully_connected_gpu_bf_tiled_17963963101609895522_0_0,gtpin_total_execution_cycles,3707268,cycles,8,3707268
n1_i4,4,1,4,performance,layers.*/self_attn,/model/layers.5/self_attn/o_proj/MatMul,FullyConnected,FullyConnected,fullyconnected:/model/layers.5/self_attn/o_proj/MatMul,fullyconnected:/model/layers.5/self_attn/o_proj/MatMul,fully_connected,fully_connected_gpu_bf_tiled__f16,487,false,false,1,1,fully_connected_gpu_bf_tiled_14284117615310227244_0_0,gtpin_total_execution_cycles,28390390,cycles,64,28390390
n1_i4,4,1,4,performance,layers.*/self_attn,/model/layers.5/self_attn/q_proj/MatMul,FullyConnected,FullyConnected,fullyconnected:/model/layers.5/self_attn/q_proj/MatMul,fullyconnected:/model/layers.5/self_attn/q_proj/MatMul,fully_connected,fully_connected_gpu_bf_tiled__f16,458,false,false,1,1,fully_connected_gpu_bf_tiled_5315586391497964380_0_0,gtpin_total_execution_cycles,28790800,cycles,64,28790800
n1_i4,4,1,4,performance,layers.*/self_attn,/model/layers.5/self_attn/v_proj/MatMul,FullyConnected,FullyConnected,fullyconnected:/model/layers.5/self_attn/v_proj/MatMul,fullyconnected:/model/layers.5/self_attn/v_proj/MatMul,fully_connected,fully_connected_gpu_bf_tiled__f16,457,false,false,1,1,fully_connected_gpu_bf_tiled_17963963101609895522_0_0,gtpin_total_execution_cycles,3516340,cycles,8,3516340
n1_i4,4,1,4,performance,layers.*/input_layernorm,/model/layers.6/input_layernorm/Mul,RMS,RMS,rms:/model/layers.6/input_layernorm/Mul,rms:/model/layers.6/input_layernorm/Mul,rms,rms_gpu_bfyx_opt__f16,492,false,false,1,1,rms_gpu_bfyx_opt_10690270683970839748_0_0__sa,gtpin_total_execution_cycles,1704904,cycles,256,1704904
n1_i4,4,1,4,performance,layers.*/mlp,/model/layers.6/mlp/down_proj/MatMul,FullyConnected,FullyConnected,fullyconnected:/model/layers.6/mlp/down_proj/MatMul,fullyconnected:/model/layers.6/mlp/down_proj/MatMul,fully_connected,fully_connected_gpu_bf_tiled__f16,527,false,false,1,1,fully_connected_gpu_bf_tiled_2727911967636154657_0_0,gtpin_total_execution_cycles,76321098,cycles,64,76321098
n1_i4,4,1,4,performance,layers.*/mlp,/model/layers.6/mlp/gate_proj/MatMul,FullyConnected,FullyConnected,fullyconnected:/model/layers.6/mlp/gate_proj/MatMul,fullyconnected:/model/layers.6/mlp/gate_proj/MatMul,fully_connected,fully_connected_gpu_bf_tiled__f16,526,false,false,1,1,fully_connected_gpu_bf_tiled_9957149419786459120_0_0,gtpin_total_execution_cycles,132557570,cycles,176,132557570
n1_i4,4,1,4,performance,layers.*/mlp,/model/layers.6/mlp/up_proj/MatMul,FullyConnected,FullyConnected,fullyconnected:/model/layers.6/mlp/up_proj/MatMul,fullyconnected:/model/layers.6/mlp/up_proj/MatMul,fully_connected,fully_connected_gpu_bf_tiled__f16,525,false,false,1,1,fully_connected_gpu_bf_tiled_2740906288179525049_0_0,gtpin_total_execution_cycles,106350236,cycles,176,106350236
n1_i4,4,1,4,performance,layers.*/post_attention_layernorm,/model/layers.6/post_attention_layernorm/Mul,RMS,RMS,rms:/model/layers.6/post_attention_layernorm/Mul,rms:/model/layers.6/post_attention_layernorm/Mul,rms,rms_gpu_bfyx_opt__f16,524,false,false,1,1,rms_gpu_bfyx_opt_10690270683970839748_0_0__sa,gtpin_total_execution_cycles,1872194,cycles,256,1872194
n1_i4,4,1,4,performance,layers.*/self_attn,/model/layers.6/self_attn/Add,RoPE,RoPE,rope:/model/layers.6/self_attn/Add,rope:/model/layers.6/self_attn/Add,rope,ocl::rope::opt___f16,500,false,false,1,1,rope_opt__13889706310558783765__sa,gtpin_total_execution_cycles,882462,cycles,64,882462
n1_i4,4,1,4,performance,layers.*/self_attn,/model/layers.6/self_attn/Add_1,RoPE,RoPE,rope:/model/layers.6/self_attn/Add_1,rope:/model/layers.6/self_attn/Add_1,rope,ocl::rope::opt___f16,501,false,false,1,1,rope_opt__6960924190377492479__sa,gtpin_total_execution_cycles,62298,cycles,8,62298
n1_i4,4,1,4,performance,layers.*/self_attn,/model/layers.6/self_attn/Expand,Broadcast,Broadcast,broadcast:/model/layers.6/self_attn/Expand,broadcast:/model/layers.6/self_attn/Expand,broadcast,broadcast_gpu_ref__f16,513,false,false,1,1,broadcast_gpu_ref_6456514822857321615_0_0__sa,gtpin_total_execution_cycles,6218872,cycles,1024,6218872
n1_i4,4,1,4,performance,layers.*/self_attn,/model/layers.6/self_attn/Expand_1,Broadcast,Broadcast,broadcast:/model/layers.6/self_attn/Expand_1,broadcast:/model/layers.6/self_attn/Expand_1,broadcast,broadcast_gpu_ref__f16,506,false,false,1,1,broadcast_gpu_ref_6456514822857321615_0_0__sa,gtpin_total_execution_cycles,4161212,cycles,1024,4161212
n1_i4,4,1,4,performance,layers.*/self_attn,/model/layers.6/self_attn/IsNaN,IsNaN,IsNaN,isnan:/model/layers.6/self_attn/IsNaN,isnan:/model/layers.6/self_attn/IsNaN,eltwise,generic_eltwise_ref__f16,519,false,false,1,1,generic_eltwise_ref_1696504087421334661_0_0__sa,gtpin_total_execution_cycles,1316796,cycles,256,1316796
n1_i4,4,1,4,performance,layers.*/self_attn,/model/layers.6/self_attn/MatMul,Gemm,Gemm,gemm:/model/layers.6/self_attn/MatMul,gemm:/model/layers.6/self_attn/MatMul,gemm,gemm_tiled_opt__f16,517,false,false,1,1,gemm_tiled_opt_7238579717421349067_1_0__sa,gtpin_total_execution_cycles,3437416,cycles,32,3437416
n1_i4,4,1,4,performance,layers.*/self_attn,/model/layers.6/self_attn/Mul_8,Multiply,Multiply,multiply:/model/layers.6/self_attn/Mul_8,multiply:/model/layers.6/self_attn/Mul_8,eltwise,generic_eltwise_ref__f16,503,false,false,1,1,generic_eltwise_ref_7125964068740378811_0_0__sa,gtpin_total_execution_cycles,4966842,cycles,1024,4966842
n1_i4,4,1,4,performance,layers.*/self_attn,/model/layers.6/self_attn/Softmax,Softmax,Softmax,softmax:/model/layers.6/self_attn/Softmax,softmax:/model/layers.6/self_attn/Softmax,softmax,softmax_gpu_bf__f16,518,false,false,1,1,softmax_gpu_bf_18392998524141771378_0_0__sa,gtpin_total_execution_cycles,7885619,cycles,512,7885619
n1_i4,4,1,4,performance,layers.*/self_attn,/model/layers.6/self_attn/Transpose_2,Transpose,Transpose,transpose:/model/layers.6/self_attn/Transpose_2,transpose:/model/layers.6/self_attn/Transpose_2,permute,permute_ref__f16,499,false,false,1,1,permute_ref_653960189515371720_0_0__sa,gtpin_total_execution_cycles,481794,cycles,128,481794
n1_i4,4,1,4,performance,layers.*/self_attn,/model/layers.6/self_attn/Transpose_3,Transpose,Transpose,transpose:/model/layers.6/self_attn/Transpose_3,transpose:/model/layers.6/self_attn/Transpose_3,permute,permute_ref__f16,516,false,false,1,1,permute_ref_17183202574580890641_0_0__sa,gtpin_total_execution_cycles,5290958,cycles,1024,5290958
n1_i4,4,1,4,performance,layers.*/self_attn,/model/layers.6/self_attn/Transpose_4,Gemm,Gemm,gemm:/model/layers.6/self_attn/Transpose_4,gemm:/model/layers.6/self_attn/Transpose_4,gemm,gemm_tiled_opt__f16,521,false,false,1,1,gemm_tiled_opt_12829285813189929928_0_0__sa,gtpin_total_execution_cycles,2165988,cycles,64,2165988
n1_i4,4,1,4,performance,layers.*/self_attn,/model/layers.6/self_attn/Where_2,Select,Select,select:/model/layers.6/self_attn/Where_2,select:/model/layers.6/self_attn/Where_2,select,select_gpu_ref__u8,514,false,false,1,1,select_gpu_ref_7464502897564813179_0_0__sa,gtpin_total_execution_cycles,37028,cycles,8,37028
n1_i4,4,1,4,performance,layers.*/self_attn,/model/layers.6/self_attn/Where_3,Select,Select,select:/model/layers.6/self_attn/Where_3,select:/model/layers.6/self_attn/Where_3,select,select_gpu_ref__u8,520,false,false,1,1,select_gpu_ref_5609897181611433017_0_0__sa,gtpin_total_execution_cycles,1447932,cycles,256,1447932
n1_i4,4,1,4,performance,layers.*/self_attn,/model/layers.6/self_attn/k_proj/MatMul,FullyConnected,FullyConnected,fullyconnected:/model/layers.6/self_attn/k_proj/MatMul,fullyconnected:/model/layers.6/self_attn/k_proj/MatMul,fully_connected,fully_connected_gpu_bf_tiled__f16,495,false,false,1,1,fully_connected_gpu_bf_tiled_17963963101609895522_0_0,gtpin_total_execution_cycles,3728644,cycles,8,3728644
n1_i4,4,1,4,performance,layers.*/self_attn,/model/layers.6/self_attn/o_proj/MatMul,FullyConnected,FullyConnected,fullyconnected:/model/layers.6/self_attn/o_proj/MatMul,fullyconnected:/model/layers.6/self_attn/o_proj/MatMul,fully_connected,fully_connected_gpu_bf_tiled__f16,523,false,false,1,1,fully_connected_gpu_bf_tiled_14284117615310227244_0_0,gtpin_total_execution_cycles,28557944,cycles,64,28557944
n1_i4,4,1,4,performance,layers.*/self_attn,/model/layers.6/self_attn/q_proj/MatMul,FullyConnected,FullyConnected,fullyconnected:/model/layers.6/self_attn/q_proj/MatMul,fullyconnected:/model/layers.6/self_attn/q_proj/MatMul,fully_connected,fully_connected_gpu_bf_tiled__f16,494,false,false,1,1,fully_connected_gpu_bf_tiled_5315586391497964380_0_0,gtpin_total_execution_cycles,28773078,cycles,64,28773078
n1_i4,4,1,4,performance,layers.*/self_attn,/model/layers.6/self_attn/v_proj/MatMul,FullyConnected,FullyConnected,fullyconnected:/model/layers.6/self_attn/v_proj/MatMul,fullyconnected:/model/layers.6/self_attn/v_proj/MatMul,fully_connected,fully_connected_gpu_bf_tiled__f16,493,false,false,1,1,fully_connected_gpu_bf_tiled_17963963101609895522_0_0,gtpin_total_execution_cycles,3518922,cycles,8,3518922
n1_i4,4,1,4,performance,layers.*/input_layernorm,/model/layers.7/input_layernorm/Mul,RMS,RMS,rms:/model/layers.7/input_layernorm/Mul,rms:/model/layers.7/input_layernorm/Mul,rms,rms_gpu_bfyx_opt__f16,528,false,false,1,1,rms_gpu_bfyx_opt_10690270683970839748_0_0__sa,gtpin_total_execution_cycles,2013002,cycles,256,2013002
n1_i4,4,1,4,performance,layers.*/mlp,/model/layers.7/mlp/down_proj/MatMul,FullyConnected,FullyConnected,fullyconnected:/model/layers.7/mlp/down_proj/MatMul,fullyconnected:/model/layers.7/mlp/down_proj/MatMul,fully_connected,fully_connected_gpu_bf_tiled__f16,563,false,false,1,1,fully_connected_gpu_bf_tiled_2727911967636154657_0_0,gtpin_total_execution_cycles,76543604,cycles,64,76543604
n1_i4,4,1,4,performance,layers.*/mlp,/model/layers.7/mlp/gate_proj/MatMul,FullyConnected,FullyConnected,fullyconnected:/model/layers.7/mlp/gate_proj/MatMul,fullyconnected:/model/layers.7/mlp/gate_proj/MatMul,fully_connected,fully_connected_gpu_bf_tiled__f16,562,false,false,1,1,fully_connected_gpu_bf_tiled_9957149419786459120_0_0,gtpin_total_execution_cycles,100872626,cycles,176,100872626
n1_i4,4,1,4,performance,layers.*/mlp,/model/layers.7/mlp/up_proj/MatMul,FullyConnected,FullyConnected,fullyconnected:/model/layers.7/mlp/up_proj/MatMul,fullyconnected:/model/layers.7/mlp/up_proj/MatMul,fully_connected,fully_connected_gpu_bf_tiled__f16,561,false,false,1,1,fully_connected_gpu_bf_tiled_2740906288179525049_0_0,gtpin_total_execution_cycles,97298046,cycles,176,97298046
n1_i4,4,1,4,performance,layers.*/post_attention_layernorm,/model/layers.7/post_attention_layernorm/Mul,RMS,RMS,rms:/model/layers.7/post_attention_layernorm/Mul,rms:/model/layers.7/post_attention_layernorm/Mul,rms,rms_gpu_bfyx_opt__f16,560,false,false,1,1,rms_gpu_bfyx_opt_10690270683970839748_0_0__sa,gtpin_total_execution_cycles,1891386,cycles,256,1891386
n1_i4,4,1,4,performance,layers.*/self_attn,/model/layers.7/self_attn/Add,RoPE,RoPE,rope:/model/layers.7/self_attn/Add,rope:/model/layers.7/self_attn/Add,rope,ocl::rope::opt___f16,536,false,false,1,1,rope_opt__13889706310558783765__sa,gtpin_total_execution_cycles,922930,cycles,64,922930
n1_i4,4,1,4,performance,layers.*/self_attn,/model/layers.7/self_attn/Add_1,RoPE,RoPE,rope:/model/layers.7/self_attn/Add_1,rope:/model/layers.7/self_attn/Add_1,rope,ocl::rope::opt___f16,537,false,false,1,1,rope_opt__6960924190377492479__sa,gtpin_total_execution_cycles,63664,cycles,8,63664
n1_i4,4,1,4,performance,layers.*/self_attn,/model/layers.7/self_attn/Expand,Broadcast,Broadcast,broadcast:/model/layers.7/self_attn/Expand,broadcast:/model/layers.7/self_attn/Expand,broadcast,broadcast_gpu_ref__f16,549,false,false,1,1,broadcast_gpu_ref_6456514822857321615_0_0__sa,gtpin_total_execution_cycles,4328748,cycles,1024,4328748
n1_i4,4,1,4,performance,layers.*/self_attn,/model/layers.7/self_attn/Expand_1,Broadcast,Broadcast,broadcast:/model/layers.7/self_attn/Expand_1,broadcast:/model/layers.7/self_attn/Expand_1,broadcast,broadcast_gpu_ref__f16,542,false,false,1,1,broadcast_gpu_ref_6456514822857321615_0_0__sa,gtpin_total_execution_cycles,4443244,cycles,1024,4443244
n1_i4,4,1,4,performance,layers.*/self_attn,/model/layers.7/self_attn/IsNaN,IsNaN,IsNaN,isnan:/model/layers.7/self_attn/IsNaN,isnan:/model/layers.7/self_attn/IsNaN,eltwise,generic_eltwise_ref__f16,555,false,false,1,1,generic_eltwise_ref_1696504087421334661_0_0__sa,gtpin_total_execution_cycles,1179682,cycles,256,1179682
n1_i4,4,1,4,performance,layers.*/self_attn,/model/layers.7/self_attn/MatMul,Gemm,Gemm,gemm:/model/layers.7/self_attn/MatMul,gemm:/model/layers.7/self_attn/MatMul,gemm,gemm_tiled_opt__f16,553,false,false,1,1,gemm_tiled_opt_7238579717421349067_1_0__sa,gtpin_total_execution_cycles,3424976,cycles,32,3424976
n1_i4,4,1,4,performance,layers.*/self_attn,/model/layers.7/self_attn/Mul_8,Multiply,Multiply,multiply:/model/layers.7/self_attn/Mul_8,multiply:/model/layers.7/self_attn/Mul_8,eltwise,generic_eltwise_ref__f16,539,false,false,1,1,generic_eltwise_ref_7125964068740378811_0_0__sa,gtpin_total_execution_cycles,4394694,cycles,1024,4394694
n1_i4,4,1,4,performance,layers.*/self_attn,/model/layers.7/self_attn/Softmax,Softmax,Softmax,softmax:/model/layers.7/self_attn/Softmax,softmax:/model/layers.7/self_attn/Softmax,softmax,softmax_gpu_bf__f16,554,false,false,1,1,softmax_gpu_bf_18392998524141771378_0_0__sa,gtpin_total_execution_cycles,8048044,cycles,512,8048044
n1_i4,4,1,4,performance,layers.*/self_attn,/model/layers.7/self_attn/Transpose_2,Transpose,Transpose,transpose:/model/layers.7/self_attn/Transpose_2,transpose:/model/layers.7/self_attn/Transpose_2,permute,permute_ref__f16,535,false,false,1,1,permute_ref_653960189515371720_0_0__sa,gtpin_total_execution_cycles,557286,cycles,128,557286
n1_i4,4,1,4,performance,layers.*/self_attn,/model/layers.7/self_attn/Transpose_3,Transpose,Transpose,transpose:/model/layers.7/self_attn/Transpose_3,transpose:/model/layers.7/self_attn/Transpose_3,permute,permute_ref__f16,552,false,false,1,1,permute_ref_17183202574580890641_0_0__sa,gtpin_total_execution_cycles,5140712,cycles,1024,5140712
n1_i4,4,1,4,performance,layers.*/self_attn,/model/layers.7/self_attn/Transpose_4,Gemm,Gemm,gemm:/model/layers.7/self_attn/Transpose_4,gemm:/model/layers.7/self_attn/Transpose_4,gemm,gemm_tiled_opt__f16,557,false,false,1,1,gemm_tiled_opt_12829285813189929928_0_0__sa,gtpin_total_execution_cycles,2197674,cycles,64,2197674
n1_i4,4,1,4,performance,layers.*/self_attn,/model/layers.7/self_attn/Where_2,Select,Select,select:/model/layers.7/self_attn/Where_2,select:/model/layers.7/self_attn/Where_2,select,select_gpu_ref__u8,550,false,false,1,1,select_gpu_ref_7464502897564813179_0_0__sa,gtpin_total_execution_cycles,38792,cycles,8,38792
n1_i4,4,1,4,performance,layers.*/self_attn,/model/layers.7/self_attn/Where_3,Select,Select,select:/model/layers.7/self_attn/Where_3,select:/model/layers.7/self_attn/Where_3,select,select_gpu_ref__u8,556,false,false,1,1,select_gpu_ref_5609897181611433017_0_0__sa,gtpin_total_execution_cycles,1847922,cycles,256,1847922
n1_i4,4,1,4,performance,layers.*/self_attn,/model/layers.7/self_attn/k_proj/MatMul,FullyConnected,FullyConnected,fullyconnected:/model/layers.7/self_attn/k_proj/MatMul,fullyconnected:/model/layers.7/self_attn/k_proj/MatMul,fully_connected,fully_connected_gpu_bf_tiled__f16,531,false,false,1,1,fully_connected_gpu_bf_tiled_17963963101609895522_0_0,gtpin_total_execution_cycles,3686050,cycles,8,3686050
n1_i4,4,1,4,performance,layers.*/self_attn,/model/layers.7/self_attn/o_proj/MatMul,FullyConnected,FullyConnected,fullyconnected:/model/layers.7/self_attn/o_proj/MatMul,fullyconnected:/model/layers.7/self_attn/o_proj/MatMul,fully_connected,fully_connected_gpu_bf_tiled__f16,559,false,false,1,1,fully_connected_gpu_bf_tiled_14284117615310227244_0_0,gtpin_total_execution_cycles,28382444,cycles,64,28382444
n1_i4,4,1,4,performance,layers.*/self_attn,/model/layers.7/self_attn/q_proj/MatMul,FullyConnected,FullyConnected,fullyconnected:/model/layers.7/self_attn/q_proj/MatMul,fullyconnected:/model/layers.7/self_attn/q_proj/MatMul,fully_connected,fully_connected_gpu_bf_tiled__f16,530,false,false,1,1,fully_connected_gpu_bf_tiled_5315586391497964380_0_0,gtpin_total_execution_cycles,28667268,cycles,64,28667268
n1_i4,4,1,4,performance,layers.*/self_attn,/model/layers.7/self_attn/v_proj/MatMul,FullyConnected,FullyConnected,fullyconnected:/model/layers.7/self_attn/v_proj/MatMul,fullyconnected:/model/layers.7/self_attn/v_proj/MatMul,fully_connected,fully_connected_gpu_bf_tiled__f16,529,false,false,1,1,fully_connected_gpu_bf_tiled_17963963101609895522_0_0,gtpin_total_execution_cycles,3503524,cycles,8,3503524
n1_i4,4,1,4,performance,layers.*/input_layernorm,/model/layers.8/input_layernorm/Mul,RMS,RMS,rms:/model/layers.8/input_layernorm/Mul,rms:/model/layers.8/input_layernorm/Mul,rms,rms_gpu_bfyx_opt__f16,564,false,false,1,1,rms_gpu_bfyx_opt_10690270683970839748_0_0__sa,gtpin_total_execution_cycles,1539484,cycles,256,1539484
n1_i4,4,1,4,performance,layers.*/mlp,/model/layers.8/mlp/down_proj/MatMul,FullyConnected,FullyConnected,fullyconnected:/model/layers.8/mlp/down_proj/MatMul,fullyconnected:/model/layers.8/mlp/down_proj/MatMul,fully_connected,fully_connected_gpu_bf_tiled__f16,599,false,false,1,1,fully_connected_gpu_bf_tiled_2727911967636154657_0_0,gtpin_total_execution_cycles,78586826,cycles,64,78586826
n1_i4,4,1,4,performance,layers.*/mlp,/model/layers.8/mlp/gate_proj/MatMul,FullyConnected,FullyConnected,fullyconnected:/model/layers.8/mlp/gate_proj/MatMul,fullyconnected:/model/layers.8/mlp/gate_proj/MatMul,fully_connected,fully_connected_gpu_bf_tiled__f16,598,false,false,1,1,fully_connected_gpu_bf_tiled_9957149419786459120_0_0,gtpin_total_execution_cycles,114178430,cycles,176,114178430
n1_i4,4,1,4,performance,layers.*/mlp,/model/layers.8/mlp/up_proj/MatMul,FullyConnected,FullyConnected,fullyconnected:/model/layers.8/mlp/up_proj/MatMul,fullyconnected:/model/layers.8/mlp/up_proj/MatMul,fully_connected,fully_connected_gpu_bf_tiled__f16,597,false,false,1,1,fully_connected_gpu_bf_tiled_2740906288179525049_0_0,gtpin_total_execution_cycles,98731054,cycles,176,98731054
n1_i4,4,1,4,performance,layers.*/post_attention_layernorm,/model/layers.8/post_attention_layernorm/Mul,RMS,RMS,rms:/model/layers.8/post_attention_layernorm/Mul,rms:/model/layers.8/post_attention_layernorm/Mul,rms,rms_gpu_bfyx_opt__f16,596,false,false,1,1,rms_gpu_bfyx_opt_10690270683970839748_0_0__sa,gtpin_total_execution_cycles,1879016,cycles,256,1879016
n1_i4,4,1,4,performance,layers.*/self_attn,/model/layers.8/self_attn/Add,RoPE,RoPE,rope:/model/layers.8/self_attn/Add,rope:/model/layers.8/self_attn/Add,rope,ocl::rope::opt___f16,572,false,false,1,1,rope_opt__13889706310558783765__sa,gtpin_total_execution_cycles,835566,cycles,64,835566
n1_i4,4,1,4,performance,layers.*/self_attn,/model/layers.8/self_attn/Add_1,RoPE,RoPE,rope:/model/layers.8/self_attn/Add_1,rope:/model/layers.8/self_attn/Add_1,rope,ocl::rope::opt___f16,573,false,false,1,1,rope_opt__6960924190377492479__sa,gtpin_total_execution_cycles,60978,cycles,8,60978
n1_i4,4,1,4,performance,layers.*/self_attn,/model/layers.8/self_attn/Expand,Broadcast,Broadcast,broadcast:/model/layers.8/self_attn/Expand,broadcast:/model/layers.8/self_attn/Expand,broadcast,broadcast_gpu_ref__f16,585,false,false,1,1,broadcast_gpu_ref_6456514822857321615_0_0__sa,gtpin_total_execution_cycles,4040580,cycles,1024,4040580
n1_i4,4,1,4,performance,layers.*/self_attn,/model/layers.8/self_attn/Expand_1,Broadcast,Broadcast,broadcast:/model/layers.8/self_attn/Expand_1,broadcast:/model/layers.8/self_attn/Expand_1,broadcast,broadcast_gpu_ref__f16,578,false,false,1,1,broadcast_gpu_ref_6456514822857321615_0_0__sa,gtpin_total_execution_cycles,4099938,cycles,1024,4099938
n1_i4,4,1,4,performance,layers.*/self_attn,/model/layers.8/self_attn/IsNaN,IsNaN,IsNaN,isnan:/model/layers.8/self_attn/IsNaN,isnan:/model/layers.8/self_attn/IsNaN,eltwise,generic_eltwise_ref__f16,591,false,false,1,1,generic_eltwise_ref_1696504087421334661_0_0__sa,gtpin_total_execution_cycles,1356024,cycles,256,1356024
n1_i4,4,1,4,performance,layers.*/self_attn,/model/layers.8/self_attn/MatMul,Gemm,Gemm,gemm:/model/layers.8/self_attn/MatMul,gemm:/model/layers.8/self_attn/MatMul,gemm,gemm_tiled_opt__f16,589,false,false,1,1,gemm_tiled_opt_7238579717421349067_1_0__sa,gtpin_total_execution_cycles,3765224,cycles,32,3765224
n1_i4,4,1,4,performance,layers.*/self_attn,/model/layers.8/self_attn/Mul_8,Multiply,Multiply,multiply:/model/layers.8/self_attn/Mul_8,multiply:/model/layers.8/self_attn/Mul_8,eltwise,generic_eltwise_ref__f16,575,false,false,1,1,generic_eltwise_ref_7125964068740378811_0_0__sa,gtpin_total_execution_cycles,5176850,cycles,1024,5176850
n1_i4,4,1,4,performance,layers.*/self_attn,/model/layers.8/self_attn/Softmax,Softmax,Softmax,softmax:/model/layers.8/self_attn/Softmax,softmax:/model/layers.8/self_attn/Softmax,softmax,softmax_gpu_bf__f16,590,false,false,1,1,softmax_gpu_bf_18392998524141771378_0_0__sa,gtpin_total_execution_cycles,8009506,cycles,512,8009506
n1_i4,4,1,4,performance,layers.*/self_attn,/model/layers.8/self_attn/Transpose_2,Transpose,Transpose,transpose:/model/layers.8/self_attn/Transpose_2,transpose:/model/layers.8/self_attn/Transpose_2,permute,permute_ref__f16,571,false,false,1,1,permute_ref_653960189515371720_0_0__sa,gtpin_total_execution_cycles,465252,cycles,128,465252
n1_i4,4,1,4,performance,layers.*/self_attn,/model/layers.8/self_attn/Transpose_3,Transpose,Transpose,transpose:/model/layers.8/self_attn/Transpose_3,transpose:/model/layers.8/self_attn/Transpose_3,permute,permute_ref__f16,588,false,false,1,1,permute_ref_17183202574580890641_0_0__sa,gtpin_total_execution_cycles,5077762,cycles,1024,5077762
n1_i4,4,1,4,performance,layers.*/self_attn,/model/layers.8/self_attn/Transpose_4,Gemm,Gemm,gemm:/model/layers.8/self_attn/Transpose_4,gemm:/model/layers.8/self_attn/Transpose_4,gemm,gemm_tiled_opt__f16,593,false,false,1,1,gemm_tiled_opt_12829285813189929928_0_0__sa,gtpin_total_execution_cycles,2245330,cycles,64,2245330
n1_i4,4,1,4,performance,layers.*/self_attn,/model/layers.8/self_attn/Where_2,Select,Select,select:/model/layers.8/self_attn/Where_2,select:/model/layers.8/self_attn/Where_2,select,select_gpu_ref__u8,586,false,false,1,1,select_gpu_ref_7464502897564813179_0_0__sa,gtpin_total_execution_cycles,41488,cycles,8,41488
n1_i4,4,1,4,performance,layers.*/self_attn,/model/layers.8/self_attn/Where_3,Select,Select,select:/model/layers.8/self_attn/Where_3,select:/model/layers.8/self_attn/Where_3,select,select_gpu_ref__u8,592,false,false,1,1,select_gpu_ref_5609897181611433017_0_0__sa,gtpin_total_execution_cycles,1684968,cycles,256,1684968
n1_i4,4,1,4,performance,layers.*/self_attn,/model/layers.8/self_attn/k_proj/MatMul,FullyConnected,FullyConnected,fullyconnected:/model/layers.8/self_attn/k_proj/MatMul,fullyconnected:/model/layers.8/self_attn/k_proj/MatMul,fully_connected,fully_connected_gpu_bf_tiled__f16,567,false,false,1,1,fully_connected_gpu_bf_tiled_17963963101609895522_0_0,gtpin_total_execution_cycles,3931778,cycles,8,3931778
n1_i4,4,1,4,performance,layers.*/self_attn,/model/layers.8/self_attn/o_proj/MatMul,FullyConnected,FullyConnected,fullyconnected:/model/layers.8/self_attn/o_proj/MatMul,fullyconnected:/model/layers.8/self_attn/o_proj/MatMul,fully_connected,fully_connected_gpu_bf_tiled__f16,595,false,false,1,1,fully_connected_gpu_bf_tiled_14284117615310227244_0_0,gtpin_total_execution_cycles,28763698,cycles,64,28763698
n1_i4,4,1,4,performance,layers.*/self_attn,/model/layers.8/self_attn/q_proj/MatMul,FullyConnected,FullyConnected,fullyconnected:/model/layers.8/self_attn/q_proj/MatMul,fullyconnected:/model/layers.8/self_attn/q_proj/MatMul,fully_connected,fully_connected_gpu_bf_tiled__f16,566,false,false,1,1,fully_connected_gpu_bf_tiled_5315586391497964380_0_0,gtpin_total_execution_cycles,30610698,cycles,64,30610698
n1_i4,4,1,4,performance,layers.*/self_attn,/model/layers.8/self_attn/v_proj/MatMul,FullyConnected,FullyConnected,fullyconnected:/model/layers.8/self_attn/v_proj/MatMul,fullyconnected:/model/layers.8/self_attn/v_proj/MatMul,fully_connected,fully_connected_gpu_bf_tiled__f16,565,false,false,1,1,fully_connected_gpu_bf_tiled_17963963101609895522_0_0,gtpin_total_execution_cycles,3740726,cycles,8,3740726
n1_i4,4,1,4,performance,layers.*/input_layernorm,/model/layers.9/input_layernorm/Mul,RMS,RMS,rms:/model/layers.9/input_layernorm/Mul,rms:/model/layers.9/input_layernorm/Mul,rms,rms_gpu_bfyx_opt__f16,600,false,false,1,1,rms_gpu_bfyx_opt_10690270683970839748_0_0__sa,gtpin_total_execution_cycles,1554150,cycles,256,1554150
n1_i4,4,1,4,performance,layers.*/mlp,/model/layers.9/mlp/down_proj/MatMul,FullyConnected,FullyConnected,fullyconnected:/model/layers.9/mlp/down_proj/MatMul,fullyconnected:/model/layers.9/mlp/down_proj/MatMul,fully_connected,fully_connected_gpu_bf_tiled__f16,635,false,false,1,1,fully_connected_gpu_bf_tiled_2727911967636154657_0_0,gtpin_total_execution_cycles,74011002,cycles,64,74011002
n1_i4,4,1,4,performance,layers.*/mlp,/model/layers.9/mlp/gate_proj/MatMul,FullyConnected,FullyConnected,fullyconnected:/model/layers.9/mlp/gate_proj/MatMul,fullyconnected:/model/layers.9/mlp/gate_proj/MatMul,fully_connected,fully_connected_gpu_bf_tiled__f16,634,false,false,1,1,fully_connected_gpu_bf_tiled_9957149419786459120_0_0,gtpin_total_execution_cycles,99732138,cycles,176,99732138
n1_i4,4,1,4,performance,layers.*/mlp,/model/layers.9/mlp/up_proj/MatMul,FullyConnected,FullyConnected,fullyconnected:/model/layers.9/mlp/up_proj/MatMul,fullyconnected:/model/layers.9/mlp/up_proj/MatMul,fully_connected,fully_connected_gpu_bf_tiled__f16,633,false,false,1,1,fully_connected_gpu_bf_tiled_2740906288179525049_0_0,gtpin_total_execution_cycles,96601752,cycles,176,96601752
n1_i4,4,1,4,performance,layers.*/post_attention_layernorm,/model/layers.9/post_attention_layernorm/Mul,RMS,RMS,rms:/model/layers.9/post_attention_layernorm/Mul,rms:/model/layers.9/post_attention_layernorm/Mul,rms,rms_gpu_bfyx_opt__f16,632,false,false,1,1,rms_gpu_bfyx_opt_10690270683970839748_0_0__sa,gtpin_total_execution_cycles,1888594,cycles,256,1888594
n1_i4,4,1,4,performance,layers.*/self_attn,/model/layers.9/self_attn/Add,RoPE,RoPE,rope:/model/layers.9/self_attn/Add,rope:/model/layers.9/self_attn/Add,rope,ocl::rope::opt___f16,608,false,false,1,1,rope_opt__13889706310558783765__sa,gtpin_total_execution_cycles,876714,cycles,64,876714
n1_i4,4,1,4,performance,layers.*/self_attn,/model/layers.9/self_attn/Add_1,RoPE,RoPE,rope:/model/layers.9/self_attn/Add_1,rope:/model/layers.9/self_attn/Add_1,rope,ocl::rope::opt___f16,609,false,false,1,1,rope_opt__6960924190377492479__sa,gtpin_total_execution_cycles,66060,cycles,8,66060
n1_i4,4,1,4,performance,layers.*/self_attn,/model/layers.9/self_attn/Expand,Broadcast,Broadcast,broadcast:/model/layers.9/self_attn/Expand,broadcast:/model/layers.9/self_attn/Expand,broadcast,broadcast_gpu_ref__f16,621,false,false,1,1,broadcast_gpu_ref_6456514822857321615_0_0__sa,gtpin_total_execution_cycles,6297416,cycles,1024,6297416
n1_i4,4,1,4,performance,layers.*/self_attn,/model/layers.9/self_attn/Expand_1,Broadcast,Broadcast,broadcast:/model/layers.9/self_attn/Expand_1,broadcast:/model/layers.9/self_attn/Expand_1,broadcast,broadcast_gpu_ref__f16,614,false,false,1,1,broadcast_gpu_ref_6456514822857321615_0_0__sa,gtpin_total_execution_cycles,4516878,cycles,1024,4516878
n1_i4,4,1,4,performance,layers.*/self_attn,/model/layers.9/self_attn/IsNaN,IsNaN,IsNaN,isnan:/model/layers.9/self_attn/IsNaN,isnan:/model/layers.9/self_attn/IsNaN,eltwise,generic_eltwise_ref__f16,627,false,false,1,1,generic_eltwise_ref_1696504087421334661_0_0__sa,gtpin_total_execution_cycles,1097330,cycles,256,1097330
n1_i4,4,1,4,performance,layers.*/self_attn,/model/layers.9/self_attn/MatMul,Gemm,Gemm,gemm:/model/layers.9/self_attn/MatMul,gemm:/model/layers.9/self_attn/MatMul,gemm,gemm_tiled_opt__f16,625,false,false,1,1,gemm_tiled_opt_7238579717421349067_1_0__sa,gtpin_total_execution_cycles,3447524,cycles,32,3447524
n1_i4,4,1,4,performance,layers.*/self_attn,/model/layers.9/self_attn/Mul_8,Multiply,Multiply,multiply:/model/layers.9/self_attn/Mul_8,multiply:/model/layers.9/self_attn/Mul_8,eltwise,generic_eltwise_ref__f16,611,false,false,1,1,generic_eltwise_ref_7125964068740378811_0_0__sa,gtpin_total_execution_cycles,4799938,cycles,1024,4799938
n1_i4,4,1,4,performance,layers.*/self_attn,/model/layers.9/self_attn/Softmax,Softmax,Softmax,softmax:/model/layers.9/self_attn/Softmax,softmax:/model/layers.9/self_attn/Softmax,softmax,softmax_gpu_bf__f16,626,false,false,1,1,softmax_gpu_bf_18392998524141771378_0_0__sa,gtpin_total_execution_cycles,8058140,cycles,512,8058140
n1_i4,4,1,4,performance,layers.*/self_attn,/model/layers.9/self_attn/Transpose_2,Transpose,Transpose,transpose:/model/layers.9/self_attn/Transpose_2,transpose:/model/layers.9/self_attn/Transpose_2,permute,permute_ref__f16,607,false,false,1,1,permute_ref_653960189515371720_0_0__sa,gtpin_total_execution_cycles,482070,cycles,128,482070
n1_i4,4,1,4,performance,layers.*/self_attn,/model/layers.9/self_attn/Transpose_3,Transpose,Transpose,transpose:/model/layers.9/self_attn/Transpose_3,transpose:/model/layers.9/self_attn/Transpose_3,permute,permute_ref__f16,624,false,false,1,1,permute_ref_17183202574580890641_0_0__sa,gtpin_total_execution_cycles,5306128,cycles,1024,5306128
n1_i4,4,1,4,performance,layers.*/self_attn,/model/layers.9/self_attn/Transpose_4,Gemm,Gemm,gemm:/model/layers.9/self_attn/Transpose_4,gemm:/model/layers.9/self_attn/Transpose_4,gemm,gemm_tiled_opt__f16,629,false,false,1,1,gemm_tiled_opt_12829285813189929928_0_0__sa,gtpin_total_execution_cycles,2007818,cycles,64,2007818
n1_i4,4,1,4,performance,layers.*/self_attn,/model/layers.9/self_attn/Where_2,Select,Select,select:/model/layers.9/self_attn/Where_2,select:/model/layers.9/self_attn/Where_2,select,select_gpu_ref__u8,622,false,false,1,1,select_gpu_ref_7464502897564813179_0_0__sa,gtpin_total_execution_cycles,34698,cycles,8,34698
n1_i4,4,1,4,performance,layers.*/self_attn,/model/layers.9/self_attn/Where_3,Select,Select,select:/model/layers.9/self_attn/Where_3,select:/model/layers.9/self_attn/Where_3,select,select_gpu_ref__u8,628,false,false,1,1,select_gpu_ref_5609897181611433017_0_0__sa,gtpin_total_execution_cycles,1603926,cycles,256,1603926
n1_i4,4,1,4,performance,layers.*/self_attn,/model/layers.9/self_attn/k_proj/MatMul,FullyConnected,FullyConnected,fullyconnected:/model/layers.9/self_attn/k_proj/MatMul,fullyconnected:/model/layers.9/self_attn/k_proj/MatMul,fully_connected,fully_connected_gpu_bf_tiled__f16,603,false,false,1,1,fully_connected_gpu_bf_tiled_17963963101609895522_0_0,gtpin_total_execution_cycles,3766398,cycles,8,3766398
n1_i4,4,1,4,performance,layers.*/self_attn,/model/layers.9/self_attn/o_proj/MatMul,FullyConnected,FullyConnected,fullyconnected:/model/layers.9/self_attn/o_proj/MatMul,fullyconnected:/model/layers.9/self_attn/o_proj/MatMul,fully_connected,fully_connected_gpu_bf_tiled__f16,631,false,false,1,1,fully_connected_gpu_bf_tiled_14284117615310227244_0_0,gtpin_total_execution_cycles,28164076,cycles,64,28164076
n1_i4,4,1,4,performance,layers.*/self_attn,/model/layers.9/self_attn/q_proj/MatMul,FullyConnected,FullyConnected,fullyconnected:/model/layers.9/self_attn/q_proj/MatMul,fullyconnected:/model/layers.9/self_attn/q_proj/MatMul,fully_connected,fully_connected_gpu_bf_tiled__f16,602,false,false,1,1,fully_connected_gpu_bf_tiled_5315586391497964380_0_0,gtpin_total_execution_cycles,29355812,cycles,64,29355812
n1_i4,4,1,4,performance,layers.*/self_attn,/model/layers.9/self_attn/v_proj/MatMul,FullyConnected,FullyConnected,fullyconnected:/model/layers.9/self_attn/v_proj/MatMul,fullyconnected:/model/layers.9/self_attn/v_proj/MatMul,fully_connected,fully_connected_gpu_bf_tiled__f16,601,false,false,1,1,fully_connected_gpu_bf_tiled_17963963101609895522_0_0,gtpin_total_execution_cycles,3564122,cycles,8,3564122
n1_i4,4,1,4,performance,(root),/model/norm/Mul,RMS,RMS,rms:/model/norm/Mul,rms:/model/norm/Mul,rms,rms_gpu_bfyx_opt__f16,1068,false,false,1,1,rms_gpu_bfyx_opt_10690270683970839748_0_0__sa,gtpin_total_execution_cycles,1569278,cycles,256,1569278
n1_i4,4,1,4,performance,rotary_emb,/model/rotary_emb/Concat_1,Concat,Concat,concat:/model/rotary_emb/Concat_1,concat:/model/rotary_emb/Concat_1,concatenation,concatenation_gpu_simple_ref__f32,269,false,false,2,2,concatenation_gpu_simple_ref_11787737694364327443_0_0__sa;concatenation_gpu_simple_ref_11787737694364327443_1_0__sa,gtpin_total_execution_cycles,158742,cycles,32,158742
n1_i4,4,1,4,performance,rotary_emb,/model/rotary_emb/Cos,Cos,Cos,cos:/model/rotary_emb/Cos,cos:/model/rotary_emb/Cos,activation,activation_ref__f32,274,false,false,1,1,activation_ref_8384225707366889932_0_0__sa,gtpin_total_execution_cycles,150266,cycles,32,150266
n1_i4,4,1,4,performance,rotary_emb,/model/rotary_emb/MatMul_increase_precision_1,Convert,Convert,convert:/model/rotary_emb/MatMul_increase_precision_1,convert:/model/rotary_emb/MatMul_increase_precision_1,reorder,reorder_data__f32,231,false,false,1,1,reorder_data_16347555807681174383_0_0__sa,gtpin_total_execution_cycles,3004,cycles,1,3004
n1_i4,4,1,4,performance,rotary_emb,/model/rotary_emb/Sin,Sin,Sin,sin:/model/rotary_emb/Sin,sin:/model/rotary_emb/Sin,activation,activation_ref__f32,273,false,false,1,1,activation_ref_1691567596270449691_0_0__sa,gtpin_total_execution_cycles,179976,cycles,32,179976
n1_i4,4,1,4,performance,rotary_emb,/model/rotary_emb/Transpose,Gemm,Gemm,gemm:/model/rotary_emb/Transpose,gemm:/model/rotary_emb/Transpose,gemm,gemm_tiled_opt__f32,264,false,false,1,1,gemm_tiled_opt_6356298044914993963_3_0__sa,gtpin_total_execution_cycles,37566,cycles,2,37566
n1_i4,4,1,4,performance,(root),Convert_90811,Convert,Convert,convert:Convert_90811,convert:Convert_90811,reorder,reorder_data__i64,225,false,false,1,1,reorder_data_261663883965124315_0_0__sa,gtpin_total_execution_cycles,6231,cycles,1,6231
n1_i4,4,1,4,performance,(root),Convert_90813,Convert,Convert,convert:Convert_90813,convert:Convert_90813,reorder,reorder_data__i64,224,false,false,1,1,reorder_data_261663883965124315_0_0__sa,gtpin_total_execution_cycles,6092,cycles,1,6092
n1_i4,4,1,4,performance,(root),Convert_90873,Convert,Convert,convert:Convert_90873,convert:Convert_90873,reorder,reorder_data__i64,226,false,false,1,1,reorder_data_14358938580392777097_0_0__sa,gtpin_total_execution_cycles,5028,cycles,1,5028
n1_i4,4,1,4,performance,(root),logits.0,FullyConnected,FullyConnected,fullyconnected:logits.0,fullyconnected:logits.0,fully_connected,fully_connected_gpu_bf_tiled__f16,1069,false,false,1,1,fully_connected_gpu_bf_tiled_9077797497357748363_0_0,gtpin_total_execution_cycles,2155949694,cycles,1000,2155949694
