execution_unit_key,logical_execution_index,net_id,iteration,node_id,parent_node_id,node_type,display_name,component_path,origin_op_name,resolved_op_type_name,primitive_id,primitive_type,implementation,kernel_entry,tool_kind,primary_metric_name,primary_metric_total,primary_metric_unit,dispatch_count,gtpin_invocation_count,gtpin_total_execution_cycles
n1_i0,0,1,0,n1_i0::component_group::(root),,component_group,(root),(root),,,,,,,performance,gtpin_total_execution_cycles,5726191798,cycles,9,2284,5726191798
n1_i0,0,1,0,n1_i0::component_group::embed_tokens,,component_group,embed_tokens,embed_tokens,,,,,,,performance,gtpin_total_execution_cycles,5224202,cycles,1,1024,5224202
n1_i0,0,1,0,n1_i0::component_group::layers.*/input_layernorm,,component_group,layers.*/input_layernorm,layers.*/input_layernorm,,,,,,,performance,gtpin_total_execution_cycles,40031442,cycles,22,5632,40031442
n1_i0,0,1,0,n1_i0::component_group::layers.*/mlp,,component_group,layers.*/mlp,layers.*/mlp,,,,,,,performance,gtpin_total_execution_cycles,11715785938,cycles,66,13024,11715785938
n1_i0,0,1,0,n1_i0::component_group::layers.*/post_attention_layernorm,,component_group,layers.*/post_attention_layernorm,layers.*/post_attention_layernorm,,,,,,,performance,gtpin_total_execution_cycles,44472818,cycles,22,5632,44472818
n1_i0,0,1,0,n1_i0::component_group::layers.*/self_attn,,component_group,layers.*/self_attn,layers.*/self_attn,,,,,,,performance,gtpin_total_execution_cycles,2465140149,cycles,376,123080,2465140149
n1_i0,0,1,0,n1_i0::component_group::rotary_emb,,component_group,rotary_emb,rotary_emb,,,,,,,performance,gtpin_total_execution_cycles,515779,cycles,6,99,515779
n1_i0,0,1,0,n1_i0::kernel::broadcast:/model/layers.0/self_attn/Expand::broadcast_gpu_ref_6456514822857321615_0_0__sa,n1_i0::primitive::broadcast:/model/layers.0/self_attn/Expand,kernel,broadcast_gpu_ref_6456514822857321615_0_0__sa,layers.*/self_attn,/model/layers.0/self_attn/Expand,Broadcast,broadcast:/model/layers.0/self_attn/Expand,broadcast,broadcast_gpu_ref,broadcast_gpu_ref_6456514822857321615_0_0__sa,performance,gtpin_total_execution_cycles,3858404,cycles,1,1024,3858404
n1_i0,0,1,0,n1_i0::kernel::broadcast:/model/layers.0/self_attn/Expand_1::broadcast_gpu_ref_6456514822857321615_0_0__sa,n1_i0::primitive::broadcast:/model/layers.0/self_attn/Expand_1,kernel,broadcast_gpu_ref_6456514822857321615_0_0__sa,layers.*/self_attn,/model/layers.0/self_attn/Expand_1,Broadcast,broadcast:/model/layers.0/self_attn/Expand_1,broadcast,broadcast_gpu_ref,broadcast_gpu_ref_6456514822857321615_0_0__sa,performance,gtpin_total_execution_cycles,4032488,cycles,1,1024,4032488
n1_i0,0,1,0,n1_i0::kernel::broadcast:/model/layers.1/self_attn/Expand::broadcast_gpu_ref_6456514822857321615_0_0__sa,n1_i0::primitive::broadcast:/model/layers.1/self_attn/Expand,kernel,broadcast_gpu_ref_6456514822857321615_0_0__sa,layers.*/self_attn,/model/layers.1/self_attn/Expand,Broadcast,broadcast:/model/layers.1/self_attn/Expand,broadcast,broadcast_gpu_ref,broadcast_gpu_ref_6456514822857321615_0_0__sa,performance,gtpin_total_execution_cycles,5962774,cycles,1,1024,5962774
n1_i0,0,1,0,n1_i0::kernel::broadcast:/model/layers.1/self_attn/Expand_1::broadcast_gpu_ref_6456514822857321615_0_0__sa,n1_i0::primitive::broadcast:/model/layers.1/self_attn/Expand_1,kernel,broadcast_gpu_ref_6456514822857321615_0_0__sa,layers.*/self_attn,/model/layers.1/self_attn/Expand_1,Broadcast,broadcast:/model/layers.1/self_attn/Expand_1,broadcast,broadcast_gpu_ref,broadcast_gpu_ref_6456514822857321615_0_0__sa,performance,gtpin_total_execution_cycles,3800384,cycles,1,1024,3800384
n1_i0,0,1,0,n1_i0::kernel::broadcast:/model/layers.10/self_attn/Expand::broadcast_gpu_ref_6456514822857321615_0_0__sa,n1_i0::primitive::broadcast:/model/layers.10/self_attn/Expand,kernel,broadcast_gpu_ref_6456514822857321615_0_0__sa,layers.*/self_attn,/model/layers.10/self_attn/Expand,Broadcast,broadcast:/model/layers.10/self_attn/Expand,broadcast,broadcast_gpu_ref,broadcast_gpu_ref_6456514822857321615_0_0__sa,performance,gtpin_total_execution_cycles,6656254,cycles,1,1024,6656254
n1_i0,0,1,0,n1_i0::kernel::broadcast:/model/layers.10/self_attn/Expand_1::broadcast_gpu_ref_6456514822857321615_0_0__sa,n1_i0::primitive::broadcast:/model/layers.10/self_attn/Expand_1,kernel,broadcast_gpu_ref_6456514822857321615_0_0__sa,layers.*/self_attn,/model/layers.10/self_attn/Expand_1,Broadcast,broadcast:/model/layers.10/self_attn/Expand_1,broadcast,broadcast_gpu_ref,broadcast_gpu_ref_6456514822857321615_0_0__sa,performance,gtpin_total_execution_cycles,4041150,cycles,1,1024,4041150
n1_i0,0,1,0,n1_i0::kernel::broadcast:/model/layers.11/self_attn/Expand::broadcast_gpu_ref_6456514822857321615_0_0__sa,n1_i0::primitive::broadcast:/model/layers.11/self_attn/Expand,kernel,broadcast_gpu_ref_6456514822857321615_0_0__sa,layers.*/self_attn,/model/layers.11/self_attn/Expand,Broadcast,broadcast:/model/layers.11/self_attn/Expand,broadcast,broadcast_gpu_ref,broadcast_gpu_ref_6456514822857321615_0_0__sa,performance,gtpin_total_execution_cycles,3758518,cycles,1,1024,3758518
n1_i0,0,1,0,n1_i0::kernel::broadcast:/model/layers.11/self_attn/Expand_1::broadcast_gpu_ref_6456514822857321615_0_0__sa,n1_i0::primitive::broadcast:/model/layers.11/self_attn/Expand_1,kernel,broadcast_gpu_ref_6456514822857321615_0_0__sa,layers.*/self_attn,/model/layers.11/self_attn/Expand_1,Broadcast,broadcast:/model/layers.11/self_attn/Expand_1,broadcast,broadcast_gpu_ref,broadcast_gpu_ref_6456514822857321615_0_0__sa,performance,gtpin_total_execution_cycles,7181124,cycles,1,1024,7181124
n1_i0,0,1,0,n1_i0::kernel::broadcast:/model/layers.12/self_attn/Expand::broadcast_gpu_ref_6456514822857321615_0_0__sa,n1_i0::primitive::broadcast:/model/layers.12/self_attn/Expand,kernel,broadcast_gpu_ref_6456514822857321615_0_0__sa,layers.*/self_attn,/model/layers.12/self_attn/Expand,Broadcast,broadcast:/model/layers.12/self_attn/Expand,broadcast,broadcast_gpu_ref,broadcast_gpu_ref_6456514822857321615_0_0__sa,performance,gtpin_total_execution_cycles,4570632,cycles,1,1024,4570632
n1_i0,0,1,0,n1_i0::kernel::broadcast:/model/layers.12/self_attn/Expand_1::broadcast_gpu_ref_6456514822857321615_0_0__sa,n1_i0::primitive::broadcast:/model/layers.12/self_attn/Expand_1,kernel,broadcast_gpu_ref_6456514822857321615_0_0__sa,layers.*/self_attn,/model/layers.12/self_attn/Expand_1,Broadcast,broadcast:/model/layers.12/self_attn/Expand_1,broadcast,broadcast_gpu_ref,broadcast_gpu_ref_6456514822857321615_0_0__sa,performance,gtpin_total_execution_cycles,4205800,cycles,1,1024,4205800
n1_i0,0,1,0,n1_i0::kernel::broadcast:/model/layers.13/self_attn/Expand::broadcast_gpu_ref_6456514822857321615_0_0__sa,n1_i0::primitive::broadcast:/model/layers.13/self_attn/Expand,kernel,broadcast_gpu_ref_6456514822857321615_0_0__sa,layers.*/self_attn,/model/layers.13/self_attn/Expand,Broadcast,broadcast:/model/layers.13/self_attn/Expand,broadcast,broadcast_gpu_ref,broadcast_gpu_ref_6456514822857321615_0_0__sa,performance,gtpin_total_execution_cycles,6998966,cycles,1,1024,6998966
n1_i0,0,1,0,n1_i0::kernel::broadcast:/model/layers.13/self_attn/Expand_1::broadcast_gpu_ref_6456514822857321615_0_0__sa,n1_i0::primitive::broadcast:/model/layers.13/self_attn/Expand_1,kernel,broadcast_gpu_ref_6456514822857321615_0_0__sa,layers.*/self_attn,/model/layers.13/self_attn/Expand_1,Broadcast,broadcast:/model/layers.13/self_attn/Expand_1,broadcast,broadcast_gpu_ref,broadcast_gpu_ref_6456514822857321615_0_0__sa,performance,gtpin_total_execution_cycles,4516030,cycles,1,1024,4516030
n1_i0,0,1,0,n1_i0::kernel::broadcast:/model/layers.14/self_attn/Expand::broadcast_gpu_ref_6456514822857321615_0_0__sa,n1_i0::primitive::broadcast:/model/layers.14/self_attn/Expand,kernel,broadcast_gpu_ref_6456514822857321615_0_0__sa,layers.*/self_attn,/model/layers.14/self_attn/Expand,Broadcast,broadcast:/model/layers.14/self_attn/Expand,broadcast,broadcast_gpu_ref,broadcast_gpu_ref_6456514822857321615_0_0__sa,performance,gtpin_total_execution_cycles,6182576,cycles,1,1024,6182576
n1_i0,0,1,0,n1_i0::kernel::broadcast:/model/layers.14/self_attn/Expand_1::broadcast_gpu_ref_6456514822857321615_0_0__sa,n1_i0::primitive::broadcast:/model/layers.14/self_attn/Expand_1,kernel,broadcast_gpu_ref_6456514822857321615_0_0__sa,layers.*/self_attn,/model/layers.14/self_attn/Expand_1,Broadcast,broadcast:/model/layers.14/self_attn/Expand_1,broadcast,broadcast_gpu_ref,broadcast_gpu_ref_6456514822857321615_0_0__sa,performance,gtpin_total_execution_cycles,4301336,cycles,1,1024,4301336
n1_i0,0,1,0,n1_i0::kernel::broadcast:/model/layers.15/self_attn/Expand::broadcast_gpu_ref_6456514822857321615_0_0__sa,n1_i0::primitive::broadcast:/model/layers.15/self_attn/Expand,kernel,broadcast_gpu_ref_6456514822857321615_0_0__sa,layers.*/self_attn,/model/layers.15/self_attn/Expand,Broadcast,broadcast:/model/layers.15/self_attn/Expand,broadcast,broadcast_gpu_ref,broadcast_gpu_ref_6456514822857321615_0_0__sa,performance,gtpin_total_execution_cycles,3790272,cycles,1,1024,3790272
n1_i0,0,1,0,n1_i0::kernel::broadcast:/model/layers.15/self_attn/Expand_1::broadcast_gpu_ref_6456514822857321615_0_0__sa,n1_i0::primitive::broadcast:/model/layers.15/self_attn/Expand_1,kernel,broadcast_gpu_ref_6456514822857321615_0_0__sa,layers.*/self_attn,/model/layers.15/self_attn/Expand_1,Broadcast,broadcast:/model/layers.15/self_attn/Expand_1,broadcast,broadcast_gpu_ref,broadcast_gpu_ref_6456514822857321615_0_0__sa,performance,gtpin_total_execution_cycles,4529066,cycles,1,1024,4529066
n1_i0,0,1,0,n1_i0::kernel::broadcast:/model/layers.16/self_attn/Expand::broadcast_gpu_ref_6456514822857321615_0_0__sa,n1_i0::primitive::broadcast:/model/layers.16/self_attn/Expand,kernel,broadcast_gpu_ref_6456514822857321615_0_0__sa,layers.*/self_attn,/model/layers.16/self_attn/Expand,Broadcast,broadcast:/model/layers.16/self_attn/Expand,broadcast,broadcast_gpu_ref,broadcast_gpu_ref_6456514822857321615_0_0__sa,performance,gtpin_total_execution_cycles,3638472,cycles,1,1024,3638472
n1_i0,0,1,0,n1_i0::kernel::broadcast:/model/layers.16/self_attn/Expand_1::broadcast_gpu_ref_6456514822857321615_0_0__sa,n1_i0::primitive::broadcast:/model/layers.16/self_attn/Expand_1,kernel,broadcast_gpu_ref_6456514822857321615_0_0__sa,layers.*/self_attn,/model/layers.16/self_attn/Expand_1,Broadcast,broadcast:/model/layers.16/self_attn/Expand_1,broadcast,broadcast_gpu_ref,broadcast_gpu_ref_6456514822857321615_0_0__sa,performance,gtpin_total_execution_cycles,3737366,cycles,1,1024,3737366
n1_i0,0,1,0,n1_i0::kernel::broadcast:/model/layers.17/self_attn/Expand::broadcast_gpu_ref_6456514822857321615_0_0__sa,n1_i0::primitive::broadcast:/model/layers.17/self_attn/Expand,kernel,broadcast_gpu_ref_6456514822857321615_0_0__sa,layers.*/self_attn,/model/layers.17/self_attn/Expand,Broadcast,broadcast:/model/layers.17/self_attn/Expand,broadcast,broadcast_gpu_ref,broadcast_gpu_ref_6456514822857321615_0_0__sa,performance,gtpin_total_execution_cycles,7840750,cycles,1,1024,7840750
n1_i0,0,1,0,n1_i0::kernel::broadcast:/model/layers.17/self_attn/Expand_1::broadcast_gpu_ref_6456514822857321615_0_0__sa,n1_i0::primitive::broadcast:/model/layers.17/self_attn/Expand_1,kernel,broadcast_gpu_ref_6456514822857321615_0_0__sa,layers.*/self_attn,/model/layers.17/self_attn/Expand_1,Broadcast,broadcast:/model/layers.17/self_attn/Expand_1,broadcast,broadcast_gpu_ref,broadcast_gpu_ref_6456514822857321615_0_0__sa,performance,gtpin_total_execution_cycles,4182164,cycles,1,1024,4182164
n1_i0,0,1,0,n1_i0::kernel::broadcast:/model/layers.18/self_attn/Expand::broadcast_gpu_ref_6456514822857321615_0_0__sa,n1_i0::primitive::broadcast:/model/layers.18/self_attn/Expand,kernel,broadcast_gpu_ref_6456514822857321615_0_0__sa,layers.*/self_attn,/model/layers.18/self_attn/Expand,Broadcast,broadcast:/model/layers.18/self_attn/Expand,broadcast,broadcast_gpu_ref,broadcast_gpu_ref_6456514822857321615_0_0__sa,performance,gtpin_total_execution_cycles,6636684,cycles,1,1024,6636684
n1_i0,0,1,0,n1_i0::kernel::broadcast:/model/layers.18/self_attn/Expand_1::broadcast_gpu_ref_6456514822857321615_0_0__sa,n1_i0::primitive::broadcast:/model/layers.18/self_attn/Expand_1,kernel,broadcast_gpu_ref_6456514822857321615_0_0__sa,layers.*/self_attn,/model/layers.18/self_attn/Expand_1,Broadcast,broadcast:/model/layers.18/self_attn/Expand_1,broadcast,broadcast_gpu_ref,broadcast_gpu_ref_6456514822857321615_0_0__sa,performance,gtpin_total_execution_cycles,3588060,cycles,1,1024,3588060
n1_i0,0,1,0,n1_i0::kernel::broadcast:/model/layers.19/self_attn/Expand::broadcast_gpu_ref_6456514822857321615_0_0__sa,n1_i0::primitive::broadcast:/model/layers.19/self_attn/Expand,kernel,broadcast_gpu_ref_6456514822857321615_0_0__sa,layers.*/self_attn,/model/layers.19/self_attn/Expand,Broadcast,broadcast:/model/layers.19/self_attn/Expand,broadcast,broadcast_gpu_ref,broadcast_gpu_ref_6456514822857321615_0_0__sa,performance,gtpin_total_execution_cycles,4406952,cycles,1,1024,4406952
n1_i0,0,1,0,n1_i0::kernel::broadcast:/model/layers.19/self_attn/Expand_1::broadcast_gpu_ref_6456514822857321615_0_0__sa,n1_i0::primitive::broadcast:/model/layers.19/self_attn/Expand_1,kernel,broadcast_gpu_ref_6456514822857321615_0_0__sa,layers.*/self_attn,/model/layers.19/self_attn/Expand_1,Broadcast,broadcast:/model/layers.19/self_attn/Expand_1,broadcast,broadcast_gpu_ref,broadcast_gpu_ref_6456514822857321615_0_0__sa,performance,gtpin_total_execution_cycles,6036640,cycles,1,1024,6036640
n1_i0,0,1,0,n1_i0::kernel::broadcast:/model/layers.2/self_attn/Expand::broadcast_gpu_ref_6456514822857321615_0_0__sa,n1_i0::primitive::broadcast:/model/layers.2/self_attn/Expand,kernel,broadcast_gpu_ref_6456514822857321615_0_0__sa,layers.*/self_attn,/model/layers.2/self_attn/Expand,Broadcast,broadcast:/model/layers.2/self_attn/Expand,broadcast,broadcast_gpu_ref,broadcast_gpu_ref_6456514822857321615_0_0__sa,performance,gtpin_total_execution_cycles,6043642,cycles,1,1024,6043642
n1_i0,0,1,0,n1_i0::kernel::broadcast:/model/layers.2/self_attn/Expand_1::broadcast_gpu_ref_6456514822857321615_0_0__sa,n1_i0::primitive::broadcast:/model/layers.2/self_attn/Expand_1,kernel,broadcast_gpu_ref_6456514822857321615_0_0__sa,layers.*/self_attn,/model/layers.2/self_attn/Expand_1,Broadcast,broadcast:/model/layers.2/self_attn/Expand_1,broadcast,broadcast_gpu_ref,broadcast_gpu_ref_6456514822857321615_0_0__sa,performance,gtpin_total_execution_cycles,4191546,cycles,1,1024,4191546
n1_i0,0,1,0,n1_i0::kernel::broadcast:/model/layers.20/self_attn/Expand::broadcast_gpu_ref_6456514822857321615_0_0__sa,n1_i0::primitive::broadcast:/model/layers.20/self_attn/Expand,kernel,broadcast_gpu_ref_6456514822857321615_0_0__sa,layers.*/self_attn,/model/layers.20/self_attn/Expand,Broadcast,broadcast:/model/layers.20/self_attn/Expand,broadcast,broadcast_gpu_ref,broadcast_gpu_ref_6456514822857321615_0_0__sa,performance,gtpin_total_execution_cycles,3831096,cycles,1,1024,3831096
n1_i0,0,1,0,n1_i0::kernel::broadcast:/model/layers.20/self_attn/Expand_1::broadcast_gpu_ref_6456514822857321615_0_0__sa,n1_i0::primitive::broadcast:/model/layers.20/self_attn/Expand_1,kernel,broadcast_gpu_ref_6456514822857321615_0_0__sa,layers.*/self_attn,/model/layers.20/self_attn/Expand_1,Broadcast,broadcast:/model/layers.20/self_attn/Expand_1,broadcast,broadcast_gpu_ref,broadcast_gpu_ref_6456514822857321615_0_0__sa,performance,gtpin_total_execution_cycles,4729636,cycles,1,1024,4729636
n1_i0,0,1,0,n1_i0::kernel::broadcast:/model/layers.21/self_attn/Expand::broadcast_gpu_ref_6456514822857321615_0_0__sa,n1_i0::primitive::broadcast:/model/layers.21/self_attn/Expand,kernel,broadcast_gpu_ref_6456514822857321615_0_0__sa,layers.*/self_attn,/model/layers.21/self_attn/Expand,Broadcast,broadcast:/model/layers.21/self_attn/Expand,broadcast,broadcast_gpu_ref,broadcast_gpu_ref_6456514822857321615_0_0__sa,performance,gtpin_total_execution_cycles,7847630,cycles,1,1024,7847630
n1_i0,0,1,0,n1_i0::kernel::broadcast:/model/layers.21/self_attn/Expand_1::broadcast_gpu_ref_6456514822857321615_0_0__sa,n1_i0::primitive::broadcast:/model/layers.21/self_attn/Expand_1,kernel,broadcast_gpu_ref_6456514822857321615_0_0__sa,layers.*/self_attn,/model/layers.21/self_attn/Expand_1,Broadcast,broadcast:/model/layers.21/self_attn/Expand_1,broadcast,broadcast_gpu_ref,broadcast_gpu_ref_6456514822857321615_0_0__sa,performance,gtpin_total_execution_cycles,4477570,cycles,1,1024,4477570
n1_i0,0,1,0,n1_i0::kernel::broadcast:/model/layers.3/self_attn/Expand::broadcast_gpu_ref_6456514822857321615_0_0__sa,n1_i0::primitive::broadcast:/model/layers.3/self_attn/Expand,kernel,broadcast_gpu_ref_6456514822857321615_0_0__sa,layers.*/self_attn,/model/layers.3/self_attn/Expand,Broadcast,broadcast:/model/layers.3/self_attn/Expand,broadcast,broadcast_gpu_ref,broadcast_gpu_ref_6456514822857321615_0_0__sa,performance,gtpin_total_execution_cycles,4350808,cycles,1,1024,4350808
n1_i0,0,1,0,n1_i0::kernel::broadcast:/model/layers.3/self_attn/Expand_1::broadcast_gpu_ref_6456514822857321615_0_0__sa,n1_i0::primitive::broadcast:/model/layers.3/self_attn/Expand_1,kernel,broadcast_gpu_ref_6456514822857321615_0_0__sa,layers.*/self_attn,/model/layers.3/self_attn/Expand_1,Broadcast,broadcast:/model/layers.3/self_attn/Expand_1,broadcast,broadcast_gpu_ref,broadcast_gpu_ref_6456514822857321615_0_0__sa,performance,gtpin_total_execution_cycles,5242734,cycles,1,1024,5242734
n1_i0,0,1,0,n1_i0::kernel::broadcast:/model/layers.4/self_attn/Expand::broadcast_gpu_ref_6456514822857321615_0_0__sa,n1_i0::primitive::broadcast:/model/layers.4/self_attn/Expand,kernel,broadcast_gpu_ref_6456514822857321615_0_0__sa,layers.*/self_attn,/model/layers.4/self_attn/Expand,Broadcast,broadcast:/model/layers.4/self_attn/Expand,broadcast,broadcast_gpu_ref,broadcast_gpu_ref_6456514822857321615_0_0__sa,performance,gtpin_total_execution_cycles,4124572,cycles,1,1024,4124572
n1_i0,0,1,0,n1_i0::kernel::broadcast:/model/layers.4/self_attn/Expand_1::broadcast_gpu_ref_6456514822857321615_0_0__sa,n1_i0::primitive::broadcast:/model/layers.4/self_attn/Expand_1,kernel,broadcast_gpu_ref_6456514822857321615_0_0__sa,layers.*/self_attn,/model/layers.4/self_attn/Expand_1,Broadcast,broadcast:/model/layers.4/self_attn/Expand_1,broadcast,broadcast_gpu_ref,broadcast_gpu_ref_6456514822857321615_0_0__sa,performance,gtpin_total_execution_cycles,4396952,cycles,1,1024,4396952
n1_i0,0,1,0,n1_i0::kernel::broadcast:/model/layers.5/self_attn/Expand::broadcast_gpu_ref_6456514822857321615_0_0__sa,n1_i0::primitive::broadcast:/model/layers.5/self_attn/Expand,kernel,broadcast_gpu_ref_6456514822857321615_0_0__sa,layers.*/self_attn,/model/layers.5/self_attn/Expand,Broadcast,broadcast:/model/layers.5/self_attn/Expand,broadcast,broadcast_gpu_ref,broadcast_gpu_ref_6456514822857321615_0_0__sa,performance,gtpin_total_execution_cycles,7143610,cycles,1,1024,7143610
n1_i0,0,1,0,n1_i0::kernel::broadcast:/model/layers.5/self_attn/Expand_1::broadcast_gpu_ref_6456514822857321615_0_0__sa,n1_i0::primitive::broadcast:/model/layers.5/self_attn/Expand_1,kernel,broadcast_gpu_ref_6456514822857321615_0_0__sa,layers.*/self_attn,/model/layers.5/self_attn/Expand_1,Broadcast,broadcast:/model/layers.5/self_attn/Expand_1,broadcast,broadcast_gpu_ref,broadcast_gpu_ref_6456514822857321615_0_0__sa,performance,gtpin_total_execution_cycles,4465784,cycles,1,1024,4465784
n1_i0,0,1,0,n1_i0::kernel::broadcast:/model/layers.6/self_attn/Expand::broadcast_gpu_ref_6456514822857321615_0_0__sa,n1_i0::primitive::broadcast:/model/layers.6/self_attn/Expand,kernel,broadcast_gpu_ref_6456514822857321615_0_0__sa,layers.*/self_attn,/model/layers.6/self_attn/Expand,Broadcast,broadcast:/model/layers.6/self_attn/Expand,broadcast,broadcast_gpu_ref,broadcast_gpu_ref_6456514822857321615_0_0__sa,performance,gtpin_total_execution_cycles,6591460,cycles,1,1024,6591460
n1_i0,0,1,0,n1_i0::kernel::broadcast:/model/layers.6/self_attn/Expand_1::broadcast_gpu_ref_6456514822857321615_0_0__sa,n1_i0::primitive::broadcast:/model/layers.6/self_attn/Expand_1,kernel,broadcast_gpu_ref_6456514822857321615_0_0__sa,layers.*/self_attn,/model/layers.6/self_attn/Expand_1,Broadcast,broadcast:/model/layers.6/self_attn/Expand_1,broadcast,broadcast_gpu_ref,broadcast_gpu_ref_6456514822857321615_0_0__sa,performance,gtpin_total_execution_cycles,4413580,cycles,1,1024,4413580
n1_i0,0,1,0,n1_i0::kernel::broadcast:/model/layers.7/self_attn/Expand::broadcast_gpu_ref_6456514822857321615_0_0__sa,n1_i0::primitive::broadcast:/model/layers.7/self_attn/Expand,kernel,broadcast_gpu_ref_6456514822857321615_0_0__sa,layers.*/self_attn,/model/layers.7/self_attn/Expand,Broadcast,broadcast:/model/layers.7/self_attn/Expand,broadcast,broadcast_gpu_ref,broadcast_gpu_ref_6456514822857321615_0_0__sa,performance,gtpin_total_execution_cycles,4005622,cycles,1,1024,4005622
n1_i0,0,1,0,n1_i0::kernel::broadcast:/model/layers.7/self_attn/Expand_1::broadcast_gpu_ref_6456514822857321615_0_0__sa,n1_i0::primitive::broadcast:/model/layers.7/self_attn/Expand_1,kernel,broadcast_gpu_ref_6456514822857321615_0_0__sa,layers.*/self_attn,/model/layers.7/self_attn/Expand_1,Broadcast,broadcast:/model/layers.7/self_attn/Expand_1,broadcast,broadcast_gpu_ref,broadcast_gpu_ref_6456514822857321615_0_0__sa,performance,gtpin_total_execution_cycles,6578704,cycles,1,1024,6578704
n1_i0,0,1,0,n1_i0::kernel::broadcast:/model/layers.8/self_attn/Expand::broadcast_gpu_ref_6456514822857321615_0_0__sa,n1_i0::primitive::broadcast:/model/layers.8/self_attn/Expand,kernel,broadcast_gpu_ref_6456514822857321615_0_0__sa,layers.*/self_attn,/model/layers.8/self_attn/Expand,Broadcast,broadcast:/model/layers.8/self_attn/Expand,broadcast,broadcast_gpu_ref,broadcast_gpu_ref_6456514822857321615_0_0__sa,performance,gtpin_total_execution_cycles,4132888,cycles,1,1024,4132888
n1_i0,0,1,0,n1_i0::kernel::broadcast:/model/layers.8/self_attn/Expand_1::broadcast_gpu_ref_6456514822857321615_0_0__sa,n1_i0::primitive::broadcast:/model/layers.8/self_attn/Expand_1,kernel,broadcast_gpu_ref_6456514822857321615_0_0__sa,layers.*/self_attn,/model/layers.8/self_attn/Expand_1,Broadcast,broadcast:/model/layers.8/self_attn/Expand_1,broadcast,broadcast_gpu_ref,broadcast_gpu_ref_6456514822857321615_0_0__sa,performance,gtpin_total_execution_cycles,4089202,cycles,1,1024,4089202
n1_i0,0,1,0,n1_i0::kernel::broadcast:/model/layers.9/self_attn/Expand::broadcast_gpu_ref_6456514822857321615_0_0__sa,n1_i0::primitive::broadcast:/model/layers.9/self_attn/Expand,kernel,broadcast_gpu_ref_6456514822857321615_0_0__sa,layers.*/self_attn,/model/layers.9/self_attn/Expand,Broadcast,broadcast:/model/layers.9/self_attn/Expand,broadcast,broadcast_gpu_ref,broadcast_gpu_ref_6456514822857321615_0_0__sa,performance,gtpin_total_execution_cycles,6748304,cycles,1,1024,6748304
n1_i0,0,1,0,n1_i0::kernel::broadcast:/model/layers.9/self_attn/Expand_1::broadcast_gpu_ref_6456514822857321615_0_0__sa,n1_i0::primitive::broadcast:/model/layers.9/self_attn/Expand_1,kernel,broadcast_gpu_ref_6456514822857321615_0_0__sa,layers.*/self_attn,/model/layers.9/self_attn/Expand_1,Broadcast,broadcast:/model/layers.9/self_attn/Expand_1,broadcast,broadcast_gpu_ref,broadcast_gpu_ref_6456514822857321615_0_0__sa,performance,gtpin_total_execution_cycles,4064454,cycles,1,1024,4064454
n1_i0,0,1,0,n1_i0::kernel::concat:/model/rotary_emb/Concat_1::concatenation_gpu_simple_ref_11787737694364327443_0_0__sa,n1_i0::primitive::concat:/model/rotary_emb/Concat_1,kernel,concatenation_gpu_simple_ref_11787737694364327443_0_0__sa,rotary_emb,/model/rotary_emb/Concat_1,Concat,concat:/model/rotary_emb/Concat_1,concatenation,concatenation_gpu_simple_ref,concatenation_gpu_simple_ref_11787737694364327443_0_0__sa,performance,gtpin_total_execution_cycles,101706,cycles,1,16,101706
n1_i0,0,1,0,n1_i0::kernel::concat:/model/rotary_emb/Concat_1::concatenation_gpu_simple_ref_11787737694364327443_1_0__sa,n1_i0::primitive::concat:/model/rotary_emb/Concat_1,kernel,concatenation_gpu_simple_ref_11787737694364327443_1_0__sa,rotary_emb,/model/rotary_emb/Concat_1,Concat,concat:/model/rotary_emb/Concat_1,concatenation,concatenation_gpu_simple_ref,concatenation_gpu_simple_ref_11787737694364327443_1_0__sa,performance,gtpin_total_execution_cycles,65752,cycles,1,16,65752
n1_i0,0,1,0,n1_i0::kernel::convert:/model/layers.0/self_attn/Unsqueeze_6_restore_precision_0::reorder_data_13786606319827428276_0_0__sa,n1_i0::primitive::convert:/model/layers.0/self_attn/Unsqueeze_6_restore_precision_0,kernel,reorder_data_13786606319827428276_0_0__sa,layers.*/self_attn,/model/layers.0/self_attn/Unsqueeze_6_restore_precision_0,Convert,convert:/model/layers.0/self_attn/Unsqueeze_6_restore_precision_0,reorder,reorder_data,reorder_data_13786606319827428276_0_0__sa,performance,gtpin_total_execution_cycles,75332,cycles,1,32,75332
n1_i0,0,1,0,n1_i0::kernel::convert:/model/layers.0/self_attn/Unsqueeze_7_restore_precision_1::reorder_data_13786606319827428276_0_0__sa,n1_i0::primitive::convert:/model/layers.0/self_attn/Unsqueeze_7_restore_precision_1,kernel,reorder_data_13786606319827428276_0_0__sa,layers.*/self_attn,/model/layers.0/self_attn/Unsqueeze_7_restore_precision_1,Convert,convert:/model/layers.0/self_attn/Unsqueeze_7_restore_precision_1,reorder,reorder_data,reorder_data_13786606319827428276_0_0__sa,performance,gtpin_total_execution_cycles,79560,cycles,1,32,79560
n1_i0,0,1,0,n1_i0::kernel::convert:/model/rotary_emb/MatMul_increase_precision_1::reorder_data_16347555807681174383_0_0__sa,n1_i0::primitive::convert:/model/rotary_emb/MatMul_increase_precision_1,kernel,reorder_data_16347555807681174383_0_0__sa,rotary_emb,/model/rotary_emb/MatMul_increase_precision_1,Convert,convert:/model/rotary_emb/MatMul_increase_precision_1,reorder,reorder_data,reorder_data_16347555807681174383_0_0__sa,performance,gtpin_total_execution_cycles,3697,cycles,1,1,3697
n1_i0,0,1,0,n1_i0::kernel::convert:Convert_90811::reorder_data_261663883965124315_0_0__sa,n1_i0::primitive::convert:Convert_90811,kernel,reorder_data_261663883965124315_0_0__sa,(root),Convert_90811,Convert,convert:Convert_90811,reorder,reorder_data,reorder_data_261663883965124315_0_0__sa,performance,gtpin_total_execution_cycles,7158,cycles,1,1,7158
n1_i0,0,1,0,n1_i0::kernel::convert:Convert_90813::reorder_data_261663883965124315_0_0__sa,n1_i0::primitive::convert:Convert_90813,kernel,reorder_data_261663883965124315_0_0__sa,(root),Convert_90813,Convert,convert:Convert_90813,reorder,reorder_data,reorder_data_261663883965124315_0_0__sa,performance,gtpin_total_execution_cycles,6921,cycles,1,1,6921
n1_i0,0,1,0,n1_i0::kernel::convert:Convert_90873::reorder_data_14358938580392777097_0_0__sa,n1_i0::primitive::convert:Convert_90873,kernel,reorder_data_14358938580392777097_0_0__sa,(root),Convert_90873,Convert,convert:Convert_90873,reorder,reorder_data,reorder_data_14358938580392777097_0_0__sa,performance,gtpin_total_execution_cycles,5870,cycles,1,1,5870
n1_i0,0,1,0,n1_i0::kernel::cos:/model/rotary_emb/Cos::activation_ref_8384225707366889932_0_0__sa,n1_i0::primitive::cos:/model/rotary_emb/Cos,kernel,activation_ref_8384225707366889932_0_0__sa,rotary_emb,/model/rotary_emb/Cos,Cos,cos:/model/rotary_emb/Cos,activation,activation_ref,activation_ref_8384225707366889932_0_0__sa,performance,gtpin_total_execution_cycles,135594,cycles,1,32,135594
n1_i0,0,1,0,n1_i0::kernel::fullyconnected:/model/layers.0/mlp/down_proj/MatMul::fully_connected_gpu_bf_tiled_10430619451061347312_0_0__sa,n1_i0::primitive::fullyconnected:/model/layers.0/mlp/down_proj/MatMul,kernel,fully_connected_gpu_bf_tiled_10430619451061347312_0_0__sa,layers.*/mlp,/model/layers.0/mlp/down_proj/MatMul,FullyConnected,fullyconnected:/model/layers.0/mlp/down_proj/MatMul,fully_connected,fully_connected_gpu_bf_tiled,fully_connected_gpu_bf_tiled_10430619451061347312_0_0__sa,performance,gtpin_total_execution_cycles,113777904,cycles,1,128,113777904
n1_i0,0,1,0,n1_i0::kernel::fullyconnected:/model/layers.0/mlp/gate_proj/MatMul::fully_connected_gpu_bf_tiled_14365863171559719675_0_0__sa,n1_i0::primitive::fullyconnected:/model/layers.0/mlp/gate_proj/MatMul,kernel,fully_connected_gpu_bf_tiled_14365863171559719675_0_0__sa,layers.*/mlp,/model/layers.0/mlp/gate_proj/MatMul,FullyConnected,fullyconnected:/model/layers.0/mlp/gate_proj/MatMul,fully_connected,fully_connected_gpu_bf_tiled,fully_connected_gpu_bf_tiled_14365863171559719675_0_0__sa,performance,gtpin_total_execution_cycles,330269230,cycles,1,352,330269230
n1_i0,0,1,0,n1_i0::kernel::fullyconnected:/model/layers.0/mlp/up_proj/MatMul::fully_connected_gpu_bf_tiled_4980171355312677498_0_0__sa,n1_i0::primitive::fullyconnected:/model/layers.0/mlp/up_proj/MatMul,kernel,fully_connected_gpu_bf_tiled_4980171355312677498_0_0__sa,layers.*/mlp,/model/layers.0/mlp/up_proj/MatMul,FullyConnected,fullyconnected:/model/layers.0/mlp/up_proj/MatMul,fully_connected,fully_connected_gpu_bf_tiled,fully_connected_gpu_bf_tiled_4980171355312677498_0_0__sa,performance,gtpin_total_execution_cycles,301743042,cycles,1,352,301743042
n1_i0,0,1,0,n1_i0::kernel::fullyconnected:/model/layers.0/self_attn/k_proj/MatMul::fully_connected_gpu_bf_tiled_17963963101609895522_0_0,n1_i0::primitive::fullyconnected:/model/layers.0/self_attn/k_proj/MatMul,kernel,fully_connected_gpu_bf_tiled_17963963101609895522_0_0,layers.*/self_attn,/model/layers.0/self_attn/k_proj/MatMul,FullyConnected,fullyconnected:/model/layers.0/self_attn/k_proj/MatMul,fully_connected,fully_connected_gpu_bf_tiled,fully_connected_gpu_bf_tiled_17963963101609895522_0_0,performance,gtpin_total_execution_cycles,3924834,cycles,1,8,3924834
n1_i0,0,1,0,n1_i0::kernel::fullyconnected:/model/layers.0/self_attn/o_proj/MatMul::fully_connected_gpu_bf_tiled_13040139110703718313_0_0__sa,n1_i0::primitive::fullyconnected:/model/layers.0/self_attn/o_proj/MatMul,kernel,fully_connected_gpu_bf_tiled_13040139110703718313_0_0__sa,layers.*/self_attn,/model/layers.0/self_attn/o_proj/MatMul,FullyConnected,fullyconnected:/model/layers.0/self_attn/o_proj/MatMul,fully_connected,fully_connected_gpu_bf_tiled,fully_connected_gpu_bf_tiled_13040139110703718313_0_0__sa,performance,gtpin_total_execution_cycles,43420844,cycles,1,128,43420844
n1_i0,0,1,0,n1_i0::kernel::fullyconnected:/model/layers.0/self_attn/q_proj/MatMul::fully_connected_gpu_bf_tiled_6368269736313904298_0_0__sa,n1_i0::primitive::fullyconnected:/model/layers.0/self_attn/q_proj/MatMul,kernel,fully_connected_gpu_bf_tiled_6368269736313904298_0_0__sa,layers.*/self_attn,/model/layers.0/self_attn/q_proj/MatMul,FullyConnected,fullyconnected:/model/layers.0/self_attn/q_proj/MatMul,fully_connected,fully_connected_gpu_bf_tiled,fully_connected_gpu_bf_tiled_6368269736313904298_0_0__sa,performance,gtpin_total_execution_cycles,40562310,cycles,1,128,40562310
n1_i0,0,1,0,n1_i0::kernel::fullyconnected:/model/layers.0/self_attn/v_proj/MatMul::fully_connected_gpu_bf_tiled_503990915848293325_0_0__sa,n1_i0::primitive::fullyconnected:/model/layers.0/self_attn/v_proj/MatMul,kernel,fully_connected_gpu_bf_tiled_503990915848293325_0_0__sa,layers.*/self_attn,/model/layers.0/self_attn/v_proj/MatMul,FullyConnected,fullyconnected:/model/layers.0/self_attn/v_proj/MatMul,fully_connected,fully_connected_gpu_bf_tiled,fully_connected_gpu_bf_tiled_503990915848293325_0_0__sa,performance,gtpin_total_execution_cycles,5535488,cycles,1,16,5535488
n1_i0,0,1,0,n1_i0::kernel::fullyconnected:/model/layers.1/mlp/down_proj/MatMul::fully_connected_gpu_bf_tiled_10430619451061347312_0_0__sa,n1_i0::primitive::fullyconnected:/model/layers.1/mlp/down_proj/MatMul,kernel,fully_connected_gpu_bf_tiled_10430619451061347312_0_0__sa,layers.*/mlp,/model/layers.1/mlp/down_proj/MatMul,FullyConnected,fullyconnected:/model/layers.1/mlp/down_proj/MatMul,fully_connected,fully_connected_gpu_bf_tiled,fully_connected_gpu_bf_tiled_10430619451061347312_0_0__sa,performance,gtpin_total_execution_cycles,110057130,cycles,1,128,110057130
n1_i0,0,1,0,n1_i0::kernel::fullyconnected:/model/layers.1/mlp/gate_proj/MatMul::fully_connected_gpu_bf_tiled_14365863171559719675_0_0__sa,n1_i0::primitive::fullyconnected:/model/layers.1/mlp/gate_proj/MatMul,kernel,fully_connected_gpu_bf_tiled_14365863171559719675_0_0__sa,layers.*/mlp,/model/layers.1/mlp/gate_proj/MatMul,FullyConnected,fullyconnected:/model/layers.1/mlp/gate_proj/MatMul,fully_connected,fully_connected_gpu_bf_tiled,fully_connected_gpu_bf_tiled_14365863171559719675_0_0__sa,performance,gtpin_total_execution_cycles,315239154,cycles,1,352,315239154
n1_i0,0,1,0,n1_i0::kernel::fullyconnected:/model/layers.1/mlp/up_proj/MatMul::fully_connected_gpu_bf_tiled_4980171355312677498_0_0__sa,n1_i0::primitive::fullyconnected:/model/layers.1/mlp/up_proj/MatMul,kernel,fully_connected_gpu_bf_tiled_4980171355312677498_0_0__sa,layers.*/mlp,/model/layers.1/mlp/up_proj/MatMul,FullyConnected,fullyconnected:/model/layers.1/mlp/up_proj/MatMul,fully_connected,fully_connected_gpu_bf_tiled,fully_connected_gpu_bf_tiled_4980171355312677498_0_0__sa,performance,gtpin_total_execution_cycles,325055316,cycles,1,352,325055316
n1_i0,0,1,0,n1_i0::kernel::fullyconnected:/model/layers.1/self_attn/k_proj/MatMul::fully_connected_gpu_bf_tiled_17963963101609895522_0_0,n1_i0::primitive::fullyconnected:/model/layers.1/self_attn/k_proj/MatMul,kernel,fully_connected_gpu_bf_tiled_17963963101609895522_0_0,layers.*/self_attn,/model/layers.1/self_attn/k_proj/MatMul,FullyConnected,fullyconnected:/model/layers.1/self_attn/k_proj/MatMul,fully_connected,fully_connected_gpu_bf_tiled,fully_connected_gpu_bf_tiled_17963963101609895522_0_0,performance,gtpin_total_execution_cycles,3943678,cycles,1,8,3943678
n1_i0,0,1,0,n1_i0::kernel::fullyconnected:/model/layers.1/self_attn/o_proj/MatMul::fully_connected_gpu_bf_tiled_13040139110703718313_0_0__sa,n1_i0::primitive::fullyconnected:/model/layers.1/self_attn/o_proj/MatMul,kernel,fully_connected_gpu_bf_tiled_13040139110703718313_0_0__sa,layers.*/self_attn,/model/layers.1/self_attn/o_proj/MatMul,FullyConnected,fullyconnected:/model/layers.1/self_attn/o_proj/MatMul,fully_connected,fully_connected_gpu_bf_tiled,fully_connected_gpu_bf_tiled_13040139110703718313_0_0__sa,performance,gtpin_total_execution_cycles,43768164,cycles,1,128,43768164
n1_i0,0,1,0,n1_i0::kernel::fullyconnected:/model/layers.1/self_attn/q_proj/MatMul::fully_connected_gpu_bf_tiled_6368269736313904298_0_0__sa,n1_i0::primitive::fullyconnected:/model/layers.1/self_attn/q_proj/MatMul,kernel,fully_connected_gpu_bf_tiled_6368269736313904298_0_0__sa,layers.*/self_attn,/model/layers.1/self_attn/q_proj/MatMul,FullyConnected,fullyconnected:/model/layers.1/self_attn/q_proj/MatMul,fully_connected,fully_connected_gpu_bf_tiled,fully_connected_gpu_bf_tiled_6368269736313904298_0_0__sa,performance,gtpin_total_execution_cycles,41261942,cycles,1,128,41261942
n1_i0,0,1,0,n1_i0::kernel::fullyconnected:/model/layers.1/self_attn/v_proj/MatMul::fully_connected_gpu_bf_tiled_17963963101609895522_0_0,n1_i0::primitive::fullyconnected:/model/layers.1/self_attn/v_proj/MatMul,kernel,fully_connected_gpu_bf_tiled_17963963101609895522_0_0,layers.*/self_attn,/model/layers.1/self_attn/v_proj/MatMul,FullyConnected,fullyconnected:/model/layers.1/self_attn/v_proj/MatMul,fully_connected,fully_connected_gpu_bf_tiled,fully_connected_gpu_bf_tiled_17963963101609895522_0_0,performance,gtpin_total_execution_cycles,3893368,cycles,1,8,3893368
n1_i0,0,1,0,n1_i0::kernel::fullyconnected:/model/layers.10/mlp/down_proj/MatMul::fully_connected_gpu_bf_tiled_10430619451061347312_0_0__sa,n1_i0::primitive::fullyconnected:/model/layers.10/mlp/down_proj/MatMul,kernel,fully_connected_gpu_bf_tiled_10430619451061347312_0_0__sa,layers.*/mlp,/model/layers.10/mlp/down_proj/MatMul,FullyConnected,fullyconnected:/model/layers.10/mlp/down_proj/MatMul,fully_connected,fully_connected_gpu_bf_tiled,fully_connected_gpu_bf_tiled_10430619451061347312_0_0__sa,performance,gtpin_total_execution_cycles,108927702,cycles,1,128,108927702
n1_i0,0,1,0,n1_i0::kernel::fullyconnected:/model/layers.10/mlp/gate_proj/MatMul::fully_connected_gpu_bf_tiled_9957149419786459120_0_0,n1_i0::primitive::fullyconnected:/model/layers.10/mlp/gate_proj/MatMul,kernel,fully_connected_gpu_bf_tiled_9957149419786459120_0_0,layers.*/mlp,/model/layers.10/mlp/gate_proj/MatMul,FullyConnected,fullyconnected:/model/layers.10/mlp/gate_proj/MatMul,fully_connected,fully_connected_gpu_bf_tiled,fully_connected_gpu_bf_tiled_9957149419786459120_0_0,performance,gtpin_total_execution_cycles,144855688,cycles,1,176,144855688
n1_i0,0,1,0,n1_i0::kernel::fullyconnected:/model/layers.10/mlp/up_proj/MatMul::fully_connected_gpu_bf_tiled_2740906288179525049_0_0,n1_i0::primitive::fullyconnected:/model/layers.10/mlp/up_proj/MatMul,kernel,fully_connected_gpu_bf_tiled_2740906288179525049_0_0,layers.*/mlp,/model/layers.10/mlp/up_proj/MatMul,FullyConnected,fullyconnected:/model/layers.10/mlp/up_proj/MatMul,fully_connected,fully_connected_gpu_bf_tiled,fully_connected_gpu_bf_tiled_2740906288179525049_0_0,performance,gtpin_total_execution_cycles,136684136,cycles,1,176,136684136
n1_i0,0,1,0,n1_i0::kernel::fullyconnected:/model/layers.10/self_attn/k_proj/MatMul::fully_connected_gpu_bf_tiled_17963963101609895522_0_0,n1_i0::primitive::fullyconnected:/model/layers.10/self_attn/k_proj/MatMul,kernel,fully_connected_gpu_bf_tiled_17963963101609895522_0_0,layers.*/self_attn,/model/layers.10/self_attn/k_proj/MatMul,FullyConnected,fullyconnected:/model/layers.10/self_attn/k_proj/MatMul,fully_connected,fully_connected_gpu_bf_tiled,fully_connected_gpu_bf_tiled_17963963101609895522_0_0,performance,gtpin_total_execution_cycles,3722422,cycles,1,8,3722422
n1_i0,0,1,0,n1_i0::kernel::fullyconnected:/model/layers.10/self_attn/o_proj/MatMul::fully_connected_gpu_bf_tiled_14284117615310227244_0_0,n1_i0::primitive::fullyconnected:/model/layers.10/self_attn/o_proj/MatMul,kernel,fully_connected_gpu_bf_tiled_14284117615310227244_0_0,layers.*/self_attn,/model/layers.10/self_attn/o_proj/MatMul,FullyConnected,fullyconnected:/model/layers.10/self_attn/o_proj/MatMul,fully_connected,fully_connected_gpu_bf_tiled,fully_connected_gpu_bf_tiled_14284117615310227244_0_0,performance,gtpin_total_execution_cycles,30112580,cycles,1,64,30112580
n1_i0,0,1,0,n1_i0::kernel::fullyconnected:/model/layers.10/self_attn/q_proj/MatMul::fully_connected_gpu_bf_tiled_5315586391497964380_0_0,n1_i0::primitive::fullyconnected:/model/layers.10/self_attn/q_proj/MatMul,kernel,fully_connected_gpu_bf_tiled_5315586391497964380_0_0,layers.*/self_attn,/model/layers.10/self_attn/q_proj/MatMul,FullyConnected,fullyconnected:/model/layers.10/self_attn/q_proj/MatMul,fully_connected,fully_connected_gpu_bf_tiled,fully_connected_gpu_bf_tiled_5315586391497964380_0_0,performance,gtpin_total_execution_cycles,28939942,cycles,1,64,28939942
n1_i0,0,1,0,n1_i0::kernel::fullyconnected:/model/layers.10/self_attn/v_proj/MatMul::fully_connected_gpu_bf_tiled_17963963101609895522_0_0,n1_i0::primitive::fullyconnected:/model/layers.10/self_attn/v_proj/MatMul,kernel,fully_connected_gpu_bf_tiled_17963963101609895522_0_0,layers.*/self_attn,/model/layers.10/self_attn/v_proj/MatMul,FullyConnected,fullyconnected:/model/layers.10/self_attn/v_proj/MatMul,fully_connected,fully_connected_gpu_bf_tiled,fully_connected_gpu_bf_tiled_17963963101609895522_0_0,performance,gtpin_total_execution_cycles,3539730,cycles,1,8,3539730
n1_i0,0,1,0,n1_i0::kernel::fullyconnected:/model/layers.11/mlp/down_proj/MatMul::fully_connected_gpu_bf_tiled_2727911967636154657_0_0,n1_i0::primitive::fullyconnected:/model/layers.11/mlp/down_proj/MatMul,kernel,fully_connected_gpu_bf_tiled_2727911967636154657_0_0,layers.*/mlp,/model/layers.11/mlp/down_proj/MatMul,FullyConnected,fullyconnected:/model/layers.11/mlp/down_proj/MatMul,fully_connected,fully_connected_gpu_bf_tiled,fully_connected_gpu_bf_tiled_2727911967636154657_0_0,performance,gtpin_total_execution_cycles,83341160,cycles,1,64,83341160
n1_i0,0,1,0,n1_i0::kernel::fullyconnected:/model/layers.11/mlp/gate_proj/MatMul::fully_connected_gpu_bf_tiled_9957149419786459120_0_0,n1_i0::primitive::fullyconnected:/model/layers.11/mlp/gate_proj/MatMul,kernel,fully_connected_gpu_bf_tiled_9957149419786459120_0_0,layers.*/mlp,/model/layers.11/mlp/gate_proj/MatMul,FullyConnected,fullyconnected:/model/layers.11/mlp/gate_proj/MatMul,fully_connected,fully_connected_gpu_bf_tiled,fully_connected_gpu_bf_tiled_9957149419786459120_0_0,performance,gtpin_total_execution_cycles,154445320,cycles,1,176,154445320
n1_i0,0,1,0,n1_i0::kernel::fullyconnected:/model/layers.11/mlp/up_proj/MatMul::fully_connected_gpu_bf_tiled_2740906288179525049_0_0,n1_i0::primitive::fullyconnected:/model/layers.11/mlp/up_proj/MatMul,kernel,fully_connected_gpu_bf_tiled_2740906288179525049_0_0,layers.*/mlp,/model/layers.11/mlp/up_proj/MatMul,FullyConnected,fullyconnected:/model/layers.11/mlp/up_proj/MatMul,fully_connected,fully_connected_gpu_bf_tiled,fully_connected_gpu_bf_tiled_2740906288179525049_0_0,performance,gtpin_total_execution_cycles,164778506,cycles,1,176,164778506
n1_i0,0,1,0,n1_i0::kernel::fullyconnected:/model/layers.11/self_attn/k_proj/MatMul::fully_connected_gpu_bf_tiled_17963963101609895522_0_0,n1_i0::primitive::fullyconnected:/model/layers.11/self_attn/k_proj/MatMul,kernel,fully_connected_gpu_bf_tiled_17963963101609895522_0_0,layers.*/self_attn,/model/layers.11/self_attn/k_proj/MatMul,FullyConnected,fullyconnected:/model/layers.11/self_attn/k_proj/MatMul,fully_connected,fully_connected_gpu_bf_tiled,fully_connected_gpu_bf_tiled_17963963101609895522_0_0,performance,gtpin_total_execution_cycles,3779832,cycles,1,8,3779832
n1_i0,0,1,0,n1_i0::kernel::fullyconnected:/model/layers.11/self_attn/o_proj/MatMul::fully_connected_gpu_bf_tiled_14284117615310227244_0_0,n1_i0::primitive::fullyconnected:/model/layers.11/self_attn/o_proj/MatMul,kernel,fully_connected_gpu_bf_tiled_14284117615310227244_0_0,layers.*/self_attn,/model/layers.11/self_attn/o_proj/MatMul,FullyConnected,fullyconnected:/model/layers.11/self_attn/o_proj/MatMul,fully_connected,fully_connected_gpu_bf_tiled,fully_connected_gpu_bf_tiled_14284117615310227244_0_0,performance,gtpin_total_execution_cycles,35524476,cycles,1,64,35524476
n1_i0,0,1,0,n1_i0::kernel::fullyconnected:/model/layers.11/self_attn/q_proj/MatMul::fully_connected_gpu_bf_tiled_5315586391497964380_0_0,n1_i0::primitive::fullyconnected:/model/layers.11/self_attn/q_proj/MatMul,kernel,fully_connected_gpu_bf_tiled_5315586391497964380_0_0,layers.*/self_attn,/model/layers.11/self_attn/q_proj/MatMul,FullyConnected,fullyconnected:/model/layers.11/self_attn/q_proj/MatMul,fully_connected,fully_connected_gpu_bf_tiled,fully_connected_gpu_bf_tiled_5315586391497964380_0_0,performance,gtpin_total_execution_cycles,29090892,cycles,1,64,29090892
n1_i0,0,1,0,n1_i0::kernel::fullyconnected:/model/layers.11/self_attn/v_proj/MatMul::fully_connected_gpu_bf_tiled_17963963101609895522_0_0,n1_i0::primitive::fullyconnected:/model/layers.11/self_attn/v_proj/MatMul,kernel,fully_connected_gpu_bf_tiled_17963963101609895522_0_0,layers.*/self_attn,/model/layers.11/self_attn/v_proj/MatMul,FullyConnected,fullyconnected:/model/layers.11/self_attn/v_proj/MatMul,fully_connected,fully_connected_gpu_bf_tiled,fully_connected_gpu_bf_tiled_17963963101609895522_0_0,performance,gtpin_total_execution_cycles,3547536,cycles,1,8,3547536
n1_i0,0,1,0,n1_i0::kernel::fullyconnected:/model/layers.12/mlp/down_proj/MatMul::fully_connected_gpu_bf_tiled_2727911967636154657_0_0,n1_i0::primitive::fullyconnected:/model/layers.12/mlp/down_proj/MatMul,kernel,fully_connected_gpu_bf_tiled_2727911967636154657_0_0,layers.*/mlp,/model/layers.12/mlp/down_proj/MatMul,FullyConnected,fullyconnected:/model/layers.12/mlp/down_proj/MatMul,fully_connected,fully_connected_gpu_bf_tiled,fully_connected_gpu_bf_tiled_2727911967636154657_0_0,performance,gtpin_total_execution_cycles,80069288,cycles,1,64,80069288
n1_i0,0,1,0,n1_i0::kernel::fullyconnected:/model/layers.12/mlp/gate_proj/MatMul::fully_connected_gpu_bf_tiled_9957149419786459120_0_0,n1_i0::primitive::fullyconnected:/model/layers.12/mlp/gate_proj/MatMul,kernel,fully_connected_gpu_bf_tiled_9957149419786459120_0_0,layers.*/mlp,/model/layers.12/mlp/gate_proj/MatMul,FullyConnected,fullyconnected:/model/layers.12/mlp/gate_proj/MatMul,fully_connected,fully_connected_gpu_bf_tiled,fully_connected_gpu_bf_tiled_9957149419786459120_0_0,performance,gtpin_total_execution_cycles,135128680,cycles,1,176,135128680
n1_i0,0,1,0,n1_i0::kernel::fullyconnected:/model/layers.12/mlp/up_proj/MatMul::fully_connected_gpu_bf_tiled_2740906288179525049_0_0,n1_i0::primitive::fullyconnected:/model/layers.12/mlp/up_proj/MatMul,kernel,fully_connected_gpu_bf_tiled_2740906288179525049_0_0,layers.*/mlp,/model/layers.12/mlp/up_proj/MatMul,FullyConnected,fullyconnected:/model/layers.12/mlp/up_proj/MatMul,fully_connected,fully_connected_gpu_bf_tiled,fully_connected_gpu_bf_tiled_2740906288179525049_0_0,performance,gtpin_total_execution_cycles,131457352,cycles,1,176,131457352
n1_i0,0,1,0,n1_i0::kernel::fullyconnected:/model/layers.12/self_attn/k_proj/MatMul::fully_connected_gpu_bf_tiled_17963963101609895522_0_0,n1_i0::primitive::fullyconnected:/model/layers.12/self_attn/k_proj/MatMul,kernel,fully_connected_gpu_bf_tiled_17963963101609895522_0_0,layers.*/self_attn,/model/layers.12/self_attn/k_proj/MatMul,FullyConnected,fullyconnected:/model/layers.12/self_attn/k_proj/MatMul,fully_connected,fully_connected_gpu_bf_tiled,fully_connected_gpu_bf_tiled_17963963101609895522_0_0,performance,gtpin_total_execution_cycles,3818276,cycles,1,8,3818276
n1_i0,0,1,0,n1_i0::kernel::fullyconnected:/model/layers.12/self_attn/o_proj/MatMul::fully_connected_gpu_bf_tiled_14284117615310227244_0_0,n1_i0::primitive::fullyconnected:/model/layers.12/self_attn/o_proj/MatMul,kernel,fully_connected_gpu_bf_tiled_14284117615310227244_0_0,layers.*/self_attn,/model/layers.12/self_attn/o_proj/MatMul,FullyConnected,fullyconnected:/model/layers.12/self_attn/o_proj/MatMul,fully_connected,fully_connected_gpu_bf_tiled,fully_connected_gpu_bf_tiled_14284117615310227244_0_0,performance,gtpin_total_execution_cycles,29415982,cycles,1,64,29415982
n1_i0,0,1,0,n1_i0::kernel::fullyconnected:/model/layers.12/self_attn/q_proj/MatMul::fully_connected_gpu_bf_tiled_5315586391497964380_0_0,n1_i0::primitive::fullyconnected:/model/layers.12/self_attn/q_proj/MatMul,kernel,fully_connected_gpu_bf_tiled_5315586391497964380_0_0,layers.*/self_attn,/model/layers.12/self_attn/q_proj/MatMul,FullyConnected,fullyconnected:/model/layers.12/self_attn/q_proj/MatMul,fully_connected,fully_connected_gpu_bf_tiled,fully_connected_gpu_bf_tiled_5315586391497964380_0_0,performance,gtpin_total_execution_cycles,29587634,cycles,1,64,29587634
n1_i0,0,1,0,n1_i0::kernel::fullyconnected:/model/layers.12/self_attn/v_proj/MatMul::fully_connected_gpu_bf_tiled_17963963101609895522_0_0,n1_i0::primitive::fullyconnected:/model/layers.12/self_attn/v_proj/MatMul,kernel,fully_connected_gpu_bf_tiled_17963963101609895522_0_0,layers.*/self_attn,/model/layers.12/self_attn/v_proj/MatMul,FullyConnected,fullyconnected:/model/layers.12/self_attn/v_proj/MatMul,fully_connected,fully_connected_gpu_bf_tiled,fully_connected_gpu_bf_tiled_17963963101609895522_0_0,performance,gtpin_total_execution_cycles,3623792,cycles,1,8,3623792
n1_i0,0,1,0,n1_i0::kernel::fullyconnected:/model/layers.13/mlp/down_proj/MatMul::fully_connected_gpu_bf_tiled_2727911967636154657_0_0,n1_i0::primitive::fullyconnected:/model/layers.13/mlp/down_proj/MatMul,kernel,fully_connected_gpu_bf_tiled_2727911967636154657_0_0,layers.*/mlp,/model/layers.13/mlp/down_proj/MatMul,FullyConnected,fullyconnected:/model/layers.13/mlp/down_proj/MatMul,fully_connected,fully_connected_gpu_bf_tiled,fully_connected_gpu_bf_tiled_2727911967636154657_0_0,performance,gtpin_total_execution_cycles,82413858,cycles,1,64,82413858
n1_i0,0,1,0,n1_i0::kernel::fullyconnected:/model/layers.13/mlp/gate_proj/MatMul::fully_connected_gpu_bf_tiled_9957149419786459120_0_0,n1_i0::primitive::fullyconnected:/model/layers.13/mlp/gate_proj/MatMul,kernel,fully_connected_gpu_bf_tiled_9957149419786459120_0_0,layers.*/mlp,/model/layers.13/mlp/gate_proj/MatMul,FullyConnected,fullyconnected:/model/layers.13/mlp/gate_proj/MatMul,fully_connected,fully_connected_gpu_bf_tiled,fully_connected_gpu_bf_tiled_9957149419786459120_0_0,performance,gtpin_total_execution_cycles,139046504,cycles,1,176,139046504
n1_i0,0,1,0,n1_i0::kernel::fullyconnected:/model/layers.13/mlp/up_proj/MatMul::fully_connected_gpu_bf_tiled_2740906288179525049_0_0,n1_i0::primitive::fullyconnected:/model/layers.13/mlp/up_proj/MatMul,kernel,fully_connected_gpu_bf_tiled_2740906288179525049_0_0,layers.*/mlp,/model/layers.13/mlp/up_proj/MatMul,FullyConnected,fullyconnected:/model/layers.13/mlp/up_proj/MatMul,fully_connected,fully_connected_gpu_bf_tiled,fully_connected_gpu_bf_tiled_2740906288179525049_0_0,performance,gtpin_total_execution_cycles,108056280,cycles,1,176,108056280
n1_i0,0,1,0,n1_i0::kernel::fullyconnected:/model/layers.13/self_attn/k_proj/MatMul::fully_connected_gpu_bf_tiled_17963963101609895522_0_0,n1_i0::primitive::fullyconnected:/model/layers.13/self_attn/k_proj/MatMul,kernel,fully_connected_gpu_bf_tiled_17963963101609895522_0_0,layers.*/self_attn,/model/layers.13/self_attn/k_proj/MatMul,FullyConnected,fullyconnected:/model/layers.13/self_attn/k_proj/MatMul,fully_connected,fully_connected_gpu_bf_tiled,fully_connected_gpu_bf_tiled_17963963101609895522_0_0,performance,gtpin_total_execution_cycles,4340550,cycles,1,8,4340550
n1_i0,0,1,0,n1_i0::kernel::fullyconnected:/model/layers.13/self_attn/o_proj/MatMul::fully_connected_gpu_bf_tiled_14284117615310227244_0_0,n1_i0::primitive::fullyconnected:/model/layers.13/self_attn/o_proj/MatMul,kernel,fully_connected_gpu_bf_tiled_14284117615310227244_0_0,layers.*/self_attn,/model/layers.13/self_attn/o_proj/MatMul,FullyConnected,fullyconnected:/model/layers.13/self_attn/o_proj/MatMul,fully_connected,fully_connected_gpu_bf_tiled,fully_connected_gpu_bf_tiled_14284117615310227244_0_0,performance,gtpin_total_execution_cycles,29447420,cycles,1,64,29447420
n1_i0,0,1,0,n1_i0::kernel::fullyconnected:/model/layers.13/self_attn/q_proj/MatMul::fully_connected_gpu_bf_tiled_5315586391497964380_0_0,n1_i0::primitive::fullyconnected:/model/layers.13/self_attn/q_proj/MatMul,kernel,fully_connected_gpu_bf_tiled_5315586391497964380_0_0,layers.*/self_attn,/model/layers.13/self_attn/q_proj/MatMul,FullyConnected,fullyconnected:/model/layers.13/self_attn/q_proj/MatMul,fully_connected,fully_connected_gpu_bf_tiled,fully_connected_gpu_bf_tiled_5315586391497964380_0_0,performance,gtpin_total_execution_cycles,33547386,cycles,1,64,33547386
n1_i0,0,1,0,n1_i0::kernel::fullyconnected:/model/layers.13/self_attn/v_proj/MatMul::fully_connected_gpu_bf_tiled_17963963101609895522_0_0,n1_i0::primitive::fullyconnected:/model/layers.13/self_attn/v_proj/MatMul,kernel,fully_connected_gpu_bf_tiled_17963963101609895522_0_0,layers.*/self_attn,/model/layers.13/self_attn/v_proj/MatMul,FullyConnected,fullyconnected:/model/layers.13/self_attn/v_proj/MatMul,fully_connected,fully_connected_gpu_bf_tiled,fully_connected_gpu_bf_tiled_17963963101609895522_0_0,performance,gtpin_total_execution_cycles,4089486,cycles,1,8,4089486
n1_i0,0,1,0,n1_i0::kernel::fullyconnected:/model/layers.14/mlp/down_proj/MatMul::fully_connected_gpu_bf_tiled_2727911967636154657_0_0,n1_i0::primitive::fullyconnected:/model/layers.14/mlp/down_proj/MatMul,kernel,fully_connected_gpu_bf_tiled_2727911967636154657_0_0,layers.*/mlp,/model/layers.14/mlp/down_proj/MatMul,FullyConnected,fullyconnected:/model/layers.14/mlp/down_proj/MatMul,fully_connected,fully_connected_gpu_bf_tiled,fully_connected_gpu_bf_tiled_2727911967636154657_0_0,performance,gtpin_total_execution_cycles,79171918,cycles,1,64,79171918
n1_i0,0,1,0,n1_i0::kernel::fullyconnected:/model/layers.14/mlp/gate_proj/MatMul::fully_connected_gpu_bf_tiled_9957149419786459120_0_0,n1_i0::primitive::fullyconnected:/model/layers.14/mlp/gate_proj/MatMul,kernel,fully_connected_gpu_bf_tiled_9957149419786459120_0_0,layers.*/mlp,/model/layers.14/mlp/gate_proj/MatMul,FullyConnected,fullyconnected:/model/layers.14/mlp/gate_proj/MatMul,fully_connected,fully_connected_gpu_bf_tiled,fully_connected_gpu_bf_tiled_9957149419786459120_0_0,performance,gtpin_total_execution_cycles,137632856,cycles,1,176,137632856
n1_i0,0,1,0,n1_i0::kernel::fullyconnected:/model/layers.14/mlp/up_proj/MatMul::fully_connected_gpu_bf_tiled_2740906288179525049_0_0,n1_i0::primitive::fullyconnected:/model/layers.14/mlp/up_proj/MatMul,kernel,fully_connected_gpu_bf_tiled_2740906288179525049_0_0,layers.*/mlp,/model/layers.14/mlp/up_proj/MatMul,FullyConnected,fullyconnected:/model/layers.14/mlp/up_proj/MatMul,fully_connected,fully_connected_gpu_bf_tiled,fully_connected_gpu_bf_tiled_2740906288179525049_0_0,performance,gtpin_total_execution_cycles,119278436,cycles,1,176,119278436
n1_i0,0,1,0,n1_i0::kernel::fullyconnected:/model/layers.14/self_attn/k_proj/MatMul::fully_connected_gpu_bf_tiled_17963963101609895522_0_0,n1_i0::primitive::fullyconnected:/model/layers.14/self_attn/k_proj/MatMul,kernel,fully_connected_gpu_bf_tiled_17963963101609895522_0_0,layers.*/self_attn,/model/layers.14/self_attn/k_proj/MatMul,FullyConnected,fullyconnected:/model/layers.14/self_attn/k_proj/MatMul,fully_connected,fully_connected_gpu_bf_tiled,fully_connected_gpu_bf_tiled_17963963101609895522_0_0,performance,gtpin_total_execution_cycles,4106426,cycles,1,8,4106426
n1_i0,0,1,0,n1_i0::kernel::fullyconnected:/model/layers.14/self_attn/o_proj/MatMul::fully_connected_gpu_bf_tiled_14284117615310227244_0_0,n1_i0::primitive::fullyconnected:/model/layers.14/self_attn/o_proj/MatMul,kernel,fully_connected_gpu_bf_tiled_14284117615310227244_0_0,layers.*/self_attn,/model/layers.14/self_attn/o_proj/MatMul,FullyConnected,fullyconnected:/model/layers.14/self_attn/o_proj/MatMul,fully_connected,fully_connected_gpu_bf_tiled,fully_connected_gpu_bf_tiled_14284117615310227244_0_0,performance,gtpin_total_execution_cycles,29107336,cycles,1,64,29107336
n1_i0,0,1,0,n1_i0::kernel::fullyconnected:/model/layers.14/self_attn/q_proj/MatMul::fully_connected_gpu_bf_tiled_5315586391497964380_0_0,n1_i0::primitive::fullyconnected:/model/layers.14/self_attn/q_proj/MatMul,kernel,fully_connected_gpu_bf_tiled_5315586391497964380_0_0,layers.*/self_attn,/model/layers.14/self_attn/q_proj/MatMul,FullyConnected,fullyconnected:/model/layers.14/self_attn/q_proj/MatMul,fully_connected,fully_connected_gpu_bf_tiled,fully_connected_gpu_bf_tiled_5315586391497964380_0_0,performance,gtpin_total_execution_cycles,31828854,cycles,1,64,31828854
n1_i0,0,1,0,n1_i0::kernel::fullyconnected:/model/layers.14/self_attn/v_proj/MatMul::fully_connected_gpu_bf_tiled_17963963101609895522_0_0,n1_i0::primitive::fullyconnected:/model/layers.14/self_attn/v_proj/MatMul,kernel,fully_connected_gpu_bf_tiled_17963963101609895522_0_0,layers.*/self_attn,/model/layers.14/self_attn/v_proj/MatMul,FullyConnected,fullyconnected:/model/layers.14/self_attn/v_proj/MatMul,fully_connected,fully_connected_gpu_bf_tiled,fully_connected_gpu_bf_tiled_17963963101609895522_0_0,performance,gtpin_total_execution_cycles,3902458,cycles,1,8,3902458
n1_i0,0,1,0,n1_i0::kernel::fullyconnected:/model/layers.15/mlp/down_proj/MatMul::fully_connected_gpu_bf_tiled_2727911967636154657_0_0,n1_i0::primitive::fullyconnected:/model/layers.15/mlp/down_proj/MatMul,kernel,fully_connected_gpu_bf_tiled_2727911967636154657_0_0,layers.*/mlp,/model/layers.15/mlp/down_proj/MatMul,FullyConnected,fullyconnected:/model/layers.15/mlp/down_proj/MatMul,fully_connected,fully_connected_gpu_bf_tiled,fully_connected_gpu_bf_tiled_2727911967636154657_0_0,performance,gtpin_total_execution_cycles,76796824,cycles,1,64,76796824
n1_i0,0,1,0,n1_i0::kernel::fullyconnected:/model/layers.15/mlp/gate_proj/MatMul::fully_connected_gpu_bf_tiled_9957149419786459120_0_0,n1_i0::primitive::fullyconnected:/model/layers.15/mlp/gate_proj/MatMul,kernel,fully_connected_gpu_bf_tiled_9957149419786459120_0_0,layers.*/mlp,/model/layers.15/mlp/gate_proj/MatMul,FullyConnected,fullyconnected:/model/layers.15/mlp/gate_proj/MatMul,fully_connected,fully_connected_gpu_bf_tiled,fully_connected_gpu_bf_tiled_9957149419786459120_0_0,performance,gtpin_total_execution_cycles,130039562,cycles,1,176,130039562
n1_i0,0,1,0,n1_i0::kernel::fullyconnected:/model/layers.15/mlp/up_proj/MatMul::fully_connected_gpu_bf_tiled_2740906288179525049_0_0,n1_i0::primitive::fullyconnected:/model/layers.15/mlp/up_proj/MatMul,kernel,fully_connected_gpu_bf_tiled_2740906288179525049_0_0,layers.*/mlp,/model/layers.15/mlp/up_proj/MatMul,FullyConnected,fullyconnected:/model/layers.15/mlp/up_proj/MatMul,fully_connected,fully_connected_gpu_bf_tiled,fully_connected_gpu_bf_tiled_2740906288179525049_0_0,performance,gtpin_total_execution_cycles,122730498,cycles,1,176,122730498
n1_i0,0,1,0,n1_i0::kernel::fullyconnected:/model/layers.15/self_attn/k_proj/MatMul::fully_connected_gpu_bf_tiled_17963963101609895522_0_0,n1_i0::primitive::fullyconnected:/model/layers.15/self_attn/k_proj/MatMul,kernel,fully_connected_gpu_bf_tiled_17963963101609895522_0_0,layers.*/self_attn,/model/layers.15/self_attn/k_proj/MatMul,FullyConnected,fullyconnected:/model/layers.15/self_attn/k_proj/MatMul,fully_connected,fully_connected_gpu_bf_tiled,fully_connected_gpu_bf_tiled_17963963101609895522_0_0,performance,gtpin_total_execution_cycles,3728224,cycles,1,8,3728224
n1_i0,0,1,0,n1_i0::kernel::fullyconnected:/model/layers.15/self_attn/o_proj/MatMul::fully_connected_gpu_bf_tiled_14284117615310227244_0_0,n1_i0::primitive::fullyconnected:/model/layers.15/self_attn/o_proj/MatMul,kernel,fully_connected_gpu_bf_tiled_14284117615310227244_0_0,layers.*/self_attn,/model/layers.15/self_attn/o_proj/MatMul,FullyConnected,fullyconnected:/model/layers.15/self_attn/o_proj/MatMul,fully_connected,fully_connected_gpu_bf_tiled,fully_connected_gpu_bf_tiled_14284117615310227244_0_0,performance,gtpin_total_execution_cycles,28714918,cycles,1,64,28714918
n1_i0,0,1,0,n1_i0::kernel::fullyconnected:/model/layers.15/self_attn/q_proj/MatMul::fully_connected_gpu_bf_tiled_5315586391497964380_0_0,n1_i0::primitive::fullyconnected:/model/layers.15/self_attn/q_proj/MatMul,kernel,fully_connected_gpu_bf_tiled_5315586391497964380_0_0,layers.*/self_attn,/model/layers.15/self_attn/q_proj/MatMul,FullyConnected,fullyconnected:/model/layers.15/self_attn/q_proj/MatMul,fully_connected,fully_connected_gpu_bf_tiled,fully_connected_gpu_bf_tiled_5315586391497964380_0_0,performance,gtpin_total_execution_cycles,28963088,cycles,1,64,28963088
n1_i0,0,1,0,n1_i0::kernel::fullyconnected:/model/layers.15/self_attn/v_proj/MatMul::fully_connected_gpu_bf_tiled_17963963101609895522_0_0,n1_i0::primitive::fullyconnected:/model/layers.15/self_attn/v_proj/MatMul,kernel,fully_connected_gpu_bf_tiled_17963963101609895522_0_0,layers.*/self_attn,/model/layers.15/self_attn/v_proj/MatMul,FullyConnected,fullyconnected:/model/layers.15/self_attn/v_proj/MatMul,fully_connected,fully_connected_gpu_bf_tiled,fully_connected_gpu_bf_tiled_17963963101609895522_0_0,performance,gtpin_total_execution_cycles,3541762,cycles,1,8,3541762
n1_i0,0,1,0,n1_i0::kernel::fullyconnected:/model/layers.16/mlp/down_proj/MatMul::fully_connected_gpu_bf_tiled_2727911967636154657_0_0,n1_i0::primitive::fullyconnected:/model/layers.16/mlp/down_proj/MatMul,kernel,fully_connected_gpu_bf_tiled_2727911967636154657_0_0,layers.*/mlp,/model/layers.16/mlp/down_proj/MatMul,FullyConnected,fullyconnected:/model/layers.16/mlp/down_proj/MatMul,fully_connected,fully_connected_gpu_bf_tiled,fully_connected_gpu_bf_tiled_2727911967636154657_0_0,performance,gtpin_total_execution_cycles,81851534,cycles,1,64,81851534
n1_i0,0,1,0,n1_i0::kernel::fullyconnected:/model/layers.16/mlp/gate_proj/MatMul::fully_connected_gpu_bf_tiled_9957149419786459120_0_0,n1_i0::primitive::fullyconnected:/model/layers.16/mlp/gate_proj/MatMul,kernel,fully_connected_gpu_bf_tiled_9957149419786459120_0_0,layers.*/mlp,/model/layers.16/mlp/gate_proj/MatMul,FullyConnected,fullyconnected:/model/layers.16/mlp/gate_proj/MatMul,fully_connected,fully_connected_gpu_bf_tiled,fully_connected_gpu_bf_tiled_9957149419786459120_0_0,performance,gtpin_total_execution_cycles,140289028,cycles,1,176,140289028
n1_i0,0,1,0,n1_i0::kernel::fullyconnected:/model/layers.16/mlp/up_proj/MatMul::fully_connected_gpu_bf_tiled_2740906288179525049_0_0,n1_i0::primitive::fullyconnected:/model/layers.16/mlp/up_proj/MatMul,kernel,fully_connected_gpu_bf_tiled_2740906288179525049_0_0,layers.*/mlp,/model/layers.16/mlp/up_proj/MatMul,FullyConnected,fullyconnected:/model/layers.16/mlp/up_proj/MatMul,fully_connected,fully_connected_gpu_bf_tiled,fully_connected_gpu_bf_tiled_2740906288179525049_0_0,performance,gtpin_total_execution_cycles,134603166,cycles,1,176,134603166
n1_i0,0,1,0,n1_i0::kernel::fullyconnected:/model/layers.16/self_attn/k_proj/MatMul::fully_connected_gpu_bf_tiled_17963963101609895522_0_0,n1_i0::primitive::fullyconnected:/model/layers.16/self_attn/k_proj/MatMul,kernel,fully_connected_gpu_bf_tiled_17963963101609895522_0_0,layers.*/self_attn,/model/layers.16/self_attn/k_proj/MatMul,FullyConnected,fullyconnected:/model/layers.16/self_attn/k_proj/MatMul,fully_connected,fully_connected_gpu_bf_tiled,fully_connected_gpu_bf_tiled_17963963101609895522_0_0,performance,gtpin_total_execution_cycles,3666790,cycles,1,8,3666790
n1_i0,0,1,0,n1_i0::kernel::fullyconnected:/model/layers.16/self_attn/o_proj/MatMul::fully_connected_gpu_bf_tiled_14284117615310227244_0_0,n1_i0::primitive::fullyconnected:/model/layers.16/self_attn/o_proj/MatMul,kernel,fully_connected_gpu_bf_tiled_14284117615310227244_0_0,layers.*/self_attn,/model/layers.16/self_attn/o_proj/MatMul,FullyConnected,fullyconnected:/model/layers.16/self_attn/o_proj/MatMul,fully_connected,fully_connected_gpu_bf_tiled,fully_connected_gpu_bf_tiled_14284117615310227244_0_0,performance,gtpin_total_execution_cycles,29183288,cycles,1,64,29183288
n1_i0,0,1,0,n1_i0::kernel::fullyconnected:/model/layers.16/self_attn/q_proj/MatMul::fully_connected_gpu_bf_tiled_5315586391497964380_0_0,n1_i0::primitive::fullyconnected:/model/layers.16/self_attn/q_proj/MatMul,kernel,fully_connected_gpu_bf_tiled_5315586391497964380_0_0,layers.*/self_attn,/model/layers.16/self_attn/q_proj/MatMul,FullyConnected,fullyconnected:/model/layers.16/self_attn/q_proj/MatMul,fully_connected,fully_connected_gpu_bf_tiled,fully_connected_gpu_bf_tiled_5315586391497964380_0_0,performance,gtpin_total_execution_cycles,28559418,cycles,1,64,28559418
n1_i0,0,1,0,n1_i0::kernel::fullyconnected:/model/layers.16/self_attn/v_proj/MatMul::fully_connected_gpu_bf_tiled_17963963101609895522_0_0,n1_i0::primitive::fullyconnected:/model/layers.16/self_attn/v_proj/MatMul,kernel,fully_connected_gpu_bf_tiled_17963963101609895522_0_0,layers.*/self_attn,/model/layers.16/self_attn/v_proj/MatMul,FullyConnected,fullyconnected:/model/layers.16/self_attn/v_proj/MatMul,fully_connected,fully_connected_gpu_bf_tiled,fully_connected_gpu_bf_tiled_17963963101609895522_0_0,performance,gtpin_total_execution_cycles,3486278,cycles,1,8,3486278
n1_i0,0,1,0,n1_i0::kernel::fullyconnected:/model/layers.17/mlp/down_proj/MatMul::fully_connected_gpu_bf_tiled_2727911967636154657_0_0,n1_i0::primitive::fullyconnected:/model/layers.17/mlp/down_proj/MatMul,kernel,fully_connected_gpu_bf_tiled_2727911967636154657_0_0,layers.*/mlp,/model/layers.17/mlp/down_proj/MatMul,FullyConnected,fullyconnected:/model/layers.17/mlp/down_proj/MatMul,fully_connected,fully_connected_gpu_bf_tiled,fully_connected_gpu_bf_tiled_2727911967636154657_0_0,performance,gtpin_total_execution_cycles,79714630,cycles,1,64,79714630
n1_i0,0,1,0,n1_i0::kernel::fullyconnected:/model/layers.17/mlp/gate_proj/MatMul::fully_connected_gpu_bf_tiled_9957149419786459120_0_0,n1_i0::primitive::fullyconnected:/model/layers.17/mlp/gate_proj/MatMul,kernel,fully_connected_gpu_bf_tiled_9957149419786459120_0_0,layers.*/mlp,/model/layers.17/mlp/gate_proj/MatMul,FullyConnected,fullyconnected:/model/layers.17/mlp/gate_proj/MatMul,fully_connected,fully_connected_gpu_bf_tiled,fully_connected_gpu_bf_tiled_9957149419786459120_0_0,performance,gtpin_total_execution_cycles,123248244,cycles,1,176,123248244
n1_i0,0,1,0,n1_i0::kernel::fullyconnected:/model/layers.17/mlp/up_proj/MatMul::fully_connected_gpu_bf_tiled_2740906288179525049_0_0,n1_i0::primitive::fullyconnected:/model/layers.17/mlp/up_proj/MatMul,kernel,fully_connected_gpu_bf_tiled_2740906288179525049_0_0,layers.*/mlp,/model/layers.17/mlp/up_proj/MatMul,FullyConnected,fullyconnected:/model/layers.17/mlp/up_proj/MatMul,fully_connected,fully_connected_gpu_bf_tiled,fully_connected_gpu_bf_tiled_2740906288179525049_0_0,performance,gtpin_total_execution_cycles,125069896,cycles,1,176,125069896
n1_i0,0,1,0,n1_i0::kernel::fullyconnected:/model/layers.17/self_attn/k_proj/MatMul::fully_connected_gpu_bf_tiled_17963963101609895522_0_0,n1_i0::primitive::fullyconnected:/model/layers.17/self_attn/k_proj/MatMul,kernel,fully_connected_gpu_bf_tiled_17963963101609895522_0_0,layers.*/self_attn,/model/layers.17/self_attn/k_proj/MatMul,FullyConnected,fullyconnected:/model/layers.17/self_attn/k_proj/MatMul,fully_connected,fully_connected_gpu_bf_tiled,fully_connected_gpu_bf_tiled_17963963101609895522_0_0,performance,gtpin_total_execution_cycles,3873902,cycles,1,8,3873902
n1_i0,0,1,0,n1_i0::kernel::fullyconnected:/model/layers.17/self_attn/o_proj/MatMul::fully_connected_gpu_bf_tiled_14284117615310227244_0_0,n1_i0::primitive::fullyconnected:/model/layers.17/self_attn/o_proj/MatMul,kernel,fully_connected_gpu_bf_tiled_14284117615310227244_0_0,layers.*/self_attn,/model/layers.17/self_attn/o_proj/MatMul,FullyConnected,fullyconnected:/model/layers.17/self_attn/o_proj/MatMul,fully_connected,fully_connected_gpu_bf_tiled,fully_connected_gpu_bf_tiled_14284117615310227244_0_0,performance,gtpin_total_execution_cycles,29825476,cycles,1,64,29825476
n1_i0,0,1,0,n1_i0::kernel::fullyconnected:/model/layers.17/self_attn/q_proj/MatMul::fully_connected_gpu_bf_tiled_5315586391497964380_0_0,n1_i0::primitive::fullyconnected:/model/layers.17/self_attn/q_proj/MatMul,kernel,fully_connected_gpu_bf_tiled_5315586391497964380_0_0,layers.*/self_attn,/model/layers.17/self_attn/q_proj/MatMul,FullyConnected,fullyconnected:/model/layers.17/self_attn/q_proj/MatMul,fully_connected,fully_connected_gpu_bf_tiled,fully_connected_gpu_bf_tiled_5315586391497964380_0_0,performance,gtpin_total_execution_cycles,30090404,cycles,1,64,30090404
n1_i0,0,1,0,n1_i0::kernel::fullyconnected:/model/layers.17/self_attn/v_proj/MatMul::fully_connected_gpu_bf_tiled_17963963101609895522_0_0,n1_i0::primitive::fullyconnected:/model/layers.17/self_attn/v_proj/MatMul,kernel,fully_connected_gpu_bf_tiled_17963963101609895522_0_0,layers.*/self_attn,/model/layers.17/self_attn/v_proj/MatMul,FullyConnected,fullyconnected:/model/layers.17/self_attn/v_proj/MatMul,fully_connected,fully_connected_gpu_bf_tiled,fully_connected_gpu_bf_tiled_17963963101609895522_0_0,performance,gtpin_total_execution_cycles,3674972,cycles,1,8,3674972
n1_i0,0,1,0,n1_i0::kernel::fullyconnected:/model/layers.18/mlp/down_proj/MatMul::fully_connected_gpu_bf_tiled_2727911967636154657_0_0,n1_i0::primitive::fullyconnected:/model/layers.18/mlp/down_proj/MatMul,kernel,fully_connected_gpu_bf_tiled_2727911967636154657_0_0,layers.*/mlp,/model/layers.18/mlp/down_proj/MatMul,FullyConnected,fullyconnected:/model/layers.18/mlp/down_proj/MatMul,fully_connected,fully_connected_gpu_bf_tiled,fully_connected_gpu_bf_tiled_2727911967636154657_0_0,performance,gtpin_total_execution_cycles,82157096,cycles,1,64,82157096
n1_i0,0,1,0,n1_i0::kernel::fullyconnected:/model/layers.18/mlp/gate_proj/MatMul::fully_connected_gpu_bf_tiled_9957149419786459120_0_0,n1_i0::primitive::fullyconnected:/model/layers.18/mlp/gate_proj/MatMul,kernel,fully_connected_gpu_bf_tiled_9957149419786459120_0_0,layers.*/mlp,/model/layers.18/mlp/gate_proj/MatMul,FullyConnected,fullyconnected:/model/layers.18/mlp/gate_proj/MatMul,fully_connected,fully_connected_gpu_bf_tiled,fully_connected_gpu_bf_tiled_9957149419786459120_0_0,performance,gtpin_total_execution_cycles,167205596,cycles,1,176,167205596
n1_i0,0,1,0,n1_i0::kernel::fullyconnected:/model/layers.18/mlp/up_proj/MatMul::fully_connected_gpu_bf_tiled_2740906288179525049_0_0,n1_i0::primitive::fullyconnected:/model/layers.18/mlp/up_proj/MatMul,kernel,fully_connected_gpu_bf_tiled_2740906288179525049_0_0,layers.*/mlp,/model/layers.18/mlp/up_proj/MatMul,FullyConnected,fullyconnected:/model/layers.18/mlp/up_proj/MatMul,fully_connected,fully_connected_gpu_bf_tiled,fully_connected_gpu_bf_tiled_2740906288179525049_0_0,performance,gtpin_total_execution_cycles,138343142,cycles,1,176,138343142
n1_i0,0,1,0,n1_i0::kernel::fullyconnected:/model/layers.18/self_attn/k_proj/MatMul::fully_connected_gpu_bf_tiled_17963963101609895522_0_0,n1_i0::primitive::fullyconnected:/model/layers.18/self_attn/k_proj/MatMul,kernel,fully_connected_gpu_bf_tiled_17963963101609895522_0_0,layers.*/self_attn,/model/layers.18/self_attn/k_proj/MatMul,FullyConnected,fullyconnected:/model/layers.18/self_attn/k_proj/MatMul,fully_connected,fully_connected_gpu_bf_tiled,fully_connected_gpu_bf_tiled_17963963101609895522_0_0,performance,gtpin_total_execution_cycles,3804430,cycles,1,8,3804430
n1_i0,0,1,0,n1_i0::kernel::fullyconnected:/model/layers.18/self_attn/o_proj/MatMul::fully_connected_gpu_bf_tiled_14284117615310227244_0_0,n1_i0::primitive::fullyconnected:/model/layers.18/self_attn/o_proj/MatMul,kernel,fully_connected_gpu_bf_tiled_14284117615310227244_0_0,layers.*/self_attn,/model/layers.18/self_attn/o_proj/MatMul,FullyConnected,fullyconnected:/model/layers.18/self_attn/o_proj/MatMul,fully_connected,fully_connected_gpu_bf_tiled,fully_connected_gpu_bf_tiled_14284117615310227244_0_0,performance,gtpin_total_execution_cycles,29704578,cycles,1,64,29704578
n1_i0,0,1,0,n1_i0::kernel::fullyconnected:/model/layers.18/self_attn/q_proj/MatMul::fully_connected_gpu_bf_tiled_5315586391497964380_0_0,n1_i0::primitive::fullyconnected:/model/layers.18/self_attn/q_proj/MatMul,kernel,fully_connected_gpu_bf_tiled_5315586391497964380_0_0,layers.*/self_attn,/model/layers.18/self_attn/q_proj/MatMul,FullyConnected,fullyconnected:/model/layers.18/self_attn/q_proj/MatMul,fully_connected,fully_connected_gpu_bf_tiled,fully_connected_gpu_bf_tiled_5315586391497964380_0_0,performance,gtpin_total_execution_cycles,29721532,cycles,1,64,29721532
n1_i0,0,1,0,n1_i0::kernel::fullyconnected:/model/layers.18/self_attn/v_proj/MatMul::fully_connected_gpu_bf_tiled_17963963101609895522_0_0,n1_i0::primitive::fullyconnected:/model/layers.18/self_attn/v_proj/MatMul,kernel,fully_connected_gpu_bf_tiled_17963963101609895522_0_0,layers.*/self_attn,/model/layers.18/self_attn/v_proj/MatMul,FullyConnected,fullyconnected:/model/layers.18/self_attn/v_proj/MatMul,fully_connected,fully_connected_gpu_bf_tiled,fully_connected_gpu_bf_tiled_17963963101609895522_0_0,performance,gtpin_total_execution_cycles,3626772,cycles,1,8,3626772
n1_i0,0,1,0,n1_i0::kernel::fullyconnected:/model/layers.19/mlp/down_proj/MatMul::fully_connected_gpu_bf_tiled_2727911967636154657_0_0,n1_i0::primitive::fullyconnected:/model/layers.19/mlp/down_proj/MatMul,kernel,fully_connected_gpu_bf_tiled_2727911967636154657_0_0,layers.*/mlp,/model/layers.19/mlp/down_proj/MatMul,FullyConnected,fullyconnected:/model/layers.19/mlp/down_proj/MatMul,fully_connected,fully_connected_gpu_bf_tiled,fully_connected_gpu_bf_tiled_2727911967636154657_0_0,performance,gtpin_total_execution_cycles,78960468,cycles,1,64,78960468
n1_i0,0,1,0,n1_i0::kernel::fullyconnected:/model/layers.19/mlp/gate_proj/MatMul::fully_connected_gpu_bf_tiled_9957149419786459120_0_0,n1_i0::primitive::fullyconnected:/model/layers.19/mlp/gate_proj/MatMul,kernel,fully_connected_gpu_bf_tiled_9957149419786459120_0_0,layers.*/mlp,/model/layers.19/mlp/gate_proj/MatMul,FullyConnected,fullyconnected:/model/layers.19/mlp/gate_proj/MatMul,fully_connected,fully_connected_gpu_bf_tiled,fully_connected_gpu_bf_tiled_9957149419786459120_0_0,performance,gtpin_total_execution_cycles,140160058,cycles,1,176,140160058
n1_i0,0,1,0,n1_i0::kernel::fullyconnected:/model/layers.19/mlp/up_proj/MatMul::fully_connected_gpu_bf_tiled_2740906288179525049_0_0,n1_i0::primitive::fullyconnected:/model/layers.19/mlp/up_proj/MatMul,kernel,fully_connected_gpu_bf_tiled_2740906288179525049_0_0,layers.*/mlp,/model/layers.19/mlp/up_proj/MatMul,FullyConnected,fullyconnected:/model/layers.19/mlp/up_proj/MatMul,fully_connected,fully_connected_gpu_bf_tiled,fully_connected_gpu_bf_tiled_2740906288179525049_0_0,performance,gtpin_total_execution_cycles,129424206,cycles,1,176,129424206
n1_i0,0,1,0,n1_i0::kernel::fullyconnected:/model/layers.19/self_attn/k_proj/MatMul::fully_connected_gpu_bf_tiled_17963963101609895522_0_0,n1_i0::primitive::fullyconnected:/model/layers.19/self_attn/k_proj/MatMul,kernel,fully_connected_gpu_bf_tiled_17963963101609895522_0_0,layers.*/self_attn,/model/layers.19/self_attn/k_proj/MatMul,FullyConnected,fullyconnected:/model/layers.19/self_attn/k_proj/MatMul,fully_connected,fully_connected_gpu_bf_tiled,fully_connected_gpu_bf_tiled_17963963101609895522_0_0,performance,gtpin_total_execution_cycles,3816648,cycles,1,8,3816648
n1_i0,0,1,0,n1_i0::kernel::fullyconnected:/model/layers.19/self_attn/o_proj/MatMul::fully_connected_gpu_bf_tiled_14284117615310227244_0_0,n1_i0::primitive::fullyconnected:/model/layers.19/self_attn/o_proj/MatMul,kernel,fully_connected_gpu_bf_tiled_14284117615310227244_0_0,layers.*/self_attn,/model/layers.19/self_attn/o_proj/MatMul,FullyConnected,fullyconnected:/model/layers.19/self_attn/o_proj/MatMul,fully_connected,fully_connected_gpu_bf_tiled,fully_connected_gpu_bf_tiled_14284117615310227244_0_0,performance,gtpin_total_execution_cycles,29490336,cycles,1,64,29490336
n1_i0,0,1,0,n1_i0::kernel::fullyconnected:/model/layers.19/self_attn/q_proj/MatMul::fully_connected_gpu_bf_tiled_5315586391497964380_0_0,n1_i0::primitive::fullyconnected:/model/layers.19/self_attn/q_proj/MatMul,kernel,fully_connected_gpu_bf_tiled_5315586391497964380_0_0,layers.*/self_attn,/model/layers.19/self_attn/q_proj/MatMul,FullyConnected,fullyconnected:/model/layers.19/self_attn/q_proj/MatMul,fully_connected,fully_connected_gpu_bf_tiled,fully_connected_gpu_bf_tiled_5315586391497964380_0_0,performance,gtpin_total_execution_cycles,29526464,cycles,1,64,29526464
n1_i0,0,1,0,n1_i0::kernel::fullyconnected:/model/layers.19/self_attn/v_proj/MatMul::fully_connected_gpu_bf_tiled_17963963101609895522_0_0,n1_i0::primitive::fullyconnected:/model/layers.19/self_attn/v_proj/MatMul,kernel,fully_connected_gpu_bf_tiled_17963963101609895522_0_0,layers.*/self_attn,/model/layers.19/self_attn/v_proj/MatMul,FullyConnected,fullyconnected:/model/layers.19/self_attn/v_proj/MatMul,fully_connected,fully_connected_gpu_bf_tiled,fully_connected_gpu_bf_tiled_17963963101609895522_0_0,performance,gtpin_total_execution_cycles,3611880,cycles,1,8,3611880
n1_i0,0,1,0,n1_i0::kernel::fullyconnected:/model/layers.2/mlp/down_proj/MatMul::fully_connected_gpu_bf_tiled_10430619451061347312_0_0__sa,n1_i0::primitive::fullyconnected:/model/layers.2/mlp/down_proj/MatMul,kernel,fully_connected_gpu_bf_tiled_10430619451061347312_0_0__sa,layers.*/mlp,/model/layers.2/mlp/down_proj/MatMul,FullyConnected,fullyconnected:/model/layers.2/mlp/down_proj/MatMul,fully_connected,fully_connected_gpu_bf_tiled,fully_connected_gpu_bf_tiled_10430619451061347312_0_0__sa,performance,gtpin_total_execution_cycles,107231070,cycles,1,128,107231070
n1_i0,0,1,0,n1_i0::kernel::fullyconnected:/model/layers.2/mlp/gate_proj/MatMul::fully_connected_gpu_bf_tiled_14365863171559719675_0_0__sa,n1_i0::primitive::fullyconnected:/model/layers.2/mlp/gate_proj/MatMul,kernel,fully_connected_gpu_bf_tiled_14365863171559719675_0_0__sa,layers.*/mlp,/model/layers.2/mlp/gate_proj/MatMul,FullyConnected,fullyconnected:/model/layers.2/mlp/gate_proj/MatMul,fully_connected,fully_connected_gpu_bf_tiled,fully_connected_gpu_bf_tiled_14365863171559719675_0_0__sa,performance,gtpin_total_execution_cycles,331411048,cycles,1,352,331411048
n1_i0,0,1,0,n1_i0::kernel::fullyconnected:/model/layers.2/mlp/up_proj/MatMul::fully_connected_gpu_bf_tiled_4980171355312677498_0_0__sa,n1_i0::primitive::fullyconnected:/model/layers.2/mlp/up_proj/MatMul,kernel,fully_connected_gpu_bf_tiled_4980171355312677498_0_0__sa,layers.*/mlp,/model/layers.2/mlp/up_proj/MatMul,FullyConnected,fullyconnected:/model/layers.2/mlp/up_proj/MatMul,fully_connected,fully_connected_gpu_bf_tiled,fully_connected_gpu_bf_tiled_4980171355312677498_0_0__sa,performance,gtpin_total_execution_cycles,286546330,cycles,1,352,286546330
n1_i0,0,1,0,n1_i0::kernel::fullyconnected:/model/layers.2/self_attn/k_proj/MatMul::fully_connected_gpu_bf_tiled_17963963101609895522_0_0,n1_i0::primitive::fullyconnected:/model/layers.2/self_attn/k_proj/MatMul,kernel,fully_connected_gpu_bf_tiled_17963963101609895522_0_0,layers.*/self_attn,/model/layers.2/self_attn/k_proj/MatMul,FullyConnected,fullyconnected:/model/layers.2/self_attn/k_proj/MatMul,fully_connected,fully_connected_gpu_bf_tiled,fully_connected_gpu_bf_tiled_17963963101609895522_0_0,performance,gtpin_total_execution_cycles,3780602,cycles,1,8,3780602
n1_i0,0,1,0,n1_i0::kernel::fullyconnected:/model/layers.2/self_attn/o_proj/MatMul::fully_connected_gpu_bf_tiled_13040139110703718313_0_0__sa,n1_i0::primitive::fullyconnected:/model/layers.2/self_attn/o_proj/MatMul,kernel,fully_connected_gpu_bf_tiled_13040139110703718313_0_0__sa,layers.*/self_attn,/model/layers.2/self_attn/o_proj/MatMul,FullyConnected,fullyconnected:/model/layers.2/self_attn/o_proj/MatMul,fully_connected,fully_connected_gpu_bf_tiled,fully_connected_gpu_bf_tiled_13040139110703718313_0_0__sa,performance,gtpin_total_execution_cycles,42692012,cycles,1,128,42692012
n1_i0,0,1,0,n1_i0::kernel::fullyconnected:/model/layers.2/self_attn/q_proj/MatMul::fully_connected_gpu_bf_tiled_5315586391497964380_0_0,n1_i0::primitive::fullyconnected:/model/layers.2/self_attn/q_proj/MatMul,kernel,fully_connected_gpu_bf_tiled_5315586391497964380_0_0,layers.*/self_attn,/model/layers.2/self_attn/q_proj/MatMul,FullyConnected,fullyconnected:/model/layers.2/self_attn/q_proj/MatMul,fully_connected,fully_connected_gpu_bf_tiled,fully_connected_gpu_bf_tiled_5315586391497964380_0_0,performance,gtpin_total_execution_cycles,29386620,cycles,1,64,29386620
n1_i0,0,1,0,n1_i0::kernel::fullyconnected:/model/layers.2/self_attn/v_proj/MatMul::fully_connected_gpu_bf_tiled_17963963101609895522_0_0,n1_i0::primitive::fullyconnected:/model/layers.2/self_attn/v_proj/MatMul,kernel,fully_connected_gpu_bf_tiled_17963963101609895522_0_0,layers.*/self_attn,/model/layers.2/self_attn/v_proj/MatMul,FullyConnected,fullyconnected:/model/layers.2/self_attn/v_proj/MatMul,fully_connected,fully_connected_gpu_bf_tiled,fully_connected_gpu_bf_tiled_17963963101609895522_0_0,performance,gtpin_total_execution_cycles,3594456,cycles,1,8,3594456
n1_i0,0,1,0,n1_i0::kernel::fullyconnected:/model/layers.20/mlp/down_proj/MatMul::fully_connected_gpu_bf_tiled_2727911967636154657_0_0,n1_i0::primitive::fullyconnected:/model/layers.20/mlp/down_proj/MatMul,kernel,fully_connected_gpu_bf_tiled_2727911967636154657_0_0,layers.*/mlp,/model/layers.20/mlp/down_proj/MatMul,FullyConnected,fullyconnected:/model/layers.20/mlp/down_proj/MatMul,fully_connected,fully_connected_gpu_bf_tiled,fully_connected_gpu_bf_tiled_2727911967636154657_0_0,performance,gtpin_total_execution_cycles,85706214,cycles,1,64,85706214
n1_i0,0,1,0,n1_i0::kernel::fullyconnected:/model/layers.20/mlp/gate_proj/MatMul::fully_connected_gpu_bf_tiled_9957149419786459120_0_0,n1_i0::primitive::fullyconnected:/model/layers.20/mlp/gate_proj/MatMul,kernel,fully_connected_gpu_bf_tiled_9957149419786459120_0_0,layers.*/mlp,/model/layers.20/mlp/gate_proj/MatMul,FullyConnected,fullyconnected:/model/layers.20/mlp/gate_proj/MatMul,fully_connected,fully_connected_gpu_bf_tiled,fully_connected_gpu_bf_tiled_9957149419786459120_0_0,performance,gtpin_total_execution_cycles,138819218,cycles,1,176,138819218
n1_i0,0,1,0,n1_i0::kernel::fullyconnected:/model/layers.20/mlp/up_proj/MatMul::fully_connected_gpu_bf_tiled_2740906288179525049_0_0,n1_i0::primitive::fullyconnected:/model/layers.20/mlp/up_proj/MatMul,kernel,fully_connected_gpu_bf_tiled_2740906288179525049_0_0,layers.*/mlp,/model/layers.20/mlp/up_proj/MatMul,FullyConnected,fullyconnected:/model/layers.20/mlp/up_proj/MatMul,fully_connected,fully_connected_gpu_bf_tiled,fully_connected_gpu_bf_tiled_2740906288179525049_0_0,performance,gtpin_total_execution_cycles,165470570,cycles,1,176,165470570
n1_i0,0,1,0,n1_i0::kernel::fullyconnected:/model/layers.20/self_attn/k_proj/MatMul::fully_connected_gpu_bf_tiled_17963963101609895522_0_0,n1_i0::primitive::fullyconnected:/model/layers.20/self_attn/k_proj/MatMul,kernel,fully_connected_gpu_bf_tiled_17963963101609895522_0_0,layers.*/self_attn,/model/layers.20/self_attn/k_proj/MatMul,FullyConnected,fullyconnected:/model/layers.20/self_attn/k_proj/MatMul,fully_connected,fully_connected_gpu_bf_tiled,fully_connected_gpu_bf_tiled_17963963101609895522_0_0,performance,gtpin_total_execution_cycles,3795244,cycles,1,8,3795244
n1_i0,0,1,0,n1_i0::kernel::fullyconnected:/model/layers.20/self_attn/o_proj/MatMul::fully_connected_gpu_bf_tiled_14284117615310227244_0_0,n1_i0::primitive::fullyconnected:/model/layers.20/self_attn/o_proj/MatMul,kernel,fully_connected_gpu_bf_tiled_14284117615310227244_0_0,layers.*/self_attn,/model/layers.20/self_attn/o_proj/MatMul,FullyConnected,fullyconnected:/model/layers.20/self_attn/o_proj/MatMul,fully_connected,fully_connected_gpu_bf_tiled,fully_connected_gpu_bf_tiled_14284117615310227244_0_0,performance,gtpin_total_execution_cycles,42549124,cycles,1,64,42549124
n1_i0,0,1,0,n1_i0::kernel::fullyconnected:/model/layers.20/self_attn/q_proj/MatMul::fully_connected_gpu_bf_tiled_5315586391497964380_0_0,n1_i0::primitive::fullyconnected:/model/layers.20/self_attn/q_proj/MatMul,kernel,fully_connected_gpu_bf_tiled_5315586391497964380_0_0,layers.*/self_attn,/model/layers.20/self_attn/q_proj/MatMul,FullyConnected,fullyconnected:/model/layers.20/self_attn/q_proj/MatMul,fully_connected,fully_connected_gpu_bf_tiled,fully_connected_gpu_bf_tiled_5315586391497964380_0_0,performance,gtpin_total_execution_cycles,29450706,cycles,1,64,29450706
n1_i0,0,1,0,n1_i0::kernel::fullyconnected:/model/layers.20/self_attn/v_proj/MatMul::fully_connected_gpu_bf_tiled_17963963101609895522_0_0,n1_i0::primitive::fullyconnected:/model/layers.20/self_attn/v_proj/MatMul,kernel,fully_connected_gpu_bf_tiled_17963963101609895522_0_0,layers.*/self_attn,/model/layers.20/self_attn/v_proj/MatMul,FullyConnected,fullyconnected:/model/layers.20/self_attn/v_proj/MatMul,fully_connected,fully_connected_gpu_bf_tiled,fully_connected_gpu_bf_tiled_17963963101609895522_0_0,performance,gtpin_total_execution_cycles,3588618,cycles,1,8,3588618
n1_i0,0,1,0,n1_i0::kernel::fullyconnected:/model/layers.21/mlp/down_proj/MatMul::fully_connected_gpu_bf_tiled_2727911967636154657_0_0,n1_i0::primitive::fullyconnected:/model/layers.21/mlp/down_proj/MatMul,kernel,fully_connected_gpu_bf_tiled_2727911967636154657_0_0,layers.*/mlp,/model/layers.21/mlp/down_proj/MatMul,FullyConnected,fullyconnected:/model/layers.21/mlp/down_proj/MatMul,fully_connected,fully_connected_gpu_bf_tiled,fully_connected_gpu_bf_tiled_2727911967636154657_0_0,performance,gtpin_total_execution_cycles,84963368,cycles,1,64,84963368
n1_i0,0,1,0,n1_i0::kernel::fullyconnected:/model/layers.21/mlp/gate_proj/MatMul::fully_connected_gpu_bf_tiled_9957149419786459120_0_0,n1_i0::primitive::fullyconnected:/model/layers.21/mlp/gate_proj/MatMul,kernel,fully_connected_gpu_bf_tiled_9957149419786459120_0_0,layers.*/mlp,/model/layers.21/mlp/gate_proj/MatMul,FullyConnected,fullyconnected:/model/layers.21/mlp/gate_proj/MatMul,fully_connected,fully_connected_gpu_bf_tiled,fully_connected_gpu_bf_tiled_9957149419786459120_0_0,performance,gtpin_total_execution_cycles,160191996,cycles,1,176,160191996
n1_i0,0,1,0,n1_i0::kernel::fullyconnected:/model/layers.21/mlp/up_proj/MatMul::fully_connected_gpu_bf_tiled_2740906288179525049_0_0,n1_i0::primitive::fullyconnected:/model/layers.21/mlp/up_proj/MatMul,kernel,fully_connected_gpu_bf_tiled_2740906288179525049_0_0,layers.*/mlp,/model/layers.21/mlp/up_proj/MatMul,FullyConnected,fullyconnected:/model/layers.21/mlp/up_proj/MatMul,fully_connected,fully_connected_gpu_bf_tiled,fully_connected_gpu_bf_tiled_2740906288179525049_0_0,performance,gtpin_total_execution_cycles,115053014,cycles,1,176,115053014
n1_i0,0,1,0,n1_i0::kernel::fullyconnected:/model/layers.21/self_attn/k_proj/MatMul::fully_connected_gpu_bf_tiled_17963963101609895522_0_0,n1_i0::primitive::fullyconnected:/model/layers.21/self_attn/k_proj/MatMul,kernel,fully_connected_gpu_bf_tiled_17963963101609895522_0_0,layers.*/self_attn,/model/layers.21/self_attn/k_proj/MatMul,FullyConnected,fullyconnected:/model/layers.21/self_attn/k_proj/MatMul,fully_connected,fully_connected_gpu_bf_tiled,fully_connected_gpu_bf_tiled_17963963101609895522_0_0,performance,gtpin_total_execution_cycles,4370020,cycles,1,8,4370020
n1_i0,0,1,0,n1_i0::kernel::fullyconnected:/model/layers.21/self_attn/o_proj/MatMul::fully_connected_gpu_bf_tiled_14284117615310227244_0_0,n1_i0::primitive::fullyconnected:/model/layers.21/self_attn/o_proj/MatMul,kernel,fully_connected_gpu_bf_tiled_14284117615310227244_0_0,layers.*/self_attn,/model/layers.21/self_attn/o_proj/MatMul,FullyConnected,fullyconnected:/model/layers.21/self_attn/o_proj/MatMul,fully_connected,fully_connected_gpu_bf_tiled,fully_connected_gpu_bf_tiled_14284117615310227244_0_0,performance,gtpin_total_execution_cycles,29525714,cycles,1,64,29525714
n1_i0,0,1,0,n1_i0::kernel::fullyconnected:/model/layers.21/self_attn/q_proj/MatMul::fully_connected_gpu_bf_tiled_5315586391497964380_0_0,n1_i0::primitive::fullyconnected:/model/layers.21/self_attn/q_proj/MatMul,kernel,fully_connected_gpu_bf_tiled_5315586391497964380_0_0,layers.*/self_attn,/model/layers.21/self_attn/q_proj/MatMul,FullyConnected,fullyconnected:/model/layers.21/self_attn/q_proj/MatMul,fully_connected,fully_connected_gpu_bf_tiled,fully_connected_gpu_bf_tiled_5315586391497964380_0_0,performance,gtpin_total_execution_cycles,34160308,cycles,1,64,34160308
n1_i0,0,1,0,n1_i0::kernel::fullyconnected:/model/layers.21/self_attn/v_proj/MatMul::fully_connected_gpu_bf_tiled_17963963101609895522_0_0,n1_i0::primitive::fullyconnected:/model/layers.21/self_attn/v_proj/MatMul,kernel,fully_connected_gpu_bf_tiled_17963963101609895522_0_0,layers.*/self_attn,/model/layers.21/self_attn/v_proj/MatMul,FullyConnected,fullyconnected:/model/layers.21/self_attn/v_proj/MatMul,fully_connected,fully_connected_gpu_bf_tiled,fully_connected_gpu_bf_tiled_17963963101609895522_0_0,performance,gtpin_total_execution_cycles,4189852,cycles,1,8,4189852
n1_i0,0,1,0,n1_i0::kernel::fullyconnected:/model/layers.3/mlp/down_proj/MatMul::fully_connected_gpu_bf_tiled_10430619451061347312_0_0__sa,n1_i0::primitive::fullyconnected:/model/layers.3/mlp/down_proj/MatMul,kernel,fully_connected_gpu_bf_tiled_10430619451061347312_0_0__sa,layers.*/mlp,/model/layers.3/mlp/down_proj/MatMul,FullyConnected,fullyconnected:/model/layers.3/mlp/down_proj/MatMul,fully_connected,fully_connected_gpu_bf_tiled,fully_connected_gpu_bf_tiled_10430619451061347312_0_0__sa,performance,gtpin_total_execution_cycles,105082842,cycles,1,128,105082842
n1_i0,0,1,0,n1_i0::kernel::fullyconnected:/model/layers.3/mlp/gate_proj/MatMul::fully_connected_gpu_bf_tiled_14365863171559719675_0_0__sa,n1_i0::primitive::fullyconnected:/model/layers.3/mlp/gate_proj/MatMul,kernel,fully_connected_gpu_bf_tiled_14365863171559719675_0_0__sa,layers.*/mlp,/model/layers.3/mlp/gate_proj/MatMul,FullyConnected,fullyconnected:/model/layers.3/mlp/gate_proj/MatMul,fully_connected,fully_connected_gpu_bf_tiled,fully_connected_gpu_bf_tiled_14365863171559719675_0_0__sa,performance,gtpin_total_execution_cycles,304258560,cycles,1,352,304258560
n1_i0,0,1,0,n1_i0::kernel::fullyconnected:/model/layers.3/mlp/up_proj/MatMul::fully_connected_gpu_bf_tiled_4980171355312677498_0_0__sa,n1_i0::primitive::fullyconnected:/model/layers.3/mlp/up_proj/MatMul,kernel,fully_connected_gpu_bf_tiled_4980171355312677498_0_0__sa,layers.*/mlp,/model/layers.3/mlp/up_proj/MatMul,FullyConnected,fullyconnected:/model/layers.3/mlp/up_proj/MatMul,fully_connected,fully_connected_gpu_bf_tiled,fully_connected_gpu_bf_tiled_4980171355312677498_0_0__sa,performance,gtpin_total_execution_cycles,324645432,cycles,1,352,324645432
n1_i0,0,1,0,n1_i0::kernel::fullyconnected:/model/layers.3/self_attn/k_proj/MatMul::fully_connected_gpu_bf_tiled_17963963101609895522_0_0,n1_i0::primitive::fullyconnected:/model/layers.3/self_attn/k_proj/MatMul,kernel,fully_connected_gpu_bf_tiled_17963963101609895522_0_0,layers.*/self_attn,/model/layers.3/self_attn/k_proj/MatMul,FullyConnected,fullyconnected:/model/layers.3/self_attn/k_proj/MatMul,fully_connected,fully_connected_gpu_bf_tiled,fully_connected_gpu_bf_tiled_17963963101609895522_0_0,performance,gtpin_total_execution_cycles,4104452,cycles,1,8,4104452
n1_i0,0,1,0,n1_i0::kernel::fullyconnected:/model/layers.3/self_attn/o_proj/MatMul::fully_connected_gpu_bf_tiled_13040139110703718313_0_0__sa,n1_i0::primitive::fullyconnected:/model/layers.3/self_attn/o_proj/MatMul,kernel,fully_connected_gpu_bf_tiled_13040139110703718313_0_0__sa,layers.*/self_attn,/model/layers.3/self_attn/o_proj/MatMul,FullyConnected,fullyconnected:/model/layers.3/self_attn/o_proj/MatMul,fully_connected,fully_connected_gpu_bf_tiled,fully_connected_gpu_bf_tiled_13040139110703718313_0_0__sa,performance,gtpin_total_execution_cycles,43132558,cycles,1,128,43132558
n1_i0,0,1,0,n1_i0::kernel::fullyconnected:/model/layers.3/self_attn/q_proj/MatMul::fully_connected_gpu_bf_tiled_5315586391497964380_0_0,n1_i0::primitive::fullyconnected:/model/layers.3/self_attn/q_proj/MatMul,kernel,fully_connected_gpu_bf_tiled_5315586391497964380_0_0,layers.*/self_attn,/model/layers.3/self_attn/q_proj/MatMul,FullyConnected,fullyconnected:/model/layers.3/self_attn/q_proj/MatMul,fully_connected,fully_connected_gpu_bf_tiled,fully_connected_gpu_bf_tiled_5315586391497964380_0_0,performance,gtpin_total_execution_cycles,32078786,cycles,1,64,32078786
n1_i0,0,1,0,n1_i0::kernel::fullyconnected:/model/layers.3/self_attn/v_proj/MatMul::fully_connected_gpu_bf_tiled_17963963101609895522_0_0,n1_i0::primitive::fullyconnected:/model/layers.3/self_attn/v_proj/MatMul,kernel,fully_connected_gpu_bf_tiled_17963963101609895522_0_0,layers.*/self_attn,/model/layers.3/self_attn/v_proj/MatMul,FullyConnected,fullyconnected:/model/layers.3/self_attn/v_proj/MatMul,fully_connected,fully_connected_gpu_bf_tiled,fully_connected_gpu_bf_tiled_17963963101609895522_0_0,performance,gtpin_total_execution_cycles,3899294,cycles,1,8,3899294
n1_i0,0,1,0,n1_i0::kernel::fullyconnected:/model/layers.4/mlp/down_proj/MatMul::fully_connected_gpu_bf_tiled_10430619451061347312_0_0__sa,n1_i0::primitive::fullyconnected:/model/layers.4/mlp/down_proj/MatMul,kernel,fully_connected_gpu_bf_tiled_10430619451061347312_0_0__sa,layers.*/mlp,/model/layers.4/mlp/down_proj/MatMul,FullyConnected,fullyconnected:/model/layers.4/mlp/down_proj/MatMul,fully_connected,fully_connected_gpu_bf_tiled,fully_connected_gpu_bf_tiled_10430619451061347312_0_0__sa,performance,gtpin_total_execution_cycles,106783964,cycles,1,128,106783964
n1_i0,0,1,0,n1_i0::kernel::fullyconnected:/model/layers.4/mlp/gate_proj/MatMul::fully_connected_gpu_bf_tiled_14365863171559719675_0_0__sa,n1_i0::primitive::fullyconnected:/model/layers.4/mlp/gate_proj/MatMul,kernel,fully_connected_gpu_bf_tiled_14365863171559719675_0_0__sa,layers.*/mlp,/model/layers.4/mlp/gate_proj/MatMul,FullyConnected,fullyconnected:/model/layers.4/mlp/gate_proj/MatMul,fully_connected,fully_connected_gpu_bf_tiled,fully_connected_gpu_bf_tiled_14365863171559719675_0_0__sa,performance,gtpin_total_execution_cycles,301520228,cycles,1,352,301520228
n1_i0,0,1,0,n1_i0::kernel::fullyconnected:/model/layers.4/mlp/up_proj/MatMul::fully_connected_gpu_bf_tiled_4980171355312677498_0_0__sa,n1_i0::primitive::fullyconnected:/model/layers.4/mlp/up_proj/MatMul,kernel,fully_connected_gpu_bf_tiled_4980171355312677498_0_0__sa,layers.*/mlp,/model/layers.4/mlp/up_proj/MatMul,FullyConnected,fullyconnected:/model/layers.4/mlp/up_proj/MatMul,fully_connected,fully_connected_gpu_bf_tiled,fully_connected_gpu_bf_tiled_4980171355312677498_0_0__sa,performance,gtpin_total_execution_cycles,311561644,cycles,1,352,311561644
n1_i0,0,1,0,n1_i0::kernel::fullyconnected:/model/layers.4/self_attn/k_proj/MatMul::fully_connected_gpu_bf_tiled_17963963101609895522_0_0,n1_i0::primitive::fullyconnected:/model/layers.4/self_attn/k_proj/MatMul,kernel,fully_connected_gpu_bf_tiled_17963963101609895522_0_0,layers.*/self_attn,/model/layers.4/self_attn/k_proj/MatMul,FullyConnected,fullyconnected:/model/layers.4/self_attn/k_proj/MatMul,fully_connected,fully_connected_gpu_bf_tiled,fully_connected_gpu_bf_tiled_17963963101609895522_0_0,performance,gtpin_total_execution_cycles,3610448,cycles,1,8,3610448
n1_i0,0,1,0,n1_i0::kernel::fullyconnected:/model/layers.4/self_attn/o_proj/MatMul::fully_connected_gpu_bf_tiled_13040139110703718313_0_0__sa,n1_i0::primitive::fullyconnected:/model/layers.4/self_attn/o_proj/MatMul,kernel,fully_connected_gpu_bf_tiled_13040139110703718313_0_0__sa,layers.*/self_attn,/model/layers.4/self_attn/o_proj/MatMul,FullyConnected,fullyconnected:/model/layers.4/self_attn/o_proj/MatMul,fully_connected,fully_connected_gpu_bf_tiled,fully_connected_gpu_bf_tiled_13040139110703718313_0_0__sa,performance,gtpin_total_execution_cycles,44230216,cycles,1,128,44230216
n1_i0,0,1,0,n1_i0::kernel::fullyconnected:/model/layers.4/self_attn/q_proj/MatMul::fully_connected_gpu_bf_tiled_5315586391497964380_0_0,n1_i0::primitive::fullyconnected:/model/layers.4/self_attn/q_proj/MatMul,kernel,fully_connected_gpu_bf_tiled_5315586391497964380_0_0,layers.*/self_attn,/model/layers.4/self_attn/q_proj/MatMul,FullyConnected,fullyconnected:/model/layers.4/self_attn/q_proj/MatMul,fully_connected,fully_connected_gpu_bf_tiled,fully_connected_gpu_bf_tiled_5315586391497964380_0_0,performance,gtpin_total_execution_cycles,28003080,cycles,1,64,28003080
n1_i0,0,1,0,n1_i0::kernel::fullyconnected:/model/layers.4/self_attn/v_proj/MatMul::fully_connected_gpu_bf_tiled_17963963101609895522_0_0,n1_i0::primitive::fullyconnected:/model/layers.4/self_attn/v_proj/MatMul,kernel,fully_connected_gpu_bf_tiled_17963963101609895522_0_0,layers.*/self_attn,/model/layers.4/self_attn/v_proj/MatMul,FullyConnected,fullyconnected:/model/layers.4/self_attn/v_proj/MatMul,fully_connected,fully_connected_gpu_bf_tiled,fully_connected_gpu_bf_tiled_17963963101609895522_0_0,performance,gtpin_total_execution_cycles,3205184,cycles,1,8,3205184
n1_i0,0,1,0,n1_i0::kernel::fullyconnected:/model/layers.5/mlp/down_proj/MatMul::fully_connected_gpu_bf_tiled_10430619451061347312_0_0__sa,n1_i0::primitive::fullyconnected:/model/layers.5/mlp/down_proj/MatMul,kernel,fully_connected_gpu_bf_tiled_10430619451061347312_0_0__sa,layers.*/mlp,/model/layers.5/mlp/down_proj/MatMul,FullyConnected,fullyconnected:/model/layers.5/mlp/down_proj/MatMul,fully_connected,fully_connected_gpu_bf_tiled,fully_connected_gpu_bf_tiled_10430619451061347312_0_0__sa,performance,gtpin_total_execution_cycles,120911882,cycles,1,128,120911882
n1_i0,0,1,0,n1_i0::kernel::fullyconnected:/model/layers.5/mlp/gate_proj/MatMul::fully_connected_gpu_bf_tiled_14365863171559719675_0_0__sa,n1_i0::primitive::fullyconnected:/model/layers.5/mlp/gate_proj/MatMul,kernel,fully_connected_gpu_bf_tiled_14365863171559719675_0_0__sa,layers.*/mlp,/model/layers.5/mlp/gate_proj/MatMul,FullyConnected,fullyconnected:/model/layers.5/mlp/gate_proj/MatMul,fully_connected,fully_connected_gpu_bf_tiled,fully_connected_gpu_bf_tiled_14365863171559719675_0_0__sa,performance,gtpin_total_execution_cycles,398205990,cycles,1,352,398205990
n1_i0,0,1,0,n1_i0::kernel::fullyconnected:/model/layers.5/mlp/up_proj/MatMul::fully_connected_gpu_bf_tiled_4980171355312677498_0_0__sa,n1_i0::primitive::fullyconnected:/model/layers.5/mlp/up_proj/MatMul,kernel,fully_connected_gpu_bf_tiled_4980171355312677498_0_0__sa,layers.*/mlp,/model/layers.5/mlp/up_proj/MatMul,FullyConnected,fullyconnected:/model/layers.5/mlp/up_proj/MatMul,fully_connected,fully_connected_gpu_bf_tiled,fully_connected_gpu_bf_tiled_4980171355312677498_0_0__sa,performance,gtpin_total_execution_cycles,376935270,cycles,1,352,376935270
n1_i0,0,1,0,n1_i0::kernel::fullyconnected:/model/layers.5/self_attn/k_proj/MatMul::fully_connected_gpu_bf_tiled_17963963101609895522_0_0,n1_i0::primitive::fullyconnected:/model/layers.5/self_attn/k_proj/MatMul,kernel,fully_connected_gpu_bf_tiled_17963963101609895522_0_0,layers.*/self_attn,/model/layers.5/self_attn/k_proj/MatMul,FullyConnected,fullyconnected:/model/layers.5/self_attn/k_proj/MatMul,fully_connected,fully_connected_gpu_bf_tiled,fully_connected_gpu_bf_tiled_17963963101609895522_0_0,performance,gtpin_total_execution_cycles,3902938,cycles,1,8,3902938
n1_i0,0,1,0,n1_i0::kernel::fullyconnected:/model/layers.5/self_attn/o_proj/MatMul::fully_connected_gpu_bf_tiled_13040139110703718313_0_0__sa,n1_i0::primitive::fullyconnected:/model/layers.5/self_attn/o_proj/MatMul,kernel,fully_connected_gpu_bf_tiled_13040139110703718313_0_0__sa,layers.*/self_attn,/model/layers.5/self_attn/o_proj/MatMul,FullyConnected,fullyconnected:/model/layers.5/self_attn/o_proj/MatMul,fully_connected,fully_connected_gpu_bf_tiled,fully_connected_gpu_bf_tiled_13040139110703718313_0_0__sa,performance,gtpin_total_execution_cycles,45522834,cycles,1,128,45522834
n1_i0,0,1,0,n1_i0::kernel::fullyconnected:/model/layers.5/self_attn/q_proj/MatMul::fully_connected_gpu_bf_tiled_5315586391497964380_0_0,n1_i0::primitive::fullyconnected:/model/layers.5/self_attn/q_proj/MatMul,kernel,fully_connected_gpu_bf_tiled_5315586391497964380_0_0,layers.*/self_attn,/model/layers.5/self_attn/q_proj/MatMul,FullyConnected,fullyconnected:/model/layers.5/self_attn/q_proj/MatMul,fully_connected,fully_connected_gpu_bf_tiled,fully_connected_gpu_bf_tiled_5315586391497964380_0_0,performance,gtpin_total_execution_cycles,30234444,cycles,1,64,30234444
n1_i0,0,1,0,n1_i0::kernel::fullyconnected:/model/layers.5/self_attn/v_proj/MatMul::fully_connected_gpu_bf_tiled_17963963101609895522_0_0,n1_i0::primitive::fullyconnected:/model/layers.5/self_attn/v_proj/MatMul,kernel,fully_connected_gpu_bf_tiled_17963963101609895522_0_0,layers.*/self_attn,/model/layers.5/self_attn/v_proj/MatMul,FullyConnected,fullyconnected:/model/layers.5/self_attn/v_proj/MatMul,fully_connected,fully_connected_gpu_bf_tiled,fully_connected_gpu_bf_tiled_17963963101609895522_0_0,performance,gtpin_total_execution_cycles,3694072,cycles,1,8,3694072
n1_i0,0,1,0,n1_i0::kernel::fullyconnected:/model/layers.6/mlp/down_proj/MatMul::fully_connected_gpu_bf_tiled_10430619451061347312_0_0__sa,n1_i0::primitive::fullyconnected:/model/layers.6/mlp/down_proj/MatMul,kernel,fully_connected_gpu_bf_tiled_10430619451061347312_0_0__sa,layers.*/mlp,/model/layers.6/mlp/down_proj/MatMul,FullyConnected,fullyconnected:/model/layers.6/mlp/down_proj/MatMul,fully_connected,fully_connected_gpu_bf_tiled,fully_connected_gpu_bf_tiled_10430619451061347312_0_0__sa,performance,gtpin_total_execution_cycles,124820192,cycles,1,128,124820192
n1_i0,0,1,0,n1_i0::kernel::fullyconnected:/model/layers.6/mlp/gate_proj/MatMul::fully_connected_gpu_bf_tiled_14365863171559719675_0_0__sa,n1_i0::primitive::fullyconnected:/model/layers.6/mlp/gate_proj/MatMul,kernel,fully_connected_gpu_bf_tiled_14365863171559719675_0_0__sa,layers.*/mlp,/model/layers.6/mlp/gate_proj/MatMul,FullyConnected,fullyconnected:/model/layers.6/mlp/gate_proj/MatMul,fully_connected,fully_connected_gpu_bf_tiled,fully_connected_gpu_bf_tiled_14365863171559719675_0_0__sa,performance,gtpin_total_execution_cycles,415560018,cycles,1,352,415560018
n1_i0,0,1,0,n1_i0::kernel::fullyconnected:/model/layers.6/mlp/up_proj/MatMul::fully_connected_gpu_bf_tiled_4980171355312677498_0_0__sa,n1_i0::primitive::fullyconnected:/model/layers.6/mlp/up_proj/MatMul,kernel,fully_connected_gpu_bf_tiled_4980171355312677498_0_0__sa,layers.*/mlp,/model/layers.6/mlp/up_proj/MatMul,FullyConnected,fullyconnected:/model/layers.6/mlp/up_proj/MatMul,fully_connected,fully_connected_gpu_bf_tiled,fully_connected_gpu_bf_tiled_4980171355312677498_0_0__sa,performance,gtpin_total_execution_cycles,371672024,cycles,1,352,371672024
n1_i0,0,1,0,n1_i0::kernel::fullyconnected:/model/layers.6/self_attn/k_proj/MatMul::fully_connected_gpu_bf_tiled_17963963101609895522_0_0,n1_i0::primitive::fullyconnected:/model/layers.6/self_attn/k_proj/MatMul,kernel,fully_connected_gpu_bf_tiled_17963963101609895522_0_0,layers.*/self_attn,/model/layers.6/self_attn/k_proj/MatMul,FullyConnected,fullyconnected:/model/layers.6/self_attn/k_proj/MatMul,fully_connected,fully_connected_gpu_bf_tiled,fully_connected_gpu_bf_tiled_17963963101609895522_0_0,performance,gtpin_total_execution_cycles,4168080,cycles,1,8,4168080
n1_i0,0,1,0,n1_i0::kernel::fullyconnected:/model/layers.6/self_attn/o_proj/MatMul::fully_connected_gpu_bf_tiled_14284117615310227244_0_0,n1_i0::primitive::fullyconnected:/model/layers.6/self_attn/o_proj/MatMul,kernel,fully_connected_gpu_bf_tiled_14284117615310227244_0_0,layers.*/self_attn,/model/layers.6/self_attn/o_proj/MatMul,FullyConnected,fullyconnected:/model/layers.6/self_attn/o_proj/MatMul,fully_connected,fully_connected_gpu_bf_tiled,fully_connected_gpu_bf_tiled_14284117615310227244_0_0,performance,gtpin_total_execution_cycles,29514562,cycles,1,64,29514562
n1_i0,0,1,0,n1_i0::kernel::fullyconnected:/model/layers.6/self_attn/q_proj/MatMul::fully_connected_gpu_bf_tiled_5315586391497964380_0_0,n1_i0::primitive::fullyconnected:/model/layers.6/self_attn/q_proj/MatMul,kernel,fully_connected_gpu_bf_tiled_5315586391497964380_0_0,layers.*/self_attn,/model/layers.6/self_attn/q_proj/MatMul,FullyConnected,fullyconnected:/model/layers.6/self_attn/q_proj/MatMul,fully_connected,fully_connected_gpu_bf_tiled,fully_connected_gpu_bf_tiled_5315586391497964380_0_0,performance,gtpin_total_execution_cycles,32405032,cycles,1,64,32405032
n1_i0,0,1,0,n1_i0::kernel::fullyconnected:/model/layers.6/self_attn/v_proj/MatMul::fully_connected_gpu_bf_tiled_17963963101609895522_0_0,n1_i0::primitive::fullyconnected:/model/layers.6/self_attn/v_proj/MatMul,kernel,fully_connected_gpu_bf_tiled_17963963101609895522_0_0,layers.*/self_attn,/model/layers.6/self_attn/v_proj/MatMul,FullyConnected,fullyconnected:/model/layers.6/self_attn/v_proj/MatMul,fully_connected,fully_connected_gpu_bf_tiled,fully_connected_gpu_bf_tiled_17963963101609895522_0_0,performance,gtpin_total_execution_cycles,3973512,cycles,1,8,3973512
n1_i0,0,1,0,n1_i0::kernel::fullyconnected:/model/layers.7/mlp/down_proj/MatMul::fully_connected_gpu_bf_tiled_10430619451061347312_0_0__sa,n1_i0::primitive::fullyconnected:/model/layers.7/mlp/down_proj/MatMul,kernel,fully_connected_gpu_bf_tiled_10430619451061347312_0_0__sa,layers.*/mlp,/model/layers.7/mlp/down_proj/MatMul,FullyConnected,fullyconnected:/model/layers.7/mlp/down_proj/MatMul,fully_connected,fully_connected_gpu_bf_tiled,fully_connected_gpu_bf_tiled_10430619451061347312_0_0__sa,performance,gtpin_total_execution_cycles,109977894,cycles,1,128,109977894
n1_i0,0,1,0,n1_i0::kernel::fullyconnected:/model/layers.7/mlp/gate_proj/MatMul::fully_connected_gpu_bf_tiled_14365863171559719675_0_0__sa,n1_i0::primitive::fullyconnected:/model/layers.7/mlp/gate_proj/MatMul,kernel,fully_connected_gpu_bf_tiled_14365863171559719675_0_0__sa,layers.*/mlp,/model/layers.7/mlp/gate_proj/MatMul,FullyConnected,fullyconnected:/model/layers.7/mlp/gate_proj/MatMul,fully_connected,fully_connected_gpu_bf_tiled,fully_connected_gpu_bf_tiled_14365863171559719675_0_0__sa,performance,gtpin_total_execution_cycles,310147004,cycles,1,352,310147004
n1_i0,0,1,0,n1_i0::kernel::fullyconnected:/model/layers.7/mlp/up_proj/MatMul::fully_connected_gpu_bf_tiled_4980171355312677498_0_0__sa,n1_i0::primitive::fullyconnected:/model/layers.7/mlp/up_proj/MatMul,kernel,fully_connected_gpu_bf_tiled_4980171355312677498_0_0__sa,layers.*/mlp,/model/layers.7/mlp/up_proj/MatMul,FullyConnected,fullyconnected:/model/layers.7/mlp/up_proj/MatMul,fully_connected,fully_connected_gpu_bf_tiled,fully_connected_gpu_bf_tiled_4980171355312677498_0_0__sa,performance,gtpin_total_execution_cycles,317815456,cycles,1,352,317815456
n1_i0,0,1,0,n1_i0::kernel::fullyconnected:/model/layers.7/self_attn/k_proj/MatMul::fully_connected_gpu_bf_tiled_17963963101609895522_0_0,n1_i0::primitive::fullyconnected:/model/layers.7/self_attn/k_proj/MatMul,kernel,fully_connected_gpu_bf_tiled_17963963101609895522_0_0,layers.*/self_attn,/model/layers.7/self_attn/k_proj/MatMul,FullyConnected,fullyconnected:/model/layers.7/self_attn/k_proj/MatMul,fully_connected,fully_connected_gpu_bf_tiled,fully_connected_gpu_bf_tiled_17963963101609895522_0_0,performance,gtpin_total_execution_cycles,4119486,cycles,1,8,4119486
n1_i0,0,1,0,n1_i0::kernel::fullyconnected:/model/layers.7/self_attn/o_proj/MatMul::fully_connected_gpu_bf_tiled_14284117615310227244_0_0,n1_i0::primitive::fullyconnected:/model/layers.7/self_attn/o_proj/MatMul,kernel,fully_connected_gpu_bf_tiled_14284117615310227244_0_0,layers.*/self_attn,/model/layers.7/self_attn/o_proj/MatMul,FullyConnected,fullyconnected:/model/layers.7/self_attn/o_proj/MatMul,fully_connected,fully_connected_gpu_bf_tiled,fully_connected_gpu_bf_tiled_14284117615310227244_0_0,performance,gtpin_total_execution_cycles,29674442,cycles,1,64,29674442
n1_i0,0,1,0,n1_i0::kernel::fullyconnected:/model/layers.7/self_attn/q_proj/MatMul::fully_connected_gpu_bf_tiled_5315586391497964380_0_0,n1_i0::primitive::fullyconnected:/model/layers.7/self_attn/q_proj/MatMul,kernel,fully_connected_gpu_bf_tiled_5315586391497964380_0_0,layers.*/self_attn,/model/layers.7/self_attn/q_proj/MatMul,FullyConnected,fullyconnected:/model/layers.7/self_attn/q_proj/MatMul,fully_connected,fully_connected_gpu_bf_tiled,fully_connected_gpu_bf_tiled_5315586391497964380_0_0,performance,gtpin_total_execution_cycles,32058664,cycles,1,64,32058664
n1_i0,0,1,0,n1_i0::kernel::fullyconnected:/model/layers.7/self_attn/v_proj/MatMul::fully_connected_gpu_bf_tiled_17963963101609895522_0_0,n1_i0::primitive::fullyconnected:/model/layers.7/self_attn/v_proj/MatMul,kernel,fully_connected_gpu_bf_tiled_17963963101609895522_0_0,layers.*/self_attn,/model/layers.7/self_attn/v_proj/MatMul,FullyConnected,fullyconnected:/model/layers.7/self_attn/v_proj/MatMul,fully_connected,fully_connected_gpu_bf_tiled,fully_connected_gpu_bf_tiled_17963963101609895522_0_0,performance,gtpin_total_execution_cycles,3911230,cycles,1,8,3911230
n1_i0,0,1,0,n1_i0::kernel::fullyconnected:/model/layers.8/mlp/down_proj/MatMul::fully_connected_gpu_bf_tiled_10430619451061347312_0_0__sa,n1_i0::primitive::fullyconnected:/model/layers.8/mlp/down_proj/MatMul,kernel,fully_connected_gpu_bf_tiled_10430619451061347312_0_0__sa,layers.*/mlp,/model/layers.8/mlp/down_proj/MatMul,FullyConnected,fullyconnected:/model/layers.8/mlp/down_proj/MatMul,fully_connected,fully_connected_gpu_bf_tiled,fully_connected_gpu_bf_tiled_10430619451061347312_0_0__sa,performance,gtpin_total_execution_cycles,118418748,cycles,1,128,118418748
n1_i0,0,1,0,n1_i0::kernel::fullyconnected:/model/layers.8/mlp/gate_proj/MatMul::fully_connected_gpu_bf_tiled_14365863171559719675_0_0__sa,n1_i0::primitive::fullyconnected:/model/layers.8/mlp/gate_proj/MatMul,kernel,fully_connected_gpu_bf_tiled_14365863171559719675_0_0__sa,layers.*/mlp,/model/layers.8/mlp/gate_proj/MatMul,FullyConnected,fullyconnected:/model/layers.8/mlp/gate_proj/MatMul,fully_connected,fully_connected_gpu_bf_tiled,fully_connected_gpu_bf_tiled_14365863171559719675_0_0__sa,performance,gtpin_total_execution_cycles,366230084,cycles,1,352,366230084
n1_i0,0,1,0,n1_i0::kernel::fullyconnected:/model/layers.8/mlp/up_proj/MatMul::fully_connected_gpu_bf_tiled_2740906288179525049_0_0,n1_i0::primitive::fullyconnected:/model/layers.8/mlp/up_proj/MatMul,kernel,fully_connected_gpu_bf_tiled_2740906288179525049_0_0,layers.*/mlp,/model/layers.8/mlp/up_proj/MatMul,FullyConnected,fullyconnected:/model/layers.8/mlp/up_proj/MatMul,fully_connected,fully_connected_gpu_bf_tiled,fully_connected_gpu_bf_tiled_2740906288179525049_0_0,performance,gtpin_total_execution_cycles,144294638,cycles,1,176,144294638
n1_i0,0,1,0,n1_i0::kernel::fullyconnected:/model/layers.8/self_attn/k_proj/MatMul::fully_connected_gpu_bf_tiled_17963963101609895522_0_0,n1_i0::primitive::fullyconnected:/model/layers.8/self_attn/k_proj/MatMul,kernel,fully_connected_gpu_bf_tiled_17963963101609895522_0_0,layers.*/self_attn,/model/layers.8/self_attn/k_proj/MatMul,FullyConnected,fullyconnected:/model/layers.8/self_attn/k_proj/MatMul,fully_connected,fully_connected_gpu_bf_tiled,fully_connected_gpu_bf_tiled_17963963101609895522_0_0,performance,gtpin_total_execution_cycles,3803680,cycles,1,8,3803680
n1_i0,0,1,0,n1_i0::kernel::fullyconnected:/model/layers.8/self_attn/o_proj/MatMul::fully_connected_gpu_bf_tiled_14284117615310227244_0_0,n1_i0::primitive::fullyconnected:/model/layers.8/self_attn/o_proj/MatMul,kernel,fully_connected_gpu_bf_tiled_14284117615310227244_0_0,layers.*/self_attn,/model/layers.8/self_attn/o_proj/MatMul,FullyConnected,fullyconnected:/model/layers.8/self_attn/o_proj/MatMul,fully_connected,fully_connected_gpu_bf_tiled,fully_connected_gpu_bf_tiled_14284117615310227244_0_0,performance,gtpin_total_execution_cycles,30020464,cycles,1,64,30020464
n1_i0,0,1,0,n1_i0::kernel::fullyconnected:/model/layers.8/self_attn/q_proj/MatMul::fully_connected_gpu_bf_tiled_5315586391497964380_0_0,n1_i0::primitive::fullyconnected:/model/layers.8/self_attn/q_proj/MatMul,kernel,fully_connected_gpu_bf_tiled_5315586391497964380_0_0,layers.*/self_attn,/model/layers.8/self_attn/q_proj/MatMul,FullyConnected,fullyconnected:/model/layers.8/self_attn/q_proj/MatMul,fully_connected,fully_connected_gpu_bf_tiled,fully_connected_gpu_bf_tiled_5315586391497964380_0_0,performance,gtpin_total_execution_cycles,29623538,cycles,1,64,29623538
n1_i0,0,1,0,n1_i0::kernel::fullyconnected:/model/layers.8/self_attn/v_proj/MatMul::fully_connected_gpu_bf_tiled_17963963101609895522_0_0,n1_i0::primitive::fullyconnected:/model/layers.8/self_attn/v_proj/MatMul,kernel,fully_connected_gpu_bf_tiled_17963963101609895522_0_0,layers.*/self_attn,/model/layers.8/self_attn/v_proj/MatMul,FullyConnected,fullyconnected:/model/layers.8/self_attn/v_proj/MatMul,fully_connected,fully_connected_gpu_bf_tiled,fully_connected_gpu_bf_tiled_17963963101609895522_0_0,performance,gtpin_total_execution_cycles,3617678,cycles,1,8,3617678
n1_i0,0,1,0,n1_i0::kernel::fullyconnected:/model/layers.9/mlp/down_proj/MatMul::fully_connected_gpu_bf_tiled_10430619451061347312_0_0__sa,n1_i0::primitive::fullyconnected:/model/layers.9/mlp/down_proj/MatMul,kernel,fully_connected_gpu_bf_tiled_10430619451061347312_0_0__sa,layers.*/mlp,/model/layers.9/mlp/down_proj/MatMul,FullyConnected,fullyconnected:/model/layers.9/mlp/down_proj/MatMul,fully_connected,fully_connected_gpu_bf_tiled,fully_connected_gpu_bf_tiled_10430619451061347312_0_0__sa,performance,gtpin_total_execution_cycles,109479326,cycles,1,128,109479326
n1_i0,0,1,0,n1_i0::kernel::fullyconnected:/model/layers.9/mlp/gate_proj/MatMul::fully_connected_gpu_bf_tiled_14365863171559719675_0_0__sa,n1_i0::primitive::fullyconnected:/model/layers.9/mlp/gate_proj/MatMul,kernel,fully_connected_gpu_bf_tiled_14365863171559719675_0_0__sa,layers.*/mlp,/model/layers.9/mlp/gate_proj/MatMul,FullyConnected,fullyconnected:/model/layers.9/mlp/gate_proj/MatMul,fully_connected,fully_connected_gpu_bf_tiled,fully_connected_gpu_bf_tiled_14365863171559719675_0_0__sa,performance,gtpin_total_execution_cycles,324429834,cycles,1,352,324429834
n1_i0,0,1,0,n1_i0::kernel::fullyconnected:/model/layers.9/mlp/up_proj/MatMul::fully_connected_gpu_bf_tiled_2740906288179525049_0_0,n1_i0::primitive::fullyconnected:/model/layers.9/mlp/up_proj/MatMul,kernel,fully_connected_gpu_bf_tiled_2740906288179525049_0_0,layers.*/mlp,/model/layers.9/mlp/up_proj/MatMul,FullyConnected,fullyconnected:/model/layers.9/mlp/up_proj/MatMul,fully_connected,fully_connected_gpu_bf_tiled,fully_connected_gpu_bf_tiled_2740906288179525049_0_0,performance,gtpin_total_execution_cycles,125618672,cycles,1,176,125618672
n1_i0,0,1,0,n1_i0::kernel::fullyconnected:/model/layers.9/self_attn/k_proj/MatMul::fully_connected_gpu_bf_tiled_17963963101609895522_0_0,n1_i0::primitive::fullyconnected:/model/layers.9/self_attn/k_proj/MatMul,kernel,fully_connected_gpu_bf_tiled_17963963101609895522_0_0,layers.*/self_attn,/model/layers.9/self_attn/k_proj/MatMul,FullyConnected,fullyconnected:/model/layers.9/self_attn/k_proj/MatMul,fully_connected,fully_connected_gpu_bf_tiled,fully_connected_gpu_bf_tiled_17963963101609895522_0_0,performance,gtpin_total_execution_cycles,3969118,cycles,1,8,3969118
n1_i0,0,1,0,n1_i0::kernel::fullyconnected:/model/layers.9/self_attn/o_proj/MatMul::fully_connected_gpu_bf_tiled_14284117615310227244_0_0,n1_i0::primitive::fullyconnected:/model/layers.9/self_attn/o_proj/MatMul,kernel,fully_connected_gpu_bf_tiled_14284117615310227244_0_0,layers.*/self_attn,/model/layers.9/self_attn/o_proj/MatMul,FullyConnected,fullyconnected:/model/layers.9/self_attn/o_proj/MatMul,fully_connected,fully_connected_gpu_bf_tiled,fully_connected_gpu_bf_tiled_14284117615310227244_0_0,performance,gtpin_total_execution_cycles,29437520,cycles,1,64,29437520
n1_i0,0,1,0,n1_i0::kernel::fullyconnected:/model/layers.9/self_attn/q_proj/MatMul::fully_connected_gpu_bf_tiled_5315586391497964380_0_0,n1_i0::primitive::fullyconnected:/model/layers.9/self_attn/q_proj/MatMul,kernel,fully_connected_gpu_bf_tiled_5315586391497964380_0_0,layers.*/self_attn,/model/layers.9/self_attn/q_proj/MatMul,FullyConnected,fullyconnected:/model/layers.9/self_attn/q_proj/MatMul,fully_connected,fully_connected_gpu_bf_tiled,fully_connected_gpu_bf_tiled_5315586391497964380_0_0,performance,gtpin_total_execution_cycles,30922680,cycles,1,64,30922680
n1_i0,0,1,0,n1_i0::kernel::fullyconnected:/model/layers.9/self_attn/v_proj/MatMul::fully_connected_gpu_bf_tiled_17963963101609895522_0_0,n1_i0::primitive::fullyconnected:/model/layers.9/self_attn/v_proj/MatMul,kernel,fully_connected_gpu_bf_tiled_17963963101609895522_0_0,layers.*/self_attn,/model/layers.9/self_attn/v_proj/MatMul,FullyConnected,fullyconnected:/model/layers.9/self_attn/v_proj/MatMul,fully_connected,fully_connected_gpu_bf_tiled,fully_connected_gpu_bf_tiled_17963963101609895522_0_0,performance,gtpin_total_execution_cycles,3760682,cycles,1,8,3760682
n1_i0,0,1,0,n1_i0::kernel::fullyconnected:logits.0::fully_connected_gpu_bf_tiled_5115942848222738913_0_0__sa,n1_i0::primitive::fullyconnected:logits.0,kernel,fully_connected_gpu_bf_tiled_5115942848222738913_0_0__sa,(root),logits.0,FullyConnected,fullyconnected:logits.0,fully_connected,fully_connected_gpu_bf_tiled,fully_connected_gpu_bf_tiled_5115942848222738913_0_0__sa,performance,gtpin_total_execution_cycles,5724024420,cycles,1,2000,5724024420
n1_i0,0,1,0,n1_i0::kernel::gather:/model/Gather_4::gather_ref_3335901000044472670_0_0__sa,n1_i0::primitive::gather:/model/Gather_4,kernel,gather_ref_3335901000044472670_0_0__sa,(root),/model/Gather_4,Gather,gather:/model/Gather_4,gather,gather_ref,gather_ref_3335901000044472670_0_0__sa,performance,gtpin_total_execution_cycles,9279,cycles,1,1,9279
n1_i0,0,1,0,n1_i0::kernel::gather:/model/embed_tokens/Gather::gather_ref_9653281298055295004_0_0__sa,n1_i0::primitive::gather:/model/embed_tokens/Gather,kernel,gather_ref_9653281298055295004_0_0__sa,embed_tokens,/model/embed_tokens/Gather,Gather,gather:/model/embed_tokens/Gather,gather,gather_ref,gather_ref_9653281298055295004_0_0__sa,performance,gtpin_total_execution_cycles,5224202,cycles,1,1024,5224202
n1_i0,0,1,0,n1_i0::kernel::gemm:/model/layers.0/self_attn/MatMul::gemm_tiled_opt_7238579717421349067_1_0__sa,n1_i0::primitive::gemm:/model/layers.0/self_attn/MatMul,kernel,gemm_tiled_opt_7238579717421349067_1_0__sa,layers.*/self_attn,/model/layers.0/self_attn/MatMul,Gemm,gemm:/model/layers.0/self_attn/MatMul,gemm,gemm_tiled_opt,gemm_tiled_opt_7238579717421349067_1_0__sa,performance,gtpin_total_execution_cycles,4106192,cycles,1,32,4106192
n1_i0,0,1,0,n1_i0::kernel::gemm:/model/layers.0/self_attn/Transpose_4::gemm_tiled_opt_12829285813189929928_0_0__sa,n1_i0::primitive::gemm:/model/layers.0/self_attn/Transpose_4,kernel,gemm_tiled_opt_12829285813189929928_0_0__sa,layers.*/self_attn,/model/layers.0/self_attn/Transpose_4,Gemm,gemm:/model/layers.0/self_attn/Transpose_4,gemm,gemm_tiled_opt,gemm_tiled_opt_12829285813189929928_0_0__sa,performance,gtpin_total_execution_cycles,2053656,cycles,1,64,2053656
n1_i0,0,1,0,n1_i0::kernel::gemm:/model/layers.1/self_attn/MatMul::gemm_tiled_opt_7238579717421349067_1_0__sa,n1_i0::primitive::gemm:/model/layers.1/self_attn/MatMul,kernel,gemm_tiled_opt_7238579717421349067_1_0__sa,layers.*/self_attn,/model/layers.1/self_attn/MatMul,Gemm,gemm:/model/layers.1/self_attn/MatMul,gemm,gemm_tiled_opt,gemm_tiled_opt_7238579717421349067_1_0__sa,performance,gtpin_total_execution_cycles,3466914,cycles,1,32,3466914
n1_i0,0,1,0,n1_i0::kernel::gemm:/model/layers.1/self_attn/Transpose_4::gemm_tiled_opt_12829285813189929928_0_0__sa,n1_i0::primitive::gemm:/model/layers.1/self_attn/Transpose_4,kernel,gemm_tiled_opt_12829285813189929928_0_0__sa,layers.*/self_attn,/model/layers.1/self_attn/Transpose_4,Gemm,gemm:/model/layers.1/self_attn/Transpose_4,gemm,gemm_tiled_opt,gemm_tiled_opt_12829285813189929928_0_0__sa,performance,gtpin_total_execution_cycles,2074346,cycles,1,64,2074346
n1_i0,0,1,0,n1_i0::kernel::gemm:/model/layers.10/self_attn/MatMul::gemm_tiled_opt_7238579717421349067_1_0__sa,n1_i0::primitive::gemm:/model/layers.10/self_attn/MatMul,kernel,gemm_tiled_opt_7238579717421349067_1_0__sa,layers.*/self_attn,/model/layers.10/self_attn/MatMul,Gemm,gemm:/model/layers.10/self_attn/MatMul,gemm,gemm_tiled_opt,gemm_tiled_opt_7238579717421349067_1_0__sa,performance,gtpin_total_execution_cycles,3668458,cycles,1,32,3668458
n1_i0,0,1,0,n1_i0::kernel::gemm:/model/layers.10/self_attn/Transpose_4::gemm_tiled_opt_12829285813189929928_0_0__sa,n1_i0::primitive::gemm:/model/layers.10/self_attn/Transpose_4,kernel,gemm_tiled_opt_12829285813189929928_0_0__sa,layers.*/self_attn,/model/layers.10/self_attn/Transpose_4,Gemm,gemm:/model/layers.10/self_attn/Transpose_4,gemm,gemm_tiled_opt,gemm_tiled_opt_12829285813189929928_0_0__sa,performance,gtpin_total_execution_cycles,2149598,cycles,1,64,2149598
n1_i0,0,1,0,n1_i0::kernel::gemm:/model/layers.11/self_attn/MatMul::gemm_tiled_opt_7238579717421349067_1_0__sa,n1_i0::primitive::gemm:/model/layers.11/self_attn/MatMul,kernel,gemm_tiled_opt_7238579717421349067_1_0__sa,layers.*/self_attn,/model/layers.11/self_attn/MatMul,Gemm,gemm:/model/layers.11/self_attn/MatMul,gemm,gemm_tiled_opt,gemm_tiled_opt_7238579717421349067_1_0__sa,performance,gtpin_total_execution_cycles,3630118,cycles,1,32,3630118
n1_i0,0,1,0,n1_i0::kernel::gemm:/model/layers.11/self_attn/Transpose_4::gemm_tiled_opt_12829285813189929928_0_0__sa,n1_i0::primitive::gemm:/model/layers.11/self_attn/Transpose_4,kernel,gemm_tiled_opt_12829285813189929928_0_0__sa,layers.*/self_attn,/model/layers.11/self_attn/Transpose_4,Gemm,gemm:/model/layers.11/self_attn/Transpose_4,gemm,gemm_tiled_opt,gemm_tiled_opt_12829285813189929928_0_0__sa,performance,gtpin_total_execution_cycles,2412038,cycles,1,64,2412038
n1_i0,0,1,0,n1_i0::kernel::gemm:/model/layers.12/self_attn/MatMul::gemm_tiled_opt_7238579717421349067_1_0__sa,n1_i0::primitive::gemm:/model/layers.12/self_attn/MatMul,kernel,gemm_tiled_opt_7238579717421349067_1_0__sa,layers.*/self_attn,/model/layers.12/self_attn/MatMul,Gemm,gemm:/model/layers.12/self_attn/MatMul,gemm,gemm_tiled_opt,gemm_tiled_opt_7238579717421349067_1_0__sa,performance,gtpin_total_execution_cycles,4182208,cycles,1,32,4182208
n1_i0,0,1,0,n1_i0::kernel::gemm:/model/layers.12/self_attn/Transpose_4::gemm_tiled_opt_12829285813189929928_0_0__sa,n1_i0::primitive::gemm:/model/layers.12/self_attn/Transpose_4,kernel,gemm_tiled_opt_12829285813189929928_0_0__sa,layers.*/self_attn,/model/layers.12/self_attn/Transpose_4,Gemm,gemm:/model/layers.12/self_attn/Transpose_4,gemm,gemm_tiled_opt,gemm_tiled_opt_12829285813189929928_0_0__sa,performance,gtpin_total_execution_cycles,2070466,cycles,1,64,2070466
n1_i0,0,1,0,n1_i0::kernel::gemm:/model/layers.13/self_attn/MatMul::gemm_tiled_opt_7238579717421349067_1_0__sa,n1_i0::primitive::gemm:/model/layers.13/self_attn/MatMul,kernel,gemm_tiled_opt_7238579717421349067_1_0__sa,layers.*/self_attn,/model/layers.13/self_attn/MatMul,Gemm,gemm:/model/layers.13/self_attn/MatMul,gemm,gemm_tiled_opt,gemm_tiled_opt_7238579717421349067_1_0__sa,performance,gtpin_total_execution_cycles,3704950,cycles,1,32,3704950
n1_i0,0,1,0,n1_i0::kernel::gemm:/model/layers.13/self_attn/Transpose_4::gemm_tiled_opt_12829285813189929928_0_0__sa,n1_i0::primitive::gemm:/model/layers.13/self_attn/Transpose_4,kernel,gemm_tiled_opt_12829285813189929928_0_0__sa,layers.*/self_attn,/model/layers.13/self_attn/Transpose_4,Gemm,gemm:/model/layers.13/self_attn/Transpose_4,gemm,gemm_tiled_opt,gemm_tiled_opt_12829285813189929928_0_0__sa,performance,gtpin_total_execution_cycles,2064840,cycles,1,64,2064840
n1_i0,0,1,0,n1_i0::kernel::gemm:/model/layers.14/self_attn/MatMul::gemm_tiled_opt_7238579717421349067_1_0__sa,n1_i0::primitive::gemm:/model/layers.14/self_attn/MatMul,kernel,gemm_tiled_opt_7238579717421349067_1_0__sa,layers.*/self_attn,/model/layers.14/self_attn/MatMul,Gemm,gemm:/model/layers.14/self_attn/MatMul,gemm,gemm_tiled_opt,gemm_tiled_opt_7238579717421349067_1_0__sa,performance,gtpin_total_execution_cycles,3447000,cycles,1,32,3447000
n1_i0,0,1,0,n1_i0::kernel::gemm:/model/layers.14/self_attn/Transpose_4::gemm_tiled_opt_12829285813189929928_0_0__sa,n1_i0::primitive::gemm:/model/layers.14/self_attn/Transpose_4,kernel,gemm_tiled_opt_12829285813189929928_0_0__sa,layers.*/self_attn,/model/layers.14/self_attn/Transpose_4,Gemm,gemm:/model/layers.14/self_attn/Transpose_4,gemm,gemm_tiled_opt,gemm_tiled_opt_12829285813189929928_0_0__sa,performance,gtpin_total_execution_cycles,2053712,cycles,1,64,2053712
n1_i0,0,1,0,n1_i0::kernel::gemm:/model/layers.15/self_attn/MatMul::gemm_tiled_opt_7238579717421349067_1_0__sa,n1_i0::primitive::gemm:/model/layers.15/self_attn/MatMul,kernel,gemm_tiled_opt_7238579717421349067_1_0__sa,layers.*/self_attn,/model/layers.15/self_attn/MatMul,Gemm,gemm:/model/layers.15/self_attn/MatMul,gemm,gemm_tiled_opt,gemm_tiled_opt_7238579717421349067_1_0__sa,performance,gtpin_total_execution_cycles,3436448,cycles,1,32,3436448
n1_i0,0,1,0,n1_i0::kernel::gemm:/model/layers.15/self_attn/Transpose_4::gemm_tiled_opt_12829285813189929928_0_0__sa,n1_i0::primitive::gemm:/model/layers.15/self_attn/Transpose_4,kernel,gemm_tiled_opt_12829285813189929928_0_0__sa,layers.*/self_attn,/model/layers.15/self_attn/Transpose_4,Gemm,gemm:/model/layers.15/self_attn/Transpose_4,gemm,gemm_tiled_opt,gemm_tiled_opt_12829285813189929928_0_0__sa,performance,gtpin_total_execution_cycles,2402854,cycles,1,64,2402854
n1_i0,0,1,0,n1_i0::kernel::gemm:/model/layers.16/self_attn/MatMul::gemm_tiled_opt_7238579717421349067_1_0__sa,n1_i0::primitive::gemm:/model/layers.16/self_attn/MatMul,kernel,gemm_tiled_opt_7238579717421349067_1_0__sa,layers.*/self_attn,/model/layers.16/self_attn/MatMul,Gemm,gemm:/model/layers.16/self_attn/MatMul,gemm,gemm_tiled_opt,gemm_tiled_opt_7238579717421349067_1_0__sa,performance,gtpin_total_execution_cycles,4066094,cycles,1,32,4066094
n1_i0,0,1,0,n1_i0::kernel::gemm:/model/layers.16/self_attn/Transpose_4::gemm_tiled_opt_12829285813189929928_0_0__sa,n1_i0::primitive::gemm:/model/layers.16/self_attn/Transpose_4,kernel,gemm_tiled_opt_12829285813189929928_0_0__sa,layers.*/self_attn,/model/layers.16/self_attn/Transpose_4,Gemm,gemm:/model/layers.16/self_attn/Transpose_4,gemm,gemm_tiled_opt,gemm_tiled_opt_12829285813189929928_0_0__sa,performance,gtpin_total_execution_cycles,2089610,cycles,1,64,2089610
n1_i0,0,1,0,n1_i0::kernel::gemm:/model/layers.17/self_attn/MatMul::gemm_tiled_opt_7238579717421349067_1_0__sa,n1_i0::primitive::gemm:/model/layers.17/self_attn/MatMul,kernel,gemm_tiled_opt_7238579717421349067_1_0__sa,layers.*/self_attn,/model/layers.17/self_attn/MatMul,Gemm,gemm:/model/layers.17/self_attn/MatMul,gemm,gemm_tiled_opt,gemm_tiled_opt_7238579717421349067_1_0__sa,performance,gtpin_total_execution_cycles,3751508,cycles,1,32,3751508
n1_i0,0,1,0,n1_i0::kernel::gemm:/model/layers.17/self_attn/Transpose_4::gemm_tiled_opt_12829285813189929928_0_0__sa,n1_i0::primitive::gemm:/model/layers.17/self_attn/Transpose_4,kernel,gemm_tiled_opt_12829285813189929928_0_0__sa,layers.*/self_attn,/model/layers.17/self_attn/Transpose_4,Gemm,gemm:/model/layers.17/self_attn/Transpose_4,gemm,gemm_tiled_opt,gemm_tiled_opt_12829285813189929928_0_0__sa,performance,gtpin_total_execution_cycles,2164670,cycles,1,64,2164670
n1_i0,0,1,0,n1_i0::kernel::gemm:/model/layers.18/self_attn/MatMul::gemm_tiled_opt_7238579717421349067_1_0__sa,n1_i0::primitive::gemm:/model/layers.18/self_attn/MatMul,kernel,gemm_tiled_opt_7238579717421349067_1_0__sa,layers.*/self_attn,/model/layers.18/self_attn/MatMul,Gemm,gemm:/model/layers.18/self_attn/MatMul,gemm,gemm_tiled_opt,gemm_tiled_opt_7238579717421349067_1_0__sa,performance,gtpin_total_execution_cycles,3692012,cycles,1,32,3692012
n1_i0,0,1,0,n1_i0::kernel::gemm:/model/layers.18/self_attn/Transpose_4::gemm_tiled_opt_12829285813189929928_0_0__sa,n1_i0::primitive::gemm:/model/layers.18/self_attn/Transpose_4,kernel,gemm_tiled_opt_12829285813189929928_0_0__sa,layers.*/self_attn,/model/layers.18/self_attn/Transpose_4,Gemm,gemm:/model/layers.18/self_attn/Transpose_4,gemm,gemm_tiled_opt,gemm_tiled_opt_12829285813189929928_0_0__sa,performance,gtpin_total_execution_cycles,2051640,cycles,1,64,2051640
n1_i0,0,1,0,n1_i0::kernel::gemm:/model/layers.19/self_attn/MatMul::gemm_tiled_opt_7238579717421349067_1_0__sa,n1_i0::primitive::gemm:/model/layers.19/self_attn/MatMul,kernel,gemm_tiled_opt_7238579717421349067_1_0__sa,layers.*/self_attn,/model/layers.19/self_attn/MatMul,Gemm,gemm:/model/layers.19/self_attn/MatMul,gemm,gemm_tiled_opt,gemm_tiled_opt_7238579717421349067_1_0__sa,performance,gtpin_total_execution_cycles,3530710,cycles,1,32,3530710
n1_i0,0,1,0,n1_i0::kernel::gemm:/model/layers.19/self_attn/Transpose_4::gemm_tiled_opt_12829285813189929928_0_0__sa,n1_i0::primitive::gemm:/model/layers.19/self_attn/Transpose_4,kernel,gemm_tiled_opt_12829285813189929928_0_0__sa,layers.*/self_attn,/model/layers.19/self_attn/Transpose_4,Gemm,gemm:/model/layers.19/self_attn/Transpose_4,gemm,gemm_tiled_opt,gemm_tiled_opt_12829285813189929928_0_0__sa,performance,gtpin_total_execution_cycles,2417850,cycles,1,64,2417850
n1_i0,0,1,0,n1_i0::kernel::gemm:/model/layers.2/self_attn/MatMul::gemm_tiled_opt_7238579717421349067_1_0__sa,n1_i0::primitive::gemm:/model/layers.2/self_attn/MatMul,kernel,gemm_tiled_opt_7238579717421349067_1_0__sa,layers.*/self_attn,/model/layers.2/self_attn/MatMul,Gemm,gemm:/model/layers.2/self_attn/MatMul,gemm,gemm_tiled_opt,gemm_tiled_opt_7238579717421349067_1_0__sa,performance,gtpin_total_execution_cycles,3414666,cycles,1,32,3414666
n1_i0,0,1,0,n1_i0::kernel::gemm:/model/layers.2/self_attn/Transpose_4::gemm_tiled_opt_12829285813189929928_0_0__sa,n1_i0::primitive::gemm:/model/layers.2/self_attn/Transpose_4,kernel,gemm_tiled_opt_12829285813189929928_0_0__sa,layers.*/self_attn,/model/layers.2/self_attn/Transpose_4,Gemm,gemm:/model/layers.2/self_attn/Transpose_4,gemm,gemm_tiled_opt,gemm_tiled_opt_12829285813189929928_0_0__sa,performance,gtpin_total_execution_cycles,1976236,cycles,1,64,1976236
n1_i0,0,1,0,n1_i0::kernel::gemm:/model/layers.20/self_attn/MatMul::gemm_tiled_opt_7238579717421349067_1_0__sa,n1_i0::primitive::gemm:/model/layers.20/self_attn/MatMul,kernel,gemm_tiled_opt_7238579717421349067_1_0__sa,layers.*/self_attn,/model/layers.20/self_attn/MatMul,Gemm,gemm:/model/layers.20/self_attn/MatMul,gemm,gemm_tiled_opt,gemm_tiled_opt_7238579717421349067_1_0__sa,performance,gtpin_total_execution_cycles,4623720,cycles,1,32,4623720
n1_i0,0,1,0,n1_i0::kernel::gemm:/model/layers.20/self_attn/Transpose_4::gemm_tiled_opt_12829285813189929928_0_0__sa,n1_i0::primitive::gemm:/model/layers.20/self_attn/Transpose_4,kernel,gemm_tiled_opt_12829285813189929928_0_0__sa,layers.*/self_attn,/model/layers.20/self_attn/Transpose_4,Gemm,gemm:/model/layers.20/self_attn/Transpose_4,gemm,gemm_tiled_opt,gemm_tiled_opt_12829285813189929928_0_0__sa,performance,gtpin_total_execution_cycles,2385408,cycles,1,64,2385408
n1_i0,0,1,0,n1_i0::kernel::gemm:/model/layers.21/self_attn/MatMul::gemm_tiled_opt_7238579717421349067_1_0__sa,n1_i0::primitive::gemm:/model/layers.21/self_attn/MatMul,kernel,gemm_tiled_opt_7238579717421349067_1_0__sa,layers.*/self_attn,/model/layers.21/self_attn/MatMul,Gemm,gemm:/model/layers.21/self_attn/MatMul,gemm,gemm_tiled_opt,gemm_tiled_opt_7238579717421349067_1_0__sa,performance,gtpin_total_execution_cycles,3673112,cycles,1,32,3673112
n1_i0,0,1,0,n1_i0::kernel::gemm:/model/layers.21/self_attn/Transpose_4::gemm_tiled_opt_12829285813189929928_0_0__sa,n1_i0::primitive::gemm:/model/layers.21/self_attn/Transpose_4,kernel,gemm_tiled_opt_12829285813189929928_0_0__sa,layers.*/self_attn,/model/layers.21/self_attn/Transpose_4,Gemm,gemm:/model/layers.21/self_attn/Transpose_4,gemm,gemm_tiled_opt,gemm_tiled_opt_12829285813189929928_0_0__sa,performance,gtpin_total_execution_cycles,2083056,cycles,1,64,2083056
n1_i0,0,1,0,n1_i0::kernel::gemm:/model/layers.3/self_attn/MatMul::gemm_tiled_opt_7238579717421349067_1_0__sa,n1_i0::primitive::gemm:/model/layers.3/self_attn/MatMul,kernel,gemm_tiled_opt_7238579717421349067_1_0__sa,layers.*/self_attn,/model/layers.3/self_attn/MatMul,Gemm,gemm:/model/layers.3/self_attn/MatMul,gemm,gemm_tiled_opt,gemm_tiled_opt_7238579717421349067_1_0__sa,performance,gtpin_total_execution_cycles,3468922,cycles,1,32,3468922
n1_i0,0,1,0,n1_i0::kernel::gemm:/model/layers.3/self_attn/Transpose_4::gemm_tiled_opt_12829285813189929928_0_0__sa,n1_i0::primitive::gemm:/model/layers.3/self_attn/Transpose_4,kernel,gemm_tiled_opt_12829285813189929928_0_0__sa,layers.*/self_attn,/model/layers.3/self_attn/Transpose_4,Gemm,gemm:/model/layers.3/self_attn/Transpose_4,gemm,gemm_tiled_opt,gemm_tiled_opt_12829285813189929928_0_0__sa,performance,gtpin_total_execution_cycles,2248828,cycles,1,64,2248828
n1_i0,0,1,0,n1_i0::kernel::gemm:/model/layers.4/self_attn/MatMul::gemm_tiled_opt_7238579717421349067_1_0__sa,n1_i0::primitive::gemm:/model/layers.4/self_attn/MatMul,kernel,gemm_tiled_opt_7238579717421349067_1_0__sa,layers.*/self_attn,/model/layers.4/self_attn/MatMul,Gemm,gemm:/model/layers.4/self_attn/MatMul,gemm,gemm_tiled_opt,gemm_tiled_opt_7238579717421349067_1_0__sa,performance,gtpin_total_execution_cycles,3734410,cycles,1,32,3734410
n1_i0,0,1,0,n1_i0::kernel::gemm:/model/layers.4/self_attn/Transpose_4::gemm_tiled_opt_12829285813189929928_0_0__sa,n1_i0::primitive::gemm:/model/layers.4/self_attn/Transpose_4,kernel,gemm_tiled_opt_12829285813189929928_0_0__sa,layers.*/self_attn,/model/layers.4/self_attn/Transpose_4,Gemm,gemm:/model/layers.4/self_attn/Transpose_4,gemm,gemm_tiled_opt,gemm_tiled_opt_12829285813189929928_0_0__sa,performance,gtpin_total_execution_cycles,1973398,cycles,1,64,1973398
n1_i0,0,1,0,n1_i0::kernel::gemm:/model/layers.5/self_attn/MatMul::gemm_tiled_opt_7238579717421349067_1_0__sa,n1_i0::primitive::gemm:/model/layers.5/self_attn/MatMul,kernel,gemm_tiled_opt_7238579717421349067_1_0__sa,layers.*/self_attn,/model/layers.5/self_attn/MatMul,Gemm,gemm:/model/layers.5/self_attn/MatMul,gemm,gemm_tiled_opt,gemm_tiled_opt_7238579717421349067_1_0__sa,performance,gtpin_total_execution_cycles,3657018,cycles,1,32,3657018
n1_i0,0,1,0,n1_i0::kernel::gemm:/model/layers.5/self_attn/Transpose_4::gemm_tiled_opt_12829285813189929928_0_0__sa,n1_i0::primitive::gemm:/model/layers.5/self_attn/Transpose_4,kernel,gemm_tiled_opt_12829285813189929928_0_0__sa,layers.*/self_attn,/model/layers.5/self_attn/Transpose_4,Gemm,gemm:/model/layers.5/self_attn/Transpose_4,gemm,gemm_tiled_opt,gemm_tiled_opt_12829285813189929928_0_0__sa,performance,gtpin_total_execution_cycles,2113856,cycles,1,64,2113856
n1_i0,0,1,0,n1_i0::kernel::gemm:/model/layers.6/self_attn/MatMul::gemm_tiled_opt_7238579717421349067_1_0__sa,n1_i0::primitive::gemm:/model/layers.6/self_attn/MatMul,kernel,gemm_tiled_opt_7238579717421349067_1_0__sa,layers.*/self_attn,/model/layers.6/self_attn/MatMul,Gemm,gemm:/model/layers.6/self_attn/MatMul,gemm,gemm_tiled_opt,gemm_tiled_opt_7238579717421349067_1_0__sa,performance,gtpin_total_execution_cycles,3456314,cycles,1,32,3456314
n1_i0,0,1,0,n1_i0::kernel::gemm:/model/layers.6/self_attn/Transpose_4::gemm_tiled_opt_12829285813189929928_0_0__sa,n1_i0::primitive::gemm:/model/layers.6/self_attn/Transpose_4,kernel,gemm_tiled_opt_12829285813189929928_0_0__sa,layers.*/self_attn,/model/layers.6/self_attn/Transpose_4,Gemm,gemm:/model/layers.6/self_attn/Transpose_4,gemm,gemm_tiled_opt,gemm_tiled_opt_12829285813189929928_0_0__sa,performance,gtpin_total_execution_cycles,2072666,cycles,1,64,2072666
n1_i0,0,1,0,n1_i0::kernel::gemm:/model/layers.7/self_attn/MatMul::gemm_tiled_opt_7238579717421349067_1_0__sa,n1_i0::primitive::gemm:/model/layers.7/self_attn/MatMul,kernel,gemm_tiled_opt_7238579717421349067_1_0__sa,layers.*/self_attn,/model/layers.7/self_attn/MatMul,Gemm,gemm:/model/layers.7/self_attn/MatMul,gemm,gemm_tiled_opt,gemm_tiled_opt_7238579717421349067_1_0__sa,performance,gtpin_total_execution_cycles,3555714,cycles,1,32,3555714
n1_i0,0,1,0,n1_i0::kernel::gemm:/model/layers.7/self_attn/Transpose_4::gemm_tiled_opt_12829285813189929928_0_0__sa,n1_i0::primitive::gemm:/model/layers.7/self_attn/Transpose_4,kernel,gemm_tiled_opt_12829285813189929928_0_0__sa,layers.*/self_attn,/model/layers.7/self_attn/Transpose_4,Gemm,gemm:/model/layers.7/self_attn/Transpose_4,gemm,gemm_tiled_opt,gemm_tiled_opt_12829285813189929928_0_0__sa,performance,gtpin_total_execution_cycles,2284438,cycles,1,64,2284438
n1_i0,0,1,0,n1_i0::kernel::gemm:/model/layers.8/self_attn/MatMul::gemm_tiled_opt_7238579717421349067_1_0__sa,n1_i0::primitive::gemm:/model/layers.8/self_attn/MatMul,kernel,gemm_tiled_opt_7238579717421349067_1_0__sa,layers.*/self_attn,/model/layers.8/self_attn/MatMul,Gemm,gemm:/model/layers.8/self_attn/MatMul,gemm,gemm_tiled_opt,gemm_tiled_opt_7238579717421349067_1_0__sa,performance,gtpin_total_execution_cycles,3898476,cycles,1,32,3898476
n1_i0,0,1,0,n1_i0::kernel::gemm:/model/layers.8/self_attn/Transpose_4::gemm_tiled_opt_12829285813189929928_0_0__sa,n1_i0::primitive::gemm:/model/layers.8/self_attn/Transpose_4,kernel,gemm_tiled_opt_12829285813189929928_0_0__sa,layers.*/self_attn,/model/layers.8/self_attn/Transpose_4,Gemm,gemm:/model/layers.8/self_attn/Transpose_4,gemm,gemm_tiled_opt,gemm_tiled_opt_12829285813189929928_0_0__sa,performance,gtpin_total_execution_cycles,2039660,cycles,1,64,2039660
n1_i0,0,1,0,n1_i0::kernel::gemm:/model/layers.9/self_attn/MatMul::gemm_tiled_opt_7238579717421349067_1_0__sa,n1_i0::primitive::gemm:/model/layers.9/self_attn/MatMul,kernel,gemm_tiled_opt_7238579717421349067_1_0__sa,layers.*/self_attn,/model/layers.9/self_attn/MatMul,Gemm,gemm:/model/layers.9/self_attn/MatMul,gemm,gemm_tiled_opt,gemm_tiled_opt_7238579717421349067_1_0__sa,performance,gtpin_total_execution_cycles,3586660,cycles,1,32,3586660
n1_i0,0,1,0,n1_i0::kernel::gemm:/model/layers.9/self_attn/Transpose_4::gemm_tiled_opt_12829285813189929928_0_0__sa,n1_i0::primitive::gemm:/model/layers.9/self_attn/Transpose_4,kernel,gemm_tiled_opt_12829285813189929928_0_0__sa,layers.*/self_attn,/model/layers.9/self_attn/Transpose_4,Gemm,gemm:/model/layers.9/self_attn/Transpose_4,gemm,gemm_tiled_opt,gemm_tiled_opt_12829285813189929928_0_0__sa,performance,gtpin_total_execution_cycles,2073546,cycles,1,64,2073546
n1_i0,0,1,0,n1_i0::kernel::gemm:/model/rotary_emb/Transpose::gemm_tiled_opt_6356298044914993963_3_0__sa,n1_i0::primitive::gemm:/model/rotary_emb/Transpose,kernel,gemm_tiled_opt_6356298044914993963_3_0__sa,rotary_emb,/model/rotary_emb/Transpose,Gemm,gemm:/model/rotary_emb/Transpose,gemm,gemm_tiled_opt,gemm_tiled_opt_6356298044914993963_3_0__sa,performance,gtpin_total_execution_cycles,40096,cycles,1,2,40096
n1_i0,0,1,0,n1_i0::kernel::isnan:/model/layers.0/self_attn/IsNaN::generic_eltwise_ref_1696504087421334661_0_0__sa,n1_i0::primitive::isnan:/model/layers.0/self_attn/IsNaN,kernel,generic_eltwise_ref_1696504087421334661_0_0__sa,layers.*/self_attn,/model/layers.0/self_attn/IsNaN,IsNaN,isnan:/model/layers.0/self_attn/IsNaN,eltwise,generic_eltwise_ref,generic_eltwise_ref_1696504087421334661_0_0__sa,performance,gtpin_total_execution_cycles,1231254,cycles,1,256,1231254
n1_i0,0,1,0,n1_i0::kernel::isnan:/model/layers.1/self_attn/IsNaN::generic_eltwise_ref_1696504087421334661_0_0__sa,n1_i0::primitive::isnan:/model/layers.1/self_attn/IsNaN,kernel,generic_eltwise_ref_1696504087421334661_0_0__sa,layers.*/self_attn,/model/layers.1/self_attn/IsNaN,IsNaN,isnan:/model/layers.1/self_attn/IsNaN,eltwise,generic_eltwise_ref,generic_eltwise_ref_1696504087421334661_0_0__sa,performance,gtpin_total_execution_cycles,1287506,cycles,1,256,1287506
n1_i0,0,1,0,n1_i0::kernel::isnan:/model/layers.10/self_attn/IsNaN::generic_eltwise_ref_1696504087421334661_0_0__sa,n1_i0::primitive::isnan:/model/layers.10/self_attn/IsNaN,kernel,generic_eltwise_ref_1696504087421334661_0_0__sa,layers.*/self_attn,/model/layers.10/self_attn/IsNaN,IsNaN,isnan:/model/layers.10/self_attn/IsNaN,eltwise,generic_eltwise_ref,generic_eltwise_ref_1696504087421334661_0_0__sa,performance,gtpin_total_execution_cycles,1310808,cycles,1,256,1310808
n1_i0,0,1,0,n1_i0::kernel::isnan:/model/layers.11/self_attn/IsNaN::generic_eltwise_ref_1696504087421334661_0_0__sa,n1_i0::primitive::isnan:/model/layers.11/self_attn/IsNaN,kernel,generic_eltwise_ref_1696504087421334661_0_0__sa,layers.*/self_attn,/model/layers.11/self_attn/IsNaN,IsNaN,isnan:/model/layers.11/self_attn/IsNaN,eltwise,generic_eltwise_ref,generic_eltwise_ref_1696504087421334661_0_0__sa,performance,gtpin_total_execution_cycles,1221762,cycles,1,256,1221762
n1_i0,0,1,0,n1_i0::kernel::isnan:/model/layers.12/self_attn/IsNaN::generic_eltwise_ref_1696504087421334661_0_0__sa,n1_i0::primitive::isnan:/model/layers.12/self_attn/IsNaN,kernel,generic_eltwise_ref_1696504087421334661_0_0__sa,layers.*/self_attn,/model/layers.12/self_attn/IsNaN,IsNaN,isnan:/model/layers.12/self_attn/IsNaN,eltwise,generic_eltwise_ref,generic_eltwise_ref_1696504087421334661_0_0__sa,performance,gtpin_total_execution_cycles,1283722,cycles,1,256,1283722
n1_i0,0,1,0,n1_i0::kernel::isnan:/model/layers.13/self_attn/IsNaN::generic_eltwise_ref_1696504087421334661_0_0__sa,n1_i0::primitive::isnan:/model/layers.13/self_attn/IsNaN,kernel,generic_eltwise_ref_1696504087421334661_0_0__sa,layers.*/self_attn,/model/layers.13/self_attn/IsNaN,IsNaN,isnan:/model/layers.13/self_attn/IsNaN,eltwise,generic_eltwise_ref,generic_eltwise_ref_1696504087421334661_0_0__sa,performance,gtpin_total_execution_cycles,1253978,cycles,1,256,1253978
n1_i0,0,1,0,n1_i0::kernel::isnan:/model/layers.14/self_attn/IsNaN::generic_eltwise_ref_1696504087421334661_0_0__sa,n1_i0::primitive::isnan:/model/layers.14/self_attn/IsNaN,kernel,generic_eltwise_ref_1696504087421334661_0_0__sa,layers.*/self_attn,/model/layers.14/self_attn/IsNaN,IsNaN,isnan:/model/layers.14/self_attn/IsNaN,eltwise,generic_eltwise_ref,generic_eltwise_ref_1696504087421334661_0_0__sa,performance,gtpin_total_execution_cycles,1163830,cycles,1,256,1163830
n1_i0,0,1,0,n1_i0::kernel::isnan:/model/layers.15/self_attn/IsNaN::generic_eltwise_ref_1696504087421334661_0_0__sa,n1_i0::primitive::isnan:/model/layers.15/self_attn/IsNaN,kernel,generic_eltwise_ref_1696504087421334661_0_0__sa,layers.*/self_attn,/model/layers.15/self_attn/IsNaN,IsNaN,isnan:/model/layers.15/self_attn/IsNaN,eltwise,generic_eltwise_ref,generic_eltwise_ref_1696504087421334661_0_0__sa,performance,gtpin_total_execution_cycles,1272266,cycles,1,256,1272266
n1_i0,0,1,0,n1_i0::kernel::isnan:/model/layers.16/self_attn/IsNaN::generic_eltwise_ref_1696504087421334661_0_0__sa,n1_i0::primitive::isnan:/model/layers.16/self_attn/IsNaN,kernel,generic_eltwise_ref_1696504087421334661_0_0__sa,layers.*/self_attn,/model/layers.16/self_attn/IsNaN,IsNaN,isnan:/model/layers.16/self_attn/IsNaN,eltwise,generic_eltwise_ref,generic_eltwise_ref_1696504087421334661_0_0__sa,performance,gtpin_total_execution_cycles,1164484,cycles,1,256,1164484
n1_i0,0,1,0,n1_i0::kernel::isnan:/model/layers.17/self_attn/IsNaN::generic_eltwise_ref_1696504087421334661_0_0__sa,n1_i0::primitive::isnan:/model/layers.17/self_attn/IsNaN,kernel,generic_eltwise_ref_1696504087421334661_0_0__sa,layers.*/self_attn,/model/layers.17/self_attn/IsNaN,IsNaN,isnan:/model/layers.17/self_attn/IsNaN,eltwise,generic_eltwise_ref,generic_eltwise_ref_1696504087421334661_0_0__sa,performance,gtpin_total_execution_cycles,1375202,cycles,1,256,1375202
n1_i0,0,1,0,n1_i0::kernel::isnan:/model/layers.18/self_attn/IsNaN::generic_eltwise_ref_1696504087421334661_0_0__sa,n1_i0::primitive::isnan:/model/layers.18/self_attn/IsNaN,kernel,generic_eltwise_ref_1696504087421334661_0_0__sa,layers.*/self_attn,/model/layers.18/self_attn/IsNaN,IsNaN,isnan:/model/layers.18/self_attn/IsNaN,eltwise,generic_eltwise_ref,generic_eltwise_ref_1696504087421334661_0_0__sa,performance,gtpin_total_execution_cycles,1339346,cycles,1,256,1339346
n1_i0,0,1,0,n1_i0::kernel::isnan:/model/layers.19/self_attn/IsNaN::generic_eltwise_ref_1696504087421334661_0_0__sa,n1_i0::primitive::isnan:/model/layers.19/self_attn/IsNaN,kernel,generic_eltwise_ref_1696504087421334661_0_0__sa,layers.*/self_attn,/model/layers.19/self_attn/IsNaN,IsNaN,isnan:/model/layers.19/self_attn/IsNaN,eltwise,generic_eltwise_ref,generic_eltwise_ref_1696504087421334661_0_0__sa,performance,gtpin_total_execution_cycles,1135526,cycles,1,256,1135526
n1_i0,0,1,0,n1_i0::kernel::isnan:/model/layers.2/self_attn/IsNaN::generic_eltwise_ref_1696504087421334661_0_0__sa,n1_i0::primitive::isnan:/model/layers.2/self_attn/IsNaN,kernel,generic_eltwise_ref_1696504087421334661_0_0__sa,layers.*/self_attn,/model/layers.2/self_attn/IsNaN,IsNaN,isnan:/model/layers.2/self_attn/IsNaN,eltwise,generic_eltwise_ref,generic_eltwise_ref_1696504087421334661_0_0__sa,performance,gtpin_total_execution_cycles,1101406,cycles,1,256,1101406
n1_i0,0,1,0,n1_i0::kernel::isnan:/model/layers.20/self_attn/IsNaN::generic_eltwise_ref_1696504087421334661_0_0__sa,n1_i0::primitive::isnan:/model/layers.20/self_attn/IsNaN,kernel,generic_eltwise_ref_1696504087421334661_0_0__sa,layers.*/self_attn,/model/layers.20/self_attn/IsNaN,IsNaN,isnan:/model/layers.20/self_attn/IsNaN,eltwise,generic_eltwise_ref,generic_eltwise_ref_1696504087421334661_0_0__sa,performance,gtpin_total_execution_cycles,1461322,cycles,1,256,1461322
n1_i0,0,1,0,n1_i0::kernel::isnan:/model/layers.21/self_attn/IsNaN::generic_eltwise_ref_1696504087421334661_0_0__sa,n1_i0::primitive::isnan:/model/layers.21/self_attn/IsNaN,kernel,generic_eltwise_ref_1696504087421334661_0_0__sa,layers.*/self_attn,/model/layers.21/self_attn/IsNaN,IsNaN,isnan:/model/layers.21/self_attn/IsNaN,eltwise,generic_eltwise_ref,generic_eltwise_ref_1696504087421334661_0_0__sa,performance,gtpin_total_execution_cycles,1248966,cycles,1,256,1248966
n1_i0,0,1,0,n1_i0::kernel::isnan:/model/layers.3/self_attn/IsNaN::generic_eltwise_ref_1696504087421334661_0_0__sa,n1_i0::primitive::isnan:/model/layers.3/self_attn/IsNaN,kernel,generic_eltwise_ref_1696504087421334661_0_0__sa,layers.*/self_attn,/model/layers.3/self_attn/IsNaN,IsNaN,isnan:/model/layers.3/self_attn/IsNaN,eltwise,generic_eltwise_ref,generic_eltwise_ref_1696504087421334661_0_0__sa,performance,gtpin_total_execution_cycles,1416800,cycles,1,256,1416800
n1_i0,0,1,0,n1_i0::kernel::isnan:/model/layers.4/self_attn/IsNaN::generic_eltwise_ref_1696504087421334661_0_0__sa,n1_i0::primitive::isnan:/model/layers.4/self_attn/IsNaN,kernel,generic_eltwise_ref_1696504087421334661_0_0__sa,layers.*/self_attn,/model/layers.4/self_attn/IsNaN,IsNaN,isnan:/model/layers.4/self_attn/IsNaN,eltwise,generic_eltwise_ref,generic_eltwise_ref_1696504087421334661_0_0__sa,performance,gtpin_total_execution_cycles,1183528,cycles,1,256,1183528
n1_i0,0,1,0,n1_i0::kernel::isnan:/model/layers.5/self_attn/IsNaN::generic_eltwise_ref_1696504087421334661_0_0__sa,n1_i0::primitive::isnan:/model/layers.5/self_attn/IsNaN,kernel,generic_eltwise_ref_1696504087421334661_0_0__sa,layers.*/self_attn,/model/layers.5/self_attn/IsNaN,IsNaN,isnan:/model/layers.5/self_attn/IsNaN,eltwise,generic_eltwise_ref,generic_eltwise_ref_1696504087421334661_0_0__sa,performance,gtpin_total_execution_cycles,1305800,cycles,1,256,1305800
n1_i0,0,1,0,n1_i0::kernel::isnan:/model/layers.6/self_attn/IsNaN::generic_eltwise_ref_1696504087421334661_0_0__sa,n1_i0::primitive::isnan:/model/layers.6/self_attn/IsNaN,kernel,generic_eltwise_ref_1696504087421334661_0_0__sa,layers.*/self_attn,/model/layers.6/self_attn/IsNaN,IsNaN,isnan:/model/layers.6/self_attn/IsNaN,eltwise,generic_eltwise_ref,generic_eltwise_ref_1696504087421334661_0_0__sa,performance,gtpin_total_execution_cycles,1188366,cycles,1,256,1188366
n1_i0,0,1,0,n1_i0::kernel::isnan:/model/layers.7/self_attn/IsNaN::generic_eltwise_ref_1696504087421334661_0_0__sa,n1_i0::primitive::isnan:/model/layers.7/self_attn/IsNaN,kernel,generic_eltwise_ref_1696504087421334661_0_0__sa,layers.*/self_attn,/model/layers.7/self_attn/IsNaN,IsNaN,isnan:/model/layers.7/self_attn/IsNaN,eltwise,generic_eltwise_ref,generic_eltwise_ref_1696504087421334661_0_0__sa,performance,gtpin_total_execution_cycles,1081110,cycles,1,256,1081110
n1_i0,0,1,0,n1_i0::kernel::isnan:/model/layers.8/self_attn/IsNaN::generic_eltwise_ref_1696504087421334661_0_0__sa,n1_i0::primitive::isnan:/model/layers.8/self_attn/IsNaN,kernel,generic_eltwise_ref_1696504087421334661_0_0__sa,layers.*/self_attn,/model/layers.8/self_attn/IsNaN,IsNaN,isnan:/model/layers.8/self_attn/IsNaN,eltwise,generic_eltwise_ref,generic_eltwise_ref_1696504087421334661_0_0__sa,performance,gtpin_total_execution_cycles,1246270,cycles,1,256,1246270
n1_i0,0,1,0,n1_i0::kernel::isnan:/model/layers.9/self_attn/IsNaN::generic_eltwise_ref_1696504087421334661_0_0__sa,n1_i0::primitive::isnan:/model/layers.9/self_attn/IsNaN,kernel,generic_eltwise_ref_1696504087421334661_0_0__sa,layers.*/self_attn,/model/layers.9/self_attn/IsNaN,IsNaN,isnan:/model/layers.9/self_attn/IsNaN,eltwise,generic_eltwise_ref,generic_eltwise_ref_1696504087421334661_0_0__sa,performance,gtpin_total_execution_cycles,1277670,cycles,1,256,1277670
n1_i0,0,1,0,n1_i0::kernel::lessequal:/model/LessOrEqual::generic_eltwise_ref_12991517841348968924_0_0__sa,n1_i0::primitive::lessequal:/model/LessOrEqual,kernel,generic_eltwise_ref_12991517841348968924_0_0__sa,(root),/model/LessOrEqual,LessEqual,lessequal:/model/LessOrEqual,eltwise,generic_eltwise_ref,generic_eltwise_ref_12991517841348968924_0_0__sa,performance,gtpin_total_execution_cycles,42976,cycles,1,8,42976
n1_i0,0,1,0,n1_i0::kernel::logicaland:/model/And::generic_eltwise_ref_12613916656436061640_0_0__sa,n1_i0::primitive::logicaland:/model/And,kernel,generic_eltwise_ref_12613916656436061640_0_0__sa,(root),/model/And,LogicalAnd,logicaland:/model/And,eltwise,generic_eltwise_ref,generic_eltwise_ref_12613916656436061640_0_0__sa,performance,gtpin_total_execution_cycles,44904,cycles,1,8,44904
n1_i0,0,1,0,n1_i0::kernel::logicaland:/model/And_1::generic_eltwise_ref_9810887907610228330_0_0__sa,n1_i0::primitive::logicaland:/model/And_1,kernel,generic_eltwise_ref_9810887907610228330_0_0__sa,(root),/model/And_1,LogicalAnd,logicaland:/model/And_1,eltwise,generic_eltwise_ref,generic_eltwise_ref_9810887907610228330_0_0__sa,performance,gtpin_total_execution_cycles,52272,cycles,1,8,52272
n1_i0,0,1,0,n1_i0::kernel::multiply:/model/layers.0/self_attn/Mul_8::generic_eltwise_ref_7125964068740378811_0_0__sa,n1_i0::primitive::multiply:/model/layers.0/self_attn/Mul_8,kernel,generic_eltwise_ref_7125964068740378811_0_0__sa,layers.*/self_attn,/model/layers.0/self_attn/Mul_8,Multiply,multiply:/model/layers.0/self_attn/Mul_8,eltwise,generic_eltwise_ref,generic_eltwise_ref_7125964068740378811_0_0__sa,performance,gtpin_total_execution_cycles,4374918,cycles,1,1024,4374918
n1_i0,0,1,0,n1_i0::kernel::multiply:/model/layers.1/self_attn/Mul_8::generic_eltwise_ref_7125964068740378811_0_0__sa,n1_i0::primitive::multiply:/model/layers.1/self_attn/Mul_8,kernel,generic_eltwise_ref_7125964068740378811_0_0__sa,layers.*/self_attn,/model/layers.1/self_attn/Mul_8,Multiply,multiply:/model/layers.1/self_attn/Mul_8,eltwise,generic_eltwise_ref,generic_eltwise_ref_7125964068740378811_0_0__sa,performance,gtpin_total_execution_cycles,5140436,cycles,1,1024,5140436
n1_i0,0,1,0,n1_i0::kernel::multiply:/model/layers.10/self_attn/Mul_8::generic_eltwise_ref_7125964068740378811_0_0__sa,n1_i0::primitive::multiply:/model/layers.10/self_attn/Mul_8,kernel,generic_eltwise_ref_7125964068740378811_0_0__sa,layers.*/self_attn,/model/layers.10/self_attn/Mul_8,Multiply,multiply:/model/layers.10/self_attn/Mul_8,eltwise,generic_eltwise_ref,generic_eltwise_ref_7125964068740378811_0_0__sa,performance,gtpin_total_execution_cycles,4762280,cycles,1,1024,4762280
n1_i0,0,1,0,n1_i0::kernel::multiply:/model/layers.11/self_attn/Mul_8::generic_eltwise_ref_7125964068740378811_0_0__sa,n1_i0::primitive::multiply:/model/layers.11/self_attn/Mul_8,kernel,generic_eltwise_ref_7125964068740378811_0_0__sa,layers.*/self_attn,/model/layers.11/self_attn/Mul_8,Multiply,multiply:/model/layers.11/self_attn/Mul_8,eltwise,generic_eltwise_ref,generic_eltwise_ref_7125964068740378811_0_0__sa,performance,gtpin_total_execution_cycles,4396062,cycles,1,1024,4396062
n1_i0,0,1,0,n1_i0::kernel::multiply:/model/layers.12/self_attn/Mul_8::generic_eltwise_ref_7125964068740378811_0_0__sa,n1_i0::primitive::multiply:/model/layers.12/self_attn/Mul_8,kernel,generic_eltwise_ref_7125964068740378811_0_0__sa,layers.*/self_attn,/model/layers.12/self_attn/Mul_8,Multiply,multiply:/model/layers.12/self_attn/Mul_8,eltwise,generic_eltwise_ref,generic_eltwise_ref_7125964068740378811_0_0__sa,performance,gtpin_total_execution_cycles,5285724,cycles,1,1024,5285724
n1_i0,0,1,0,n1_i0::kernel::multiply:/model/layers.13/self_attn/Mul_8::generic_eltwise_ref_7125964068740378811_0_0__sa,n1_i0::primitive::multiply:/model/layers.13/self_attn/Mul_8,kernel,generic_eltwise_ref_7125964068740378811_0_0__sa,layers.*/self_attn,/model/layers.13/self_attn/Mul_8,Multiply,multiply:/model/layers.13/self_attn/Mul_8,eltwise,generic_eltwise_ref,generic_eltwise_ref_7125964068740378811_0_0__sa,performance,gtpin_total_execution_cycles,4403184,cycles,1,1024,4403184
n1_i0,0,1,0,n1_i0::kernel::multiply:/model/layers.14/self_attn/Mul_8::generic_eltwise_ref_7125964068740378811_0_0__sa,n1_i0::primitive::multiply:/model/layers.14/self_attn/Mul_8,kernel,generic_eltwise_ref_7125964068740378811_0_0__sa,layers.*/self_attn,/model/layers.14/self_attn/Mul_8,Multiply,multiply:/model/layers.14/self_attn/Mul_8,eltwise,generic_eltwise_ref,generic_eltwise_ref_7125964068740378811_0_0__sa,performance,gtpin_total_execution_cycles,5487900,cycles,1,1024,5487900
n1_i0,0,1,0,n1_i0::kernel::multiply:/model/layers.15/self_attn/Mul_8::generic_eltwise_ref_7125964068740378811_0_0__sa,n1_i0::primitive::multiply:/model/layers.15/self_attn/Mul_8,kernel,generic_eltwise_ref_7125964068740378811_0_0__sa,layers.*/self_attn,/model/layers.15/self_attn/Mul_8,Multiply,multiply:/model/layers.15/self_attn/Mul_8,eltwise,generic_eltwise_ref,generic_eltwise_ref_7125964068740378811_0_0__sa,performance,gtpin_total_execution_cycles,4736838,cycles,1,1024,4736838
n1_i0,0,1,0,n1_i0::kernel::multiply:/model/layers.16/self_attn/Mul_8::generic_eltwise_ref_7125964068740378811_0_0__sa,n1_i0::primitive::multiply:/model/layers.16/self_attn/Mul_8,kernel,generic_eltwise_ref_7125964068740378811_0_0__sa,layers.*/self_attn,/model/layers.16/self_attn/Mul_8,Multiply,multiply:/model/layers.16/self_attn/Mul_8,eltwise,generic_eltwise_ref,generic_eltwise_ref_7125964068740378811_0_0__sa,performance,gtpin_total_execution_cycles,5005680,cycles,1,1024,5005680
n1_i0,0,1,0,n1_i0::kernel::multiply:/model/layers.17/self_attn/Mul_8::generic_eltwise_ref_7125964068740378811_0_0__sa,n1_i0::primitive::multiply:/model/layers.17/self_attn/Mul_8,kernel,generic_eltwise_ref_7125964068740378811_0_0__sa,layers.*/self_attn,/model/layers.17/self_attn/Mul_8,Multiply,multiply:/model/layers.17/self_attn/Mul_8,eltwise,generic_eltwise_ref,generic_eltwise_ref_7125964068740378811_0_0__sa,performance,gtpin_total_execution_cycles,5301044,cycles,1,1024,5301044
n1_i0,0,1,0,n1_i0::kernel::multiply:/model/layers.18/self_attn/Mul_8::generic_eltwise_ref_7125964068740378811_0_0__sa,n1_i0::primitive::multiply:/model/layers.18/self_attn/Mul_8,kernel,generic_eltwise_ref_7125964068740378811_0_0__sa,layers.*/self_attn,/model/layers.18/self_attn/Mul_8,Multiply,multiply:/model/layers.18/self_attn/Mul_8,eltwise,generic_eltwise_ref,generic_eltwise_ref_7125964068740378811_0_0__sa,performance,gtpin_total_execution_cycles,4966080,cycles,1,1024,4966080
n1_i0,0,1,0,n1_i0::kernel::multiply:/model/layers.19/self_attn/Mul_8::generic_eltwise_ref_7125964068740378811_0_0__sa,n1_i0::primitive::multiply:/model/layers.19/self_attn/Mul_8,kernel,generic_eltwise_ref_7125964068740378811_0_0__sa,layers.*/self_attn,/model/layers.19/self_attn/Mul_8,Multiply,multiply:/model/layers.19/self_attn/Mul_8,eltwise,generic_eltwise_ref,generic_eltwise_ref_7125964068740378811_0_0__sa,performance,gtpin_total_execution_cycles,4500360,cycles,1,1024,4500360
n1_i0,0,1,0,n1_i0::kernel::multiply:/model/layers.2/self_attn/Mul_8::generic_eltwise_ref_7125964068740378811_0_0__sa,n1_i0::primitive::multiply:/model/layers.2/self_attn/Mul_8,kernel,generic_eltwise_ref_7125964068740378811_0_0__sa,layers.*/self_attn,/model/layers.2/self_attn/Mul_8,Multiply,multiply:/model/layers.2/self_attn/Mul_8,eltwise,generic_eltwise_ref,generic_eltwise_ref_7125964068740378811_0_0__sa,performance,gtpin_total_execution_cycles,4563166,cycles,1,1024,4563166
n1_i0,0,1,0,n1_i0::kernel::multiply:/model/layers.20/self_attn/Mul_8::generic_eltwise_ref_7125964068740378811_0_0__sa,n1_i0::primitive::multiply:/model/layers.20/self_attn/Mul_8,kernel,generic_eltwise_ref_7125964068740378811_0_0__sa,layers.*/self_attn,/model/layers.20/self_attn/Mul_8,Multiply,multiply:/model/layers.20/self_attn/Mul_8,eltwise,generic_eltwise_ref,generic_eltwise_ref_7125964068740378811_0_0__sa,performance,gtpin_total_execution_cycles,5265078,cycles,1,1024,5265078
n1_i0,0,1,0,n1_i0::kernel::multiply:/model/layers.21/self_attn/Mul_8::generic_eltwise_ref_7125964068740378811_0_0__sa,n1_i0::primitive::multiply:/model/layers.21/self_attn/Mul_8,kernel,generic_eltwise_ref_7125964068740378811_0_0__sa,layers.*/self_attn,/model/layers.21/self_attn/Mul_8,Multiply,multiply:/model/layers.21/self_attn/Mul_8,eltwise,generic_eltwise_ref,generic_eltwise_ref_7125964068740378811_0_0__sa,performance,gtpin_total_execution_cycles,5313854,cycles,1,1024,5313854
n1_i0,0,1,0,n1_i0::kernel::multiply:/model/layers.3/self_attn/Mul_8::generic_eltwise_ref_7125964068740378811_0_0__sa,n1_i0::primitive::multiply:/model/layers.3/self_attn/Mul_8,kernel,generic_eltwise_ref_7125964068740378811_0_0__sa,layers.*/self_attn,/model/layers.3/self_attn/Mul_8,Multiply,multiply:/model/layers.3/self_attn/Mul_8,eltwise,generic_eltwise_ref,generic_eltwise_ref_7125964068740378811_0_0__sa,performance,gtpin_total_execution_cycles,4476766,cycles,1,1024,4476766
n1_i0,0,1,0,n1_i0::kernel::multiply:/model/layers.4/self_attn/Mul_8::generic_eltwise_ref_7125964068740378811_0_0__sa,n1_i0::primitive::multiply:/model/layers.4/self_attn/Mul_8,kernel,generic_eltwise_ref_7125964068740378811_0_0__sa,layers.*/self_attn,/model/layers.4/self_attn/Mul_8,Multiply,multiply:/model/layers.4/self_attn/Mul_8,eltwise,generic_eltwise_ref,generic_eltwise_ref_7125964068740378811_0_0__sa,performance,gtpin_total_execution_cycles,4870764,cycles,1,1024,4870764
n1_i0,0,1,0,n1_i0::kernel::multiply:/model/layers.5/self_attn/Mul_8::generic_eltwise_ref_7125964068740378811_0_0__sa,n1_i0::primitive::multiply:/model/layers.5/self_attn/Mul_8,kernel,generic_eltwise_ref_7125964068740378811_0_0__sa,layers.*/self_attn,/model/layers.5/self_attn/Mul_8,Multiply,multiply:/model/layers.5/self_attn/Mul_8,eltwise,generic_eltwise_ref,generic_eltwise_ref_7125964068740378811_0_0__sa,performance,gtpin_total_execution_cycles,4796462,cycles,1,1024,4796462
n1_i0,0,1,0,n1_i0::kernel::multiply:/model/layers.6/self_attn/Mul_8::generic_eltwise_ref_7125964068740378811_0_0__sa,n1_i0::primitive::multiply:/model/layers.6/self_attn/Mul_8,kernel,generic_eltwise_ref_7125964068740378811_0_0__sa,layers.*/self_attn,/model/layers.6/self_attn/Mul_8,Multiply,multiply:/model/layers.6/self_attn/Mul_8,eltwise,generic_eltwise_ref,generic_eltwise_ref_7125964068740378811_0_0__sa,performance,gtpin_total_execution_cycles,4638944,cycles,1,1024,4638944
n1_i0,0,1,0,n1_i0::kernel::multiply:/model/layers.7/self_attn/Mul_8::generic_eltwise_ref_7125964068740378811_0_0__sa,n1_i0::primitive::multiply:/model/layers.7/self_attn/Mul_8,kernel,generic_eltwise_ref_7125964068740378811_0_0__sa,layers.*/self_attn,/model/layers.7/self_attn/Mul_8,Multiply,multiply:/model/layers.7/self_attn/Mul_8,eltwise,generic_eltwise_ref,generic_eltwise_ref_7125964068740378811_0_0__sa,performance,gtpin_total_execution_cycles,4809792,cycles,1,1024,4809792
n1_i0,0,1,0,n1_i0::kernel::multiply:/model/layers.8/self_attn/Mul_8::generic_eltwise_ref_7125964068740378811_0_0__sa,n1_i0::primitive::multiply:/model/layers.8/self_attn/Mul_8,kernel,generic_eltwise_ref_7125964068740378811_0_0__sa,layers.*/self_attn,/model/layers.8/self_attn/Mul_8,Multiply,multiply:/model/layers.8/self_attn/Mul_8,eltwise,generic_eltwise_ref,generic_eltwise_ref_7125964068740378811_0_0__sa,performance,gtpin_total_execution_cycles,5526556,cycles,1,1024,5526556
n1_i0,0,1,0,n1_i0::kernel::multiply:/model/layers.9/self_attn/Mul_8::generic_eltwise_ref_7125964068740378811_0_0__sa,n1_i0::primitive::multiply:/model/layers.9/self_attn/Mul_8,kernel,generic_eltwise_ref_7125964068740378811_0_0__sa,layers.*/self_attn,/model/layers.9/self_attn/Mul_8,Multiply,multiply:/model/layers.9/self_attn/Mul_8,eltwise,generic_eltwise_ref,generic_eltwise_ref_7125964068740378811_0_0__sa,performance,gtpin_total_execution_cycles,4636846,cycles,1,1024,4636846
n1_i0,0,1,0,n1_i0::kernel::rms:/model/layers.0/input_layernorm/Mul::rms_gpu_bfyx_opt_10690270683970839748_0_0__sa,n1_i0::primitive::rms:/model/layers.0/input_layernorm/Mul,kernel,rms_gpu_bfyx_opt_10690270683970839748_0_0__sa,layers.*/input_layernorm,/model/layers.0/input_layernorm/Mul,RMS,rms:/model/layers.0/input_layernorm/Mul,rms,rms_gpu_bfyx_opt,rms_gpu_bfyx_opt_10690270683970839748_0_0__sa,performance,gtpin_total_execution_cycles,2125796,cycles,1,256,2125796
n1_i0,0,1,0,n1_i0::kernel::rms:/model/layers.0/post_attention_layernorm/Mul::rms_gpu_bfyx_opt_10690270683970839748_0_0__sa,n1_i0::primitive::rms:/model/layers.0/post_attention_layernorm/Mul,kernel,rms_gpu_bfyx_opt_10690270683970839748_0_0__sa,layers.*/post_attention_layernorm,/model/layers.0/post_attention_layernorm/Mul,RMS,rms:/model/layers.0/post_attention_layernorm/Mul,rms,rms_gpu_bfyx_opt,rms_gpu_bfyx_opt_10690270683970839748_0_0__sa,performance,gtpin_total_execution_cycles,1922810,cycles,1,256,1922810
n1_i0,0,1,0,n1_i0::kernel::rms:/model/layers.1/input_layernorm/Mul::rms_gpu_bfyx_opt_10690270683970839748_0_0__sa,n1_i0::primitive::rms:/model/layers.1/input_layernorm/Mul,kernel,rms_gpu_bfyx_opt_10690270683970839748_0_0__sa,layers.*/input_layernorm,/model/layers.1/input_layernorm/Mul,RMS,rms:/model/layers.1/input_layernorm/Mul,rms,rms_gpu_bfyx_opt,rms_gpu_bfyx_opt_10690270683970839748_0_0__sa,performance,gtpin_total_execution_cycles,1710178,cycles,1,256,1710178
n1_i0,0,1,0,n1_i0::kernel::rms:/model/layers.1/post_attention_layernorm/Mul::rms_gpu_bfyx_opt_10690270683970839748_0_0__sa,n1_i0::primitive::rms:/model/layers.1/post_attention_layernorm/Mul,kernel,rms_gpu_bfyx_opt_10690270683970839748_0_0__sa,layers.*/post_attention_layernorm,/model/layers.1/post_attention_layernorm/Mul,RMS,rms:/model/layers.1/post_attention_layernorm/Mul,rms,rms_gpu_bfyx_opt,rms_gpu_bfyx_opt_10690270683970839748_0_0__sa,performance,gtpin_total_execution_cycles,1757294,cycles,1,256,1757294
n1_i0,0,1,0,n1_i0::kernel::rms:/model/layers.10/input_layernorm/Mul::rms_gpu_bfyx_opt_10690270683970839748_0_0__sa,n1_i0::primitive::rms:/model/layers.10/input_layernorm/Mul,kernel,rms_gpu_bfyx_opt_10690270683970839748_0_0__sa,layers.*/input_layernorm,/model/layers.10/input_layernorm/Mul,RMS,rms:/model/layers.10/input_layernorm/Mul,rms,rms_gpu_bfyx_opt,rms_gpu_bfyx_opt_10690270683970839748_0_0__sa,performance,gtpin_total_execution_cycles,1709562,cycles,1,256,1709562
n1_i0,0,1,0,n1_i0::kernel::rms:/model/layers.10/post_attention_layernorm/Mul::rms_gpu_bfyx_opt_10690270683970839748_0_0__sa,n1_i0::primitive::rms:/model/layers.10/post_attention_layernorm/Mul,kernel,rms_gpu_bfyx_opt_10690270683970839748_0_0__sa,layers.*/post_attention_layernorm,/model/layers.10/post_attention_layernorm/Mul,RMS,rms:/model/layers.10/post_attention_layernorm/Mul,rms,rms_gpu_bfyx_opt,rms_gpu_bfyx_opt_10690270683970839748_0_0__sa,performance,gtpin_total_execution_cycles,1852282,cycles,1,256,1852282
n1_i0,0,1,0,n1_i0::kernel::rms:/model/layers.11/input_layernorm/Mul::rms_gpu_bfyx_opt_10690270683970839748_0_0__sa,n1_i0::primitive::rms:/model/layers.11/input_layernorm/Mul,kernel,rms_gpu_bfyx_opt_10690270683970839748_0_0__sa,layers.*/input_layernorm,/model/layers.11/input_layernorm/Mul,RMS,rms:/model/layers.11/input_layernorm/Mul,rms,rms_gpu_bfyx_opt,rms_gpu_bfyx_opt_10690270683970839748_0_0__sa,performance,gtpin_total_execution_cycles,1989504,cycles,1,256,1989504
n1_i0,0,1,0,n1_i0::kernel::rms:/model/layers.11/post_attention_layernorm/Mul::rms_gpu_bfyx_opt_10690270683970839748_0_0__sa,n1_i0::primitive::rms:/model/layers.11/post_attention_layernorm/Mul,kernel,rms_gpu_bfyx_opt_10690270683970839748_0_0__sa,layers.*/post_attention_layernorm,/model/layers.11/post_attention_layernorm/Mul,RMS,rms:/model/layers.11/post_attention_layernorm/Mul,rms,rms_gpu_bfyx_opt,rms_gpu_bfyx_opt_10690270683970839748_0_0__sa,performance,gtpin_total_execution_cycles,2479556,cycles,1,256,2479556
n1_i0,0,1,0,n1_i0::kernel::rms:/model/layers.12/input_layernorm/Mul::rms_gpu_bfyx_opt_10690270683970839748_0_0__sa,n1_i0::primitive::rms:/model/layers.12/input_layernorm/Mul,kernel,rms_gpu_bfyx_opt_10690270683970839748_0_0__sa,layers.*/input_layernorm,/model/layers.12/input_layernorm/Mul,RMS,rms:/model/layers.12/input_layernorm/Mul,rms,rms_gpu_bfyx_opt,rms_gpu_bfyx_opt_10690270683970839748_0_0__sa,performance,gtpin_total_execution_cycles,1754532,cycles,1,256,1754532
n1_i0,0,1,0,n1_i0::kernel::rms:/model/layers.12/post_attention_layernorm/Mul::rms_gpu_bfyx_opt_10690270683970839748_0_0__sa,n1_i0::primitive::rms:/model/layers.12/post_attention_layernorm/Mul,kernel,rms_gpu_bfyx_opt_10690270683970839748_0_0__sa,layers.*/post_attention_layernorm,/model/layers.12/post_attention_layernorm/Mul,RMS,rms:/model/layers.12/post_attention_layernorm/Mul,rms,rms_gpu_bfyx_opt,rms_gpu_bfyx_opt_10690270683970839748_0_0__sa,performance,gtpin_total_execution_cycles,2215250,cycles,1,256,2215250
n1_i0,0,1,0,n1_i0::kernel::rms:/model/layers.13/input_layernorm/Mul::rms_gpu_bfyx_opt_10690270683970839748_0_0__sa,n1_i0::primitive::rms:/model/layers.13/input_layernorm/Mul,kernel,rms_gpu_bfyx_opt_10690270683970839748_0_0__sa,layers.*/input_layernorm,/model/layers.13/input_layernorm/Mul,RMS,rms:/model/layers.13/input_layernorm/Mul,rms,rms_gpu_bfyx_opt,rms_gpu_bfyx_opt_10690270683970839748_0_0__sa,performance,gtpin_total_execution_cycles,2348962,cycles,1,256,2348962
n1_i0,0,1,0,n1_i0::kernel::rms:/model/layers.13/post_attention_layernorm/Mul::rms_gpu_bfyx_opt_10690270683970839748_0_0__sa,n1_i0::primitive::rms:/model/layers.13/post_attention_layernorm/Mul,kernel,rms_gpu_bfyx_opt_10690270683970839748_0_0__sa,layers.*/post_attention_layernorm,/model/layers.13/post_attention_layernorm/Mul,RMS,rms:/model/layers.13/post_attention_layernorm/Mul,rms,rms_gpu_bfyx_opt,rms_gpu_bfyx_opt_10690270683970839748_0_0__sa,performance,gtpin_total_execution_cycles,1936102,cycles,1,256,1936102
n1_i0,0,1,0,n1_i0::kernel::rms:/model/layers.14/input_layernorm/Mul::rms_gpu_bfyx_opt_10690270683970839748_0_0__sa,n1_i0::primitive::rms:/model/layers.14/input_layernorm/Mul,kernel,rms_gpu_bfyx_opt_10690270683970839748_0_0__sa,layers.*/input_layernorm,/model/layers.14/input_layernorm/Mul,RMS,rms:/model/layers.14/input_layernorm/Mul,rms,rms_gpu_bfyx_opt,rms_gpu_bfyx_opt_10690270683970839748_0_0__sa,performance,gtpin_total_execution_cycles,1763028,cycles,1,256,1763028
n1_i0,0,1,0,n1_i0::kernel::rms:/model/layers.14/post_attention_layernorm/Mul::rms_gpu_bfyx_opt_10690270683970839748_0_0__sa,n1_i0::primitive::rms:/model/layers.14/post_attention_layernorm/Mul,kernel,rms_gpu_bfyx_opt_10690270683970839748_0_0__sa,layers.*/post_attention_layernorm,/model/layers.14/post_attention_layernorm/Mul,RMS,rms:/model/layers.14/post_attention_layernorm/Mul,rms,rms_gpu_bfyx_opt,rms_gpu_bfyx_opt_10690270683970839748_0_0__sa,performance,gtpin_total_execution_cycles,1926962,cycles,1,256,1926962
n1_i0,0,1,0,n1_i0::kernel::rms:/model/layers.15/input_layernorm/Mul::rms_gpu_bfyx_opt_10690270683970839748_0_0__sa,n1_i0::primitive::rms:/model/layers.15/input_layernorm/Mul,kernel,rms_gpu_bfyx_opt_10690270683970839748_0_0__sa,layers.*/input_layernorm,/model/layers.15/input_layernorm/Mul,RMS,rms:/model/layers.15/input_layernorm/Mul,rms,rms_gpu_bfyx_opt,rms_gpu_bfyx_opt_10690270683970839748_0_0__sa,performance,gtpin_total_execution_cycles,2184718,cycles,1,256,2184718
n1_i0,0,1,0,n1_i0::kernel::rms:/model/layers.15/post_attention_layernorm/Mul::rms_gpu_bfyx_opt_10690270683970839748_0_0__sa,n1_i0::primitive::rms:/model/layers.15/post_attention_layernorm/Mul,kernel,rms_gpu_bfyx_opt_10690270683970839748_0_0__sa,layers.*/post_attention_layernorm,/model/layers.15/post_attention_layernorm/Mul,RMS,rms:/model/layers.15/post_attention_layernorm/Mul,rms,rms_gpu_bfyx_opt,rms_gpu_bfyx_opt_10690270683970839748_0_0__sa,performance,gtpin_total_execution_cycles,1937930,cycles,1,256,1937930
n1_i0,0,1,0,n1_i0::kernel::rms:/model/layers.16/input_layernorm/Mul::rms_gpu_bfyx_opt_10690270683970839748_0_0__sa,n1_i0::primitive::rms:/model/layers.16/input_layernorm/Mul,kernel,rms_gpu_bfyx_opt_10690270683970839748_0_0__sa,layers.*/input_layernorm,/model/layers.16/input_layernorm/Mul,RMS,rms:/model/layers.16/input_layernorm/Mul,rms,rms_gpu_bfyx_opt,rms_gpu_bfyx_opt_10690270683970839748_0_0__sa,performance,gtpin_total_execution_cycles,1506722,cycles,1,256,1506722
n1_i0,0,1,0,n1_i0::kernel::rms:/model/layers.16/post_attention_layernorm/Mul::rms_gpu_bfyx_opt_10690270683970839748_0_0__sa,n1_i0::primitive::rms:/model/layers.16/post_attention_layernorm/Mul,kernel,rms_gpu_bfyx_opt_10690270683970839748_0_0__sa,layers.*/post_attention_layernorm,/model/layers.16/post_attention_layernorm/Mul,RMS,rms:/model/layers.16/post_attention_layernorm/Mul,rms,rms_gpu_bfyx_opt,rms_gpu_bfyx_opt_10690270683970839748_0_0__sa,performance,gtpin_total_execution_cycles,1976838,cycles,1,256,1976838
n1_i0,0,1,0,n1_i0::kernel::rms:/model/layers.17/input_layernorm/Mul::rms_gpu_bfyx_opt_10690270683970839748_0_0__sa,n1_i0::primitive::rms:/model/layers.17/input_layernorm/Mul,kernel,rms_gpu_bfyx_opt_10690270683970839748_0_0__sa,layers.*/input_layernorm,/model/layers.17/input_layernorm/Mul,RMS,rms:/model/layers.17/input_layernorm/Mul,rms,rms_gpu_bfyx_opt,rms_gpu_bfyx_opt_10690270683970839748_0_0__sa,performance,gtpin_total_execution_cycles,1912302,cycles,1,256,1912302
n1_i0,0,1,0,n1_i0::kernel::rms:/model/layers.17/post_attention_layernorm/Mul::rms_gpu_bfyx_opt_10690270683970839748_0_0__sa,n1_i0::primitive::rms:/model/layers.17/post_attention_layernorm/Mul,kernel,rms_gpu_bfyx_opt_10690270683970839748_0_0__sa,layers.*/post_attention_layernorm,/model/layers.17/post_attention_layernorm/Mul,RMS,rms:/model/layers.17/post_attention_layernorm/Mul,rms,rms_gpu_bfyx_opt,rms_gpu_bfyx_opt_10690270683970839748_0_0__sa,performance,gtpin_total_execution_cycles,2052884,cycles,1,256,2052884
n1_i0,0,1,0,n1_i0::kernel::rms:/model/layers.18/input_layernorm/Mul::rms_gpu_bfyx_opt_10690270683970839748_0_0__sa,n1_i0::primitive::rms:/model/layers.18/input_layernorm/Mul,kernel,rms_gpu_bfyx_opt_10690270683970839748_0_0__sa,layers.*/input_layernorm,/model/layers.18/input_layernorm/Mul,RMS,rms:/model/layers.18/input_layernorm/Mul,rms,rms_gpu_bfyx_opt,rms_gpu_bfyx_opt_10690270683970839748_0_0__sa,performance,gtpin_total_execution_cycles,1528854,cycles,1,256,1528854
n1_i0,0,1,0,n1_i0::kernel::rms:/model/layers.18/post_attention_layernorm/Mul::rms_gpu_bfyx_opt_10690270683970839748_0_0__sa,n1_i0::primitive::rms:/model/layers.18/post_attention_layernorm/Mul,kernel,rms_gpu_bfyx_opt_10690270683970839748_0_0__sa,layers.*/post_attention_layernorm,/model/layers.18/post_attention_layernorm/Mul,RMS,rms:/model/layers.18/post_attention_layernorm/Mul,rms,rms_gpu_bfyx_opt,rms_gpu_bfyx_opt_10690270683970839748_0_0__sa,performance,gtpin_total_execution_cycles,1882318,cycles,1,256,1882318
n1_i0,0,1,0,n1_i0::kernel::rms:/model/layers.19/input_layernorm/Mul::rms_gpu_bfyx_opt_10690270683970839748_0_0__sa,n1_i0::primitive::rms:/model/layers.19/input_layernorm/Mul,kernel,rms_gpu_bfyx_opt_10690270683970839748_0_0__sa,layers.*/input_layernorm,/model/layers.19/input_layernorm/Mul,RMS,rms:/model/layers.19/input_layernorm/Mul,rms,rms_gpu_bfyx_opt,rms_gpu_bfyx_opt_10690270683970839748_0_0__sa,performance,gtpin_total_execution_cycles,2050008,cycles,1,256,2050008
n1_i0,0,1,0,n1_i0::kernel::rms:/model/layers.19/post_attention_layernorm/Mul::rms_gpu_bfyx_opt_10690270683970839748_0_0__sa,n1_i0::primitive::rms:/model/layers.19/post_attention_layernorm/Mul,kernel,rms_gpu_bfyx_opt_10690270683970839748_0_0__sa,layers.*/post_attention_layernorm,/model/layers.19/post_attention_layernorm/Mul,RMS,rms:/model/layers.19/post_attention_layernorm/Mul,rms,rms_gpu_bfyx_opt,rms_gpu_bfyx_opt_10690270683970839748_0_0__sa,performance,gtpin_total_execution_cycles,2136782,cycles,1,256,2136782
n1_i0,0,1,0,n1_i0::kernel::rms:/model/layers.2/input_layernorm/Mul::rms_gpu_bfyx_opt_10690270683970839748_0_0__sa,n1_i0::primitive::rms:/model/layers.2/input_layernorm/Mul,kernel,rms_gpu_bfyx_opt_10690270683970839748_0_0__sa,layers.*/input_layernorm,/model/layers.2/input_layernorm/Mul,RMS,rms:/model/layers.2/input_layernorm/Mul,rms,rms_gpu_bfyx_opt,rms_gpu_bfyx_opt_10690270683970839748_0_0__sa,performance,gtpin_total_execution_cycles,1412494,cycles,1,256,1412494
n1_i0,0,1,0,n1_i0::kernel::rms:/model/layers.2/post_attention_layernorm/Mul::rms_gpu_bfyx_opt_10690270683970839748_0_0__sa,n1_i0::primitive::rms:/model/layers.2/post_attention_layernorm/Mul,kernel,rms_gpu_bfyx_opt_10690270683970839748_0_0__sa,layers.*/post_attention_layernorm,/model/layers.2/post_attention_layernorm/Mul,RMS,rms:/model/layers.2/post_attention_layernorm/Mul,rms,rms_gpu_bfyx_opt,rms_gpu_bfyx_opt_10690270683970839748_0_0__sa,performance,gtpin_total_execution_cycles,2145200,cycles,1,256,2145200
n1_i0,0,1,0,n1_i0::kernel::rms:/model/layers.20/input_layernorm/Mul::rms_gpu_bfyx_opt_10690270683970839748_0_0__sa,n1_i0::primitive::rms:/model/layers.20/input_layernorm/Mul,kernel,rms_gpu_bfyx_opt_10690270683970839748_0_0__sa,layers.*/input_layernorm,/model/layers.20/input_layernorm/Mul,RMS,rms:/model/layers.20/input_layernorm/Mul,rms,rms_gpu_bfyx_opt,rms_gpu_bfyx_opt_10690270683970839748_0_0__sa,performance,gtpin_total_execution_cycles,1609416,cycles,1,256,1609416
n1_i0,0,1,0,n1_i0::kernel::rms:/model/layers.20/post_attention_layernorm/Mul::rms_gpu_bfyx_opt_10690270683970839748_0_0__sa,n1_i0::primitive::rms:/model/layers.20/post_attention_layernorm/Mul,kernel,rms_gpu_bfyx_opt_10690270683970839748_0_0__sa,layers.*/post_attention_layernorm,/model/layers.20/post_attention_layernorm/Mul,RMS,rms:/model/layers.20/post_attention_layernorm/Mul,rms,rms_gpu_bfyx_opt,rms_gpu_bfyx_opt_10690270683970839748_0_0__sa,performance,gtpin_total_execution_cycles,2416718,cycles,1,256,2416718
n1_i0,0,1,0,n1_i0::kernel::rms:/model/layers.21/input_layernorm/Mul::rms_gpu_bfyx_opt_10690270683970839748_0_0__sa,n1_i0::primitive::rms:/model/layers.21/input_layernorm/Mul,kernel,rms_gpu_bfyx_opt_10690270683970839748_0_0__sa,layers.*/input_layernorm,/model/layers.21/input_layernorm/Mul,RMS,rms:/model/layers.21/input_layernorm/Mul,rms,rms_gpu_bfyx_opt,rms_gpu_bfyx_opt_10690270683970839748_0_0__sa,performance,gtpin_total_execution_cycles,1862776,cycles,1,256,1862776
n1_i0,0,1,0,n1_i0::kernel::rms:/model/layers.21/post_attention_layernorm/Mul::rms_gpu_bfyx_opt_10690270683970839748_0_0__sa,n1_i0::primitive::rms:/model/layers.21/post_attention_layernorm/Mul,kernel,rms_gpu_bfyx_opt_10690270683970839748_0_0__sa,layers.*/post_attention_layernorm,/model/layers.21/post_attention_layernorm/Mul,RMS,rms:/model/layers.21/post_attention_layernorm/Mul,rms,rms_gpu_bfyx_opt,rms_gpu_bfyx_opt_10690270683970839748_0_0__sa,performance,gtpin_total_execution_cycles,2237416,cycles,1,256,2237416
n1_i0,0,1,0,n1_i0::kernel::rms:/model/layers.3/input_layernorm/Mul::rms_gpu_bfyx_opt_10690270683970839748_0_0__sa,n1_i0::primitive::rms:/model/layers.3/input_layernorm/Mul,kernel,rms_gpu_bfyx_opt_10690270683970839748_0_0__sa,layers.*/input_layernorm,/model/layers.3/input_layernorm/Mul,RMS,rms:/model/layers.3/input_layernorm/Mul,rms,rms_gpu_bfyx_opt,rms_gpu_bfyx_opt_10690270683970839748_0_0__sa,performance,gtpin_total_execution_cycles,2043930,cycles,1,256,2043930
n1_i0,0,1,0,n1_i0::kernel::rms:/model/layers.3/post_attention_layernorm/Mul::rms_gpu_bfyx_opt_10690270683970839748_0_0__sa,n1_i0::primitive::rms:/model/layers.3/post_attention_layernorm/Mul,kernel,rms_gpu_bfyx_opt_10690270683970839748_0_0__sa,layers.*/post_attention_layernorm,/model/layers.3/post_attention_layernorm/Mul,RMS,rms:/model/layers.3/post_attention_layernorm/Mul,rms,rms_gpu_bfyx_opt,rms_gpu_bfyx_opt_10690270683970839748_0_0__sa,performance,gtpin_total_execution_cycles,2013862,cycles,1,256,2013862
n1_i0,0,1,0,n1_i0::kernel::rms:/model/layers.4/input_layernorm/Mul::rms_gpu_bfyx_opt_10690270683970839748_0_0__sa,n1_i0::primitive::rms:/model/layers.4/input_layernorm/Mul,kernel,rms_gpu_bfyx_opt_10690270683970839748_0_0__sa,layers.*/input_layernorm,/model/layers.4/input_layernorm/Mul,RMS,rms:/model/layers.4/input_layernorm/Mul,rms,rms_gpu_bfyx_opt,rms_gpu_bfyx_opt_10690270683970839748_0_0__sa,performance,gtpin_total_execution_cycles,1795530,cycles,1,256,1795530
n1_i0,0,1,0,n1_i0::kernel::rms:/model/layers.4/post_attention_layernorm/Mul::rms_gpu_bfyx_opt_10690270683970839748_0_0__sa,n1_i0::primitive::rms:/model/layers.4/post_attention_layernorm/Mul,kernel,rms_gpu_bfyx_opt_10690270683970839748_0_0__sa,layers.*/post_attention_layernorm,/model/layers.4/post_attention_layernorm/Mul,RMS,rms:/model/layers.4/post_attention_layernorm/Mul,rms,rms_gpu_bfyx_opt,rms_gpu_bfyx_opt_10690270683970839748_0_0__sa,performance,gtpin_total_execution_cycles,1882126,cycles,1,256,1882126
n1_i0,0,1,0,n1_i0::kernel::rms:/model/layers.5/input_layernorm/Mul::rms_gpu_bfyx_opt_10690270683970839748_0_0__sa,n1_i0::primitive::rms:/model/layers.5/input_layernorm/Mul,kernel,rms_gpu_bfyx_opt_10690270683970839748_0_0__sa,layers.*/input_layernorm,/model/layers.5/input_layernorm/Mul,RMS,rms:/model/layers.5/input_layernorm/Mul,rms,rms_gpu_bfyx_opt,rms_gpu_bfyx_opt_10690270683970839748_0_0__sa,performance,gtpin_total_execution_cycles,1702172,cycles,1,256,1702172
n1_i0,0,1,0,n1_i0::kernel::rms:/model/layers.5/post_attention_layernorm/Mul::rms_gpu_bfyx_opt_10690270683970839748_0_0__sa,n1_i0::primitive::rms:/model/layers.5/post_attention_layernorm/Mul,kernel,rms_gpu_bfyx_opt_10690270683970839748_0_0__sa,layers.*/post_attention_layernorm,/model/layers.5/post_attention_layernorm/Mul,RMS,rms:/model/layers.5/post_attention_layernorm/Mul,rms,rms_gpu_bfyx_opt,rms_gpu_bfyx_opt_10690270683970839748_0_0__sa,performance,gtpin_total_execution_cycles,1856506,cycles,1,256,1856506
n1_i0,0,1,0,n1_i0::kernel::rms:/model/layers.6/input_layernorm/Mul::rms_gpu_bfyx_opt_10690270683970839748_0_0__sa,n1_i0::primitive::rms:/model/layers.6/input_layernorm/Mul,kernel,rms_gpu_bfyx_opt_10690270683970839748_0_0__sa,layers.*/input_layernorm,/model/layers.6/input_layernorm/Mul,RMS,rms:/model/layers.6/input_layernorm/Mul,rms,rms_gpu_bfyx_opt,rms_gpu_bfyx_opt_10690270683970839748_0_0__sa,performance,gtpin_total_execution_cycles,1522084,cycles,1,256,1522084
n1_i0,0,1,0,n1_i0::kernel::rms:/model/layers.6/post_attention_layernorm/Mul::rms_gpu_bfyx_opt_10690270683970839748_0_0__sa,n1_i0::primitive::rms:/model/layers.6/post_attention_layernorm/Mul,kernel,rms_gpu_bfyx_opt_10690270683970839748_0_0__sa,layers.*/post_attention_layernorm,/model/layers.6/post_attention_layernorm/Mul,RMS,rms:/model/layers.6/post_attention_layernorm/Mul,rms,rms_gpu_bfyx_opt,rms_gpu_bfyx_opt_10690270683970839748_0_0__sa,performance,gtpin_total_execution_cycles,1980888,cycles,1,256,1980888
n1_i0,0,1,0,n1_i0::kernel::rms:/model/layers.7/input_layernorm/Mul::rms_gpu_bfyx_opt_10690270683970839748_0_0__sa,n1_i0::primitive::rms:/model/layers.7/input_layernorm/Mul,kernel,rms_gpu_bfyx_opt_10690270683970839748_0_0__sa,layers.*/input_layernorm,/model/layers.7/input_layernorm/Mul,RMS,rms:/model/layers.7/input_layernorm/Mul,rms,rms_gpu_bfyx_opt,rms_gpu_bfyx_opt_10690270683970839748_0_0__sa,performance,gtpin_total_execution_cycles,2132250,cycles,1,256,2132250
n1_i0,0,1,0,n1_i0::kernel::rms:/model/layers.7/post_attention_layernorm/Mul::rms_gpu_bfyx_opt_10690270683970839748_0_0__sa,n1_i0::primitive::rms:/model/layers.7/post_attention_layernorm/Mul,kernel,rms_gpu_bfyx_opt_10690270683970839748_0_0__sa,layers.*/post_attention_layernorm,/model/layers.7/post_attention_layernorm/Mul,RMS,rms:/model/layers.7/post_attention_layernorm/Mul,rms,rms_gpu_bfyx_opt,rms_gpu_bfyx_opt_10690270683970839748_0_0__sa,performance,gtpin_total_execution_cycles,1984100,cycles,1,256,1984100
n1_i0,0,1,0,n1_i0::kernel::rms:/model/layers.8/input_layernorm/Mul::rms_gpu_bfyx_opt_10690270683970839748_0_0__sa,n1_i0::primitive::rms:/model/layers.8/input_layernorm/Mul,kernel,rms_gpu_bfyx_opt_10690270683970839748_0_0__sa,layers.*/input_layernorm,/model/layers.8/input_layernorm/Mul,RMS,rms:/model/layers.8/input_layernorm/Mul,rms,rms_gpu_bfyx_opt,rms_gpu_bfyx_opt_10690270683970839748_0_0__sa,performance,gtpin_total_execution_cycles,1600120,cycles,1,256,1600120
n1_i0,0,1,0,n1_i0::kernel::rms:/model/layers.8/post_attention_layernorm/Mul::rms_gpu_bfyx_opt_10690270683970839748_0_0__sa,n1_i0::primitive::rms:/model/layers.8/post_attention_layernorm/Mul,kernel,rms_gpu_bfyx_opt_10690270683970839748_0_0__sa,layers.*/post_attention_layernorm,/model/layers.8/post_attention_layernorm/Mul,RMS,rms:/model/layers.8/post_attention_layernorm/Mul,rms,rms_gpu_bfyx_opt,rms_gpu_bfyx_opt_10690270683970839748_0_0__sa,performance,gtpin_total_execution_cycles,1849580,cycles,1,256,1849580
n1_i0,0,1,0,n1_i0::kernel::rms:/model/layers.9/input_layernorm/Mul::rms_gpu_bfyx_opt_10690270683970839748_0_0__sa,n1_i0::primitive::rms:/model/layers.9/input_layernorm/Mul,kernel,rms_gpu_bfyx_opt_10690270683970839748_0_0__sa,layers.*/input_layernorm,/model/layers.9/input_layernorm/Mul,RMS,rms:/model/layers.9/input_layernorm/Mul,rms,rms_gpu_bfyx_opt,rms_gpu_bfyx_opt_10690270683970839748_0_0__sa,performance,gtpin_total_execution_cycles,1766504,cycles,1,256,1766504
n1_i0,0,1,0,n1_i0::kernel::rms:/model/layers.9/post_attention_layernorm/Mul::rms_gpu_bfyx_opt_10690270683970839748_0_0__sa,n1_i0::primitive::rms:/model/layers.9/post_attention_layernorm/Mul,kernel,rms_gpu_bfyx_opt_10690270683970839748_0_0__sa,layers.*/post_attention_layernorm,/model/layers.9/post_attention_layernorm/Mul,RMS,rms:/model/layers.9/post_attention_layernorm/Mul,rms,rms_gpu_bfyx_opt,rms_gpu_bfyx_opt_10690270683970839748_0_0__sa,performance,gtpin_total_execution_cycles,2029414,cycles,1,256,2029414
n1_i0,0,1,0,n1_i0::kernel::rms:/model/norm/Mul::rms_gpu_bfyx_opt_10690270683970839748_0_0__sa,n1_i0::primitive::rms:/model/norm/Mul,kernel,rms_gpu_bfyx_opt_10690270683970839748_0_0__sa,(root),/model/norm/Mul,RMS,rms:/model/norm/Mul,rms,rms_gpu_bfyx_opt,rms_gpu_bfyx_opt_10690270683970839748_0_0__sa,performance,gtpin_total_execution_cycles,1997998,cycles,1,256,1997998
n1_i0,0,1,0,n1_i0::kernel::rope:/model/layers.0/self_attn/Add::rope_opt__13889706310558783765__sa,n1_i0::primitive::rope:/model/layers.0/self_attn/Add,kernel,rope_opt__13889706310558783765__sa,layers.*/self_attn,/model/layers.0/self_attn/Add,RoPE,rope:/model/layers.0/self_attn/Add,rope,ocl::rope::opt_,rope_opt__13889706310558783765__sa,performance,gtpin_total_execution_cycles,1187844,cycles,1,64,1187844
n1_i0,0,1,0,n1_i0::kernel::rope:/model/layers.0/self_attn/Add_1::rope_opt__6960924190377492479__sa,n1_i0::primitive::rope:/model/layers.0/self_attn/Add_1,kernel,rope_opt__6960924190377492479__sa,layers.*/self_attn,/model/layers.0/self_attn/Add_1,RoPE,rope:/model/layers.0/self_attn/Add_1,rope,ocl::rope::opt_,rope_opt__6960924190377492479__sa,performance,gtpin_total_execution_cycles,81944,cycles,1,8,81944
n1_i0,0,1,0,n1_i0::kernel::rope:/model/layers.1/self_attn/Add::rope_opt__13889706310558783765__sa,n1_i0::primitive::rope:/model/layers.1/self_attn/Add,kernel,rope_opt__13889706310558783765__sa,layers.*/self_attn,/model/layers.1/self_attn/Add,RoPE,rope:/model/layers.1/self_attn/Add,rope,ocl::rope::opt_,rope_opt__13889706310558783765__sa,performance,gtpin_total_execution_cycles,1018708,cycles,1,64,1018708
n1_i0,0,1,0,n1_i0::kernel::rope:/model/layers.1/self_attn/Add_1::rope_opt__6960924190377492479__sa,n1_i0::primitive::rope:/model/layers.1/self_attn/Add_1,kernel,rope_opt__6960924190377492479__sa,layers.*/self_attn,/model/layers.1/self_attn/Add_1,RoPE,rope:/model/layers.1/self_attn/Add_1,rope,ocl::rope::opt_,rope_opt__6960924190377492479__sa,performance,gtpin_total_execution_cycles,76458,cycles,1,8,76458
n1_i0,0,1,0,n1_i0::kernel::rope:/model/layers.10/self_attn/Add::rope_opt__13889706310558783765__sa,n1_i0::primitive::rope:/model/layers.10/self_attn/Add,kernel,rope_opt__13889706310558783765__sa,layers.*/self_attn,/model/layers.10/self_attn/Add,RoPE,rope:/model/layers.10/self_attn/Add,rope,ocl::rope::opt_,rope_opt__13889706310558783765__sa,performance,gtpin_total_execution_cycles,783902,cycles,1,64,783902
n1_i0,0,1,0,n1_i0::kernel::rope:/model/layers.10/self_attn/Add_1::rope_opt__6960924190377492479__sa,n1_i0::primitive::rope:/model/layers.10/self_attn/Add_1,kernel,rope_opt__6960924190377492479__sa,layers.*/self_attn,/model/layers.10/self_attn/Add_1,RoPE,rope:/model/layers.10/self_attn/Add_1,rope,ocl::rope::opt_,rope_opt__6960924190377492479__sa,performance,gtpin_total_execution_cycles,60174,cycles,1,8,60174
n1_i0,0,1,0,n1_i0::kernel::rope:/model/layers.11/self_attn/Add::rope_opt__13889706310558783765__sa,n1_i0::primitive::rope:/model/layers.11/self_attn/Add,kernel,rope_opt__13889706310558783765__sa,layers.*/self_attn,/model/layers.11/self_attn/Add,RoPE,rope:/model/layers.11/self_attn/Add,rope,ocl::rope::opt_,rope_opt__13889706310558783765__sa,performance,gtpin_total_execution_cycles,815804,cycles,1,64,815804
n1_i0,0,1,0,n1_i0::kernel::rope:/model/layers.11/self_attn/Add_1::rope_opt__6960924190377492479__sa,n1_i0::primitive::rope:/model/layers.11/self_attn/Add_1,kernel,rope_opt__6960924190377492479__sa,layers.*/self_attn,/model/layers.11/self_attn/Add_1,RoPE,rope:/model/layers.11/self_attn/Add_1,rope,ocl::rope::opt_,rope_opt__6960924190377492479__sa,performance,gtpin_total_execution_cycles,66558,cycles,1,8,66558
n1_i0,0,1,0,n1_i0::kernel::rope:/model/layers.12/self_attn/Add::rope_opt__13889706310558783765__sa,n1_i0::primitive::rope:/model/layers.12/self_attn/Add,kernel,rope_opt__13889706310558783765__sa,layers.*/self_attn,/model/layers.12/self_attn/Add,RoPE,rope:/model/layers.12/self_attn/Add,rope,ocl::rope::opt_,rope_opt__13889706310558783765__sa,performance,gtpin_total_execution_cycles,830274,cycles,1,64,830274
n1_i0,0,1,0,n1_i0::kernel::rope:/model/layers.12/self_attn/Add_1::rope_opt__6960924190377492479__sa,n1_i0::primitive::rope:/model/layers.12/self_attn/Add_1,kernel,rope_opt__6960924190377492479__sa,layers.*/self_attn,/model/layers.12/self_attn/Add_1,RoPE,rope:/model/layers.12/self_attn/Add_1,rope,ocl::rope::opt_,rope_opt__6960924190377492479__sa,performance,gtpin_total_execution_cycles,62050,cycles,1,8,62050
n1_i0,0,1,0,n1_i0::kernel::rope:/model/layers.13/self_attn/Add::rope_opt__13889706310558783765__sa,n1_i0::primitive::rope:/model/layers.13/self_attn/Add,kernel,rope_opt__13889706310558783765__sa,layers.*/self_attn,/model/layers.13/self_attn/Add,RoPE,rope:/model/layers.13/self_attn/Add,rope,ocl::rope::opt_,rope_opt__13889706310558783765__sa,performance,gtpin_total_execution_cycles,933180,cycles,1,64,933180
n1_i0,0,1,0,n1_i0::kernel::rope:/model/layers.13/self_attn/Add_1::rope_opt__6960924190377492479__sa,n1_i0::primitive::rope:/model/layers.13/self_attn/Add_1,kernel,rope_opt__6960924190377492479__sa,layers.*/self_attn,/model/layers.13/self_attn/Add_1,RoPE,rope:/model/layers.13/self_attn/Add_1,rope,ocl::rope::opt_,rope_opt__6960924190377492479__sa,performance,gtpin_total_execution_cycles,75410,cycles,1,8,75410
n1_i0,0,1,0,n1_i0::kernel::rope:/model/layers.14/self_attn/Add::rope_opt__13889706310558783765__sa,n1_i0::primitive::rope:/model/layers.14/self_attn/Add,kernel,rope_opt__13889706310558783765__sa,layers.*/self_attn,/model/layers.14/self_attn/Add,RoPE,rope:/model/layers.14/self_attn/Add,rope,ocl::rope::opt_,rope_opt__13889706310558783765__sa,performance,gtpin_total_execution_cycles,1016846,cycles,1,64,1016846
n1_i0,0,1,0,n1_i0::kernel::rope:/model/layers.14/self_attn/Add_1::rope_opt__6960924190377492479__sa,n1_i0::primitive::rope:/model/layers.14/self_attn/Add_1,kernel,rope_opt__6960924190377492479__sa,layers.*/self_attn,/model/layers.14/self_attn/Add_1,RoPE,rope:/model/layers.14/self_attn/Add_1,rope,ocl::rope::opt_,rope_opt__6960924190377492479__sa,performance,gtpin_total_execution_cycles,68154,cycles,1,8,68154
n1_i0,0,1,0,n1_i0::kernel::rope:/model/layers.15/self_attn/Add::rope_opt__13889706310558783765__sa,n1_i0::primitive::rope:/model/layers.15/self_attn/Add,kernel,rope_opt__13889706310558783765__sa,layers.*/self_attn,/model/layers.15/self_attn/Add,RoPE,rope:/model/layers.15/self_attn/Add,rope,ocl::rope::opt_,rope_opt__13889706310558783765__sa,performance,gtpin_total_execution_cycles,893812,cycles,1,64,893812
n1_i0,0,1,0,n1_i0::kernel::rope:/model/layers.15/self_attn/Add_1::rope_opt__6960924190377492479__sa,n1_i0::primitive::rope:/model/layers.15/self_attn/Add_1,kernel,rope_opt__6960924190377492479__sa,layers.*/self_attn,/model/layers.15/self_attn/Add_1,RoPE,rope:/model/layers.15/self_attn/Add_1,rope,ocl::rope::opt_,rope_opt__6960924190377492479__sa,performance,gtpin_total_execution_cycles,67202,cycles,1,8,67202
n1_i0,0,1,0,n1_i0::kernel::rope:/model/layers.16/self_attn/Add::rope_opt__13889706310558783765__sa,n1_i0::primitive::rope:/model/layers.16/self_attn/Add,kernel,rope_opt__13889706310558783765__sa,layers.*/self_attn,/model/layers.16/self_attn/Add,RoPE,rope:/model/layers.16/self_attn/Add,rope,ocl::rope::opt_,rope_opt__13889706310558783765__sa,performance,gtpin_total_execution_cycles,847252,cycles,1,64,847252
n1_i0,0,1,0,n1_i0::kernel::rope:/model/layers.16/self_attn/Add_1::rope_opt__6960924190377492479__sa,n1_i0::primitive::rope:/model/layers.16/self_attn/Add_1,kernel,rope_opt__6960924190377492479__sa,layers.*/self_attn,/model/layers.16/self_attn/Add_1,RoPE,rope:/model/layers.16/self_attn/Add_1,rope,ocl::rope::opt_,rope_opt__6960924190377492479__sa,performance,gtpin_total_execution_cycles,62584,cycles,1,8,62584
n1_i0,0,1,0,n1_i0::kernel::rope:/model/layers.17/self_attn/Add::rope_opt__13889706310558783765__sa,n1_i0::primitive::rope:/model/layers.17/self_attn/Add,kernel,rope_opt__13889706310558783765__sa,layers.*/self_attn,/model/layers.17/self_attn/Add,RoPE,rope:/model/layers.17/self_attn/Add,rope,ocl::rope::opt_,rope_opt__13889706310558783765__sa,performance,gtpin_total_execution_cycles,905050,cycles,1,64,905050
n1_i0,0,1,0,n1_i0::kernel::rope:/model/layers.17/self_attn/Add_1::rope_opt__6960924190377492479__sa,n1_i0::primitive::rope:/model/layers.17/self_attn/Add_1,kernel,rope_opt__6960924190377492479__sa,layers.*/self_attn,/model/layers.17/self_attn/Add_1,RoPE,rope:/model/layers.17/self_attn/Add_1,rope,ocl::rope::opt_,rope_opt__6960924190377492479__sa,performance,gtpin_total_execution_cycles,67450,cycles,1,8,67450
n1_i0,0,1,0,n1_i0::kernel::rope:/model/layers.18/self_attn/Add::rope_opt__13889706310558783765__sa,n1_i0::primitive::rope:/model/layers.18/self_attn/Add,kernel,rope_opt__13889706310558783765__sa,layers.*/self_attn,/model/layers.18/self_attn/Add,RoPE,rope:/model/layers.18/self_attn/Add,rope,ocl::rope::opt_,rope_opt__13889706310558783765__sa,performance,gtpin_total_execution_cycles,835074,cycles,1,64,835074
n1_i0,0,1,0,n1_i0::kernel::rope:/model/layers.18/self_attn/Add_1::rope_opt__6960924190377492479__sa,n1_i0::primitive::rope:/model/layers.18/self_attn/Add_1,kernel,rope_opt__6960924190377492479__sa,layers.*/self_attn,/model/layers.18/self_attn/Add_1,RoPE,rope:/model/layers.18/self_attn/Add_1,rope,ocl::rope::opt_,rope_opt__6960924190377492479__sa,performance,gtpin_total_execution_cycles,68818,cycles,1,8,68818
n1_i0,0,1,0,n1_i0::kernel::rope:/model/layers.19/self_attn/Add::rope_opt__13889706310558783765__sa,n1_i0::primitive::rope:/model/layers.19/self_attn/Add,kernel,rope_opt__13889706310558783765__sa,layers.*/self_attn,/model/layers.19/self_attn/Add,RoPE,rope:/model/layers.19/self_attn/Add,rope,ocl::rope::opt_,rope_opt__13889706310558783765__sa,performance,gtpin_total_execution_cycles,938816,cycles,1,64,938816
n1_i0,0,1,0,n1_i0::kernel::rope:/model/layers.19/self_attn/Add_1::rope_opt__6960924190377492479__sa,n1_i0::primitive::rope:/model/layers.19/self_attn/Add_1,kernel,rope_opt__6960924190377492479__sa,layers.*/self_attn,/model/layers.19/self_attn/Add_1,RoPE,rope:/model/layers.19/self_attn/Add_1,rope,ocl::rope::opt_,rope_opt__6960924190377492479__sa,performance,gtpin_total_execution_cycles,64800,cycles,1,8,64800
n1_i0,0,1,0,n1_i0::kernel::rope:/model/layers.2/self_attn/Add::rope_opt__13889706310558783765__sa,n1_i0::primitive::rope:/model/layers.2/self_attn/Add,kernel,rope_opt__13889706310558783765__sa,layers.*/self_attn,/model/layers.2/self_attn/Add,RoPE,rope:/model/layers.2/self_attn/Add,rope,ocl::rope::opt_,rope_opt__13889706310558783765__sa,performance,gtpin_total_execution_cycles,825252,cycles,1,64,825252
n1_i0,0,1,0,n1_i0::kernel::rope:/model/layers.2/self_attn/Add_1::rope_opt__6960924190377492479__sa,n1_i0::primitive::rope:/model/layers.2/self_attn/Add_1,kernel,rope_opt__6960924190377492479__sa,layers.*/self_attn,/model/layers.2/self_attn/Add_1,RoPE,rope:/model/layers.2/self_attn/Add_1,rope,ocl::rope::opt_,rope_opt__6960924190377492479__sa,performance,gtpin_total_execution_cycles,64216,cycles,1,8,64216
n1_i0,0,1,0,n1_i0::kernel::rope:/model/layers.20/self_attn/Add::rope_opt__13889706310558783765__sa,n1_i0::primitive::rope:/model/layers.20/self_attn/Add,kernel,rope_opt__13889706310558783765__sa,layers.*/self_attn,/model/layers.20/self_attn/Add,RoPE,rope:/model/layers.20/self_attn/Add,rope,ocl::rope::opt_,rope_opt__13889706310558783765__sa,performance,gtpin_total_execution_cycles,926894,cycles,1,64,926894
n1_i0,0,1,0,n1_i0::kernel::rope:/model/layers.20/self_attn/Add_1::rope_opt__6960924190377492479__sa,n1_i0::primitive::rope:/model/layers.20/self_attn/Add_1,kernel,rope_opt__6960924190377492479__sa,layers.*/self_attn,/model/layers.20/self_attn/Add_1,RoPE,rope:/model/layers.20/self_attn/Add_1,rope,ocl::rope::opt_,rope_opt__6960924190377492479__sa,performance,gtpin_total_execution_cycles,61578,cycles,1,8,61578
n1_i0,0,1,0,n1_i0::kernel::rope:/model/layers.21/self_attn/Add::rope_opt__13889706310558783765__sa,n1_i0::primitive::rope:/model/layers.21/self_attn/Add,kernel,rope_opt__13889706310558783765__sa,layers.*/self_attn,/model/layers.21/self_attn/Add,RoPE,rope:/model/layers.21/self_attn/Add,rope,ocl::rope::opt_,rope_opt__13889706310558783765__sa,performance,gtpin_total_execution_cycles,891630,cycles,1,64,891630
n1_i0,0,1,0,n1_i0::kernel::rope:/model/layers.21/self_attn/Add_1::rope_opt__6960924190377492479__sa,n1_i0::primitive::rope:/model/layers.21/self_attn/Add_1,kernel,rope_opt__6960924190377492479__sa,layers.*/self_attn,/model/layers.21/self_attn/Add_1,RoPE,rope:/model/layers.21/self_attn/Add_1,rope,ocl::rope::opt_,rope_opt__6960924190377492479__sa,performance,gtpin_total_execution_cycles,69202,cycles,1,8,69202
n1_i0,0,1,0,n1_i0::kernel::rope:/model/layers.3/self_attn/Add::rope_opt__13889706310558783765__sa,n1_i0::primitive::rope:/model/layers.3/self_attn/Add,kernel,rope_opt__13889706310558783765__sa,layers.*/self_attn,/model/layers.3/self_attn/Add,RoPE,rope:/model/layers.3/self_attn/Add,rope,ocl::rope::opt_,rope_opt__13889706310558783765__sa,performance,gtpin_total_execution_cycles,818214,cycles,1,64,818214
n1_i0,0,1,0,n1_i0::kernel::rope:/model/layers.3/self_attn/Add_1::rope_opt__6960924190377492479__sa,n1_i0::primitive::rope:/model/layers.3/self_attn/Add_1,kernel,rope_opt__6960924190377492479__sa,layers.*/self_attn,/model/layers.3/self_attn/Add_1,RoPE,rope:/model/layers.3/self_attn/Add_1,rope,ocl::rope::opt_,rope_opt__6960924190377492479__sa,performance,gtpin_total_execution_cycles,67670,cycles,1,8,67670
n1_i0,0,1,0,n1_i0::kernel::rope:/model/layers.4/self_attn/Add::rope_opt__13889706310558783765__sa,n1_i0::primitive::rope:/model/layers.4/self_attn/Add,kernel,rope_opt__13889706310558783765__sa,layers.*/self_attn,/model/layers.4/self_attn/Add,RoPE,rope:/model/layers.4/self_attn/Add,rope,ocl::rope::opt_,rope_opt__13889706310558783765__sa,performance,gtpin_total_execution_cycles,857064,cycles,1,64,857064
n1_i0,0,1,0,n1_i0::kernel::rope:/model/layers.4/self_attn/Add_1::rope_opt__6960924190377492479__sa,n1_i0::primitive::rope:/model/layers.4/self_attn/Add_1,kernel,rope_opt__6960924190377492479__sa,layers.*/self_attn,/model/layers.4/self_attn/Add_1,RoPE,rope:/model/layers.4/self_attn/Add_1,rope,ocl::rope::opt_,rope_opt__6960924190377492479__sa,performance,gtpin_total_execution_cycles,59170,cycles,1,8,59170
n1_i0,0,1,0,n1_i0::kernel::rope:/model/layers.5/self_attn/Add::rope_opt__13889706310558783765__sa,n1_i0::primitive::rope:/model/layers.5/self_attn/Add,kernel,rope_opt__13889706310558783765__sa,layers.*/self_attn,/model/layers.5/self_attn/Add,RoPE,rope:/model/layers.5/self_attn/Add,rope,ocl::rope::opt_,rope_opt__13889706310558783765__sa,performance,gtpin_total_execution_cycles,864562,cycles,1,64,864562
n1_i0,0,1,0,n1_i0::kernel::rope:/model/layers.5/self_attn/Add_1::rope_opt__6960924190377492479__sa,n1_i0::primitive::rope:/model/layers.5/self_attn/Add_1,kernel,rope_opt__6960924190377492479__sa,layers.*/self_attn,/model/layers.5/self_attn/Add_1,RoPE,rope:/model/layers.5/self_attn/Add_1,rope,ocl::rope::opt_,rope_opt__6960924190377492479__sa,performance,gtpin_total_execution_cycles,68174,cycles,1,8,68174
n1_i0,0,1,0,n1_i0::kernel::rope:/model/layers.6/self_attn/Add::rope_opt__13889706310558783765__sa,n1_i0::primitive::rope:/model/layers.6/self_attn/Add,kernel,rope_opt__13889706310558783765__sa,layers.*/self_attn,/model/layers.6/self_attn/Add,RoPE,rope:/model/layers.6/self_attn/Add,rope,ocl::rope::opt_,rope_opt__13889706310558783765__sa,performance,gtpin_total_execution_cycles,915336,cycles,1,64,915336
n1_i0,0,1,0,n1_i0::kernel::rope:/model/layers.6/self_attn/Add_1::rope_opt__6960924190377492479__sa,n1_i0::primitive::rope:/model/layers.6/self_attn/Add_1,kernel,rope_opt__6960924190377492479__sa,layers.*/self_attn,/model/layers.6/self_attn/Add_1,RoPE,rope:/model/layers.6/self_attn/Add_1,rope,ocl::rope::opt_,rope_opt__6960924190377492479__sa,performance,gtpin_total_execution_cycles,61234,cycles,1,8,61234
n1_i0,0,1,0,n1_i0::kernel::rope:/model/layers.7/self_attn/Add::rope_opt__13889706310558783765__sa,n1_i0::primitive::rope:/model/layers.7/self_attn/Add,kernel,rope_opt__13889706310558783765__sa,layers.*/self_attn,/model/layers.7/self_attn/Add,RoPE,rope:/model/layers.7/self_attn/Add,rope,ocl::rope::opt_,rope_opt__13889706310558783765__sa,performance,gtpin_total_execution_cycles,810266,cycles,1,64,810266
n1_i0,0,1,0,n1_i0::kernel::rope:/model/layers.7/self_attn/Add_1::rope_opt__6960924190377492479__sa,n1_i0::primitive::rope:/model/layers.7/self_attn/Add_1,kernel,rope_opt__6960924190377492479__sa,layers.*/self_attn,/model/layers.7/self_attn/Add_1,RoPE,rope:/model/layers.7/self_attn/Add_1,rope,ocl::rope::opt_,rope_opt__6960924190377492479__sa,performance,gtpin_total_execution_cycles,62536,cycles,1,8,62536
n1_i0,0,1,0,n1_i0::kernel::rope:/model/layers.8/self_attn/Add::rope_opt__13889706310558783765__sa,n1_i0::primitive::rope:/model/layers.8/self_attn/Add,kernel,rope_opt__13889706310558783765__sa,layers.*/self_attn,/model/layers.8/self_attn/Add,RoPE,rope:/model/layers.8/self_attn/Add,rope,ocl::rope::opt_,rope_opt__13889706310558783765__sa,performance,gtpin_total_execution_cycles,846804,cycles,1,64,846804
n1_i0,0,1,0,n1_i0::kernel::rope:/model/layers.8/self_attn/Add_1::rope_opt__6960924190377492479__sa,n1_i0::primitive::rope:/model/layers.8/self_attn/Add_1,kernel,rope_opt__6960924190377492479__sa,layers.*/self_attn,/model/layers.8/self_attn/Add_1,RoPE,rope:/model/layers.8/self_attn/Add_1,rope,ocl::rope::opt_,rope_opt__6960924190377492479__sa,performance,gtpin_total_execution_cycles,101808,cycles,1,8,101808
n1_i0,0,1,0,n1_i0::kernel::rope:/model/layers.9/self_attn/Add::rope_opt__13889706310558783765__sa,n1_i0::primitive::rope:/model/layers.9/self_attn/Add,kernel,rope_opt__13889706310558783765__sa,layers.*/self_attn,/model/layers.9/self_attn/Add,RoPE,rope:/model/layers.9/self_attn/Add,rope,ocl::rope::opt_,rope_opt__13889706310558783765__sa,performance,gtpin_total_execution_cycles,852416,cycles,1,64,852416
n1_i0,0,1,0,n1_i0::kernel::rope:/model/layers.9/self_attn/Add_1::rope_opt__6960924190377492479__sa,n1_i0::primitive::rope:/model/layers.9/self_attn/Add_1,kernel,rope_opt__6960924190377492479__sa,layers.*/self_attn,/model/layers.9/self_attn/Add_1,RoPE,rope:/model/layers.9/self_attn/Add_1,rope,ocl::rope::opt_,rope_opt__6960924190377492479__sa,performance,gtpin_total_execution_cycles,68974,cycles,1,8,68974
n1_i0,0,1,0,n1_i0::kernel::select:/model/layers.0/self_attn/Where_2::select_gpu_ref_7464502897564813179_0_0__sa,n1_i0::primitive::select:/model/layers.0/self_attn/Where_2,kernel,select_gpu_ref_7464502897564813179_0_0__sa,layers.*/self_attn,/model/layers.0/self_attn/Where_2,Select,select:/model/layers.0/self_attn/Where_2,select,select_gpu_ref,select_gpu_ref_7464502897564813179_0_0__sa,performance,gtpin_total_execution_cycles,32576,cycles,1,8,32576
n1_i0,0,1,0,n1_i0::kernel::select:/model/layers.0/self_attn/Where_3::select_gpu_ref_5609897181611433017_0_0__sa,n1_i0::primitive::select:/model/layers.0/self_attn/Where_3,kernel,select_gpu_ref_5609897181611433017_0_0__sa,layers.*/self_attn,/model/layers.0/self_attn/Where_3,Select,select:/model/layers.0/self_attn/Where_3,select,select_gpu_ref,select_gpu_ref_5609897181611433017_0_0__sa,performance,gtpin_total_execution_cycles,1581986,cycles,1,256,1581986
n1_i0,0,1,0,n1_i0::kernel::select:/model/layers.1/self_attn/Where_2::select_gpu_ref_7464502897564813179_0_0__sa,n1_i0::primitive::select:/model/layers.1/self_attn/Where_2,kernel,select_gpu_ref_7464502897564813179_0_0__sa,layers.*/self_attn,/model/layers.1/self_attn/Where_2,Select,select:/model/layers.1/self_attn/Where_2,select,select_gpu_ref,select_gpu_ref_7464502897564813179_0_0__sa,performance,gtpin_total_execution_cycles,36840,cycles,1,8,36840
n1_i0,0,1,0,n1_i0::kernel::select:/model/layers.1/self_attn/Where_3::select_gpu_ref_5609897181611433017_0_0__sa,n1_i0::primitive::select:/model/layers.1/self_attn/Where_3,kernel,select_gpu_ref_5609897181611433017_0_0__sa,layers.*/self_attn,/model/layers.1/self_attn/Where_3,Select,select:/model/layers.1/self_attn/Where_3,select,select_gpu_ref,select_gpu_ref_5609897181611433017_0_0__sa,performance,gtpin_total_execution_cycles,1416560,cycles,1,256,1416560
n1_i0,0,1,0,n1_i0::kernel::select:/model/layers.10/self_attn/Where_2::select_gpu_ref_7464502897564813179_0_0__sa,n1_i0::primitive::select:/model/layers.10/self_attn/Where_2,kernel,select_gpu_ref_7464502897564813179_0_0__sa,layers.*/self_attn,/model/layers.10/self_attn/Where_2,Select,select:/model/layers.10/self_attn/Where_2,select,select_gpu_ref,select_gpu_ref_7464502897564813179_0_0__sa,performance,gtpin_total_execution_cycles,38440,cycles,1,8,38440
n1_i0,0,1,0,n1_i0::kernel::select:/model/layers.10/self_attn/Where_3::select_gpu_ref_5609897181611433017_0_0__sa,n1_i0::primitive::select:/model/layers.10/self_attn/Where_3,kernel,select_gpu_ref_5609897181611433017_0_0__sa,layers.*/self_attn,/model/layers.10/self_attn/Where_3,Select,select:/model/layers.10/self_attn/Where_3,select,select_gpu_ref,select_gpu_ref_5609897181611433017_0_0__sa,performance,gtpin_total_execution_cycles,1531550,cycles,1,256,1531550
n1_i0,0,1,0,n1_i0::kernel::select:/model/layers.11/self_attn/Where_2::select_gpu_ref_7464502897564813179_0_0__sa,n1_i0::primitive::select:/model/layers.11/self_attn/Where_2,kernel,select_gpu_ref_7464502897564813179_0_0__sa,layers.*/self_attn,/model/layers.11/self_attn/Where_2,Select,select:/model/layers.11/self_attn/Where_2,select,select_gpu_ref,select_gpu_ref_7464502897564813179_0_0__sa,performance,gtpin_total_execution_cycles,47904,cycles,1,8,47904
n1_i0,0,1,0,n1_i0::kernel::select:/model/layers.11/self_attn/Where_3::select_gpu_ref_5609897181611433017_0_0__sa,n1_i0::primitive::select:/model/layers.11/self_attn/Where_3,kernel,select_gpu_ref_5609897181611433017_0_0__sa,layers.*/self_attn,/model/layers.11/self_attn/Where_3,Select,select:/model/layers.11/self_attn/Where_3,select,select_gpu_ref,select_gpu_ref_5609897181611433017_0_0__sa,performance,gtpin_total_execution_cycles,1394612,cycles,1,256,1394612
n1_i0,0,1,0,n1_i0::kernel::select:/model/layers.12/self_attn/Where_2::select_gpu_ref_7464502897564813179_0_0__sa,n1_i0::primitive::select:/model/layers.12/self_attn/Where_2,kernel,select_gpu_ref_7464502897564813179_0_0__sa,layers.*/self_attn,/model/layers.12/self_attn/Where_2,Select,select:/model/layers.12/self_attn/Where_2,select,select_gpu_ref,select_gpu_ref_7464502897564813179_0_0__sa,performance,gtpin_total_execution_cycles,44724,cycles,1,8,44724
n1_i0,0,1,0,n1_i0::kernel::select:/model/layers.12/self_attn/Where_3::select_gpu_ref_5609897181611433017_0_0__sa,n1_i0::primitive::select:/model/layers.12/self_attn/Where_3,kernel,select_gpu_ref_5609897181611433017_0_0__sa,layers.*/self_attn,/model/layers.12/self_attn/Where_3,Select,select:/model/layers.12/self_attn/Where_3,select,select_gpu_ref,select_gpu_ref_5609897181611433017_0_0__sa,performance,gtpin_total_execution_cycles,1712586,cycles,1,256,1712586
n1_i0,0,1,0,n1_i0::kernel::select:/model/layers.13/self_attn/Where_2::select_gpu_ref_7464502897564813179_0_0__sa,n1_i0::primitive::select:/model/layers.13/self_attn/Where_2,kernel,select_gpu_ref_7464502897564813179_0_0__sa,layers.*/self_attn,/model/layers.13/self_attn/Where_2,Select,select:/model/layers.13/self_attn/Where_2,select,select_gpu_ref,select_gpu_ref_7464502897564813179_0_0__sa,performance,gtpin_total_execution_cycles,46980,cycles,1,8,46980
n1_i0,0,1,0,n1_i0::kernel::select:/model/layers.13/self_attn/Where_3::select_gpu_ref_5609897181611433017_0_0__sa,n1_i0::primitive::select:/model/layers.13/self_attn/Where_3,kernel,select_gpu_ref_5609897181611433017_0_0__sa,layers.*/self_attn,/model/layers.13/self_attn/Where_3,Select,select:/model/layers.13/self_attn/Where_3,select,select_gpu_ref,select_gpu_ref_5609897181611433017_0_0__sa,performance,gtpin_total_execution_cycles,1464786,cycles,1,256,1464786
n1_i0,0,1,0,n1_i0::kernel::select:/model/layers.14/self_attn/Where_2::select_gpu_ref_7464502897564813179_0_0__sa,n1_i0::primitive::select:/model/layers.14/self_attn/Where_2,kernel,select_gpu_ref_7464502897564813179_0_0__sa,layers.*/self_attn,/model/layers.14/self_attn/Where_2,Select,select:/model/layers.14/self_attn/Where_2,select,select_gpu_ref,select_gpu_ref_7464502897564813179_0_0__sa,performance,gtpin_total_execution_cycles,36642,cycles,1,8,36642
n1_i0,0,1,0,n1_i0::kernel::select:/model/layers.14/self_attn/Where_3::select_gpu_ref_5609897181611433017_0_0__sa,n1_i0::primitive::select:/model/layers.14/self_attn/Where_3,kernel,select_gpu_ref_5609897181611433017_0_0__sa,layers.*/self_attn,/model/layers.14/self_attn/Where_3,Select,select:/model/layers.14/self_attn/Where_3,select,select_gpu_ref,select_gpu_ref_5609897181611433017_0_0__sa,performance,gtpin_total_execution_cycles,1399666,cycles,1,256,1399666
n1_i0,0,1,0,n1_i0::kernel::select:/model/layers.15/self_attn/Where_2::select_gpu_ref_7464502897564813179_0_0__sa,n1_i0::primitive::select:/model/layers.15/self_attn/Where_2,kernel,select_gpu_ref_7464502897564813179_0_0__sa,layers.*/self_attn,/model/layers.15/self_attn/Where_2,Select,select:/model/layers.15/self_attn/Where_2,select,select_gpu_ref,select_gpu_ref_7464502897564813179_0_0__sa,performance,gtpin_total_execution_cycles,45268,cycles,1,8,45268
n1_i0,0,1,0,n1_i0::kernel::select:/model/layers.15/self_attn/Where_3::select_gpu_ref_5609897181611433017_0_0__sa,n1_i0::primitive::select:/model/layers.15/self_attn/Where_3,kernel,select_gpu_ref_5609897181611433017_0_0__sa,layers.*/self_attn,/model/layers.15/self_attn/Where_3,Select,select:/model/layers.15/self_attn/Where_3,select,select_gpu_ref,select_gpu_ref_5609897181611433017_0_0__sa,performance,gtpin_total_execution_cycles,1447170,cycles,1,256,1447170
n1_i0,0,1,0,n1_i0::kernel::select:/model/layers.16/self_attn/Where_2::select_gpu_ref_7464502897564813179_0_0__sa,n1_i0::primitive::select:/model/layers.16/self_attn/Where_2,kernel,select_gpu_ref_7464502897564813179_0_0__sa,layers.*/self_attn,/model/layers.16/self_attn/Where_2,Select,select:/model/layers.16/self_attn/Where_2,select,select_gpu_ref,select_gpu_ref_7464502897564813179_0_0__sa,performance,gtpin_total_execution_cycles,38938,cycles,1,8,38938
n1_i0,0,1,0,n1_i0::kernel::select:/model/layers.16/self_attn/Where_3::select_gpu_ref_5609897181611433017_0_0__sa,n1_i0::primitive::select:/model/layers.16/self_attn/Where_3,kernel,select_gpu_ref_5609897181611433017_0_0__sa,layers.*/self_attn,/model/layers.16/self_attn/Where_3,Select,select:/model/layers.16/self_attn/Where_3,select,select_gpu_ref,select_gpu_ref_5609897181611433017_0_0__sa,performance,gtpin_total_execution_cycles,1546992,cycles,1,256,1546992
n1_i0,0,1,0,n1_i0::kernel::select:/model/layers.17/self_attn/Where_2::select_gpu_ref_7464502897564813179_0_0__sa,n1_i0::primitive::select:/model/layers.17/self_attn/Where_2,kernel,select_gpu_ref_7464502897564813179_0_0__sa,layers.*/self_attn,/model/layers.17/self_attn/Where_2,Select,select:/model/layers.17/self_attn/Where_2,select,select_gpu_ref,select_gpu_ref_7464502897564813179_0_0__sa,performance,gtpin_total_execution_cycles,40208,cycles,1,8,40208
n1_i0,0,1,0,n1_i0::kernel::select:/model/layers.17/self_attn/Where_3::select_gpu_ref_5609897181611433017_0_0__sa,n1_i0::primitive::select:/model/layers.17/self_attn/Where_3,kernel,select_gpu_ref_5609897181611433017_0_0__sa,layers.*/self_attn,/model/layers.17/self_attn/Where_3,Select,select:/model/layers.17/self_attn/Where_3,select,select_gpu_ref,select_gpu_ref_5609897181611433017_0_0__sa,performance,gtpin_total_execution_cycles,1683408,cycles,1,256,1683408
n1_i0,0,1,0,n1_i0::kernel::select:/model/layers.18/self_attn/Where_2::select_gpu_ref_7464502897564813179_0_0__sa,n1_i0::primitive::select:/model/layers.18/self_attn/Where_2,kernel,select_gpu_ref_7464502897564813179_0_0__sa,layers.*/self_attn,/model/layers.18/self_attn/Where_2,Select,select:/model/layers.18/self_attn/Where_2,select,select_gpu_ref,select_gpu_ref_7464502897564813179_0_0__sa,performance,gtpin_total_execution_cycles,41504,cycles,1,8,41504
n1_i0,0,1,0,n1_i0::kernel::select:/model/layers.18/self_attn/Where_3::select_gpu_ref_5609897181611433017_0_0__sa,n1_i0::primitive::select:/model/layers.18/self_attn/Where_3,kernel,select_gpu_ref_5609897181611433017_0_0__sa,layers.*/self_attn,/model/layers.18/self_attn/Where_3,Select,select:/model/layers.18/self_attn/Where_3,select,select_gpu_ref,select_gpu_ref_5609897181611433017_0_0__sa,performance,gtpin_total_execution_cycles,1608894,cycles,1,256,1608894
n1_i0,0,1,0,n1_i0::kernel::select:/model/layers.19/self_attn/Where_2::select_gpu_ref_7464502897564813179_0_0__sa,n1_i0::primitive::select:/model/layers.19/self_attn/Where_2,kernel,select_gpu_ref_7464502897564813179_0_0__sa,layers.*/self_attn,/model/layers.19/self_attn/Where_2,Select,select:/model/layers.19/self_attn/Where_2,select,select_gpu_ref,select_gpu_ref_7464502897564813179_0_0__sa,performance,gtpin_total_execution_cycles,39722,cycles,1,8,39722
n1_i0,0,1,0,n1_i0::kernel::select:/model/layers.19/self_attn/Where_3::select_gpu_ref_5609897181611433017_0_0__sa,n1_i0::primitive::select:/model/layers.19/self_attn/Where_3,kernel,select_gpu_ref_5609897181611433017_0_0__sa,layers.*/self_attn,/model/layers.19/self_attn/Where_3,Select,select:/model/layers.19/self_attn/Where_3,select,select_gpu_ref,select_gpu_ref_5609897181611433017_0_0__sa,performance,gtpin_total_execution_cycles,1344924,cycles,1,256,1344924
n1_i0,0,1,0,n1_i0::kernel::select:/model/layers.2/self_attn/Where_2::select_gpu_ref_7464502897564813179_0_0__sa,n1_i0::primitive::select:/model/layers.2/self_attn/Where_2,kernel,select_gpu_ref_7464502897564813179_0_0__sa,layers.*/self_attn,/model/layers.2/self_attn/Where_2,Select,select:/model/layers.2/self_attn/Where_2,select,select_gpu_ref,select_gpu_ref_7464502897564813179_0_0__sa,performance,gtpin_total_execution_cycles,32920,cycles,1,8,32920
n1_i0,0,1,0,n1_i0::kernel::select:/model/layers.2/self_attn/Where_3::select_gpu_ref_5609897181611433017_0_0__sa,n1_i0::primitive::select:/model/layers.2/self_attn/Where_3,kernel,select_gpu_ref_5609897181611433017_0_0__sa,layers.*/self_attn,/model/layers.2/self_attn/Where_3,Select,select:/model/layers.2/self_attn/Where_3,select,select_gpu_ref,select_gpu_ref_5609897181611433017_0_0__sa,performance,gtpin_total_execution_cycles,1398144,cycles,1,256,1398144
n1_i0,0,1,0,n1_i0::kernel::select:/model/layers.20/self_attn/Where_2::select_gpu_ref_7464502897564813179_0_0__sa,n1_i0::primitive::select:/model/layers.20/self_attn/Where_2,kernel,select_gpu_ref_7464502897564813179_0_0__sa,layers.*/self_attn,/model/layers.20/self_attn/Where_2,Select,select:/model/layers.20/self_attn/Where_2,select,select_gpu_ref,select_gpu_ref_7464502897564813179_0_0__sa,performance,gtpin_total_execution_cycles,37864,cycles,1,8,37864
n1_i0,0,1,0,n1_i0::kernel::select:/model/layers.20/self_attn/Where_3::select_gpu_ref_5609897181611433017_0_0__sa,n1_i0::primitive::select:/model/layers.20/self_attn/Where_3,kernel,select_gpu_ref_5609897181611433017_0_0__sa,layers.*/self_attn,/model/layers.20/self_attn/Where_3,Select,select:/model/layers.20/self_attn/Where_3,select,select_gpu_ref,select_gpu_ref_5609897181611433017_0_0__sa,performance,gtpin_total_execution_cycles,1749892,cycles,1,256,1749892
n1_i0,0,1,0,n1_i0::kernel::select:/model/layers.21/self_attn/Where_2::select_gpu_ref_7464502897564813179_0_0__sa,n1_i0::primitive::select:/model/layers.21/self_attn/Where_2,kernel,select_gpu_ref_7464502897564813179_0_0__sa,layers.*/self_attn,/model/layers.21/self_attn/Where_2,Select,select:/model/layers.21/self_attn/Where_2,select,select_gpu_ref,select_gpu_ref_7464502897564813179_0_0__sa,performance,gtpin_total_execution_cycles,40824,cycles,1,8,40824
n1_i0,0,1,0,n1_i0::kernel::select:/model/layers.21/self_attn/Where_3::select_gpu_ref_5609897181611433017_0_0__sa,n1_i0::primitive::select:/model/layers.21/self_attn/Where_3,kernel,select_gpu_ref_5609897181611433017_0_0__sa,layers.*/self_attn,/model/layers.21/self_attn/Where_3,Select,select:/model/layers.21/self_attn/Where_3,select,select_gpu_ref,select_gpu_ref_5609897181611433017_0_0__sa,performance,gtpin_total_execution_cycles,1564442,cycles,1,256,1564442
n1_i0,0,1,0,n1_i0::kernel::select:/model/layers.3/self_attn/Where_2::select_gpu_ref_7464502897564813179_0_0__sa,n1_i0::primitive::select:/model/layers.3/self_attn/Where_2,kernel,select_gpu_ref_7464502897564813179_0_0__sa,layers.*/self_attn,/model/layers.3/self_attn/Where_2,Select,select:/model/layers.3/self_attn/Where_2,select,select_gpu_ref,select_gpu_ref_7464502897564813179_0_0__sa,performance,gtpin_total_execution_cycles,37986,cycles,1,8,37986
n1_i0,0,1,0,n1_i0::kernel::select:/model/layers.3/self_attn/Where_3::select_gpu_ref_5609897181611433017_0_0__sa,n1_i0::primitive::select:/model/layers.3/self_attn/Where_3,kernel,select_gpu_ref_5609897181611433017_0_0__sa,layers.*/self_attn,/model/layers.3/self_attn/Where_3,Select,select:/model/layers.3/self_attn/Where_3,select,select_gpu_ref,select_gpu_ref_5609897181611433017_0_0__sa,performance,gtpin_total_execution_cycles,1453618,cycles,1,256,1453618
n1_i0,0,1,0,n1_i0::kernel::select:/model/layers.4/self_attn/Where_2::select_gpu_ref_7464502897564813179_0_0__sa,n1_i0::primitive::select:/model/layers.4/self_attn/Where_2,kernel,select_gpu_ref_7464502897564813179_0_0__sa,layers.*/self_attn,/model/layers.4/self_attn/Where_2,Select,select:/model/layers.4/self_attn/Where_2,select,select_gpu_ref,select_gpu_ref_7464502897564813179_0_0__sa,performance,gtpin_total_execution_cycles,42990,cycles,1,8,42990
n1_i0,0,1,0,n1_i0::kernel::select:/model/layers.4/self_attn/Where_3::select_gpu_ref_5609897181611433017_0_0__sa,n1_i0::primitive::select:/model/layers.4/self_attn/Where_3,kernel,select_gpu_ref_5609897181611433017_0_0__sa,layers.*/self_attn,/model/layers.4/self_attn/Where_3,Select,select:/model/layers.4/self_attn/Where_3,select,select_gpu_ref,select_gpu_ref_5609897181611433017_0_0__sa,performance,gtpin_total_execution_cycles,1494126,cycles,1,256,1494126
n1_i0,0,1,0,n1_i0::kernel::select:/model/layers.5/self_attn/Where_2::select_gpu_ref_7464502897564813179_0_0__sa,n1_i0::primitive::select:/model/layers.5/self_attn/Where_2,kernel,select_gpu_ref_7464502897564813179_0_0__sa,layers.*/self_attn,/model/layers.5/self_attn/Where_2,Select,select:/model/layers.5/self_attn/Where_2,select,select_gpu_ref,select_gpu_ref_7464502897564813179_0_0__sa,performance,gtpin_total_execution_cycles,39632,cycles,1,8,39632
n1_i0,0,1,0,n1_i0::kernel::select:/model/layers.5/self_attn/Where_3::select_gpu_ref_5609897181611433017_0_0__sa,n1_i0::primitive::select:/model/layers.5/self_attn/Where_3,kernel,select_gpu_ref_5609897181611433017_0_0__sa,layers.*/self_attn,/model/layers.5/self_attn/Where_3,Select,select:/model/layers.5/self_attn/Where_3,select,select_gpu_ref,select_gpu_ref_5609897181611433017_0_0__sa,performance,gtpin_total_execution_cycles,1480030,cycles,1,256,1480030
n1_i0,0,1,0,n1_i0::kernel::select:/model/layers.6/self_attn/Where_2::select_gpu_ref_7464502897564813179_0_0__sa,n1_i0::primitive::select:/model/layers.6/self_attn/Where_2,kernel,select_gpu_ref_7464502897564813179_0_0__sa,layers.*/self_attn,/model/layers.6/self_attn/Where_2,Select,select:/model/layers.6/self_attn/Where_2,select,select_gpu_ref,select_gpu_ref_7464502897564813179_0_0__sa,performance,gtpin_total_execution_cycles,35872,cycles,1,8,35872
n1_i0,0,1,0,n1_i0::kernel::select:/model/layers.6/self_attn/Where_3::select_gpu_ref_5609897181611433017_0_0__sa,n1_i0::primitive::select:/model/layers.6/self_attn/Where_3,kernel,select_gpu_ref_5609897181611433017_0_0__sa,layers.*/self_attn,/model/layers.6/self_attn/Where_3,Select,select:/model/layers.6/self_attn/Where_3,select,select_gpu_ref,select_gpu_ref_5609897181611433017_0_0__sa,performance,gtpin_total_execution_cycles,1386738,cycles,1,256,1386738
n1_i0,0,1,0,n1_i0::kernel::select:/model/layers.7/self_attn/Where_2::select_gpu_ref_7464502897564813179_0_0__sa,n1_i0::primitive::select:/model/layers.7/self_attn/Where_2,kernel,select_gpu_ref_7464502897564813179_0_0__sa,layers.*/self_attn,/model/layers.7/self_attn/Where_2,Select,select:/model/layers.7/self_attn/Where_2,select,select_gpu_ref,select_gpu_ref_7464502897564813179_0_0__sa,performance,gtpin_total_execution_cycles,38712,cycles,1,8,38712
n1_i0,0,1,0,n1_i0::kernel::select:/model/layers.7/self_attn/Where_3::select_gpu_ref_5609897181611433017_0_0__sa,n1_i0::primitive::select:/model/layers.7/self_attn/Where_3,kernel,select_gpu_ref_5609897181611433017_0_0__sa,layers.*/self_attn,/model/layers.7/self_attn/Where_3,Select,select:/model/layers.7/self_attn/Where_3,select,select_gpu_ref,select_gpu_ref_5609897181611433017_0_0__sa,performance,gtpin_total_execution_cycles,1299396,cycles,1,256,1299396
n1_i0,0,1,0,n1_i0::kernel::select:/model/layers.8/self_attn/Where_2::select_gpu_ref_7464502897564813179_0_0__sa,n1_i0::primitive::select:/model/layers.8/self_attn/Where_2,kernel,select_gpu_ref_7464502897564813179_0_0__sa,layers.*/self_attn,/model/layers.8/self_attn/Where_2,Select,select:/model/layers.8/self_attn/Where_2,select,select_gpu_ref,select_gpu_ref_7464502897564813179_0_0__sa,performance,gtpin_total_execution_cycles,57072,cycles,1,8,57072
n1_i0,0,1,0,n1_i0::kernel::select:/model/layers.8/self_attn/Where_3::select_gpu_ref_5609897181611433017_0_0__sa,n1_i0::primitive::select:/model/layers.8/self_attn/Where_3,kernel,select_gpu_ref_5609897181611433017_0_0__sa,layers.*/self_attn,/model/layers.8/self_attn/Where_3,Select,select:/model/layers.8/self_attn/Where_3,select,select_gpu_ref,select_gpu_ref_5609897181611433017_0_0__sa,performance,gtpin_total_execution_cycles,1516710,cycles,1,256,1516710
n1_i0,0,1,0,n1_i0::kernel::select:/model/layers.9/self_attn/Where_2::select_gpu_ref_7464502897564813179_0_0__sa,n1_i0::primitive::select:/model/layers.9/self_attn/Where_2,kernel,select_gpu_ref_7464502897564813179_0_0__sa,layers.*/self_attn,/model/layers.9/self_attn/Where_2,Select,select:/model/layers.9/self_attn/Where_2,select,select_gpu_ref,select_gpu_ref_7464502897564813179_0_0__sa,performance,gtpin_total_execution_cycles,36664,cycles,1,8,36664
n1_i0,0,1,0,n1_i0::kernel::select:/model/layers.9/self_attn/Where_3::select_gpu_ref_5609897181611433017_0_0__sa,n1_i0::primitive::select:/model/layers.9/self_attn/Where_3,kernel,select_gpu_ref_5609897181611433017_0_0__sa,layers.*/self_attn,/model/layers.9/self_attn/Where_3,Select,select:/model/layers.9/self_attn/Where_3,select,select_gpu_ref,select_gpu_ref_5609897181611433017_0_0__sa,performance,gtpin_total_execution_cycles,1474564,cycles,1,256,1474564
n1_i0,0,1,0,n1_i0::kernel::sin:/model/rotary_emb/Sin::activation_ref_1691567596270449691_0_0__sa,n1_i0::primitive::sin:/model/rotary_emb/Sin,kernel,activation_ref_1691567596270449691_0_0__sa,rotary_emb,/model/rotary_emb/Sin,Sin,sin:/model/rotary_emb/Sin,activation,activation_ref,activation_ref_1691567596270449691_0_0__sa,performance,gtpin_total_execution_cycles,168934,cycles,1,32,168934
n1_i0,0,1,0,n1_i0::kernel::softmax:/model/layers.0/self_attn/Softmax::softmax_gpu_bf_18392998524141771378_0_0__sa,n1_i0::primitive::softmax:/model/layers.0/self_attn/Softmax,kernel,softmax_gpu_bf_18392998524141771378_0_0__sa,layers.*/self_attn,/model/layers.0/self_attn/Softmax,Softmax,softmax:/model/layers.0/self_attn/Softmax,softmax,softmax_gpu_bf,softmax_gpu_bf_18392998524141771378_0_0__sa,performance,gtpin_total_execution_cycles,8141952,cycles,1,512,8141952
n1_i0,0,1,0,n1_i0::kernel::softmax:/model/layers.1/self_attn/Softmax::softmax_gpu_bf_18392998524141771378_0_0__sa,n1_i0::primitive::softmax:/model/layers.1/self_attn/Softmax,kernel,softmax_gpu_bf_18392998524141771378_0_0__sa,layers.*/self_attn,/model/layers.1/self_attn/Softmax,Softmax,softmax:/model/layers.1/self_attn/Softmax,softmax,softmax_gpu_bf,softmax_gpu_bf_18392998524141771378_0_0__sa,performance,gtpin_total_execution_cycles,8019815,cycles,1,512,8019815
n1_i0,0,1,0,n1_i0::kernel::softmax:/model/layers.10/self_attn/Softmax::softmax_gpu_bf_18392998524141771378_0_0__sa,n1_i0::primitive::softmax:/model/layers.10/self_attn/Softmax,kernel,softmax_gpu_bf_18392998524141771378_0_0__sa,layers.*/self_attn,/model/layers.10/self_attn/Softmax,Softmax,softmax:/model/layers.10/self_attn/Softmax,softmax,softmax_gpu_bf,softmax_gpu_bf_18392998524141771378_0_0__sa,performance,gtpin_total_execution_cycles,8311994,cycles,1,512,8311994
n1_i0,0,1,0,n1_i0::kernel::softmax:/model/layers.11/self_attn/Softmax::softmax_gpu_bf_18392998524141771378_0_0__sa,n1_i0::primitive::softmax:/model/layers.11/self_attn/Softmax,kernel,softmax_gpu_bf_18392998524141771378_0_0__sa,layers.*/self_attn,/model/layers.11/self_attn/Softmax,Softmax,softmax:/model/layers.11/self_attn/Softmax,softmax,softmax_gpu_bf,softmax_gpu_bf_18392998524141771378_0_0__sa,performance,gtpin_total_execution_cycles,8013941,cycles,1,512,8013941
n1_i0,0,1,0,n1_i0::kernel::softmax:/model/layers.12/self_attn/Softmax::softmax_gpu_bf_18392998524141771378_0_0__sa,n1_i0::primitive::softmax:/model/layers.12/self_attn/Softmax,kernel,softmax_gpu_bf_18392998524141771378_0_0__sa,layers.*/self_attn,/model/layers.12/self_attn/Softmax,Softmax,softmax:/model/layers.12/self_attn/Softmax,softmax,softmax_gpu_bf,softmax_gpu_bf_18392998524141771378_0_0__sa,performance,gtpin_total_execution_cycles,8325204,cycles,1,512,8325204
n1_i0,0,1,0,n1_i0::kernel::softmax:/model/layers.13/self_attn/Softmax::softmax_gpu_bf_18392998524141771378_0_0__sa,n1_i0::primitive::softmax:/model/layers.13/self_attn/Softmax,kernel,softmax_gpu_bf_18392998524141771378_0_0__sa,layers.*/self_attn,/model/layers.13/self_attn/Softmax,Softmax,softmax:/model/layers.13/self_attn/Softmax,softmax,softmax_gpu_bf,softmax_gpu_bf_18392998524141771378_0_0__sa,performance,gtpin_total_execution_cycles,8268124,cycles,1,512,8268124
n1_i0,0,1,0,n1_i0::kernel::softmax:/model/layers.14/self_attn/Softmax::softmax_gpu_bf_18392998524141771378_0_0__sa,n1_i0::primitive::softmax:/model/layers.14/self_attn/Softmax,kernel,softmax_gpu_bf_18392998524141771378_0_0__sa,layers.*/self_attn,/model/layers.14/self_attn/Softmax,Softmax,softmax:/model/layers.14/self_attn/Softmax,softmax,softmax_gpu_bf,softmax_gpu_bf_18392998524141771378_0_0__sa,performance,gtpin_total_execution_cycles,7959491,cycles,1,512,7959491
n1_i0,0,1,0,n1_i0::kernel::softmax:/model/layers.15/self_attn/Softmax::softmax_gpu_bf_18392998524141771378_0_0__sa,n1_i0::primitive::softmax:/model/layers.15/self_attn/Softmax,kernel,softmax_gpu_bf_18392998524141771378_0_0__sa,layers.*/self_attn,/model/layers.15/self_attn/Softmax,Softmax,softmax:/model/layers.15/self_attn/Softmax,softmax,softmax_gpu_bf,softmax_gpu_bf_18392998524141771378_0_0__sa,performance,gtpin_total_execution_cycles,7966266,cycles,1,512,7966266
n1_i0,0,1,0,n1_i0::kernel::softmax:/model/layers.16/self_attn/Softmax::softmax_gpu_bf_18392998524141771378_0_0__sa,n1_i0::primitive::softmax:/model/layers.16/self_attn/Softmax,kernel,softmax_gpu_bf_18392998524141771378_0_0__sa,layers.*/self_attn,/model/layers.16/self_attn/Softmax,Softmax,softmax:/model/layers.16/self_attn/Softmax,softmax,softmax_gpu_bf,softmax_gpu_bf_18392998524141771378_0_0__sa,performance,gtpin_total_execution_cycles,8152748,cycles,1,512,8152748
n1_i0,0,1,0,n1_i0::kernel::softmax:/model/layers.17/self_attn/Softmax::softmax_gpu_bf_18392998524141771378_0_0__sa,n1_i0::primitive::softmax:/model/layers.17/self_attn/Softmax,kernel,softmax_gpu_bf_18392998524141771378_0_0__sa,layers.*/self_attn,/model/layers.17/self_attn/Softmax,Softmax,softmax:/model/layers.17/self_attn/Softmax,softmax,softmax_gpu_bf,softmax_gpu_bf_18392998524141771378_0_0__sa,performance,gtpin_total_execution_cycles,8496745,cycles,1,512,8496745
n1_i0,0,1,0,n1_i0::kernel::softmax:/model/layers.18/self_attn/Softmax::softmax_gpu_bf_18392998524141771378_0_0__sa,n1_i0::primitive::softmax:/model/layers.18/self_attn/Softmax,kernel,softmax_gpu_bf_18392998524141771378_0_0__sa,layers.*/self_attn,/model/layers.18/self_attn/Softmax,Softmax,softmax:/model/layers.18/self_attn/Softmax,softmax,softmax_gpu_bf,softmax_gpu_bf_18392998524141771378_0_0__sa,performance,gtpin_total_execution_cycles,8239472,cycles,1,512,8239472
n1_i0,0,1,0,n1_i0::kernel::softmax:/model/layers.19/self_attn/Softmax::softmax_gpu_bf_18392998524141771378_0_0__sa,n1_i0::primitive::softmax:/model/layers.19/self_attn/Softmax,kernel,softmax_gpu_bf_18392998524141771378_0_0__sa,layers.*/self_attn,/model/layers.19/self_attn/Softmax,Softmax,softmax:/model/layers.19/self_attn/Softmax,softmax,softmax_gpu_bf,softmax_gpu_bf_18392998524141771378_0_0__sa,performance,gtpin_total_execution_cycles,8054315,cycles,1,512,8054315
n1_i0,0,1,0,n1_i0::kernel::softmax:/model/layers.2/self_attn/Softmax::softmax_gpu_bf_18392998524141771378_0_0__sa,n1_i0::primitive::softmax:/model/layers.2/self_attn/Softmax,kernel,softmax_gpu_bf_18392998524141771378_0_0__sa,layers.*/self_attn,/model/layers.2/self_attn/Softmax,Softmax,softmax:/model/layers.2/self_attn/Softmax,softmax,softmax_gpu_bf,softmax_gpu_bf_18392998524141771378_0_0__sa,performance,gtpin_total_execution_cycles,7828496,cycles,1,512,7828496
n1_i0,0,1,0,n1_i0::kernel::softmax:/model/layers.20/self_attn/Softmax::softmax_gpu_bf_18392998524141771378_0_0__sa,n1_i0::primitive::softmax:/model/layers.20/self_attn/Softmax,kernel,softmax_gpu_bf_18392998524141771378_0_0__sa,layers.*/self_attn,/model/layers.20/self_attn/Softmax,Softmax,softmax:/model/layers.20/self_attn/Softmax,softmax,softmax_gpu_bf,softmax_gpu_bf_18392998524141771378_0_0__sa,performance,gtpin_total_execution_cycles,9449864,cycles,1,512,9449864
n1_i0,0,1,0,n1_i0::kernel::softmax:/model/layers.21/self_attn/Softmax::softmax_gpu_bf_18392998524141771378_0_0__sa,n1_i0::primitive::softmax:/model/layers.21/self_attn/Softmax,kernel,softmax_gpu_bf_18392998524141771378_0_0__sa,layers.*/self_attn,/model/layers.21/self_attn/Softmax,Softmax,softmax:/model/layers.21/self_attn/Softmax,softmax,softmax_gpu_bf,softmax_gpu_bf_18392998524141771378_0_0__sa,performance,gtpin_total_execution_cycles,8412720,cycles,1,512,8412720
n1_i0,0,1,0,n1_i0::kernel::softmax:/model/layers.3/self_attn/Softmax::softmax_gpu_bf_18392998524141771378_0_0__sa,n1_i0::primitive::softmax:/model/layers.3/self_attn/Softmax,kernel,softmax_gpu_bf_18392998524141771378_0_0__sa,layers.*/self_attn,/model/layers.3/self_attn/Softmax,Softmax,softmax:/model/layers.3/self_attn/Softmax,softmax,softmax_gpu_bf,softmax_gpu_bf_18392998524141771378_0_0__sa,performance,gtpin_total_execution_cycles,8638156,cycles,1,512,8638156
n1_i0,0,1,0,n1_i0::kernel::softmax:/model/layers.4/self_attn/Softmax::softmax_gpu_bf_18392998524141771378_0_0__sa,n1_i0::primitive::softmax:/model/layers.4/self_attn/Softmax,kernel,softmax_gpu_bf_18392998524141771378_0_0__sa,layers.*/self_attn,/model/layers.4/self_attn/Softmax,Softmax,softmax:/model/layers.4/self_attn/Softmax,softmax,softmax_gpu_bf,softmax_gpu_bf_18392998524141771378_0_0__sa,performance,gtpin_total_execution_cycles,7827710,cycles,1,512,7827710
n1_i0,0,1,0,n1_i0::kernel::softmax:/model/layers.5/self_attn/Softmax::softmax_gpu_bf_18392998524141771378_0_0__sa,n1_i0::primitive::softmax:/model/layers.5/self_attn/Softmax,kernel,softmax_gpu_bf_18392998524141771378_0_0__sa,layers.*/self_attn,/model/layers.5/self_attn/Softmax,Softmax,softmax:/model/layers.5/self_attn/Softmax,softmax,softmax_gpu_bf,softmax_gpu_bf_18392998524141771378_0_0__sa,performance,gtpin_total_execution_cycles,8380613,cycles,1,512,8380613
n1_i0,0,1,0,n1_i0::kernel::softmax:/model/layers.6/self_attn/Softmax::softmax_gpu_bf_18392998524141771378_0_0__sa,n1_i0::primitive::softmax:/model/layers.6/self_attn/Softmax,kernel,softmax_gpu_bf_18392998524141771378_0_0__sa,layers.*/self_attn,/model/layers.6/self_attn/Softmax,Softmax,softmax:/model/layers.6/self_attn/Softmax,softmax,softmax_gpu_bf,softmax_gpu_bf_18392998524141771378_0_0__sa,performance,gtpin_total_execution_cycles,8082199,cycles,1,512,8082199
n1_i0,0,1,0,n1_i0::kernel::softmax:/model/layers.7/self_attn/Softmax::softmax_gpu_bf_18392998524141771378_0_0__sa,n1_i0::primitive::softmax:/model/layers.7/self_attn/Softmax,kernel,softmax_gpu_bf_18392998524141771378_0_0__sa,layers.*/self_attn,/model/layers.7/self_attn/Softmax,Softmax,softmax:/model/layers.7/self_attn/Softmax,softmax,softmax_gpu_bf,softmax_gpu_bf_18392998524141771378_0_0__sa,performance,gtpin_total_execution_cycles,8177931,cycles,1,512,8177931
n1_i0,0,1,0,n1_i0::kernel::softmax:/model/layers.8/self_attn/Softmax::softmax_gpu_bf_18392998524141771378_0_0__sa,n1_i0::primitive::softmax:/model/layers.8/self_attn/Softmax,kernel,softmax_gpu_bf_18392998524141771378_0_0__sa,layers.*/self_attn,/model/layers.8/self_attn/Softmax,Softmax,softmax:/model/layers.8/self_attn/Softmax,softmax,softmax_gpu_bf,softmax_gpu_bf_18392998524141771378_0_0__sa,performance,gtpin_total_execution_cycles,7709827,cycles,1,512,7709827
n1_i0,0,1,0,n1_i0::kernel::softmax:/model/layers.9/self_attn/Softmax::softmax_gpu_bf_18392998524141771378_0_0__sa,n1_i0::primitive::softmax:/model/layers.9/self_attn/Softmax,kernel,softmax_gpu_bf_18392998524141771378_0_0__sa,layers.*/self_attn,/model/layers.9/self_attn/Softmax,Softmax,softmax:/model/layers.9/self_attn/Softmax,softmax,softmax_gpu_bf,softmax_gpu_bf_18392998524141771378_0_0__sa,performance,gtpin_total_execution_cycles,7926412,cycles,1,512,7926412
n1_i0,0,1,0,n1_i0::kernel::transpose:/model/layers.0/self_attn/Transpose_2::permute_ref_653960189515371720_0_0__sa,n1_i0::primitive::transpose:/model/layers.0/self_attn/Transpose_2,kernel,permute_ref_653960189515371720_0_0__sa,layers.*/self_attn,/model/layers.0/self_attn/Transpose_2,Transpose,transpose:/model/layers.0/self_attn/Transpose_2,permute,permute_ref,permute_ref_653960189515371720_0_0__sa,performance,gtpin_total_execution_cycles,403218,cycles,1,128,403218
n1_i0,0,1,0,n1_i0::kernel::transpose:/model/layers.0/self_attn/Transpose_3::permute_ref_17183202574580890641_0_0__sa,n1_i0::primitive::transpose:/model/layers.0/self_attn/Transpose_3,kernel,permute_ref_17183202574580890641_0_0__sa,layers.*/self_attn,/model/layers.0/self_attn/Transpose_3,Transpose,transpose:/model/layers.0/self_attn/Transpose_3,permute,permute_ref,permute_ref_17183202574580890641_0_0__sa,performance,gtpin_total_execution_cycles,4395996,cycles,1,1024,4395996
n1_i0,0,1,0,n1_i0::kernel::transpose:/model/layers.1/self_attn/Transpose_2::permute_ref_653960189515371720_0_0__sa,n1_i0::primitive::transpose:/model/layers.1/self_attn/Transpose_2,kernel,permute_ref_653960189515371720_0_0__sa,layers.*/self_attn,/model/layers.1/self_attn/Transpose_2,Transpose,transpose:/model/layers.1/self_attn/Transpose_2,permute,permute_ref,permute_ref_653960189515371720_0_0__sa,performance,gtpin_total_execution_cycles,804240,cycles,1,128,804240
n1_i0,0,1,0,n1_i0::kernel::transpose:/model/layers.1/self_attn/Transpose_3::permute_ref_17183202574580890641_0_0__sa,n1_i0::primitive::transpose:/model/layers.1/self_attn/Transpose_3,kernel,permute_ref_17183202574580890641_0_0__sa,layers.*/self_attn,/model/layers.1/self_attn/Transpose_3,Transpose,transpose:/model/layers.1/self_attn/Transpose_3,permute,permute_ref,permute_ref_17183202574580890641_0_0__sa,performance,gtpin_total_execution_cycles,5346922,cycles,1,1024,5346922
n1_i0,0,1,0,n1_i0::kernel::transpose:/model/layers.10/self_attn/Transpose_2::permute_ref_653960189515371720_0_0__sa,n1_i0::primitive::transpose:/model/layers.10/self_attn/Transpose_2,kernel,permute_ref_653960189515371720_0_0__sa,layers.*/self_attn,/model/layers.10/self_attn/Transpose_2,Transpose,transpose:/model/layers.10/self_attn/Transpose_2,permute,permute_ref,permute_ref_653960189515371720_0_0__sa,performance,gtpin_total_execution_cycles,441472,cycles,1,128,441472
n1_i0,0,1,0,n1_i0::kernel::transpose:/model/layers.10/self_attn/Transpose_3::permute_ref_17183202574580890641_0_0__sa,n1_i0::primitive::transpose:/model/layers.10/self_attn/Transpose_3,kernel,permute_ref_17183202574580890641_0_0__sa,layers.*/self_attn,/model/layers.10/self_attn/Transpose_3,Transpose,transpose:/model/layers.10/self_attn/Transpose_3,permute,permute_ref,permute_ref_17183202574580890641_0_0__sa,performance,gtpin_total_execution_cycles,5682036,cycles,1,1024,5682036
n1_i0,0,1,0,n1_i0::kernel::transpose:/model/layers.11/self_attn/Transpose_2::permute_ref_653960189515371720_0_0__sa,n1_i0::primitive::transpose:/model/layers.11/self_attn/Transpose_2,kernel,permute_ref_653960189515371720_0_0__sa,layers.*/self_attn,/model/layers.11/self_attn/Transpose_2,Transpose,transpose:/model/layers.11/self_attn/Transpose_2,permute,permute_ref,permute_ref_653960189515371720_0_0__sa,performance,gtpin_total_execution_cycles,387406,cycles,1,128,387406
n1_i0,0,1,0,n1_i0::kernel::transpose:/model/layers.11/self_attn/Transpose_3::permute_ref_17183202574580890641_0_0__sa,n1_i0::primitive::transpose:/model/layers.11/self_attn/Transpose_3,kernel,permute_ref_17183202574580890641_0_0__sa,layers.*/self_attn,/model/layers.11/self_attn/Transpose_3,Transpose,transpose:/model/layers.11/self_attn/Transpose_3,permute,permute_ref,permute_ref_17183202574580890641_0_0__sa,performance,gtpin_total_execution_cycles,5778890,cycles,1,1024,5778890
n1_i0,0,1,0,n1_i0::kernel::transpose:/model/layers.12/self_attn/Transpose_2::permute_ref_653960189515371720_0_0__sa,n1_i0::primitive::transpose:/model/layers.12/self_attn/Transpose_2,kernel,permute_ref_653960189515371720_0_0__sa,layers.*/self_attn,/model/layers.12/self_attn/Transpose_2,Transpose,transpose:/model/layers.12/self_attn/Transpose_2,permute,permute_ref,permute_ref_653960189515371720_0_0__sa,performance,gtpin_total_execution_cycles,568846,cycles,1,128,568846
n1_i0,0,1,0,n1_i0::kernel::transpose:/model/layers.12/self_attn/Transpose_3::permute_ref_17183202574580890641_0_0__sa,n1_i0::primitive::transpose:/model/layers.12/self_attn/Transpose_3,kernel,permute_ref_17183202574580890641_0_0__sa,layers.*/self_attn,/model/layers.12/self_attn/Transpose_3,Transpose,transpose:/model/layers.12/self_attn/Transpose_3,permute,permute_ref,permute_ref_17183202574580890641_0_0__sa,performance,gtpin_total_execution_cycles,5345924,cycles,1,1024,5345924
n1_i0,0,1,0,n1_i0::kernel::transpose:/model/layers.13/self_attn/Transpose_2::permute_ref_653960189515371720_0_0__sa,n1_i0::primitive::transpose:/model/layers.13/self_attn/Transpose_2,kernel,permute_ref_653960189515371720_0_0__sa,layers.*/self_attn,/model/layers.13/self_attn/Transpose_2,Transpose,transpose:/model/layers.13/self_attn/Transpose_2,permute,permute_ref,permute_ref_653960189515371720_0_0__sa,performance,gtpin_total_execution_cycles,515178,cycles,1,128,515178
n1_i0,0,1,0,n1_i0::kernel::transpose:/model/layers.13/self_attn/Transpose_3::permute_ref_17183202574580890641_0_0__sa,n1_i0::primitive::transpose:/model/layers.13/self_attn/Transpose_3,kernel,permute_ref_17183202574580890641_0_0__sa,layers.*/self_attn,/model/layers.13/self_attn/Transpose_3,Transpose,transpose:/model/layers.13/self_attn/Transpose_3,permute,permute_ref,permute_ref_17183202574580890641_0_0__sa,performance,gtpin_total_execution_cycles,6002700,cycles,1,1024,6002700
n1_i0,0,1,0,n1_i0::kernel::transpose:/model/layers.14/self_attn/Transpose_2::permute_ref_653960189515371720_0_0__sa,n1_i0::primitive::transpose:/model/layers.14/self_attn/Transpose_2,kernel,permute_ref_653960189515371720_0_0__sa,layers.*/self_attn,/model/layers.14/self_attn/Transpose_2,Transpose,transpose:/model/layers.14/self_attn/Transpose_2,permute,permute_ref,permute_ref_653960189515371720_0_0__sa,performance,gtpin_total_execution_cycles,615292,cycles,1,128,615292
n1_i0,0,1,0,n1_i0::kernel::transpose:/model/layers.14/self_attn/Transpose_3::permute_ref_17183202574580890641_0_0__sa,n1_i0::primitive::transpose:/model/layers.14/self_attn/Transpose_3,kernel,permute_ref_17183202574580890641_0_0__sa,layers.*/self_attn,/model/layers.14/self_attn/Transpose_3,Transpose,transpose:/model/layers.14/self_attn/Transpose_3,permute,permute_ref,permute_ref_17183202574580890641_0_0__sa,performance,gtpin_total_execution_cycles,6085940,cycles,1,1024,6085940
n1_i0,0,1,0,n1_i0::kernel::transpose:/model/layers.15/self_attn/Transpose_2::permute_ref_653960189515371720_0_0__sa,n1_i0::primitive::transpose:/model/layers.15/self_attn/Transpose_2,kernel,permute_ref_653960189515371720_0_0__sa,layers.*/self_attn,/model/layers.15/self_attn/Transpose_2,Transpose,transpose:/model/layers.15/self_attn/Transpose_2,permute,permute_ref,permute_ref_653960189515371720_0_0__sa,performance,gtpin_total_execution_cycles,505218,cycles,1,128,505218
n1_i0,0,1,0,n1_i0::kernel::transpose:/model/layers.15/self_attn/Transpose_3::permute_ref_17183202574580890641_0_0__sa,n1_i0::primitive::transpose:/model/layers.15/self_attn/Transpose_3,kernel,permute_ref_17183202574580890641_0_0__sa,layers.*/self_attn,/model/layers.15/self_attn/Transpose_3,Transpose,transpose:/model/layers.15/self_attn/Transpose_3,permute,permute_ref,permute_ref_17183202574580890641_0_0__sa,performance,gtpin_total_execution_cycles,5215868,cycles,1,1024,5215868
n1_i0,0,1,0,n1_i0::kernel::transpose:/model/layers.16/self_attn/Transpose_2::permute_ref_653960189515371720_0_0__sa,n1_i0::primitive::transpose:/model/layers.16/self_attn/Transpose_2,kernel,permute_ref_653960189515371720_0_0__sa,layers.*/self_attn,/model/layers.16/self_attn/Transpose_2,Transpose,transpose:/model/layers.16/self_attn/Transpose_2,permute,permute_ref,permute_ref_653960189515371720_0_0__sa,performance,gtpin_total_execution_cycles,500492,cycles,1,128,500492
n1_i0,0,1,0,n1_i0::kernel::transpose:/model/layers.16/self_attn/Transpose_3::permute_ref_17183202574580890641_0_0__sa,n1_i0::primitive::transpose:/model/layers.16/self_attn/Transpose_3,kernel,permute_ref_17183202574580890641_0_0__sa,layers.*/self_attn,/model/layers.16/self_attn/Transpose_3,Transpose,transpose:/model/layers.16/self_attn/Transpose_3,permute,permute_ref,permute_ref_17183202574580890641_0_0__sa,performance,gtpin_total_execution_cycles,5111920,cycles,1,1024,5111920
n1_i0,0,1,0,n1_i0::kernel::transpose:/model/layers.17/self_attn/Transpose_2::permute_ref_653960189515371720_0_0__sa,n1_i0::primitive::transpose:/model/layers.17/self_attn/Transpose_2,kernel,permute_ref_653960189515371720_0_0__sa,layers.*/self_attn,/model/layers.17/self_attn/Transpose_2,Transpose,transpose:/model/layers.17/self_attn/Transpose_2,permute,permute_ref,permute_ref_653960189515371720_0_0__sa,performance,gtpin_total_execution_cycles,535592,cycles,1,128,535592
n1_i0,0,1,0,n1_i0::kernel::transpose:/model/layers.17/self_attn/Transpose_3::permute_ref_17183202574580890641_0_0__sa,n1_i0::primitive::transpose:/model/layers.17/self_attn/Transpose_3,kernel,permute_ref_17183202574580890641_0_0__sa,layers.*/self_attn,/model/layers.17/self_attn/Transpose_3,Transpose,transpose:/model/layers.17/self_attn/Transpose_3,permute,permute_ref,permute_ref_17183202574580890641_0_0__sa,performance,gtpin_total_execution_cycles,5945166,cycles,1,1024,5945166
n1_i0,0,1,0,n1_i0::kernel::transpose:/model/layers.18/self_attn/Transpose_2::permute_ref_653960189515371720_0_0__sa,n1_i0::primitive::transpose:/model/layers.18/self_attn/Transpose_2,kernel,permute_ref_653960189515371720_0_0__sa,layers.*/self_attn,/model/layers.18/self_attn/Transpose_2,Transpose,transpose:/model/layers.18/self_attn/Transpose_2,permute,permute_ref,permute_ref_653960189515371720_0_0__sa,performance,gtpin_total_execution_cycles,501336,cycles,1,128,501336
n1_i0,0,1,0,n1_i0::kernel::transpose:/model/layers.18/self_attn/Transpose_3::permute_ref_17183202574580890641_0_0__sa,n1_i0::primitive::transpose:/model/layers.18/self_attn/Transpose_3,kernel,permute_ref_17183202574580890641_0_0__sa,layers.*/self_attn,/model/layers.18/self_attn/Transpose_3,Transpose,transpose:/model/layers.18/self_attn/Transpose_3,permute,permute_ref,permute_ref_17183202574580890641_0_0__sa,performance,gtpin_total_execution_cycles,6194450,cycles,1,1024,6194450
n1_i0,0,1,0,n1_i0::kernel::transpose:/model/layers.19/self_attn/Transpose_2::permute_ref_653960189515371720_0_0__sa,n1_i0::primitive::transpose:/model/layers.19/self_attn/Transpose_2,kernel,permute_ref_653960189515371720_0_0__sa,layers.*/self_attn,/model/layers.19/self_attn/Transpose_2,Transpose,transpose:/model/layers.19/self_attn/Transpose_2,permute,permute_ref,permute_ref_653960189515371720_0_0__sa,performance,gtpin_total_execution_cycles,514218,cycles,1,128,514218
n1_i0,0,1,0,n1_i0::kernel::transpose:/model/layers.19/self_attn/Transpose_3::permute_ref_17183202574580890641_0_0__sa,n1_i0::primitive::transpose:/model/layers.19/self_attn/Transpose_3,kernel,permute_ref_17183202574580890641_0_0__sa,layers.*/self_attn,/model/layers.19/self_attn/Transpose_3,Transpose,transpose:/model/layers.19/self_attn/Transpose_3,permute,permute_ref,permute_ref_17183202574580890641_0_0__sa,performance,gtpin_total_execution_cycles,5901308,cycles,1,1024,5901308
n1_i0,0,1,0,n1_i0::kernel::transpose:/model/layers.2/self_attn/Transpose_2::permute_ref_653960189515371720_0_0__sa,n1_i0::primitive::transpose:/model/layers.2/self_attn/Transpose_2,kernel,permute_ref_653960189515371720_0_0__sa,layers.*/self_attn,/model/layers.2/self_attn/Transpose_2,Transpose,transpose:/model/layers.2/self_attn/Transpose_2,permute,permute_ref,permute_ref_653960189515371720_0_0__sa,performance,gtpin_total_execution_cycles,382772,cycles,1,128,382772
n1_i0,0,1,0,n1_i0::kernel::transpose:/model/layers.2/self_attn/Transpose_3::permute_ref_17183202574580890641_0_0__sa,n1_i0::primitive::transpose:/model/layers.2/self_attn/Transpose_3,kernel,permute_ref_17183202574580890641_0_0__sa,layers.*/self_attn,/model/layers.2/self_attn/Transpose_3,Transpose,transpose:/model/layers.2/self_attn/Transpose_3,permute,permute_ref,permute_ref_17183202574580890641_0_0__sa,performance,gtpin_total_execution_cycles,5260524,cycles,1,1024,5260524
n1_i0,0,1,0,n1_i0::kernel::transpose:/model/layers.20/self_attn/Transpose_2::permute_ref_653960189515371720_0_0__sa,n1_i0::primitive::transpose:/model/layers.20/self_attn/Transpose_2,kernel,permute_ref_653960189515371720_0_0__sa,layers.*/self_attn,/model/layers.20/self_attn/Transpose_2,Transpose,transpose:/model/layers.20/self_attn/Transpose_2,permute,permute_ref,permute_ref_653960189515371720_0_0__sa,performance,gtpin_total_execution_cycles,482914,cycles,1,128,482914
n1_i0,0,1,0,n1_i0::kernel::transpose:/model/layers.20/self_attn/Transpose_3::permute_ref_17183202574580890641_0_0__sa,n1_i0::primitive::transpose:/model/layers.20/self_attn/Transpose_3,kernel,permute_ref_17183202574580890641_0_0__sa,layers.*/self_attn,/model/layers.20/self_attn/Transpose_3,Transpose,transpose:/model/layers.20/self_attn/Transpose_3,permute,permute_ref,permute_ref_17183202574580890641_0_0__sa,performance,gtpin_total_execution_cycles,4905160,cycles,1,1024,4905160
n1_i0,0,1,0,n1_i0::kernel::transpose:/model/layers.21/self_attn/Transpose_2::permute_ref_653960189515371720_0_0__sa,n1_i0::primitive::transpose:/model/layers.21/self_attn/Transpose_2,kernel,permute_ref_653960189515371720_0_0__sa,layers.*/self_attn,/model/layers.21/self_attn/Transpose_2,Transpose,transpose:/model/layers.21/self_attn/Transpose_2,permute,permute_ref,permute_ref_653960189515371720_0_0__sa,performance,gtpin_total_execution_cycles,510640,cycles,1,128,510640
n1_i0,0,1,0,n1_i0::kernel::transpose:/model/layers.21/self_attn/Transpose_3::permute_ref_17183202574580890641_0_0__sa,n1_i0::primitive::transpose:/model/layers.21/self_attn/Transpose_3,kernel,permute_ref_17183202574580890641_0_0__sa,layers.*/self_attn,/model/layers.21/self_attn/Transpose_3,Transpose,transpose:/model/layers.21/self_attn/Transpose_3,permute,permute_ref,permute_ref_17183202574580890641_0_0__sa,performance,gtpin_total_execution_cycles,6239404,cycles,1,1024,6239404
n1_i0,0,1,0,n1_i0::kernel::transpose:/model/layers.3/self_attn/Transpose_2::permute_ref_653960189515371720_0_0__sa,n1_i0::primitive::transpose:/model/layers.3/self_attn/Transpose_2,kernel,permute_ref_653960189515371720_0_0__sa,layers.*/self_attn,/model/layers.3/self_attn/Transpose_2,Transpose,transpose:/model/layers.3/self_attn/Transpose_2,permute,permute_ref,permute_ref_653960189515371720_0_0__sa,performance,gtpin_total_execution_cycles,460942,cycles,1,128,460942
n1_i0,0,1,0,n1_i0::kernel::transpose:/model/layers.3/self_attn/Transpose_3::permute_ref_17183202574580890641_0_0__sa,n1_i0::primitive::transpose:/model/layers.3/self_attn/Transpose_3,kernel,permute_ref_17183202574580890641_0_0__sa,layers.*/self_attn,/model/layers.3/self_attn/Transpose_3,Transpose,transpose:/model/layers.3/self_attn/Transpose_3,permute,permute_ref,permute_ref_17183202574580890641_0_0__sa,performance,gtpin_total_execution_cycles,5199378,cycles,1,1024,5199378
n1_i0,0,1,0,n1_i0::kernel::transpose:/model/layers.4/self_attn/Transpose_2::permute_ref_653960189515371720_0_0__sa,n1_i0::primitive::transpose:/model/layers.4/self_attn/Transpose_2,kernel,permute_ref_653960189515371720_0_0__sa,layers.*/self_attn,/model/layers.4/self_attn/Transpose_2,Transpose,transpose:/model/layers.4/self_attn/Transpose_2,permute,permute_ref,permute_ref_653960189515371720_0_0__sa,performance,gtpin_total_execution_cycles,422536,cycles,1,128,422536
n1_i0,0,1,0,n1_i0::kernel::transpose:/model/layers.4/self_attn/Transpose_3::permute_ref_17183202574580890641_0_0__sa,n1_i0::primitive::transpose:/model/layers.4/self_attn/Transpose_3,kernel,permute_ref_17183202574580890641_0_0__sa,layers.*/self_attn,/model/layers.4/self_attn/Transpose_3,Transpose,transpose:/model/layers.4/self_attn/Transpose_3,permute,permute_ref,permute_ref_17183202574580890641_0_0__sa,performance,gtpin_total_execution_cycles,5197008,cycles,1,1024,5197008
n1_i0,0,1,0,n1_i0::kernel::transpose:/model/layers.5/self_attn/Transpose_2::permute_ref_653960189515371720_0_0__sa,n1_i0::primitive::transpose:/model/layers.5/self_attn/Transpose_2,kernel,permute_ref_653960189515371720_0_0__sa,layers.*/self_attn,/model/layers.5/self_attn/Transpose_2,Transpose,transpose:/model/layers.5/self_attn/Transpose_2,permute,permute_ref,permute_ref_653960189515371720_0_0__sa,performance,gtpin_total_execution_cycles,438738,cycles,1,128,438738
n1_i0,0,1,0,n1_i0::kernel::transpose:/model/layers.5/self_attn/Transpose_3::permute_ref_17183202574580890641_0_0__sa,n1_i0::primitive::transpose:/model/layers.5/self_attn/Transpose_3,kernel,permute_ref_17183202574580890641_0_0__sa,layers.*/self_attn,/model/layers.5/self_attn/Transpose_3,Transpose,transpose:/model/layers.5/self_attn/Transpose_3,permute,permute_ref,permute_ref_17183202574580890641_0_0__sa,performance,gtpin_total_execution_cycles,5938846,cycles,1,1024,5938846
n1_i0,0,1,0,n1_i0::kernel::transpose:/model/layers.6/self_attn/Transpose_2::permute_ref_653960189515371720_0_0__sa,n1_i0::primitive::transpose:/model/layers.6/self_attn/Transpose_2,kernel,permute_ref_653960189515371720_0_0__sa,layers.*/self_attn,/model/layers.6/self_attn/Transpose_2,Transpose,transpose:/model/layers.6/self_attn/Transpose_2,permute,permute_ref,permute_ref_653960189515371720_0_0__sa,performance,gtpin_total_execution_cycles,559340,cycles,1,128,559340
n1_i0,0,1,0,n1_i0::kernel::transpose:/model/layers.6/self_attn/Transpose_3::permute_ref_17183202574580890641_0_0__sa,n1_i0::primitive::transpose:/model/layers.6/self_attn/Transpose_3,kernel,permute_ref_17183202574580890641_0_0__sa,layers.*/self_attn,/model/layers.6/self_attn/Transpose_3,Transpose,transpose:/model/layers.6/self_attn/Transpose_3,permute,permute_ref,permute_ref_17183202574580890641_0_0__sa,performance,gtpin_total_execution_cycles,5971538,cycles,1,1024,5971538
n1_i0,0,1,0,n1_i0::kernel::transpose:/model/layers.7/self_attn/Transpose_2::permute_ref_653960189515371720_0_0__sa,n1_i0::primitive::transpose:/model/layers.7/self_attn/Transpose_2,kernel,permute_ref_653960189515371720_0_0__sa,layers.*/self_attn,/model/layers.7/self_attn/Transpose_2,Transpose,transpose:/model/layers.7/self_attn/Transpose_2,permute,permute_ref,permute_ref_653960189515371720_0_0__sa,performance,gtpin_total_execution_cycles,489966,cycles,1,128,489966
n1_i0,0,1,0,n1_i0::kernel::transpose:/model/layers.7/self_attn/Transpose_3::permute_ref_17183202574580890641_0_0__sa,n1_i0::primitive::transpose:/model/layers.7/self_attn/Transpose_3,kernel,permute_ref_17183202574580890641_0_0__sa,layers.*/self_attn,/model/layers.7/self_attn/Transpose_3,Transpose,transpose:/model/layers.7/self_attn/Transpose_3,permute,permute_ref,permute_ref_17183202574580890641_0_0__sa,performance,gtpin_total_execution_cycles,5378330,cycles,1,1024,5378330
n1_i0,0,1,0,n1_i0::kernel::transpose:/model/layers.8/self_attn/Transpose_2::permute_ref_653960189515371720_0_0__sa,n1_i0::primitive::transpose:/model/layers.8/self_attn/Transpose_2,kernel,permute_ref_653960189515371720_0_0__sa,layers.*/self_attn,/model/layers.8/self_attn/Transpose_2,Transpose,transpose:/model/layers.8/self_attn/Transpose_2,permute,permute_ref,permute_ref_653960189515371720_0_0__sa,performance,gtpin_total_execution_cycles,463672,cycles,1,128,463672
n1_i0,0,1,0,n1_i0::kernel::transpose:/model/layers.8/self_attn/Transpose_3::permute_ref_17183202574580890641_0_0__sa,n1_i0::primitive::transpose:/model/layers.8/self_attn/Transpose_3,kernel,permute_ref_17183202574580890641_0_0__sa,layers.*/self_attn,/model/layers.8/self_attn/Transpose_3,Transpose,transpose:/model/layers.8/self_attn/Transpose_3,permute,permute_ref,permute_ref_17183202574580890641_0_0__sa,performance,gtpin_total_execution_cycles,4698664,cycles,1,1024,4698664
n1_i0,0,1,0,n1_i0::kernel::transpose:/model/layers.9/self_attn/Transpose_2::permute_ref_653960189515371720_0_0__sa,n1_i0::primitive::transpose:/model/layers.9/self_attn/Transpose_2,kernel,permute_ref_653960189515371720_0_0__sa,layers.*/self_attn,/model/layers.9/self_attn/Transpose_2,Transpose,transpose:/model/layers.9/self_attn/Transpose_2,permute,permute_ref,permute_ref_653960189515371720_0_0__sa,performance,gtpin_total_execution_cycles,400336,cycles,1,128,400336
n1_i0,0,1,0,n1_i0::kernel::transpose:/model/layers.9/self_attn/Transpose_3::permute_ref_17183202574580890641_0_0__sa,n1_i0::primitive::transpose:/model/layers.9/self_attn/Transpose_3,kernel,permute_ref_17183202574580890641_0_0__sa,layers.*/self_attn,/model/layers.9/self_attn/Transpose_3,Transpose,transpose:/model/layers.9/self_attn/Transpose_3,permute,permute_ref,permute_ref_17183202574580890641_0_0__sa,performance,gtpin_total_execution_cycles,5521630,cycles,1,1024,5521630
n1_i0,0,1,0,n1_i0::op::/model/And,n1_i0::op_type::(root)::LogicalAnd,op,/model/And,(root),/model/And,LogicalAnd,,,,,performance,gtpin_total_execution_cycles,44904,cycles,1,8,44904
n1_i0,0,1,0,n1_i0::op::/model/And_1,n1_i0::op_type::(root)::LogicalAnd,op,/model/And_1,(root),/model/And_1,LogicalAnd,,,,,performance,gtpin_total_execution_cycles,52272,cycles,1,8,52272
n1_i0,0,1,0,n1_i0::op::/model/Gather_4,n1_i0::op_type::(root)::Gather,op,/model/Gather_4,(root),/model/Gather_4,Gather,,,,,performance,gtpin_total_execution_cycles,9279,cycles,1,1,9279
n1_i0,0,1,0,n1_i0::op::/model/LessOrEqual,n1_i0::op_type::(root)::LessEqual,op,/model/LessOrEqual,(root),/model/LessOrEqual,LessEqual,,,,,performance,gtpin_total_execution_cycles,42976,cycles,1,8,42976
n1_i0,0,1,0,n1_i0::op::/model/embed_tokens/Gather,n1_i0::op_type::embed_tokens::Gather,op,/model/embed_tokens/Gather,embed_tokens,/model/embed_tokens/Gather,Gather,,,,,performance,gtpin_total_execution_cycles,5224202,cycles,1,1024,5224202
n1_i0,0,1,0,n1_i0::op::/model/layers.0/input_layernorm/Mul,n1_i0::op_type::layers.*/input_layernorm::RMS,op,/model/layers.0/input_layernorm/Mul,layers.*/input_layernorm,/model/layers.0/input_layernorm/Mul,RMS,,,,,performance,gtpin_total_execution_cycles,2125796,cycles,1,256,2125796
n1_i0,0,1,0,n1_i0::op::/model/layers.0/mlp/down_proj/MatMul,n1_i0::op_type::layers.*/mlp::FullyConnected,op,/model/layers.0/mlp/down_proj/MatMul,layers.*/mlp,/model/layers.0/mlp/down_proj/MatMul,FullyConnected,,,,,performance,gtpin_total_execution_cycles,113777904,cycles,1,128,113777904
n1_i0,0,1,0,n1_i0::op::/model/layers.0/mlp/gate_proj/MatMul,n1_i0::op_type::layers.*/mlp::FullyConnected,op,/model/layers.0/mlp/gate_proj/MatMul,layers.*/mlp,/model/layers.0/mlp/gate_proj/MatMul,FullyConnected,,,,,performance,gtpin_total_execution_cycles,330269230,cycles,1,352,330269230
n1_i0,0,1,0,n1_i0::op::/model/layers.0/mlp/up_proj/MatMul,n1_i0::op_type::layers.*/mlp::FullyConnected,op,/model/layers.0/mlp/up_proj/MatMul,layers.*/mlp,/model/layers.0/mlp/up_proj/MatMul,FullyConnected,,,,,performance,gtpin_total_execution_cycles,301743042,cycles,1,352,301743042
n1_i0,0,1,0,n1_i0::op::/model/layers.0/post_attention_layernorm/Mul,n1_i0::op_type::layers.*/post_attention_layernorm::RMS,op,/model/layers.0/post_attention_layernorm/Mul,layers.*/post_attention_layernorm,/model/layers.0/post_attention_layernorm/Mul,RMS,,,,,performance,gtpin_total_execution_cycles,1922810,cycles,1,256,1922810
n1_i0,0,1,0,n1_i0::op::/model/layers.0/self_attn/Add,n1_i0::op_type::layers.*/self_attn::RoPE,op,/model/layers.0/self_attn/Add,layers.*/self_attn,/model/layers.0/self_attn/Add,RoPE,,,,,performance,gtpin_total_execution_cycles,1187844,cycles,1,64,1187844
n1_i0,0,1,0,n1_i0::op::/model/layers.0/self_attn/Add_1,n1_i0::op_type::layers.*/self_attn::RoPE,op,/model/layers.0/self_attn/Add_1,layers.*/self_attn,/model/layers.0/self_attn/Add_1,RoPE,,,,,performance,gtpin_total_execution_cycles,81944,cycles,1,8,81944
n1_i0,0,1,0,n1_i0::op::/model/layers.0/self_attn/Expand,n1_i0::op_type::layers.*/self_attn::Broadcast,op,/model/layers.0/self_attn/Expand,layers.*/self_attn,/model/layers.0/self_attn/Expand,Broadcast,,,,,performance,gtpin_total_execution_cycles,3858404,cycles,1,1024,3858404
n1_i0,0,1,0,n1_i0::op::/model/layers.0/self_attn/Expand_1,n1_i0::op_type::layers.*/self_attn::Broadcast,op,/model/layers.0/self_attn/Expand_1,layers.*/self_attn,/model/layers.0/self_attn/Expand_1,Broadcast,,,,,performance,gtpin_total_execution_cycles,4032488,cycles,1,1024,4032488
n1_i0,0,1,0,n1_i0::op::/model/layers.0/self_attn/IsNaN,n1_i0::op_type::layers.*/self_attn::IsNaN,op,/model/layers.0/self_attn/IsNaN,layers.*/self_attn,/model/layers.0/self_attn/IsNaN,IsNaN,,,,,performance,gtpin_total_execution_cycles,1231254,cycles,1,256,1231254
n1_i0,0,1,0,n1_i0::op::/model/layers.0/self_attn/MatMul,n1_i0::op_type::layers.*/self_attn::Gemm,op,/model/layers.0/self_attn/MatMul,layers.*/self_attn,/model/layers.0/self_attn/MatMul,Gemm,,,,,performance,gtpin_total_execution_cycles,4106192,cycles,1,32,4106192
n1_i0,0,1,0,n1_i0::op::/model/layers.0/self_attn/Mul_8,n1_i0::op_type::layers.*/self_attn::Multiply,op,/model/layers.0/self_attn/Mul_8,layers.*/self_attn,/model/layers.0/self_attn/Mul_8,Multiply,,,,,performance,gtpin_total_execution_cycles,4374918,cycles,1,1024,4374918
n1_i0,0,1,0,n1_i0::op::/model/layers.0/self_attn/Softmax,n1_i0::op_type::layers.*/self_attn::Softmax,op,/model/layers.0/self_attn/Softmax,layers.*/self_attn,/model/layers.0/self_attn/Softmax,Softmax,,,,,performance,gtpin_total_execution_cycles,8141952,cycles,1,512,8141952
n1_i0,0,1,0,n1_i0::op::/model/layers.0/self_attn/Transpose_2,n1_i0::op_type::layers.*/self_attn::Transpose,op,/model/layers.0/self_attn/Transpose_2,layers.*/self_attn,/model/layers.0/self_attn/Transpose_2,Transpose,,,,,performance,gtpin_total_execution_cycles,403218,cycles,1,128,403218
n1_i0,0,1,0,n1_i0::op::/model/layers.0/self_attn/Transpose_3,n1_i0::op_type::layers.*/self_attn::Transpose,op,/model/layers.0/self_attn/Transpose_3,layers.*/self_attn,/model/layers.0/self_attn/Transpose_3,Transpose,,,,,performance,gtpin_total_execution_cycles,4395996,cycles,1,1024,4395996
n1_i0,0,1,0,n1_i0::op::/model/layers.0/self_attn/Transpose_4,n1_i0::op_type::layers.*/self_attn::Gemm,op,/model/layers.0/self_attn/Transpose_4,layers.*/self_attn,/model/layers.0/self_attn/Transpose_4,Gemm,,,,,performance,gtpin_total_execution_cycles,2053656,cycles,1,64,2053656
n1_i0,0,1,0,n1_i0::op::/model/layers.0/self_attn/Unsqueeze_6_restore_precision_0,n1_i0::op_type::layers.*/self_attn::Convert,op,/model/layers.0/self_attn/Unsqueeze_6_restore_precision_0,layers.*/self_attn,/model/layers.0/self_attn/Unsqueeze_6_restore_precision_0,Convert,,,,,performance,gtpin_total_execution_cycles,75332,cycles,1,32,75332
n1_i0,0,1,0,n1_i0::op::/model/layers.0/self_attn/Unsqueeze_7_restore_precision_1,n1_i0::op_type::layers.*/self_attn::Convert,op,/model/layers.0/self_attn/Unsqueeze_7_restore_precision_1,layers.*/self_attn,/model/layers.0/self_attn/Unsqueeze_7_restore_precision_1,Convert,,,,,performance,gtpin_total_execution_cycles,79560,cycles,1,32,79560
n1_i0,0,1,0,n1_i0::op::/model/layers.0/self_attn/Where_2,n1_i0::op_type::layers.*/self_attn::Select,op,/model/layers.0/self_attn/Where_2,layers.*/self_attn,/model/layers.0/self_attn/Where_2,Select,,,,,performance,gtpin_total_execution_cycles,32576,cycles,1,8,32576
n1_i0,0,1,0,n1_i0::op::/model/layers.0/self_attn/Where_3,n1_i0::op_type::layers.*/self_attn::Select,op,/model/layers.0/self_attn/Where_3,layers.*/self_attn,/model/layers.0/self_attn/Where_3,Select,,,,,performance,gtpin_total_execution_cycles,1581986,cycles,1,256,1581986
n1_i0,0,1,0,n1_i0::op::/model/layers.0/self_attn/k_proj/MatMul,n1_i0::op_type::layers.*/self_attn::FullyConnected,op,/model/layers.0/self_attn/k_proj/MatMul,layers.*/self_attn,/model/layers.0/self_attn/k_proj/MatMul,FullyConnected,,,,,performance,gtpin_total_execution_cycles,3924834,cycles,1,8,3924834
n1_i0,0,1,0,n1_i0::op::/model/layers.0/self_attn/o_proj/MatMul,n1_i0::op_type::layers.*/self_attn::FullyConnected,op,/model/layers.0/self_attn/o_proj/MatMul,layers.*/self_attn,/model/layers.0/self_attn/o_proj/MatMul,FullyConnected,,,,,performance,gtpin_total_execution_cycles,43420844,cycles,1,128,43420844
n1_i0,0,1,0,n1_i0::op::/model/layers.0/self_attn/q_proj/MatMul,n1_i0::op_type::layers.*/self_attn::FullyConnected,op,/model/layers.0/self_attn/q_proj/MatMul,layers.*/self_attn,/model/layers.0/self_attn/q_proj/MatMul,FullyConnected,,,,,performance,gtpin_total_execution_cycles,40562310,cycles,1,128,40562310
n1_i0,0,1,0,n1_i0::op::/model/layers.0/self_attn/v_proj/MatMul,n1_i0::op_type::layers.*/self_attn::FullyConnected,op,/model/layers.0/self_attn/v_proj/MatMul,layers.*/self_attn,/model/layers.0/self_attn/v_proj/MatMul,FullyConnected,,,,,performance,gtpin_total_execution_cycles,5535488,cycles,1,16,5535488
n1_i0,0,1,0,n1_i0::op::/model/layers.1/input_layernorm/Mul,n1_i0::op_type::layers.*/input_layernorm::RMS,op,/model/layers.1/input_layernorm/Mul,layers.*/input_layernorm,/model/layers.1/input_layernorm/Mul,RMS,,,,,performance,gtpin_total_execution_cycles,1710178,cycles,1,256,1710178
n1_i0,0,1,0,n1_i0::op::/model/layers.1/mlp/down_proj/MatMul,n1_i0::op_type::layers.*/mlp::FullyConnected,op,/model/layers.1/mlp/down_proj/MatMul,layers.*/mlp,/model/layers.1/mlp/down_proj/MatMul,FullyConnected,,,,,performance,gtpin_total_execution_cycles,110057130,cycles,1,128,110057130
n1_i0,0,1,0,n1_i0::op::/model/layers.1/mlp/gate_proj/MatMul,n1_i0::op_type::layers.*/mlp::FullyConnected,op,/model/layers.1/mlp/gate_proj/MatMul,layers.*/mlp,/model/layers.1/mlp/gate_proj/MatMul,FullyConnected,,,,,performance,gtpin_total_execution_cycles,315239154,cycles,1,352,315239154
n1_i0,0,1,0,n1_i0::op::/model/layers.1/mlp/up_proj/MatMul,n1_i0::op_type::layers.*/mlp::FullyConnected,op,/model/layers.1/mlp/up_proj/MatMul,layers.*/mlp,/model/layers.1/mlp/up_proj/MatMul,FullyConnected,,,,,performance,gtpin_total_execution_cycles,325055316,cycles,1,352,325055316
n1_i0,0,1,0,n1_i0::op::/model/layers.1/post_attention_layernorm/Mul,n1_i0::op_type::layers.*/post_attention_layernorm::RMS,op,/model/layers.1/post_attention_layernorm/Mul,layers.*/post_attention_layernorm,/model/layers.1/post_attention_layernorm/Mul,RMS,,,,,performance,gtpin_total_execution_cycles,1757294,cycles,1,256,1757294
n1_i0,0,1,0,n1_i0::op::/model/layers.1/self_attn/Add,n1_i0::op_type::layers.*/self_attn::RoPE,op,/model/layers.1/self_attn/Add,layers.*/self_attn,/model/layers.1/self_attn/Add,RoPE,,,,,performance,gtpin_total_execution_cycles,1018708,cycles,1,64,1018708
n1_i0,0,1,0,n1_i0::op::/model/layers.1/self_attn/Add_1,n1_i0::op_type::layers.*/self_attn::RoPE,op,/model/layers.1/self_attn/Add_1,layers.*/self_attn,/model/layers.1/self_attn/Add_1,RoPE,,,,,performance,gtpin_total_execution_cycles,76458,cycles,1,8,76458
n1_i0,0,1,0,n1_i0::op::/model/layers.1/self_attn/Expand,n1_i0::op_type::layers.*/self_attn::Broadcast,op,/model/layers.1/self_attn/Expand,layers.*/self_attn,/model/layers.1/self_attn/Expand,Broadcast,,,,,performance,gtpin_total_execution_cycles,5962774,cycles,1,1024,5962774
n1_i0,0,1,0,n1_i0::op::/model/layers.1/self_attn/Expand_1,n1_i0::op_type::layers.*/self_attn::Broadcast,op,/model/layers.1/self_attn/Expand_1,layers.*/self_attn,/model/layers.1/self_attn/Expand_1,Broadcast,,,,,performance,gtpin_total_execution_cycles,3800384,cycles,1,1024,3800384
n1_i0,0,1,0,n1_i0::op::/model/layers.1/self_attn/IsNaN,n1_i0::op_type::layers.*/self_attn::IsNaN,op,/model/layers.1/self_attn/IsNaN,layers.*/self_attn,/model/layers.1/self_attn/IsNaN,IsNaN,,,,,performance,gtpin_total_execution_cycles,1287506,cycles,1,256,1287506
n1_i0,0,1,0,n1_i0::op::/model/layers.1/self_attn/MatMul,n1_i0::op_type::layers.*/self_attn::Gemm,op,/model/layers.1/self_attn/MatMul,layers.*/self_attn,/model/layers.1/self_attn/MatMul,Gemm,,,,,performance,gtpin_total_execution_cycles,3466914,cycles,1,32,3466914
n1_i0,0,1,0,n1_i0::op::/model/layers.1/self_attn/Mul_8,n1_i0::op_type::layers.*/self_attn::Multiply,op,/model/layers.1/self_attn/Mul_8,layers.*/self_attn,/model/layers.1/self_attn/Mul_8,Multiply,,,,,performance,gtpin_total_execution_cycles,5140436,cycles,1,1024,5140436
n1_i0,0,1,0,n1_i0::op::/model/layers.1/self_attn/Softmax,n1_i0::op_type::layers.*/self_attn::Softmax,op,/model/layers.1/self_attn/Softmax,layers.*/self_attn,/model/layers.1/self_attn/Softmax,Softmax,,,,,performance,gtpin_total_execution_cycles,8019815,cycles,1,512,8019815
n1_i0,0,1,0,n1_i0::op::/model/layers.1/self_attn/Transpose_2,n1_i0::op_type::layers.*/self_attn::Transpose,op,/model/layers.1/self_attn/Transpose_2,layers.*/self_attn,/model/layers.1/self_attn/Transpose_2,Transpose,,,,,performance,gtpin_total_execution_cycles,804240,cycles,1,128,804240
n1_i0,0,1,0,n1_i0::op::/model/layers.1/self_attn/Transpose_3,n1_i0::op_type::layers.*/self_attn::Transpose,op,/model/layers.1/self_attn/Transpose_3,layers.*/self_attn,/model/layers.1/self_attn/Transpose_3,Transpose,,,,,performance,gtpin_total_execution_cycles,5346922,cycles,1,1024,5346922
n1_i0,0,1,0,n1_i0::op::/model/layers.1/self_attn/Transpose_4,n1_i0::op_type::layers.*/self_attn::Gemm,op,/model/layers.1/self_attn/Transpose_4,layers.*/self_attn,/model/layers.1/self_attn/Transpose_4,Gemm,,,,,performance,gtpin_total_execution_cycles,2074346,cycles,1,64,2074346
n1_i0,0,1,0,n1_i0::op::/model/layers.1/self_attn/Where_2,n1_i0::op_type::layers.*/self_attn::Select,op,/model/layers.1/self_attn/Where_2,layers.*/self_attn,/model/layers.1/self_attn/Where_2,Select,,,,,performance,gtpin_total_execution_cycles,36840,cycles,1,8,36840
n1_i0,0,1,0,n1_i0::op::/model/layers.1/self_attn/Where_3,n1_i0::op_type::layers.*/self_attn::Select,op,/model/layers.1/self_attn/Where_3,layers.*/self_attn,/model/layers.1/self_attn/Where_3,Select,,,,,performance,gtpin_total_execution_cycles,1416560,cycles,1,256,1416560
n1_i0,0,1,0,n1_i0::op::/model/layers.1/self_attn/k_proj/MatMul,n1_i0::op_type::layers.*/self_attn::FullyConnected,op,/model/layers.1/self_attn/k_proj/MatMul,layers.*/self_attn,/model/layers.1/self_attn/k_proj/MatMul,FullyConnected,,,,,performance,gtpin_total_execution_cycles,3943678,cycles,1,8,3943678
n1_i0,0,1,0,n1_i0::op::/model/layers.1/self_attn/o_proj/MatMul,n1_i0::op_type::layers.*/self_attn::FullyConnected,op,/model/layers.1/self_attn/o_proj/MatMul,layers.*/self_attn,/model/layers.1/self_attn/o_proj/MatMul,FullyConnected,,,,,performance,gtpin_total_execution_cycles,43768164,cycles,1,128,43768164
n1_i0,0,1,0,n1_i0::op::/model/layers.1/self_attn/q_proj/MatMul,n1_i0::op_type::layers.*/self_attn::FullyConnected,op,/model/layers.1/self_attn/q_proj/MatMul,layers.*/self_attn,/model/layers.1/self_attn/q_proj/MatMul,FullyConnected,,,,,performance,gtpin_total_execution_cycles,41261942,cycles,1,128,41261942
n1_i0,0,1,0,n1_i0::op::/model/layers.1/self_attn/v_proj/MatMul,n1_i0::op_type::layers.*/self_attn::FullyConnected,op,/model/layers.1/self_attn/v_proj/MatMul,layers.*/self_attn,/model/layers.1/self_attn/v_proj/MatMul,FullyConnected,,,,,performance,gtpin_total_execution_cycles,3893368,cycles,1,8,3893368
n1_i0,0,1,0,n1_i0::op::/model/layers.10/input_layernorm/Mul,n1_i0::op_type::layers.*/input_layernorm::RMS,op,/model/layers.10/input_layernorm/Mul,layers.*/input_layernorm,/model/layers.10/input_layernorm/Mul,RMS,,,,,performance,gtpin_total_execution_cycles,1709562,cycles,1,256,1709562
n1_i0,0,1,0,n1_i0::op::/model/layers.10/mlp/down_proj/MatMul,n1_i0::op_type::layers.*/mlp::FullyConnected,op,/model/layers.10/mlp/down_proj/MatMul,layers.*/mlp,/model/layers.10/mlp/down_proj/MatMul,FullyConnected,,,,,performance,gtpin_total_execution_cycles,108927702,cycles,1,128,108927702
n1_i0,0,1,0,n1_i0::op::/model/layers.10/mlp/gate_proj/MatMul,n1_i0::op_type::layers.*/mlp::FullyConnected,op,/model/layers.10/mlp/gate_proj/MatMul,layers.*/mlp,/model/layers.10/mlp/gate_proj/MatMul,FullyConnected,,,,,performance,gtpin_total_execution_cycles,144855688,cycles,1,176,144855688
n1_i0,0,1,0,n1_i0::op::/model/layers.10/mlp/up_proj/MatMul,n1_i0::op_type::layers.*/mlp::FullyConnected,op,/model/layers.10/mlp/up_proj/MatMul,layers.*/mlp,/model/layers.10/mlp/up_proj/MatMul,FullyConnected,,,,,performance,gtpin_total_execution_cycles,136684136,cycles,1,176,136684136
n1_i0,0,1,0,n1_i0::op::/model/layers.10/post_attention_layernorm/Mul,n1_i0::op_type::layers.*/post_attention_layernorm::RMS,op,/model/layers.10/post_attention_layernorm/Mul,layers.*/post_attention_layernorm,/model/layers.10/post_attention_layernorm/Mul,RMS,,,,,performance,gtpin_total_execution_cycles,1852282,cycles,1,256,1852282
n1_i0,0,1,0,n1_i0::op::/model/layers.10/self_attn/Add,n1_i0::op_type::layers.*/self_attn::RoPE,op,/model/layers.10/self_attn/Add,layers.*/self_attn,/model/layers.10/self_attn/Add,RoPE,,,,,performance,gtpin_total_execution_cycles,783902,cycles,1,64,783902
n1_i0,0,1,0,n1_i0::op::/model/layers.10/self_attn/Add_1,n1_i0::op_type::layers.*/self_attn::RoPE,op,/model/layers.10/self_attn/Add_1,layers.*/self_attn,/model/layers.10/self_attn/Add_1,RoPE,,,,,performance,gtpin_total_execution_cycles,60174,cycles,1,8,60174
n1_i0,0,1,0,n1_i0::op::/model/layers.10/self_attn/Expand,n1_i0::op_type::layers.*/self_attn::Broadcast,op,/model/layers.10/self_attn/Expand,layers.*/self_attn,/model/layers.10/self_attn/Expand,Broadcast,,,,,performance,gtpin_total_execution_cycles,6656254,cycles,1,1024,6656254
n1_i0,0,1,0,n1_i0::op::/model/layers.10/self_attn/Expand_1,n1_i0::op_type::layers.*/self_attn::Broadcast,op,/model/layers.10/self_attn/Expand_1,layers.*/self_attn,/model/layers.10/self_attn/Expand_1,Broadcast,,,,,performance,gtpin_total_execution_cycles,4041150,cycles,1,1024,4041150
n1_i0,0,1,0,n1_i0::op::/model/layers.10/self_attn/IsNaN,n1_i0::op_type::layers.*/self_attn::IsNaN,op,/model/layers.10/self_attn/IsNaN,layers.*/self_attn,/model/layers.10/self_attn/IsNaN,IsNaN,,,,,performance,gtpin_total_execution_cycles,1310808,cycles,1,256,1310808
n1_i0,0,1,0,n1_i0::op::/model/layers.10/self_attn/MatMul,n1_i0::op_type::layers.*/self_attn::Gemm,op,/model/layers.10/self_attn/MatMul,layers.*/self_attn,/model/layers.10/self_attn/MatMul,Gemm,,,,,performance,gtpin_total_execution_cycles,3668458,cycles,1,32,3668458
n1_i0,0,1,0,n1_i0::op::/model/layers.10/self_attn/Mul_8,n1_i0::op_type::layers.*/self_attn::Multiply,op,/model/layers.10/self_attn/Mul_8,layers.*/self_attn,/model/layers.10/self_attn/Mul_8,Multiply,,,,,performance,gtpin_total_execution_cycles,4762280,cycles,1,1024,4762280
n1_i0,0,1,0,n1_i0::op::/model/layers.10/self_attn/Softmax,n1_i0::op_type::layers.*/self_attn::Softmax,op,/model/layers.10/self_attn/Softmax,layers.*/self_attn,/model/layers.10/self_attn/Softmax,Softmax,,,,,performance,gtpin_total_execution_cycles,8311994,cycles,1,512,8311994
n1_i0,0,1,0,n1_i0::op::/model/layers.10/self_attn/Transpose_2,n1_i0::op_type::layers.*/self_attn::Transpose,op,/model/layers.10/self_attn/Transpose_2,layers.*/self_attn,/model/layers.10/self_attn/Transpose_2,Transpose,,,,,performance,gtpin_total_execution_cycles,441472,cycles,1,128,441472
n1_i0,0,1,0,n1_i0::op::/model/layers.10/self_attn/Transpose_3,n1_i0::op_type::layers.*/self_attn::Transpose,op,/model/layers.10/self_attn/Transpose_3,layers.*/self_attn,/model/layers.10/self_attn/Transpose_3,Transpose,,,,,performance,gtpin_total_execution_cycles,5682036,cycles,1,1024,5682036
n1_i0,0,1,0,n1_i0::op::/model/layers.10/self_attn/Transpose_4,n1_i0::op_type::layers.*/self_attn::Gemm,op,/model/layers.10/self_attn/Transpose_4,layers.*/self_attn,/model/layers.10/self_attn/Transpose_4,Gemm,,,,,performance,gtpin_total_execution_cycles,2149598,cycles,1,64,2149598
n1_i0,0,1,0,n1_i0::op::/model/layers.10/self_attn/Where_2,n1_i0::op_type::layers.*/self_attn::Select,op,/model/layers.10/self_attn/Where_2,layers.*/self_attn,/model/layers.10/self_attn/Where_2,Select,,,,,performance,gtpin_total_execution_cycles,38440,cycles,1,8,38440
n1_i0,0,1,0,n1_i0::op::/model/layers.10/self_attn/Where_3,n1_i0::op_type::layers.*/self_attn::Select,op,/model/layers.10/self_attn/Where_3,layers.*/self_attn,/model/layers.10/self_attn/Where_3,Select,,,,,performance,gtpin_total_execution_cycles,1531550,cycles,1,256,1531550
n1_i0,0,1,0,n1_i0::op::/model/layers.10/self_attn/k_proj/MatMul,n1_i0::op_type::layers.*/self_attn::FullyConnected,op,/model/layers.10/self_attn/k_proj/MatMul,layers.*/self_attn,/model/layers.10/self_attn/k_proj/MatMul,FullyConnected,,,,,performance,gtpin_total_execution_cycles,3722422,cycles,1,8,3722422
n1_i0,0,1,0,n1_i0::op::/model/layers.10/self_attn/o_proj/MatMul,n1_i0::op_type::layers.*/self_attn::FullyConnected,op,/model/layers.10/self_attn/o_proj/MatMul,layers.*/self_attn,/model/layers.10/self_attn/o_proj/MatMul,FullyConnected,,,,,performance,gtpin_total_execution_cycles,30112580,cycles,1,64,30112580
n1_i0,0,1,0,n1_i0::op::/model/layers.10/self_attn/q_proj/MatMul,n1_i0::op_type::layers.*/self_attn::FullyConnected,op,/model/layers.10/self_attn/q_proj/MatMul,layers.*/self_attn,/model/layers.10/self_attn/q_proj/MatMul,FullyConnected,,,,,performance,gtpin_total_execution_cycles,28939942,cycles,1,64,28939942
n1_i0,0,1,0,n1_i0::op::/model/layers.10/self_attn/v_proj/MatMul,n1_i0::op_type::layers.*/self_attn::FullyConnected,op,/model/layers.10/self_attn/v_proj/MatMul,layers.*/self_attn,/model/layers.10/self_attn/v_proj/MatMul,FullyConnected,,,,,performance,gtpin_total_execution_cycles,3539730,cycles,1,8,3539730
n1_i0,0,1,0,n1_i0::op::/model/layers.11/input_layernorm/Mul,n1_i0::op_type::layers.*/input_layernorm::RMS,op,/model/layers.11/input_layernorm/Mul,layers.*/input_layernorm,/model/layers.11/input_layernorm/Mul,RMS,,,,,performance,gtpin_total_execution_cycles,1989504,cycles,1,256,1989504
n1_i0,0,1,0,n1_i0::op::/model/layers.11/mlp/down_proj/MatMul,n1_i0::op_type::layers.*/mlp::FullyConnected,op,/model/layers.11/mlp/down_proj/MatMul,layers.*/mlp,/model/layers.11/mlp/down_proj/MatMul,FullyConnected,,,,,performance,gtpin_total_execution_cycles,83341160,cycles,1,64,83341160
n1_i0,0,1,0,n1_i0::op::/model/layers.11/mlp/gate_proj/MatMul,n1_i0::op_type::layers.*/mlp::FullyConnected,op,/model/layers.11/mlp/gate_proj/MatMul,layers.*/mlp,/model/layers.11/mlp/gate_proj/MatMul,FullyConnected,,,,,performance,gtpin_total_execution_cycles,154445320,cycles,1,176,154445320
n1_i0,0,1,0,n1_i0::op::/model/layers.11/mlp/up_proj/MatMul,n1_i0::op_type::layers.*/mlp::FullyConnected,op,/model/layers.11/mlp/up_proj/MatMul,layers.*/mlp,/model/layers.11/mlp/up_proj/MatMul,FullyConnected,,,,,performance,gtpin_total_execution_cycles,164778506,cycles,1,176,164778506
n1_i0,0,1,0,n1_i0::op::/model/layers.11/post_attention_layernorm/Mul,n1_i0::op_type::layers.*/post_attention_layernorm::RMS,op,/model/layers.11/post_attention_layernorm/Mul,layers.*/post_attention_layernorm,/model/layers.11/post_attention_layernorm/Mul,RMS,,,,,performance,gtpin_total_execution_cycles,2479556,cycles,1,256,2479556
n1_i0,0,1,0,n1_i0::op::/model/layers.11/self_attn/Add,n1_i0::op_type::layers.*/self_attn::RoPE,op,/model/layers.11/self_attn/Add,layers.*/self_attn,/model/layers.11/self_attn/Add,RoPE,,,,,performance,gtpin_total_execution_cycles,815804,cycles,1,64,815804
n1_i0,0,1,0,n1_i0::op::/model/layers.11/self_attn/Add_1,n1_i0::op_type::layers.*/self_attn::RoPE,op,/model/layers.11/self_attn/Add_1,layers.*/self_attn,/model/layers.11/self_attn/Add_1,RoPE,,,,,performance,gtpin_total_execution_cycles,66558,cycles,1,8,66558
n1_i0,0,1,0,n1_i0::op::/model/layers.11/self_attn/Expand,n1_i0::op_type::layers.*/self_attn::Broadcast,op,/model/layers.11/self_attn/Expand,layers.*/self_attn,/model/layers.11/self_attn/Expand,Broadcast,,,,,performance,gtpin_total_execution_cycles,3758518,cycles,1,1024,3758518
n1_i0,0,1,0,n1_i0::op::/model/layers.11/self_attn/Expand_1,n1_i0::op_type::layers.*/self_attn::Broadcast,op,/model/layers.11/self_attn/Expand_1,layers.*/self_attn,/model/layers.11/self_attn/Expand_1,Broadcast,,,,,performance,gtpin_total_execution_cycles,7181124,cycles,1,1024,7181124
n1_i0,0,1,0,n1_i0::op::/model/layers.11/self_attn/IsNaN,n1_i0::op_type::layers.*/self_attn::IsNaN,op,/model/layers.11/self_attn/IsNaN,layers.*/self_attn,/model/layers.11/self_attn/IsNaN,IsNaN,,,,,performance,gtpin_total_execution_cycles,1221762,cycles,1,256,1221762
n1_i0,0,1,0,n1_i0::op::/model/layers.11/self_attn/MatMul,n1_i0::op_type::layers.*/self_attn::Gemm,op,/model/layers.11/self_attn/MatMul,layers.*/self_attn,/model/layers.11/self_attn/MatMul,Gemm,,,,,performance,gtpin_total_execution_cycles,3630118,cycles,1,32,3630118
n1_i0,0,1,0,n1_i0::op::/model/layers.11/self_attn/Mul_8,n1_i0::op_type::layers.*/self_attn::Multiply,op,/model/layers.11/self_attn/Mul_8,layers.*/self_attn,/model/layers.11/self_attn/Mul_8,Multiply,,,,,performance,gtpin_total_execution_cycles,4396062,cycles,1,1024,4396062
n1_i0,0,1,0,n1_i0::op::/model/layers.11/self_attn/Softmax,n1_i0::op_type::layers.*/self_attn::Softmax,op,/model/layers.11/self_attn/Softmax,layers.*/self_attn,/model/layers.11/self_attn/Softmax,Softmax,,,,,performance,gtpin_total_execution_cycles,8013941,cycles,1,512,8013941
n1_i0,0,1,0,n1_i0::op::/model/layers.11/self_attn/Transpose_2,n1_i0::op_type::layers.*/self_attn::Transpose,op,/model/layers.11/self_attn/Transpose_2,layers.*/self_attn,/model/layers.11/self_attn/Transpose_2,Transpose,,,,,performance,gtpin_total_execution_cycles,387406,cycles,1,128,387406
n1_i0,0,1,0,n1_i0::op::/model/layers.11/self_attn/Transpose_3,n1_i0::op_type::layers.*/self_attn::Transpose,op,/model/layers.11/self_attn/Transpose_3,layers.*/self_attn,/model/layers.11/self_attn/Transpose_3,Transpose,,,,,performance,gtpin_total_execution_cycles,5778890,cycles,1,1024,5778890
n1_i0,0,1,0,n1_i0::op::/model/layers.11/self_attn/Transpose_4,n1_i0::op_type::layers.*/self_attn::Gemm,op,/model/layers.11/self_attn/Transpose_4,layers.*/self_attn,/model/layers.11/self_attn/Transpose_4,Gemm,,,,,performance,gtpin_total_execution_cycles,2412038,cycles,1,64,2412038
n1_i0,0,1,0,n1_i0::op::/model/layers.11/self_attn/Where_2,n1_i0::op_type::layers.*/self_attn::Select,op,/model/layers.11/self_attn/Where_2,layers.*/self_attn,/model/layers.11/self_attn/Where_2,Select,,,,,performance,gtpin_total_execution_cycles,47904,cycles,1,8,47904
n1_i0,0,1,0,n1_i0::op::/model/layers.11/self_attn/Where_3,n1_i0::op_type::layers.*/self_attn::Select,op,/model/layers.11/self_attn/Where_3,layers.*/self_attn,/model/layers.11/self_attn/Where_3,Select,,,,,performance,gtpin_total_execution_cycles,1394612,cycles,1,256,1394612
n1_i0,0,1,0,n1_i0::op::/model/layers.11/self_attn/k_proj/MatMul,n1_i0::op_type::layers.*/self_attn::FullyConnected,op,/model/layers.11/self_attn/k_proj/MatMul,layers.*/self_attn,/model/layers.11/self_attn/k_proj/MatMul,FullyConnected,,,,,performance,gtpin_total_execution_cycles,3779832,cycles,1,8,3779832
n1_i0,0,1,0,n1_i0::op::/model/layers.11/self_attn/o_proj/MatMul,n1_i0::op_type::layers.*/self_attn::FullyConnected,op,/model/layers.11/self_attn/o_proj/MatMul,layers.*/self_attn,/model/layers.11/self_attn/o_proj/MatMul,FullyConnected,,,,,performance,gtpin_total_execution_cycles,35524476,cycles,1,64,35524476
n1_i0,0,1,0,n1_i0::op::/model/layers.11/self_attn/q_proj/MatMul,n1_i0::op_type::layers.*/self_attn::FullyConnected,op,/model/layers.11/self_attn/q_proj/MatMul,layers.*/self_attn,/model/layers.11/self_attn/q_proj/MatMul,FullyConnected,,,,,performance,gtpin_total_execution_cycles,29090892,cycles,1,64,29090892
n1_i0,0,1,0,n1_i0::op::/model/layers.11/self_attn/v_proj/MatMul,n1_i0::op_type::layers.*/self_attn::FullyConnected,op,/model/layers.11/self_attn/v_proj/MatMul,layers.*/self_attn,/model/layers.11/self_attn/v_proj/MatMul,FullyConnected,,,,,performance,gtpin_total_execution_cycles,3547536,cycles,1,8,3547536
n1_i0,0,1,0,n1_i0::op::/model/layers.12/input_layernorm/Mul,n1_i0::op_type::layers.*/input_layernorm::RMS,op,/model/layers.12/input_layernorm/Mul,layers.*/input_layernorm,/model/layers.12/input_layernorm/Mul,RMS,,,,,performance,gtpin_total_execution_cycles,1754532,cycles,1,256,1754532
n1_i0,0,1,0,n1_i0::op::/model/layers.12/mlp/down_proj/MatMul,n1_i0::op_type::layers.*/mlp::FullyConnected,op,/model/layers.12/mlp/down_proj/MatMul,layers.*/mlp,/model/layers.12/mlp/down_proj/MatMul,FullyConnected,,,,,performance,gtpin_total_execution_cycles,80069288,cycles,1,64,80069288
n1_i0,0,1,0,n1_i0::op::/model/layers.12/mlp/gate_proj/MatMul,n1_i0::op_type::layers.*/mlp::FullyConnected,op,/model/layers.12/mlp/gate_proj/MatMul,layers.*/mlp,/model/layers.12/mlp/gate_proj/MatMul,FullyConnected,,,,,performance,gtpin_total_execution_cycles,135128680,cycles,1,176,135128680
n1_i0,0,1,0,n1_i0::op::/model/layers.12/mlp/up_proj/MatMul,n1_i0::op_type::layers.*/mlp::FullyConnected,op,/model/layers.12/mlp/up_proj/MatMul,layers.*/mlp,/model/layers.12/mlp/up_proj/MatMul,FullyConnected,,,,,performance,gtpin_total_execution_cycles,131457352,cycles,1,176,131457352
n1_i0,0,1,0,n1_i0::op::/model/layers.12/post_attention_layernorm/Mul,n1_i0::op_type::layers.*/post_attention_layernorm::RMS,op,/model/layers.12/post_attention_layernorm/Mul,layers.*/post_attention_layernorm,/model/layers.12/post_attention_layernorm/Mul,RMS,,,,,performance,gtpin_total_execution_cycles,2215250,cycles,1,256,2215250
n1_i0,0,1,0,n1_i0::op::/model/layers.12/self_attn/Add,n1_i0::op_type::layers.*/self_attn::RoPE,op,/model/layers.12/self_attn/Add,layers.*/self_attn,/model/layers.12/self_attn/Add,RoPE,,,,,performance,gtpin_total_execution_cycles,830274,cycles,1,64,830274
n1_i0,0,1,0,n1_i0::op::/model/layers.12/self_attn/Add_1,n1_i0::op_type::layers.*/self_attn::RoPE,op,/model/layers.12/self_attn/Add_1,layers.*/self_attn,/model/layers.12/self_attn/Add_1,RoPE,,,,,performance,gtpin_total_execution_cycles,62050,cycles,1,8,62050
n1_i0,0,1,0,n1_i0::op::/model/layers.12/self_attn/Expand,n1_i0::op_type::layers.*/self_attn::Broadcast,op,/model/layers.12/self_attn/Expand,layers.*/self_attn,/model/layers.12/self_attn/Expand,Broadcast,,,,,performance,gtpin_total_execution_cycles,4570632,cycles,1,1024,4570632
n1_i0,0,1,0,n1_i0::op::/model/layers.12/self_attn/Expand_1,n1_i0::op_type::layers.*/self_attn::Broadcast,op,/model/layers.12/self_attn/Expand_1,layers.*/self_attn,/model/layers.12/self_attn/Expand_1,Broadcast,,,,,performance,gtpin_total_execution_cycles,4205800,cycles,1,1024,4205800
n1_i0,0,1,0,n1_i0::op::/model/layers.12/self_attn/IsNaN,n1_i0::op_type::layers.*/self_attn::IsNaN,op,/model/layers.12/self_attn/IsNaN,layers.*/self_attn,/model/layers.12/self_attn/IsNaN,IsNaN,,,,,performance,gtpin_total_execution_cycles,1283722,cycles,1,256,1283722
n1_i0,0,1,0,n1_i0::op::/model/layers.12/self_attn/MatMul,n1_i0::op_type::layers.*/self_attn::Gemm,op,/model/layers.12/self_attn/MatMul,layers.*/self_attn,/model/layers.12/self_attn/MatMul,Gemm,,,,,performance,gtpin_total_execution_cycles,4182208,cycles,1,32,4182208
n1_i0,0,1,0,n1_i0::op::/model/layers.12/self_attn/Mul_8,n1_i0::op_type::layers.*/self_attn::Multiply,op,/model/layers.12/self_attn/Mul_8,layers.*/self_attn,/model/layers.12/self_attn/Mul_8,Multiply,,,,,performance,gtpin_total_execution_cycles,5285724,cycles,1,1024,5285724
n1_i0,0,1,0,n1_i0::op::/model/layers.12/self_attn/Softmax,n1_i0::op_type::layers.*/self_attn::Softmax,op,/model/layers.12/self_attn/Softmax,layers.*/self_attn,/model/layers.12/self_attn/Softmax,Softmax,,,,,performance,gtpin_total_execution_cycles,8325204,cycles,1,512,8325204
n1_i0,0,1,0,n1_i0::op::/model/layers.12/self_attn/Transpose_2,n1_i0::op_type::layers.*/self_attn::Transpose,op,/model/layers.12/self_attn/Transpose_2,layers.*/self_attn,/model/layers.12/self_attn/Transpose_2,Transpose,,,,,performance,gtpin_total_execution_cycles,568846,cycles,1,128,568846
n1_i0,0,1,0,n1_i0::op::/model/layers.12/self_attn/Transpose_3,n1_i0::op_type::layers.*/self_attn::Transpose,op,/model/layers.12/self_attn/Transpose_3,layers.*/self_attn,/model/layers.12/self_attn/Transpose_3,Transpose,,,,,performance,gtpin_total_execution_cycles,5345924,cycles,1,1024,5345924
n1_i0,0,1,0,n1_i0::op::/model/layers.12/self_attn/Transpose_4,n1_i0::op_type::layers.*/self_attn::Gemm,op,/model/layers.12/self_attn/Transpose_4,layers.*/self_attn,/model/layers.12/self_attn/Transpose_4,Gemm,,,,,performance,gtpin_total_execution_cycles,2070466,cycles,1,64,2070466
n1_i0,0,1,0,n1_i0::op::/model/layers.12/self_attn/Where_2,n1_i0::op_type::layers.*/self_attn::Select,op,/model/layers.12/self_attn/Where_2,layers.*/self_attn,/model/layers.12/self_attn/Where_2,Select,,,,,performance,gtpin_total_execution_cycles,44724,cycles,1,8,44724
n1_i0,0,1,0,n1_i0::op::/model/layers.12/self_attn/Where_3,n1_i0::op_type::layers.*/self_attn::Select,op,/model/layers.12/self_attn/Where_3,layers.*/self_attn,/model/layers.12/self_attn/Where_3,Select,,,,,performance,gtpin_total_execution_cycles,1712586,cycles,1,256,1712586
n1_i0,0,1,0,n1_i0::op::/model/layers.12/self_attn/k_proj/MatMul,n1_i0::op_type::layers.*/self_attn::FullyConnected,op,/model/layers.12/self_attn/k_proj/MatMul,layers.*/self_attn,/model/layers.12/self_attn/k_proj/MatMul,FullyConnected,,,,,performance,gtpin_total_execution_cycles,3818276,cycles,1,8,3818276
n1_i0,0,1,0,n1_i0::op::/model/layers.12/self_attn/o_proj/MatMul,n1_i0::op_type::layers.*/self_attn::FullyConnected,op,/model/layers.12/self_attn/o_proj/MatMul,layers.*/self_attn,/model/layers.12/self_attn/o_proj/MatMul,FullyConnected,,,,,performance,gtpin_total_execution_cycles,29415982,cycles,1,64,29415982
n1_i0,0,1,0,n1_i0::op::/model/layers.12/self_attn/q_proj/MatMul,n1_i0::op_type::layers.*/self_attn::FullyConnected,op,/model/layers.12/self_attn/q_proj/MatMul,layers.*/self_attn,/model/layers.12/self_attn/q_proj/MatMul,FullyConnected,,,,,performance,gtpin_total_execution_cycles,29587634,cycles,1,64,29587634
n1_i0,0,1,0,n1_i0::op::/model/layers.12/self_attn/v_proj/MatMul,n1_i0::op_type::layers.*/self_attn::FullyConnected,op,/model/layers.12/self_attn/v_proj/MatMul,layers.*/self_attn,/model/layers.12/self_attn/v_proj/MatMul,FullyConnected,,,,,performance,gtpin_total_execution_cycles,3623792,cycles,1,8,3623792
n1_i0,0,1,0,n1_i0::op::/model/layers.13/input_layernorm/Mul,n1_i0::op_type::layers.*/input_layernorm::RMS,op,/model/layers.13/input_layernorm/Mul,layers.*/input_layernorm,/model/layers.13/input_layernorm/Mul,RMS,,,,,performance,gtpin_total_execution_cycles,2348962,cycles,1,256,2348962
n1_i0,0,1,0,n1_i0::op::/model/layers.13/mlp/down_proj/MatMul,n1_i0::op_type::layers.*/mlp::FullyConnected,op,/model/layers.13/mlp/down_proj/MatMul,layers.*/mlp,/model/layers.13/mlp/down_proj/MatMul,FullyConnected,,,,,performance,gtpin_total_execution_cycles,82413858,cycles,1,64,82413858
n1_i0,0,1,0,n1_i0::op::/model/layers.13/mlp/gate_proj/MatMul,n1_i0::op_type::layers.*/mlp::FullyConnected,op,/model/layers.13/mlp/gate_proj/MatMul,layers.*/mlp,/model/layers.13/mlp/gate_proj/MatMul,FullyConnected,,,,,performance,gtpin_total_execution_cycles,139046504,cycles,1,176,139046504
n1_i0,0,1,0,n1_i0::op::/model/layers.13/mlp/up_proj/MatMul,n1_i0::op_type::layers.*/mlp::FullyConnected,op,/model/layers.13/mlp/up_proj/MatMul,layers.*/mlp,/model/layers.13/mlp/up_proj/MatMul,FullyConnected,,,,,performance,gtpin_total_execution_cycles,108056280,cycles,1,176,108056280
n1_i0,0,1,0,n1_i0::op::/model/layers.13/post_attention_layernorm/Mul,n1_i0::op_type::layers.*/post_attention_layernorm::RMS,op,/model/layers.13/post_attention_layernorm/Mul,layers.*/post_attention_layernorm,/model/layers.13/post_attention_layernorm/Mul,RMS,,,,,performance,gtpin_total_execution_cycles,1936102,cycles,1,256,1936102
n1_i0,0,1,0,n1_i0::op::/model/layers.13/self_attn/Add,n1_i0::op_type::layers.*/self_attn::RoPE,op,/model/layers.13/self_attn/Add,layers.*/self_attn,/model/layers.13/self_attn/Add,RoPE,,,,,performance,gtpin_total_execution_cycles,933180,cycles,1,64,933180
n1_i0,0,1,0,n1_i0::op::/model/layers.13/self_attn/Add_1,n1_i0::op_type::layers.*/self_attn::RoPE,op,/model/layers.13/self_attn/Add_1,layers.*/self_attn,/model/layers.13/self_attn/Add_1,RoPE,,,,,performance,gtpin_total_execution_cycles,75410,cycles,1,8,75410
n1_i0,0,1,0,n1_i0::op::/model/layers.13/self_attn/Expand,n1_i0::op_type::layers.*/self_attn::Broadcast,op,/model/layers.13/self_attn/Expand,layers.*/self_attn,/model/layers.13/self_attn/Expand,Broadcast,,,,,performance,gtpin_total_execution_cycles,6998966,cycles,1,1024,6998966
n1_i0,0,1,0,n1_i0::op::/model/layers.13/self_attn/Expand_1,n1_i0::op_type::layers.*/self_attn::Broadcast,op,/model/layers.13/self_attn/Expand_1,layers.*/self_attn,/model/layers.13/self_attn/Expand_1,Broadcast,,,,,performance,gtpin_total_execution_cycles,4516030,cycles,1,1024,4516030
n1_i0,0,1,0,n1_i0::op::/model/layers.13/self_attn/IsNaN,n1_i0::op_type::layers.*/self_attn::IsNaN,op,/model/layers.13/self_attn/IsNaN,layers.*/self_attn,/model/layers.13/self_attn/IsNaN,IsNaN,,,,,performance,gtpin_total_execution_cycles,1253978,cycles,1,256,1253978
n1_i0,0,1,0,n1_i0::op::/model/layers.13/self_attn/MatMul,n1_i0::op_type::layers.*/self_attn::Gemm,op,/model/layers.13/self_attn/MatMul,layers.*/self_attn,/model/layers.13/self_attn/MatMul,Gemm,,,,,performance,gtpin_total_execution_cycles,3704950,cycles,1,32,3704950
n1_i0,0,1,0,n1_i0::op::/model/layers.13/self_attn/Mul_8,n1_i0::op_type::layers.*/self_attn::Multiply,op,/model/layers.13/self_attn/Mul_8,layers.*/self_attn,/model/layers.13/self_attn/Mul_8,Multiply,,,,,performance,gtpin_total_execution_cycles,4403184,cycles,1,1024,4403184
n1_i0,0,1,0,n1_i0::op::/model/layers.13/self_attn/Softmax,n1_i0::op_type::layers.*/self_attn::Softmax,op,/model/layers.13/self_attn/Softmax,layers.*/self_attn,/model/layers.13/self_attn/Softmax,Softmax,,,,,performance,gtpin_total_execution_cycles,8268124,cycles,1,512,8268124
n1_i0,0,1,0,n1_i0::op::/model/layers.13/self_attn/Transpose_2,n1_i0::op_type::layers.*/self_attn::Transpose,op,/model/layers.13/self_attn/Transpose_2,layers.*/self_attn,/model/layers.13/self_attn/Transpose_2,Transpose,,,,,performance,gtpin_total_execution_cycles,515178,cycles,1,128,515178
n1_i0,0,1,0,n1_i0::op::/model/layers.13/self_attn/Transpose_3,n1_i0::op_type::layers.*/self_attn::Transpose,op,/model/layers.13/self_attn/Transpose_3,layers.*/self_attn,/model/layers.13/self_attn/Transpose_3,Transpose,,,,,performance,gtpin_total_execution_cycles,6002700,cycles,1,1024,6002700
n1_i0,0,1,0,n1_i0::op::/model/layers.13/self_attn/Transpose_4,n1_i0::op_type::layers.*/self_attn::Gemm,op,/model/layers.13/self_attn/Transpose_4,layers.*/self_attn,/model/layers.13/self_attn/Transpose_4,Gemm,,,,,performance,gtpin_total_execution_cycles,2064840,cycles,1,64,2064840
n1_i0,0,1,0,n1_i0::op::/model/layers.13/self_attn/Where_2,n1_i0::op_type::layers.*/self_attn::Select,op,/model/layers.13/self_attn/Where_2,layers.*/self_attn,/model/layers.13/self_attn/Where_2,Select,,,,,performance,gtpin_total_execution_cycles,46980,cycles,1,8,46980
n1_i0,0,1,0,n1_i0::op::/model/layers.13/self_attn/Where_3,n1_i0::op_type::layers.*/self_attn::Select,op,/model/layers.13/self_attn/Where_3,layers.*/self_attn,/model/layers.13/self_attn/Where_3,Select,,,,,performance,gtpin_total_execution_cycles,1464786,cycles,1,256,1464786
n1_i0,0,1,0,n1_i0::op::/model/layers.13/self_attn/k_proj/MatMul,n1_i0::op_type::layers.*/self_attn::FullyConnected,op,/model/layers.13/self_attn/k_proj/MatMul,layers.*/self_attn,/model/layers.13/self_attn/k_proj/MatMul,FullyConnected,,,,,performance,gtpin_total_execution_cycles,4340550,cycles,1,8,4340550
n1_i0,0,1,0,n1_i0::op::/model/layers.13/self_attn/o_proj/MatMul,n1_i0::op_type::layers.*/self_attn::FullyConnected,op,/model/layers.13/self_attn/o_proj/MatMul,layers.*/self_attn,/model/layers.13/self_attn/o_proj/MatMul,FullyConnected,,,,,performance,gtpin_total_execution_cycles,29447420,cycles,1,64,29447420
n1_i0,0,1,0,n1_i0::op::/model/layers.13/self_attn/q_proj/MatMul,n1_i0::op_type::layers.*/self_attn::FullyConnected,op,/model/layers.13/self_attn/q_proj/MatMul,layers.*/self_attn,/model/layers.13/self_attn/q_proj/MatMul,FullyConnected,,,,,performance,gtpin_total_execution_cycles,33547386,cycles,1,64,33547386
n1_i0,0,1,0,n1_i0::op::/model/layers.13/self_attn/v_proj/MatMul,n1_i0::op_type::layers.*/self_attn::FullyConnected,op,/model/layers.13/self_attn/v_proj/MatMul,layers.*/self_attn,/model/layers.13/self_attn/v_proj/MatMul,FullyConnected,,,,,performance,gtpin_total_execution_cycles,4089486,cycles,1,8,4089486
n1_i0,0,1,0,n1_i0::op::/model/layers.14/input_layernorm/Mul,n1_i0::op_type::layers.*/input_layernorm::RMS,op,/model/layers.14/input_layernorm/Mul,layers.*/input_layernorm,/model/layers.14/input_layernorm/Mul,RMS,,,,,performance,gtpin_total_execution_cycles,1763028,cycles,1,256,1763028
n1_i0,0,1,0,n1_i0::op::/model/layers.14/mlp/down_proj/MatMul,n1_i0::op_type::layers.*/mlp::FullyConnected,op,/model/layers.14/mlp/down_proj/MatMul,layers.*/mlp,/model/layers.14/mlp/down_proj/MatMul,FullyConnected,,,,,performance,gtpin_total_execution_cycles,79171918,cycles,1,64,79171918
n1_i0,0,1,0,n1_i0::op::/model/layers.14/mlp/gate_proj/MatMul,n1_i0::op_type::layers.*/mlp::FullyConnected,op,/model/layers.14/mlp/gate_proj/MatMul,layers.*/mlp,/model/layers.14/mlp/gate_proj/MatMul,FullyConnected,,,,,performance,gtpin_total_execution_cycles,137632856,cycles,1,176,137632856
n1_i0,0,1,0,n1_i0::op::/model/layers.14/mlp/up_proj/MatMul,n1_i0::op_type::layers.*/mlp::FullyConnected,op,/model/layers.14/mlp/up_proj/MatMul,layers.*/mlp,/model/layers.14/mlp/up_proj/MatMul,FullyConnected,,,,,performance,gtpin_total_execution_cycles,119278436,cycles,1,176,119278436
n1_i0,0,1,0,n1_i0::op::/model/layers.14/post_attention_layernorm/Mul,n1_i0::op_type::layers.*/post_attention_layernorm::RMS,op,/model/layers.14/post_attention_layernorm/Mul,layers.*/post_attention_layernorm,/model/layers.14/post_attention_layernorm/Mul,RMS,,,,,performance,gtpin_total_execution_cycles,1926962,cycles,1,256,1926962
n1_i0,0,1,0,n1_i0::op::/model/layers.14/self_attn/Add,n1_i0::op_type::layers.*/self_attn::RoPE,op,/model/layers.14/self_attn/Add,layers.*/self_attn,/model/layers.14/self_attn/Add,RoPE,,,,,performance,gtpin_total_execution_cycles,1016846,cycles,1,64,1016846
n1_i0,0,1,0,n1_i0::op::/model/layers.14/self_attn/Add_1,n1_i0::op_type::layers.*/self_attn::RoPE,op,/model/layers.14/self_attn/Add_1,layers.*/self_attn,/model/layers.14/self_attn/Add_1,RoPE,,,,,performance,gtpin_total_execution_cycles,68154,cycles,1,8,68154
n1_i0,0,1,0,n1_i0::op::/model/layers.14/self_attn/Expand,n1_i0::op_type::layers.*/self_attn::Broadcast,op,/model/layers.14/self_attn/Expand,layers.*/self_attn,/model/layers.14/self_attn/Expand,Broadcast,,,,,performance,gtpin_total_execution_cycles,6182576,cycles,1,1024,6182576
n1_i0,0,1,0,n1_i0::op::/model/layers.14/self_attn/Expand_1,n1_i0::op_type::layers.*/self_attn::Broadcast,op,/model/layers.14/self_attn/Expand_1,layers.*/self_attn,/model/layers.14/self_attn/Expand_1,Broadcast,,,,,performance,gtpin_total_execution_cycles,4301336,cycles,1,1024,4301336
n1_i0,0,1,0,n1_i0::op::/model/layers.14/self_attn/IsNaN,n1_i0::op_type::layers.*/self_attn::IsNaN,op,/model/layers.14/self_attn/IsNaN,layers.*/self_attn,/model/layers.14/self_attn/IsNaN,IsNaN,,,,,performance,gtpin_total_execution_cycles,1163830,cycles,1,256,1163830
n1_i0,0,1,0,n1_i0::op::/model/layers.14/self_attn/MatMul,n1_i0::op_type::layers.*/self_attn::Gemm,op,/model/layers.14/self_attn/MatMul,layers.*/self_attn,/model/layers.14/self_attn/MatMul,Gemm,,,,,performance,gtpin_total_execution_cycles,3447000,cycles,1,32,3447000
n1_i0,0,1,0,n1_i0::op::/model/layers.14/self_attn/Mul_8,n1_i0::op_type::layers.*/self_attn::Multiply,op,/model/layers.14/self_attn/Mul_8,layers.*/self_attn,/model/layers.14/self_attn/Mul_8,Multiply,,,,,performance,gtpin_total_execution_cycles,5487900,cycles,1,1024,5487900
n1_i0,0,1,0,n1_i0::op::/model/layers.14/self_attn/Softmax,n1_i0::op_type::layers.*/self_attn::Softmax,op,/model/layers.14/self_attn/Softmax,layers.*/self_attn,/model/layers.14/self_attn/Softmax,Softmax,,,,,performance,gtpin_total_execution_cycles,7959491,cycles,1,512,7959491
n1_i0,0,1,0,n1_i0::op::/model/layers.14/self_attn/Transpose_2,n1_i0::op_type::layers.*/self_attn::Transpose,op,/model/layers.14/self_attn/Transpose_2,layers.*/self_attn,/model/layers.14/self_attn/Transpose_2,Transpose,,,,,performance,gtpin_total_execution_cycles,615292,cycles,1,128,615292
n1_i0,0,1,0,n1_i0::op::/model/layers.14/self_attn/Transpose_3,n1_i0::op_type::layers.*/self_attn::Transpose,op,/model/layers.14/self_attn/Transpose_3,layers.*/self_attn,/model/layers.14/self_attn/Transpose_3,Transpose,,,,,performance,gtpin_total_execution_cycles,6085940,cycles,1,1024,6085940
n1_i0,0,1,0,n1_i0::op::/model/layers.14/self_attn/Transpose_4,n1_i0::op_type::layers.*/self_attn::Gemm,op,/model/layers.14/self_attn/Transpose_4,layers.*/self_attn,/model/layers.14/self_attn/Transpose_4,Gemm,,,,,performance,gtpin_total_execution_cycles,2053712,cycles,1,64,2053712
n1_i0,0,1,0,n1_i0::op::/model/layers.14/self_attn/Where_2,n1_i0::op_type::layers.*/self_attn::Select,op,/model/layers.14/self_attn/Where_2,layers.*/self_attn,/model/layers.14/self_attn/Where_2,Select,,,,,performance,gtpin_total_execution_cycles,36642,cycles,1,8,36642
n1_i0,0,1,0,n1_i0::op::/model/layers.14/self_attn/Where_3,n1_i0::op_type::layers.*/self_attn::Select,op,/model/layers.14/self_attn/Where_3,layers.*/self_attn,/model/layers.14/self_attn/Where_3,Select,,,,,performance,gtpin_total_execution_cycles,1399666,cycles,1,256,1399666
n1_i0,0,1,0,n1_i0::op::/model/layers.14/self_attn/k_proj/MatMul,n1_i0::op_type::layers.*/self_attn::FullyConnected,op,/model/layers.14/self_attn/k_proj/MatMul,layers.*/self_attn,/model/layers.14/self_attn/k_proj/MatMul,FullyConnected,,,,,performance,gtpin_total_execution_cycles,4106426,cycles,1,8,4106426
n1_i0,0,1,0,n1_i0::op::/model/layers.14/self_attn/o_proj/MatMul,n1_i0::op_type::layers.*/self_attn::FullyConnected,op,/model/layers.14/self_attn/o_proj/MatMul,layers.*/self_attn,/model/layers.14/self_attn/o_proj/MatMul,FullyConnected,,,,,performance,gtpin_total_execution_cycles,29107336,cycles,1,64,29107336
n1_i0,0,1,0,n1_i0::op::/model/layers.14/self_attn/q_proj/MatMul,n1_i0::op_type::layers.*/self_attn::FullyConnected,op,/model/layers.14/self_attn/q_proj/MatMul,layers.*/self_attn,/model/layers.14/self_attn/q_proj/MatMul,FullyConnected,,,,,performance,gtpin_total_execution_cycles,31828854,cycles,1,64,31828854
n1_i0,0,1,0,n1_i0::op::/model/layers.14/self_attn/v_proj/MatMul,n1_i0::op_type::layers.*/self_attn::FullyConnected,op,/model/layers.14/self_attn/v_proj/MatMul,layers.*/self_attn,/model/layers.14/self_attn/v_proj/MatMul,FullyConnected,,,,,performance,gtpin_total_execution_cycles,3902458,cycles,1,8,3902458
n1_i0,0,1,0,n1_i0::op::/model/layers.15/input_layernorm/Mul,n1_i0::op_type::layers.*/input_layernorm::RMS,op,/model/layers.15/input_layernorm/Mul,layers.*/input_layernorm,/model/layers.15/input_layernorm/Mul,RMS,,,,,performance,gtpin_total_execution_cycles,2184718,cycles,1,256,2184718
n1_i0,0,1,0,n1_i0::op::/model/layers.15/mlp/down_proj/MatMul,n1_i0::op_type::layers.*/mlp::FullyConnected,op,/model/layers.15/mlp/down_proj/MatMul,layers.*/mlp,/model/layers.15/mlp/down_proj/MatMul,FullyConnected,,,,,performance,gtpin_total_execution_cycles,76796824,cycles,1,64,76796824
n1_i0,0,1,0,n1_i0::op::/model/layers.15/mlp/gate_proj/MatMul,n1_i0::op_type::layers.*/mlp::FullyConnected,op,/model/layers.15/mlp/gate_proj/MatMul,layers.*/mlp,/model/layers.15/mlp/gate_proj/MatMul,FullyConnected,,,,,performance,gtpin_total_execution_cycles,130039562,cycles,1,176,130039562
n1_i0,0,1,0,n1_i0::op::/model/layers.15/mlp/up_proj/MatMul,n1_i0::op_type::layers.*/mlp::FullyConnected,op,/model/layers.15/mlp/up_proj/MatMul,layers.*/mlp,/model/layers.15/mlp/up_proj/MatMul,FullyConnected,,,,,performance,gtpin_total_execution_cycles,122730498,cycles,1,176,122730498
n1_i0,0,1,0,n1_i0::op::/model/layers.15/post_attention_layernorm/Mul,n1_i0::op_type::layers.*/post_attention_layernorm::RMS,op,/model/layers.15/post_attention_layernorm/Mul,layers.*/post_attention_layernorm,/model/layers.15/post_attention_layernorm/Mul,RMS,,,,,performance,gtpin_total_execution_cycles,1937930,cycles,1,256,1937930
n1_i0,0,1,0,n1_i0::op::/model/layers.15/self_attn/Add,n1_i0::op_type::layers.*/self_attn::RoPE,op,/model/layers.15/self_attn/Add,layers.*/self_attn,/model/layers.15/self_attn/Add,RoPE,,,,,performance,gtpin_total_execution_cycles,893812,cycles,1,64,893812
n1_i0,0,1,0,n1_i0::op::/model/layers.15/self_attn/Add_1,n1_i0::op_type::layers.*/self_attn::RoPE,op,/model/layers.15/self_attn/Add_1,layers.*/self_attn,/model/layers.15/self_attn/Add_1,RoPE,,,,,performance,gtpin_total_execution_cycles,67202,cycles,1,8,67202
n1_i0,0,1,0,n1_i0::op::/model/layers.15/self_attn/Expand,n1_i0::op_type::layers.*/self_attn::Broadcast,op,/model/layers.15/self_attn/Expand,layers.*/self_attn,/model/layers.15/self_attn/Expand,Broadcast,,,,,performance,gtpin_total_execution_cycles,3790272,cycles,1,1024,3790272
n1_i0,0,1,0,n1_i0::op::/model/layers.15/self_attn/Expand_1,n1_i0::op_type::layers.*/self_attn::Broadcast,op,/model/layers.15/self_attn/Expand_1,layers.*/self_attn,/model/layers.15/self_attn/Expand_1,Broadcast,,,,,performance,gtpin_total_execution_cycles,4529066,cycles,1,1024,4529066
n1_i0,0,1,0,n1_i0::op::/model/layers.15/self_attn/IsNaN,n1_i0::op_type::layers.*/self_attn::IsNaN,op,/model/layers.15/self_attn/IsNaN,layers.*/self_attn,/model/layers.15/self_attn/IsNaN,IsNaN,,,,,performance,gtpin_total_execution_cycles,1272266,cycles,1,256,1272266
n1_i0,0,1,0,n1_i0::op::/model/layers.15/self_attn/MatMul,n1_i0::op_type::layers.*/self_attn::Gemm,op,/model/layers.15/self_attn/MatMul,layers.*/self_attn,/model/layers.15/self_attn/MatMul,Gemm,,,,,performance,gtpin_total_execution_cycles,3436448,cycles,1,32,3436448
n1_i0,0,1,0,n1_i0::op::/model/layers.15/self_attn/Mul_8,n1_i0::op_type::layers.*/self_attn::Multiply,op,/model/layers.15/self_attn/Mul_8,layers.*/self_attn,/model/layers.15/self_attn/Mul_8,Multiply,,,,,performance,gtpin_total_execution_cycles,4736838,cycles,1,1024,4736838
n1_i0,0,1,0,n1_i0::op::/model/layers.15/self_attn/Softmax,n1_i0::op_type::layers.*/self_attn::Softmax,op,/model/layers.15/self_attn/Softmax,layers.*/self_attn,/model/layers.15/self_attn/Softmax,Softmax,,,,,performance,gtpin_total_execution_cycles,7966266,cycles,1,512,7966266
n1_i0,0,1,0,n1_i0::op::/model/layers.15/self_attn/Transpose_2,n1_i0::op_type::layers.*/self_attn::Transpose,op,/model/layers.15/self_attn/Transpose_2,layers.*/self_attn,/model/layers.15/self_attn/Transpose_2,Transpose,,,,,performance,gtpin_total_execution_cycles,505218,cycles,1,128,505218
n1_i0,0,1,0,n1_i0::op::/model/layers.15/self_attn/Transpose_3,n1_i0::op_type::layers.*/self_attn::Transpose,op,/model/layers.15/self_attn/Transpose_3,layers.*/self_attn,/model/layers.15/self_attn/Transpose_3,Transpose,,,,,performance,gtpin_total_execution_cycles,5215868,cycles,1,1024,5215868
n1_i0,0,1,0,n1_i0::op::/model/layers.15/self_attn/Transpose_4,n1_i0::op_type::layers.*/self_attn::Gemm,op,/model/layers.15/self_attn/Transpose_4,layers.*/self_attn,/model/layers.15/self_attn/Transpose_4,Gemm,,,,,performance,gtpin_total_execution_cycles,2402854,cycles,1,64,2402854
n1_i0,0,1,0,n1_i0::op::/model/layers.15/self_attn/Where_2,n1_i0::op_type::layers.*/self_attn::Select,op,/model/layers.15/self_attn/Where_2,layers.*/self_attn,/model/layers.15/self_attn/Where_2,Select,,,,,performance,gtpin_total_execution_cycles,45268,cycles,1,8,45268
n1_i0,0,1,0,n1_i0::op::/model/layers.15/self_attn/Where_3,n1_i0::op_type::layers.*/self_attn::Select,op,/model/layers.15/self_attn/Where_3,layers.*/self_attn,/model/layers.15/self_attn/Where_3,Select,,,,,performance,gtpin_total_execution_cycles,1447170,cycles,1,256,1447170
n1_i0,0,1,0,n1_i0::op::/model/layers.15/self_attn/k_proj/MatMul,n1_i0::op_type::layers.*/self_attn::FullyConnected,op,/model/layers.15/self_attn/k_proj/MatMul,layers.*/self_attn,/model/layers.15/self_attn/k_proj/MatMul,FullyConnected,,,,,performance,gtpin_total_execution_cycles,3728224,cycles,1,8,3728224
n1_i0,0,1,0,n1_i0::op::/model/layers.15/self_attn/o_proj/MatMul,n1_i0::op_type::layers.*/self_attn::FullyConnected,op,/model/layers.15/self_attn/o_proj/MatMul,layers.*/self_attn,/model/layers.15/self_attn/o_proj/MatMul,FullyConnected,,,,,performance,gtpin_total_execution_cycles,28714918,cycles,1,64,28714918
n1_i0,0,1,0,n1_i0::op::/model/layers.15/self_attn/q_proj/MatMul,n1_i0::op_type::layers.*/self_attn::FullyConnected,op,/model/layers.15/self_attn/q_proj/MatMul,layers.*/self_attn,/model/layers.15/self_attn/q_proj/MatMul,FullyConnected,,,,,performance,gtpin_total_execution_cycles,28963088,cycles,1,64,28963088
n1_i0,0,1,0,n1_i0::op::/model/layers.15/self_attn/v_proj/MatMul,n1_i0::op_type::layers.*/self_attn::FullyConnected,op,/model/layers.15/self_attn/v_proj/MatMul,layers.*/self_attn,/model/layers.15/self_attn/v_proj/MatMul,FullyConnected,,,,,performance,gtpin_total_execution_cycles,3541762,cycles,1,8,3541762
n1_i0,0,1,0,n1_i0::op::/model/layers.16/input_layernorm/Mul,n1_i0::op_type::layers.*/input_layernorm::RMS,op,/model/layers.16/input_layernorm/Mul,layers.*/input_layernorm,/model/layers.16/input_layernorm/Mul,RMS,,,,,performance,gtpin_total_execution_cycles,1506722,cycles,1,256,1506722
n1_i0,0,1,0,n1_i0::op::/model/layers.16/mlp/down_proj/MatMul,n1_i0::op_type::layers.*/mlp::FullyConnected,op,/model/layers.16/mlp/down_proj/MatMul,layers.*/mlp,/model/layers.16/mlp/down_proj/MatMul,FullyConnected,,,,,performance,gtpin_total_execution_cycles,81851534,cycles,1,64,81851534
n1_i0,0,1,0,n1_i0::op::/model/layers.16/mlp/gate_proj/MatMul,n1_i0::op_type::layers.*/mlp::FullyConnected,op,/model/layers.16/mlp/gate_proj/MatMul,layers.*/mlp,/model/layers.16/mlp/gate_proj/MatMul,FullyConnected,,,,,performance,gtpin_total_execution_cycles,140289028,cycles,1,176,140289028
n1_i0,0,1,0,n1_i0::op::/model/layers.16/mlp/up_proj/MatMul,n1_i0::op_type::layers.*/mlp::FullyConnected,op,/model/layers.16/mlp/up_proj/MatMul,layers.*/mlp,/model/layers.16/mlp/up_proj/MatMul,FullyConnected,,,,,performance,gtpin_total_execution_cycles,134603166,cycles,1,176,134603166
n1_i0,0,1,0,n1_i0::op::/model/layers.16/post_attention_layernorm/Mul,n1_i0::op_type::layers.*/post_attention_layernorm::RMS,op,/model/layers.16/post_attention_layernorm/Mul,layers.*/post_attention_layernorm,/model/layers.16/post_attention_layernorm/Mul,RMS,,,,,performance,gtpin_total_execution_cycles,1976838,cycles,1,256,1976838
n1_i0,0,1,0,n1_i0::op::/model/layers.16/self_attn/Add,n1_i0::op_type::layers.*/self_attn::RoPE,op,/model/layers.16/self_attn/Add,layers.*/self_attn,/model/layers.16/self_attn/Add,RoPE,,,,,performance,gtpin_total_execution_cycles,847252,cycles,1,64,847252
n1_i0,0,1,0,n1_i0::op::/model/layers.16/self_attn/Add_1,n1_i0::op_type::layers.*/self_attn::RoPE,op,/model/layers.16/self_attn/Add_1,layers.*/self_attn,/model/layers.16/self_attn/Add_1,RoPE,,,,,performance,gtpin_total_execution_cycles,62584,cycles,1,8,62584
n1_i0,0,1,0,n1_i0::op::/model/layers.16/self_attn/Expand,n1_i0::op_type::layers.*/self_attn::Broadcast,op,/model/layers.16/self_attn/Expand,layers.*/self_attn,/model/layers.16/self_attn/Expand,Broadcast,,,,,performance,gtpin_total_execution_cycles,3638472,cycles,1,1024,3638472
n1_i0,0,1,0,n1_i0::op::/model/layers.16/self_attn/Expand_1,n1_i0::op_type::layers.*/self_attn::Broadcast,op,/model/layers.16/self_attn/Expand_1,layers.*/self_attn,/model/layers.16/self_attn/Expand_1,Broadcast,,,,,performance,gtpin_total_execution_cycles,3737366,cycles,1,1024,3737366
n1_i0,0,1,0,n1_i0::op::/model/layers.16/self_attn/IsNaN,n1_i0::op_type::layers.*/self_attn::IsNaN,op,/model/layers.16/self_attn/IsNaN,layers.*/self_attn,/model/layers.16/self_attn/IsNaN,IsNaN,,,,,performance,gtpin_total_execution_cycles,1164484,cycles,1,256,1164484
n1_i0,0,1,0,n1_i0::op::/model/layers.16/self_attn/MatMul,n1_i0::op_type::layers.*/self_attn::Gemm,op,/model/layers.16/self_attn/MatMul,layers.*/self_attn,/model/layers.16/self_attn/MatMul,Gemm,,,,,performance,gtpin_total_execution_cycles,4066094,cycles,1,32,4066094
n1_i0,0,1,0,n1_i0::op::/model/layers.16/self_attn/Mul_8,n1_i0::op_type::layers.*/self_attn::Multiply,op,/model/layers.16/self_attn/Mul_8,layers.*/self_attn,/model/layers.16/self_attn/Mul_8,Multiply,,,,,performance,gtpin_total_execution_cycles,5005680,cycles,1,1024,5005680
n1_i0,0,1,0,n1_i0::op::/model/layers.16/self_attn/Softmax,n1_i0::op_type::layers.*/self_attn::Softmax,op,/model/layers.16/self_attn/Softmax,layers.*/self_attn,/model/layers.16/self_attn/Softmax,Softmax,,,,,performance,gtpin_total_execution_cycles,8152748,cycles,1,512,8152748
n1_i0,0,1,0,n1_i0::op::/model/layers.16/self_attn/Transpose_2,n1_i0::op_type::layers.*/self_attn::Transpose,op,/model/layers.16/self_attn/Transpose_2,layers.*/self_attn,/model/layers.16/self_attn/Transpose_2,Transpose,,,,,performance,gtpin_total_execution_cycles,500492,cycles,1,128,500492
n1_i0,0,1,0,n1_i0::op::/model/layers.16/self_attn/Transpose_3,n1_i0::op_type::layers.*/self_attn::Transpose,op,/model/layers.16/self_attn/Transpose_3,layers.*/self_attn,/model/layers.16/self_attn/Transpose_3,Transpose,,,,,performance,gtpin_total_execution_cycles,5111920,cycles,1,1024,5111920
n1_i0,0,1,0,n1_i0::op::/model/layers.16/self_attn/Transpose_4,n1_i0::op_type::layers.*/self_attn::Gemm,op,/model/layers.16/self_attn/Transpose_4,layers.*/self_attn,/model/layers.16/self_attn/Transpose_4,Gemm,,,,,performance,gtpin_total_execution_cycles,2089610,cycles,1,64,2089610
n1_i0,0,1,0,n1_i0::op::/model/layers.16/self_attn/Where_2,n1_i0::op_type::layers.*/self_attn::Select,op,/model/layers.16/self_attn/Where_2,layers.*/self_attn,/model/layers.16/self_attn/Where_2,Select,,,,,performance,gtpin_total_execution_cycles,38938,cycles,1,8,38938
n1_i0,0,1,0,n1_i0::op::/model/layers.16/self_attn/Where_3,n1_i0::op_type::layers.*/self_attn::Select,op,/model/layers.16/self_attn/Where_3,layers.*/self_attn,/model/layers.16/self_attn/Where_3,Select,,,,,performance,gtpin_total_execution_cycles,1546992,cycles,1,256,1546992
n1_i0,0,1,0,n1_i0::op::/model/layers.16/self_attn/k_proj/MatMul,n1_i0::op_type::layers.*/self_attn::FullyConnected,op,/model/layers.16/self_attn/k_proj/MatMul,layers.*/self_attn,/model/layers.16/self_attn/k_proj/MatMul,FullyConnected,,,,,performance,gtpin_total_execution_cycles,3666790,cycles,1,8,3666790
n1_i0,0,1,0,n1_i0::op::/model/layers.16/self_attn/o_proj/MatMul,n1_i0::op_type::layers.*/self_attn::FullyConnected,op,/model/layers.16/self_attn/o_proj/MatMul,layers.*/self_attn,/model/layers.16/self_attn/o_proj/MatMul,FullyConnected,,,,,performance,gtpin_total_execution_cycles,29183288,cycles,1,64,29183288
n1_i0,0,1,0,n1_i0::op::/model/layers.16/self_attn/q_proj/MatMul,n1_i0::op_type::layers.*/self_attn::FullyConnected,op,/model/layers.16/self_attn/q_proj/MatMul,layers.*/self_attn,/model/layers.16/self_attn/q_proj/MatMul,FullyConnected,,,,,performance,gtpin_total_execution_cycles,28559418,cycles,1,64,28559418
n1_i0,0,1,0,n1_i0::op::/model/layers.16/self_attn/v_proj/MatMul,n1_i0::op_type::layers.*/self_attn::FullyConnected,op,/model/layers.16/self_attn/v_proj/MatMul,layers.*/self_attn,/model/layers.16/self_attn/v_proj/MatMul,FullyConnected,,,,,performance,gtpin_total_execution_cycles,3486278,cycles,1,8,3486278
n1_i0,0,1,0,n1_i0::op::/model/layers.17/input_layernorm/Mul,n1_i0::op_type::layers.*/input_layernorm::RMS,op,/model/layers.17/input_layernorm/Mul,layers.*/input_layernorm,/model/layers.17/input_layernorm/Mul,RMS,,,,,performance,gtpin_total_execution_cycles,1912302,cycles,1,256,1912302
n1_i0,0,1,0,n1_i0::op::/model/layers.17/mlp/down_proj/MatMul,n1_i0::op_type::layers.*/mlp::FullyConnected,op,/model/layers.17/mlp/down_proj/MatMul,layers.*/mlp,/model/layers.17/mlp/down_proj/MatMul,FullyConnected,,,,,performance,gtpin_total_execution_cycles,79714630,cycles,1,64,79714630
n1_i0,0,1,0,n1_i0::op::/model/layers.17/mlp/gate_proj/MatMul,n1_i0::op_type::layers.*/mlp::FullyConnected,op,/model/layers.17/mlp/gate_proj/MatMul,layers.*/mlp,/model/layers.17/mlp/gate_proj/MatMul,FullyConnected,,,,,performance,gtpin_total_execution_cycles,123248244,cycles,1,176,123248244
n1_i0,0,1,0,n1_i0::op::/model/layers.17/mlp/up_proj/MatMul,n1_i0::op_type::layers.*/mlp::FullyConnected,op,/model/layers.17/mlp/up_proj/MatMul,layers.*/mlp,/model/layers.17/mlp/up_proj/MatMul,FullyConnected,,,,,performance,gtpin_total_execution_cycles,125069896,cycles,1,176,125069896
n1_i0,0,1,0,n1_i0::op::/model/layers.17/post_attention_layernorm/Mul,n1_i0::op_type::layers.*/post_attention_layernorm::RMS,op,/model/layers.17/post_attention_layernorm/Mul,layers.*/post_attention_layernorm,/model/layers.17/post_attention_layernorm/Mul,RMS,,,,,performance,gtpin_total_execution_cycles,2052884,cycles,1,256,2052884
n1_i0,0,1,0,n1_i0::op::/model/layers.17/self_attn/Add,n1_i0::op_type::layers.*/self_attn::RoPE,op,/model/layers.17/self_attn/Add,layers.*/self_attn,/model/layers.17/self_attn/Add,RoPE,,,,,performance,gtpin_total_execution_cycles,905050,cycles,1,64,905050
n1_i0,0,1,0,n1_i0::op::/model/layers.17/self_attn/Add_1,n1_i0::op_type::layers.*/self_attn::RoPE,op,/model/layers.17/self_attn/Add_1,layers.*/self_attn,/model/layers.17/self_attn/Add_1,RoPE,,,,,performance,gtpin_total_execution_cycles,67450,cycles,1,8,67450
n1_i0,0,1,0,n1_i0::op::/model/layers.17/self_attn/Expand,n1_i0::op_type::layers.*/self_attn::Broadcast,op,/model/layers.17/self_attn/Expand,layers.*/self_attn,/model/layers.17/self_attn/Expand,Broadcast,,,,,performance,gtpin_total_execution_cycles,7840750,cycles,1,1024,7840750
n1_i0,0,1,0,n1_i0::op::/model/layers.17/self_attn/Expand_1,n1_i0::op_type::layers.*/self_attn::Broadcast,op,/model/layers.17/self_attn/Expand_1,layers.*/self_attn,/model/layers.17/self_attn/Expand_1,Broadcast,,,,,performance,gtpin_total_execution_cycles,4182164,cycles,1,1024,4182164
n1_i0,0,1,0,n1_i0::op::/model/layers.17/self_attn/IsNaN,n1_i0::op_type::layers.*/self_attn::IsNaN,op,/model/layers.17/self_attn/IsNaN,layers.*/self_attn,/model/layers.17/self_attn/IsNaN,IsNaN,,,,,performance,gtpin_total_execution_cycles,1375202,cycles,1,256,1375202
n1_i0,0,1,0,n1_i0::op::/model/layers.17/self_attn/MatMul,n1_i0::op_type::layers.*/self_attn::Gemm,op,/model/layers.17/self_attn/MatMul,layers.*/self_attn,/model/layers.17/self_attn/MatMul,Gemm,,,,,performance,gtpin_total_execution_cycles,3751508,cycles,1,32,3751508
n1_i0,0,1,0,n1_i0::op::/model/layers.17/self_attn/Mul_8,n1_i0::op_type::layers.*/self_attn::Multiply,op,/model/layers.17/self_attn/Mul_8,layers.*/self_attn,/model/layers.17/self_attn/Mul_8,Multiply,,,,,performance,gtpin_total_execution_cycles,5301044,cycles,1,1024,5301044
n1_i0,0,1,0,n1_i0::op::/model/layers.17/self_attn/Softmax,n1_i0::op_type::layers.*/self_attn::Softmax,op,/model/layers.17/self_attn/Softmax,layers.*/self_attn,/model/layers.17/self_attn/Softmax,Softmax,,,,,performance,gtpin_total_execution_cycles,8496745,cycles,1,512,8496745
n1_i0,0,1,0,n1_i0::op::/model/layers.17/self_attn/Transpose_2,n1_i0::op_type::layers.*/self_attn::Transpose,op,/model/layers.17/self_attn/Transpose_2,layers.*/self_attn,/model/layers.17/self_attn/Transpose_2,Transpose,,,,,performance,gtpin_total_execution_cycles,535592,cycles,1,128,535592
n1_i0,0,1,0,n1_i0::op::/model/layers.17/self_attn/Transpose_3,n1_i0::op_type::layers.*/self_attn::Transpose,op,/model/layers.17/self_attn/Transpose_3,layers.*/self_attn,/model/layers.17/self_attn/Transpose_3,Transpose,,,,,performance,gtpin_total_execution_cycles,5945166,cycles,1,1024,5945166
n1_i0,0,1,0,n1_i0::op::/model/layers.17/self_attn/Transpose_4,n1_i0::op_type::layers.*/self_attn::Gemm,op,/model/layers.17/self_attn/Transpose_4,layers.*/self_attn,/model/layers.17/self_attn/Transpose_4,Gemm,,,,,performance,gtpin_total_execution_cycles,2164670,cycles,1,64,2164670
n1_i0,0,1,0,n1_i0::op::/model/layers.17/self_attn/Where_2,n1_i0::op_type::layers.*/self_attn::Select,op,/model/layers.17/self_attn/Where_2,layers.*/self_attn,/model/layers.17/self_attn/Where_2,Select,,,,,performance,gtpin_total_execution_cycles,40208,cycles,1,8,40208
n1_i0,0,1,0,n1_i0::op::/model/layers.17/self_attn/Where_3,n1_i0::op_type::layers.*/self_attn::Select,op,/model/layers.17/self_attn/Where_3,layers.*/self_attn,/model/layers.17/self_attn/Where_3,Select,,,,,performance,gtpin_total_execution_cycles,1683408,cycles,1,256,1683408
n1_i0,0,1,0,n1_i0::op::/model/layers.17/self_attn/k_proj/MatMul,n1_i0::op_type::layers.*/self_attn::FullyConnected,op,/model/layers.17/self_attn/k_proj/MatMul,layers.*/self_attn,/model/layers.17/self_attn/k_proj/MatMul,FullyConnected,,,,,performance,gtpin_total_execution_cycles,3873902,cycles,1,8,3873902
n1_i0,0,1,0,n1_i0::op::/model/layers.17/self_attn/o_proj/MatMul,n1_i0::op_type::layers.*/self_attn::FullyConnected,op,/model/layers.17/self_attn/o_proj/MatMul,layers.*/self_attn,/model/layers.17/self_attn/o_proj/MatMul,FullyConnected,,,,,performance,gtpin_total_execution_cycles,29825476,cycles,1,64,29825476
n1_i0,0,1,0,n1_i0::op::/model/layers.17/self_attn/q_proj/MatMul,n1_i0::op_type::layers.*/self_attn::FullyConnected,op,/model/layers.17/self_attn/q_proj/MatMul,layers.*/self_attn,/model/layers.17/self_attn/q_proj/MatMul,FullyConnected,,,,,performance,gtpin_total_execution_cycles,30090404,cycles,1,64,30090404
n1_i0,0,1,0,n1_i0::op::/model/layers.17/self_attn/v_proj/MatMul,n1_i0::op_type::layers.*/self_attn::FullyConnected,op,/model/layers.17/self_attn/v_proj/MatMul,layers.*/self_attn,/model/layers.17/self_attn/v_proj/MatMul,FullyConnected,,,,,performance,gtpin_total_execution_cycles,3674972,cycles,1,8,3674972
n1_i0,0,1,0,n1_i0::op::/model/layers.18/input_layernorm/Mul,n1_i0::op_type::layers.*/input_layernorm::RMS,op,/model/layers.18/input_layernorm/Mul,layers.*/input_layernorm,/model/layers.18/input_layernorm/Mul,RMS,,,,,performance,gtpin_total_execution_cycles,1528854,cycles,1,256,1528854
n1_i0,0,1,0,n1_i0::op::/model/layers.18/mlp/down_proj/MatMul,n1_i0::op_type::layers.*/mlp::FullyConnected,op,/model/layers.18/mlp/down_proj/MatMul,layers.*/mlp,/model/layers.18/mlp/down_proj/MatMul,FullyConnected,,,,,performance,gtpin_total_execution_cycles,82157096,cycles,1,64,82157096
n1_i0,0,1,0,n1_i0::op::/model/layers.18/mlp/gate_proj/MatMul,n1_i0::op_type::layers.*/mlp::FullyConnected,op,/model/layers.18/mlp/gate_proj/MatMul,layers.*/mlp,/model/layers.18/mlp/gate_proj/MatMul,FullyConnected,,,,,performance,gtpin_total_execution_cycles,167205596,cycles,1,176,167205596
n1_i0,0,1,0,n1_i0::op::/model/layers.18/mlp/up_proj/MatMul,n1_i0::op_type::layers.*/mlp::FullyConnected,op,/model/layers.18/mlp/up_proj/MatMul,layers.*/mlp,/model/layers.18/mlp/up_proj/MatMul,FullyConnected,,,,,performance,gtpin_total_execution_cycles,138343142,cycles,1,176,138343142
n1_i0,0,1,0,n1_i0::op::/model/layers.18/post_attention_layernorm/Mul,n1_i0::op_type::layers.*/post_attention_layernorm::RMS,op,/model/layers.18/post_attention_layernorm/Mul,layers.*/post_attention_layernorm,/model/layers.18/post_attention_layernorm/Mul,RMS,,,,,performance,gtpin_total_execution_cycles,1882318,cycles,1,256,1882318
n1_i0,0,1,0,n1_i0::op::/model/layers.18/self_attn/Add,n1_i0::op_type::layers.*/self_attn::RoPE,op,/model/layers.18/self_attn/Add,layers.*/self_attn,/model/layers.18/self_attn/Add,RoPE,,,,,performance,gtpin_total_execution_cycles,835074,cycles,1,64,835074
n1_i0,0,1,0,n1_i0::op::/model/layers.18/self_attn/Add_1,n1_i0::op_type::layers.*/self_attn::RoPE,op,/model/layers.18/self_attn/Add_1,layers.*/self_attn,/model/layers.18/self_attn/Add_1,RoPE,,,,,performance,gtpin_total_execution_cycles,68818,cycles,1,8,68818
n1_i0,0,1,0,n1_i0::op::/model/layers.18/self_attn/Expand,n1_i0::op_type::layers.*/self_attn::Broadcast,op,/model/layers.18/self_attn/Expand,layers.*/self_attn,/model/layers.18/self_attn/Expand,Broadcast,,,,,performance,gtpin_total_execution_cycles,6636684,cycles,1,1024,6636684
n1_i0,0,1,0,n1_i0::op::/model/layers.18/self_attn/Expand_1,n1_i0::op_type::layers.*/self_attn::Broadcast,op,/model/layers.18/self_attn/Expand_1,layers.*/self_attn,/model/layers.18/self_attn/Expand_1,Broadcast,,,,,performance,gtpin_total_execution_cycles,3588060,cycles,1,1024,3588060
n1_i0,0,1,0,n1_i0::op::/model/layers.18/self_attn/IsNaN,n1_i0::op_type::layers.*/self_attn::IsNaN,op,/model/layers.18/self_attn/IsNaN,layers.*/self_attn,/model/layers.18/self_attn/IsNaN,IsNaN,,,,,performance,gtpin_total_execution_cycles,1339346,cycles,1,256,1339346
n1_i0,0,1,0,n1_i0::op::/model/layers.18/self_attn/MatMul,n1_i0::op_type::layers.*/self_attn::Gemm,op,/model/layers.18/self_attn/MatMul,layers.*/self_attn,/model/layers.18/self_attn/MatMul,Gemm,,,,,performance,gtpin_total_execution_cycles,3692012,cycles,1,32,3692012
n1_i0,0,1,0,n1_i0::op::/model/layers.18/self_attn/Mul_8,n1_i0::op_type::layers.*/self_attn::Multiply,op,/model/layers.18/self_attn/Mul_8,layers.*/self_attn,/model/layers.18/self_attn/Mul_8,Multiply,,,,,performance,gtpin_total_execution_cycles,4966080,cycles,1,1024,4966080
n1_i0,0,1,0,n1_i0::op::/model/layers.18/self_attn/Softmax,n1_i0::op_type::layers.*/self_attn::Softmax,op,/model/layers.18/self_attn/Softmax,layers.*/self_attn,/model/layers.18/self_attn/Softmax,Softmax,,,,,performance,gtpin_total_execution_cycles,8239472,cycles,1,512,8239472
n1_i0,0,1,0,n1_i0::op::/model/layers.18/self_attn/Transpose_2,n1_i0::op_type::layers.*/self_attn::Transpose,op,/model/layers.18/self_attn/Transpose_2,layers.*/self_attn,/model/layers.18/self_attn/Transpose_2,Transpose,,,,,performance,gtpin_total_execution_cycles,501336,cycles,1,128,501336
n1_i0,0,1,0,n1_i0::op::/model/layers.18/self_attn/Transpose_3,n1_i0::op_type::layers.*/self_attn::Transpose,op,/model/layers.18/self_attn/Transpose_3,layers.*/self_attn,/model/layers.18/self_attn/Transpose_3,Transpose,,,,,performance,gtpin_total_execution_cycles,6194450,cycles,1,1024,6194450
n1_i0,0,1,0,n1_i0::op::/model/layers.18/self_attn/Transpose_4,n1_i0::op_type::layers.*/self_attn::Gemm,op,/model/layers.18/self_attn/Transpose_4,layers.*/self_attn,/model/layers.18/self_attn/Transpose_4,Gemm,,,,,performance,gtpin_total_execution_cycles,2051640,cycles,1,64,2051640
n1_i0,0,1,0,n1_i0::op::/model/layers.18/self_attn/Where_2,n1_i0::op_type::layers.*/self_attn::Select,op,/model/layers.18/self_attn/Where_2,layers.*/self_attn,/model/layers.18/self_attn/Where_2,Select,,,,,performance,gtpin_total_execution_cycles,41504,cycles,1,8,41504
n1_i0,0,1,0,n1_i0::op::/model/layers.18/self_attn/Where_3,n1_i0::op_type::layers.*/self_attn::Select,op,/model/layers.18/self_attn/Where_3,layers.*/self_attn,/model/layers.18/self_attn/Where_3,Select,,,,,performance,gtpin_total_execution_cycles,1608894,cycles,1,256,1608894
n1_i0,0,1,0,n1_i0::op::/model/layers.18/self_attn/k_proj/MatMul,n1_i0::op_type::layers.*/self_attn::FullyConnected,op,/model/layers.18/self_attn/k_proj/MatMul,layers.*/self_attn,/model/layers.18/self_attn/k_proj/MatMul,FullyConnected,,,,,performance,gtpin_total_execution_cycles,3804430,cycles,1,8,3804430
n1_i0,0,1,0,n1_i0::op::/model/layers.18/self_attn/o_proj/MatMul,n1_i0::op_type::layers.*/self_attn::FullyConnected,op,/model/layers.18/self_attn/o_proj/MatMul,layers.*/self_attn,/model/layers.18/self_attn/o_proj/MatMul,FullyConnected,,,,,performance,gtpin_total_execution_cycles,29704578,cycles,1,64,29704578
n1_i0,0,1,0,n1_i0::op::/model/layers.18/self_attn/q_proj/MatMul,n1_i0::op_type::layers.*/self_attn::FullyConnected,op,/model/layers.18/self_attn/q_proj/MatMul,layers.*/self_attn,/model/layers.18/self_attn/q_proj/MatMul,FullyConnected,,,,,performance,gtpin_total_execution_cycles,29721532,cycles,1,64,29721532
n1_i0,0,1,0,n1_i0::op::/model/layers.18/self_attn/v_proj/MatMul,n1_i0::op_type::layers.*/self_attn::FullyConnected,op,/model/layers.18/self_attn/v_proj/MatMul,layers.*/self_attn,/model/layers.18/self_attn/v_proj/MatMul,FullyConnected,,,,,performance,gtpin_total_execution_cycles,3626772,cycles,1,8,3626772
n1_i0,0,1,0,n1_i0::op::/model/layers.19/input_layernorm/Mul,n1_i0::op_type::layers.*/input_layernorm::RMS,op,/model/layers.19/input_layernorm/Mul,layers.*/input_layernorm,/model/layers.19/input_layernorm/Mul,RMS,,,,,performance,gtpin_total_execution_cycles,2050008,cycles,1,256,2050008
n1_i0,0,1,0,n1_i0::op::/model/layers.19/mlp/down_proj/MatMul,n1_i0::op_type::layers.*/mlp::FullyConnected,op,/model/layers.19/mlp/down_proj/MatMul,layers.*/mlp,/model/layers.19/mlp/down_proj/MatMul,FullyConnected,,,,,performance,gtpin_total_execution_cycles,78960468,cycles,1,64,78960468
n1_i0,0,1,0,n1_i0::op::/model/layers.19/mlp/gate_proj/MatMul,n1_i0::op_type::layers.*/mlp::FullyConnected,op,/model/layers.19/mlp/gate_proj/MatMul,layers.*/mlp,/model/layers.19/mlp/gate_proj/MatMul,FullyConnected,,,,,performance,gtpin_total_execution_cycles,140160058,cycles,1,176,140160058
n1_i0,0,1,0,n1_i0::op::/model/layers.19/mlp/up_proj/MatMul,n1_i0::op_type::layers.*/mlp::FullyConnected,op,/model/layers.19/mlp/up_proj/MatMul,layers.*/mlp,/model/layers.19/mlp/up_proj/MatMul,FullyConnected,,,,,performance,gtpin_total_execution_cycles,129424206,cycles,1,176,129424206
n1_i0,0,1,0,n1_i0::op::/model/layers.19/post_attention_layernorm/Mul,n1_i0::op_type::layers.*/post_attention_layernorm::RMS,op,/model/layers.19/post_attention_layernorm/Mul,layers.*/post_attention_layernorm,/model/layers.19/post_attention_layernorm/Mul,RMS,,,,,performance,gtpin_total_execution_cycles,2136782,cycles,1,256,2136782
n1_i0,0,1,0,n1_i0::op::/model/layers.19/self_attn/Add,n1_i0::op_type::layers.*/self_attn::RoPE,op,/model/layers.19/self_attn/Add,layers.*/self_attn,/model/layers.19/self_attn/Add,RoPE,,,,,performance,gtpin_total_execution_cycles,938816,cycles,1,64,938816
n1_i0,0,1,0,n1_i0::op::/model/layers.19/self_attn/Add_1,n1_i0::op_type::layers.*/self_attn::RoPE,op,/model/layers.19/self_attn/Add_1,layers.*/self_attn,/model/layers.19/self_attn/Add_1,RoPE,,,,,performance,gtpin_total_execution_cycles,64800,cycles,1,8,64800
n1_i0,0,1,0,n1_i0::op::/model/layers.19/self_attn/Expand,n1_i0::op_type::layers.*/self_attn::Broadcast,op,/model/layers.19/self_attn/Expand,layers.*/self_attn,/model/layers.19/self_attn/Expand,Broadcast,,,,,performance,gtpin_total_execution_cycles,4406952,cycles,1,1024,4406952
n1_i0,0,1,0,n1_i0::op::/model/layers.19/self_attn/Expand_1,n1_i0::op_type::layers.*/self_attn::Broadcast,op,/model/layers.19/self_attn/Expand_1,layers.*/self_attn,/model/layers.19/self_attn/Expand_1,Broadcast,,,,,performance,gtpin_total_execution_cycles,6036640,cycles,1,1024,6036640
n1_i0,0,1,0,n1_i0::op::/model/layers.19/self_attn/IsNaN,n1_i0::op_type::layers.*/self_attn::IsNaN,op,/model/layers.19/self_attn/IsNaN,layers.*/self_attn,/model/layers.19/self_attn/IsNaN,IsNaN,,,,,performance,gtpin_total_execution_cycles,1135526,cycles,1,256,1135526
n1_i0,0,1,0,n1_i0::op::/model/layers.19/self_attn/MatMul,n1_i0::op_type::layers.*/self_attn::Gemm,op,/model/layers.19/self_attn/MatMul,layers.*/self_attn,/model/layers.19/self_attn/MatMul,Gemm,,,,,performance,gtpin_total_execution_cycles,3530710,cycles,1,32,3530710
n1_i0,0,1,0,n1_i0::op::/model/layers.19/self_attn/Mul_8,n1_i0::op_type::layers.*/self_attn::Multiply,op,/model/layers.19/self_attn/Mul_8,layers.*/self_attn,/model/layers.19/self_attn/Mul_8,Multiply,,,,,performance,gtpin_total_execution_cycles,4500360,cycles,1,1024,4500360
n1_i0,0,1,0,n1_i0::op::/model/layers.19/self_attn/Softmax,n1_i0::op_type::layers.*/self_attn::Softmax,op,/model/layers.19/self_attn/Softmax,layers.*/self_attn,/model/layers.19/self_attn/Softmax,Softmax,,,,,performance,gtpin_total_execution_cycles,8054315,cycles,1,512,8054315
n1_i0,0,1,0,n1_i0::op::/model/layers.19/self_attn/Transpose_2,n1_i0::op_type::layers.*/self_attn::Transpose,op,/model/layers.19/self_attn/Transpose_2,layers.*/self_attn,/model/layers.19/self_attn/Transpose_2,Transpose,,,,,performance,gtpin_total_execution_cycles,514218,cycles,1,128,514218
n1_i0,0,1,0,n1_i0::op::/model/layers.19/self_attn/Transpose_3,n1_i0::op_type::layers.*/self_attn::Transpose,op,/model/layers.19/self_attn/Transpose_3,layers.*/self_attn,/model/layers.19/self_attn/Transpose_3,Transpose,,,,,performance,gtpin_total_execution_cycles,5901308,cycles,1,1024,5901308
n1_i0,0,1,0,n1_i0::op::/model/layers.19/self_attn/Transpose_4,n1_i0::op_type::layers.*/self_attn::Gemm,op,/model/layers.19/self_attn/Transpose_4,layers.*/self_attn,/model/layers.19/self_attn/Transpose_4,Gemm,,,,,performance,gtpin_total_execution_cycles,2417850,cycles,1,64,2417850
n1_i0,0,1,0,n1_i0::op::/model/layers.19/self_attn/Where_2,n1_i0::op_type::layers.*/self_attn::Select,op,/model/layers.19/self_attn/Where_2,layers.*/self_attn,/model/layers.19/self_attn/Where_2,Select,,,,,performance,gtpin_total_execution_cycles,39722,cycles,1,8,39722
n1_i0,0,1,0,n1_i0::op::/model/layers.19/self_attn/Where_3,n1_i0::op_type::layers.*/self_attn::Select,op,/model/layers.19/self_attn/Where_3,layers.*/self_attn,/model/layers.19/self_attn/Where_3,Select,,,,,performance,gtpin_total_execution_cycles,1344924,cycles,1,256,1344924
n1_i0,0,1,0,n1_i0::op::/model/layers.19/self_attn/k_proj/MatMul,n1_i0::op_type::layers.*/self_attn::FullyConnected,op,/model/layers.19/self_attn/k_proj/MatMul,layers.*/self_attn,/model/layers.19/self_attn/k_proj/MatMul,FullyConnected,,,,,performance,gtpin_total_execution_cycles,3816648,cycles,1,8,3816648
n1_i0,0,1,0,n1_i0::op::/model/layers.19/self_attn/o_proj/MatMul,n1_i0::op_type::layers.*/self_attn::FullyConnected,op,/model/layers.19/self_attn/o_proj/MatMul,layers.*/self_attn,/model/layers.19/self_attn/o_proj/MatMul,FullyConnected,,,,,performance,gtpin_total_execution_cycles,29490336,cycles,1,64,29490336
n1_i0,0,1,0,n1_i0::op::/model/layers.19/self_attn/q_proj/MatMul,n1_i0::op_type::layers.*/self_attn::FullyConnected,op,/model/layers.19/self_attn/q_proj/MatMul,layers.*/self_attn,/model/layers.19/self_attn/q_proj/MatMul,FullyConnected,,,,,performance,gtpin_total_execution_cycles,29526464,cycles,1,64,29526464
n1_i0,0,1,0,n1_i0::op::/model/layers.19/self_attn/v_proj/MatMul,n1_i0::op_type::layers.*/self_attn::FullyConnected,op,/model/layers.19/self_attn/v_proj/MatMul,layers.*/self_attn,/model/layers.19/self_attn/v_proj/MatMul,FullyConnected,,,,,performance,gtpin_total_execution_cycles,3611880,cycles,1,8,3611880
n1_i0,0,1,0,n1_i0::op::/model/layers.2/input_layernorm/Mul,n1_i0::op_type::layers.*/input_layernorm::RMS,op,/model/layers.2/input_layernorm/Mul,layers.*/input_layernorm,/model/layers.2/input_layernorm/Mul,RMS,,,,,performance,gtpin_total_execution_cycles,1412494,cycles,1,256,1412494
n1_i0,0,1,0,n1_i0::op::/model/layers.2/mlp/down_proj/MatMul,n1_i0::op_type::layers.*/mlp::FullyConnected,op,/model/layers.2/mlp/down_proj/MatMul,layers.*/mlp,/model/layers.2/mlp/down_proj/MatMul,FullyConnected,,,,,performance,gtpin_total_execution_cycles,107231070,cycles,1,128,107231070
n1_i0,0,1,0,n1_i0::op::/model/layers.2/mlp/gate_proj/MatMul,n1_i0::op_type::layers.*/mlp::FullyConnected,op,/model/layers.2/mlp/gate_proj/MatMul,layers.*/mlp,/model/layers.2/mlp/gate_proj/MatMul,FullyConnected,,,,,performance,gtpin_total_execution_cycles,331411048,cycles,1,352,331411048
n1_i0,0,1,0,n1_i0::op::/model/layers.2/mlp/up_proj/MatMul,n1_i0::op_type::layers.*/mlp::FullyConnected,op,/model/layers.2/mlp/up_proj/MatMul,layers.*/mlp,/model/layers.2/mlp/up_proj/MatMul,FullyConnected,,,,,performance,gtpin_total_execution_cycles,286546330,cycles,1,352,286546330
n1_i0,0,1,0,n1_i0::op::/model/layers.2/post_attention_layernorm/Mul,n1_i0::op_type::layers.*/post_attention_layernorm::RMS,op,/model/layers.2/post_attention_layernorm/Mul,layers.*/post_attention_layernorm,/model/layers.2/post_attention_layernorm/Mul,RMS,,,,,performance,gtpin_total_execution_cycles,2145200,cycles,1,256,2145200
n1_i0,0,1,0,n1_i0::op::/model/layers.2/self_attn/Add,n1_i0::op_type::layers.*/self_attn::RoPE,op,/model/layers.2/self_attn/Add,layers.*/self_attn,/model/layers.2/self_attn/Add,RoPE,,,,,performance,gtpin_total_execution_cycles,825252,cycles,1,64,825252
n1_i0,0,1,0,n1_i0::op::/model/layers.2/self_attn/Add_1,n1_i0::op_type::layers.*/self_attn::RoPE,op,/model/layers.2/self_attn/Add_1,layers.*/self_attn,/model/layers.2/self_attn/Add_1,RoPE,,,,,performance,gtpin_total_execution_cycles,64216,cycles,1,8,64216
n1_i0,0,1,0,n1_i0::op::/model/layers.2/self_attn/Expand,n1_i0::op_type::layers.*/self_attn::Broadcast,op,/model/layers.2/self_attn/Expand,layers.*/self_attn,/model/layers.2/self_attn/Expand,Broadcast,,,,,performance,gtpin_total_execution_cycles,6043642,cycles,1,1024,6043642
n1_i0,0,1,0,n1_i0::op::/model/layers.2/self_attn/Expand_1,n1_i0::op_type::layers.*/self_attn::Broadcast,op,/model/layers.2/self_attn/Expand_1,layers.*/self_attn,/model/layers.2/self_attn/Expand_1,Broadcast,,,,,performance,gtpin_total_execution_cycles,4191546,cycles,1,1024,4191546
n1_i0,0,1,0,n1_i0::op::/model/layers.2/self_attn/IsNaN,n1_i0::op_type::layers.*/self_attn::IsNaN,op,/model/layers.2/self_attn/IsNaN,layers.*/self_attn,/model/layers.2/self_attn/IsNaN,IsNaN,,,,,performance,gtpin_total_execution_cycles,1101406,cycles,1,256,1101406
n1_i0,0,1,0,n1_i0::op::/model/layers.2/self_attn/MatMul,n1_i0::op_type::layers.*/self_attn::Gemm,op,/model/layers.2/self_attn/MatMul,layers.*/self_attn,/model/layers.2/self_attn/MatMul,Gemm,,,,,performance,gtpin_total_execution_cycles,3414666,cycles,1,32,3414666
n1_i0,0,1,0,n1_i0::op::/model/layers.2/self_attn/Mul_8,n1_i0::op_type::layers.*/self_attn::Multiply,op,/model/layers.2/self_attn/Mul_8,layers.*/self_attn,/model/layers.2/self_attn/Mul_8,Multiply,,,,,performance,gtpin_total_execution_cycles,4563166,cycles,1,1024,4563166
n1_i0,0,1,0,n1_i0::op::/model/layers.2/self_attn/Softmax,n1_i0::op_type::layers.*/self_attn::Softmax,op,/model/layers.2/self_attn/Softmax,layers.*/self_attn,/model/layers.2/self_attn/Softmax,Softmax,,,,,performance,gtpin_total_execution_cycles,7828496,cycles,1,512,7828496
n1_i0,0,1,0,n1_i0::op::/model/layers.2/self_attn/Transpose_2,n1_i0::op_type::layers.*/self_attn::Transpose,op,/model/layers.2/self_attn/Transpose_2,layers.*/self_attn,/model/layers.2/self_attn/Transpose_2,Transpose,,,,,performance,gtpin_total_execution_cycles,382772,cycles,1,128,382772
n1_i0,0,1,0,n1_i0::op::/model/layers.2/self_attn/Transpose_3,n1_i0::op_type::layers.*/self_attn::Transpose,op,/model/layers.2/self_attn/Transpose_3,layers.*/self_attn,/model/layers.2/self_attn/Transpose_3,Transpose,,,,,performance,gtpin_total_execution_cycles,5260524,cycles,1,1024,5260524
n1_i0,0,1,0,n1_i0::op::/model/layers.2/self_attn/Transpose_4,n1_i0::op_type::layers.*/self_attn::Gemm,op,/model/layers.2/self_attn/Transpose_4,layers.*/self_attn,/model/layers.2/self_attn/Transpose_4,Gemm,,,,,performance,gtpin_total_execution_cycles,1976236,cycles,1,64,1976236
n1_i0,0,1,0,n1_i0::op::/model/layers.2/self_attn/Where_2,n1_i0::op_type::layers.*/self_attn::Select,op,/model/layers.2/self_attn/Where_2,layers.*/self_attn,/model/layers.2/self_attn/Where_2,Select,,,,,performance,gtpin_total_execution_cycles,32920,cycles,1,8,32920
n1_i0,0,1,0,n1_i0::op::/model/layers.2/self_attn/Where_3,n1_i0::op_type::layers.*/self_attn::Select,op,/model/layers.2/self_attn/Where_3,layers.*/self_attn,/model/layers.2/self_attn/Where_3,Select,,,,,performance,gtpin_total_execution_cycles,1398144,cycles,1,256,1398144
n1_i0,0,1,0,n1_i0::op::/model/layers.2/self_attn/k_proj/MatMul,n1_i0::op_type::layers.*/self_attn::FullyConnected,op,/model/layers.2/self_attn/k_proj/MatMul,layers.*/self_attn,/model/layers.2/self_attn/k_proj/MatMul,FullyConnected,,,,,performance,gtpin_total_execution_cycles,3780602,cycles,1,8,3780602
n1_i0,0,1,0,n1_i0::op::/model/layers.2/self_attn/o_proj/MatMul,n1_i0::op_type::layers.*/self_attn::FullyConnected,op,/model/layers.2/self_attn/o_proj/MatMul,layers.*/self_attn,/model/layers.2/self_attn/o_proj/MatMul,FullyConnected,,,,,performance,gtpin_total_execution_cycles,42692012,cycles,1,128,42692012
n1_i0,0,1,0,n1_i0::op::/model/layers.2/self_attn/q_proj/MatMul,n1_i0::op_type::layers.*/self_attn::FullyConnected,op,/model/layers.2/self_attn/q_proj/MatMul,layers.*/self_attn,/model/layers.2/self_attn/q_proj/MatMul,FullyConnected,,,,,performance,gtpin_total_execution_cycles,29386620,cycles,1,64,29386620
n1_i0,0,1,0,n1_i0::op::/model/layers.2/self_attn/v_proj/MatMul,n1_i0::op_type::layers.*/self_attn::FullyConnected,op,/model/layers.2/self_attn/v_proj/MatMul,layers.*/self_attn,/model/layers.2/self_attn/v_proj/MatMul,FullyConnected,,,,,performance,gtpin_total_execution_cycles,3594456,cycles,1,8,3594456
n1_i0,0,1,0,n1_i0::op::/model/layers.20/input_layernorm/Mul,n1_i0::op_type::layers.*/input_layernorm::RMS,op,/model/layers.20/input_layernorm/Mul,layers.*/input_layernorm,/model/layers.20/input_layernorm/Mul,RMS,,,,,performance,gtpin_total_execution_cycles,1609416,cycles,1,256,1609416
n1_i0,0,1,0,n1_i0::op::/model/layers.20/mlp/down_proj/MatMul,n1_i0::op_type::layers.*/mlp::FullyConnected,op,/model/layers.20/mlp/down_proj/MatMul,layers.*/mlp,/model/layers.20/mlp/down_proj/MatMul,FullyConnected,,,,,performance,gtpin_total_execution_cycles,85706214,cycles,1,64,85706214
n1_i0,0,1,0,n1_i0::op::/model/layers.20/mlp/gate_proj/MatMul,n1_i0::op_type::layers.*/mlp::FullyConnected,op,/model/layers.20/mlp/gate_proj/MatMul,layers.*/mlp,/model/layers.20/mlp/gate_proj/MatMul,FullyConnected,,,,,performance,gtpin_total_execution_cycles,138819218,cycles,1,176,138819218
n1_i0,0,1,0,n1_i0::op::/model/layers.20/mlp/up_proj/MatMul,n1_i0::op_type::layers.*/mlp::FullyConnected,op,/model/layers.20/mlp/up_proj/MatMul,layers.*/mlp,/model/layers.20/mlp/up_proj/MatMul,FullyConnected,,,,,performance,gtpin_total_execution_cycles,165470570,cycles,1,176,165470570
n1_i0,0,1,0,n1_i0::op::/model/layers.20/post_attention_layernorm/Mul,n1_i0::op_type::layers.*/post_attention_layernorm::RMS,op,/model/layers.20/post_attention_layernorm/Mul,layers.*/post_attention_layernorm,/model/layers.20/post_attention_layernorm/Mul,RMS,,,,,performance,gtpin_total_execution_cycles,2416718,cycles,1,256,2416718
n1_i0,0,1,0,n1_i0::op::/model/layers.20/self_attn/Add,n1_i0::op_type::layers.*/self_attn::RoPE,op,/model/layers.20/self_attn/Add,layers.*/self_attn,/model/layers.20/self_attn/Add,RoPE,,,,,performance,gtpin_total_execution_cycles,926894,cycles,1,64,926894
n1_i0,0,1,0,n1_i0::op::/model/layers.20/self_attn/Add_1,n1_i0::op_type::layers.*/self_attn::RoPE,op,/model/layers.20/self_attn/Add_1,layers.*/self_attn,/model/layers.20/self_attn/Add_1,RoPE,,,,,performance,gtpin_total_execution_cycles,61578,cycles,1,8,61578
n1_i0,0,1,0,n1_i0::op::/model/layers.20/self_attn/Expand,n1_i0::op_type::layers.*/self_attn::Broadcast,op,/model/layers.20/self_attn/Expand,layers.*/self_attn,/model/layers.20/self_attn/Expand,Broadcast,,,,,performance,gtpin_total_execution_cycles,3831096,cycles,1,1024,3831096
n1_i0,0,1,0,n1_i0::op::/model/layers.20/self_attn/Expand_1,n1_i0::op_type::layers.*/self_attn::Broadcast,op,/model/layers.20/self_attn/Expand_1,layers.*/self_attn,/model/layers.20/self_attn/Expand_1,Broadcast,,,,,performance,gtpin_total_execution_cycles,4729636,cycles,1,1024,4729636
n1_i0,0,1,0,n1_i0::op::/model/layers.20/self_attn/IsNaN,n1_i0::op_type::layers.*/self_attn::IsNaN,op,/model/layers.20/self_attn/IsNaN,layers.*/self_attn,/model/layers.20/self_attn/IsNaN,IsNaN,,,,,performance,gtpin_total_execution_cycles,1461322,cycles,1,256,1461322
n1_i0,0,1,0,n1_i0::op::/model/layers.20/self_attn/MatMul,n1_i0::op_type::layers.*/self_attn::Gemm,op,/model/layers.20/self_attn/MatMul,layers.*/self_attn,/model/layers.20/self_attn/MatMul,Gemm,,,,,performance,gtpin_total_execution_cycles,4623720,cycles,1,32,4623720
n1_i0,0,1,0,n1_i0::op::/model/layers.20/self_attn/Mul_8,n1_i0::op_type::layers.*/self_attn::Multiply,op,/model/layers.20/self_attn/Mul_8,layers.*/self_attn,/model/layers.20/self_attn/Mul_8,Multiply,,,,,performance,gtpin_total_execution_cycles,5265078,cycles,1,1024,5265078
n1_i0,0,1,0,n1_i0::op::/model/layers.20/self_attn/Softmax,n1_i0::op_type::layers.*/self_attn::Softmax,op,/model/layers.20/self_attn/Softmax,layers.*/self_attn,/model/layers.20/self_attn/Softmax,Softmax,,,,,performance,gtpin_total_execution_cycles,9449864,cycles,1,512,9449864
n1_i0,0,1,0,n1_i0::op::/model/layers.20/self_attn/Transpose_2,n1_i0::op_type::layers.*/self_attn::Transpose,op,/model/layers.20/self_attn/Transpose_2,layers.*/self_attn,/model/layers.20/self_attn/Transpose_2,Transpose,,,,,performance,gtpin_total_execution_cycles,482914,cycles,1,128,482914
n1_i0,0,1,0,n1_i0::op::/model/layers.20/self_attn/Transpose_3,n1_i0::op_type::layers.*/self_attn::Transpose,op,/model/layers.20/self_attn/Transpose_3,layers.*/self_attn,/model/layers.20/self_attn/Transpose_3,Transpose,,,,,performance,gtpin_total_execution_cycles,4905160,cycles,1,1024,4905160
n1_i0,0,1,0,n1_i0::op::/model/layers.20/self_attn/Transpose_4,n1_i0::op_type::layers.*/self_attn::Gemm,op,/model/layers.20/self_attn/Transpose_4,layers.*/self_attn,/model/layers.20/self_attn/Transpose_4,Gemm,,,,,performance,gtpin_total_execution_cycles,2385408,cycles,1,64,2385408
n1_i0,0,1,0,n1_i0::op::/model/layers.20/self_attn/Where_2,n1_i0::op_type::layers.*/self_attn::Select,op,/model/layers.20/self_attn/Where_2,layers.*/self_attn,/model/layers.20/self_attn/Where_2,Select,,,,,performance,gtpin_total_execution_cycles,37864,cycles,1,8,37864
n1_i0,0,1,0,n1_i0::op::/model/layers.20/self_attn/Where_3,n1_i0::op_type::layers.*/self_attn::Select,op,/model/layers.20/self_attn/Where_3,layers.*/self_attn,/model/layers.20/self_attn/Where_3,Select,,,,,performance,gtpin_total_execution_cycles,1749892,cycles,1,256,1749892
n1_i0,0,1,0,n1_i0::op::/model/layers.20/self_attn/k_proj/MatMul,n1_i0::op_type::layers.*/self_attn::FullyConnected,op,/model/layers.20/self_attn/k_proj/MatMul,layers.*/self_attn,/model/layers.20/self_attn/k_proj/MatMul,FullyConnected,,,,,performance,gtpin_total_execution_cycles,3795244,cycles,1,8,3795244
n1_i0,0,1,0,n1_i0::op::/model/layers.20/self_attn/o_proj/MatMul,n1_i0::op_type::layers.*/self_attn::FullyConnected,op,/model/layers.20/self_attn/o_proj/MatMul,layers.*/self_attn,/model/layers.20/self_attn/o_proj/MatMul,FullyConnected,,,,,performance,gtpin_total_execution_cycles,42549124,cycles,1,64,42549124
n1_i0,0,1,0,n1_i0::op::/model/layers.20/self_attn/q_proj/MatMul,n1_i0::op_type::layers.*/self_attn::FullyConnected,op,/model/layers.20/self_attn/q_proj/MatMul,layers.*/self_attn,/model/layers.20/self_attn/q_proj/MatMul,FullyConnected,,,,,performance,gtpin_total_execution_cycles,29450706,cycles,1,64,29450706
n1_i0,0,1,0,n1_i0::op::/model/layers.20/self_attn/v_proj/MatMul,n1_i0::op_type::layers.*/self_attn::FullyConnected,op,/model/layers.20/self_attn/v_proj/MatMul,layers.*/self_attn,/model/layers.20/self_attn/v_proj/MatMul,FullyConnected,,,,,performance,gtpin_total_execution_cycles,3588618,cycles,1,8,3588618
n1_i0,0,1,0,n1_i0::op::/model/layers.21/input_layernorm/Mul,n1_i0::op_type::layers.*/input_layernorm::RMS,op,/model/layers.21/input_layernorm/Mul,layers.*/input_layernorm,/model/layers.21/input_layernorm/Mul,RMS,,,,,performance,gtpin_total_execution_cycles,1862776,cycles,1,256,1862776
n1_i0,0,1,0,n1_i0::op::/model/layers.21/mlp/down_proj/MatMul,n1_i0::op_type::layers.*/mlp::FullyConnected,op,/model/layers.21/mlp/down_proj/MatMul,layers.*/mlp,/model/layers.21/mlp/down_proj/MatMul,FullyConnected,,,,,performance,gtpin_total_execution_cycles,84963368,cycles,1,64,84963368
n1_i0,0,1,0,n1_i0::op::/model/layers.21/mlp/gate_proj/MatMul,n1_i0::op_type::layers.*/mlp::FullyConnected,op,/model/layers.21/mlp/gate_proj/MatMul,layers.*/mlp,/model/layers.21/mlp/gate_proj/MatMul,FullyConnected,,,,,performance,gtpin_total_execution_cycles,160191996,cycles,1,176,160191996
n1_i0,0,1,0,n1_i0::op::/model/layers.21/mlp/up_proj/MatMul,n1_i0::op_type::layers.*/mlp::FullyConnected,op,/model/layers.21/mlp/up_proj/MatMul,layers.*/mlp,/model/layers.21/mlp/up_proj/MatMul,FullyConnected,,,,,performance,gtpin_total_execution_cycles,115053014,cycles,1,176,115053014
n1_i0,0,1,0,n1_i0::op::/model/layers.21/post_attention_layernorm/Mul,n1_i0::op_type::layers.*/post_attention_layernorm::RMS,op,/model/layers.21/post_attention_layernorm/Mul,layers.*/post_attention_layernorm,/model/layers.21/post_attention_layernorm/Mul,RMS,,,,,performance,gtpin_total_execution_cycles,2237416,cycles,1,256,2237416
n1_i0,0,1,0,n1_i0::op::/model/layers.21/self_attn/Add,n1_i0::op_type::layers.*/self_attn::RoPE,op,/model/layers.21/self_attn/Add,layers.*/self_attn,/model/layers.21/self_attn/Add,RoPE,,,,,performance,gtpin_total_execution_cycles,891630,cycles,1,64,891630
n1_i0,0,1,0,n1_i0::op::/model/layers.21/self_attn/Add_1,n1_i0::op_type::layers.*/self_attn::RoPE,op,/model/layers.21/self_attn/Add_1,layers.*/self_attn,/model/layers.21/self_attn/Add_1,RoPE,,,,,performance,gtpin_total_execution_cycles,69202,cycles,1,8,69202
n1_i0,0,1,0,n1_i0::op::/model/layers.21/self_attn/Expand,n1_i0::op_type::layers.*/self_attn::Broadcast,op,/model/layers.21/self_attn/Expand,layers.*/self_attn,/model/layers.21/self_attn/Expand,Broadcast,,,,,performance,gtpin_total_execution_cycles,7847630,cycles,1,1024,7847630
n1_i0,0,1,0,n1_i0::op::/model/layers.21/self_attn/Expand_1,n1_i0::op_type::layers.*/self_attn::Broadcast,op,/model/layers.21/self_attn/Expand_1,layers.*/self_attn,/model/layers.21/self_attn/Expand_1,Broadcast,,,,,performance,gtpin_total_execution_cycles,4477570,cycles,1,1024,4477570
n1_i0,0,1,0,n1_i0::op::/model/layers.21/self_attn/IsNaN,n1_i0::op_type::layers.*/self_attn::IsNaN,op,/model/layers.21/self_attn/IsNaN,layers.*/self_attn,/model/layers.21/self_attn/IsNaN,IsNaN,,,,,performance,gtpin_total_execution_cycles,1248966,cycles,1,256,1248966
n1_i0,0,1,0,n1_i0::op::/model/layers.21/self_attn/MatMul,n1_i0::op_type::layers.*/self_attn::Gemm,op,/model/layers.21/self_attn/MatMul,layers.*/self_attn,/model/layers.21/self_attn/MatMul,Gemm,,,,,performance,gtpin_total_execution_cycles,3673112,cycles,1,32,3673112
n1_i0,0,1,0,n1_i0::op::/model/layers.21/self_attn/Mul_8,n1_i0::op_type::layers.*/self_attn::Multiply,op,/model/layers.21/self_attn/Mul_8,layers.*/self_attn,/model/layers.21/self_attn/Mul_8,Multiply,,,,,performance,gtpin_total_execution_cycles,5313854,cycles,1,1024,5313854
n1_i0,0,1,0,n1_i0::op::/model/layers.21/self_attn/Softmax,n1_i0::op_type::layers.*/self_attn::Softmax,op,/model/layers.21/self_attn/Softmax,layers.*/self_attn,/model/layers.21/self_attn/Softmax,Softmax,,,,,performance,gtpin_total_execution_cycles,8412720,cycles,1,512,8412720
n1_i0,0,1,0,n1_i0::op::/model/layers.21/self_attn/Transpose_2,n1_i0::op_type::layers.*/self_attn::Transpose,op,/model/layers.21/self_attn/Transpose_2,layers.*/self_attn,/model/layers.21/self_attn/Transpose_2,Transpose,,,,,performance,gtpin_total_execution_cycles,510640,cycles,1,128,510640
n1_i0,0,1,0,n1_i0::op::/model/layers.21/self_attn/Transpose_3,n1_i0::op_type::layers.*/self_attn::Transpose,op,/model/layers.21/self_attn/Transpose_3,layers.*/self_attn,/model/layers.21/self_attn/Transpose_3,Transpose,,,,,performance,gtpin_total_execution_cycles,6239404,cycles,1,1024,6239404
n1_i0,0,1,0,n1_i0::op::/model/layers.21/self_attn/Transpose_4,n1_i0::op_type::layers.*/self_attn::Gemm,op,/model/layers.21/self_attn/Transpose_4,layers.*/self_attn,/model/layers.21/self_attn/Transpose_4,Gemm,,,,,performance,gtpin_total_execution_cycles,2083056,cycles,1,64,2083056
n1_i0,0,1,0,n1_i0::op::/model/layers.21/self_attn/Where_2,n1_i0::op_type::layers.*/self_attn::Select,op,/model/layers.21/self_attn/Where_2,layers.*/self_attn,/model/layers.21/self_attn/Where_2,Select,,,,,performance,gtpin_total_execution_cycles,40824,cycles,1,8,40824
n1_i0,0,1,0,n1_i0::op::/model/layers.21/self_attn/Where_3,n1_i0::op_type::layers.*/self_attn::Select,op,/model/layers.21/self_attn/Where_3,layers.*/self_attn,/model/layers.21/self_attn/Where_3,Select,,,,,performance,gtpin_total_execution_cycles,1564442,cycles,1,256,1564442
n1_i0,0,1,0,n1_i0::op::/model/layers.21/self_attn/k_proj/MatMul,n1_i0::op_type::layers.*/self_attn::FullyConnected,op,/model/layers.21/self_attn/k_proj/MatMul,layers.*/self_attn,/model/layers.21/self_attn/k_proj/MatMul,FullyConnected,,,,,performance,gtpin_total_execution_cycles,4370020,cycles,1,8,4370020
n1_i0,0,1,0,n1_i0::op::/model/layers.21/self_attn/o_proj/MatMul,n1_i0::op_type::layers.*/self_attn::FullyConnected,op,/model/layers.21/self_attn/o_proj/MatMul,layers.*/self_attn,/model/layers.21/self_attn/o_proj/MatMul,FullyConnected,,,,,performance,gtpin_total_execution_cycles,29525714,cycles,1,64,29525714
n1_i0,0,1,0,n1_i0::op::/model/layers.21/self_attn/q_proj/MatMul,n1_i0::op_type::layers.*/self_attn::FullyConnected,op,/model/layers.21/self_attn/q_proj/MatMul,layers.*/self_attn,/model/layers.21/self_attn/q_proj/MatMul,FullyConnected,,,,,performance,gtpin_total_execution_cycles,34160308,cycles,1,64,34160308
n1_i0,0,1,0,n1_i0::op::/model/layers.21/self_attn/v_proj/MatMul,n1_i0::op_type::layers.*/self_attn::FullyConnected,op,/model/layers.21/self_attn/v_proj/MatMul,layers.*/self_attn,/model/layers.21/self_attn/v_proj/MatMul,FullyConnected,,,,,performance,gtpin_total_execution_cycles,4189852,cycles,1,8,4189852
n1_i0,0,1,0,n1_i0::op::/model/layers.3/input_layernorm/Mul,n1_i0::op_type::layers.*/input_layernorm::RMS,op,/model/layers.3/input_layernorm/Mul,layers.*/input_layernorm,/model/layers.3/input_layernorm/Mul,RMS,,,,,performance,gtpin_total_execution_cycles,2043930,cycles,1,256,2043930
n1_i0,0,1,0,n1_i0::op::/model/layers.3/mlp/down_proj/MatMul,n1_i0::op_type::layers.*/mlp::FullyConnected,op,/model/layers.3/mlp/down_proj/MatMul,layers.*/mlp,/model/layers.3/mlp/down_proj/MatMul,FullyConnected,,,,,performance,gtpin_total_execution_cycles,105082842,cycles,1,128,105082842
n1_i0,0,1,0,n1_i0::op::/model/layers.3/mlp/gate_proj/MatMul,n1_i0::op_type::layers.*/mlp::FullyConnected,op,/model/layers.3/mlp/gate_proj/MatMul,layers.*/mlp,/model/layers.3/mlp/gate_proj/MatMul,FullyConnected,,,,,performance,gtpin_total_execution_cycles,304258560,cycles,1,352,304258560
n1_i0,0,1,0,n1_i0::op::/model/layers.3/mlp/up_proj/MatMul,n1_i0::op_type::layers.*/mlp::FullyConnected,op,/model/layers.3/mlp/up_proj/MatMul,layers.*/mlp,/model/layers.3/mlp/up_proj/MatMul,FullyConnected,,,,,performance,gtpin_total_execution_cycles,324645432,cycles,1,352,324645432
n1_i0,0,1,0,n1_i0::op::/model/layers.3/post_attention_layernorm/Mul,n1_i0::op_type::layers.*/post_attention_layernorm::RMS,op,/model/layers.3/post_attention_layernorm/Mul,layers.*/post_attention_layernorm,/model/layers.3/post_attention_layernorm/Mul,RMS,,,,,performance,gtpin_total_execution_cycles,2013862,cycles,1,256,2013862
n1_i0,0,1,0,n1_i0::op::/model/layers.3/self_attn/Add,n1_i0::op_type::layers.*/self_attn::RoPE,op,/model/layers.3/self_attn/Add,layers.*/self_attn,/model/layers.3/self_attn/Add,RoPE,,,,,performance,gtpin_total_execution_cycles,818214,cycles,1,64,818214
n1_i0,0,1,0,n1_i0::op::/model/layers.3/self_attn/Add_1,n1_i0::op_type::layers.*/self_attn::RoPE,op,/model/layers.3/self_attn/Add_1,layers.*/self_attn,/model/layers.3/self_attn/Add_1,RoPE,,,,,performance,gtpin_total_execution_cycles,67670,cycles,1,8,67670
n1_i0,0,1,0,n1_i0::op::/model/layers.3/self_attn/Expand,n1_i0::op_type::layers.*/self_attn::Broadcast,op,/model/layers.3/self_attn/Expand,layers.*/self_attn,/model/layers.3/self_attn/Expand,Broadcast,,,,,performance,gtpin_total_execution_cycles,4350808,cycles,1,1024,4350808
n1_i0,0,1,0,n1_i0::op::/model/layers.3/self_attn/Expand_1,n1_i0::op_type::layers.*/self_attn::Broadcast,op,/model/layers.3/self_attn/Expand_1,layers.*/self_attn,/model/layers.3/self_attn/Expand_1,Broadcast,,,,,performance,gtpin_total_execution_cycles,5242734,cycles,1,1024,5242734
n1_i0,0,1,0,n1_i0::op::/model/layers.3/self_attn/IsNaN,n1_i0::op_type::layers.*/self_attn::IsNaN,op,/model/layers.3/self_attn/IsNaN,layers.*/self_attn,/model/layers.3/self_attn/IsNaN,IsNaN,,,,,performance,gtpin_total_execution_cycles,1416800,cycles,1,256,1416800
n1_i0,0,1,0,n1_i0::op::/model/layers.3/self_attn/MatMul,n1_i0::op_type::layers.*/self_attn::Gemm,op,/model/layers.3/self_attn/MatMul,layers.*/self_attn,/model/layers.3/self_attn/MatMul,Gemm,,,,,performance,gtpin_total_execution_cycles,3468922,cycles,1,32,3468922
n1_i0,0,1,0,n1_i0::op::/model/layers.3/self_attn/Mul_8,n1_i0::op_type::layers.*/self_attn::Multiply,op,/model/layers.3/self_attn/Mul_8,layers.*/self_attn,/model/layers.3/self_attn/Mul_8,Multiply,,,,,performance,gtpin_total_execution_cycles,4476766,cycles,1,1024,4476766
n1_i0,0,1,0,n1_i0::op::/model/layers.3/self_attn/Softmax,n1_i0::op_type::layers.*/self_attn::Softmax,op,/model/layers.3/self_attn/Softmax,layers.*/self_attn,/model/layers.3/self_attn/Softmax,Softmax,,,,,performance,gtpin_total_execution_cycles,8638156,cycles,1,512,8638156
n1_i0,0,1,0,n1_i0::op::/model/layers.3/self_attn/Transpose_2,n1_i0::op_type::layers.*/self_attn::Transpose,op,/model/layers.3/self_attn/Transpose_2,layers.*/self_attn,/model/layers.3/self_attn/Transpose_2,Transpose,,,,,performance,gtpin_total_execution_cycles,460942,cycles,1,128,460942
n1_i0,0,1,0,n1_i0::op::/model/layers.3/self_attn/Transpose_3,n1_i0::op_type::layers.*/self_attn::Transpose,op,/model/layers.3/self_attn/Transpose_3,layers.*/self_attn,/model/layers.3/self_attn/Transpose_3,Transpose,,,,,performance,gtpin_total_execution_cycles,5199378,cycles,1,1024,5199378
n1_i0,0,1,0,n1_i0::op::/model/layers.3/self_attn/Transpose_4,n1_i0::op_type::layers.*/self_attn::Gemm,op,/model/layers.3/self_attn/Transpose_4,layers.*/self_attn,/model/layers.3/self_attn/Transpose_4,Gemm,,,,,performance,gtpin_total_execution_cycles,2248828,cycles,1,64,2248828
n1_i0,0,1,0,n1_i0::op::/model/layers.3/self_attn/Where_2,n1_i0::op_type::layers.*/self_attn::Select,op,/model/layers.3/self_attn/Where_2,layers.*/self_attn,/model/layers.3/self_attn/Where_2,Select,,,,,performance,gtpin_total_execution_cycles,37986,cycles,1,8,37986
n1_i0,0,1,0,n1_i0::op::/model/layers.3/self_attn/Where_3,n1_i0::op_type::layers.*/self_attn::Select,op,/model/layers.3/self_attn/Where_3,layers.*/self_attn,/model/layers.3/self_attn/Where_3,Select,,,,,performance,gtpin_total_execution_cycles,1453618,cycles,1,256,1453618
n1_i0,0,1,0,n1_i0::op::/model/layers.3/self_attn/k_proj/MatMul,n1_i0::op_type::layers.*/self_attn::FullyConnected,op,/model/layers.3/self_attn/k_proj/MatMul,layers.*/self_attn,/model/layers.3/self_attn/k_proj/MatMul,FullyConnected,,,,,performance,gtpin_total_execution_cycles,4104452,cycles,1,8,4104452
n1_i0,0,1,0,n1_i0::op::/model/layers.3/self_attn/o_proj/MatMul,n1_i0::op_type::layers.*/self_attn::FullyConnected,op,/model/layers.3/self_attn/o_proj/MatMul,layers.*/self_attn,/model/layers.3/self_attn/o_proj/MatMul,FullyConnected,,,,,performance,gtpin_total_execution_cycles,43132558,cycles,1,128,43132558
n1_i0,0,1,0,n1_i0::op::/model/layers.3/self_attn/q_proj/MatMul,n1_i0::op_type::layers.*/self_attn::FullyConnected,op,/model/layers.3/self_attn/q_proj/MatMul,layers.*/self_attn,/model/layers.3/self_attn/q_proj/MatMul,FullyConnected,,,,,performance,gtpin_total_execution_cycles,32078786,cycles,1,64,32078786
n1_i0,0,1,0,n1_i0::op::/model/layers.3/self_attn/v_proj/MatMul,n1_i0::op_type::layers.*/self_attn::FullyConnected,op,/model/layers.3/self_attn/v_proj/MatMul,layers.*/self_attn,/model/layers.3/self_attn/v_proj/MatMul,FullyConnected,,,,,performance,gtpin_total_execution_cycles,3899294,cycles,1,8,3899294
n1_i0,0,1,0,n1_i0::op::/model/layers.4/input_layernorm/Mul,n1_i0::op_type::layers.*/input_layernorm::RMS,op,/model/layers.4/input_layernorm/Mul,layers.*/input_layernorm,/model/layers.4/input_layernorm/Mul,RMS,,,,,performance,gtpin_total_execution_cycles,1795530,cycles,1,256,1795530
n1_i0,0,1,0,n1_i0::op::/model/layers.4/mlp/down_proj/MatMul,n1_i0::op_type::layers.*/mlp::FullyConnected,op,/model/layers.4/mlp/down_proj/MatMul,layers.*/mlp,/model/layers.4/mlp/down_proj/MatMul,FullyConnected,,,,,performance,gtpin_total_execution_cycles,106783964,cycles,1,128,106783964
n1_i0,0,1,0,n1_i0::op::/model/layers.4/mlp/gate_proj/MatMul,n1_i0::op_type::layers.*/mlp::FullyConnected,op,/model/layers.4/mlp/gate_proj/MatMul,layers.*/mlp,/model/layers.4/mlp/gate_proj/MatMul,FullyConnected,,,,,performance,gtpin_total_execution_cycles,301520228,cycles,1,352,301520228
n1_i0,0,1,0,n1_i0::op::/model/layers.4/mlp/up_proj/MatMul,n1_i0::op_type::layers.*/mlp::FullyConnected,op,/model/layers.4/mlp/up_proj/MatMul,layers.*/mlp,/model/layers.4/mlp/up_proj/MatMul,FullyConnected,,,,,performance,gtpin_total_execution_cycles,311561644,cycles,1,352,311561644
n1_i0,0,1,0,n1_i0::op::/model/layers.4/post_attention_layernorm/Mul,n1_i0::op_type::layers.*/post_attention_layernorm::RMS,op,/model/layers.4/post_attention_layernorm/Mul,layers.*/post_attention_layernorm,/model/layers.4/post_attention_layernorm/Mul,RMS,,,,,performance,gtpin_total_execution_cycles,1882126,cycles,1,256,1882126
n1_i0,0,1,0,n1_i0::op::/model/layers.4/self_attn/Add,n1_i0::op_type::layers.*/self_attn::RoPE,op,/model/layers.4/self_attn/Add,layers.*/self_attn,/model/layers.4/self_attn/Add,RoPE,,,,,performance,gtpin_total_execution_cycles,857064,cycles,1,64,857064
n1_i0,0,1,0,n1_i0::op::/model/layers.4/self_attn/Add_1,n1_i0::op_type::layers.*/self_attn::RoPE,op,/model/layers.4/self_attn/Add_1,layers.*/self_attn,/model/layers.4/self_attn/Add_1,RoPE,,,,,performance,gtpin_total_execution_cycles,59170,cycles,1,8,59170
n1_i0,0,1,0,n1_i0::op::/model/layers.4/self_attn/Expand,n1_i0::op_type::layers.*/self_attn::Broadcast,op,/model/layers.4/self_attn/Expand,layers.*/self_attn,/model/layers.4/self_attn/Expand,Broadcast,,,,,performance,gtpin_total_execution_cycles,4124572,cycles,1,1024,4124572
n1_i0,0,1,0,n1_i0::op::/model/layers.4/self_attn/Expand_1,n1_i0::op_type::layers.*/self_attn::Broadcast,op,/model/layers.4/self_attn/Expand_1,layers.*/self_attn,/model/layers.4/self_attn/Expand_1,Broadcast,,,,,performance,gtpin_total_execution_cycles,4396952,cycles,1,1024,4396952
n1_i0,0,1,0,n1_i0::op::/model/layers.4/self_attn/IsNaN,n1_i0::op_type::layers.*/self_attn::IsNaN,op,/model/layers.4/self_attn/IsNaN,layers.*/self_attn,/model/layers.4/self_attn/IsNaN,IsNaN,,,,,performance,gtpin_total_execution_cycles,1183528,cycles,1,256,1183528
n1_i0,0,1,0,n1_i0::op::/model/layers.4/self_attn/MatMul,n1_i0::op_type::layers.*/self_attn::Gemm,op,/model/layers.4/self_attn/MatMul,layers.*/self_attn,/model/layers.4/self_attn/MatMul,Gemm,,,,,performance,gtpin_total_execution_cycles,3734410,cycles,1,32,3734410
n1_i0,0,1,0,n1_i0::op::/model/layers.4/self_attn/Mul_8,n1_i0::op_type::layers.*/self_attn::Multiply,op,/model/layers.4/self_attn/Mul_8,layers.*/self_attn,/model/layers.4/self_attn/Mul_8,Multiply,,,,,performance,gtpin_total_execution_cycles,4870764,cycles,1,1024,4870764
n1_i0,0,1,0,n1_i0::op::/model/layers.4/self_attn/Softmax,n1_i0::op_type::layers.*/self_attn::Softmax,op,/model/layers.4/self_attn/Softmax,layers.*/self_attn,/model/layers.4/self_attn/Softmax,Softmax,,,,,performance,gtpin_total_execution_cycles,7827710,cycles,1,512,7827710
n1_i0,0,1,0,n1_i0::op::/model/layers.4/self_attn/Transpose_2,n1_i0::op_type::layers.*/self_attn::Transpose,op,/model/layers.4/self_attn/Transpose_2,layers.*/self_attn,/model/layers.4/self_attn/Transpose_2,Transpose,,,,,performance,gtpin_total_execution_cycles,422536,cycles,1,128,422536
n1_i0,0,1,0,n1_i0::op::/model/layers.4/self_attn/Transpose_3,n1_i0::op_type::layers.*/self_attn::Transpose,op,/model/layers.4/self_attn/Transpose_3,layers.*/self_attn,/model/layers.4/self_attn/Transpose_3,Transpose,,,,,performance,gtpin_total_execution_cycles,5197008,cycles,1,1024,5197008
n1_i0,0,1,0,n1_i0::op::/model/layers.4/self_attn/Transpose_4,n1_i0::op_type::layers.*/self_attn::Gemm,op,/model/layers.4/self_attn/Transpose_4,layers.*/self_attn,/model/layers.4/self_attn/Transpose_4,Gemm,,,,,performance,gtpin_total_execution_cycles,1973398,cycles,1,64,1973398
n1_i0,0,1,0,n1_i0::op::/model/layers.4/self_attn/Where_2,n1_i0::op_type::layers.*/self_attn::Select,op,/model/layers.4/self_attn/Where_2,layers.*/self_attn,/model/layers.4/self_attn/Where_2,Select,,,,,performance,gtpin_total_execution_cycles,42990,cycles,1,8,42990
n1_i0,0,1,0,n1_i0::op::/model/layers.4/self_attn/Where_3,n1_i0::op_type::layers.*/self_attn::Select,op,/model/layers.4/self_attn/Where_3,layers.*/self_attn,/model/layers.4/self_attn/Where_3,Select,,,,,performance,gtpin_total_execution_cycles,1494126,cycles,1,256,1494126
n1_i0,0,1,0,n1_i0::op::/model/layers.4/self_attn/k_proj/MatMul,n1_i0::op_type::layers.*/self_attn::FullyConnected,op,/model/layers.4/self_attn/k_proj/MatMul,layers.*/self_attn,/model/layers.4/self_attn/k_proj/MatMul,FullyConnected,,,,,performance,gtpin_total_execution_cycles,3610448,cycles,1,8,3610448
n1_i0,0,1,0,n1_i0::op::/model/layers.4/self_attn/o_proj/MatMul,n1_i0::op_type::layers.*/self_attn::FullyConnected,op,/model/layers.4/self_attn/o_proj/MatMul,layers.*/self_attn,/model/layers.4/self_attn/o_proj/MatMul,FullyConnected,,,,,performance,gtpin_total_execution_cycles,44230216,cycles,1,128,44230216
n1_i0,0,1,0,n1_i0::op::/model/layers.4/self_attn/q_proj/MatMul,n1_i0::op_type::layers.*/self_attn::FullyConnected,op,/model/layers.4/self_attn/q_proj/MatMul,layers.*/self_attn,/model/layers.4/self_attn/q_proj/MatMul,FullyConnected,,,,,performance,gtpin_total_execution_cycles,28003080,cycles,1,64,28003080
n1_i0,0,1,0,n1_i0::op::/model/layers.4/self_attn/v_proj/MatMul,n1_i0::op_type::layers.*/self_attn::FullyConnected,op,/model/layers.4/self_attn/v_proj/MatMul,layers.*/self_attn,/model/layers.4/self_attn/v_proj/MatMul,FullyConnected,,,,,performance,gtpin_total_execution_cycles,3205184,cycles,1,8,3205184
n1_i0,0,1,0,n1_i0::op::/model/layers.5/input_layernorm/Mul,n1_i0::op_type::layers.*/input_layernorm::RMS,op,/model/layers.5/input_layernorm/Mul,layers.*/input_layernorm,/model/layers.5/input_layernorm/Mul,RMS,,,,,performance,gtpin_total_execution_cycles,1702172,cycles,1,256,1702172
n1_i0,0,1,0,n1_i0::op::/model/layers.5/mlp/down_proj/MatMul,n1_i0::op_type::layers.*/mlp::FullyConnected,op,/model/layers.5/mlp/down_proj/MatMul,layers.*/mlp,/model/layers.5/mlp/down_proj/MatMul,FullyConnected,,,,,performance,gtpin_total_execution_cycles,120911882,cycles,1,128,120911882
n1_i0,0,1,0,n1_i0::op::/model/layers.5/mlp/gate_proj/MatMul,n1_i0::op_type::layers.*/mlp::FullyConnected,op,/model/layers.5/mlp/gate_proj/MatMul,layers.*/mlp,/model/layers.5/mlp/gate_proj/MatMul,FullyConnected,,,,,performance,gtpin_total_execution_cycles,398205990,cycles,1,352,398205990
n1_i0,0,1,0,n1_i0::op::/model/layers.5/mlp/up_proj/MatMul,n1_i0::op_type::layers.*/mlp::FullyConnected,op,/model/layers.5/mlp/up_proj/MatMul,layers.*/mlp,/model/layers.5/mlp/up_proj/MatMul,FullyConnected,,,,,performance,gtpin_total_execution_cycles,376935270,cycles,1,352,376935270
n1_i0,0,1,0,n1_i0::op::/model/layers.5/post_attention_layernorm/Mul,n1_i0::op_type::layers.*/post_attention_layernorm::RMS,op,/model/layers.5/post_attention_layernorm/Mul,layers.*/post_attention_layernorm,/model/layers.5/post_attention_layernorm/Mul,RMS,,,,,performance,gtpin_total_execution_cycles,1856506,cycles,1,256,1856506
n1_i0,0,1,0,n1_i0::op::/model/layers.5/self_attn/Add,n1_i0::op_type::layers.*/self_attn::RoPE,op,/model/layers.5/self_attn/Add,layers.*/self_attn,/model/layers.5/self_attn/Add,RoPE,,,,,performance,gtpin_total_execution_cycles,864562,cycles,1,64,864562
n1_i0,0,1,0,n1_i0::op::/model/layers.5/self_attn/Add_1,n1_i0::op_type::layers.*/self_attn::RoPE,op,/model/layers.5/self_attn/Add_1,layers.*/self_attn,/model/layers.5/self_attn/Add_1,RoPE,,,,,performance,gtpin_total_execution_cycles,68174,cycles,1,8,68174
n1_i0,0,1,0,n1_i0::op::/model/layers.5/self_attn/Expand,n1_i0::op_type::layers.*/self_attn::Broadcast,op,/model/layers.5/self_attn/Expand,layers.*/self_attn,/model/layers.5/self_attn/Expand,Broadcast,,,,,performance,gtpin_total_execution_cycles,7143610,cycles,1,1024,7143610
n1_i0,0,1,0,n1_i0::op::/model/layers.5/self_attn/Expand_1,n1_i0::op_type::layers.*/self_attn::Broadcast,op,/model/layers.5/self_attn/Expand_1,layers.*/self_attn,/model/layers.5/self_attn/Expand_1,Broadcast,,,,,performance,gtpin_total_execution_cycles,4465784,cycles,1,1024,4465784
n1_i0,0,1,0,n1_i0::op::/model/layers.5/self_attn/IsNaN,n1_i0::op_type::layers.*/self_attn::IsNaN,op,/model/layers.5/self_attn/IsNaN,layers.*/self_attn,/model/layers.5/self_attn/IsNaN,IsNaN,,,,,performance,gtpin_total_execution_cycles,1305800,cycles,1,256,1305800
n1_i0,0,1,0,n1_i0::op::/model/layers.5/self_attn/MatMul,n1_i0::op_type::layers.*/self_attn::Gemm,op,/model/layers.5/self_attn/MatMul,layers.*/self_attn,/model/layers.5/self_attn/MatMul,Gemm,,,,,performance,gtpin_total_execution_cycles,3657018,cycles,1,32,3657018
n1_i0,0,1,0,n1_i0::op::/model/layers.5/self_attn/Mul_8,n1_i0::op_type::layers.*/self_attn::Multiply,op,/model/layers.5/self_attn/Mul_8,layers.*/self_attn,/model/layers.5/self_attn/Mul_8,Multiply,,,,,performance,gtpin_total_execution_cycles,4796462,cycles,1,1024,4796462
n1_i0,0,1,0,n1_i0::op::/model/layers.5/self_attn/Softmax,n1_i0::op_type::layers.*/self_attn::Softmax,op,/model/layers.5/self_attn/Softmax,layers.*/self_attn,/model/layers.5/self_attn/Softmax,Softmax,,,,,performance,gtpin_total_execution_cycles,8380613,cycles,1,512,8380613
n1_i0,0,1,0,n1_i0::op::/model/layers.5/self_attn/Transpose_2,n1_i0::op_type::layers.*/self_attn::Transpose,op,/model/layers.5/self_attn/Transpose_2,layers.*/self_attn,/model/layers.5/self_attn/Transpose_2,Transpose,,,,,performance,gtpin_total_execution_cycles,438738,cycles,1,128,438738
n1_i0,0,1,0,n1_i0::op::/model/layers.5/self_attn/Transpose_3,n1_i0::op_type::layers.*/self_attn::Transpose,op,/model/layers.5/self_attn/Transpose_3,layers.*/self_attn,/model/layers.5/self_attn/Transpose_3,Transpose,,,,,performance,gtpin_total_execution_cycles,5938846,cycles,1,1024,5938846
n1_i0,0,1,0,n1_i0::op::/model/layers.5/self_attn/Transpose_4,n1_i0::op_type::layers.*/self_attn::Gemm,op,/model/layers.5/self_attn/Transpose_4,layers.*/self_attn,/model/layers.5/self_attn/Transpose_4,Gemm,,,,,performance,gtpin_total_execution_cycles,2113856,cycles,1,64,2113856
n1_i0,0,1,0,n1_i0::op::/model/layers.5/self_attn/Where_2,n1_i0::op_type::layers.*/self_attn::Select,op,/model/layers.5/self_attn/Where_2,layers.*/self_attn,/model/layers.5/self_attn/Where_2,Select,,,,,performance,gtpin_total_execution_cycles,39632,cycles,1,8,39632
n1_i0,0,1,0,n1_i0::op::/model/layers.5/self_attn/Where_3,n1_i0::op_type::layers.*/self_attn::Select,op,/model/layers.5/self_attn/Where_3,layers.*/self_attn,/model/layers.5/self_attn/Where_3,Select,,,,,performance,gtpin_total_execution_cycles,1480030,cycles,1,256,1480030
n1_i0,0,1,0,n1_i0::op::/model/layers.5/self_attn/k_proj/MatMul,n1_i0::op_type::layers.*/self_attn::FullyConnected,op,/model/layers.5/self_attn/k_proj/MatMul,layers.*/self_attn,/model/layers.5/self_attn/k_proj/MatMul,FullyConnected,,,,,performance,gtpin_total_execution_cycles,3902938,cycles,1,8,3902938
n1_i0,0,1,0,n1_i0::op::/model/layers.5/self_attn/o_proj/MatMul,n1_i0::op_type::layers.*/self_attn::FullyConnected,op,/model/layers.5/self_attn/o_proj/MatMul,layers.*/self_attn,/model/layers.5/self_attn/o_proj/MatMul,FullyConnected,,,,,performance,gtpin_total_execution_cycles,45522834,cycles,1,128,45522834
n1_i0,0,1,0,n1_i0::op::/model/layers.5/self_attn/q_proj/MatMul,n1_i0::op_type::layers.*/self_attn::FullyConnected,op,/model/layers.5/self_attn/q_proj/MatMul,layers.*/self_attn,/model/layers.5/self_attn/q_proj/MatMul,FullyConnected,,,,,performance,gtpin_total_execution_cycles,30234444,cycles,1,64,30234444
n1_i0,0,1,0,n1_i0::op::/model/layers.5/self_attn/v_proj/MatMul,n1_i0::op_type::layers.*/self_attn::FullyConnected,op,/model/layers.5/self_attn/v_proj/MatMul,layers.*/self_attn,/model/layers.5/self_attn/v_proj/MatMul,FullyConnected,,,,,performance,gtpin_total_execution_cycles,3694072,cycles,1,8,3694072
n1_i0,0,1,0,n1_i0::op::/model/layers.6/input_layernorm/Mul,n1_i0::op_type::layers.*/input_layernorm::RMS,op,/model/layers.6/input_layernorm/Mul,layers.*/input_layernorm,/model/layers.6/input_layernorm/Mul,RMS,,,,,performance,gtpin_total_execution_cycles,1522084,cycles,1,256,1522084
n1_i0,0,1,0,n1_i0::op::/model/layers.6/mlp/down_proj/MatMul,n1_i0::op_type::layers.*/mlp::FullyConnected,op,/model/layers.6/mlp/down_proj/MatMul,layers.*/mlp,/model/layers.6/mlp/down_proj/MatMul,FullyConnected,,,,,performance,gtpin_total_execution_cycles,124820192,cycles,1,128,124820192
n1_i0,0,1,0,n1_i0::op::/model/layers.6/mlp/gate_proj/MatMul,n1_i0::op_type::layers.*/mlp::FullyConnected,op,/model/layers.6/mlp/gate_proj/MatMul,layers.*/mlp,/model/layers.6/mlp/gate_proj/MatMul,FullyConnected,,,,,performance,gtpin_total_execution_cycles,415560018,cycles,1,352,415560018
n1_i0,0,1,0,n1_i0::op::/model/layers.6/mlp/up_proj/MatMul,n1_i0::op_type::layers.*/mlp::FullyConnected,op,/model/layers.6/mlp/up_proj/MatMul,layers.*/mlp,/model/layers.6/mlp/up_proj/MatMul,FullyConnected,,,,,performance,gtpin_total_execution_cycles,371672024,cycles,1,352,371672024
n1_i0,0,1,0,n1_i0::op::/model/layers.6/post_attention_layernorm/Mul,n1_i0::op_type::layers.*/post_attention_layernorm::RMS,op,/model/layers.6/post_attention_layernorm/Mul,layers.*/post_attention_layernorm,/model/layers.6/post_attention_layernorm/Mul,RMS,,,,,performance,gtpin_total_execution_cycles,1980888,cycles,1,256,1980888
n1_i0,0,1,0,n1_i0::op::/model/layers.6/self_attn/Add,n1_i0::op_type::layers.*/self_attn::RoPE,op,/model/layers.6/self_attn/Add,layers.*/self_attn,/model/layers.6/self_attn/Add,RoPE,,,,,performance,gtpin_total_execution_cycles,915336,cycles,1,64,915336
n1_i0,0,1,0,n1_i0::op::/model/layers.6/self_attn/Add_1,n1_i0::op_type::layers.*/self_attn::RoPE,op,/model/layers.6/self_attn/Add_1,layers.*/self_attn,/model/layers.6/self_attn/Add_1,RoPE,,,,,performance,gtpin_total_execution_cycles,61234,cycles,1,8,61234
n1_i0,0,1,0,n1_i0::op::/model/layers.6/self_attn/Expand,n1_i0::op_type::layers.*/self_attn::Broadcast,op,/model/layers.6/self_attn/Expand,layers.*/self_attn,/model/layers.6/self_attn/Expand,Broadcast,,,,,performance,gtpin_total_execution_cycles,6591460,cycles,1,1024,6591460
n1_i0,0,1,0,n1_i0::op::/model/layers.6/self_attn/Expand_1,n1_i0::op_type::layers.*/self_attn::Broadcast,op,/model/layers.6/self_attn/Expand_1,layers.*/self_attn,/model/layers.6/self_attn/Expand_1,Broadcast,,,,,performance,gtpin_total_execution_cycles,4413580,cycles,1,1024,4413580
n1_i0,0,1,0,n1_i0::op::/model/layers.6/self_attn/IsNaN,n1_i0::op_type::layers.*/self_attn::IsNaN,op,/model/layers.6/self_attn/IsNaN,layers.*/self_attn,/model/layers.6/self_attn/IsNaN,IsNaN,,,,,performance,gtpin_total_execution_cycles,1188366,cycles,1,256,1188366
n1_i0,0,1,0,n1_i0::op::/model/layers.6/self_attn/MatMul,n1_i0::op_type::layers.*/self_attn::Gemm,op,/model/layers.6/self_attn/MatMul,layers.*/self_attn,/model/layers.6/self_attn/MatMul,Gemm,,,,,performance,gtpin_total_execution_cycles,3456314,cycles,1,32,3456314
n1_i0,0,1,0,n1_i0::op::/model/layers.6/self_attn/Mul_8,n1_i0::op_type::layers.*/self_attn::Multiply,op,/model/layers.6/self_attn/Mul_8,layers.*/self_attn,/model/layers.6/self_attn/Mul_8,Multiply,,,,,performance,gtpin_total_execution_cycles,4638944,cycles,1,1024,4638944
n1_i0,0,1,0,n1_i0::op::/model/layers.6/self_attn/Softmax,n1_i0::op_type::layers.*/self_attn::Softmax,op,/model/layers.6/self_attn/Softmax,layers.*/self_attn,/model/layers.6/self_attn/Softmax,Softmax,,,,,performance,gtpin_total_execution_cycles,8082199,cycles,1,512,8082199
n1_i0,0,1,0,n1_i0::op::/model/layers.6/self_attn/Transpose_2,n1_i0::op_type::layers.*/self_attn::Transpose,op,/model/layers.6/self_attn/Transpose_2,layers.*/self_attn,/model/layers.6/self_attn/Transpose_2,Transpose,,,,,performance,gtpin_total_execution_cycles,559340,cycles,1,128,559340
n1_i0,0,1,0,n1_i0::op::/model/layers.6/self_attn/Transpose_3,n1_i0::op_type::layers.*/self_attn::Transpose,op,/model/layers.6/self_attn/Transpose_3,layers.*/self_attn,/model/layers.6/self_attn/Transpose_3,Transpose,,,,,performance,gtpin_total_execution_cycles,5971538,cycles,1,1024,5971538
n1_i0,0,1,0,n1_i0::op::/model/layers.6/self_attn/Transpose_4,n1_i0::op_type::layers.*/self_attn::Gemm,op,/model/layers.6/self_attn/Transpose_4,layers.*/self_attn,/model/layers.6/self_attn/Transpose_4,Gemm,,,,,performance,gtpin_total_execution_cycles,2072666,cycles,1,64,2072666
n1_i0,0,1,0,n1_i0::op::/model/layers.6/self_attn/Where_2,n1_i0::op_type::layers.*/self_attn::Select,op,/model/layers.6/self_attn/Where_2,layers.*/self_attn,/model/layers.6/self_attn/Where_2,Select,,,,,performance,gtpin_total_execution_cycles,35872,cycles,1,8,35872
n1_i0,0,1,0,n1_i0::op::/model/layers.6/self_attn/Where_3,n1_i0::op_type::layers.*/self_attn::Select,op,/model/layers.6/self_attn/Where_3,layers.*/self_attn,/model/layers.6/self_attn/Where_3,Select,,,,,performance,gtpin_total_execution_cycles,1386738,cycles,1,256,1386738
n1_i0,0,1,0,n1_i0::op::/model/layers.6/self_attn/k_proj/MatMul,n1_i0::op_type::layers.*/self_attn::FullyConnected,op,/model/layers.6/self_attn/k_proj/MatMul,layers.*/self_attn,/model/layers.6/self_attn/k_proj/MatMul,FullyConnected,,,,,performance,gtpin_total_execution_cycles,4168080,cycles,1,8,4168080
n1_i0,0,1,0,n1_i0::op::/model/layers.6/self_attn/o_proj/MatMul,n1_i0::op_type::layers.*/self_attn::FullyConnected,op,/model/layers.6/self_attn/o_proj/MatMul,layers.*/self_attn,/model/layers.6/self_attn/o_proj/MatMul,FullyConnected,,,,,performance,gtpin_total_execution_cycles,29514562,cycles,1,64,29514562
n1_i0,0,1,0,n1_i0::op::/model/layers.6/self_attn/q_proj/MatMul,n1_i0::op_type::layers.*/self_attn::FullyConnected,op,/model/layers.6/self_attn/q_proj/MatMul,layers.*/self_attn,/model/layers.6/self_attn/q_proj/MatMul,FullyConnected,,,,,performance,gtpin_total_execution_cycles,32405032,cycles,1,64,32405032
n1_i0,0,1,0,n1_i0::op::/model/layers.6/self_attn/v_proj/MatMul,n1_i0::op_type::layers.*/self_attn::FullyConnected,op,/model/layers.6/self_attn/v_proj/MatMul,layers.*/self_attn,/model/layers.6/self_attn/v_proj/MatMul,FullyConnected,,,,,performance,gtpin_total_execution_cycles,3973512,cycles,1,8,3973512
n1_i0,0,1,0,n1_i0::op::/model/layers.7/input_layernorm/Mul,n1_i0::op_type::layers.*/input_layernorm::RMS,op,/model/layers.7/input_layernorm/Mul,layers.*/input_layernorm,/model/layers.7/input_layernorm/Mul,RMS,,,,,performance,gtpin_total_execution_cycles,2132250,cycles,1,256,2132250
n1_i0,0,1,0,n1_i0::op::/model/layers.7/mlp/down_proj/MatMul,n1_i0::op_type::layers.*/mlp::FullyConnected,op,/model/layers.7/mlp/down_proj/MatMul,layers.*/mlp,/model/layers.7/mlp/down_proj/MatMul,FullyConnected,,,,,performance,gtpin_total_execution_cycles,109977894,cycles,1,128,109977894
n1_i0,0,1,0,n1_i0::op::/model/layers.7/mlp/gate_proj/MatMul,n1_i0::op_type::layers.*/mlp::FullyConnected,op,/model/layers.7/mlp/gate_proj/MatMul,layers.*/mlp,/model/layers.7/mlp/gate_proj/MatMul,FullyConnected,,,,,performance,gtpin_total_execution_cycles,310147004,cycles,1,352,310147004
n1_i0,0,1,0,n1_i0::op::/model/layers.7/mlp/up_proj/MatMul,n1_i0::op_type::layers.*/mlp::FullyConnected,op,/model/layers.7/mlp/up_proj/MatMul,layers.*/mlp,/model/layers.7/mlp/up_proj/MatMul,FullyConnected,,,,,performance,gtpin_total_execution_cycles,317815456,cycles,1,352,317815456
n1_i0,0,1,0,n1_i0::op::/model/layers.7/post_attention_layernorm/Mul,n1_i0::op_type::layers.*/post_attention_layernorm::RMS,op,/model/layers.7/post_attention_layernorm/Mul,layers.*/post_attention_layernorm,/model/layers.7/post_attention_layernorm/Mul,RMS,,,,,performance,gtpin_total_execution_cycles,1984100,cycles,1,256,1984100
n1_i0,0,1,0,n1_i0::op::/model/layers.7/self_attn/Add,n1_i0::op_type::layers.*/self_attn::RoPE,op,/model/layers.7/self_attn/Add,layers.*/self_attn,/model/layers.7/self_attn/Add,RoPE,,,,,performance,gtpin_total_execution_cycles,810266,cycles,1,64,810266
n1_i0,0,1,0,n1_i0::op::/model/layers.7/self_attn/Add_1,n1_i0::op_type::layers.*/self_attn::RoPE,op,/model/layers.7/self_attn/Add_1,layers.*/self_attn,/model/layers.7/self_attn/Add_1,RoPE,,,,,performance,gtpin_total_execution_cycles,62536,cycles,1,8,62536
n1_i0,0,1,0,n1_i0::op::/model/layers.7/self_attn/Expand,n1_i0::op_type::layers.*/self_attn::Broadcast,op,/model/layers.7/self_attn/Expand,layers.*/self_attn,/model/layers.7/self_attn/Expand,Broadcast,,,,,performance,gtpin_total_execution_cycles,4005622,cycles,1,1024,4005622
n1_i0,0,1,0,n1_i0::op::/model/layers.7/self_attn/Expand_1,n1_i0::op_type::layers.*/self_attn::Broadcast,op,/model/layers.7/self_attn/Expand_1,layers.*/self_attn,/model/layers.7/self_attn/Expand_1,Broadcast,,,,,performance,gtpin_total_execution_cycles,6578704,cycles,1,1024,6578704
n1_i0,0,1,0,n1_i0::op::/model/layers.7/self_attn/IsNaN,n1_i0::op_type::layers.*/self_attn::IsNaN,op,/model/layers.7/self_attn/IsNaN,layers.*/self_attn,/model/layers.7/self_attn/IsNaN,IsNaN,,,,,performance,gtpin_total_execution_cycles,1081110,cycles,1,256,1081110
n1_i0,0,1,0,n1_i0::op::/model/layers.7/self_attn/MatMul,n1_i0::op_type::layers.*/self_attn::Gemm,op,/model/layers.7/self_attn/MatMul,layers.*/self_attn,/model/layers.7/self_attn/MatMul,Gemm,,,,,performance,gtpin_total_execution_cycles,3555714,cycles,1,32,3555714
n1_i0,0,1,0,n1_i0::op::/model/layers.7/self_attn/Mul_8,n1_i0::op_type::layers.*/self_attn::Multiply,op,/model/layers.7/self_attn/Mul_8,layers.*/self_attn,/model/layers.7/self_attn/Mul_8,Multiply,,,,,performance,gtpin_total_execution_cycles,4809792,cycles,1,1024,4809792
n1_i0,0,1,0,n1_i0::op::/model/layers.7/self_attn/Softmax,n1_i0::op_type::layers.*/self_attn::Softmax,op,/model/layers.7/self_attn/Softmax,layers.*/self_attn,/model/layers.7/self_attn/Softmax,Softmax,,,,,performance,gtpin_total_execution_cycles,8177931,cycles,1,512,8177931
n1_i0,0,1,0,n1_i0::op::/model/layers.7/self_attn/Transpose_2,n1_i0::op_type::layers.*/self_attn::Transpose,op,/model/layers.7/self_attn/Transpose_2,layers.*/self_attn,/model/layers.7/self_attn/Transpose_2,Transpose,,,,,performance,gtpin_total_execution_cycles,489966,cycles,1,128,489966
n1_i0,0,1,0,n1_i0::op::/model/layers.7/self_attn/Transpose_3,n1_i0::op_type::layers.*/self_attn::Transpose,op,/model/layers.7/self_attn/Transpose_3,layers.*/self_attn,/model/layers.7/self_attn/Transpose_3,Transpose,,,,,performance,gtpin_total_execution_cycles,5378330,cycles,1,1024,5378330
n1_i0,0,1,0,n1_i0::op::/model/layers.7/self_attn/Transpose_4,n1_i0::op_type::layers.*/self_attn::Gemm,op,/model/layers.7/self_attn/Transpose_4,layers.*/self_attn,/model/layers.7/self_attn/Transpose_4,Gemm,,,,,performance,gtpin_total_execution_cycles,2284438,cycles,1,64,2284438
n1_i0,0,1,0,n1_i0::op::/model/layers.7/self_attn/Where_2,n1_i0::op_type::layers.*/self_attn::Select,op,/model/layers.7/self_attn/Where_2,layers.*/self_attn,/model/layers.7/self_attn/Where_2,Select,,,,,performance,gtpin_total_execution_cycles,38712,cycles,1,8,38712
n1_i0,0,1,0,n1_i0::op::/model/layers.7/self_attn/Where_3,n1_i0::op_type::layers.*/self_attn::Select,op,/model/layers.7/self_attn/Where_3,layers.*/self_attn,/model/layers.7/self_attn/Where_3,Select,,,,,performance,gtpin_total_execution_cycles,1299396,cycles,1,256,1299396
n1_i0,0,1,0,n1_i0::op::/model/layers.7/self_attn/k_proj/MatMul,n1_i0::op_type::layers.*/self_attn::FullyConnected,op,/model/layers.7/self_attn/k_proj/MatMul,layers.*/self_attn,/model/layers.7/self_attn/k_proj/MatMul,FullyConnected,,,,,performance,gtpin_total_execution_cycles,4119486,cycles,1,8,4119486
n1_i0,0,1,0,n1_i0::op::/model/layers.7/self_attn/o_proj/MatMul,n1_i0::op_type::layers.*/self_attn::FullyConnected,op,/model/layers.7/self_attn/o_proj/MatMul,layers.*/self_attn,/model/layers.7/self_attn/o_proj/MatMul,FullyConnected,,,,,performance,gtpin_total_execution_cycles,29674442,cycles,1,64,29674442
n1_i0,0,1,0,n1_i0::op::/model/layers.7/self_attn/q_proj/MatMul,n1_i0::op_type::layers.*/self_attn::FullyConnected,op,/model/layers.7/self_attn/q_proj/MatMul,layers.*/self_attn,/model/layers.7/self_attn/q_proj/MatMul,FullyConnected,,,,,performance,gtpin_total_execution_cycles,32058664,cycles,1,64,32058664
n1_i0,0,1,0,n1_i0::op::/model/layers.7/self_attn/v_proj/MatMul,n1_i0::op_type::layers.*/self_attn::FullyConnected,op,/model/layers.7/self_attn/v_proj/MatMul,layers.*/self_attn,/model/layers.7/self_attn/v_proj/MatMul,FullyConnected,,,,,performance,gtpin_total_execution_cycles,3911230,cycles,1,8,3911230
n1_i0,0,1,0,n1_i0::op::/model/layers.8/input_layernorm/Mul,n1_i0::op_type::layers.*/input_layernorm::RMS,op,/model/layers.8/input_layernorm/Mul,layers.*/input_layernorm,/model/layers.8/input_layernorm/Mul,RMS,,,,,performance,gtpin_total_execution_cycles,1600120,cycles,1,256,1600120
n1_i0,0,1,0,n1_i0::op::/model/layers.8/mlp/down_proj/MatMul,n1_i0::op_type::layers.*/mlp::FullyConnected,op,/model/layers.8/mlp/down_proj/MatMul,layers.*/mlp,/model/layers.8/mlp/down_proj/MatMul,FullyConnected,,,,,performance,gtpin_total_execution_cycles,118418748,cycles,1,128,118418748
n1_i0,0,1,0,n1_i0::op::/model/layers.8/mlp/gate_proj/MatMul,n1_i0::op_type::layers.*/mlp::FullyConnected,op,/model/layers.8/mlp/gate_proj/MatMul,layers.*/mlp,/model/layers.8/mlp/gate_proj/MatMul,FullyConnected,,,,,performance,gtpin_total_execution_cycles,366230084,cycles,1,352,366230084
n1_i0,0,1,0,n1_i0::op::/model/layers.8/mlp/up_proj/MatMul,n1_i0::op_type::layers.*/mlp::FullyConnected,op,/model/layers.8/mlp/up_proj/MatMul,layers.*/mlp,/model/layers.8/mlp/up_proj/MatMul,FullyConnected,,,,,performance,gtpin_total_execution_cycles,144294638,cycles,1,176,144294638
n1_i0,0,1,0,n1_i0::op::/model/layers.8/post_attention_layernorm/Mul,n1_i0::op_type::layers.*/post_attention_layernorm::RMS,op,/model/layers.8/post_attention_layernorm/Mul,layers.*/post_attention_layernorm,/model/layers.8/post_attention_layernorm/Mul,RMS,,,,,performance,gtpin_total_execution_cycles,1849580,cycles,1,256,1849580
n1_i0,0,1,0,n1_i0::op::/model/layers.8/self_attn/Add,n1_i0::op_type::layers.*/self_attn::RoPE,op,/model/layers.8/self_attn/Add,layers.*/self_attn,/model/layers.8/self_attn/Add,RoPE,,,,,performance,gtpin_total_execution_cycles,846804,cycles,1,64,846804
n1_i0,0,1,0,n1_i0::op::/model/layers.8/self_attn/Add_1,n1_i0::op_type::layers.*/self_attn::RoPE,op,/model/layers.8/self_attn/Add_1,layers.*/self_attn,/model/layers.8/self_attn/Add_1,RoPE,,,,,performance,gtpin_total_execution_cycles,101808,cycles,1,8,101808
n1_i0,0,1,0,n1_i0::op::/model/layers.8/self_attn/Expand,n1_i0::op_type::layers.*/self_attn::Broadcast,op,/model/layers.8/self_attn/Expand,layers.*/self_attn,/model/layers.8/self_attn/Expand,Broadcast,,,,,performance,gtpin_total_execution_cycles,4132888,cycles,1,1024,4132888
n1_i0,0,1,0,n1_i0::op::/model/layers.8/self_attn/Expand_1,n1_i0::op_type::layers.*/self_attn::Broadcast,op,/model/layers.8/self_attn/Expand_1,layers.*/self_attn,/model/layers.8/self_attn/Expand_1,Broadcast,,,,,performance,gtpin_total_execution_cycles,4089202,cycles,1,1024,4089202
n1_i0,0,1,0,n1_i0::op::/model/layers.8/self_attn/IsNaN,n1_i0::op_type::layers.*/self_attn::IsNaN,op,/model/layers.8/self_attn/IsNaN,layers.*/self_attn,/model/layers.8/self_attn/IsNaN,IsNaN,,,,,performance,gtpin_total_execution_cycles,1246270,cycles,1,256,1246270
n1_i0,0,1,0,n1_i0::op::/model/layers.8/self_attn/MatMul,n1_i0::op_type::layers.*/self_attn::Gemm,op,/model/layers.8/self_attn/MatMul,layers.*/self_attn,/model/layers.8/self_attn/MatMul,Gemm,,,,,performance,gtpin_total_execution_cycles,3898476,cycles,1,32,3898476
n1_i0,0,1,0,n1_i0::op::/model/layers.8/self_attn/Mul_8,n1_i0::op_type::layers.*/self_attn::Multiply,op,/model/layers.8/self_attn/Mul_8,layers.*/self_attn,/model/layers.8/self_attn/Mul_8,Multiply,,,,,performance,gtpin_total_execution_cycles,5526556,cycles,1,1024,5526556
n1_i0,0,1,0,n1_i0::op::/model/layers.8/self_attn/Softmax,n1_i0::op_type::layers.*/self_attn::Softmax,op,/model/layers.8/self_attn/Softmax,layers.*/self_attn,/model/layers.8/self_attn/Softmax,Softmax,,,,,performance,gtpin_total_execution_cycles,7709827,cycles,1,512,7709827
n1_i0,0,1,0,n1_i0::op::/model/layers.8/self_attn/Transpose_2,n1_i0::op_type::layers.*/self_attn::Transpose,op,/model/layers.8/self_attn/Transpose_2,layers.*/self_attn,/model/layers.8/self_attn/Transpose_2,Transpose,,,,,performance,gtpin_total_execution_cycles,463672,cycles,1,128,463672
n1_i0,0,1,0,n1_i0::op::/model/layers.8/self_attn/Transpose_3,n1_i0::op_type::layers.*/self_attn::Transpose,op,/model/layers.8/self_attn/Transpose_3,layers.*/self_attn,/model/layers.8/self_attn/Transpose_3,Transpose,,,,,performance,gtpin_total_execution_cycles,4698664,cycles,1,1024,4698664
n1_i0,0,1,0,n1_i0::op::/model/layers.8/self_attn/Transpose_4,n1_i0::op_type::layers.*/self_attn::Gemm,op,/model/layers.8/self_attn/Transpose_4,layers.*/self_attn,/model/layers.8/self_attn/Transpose_4,Gemm,,,,,performance,gtpin_total_execution_cycles,2039660,cycles,1,64,2039660
n1_i0,0,1,0,n1_i0::op::/model/layers.8/self_attn/Where_2,n1_i0::op_type::layers.*/self_attn::Select,op,/model/layers.8/self_attn/Where_2,layers.*/self_attn,/model/layers.8/self_attn/Where_2,Select,,,,,performance,gtpin_total_execution_cycles,57072,cycles,1,8,57072
n1_i0,0,1,0,n1_i0::op::/model/layers.8/self_attn/Where_3,n1_i0::op_type::layers.*/self_attn::Select,op,/model/layers.8/self_attn/Where_3,layers.*/self_attn,/model/layers.8/self_attn/Where_3,Select,,,,,performance,gtpin_total_execution_cycles,1516710,cycles,1,256,1516710
n1_i0,0,1,0,n1_i0::op::/model/layers.8/self_attn/k_proj/MatMul,n1_i0::op_type::layers.*/self_attn::FullyConnected,op,/model/layers.8/self_attn/k_proj/MatMul,layers.*/self_attn,/model/layers.8/self_attn/k_proj/MatMul,FullyConnected,,,,,performance,gtpin_total_execution_cycles,3803680,cycles,1,8,3803680
n1_i0,0,1,0,n1_i0::op::/model/layers.8/self_attn/o_proj/MatMul,n1_i0::op_type::layers.*/self_attn::FullyConnected,op,/model/layers.8/self_attn/o_proj/MatMul,layers.*/self_attn,/model/layers.8/self_attn/o_proj/MatMul,FullyConnected,,,,,performance,gtpin_total_execution_cycles,30020464,cycles,1,64,30020464
n1_i0,0,1,0,n1_i0::op::/model/layers.8/self_attn/q_proj/MatMul,n1_i0::op_type::layers.*/self_attn::FullyConnected,op,/model/layers.8/self_attn/q_proj/MatMul,layers.*/self_attn,/model/layers.8/self_attn/q_proj/MatMul,FullyConnected,,,,,performance,gtpin_total_execution_cycles,29623538,cycles,1,64,29623538
n1_i0,0,1,0,n1_i0::op::/model/layers.8/self_attn/v_proj/MatMul,n1_i0::op_type::layers.*/self_attn::FullyConnected,op,/model/layers.8/self_attn/v_proj/MatMul,layers.*/self_attn,/model/layers.8/self_attn/v_proj/MatMul,FullyConnected,,,,,performance,gtpin_total_execution_cycles,3617678,cycles,1,8,3617678
n1_i0,0,1,0,n1_i0::op::/model/layers.9/input_layernorm/Mul,n1_i0::op_type::layers.*/input_layernorm::RMS,op,/model/layers.9/input_layernorm/Mul,layers.*/input_layernorm,/model/layers.9/input_layernorm/Mul,RMS,,,,,performance,gtpin_total_execution_cycles,1766504,cycles,1,256,1766504
n1_i0,0,1,0,n1_i0::op::/model/layers.9/mlp/down_proj/MatMul,n1_i0::op_type::layers.*/mlp::FullyConnected,op,/model/layers.9/mlp/down_proj/MatMul,layers.*/mlp,/model/layers.9/mlp/down_proj/MatMul,FullyConnected,,,,,performance,gtpin_total_execution_cycles,109479326,cycles,1,128,109479326
n1_i0,0,1,0,n1_i0::op::/model/layers.9/mlp/gate_proj/MatMul,n1_i0::op_type::layers.*/mlp::FullyConnected,op,/model/layers.9/mlp/gate_proj/MatMul,layers.*/mlp,/model/layers.9/mlp/gate_proj/MatMul,FullyConnected,,,,,performance,gtpin_total_execution_cycles,324429834,cycles,1,352,324429834
n1_i0,0,1,0,n1_i0::op::/model/layers.9/mlp/up_proj/MatMul,n1_i0::op_type::layers.*/mlp::FullyConnected,op,/model/layers.9/mlp/up_proj/MatMul,layers.*/mlp,/model/layers.9/mlp/up_proj/MatMul,FullyConnected,,,,,performance,gtpin_total_execution_cycles,125618672,cycles,1,176,125618672
n1_i0,0,1,0,n1_i0::op::/model/layers.9/post_attention_layernorm/Mul,n1_i0::op_type::layers.*/post_attention_layernorm::RMS,op,/model/layers.9/post_attention_layernorm/Mul,layers.*/post_attention_layernorm,/model/layers.9/post_attention_layernorm/Mul,RMS,,,,,performance,gtpin_total_execution_cycles,2029414,cycles,1,256,2029414
n1_i0,0,1,0,n1_i0::op::/model/layers.9/self_attn/Add,n1_i0::op_type::layers.*/self_attn::RoPE,op,/model/layers.9/self_attn/Add,layers.*/self_attn,/model/layers.9/self_attn/Add,RoPE,,,,,performance,gtpin_total_execution_cycles,852416,cycles,1,64,852416
n1_i0,0,1,0,n1_i0::op::/model/layers.9/self_attn/Add_1,n1_i0::op_type::layers.*/self_attn::RoPE,op,/model/layers.9/self_attn/Add_1,layers.*/self_attn,/model/layers.9/self_attn/Add_1,RoPE,,,,,performance,gtpin_total_execution_cycles,68974,cycles,1,8,68974
n1_i0,0,1,0,n1_i0::op::/model/layers.9/self_attn/Expand,n1_i0::op_type::layers.*/self_attn::Broadcast,op,/model/layers.9/self_attn/Expand,layers.*/self_attn,/model/layers.9/self_attn/Expand,Broadcast,,,,,performance,gtpin_total_execution_cycles,6748304,cycles,1,1024,6748304
n1_i0,0,1,0,n1_i0::op::/model/layers.9/self_attn/Expand_1,n1_i0::op_type::layers.*/self_attn::Broadcast,op,/model/layers.9/self_attn/Expand_1,layers.*/self_attn,/model/layers.9/self_attn/Expand_1,Broadcast,,,,,performance,gtpin_total_execution_cycles,4064454,cycles,1,1024,4064454
n1_i0,0,1,0,n1_i0::op::/model/layers.9/self_attn/IsNaN,n1_i0::op_type::layers.*/self_attn::IsNaN,op,/model/layers.9/self_attn/IsNaN,layers.*/self_attn,/model/layers.9/self_attn/IsNaN,IsNaN,,,,,performance,gtpin_total_execution_cycles,1277670,cycles,1,256,1277670
n1_i0,0,1,0,n1_i0::op::/model/layers.9/self_attn/MatMul,n1_i0::op_type::layers.*/self_attn::Gemm,op,/model/layers.9/self_attn/MatMul,layers.*/self_attn,/model/layers.9/self_attn/MatMul,Gemm,,,,,performance,gtpin_total_execution_cycles,3586660,cycles,1,32,3586660
n1_i0,0,1,0,n1_i0::op::/model/layers.9/self_attn/Mul_8,n1_i0::op_type::layers.*/self_attn::Multiply,op,/model/layers.9/self_attn/Mul_8,layers.*/self_attn,/model/layers.9/self_attn/Mul_8,Multiply,,,,,performance,gtpin_total_execution_cycles,4636846,cycles,1,1024,4636846
n1_i0,0,1,0,n1_i0::op::/model/layers.9/self_attn/Softmax,n1_i0::op_type::layers.*/self_attn::Softmax,op,/model/layers.9/self_attn/Softmax,layers.*/self_attn,/model/layers.9/self_attn/Softmax,Softmax,,,,,performance,gtpin_total_execution_cycles,7926412,cycles,1,512,7926412
n1_i0,0,1,0,n1_i0::op::/model/layers.9/self_attn/Transpose_2,n1_i0::op_type::layers.*/self_attn::Transpose,op,/model/layers.9/self_attn/Transpose_2,layers.*/self_attn,/model/layers.9/self_attn/Transpose_2,Transpose,,,,,performance,gtpin_total_execution_cycles,400336,cycles,1,128,400336
n1_i0,0,1,0,n1_i0::op::/model/layers.9/self_attn/Transpose_3,n1_i0::op_type::layers.*/self_attn::Transpose,op,/model/layers.9/self_attn/Transpose_3,layers.*/self_attn,/model/layers.9/self_attn/Transpose_3,Transpose,,,,,performance,gtpin_total_execution_cycles,5521630,cycles,1,1024,5521630
n1_i0,0,1,0,n1_i0::op::/model/layers.9/self_attn/Transpose_4,n1_i0::op_type::layers.*/self_attn::Gemm,op,/model/layers.9/self_attn/Transpose_4,layers.*/self_attn,/model/layers.9/self_attn/Transpose_4,Gemm,,,,,performance,gtpin_total_execution_cycles,2073546,cycles,1,64,2073546
n1_i0,0,1,0,n1_i0::op::/model/layers.9/self_attn/Where_2,n1_i0::op_type::layers.*/self_attn::Select,op,/model/layers.9/self_attn/Where_2,layers.*/self_attn,/model/layers.9/self_attn/Where_2,Select,,,,,performance,gtpin_total_execution_cycles,36664,cycles,1,8,36664
n1_i0,0,1,0,n1_i0::op::/model/layers.9/self_attn/Where_3,n1_i0::op_type::layers.*/self_attn::Select,op,/model/layers.9/self_attn/Where_3,layers.*/self_attn,/model/layers.9/self_attn/Where_3,Select,,,,,performance,gtpin_total_execution_cycles,1474564,cycles,1,256,1474564
n1_i0,0,1,0,n1_i0::op::/model/layers.9/self_attn/k_proj/MatMul,n1_i0::op_type::layers.*/self_attn::FullyConnected,op,/model/layers.9/self_attn/k_proj/MatMul,layers.*/self_attn,/model/layers.9/self_attn/k_proj/MatMul,FullyConnected,,,,,performance,gtpin_total_execution_cycles,3969118,cycles,1,8,3969118
n1_i0,0,1,0,n1_i0::op::/model/layers.9/self_attn/o_proj/MatMul,n1_i0::op_type::layers.*/self_attn::FullyConnected,op,/model/layers.9/self_attn/o_proj/MatMul,layers.*/self_attn,/model/layers.9/self_attn/o_proj/MatMul,FullyConnected,,,,,performance,gtpin_total_execution_cycles,29437520,cycles,1,64,29437520
n1_i0,0,1,0,n1_i0::op::/model/layers.9/self_attn/q_proj/MatMul,n1_i0::op_type::layers.*/self_attn::FullyConnected,op,/model/layers.9/self_attn/q_proj/MatMul,layers.*/self_attn,/model/layers.9/self_attn/q_proj/MatMul,FullyConnected,,,,,performance,gtpin_total_execution_cycles,30922680,cycles,1,64,30922680
n1_i0,0,1,0,n1_i0::op::/model/layers.9/self_attn/v_proj/MatMul,n1_i0::op_type::layers.*/self_attn::FullyConnected,op,/model/layers.9/self_attn/v_proj/MatMul,layers.*/self_attn,/model/layers.9/self_attn/v_proj/MatMul,FullyConnected,,,,,performance,gtpin_total_execution_cycles,3760682,cycles,1,8,3760682
n1_i0,0,1,0,n1_i0::op::/model/norm/Mul,n1_i0::op_type::(root)::RMS,op,/model/norm/Mul,(root),/model/norm/Mul,RMS,,,,,performance,gtpin_total_execution_cycles,1997998,cycles,1,256,1997998
n1_i0,0,1,0,n1_i0::op::/model/rotary_emb/Concat_1,n1_i0::op_type::rotary_emb::Concat,op,/model/rotary_emb/Concat_1,rotary_emb,/model/rotary_emb/Concat_1,Concat,,,,,performance,gtpin_total_execution_cycles,167458,cycles,2,32,167458
n1_i0,0,1,0,n1_i0::op::/model/rotary_emb/Cos,n1_i0::op_type::rotary_emb::Cos,op,/model/rotary_emb/Cos,rotary_emb,/model/rotary_emb/Cos,Cos,,,,,performance,gtpin_total_execution_cycles,135594,cycles,1,32,135594
n1_i0,0,1,0,n1_i0::op::/model/rotary_emb/MatMul_increase_precision_1,n1_i0::op_type::rotary_emb::Convert,op,/model/rotary_emb/MatMul_increase_precision_1,rotary_emb,/model/rotary_emb/MatMul_increase_precision_1,Convert,,,,,performance,gtpin_total_execution_cycles,3697,cycles,1,1,3697
n1_i0,0,1,0,n1_i0::op::/model/rotary_emb/Sin,n1_i0::op_type::rotary_emb::Sin,op,/model/rotary_emb/Sin,rotary_emb,/model/rotary_emb/Sin,Sin,,,,,performance,gtpin_total_execution_cycles,168934,cycles,1,32,168934
n1_i0,0,1,0,n1_i0::op::/model/rotary_emb/Transpose,n1_i0::op_type::rotary_emb::Gemm,op,/model/rotary_emb/Transpose,rotary_emb,/model/rotary_emb/Transpose,Gemm,,,,,performance,gtpin_total_execution_cycles,40096,cycles,1,2,40096
n1_i0,0,1,0,n1_i0::op::Convert_90811,n1_i0::op_type::(root)::Convert,op,Convert_90811,(root),Convert_90811,Convert,,,,,performance,gtpin_total_execution_cycles,7158,cycles,1,1,7158
n1_i0,0,1,0,n1_i0::op::Convert_90813,n1_i0::op_type::(root)::Convert,op,Convert_90813,(root),Convert_90813,Convert,,,,,performance,gtpin_total_execution_cycles,6921,cycles,1,1,6921
n1_i0,0,1,0,n1_i0::op::Convert_90873,n1_i0::op_type::(root)::Convert,op,Convert_90873,(root),Convert_90873,Convert,,,,,performance,gtpin_total_execution_cycles,5870,cycles,1,1,5870
n1_i0,0,1,0,n1_i0::op::logits.0,n1_i0::op_type::(root)::FullyConnected,op,logits.0,(root),logits.0,FullyConnected,,,,,performance,gtpin_total_execution_cycles,5724024420,cycles,1,2000,5724024420
n1_i0,0,1,0,n1_i0::op_type::(root)::Convert,n1_i0::component_group::(root),op_type,Convert,(root),,Convert,,,,,performance,gtpin_total_execution_cycles,19949,cycles,3,3,19949
n1_i0,0,1,0,n1_i0::op_type::(root)::FullyConnected,n1_i0::component_group::(root),op_type,FullyConnected,(root),,FullyConnected,,,,,performance,gtpin_total_execution_cycles,5724024420,cycles,1,2000,5724024420
n1_i0,0,1,0,n1_i0::op_type::(root)::Gather,n1_i0::component_group::(root),op_type,Gather,(root),,Gather,,,,,performance,gtpin_total_execution_cycles,9279,cycles,1,1,9279
n1_i0,0,1,0,n1_i0::op_type::(root)::LessEqual,n1_i0::component_group::(root),op_type,LessEqual,(root),,LessEqual,,,,,performance,gtpin_total_execution_cycles,42976,cycles,1,8,42976
n1_i0,0,1,0,n1_i0::op_type::(root)::LogicalAnd,n1_i0::component_group::(root),op_type,LogicalAnd,(root),,LogicalAnd,,,,,performance,gtpin_total_execution_cycles,97176,cycles,2,16,97176
n1_i0,0,1,0,n1_i0::op_type::(root)::RMS,n1_i0::component_group::(root),op_type,RMS,(root),,RMS,,,,,performance,gtpin_total_execution_cycles,1997998,cycles,1,256,1997998
n1_i0,0,1,0,n1_i0::op_type::embed_tokens::Gather,n1_i0::component_group::embed_tokens,op_type,Gather,embed_tokens,,Gather,,,,,performance,gtpin_total_execution_cycles,5224202,cycles,1,1024,5224202
n1_i0,0,1,0,n1_i0::op_type::layers.*/input_layernorm::RMS,n1_i0::component_group::layers.*/input_layernorm,op_type,RMS,layers.*/input_layernorm,,RMS,,,,,performance,gtpin_total_execution_cycles,40031442,cycles,22,5632,40031442
n1_i0,0,1,0,n1_i0::op_type::layers.*/mlp::FullyConnected,n1_i0::component_group::layers.*/mlp,op_type,FullyConnected,layers.*/mlp,,FullyConnected,,,,,performance,gtpin_total_execution_cycles,11715785938,cycles,66,13024,11715785938
n1_i0,0,1,0,n1_i0::op_type::layers.*/post_attention_layernorm::RMS,n1_i0::component_group::layers.*/post_attention_layernorm,op_type,RMS,layers.*/post_attention_layernorm,,RMS,,,,,performance,gtpin_total_execution_cycles,44472818,cycles,22,5632,44472818
n1_i0,0,1,0,n1_i0::op_type::layers.*/self_attn::Broadcast,n1_i0::component_group::layers.*/self_attn,op_type,Broadcast,layers.*/self_attn,,Broadcast,,,,,performance,gtpin_total_execution_cycles,219922656,cycles,44,45056,219922656
n1_i0,0,1,0,n1_i0::op_type::layers.*/self_attn::Convert,n1_i0::component_group::layers.*/self_attn,op_type,Convert,layers.*/self_attn,,Convert,,,,,performance,gtpin_total_execution_cycles,154892,cycles,2,64,154892
n1_i0,0,1,0,n1_i0::op_type::layers.*/self_attn::FullyConnected,n1_i0::component_group::layers.*/self_attn,op_type,FullyConnected,layers.*/self_attn,,FullyConnected,,,,,performance,gtpin_total_execution_cycles,1613676748,cycles,88,3688,1613676748
n1_i0,0,1,0,n1_i0::op_type::layers.*/self_attn::Gemm,n1_i0::component_group::layers.*/self_attn,op_type,Gemm,layers.*/self_attn,,Gemm,,,,,performance,gtpin_total_execution_cycles,129007996,cycles,44,2112,129007996
n1_i0,0,1,0,n1_i0::op_type::layers.*/self_attn::IsNaN,n1_i0::component_group::layers.*/self_attn,op_type,IsNaN,layers.*/self_attn,,IsNaN,,,,,performance,gtpin_total_execution_cycles,27550922,cycles,22,5632,27550922
n1_i0,0,1,0,n1_i0::op_type::layers.*/self_attn::Multiply,n1_i0::component_group::layers.*/self_attn,op_type,Multiply,layers.*/self_attn,,Multiply,,,,,performance,gtpin_total_execution_cycles,107258734,cycles,22,22528,107258734
n1_i0,0,1,0,n1_i0::op_type::layers.*/self_attn::RoPE,n1_i0::component_group::layers.*/self_attn,op_type,RoPE,layers.*/self_attn,,RoPE,,,,,performance,gtpin_total_execution_cycles,21121164,cycles,44,1584,21121164
n1_i0,0,1,0,n1_i0::op_type::layers.*/self_attn::Select,n1_i0::component_group::layers.*/self_attn,op_type,Select,layers.*/self_attn,,Select,,,,,performance,gtpin_total_execution_cycles,33841076,cycles,44,5808,33841076
n1_i0,0,1,0,n1_i0::op_type::layers.*/self_attn::Softmax,n1_i0::component_group::layers.*/self_attn,op_type,Softmax,layers.*/self_attn,,Softmax,,,,,performance,gtpin_total_execution_cycles,180383995,cycles,22,11264,180383995
n1_i0,0,1,0,n1_i0::op_type::layers.*/self_attn::Transpose,n1_i0::component_group::layers.*/self_attn,op_type,Transpose,layers.*/self_attn,,Transpose,,,,,performance,gtpin_total_execution_cycles,132221966,cycles,44,25344,132221966
n1_i0,0,1,0,n1_i0::op_type::rotary_emb::Concat,n1_i0::component_group::rotary_emb,op_type,Concat,rotary_emb,,Concat,,,,,performance,gtpin_total_execution_cycles,167458,cycles,2,32,167458
n1_i0,0,1,0,n1_i0::op_type::rotary_emb::Convert,n1_i0::component_group::rotary_emb,op_type,Convert,rotary_emb,,Convert,,,,,performance,gtpin_total_execution_cycles,3697,cycles,1,1,3697
n1_i0,0,1,0,n1_i0::op_type::rotary_emb::Cos,n1_i0::component_group::rotary_emb,op_type,Cos,rotary_emb,,Cos,,,,,performance,gtpin_total_execution_cycles,135594,cycles,1,32,135594
n1_i0,0,1,0,n1_i0::op_type::rotary_emb::Gemm,n1_i0::component_group::rotary_emb,op_type,Gemm,rotary_emb,,Gemm,,,,,performance,gtpin_total_execution_cycles,40096,cycles,1,2,40096
n1_i0,0,1,0,n1_i0::op_type::rotary_emb::Sin,n1_i0::component_group::rotary_emb,op_type,Sin,rotary_emb,,Sin,,,,,performance,gtpin_total_execution_cycles,168934,cycles,1,32,168934
n1_i0,0,1,0,n1_i0::primitive::broadcast:/model/layers.0/self_attn/Expand,n1_i0::op::/model/layers.0/self_attn/Expand,primitive,broadcast:/model/layers.0/self_attn/Expand,layers.*/self_attn,/model/layers.0/self_attn/Expand,Broadcast,broadcast:/model/layers.0/self_attn/Expand,broadcast,broadcast_gpu_ref,,performance,gtpin_total_execution_cycles,3858404,cycles,1,1024,3858404
n1_i0,0,1,0,n1_i0::primitive::broadcast:/model/layers.0/self_attn/Expand_1,n1_i0::op::/model/layers.0/self_attn/Expand_1,primitive,broadcast:/model/layers.0/self_attn/Expand_1,layers.*/self_attn,/model/layers.0/self_attn/Expand_1,Broadcast,broadcast:/model/layers.0/self_attn/Expand_1,broadcast,broadcast_gpu_ref,,performance,gtpin_total_execution_cycles,4032488,cycles,1,1024,4032488
n1_i0,0,1,0,n1_i0::primitive::broadcast:/model/layers.1/self_attn/Expand,n1_i0::op::/model/layers.1/self_attn/Expand,primitive,broadcast:/model/layers.1/self_attn/Expand,layers.*/self_attn,/model/layers.1/self_attn/Expand,Broadcast,broadcast:/model/layers.1/self_attn/Expand,broadcast,broadcast_gpu_ref,,performance,gtpin_total_execution_cycles,5962774,cycles,1,1024,5962774
n1_i0,0,1,0,n1_i0::primitive::broadcast:/model/layers.1/self_attn/Expand_1,n1_i0::op::/model/layers.1/self_attn/Expand_1,primitive,broadcast:/model/layers.1/self_attn/Expand_1,layers.*/self_attn,/model/layers.1/self_attn/Expand_1,Broadcast,broadcast:/model/layers.1/self_attn/Expand_1,broadcast,broadcast_gpu_ref,,performance,gtpin_total_execution_cycles,3800384,cycles,1,1024,3800384
n1_i0,0,1,0,n1_i0::primitive::broadcast:/model/layers.10/self_attn/Expand,n1_i0::op::/model/layers.10/self_attn/Expand,primitive,broadcast:/model/layers.10/self_attn/Expand,layers.*/self_attn,/model/layers.10/self_attn/Expand,Broadcast,broadcast:/model/layers.10/self_attn/Expand,broadcast,broadcast_gpu_ref,,performance,gtpin_total_execution_cycles,6656254,cycles,1,1024,6656254
n1_i0,0,1,0,n1_i0::primitive::broadcast:/model/layers.10/self_attn/Expand_1,n1_i0::op::/model/layers.10/self_attn/Expand_1,primitive,broadcast:/model/layers.10/self_attn/Expand_1,layers.*/self_attn,/model/layers.10/self_attn/Expand_1,Broadcast,broadcast:/model/layers.10/self_attn/Expand_1,broadcast,broadcast_gpu_ref,,performance,gtpin_total_execution_cycles,4041150,cycles,1,1024,4041150
n1_i0,0,1,0,n1_i0::primitive::broadcast:/model/layers.11/self_attn/Expand,n1_i0::op::/model/layers.11/self_attn/Expand,primitive,broadcast:/model/layers.11/self_attn/Expand,layers.*/self_attn,/model/layers.11/self_attn/Expand,Broadcast,broadcast:/model/layers.11/self_attn/Expand,broadcast,broadcast_gpu_ref,,performance,gtpin_total_execution_cycles,3758518,cycles,1,1024,3758518
n1_i0,0,1,0,n1_i0::primitive::broadcast:/model/layers.11/self_attn/Expand_1,n1_i0::op::/model/layers.11/self_attn/Expand_1,primitive,broadcast:/model/layers.11/self_attn/Expand_1,layers.*/self_attn,/model/layers.11/self_attn/Expand_1,Broadcast,broadcast:/model/layers.11/self_attn/Expand_1,broadcast,broadcast_gpu_ref,,performance,gtpin_total_execution_cycles,7181124,cycles,1,1024,7181124
n1_i0,0,1,0,n1_i0::primitive::broadcast:/model/layers.12/self_attn/Expand,n1_i0::op::/model/layers.12/self_attn/Expand,primitive,broadcast:/model/layers.12/self_attn/Expand,layers.*/self_attn,/model/layers.12/self_attn/Expand,Broadcast,broadcast:/model/layers.12/self_attn/Expand,broadcast,broadcast_gpu_ref,,performance,gtpin_total_execution_cycles,4570632,cycles,1,1024,4570632
n1_i0,0,1,0,n1_i0::primitive::broadcast:/model/layers.12/self_attn/Expand_1,n1_i0::op::/model/layers.12/self_attn/Expand_1,primitive,broadcast:/model/layers.12/self_attn/Expand_1,layers.*/self_attn,/model/layers.12/self_attn/Expand_1,Broadcast,broadcast:/model/layers.12/self_attn/Expand_1,broadcast,broadcast_gpu_ref,,performance,gtpin_total_execution_cycles,4205800,cycles,1,1024,4205800
n1_i0,0,1,0,n1_i0::primitive::broadcast:/model/layers.13/self_attn/Expand,n1_i0::op::/model/layers.13/self_attn/Expand,primitive,broadcast:/model/layers.13/self_attn/Expand,layers.*/self_attn,/model/layers.13/self_attn/Expand,Broadcast,broadcast:/model/layers.13/self_attn/Expand,broadcast,broadcast_gpu_ref,,performance,gtpin_total_execution_cycles,6998966,cycles,1,1024,6998966
n1_i0,0,1,0,n1_i0::primitive::broadcast:/model/layers.13/self_attn/Expand_1,n1_i0::op::/model/layers.13/self_attn/Expand_1,primitive,broadcast:/model/layers.13/self_attn/Expand_1,layers.*/self_attn,/model/layers.13/self_attn/Expand_1,Broadcast,broadcast:/model/layers.13/self_attn/Expand_1,broadcast,broadcast_gpu_ref,,performance,gtpin_total_execution_cycles,4516030,cycles,1,1024,4516030
n1_i0,0,1,0,n1_i0::primitive::broadcast:/model/layers.14/self_attn/Expand,n1_i0::op::/model/layers.14/self_attn/Expand,primitive,broadcast:/model/layers.14/self_attn/Expand,layers.*/self_attn,/model/layers.14/self_attn/Expand,Broadcast,broadcast:/model/layers.14/self_attn/Expand,broadcast,broadcast_gpu_ref,,performance,gtpin_total_execution_cycles,6182576,cycles,1,1024,6182576
n1_i0,0,1,0,n1_i0::primitive::broadcast:/model/layers.14/self_attn/Expand_1,n1_i0::op::/model/layers.14/self_attn/Expand_1,primitive,broadcast:/model/layers.14/self_attn/Expand_1,layers.*/self_attn,/model/layers.14/self_attn/Expand_1,Broadcast,broadcast:/model/layers.14/self_attn/Expand_1,broadcast,broadcast_gpu_ref,,performance,gtpin_total_execution_cycles,4301336,cycles,1,1024,4301336
n1_i0,0,1,0,n1_i0::primitive::broadcast:/model/layers.15/self_attn/Expand,n1_i0::op::/model/layers.15/self_attn/Expand,primitive,broadcast:/model/layers.15/self_attn/Expand,layers.*/self_attn,/model/layers.15/self_attn/Expand,Broadcast,broadcast:/model/layers.15/self_attn/Expand,broadcast,broadcast_gpu_ref,,performance,gtpin_total_execution_cycles,3790272,cycles,1,1024,3790272
n1_i0,0,1,0,n1_i0::primitive::broadcast:/model/layers.15/self_attn/Expand_1,n1_i0::op::/model/layers.15/self_attn/Expand_1,primitive,broadcast:/model/layers.15/self_attn/Expand_1,layers.*/self_attn,/model/layers.15/self_attn/Expand_1,Broadcast,broadcast:/model/layers.15/self_attn/Expand_1,broadcast,broadcast_gpu_ref,,performance,gtpin_total_execution_cycles,4529066,cycles,1,1024,4529066
n1_i0,0,1,0,n1_i0::primitive::broadcast:/model/layers.16/self_attn/Expand,n1_i0::op::/model/layers.16/self_attn/Expand,primitive,broadcast:/model/layers.16/self_attn/Expand,layers.*/self_attn,/model/layers.16/self_attn/Expand,Broadcast,broadcast:/model/layers.16/self_attn/Expand,broadcast,broadcast_gpu_ref,,performance,gtpin_total_execution_cycles,3638472,cycles,1,1024,3638472
n1_i0,0,1,0,n1_i0::primitive::broadcast:/model/layers.16/self_attn/Expand_1,n1_i0::op::/model/layers.16/self_attn/Expand_1,primitive,broadcast:/model/layers.16/self_attn/Expand_1,layers.*/self_attn,/model/layers.16/self_attn/Expand_1,Broadcast,broadcast:/model/layers.16/self_attn/Expand_1,broadcast,broadcast_gpu_ref,,performance,gtpin_total_execution_cycles,3737366,cycles,1,1024,3737366
n1_i0,0,1,0,n1_i0::primitive::broadcast:/model/layers.17/self_attn/Expand,n1_i0::op::/model/layers.17/self_attn/Expand,primitive,broadcast:/model/layers.17/self_attn/Expand,layers.*/self_attn,/model/layers.17/self_attn/Expand,Broadcast,broadcast:/model/layers.17/self_attn/Expand,broadcast,broadcast_gpu_ref,,performance,gtpin_total_execution_cycles,7840750,cycles,1,1024,7840750
n1_i0,0,1,0,n1_i0::primitive::broadcast:/model/layers.17/self_attn/Expand_1,n1_i0::op::/model/layers.17/self_attn/Expand_1,primitive,broadcast:/model/layers.17/self_attn/Expand_1,layers.*/self_attn,/model/layers.17/self_attn/Expand_1,Broadcast,broadcast:/model/layers.17/self_attn/Expand_1,broadcast,broadcast_gpu_ref,,performance,gtpin_total_execution_cycles,4182164,cycles,1,1024,4182164
n1_i0,0,1,0,n1_i0::primitive::broadcast:/model/layers.18/self_attn/Expand,n1_i0::op::/model/layers.18/self_attn/Expand,primitive,broadcast:/model/layers.18/self_attn/Expand,layers.*/self_attn,/model/layers.18/self_attn/Expand,Broadcast,broadcast:/model/layers.18/self_attn/Expand,broadcast,broadcast_gpu_ref,,performance,gtpin_total_execution_cycles,6636684,cycles,1,1024,6636684
n1_i0,0,1,0,n1_i0::primitive::broadcast:/model/layers.18/self_attn/Expand_1,n1_i0::op::/model/layers.18/self_attn/Expand_1,primitive,broadcast:/model/layers.18/self_attn/Expand_1,layers.*/self_attn,/model/layers.18/self_attn/Expand_1,Broadcast,broadcast:/model/layers.18/self_attn/Expand_1,broadcast,broadcast_gpu_ref,,performance,gtpin_total_execution_cycles,3588060,cycles,1,1024,3588060
n1_i0,0,1,0,n1_i0::primitive::broadcast:/model/layers.19/self_attn/Expand,n1_i0::op::/model/layers.19/self_attn/Expand,primitive,broadcast:/model/layers.19/self_attn/Expand,layers.*/self_attn,/model/layers.19/self_attn/Expand,Broadcast,broadcast:/model/layers.19/self_attn/Expand,broadcast,broadcast_gpu_ref,,performance,gtpin_total_execution_cycles,4406952,cycles,1,1024,4406952
n1_i0,0,1,0,n1_i0::primitive::broadcast:/model/layers.19/self_attn/Expand_1,n1_i0::op::/model/layers.19/self_attn/Expand_1,primitive,broadcast:/model/layers.19/self_attn/Expand_1,layers.*/self_attn,/model/layers.19/self_attn/Expand_1,Broadcast,broadcast:/model/layers.19/self_attn/Expand_1,broadcast,broadcast_gpu_ref,,performance,gtpin_total_execution_cycles,6036640,cycles,1,1024,6036640
n1_i0,0,1,0,n1_i0::primitive::broadcast:/model/layers.2/self_attn/Expand,n1_i0::op::/model/layers.2/self_attn/Expand,primitive,broadcast:/model/layers.2/self_attn/Expand,layers.*/self_attn,/model/layers.2/self_attn/Expand,Broadcast,broadcast:/model/layers.2/self_attn/Expand,broadcast,broadcast_gpu_ref,,performance,gtpin_total_execution_cycles,6043642,cycles,1,1024,6043642
n1_i0,0,1,0,n1_i0::primitive::broadcast:/model/layers.2/self_attn/Expand_1,n1_i0::op::/model/layers.2/self_attn/Expand_1,primitive,broadcast:/model/layers.2/self_attn/Expand_1,layers.*/self_attn,/model/layers.2/self_attn/Expand_1,Broadcast,broadcast:/model/layers.2/self_attn/Expand_1,broadcast,broadcast_gpu_ref,,performance,gtpin_total_execution_cycles,4191546,cycles,1,1024,4191546
n1_i0,0,1,0,n1_i0::primitive::broadcast:/model/layers.20/self_attn/Expand,n1_i0::op::/model/layers.20/self_attn/Expand,primitive,broadcast:/model/layers.20/self_attn/Expand,layers.*/self_attn,/model/layers.20/self_attn/Expand,Broadcast,broadcast:/model/layers.20/self_attn/Expand,broadcast,broadcast_gpu_ref,,performance,gtpin_total_execution_cycles,3831096,cycles,1,1024,3831096
n1_i0,0,1,0,n1_i0::primitive::broadcast:/model/layers.20/self_attn/Expand_1,n1_i0::op::/model/layers.20/self_attn/Expand_1,primitive,broadcast:/model/layers.20/self_attn/Expand_1,layers.*/self_attn,/model/layers.20/self_attn/Expand_1,Broadcast,broadcast:/model/layers.20/self_attn/Expand_1,broadcast,broadcast_gpu_ref,,performance,gtpin_total_execution_cycles,4729636,cycles,1,1024,4729636
n1_i0,0,1,0,n1_i0::primitive::broadcast:/model/layers.21/self_attn/Expand,n1_i0::op::/model/layers.21/self_attn/Expand,primitive,broadcast:/model/layers.21/self_attn/Expand,layers.*/self_attn,/model/layers.21/self_attn/Expand,Broadcast,broadcast:/model/layers.21/self_attn/Expand,broadcast,broadcast_gpu_ref,,performance,gtpin_total_execution_cycles,7847630,cycles,1,1024,7847630
n1_i0,0,1,0,n1_i0::primitive::broadcast:/model/layers.21/self_attn/Expand_1,n1_i0::op::/model/layers.21/self_attn/Expand_1,primitive,broadcast:/model/layers.21/self_attn/Expand_1,layers.*/self_attn,/model/layers.21/self_attn/Expand_1,Broadcast,broadcast:/model/layers.21/self_attn/Expand_1,broadcast,broadcast_gpu_ref,,performance,gtpin_total_execution_cycles,4477570,cycles,1,1024,4477570
n1_i0,0,1,0,n1_i0::primitive::broadcast:/model/layers.3/self_attn/Expand,n1_i0::op::/model/layers.3/self_attn/Expand,primitive,broadcast:/model/layers.3/self_attn/Expand,layers.*/self_attn,/model/layers.3/self_attn/Expand,Broadcast,broadcast:/model/layers.3/self_attn/Expand,broadcast,broadcast_gpu_ref,,performance,gtpin_total_execution_cycles,4350808,cycles,1,1024,4350808
n1_i0,0,1,0,n1_i0::primitive::broadcast:/model/layers.3/self_attn/Expand_1,n1_i0::op::/model/layers.3/self_attn/Expand_1,primitive,broadcast:/model/layers.3/self_attn/Expand_1,layers.*/self_attn,/model/layers.3/self_attn/Expand_1,Broadcast,broadcast:/model/layers.3/self_attn/Expand_1,broadcast,broadcast_gpu_ref,,performance,gtpin_total_execution_cycles,5242734,cycles,1,1024,5242734
n1_i0,0,1,0,n1_i0::primitive::broadcast:/model/layers.4/self_attn/Expand,n1_i0::op::/model/layers.4/self_attn/Expand,primitive,broadcast:/model/layers.4/self_attn/Expand,layers.*/self_attn,/model/layers.4/self_attn/Expand,Broadcast,broadcast:/model/layers.4/self_attn/Expand,broadcast,broadcast_gpu_ref,,performance,gtpin_total_execution_cycles,4124572,cycles,1,1024,4124572
n1_i0,0,1,0,n1_i0::primitive::broadcast:/model/layers.4/self_attn/Expand_1,n1_i0::op::/model/layers.4/self_attn/Expand_1,primitive,broadcast:/model/layers.4/self_attn/Expand_1,layers.*/self_attn,/model/layers.4/self_attn/Expand_1,Broadcast,broadcast:/model/layers.4/self_attn/Expand_1,broadcast,broadcast_gpu_ref,,performance,gtpin_total_execution_cycles,4396952,cycles,1,1024,4396952
n1_i0,0,1,0,n1_i0::primitive::broadcast:/model/layers.5/self_attn/Expand,n1_i0::op::/model/layers.5/self_attn/Expand,primitive,broadcast:/model/layers.5/self_attn/Expand,layers.*/self_attn,/model/layers.5/self_attn/Expand,Broadcast,broadcast:/model/layers.5/self_attn/Expand,broadcast,broadcast_gpu_ref,,performance,gtpin_total_execution_cycles,7143610,cycles,1,1024,7143610
n1_i0,0,1,0,n1_i0::primitive::broadcast:/model/layers.5/self_attn/Expand_1,n1_i0::op::/model/layers.5/self_attn/Expand_1,primitive,broadcast:/model/layers.5/self_attn/Expand_1,layers.*/self_attn,/model/layers.5/self_attn/Expand_1,Broadcast,broadcast:/model/layers.5/self_attn/Expand_1,broadcast,broadcast_gpu_ref,,performance,gtpin_total_execution_cycles,4465784,cycles,1,1024,4465784
n1_i0,0,1,0,n1_i0::primitive::broadcast:/model/layers.6/self_attn/Expand,n1_i0::op::/model/layers.6/self_attn/Expand,primitive,broadcast:/model/layers.6/self_attn/Expand,layers.*/self_attn,/model/layers.6/self_attn/Expand,Broadcast,broadcast:/model/layers.6/self_attn/Expand,broadcast,broadcast_gpu_ref,,performance,gtpin_total_execution_cycles,6591460,cycles,1,1024,6591460
n1_i0,0,1,0,n1_i0::primitive::broadcast:/model/layers.6/self_attn/Expand_1,n1_i0::op::/model/layers.6/self_attn/Expand_1,primitive,broadcast:/model/layers.6/self_attn/Expand_1,layers.*/self_attn,/model/layers.6/self_attn/Expand_1,Broadcast,broadcast:/model/layers.6/self_attn/Expand_1,broadcast,broadcast_gpu_ref,,performance,gtpin_total_execution_cycles,4413580,cycles,1,1024,4413580
n1_i0,0,1,0,n1_i0::primitive::broadcast:/model/layers.7/self_attn/Expand,n1_i0::op::/model/layers.7/self_attn/Expand,primitive,broadcast:/model/layers.7/self_attn/Expand,layers.*/self_attn,/model/layers.7/self_attn/Expand,Broadcast,broadcast:/model/layers.7/self_attn/Expand,broadcast,broadcast_gpu_ref,,performance,gtpin_total_execution_cycles,4005622,cycles,1,1024,4005622
n1_i0,0,1,0,n1_i0::primitive::broadcast:/model/layers.7/self_attn/Expand_1,n1_i0::op::/model/layers.7/self_attn/Expand_1,primitive,broadcast:/model/layers.7/self_attn/Expand_1,layers.*/self_attn,/model/layers.7/self_attn/Expand_1,Broadcast,broadcast:/model/layers.7/self_attn/Expand_1,broadcast,broadcast_gpu_ref,,performance,gtpin_total_execution_cycles,6578704,cycles,1,1024,6578704
n1_i0,0,1,0,n1_i0::primitive::broadcast:/model/layers.8/self_attn/Expand,n1_i0::op::/model/layers.8/self_attn/Expand,primitive,broadcast:/model/layers.8/self_attn/Expand,layers.*/self_attn,/model/layers.8/self_attn/Expand,Broadcast,broadcast:/model/layers.8/self_attn/Expand,broadcast,broadcast_gpu_ref,,performance,gtpin_total_execution_cycles,4132888,cycles,1,1024,4132888
n1_i0,0,1,0,n1_i0::primitive::broadcast:/model/layers.8/self_attn/Expand_1,n1_i0::op::/model/layers.8/self_attn/Expand_1,primitive,broadcast:/model/layers.8/self_attn/Expand_1,layers.*/self_attn,/model/layers.8/self_attn/Expand_1,Broadcast,broadcast:/model/layers.8/self_attn/Expand_1,broadcast,broadcast_gpu_ref,,performance,gtpin_total_execution_cycles,4089202,cycles,1,1024,4089202
n1_i0,0,1,0,n1_i0::primitive::broadcast:/model/layers.9/self_attn/Expand,n1_i0::op::/model/layers.9/self_attn/Expand,primitive,broadcast:/model/layers.9/self_attn/Expand,layers.*/self_attn,/model/layers.9/self_attn/Expand,Broadcast,broadcast:/model/layers.9/self_attn/Expand,broadcast,broadcast_gpu_ref,,performance,gtpin_total_execution_cycles,6748304,cycles,1,1024,6748304
n1_i0,0,1,0,n1_i0::primitive::broadcast:/model/layers.9/self_attn/Expand_1,n1_i0::op::/model/layers.9/self_attn/Expand_1,primitive,broadcast:/model/layers.9/self_attn/Expand_1,layers.*/self_attn,/model/layers.9/self_attn/Expand_1,Broadcast,broadcast:/model/layers.9/self_attn/Expand_1,broadcast,broadcast_gpu_ref,,performance,gtpin_total_execution_cycles,4064454,cycles,1,1024,4064454
n1_i0,0,1,0,n1_i0::primitive::concat:/model/rotary_emb/Concat_1,n1_i0::op::/model/rotary_emb/Concat_1,primitive,concat:/model/rotary_emb/Concat_1,rotary_emb,/model/rotary_emb/Concat_1,Concat,concat:/model/rotary_emb/Concat_1,concatenation,concatenation_gpu_simple_ref,,performance,gtpin_total_execution_cycles,167458,cycles,2,32,167458
n1_i0,0,1,0,n1_i0::primitive::convert:/model/layers.0/self_attn/Unsqueeze_6_restore_precision_0,n1_i0::op::/model/layers.0/self_attn/Unsqueeze_6_restore_precision_0,primitive,convert:/model/layers.0/self_attn/Unsqueeze_6_restore_precision_0,layers.*/self_attn,/model/layers.0/self_attn/Unsqueeze_6_restore_precision_0,Convert,convert:/model/layers.0/self_attn/Unsqueeze_6_restore_precision_0,reorder,reorder_data,,performance,gtpin_total_execution_cycles,75332,cycles,1,32,75332
n1_i0,0,1,0,n1_i0::primitive::convert:/model/layers.0/self_attn/Unsqueeze_7_restore_precision_1,n1_i0::op::/model/layers.0/self_attn/Unsqueeze_7_restore_precision_1,primitive,convert:/model/layers.0/self_attn/Unsqueeze_7_restore_precision_1,layers.*/self_attn,/model/layers.0/self_attn/Unsqueeze_7_restore_precision_1,Convert,convert:/model/layers.0/self_attn/Unsqueeze_7_restore_precision_1,reorder,reorder_data,,performance,gtpin_total_execution_cycles,79560,cycles,1,32,79560
n1_i0,0,1,0,n1_i0::primitive::convert:/model/rotary_emb/MatMul_increase_precision_1,n1_i0::op::/model/rotary_emb/MatMul_increase_precision_1,primitive,convert:/model/rotary_emb/MatMul_increase_precision_1,rotary_emb,/model/rotary_emb/MatMul_increase_precision_1,Convert,convert:/model/rotary_emb/MatMul_increase_precision_1,reorder,reorder_data,,performance,gtpin_total_execution_cycles,3697,cycles,1,1,3697
n1_i0,0,1,0,n1_i0::primitive::convert:Convert_90811,n1_i0::op::Convert_90811,primitive,convert:Convert_90811,(root),Convert_90811,Convert,convert:Convert_90811,reorder,reorder_data,,performance,gtpin_total_execution_cycles,7158,cycles,1,1,7158
n1_i0,0,1,0,n1_i0::primitive::convert:Convert_90813,n1_i0::op::Convert_90813,primitive,convert:Convert_90813,(root),Convert_90813,Convert,convert:Convert_90813,reorder,reorder_data,,performance,gtpin_total_execution_cycles,6921,cycles,1,1,6921
n1_i0,0,1,0,n1_i0::primitive::convert:Convert_90873,n1_i0::op::Convert_90873,primitive,convert:Convert_90873,(root),Convert_90873,Convert,convert:Convert_90873,reorder,reorder_data,,performance,gtpin_total_execution_cycles,5870,cycles,1,1,5870
n1_i0,0,1,0,n1_i0::primitive::cos:/model/rotary_emb/Cos,n1_i0::op::/model/rotary_emb/Cos,primitive,cos:/model/rotary_emb/Cos,rotary_emb,/model/rotary_emb/Cos,Cos,cos:/model/rotary_emb/Cos,activation,activation_ref,,performance,gtpin_total_execution_cycles,135594,cycles,1,32,135594
n1_i0,0,1,0,n1_i0::primitive::fullyconnected:/model/layers.0/mlp/down_proj/MatMul,n1_i0::op::/model/layers.0/mlp/down_proj/MatMul,primitive,fullyconnected:/model/layers.0/mlp/down_proj/MatMul,layers.*/mlp,/model/layers.0/mlp/down_proj/MatMul,FullyConnected,fullyconnected:/model/layers.0/mlp/down_proj/MatMul,fully_connected,fully_connected_gpu_bf_tiled,,performance,gtpin_total_execution_cycles,113777904,cycles,1,128,113777904
n1_i0,0,1,0,n1_i0::primitive::fullyconnected:/model/layers.0/mlp/gate_proj/MatMul,n1_i0::op::/model/layers.0/mlp/gate_proj/MatMul,primitive,fullyconnected:/model/layers.0/mlp/gate_proj/MatMul,layers.*/mlp,/model/layers.0/mlp/gate_proj/MatMul,FullyConnected,fullyconnected:/model/layers.0/mlp/gate_proj/MatMul,fully_connected,fully_connected_gpu_bf_tiled,,performance,gtpin_total_execution_cycles,330269230,cycles,1,352,330269230
n1_i0,0,1,0,n1_i0::primitive::fullyconnected:/model/layers.0/mlp/up_proj/MatMul,n1_i0::op::/model/layers.0/mlp/up_proj/MatMul,primitive,fullyconnected:/model/layers.0/mlp/up_proj/MatMul,layers.*/mlp,/model/layers.0/mlp/up_proj/MatMul,FullyConnected,fullyconnected:/model/layers.0/mlp/up_proj/MatMul,fully_connected,fully_connected_gpu_bf_tiled,,performance,gtpin_total_execution_cycles,301743042,cycles,1,352,301743042
n1_i0,0,1,0,n1_i0::primitive::fullyconnected:/model/layers.0/self_attn/k_proj/MatMul,n1_i0::op::/model/layers.0/self_attn/k_proj/MatMul,primitive,fullyconnected:/model/layers.0/self_attn/k_proj/MatMul,layers.*/self_attn,/model/layers.0/self_attn/k_proj/MatMul,FullyConnected,fullyconnected:/model/layers.0/self_attn/k_proj/MatMul,fully_connected,fully_connected_gpu_bf_tiled,,performance,gtpin_total_execution_cycles,3924834,cycles,1,8,3924834
n1_i0,0,1,0,n1_i0::primitive::fullyconnected:/model/layers.0/self_attn/o_proj/MatMul,n1_i0::op::/model/layers.0/self_attn/o_proj/MatMul,primitive,fullyconnected:/model/layers.0/self_attn/o_proj/MatMul,layers.*/self_attn,/model/layers.0/self_attn/o_proj/MatMul,FullyConnected,fullyconnected:/model/layers.0/self_attn/o_proj/MatMul,fully_connected,fully_connected_gpu_bf_tiled,,performance,gtpin_total_execution_cycles,43420844,cycles,1,128,43420844
n1_i0,0,1,0,n1_i0::primitive::fullyconnected:/model/layers.0/self_attn/q_proj/MatMul,n1_i0::op::/model/layers.0/self_attn/q_proj/MatMul,primitive,fullyconnected:/model/layers.0/self_attn/q_proj/MatMul,layers.*/self_attn,/model/layers.0/self_attn/q_proj/MatMul,FullyConnected,fullyconnected:/model/layers.0/self_attn/q_proj/MatMul,fully_connected,fully_connected_gpu_bf_tiled,,performance,gtpin_total_execution_cycles,40562310,cycles,1,128,40562310
n1_i0,0,1,0,n1_i0::primitive::fullyconnected:/model/layers.0/self_attn/v_proj/MatMul,n1_i0::op::/model/layers.0/self_attn/v_proj/MatMul,primitive,fullyconnected:/model/layers.0/self_attn/v_proj/MatMul,layers.*/self_attn,/model/layers.0/self_attn/v_proj/MatMul,FullyConnected,fullyconnected:/model/layers.0/self_attn/v_proj/MatMul,fully_connected,fully_connected_gpu_bf_tiled,,performance,gtpin_total_execution_cycles,5535488,cycles,1,16,5535488
n1_i0,0,1,0,n1_i0::primitive::fullyconnected:/model/layers.1/mlp/down_proj/MatMul,n1_i0::op::/model/layers.1/mlp/down_proj/MatMul,primitive,fullyconnected:/model/layers.1/mlp/down_proj/MatMul,layers.*/mlp,/model/layers.1/mlp/down_proj/MatMul,FullyConnected,fullyconnected:/model/layers.1/mlp/down_proj/MatMul,fully_connected,fully_connected_gpu_bf_tiled,,performance,gtpin_total_execution_cycles,110057130,cycles,1,128,110057130
n1_i0,0,1,0,n1_i0::primitive::fullyconnected:/model/layers.1/mlp/gate_proj/MatMul,n1_i0::op::/model/layers.1/mlp/gate_proj/MatMul,primitive,fullyconnected:/model/layers.1/mlp/gate_proj/MatMul,layers.*/mlp,/model/layers.1/mlp/gate_proj/MatMul,FullyConnected,fullyconnected:/model/layers.1/mlp/gate_proj/MatMul,fully_connected,fully_connected_gpu_bf_tiled,,performance,gtpin_total_execution_cycles,315239154,cycles,1,352,315239154
n1_i0,0,1,0,n1_i0::primitive::fullyconnected:/model/layers.1/mlp/up_proj/MatMul,n1_i0::op::/model/layers.1/mlp/up_proj/MatMul,primitive,fullyconnected:/model/layers.1/mlp/up_proj/MatMul,layers.*/mlp,/model/layers.1/mlp/up_proj/MatMul,FullyConnected,fullyconnected:/model/layers.1/mlp/up_proj/MatMul,fully_connected,fully_connected_gpu_bf_tiled,,performance,gtpin_total_execution_cycles,325055316,cycles,1,352,325055316
n1_i0,0,1,0,n1_i0::primitive::fullyconnected:/model/layers.1/self_attn/k_proj/MatMul,n1_i0::op::/model/layers.1/self_attn/k_proj/MatMul,primitive,fullyconnected:/model/layers.1/self_attn/k_proj/MatMul,layers.*/self_attn,/model/layers.1/self_attn/k_proj/MatMul,FullyConnected,fullyconnected:/model/layers.1/self_attn/k_proj/MatMul,fully_connected,fully_connected_gpu_bf_tiled,,performance,gtpin_total_execution_cycles,3943678,cycles,1,8,3943678
n1_i0,0,1,0,n1_i0::primitive::fullyconnected:/model/layers.1/self_attn/o_proj/MatMul,n1_i0::op::/model/layers.1/self_attn/o_proj/MatMul,primitive,fullyconnected:/model/layers.1/self_attn/o_proj/MatMul,layers.*/self_attn,/model/layers.1/self_attn/o_proj/MatMul,FullyConnected,fullyconnected:/model/layers.1/self_attn/o_proj/MatMul,fully_connected,fully_connected_gpu_bf_tiled,,performance,gtpin_total_execution_cycles,43768164,cycles,1,128,43768164
n1_i0,0,1,0,n1_i0::primitive::fullyconnected:/model/layers.1/self_attn/q_proj/MatMul,n1_i0::op::/model/layers.1/self_attn/q_proj/MatMul,primitive,fullyconnected:/model/layers.1/self_attn/q_proj/MatMul,layers.*/self_attn,/model/layers.1/self_attn/q_proj/MatMul,FullyConnected,fullyconnected:/model/layers.1/self_attn/q_proj/MatMul,fully_connected,fully_connected_gpu_bf_tiled,,performance,gtpin_total_execution_cycles,41261942,cycles,1,128,41261942
n1_i0,0,1,0,n1_i0::primitive::fullyconnected:/model/layers.1/self_attn/v_proj/MatMul,n1_i0::op::/model/layers.1/self_attn/v_proj/MatMul,primitive,fullyconnected:/model/layers.1/self_attn/v_proj/MatMul,layers.*/self_attn,/model/layers.1/self_attn/v_proj/MatMul,FullyConnected,fullyconnected:/model/layers.1/self_attn/v_proj/MatMul,fully_connected,fully_connected_gpu_bf_tiled,,performance,gtpin_total_execution_cycles,3893368,cycles,1,8,3893368
n1_i0,0,1,0,n1_i0::primitive::fullyconnected:/model/layers.10/mlp/down_proj/MatMul,n1_i0::op::/model/layers.10/mlp/down_proj/MatMul,primitive,fullyconnected:/model/layers.10/mlp/down_proj/MatMul,layers.*/mlp,/model/layers.10/mlp/down_proj/MatMul,FullyConnected,fullyconnected:/model/layers.10/mlp/down_proj/MatMul,fully_connected,fully_connected_gpu_bf_tiled,,performance,gtpin_total_execution_cycles,108927702,cycles,1,128,108927702
n1_i0,0,1,0,n1_i0::primitive::fullyconnected:/model/layers.10/mlp/gate_proj/MatMul,n1_i0::op::/model/layers.10/mlp/gate_proj/MatMul,primitive,fullyconnected:/model/layers.10/mlp/gate_proj/MatMul,layers.*/mlp,/model/layers.10/mlp/gate_proj/MatMul,FullyConnected,fullyconnected:/model/layers.10/mlp/gate_proj/MatMul,fully_connected,fully_connected_gpu_bf_tiled,,performance,gtpin_total_execution_cycles,144855688,cycles,1,176,144855688
n1_i0,0,1,0,n1_i0::primitive::fullyconnected:/model/layers.10/mlp/up_proj/MatMul,n1_i0::op::/model/layers.10/mlp/up_proj/MatMul,primitive,fullyconnected:/model/layers.10/mlp/up_proj/MatMul,layers.*/mlp,/model/layers.10/mlp/up_proj/MatMul,FullyConnected,fullyconnected:/model/layers.10/mlp/up_proj/MatMul,fully_connected,fully_connected_gpu_bf_tiled,,performance,gtpin_total_execution_cycles,136684136,cycles,1,176,136684136
n1_i0,0,1,0,n1_i0::primitive::fullyconnected:/model/layers.10/self_attn/k_proj/MatMul,n1_i0::op::/model/layers.10/self_attn/k_proj/MatMul,primitive,fullyconnected:/model/layers.10/self_attn/k_proj/MatMul,layers.*/self_attn,/model/layers.10/self_attn/k_proj/MatMul,FullyConnected,fullyconnected:/model/layers.10/self_attn/k_proj/MatMul,fully_connected,fully_connected_gpu_bf_tiled,,performance,gtpin_total_execution_cycles,3722422,cycles,1,8,3722422
n1_i0,0,1,0,n1_i0::primitive::fullyconnected:/model/layers.10/self_attn/o_proj/MatMul,n1_i0::op::/model/layers.10/self_attn/o_proj/MatMul,primitive,fullyconnected:/model/layers.10/self_attn/o_proj/MatMul,layers.*/self_attn,/model/layers.10/self_attn/o_proj/MatMul,FullyConnected,fullyconnected:/model/layers.10/self_attn/o_proj/MatMul,fully_connected,fully_connected_gpu_bf_tiled,,performance,gtpin_total_execution_cycles,30112580,cycles,1,64,30112580
n1_i0,0,1,0,n1_i0::primitive::fullyconnected:/model/layers.10/self_attn/q_proj/MatMul,n1_i0::op::/model/layers.10/self_attn/q_proj/MatMul,primitive,fullyconnected:/model/layers.10/self_attn/q_proj/MatMul,layers.*/self_attn,/model/layers.10/self_attn/q_proj/MatMul,FullyConnected,fullyconnected:/model/layers.10/self_attn/q_proj/MatMul,fully_connected,fully_connected_gpu_bf_tiled,,performance,gtpin_total_execution_cycles,28939942,cycles,1,64,28939942
n1_i0,0,1,0,n1_i0::primitive::fullyconnected:/model/layers.10/self_attn/v_proj/MatMul,n1_i0::op::/model/layers.10/self_attn/v_proj/MatMul,primitive,fullyconnected:/model/layers.10/self_attn/v_proj/MatMul,layers.*/self_attn,/model/layers.10/self_attn/v_proj/MatMul,FullyConnected,fullyconnected:/model/layers.10/self_attn/v_proj/MatMul,fully_connected,fully_connected_gpu_bf_tiled,,performance,gtpin_total_execution_cycles,3539730,cycles,1,8,3539730
n1_i0,0,1,0,n1_i0::primitive::fullyconnected:/model/layers.11/mlp/down_proj/MatMul,n1_i0::op::/model/layers.11/mlp/down_proj/MatMul,primitive,fullyconnected:/model/layers.11/mlp/down_proj/MatMul,layers.*/mlp,/model/layers.11/mlp/down_proj/MatMul,FullyConnected,fullyconnected:/model/layers.11/mlp/down_proj/MatMul,fully_connected,fully_connected_gpu_bf_tiled,,performance,gtpin_total_execution_cycles,83341160,cycles,1,64,83341160
n1_i0,0,1,0,n1_i0::primitive::fullyconnected:/model/layers.11/mlp/gate_proj/MatMul,n1_i0::op::/model/layers.11/mlp/gate_proj/MatMul,primitive,fullyconnected:/model/layers.11/mlp/gate_proj/MatMul,layers.*/mlp,/model/layers.11/mlp/gate_proj/MatMul,FullyConnected,fullyconnected:/model/layers.11/mlp/gate_proj/MatMul,fully_connected,fully_connected_gpu_bf_tiled,,performance,gtpin_total_execution_cycles,154445320,cycles,1,176,154445320
n1_i0,0,1,0,n1_i0::primitive::fullyconnected:/model/layers.11/mlp/up_proj/MatMul,n1_i0::op::/model/layers.11/mlp/up_proj/MatMul,primitive,fullyconnected:/model/layers.11/mlp/up_proj/MatMul,layers.*/mlp,/model/layers.11/mlp/up_proj/MatMul,FullyConnected,fullyconnected:/model/layers.11/mlp/up_proj/MatMul,fully_connected,fully_connected_gpu_bf_tiled,,performance,gtpin_total_execution_cycles,164778506,cycles,1,176,164778506
n1_i0,0,1,0,n1_i0::primitive::fullyconnected:/model/layers.11/self_attn/k_proj/MatMul,n1_i0::op::/model/layers.11/self_attn/k_proj/MatMul,primitive,fullyconnected:/model/layers.11/self_attn/k_proj/MatMul,layers.*/self_attn,/model/layers.11/self_attn/k_proj/MatMul,FullyConnected,fullyconnected:/model/layers.11/self_attn/k_proj/MatMul,fully_connected,fully_connected_gpu_bf_tiled,,performance,gtpin_total_execution_cycles,3779832,cycles,1,8,3779832
n1_i0,0,1,0,n1_i0::primitive::fullyconnected:/model/layers.11/self_attn/o_proj/MatMul,n1_i0::op::/model/layers.11/self_attn/o_proj/MatMul,primitive,fullyconnected:/model/layers.11/self_attn/o_proj/MatMul,layers.*/self_attn,/model/layers.11/self_attn/o_proj/MatMul,FullyConnected,fullyconnected:/model/layers.11/self_attn/o_proj/MatMul,fully_connected,fully_connected_gpu_bf_tiled,,performance,gtpin_total_execution_cycles,35524476,cycles,1,64,35524476
n1_i0,0,1,0,n1_i0::primitive::fullyconnected:/model/layers.11/self_attn/q_proj/MatMul,n1_i0::op::/model/layers.11/self_attn/q_proj/MatMul,primitive,fullyconnected:/model/layers.11/self_attn/q_proj/MatMul,layers.*/self_attn,/model/layers.11/self_attn/q_proj/MatMul,FullyConnected,fullyconnected:/model/layers.11/self_attn/q_proj/MatMul,fully_connected,fully_connected_gpu_bf_tiled,,performance,gtpin_total_execution_cycles,29090892,cycles,1,64,29090892
n1_i0,0,1,0,n1_i0::primitive::fullyconnected:/model/layers.11/self_attn/v_proj/MatMul,n1_i0::op::/model/layers.11/self_attn/v_proj/MatMul,primitive,fullyconnected:/model/layers.11/self_attn/v_proj/MatMul,layers.*/self_attn,/model/layers.11/self_attn/v_proj/MatMul,FullyConnected,fullyconnected:/model/layers.11/self_attn/v_proj/MatMul,fully_connected,fully_connected_gpu_bf_tiled,,performance,gtpin_total_execution_cycles,3547536,cycles,1,8,3547536
n1_i0,0,1,0,n1_i0::primitive::fullyconnected:/model/layers.12/mlp/down_proj/MatMul,n1_i0::op::/model/layers.12/mlp/down_proj/MatMul,primitive,fullyconnected:/model/layers.12/mlp/down_proj/MatMul,layers.*/mlp,/model/layers.12/mlp/down_proj/MatMul,FullyConnected,fullyconnected:/model/layers.12/mlp/down_proj/MatMul,fully_connected,fully_connected_gpu_bf_tiled,,performance,gtpin_total_execution_cycles,80069288,cycles,1,64,80069288
n1_i0,0,1,0,n1_i0::primitive::fullyconnected:/model/layers.12/mlp/gate_proj/MatMul,n1_i0::op::/model/layers.12/mlp/gate_proj/MatMul,primitive,fullyconnected:/model/layers.12/mlp/gate_proj/MatMul,layers.*/mlp,/model/layers.12/mlp/gate_proj/MatMul,FullyConnected,fullyconnected:/model/layers.12/mlp/gate_proj/MatMul,fully_connected,fully_connected_gpu_bf_tiled,,performance,gtpin_total_execution_cycles,135128680,cycles,1,176,135128680
n1_i0,0,1,0,n1_i0::primitive::fullyconnected:/model/layers.12/mlp/up_proj/MatMul,n1_i0::op::/model/layers.12/mlp/up_proj/MatMul,primitive,fullyconnected:/model/layers.12/mlp/up_proj/MatMul,layers.*/mlp,/model/layers.12/mlp/up_proj/MatMul,FullyConnected,fullyconnected:/model/layers.12/mlp/up_proj/MatMul,fully_connected,fully_connected_gpu_bf_tiled,,performance,gtpin_total_execution_cycles,131457352,cycles,1,176,131457352
n1_i0,0,1,0,n1_i0::primitive::fullyconnected:/model/layers.12/self_attn/k_proj/MatMul,n1_i0::op::/model/layers.12/self_attn/k_proj/MatMul,primitive,fullyconnected:/model/layers.12/self_attn/k_proj/MatMul,layers.*/self_attn,/model/layers.12/self_attn/k_proj/MatMul,FullyConnected,fullyconnected:/model/layers.12/self_attn/k_proj/MatMul,fully_connected,fully_connected_gpu_bf_tiled,,performance,gtpin_total_execution_cycles,3818276,cycles,1,8,3818276
n1_i0,0,1,0,n1_i0::primitive::fullyconnected:/model/layers.12/self_attn/o_proj/MatMul,n1_i0::op::/model/layers.12/self_attn/o_proj/MatMul,primitive,fullyconnected:/model/layers.12/self_attn/o_proj/MatMul,layers.*/self_attn,/model/layers.12/self_attn/o_proj/MatMul,FullyConnected,fullyconnected:/model/layers.12/self_attn/o_proj/MatMul,fully_connected,fully_connected_gpu_bf_tiled,,performance,gtpin_total_execution_cycles,29415982,cycles,1,64,29415982
n1_i0,0,1,0,n1_i0::primitive::fullyconnected:/model/layers.12/self_attn/q_proj/MatMul,n1_i0::op::/model/layers.12/self_attn/q_proj/MatMul,primitive,fullyconnected:/model/layers.12/self_attn/q_proj/MatMul,layers.*/self_attn,/model/layers.12/self_attn/q_proj/MatMul,FullyConnected,fullyconnected:/model/layers.12/self_attn/q_proj/MatMul,fully_connected,fully_connected_gpu_bf_tiled,,performance,gtpin_total_execution_cycles,29587634,cycles,1,64,29587634
n1_i0,0,1,0,n1_i0::primitive::fullyconnected:/model/layers.12/self_attn/v_proj/MatMul,n1_i0::op::/model/layers.12/self_attn/v_proj/MatMul,primitive,fullyconnected:/model/layers.12/self_attn/v_proj/MatMul,layers.*/self_attn,/model/layers.12/self_attn/v_proj/MatMul,FullyConnected,fullyconnected:/model/layers.12/self_attn/v_proj/MatMul,fully_connected,fully_connected_gpu_bf_tiled,,performance,gtpin_total_execution_cycles,3623792,cycles,1,8,3623792
n1_i0,0,1,0,n1_i0::primitive::fullyconnected:/model/layers.13/mlp/down_proj/MatMul,n1_i0::op::/model/layers.13/mlp/down_proj/MatMul,primitive,fullyconnected:/model/layers.13/mlp/down_proj/MatMul,layers.*/mlp,/model/layers.13/mlp/down_proj/MatMul,FullyConnected,fullyconnected:/model/layers.13/mlp/down_proj/MatMul,fully_connected,fully_connected_gpu_bf_tiled,,performance,gtpin_total_execution_cycles,82413858,cycles,1,64,82413858
n1_i0,0,1,0,n1_i0::primitive::fullyconnected:/model/layers.13/mlp/gate_proj/MatMul,n1_i0::op::/model/layers.13/mlp/gate_proj/MatMul,primitive,fullyconnected:/model/layers.13/mlp/gate_proj/MatMul,layers.*/mlp,/model/layers.13/mlp/gate_proj/MatMul,FullyConnected,fullyconnected:/model/layers.13/mlp/gate_proj/MatMul,fully_connected,fully_connected_gpu_bf_tiled,,performance,gtpin_total_execution_cycles,139046504,cycles,1,176,139046504
n1_i0,0,1,0,n1_i0::primitive::fullyconnected:/model/layers.13/mlp/up_proj/MatMul,n1_i0::op::/model/layers.13/mlp/up_proj/MatMul,primitive,fullyconnected:/model/layers.13/mlp/up_proj/MatMul,layers.*/mlp,/model/layers.13/mlp/up_proj/MatMul,FullyConnected,fullyconnected:/model/layers.13/mlp/up_proj/MatMul,fully_connected,fully_connected_gpu_bf_tiled,,performance,gtpin_total_execution_cycles,108056280,cycles,1,176,108056280
n1_i0,0,1,0,n1_i0::primitive::fullyconnected:/model/layers.13/self_attn/k_proj/MatMul,n1_i0::op::/model/layers.13/self_attn/k_proj/MatMul,primitive,fullyconnected:/model/layers.13/self_attn/k_proj/MatMul,layers.*/self_attn,/model/layers.13/self_attn/k_proj/MatMul,FullyConnected,fullyconnected:/model/layers.13/self_attn/k_proj/MatMul,fully_connected,fully_connected_gpu_bf_tiled,,performance,gtpin_total_execution_cycles,4340550,cycles,1,8,4340550
n1_i0,0,1,0,n1_i0::primitive::fullyconnected:/model/layers.13/self_attn/o_proj/MatMul,n1_i0::op::/model/layers.13/self_attn/o_proj/MatMul,primitive,fullyconnected:/model/layers.13/self_attn/o_proj/MatMul,layers.*/self_attn,/model/layers.13/self_attn/o_proj/MatMul,FullyConnected,fullyconnected:/model/layers.13/self_attn/o_proj/MatMul,fully_connected,fully_connected_gpu_bf_tiled,,performance,gtpin_total_execution_cycles,29447420,cycles,1,64,29447420
n1_i0,0,1,0,n1_i0::primitive::fullyconnected:/model/layers.13/self_attn/q_proj/MatMul,n1_i0::op::/model/layers.13/self_attn/q_proj/MatMul,primitive,fullyconnected:/model/layers.13/self_attn/q_proj/MatMul,layers.*/self_attn,/model/layers.13/self_attn/q_proj/MatMul,FullyConnected,fullyconnected:/model/layers.13/self_attn/q_proj/MatMul,fully_connected,fully_connected_gpu_bf_tiled,,performance,gtpin_total_execution_cycles,33547386,cycles,1,64,33547386
n1_i0,0,1,0,n1_i0::primitive::fullyconnected:/model/layers.13/self_attn/v_proj/MatMul,n1_i0::op::/model/layers.13/self_attn/v_proj/MatMul,primitive,fullyconnected:/model/layers.13/self_attn/v_proj/MatMul,layers.*/self_attn,/model/layers.13/self_attn/v_proj/MatMul,FullyConnected,fullyconnected:/model/layers.13/self_attn/v_proj/MatMul,fully_connected,fully_connected_gpu_bf_tiled,,performance,gtpin_total_execution_cycles,4089486,cycles,1,8,4089486
n1_i0,0,1,0,n1_i0::primitive::fullyconnected:/model/layers.14/mlp/down_proj/MatMul,n1_i0::op::/model/layers.14/mlp/down_proj/MatMul,primitive,fullyconnected:/model/layers.14/mlp/down_proj/MatMul,layers.*/mlp,/model/layers.14/mlp/down_proj/MatMul,FullyConnected,fullyconnected:/model/layers.14/mlp/down_proj/MatMul,fully_connected,fully_connected_gpu_bf_tiled,,performance,gtpin_total_execution_cycles,79171918,cycles,1,64,79171918
n1_i0,0,1,0,n1_i0::primitive::fullyconnected:/model/layers.14/mlp/gate_proj/MatMul,n1_i0::op::/model/layers.14/mlp/gate_proj/MatMul,primitive,fullyconnected:/model/layers.14/mlp/gate_proj/MatMul,layers.*/mlp,/model/layers.14/mlp/gate_proj/MatMul,FullyConnected,fullyconnected:/model/layers.14/mlp/gate_proj/MatMul,fully_connected,fully_connected_gpu_bf_tiled,,performance,gtpin_total_execution_cycles,137632856,cycles,1,176,137632856
n1_i0,0,1,0,n1_i0::primitive::fullyconnected:/model/layers.14/mlp/up_proj/MatMul,n1_i0::op::/model/layers.14/mlp/up_proj/MatMul,primitive,fullyconnected:/model/layers.14/mlp/up_proj/MatMul,layers.*/mlp,/model/layers.14/mlp/up_proj/MatMul,FullyConnected,fullyconnected:/model/layers.14/mlp/up_proj/MatMul,fully_connected,fully_connected_gpu_bf_tiled,,performance,gtpin_total_execution_cycles,119278436,cycles,1,176,119278436
n1_i0,0,1,0,n1_i0::primitive::fullyconnected:/model/layers.14/self_attn/k_proj/MatMul,n1_i0::op::/model/layers.14/self_attn/k_proj/MatMul,primitive,fullyconnected:/model/layers.14/self_attn/k_proj/MatMul,layers.*/self_attn,/model/layers.14/self_attn/k_proj/MatMul,FullyConnected,fullyconnected:/model/layers.14/self_attn/k_proj/MatMul,fully_connected,fully_connected_gpu_bf_tiled,,performance,gtpin_total_execution_cycles,4106426,cycles,1,8,4106426
n1_i0,0,1,0,n1_i0::primitive::fullyconnected:/model/layers.14/self_attn/o_proj/MatMul,n1_i0::op::/model/layers.14/self_attn/o_proj/MatMul,primitive,fullyconnected:/model/layers.14/self_attn/o_proj/MatMul,layers.*/self_attn,/model/layers.14/self_attn/o_proj/MatMul,FullyConnected,fullyconnected:/model/layers.14/self_attn/o_proj/MatMul,fully_connected,fully_connected_gpu_bf_tiled,,performance,gtpin_total_execution_cycles,29107336,cycles,1,64,29107336
n1_i0,0,1,0,n1_i0::primitive::fullyconnected:/model/layers.14/self_attn/q_proj/MatMul,n1_i0::op::/model/layers.14/self_attn/q_proj/MatMul,primitive,fullyconnected:/model/layers.14/self_attn/q_proj/MatMul,layers.*/self_attn,/model/layers.14/self_attn/q_proj/MatMul,FullyConnected,fullyconnected:/model/layers.14/self_attn/q_proj/MatMul,fully_connected,fully_connected_gpu_bf_tiled,,performance,gtpin_total_execution_cycles,31828854,cycles,1,64,31828854
n1_i0,0,1,0,n1_i0::primitive::fullyconnected:/model/layers.14/self_attn/v_proj/MatMul,n1_i0::op::/model/layers.14/self_attn/v_proj/MatMul,primitive,fullyconnected:/model/layers.14/self_attn/v_proj/MatMul,layers.*/self_attn,/model/layers.14/self_attn/v_proj/MatMul,FullyConnected,fullyconnected:/model/layers.14/self_attn/v_proj/MatMul,fully_connected,fully_connected_gpu_bf_tiled,,performance,gtpin_total_execution_cycles,3902458,cycles,1,8,3902458
n1_i0,0,1,0,n1_i0::primitive::fullyconnected:/model/layers.15/mlp/down_proj/MatMul,n1_i0::op::/model/layers.15/mlp/down_proj/MatMul,primitive,fullyconnected:/model/layers.15/mlp/down_proj/MatMul,layers.*/mlp,/model/layers.15/mlp/down_proj/MatMul,FullyConnected,fullyconnected:/model/layers.15/mlp/down_proj/MatMul,fully_connected,fully_connected_gpu_bf_tiled,,performance,gtpin_total_execution_cycles,76796824,cycles,1,64,76796824
n1_i0,0,1,0,n1_i0::primitive::fullyconnected:/model/layers.15/mlp/gate_proj/MatMul,n1_i0::op::/model/layers.15/mlp/gate_proj/MatMul,primitive,fullyconnected:/model/layers.15/mlp/gate_proj/MatMul,layers.*/mlp,/model/layers.15/mlp/gate_proj/MatMul,FullyConnected,fullyconnected:/model/layers.15/mlp/gate_proj/MatMul,fully_connected,fully_connected_gpu_bf_tiled,,performance,gtpin_total_execution_cycles,130039562,cycles,1,176,130039562
n1_i0,0,1,0,n1_i0::primitive::fullyconnected:/model/layers.15/mlp/up_proj/MatMul,n1_i0::op::/model/layers.15/mlp/up_proj/MatMul,primitive,fullyconnected:/model/layers.15/mlp/up_proj/MatMul,layers.*/mlp,/model/layers.15/mlp/up_proj/MatMul,FullyConnected,fullyconnected:/model/layers.15/mlp/up_proj/MatMul,fully_connected,fully_connected_gpu_bf_tiled,,performance,gtpin_total_execution_cycles,122730498,cycles,1,176,122730498
n1_i0,0,1,0,n1_i0::primitive::fullyconnected:/model/layers.15/self_attn/k_proj/MatMul,n1_i0::op::/model/layers.15/self_attn/k_proj/MatMul,primitive,fullyconnected:/model/layers.15/self_attn/k_proj/MatMul,layers.*/self_attn,/model/layers.15/self_attn/k_proj/MatMul,FullyConnected,fullyconnected:/model/layers.15/self_attn/k_proj/MatMul,fully_connected,fully_connected_gpu_bf_tiled,,performance,gtpin_total_execution_cycles,3728224,cycles,1,8,3728224
n1_i0,0,1,0,n1_i0::primitive::fullyconnected:/model/layers.15/self_attn/o_proj/MatMul,n1_i0::op::/model/layers.15/self_attn/o_proj/MatMul,primitive,fullyconnected:/model/layers.15/self_attn/o_proj/MatMul,layers.*/self_attn,/model/layers.15/self_attn/o_proj/MatMul,FullyConnected,fullyconnected:/model/layers.15/self_attn/o_proj/MatMul,fully_connected,fully_connected_gpu_bf_tiled,,performance,gtpin_total_execution_cycles,28714918,cycles,1,64,28714918
n1_i0,0,1,0,n1_i0::primitive::fullyconnected:/model/layers.15/self_attn/q_proj/MatMul,n1_i0::op::/model/layers.15/self_attn/q_proj/MatMul,primitive,fullyconnected:/model/layers.15/self_attn/q_proj/MatMul,layers.*/self_attn,/model/layers.15/self_attn/q_proj/MatMul,FullyConnected,fullyconnected:/model/layers.15/self_attn/q_proj/MatMul,fully_connected,fully_connected_gpu_bf_tiled,,performance,gtpin_total_execution_cycles,28963088,cycles,1,64,28963088
n1_i0,0,1,0,n1_i0::primitive::fullyconnected:/model/layers.15/self_attn/v_proj/MatMul,n1_i0::op::/model/layers.15/self_attn/v_proj/MatMul,primitive,fullyconnected:/model/layers.15/self_attn/v_proj/MatMul,layers.*/self_attn,/model/layers.15/self_attn/v_proj/MatMul,FullyConnected,fullyconnected:/model/layers.15/self_attn/v_proj/MatMul,fully_connected,fully_connected_gpu_bf_tiled,,performance,gtpin_total_execution_cycles,3541762,cycles,1,8,3541762
n1_i0,0,1,0,n1_i0::primitive::fullyconnected:/model/layers.16/mlp/down_proj/MatMul,n1_i0::op::/model/layers.16/mlp/down_proj/MatMul,primitive,fullyconnected:/model/layers.16/mlp/down_proj/MatMul,layers.*/mlp,/model/layers.16/mlp/down_proj/MatMul,FullyConnected,fullyconnected:/model/layers.16/mlp/down_proj/MatMul,fully_connected,fully_connected_gpu_bf_tiled,,performance,gtpin_total_execution_cycles,81851534,cycles,1,64,81851534
n1_i0,0,1,0,n1_i0::primitive::fullyconnected:/model/layers.16/mlp/gate_proj/MatMul,n1_i0::op::/model/layers.16/mlp/gate_proj/MatMul,primitive,fullyconnected:/model/layers.16/mlp/gate_proj/MatMul,layers.*/mlp,/model/layers.16/mlp/gate_proj/MatMul,FullyConnected,fullyconnected:/model/layers.16/mlp/gate_proj/MatMul,fully_connected,fully_connected_gpu_bf_tiled,,performance,gtpin_total_execution_cycles,140289028,cycles,1,176,140289028
n1_i0,0,1,0,n1_i0::primitive::fullyconnected:/model/layers.16/mlp/up_proj/MatMul,n1_i0::op::/model/layers.16/mlp/up_proj/MatMul,primitive,fullyconnected:/model/layers.16/mlp/up_proj/MatMul,layers.*/mlp,/model/layers.16/mlp/up_proj/MatMul,FullyConnected,fullyconnected:/model/layers.16/mlp/up_proj/MatMul,fully_connected,fully_connected_gpu_bf_tiled,,performance,gtpin_total_execution_cycles,134603166,cycles,1,176,134603166
n1_i0,0,1,0,n1_i0::primitive::fullyconnected:/model/layers.16/self_attn/k_proj/MatMul,n1_i0::op::/model/layers.16/self_attn/k_proj/MatMul,primitive,fullyconnected:/model/layers.16/self_attn/k_proj/MatMul,layers.*/self_attn,/model/layers.16/self_attn/k_proj/MatMul,FullyConnected,fullyconnected:/model/layers.16/self_attn/k_proj/MatMul,fully_connected,fully_connected_gpu_bf_tiled,,performance,gtpin_total_execution_cycles,3666790,cycles,1,8,3666790
n1_i0,0,1,0,n1_i0::primitive::fullyconnected:/model/layers.16/self_attn/o_proj/MatMul,n1_i0::op::/model/layers.16/self_attn/o_proj/MatMul,primitive,fullyconnected:/model/layers.16/self_attn/o_proj/MatMul,layers.*/self_attn,/model/layers.16/self_attn/o_proj/MatMul,FullyConnected,fullyconnected:/model/layers.16/self_attn/o_proj/MatMul,fully_connected,fully_connected_gpu_bf_tiled,,performance,gtpin_total_execution_cycles,29183288,cycles,1,64,29183288
n1_i0,0,1,0,n1_i0::primitive::fullyconnected:/model/layers.16/self_attn/q_proj/MatMul,n1_i0::op::/model/layers.16/self_attn/q_proj/MatMul,primitive,fullyconnected:/model/layers.16/self_attn/q_proj/MatMul,layers.*/self_attn,/model/layers.16/self_attn/q_proj/MatMul,FullyConnected,fullyconnected:/model/layers.16/self_attn/q_proj/MatMul,fully_connected,fully_connected_gpu_bf_tiled,,performance,gtpin_total_execution_cycles,28559418,cycles,1,64,28559418
n1_i0,0,1,0,n1_i0::primitive::fullyconnected:/model/layers.16/self_attn/v_proj/MatMul,n1_i0::op::/model/layers.16/self_attn/v_proj/MatMul,primitive,fullyconnected:/model/layers.16/self_attn/v_proj/MatMul,layers.*/self_attn,/model/layers.16/self_attn/v_proj/MatMul,FullyConnected,fullyconnected:/model/layers.16/self_attn/v_proj/MatMul,fully_connected,fully_connected_gpu_bf_tiled,,performance,gtpin_total_execution_cycles,3486278,cycles,1,8,3486278
n1_i0,0,1,0,n1_i0::primitive::fullyconnected:/model/layers.17/mlp/down_proj/MatMul,n1_i0::op::/model/layers.17/mlp/down_proj/MatMul,primitive,fullyconnected:/model/layers.17/mlp/down_proj/MatMul,layers.*/mlp,/model/layers.17/mlp/down_proj/MatMul,FullyConnected,fullyconnected:/model/layers.17/mlp/down_proj/MatMul,fully_connected,fully_connected_gpu_bf_tiled,,performance,gtpin_total_execution_cycles,79714630,cycles,1,64,79714630
n1_i0,0,1,0,n1_i0::primitive::fullyconnected:/model/layers.17/mlp/gate_proj/MatMul,n1_i0::op::/model/layers.17/mlp/gate_proj/MatMul,primitive,fullyconnected:/model/layers.17/mlp/gate_proj/MatMul,layers.*/mlp,/model/layers.17/mlp/gate_proj/MatMul,FullyConnected,fullyconnected:/model/layers.17/mlp/gate_proj/MatMul,fully_connected,fully_connected_gpu_bf_tiled,,performance,gtpin_total_execution_cycles,123248244,cycles,1,176,123248244
n1_i0,0,1,0,n1_i0::primitive::fullyconnected:/model/layers.17/mlp/up_proj/MatMul,n1_i0::op::/model/layers.17/mlp/up_proj/MatMul,primitive,fullyconnected:/model/layers.17/mlp/up_proj/MatMul,layers.*/mlp,/model/layers.17/mlp/up_proj/MatMul,FullyConnected,fullyconnected:/model/layers.17/mlp/up_proj/MatMul,fully_connected,fully_connected_gpu_bf_tiled,,performance,gtpin_total_execution_cycles,125069896,cycles,1,176,125069896
n1_i0,0,1,0,n1_i0::primitive::fullyconnected:/model/layers.17/self_attn/k_proj/MatMul,n1_i0::op::/model/layers.17/self_attn/k_proj/MatMul,primitive,fullyconnected:/model/layers.17/self_attn/k_proj/MatMul,layers.*/self_attn,/model/layers.17/self_attn/k_proj/MatMul,FullyConnected,fullyconnected:/model/layers.17/self_attn/k_proj/MatMul,fully_connected,fully_connected_gpu_bf_tiled,,performance,gtpin_total_execution_cycles,3873902,cycles,1,8,3873902
n1_i0,0,1,0,n1_i0::primitive::fullyconnected:/model/layers.17/self_attn/o_proj/MatMul,n1_i0::op::/model/layers.17/self_attn/o_proj/MatMul,primitive,fullyconnected:/model/layers.17/self_attn/o_proj/MatMul,layers.*/self_attn,/model/layers.17/self_attn/o_proj/MatMul,FullyConnected,fullyconnected:/model/layers.17/self_attn/o_proj/MatMul,fully_connected,fully_connected_gpu_bf_tiled,,performance,gtpin_total_execution_cycles,29825476,cycles,1,64,29825476
n1_i0,0,1,0,n1_i0::primitive::fullyconnected:/model/layers.17/self_attn/q_proj/MatMul,n1_i0::op::/model/layers.17/self_attn/q_proj/MatMul,primitive,fullyconnected:/model/layers.17/self_attn/q_proj/MatMul,layers.*/self_attn,/model/layers.17/self_attn/q_proj/MatMul,FullyConnected,fullyconnected:/model/layers.17/self_attn/q_proj/MatMul,fully_connected,fully_connected_gpu_bf_tiled,,performance,gtpin_total_execution_cycles,30090404,cycles,1,64,30090404
n1_i0,0,1,0,n1_i0::primitive::fullyconnected:/model/layers.17/self_attn/v_proj/MatMul,n1_i0::op::/model/layers.17/self_attn/v_proj/MatMul,primitive,fullyconnected:/model/layers.17/self_attn/v_proj/MatMul,layers.*/self_attn,/model/layers.17/self_attn/v_proj/MatMul,FullyConnected,fullyconnected:/model/layers.17/self_attn/v_proj/MatMul,fully_connected,fully_connected_gpu_bf_tiled,,performance,gtpin_total_execution_cycles,3674972,cycles,1,8,3674972
n1_i0,0,1,0,n1_i0::primitive::fullyconnected:/model/layers.18/mlp/down_proj/MatMul,n1_i0::op::/model/layers.18/mlp/down_proj/MatMul,primitive,fullyconnected:/model/layers.18/mlp/down_proj/MatMul,layers.*/mlp,/model/layers.18/mlp/down_proj/MatMul,FullyConnected,fullyconnected:/model/layers.18/mlp/down_proj/MatMul,fully_connected,fully_connected_gpu_bf_tiled,,performance,gtpin_total_execution_cycles,82157096,cycles,1,64,82157096
n1_i0,0,1,0,n1_i0::primitive::fullyconnected:/model/layers.18/mlp/gate_proj/MatMul,n1_i0::op::/model/layers.18/mlp/gate_proj/MatMul,primitive,fullyconnected:/model/layers.18/mlp/gate_proj/MatMul,layers.*/mlp,/model/layers.18/mlp/gate_proj/MatMul,FullyConnected,fullyconnected:/model/layers.18/mlp/gate_proj/MatMul,fully_connected,fully_connected_gpu_bf_tiled,,performance,gtpin_total_execution_cycles,167205596,cycles,1,176,167205596
n1_i0,0,1,0,n1_i0::primitive::fullyconnected:/model/layers.18/mlp/up_proj/MatMul,n1_i0::op::/model/layers.18/mlp/up_proj/MatMul,primitive,fullyconnected:/model/layers.18/mlp/up_proj/MatMul,layers.*/mlp,/model/layers.18/mlp/up_proj/MatMul,FullyConnected,fullyconnected:/model/layers.18/mlp/up_proj/MatMul,fully_connected,fully_connected_gpu_bf_tiled,,performance,gtpin_total_execution_cycles,138343142,cycles,1,176,138343142
n1_i0,0,1,0,n1_i0::primitive::fullyconnected:/model/layers.18/self_attn/k_proj/MatMul,n1_i0::op::/model/layers.18/self_attn/k_proj/MatMul,primitive,fullyconnected:/model/layers.18/self_attn/k_proj/MatMul,layers.*/self_attn,/model/layers.18/self_attn/k_proj/MatMul,FullyConnected,fullyconnected:/model/layers.18/self_attn/k_proj/MatMul,fully_connected,fully_connected_gpu_bf_tiled,,performance,gtpin_total_execution_cycles,3804430,cycles,1,8,3804430
n1_i0,0,1,0,n1_i0::primitive::fullyconnected:/model/layers.18/self_attn/o_proj/MatMul,n1_i0::op::/model/layers.18/self_attn/o_proj/MatMul,primitive,fullyconnected:/model/layers.18/self_attn/o_proj/MatMul,layers.*/self_attn,/model/layers.18/self_attn/o_proj/MatMul,FullyConnected,fullyconnected:/model/layers.18/self_attn/o_proj/MatMul,fully_connected,fully_connected_gpu_bf_tiled,,performance,gtpin_total_execution_cycles,29704578,cycles,1,64,29704578
n1_i0,0,1,0,n1_i0::primitive::fullyconnected:/model/layers.18/self_attn/q_proj/MatMul,n1_i0::op::/model/layers.18/self_attn/q_proj/MatMul,primitive,fullyconnected:/model/layers.18/self_attn/q_proj/MatMul,layers.*/self_attn,/model/layers.18/self_attn/q_proj/MatMul,FullyConnected,fullyconnected:/model/layers.18/self_attn/q_proj/MatMul,fully_connected,fully_connected_gpu_bf_tiled,,performance,gtpin_total_execution_cycles,29721532,cycles,1,64,29721532
n1_i0,0,1,0,n1_i0::primitive::fullyconnected:/model/layers.18/self_attn/v_proj/MatMul,n1_i0::op::/model/layers.18/self_attn/v_proj/MatMul,primitive,fullyconnected:/model/layers.18/self_attn/v_proj/MatMul,layers.*/self_attn,/model/layers.18/self_attn/v_proj/MatMul,FullyConnected,fullyconnected:/model/layers.18/self_attn/v_proj/MatMul,fully_connected,fully_connected_gpu_bf_tiled,,performance,gtpin_total_execution_cycles,3626772,cycles,1,8,3626772
n1_i0,0,1,0,n1_i0::primitive::fullyconnected:/model/layers.19/mlp/down_proj/MatMul,n1_i0::op::/model/layers.19/mlp/down_proj/MatMul,primitive,fullyconnected:/model/layers.19/mlp/down_proj/MatMul,layers.*/mlp,/model/layers.19/mlp/down_proj/MatMul,FullyConnected,fullyconnected:/model/layers.19/mlp/down_proj/MatMul,fully_connected,fully_connected_gpu_bf_tiled,,performance,gtpin_total_execution_cycles,78960468,cycles,1,64,78960468
n1_i0,0,1,0,n1_i0::primitive::fullyconnected:/model/layers.19/mlp/gate_proj/MatMul,n1_i0::op::/model/layers.19/mlp/gate_proj/MatMul,primitive,fullyconnected:/model/layers.19/mlp/gate_proj/MatMul,layers.*/mlp,/model/layers.19/mlp/gate_proj/MatMul,FullyConnected,fullyconnected:/model/layers.19/mlp/gate_proj/MatMul,fully_connected,fully_connected_gpu_bf_tiled,,performance,gtpin_total_execution_cycles,140160058,cycles,1,176,140160058
n1_i0,0,1,0,n1_i0::primitive::fullyconnected:/model/layers.19/mlp/up_proj/MatMul,n1_i0::op::/model/layers.19/mlp/up_proj/MatMul,primitive,fullyconnected:/model/layers.19/mlp/up_proj/MatMul,layers.*/mlp,/model/layers.19/mlp/up_proj/MatMul,FullyConnected,fullyconnected:/model/layers.19/mlp/up_proj/MatMul,fully_connected,fully_connected_gpu_bf_tiled,,performance,gtpin_total_execution_cycles,129424206,cycles,1,176,129424206
n1_i0,0,1,0,n1_i0::primitive::fullyconnected:/model/layers.19/self_attn/k_proj/MatMul,n1_i0::op::/model/layers.19/self_attn/k_proj/MatMul,primitive,fullyconnected:/model/layers.19/self_attn/k_proj/MatMul,layers.*/self_attn,/model/layers.19/self_attn/k_proj/MatMul,FullyConnected,fullyconnected:/model/layers.19/self_attn/k_proj/MatMul,fully_connected,fully_connected_gpu_bf_tiled,,performance,gtpin_total_execution_cycles,3816648,cycles,1,8,3816648
n1_i0,0,1,0,n1_i0::primitive::fullyconnected:/model/layers.19/self_attn/o_proj/MatMul,n1_i0::op::/model/layers.19/self_attn/o_proj/MatMul,primitive,fullyconnected:/model/layers.19/self_attn/o_proj/MatMul,layers.*/self_attn,/model/layers.19/self_attn/o_proj/MatMul,FullyConnected,fullyconnected:/model/layers.19/self_attn/o_proj/MatMul,fully_connected,fully_connected_gpu_bf_tiled,,performance,gtpin_total_execution_cycles,29490336,cycles,1,64,29490336
n1_i0,0,1,0,n1_i0::primitive::fullyconnected:/model/layers.19/self_attn/q_proj/MatMul,n1_i0::op::/model/layers.19/self_attn/q_proj/MatMul,primitive,fullyconnected:/model/layers.19/self_attn/q_proj/MatMul,layers.*/self_attn,/model/layers.19/self_attn/q_proj/MatMul,FullyConnected,fullyconnected:/model/layers.19/self_attn/q_proj/MatMul,fully_connected,fully_connected_gpu_bf_tiled,,performance,gtpin_total_execution_cycles,29526464,cycles,1,64,29526464
n1_i0,0,1,0,n1_i0::primitive::fullyconnected:/model/layers.19/self_attn/v_proj/MatMul,n1_i0::op::/model/layers.19/self_attn/v_proj/MatMul,primitive,fullyconnected:/model/layers.19/self_attn/v_proj/MatMul,layers.*/self_attn,/model/layers.19/self_attn/v_proj/MatMul,FullyConnected,fullyconnected:/model/layers.19/self_attn/v_proj/MatMul,fully_connected,fully_connected_gpu_bf_tiled,,performance,gtpin_total_execution_cycles,3611880,cycles,1,8,3611880
n1_i0,0,1,0,n1_i0::primitive::fullyconnected:/model/layers.2/mlp/down_proj/MatMul,n1_i0::op::/model/layers.2/mlp/down_proj/MatMul,primitive,fullyconnected:/model/layers.2/mlp/down_proj/MatMul,layers.*/mlp,/model/layers.2/mlp/down_proj/MatMul,FullyConnected,fullyconnected:/model/layers.2/mlp/down_proj/MatMul,fully_connected,fully_connected_gpu_bf_tiled,,performance,gtpin_total_execution_cycles,107231070,cycles,1,128,107231070
n1_i0,0,1,0,n1_i0::primitive::fullyconnected:/model/layers.2/mlp/gate_proj/MatMul,n1_i0::op::/model/layers.2/mlp/gate_proj/MatMul,primitive,fullyconnected:/model/layers.2/mlp/gate_proj/MatMul,layers.*/mlp,/model/layers.2/mlp/gate_proj/MatMul,FullyConnected,fullyconnected:/model/layers.2/mlp/gate_proj/MatMul,fully_connected,fully_connected_gpu_bf_tiled,,performance,gtpin_total_execution_cycles,331411048,cycles,1,352,331411048
n1_i0,0,1,0,n1_i0::primitive::fullyconnected:/model/layers.2/mlp/up_proj/MatMul,n1_i0::op::/model/layers.2/mlp/up_proj/MatMul,primitive,fullyconnected:/model/layers.2/mlp/up_proj/MatMul,layers.*/mlp,/model/layers.2/mlp/up_proj/MatMul,FullyConnected,fullyconnected:/model/layers.2/mlp/up_proj/MatMul,fully_connected,fully_connected_gpu_bf_tiled,,performance,gtpin_total_execution_cycles,286546330,cycles,1,352,286546330
n1_i0,0,1,0,n1_i0::primitive::fullyconnected:/model/layers.2/self_attn/k_proj/MatMul,n1_i0::op::/model/layers.2/self_attn/k_proj/MatMul,primitive,fullyconnected:/model/layers.2/self_attn/k_proj/MatMul,layers.*/self_attn,/model/layers.2/self_attn/k_proj/MatMul,FullyConnected,fullyconnected:/model/layers.2/self_attn/k_proj/MatMul,fully_connected,fully_connected_gpu_bf_tiled,,performance,gtpin_total_execution_cycles,3780602,cycles,1,8,3780602
n1_i0,0,1,0,n1_i0::primitive::fullyconnected:/model/layers.2/self_attn/o_proj/MatMul,n1_i0::op::/model/layers.2/self_attn/o_proj/MatMul,primitive,fullyconnected:/model/layers.2/self_attn/o_proj/MatMul,layers.*/self_attn,/model/layers.2/self_attn/o_proj/MatMul,FullyConnected,fullyconnected:/model/layers.2/self_attn/o_proj/MatMul,fully_connected,fully_connected_gpu_bf_tiled,,performance,gtpin_total_execution_cycles,42692012,cycles,1,128,42692012
n1_i0,0,1,0,n1_i0::primitive::fullyconnected:/model/layers.2/self_attn/q_proj/MatMul,n1_i0::op::/model/layers.2/self_attn/q_proj/MatMul,primitive,fullyconnected:/model/layers.2/self_attn/q_proj/MatMul,layers.*/self_attn,/model/layers.2/self_attn/q_proj/MatMul,FullyConnected,fullyconnected:/model/layers.2/self_attn/q_proj/MatMul,fully_connected,fully_connected_gpu_bf_tiled,,performance,gtpin_total_execution_cycles,29386620,cycles,1,64,29386620
n1_i0,0,1,0,n1_i0::primitive::fullyconnected:/model/layers.2/self_attn/v_proj/MatMul,n1_i0::op::/model/layers.2/self_attn/v_proj/MatMul,primitive,fullyconnected:/model/layers.2/self_attn/v_proj/MatMul,layers.*/self_attn,/model/layers.2/self_attn/v_proj/MatMul,FullyConnected,fullyconnected:/model/layers.2/self_attn/v_proj/MatMul,fully_connected,fully_connected_gpu_bf_tiled,,performance,gtpin_total_execution_cycles,3594456,cycles,1,8,3594456
n1_i0,0,1,0,n1_i0::primitive::fullyconnected:/model/layers.20/mlp/down_proj/MatMul,n1_i0::op::/model/layers.20/mlp/down_proj/MatMul,primitive,fullyconnected:/model/layers.20/mlp/down_proj/MatMul,layers.*/mlp,/model/layers.20/mlp/down_proj/MatMul,FullyConnected,fullyconnected:/model/layers.20/mlp/down_proj/MatMul,fully_connected,fully_connected_gpu_bf_tiled,,performance,gtpin_total_execution_cycles,85706214,cycles,1,64,85706214
n1_i0,0,1,0,n1_i0::primitive::fullyconnected:/model/layers.20/mlp/gate_proj/MatMul,n1_i0::op::/model/layers.20/mlp/gate_proj/MatMul,primitive,fullyconnected:/model/layers.20/mlp/gate_proj/MatMul,layers.*/mlp,/model/layers.20/mlp/gate_proj/MatMul,FullyConnected,fullyconnected:/model/layers.20/mlp/gate_proj/MatMul,fully_connected,fully_connected_gpu_bf_tiled,,performance,gtpin_total_execution_cycles,138819218,cycles,1,176,138819218
n1_i0,0,1,0,n1_i0::primitive::fullyconnected:/model/layers.20/mlp/up_proj/MatMul,n1_i0::op::/model/layers.20/mlp/up_proj/MatMul,primitive,fullyconnected:/model/layers.20/mlp/up_proj/MatMul,layers.*/mlp,/model/layers.20/mlp/up_proj/MatMul,FullyConnected,fullyconnected:/model/layers.20/mlp/up_proj/MatMul,fully_connected,fully_connected_gpu_bf_tiled,,performance,gtpin_total_execution_cycles,165470570,cycles,1,176,165470570
n1_i0,0,1,0,n1_i0::primitive::fullyconnected:/model/layers.20/self_attn/k_proj/MatMul,n1_i0::op::/model/layers.20/self_attn/k_proj/MatMul,primitive,fullyconnected:/model/layers.20/self_attn/k_proj/MatMul,layers.*/self_attn,/model/layers.20/self_attn/k_proj/MatMul,FullyConnected,fullyconnected:/model/layers.20/self_attn/k_proj/MatMul,fully_connected,fully_connected_gpu_bf_tiled,,performance,gtpin_total_execution_cycles,3795244,cycles,1,8,3795244
n1_i0,0,1,0,n1_i0::primitive::fullyconnected:/model/layers.20/self_attn/o_proj/MatMul,n1_i0::op::/model/layers.20/self_attn/o_proj/MatMul,primitive,fullyconnected:/model/layers.20/self_attn/o_proj/MatMul,layers.*/self_attn,/model/layers.20/self_attn/o_proj/MatMul,FullyConnected,fullyconnected:/model/layers.20/self_attn/o_proj/MatMul,fully_connected,fully_connected_gpu_bf_tiled,,performance,gtpin_total_execution_cycles,42549124,cycles,1,64,42549124
n1_i0,0,1,0,n1_i0::primitive::fullyconnected:/model/layers.20/self_attn/q_proj/MatMul,n1_i0::op::/model/layers.20/self_attn/q_proj/MatMul,primitive,fullyconnected:/model/layers.20/self_attn/q_proj/MatMul,layers.*/self_attn,/model/layers.20/self_attn/q_proj/MatMul,FullyConnected,fullyconnected:/model/layers.20/self_attn/q_proj/MatMul,fully_connected,fully_connected_gpu_bf_tiled,,performance,gtpin_total_execution_cycles,29450706,cycles,1,64,29450706
n1_i0,0,1,0,n1_i0::primitive::fullyconnected:/model/layers.20/self_attn/v_proj/MatMul,n1_i0::op::/model/layers.20/self_attn/v_proj/MatMul,primitive,fullyconnected:/model/layers.20/self_attn/v_proj/MatMul,layers.*/self_attn,/model/layers.20/self_attn/v_proj/MatMul,FullyConnected,fullyconnected:/model/layers.20/self_attn/v_proj/MatMul,fully_connected,fully_connected_gpu_bf_tiled,,performance,gtpin_total_execution_cycles,3588618,cycles,1,8,3588618
n1_i0,0,1,0,n1_i0::primitive::fullyconnected:/model/layers.21/mlp/down_proj/MatMul,n1_i0::op::/model/layers.21/mlp/down_proj/MatMul,primitive,fullyconnected:/model/layers.21/mlp/down_proj/MatMul,layers.*/mlp,/model/layers.21/mlp/down_proj/MatMul,FullyConnected,fullyconnected:/model/layers.21/mlp/down_proj/MatMul,fully_connected,fully_connected_gpu_bf_tiled,,performance,gtpin_total_execution_cycles,84963368,cycles,1,64,84963368
n1_i0,0,1,0,n1_i0::primitive::fullyconnected:/model/layers.21/mlp/gate_proj/MatMul,n1_i0::op::/model/layers.21/mlp/gate_proj/MatMul,primitive,fullyconnected:/model/layers.21/mlp/gate_proj/MatMul,layers.*/mlp,/model/layers.21/mlp/gate_proj/MatMul,FullyConnected,fullyconnected:/model/layers.21/mlp/gate_proj/MatMul,fully_connected,fully_connected_gpu_bf_tiled,,performance,gtpin_total_execution_cycles,160191996,cycles,1,176,160191996
n1_i0,0,1,0,n1_i0::primitive::fullyconnected:/model/layers.21/mlp/up_proj/MatMul,n1_i0::op::/model/layers.21/mlp/up_proj/MatMul,primitive,fullyconnected:/model/layers.21/mlp/up_proj/MatMul,layers.*/mlp,/model/layers.21/mlp/up_proj/MatMul,FullyConnected,fullyconnected:/model/layers.21/mlp/up_proj/MatMul,fully_connected,fully_connected_gpu_bf_tiled,,performance,gtpin_total_execution_cycles,115053014,cycles,1,176,115053014
n1_i0,0,1,0,n1_i0::primitive::fullyconnected:/model/layers.21/self_attn/k_proj/MatMul,n1_i0::op::/model/layers.21/self_attn/k_proj/MatMul,primitive,fullyconnected:/model/layers.21/self_attn/k_proj/MatMul,layers.*/self_attn,/model/layers.21/self_attn/k_proj/MatMul,FullyConnected,fullyconnected:/model/layers.21/self_attn/k_proj/MatMul,fully_connected,fully_connected_gpu_bf_tiled,,performance,gtpin_total_execution_cycles,4370020,cycles,1,8,4370020
n1_i0,0,1,0,n1_i0::primitive::fullyconnected:/model/layers.21/self_attn/o_proj/MatMul,n1_i0::op::/model/layers.21/self_attn/o_proj/MatMul,primitive,fullyconnected:/model/layers.21/self_attn/o_proj/MatMul,layers.*/self_attn,/model/layers.21/self_attn/o_proj/MatMul,FullyConnected,fullyconnected:/model/layers.21/self_attn/o_proj/MatMul,fully_connected,fully_connected_gpu_bf_tiled,,performance,gtpin_total_execution_cycles,29525714,cycles,1,64,29525714
n1_i0,0,1,0,n1_i0::primitive::fullyconnected:/model/layers.21/self_attn/q_proj/MatMul,n1_i0::op::/model/layers.21/self_attn/q_proj/MatMul,primitive,fullyconnected:/model/layers.21/self_attn/q_proj/MatMul,layers.*/self_attn,/model/layers.21/self_attn/q_proj/MatMul,FullyConnected,fullyconnected:/model/layers.21/self_attn/q_proj/MatMul,fully_connected,fully_connected_gpu_bf_tiled,,performance,gtpin_total_execution_cycles,34160308,cycles,1,64,34160308
n1_i0,0,1,0,n1_i0::primitive::fullyconnected:/model/layers.21/self_attn/v_proj/MatMul,n1_i0::op::/model/layers.21/self_attn/v_proj/MatMul,primitive,fullyconnected:/model/layers.21/self_attn/v_proj/MatMul,layers.*/self_attn,/model/layers.21/self_attn/v_proj/MatMul,FullyConnected,fullyconnected:/model/layers.21/self_attn/v_proj/MatMul,fully_connected,fully_connected_gpu_bf_tiled,,performance,gtpin_total_execution_cycles,4189852,cycles,1,8,4189852
n1_i0,0,1,0,n1_i0::primitive::fullyconnected:/model/layers.3/mlp/down_proj/MatMul,n1_i0::op::/model/layers.3/mlp/down_proj/MatMul,primitive,fullyconnected:/model/layers.3/mlp/down_proj/MatMul,layers.*/mlp,/model/layers.3/mlp/down_proj/MatMul,FullyConnected,fullyconnected:/model/layers.3/mlp/down_proj/MatMul,fully_connected,fully_connected_gpu_bf_tiled,,performance,gtpin_total_execution_cycles,105082842,cycles,1,128,105082842
n1_i0,0,1,0,n1_i0::primitive::fullyconnected:/model/layers.3/mlp/gate_proj/MatMul,n1_i0::op::/model/layers.3/mlp/gate_proj/MatMul,primitive,fullyconnected:/model/layers.3/mlp/gate_proj/MatMul,layers.*/mlp,/model/layers.3/mlp/gate_proj/MatMul,FullyConnected,fullyconnected:/model/layers.3/mlp/gate_proj/MatMul,fully_connected,fully_connected_gpu_bf_tiled,,performance,gtpin_total_execution_cycles,304258560,cycles,1,352,304258560
n1_i0,0,1,0,n1_i0::primitive::fullyconnected:/model/layers.3/mlp/up_proj/MatMul,n1_i0::op::/model/layers.3/mlp/up_proj/MatMul,primitive,fullyconnected:/model/layers.3/mlp/up_proj/MatMul,layers.*/mlp,/model/layers.3/mlp/up_proj/MatMul,FullyConnected,fullyconnected:/model/layers.3/mlp/up_proj/MatMul,fully_connected,fully_connected_gpu_bf_tiled,,performance,gtpin_total_execution_cycles,324645432,cycles,1,352,324645432
n1_i0,0,1,0,n1_i0::primitive::fullyconnected:/model/layers.3/self_attn/k_proj/MatMul,n1_i0::op::/model/layers.3/self_attn/k_proj/MatMul,primitive,fullyconnected:/model/layers.3/self_attn/k_proj/MatMul,layers.*/self_attn,/model/layers.3/self_attn/k_proj/MatMul,FullyConnected,fullyconnected:/model/layers.3/self_attn/k_proj/MatMul,fully_connected,fully_connected_gpu_bf_tiled,,performance,gtpin_total_execution_cycles,4104452,cycles,1,8,4104452
n1_i0,0,1,0,n1_i0::primitive::fullyconnected:/model/layers.3/self_attn/o_proj/MatMul,n1_i0::op::/model/layers.3/self_attn/o_proj/MatMul,primitive,fullyconnected:/model/layers.3/self_attn/o_proj/MatMul,layers.*/self_attn,/model/layers.3/self_attn/o_proj/MatMul,FullyConnected,fullyconnected:/model/layers.3/self_attn/o_proj/MatMul,fully_connected,fully_connected_gpu_bf_tiled,,performance,gtpin_total_execution_cycles,43132558,cycles,1,128,43132558
n1_i0,0,1,0,n1_i0::primitive::fullyconnected:/model/layers.3/self_attn/q_proj/MatMul,n1_i0::op::/model/layers.3/self_attn/q_proj/MatMul,primitive,fullyconnected:/model/layers.3/self_attn/q_proj/MatMul,layers.*/self_attn,/model/layers.3/self_attn/q_proj/MatMul,FullyConnected,fullyconnected:/model/layers.3/self_attn/q_proj/MatMul,fully_connected,fully_connected_gpu_bf_tiled,,performance,gtpin_total_execution_cycles,32078786,cycles,1,64,32078786
n1_i0,0,1,0,n1_i0::primitive::fullyconnected:/model/layers.3/self_attn/v_proj/MatMul,n1_i0::op::/model/layers.3/self_attn/v_proj/MatMul,primitive,fullyconnected:/model/layers.3/self_attn/v_proj/MatMul,layers.*/self_attn,/model/layers.3/self_attn/v_proj/MatMul,FullyConnected,fullyconnected:/model/layers.3/self_attn/v_proj/MatMul,fully_connected,fully_connected_gpu_bf_tiled,,performance,gtpin_total_execution_cycles,3899294,cycles,1,8,3899294
n1_i0,0,1,0,n1_i0::primitive::fullyconnected:/model/layers.4/mlp/down_proj/MatMul,n1_i0::op::/model/layers.4/mlp/down_proj/MatMul,primitive,fullyconnected:/model/layers.4/mlp/down_proj/MatMul,layers.*/mlp,/model/layers.4/mlp/down_proj/MatMul,FullyConnected,fullyconnected:/model/layers.4/mlp/down_proj/MatMul,fully_connected,fully_connected_gpu_bf_tiled,,performance,gtpin_total_execution_cycles,106783964,cycles,1,128,106783964
n1_i0,0,1,0,n1_i0::primitive::fullyconnected:/model/layers.4/mlp/gate_proj/MatMul,n1_i0::op::/model/layers.4/mlp/gate_proj/MatMul,primitive,fullyconnected:/model/layers.4/mlp/gate_proj/MatMul,layers.*/mlp,/model/layers.4/mlp/gate_proj/MatMul,FullyConnected,fullyconnected:/model/layers.4/mlp/gate_proj/MatMul,fully_connected,fully_connected_gpu_bf_tiled,,performance,gtpin_total_execution_cycles,301520228,cycles,1,352,301520228
n1_i0,0,1,0,n1_i0::primitive::fullyconnected:/model/layers.4/mlp/up_proj/MatMul,n1_i0::op::/model/layers.4/mlp/up_proj/MatMul,primitive,fullyconnected:/model/layers.4/mlp/up_proj/MatMul,layers.*/mlp,/model/layers.4/mlp/up_proj/MatMul,FullyConnected,fullyconnected:/model/layers.4/mlp/up_proj/MatMul,fully_connected,fully_connected_gpu_bf_tiled,,performance,gtpin_total_execution_cycles,311561644,cycles,1,352,311561644
n1_i0,0,1,0,n1_i0::primitive::fullyconnected:/model/layers.4/self_attn/k_proj/MatMul,n1_i0::op::/model/layers.4/self_attn/k_proj/MatMul,primitive,fullyconnected:/model/layers.4/self_attn/k_proj/MatMul,layers.*/self_attn,/model/layers.4/self_attn/k_proj/MatMul,FullyConnected,fullyconnected:/model/layers.4/self_attn/k_proj/MatMul,fully_connected,fully_connected_gpu_bf_tiled,,performance,gtpin_total_execution_cycles,3610448,cycles,1,8,3610448
n1_i0,0,1,0,n1_i0::primitive::fullyconnected:/model/layers.4/self_attn/o_proj/MatMul,n1_i0::op::/model/layers.4/self_attn/o_proj/MatMul,primitive,fullyconnected:/model/layers.4/self_attn/o_proj/MatMul,layers.*/self_attn,/model/layers.4/self_attn/o_proj/MatMul,FullyConnected,fullyconnected:/model/layers.4/self_attn/o_proj/MatMul,fully_connected,fully_connected_gpu_bf_tiled,,performance,gtpin_total_execution_cycles,44230216,cycles,1,128,44230216
n1_i0,0,1,0,n1_i0::primitive::fullyconnected:/model/layers.4/self_attn/q_proj/MatMul,n1_i0::op::/model/layers.4/self_attn/q_proj/MatMul,primitive,fullyconnected:/model/layers.4/self_attn/q_proj/MatMul,layers.*/self_attn,/model/layers.4/self_attn/q_proj/MatMul,FullyConnected,fullyconnected:/model/layers.4/self_attn/q_proj/MatMul,fully_connected,fully_connected_gpu_bf_tiled,,performance,gtpin_total_execution_cycles,28003080,cycles,1,64,28003080
n1_i0,0,1,0,n1_i0::primitive::fullyconnected:/model/layers.4/self_attn/v_proj/MatMul,n1_i0::op::/model/layers.4/self_attn/v_proj/MatMul,primitive,fullyconnected:/model/layers.4/self_attn/v_proj/MatMul,layers.*/self_attn,/model/layers.4/self_attn/v_proj/MatMul,FullyConnected,fullyconnected:/model/layers.4/self_attn/v_proj/MatMul,fully_connected,fully_connected_gpu_bf_tiled,,performance,gtpin_total_execution_cycles,3205184,cycles,1,8,3205184
n1_i0,0,1,0,n1_i0::primitive::fullyconnected:/model/layers.5/mlp/down_proj/MatMul,n1_i0::op::/model/layers.5/mlp/down_proj/MatMul,primitive,fullyconnected:/model/layers.5/mlp/down_proj/MatMul,layers.*/mlp,/model/layers.5/mlp/down_proj/MatMul,FullyConnected,fullyconnected:/model/layers.5/mlp/down_proj/MatMul,fully_connected,fully_connected_gpu_bf_tiled,,performance,gtpin_total_execution_cycles,120911882,cycles,1,128,120911882
n1_i0,0,1,0,n1_i0::primitive::fullyconnected:/model/layers.5/mlp/gate_proj/MatMul,n1_i0::op::/model/layers.5/mlp/gate_proj/MatMul,primitive,fullyconnected:/model/layers.5/mlp/gate_proj/MatMul,layers.*/mlp,/model/layers.5/mlp/gate_proj/MatMul,FullyConnected,fullyconnected:/model/layers.5/mlp/gate_proj/MatMul,fully_connected,fully_connected_gpu_bf_tiled,,performance,gtpin_total_execution_cycles,398205990,cycles,1,352,398205990
n1_i0,0,1,0,n1_i0::primitive::fullyconnected:/model/layers.5/mlp/up_proj/MatMul,n1_i0::op::/model/layers.5/mlp/up_proj/MatMul,primitive,fullyconnected:/model/layers.5/mlp/up_proj/MatMul,layers.*/mlp,/model/layers.5/mlp/up_proj/MatMul,FullyConnected,fullyconnected:/model/layers.5/mlp/up_proj/MatMul,fully_connected,fully_connected_gpu_bf_tiled,,performance,gtpin_total_execution_cycles,376935270,cycles,1,352,376935270
n1_i0,0,1,0,n1_i0::primitive::fullyconnected:/model/layers.5/self_attn/k_proj/MatMul,n1_i0::op::/model/layers.5/self_attn/k_proj/MatMul,primitive,fullyconnected:/model/layers.5/self_attn/k_proj/MatMul,layers.*/self_attn,/model/layers.5/self_attn/k_proj/MatMul,FullyConnected,fullyconnected:/model/layers.5/self_attn/k_proj/MatMul,fully_connected,fully_connected_gpu_bf_tiled,,performance,gtpin_total_execution_cycles,3902938,cycles,1,8,3902938
n1_i0,0,1,0,n1_i0::primitive::fullyconnected:/model/layers.5/self_attn/o_proj/MatMul,n1_i0::op::/model/layers.5/self_attn/o_proj/MatMul,primitive,fullyconnected:/model/layers.5/self_attn/o_proj/MatMul,layers.*/self_attn,/model/layers.5/self_attn/o_proj/MatMul,FullyConnected,fullyconnected:/model/layers.5/self_attn/o_proj/MatMul,fully_connected,fully_connected_gpu_bf_tiled,,performance,gtpin_total_execution_cycles,45522834,cycles,1,128,45522834
n1_i0,0,1,0,n1_i0::primitive::fullyconnected:/model/layers.5/self_attn/q_proj/MatMul,n1_i0::op::/model/layers.5/self_attn/q_proj/MatMul,primitive,fullyconnected:/model/layers.5/self_attn/q_proj/MatMul,layers.*/self_attn,/model/layers.5/self_attn/q_proj/MatMul,FullyConnected,fullyconnected:/model/layers.5/self_attn/q_proj/MatMul,fully_connected,fully_connected_gpu_bf_tiled,,performance,gtpin_total_execution_cycles,30234444,cycles,1,64,30234444
n1_i0,0,1,0,n1_i0::primitive::fullyconnected:/model/layers.5/self_attn/v_proj/MatMul,n1_i0::op::/model/layers.5/self_attn/v_proj/MatMul,primitive,fullyconnected:/model/layers.5/self_attn/v_proj/MatMul,layers.*/self_attn,/model/layers.5/self_attn/v_proj/MatMul,FullyConnected,fullyconnected:/model/layers.5/self_attn/v_proj/MatMul,fully_connected,fully_connected_gpu_bf_tiled,,performance,gtpin_total_execution_cycles,3694072,cycles,1,8,3694072
n1_i0,0,1,0,n1_i0::primitive::fullyconnected:/model/layers.6/mlp/down_proj/MatMul,n1_i0::op::/model/layers.6/mlp/down_proj/MatMul,primitive,fullyconnected:/model/layers.6/mlp/down_proj/MatMul,layers.*/mlp,/model/layers.6/mlp/down_proj/MatMul,FullyConnected,fullyconnected:/model/layers.6/mlp/down_proj/MatMul,fully_connected,fully_connected_gpu_bf_tiled,,performance,gtpin_total_execution_cycles,124820192,cycles,1,128,124820192
n1_i0,0,1,0,n1_i0::primitive::fullyconnected:/model/layers.6/mlp/gate_proj/MatMul,n1_i0::op::/model/layers.6/mlp/gate_proj/MatMul,primitive,fullyconnected:/model/layers.6/mlp/gate_proj/MatMul,layers.*/mlp,/model/layers.6/mlp/gate_proj/MatMul,FullyConnected,fullyconnected:/model/layers.6/mlp/gate_proj/MatMul,fully_connected,fully_connected_gpu_bf_tiled,,performance,gtpin_total_execution_cycles,415560018,cycles,1,352,415560018
n1_i0,0,1,0,n1_i0::primitive::fullyconnected:/model/layers.6/mlp/up_proj/MatMul,n1_i0::op::/model/layers.6/mlp/up_proj/MatMul,primitive,fullyconnected:/model/layers.6/mlp/up_proj/MatMul,layers.*/mlp,/model/layers.6/mlp/up_proj/MatMul,FullyConnected,fullyconnected:/model/layers.6/mlp/up_proj/MatMul,fully_connected,fully_connected_gpu_bf_tiled,,performance,gtpin_total_execution_cycles,371672024,cycles,1,352,371672024
n1_i0,0,1,0,n1_i0::primitive::fullyconnected:/model/layers.6/self_attn/k_proj/MatMul,n1_i0::op::/model/layers.6/self_attn/k_proj/MatMul,primitive,fullyconnected:/model/layers.6/self_attn/k_proj/MatMul,layers.*/self_attn,/model/layers.6/self_attn/k_proj/MatMul,FullyConnected,fullyconnected:/model/layers.6/self_attn/k_proj/MatMul,fully_connected,fully_connected_gpu_bf_tiled,,performance,gtpin_total_execution_cycles,4168080,cycles,1,8,4168080
n1_i0,0,1,0,n1_i0::primitive::fullyconnected:/model/layers.6/self_attn/o_proj/MatMul,n1_i0::op::/model/layers.6/self_attn/o_proj/MatMul,primitive,fullyconnected:/model/layers.6/self_attn/o_proj/MatMul,layers.*/self_attn,/model/layers.6/self_attn/o_proj/MatMul,FullyConnected,fullyconnected:/model/layers.6/self_attn/o_proj/MatMul,fully_connected,fully_connected_gpu_bf_tiled,,performance,gtpin_total_execution_cycles,29514562,cycles,1,64,29514562
n1_i0,0,1,0,n1_i0::primitive::fullyconnected:/model/layers.6/self_attn/q_proj/MatMul,n1_i0::op::/model/layers.6/self_attn/q_proj/MatMul,primitive,fullyconnected:/model/layers.6/self_attn/q_proj/MatMul,layers.*/self_attn,/model/layers.6/self_attn/q_proj/MatMul,FullyConnected,fullyconnected:/model/layers.6/self_attn/q_proj/MatMul,fully_connected,fully_connected_gpu_bf_tiled,,performance,gtpin_total_execution_cycles,32405032,cycles,1,64,32405032
n1_i0,0,1,0,n1_i0::primitive::fullyconnected:/model/layers.6/self_attn/v_proj/MatMul,n1_i0::op::/model/layers.6/self_attn/v_proj/MatMul,primitive,fullyconnected:/model/layers.6/self_attn/v_proj/MatMul,layers.*/self_attn,/model/layers.6/self_attn/v_proj/MatMul,FullyConnected,fullyconnected:/model/layers.6/self_attn/v_proj/MatMul,fully_connected,fully_connected_gpu_bf_tiled,,performance,gtpin_total_execution_cycles,3973512,cycles,1,8,3973512
n1_i0,0,1,0,n1_i0::primitive::fullyconnected:/model/layers.7/mlp/down_proj/MatMul,n1_i0::op::/model/layers.7/mlp/down_proj/MatMul,primitive,fullyconnected:/model/layers.7/mlp/down_proj/MatMul,layers.*/mlp,/model/layers.7/mlp/down_proj/MatMul,FullyConnected,fullyconnected:/model/layers.7/mlp/down_proj/MatMul,fully_connected,fully_connected_gpu_bf_tiled,,performance,gtpin_total_execution_cycles,109977894,cycles,1,128,109977894
n1_i0,0,1,0,n1_i0::primitive::fullyconnected:/model/layers.7/mlp/gate_proj/MatMul,n1_i0::op::/model/layers.7/mlp/gate_proj/MatMul,primitive,fullyconnected:/model/layers.7/mlp/gate_proj/MatMul,layers.*/mlp,/model/layers.7/mlp/gate_proj/MatMul,FullyConnected,fullyconnected:/model/layers.7/mlp/gate_proj/MatMul,fully_connected,fully_connected_gpu_bf_tiled,,performance,gtpin_total_execution_cycles,310147004,cycles,1,352,310147004
n1_i0,0,1,0,n1_i0::primitive::fullyconnected:/model/layers.7/mlp/up_proj/MatMul,n1_i0::op::/model/layers.7/mlp/up_proj/MatMul,primitive,fullyconnected:/model/layers.7/mlp/up_proj/MatMul,layers.*/mlp,/model/layers.7/mlp/up_proj/MatMul,FullyConnected,fullyconnected:/model/layers.7/mlp/up_proj/MatMul,fully_connected,fully_connected_gpu_bf_tiled,,performance,gtpin_total_execution_cycles,317815456,cycles,1,352,317815456
n1_i0,0,1,0,n1_i0::primitive::fullyconnected:/model/layers.7/self_attn/k_proj/MatMul,n1_i0::op::/model/layers.7/self_attn/k_proj/MatMul,primitive,fullyconnected:/model/layers.7/self_attn/k_proj/MatMul,layers.*/self_attn,/model/layers.7/self_attn/k_proj/MatMul,FullyConnected,fullyconnected:/model/layers.7/self_attn/k_proj/MatMul,fully_connected,fully_connected_gpu_bf_tiled,,performance,gtpin_total_execution_cycles,4119486,cycles,1,8,4119486
n1_i0,0,1,0,n1_i0::primitive::fullyconnected:/model/layers.7/self_attn/o_proj/MatMul,n1_i0::op::/model/layers.7/self_attn/o_proj/MatMul,primitive,fullyconnected:/model/layers.7/self_attn/o_proj/MatMul,layers.*/self_attn,/model/layers.7/self_attn/o_proj/MatMul,FullyConnected,fullyconnected:/model/layers.7/self_attn/o_proj/MatMul,fully_connected,fully_connected_gpu_bf_tiled,,performance,gtpin_total_execution_cycles,29674442,cycles,1,64,29674442
n1_i0,0,1,0,n1_i0::primitive::fullyconnected:/model/layers.7/self_attn/q_proj/MatMul,n1_i0::op::/model/layers.7/self_attn/q_proj/MatMul,primitive,fullyconnected:/model/layers.7/self_attn/q_proj/MatMul,layers.*/self_attn,/model/layers.7/self_attn/q_proj/MatMul,FullyConnected,fullyconnected:/model/layers.7/self_attn/q_proj/MatMul,fully_connected,fully_connected_gpu_bf_tiled,,performance,gtpin_total_execution_cycles,32058664,cycles,1,64,32058664
n1_i0,0,1,0,n1_i0::primitive::fullyconnected:/model/layers.7/self_attn/v_proj/MatMul,n1_i0::op::/model/layers.7/self_attn/v_proj/MatMul,primitive,fullyconnected:/model/layers.7/self_attn/v_proj/MatMul,layers.*/self_attn,/model/layers.7/self_attn/v_proj/MatMul,FullyConnected,fullyconnected:/model/layers.7/self_attn/v_proj/MatMul,fully_connected,fully_connected_gpu_bf_tiled,,performance,gtpin_total_execution_cycles,3911230,cycles,1,8,3911230
n1_i0,0,1,0,n1_i0::primitive::fullyconnected:/model/layers.8/mlp/down_proj/MatMul,n1_i0::op::/model/layers.8/mlp/down_proj/MatMul,primitive,fullyconnected:/model/layers.8/mlp/down_proj/MatMul,layers.*/mlp,/model/layers.8/mlp/down_proj/MatMul,FullyConnected,fullyconnected:/model/layers.8/mlp/down_proj/MatMul,fully_connected,fully_connected_gpu_bf_tiled,,performance,gtpin_total_execution_cycles,118418748,cycles,1,128,118418748
n1_i0,0,1,0,n1_i0::primitive::fullyconnected:/model/layers.8/mlp/gate_proj/MatMul,n1_i0::op::/model/layers.8/mlp/gate_proj/MatMul,primitive,fullyconnected:/model/layers.8/mlp/gate_proj/MatMul,layers.*/mlp,/model/layers.8/mlp/gate_proj/MatMul,FullyConnected,fullyconnected:/model/layers.8/mlp/gate_proj/MatMul,fully_connected,fully_connected_gpu_bf_tiled,,performance,gtpin_total_execution_cycles,366230084,cycles,1,352,366230084
n1_i0,0,1,0,n1_i0::primitive::fullyconnected:/model/layers.8/mlp/up_proj/MatMul,n1_i0::op::/model/layers.8/mlp/up_proj/MatMul,primitive,fullyconnected:/model/layers.8/mlp/up_proj/MatMul,layers.*/mlp,/model/layers.8/mlp/up_proj/MatMul,FullyConnected,fullyconnected:/model/layers.8/mlp/up_proj/MatMul,fully_connected,fully_connected_gpu_bf_tiled,,performance,gtpin_total_execution_cycles,144294638,cycles,1,176,144294638
n1_i0,0,1,0,n1_i0::primitive::fullyconnected:/model/layers.8/self_attn/k_proj/MatMul,n1_i0::op::/model/layers.8/self_attn/k_proj/MatMul,primitive,fullyconnected:/model/layers.8/self_attn/k_proj/MatMul,layers.*/self_attn,/model/layers.8/self_attn/k_proj/MatMul,FullyConnected,fullyconnected:/model/layers.8/self_attn/k_proj/MatMul,fully_connected,fully_connected_gpu_bf_tiled,,performance,gtpin_total_execution_cycles,3803680,cycles,1,8,3803680
n1_i0,0,1,0,n1_i0::primitive::fullyconnected:/model/layers.8/self_attn/o_proj/MatMul,n1_i0::op::/model/layers.8/self_attn/o_proj/MatMul,primitive,fullyconnected:/model/layers.8/self_attn/o_proj/MatMul,layers.*/self_attn,/model/layers.8/self_attn/o_proj/MatMul,FullyConnected,fullyconnected:/model/layers.8/self_attn/o_proj/MatMul,fully_connected,fully_connected_gpu_bf_tiled,,performance,gtpin_total_execution_cycles,30020464,cycles,1,64,30020464
n1_i0,0,1,0,n1_i0::primitive::fullyconnected:/model/layers.8/self_attn/q_proj/MatMul,n1_i0::op::/model/layers.8/self_attn/q_proj/MatMul,primitive,fullyconnected:/model/layers.8/self_attn/q_proj/MatMul,layers.*/self_attn,/model/layers.8/self_attn/q_proj/MatMul,FullyConnected,fullyconnected:/model/layers.8/self_attn/q_proj/MatMul,fully_connected,fully_connected_gpu_bf_tiled,,performance,gtpin_total_execution_cycles,29623538,cycles,1,64,29623538
n1_i0,0,1,0,n1_i0::primitive::fullyconnected:/model/layers.8/self_attn/v_proj/MatMul,n1_i0::op::/model/layers.8/self_attn/v_proj/MatMul,primitive,fullyconnected:/model/layers.8/self_attn/v_proj/MatMul,layers.*/self_attn,/model/layers.8/self_attn/v_proj/MatMul,FullyConnected,fullyconnected:/model/layers.8/self_attn/v_proj/MatMul,fully_connected,fully_connected_gpu_bf_tiled,,performance,gtpin_total_execution_cycles,3617678,cycles,1,8,3617678
n1_i0,0,1,0,n1_i0::primitive::fullyconnected:/model/layers.9/mlp/down_proj/MatMul,n1_i0::op::/model/layers.9/mlp/down_proj/MatMul,primitive,fullyconnected:/model/layers.9/mlp/down_proj/MatMul,layers.*/mlp,/model/layers.9/mlp/down_proj/MatMul,FullyConnected,fullyconnected:/model/layers.9/mlp/down_proj/MatMul,fully_connected,fully_connected_gpu_bf_tiled,,performance,gtpin_total_execution_cycles,109479326,cycles,1,128,109479326
n1_i0,0,1,0,n1_i0::primitive::fullyconnected:/model/layers.9/mlp/gate_proj/MatMul,n1_i0::op::/model/layers.9/mlp/gate_proj/MatMul,primitive,fullyconnected:/model/layers.9/mlp/gate_proj/MatMul,layers.*/mlp,/model/layers.9/mlp/gate_proj/MatMul,FullyConnected,fullyconnected:/model/layers.9/mlp/gate_proj/MatMul,fully_connected,fully_connected_gpu_bf_tiled,,performance,gtpin_total_execution_cycles,324429834,cycles,1,352,324429834
n1_i0,0,1,0,n1_i0::primitive::fullyconnected:/model/layers.9/mlp/up_proj/MatMul,n1_i0::op::/model/layers.9/mlp/up_proj/MatMul,primitive,fullyconnected:/model/layers.9/mlp/up_proj/MatMul,layers.*/mlp,/model/layers.9/mlp/up_proj/MatMul,FullyConnected,fullyconnected:/model/layers.9/mlp/up_proj/MatMul,fully_connected,fully_connected_gpu_bf_tiled,,performance,gtpin_total_execution_cycles,125618672,cycles,1,176,125618672
n1_i0,0,1,0,n1_i0::primitive::fullyconnected:/model/layers.9/self_attn/k_proj/MatMul,n1_i0::op::/model/layers.9/self_attn/k_proj/MatMul,primitive,fullyconnected:/model/layers.9/self_attn/k_proj/MatMul,layers.*/self_attn,/model/layers.9/self_attn/k_proj/MatMul,FullyConnected,fullyconnected:/model/layers.9/self_attn/k_proj/MatMul,fully_connected,fully_connected_gpu_bf_tiled,,performance,gtpin_total_execution_cycles,3969118,cycles,1,8,3969118
n1_i0,0,1,0,n1_i0::primitive::fullyconnected:/model/layers.9/self_attn/o_proj/MatMul,n1_i0::op::/model/layers.9/self_attn/o_proj/MatMul,primitive,fullyconnected:/model/layers.9/self_attn/o_proj/MatMul,layers.*/self_attn,/model/layers.9/self_attn/o_proj/MatMul,FullyConnected,fullyconnected:/model/layers.9/self_attn/o_proj/MatMul,fully_connected,fully_connected_gpu_bf_tiled,,performance,gtpin_total_execution_cycles,29437520,cycles,1,64,29437520
n1_i0,0,1,0,n1_i0::primitive::fullyconnected:/model/layers.9/self_attn/q_proj/MatMul,n1_i0::op::/model/layers.9/self_attn/q_proj/MatMul,primitive,fullyconnected:/model/layers.9/self_attn/q_proj/MatMul,layers.*/self_attn,/model/layers.9/self_attn/q_proj/MatMul,FullyConnected,fullyconnected:/model/layers.9/self_attn/q_proj/MatMul,fully_connected,fully_connected_gpu_bf_tiled,,performance,gtpin_total_execution_cycles,30922680,cycles,1,64,30922680
n1_i0,0,1,0,n1_i0::primitive::fullyconnected:/model/layers.9/self_attn/v_proj/MatMul,n1_i0::op::/model/layers.9/self_attn/v_proj/MatMul,primitive,fullyconnected:/model/layers.9/self_attn/v_proj/MatMul,layers.*/self_attn,/model/layers.9/self_attn/v_proj/MatMul,FullyConnected,fullyconnected:/model/layers.9/self_attn/v_proj/MatMul,fully_connected,fully_connected_gpu_bf_tiled,,performance,gtpin_total_execution_cycles,3760682,cycles,1,8,3760682
n1_i0,0,1,0,n1_i0::primitive::fullyconnected:logits.0,n1_i0::op::logits.0,primitive,fullyconnected:logits.0,(root),logits.0,FullyConnected,fullyconnected:logits.0,fully_connected,fully_connected_gpu_bf_tiled,,performance,gtpin_total_execution_cycles,5724024420,cycles,1,2000,5724024420
n1_i0,0,1,0,n1_i0::primitive::gather:/model/Gather_4,n1_i0::op::/model/Gather_4,primitive,gather:/model/Gather_4,(root),/model/Gather_4,Gather,gather:/model/Gather_4,gather,gather_ref,,performance,gtpin_total_execution_cycles,9279,cycles,1,1,9279
n1_i0,0,1,0,n1_i0::primitive::gather:/model/embed_tokens/Gather,n1_i0::op::/model/embed_tokens/Gather,primitive,gather:/model/embed_tokens/Gather,embed_tokens,/model/embed_tokens/Gather,Gather,gather:/model/embed_tokens/Gather,gather,gather_ref,,performance,gtpin_total_execution_cycles,5224202,cycles,1,1024,5224202
n1_i0,0,1,0,n1_i0::primitive::gemm:/model/layers.0/self_attn/MatMul,n1_i0::op::/model/layers.0/self_attn/MatMul,primitive,gemm:/model/layers.0/self_attn/MatMul,layers.*/self_attn,/model/layers.0/self_attn/MatMul,Gemm,gemm:/model/layers.0/self_attn/MatMul,gemm,gemm_tiled_opt,,performance,gtpin_total_execution_cycles,4106192,cycles,1,32,4106192
n1_i0,0,1,0,n1_i0::primitive::gemm:/model/layers.0/self_attn/Transpose_4,n1_i0::op::/model/layers.0/self_attn/Transpose_4,primitive,gemm:/model/layers.0/self_attn/Transpose_4,layers.*/self_attn,/model/layers.0/self_attn/Transpose_4,Gemm,gemm:/model/layers.0/self_attn/Transpose_4,gemm,gemm_tiled_opt,,performance,gtpin_total_execution_cycles,2053656,cycles,1,64,2053656
n1_i0,0,1,0,n1_i0::primitive::gemm:/model/layers.1/self_attn/MatMul,n1_i0::op::/model/layers.1/self_attn/MatMul,primitive,gemm:/model/layers.1/self_attn/MatMul,layers.*/self_attn,/model/layers.1/self_attn/MatMul,Gemm,gemm:/model/layers.1/self_attn/MatMul,gemm,gemm_tiled_opt,,performance,gtpin_total_execution_cycles,3466914,cycles,1,32,3466914
n1_i0,0,1,0,n1_i0::primitive::gemm:/model/layers.1/self_attn/Transpose_4,n1_i0::op::/model/layers.1/self_attn/Transpose_4,primitive,gemm:/model/layers.1/self_attn/Transpose_4,layers.*/self_attn,/model/layers.1/self_attn/Transpose_4,Gemm,gemm:/model/layers.1/self_attn/Transpose_4,gemm,gemm_tiled_opt,,performance,gtpin_total_execution_cycles,2074346,cycles,1,64,2074346
n1_i0,0,1,0,n1_i0::primitive::gemm:/model/layers.10/self_attn/MatMul,n1_i0::op::/model/layers.10/self_attn/MatMul,primitive,gemm:/model/layers.10/self_attn/MatMul,layers.*/self_attn,/model/layers.10/self_attn/MatMul,Gemm,gemm:/model/layers.10/self_attn/MatMul,gemm,gemm_tiled_opt,,performance,gtpin_total_execution_cycles,3668458,cycles,1,32,3668458
n1_i0,0,1,0,n1_i0::primitive::gemm:/model/layers.10/self_attn/Transpose_4,n1_i0::op::/model/layers.10/self_attn/Transpose_4,primitive,gemm:/model/layers.10/self_attn/Transpose_4,layers.*/self_attn,/model/layers.10/self_attn/Transpose_4,Gemm,gemm:/model/layers.10/self_attn/Transpose_4,gemm,gemm_tiled_opt,,performance,gtpin_total_execution_cycles,2149598,cycles,1,64,2149598
n1_i0,0,1,0,n1_i0::primitive::gemm:/model/layers.11/self_attn/MatMul,n1_i0::op::/model/layers.11/self_attn/MatMul,primitive,gemm:/model/layers.11/self_attn/MatMul,layers.*/self_attn,/model/layers.11/self_attn/MatMul,Gemm,gemm:/model/layers.11/self_attn/MatMul,gemm,gemm_tiled_opt,,performance,gtpin_total_execution_cycles,3630118,cycles,1,32,3630118
n1_i0,0,1,0,n1_i0::primitive::gemm:/model/layers.11/self_attn/Transpose_4,n1_i0::op::/model/layers.11/self_attn/Transpose_4,primitive,gemm:/model/layers.11/self_attn/Transpose_4,layers.*/self_attn,/model/layers.11/self_attn/Transpose_4,Gemm,gemm:/model/layers.11/self_attn/Transpose_4,gemm,gemm_tiled_opt,,performance,gtpin_total_execution_cycles,2412038,cycles,1,64,2412038
n1_i0,0,1,0,n1_i0::primitive::gemm:/model/layers.12/self_attn/MatMul,n1_i0::op::/model/layers.12/self_attn/MatMul,primitive,gemm:/model/layers.12/self_attn/MatMul,layers.*/self_attn,/model/layers.12/self_attn/MatMul,Gemm,gemm:/model/layers.12/self_attn/MatMul,gemm,gemm_tiled_opt,,performance,gtpin_total_execution_cycles,4182208,cycles,1,32,4182208
n1_i0,0,1,0,n1_i0::primitive::gemm:/model/layers.12/self_attn/Transpose_4,n1_i0::op::/model/layers.12/self_attn/Transpose_4,primitive,gemm:/model/layers.12/self_attn/Transpose_4,layers.*/self_attn,/model/layers.12/self_attn/Transpose_4,Gemm,gemm:/model/layers.12/self_attn/Transpose_4,gemm,gemm_tiled_opt,,performance,gtpin_total_execution_cycles,2070466,cycles,1,64,2070466
n1_i0,0,1,0,n1_i0::primitive::gemm:/model/layers.13/self_attn/MatMul,n1_i0::op::/model/layers.13/self_attn/MatMul,primitive,gemm:/model/layers.13/self_attn/MatMul,layers.*/self_attn,/model/layers.13/self_attn/MatMul,Gemm,gemm:/model/layers.13/self_attn/MatMul,gemm,gemm_tiled_opt,,performance,gtpin_total_execution_cycles,3704950,cycles,1,32,3704950
n1_i0,0,1,0,n1_i0::primitive::gemm:/model/layers.13/self_attn/Transpose_4,n1_i0::op::/model/layers.13/self_attn/Transpose_4,primitive,gemm:/model/layers.13/self_attn/Transpose_4,layers.*/self_attn,/model/layers.13/self_attn/Transpose_4,Gemm,gemm:/model/layers.13/self_attn/Transpose_4,gemm,gemm_tiled_opt,,performance,gtpin_total_execution_cycles,2064840,cycles,1,64,2064840
n1_i0,0,1,0,n1_i0::primitive::gemm:/model/layers.14/self_attn/MatMul,n1_i0::op::/model/layers.14/self_attn/MatMul,primitive,gemm:/model/layers.14/self_attn/MatMul,layers.*/self_attn,/model/layers.14/self_attn/MatMul,Gemm,gemm:/model/layers.14/self_attn/MatMul,gemm,gemm_tiled_opt,,performance,gtpin_total_execution_cycles,3447000,cycles,1,32,3447000
n1_i0,0,1,0,n1_i0::primitive::gemm:/model/layers.14/self_attn/Transpose_4,n1_i0::op::/model/layers.14/self_attn/Transpose_4,primitive,gemm:/model/layers.14/self_attn/Transpose_4,layers.*/self_attn,/model/layers.14/self_attn/Transpose_4,Gemm,gemm:/model/layers.14/self_attn/Transpose_4,gemm,gemm_tiled_opt,,performance,gtpin_total_execution_cycles,2053712,cycles,1,64,2053712
n1_i0,0,1,0,n1_i0::primitive::gemm:/model/layers.15/self_attn/MatMul,n1_i0::op::/model/layers.15/self_attn/MatMul,primitive,gemm:/model/layers.15/self_attn/MatMul,layers.*/self_attn,/model/layers.15/self_attn/MatMul,Gemm,gemm:/model/layers.15/self_attn/MatMul,gemm,gemm_tiled_opt,,performance,gtpin_total_execution_cycles,3436448,cycles,1,32,3436448
n1_i0,0,1,0,n1_i0::primitive::gemm:/model/layers.15/self_attn/Transpose_4,n1_i0::op::/model/layers.15/self_attn/Transpose_4,primitive,gemm:/model/layers.15/self_attn/Transpose_4,layers.*/self_attn,/model/layers.15/self_attn/Transpose_4,Gemm,gemm:/model/layers.15/self_attn/Transpose_4,gemm,gemm_tiled_opt,,performance,gtpin_total_execution_cycles,2402854,cycles,1,64,2402854
n1_i0,0,1,0,n1_i0::primitive::gemm:/model/layers.16/self_attn/MatMul,n1_i0::op::/model/layers.16/self_attn/MatMul,primitive,gemm:/model/layers.16/self_attn/MatMul,layers.*/self_attn,/model/layers.16/self_attn/MatMul,Gemm,gemm:/model/layers.16/self_attn/MatMul,gemm,gemm_tiled_opt,,performance,gtpin_total_execution_cycles,4066094,cycles,1,32,4066094
n1_i0,0,1,0,n1_i0::primitive::gemm:/model/layers.16/self_attn/Transpose_4,n1_i0::op::/model/layers.16/self_attn/Transpose_4,primitive,gemm:/model/layers.16/self_attn/Transpose_4,layers.*/self_attn,/model/layers.16/self_attn/Transpose_4,Gemm,gemm:/model/layers.16/self_attn/Transpose_4,gemm,gemm_tiled_opt,,performance,gtpin_total_execution_cycles,2089610,cycles,1,64,2089610
n1_i0,0,1,0,n1_i0::primitive::gemm:/model/layers.17/self_attn/MatMul,n1_i0::op::/model/layers.17/self_attn/MatMul,primitive,gemm:/model/layers.17/self_attn/MatMul,layers.*/self_attn,/model/layers.17/self_attn/MatMul,Gemm,gemm:/model/layers.17/self_attn/MatMul,gemm,gemm_tiled_opt,,performance,gtpin_total_execution_cycles,3751508,cycles,1,32,3751508
n1_i0,0,1,0,n1_i0::primitive::gemm:/model/layers.17/self_attn/Transpose_4,n1_i0::op::/model/layers.17/self_attn/Transpose_4,primitive,gemm:/model/layers.17/self_attn/Transpose_4,layers.*/self_attn,/model/layers.17/self_attn/Transpose_4,Gemm,gemm:/model/layers.17/self_attn/Transpose_4,gemm,gemm_tiled_opt,,performance,gtpin_total_execution_cycles,2164670,cycles,1,64,2164670
n1_i0,0,1,0,n1_i0::primitive::gemm:/model/layers.18/self_attn/MatMul,n1_i0::op::/model/layers.18/self_attn/MatMul,primitive,gemm:/model/layers.18/self_attn/MatMul,layers.*/self_attn,/model/layers.18/self_attn/MatMul,Gemm,gemm:/model/layers.18/self_attn/MatMul,gemm,gemm_tiled_opt,,performance,gtpin_total_execution_cycles,3692012,cycles,1,32,3692012
n1_i0,0,1,0,n1_i0::primitive::gemm:/model/layers.18/self_attn/Transpose_4,n1_i0::op::/model/layers.18/self_attn/Transpose_4,primitive,gemm:/model/layers.18/self_attn/Transpose_4,layers.*/self_attn,/model/layers.18/self_attn/Transpose_4,Gemm,gemm:/model/layers.18/self_attn/Transpose_4,gemm,gemm_tiled_opt,,performance,gtpin_total_execution_cycles,2051640,cycles,1,64,2051640
n1_i0,0,1,0,n1_i0::primitive::gemm:/model/layers.19/self_attn/MatMul,n1_i0::op::/model/layers.19/self_attn/MatMul,primitive,gemm:/model/layers.19/self_attn/MatMul,layers.*/self_attn,/model/layers.19/self_attn/MatMul,Gemm,gemm:/model/layers.19/self_attn/MatMul,gemm,gemm_tiled_opt,,performance,gtpin_total_execution_cycles,3530710,cycles,1,32,3530710
n1_i0,0,1,0,n1_i0::primitive::gemm:/model/layers.19/self_attn/Transpose_4,n1_i0::op::/model/layers.19/self_attn/Transpose_4,primitive,gemm:/model/layers.19/self_attn/Transpose_4,layers.*/self_attn,/model/layers.19/self_attn/Transpose_4,Gemm,gemm:/model/layers.19/self_attn/Transpose_4,gemm,gemm_tiled_opt,,performance,gtpin_total_execution_cycles,2417850,cycles,1,64,2417850
n1_i0,0,1,0,n1_i0::primitive::gemm:/model/layers.2/self_attn/MatMul,n1_i0::op::/model/layers.2/self_attn/MatMul,primitive,gemm:/model/layers.2/self_attn/MatMul,layers.*/self_attn,/model/layers.2/self_attn/MatMul,Gemm,gemm:/model/layers.2/self_attn/MatMul,gemm,gemm_tiled_opt,,performance,gtpin_total_execution_cycles,3414666,cycles,1,32,3414666
n1_i0,0,1,0,n1_i0::primitive::gemm:/model/layers.2/self_attn/Transpose_4,n1_i0::op::/model/layers.2/self_attn/Transpose_4,primitive,gemm:/model/layers.2/self_attn/Transpose_4,layers.*/self_attn,/model/layers.2/self_attn/Transpose_4,Gemm,gemm:/model/layers.2/self_attn/Transpose_4,gemm,gemm_tiled_opt,,performance,gtpin_total_execution_cycles,1976236,cycles,1,64,1976236
n1_i0,0,1,0,n1_i0::primitive::gemm:/model/layers.20/self_attn/MatMul,n1_i0::op::/model/layers.20/self_attn/MatMul,primitive,gemm:/model/layers.20/self_attn/MatMul,layers.*/self_attn,/model/layers.20/self_attn/MatMul,Gemm,gemm:/model/layers.20/self_attn/MatMul,gemm,gemm_tiled_opt,,performance,gtpin_total_execution_cycles,4623720,cycles,1,32,4623720
n1_i0,0,1,0,n1_i0::primitive::gemm:/model/layers.20/self_attn/Transpose_4,n1_i0::op::/model/layers.20/self_attn/Transpose_4,primitive,gemm:/model/layers.20/self_attn/Transpose_4,layers.*/self_attn,/model/layers.20/self_attn/Transpose_4,Gemm,gemm:/model/layers.20/self_attn/Transpose_4,gemm,gemm_tiled_opt,,performance,gtpin_total_execution_cycles,2385408,cycles,1,64,2385408
n1_i0,0,1,0,n1_i0::primitive::gemm:/model/layers.21/self_attn/MatMul,n1_i0::op::/model/layers.21/self_attn/MatMul,primitive,gemm:/model/layers.21/self_attn/MatMul,layers.*/self_attn,/model/layers.21/self_attn/MatMul,Gemm,gemm:/model/layers.21/self_attn/MatMul,gemm,gemm_tiled_opt,,performance,gtpin_total_execution_cycles,3673112,cycles,1,32,3673112
n1_i0,0,1,0,n1_i0::primitive::gemm:/model/layers.21/self_attn/Transpose_4,n1_i0::op::/model/layers.21/self_attn/Transpose_4,primitive,gemm:/model/layers.21/self_attn/Transpose_4,layers.*/self_attn,/model/layers.21/self_attn/Transpose_4,Gemm,gemm:/model/layers.21/self_attn/Transpose_4,gemm,gemm_tiled_opt,,performance,gtpin_total_execution_cycles,2083056,cycles,1,64,2083056
n1_i0,0,1,0,n1_i0::primitive::gemm:/model/layers.3/self_attn/MatMul,n1_i0::op::/model/layers.3/self_attn/MatMul,primitive,gemm:/model/layers.3/self_attn/MatMul,layers.*/self_attn,/model/layers.3/self_attn/MatMul,Gemm,gemm:/model/layers.3/self_attn/MatMul,gemm,gemm_tiled_opt,,performance,gtpin_total_execution_cycles,3468922,cycles,1,32,3468922
n1_i0,0,1,0,n1_i0::primitive::gemm:/model/layers.3/self_attn/Transpose_4,n1_i0::op::/model/layers.3/self_attn/Transpose_4,primitive,gemm:/model/layers.3/self_attn/Transpose_4,layers.*/self_attn,/model/layers.3/self_attn/Transpose_4,Gemm,gemm:/model/layers.3/self_attn/Transpose_4,gemm,gemm_tiled_opt,,performance,gtpin_total_execution_cycles,2248828,cycles,1,64,2248828
n1_i0,0,1,0,n1_i0::primitive::gemm:/model/layers.4/self_attn/MatMul,n1_i0::op::/model/layers.4/self_attn/MatMul,primitive,gemm:/model/layers.4/self_attn/MatMul,layers.*/self_attn,/model/layers.4/self_attn/MatMul,Gemm,gemm:/model/layers.4/self_attn/MatMul,gemm,gemm_tiled_opt,,performance,gtpin_total_execution_cycles,3734410,cycles,1,32,3734410
n1_i0,0,1,0,n1_i0::primitive::gemm:/model/layers.4/self_attn/Transpose_4,n1_i0::op::/model/layers.4/self_attn/Transpose_4,primitive,gemm:/model/layers.4/self_attn/Transpose_4,layers.*/self_attn,/model/layers.4/self_attn/Transpose_4,Gemm,gemm:/model/layers.4/self_attn/Transpose_4,gemm,gemm_tiled_opt,,performance,gtpin_total_execution_cycles,1973398,cycles,1,64,1973398
n1_i0,0,1,0,n1_i0::primitive::gemm:/model/layers.5/self_attn/MatMul,n1_i0::op::/model/layers.5/self_attn/MatMul,primitive,gemm:/model/layers.5/self_attn/MatMul,layers.*/self_attn,/model/layers.5/self_attn/MatMul,Gemm,gemm:/model/layers.5/self_attn/MatMul,gemm,gemm_tiled_opt,,performance,gtpin_total_execution_cycles,3657018,cycles,1,32,3657018
n1_i0,0,1,0,n1_i0::primitive::gemm:/model/layers.5/self_attn/Transpose_4,n1_i0::op::/model/layers.5/self_attn/Transpose_4,primitive,gemm:/model/layers.5/self_attn/Transpose_4,layers.*/self_attn,/model/layers.5/self_attn/Transpose_4,Gemm,gemm:/model/layers.5/self_attn/Transpose_4,gemm,gemm_tiled_opt,,performance,gtpin_total_execution_cycles,2113856,cycles,1,64,2113856
n1_i0,0,1,0,n1_i0::primitive::gemm:/model/layers.6/self_attn/MatMul,n1_i0::op::/model/layers.6/self_attn/MatMul,primitive,gemm:/model/layers.6/self_attn/MatMul,layers.*/self_attn,/model/layers.6/self_attn/MatMul,Gemm,gemm:/model/layers.6/self_attn/MatMul,gemm,gemm_tiled_opt,,performance,gtpin_total_execution_cycles,3456314,cycles,1,32,3456314
n1_i0,0,1,0,n1_i0::primitive::gemm:/model/layers.6/self_attn/Transpose_4,n1_i0::op::/model/layers.6/self_attn/Transpose_4,primitive,gemm:/model/layers.6/self_attn/Transpose_4,layers.*/self_attn,/model/layers.6/self_attn/Transpose_4,Gemm,gemm:/model/layers.6/self_attn/Transpose_4,gemm,gemm_tiled_opt,,performance,gtpin_total_execution_cycles,2072666,cycles,1,64,2072666
n1_i0,0,1,0,n1_i0::primitive::gemm:/model/layers.7/self_attn/MatMul,n1_i0::op::/model/layers.7/self_attn/MatMul,primitive,gemm:/model/layers.7/self_attn/MatMul,layers.*/self_attn,/model/layers.7/self_attn/MatMul,Gemm,gemm:/model/layers.7/self_attn/MatMul,gemm,gemm_tiled_opt,,performance,gtpin_total_execution_cycles,3555714,cycles,1,32,3555714
n1_i0,0,1,0,n1_i0::primitive::gemm:/model/layers.7/self_attn/Transpose_4,n1_i0::op::/model/layers.7/self_attn/Transpose_4,primitive,gemm:/model/layers.7/self_attn/Transpose_4,layers.*/self_attn,/model/layers.7/self_attn/Transpose_4,Gemm,gemm:/model/layers.7/self_attn/Transpose_4,gemm,gemm_tiled_opt,,performance,gtpin_total_execution_cycles,2284438,cycles,1,64,2284438
n1_i0,0,1,0,n1_i0::primitive::gemm:/model/layers.8/self_attn/MatMul,n1_i0::op::/model/layers.8/self_attn/MatMul,primitive,gemm:/model/layers.8/self_attn/MatMul,layers.*/self_attn,/model/layers.8/self_attn/MatMul,Gemm,gemm:/model/layers.8/self_attn/MatMul,gemm,gemm_tiled_opt,,performance,gtpin_total_execution_cycles,3898476,cycles,1,32,3898476
n1_i0,0,1,0,n1_i0::primitive::gemm:/model/layers.8/self_attn/Transpose_4,n1_i0::op::/model/layers.8/self_attn/Transpose_4,primitive,gemm:/model/layers.8/self_attn/Transpose_4,layers.*/self_attn,/model/layers.8/self_attn/Transpose_4,Gemm,gemm:/model/layers.8/self_attn/Transpose_4,gemm,gemm_tiled_opt,,performance,gtpin_total_execution_cycles,2039660,cycles,1,64,2039660
n1_i0,0,1,0,n1_i0::primitive::gemm:/model/layers.9/self_attn/MatMul,n1_i0::op::/model/layers.9/self_attn/MatMul,primitive,gemm:/model/layers.9/self_attn/MatMul,layers.*/self_attn,/model/layers.9/self_attn/MatMul,Gemm,gemm:/model/layers.9/self_attn/MatMul,gemm,gemm_tiled_opt,,performance,gtpin_total_execution_cycles,3586660,cycles,1,32,3586660
n1_i0,0,1,0,n1_i0::primitive::gemm:/model/layers.9/self_attn/Transpose_4,n1_i0::op::/model/layers.9/self_attn/Transpose_4,primitive,gemm:/model/layers.9/self_attn/Transpose_4,layers.*/self_attn,/model/layers.9/self_attn/Transpose_4,Gemm,gemm:/model/layers.9/self_attn/Transpose_4,gemm,gemm_tiled_opt,,performance,gtpin_total_execution_cycles,2073546,cycles,1,64,2073546
n1_i0,0,1,0,n1_i0::primitive::gemm:/model/rotary_emb/Transpose,n1_i0::op::/model/rotary_emb/Transpose,primitive,gemm:/model/rotary_emb/Transpose,rotary_emb,/model/rotary_emb/Transpose,Gemm,gemm:/model/rotary_emb/Transpose,gemm,gemm_tiled_opt,,performance,gtpin_total_execution_cycles,40096,cycles,1,2,40096
n1_i0,0,1,0,n1_i0::primitive::isnan:/model/layers.0/self_attn/IsNaN,n1_i0::op::/model/layers.0/self_attn/IsNaN,primitive,isnan:/model/layers.0/self_attn/IsNaN,layers.*/self_attn,/model/layers.0/self_attn/IsNaN,IsNaN,isnan:/model/layers.0/self_attn/IsNaN,eltwise,generic_eltwise_ref,,performance,gtpin_total_execution_cycles,1231254,cycles,1,256,1231254
n1_i0,0,1,0,n1_i0::primitive::isnan:/model/layers.1/self_attn/IsNaN,n1_i0::op::/model/layers.1/self_attn/IsNaN,primitive,isnan:/model/layers.1/self_attn/IsNaN,layers.*/self_attn,/model/layers.1/self_attn/IsNaN,IsNaN,isnan:/model/layers.1/self_attn/IsNaN,eltwise,generic_eltwise_ref,,performance,gtpin_total_execution_cycles,1287506,cycles,1,256,1287506
n1_i0,0,1,0,n1_i0::primitive::isnan:/model/layers.10/self_attn/IsNaN,n1_i0::op::/model/layers.10/self_attn/IsNaN,primitive,isnan:/model/layers.10/self_attn/IsNaN,layers.*/self_attn,/model/layers.10/self_attn/IsNaN,IsNaN,isnan:/model/layers.10/self_attn/IsNaN,eltwise,generic_eltwise_ref,,performance,gtpin_total_execution_cycles,1310808,cycles,1,256,1310808
n1_i0,0,1,0,n1_i0::primitive::isnan:/model/layers.11/self_attn/IsNaN,n1_i0::op::/model/layers.11/self_attn/IsNaN,primitive,isnan:/model/layers.11/self_attn/IsNaN,layers.*/self_attn,/model/layers.11/self_attn/IsNaN,IsNaN,isnan:/model/layers.11/self_attn/IsNaN,eltwise,generic_eltwise_ref,,performance,gtpin_total_execution_cycles,1221762,cycles,1,256,1221762
n1_i0,0,1,0,n1_i0::primitive::isnan:/model/layers.12/self_attn/IsNaN,n1_i0::op::/model/layers.12/self_attn/IsNaN,primitive,isnan:/model/layers.12/self_attn/IsNaN,layers.*/self_attn,/model/layers.12/self_attn/IsNaN,IsNaN,isnan:/model/layers.12/self_attn/IsNaN,eltwise,generic_eltwise_ref,,performance,gtpin_total_execution_cycles,1283722,cycles,1,256,1283722
n1_i0,0,1,0,n1_i0::primitive::isnan:/model/layers.13/self_attn/IsNaN,n1_i0::op::/model/layers.13/self_attn/IsNaN,primitive,isnan:/model/layers.13/self_attn/IsNaN,layers.*/self_attn,/model/layers.13/self_attn/IsNaN,IsNaN,isnan:/model/layers.13/self_attn/IsNaN,eltwise,generic_eltwise_ref,,performance,gtpin_total_execution_cycles,1253978,cycles,1,256,1253978
n1_i0,0,1,0,n1_i0::primitive::isnan:/model/layers.14/self_attn/IsNaN,n1_i0::op::/model/layers.14/self_attn/IsNaN,primitive,isnan:/model/layers.14/self_attn/IsNaN,layers.*/self_attn,/model/layers.14/self_attn/IsNaN,IsNaN,isnan:/model/layers.14/self_attn/IsNaN,eltwise,generic_eltwise_ref,,performance,gtpin_total_execution_cycles,1163830,cycles,1,256,1163830
n1_i0,0,1,0,n1_i0::primitive::isnan:/model/layers.15/self_attn/IsNaN,n1_i0::op::/model/layers.15/self_attn/IsNaN,primitive,isnan:/model/layers.15/self_attn/IsNaN,layers.*/self_attn,/model/layers.15/self_attn/IsNaN,IsNaN,isnan:/model/layers.15/self_attn/IsNaN,eltwise,generic_eltwise_ref,,performance,gtpin_total_execution_cycles,1272266,cycles,1,256,1272266
n1_i0,0,1,0,n1_i0::primitive::isnan:/model/layers.16/self_attn/IsNaN,n1_i0::op::/model/layers.16/self_attn/IsNaN,primitive,isnan:/model/layers.16/self_attn/IsNaN,layers.*/self_attn,/model/layers.16/self_attn/IsNaN,IsNaN,isnan:/model/layers.16/self_attn/IsNaN,eltwise,generic_eltwise_ref,,performance,gtpin_total_execution_cycles,1164484,cycles,1,256,1164484
n1_i0,0,1,0,n1_i0::primitive::isnan:/model/layers.17/self_attn/IsNaN,n1_i0::op::/model/layers.17/self_attn/IsNaN,primitive,isnan:/model/layers.17/self_attn/IsNaN,layers.*/self_attn,/model/layers.17/self_attn/IsNaN,IsNaN,isnan:/model/layers.17/self_attn/IsNaN,eltwise,generic_eltwise_ref,,performance,gtpin_total_execution_cycles,1375202,cycles,1,256,1375202
n1_i0,0,1,0,n1_i0::primitive::isnan:/model/layers.18/self_attn/IsNaN,n1_i0::op::/model/layers.18/self_attn/IsNaN,primitive,isnan:/model/layers.18/self_attn/IsNaN,layers.*/self_attn,/model/layers.18/self_attn/IsNaN,IsNaN,isnan:/model/layers.18/self_attn/IsNaN,eltwise,generic_eltwise_ref,,performance,gtpin_total_execution_cycles,1339346,cycles,1,256,1339346
n1_i0,0,1,0,n1_i0::primitive::isnan:/model/layers.19/self_attn/IsNaN,n1_i0::op::/model/layers.19/self_attn/IsNaN,primitive,isnan:/model/layers.19/self_attn/IsNaN,layers.*/self_attn,/model/layers.19/self_attn/IsNaN,IsNaN,isnan:/model/layers.19/self_attn/IsNaN,eltwise,generic_eltwise_ref,,performance,gtpin_total_execution_cycles,1135526,cycles,1,256,1135526
n1_i0,0,1,0,n1_i0::primitive::isnan:/model/layers.2/self_attn/IsNaN,n1_i0::op::/model/layers.2/self_attn/IsNaN,primitive,isnan:/model/layers.2/self_attn/IsNaN,layers.*/self_attn,/model/layers.2/self_attn/IsNaN,IsNaN,isnan:/model/layers.2/self_attn/IsNaN,eltwise,generic_eltwise_ref,,performance,gtpin_total_execution_cycles,1101406,cycles,1,256,1101406
n1_i0,0,1,0,n1_i0::primitive::isnan:/model/layers.20/self_attn/IsNaN,n1_i0::op::/model/layers.20/self_attn/IsNaN,primitive,isnan:/model/layers.20/self_attn/IsNaN,layers.*/self_attn,/model/layers.20/self_attn/IsNaN,IsNaN,isnan:/model/layers.20/self_attn/IsNaN,eltwise,generic_eltwise_ref,,performance,gtpin_total_execution_cycles,1461322,cycles,1,256,1461322
n1_i0,0,1,0,n1_i0::primitive::isnan:/model/layers.21/self_attn/IsNaN,n1_i0::op::/model/layers.21/self_attn/IsNaN,primitive,isnan:/model/layers.21/self_attn/IsNaN,layers.*/self_attn,/model/layers.21/self_attn/IsNaN,IsNaN,isnan:/model/layers.21/self_attn/IsNaN,eltwise,generic_eltwise_ref,,performance,gtpin_total_execution_cycles,1248966,cycles,1,256,1248966
n1_i0,0,1,0,n1_i0::primitive::isnan:/model/layers.3/self_attn/IsNaN,n1_i0::op::/model/layers.3/self_attn/IsNaN,primitive,isnan:/model/layers.3/self_attn/IsNaN,layers.*/self_attn,/model/layers.3/self_attn/IsNaN,IsNaN,isnan:/model/layers.3/self_attn/IsNaN,eltwise,generic_eltwise_ref,,performance,gtpin_total_execution_cycles,1416800,cycles,1,256,1416800
n1_i0,0,1,0,n1_i0::primitive::isnan:/model/layers.4/self_attn/IsNaN,n1_i0::op::/model/layers.4/self_attn/IsNaN,primitive,isnan:/model/layers.4/self_attn/IsNaN,layers.*/self_attn,/model/layers.4/self_attn/IsNaN,IsNaN,isnan:/model/layers.4/self_attn/IsNaN,eltwise,generic_eltwise_ref,,performance,gtpin_total_execution_cycles,1183528,cycles,1,256,1183528
n1_i0,0,1,0,n1_i0::primitive::isnan:/model/layers.5/self_attn/IsNaN,n1_i0::op::/model/layers.5/self_attn/IsNaN,primitive,isnan:/model/layers.5/self_attn/IsNaN,layers.*/self_attn,/model/layers.5/self_attn/IsNaN,IsNaN,isnan:/model/layers.5/self_attn/IsNaN,eltwise,generic_eltwise_ref,,performance,gtpin_total_execution_cycles,1305800,cycles,1,256,1305800
n1_i0,0,1,0,n1_i0::primitive::isnan:/model/layers.6/self_attn/IsNaN,n1_i0::op::/model/layers.6/self_attn/IsNaN,primitive,isnan:/model/layers.6/self_attn/IsNaN,layers.*/self_attn,/model/layers.6/self_attn/IsNaN,IsNaN,isnan:/model/layers.6/self_attn/IsNaN,eltwise,generic_eltwise_ref,,performance,gtpin_total_execution_cycles,1188366,cycles,1,256,1188366
n1_i0,0,1,0,n1_i0::primitive::isnan:/model/layers.7/self_attn/IsNaN,n1_i0::op::/model/layers.7/self_attn/IsNaN,primitive,isnan:/model/layers.7/self_attn/IsNaN,layers.*/self_attn,/model/layers.7/self_attn/IsNaN,IsNaN,isnan:/model/layers.7/self_attn/IsNaN,eltwise,generic_eltwise_ref,,performance,gtpin_total_execution_cycles,1081110,cycles,1,256,1081110
n1_i0,0,1,0,n1_i0::primitive::isnan:/model/layers.8/self_attn/IsNaN,n1_i0::op::/model/layers.8/self_attn/IsNaN,primitive,isnan:/model/layers.8/self_attn/IsNaN,layers.*/self_attn,/model/layers.8/self_attn/IsNaN,IsNaN,isnan:/model/layers.8/self_attn/IsNaN,eltwise,generic_eltwise_ref,,performance,gtpin_total_execution_cycles,1246270,cycles,1,256,1246270
n1_i0,0,1,0,n1_i0::primitive::isnan:/model/layers.9/self_attn/IsNaN,n1_i0::op::/model/layers.9/self_attn/IsNaN,primitive,isnan:/model/layers.9/self_attn/IsNaN,layers.*/self_attn,/model/layers.9/self_attn/IsNaN,IsNaN,isnan:/model/layers.9/self_attn/IsNaN,eltwise,generic_eltwise_ref,,performance,gtpin_total_execution_cycles,1277670,cycles,1,256,1277670
n1_i0,0,1,0,n1_i0::primitive::lessequal:/model/LessOrEqual,n1_i0::op::/model/LessOrEqual,primitive,lessequal:/model/LessOrEqual,(root),/model/LessOrEqual,LessEqual,lessequal:/model/LessOrEqual,eltwise,generic_eltwise_ref,,performance,gtpin_total_execution_cycles,42976,cycles,1,8,42976
n1_i0,0,1,0,n1_i0::primitive::logicaland:/model/And,n1_i0::op::/model/And,primitive,logicaland:/model/And,(root),/model/And,LogicalAnd,logicaland:/model/And,eltwise,generic_eltwise_ref,,performance,gtpin_total_execution_cycles,44904,cycles,1,8,44904
n1_i0,0,1,0,n1_i0::primitive::logicaland:/model/And_1,n1_i0::op::/model/And_1,primitive,logicaland:/model/And_1,(root),/model/And_1,LogicalAnd,logicaland:/model/And_1,eltwise,generic_eltwise_ref,,performance,gtpin_total_execution_cycles,52272,cycles,1,8,52272
n1_i0,0,1,0,n1_i0::primitive::multiply:/model/layers.0/self_attn/Mul_8,n1_i0::op::/model/layers.0/self_attn/Mul_8,primitive,multiply:/model/layers.0/self_attn/Mul_8,layers.*/self_attn,/model/layers.0/self_attn/Mul_8,Multiply,multiply:/model/layers.0/self_attn/Mul_8,eltwise,generic_eltwise_ref,,performance,gtpin_total_execution_cycles,4374918,cycles,1,1024,4374918
n1_i0,0,1,0,n1_i0::primitive::multiply:/model/layers.1/self_attn/Mul_8,n1_i0::op::/model/layers.1/self_attn/Mul_8,primitive,multiply:/model/layers.1/self_attn/Mul_8,layers.*/self_attn,/model/layers.1/self_attn/Mul_8,Multiply,multiply:/model/layers.1/self_attn/Mul_8,eltwise,generic_eltwise_ref,,performance,gtpin_total_execution_cycles,5140436,cycles,1,1024,5140436
n1_i0,0,1,0,n1_i0::primitive::multiply:/model/layers.10/self_attn/Mul_8,n1_i0::op::/model/layers.10/self_attn/Mul_8,primitive,multiply:/model/layers.10/self_attn/Mul_8,layers.*/self_attn,/model/layers.10/self_attn/Mul_8,Multiply,multiply:/model/layers.10/self_attn/Mul_8,eltwise,generic_eltwise_ref,,performance,gtpin_total_execution_cycles,4762280,cycles,1,1024,4762280
n1_i0,0,1,0,n1_i0::primitive::multiply:/model/layers.11/self_attn/Mul_8,n1_i0::op::/model/layers.11/self_attn/Mul_8,primitive,multiply:/model/layers.11/self_attn/Mul_8,layers.*/self_attn,/model/layers.11/self_attn/Mul_8,Multiply,multiply:/model/layers.11/self_attn/Mul_8,eltwise,generic_eltwise_ref,,performance,gtpin_total_execution_cycles,4396062,cycles,1,1024,4396062
n1_i0,0,1,0,n1_i0::primitive::multiply:/model/layers.12/self_attn/Mul_8,n1_i0::op::/model/layers.12/self_attn/Mul_8,primitive,multiply:/model/layers.12/self_attn/Mul_8,layers.*/self_attn,/model/layers.12/self_attn/Mul_8,Multiply,multiply:/model/layers.12/self_attn/Mul_8,eltwise,generic_eltwise_ref,,performance,gtpin_total_execution_cycles,5285724,cycles,1,1024,5285724
n1_i0,0,1,0,n1_i0::primitive::multiply:/model/layers.13/self_attn/Mul_8,n1_i0::op::/model/layers.13/self_attn/Mul_8,primitive,multiply:/model/layers.13/self_attn/Mul_8,layers.*/self_attn,/model/layers.13/self_attn/Mul_8,Multiply,multiply:/model/layers.13/self_attn/Mul_8,eltwise,generic_eltwise_ref,,performance,gtpin_total_execution_cycles,4403184,cycles,1,1024,4403184
n1_i0,0,1,0,n1_i0::primitive::multiply:/model/layers.14/self_attn/Mul_8,n1_i0::op::/model/layers.14/self_attn/Mul_8,primitive,multiply:/model/layers.14/self_attn/Mul_8,layers.*/self_attn,/model/layers.14/self_attn/Mul_8,Multiply,multiply:/model/layers.14/self_attn/Mul_8,eltwise,generic_eltwise_ref,,performance,gtpin_total_execution_cycles,5487900,cycles,1,1024,5487900
n1_i0,0,1,0,n1_i0::primitive::multiply:/model/layers.15/self_attn/Mul_8,n1_i0::op::/model/layers.15/self_attn/Mul_8,primitive,multiply:/model/layers.15/self_attn/Mul_8,layers.*/self_attn,/model/layers.15/self_attn/Mul_8,Multiply,multiply:/model/layers.15/self_attn/Mul_8,eltwise,generic_eltwise_ref,,performance,gtpin_total_execution_cycles,4736838,cycles,1,1024,4736838
n1_i0,0,1,0,n1_i0::primitive::multiply:/model/layers.16/self_attn/Mul_8,n1_i0::op::/model/layers.16/self_attn/Mul_8,primitive,multiply:/model/layers.16/self_attn/Mul_8,layers.*/self_attn,/model/layers.16/self_attn/Mul_8,Multiply,multiply:/model/layers.16/self_attn/Mul_8,eltwise,generic_eltwise_ref,,performance,gtpin_total_execution_cycles,5005680,cycles,1,1024,5005680
n1_i0,0,1,0,n1_i0::primitive::multiply:/model/layers.17/self_attn/Mul_8,n1_i0::op::/model/layers.17/self_attn/Mul_8,primitive,multiply:/model/layers.17/self_attn/Mul_8,layers.*/self_attn,/model/layers.17/self_attn/Mul_8,Multiply,multiply:/model/layers.17/self_attn/Mul_8,eltwise,generic_eltwise_ref,,performance,gtpin_total_execution_cycles,5301044,cycles,1,1024,5301044
n1_i0,0,1,0,n1_i0::primitive::multiply:/model/layers.18/self_attn/Mul_8,n1_i0::op::/model/layers.18/self_attn/Mul_8,primitive,multiply:/model/layers.18/self_attn/Mul_8,layers.*/self_attn,/model/layers.18/self_attn/Mul_8,Multiply,multiply:/model/layers.18/self_attn/Mul_8,eltwise,generic_eltwise_ref,,performance,gtpin_total_execution_cycles,4966080,cycles,1,1024,4966080
n1_i0,0,1,0,n1_i0::primitive::multiply:/model/layers.19/self_attn/Mul_8,n1_i0::op::/model/layers.19/self_attn/Mul_8,primitive,multiply:/model/layers.19/self_attn/Mul_8,layers.*/self_attn,/model/layers.19/self_attn/Mul_8,Multiply,multiply:/model/layers.19/self_attn/Mul_8,eltwise,generic_eltwise_ref,,performance,gtpin_total_execution_cycles,4500360,cycles,1,1024,4500360
n1_i0,0,1,0,n1_i0::primitive::multiply:/model/layers.2/self_attn/Mul_8,n1_i0::op::/model/layers.2/self_attn/Mul_8,primitive,multiply:/model/layers.2/self_attn/Mul_8,layers.*/self_attn,/model/layers.2/self_attn/Mul_8,Multiply,multiply:/model/layers.2/self_attn/Mul_8,eltwise,generic_eltwise_ref,,performance,gtpin_total_execution_cycles,4563166,cycles,1,1024,4563166
n1_i0,0,1,0,n1_i0::primitive::multiply:/model/layers.20/self_attn/Mul_8,n1_i0::op::/model/layers.20/self_attn/Mul_8,primitive,multiply:/model/layers.20/self_attn/Mul_8,layers.*/self_attn,/model/layers.20/self_attn/Mul_8,Multiply,multiply:/model/layers.20/self_attn/Mul_8,eltwise,generic_eltwise_ref,,performance,gtpin_total_execution_cycles,5265078,cycles,1,1024,5265078
n1_i0,0,1,0,n1_i0::primitive::multiply:/model/layers.21/self_attn/Mul_8,n1_i0::op::/model/layers.21/self_attn/Mul_8,primitive,multiply:/model/layers.21/self_attn/Mul_8,layers.*/self_attn,/model/layers.21/self_attn/Mul_8,Multiply,multiply:/model/layers.21/self_attn/Mul_8,eltwise,generic_eltwise_ref,,performance,gtpin_total_execution_cycles,5313854,cycles,1,1024,5313854
n1_i0,0,1,0,n1_i0::primitive::multiply:/model/layers.3/self_attn/Mul_8,n1_i0::op::/model/layers.3/self_attn/Mul_8,primitive,multiply:/model/layers.3/self_attn/Mul_8,layers.*/self_attn,/model/layers.3/self_attn/Mul_8,Multiply,multiply:/model/layers.3/self_attn/Mul_8,eltwise,generic_eltwise_ref,,performance,gtpin_total_execution_cycles,4476766,cycles,1,1024,4476766
n1_i0,0,1,0,n1_i0::primitive::multiply:/model/layers.4/self_attn/Mul_8,n1_i0::op::/model/layers.4/self_attn/Mul_8,primitive,multiply:/model/layers.4/self_attn/Mul_8,layers.*/self_attn,/model/layers.4/self_attn/Mul_8,Multiply,multiply:/model/layers.4/self_attn/Mul_8,eltwise,generic_eltwise_ref,,performance,gtpin_total_execution_cycles,4870764,cycles,1,1024,4870764
n1_i0,0,1,0,n1_i0::primitive::multiply:/model/layers.5/self_attn/Mul_8,n1_i0::op::/model/layers.5/self_attn/Mul_8,primitive,multiply:/model/layers.5/self_attn/Mul_8,layers.*/self_attn,/model/layers.5/self_attn/Mul_8,Multiply,multiply:/model/layers.5/self_attn/Mul_8,eltwise,generic_eltwise_ref,,performance,gtpin_total_execution_cycles,4796462,cycles,1,1024,4796462
n1_i0,0,1,0,n1_i0::primitive::multiply:/model/layers.6/self_attn/Mul_8,n1_i0::op::/model/layers.6/self_attn/Mul_8,primitive,multiply:/model/layers.6/self_attn/Mul_8,layers.*/self_attn,/model/layers.6/self_attn/Mul_8,Multiply,multiply:/model/layers.6/self_attn/Mul_8,eltwise,generic_eltwise_ref,,performance,gtpin_total_execution_cycles,4638944,cycles,1,1024,4638944
n1_i0,0,1,0,n1_i0::primitive::multiply:/model/layers.7/self_attn/Mul_8,n1_i0::op::/model/layers.7/self_attn/Mul_8,primitive,multiply:/model/layers.7/self_attn/Mul_8,layers.*/self_attn,/model/layers.7/self_attn/Mul_8,Multiply,multiply:/model/layers.7/self_attn/Mul_8,eltwise,generic_eltwise_ref,,performance,gtpin_total_execution_cycles,4809792,cycles,1,1024,4809792
n1_i0,0,1,0,n1_i0::primitive::multiply:/model/layers.8/self_attn/Mul_8,n1_i0::op::/model/layers.8/self_attn/Mul_8,primitive,multiply:/model/layers.8/self_attn/Mul_8,layers.*/self_attn,/model/layers.8/self_attn/Mul_8,Multiply,multiply:/model/layers.8/self_attn/Mul_8,eltwise,generic_eltwise_ref,,performance,gtpin_total_execution_cycles,5526556,cycles,1,1024,5526556
n1_i0,0,1,0,n1_i0::primitive::multiply:/model/layers.9/self_attn/Mul_8,n1_i0::op::/model/layers.9/self_attn/Mul_8,primitive,multiply:/model/layers.9/self_attn/Mul_8,layers.*/self_attn,/model/layers.9/self_attn/Mul_8,Multiply,multiply:/model/layers.9/self_attn/Mul_8,eltwise,generic_eltwise_ref,,performance,gtpin_total_execution_cycles,4636846,cycles,1,1024,4636846
n1_i0,0,1,0,n1_i0::primitive::rms:/model/layers.0/input_layernorm/Mul,n1_i0::op::/model/layers.0/input_layernorm/Mul,primitive,rms:/model/layers.0/input_layernorm/Mul,layers.*/input_layernorm,/model/layers.0/input_layernorm/Mul,RMS,rms:/model/layers.0/input_layernorm/Mul,rms,rms_gpu_bfyx_opt,,performance,gtpin_total_execution_cycles,2125796,cycles,1,256,2125796
n1_i0,0,1,0,n1_i0::primitive::rms:/model/layers.0/post_attention_layernorm/Mul,n1_i0::op::/model/layers.0/post_attention_layernorm/Mul,primitive,rms:/model/layers.0/post_attention_layernorm/Mul,layers.*/post_attention_layernorm,/model/layers.0/post_attention_layernorm/Mul,RMS,rms:/model/layers.0/post_attention_layernorm/Mul,rms,rms_gpu_bfyx_opt,,performance,gtpin_total_execution_cycles,1922810,cycles,1,256,1922810
n1_i0,0,1,0,n1_i0::primitive::rms:/model/layers.1/input_layernorm/Mul,n1_i0::op::/model/layers.1/input_layernorm/Mul,primitive,rms:/model/layers.1/input_layernorm/Mul,layers.*/input_layernorm,/model/layers.1/input_layernorm/Mul,RMS,rms:/model/layers.1/input_layernorm/Mul,rms,rms_gpu_bfyx_opt,,performance,gtpin_total_execution_cycles,1710178,cycles,1,256,1710178
n1_i0,0,1,0,n1_i0::primitive::rms:/model/layers.1/post_attention_layernorm/Mul,n1_i0::op::/model/layers.1/post_attention_layernorm/Mul,primitive,rms:/model/layers.1/post_attention_layernorm/Mul,layers.*/post_attention_layernorm,/model/layers.1/post_attention_layernorm/Mul,RMS,rms:/model/layers.1/post_attention_layernorm/Mul,rms,rms_gpu_bfyx_opt,,performance,gtpin_total_execution_cycles,1757294,cycles,1,256,1757294
n1_i0,0,1,0,n1_i0::primitive::rms:/model/layers.10/input_layernorm/Mul,n1_i0::op::/model/layers.10/input_layernorm/Mul,primitive,rms:/model/layers.10/input_layernorm/Mul,layers.*/input_layernorm,/model/layers.10/input_layernorm/Mul,RMS,rms:/model/layers.10/input_layernorm/Mul,rms,rms_gpu_bfyx_opt,,performance,gtpin_total_execution_cycles,1709562,cycles,1,256,1709562
n1_i0,0,1,0,n1_i0::primitive::rms:/model/layers.10/post_attention_layernorm/Mul,n1_i0::op::/model/layers.10/post_attention_layernorm/Mul,primitive,rms:/model/layers.10/post_attention_layernorm/Mul,layers.*/post_attention_layernorm,/model/layers.10/post_attention_layernorm/Mul,RMS,rms:/model/layers.10/post_attention_layernorm/Mul,rms,rms_gpu_bfyx_opt,,performance,gtpin_total_execution_cycles,1852282,cycles,1,256,1852282
n1_i0,0,1,0,n1_i0::primitive::rms:/model/layers.11/input_layernorm/Mul,n1_i0::op::/model/layers.11/input_layernorm/Mul,primitive,rms:/model/layers.11/input_layernorm/Mul,layers.*/input_layernorm,/model/layers.11/input_layernorm/Mul,RMS,rms:/model/layers.11/input_layernorm/Mul,rms,rms_gpu_bfyx_opt,,performance,gtpin_total_execution_cycles,1989504,cycles,1,256,1989504
n1_i0,0,1,0,n1_i0::primitive::rms:/model/layers.11/post_attention_layernorm/Mul,n1_i0::op::/model/layers.11/post_attention_layernorm/Mul,primitive,rms:/model/layers.11/post_attention_layernorm/Mul,layers.*/post_attention_layernorm,/model/layers.11/post_attention_layernorm/Mul,RMS,rms:/model/layers.11/post_attention_layernorm/Mul,rms,rms_gpu_bfyx_opt,,performance,gtpin_total_execution_cycles,2479556,cycles,1,256,2479556
n1_i0,0,1,0,n1_i0::primitive::rms:/model/layers.12/input_layernorm/Mul,n1_i0::op::/model/layers.12/input_layernorm/Mul,primitive,rms:/model/layers.12/input_layernorm/Mul,layers.*/input_layernorm,/model/layers.12/input_layernorm/Mul,RMS,rms:/model/layers.12/input_layernorm/Mul,rms,rms_gpu_bfyx_opt,,performance,gtpin_total_execution_cycles,1754532,cycles,1,256,1754532
n1_i0,0,1,0,n1_i0::primitive::rms:/model/layers.12/post_attention_layernorm/Mul,n1_i0::op::/model/layers.12/post_attention_layernorm/Mul,primitive,rms:/model/layers.12/post_attention_layernorm/Mul,layers.*/post_attention_layernorm,/model/layers.12/post_attention_layernorm/Mul,RMS,rms:/model/layers.12/post_attention_layernorm/Mul,rms,rms_gpu_bfyx_opt,,performance,gtpin_total_execution_cycles,2215250,cycles,1,256,2215250
n1_i0,0,1,0,n1_i0::primitive::rms:/model/layers.13/input_layernorm/Mul,n1_i0::op::/model/layers.13/input_layernorm/Mul,primitive,rms:/model/layers.13/input_layernorm/Mul,layers.*/input_layernorm,/model/layers.13/input_layernorm/Mul,RMS,rms:/model/layers.13/input_layernorm/Mul,rms,rms_gpu_bfyx_opt,,performance,gtpin_total_execution_cycles,2348962,cycles,1,256,2348962
n1_i0,0,1,0,n1_i0::primitive::rms:/model/layers.13/post_attention_layernorm/Mul,n1_i0::op::/model/layers.13/post_attention_layernorm/Mul,primitive,rms:/model/layers.13/post_attention_layernorm/Mul,layers.*/post_attention_layernorm,/model/layers.13/post_attention_layernorm/Mul,RMS,rms:/model/layers.13/post_attention_layernorm/Mul,rms,rms_gpu_bfyx_opt,,performance,gtpin_total_execution_cycles,1936102,cycles,1,256,1936102
n1_i0,0,1,0,n1_i0::primitive::rms:/model/layers.14/input_layernorm/Mul,n1_i0::op::/model/layers.14/input_layernorm/Mul,primitive,rms:/model/layers.14/input_layernorm/Mul,layers.*/input_layernorm,/model/layers.14/input_layernorm/Mul,RMS,rms:/model/layers.14/input_layernorm/Mul,rms,rms_gpu_bfyx_opt,,performance,gtpin_total_execution_cycles,1763028,cycles,1,256,1763028
n1_i0,0,1,0,n1_i0::primitive::rms:/model/layers.14/post_attention_layernorm/Mul,n1_i0::op::/model/layers.14/post_attention_layernorm/Mul,primitive,rms:/model/layers.14/post_attention_layernorm/Mul,layers.*/post_attention_layernorm,/model/layers.14/post_attention_layernorm/Mul,RMS,rms:/model/layers.14/post_attention_layernorm/Mul,rms,rms_gpu_bfyx_opt,,performance,gtpin_total_execution_cycles,1926962,cycles,1,256,1926962
n1_i0,0,1,0,n1_i0::primitive::rms:/model/layers.15/input_layernorm/Mul,n1_i0::op::/model/layers.15/input_layernorm/Mul,primitive,rms:/model/layers.15/input_layernorm/Mul,layers.*/input_layernorm,/model/layers.15/input_layernorm/Mul,RMS,rms:/model/layers.15/input_layernorm/Mul,rms,rms_gpu_bfyx_opt,,performance,gtpin_total_execution_cycles,2184718,cycles,1,256,2184718
n1_i0,0,1,0,n1_i0::primitive::rms:/model/layers.15/post_attention_layernorm/Mul,n1_i0::op::/model/layers.15/post_attention_layernorm/Mul,primitive,rms:/model/layers.15/post_attention_layernorm/Mul,layers.*/post_attention_layernorm,/model/layers.15/post_attention_layernorm/Mul,RMS,rms:/model/layers.15/post_attention_layernorm/Mul,rms,rms_gpu_bfyx_opt,,performance,gtpin_total_execution_cycles,1937930,cycles,1,256,1937930
n1_i0,0,1,0,n1_i0::primitive::rms:/model/layers.16/input_layernorm/Mul,n1_i0::op::/model/layers.16/input_layernorm/Mul,primitive,rms:/model/layers.16/input_layernorm/Mul,layers.*/input_layernorm,/model/layers.16/input_layernorm/Mul,RMS,rms:/model/layers.16/input_layernorm/Mul,rms,rms_gpu_bfyx_opt,,performance,gtpin_total_execution_cycles,1506722,cycles,1,256,1506722
n1_i0,0,1,0,n1_i0::primitive::rms:/model/layers.16/post_attention_layernorm/Mul,n1_i0::op::/model/layers.16/post_attention_layernorm/Mul,primitive,rms:/model/layers.16/post_attention_layernorm/Mul,layers.*/post_attention_layernorm,/model/layers.16/post_attention_layernorm/Mul,RMS,rms:/model/layers.16/post_attention_layernorm/Mul,rms,rms_gpu_bfyx_opt,,performance,gtpin_total_execution_cycles,1976838,cycles,1,256,1976838
n1_i0,0,1,0,n1_i0::primitive::rms:/model/layers.17/input_layernorm/Mul,n1_i0::op::/model/layers.17/input_layernorm/Mul,primitive,rms:/model/layers.17/input_layernorm/Mul,layers.*/input_layernorm,/model/layers.17/input_layernorm/Mul,RMS,rms:/model/layers.17/input_layernorm/Mul,rms,rms_gpu_bfyx_opt,,performance,gtpin_total_execution_cycles,1912302,cycles,1,256,1912302
n1_i0,0,1,0,n1_i0::primitive::rms:/model/layers.17/post_attention_layernorm/Mul,n1_i0::op::/model/layers.17/post_attention_layernorm/Mul,primitive,rms:/model/layers.17/post_attention_layernorm/Mul,layers.*/post_attention_layernorm,/model/layers.17/post_attention_layernorm/Mul,RMS,rms:/model/layers.17/post_attention_layernorm/Mul,rms,rms_gpu_bfyx_opt,,performance,gtpin_total_execution_cycles,2052884,cycles,1,256,2052884
n1_i0,0,1,0,n1_i0::primitive::rms:/model/layers.18/input_layernorm/Mul,n1_i0::op::/model/layers.18/input_layernorm/Mul,primitive,rms:/model/layers.18/input_layernorm/Mul,layers.*/input_layernorm,/model/layers.18/input_layernorm/Mul,RMS,rms:/model/layers.18/input_layernorm/Mul,rms,rms_gpu_bfyx_opt,,performance,gtpin_total_execution_cycles,1528854,cycles,1,256,1528854
n1_i0,0,1,0,n1_i0::primitive::rms:/model/layers.18/post_attention_layernorm/Mul,n1_i0::op::/model/layers.18/post_attention_layernorm/Mul,primitive,rms:/model/layers.18/post_attention_layernorm/Mul,layers.*/post_attention_layernorm,/model/layers.18/post_attention_layernorm/Mul,RMS,rms:/model/layers.18/post_attention_layernorm/Mul,rms,rms_gpu_bfyx_opt,,performance,gtpin_total_execution_cycles,1882318,cycles,1,256,1882318
n1_i0,0,1,0,n1_i0::primitive::rms:/model/layers.19/input_layernorm/Mul,n1_i0::op::/model/layers.19/input_layernorm/Mul,primitive,rms:/model/layers.19/input_layernorm/Mul,layers.*/input_layernorm,/model/layers.19/input_layernorm/Mul,RMS,rms:/model/layers.19/input_layernorm/Mul,rms,rms_gpu_bfyx_opt,,performance,gtpin_total_execution_cycles,2050008,cycles,1,256,2050008
n1_i0,0,1,0,n1_i0::primitive::rms:/model/layers.19/post_attention_layernorm/Mul,n1_i0::op::/model/layers.19/post_attention_layernorm/Mul,primitive,rms:/model/layers.19/post_attention_layernorm/Mul,layers.*/post_attention_layernorm,/model/layers.19/post_attention_layernorm/Mul,RMS,rms:/model/layers.19/post_attention_layernorm/Mul,rms,rms_gpu_bfyx_opt,,performance,gtpin_total_execution_cycles,2136782,cycles,1,256,2136782
n1_i0,0,1,0,n1_i0::primitive::rms:/model/layers.2/input_layernorm/Mul,n1_i0::op::/model/layers.2/input_layernorm/Mul,primitive,rms:/model/layers.2/input_layernorm/Mul,layers.*/input_layernorm,/model/layers.2/input_layernorm/Mul,RMS,rms:/model/layers.2/input_layernorm/Mul,rms,rms_gpu_bfyx_opt,,performance,gtpin_total_execution_cycles,1412494,cycles,1,256,1412494
n1_i0,0,1,0,n1_i0::primitive::rms:/model/layers.2/post_attention_layernorm/Mul,n1_i0::op::/model/layers.2/post_attention_layernorm/Mul,primitive,rms:/model/layers.2/post_attention_layernorm/Mul,layers.*/post_attention_layernorm,/model/layers.2/post_attention_layernorm/Mul,RMS,rms:/model/layers.2/post_attention_layernorm/Mul,rms,rms_gpu_bfyx_opt,,performance,gtpin_total_execution_cycles,2145200,cycles,1,256,2145200
n1_i0,0,1,0,n1_i0::primitive::rms:/model/layers.20/input_layernorm/Mul,n1_i0::op::/model/layers.20/input_layernorm/Mul,primitive,rms:/model/layers.20/input_layernorm/Mul,layers.*/input_layernorm,/model/layers.20/input_layernorm/Mul,RMS,rms:/model/layers.20/input_layernorm/Mul,rms,rms_gpu_bfyx_opt,,performance,gtpin_total_execution_cycles,1609416,cycles,1,256,1609416
n1_i0,0,1,0,n1_i0::primitive::rms:/model/layers.20/post_attention_layernorm/Mul,n1_i0::op::/model/layers.20/post_attention_layernorm/Mul,primitive,rms:/model/layers.20/post_attention_layernorm/Mul,layers.*/post_attention_layernorm,/model/layers.20/post_attention_layernorm/Mul,RMS,rms:/model/layers.20/post_attention_layernorm/Mul,rms,rms_gpu_bfyx_opt,,performance,gtpin_total_execution_cycles,2416718,cycles,1,256,2416718
n1_i0,0,1,0,n1_i0::primitive::rms:/model/layers.21/input_layernorm/Mul,n1_i0::op::/model/layers.21/input_layernorm/Mul,primitive,rms:/model/layers.21/input_layernorm/Mul,layers.*/input_layernorm,/model/layers.21/input_layernorm/Mul,RMS,rms:/model/layers.21/input_layernorm/Mul,rms,rms_gpu_bfyx_opt,,performance,gtpin_total_execution_cycles,1862776,cycles,1,256,1862776
n1_i0,0,1,0,n1_i0::primitive::rms:/model/layers.21/post_attention_layernorm/Mul,n1_i0::op::/model/layers.21/post_attention_layernorm/Mul,primitive,rms:/model/layers.21/post_attention_layernorm/Mul,layers.*/post_attention_layernorm,/model/layers.21/post_attention_layernorm/Mul,RMS,rms:/model/layers.21/post_attention_layernorm/Mul,rms,rms_gpu_bfyx_opt,,performance,gtpin_total_execution_cycles,2237416,cycles,1,256,2237416
n1_i0,0,1,0,n1_i0::primitive::rms:/model/layers.3/input_layernorm/Mul,n1_i0::op::/model/layers.3/input_layernorm/Mul,primitive,rms:/model/layers.3/input_layernorm/Mul,layers.*/input_layernorm,/model/layers.3/input_layernorm/Mul,RMS,rms:/model/layers.3/input_layernorm/Mul,rms,rms_gpu_bfyx_opt,,performance,gtpin_total_execution_cycles,2043930,cycles,1,256,2043930
n1_i0,0,1,0,n1_i0::primitive::rms:/model/layers.3/post_attention_layernorm/Mul,n1_i0::op::/model/layers.3/post_attention_layernorm/Mul,primitive,rms:/model/layers.3/post_attention_layernorm/Mul,layers.*/post_attention_layernorm,/model/layers.3/post_attention_layernorm/Mul,RMS,rms:/model/layers.3/post_attention_layernorm/Mul,rms,rms_gpu_bfyx_opt,,performance,gtpin_total_execution_cycles,2013862,cycles,1,256,2013862
n1_i0,0,1,0,n1_i0::primitive::rms:/model/layers.4/input_layernorm/Mul,n1_i0::op::/model/layers.4/input_layernorm/Mul,primitive,rms:/model/layers.4/input_layernorm/Mul,layers.*/input_layernorm,/model/layers.4/input_layernorm/Mul,RMS,rms:/model/layers.4/input_layernorm/Mul,rms,rms_gpu_bfyx_opt,,performance,gtpin_total_execution_cycles,1795530,cycles,1,256,1795530
n1_i0,0,1,0,n1_i0::primitive::rms:/model/layers.4/post_attention_layernorm/Mul,n1_i0::op::/model/layers.4/post_attention_layernorm/Mul,primitive,rms:/model/layers.4/post_attention_layernorm/Mul,layers.*/post_attention_layernorm,/model/layers.4/post_attention_layernorm/Mul,RMS,rms:/model/layers.4/post_attention_layernorm/Mul,rms,rms_gpu_bfyx_opt,,performance,gtpin_total_execution_cycles,1882126,cycles,1,256,1882126
n1_i0,0,1,0,n1_i0::primitive::rms:/model/layers.5/input_layernorm/Mul,n1_i0::op::/model/layers.5/input_layernorm/Mul,primitive,rms:/model/layers.5/input_layernorm/Mul,layers.*/input_layernorm,/model/layers.5/input_layernorm/Mul,RMS,rms:/model/layers.5/input_layernorm/Mul,rms,rms_gpu_bfyx_opt,,performance,gtpin_total_execution_cycles,1702172,cycles,1,256,1702172
n1_i0,0,1,0,n1_i0::primitive::rms:/model/layers.5/post_attention_layernorm/Mul,n1_i0::op::/model/layers.5/post_attention_layernorm/Mul,primitive,rms:/model/layers.5/post_attention_layernorm/Mul,layers.*/post_attention_layernorm,/model/layers.5/post_attention_layernorm/Mul,RMS,rms:/model/layers.5/post_attention_layernorm/Mul,rms,rms_gpu_bfyx_opt,,performance,gtpin_total_execution_cycles,1856506,cycles,1,256,1856506
n1_i0,0,1,0,n1_i0::primitive::rms:/model/layers.6/input_layernorm/Mul,n1_i0::op::/model/layers.6/input_layernorm/Mul,primitive,rms:/model/layers.6/input_layernorm/Mul,layers.*/input_layernorm,/model/layers.6/input_layernorm/Mul,RMS,rms:/model/layers.6/input_layernorm/Mul,rms,rms_gpu_bfyx_opt,,performance,gtpin_total_execution_cycles,1522084,cycles,1,256,1522084
n1_i0,0,1,0,n1_i0::primitive::rms:/model/layers.6/post_attention_layernorm/Mul,n1_i0::op::/model/layers.6/post_attention_layernorm/Mul,primitive,rms:/model/layers.6/post_attention_layernorm/Mul,layers.*/post_attention_layernorm,/model/layers.6/post_attention_layernorm/Mul,RMS,rms:/model/layers.6/post_attention_layernorm/Mul,rms,rms_gpu_bfyx_opt,,performance,gtpin_total_execution_cycles,1980888,cycles,1,256,1980888
n1_i0,0,1,0,n1_i0::primitive::rms:/model/layers.7/input_layernorm/Mul,n1_i0::op::/model/layers.7/input_layernorm/Mul,primitive,rms:/model/layers.7/input_layernorm/Mul,layers.*/input_layernorm,/model/layers.7/input_layernorm/Mul,RMS,rms:/model/layers.7/input_layernorm/Mul,rms,rms_gpu_bfyx_opt,,performance,gtpin_total_execution_cycles,2132250,cycles,1,256,2132250
n1_i0,0,1,0,n1_i0::primitive::rms:/model/layers.7/post_attention_layernorm/Mul,n1_i0::op::/model/layers.7/post_attention_layernorm/Mul,primitive,rms:/model/layers.7/post_attention_layernorm/Mul,layers.*/post_attention_layernorm,/model/layers.7/post_attention_layernorm/Mul,RMS,rms:/model/layers.7/post_attention_layernorm/Mul,rms,rms_gpu_bfyx_opt,,performance,gtpin_total_execution_cycles,1984100,cycles,1,256,1984100
n1_i0,0,1,0,n1_i0::primitive::rms:/model/layers.8/input_layernorm/Mul,n1_i0::op::/model/layers.8/input_layernorm/Mul,primitive,rms:/model/layers.8/input_layernorm/Mul,layers.*/input_layernorm,/model/layers.8/input_layernorm/Mul,RMS,rms:/model/layers.8/input_layernorm/Mul,rms,rms_gpu_bfyx_opt,,performance,gtpin_total_execution_cycles,1600120,cycles,1,256,1600120
n1_i0,0,1,0,n1_i0::primitive::rms:/model/layers.8/post_attention_layernorm/Mul,n1_i0::op::/model/layers.8/post_attention_layernorm/Mul,primitive,rms:/model/layers.8/post_attention_layernorm/Mul,layers.*/post_attention_layernorm,/model/layers.8/post_attention_layernorm/Mul,RMS,rms:/model/layers.8/post_attention_layernorm/Mul,rms,rms_gpu_bfyx_opt,,performance,gtpin_total_execution_cycles,1849580,cycles,1,256,1849580
n1_i0,0,1,0,n1_i0::primitive::rms:/model/layers.9/input_layernorm/Mul,n1_i0::op::/model/layers.9/input_layernorm/Mul,primitive,rms:/model/layers.9/input_layernorm/Mul,layers.*/input_layernorm,/model/layers.9/input_layernorm/Mul,RMS,rms:/model/layers.9/input_layernorm/Mul,rms,rms_gpu_bfyx_opt,,performance,gtpin_total_execution_cycles,1766504,cycles,1,256,1766504
n1_i0,0,1,0,n1_i0::primitive::rms:/model/layers.9/post_attention_layernorm/Mul,n1_i0::op::/model/layers.9/post_attention_layernorm/Mul,primitive,rms:/model/layers.9/post_attention_layernorm/Mul,layers.*/post_attention_layernorm,/model/layers.9/post_attention_layernorm/Mul,RMS,rms:/model/layers.9/post_attention_layernorm/Mul,rms,rms_gpu_bfyx_opt,,performance,gtpin_total_execution_cycles,2029414,cycles,1,256,2029414
n1_i0,0,1,0,n1_i0::primitive::rms:/model/norm/Mul,n1_i0::op::/model/norm/Mul,primitive,rms:/model/norm/Mul,(root),/model/norm/Mul,RMS,rms:/model/norm/Mul,rms,rms_gpu_bfyx_opt,,performance,gtpin_total_execution_cycles,1997998,cycles,1,256,1997998
n1_i0,0,1,0,n1_i0::primitive::rope:/model/layers.0/self_attn/Add,n1_i0::op::/model/layers.0/self_attn/Add,primitive,rope:/model/layers.0/self_attn/Add,layers.*/self_attn,/model/layers.0/self_attn/Add,RoPE,rope:/model/layers.0/self_attn/Add,rope,ocl::rope::opt_,,performance,gtpin_total_execution_cycles,1187844,cycles,1,64,1187844
n1_i0,0,1,0,n1_i0::primitive::rope:/model/layers.0/self_attn/Add_1,n1_i0::op::/model/layers.0/self_attn/Add_1,primitive,rope:/model/layers.0/self_attn/Add_1,layers.*/self_attn,/model/layers.0/self_attn/Add_1,RoPE,rope:/model/layers.0/self_attn/Add_1,rope,ocl::rope::opt_,,performance,gtpin_total_execution_cycles,81944,cycles,1,8,81944
n1_i0,0,1,0,n1_i0::primitive::rope:/model/layers.1/self_attn/Add,n1_i0::op::/model/layers.1/self_attn/Add,primitive,rope:/model/layers.1/self_attn/Add,layers.*/self_attn,/model/layers.1/self_attn/Add,RoPE,rope:/model/layers.1/self_attn/Add,rope,ocl::rope::opt_,,performance,gtpin_total_execution_cycles,1018708,cycles,1,64,1018708
n1_i0,0,1,0,n1_i0::primitive::rope:/model/layers.1/self_attn/Add_1,n1_i0::op::/model/layers.1/self_attn/Add_1,primitive,rope:/model/layers.1/self_attn/Add_1,layers.*/self_attn,/model/layers.1/self_attn/Add_1,RoPE,rope:/model/layers.1/self_attn/Add_1,rope,ocl::rope::opt_,,performance,gtpin_total_execution_cycles,76458,cycles,1,8,76458
n1_i0,0,1,0,n1_i0::primitive::rope:/model/layers.10/self_attn/Add,n1_i0::op::/model/layers.10/self_attn/Add,primitive,rope:/model/layers.10/self_attn/Add,layers.*/self_attn,/model/layers.10/self_attn/Add,RoPE,rope:/model/layers.10/self_attn/Add,rope,ocl::rope::opt_,,performance,gtpin_total_execution_cycles,783902,cycles,1,64,783902
n1_i0,0,1,0,n1_i0::primitive::rope:/model/layers.10/self_attn/Add_1,n1_i0::op::/model/layers.10/self_attn/Add_1,primitive,rope:/model/layers.10/self_attn/Add_1,layers.*/self_attn,/model/layers.10/self_attn/Add_1,RoPE,rope:/model/layers.10/self_attn/Add_1,rope,ocl::rope::opt_,,performance,gtpin_total_execution_cycles,60174,cycles,1,8,60174
n1_i0,0,1,0,n1_i0::primitive::rope:/model/layers.11/self_attn/Add,n1_i0::op::/model/layers.11/self_attn/Add,primitive,rope:/model/layers.11/self_attn/Add,layers.*/self_attn,/model/layers.11/self_attn/Add,RoPE,rope:/model/layers.11/self_attn/Add,rope,ocl::rope::opt_,,performance,gtpin_total_execution_cycles,815804,cycles,1,64,815804
n1_i0,0,1,0,n1_i0::primitive::rope:/model/layers.11/self_attn/Add_1,n1_i0::op::/model/layers.11/self_attn/Add_1,primitive,rope:/model/layers.11/self_attn/Add_1,layers.*/self_attn,/model/layers.11/self_attn/Add_1,RoPE,rope:/model/layers.11/self_attn/Add_1,rope,ocl::rope::opt_,,performance,gtpin_total_execution_cycles,66558,cycles,1,8,66558
n1_i0,0,1,0,n1_i0::primitive::rope:/model/layers.12/self_attn/Add,n1_i0::op::/model/layers.12/self_attn/Add,primitive,rope:/model/layers.12/self_attn/Add,layers.*/self_attn,/model/layers.12/self_attn/Add,RoPE,rope:/model/layers.12/self_attn/Add,rope,ocl::rope::opt_,,performance,gtpin_total_execution_cycles,830274,cycles,1,64,830274
n1_i0,0,1,0,n1_i0::primitive::rope:/model/layers.12/self_attn/Add_1,n1_i0::op::/model/layers.12/self_attn/Add_1,primitive,rope:/model/layers.12/self_attn/Add_1,layers.*/self_attn,/model/layers.12/self_attn/Add_1,RoPE,rope:/model/layers.12/self_attn/Add_1,rope,ocl::rope::opt_,,performance,gtpin_total_execution_cycles,62050,cycles,1,8,62050
n1_i0,0,1,0,n1_i0::primitive::rope:/model/layers.13/self_attn/Add,n1_i0::op::/model/layers.13/self_attn/Add,primitive,rope:/model/layers.13/self_attn/Add,layers.*/self_attn,/model/layers.13/self_attn/Add,RoPE,rope:/model/layers.13/self_attn/Add,rope,ocl::rope::opt_,,performance,gtpin_total_execution_cycles,933180,cycles,1,64,933180
n1_i0,0,1,0,n1_i0::primitive::rope:/model/layers.13/self_attn/Add_1,n1_i0::op::/model/layers.13/self_attn/Add_1,primitive,rope:/model/layers.13/self_attn/Add_1,layers.*/self_attn,/model/layers.13/self_attn/Add_1,RoPE,rope:/model/layers.13/self_attn/Add_1,rope,ocl::rope::opt_,,performance,gtpin_total_execution_cycles,75410,cycles,1,8,75410
n1_i0,0,1,0,n1_i0::primitive::rope:/model/layers.14/self_attn/Add,n1_i0::op::/model/layers.14/self_attn/Add,primitive,rope:/model/layers.14/self_attn/Add,layers.*/self_attn,/model/layers.14/self_attn/Add,RoPE,rope:/model/layers.14/self_attn/Add,rope,ocl::rope::opt_,,performance,gtpin_total_execution_cycles,1016846,cycles,1,64,1016846
n1_i0,0,1,0,n1_i0::primitive::rope:/model/layers.14/self_attn/Add_1,n1_i0::op::/model/layers.14/self_attn/Add_1,primitive,rope:/model/layers.14/self_attn/Add_1,layers.*/self_attn,/model/layers.14/self_attn/Add_1,RoPE,rope:/model/layers.14/self_attn/Add_1,rope,ocl::rope::opt_,,performance,gtpin_total_execution_cycles,68154,cycles,1,8,68154
n1_i0,0,1,0,n1_i0::primitive::rope:/model/layers.15/self_attn/Add,n1_i0::op::/model/layers.15/self_attn/Add,primitive,rope:/model/layers.15/self_attn/Add,layers.*/self_attn,/model/layers.15/self_attn/Add,RoPE,rope:/model/layers.15/self_attn/Add,rope,ocl::rope::opt_,,performance,gtpin_total_execution_cycles,893812,cycles,1,64,893812
n1_i0,0,1,0,n1_i0::primitive::rope:/model/layers.15/self_attn/Add_1,n1_i0::op::/model/layers.15/self_attn/Add_1,primitive,rope:/model/layers.15/self_attn/Add_1,layers.*/self_attn,/model/layers.15/self_attn/Add_1,RoPE,rope:/model/layers.15/self_attn/Add_1,rope,ocl::rope::opt_,,performance,gtpin_total_execution_cycles,67202,cycles,1,8,67202
n1_i0,0,1,0,n1_i0::primitive::rope:/model/layers.16/self_attn/Add,n1_i0::op::/model/layers.16/self_attn/Add,primitive,rope:/model/layers.16/self_attn/Add,layers.*/self_attn,/model/layers.16/self_attn/Add,RoPE,rope:/model/layers.16/self_attn/Add,rope,ocl::rope::opt_,,performance,gtpin_total_execution_cycles,847252,cycles,1,64,847252
n1_i0,0,1,0,n1_i0::primitive::rope:/model/layers.16/self_attn/Add_1,n1_i0::op::/model/layers.16/self_attn/Add_1,primitive,rope:/model/layers.16/self_attn/Add_1,layers.*/self_attn,/model/layers.16/self_attn/Add_1,RoPE,rope:/model/layers.16/self_attn/Add_1,rope,ocl::rope::opt_,,performance,gtpin_total_execution_cycles,62584,cycles,1,8,62584
n1_i0,0,1,0,n1_i0::primitive::rope:/model/layers.17/self_attn/Add,n1_i0::op::/model/layers.17/self_attn/Add,primitive,rope:/model/layers.17/self_attn/Add,layers.*/self_attn,/model/layers.17/self_attn/Add,RoPE,rope:/model/layers.17/self_attn/Add,rope,ocl::rope::opt_,,performance,gtpin_total_execution_cycles,905050,cycles,1,64,905050
n1_i0,0,1,0,n1_i0::primitive::rope:/model/layers.17/self_attn/Add_1,n1_i0::op::/model/layers.17/self_attn/Add_1,primitive,rope:/model/layers.17/self_attn/Add_1,layers.*/self_attn,/model/layers.17/self_attn/Add_1,RoPE,rope:/model/layers.17/self_attn/Add_1,rope,ocl::rope::opt_,,performance,gtpin_total_execution_cycles,67450,cycles,1,8,67450
n1_i0,0,1,0,n1_i0::primitive::rope:/model/layers.18/self_attn/Add,n1_i0::op::/model/layers.18/self_attn/Add,primitive,rope:/model/layers.18/self_attn/Add,layers.*/self_attn,/model/layers.18/self_attn/Add,RoPE,rope:/model/layers.18/self_attn/Add,rope,ocl::rope::opt_,,performance,gtpin_total_execution_cycles,835074,cycles,1,64,835074
n1_i0,0,1,0,n1_i0::primitive::rope:/model/layers.18/self_attn/Add_1,n1_i0::op::/model/layers.18/self_attn/Add_1,primitive,rope:/model/layers.18/self_attn/Add_1,layers.*/self_attn,/model/layers.18/self_attn/Add_1,RoPE,rope:/model/layers.18/self_attn/Add_1,rope,ocl::rope::opt_,,performance,gtpin_total_execution_cycles,68818,cycles,1,8,68818
n1_i0,0,1,0,n1_i0::primitive::rope:/model/layers.19/self_attn/Add,n1_i0::op::/model/layers.19/self_attn/Add,primitive,rope:/model/layers.19/self_attn/Add,layers.*/self_attn,/model/layers.19/self_attn/Add,RoPE,rope:/model/layers.19/self_attn/Add,rope,ocl::rope::opt_,,performance,gtpin_total_execution_cycles,938816,cycles,1,64,938816
n1_i0,0,1,0,n1_i0::primitive::rope:/model/layers.19/self_attn/Add_1,n1_i0::op::/model/layers.19/self_attn/Add_1,primitive,rope:/model/layers.19/self_attn/Add_1,layers.*/self_attn,/model/layers.19/self_attn/Add_1,RoPE,rope:/model/layers.19/self_attn/Add_1,rope,ocl::rope::opt_,,performance,gtpin_total_execution_cycles,64800,cycles,1,8,64800
n1_i0,0,1,0,n1_i0::primitive::rope:/model/layers.2/self_attn/Add,n1_i0::op::/model/layers.2/self_attn/Add,primitive,rope:/model/layers.2/self_attn/Add,layers.*/self_attn,/model/layers.2/self_attn/Add,RoPE,rope:/model/layers.2/self_attn/Add,rope,ocl::rope::opt_,,performance,gtpin_total_execution_cycles,825252,cycles,1,64,825252
n1_i0,0,1,0,n1_i0::primitive::rope:/model/layers.2/self_attn/Add_1,n1_i0::op::/model/layers.2/self_attn/Add_1,primitive,rope:/model/layers.2/self_attn/Add_1,layers.*/self_attn,/model/layers.2/self_attn/Add_1,RoPE,rope:/model/layers.2/self_attn/Add_1,rope,ocl::rope::opt_,,performance,gtpin_total_execution_cycles,64216,cycles,1,8,64216
n1_i0,0,1,0,n1_i0::primitive::rope:/model/layers.20/self_attn/Add,n1_i0::op::/model/layers.20/self_attn/Add,primitive,rope:/model/layers.20/self_attn/Add,layers.*/self_attn,/model/layers.20/self_attn/Add,RoPE,rope:/model/layers.20/self_attn/Add,rope,ocl::rope::opt_,,performance,gtpin_total_execution_cycles,926894,cycles,1,64,926894
n1_i0,0,1,0,n1_i0::primitive::rope:/model/layers.20/self_attn/Add_1,n1_i0::op::/model/layers.20/self_attn/Add_1,primitive,rope:/model/layers.20/self_attn/Add_1,layers.*/self_attn,/model/layers.20/self_attn/Add_1,RoPE,rope:/model/layers.20/self_attn/Add_1,rope,ocl::rope::opt_,,performance,gtpin_total_execution_cycles,61578,cycles,1,8,61578
n1_i0,0,1,0,n1_i0::primitive::rope:/model/layers.21/self_attn/Add,n1_i0::op::/model/layers.21/self_attn/Add,primitive,rope:/model/layers.21/self_attn/Add,layers.*/self_attn,/model/layers.21/self_attn/Add,RoPE,rope:/model/layers.21/self_attn/Add,rope,ocl::rope::opt_,,performance,gtpin_total_execution_cycles,891630,cycles,1,64,891630
n1_i0,0,1,0,n1_i0::primitive::rope:/model/layers.21/self_attn/Add_1,n1_i0::op::/model/layers.21/self_attn/Add_1,primitive,rope:/model/layers.21/self_attn/Add_1,layers.*/self_attn,/model/layers.21/self_attn/Add_1,RoPE,rope:/model/layers.21/self_attn/Add_1,rope,ocl::rope::opt_,,performance,gtpin_total_execution_cycles,69202,cycles,1,8,69202
n1_i0,0,1,0,n1_i0::primitive::rope:/model/layers.3/self_attn/Add,n1_i0::op::/model/layers.3/self_attn/Add,primitive,rope:/model/layers.3/self_attn/Add,layers.*/self_attn,/model/layers.3/self_attn/Add,RoPE,rope:/model/layers.3/self_attn/Add,rope,ocl::rope::opt_,,performance,gtpin_total_execution_cycles,818214,cycles,1,64,818214
n1_i0,0,1,0,n1_i0::primitive::rope:/model/layers.3/self_attn/Add_1,n1_i0::op::/model/layers.3/self_attn/Add_1,primitive,rope:/model/layers.3/self_attn/Add_1,layers.*/self_attn,/model/layers.3/self_attn/Add_1,RoPE,rope:/model/layers.3/self_attn/Add_1,rope,ocl::rope::opt_,,performance,gtpin_total_execution_cycles,67670,cycles,1,8,67670
n1_i0,0,1,0,n1_i0::primitive::rope:/model/layers.4/self_attn/Add,n1_i0::op::/model/layers.4/self_attn/Add,primitive,rope:/model/layers.4/self_attn/Add,layers.*/self_attn,/model/layers.4/self_attn/Add,RoPE,rope:/model/layers.4/self_attn/Add,rope,ocl::rope::opt_,,performance,gtpin_total_execution_cycles,857064,cycles,1,64,857064
n1_i0,0,1,0,n1_i0::primitive::rope:/model/layers.4/self_attn/Add_1,n1_i0::op::/model/layers.4/self_attn/Add_1,primitive,rope:/model/layers.4/self_attn/Add_1,layers.*/self_attn,/model/layers.4/self_attn/Add_1,RoPE,rope:/model/layers.4/self_attn/Add_1,rope,ocl::rope::opt_,,performance,gtpin_total_execution_cycles,59170,cycles,1,8,59170
n1_i0,0,1,0,n1_i0::primitive::rope:/model/layers.5/self_attn/Add,n1_i0::op::/model/layers.5/self_attn/Add,primitive,rope:/model/layers.5/self_attn/Add,layers.*/self_attn,/model/layers.5/self_attn/Add,RoPE,rope:/model/layers.5/self_attn/Add,rope,ocl::rope::opt_,,performance,gtpin_total_execution_cycles,864562,cycles,1,64,864562
n1_i0,0,1,0,n1_i0::primitive::rope:/model/layers.5/self_attn/Add_1,n1_i0::op::/model/layers.5/self_attn/Add_1,primitive,rope:/model/layers.5/self_attn/Add_1,layers.*/self_attn,/model/layers.5/self_attn/Add_1,RoPE,rope:/model/layers.5/self_attn/Add_1,rope,ocl::rope::opt_,,performance,gtpin_total_execution_cycles,68174,cycles,1,8,68174
n1_i0,0,1,0,n1_i0::primitive::rope:/model/layers.6/self_attn/Add,n1_i0::op::/model/layers.6/self_attn/Add,primitive,rope:/model/layers.6/self_attn/Add,layers.*/self_attn,/model/layers.6/self_attn/Add,RoPE,rope:/model/layers.6/self_attn/Add,rope,ocl::rope::opt_,,performance,gtpin_total_execution_cycles,915336,cycles,1,64,915336
n1_i0,0,1,0,n1_i0::primitive::rope:/model/layers.6/self_attn/Add_1,n1_i0::op::/model/layers.6/self_attn/Add_1,primitive,rope:/model/layers.6/self_attn/Add_1,layers.*/self_attn,/model/layers.6/self_attn/Add_1,RoPE,rope:/model/layers.6/self_attn/Add_1,rope,ocl::rope::opt_,,performance,gtpin_total_execution_cycles,61234,cycles,1,8,61234
n1_i0,0,1,0,n1_i0::primitive::rope:/model/layers.7/self_attn/Add,n1_i0::op::/model/layers.7/self_attn/Add,primitive,rope:/model/layers.7/self_attn/Add,layers.*/self_attn,/model/layers.7/self_attn/Add,RoPE,rope:/model/layers.7/self_attn/Add,rope,ocl::rope::opt_,,performance,gtpin_total_execution_cycles,810266,cycles,1,64,810266
n1_i0,0,1,0,n1_i0::primitive::rope:/model/layers.7/self_attn/Add_1,n1_i0::op::/model/layers.7/self_attn/Add_1,primitive,rope:/model/layers.7/self_attn/Add_1,layers.*/self_attn,/model/layers.7/self_attn/Add_1,RoPE,rope:/model/layers.7/self_attn/Add_1,rope,ocl::rope::opt_,,performance,gtpin_total_execution_cycles,62536,cycles,1,8,62536
n1_i0,0,1,0,n1_i0::primitive::rope:/model/layers.8/self_attn/Add,n1_i0::op::/model/layers.8/self_attn/Add,primitive,rope:/model/layers.8/self_attn/Add,layers.*/self_attn,/model/layers.8/self_attn/Add,RoPE,rope:/model/layers.8/self_attn/Add,rope,ocl::rope::opt_,,performance,gtpin_total_execution_cycles,846804,cycles,1,64,846804
n1_i0,0,1,0,n1_i0::primitive::rope:/model/layers.8/self_attn/Add_1,n1_i0::op::/model/layers.8/self_attn/Add_1,primitive,rope:/model/layers.8/self_attn/Add_1,layers.*/self_attn,/model/layers.8/self_attn/Add_1,RoPE,rope:/model/layers.8/self_attn/Add_1,rope,ocl::rope::opt_,,performance,gtpin_total_execution_cycles,101808,cycles,1,8,101808
n1_i0,0,1,0,n1_i0::primitive::rope:/model/layers.9/self_attn/Add,n1_i0::op::/model/layers.9/self_attn/Add,primitive,rope:/model/layers.9/self_attn/Add,layers.*/self_attn,/model/layers.9/self_attn/Add,RoPE,rope:/model/layers.9/self_attn/Add,rope,ocl::rope::opt_,,performance,gtpin_total_execution_cycles,852416,cycles,1,64,852416
n1_i0,0,1,0,n1_i0::primitive::rope:/model/layers.9/self_attn/Add_1,n1_i0::op::/model/layers.9/self_attn/Add_1,primitive,rope:/model/layers.9/self_attn/Add_1,layers.*/self_attn,/model/layers.9/self_attn/Add_1,RoPE,rope:/model/layers.9/self_attn/Add_1,rope,ocl::rope::opt_,,performance,gtpin_total_execution_cycles,68974,cycles,1,8,68974
n1_i0,0,1,0,n1_i0::primitive::select:/model/layers.0/self_attn/Where_2,n1_i0::op::/model/layers.0/self_attn/Where_2,primitive,select:/model/layers.0/self_attn/Where_2,layers.*/self_attn,/model/layers.0/self_attn/Where_2,Select,select:/model/layers.0/self_attn/Where_2,select,select_gpu_ref,,performance,gtpin_total_execution_cycles,32576,cycles,1,8,32576
n1_i0,0,1,0,n1_i0::primitive::select:/model/layers.0/self_attn/Where_3,n1_i0::op::/model/layers.0/self_attn/Where_3,primitive,select:/model/layers.0/self_attn/Where_3,layers.*/self_attn,/model/layers.0/self_attn/Where_3,Select,select:/model/layers.0/self_attn/Where_3,select,select_gpu_ref,,performance,gtpin_total_execution_cycles,1581986,cycles,1,256,1581986
n1_i0,0,1,0,n1_i0::primitive::select:/model/layers.1/self_attn/Where_2,n1_i0::op::/model/layers.1/self_attn/Where_2,primitive,select:/model/layers.1/self_attn/Where_2,layers.*/self_attn,/model/layers.1/self_attn/Where_2,Select,select:/model/layers.1/self_attn/Where_2,select,select_gpu_ref,,performance,gtpin_total_execution_cycles,36840,cycles,1,8,36840
n1_i0,0,1,0,n1_i0::primitive::select:/model/layers.1/self_attn/Where_3,n1_i0::op::/model/layers.1/self_attn/Where_3,primitive,select:/model/layers.1/self_attn/Where_3,layers.*/self_attn,/model/layers.1/self_attn/Where_3,Select,select:/model/layers.1/self_attn/Where_3,select,select_gpu_ref,,performance,gtpin_total_execution_cycles,1416560,cycles,1,256,1416560
n1_i0,0,1,0,n1_i0::primitive::select:/model/layers.10/self_attn/Where_2,n1_i0::op::/model/layers.10/self_attn/Where_2,primitive,select:/model/layers.10/self_attn/Where_2,layers.*/self_attn,/model/layers.10/self_attn/Where_2,Select,select:/model/layers.10/self_attn/Where_2,select,select_gpu_ref,,performance,gtpin_total_execution_cycles,38440,cycles,1,8,38440
n1_i0,0,1,0,n1_i0::primitive::select:/model/layers.10/self_attn/Where_3,n1_i0::op::/model/layers.10/self_attn/Where_3,primitive,select:/model/layers.10/self_attn/Where_3,layers.*/self_attn,/model/layers.10/self_attn/Where_3,Select,select:/model/layers.10/self_attn/Where_3,select,select_gpu_ref,,performance,gtpin_total_execution_cycles,1531550,cycles,1,256,1531550
n1_i0,0,1,0,n1_i0::primitive::select:/model/layers.11/self_attn/Where_2,n1_i0::op::/model/layers.11/self_attn/Where_2,primitive,select:/model/layers.11/self_attn/Where_2,layers.*/self_attn,/model/layers.11/self_attn/Where_2,Select,select:/model/layers.11/self_attn/Where_2,select,select_gpu_ref,,performance,gtpin_total_execution_cycles,47904,cycles,1,8,47904
n1_i0,0,1,0,n1_i0::primitive::select:/model/layers.11/self_attn/Where_3,n1_i0::op::/model/layers.11/self_attn/Where_3,primitive,select:/model/layers.11/self_attn/Where_3,layers.*/self_attn,/model/layers.11/self_attn/Where_3,Select,select:/model/layers.11/self_attn/Where_3,select,select_gpu_ref,,performance,gtpin_total_execution_cycles,1394612,cycles,1,256,1394612
n1_i0,0,1,0,n1_i0::primitive::select:/model/layers.12/self_attn/Where_2,n1_i0::op::/model/layers.12/self_attn/Where_2,primitive,select:/model/layers.12/self_attn/Where_2,layers.*/self_attn,/model/layers.12/self_attn/Where_2,Select,select:/model/layers.12/self_attn/Where_2,select,select_gpu_ref,,performance,gtpin_total_execution_cycles,44724,cycles,1,8,44724
n1_i0,0,1,0,n1_i0::primitive::select:/model/layers.12/self_attn/Where_3,n1_i0::op::/model/layers.12/self_attn/Where_3,primitive,select:/model/layers.12/self_attn/Where_3,layers.*/self_attn,/model/layers.12/self_attn/Where_3,Select,select:/model/layers.12/self_attn/Where_3,select,select_gpu_ref,,performance,gtpin_total_execution_cycles,1712586,cycles,1,256,1712586
n1_i0,0,1,0,n1_i0::primitive::select:/model/layers.13/self_attn/Where_2,n1_i0::op::/model/layers.13/self_attn/Where_2,primitive,select:/model/layers.13/self_attn/Where_2,layers.*/self_attn,/model/layers.13/self_attn/Where_2,Select,select:/model/layers.13/self_attn/Where_2,select,select_gpu_ref,,performance,gtpin_total_execution_cycles,46980,cycles,1,8,46980
n1_i0,0,1,0,n1_i0::primitive::select:/model/layers.13/self_attn/Where_3,n1_i0::op::/model/layers.13/self_attn/Where_3,primitive,select:/model/layers.13/self_attn/Where_3,layers.*/self_attn,/model/layers.13/self_attn/Where_3,Select,select:/model/layers.13/self_attn/Where_3,select,select_gpu_ref,,performance,gtpin_total_execution_cycles,1464786,cycles,1,256,1464786
n1_i0,0,1,0,n1_i0::primitive::select:/model/layers.14/self_attn/Where_2,n1_i0::op::/model/layers.14/self_attn/Where_2,primitive,select:/model/layers.14/self_attn/Where_2,layers.*/self_attn,/model/layers.14/self_attn/Where_2,Select,select:/model/layers.14/self_attn/Where_2,select,select_gpu_ref,,performance,gtpin_total_execution_cycles,36642,cycles,1,8,36642
n1_i0,0,1,0,n1_i0::primitive::select:/model/layers.14/self_attn/Where_3,n1_i0::op::/model/layers.14/self_attn/Where_3,primitive,select:/model/layers.14/self_attn/Where_3,layers.*/self_attn,/model/layers.14/self_attn/Where_3,Select,select:/model/layers.14/self_attn/Where_3,select,select_gpu_ref,,performance,gtpin_total_execution_cycles,1399666,cycles,1,256,1399666
n1_i0,0,1,0,n1_i0::primitive::select:/model/layers.15/self_attn/Where_2,n1_i0::op::/model/layers.15/self_attn/Where_2,primitive,select:/model/layers.15/self_attn/Where_2,layers.*/self_attn,/model/layers.15/self_attn/Where_2,Select,select:/model/layers.15/self_attn/Where_2,select,select_gpu_ref,,performance,gtpin_total_execution_cycles,45268,cycles,1,8,45268
n1_i0,0,1,0,n1_i0::primitive::select:/model/layers.15/self_attn/Where_3,n1_i0::op::/model/layers.15/self_attn/Where_3,primitive,select:/model/layers.15/self_attn/Where_3,layers.*/self_attn,/model/layers.15/self_attn/Where_3,Select,select:/model/layers.15/self_attn/Where_3,select,select_gpu_ref,,performance,gtpin_total_execution_cycles,1447170,cycles,1,256,1447170
n1_i0,0,1,0,n1_i0::primitive::select:/model/layers.16/self_attn/Where_2,n1_i0::op::/model/layers.16/self_attn/Where_2,primitive,select:/model/layers.16/self_attn/Where_2,layers.*/self_attn,/model/layers.16/self_attn/Where_2,Select,select:/model/layers.16/self_attn/Where_2,select,select_gpu_ref,,performance,gtpin_total_execution_cycles,38938,cycles,1,8,38938
n1_i0,0,1,0,n1_i0::primitive::select:/model/layers.16/self_attn/Where_3,n1_i0::op::/model/layers.16/self_attn/Where_3,primitive,select:/model/layers.16/self_attn/Where_3,layers.*/self_attn,/model/layers.16/self_attn/Where_3,Select,select:/model/layers.16/self_attn/Where_3,select,select_gpu_ref,,performance,gtpin_total_execution_cycles,1546992,cycles,1,256,1546992
n1_i0,0,1,0,n1_i0::primitive::select:/model/layers.17/self_attn/Where_2,n1_i0::op::/model/layers.17/self_attn/Where_2,primitive,select:/model/layers.17/self_attn/Where_2,layers.*/self_attn,/model/layers.17/self_attn/Where_2,Select,select:/model/layers.17/self_attn/Where_2,select,select_gpu_ref,,performance,gtpin_total_execution_cycles,40208,cycles,1,8,40208
n1_i0,0,1,0,n1_i0::primitive::select:/model/layers.17/self_attn/Where_3,n1_i0::op::/model/layers.17/self_attn/Where_3,primitive,select:/model/layers.17/self_attn/Where_3,layers.*/self_attn,/model/layers.17/self_attn/Where_3,Select,select:/model/layers.17/self_attn/Where_3,select,select_gpu_ref,,performance,gtpin_total_execution_cycles,1683408,cycles,1,256,1683408
n1_i0,0,1,0,n1_i0::primitive::select:/model/layers.18/self_attn/Where_2,n1_i0::op::/model/layers.18/self_attn/Where_2,primitive,select:/model/layers.18/self_attn/Where_2,layers.*/self_attn,/model/layers.18/self_attn/Where_2,Select,select:/model/layers.18/self_attn/Where_2,select,select_gpu_ref,,performance,gtpin_total_execution_cycles,41504,cycles,1,8,41504
n1_i0,0,1,0,n1_i0::primitive::select:/model/layers.18/self_attn/Where_3,n1_i0::op::/model/layers.18/self_attn/Where_3,primitive,select:/model/layers.18/self_attn/Where_3,layers.*/self_attn,/model/layers.18/self_attn/Where_3,Select,select:/model/layers.18/self_attn/Where_3,select,select_gpu_ref,,performance,gtpin_total_execution_cycles,1608894,cycles,1,256,1608894
n1_i0,0,1,0,n1_i0::primitive::select:/model/layers.19/self_attn/Where_2,n1_i0::op::/model/layers.19/self_attn/Where_2,primitive,select:/model/layers.19/self_attn/Where_2,layers.*/self_attn,/model/layers.19/self_attn/Where_2,Select,select:/model/layers.19/self_attn/Where_2,select,select_gpu_ref,,performance,gtpin_total_execution_cycles,39722,cycles,1,8,39722
n1_i0,0,1,0,n1_i0::primitive::select:/model/layers.19/self_attn/Where_3,n1_i0::op::/model/layers.19/self_attn/Where_3,primitive,select:/model/layers.19/self_attn/Where_3,layers.*/self_attn,/model/layers.19/self_attn/Where_3,Select,select:/model/layers.19/self_attn/Where_3,select,select_gpu_ref,,performance,gtpin_total_execution_cycles,1344924,cycles,1,256,1344924
n1_i0,0,1,0,n1_i0::primitive::select:/model/layers.2/self_attn/Where_2,n1_i0::op::/model/layers.2/self_attn/Where_2,primitive,select:/model/layers.2/self_attn/Where_2,layers.*/self_attn,/model/layers.2/self_attn/Where_2,Select,select:/model/layers.2/self_attn/Where_2,select,select_gpu_ref,,performance,gtpin_total_execution_cycles,32920,cycles,1,8,32920
n1_i0,0,1,0,n1_i0::primitive::select:/model/layers.2/self_attn/Where_3,n1_i0::op::/model/layers.2/self_attn/Where_3,primitive,select:/model/layers.2/self_attn/Where_3,layers.*/self_attn,/model/layers.2/self_attn/Where_3,Select,select:/model/layers.2/self_attn/Where_3,select,select_gpu_ref,,performance,gtpin_total_execution_cycles,1398144,cycles,1,256,1398144
n1_i0,0,1,0,n1_i0::primitive::select:/model/layers.20/self_attn/Where_2,n1_i0::op::/model/layers.20/self_attn/Where_2,primitive,select:/model/layers.20/self_attn/Where_2,layers.*/self_attn,/model/layers.20/self_attn/Where_2,Select,select:/model/layers.20/self_attn/Where_2,select,select_gpu_ref,,performance,gtpin_total_execution_cycles,37864,cycles,1,8,37864
n1_i0,0,1,0,n1_i0::primitive::select:/model/layers.20/self_attn/Where_3,n1_i0::op::/model/layers.20/self_attn/Where_3,primitive,select:/model/layers.20/self_attn/Where_3,layers.*/self_attn,/model/layers.20/self_attn/Where_3,Select,select:/model/layers.20/self_attn/Where_3,select,select_gpu_ref,,performance,gtpin_total_execution_cycles,1749892,cycles,1,256,1749892
n1_i0,0,1,0,n1_i0::primitive::select:/model/layers.21/self_attn/Where_2,n1_i0::op::/model/layers.21/self_attn/Where_2,primitive,select:/model/layers.21/self_attn/Where_2,layers.*/self_attn,/model/layers.21/self_attn/Where_2,Select,select:/model/layers.21/self_attn/Where_2,select,select_gpu_ref,,performance,gtpin_total_execution_cycles,40824,cycles,1,8,40824
n1_i0,0,1,0,n1_i0::primitive::select:/model/layers.21/self_attn/Where_3,n1_i0::op::/model/layers.21/self_attn/Where_3,primitive,select:/model/layers.21/self_attn/Where_3,layers.*/self_attn,/model/layers.21/self_attn/Where_3,Select,select:/model/layers.21/self_attn/Where_3,select,select_gpu_ref,,performance,gtpin_total_execution_cycles,1564442,cycles,1,256,1564442
n1_i0,0,1,0,n1_i0::primitive::select:/model/layers.3/self_attn/Where_2,n1_i0::op::/model/layers.3/self_attn/Where_2,primitive,select:/model/layers.3/self_attn/Where_2,layers.*/self_attn,/model/layers.3/self_attn/Where_2,Select,select:/model/layers.3/self_attn/Where_2,select,select_gpu_ref,,performance,gtpin_total_execution_cycles,37986,cycles,1,8,37986
n1_i0,0,1,0,n1_i0::primitive::select:/model/layers.3/self_attn/Where_3,n1_i0::op::/model/layers.3/self_attn/Where_3,primitive,select:/model/layers.3/self_attn/Where_3,layers.*/self_attn,/model/layers.3/self_attn/Where_3,Select,select:/model/layers.3/self_attn/Where_3,select,select_gpu_ref,,performance,gtpin_total_execution_cycles,1453618,cycles,1,256,1453618
n1_i0,0,1,0,n1_i0::primitive::select:/model/layers.4/self_attn/Where_2,n1_i0::op::/model/layers.4/self_attn/Where_2,primitive,select:/model/layers.4/self_attn/Where_2,layers.*/self_attn,/model/layers.4/self_attn/Where_2,Select,select:/model/layers.4/self_attn/Where_2,select,select_gpu_ref,,performance,gtpin_total_execution_cycles,42990,cycles,1,8,42990
n1_i0,0,1,0,n1_i0::primitive::select:/model/layers.4/self_attn/Where_3,n1_i0::op::/model/layers.4/self_attn/Where_3,primitive,select:/model/layers.4/self_attn/Where_3,layers.*/self_attn,/model/layers.4/self_attn/Where_3,Select,select:/model/layers.4/self_attn/Where_3,select,select_gpu_ref,,performance,gtpin_total_execution_cycles,1494126,cycles,1,256,1494126
n1_i0,0,1,0,n1_i0::primitive::select:/model/layers.5/self_attn/Where_2,n1_i0::op::/model/layers.5/self_attn/Where_2,primitive,select:/model/layers.5/self_attn/Where_2,layers.*/self_attn,/model/layers.5/self_attn/Where_2,Select,select:/model/layers.5/self_attn/Where_2,select,select_gpu_ref,,performance,gtpin_total_execution_cycles,39632,cycles,1,8,39632
n1_i0,0,1,0,n1_i0::primitive::select:/model/layers.5/self_attn/Where_3,n1_i0::op::/model/layers.5/self_attn/Where_3,primitive,select:/model/layers.5/self_attn/Where_3,layers.*/self_attn,/model/layers.5/self_attn/Where_3,Select,select:/model/layers.5/self_attn/Where_3,select,select_gpu_ref,,performance,gtpin_total_execution_cycles,1480030,cycles,1,256,1480030
n1_i0,0,1,0,n1_i0::primitive::select:/model/layers.6/self_attn/Where_2,n1_i0::op::/model/layers.6/self_attn/Where_2,primitive,select:/model/layers.6/self_attn/Where_2,layers.*/self_attn,/model/layers.6/self_attn/Where_2,Select,select:/model/layers.6/self_attn/Where_2,select,select_gpu_ref,,performance,gtpin_total_execution_cycles,35872,cycles,1,8,35872
n1_i0,0,1,0,n1_i0::primitive::select:/model/layers.6/self_attn/Where_3,n1_i0::op::/model/layers.6/self_attn/Where_3,primitive,select:/model/layers.6/self_attn/Where_3,layers.*/self_attn,/model/layers.6/self_attn/Where_3,Select,select:/model/layers.6/self_attn/Where_3,select,select_gpu_ref,,performance,gtpin_total_execution_cycles,1386738,cycles,1,256,1386738
n1_i0,0,1,0,n1_i0::primitive::select:/model/layers.7/self_attn/Where_2,n1_i0::op::/model/layers.7/self_attn/Where_2,primitive,select:/model/layers.7/self_attn/Where_2,layers.*/self_attn,/model/layers.7/self_attn/Where_2,Select,select:/model/layers.7/self_attn/Where_2,select,select_gpu_ref,,performance,gtpin_total_execution_cycles,38712,cycles,1,8,38712
n1_i0,0,1,0,n1_i0::primitive::select:/model/layers.7/self_attn/Where_3,n1_i0::op::/model/layers.7/self_attn/Where_3,primitive,select:/model/layers.7/self_attn/Where_3,layers.*/self_attn,/model/layers.7/self_attn/Where_3,Select,select:/model/layers.7/self_attn/Where_3,select,select_gpu_ref,,performance,gtpin_total_execution_cycles,1299396,cycles,1,256,1299396
n1_i0,0,1,0,n1_i0::primitive::select:/model/layers.8/self_attn/Where_2,n1_i0::op::/model/layers.8/self_attn/Where_2,primitive,select:/model/layers.8/self_attn/Where_2,layers.*/self_attn,/model/layers.8/self_attn/Where_2,Select,select:/model/layers.8/self_attn/Where_2,select,select_gpu_ref,,performance,gtpin_total_execution_cycles,57072,cycles,1,8,57072
n1_i0,0,1,0,n1_i0::primitive::select:/model/layers.8/self_attn/Where_3,n1_i0::op::/model/layers.8/self_attn/Where_3,primitive,select:/model/layers.8/self_attn/Where_3,layers.*/self_attn,/model/layers.8/self_attn/Where_3,Select,select:/model/layers.8/self_attn/Where_3,select,select_gpu_ref,,performance,gtpin_total_execution_cycles,1516710,cycles,1,256,1516710
n1_i0,0,1,0,n1_i0::primitive::select:/model/layers.9/self_attn/Where_2,n1_i0::op::/model/layers.9/self_attn/Where_2,primitive,select:/model/layers.9/self_attn/Where_2,layers.*/self_attn,/model/layers.9/self_attn/Where_2,Select,select:/model/layers.9/self_attn/Where_2,select,select_gpu_ref,,performance,gtpin_total_execution_cycles,36664,cycles,1,8,36664
n1_i0,0,1,0,n1_i0::primitive::select:/model/layers.9/self_attn/Where_3,n1_i0::op::/model/layers.9/self_attn/Where_3,primitive,select:/model/layers.9/self_attn/Where_3,layers.*/self_attn,/model/layers.9/self_attn/Where_3,Select,select:/model/layers.9/self_attn/Where_3,select,select_gpu_ref,,performance,gtpin_total_execution_cycles,1474564,cycles,1,256,1474564
n1_i0,0,1,0,n1_i0::primitive::sin:/model/rotary_emb/Sin,n1_i0::op::/model/rotary_emb/Sin,primitive,sin:/model/rotary_emb/Sin,rotary_emb,/model/rotary_emb/Sin,Sin,sin:/model/rotary_emb/Sin,activation,activation_ref,,performance,gtpin_total_execution_cycles,168934,cycles,1,32,168934
n1_i0,0,1,0,n1_i0::primitive::softmax:/model/layers.0/self_attn/Softmax,n1_i0::op::/model/layers.0/self_attn/Softmax,primitive,softmax:/model/layers.0/self_attn/Softmax,layers.*/self_attn,/model/layers.0/self_attn/Softmax,Softmax,softmax:/model/layers.0/self_attn/Softmax,softmax,softmax_gpu_bf,,performance,gtpin_total_execution_cycles,8141952,cycles,1,512,8141952
n1_i0,0,1,0,n1_i0::primitive::softmax:/model/layers.1/self_attn/Softmax,n1_i0::op::/model/layers.1/self_attn/Softmax,primitive,softmax:/model/layers.1/self_attn/Softmax,layers.*/self_attn,/model/layers.1/self_attn/Softmax,Softmax,softmax:/model/layers.1/self_attn/Softmax,softmax,softmax_gpu_bf,,performance,gtpin_total_execution_cycles,8019815,cycles,1,512,8019815
n1_i0,0,1,0,n1_i0::primitive::softmax:/model/layers.10/self_attn/Softmax,n1_i0::op::/model/layers.10/self_attn/Softmax,primitive,softmax:/model/layers.10/self_attn/Softmax,layers.*/self_attn,/model/layers.10/self_attn/Softmax,Softmax,softmax:/model/layers.10/self_attn/Softmax,softmax,softmax_gpu_bf,,performance,gtpin_total_execution_cycles,8311994,cycles,1,512,8311994
n1_i0,0,1,0,n1_i0::primitive::softmax:/model/layers.11/self_attn/Softmax,n1_i0::op::/model/layers.11/self_attn/Softmax,primitive,softmax:/model/layers.11/self_attn/Softmax,layers.*/self_attn,/model/layers.11/self_attn/Softmax,Softmax,softmax:/model/layers.11/self_attn/Softmax,softmax,softmax_gpu_bf,,performance,gtpin_total_execution_cycles,8013941,cycles,1,512,8013941
n1_i0,0,1,0,n1_i0::primitive::softmax:/model/layers.12/self_attn/Softmax,n1_i0::op::/model/layers.12/self_attn/Softmax,primitive,softmax:/model/layers.12/self_attn/Softmax,layers.*/self_attn,/model/layers.12/self_attn/Softmax,Softmax,softmax:/model/layers.12/self_attn/Softmax,softmax,softmax_gpu_bf,,performance,gtpin_total_execution_cycles,8325204,cycles,1,512,8325204
n1_i0,0,1,0,n1_i0::primitive::softmax:/model/layers.13/self_attn/Softmax,n1_i0::op::/model/layers.13/self_attn/Softmax,primitive,softmax:/model/layers.13/self_attn/Softmax,layers.*/self_attn,/model/layers.13/self_attn/Softmax,Softmax,softmax:/model/layers.13/self_attn/Softmax,softmax,softmax_gpu_bf,,performance,gtpin_total_execution_cycles,8268124,cycles,1,512,8268124
n1_i0,0,1,0,n1_i0::primitive::softmax:/model/layers.14/self_attn/Softmax,n1_i0::op::/model/layers.14/self_attn/Softmax,primitive,softmax:/model/layers.14/self_attn/Softmax,layers.*/self_attn,/model/layers.14/self_attn/Softmax,Softmax,softmax:/model/layers.14/self_attn/Softmax,softmax,softmax_gpu_bf,,performance,gtpin_total_execution_cycles,7959491,cycles,1,512,7959491
n1_i0,0,1,0,n1_i0::primitive::softmax:/model/layers.15/self_attn/Softmax,n1_i0::op::/model/layers.15/self_attn/Softmax,primitive,softmax:/model/layers.15/self_attn/Softmax,layers.*/self_attn,/model/layers.15/self_attn/Softmax,Softmax,softmax:/model/layers.15/self_attn/Softmax,softmax,softmax_gpu_bf,,performance,gtpin_total_execution_cycles,7966266,cycles,1,512,7966266
n1_i0,0,1,0,n1_i0::primitive::softmax:/model/layers.16/self_attn/Softmax,n1_i0::op::/model/layers.16/self_attn/Softmax,primitive,softmax:/model/layers.16/self_attn/Softmax,layers.*/self_attn,/model/layers.16/self_attn/Softmax,Softmax,softmax:/model/layers.16/self_attn/Softmax,softmax,softmax_gpu_bf,,performance,gtpin_total_execution_cycles,8152748,cycles,1,512,8152748
n1_i0,0,1,0,n1_i0::primitive::softmax:/model/layers.17/self_attn/Softmax,n1_i0::op::/model/layers.17/self_attn/Softmax,primitive,softmax:/model/layers.17/self_attn/Softmax,layers.*/self_attn,/model/layers.17/self_attn/Softmax,Softmax,softmax:/model/layers.17/self_attn/Softmax,softmax,softmax_gpu_bf,,performance,gtpin_total_execution_cycles,8496745,cycles,1,512,8496745
n1_i0,0,1,0,n1_i0::primitive::softmax:/model/layers.18/self_attn/Softmax,n1_i0::op::/model/layers.18/self_attn/Softmax,primitive,softmax:/model/layers.18/self_attn/Softmax,layers.*/self_attn,/model/layers.18/self_attn/Softmax,Softmax,softmax:/model/layers.18/self_attn/Softmax,softmax,softmax_gpu_bf,,performance,gtpin_total_execution_cycles,8239472,cycles,1,512,8239472
n1_i0,0,1,0,n1_i0::primitive::softmax:/model/layers.19/self_attn/Softmax,n1_i0::op::/model/layers.19/self_attn/Softmax,primitive,softmax:/model/layers.19/self_attn/Softmax,layers.*/self_attn,/model/layers.19/self_attn/Softmax,Softmax,softmax:/model/layers.19/self_attn/Softmax,softmax,softmax_gpu_bf,,performance,gtpin_total_execution_cycles,8054315,cycles,1,512,8054315
n1_i0,0,1,0,n1_i0::primitive::softmax:/model/layers.2/self_attn/Softmax,n1_i0::op::/model/layers.2/self_attn/Softmax,primitive,softmax:/model/layers.2/self_attn/Softmax,layers.*/self_attn,/model/layers.2/self_attn/Softmax,Softmax,softmax:/model/layers.2/self_attn/Softmax,softmax,softmax_gpu_bf,,performance,gtpin_total_execution_cycles,7828496,cycles,1,512,7828496
n1_i0,0,1,0,n1_i0::primitive::softmax:/model/layers.20/self_attn/Softmax,n1_i0::op::/model/layers.20/self_attn/Softmax,primitive,softmax:/model/layers.20/self_attn/Softmax,layers.*/self_attn,/model/layers.20/self_attn/Softmax,Softmax,softmax:/model/layers.20/self_attn/Softmax,softmax,softmax_gpu_bf,,performance,gtpin_total_execution_cycles,9449864,cycles,1,512,9449864
n1_i0,0,1,0,n1_i0::primitive::softmax:/model/layers.21/self_attn/Softmax,n1_i0::op::/model/layers.21/self_attn/Softmax,primitive,softmax:/model/layers.21/self_attn/Softmax,layers.*/self_attn,/model/layers.21/self_attn/Softmax,Softmax,softmax:/model/layers.21/self_attn/Softmax,softmax,softmax_gpu_bf,,performance,gtpin_total_execution_cycles,8412720,cycles,1,512,8412720
n1_i0,0,1,0,n1_i0::primitive::softmax:/model/layers.3/self_attn/Softmax,n1_i0::op::/model/layers.3/self_attn/Softmax,primitive,softmax:/model/layers.3/self_attn/Softmax,layers.*/self_attn,/model/layers.3/self_attn/Softmax,Softmax,softmax:/model/layers.3/self_attn/Softmax,softmax,softmax_gpu_bf,,performance,gtpin_total_execution_cycles,8638156,cycles,1,512,8638156
n1_i0,0,1,0,n1_i0::primitive::softmax:/model/layers.4/self_attn/Softmax,n1_i0::op::/model/layers.4/self_attn/Softmax,primitive,softmax:/model/layers.4/self_attn/Softmax,layers.*/self_attn,/model/layers.4/self_attn/Softmax,Softmax,softmax:/model/layers.4/self_attn/Softmax,softmax,softmax_gpu_bf,,performance,gtpin_total_execution_cycles,7827710,cycles,1,512,7827710
n1_i0,0,1,0,n1_i0::primitive::softmax:/model/layers.5/self_attn/Softmax,n1_i0::op::/model/layers.5/self_attn/Softmax,primitive,softmax:/model/layers.5/self_attn/Softmax,layers.*/self_attn,/model/layers.5/self_attn/Softmax,Softmax,softmax:/model/layers.5/self_attn/Softmax,softmax,softmax_gpu_bf,,performance,gtpin_total_execution_cycles,8380613,cycles,1,512,8380613
n1_i0,0,1,0,n1_i0::primitive::softmax:/model/layers.6/self_attn/Softmax,n1_i0::op::/model/layers.6/self_attn/Softmax,primitive,softmax:/model/layers.6/self_attn/Softmax,layers.*/self_attn,/model/layers.6/self_attn/Softmax,Softmax,softmax:/model/layers.6/self_attn/Softmax,softmax,softmax_gpu_bf,,performance,gtpin_total_execution_cycles,8082199,cycles,1,512,8082199
n1_i0,0,1,0,n1_i0::primitive::softmax:/model/layers.7/self_attn/Softmax,n1_i0::op::/model/layers.7/self_attn/Softmax,primitive,softmax:/model/layers.7/self_attn/Softmax,layers.*/self_attn,/model/layers.7/self_attn/Softmax,Softmax,softmax:/model/layers.7/self_attn/Softmax,softmax,softmax_gpu_bf,,performance,gtpin_total_execution_cycles,8177931,cycles,1,512,8177931
n1_i0,0,1,0,n1_i0::primitive::softmax:/model/layers.8/self_attn/Softmax,n1_i0::op::/model/layers.8/self_attn/Softmax,primitive,softmax:/model/layers.8/self_attn/Softmax,layers.*/self_attn,/model/layers.8/self_attn/Softmax,Softmax,softmax:/model/layers.8/self_attn/Softmax,softmax,softmax_gpu_bf,,performance,gtpin_total_execution_cycles,7709827,cycles,1,512,7709827
n1_i0,0,1,0,n1_i0::primitive::softmax:/model/layers.9/self_attn/Softmax,n1_i0::op::/model/layers.9/self_attn/Softmax,primitive,softmax:/model/layers.9/self_attn/Softmax,layers.*/self_attn,/model/layers.9/self_attn/Softmax,Softmax,softmax:/model/layers.9/self_attn/Softmax,softmax,softmax_gpu_bf,,performance,gtpin_total_execution_cycles,7926412,cycles,1,512,7926412
n1_i0,0,1,0,n1_i0::primitive::transpose:/model/layers.0/self_attn/Transpose_2,n1_i0::op::/model/layers.0/self_attn/Transpose_2,primitive,transpose:/model/layers.0/self_attn/Transpose_2,layers.*/self_attn,/model/layers.0/self_attn/Transpose_2,Transpose,transpose:/model/layers.0/self_attn/Transpose_2,permute,permute_ref,,performance,gtpin_total_execution_cycles,403218,cycles,1,128,403218
n1_i0,0,1,0,n1_i0::primitive::transpose:/model/layers.0/self_attn/Transpose_3,n1_i0::op::/model/layers.0/self_attn/Transpose_3,primitive,transpose:/model/layers.0/self_attn/Transpose_3,layers.*/self_attn,/model/layers.0/self_attn/Transpose_3,Transpose,transpose:/model/layers.0/self_attn/Transpose_3,permute,permute_ref,,performance,gtpin_total_execution_cycles,4395996,cycles,1,1024,4395996
n1_i0,0,1,0,n1_i0::primitive::transpose:/model/layers.1/self_attn/Transpose_2,n1_i0::op::/model/layers.1/self_attn/Transpose_2,primitive,transpose:/model/layers.1/self_attn/Transpose_2,layers.*/self_attn,/model/layers.1/self_attn/Transpose_2,Transpose,transpose:/model/layers.1/self_attn/Transpose_2,permute,permute_ref,,performance,gtpin_total_execution_cycles,804240,cycles,1,128,804240
n1_i0,0,1,0,n1_i0::primitive::transpose:/model/layers.1/self_attn/Transpose_3,n1_i0::op::/model/layers.1/self_attn/Transpose_3,primitive,transpose:/model/layers.1/self_attn/Transpose_3,layers.*/self_attn,/model/layers.1/self_attn/Transpose_3,Transpose,transpose:/model/layers.1/self_attn/Transpose_3,permute,permute_ref,,performance,gtpin_total_execution_cycles,5346922,cycles,1,1024,5346922
n1_i0,0,1,0,n1_i0::primitive::transpose:/model/layers.10/self_attn/Transpose_2,n1_i0::op::/model/layers.10/self_attn/Transpose_2,primitive,transpose:/model/layers.10/self_attn/Transpose_2,layers.*/self_attn,/model/layers.10/self_attn/Transpose_2,Transpose,transpose:/model/layers.10/self_attn/Transpose_2,permute,permute_ref,,performance,gtpin_total_execution_cycles,441472,cycles,1,128,441472
n1_i0,0,1,0,n1_i0::primitive::transpose:/model/layers.10/self_attn/Transpose_3,n1_i0::op::/model/layers.10/self_attn/Transpose_3,primitive,transpose:/model/layers.10/self_attn/Transpose_3,layers.*/self_attn,/model/layers.10/self_attn/Transpose_3,Transpose,transpose:/model/layers.10/self_attn/Transpose_3,permute,permute_ref,,performance,gtpin_total_execution_cycles,5682036,cycles,1,1024,5682036
n1_i0,0,1,0,n1_i0::primitive::transpose:/model/layers.11/self_attn/Transpose_2,n1_i0::op::/model/layers.11/self_attn/Transpose_2,primitive,transpose:/model/layers.11/self_attn/Transpose_2,layers.*/self_attn,/model/layers.11/self_attn/Transpose_2,Transpose,transpose:/model/layers.11/self_attn/Transpose_2,permute,permute_ref,,performance,gtpin_total_execution_cycles,387406,cycles,1,128,387406
n1_i0,0,1,0,n1_i0::primitive::transpose:/model/layers.11/self_attn/Transpose_3,n1_i0::op::/model/layers.11/self_attn/Transpose_3,primitive,transpose:/model/layers.11/self_attn/Transpose_3,layers.*/self_attn,/model/layers.11/self_attn/Transpose_3,Transpose,transpose:/model/layers.11/self_attn/Transpose_3,permute,permute_ref,,performance,gtpin_total_execution_cycles,5778890,cycles,1,1024,5778890
n1_i0,0,1,0,n1_i0::primitive::transpose:/model/layers.12/self_attn/Transpose_2,n1_i0::op::/model/layers.12/self_attn/Transpose_2,primitive,transpose:/model/layers.12/self_attn/Transpose_2,layers.*/self_attn,/model/layers.12/self_attn/Transpose_2,Transpose,transpose:/model/layers.12/self_attn/Transpose_2,permute,permute_ref,,performance,gtpin_total_execution_cycles,568846,cycles,1,128,568846
n1_i0,0,1,0,n1_i0::primitive::transpose:/model/layers.12/self_attn/Transpose_3,n1_i0::op::/model/layers.12/self_attn/Transpose_3,primitive,transpose:/model/layers.12/self_attn/Transpose_3,layers.*/self_attn,/model/layers.12/self_attn/Transpose_3,Transpose,transpose:/model/layers.12/self_attn/Transpose_3,permute,permute_ref,,performance,gtpin_total_execution_cycles,5345924,cycles,1,1024,5345924
n1_i0,0,1,0,n1_i0::primitive::transpose:/model/layers.13/self_attn/Transpose_2,n1_i0::op::/model/layers.13/self_attn/Transpose_2,primitive,transpose:/model/layers.13/self_attn/Transpose_2,layers.*/self_attn,/model/layers.13/self_attn/Transpose_2,Transpose,transpose:/model/layers.13/self_attn/Transpose_2,permute,permute_ref,,performance,gtpin_total_execution_cycles,515178,cycles,1,128,515178
n1_i0,0,1,0,n1_i0::primitive::transpose:/model/layers.13/self_attn/Transpose_3,n1_i0::op::/model/layers.13/self_attn/Transpose_3,primitive,transpose:/model/layers.13/self_attn/Transpose_3,layers.*/self_attn,/model/layers.13/self_attn/Transpose_3,Transpose,transpose:/model/layers.13/self_attn/Transpose_3,permute,permute_ref,,performance,gtpin_total_execution_cycles,6002700,cycles,1,1024,6002700
n1_i0,0,1,0,n1_i0::primitive::transpose:/model/layers.14/self_attn/Transpose_2,n1_i0::op::/model/layers.14/self_attn/Transpose_2,primitive,transpose:/model/layers.14/self_attn/Transpose_2,layers.*/self_attn,/model/layers.14/self_attn/Transpose_2,Transpose,transpose:/model/layers.14/self_attn/Transpose_2,permute,permute_ref,,performance,gtpin_total_execution_cycles,615292,cycles,1,128,615292
n1_i0,0,1,0,n1_i0::primitive::transpose:/model/layers.14/self_attn/Transpose_3,n1_i0::op::/model/layers.14/self_attn/Transpose_3,primitive,transpose:/model/layers.14/self_attn/Transpose_3,layers.*/self_attn,/model/layers.14/self_attn/Transpose_3,Transpose,transpose:/model/layers.14/self_attn/Transpose_3,permute,permute_ref,,performance,gtpin_total_execution_cycles,6085940,cycles,1,1024,6085940
n1_i0,0,1,0,n1_i0::primitive::transpose:/model/layers.15/self_attn/Transpose_2,n1_i0::op::/model/layers.15/self_attn/Transpose_2,primitive,transpose:/model/layers.15/self_attn/Transpose_2,layers.*/self_attn,/model/layers.15/self_attn/Transpose_2,Transpose,transpose:/model/layers.15/self_attn/Transpose_2,permute,permute_ref,,performance,gtpin_total_execution_cycles,505218,cycles,1,128,505218
n1_i0,0,1,0,n1_i0::primitive::transpose:/model/layers.15/self_attn/Transpose_3,n1_i0::op::/model/layers.15/self_attn/Transpose_3,primitive,transpose:/model/layers.15/self_attn/Transpose_3,layers.*/self_attn,/model/layers.15/self_attn/Transpose_3,Transpose,transpose:/model/layers.15/self_attn/Transpose_3,permute,permute_ref,,performance,gtpin_total_execution_cycles,5215868,cycles,1,1024,5215868
n1_i0,0,1,0,n1_i0::primitive::transpose:/model/layers.16/self_attn/Transpose_2,n1_i0::op::/model/layers.16/self_attn/Transpose_2,primitive,transpose:/model/layers.16/self_attn/Transpose_2,layers.*/self_attn,/model/layers.16/self_attn/Transpose_2,Transpose,transpose:/model/layers.16/self_attn/Transpose_2,permute,permute_ref,,performance,gtpin_total_execution_cycles,500492,cycles,1,128,500492
n1_i0,0,1,0,n1_i0::primitive::transpose:/model/layers.16/self_attn/Transpose_3,n1_i0::op::/model/layers.16/self_attn/Transpose_3,primitive,transpose:/model/layers.16/self_attn/Transpose_3,layers.*/self_attn,/model/layers.16/self_attn/Transpose_3,Transpose,transpose:/model/layers.16/self_attn/Transpose_3,permute,permute_ref,,performance,gtpin_total_execution_cycles,5111920,cycles,1,1024,5111920
n1_i0,0,1,0,n1_i0::primitive::transpose:/model/layers.17/self_attn/Transpose_2,n1_i0::op::/model/layers.17/self_attn/Transpose_2,primitive,transpose:/model/layers.17/self_attn/Transpose_2,layers.*/self_attn,/model/layers.17/self_attn/Transpose_2,Transpose,transpose:/model/layers.17/self_attn/Transpose_2,permute,permute_ref,,performance,gtpin_total_execution_cycles,535592,cycles,1,128,535592
n1_i0,0,1,0,n1_i0::primitive::transpose:/model/layers.17/self_attn/Transpose_3,n1_i0::op::/model/layers.17/self_attn/Transpose_3,primitive,transpose:/model/layers.17/self_attn/Transpose_3,layers.*/self_attn,/model/layers.17/self_attn/Transpose_3,Transpose,transpose:/model/layers.17/self_attn/Transpose_3,permute,permute_ref,,performance,gtpin_total_execution_cycles,5945166,cycles,1,1024,5945166
n1_i0,0,1,0,n1_i0::primitive::transpose:/model/layers.18/self_attn/Transpose_2,n1_i0::op::/model/layers.18/self_attn/Transpose_2,primitive,transpose:/model/layers.18/self_attn/Transpose_2,layers.*/self_attn,/model/layers.18/self_attn/Transpose_2,Transpose,transpose:/model/layers.18/self_attn/Transpose_2,permute,permute_ref,,performance,gtpin_total_execution_cycles,501336,cycles,1,128,501336
n1_i0,0,1,0,n1_i0::primitive::transpose:/model/layers.18/self_attn/Transpose_3,n1_i0::op::/model/layers.18/self_attn/Transpose_3,primitive,transpose:/model/layers.18/self_attn/Transpose_3,layers.*/self_attn,/model/layers.18/self_attn/Transpose_3,Transpose,transpose:/model/layers.18/self_attn/Transpose_3,permute,permute_ref,,performance,gtpin_total_execution_cycles,6194450,cycles,1,1024,6194450
n1_i0,0,1,0,n1_i0::primitive::transpose:/model/layers.19/self_attn/Transpose_2,n1_i0::op::/model/layers.19/self_attn/Transpose_2,primitive,transpose:/model/layers.19/self_attn/Transpose_2,layers.*/self_attn,/model/layers.19/self_attn/Transpose_2,Transpose,transpose:/model/layers.19/self_attn/Transpose_2,permute,permute_ref,,performance,gtpin_total_execution_cycles,514218,cycles,1,128,514218
n1_i0,0,1,0,n1_i0::primitive::transpose:/model/layers.19/self_attn/Transpose_3,n1_i0::op::/model/layers.19/self_attn/Transpose_3,primitive,transpose:/model/layers.19/self_attn/Transpose_3,layers.*/self_attn,/model/layers.19/self_attn/Transpose_3,Transpose,transpose:/model/layers.19/self_attn/Transpose_3,permute,permute_ref,,performance,gtpin_total_execution_cycles,5901308,cycles,1,1024,5901308
n1_i0,0,1,0,n1_i0::primitive::transpose:/model/layers.2/self_attn/Transpose_2,n1_i0::op::/model/layers.2/self_attn/Transpose_2,primitive,transpose:/model/layers.2/self_attn/Transpose_2,layers.*/self_attn,/model/layers.2/self_attn/Transpose_2,Transpose,transpose:/model/layers.2/self_attn/Transpose_2,permute,permute_ref,,performance,gtpin_total_execution_cycles,382772,cycles,1,128,382772
n1_i0,0,1,0,n1_i0::primitive::transpose:/model/layers.2/self_attn/Transpose_3,n1_i0::op::/model/layers.2/self_attn/Transpose_3,primitive,transpose:/model/layers.2/self_attn/Transpose_3,layers.*/self_attn,/model/layers.2/self_attn/Transpose_3,Transpose,transpose:/model/layers.2/self_attn/Transpose_3,permute,permute_ref,,performance,gtpin_total_execution_cycles,5260524,cycles,1,1024,5260524
n1_i0,0,1,0,n1_i0::primitive::transpose:/model/layers.20/self_attn/Transpose_2,n1_i0::op::/model/layers.20/self_attn/Transpose_2,primitive,transpose:/model/layers.20/self_attn/Transpose_2,layers.*/self_attn,/model/layers.20/self_attn/Transpose_2,Transpose,transpose:/model/layers.20/self_attn/Transpose_2,permute,permute_ref,,performance,gtpin_total_execution_cycles,482914,cycles,1,128,482914
n1_i0,0,1,0,n1_i0::primitive::transpose:/model/layers.20/self_attn/Transpose_3,n1_i0::op::/model/layers.20/self_attn/Transpose_3,primitive,transpose:/model/layers.20/self_attn/Transpose_3,layers.*/self_attn,/model/layers.20/self_attn/Transpose_3,Transpose,transpose:/model/layers.20/self_attn/Transpose_3,permute,permute_ref,,performance,gtpin_total_execution_cycles,4905160,cycles,1,1024,4905160
n1_i0,0,1,0,n1_i0::primitive::transpose:/model/layers.21/self_attn/Transpose_2,n1_i0::op::/model/layers.21/self_attn/Transpose_2,primitive,transpose:/model/layers.21/self_attn/Transpose_2,layers.*/self_attn,/model/layers.21/self_attn/Transpose_2,Transpose,transpose:/model/layers.21/self_attn/Transpose_2,permute,permute_ref,,performance,gtpin_total_execution_cycles,510640,cycles,1,128,510640
n1_i0,0,1,0,n1_i0::primitive::transpose:/model/layers.21/self_attn/Transpose_3,n1_i0::op::/model/layers.21/self_attn/Transpose_3,primitive,transpose:/model/layers.21/self_attn/Transpose_3,layers.*/self_attn,/model/layers.21/self_attn/Transpose_3,Transpose,transpose:/model/layers.21/self_attn/Transpose_3,permute,permute_ref,,performance,gtpin_total_execution_cycles,6239404,cycles,1,1024,6239404
n1_i0,0,1,0,n1_i0::primitive::transpose:/model/layers.3/self_attn/Transpose_2,n1_i0::op::/model/layers.3/self_attn/Transpose_2,primitive,transpose:/model/layers.3/self_attn/Transpose_2,layers.*/self_attn,/model/layers.3/self_attn/Transpose_2,Transpose,transpose:/model/layers.3/self_attn/Transpose_2,permute,permute_ref,,performance,gtpin_total_execution_cycles,460942,cycles,1,128,460942
n1_i0,0,1,0,n1_i0::primitive::transpose:/model/layers.3/self_attn/Transpose_3,n1_i0::op::/model/layers.3/self_attn/Transpose_3,primitive,transpose:/model/layers.3/self_attn/Transpose_3,layers.*/self_attn,/model/layers.3/self_attn/Transpose_3,Transpose,transpose:/model/layers.3/self_attn/Transpose_3,permute,permute_ref,,performance,gtpin_total_execution_cycles,5199378,cycles,1,1024,5199378
n1_i0,0,1,0,n1_i0::primitive::transpose:/model/layers.4/self_attn/Transpose_2,n1_i0::op::/model/layers.4/self_attn/Transpose_2,primitive,transpose:/model/layers.4/self_attn/Transpose_2,layers.*/self_attn,/model/layers.4/self_attn/Transpose_2,Transpose,transpose:/model/layers.4/self_attn/Transpose_2,permute,permute_ref,,performance,gtpin_total_execution_cycles,422536,cycles,1,128,422536
n1_i0,0,1,0,n1_i0::primitive::transpose:/model/layers.4/self_attn/Transpose_3,n1_i0::op::/model/layers.4/self_attn/Transpose_3,primitive,transpose:/model/layers.4/self_attn/Transpose_3,layers.*/self_attn,/model/layers.4/self_attn/Transpose_3,Transpose,transpose:/model/layers.4/self_attn/Transpose_3,permute,permute_ref,,performance,gtpin_total_execution_cycles,5197008,cycles,1,1024,5197008
n1_i0,0,1,0,n1_i0::primitive::transpose:/model/layers.5/self_attn/Transpose_2,n1_i0::op::/model/layers.5/self_attn/Transpose_2,primitive,transpose:/model/layers.5/self_attn/Transpose_2,layers.*/self_attn,/model/layers.5/self_attn/Transpose_2,Transpose,transpose:/model/layers.5/self_attn/Transpose_2,permute,permute_ref,,performance,gtpin_total_execution_cycles,438738,cycles,1,128,438738
n1_i0,0,1,0,n1_i0::primitive::transpose:/model/layers.5/self_attn/Transpose_3,n1_i0::op::/model/layers.5/self_attn/Transpose_3,primitive,transpose:/model/layers.5/self_attn/Transpose_3,layers.*/self_attn,/model/layers.5/self_attn/Transpose_3,Transpose,transpose:/model/layers.5/self_attn/Transpose_3,permute,permute_ref,,performance,gtpin_total_execution_cycles,5938846,cycles,1,1024,5938846
n1_i0,0,1,0,n1_i0::primitive::transpose:/model/layers.6/self_attn/Transpose_2,n1_i0::op::/model/layers.6/self_attn/Transpose_2,primitive,transpose:/model/layers.6/self_attn/Transpose_2,layers.*/self_attn,/model/layers.6/self_attn/Transpose_2,Transpose,transpose:/model/layers.6/self_attn/Transpose_2,permute,permute_ref,,performance,gtpin_total_execution_cycles,559340,cycles,1,128,559340
n1_i0,0,1,0,n1_i0::primitive::transpose:/model/layers.6/self_attn/Transpose_3,n1_i0::op::/model/layers.6/self_attn/Transpose_3,primitive,transpose:/model/layers.6/self_attn/Transpose_3,layers.*/self_attn,/model/layers.6/self_attn/Transpose_3,Transpose,transpose:/model/layers.6/self_attn/Transpose_3,permute,permute_ref,,performance,gtpin_total_execution_cycles,5971538,cycles,1,1024,5971538
n1_i0,0,1,0,n1_i0::primitive::transpose:/model/layers.7/self_attn/Transpose_2,n1_i0::op::/model/layers.7/self_attn/Transpose_2,primitive,transpose:/model/layers.7/self_attn/Transpose_2,layers.*/self_attn,/model/layers.7/self_attn/Transpose_2,Transpose,transpose:/model/layers.7/self_attn/Transpose_2,permute,permute_ref,,performance,gtpin_total_execution_cycles,489966,cycles,1,128,489966
n1_i0,0,1,0,n1_i0::primitive::transpose:/model/layers.7/self_attn/Transpose_3,n1_i0::op::/model/layers.7/self_attn/Transpose_3,primitive,transpose:/model/layers.7/self_attn/Transpose_3,layers.*/self_attn,/model/layers.7/self_attn/Transpose_3,Transpose,transpose:/model/layers.7/self_attn/Transpose_3,permute,permute_ref,,performance,gtpin_total_execution_cycles,5378330,cycles,1,1024,5378330
n1_i0,0,1,0,n1_i0::primitive::transpose:/model/layers.8/self_attn/Transpose_2,n1_i0::op::/model/layers.8/self_attn/Transpose_2,primitive,transpose:/model/layers.8/self_attn/Transpose_2,layers.*/self_attn,/model/layers.8/self_attn/Transpose_2,Transpose,transpose:/model/layers.8/self_attn/Transpose_2,permute,permute_ref,,performance,gtpin_total_execution_cycles,463672,cycles,1,128,463672
n1_i0,0,1,0,n1_i0::primitive::transpose:/model/layers.8/self_attn/Transpose_3,n1_i0::op::/model/layers.8/self_attn/Transpose_3,primitive,transpose:/model/layers.8/self_attn/Transpose_3,layers.*/self_attn,/model/layers.8/self_attn/Transpose_3,Transpose,transpose:/model/layers.8/self_attn/Transpose_3,permute,permute_ref,,performance,gtpin_total_execution_cycles,4698664,cycles,1,1024,4698664
n1_i0,0,1,0,n1_i0::primitive::transpose:/model/layers.9/self_attn/Transpose_2,n1_i0::op::/model/layers.9/self_attn/Transpose_2,primitive,transpose:/model/layers.9/self_attn/Transpose_2,layers.*/self_attn,/model/layers.9/self_attn/Transpose_2,Transpose,transpose:/model/layers.9/self_attn/Transpose_2,permute,permute_ref,,performance,gtpin_total_execution_cycles,400336,cycles,1,128,400336
n1_i0,0,1,0,n1_i0::primitive::transpose:/model/layers.9/self_attn/Transpose_3,n1_i0::op::/model/layers.9/self_attn/Transpose_3,primitive,transpose:/model/layers.9/self_attn/Transpose_3,layers.*/self_attn,/model/layers.9/self_attn/Transpose_3,Transpose,transpose:/model/layers.9/self_attn/Transpose_3,permute,permute_ref,,performance,gtpin_total_execution_cycles,5521630,cycles,1,1024,5521630
