execution_unit_key,logical_execution_index,net_id,iteration,tool_kind,component_path,origin_op_name,origin_op_type_name,resolved_op_type_name,primitive_id,original_primitive_id,primitive_type,implementation,exec_id,is_input,is_output,dispatch_count,kernel_entry_count,kernel_entries,primary_metric_name,primary_metric_total,primary_metric_unit,gtpin_invocation_count,gtpin_total_execution_cycles
n1_i0,0,1,0,performance,(root),/model/And,LogicalAnd,LogicalAnd,logicaland:/model/And,logicaland:/model/And,eltwise,generic_eltwise_ref__u8,270,false,false,1,1,generic_eltwise_ref_12613916656436061640_0_0__sa,gtpin_total_execution_cycles,44904,cycles,8,44904
n1_i0,0,1,0,performance,(root),/model/And_1,LogicalAnd,LogicalAnd,logicaland:/model/And_1,logicaland:/model/And_1,eltwise,generic_eltwise_ref__u8,287,false,false,1,1,generic_eltwise_ref_9810887907610228330_0_0__sa,gtpin_total_execution_cycles,52272,cycles,8,52272
n1_i0,0,1,0,performance,(root),/model/Gather_4,Gather,Gather,gather:/model/Gather_4,gather:/model/Gather_4,gather,gather_ref__u8,276,false,false,1,1,gather_ref_3335901000044472670_0_0__sa,gtpin_total_execution_cycles,9279,cycles,1,9279
n1_i0,0,1,0,performance,(root),/model/LessOrEqual,LessEqual,LessEqual,lessequal:/model/LessOrEqual,lessequal:/model/LessOrEqual,eltwise,generic_eltwise_ref__i32,265,false,false,1,1,generic_eltwise_ref_12991517841348968924_0_0__sa,gtpin_total_execution_cycles,42976,cycles,8,42976
n1_i0,0,1,0,performance,embed_tokens,/model/embed_tokens/Gather,Gather,Gather,gather:/model/embed_tokens/Gather,gather:/model/embed_tokens/Gather,gather,gather_ref__f16,229,false,false,1,1,gather_ref_9653281298055295004_0_0__sa,gtpin_total_execution_cycles,5224202,cycles,1024,5224202
n1_i0,0,1,0,performance,layers.*/input_layernorm,/model/layers.0/input_layernorm/Mul,RMS,RMS,rms:/model/layers.0/input_layernorm/Mul,rms:/model/layers.0/input_layernorm/Mul,rms,rms_gpu_bfyx_opt__f16,232,false,false,1,1,rms_gpu_bfyx_opt_10690270683970839748_0_0__sa,gtpin_total_execution_cycles,2125796,cycles,256,2125796
n1_i0,0,1,0,performance,layers.*/mlp,/model/layers.0/mlp/down_proj/MatMul,FullyConnected,FullyConnected,fullyconnected:/model/layers.0/mlp/down_proj/MatMul,fullyconnected:/model/layers.0/mlp/down_proj/MatMul,fully_connected,fully_connected_gpu_bf_tiled__f16,311,false,false,1,1,fully_connected_gpu_bf_tiled_10430619451061347312_0_0__sa,gtpin_total_execution_cycles,113777904,cycles,128,113777904
n1_i0,0,1,0,performance,layers.*/mlp,/model/layers.0/mlp/gate_proj/MatMul,FullyConnected,FullyConnected,fullyconnected:/model/layers.0/mlp/gate_proj/MatMul,fullyconnected:/model/layers.0/mlp/gate_proj/MatMul,fully_connected,fully_connected_gpu_bf_tiled__f16,310,false,false,1,1,fully_connected_gpu_bf_tiled_14365863171559719675_0_0__sa,gtpin_total_execution_cycles,330269230,cycles,352,330269230
n1_i0,0,1,0,performance,layers.*/mlp,/model/layers.0/mlp/up_proj/MatMul,FullyConnected,FullyConnected,fullyconnected:/model/layers.0/mlp/up_proj/MatMul,fullyconnected:/model/layers.0/mlp/up_proj/MatMul,fully_connected,fully_connected_gpu_bf_tiled__f16,309,false,false,1,1,fully_connected_gpu_bf_tiled_4980171355312677498_0_0__sa,gtpin_total_execution_cycles,301743042,cycles,352,301743042
n1_i0,0,1,0,performance,layers.*/post_attention_layernorm,/model/layers.0/post_attention_layernorm/Mul,RMS,RMS,rms:/model/layers.0/post_attention_layernorm/Mul,rms:/model/layers.0/post_attention_layernorm/Mul,rms,rms_gpu_bfyx_opt__f16,308,false,false,1,1,rms_gpu_bfyx_opt_10690270683970839748_0_0__sa,gtpin_total_execution_cycles,1922810,cycles,256,1922810
n1_i0,0,1,0,performance,layers.*/self_attn,/model/layers.0/self_attn/Add,RoPE,RoPE,rope:/model/layers.0/self_attn/Add,rope:/model/layers.0/self_attn/Add,rope,ocl::rope::opt___f16,286,false,false,1,1,rope_opt__13889706310558783765__sa,gtpin_total_execution_cycles,1187844,cycles,64,1187844
n1_i0,0,1,0,performance,layers.*/self_attn,/model/layers.0/self_attn/Add_1,RoPE,RoPE,rope:/model/layers.0/self_attn/Add_1,rope:/model/layers.0/self_attn/Add_1,rope,ocl::rope::opt___f16,285,false,false,1,1,rope_opt__6960924190377492479__sa,gtpin_total_execution_cycles,81944,cycles,8,81944
n1_i0,0,1,0,performance,layers.*/self_attn,/model/layers.0/self_attn/Expand,Broadcast,Broadcast,broadcast:/model/layers.0/self_attn/Expand,broadcast:/model/layers.0/self_attn/Expand,broadcast,broadcast_gpu_ref__f16,296,false,false,1,1,broadcast_gpu_ref_6456514822857321615_0_0__sa,gtpin_total_execution_cycles,3858404,cycles,1024,3858404
n1_i0,0,1,0,performance,layers.*/self_attn,/model/layers.0/self_attn/Expand_1,Broadcast,Broadcast,broadcast:/model/layers.0/self_attn/Expand_1,broadcast:/model/layers.0/self_attn/Expand_1,broadcast,broadcast_gpu_ref__f16,277,false,false,1,1,broadcast_gpu_ref_6456514822857321615_0_0__sa,gtpin_total_execution_cycles,4032488,cycles,1024,4032488
n1_i0,0,1,0,performance,layers.*/self_attn,/model/layers.0/self_attn/IsNaN,IsNaN,IsNaN,isnan:/model/layers.0/self_attn/IsNaN,isnan:/model/layers.0/self_attn/IsNaN,eltwise,generic_eltwise_ref__f16,303,false,false,1,1,generic_eltwise_ref_1696504087421334661_0_0__sa,gtpin_total_execution_cycles,1231254,cycles,256,1231254
n1_i0,0,1,0,performance,layers.*/self_attn,/model/layers.0/self_attn/MatMul,Gemm,Gemm,gemm:/model/layers.0/self_attn/MatMul,gemm:/model/layers.0/self_attn/MatMul,gemm,gemm_tiled_opt__f16,301,false,false,1,1,gemm_tiled_opt_7238579717421349067_1_0__sa,gtpin_total_execution_cycles,4106192,cycles,32,4106192
n1_i0,0,1,0,performance,layers.*/self_attn,/model/layers.0/self_attn/Mul_8,Multiply,Multiply,multiply:/model/layers.0/self_attn/Mul_8,multiply:/model/layers.0/self_attn/Mul_8,eltwise,generic_eltwise_ref__f16,290,false,false,1,1,generic_eltwise_ref_7125964068740378811_0_0__sa,gtpin_total_execution_cycles,4374918,cycles,1024,4374918
n1_i0,0,1,0,performance,layers.*/self_attn,/model/layers.0/self_attn/Softmax,Softmax,Softmax,softmax:/model/layers.0/self_attn/Softmax,softmax:/model/layers.0/self_attn/Softmax,softmax,softmax_gpu_bf__f16,302,false,false,1,1,softmax_gpu_bf_18392998524141771378_0_0__sa,gtpin_total_execution_cycles,8141952,cycles,512,8141952
n1_i0,0,1,0,performance,layers.*/self_attn,/model/layers.0/self_attn/Transpose_2,Transpose,Transpose,transpose:/model/layers.0/self_attn/Transpose_2,transpose:/model/layers.0/self_attn/Transpose_2,permute,permute_ref__f16,252,false,false,1,1,permute_ref_653960189515371720_0_0__sa,gtpin_total_execution_cycles,403218,cycles,128,403218
n1_i0,0,1,0,performance,layers.*/self_attn,/model/layers.0/self_attn/Transpose_3,Transpose,Transpose,transpose:/model/layers.0/self_attn/Transpose_3,transpose:/model/layers.0/self_attn/Transpose_3,permute,permute_ref__f16,300,false,false,1,1,permute_ref_17183202574580890641_0_0__sa,gtpin_total_execution_cycles,4395996,cycles,1024,4395996
n1_i0,0,1,0,performance,layers.*/self_attn,/model/layers.0/self_attn/Transpose_4,Gemm,Gemm,gemm:/model/layers.0/self_attn/Transpose_4,gemm:/model/layers.0/self_attn/Transpose_4,gemm,gemm_tiled_opt__f16,305,false,false,1,1,gemm_tiled_opt_12829285813189929928_0_0__sa,gtpin_total_execution_cycles,2053656,cycles,64,2053656
n1_i0,0,1,0,performance,layers.*/self_attn,/model/layers.0/self_attn/Unsqueeze_6_restore_precision_0,Convert,Convert,convert:/model/layers.0/self_attn/Unsqueeze_6_restore_precision_0,convert:/model/layers.0/self_attn/Unsqueeze_6_restore_precision_0,reorder,reorder_data__f32,279,false,false,1,1,reorder_data_13786606319827428276_0_0__sa,gtpin_total_execution_cycles,75332,cycles,32,75332
n1_i0,0,1,0,performance,layers.*/self_attn,/model/layers.0/self_attn/Unsqueeze_7_restore_precision_1,Convert,Convert,convert:/model/layers.0/self_attn/Unsqueeze_7_restore_precision_1,convert:/model/layers.0/self_attn/Unsqueeze_7_restore_precision_1,reorder,reorder_data__f32,278,false,false,1,1,reorder_data_13786606319827428276_0_0__sa,gtpin_total_execution_cycles,79560,cycles,32,79560
n1_i0,0,1,0,performance,layers.*/self_attn,/model/layers.0/self_attn/Where_2,Select,Select,select:/model/layers.0/self_attn/Where_2,select:/model/layers.0/self_attn/Where_2,select,select_gpu_ref__u8,299,false,false,1,1,select_gpu_ref_7464502897564813179_0_0__sa,gtpin_total_execution_cycles,32576,cycles,8,32576
n1_i0,0,1,0,performance,layers.*/self_attn,/model/layers.0/self_attn/Where_3,Select,Select,select:/model/layers.0/self_attn/Where_3,select:/model/layers.0/self_attn/Where_3,select,select_gpu_ref__u8,304,false,false,1,1,select_gpu_ref_5609897181611433017_0_0__sa,gtpin_total_execution_cycles,1581986,cycles,256,1581986
n1_i0,0,1,0,performance,layers.*/self_attn,/model/layers.0/self_attn/k_proj/MatMul,FullyConnected,FullyConnected,fullyconnected:/model/layers.0/self_attn/k_proj/MatMul,fullyconnected:/model/layers.0/self_attn/k_proj/MatMul,fully_connected,fully_connected_gpu_bf_tiled__f16,240,false,false,1,1,fully_connected_gpu_bf_tiled_17963963101609895522_0_0,gtpin_total_execution_cycles,3924834,cycles,8,3924834
n1_i0,0,1,0,performance,layers.*/self_attn,/model/layers.0/self_attn/o_proj/MatMul,FullyConnected,FullyConnected,fullyconnected:/model/layers.0/self_attn/o_proj/MatMul,fullyconnected:/model/layers.0/self_attn/o_proj/MatMul,fully_connected,fully_connected_gpu_bf_tiled__f16,307,false,false,1,1,fully_connected_gpu_bf_tiled_13040139110703718313_0_0__sa,gtpin_total_execution_cycles,43420844,cycles,128,43420844
n1_i0,0,1,0,performance,layers.*/self_attn,/model/layers.0/self_attn/q_proj/MatMul,FullyConnected,FullyConnected,fullyconnected:/model/layers.0/self_attn/q_proj/MatMul,fullyconnected:/model/layers.0/self_attn/q_proj/MatMul,fully_connected,fully_connected_gpu_bf_tiled__f16,239,false,false,1,1,fully_connected_gpu_bf_tiled_6368269736313904298_0_0__sa,gtpin_total_execution_cycles,40562310,cycles,128,40562310
n1_i0,0,1,0,performance,layers.*/self_attn,/model/layers.0/self_attn/v_proj/MatMul,FullyConnected,FullyConnected,fullyconnected:/model/layers.0/self_attn/v_proj/MatMul,fullyconnected:/model/layers.0/self_attn/v_proj/MatMul,fully_connected,fully_connected_gpu_bf_tiled__f16,238,false,false,1,1,fully_connected_gpu_bf_tiled_503990915848293325_0_0__sa,gtpin_total_execution_cycles,5535488,cycles,16,5535488
n1_i0,0,1,0,performance,layers.*/input_layernorm,/model/layers.1/input_layernorm/Mul,RMS,RMS,rms:/model/layers.1/input_layernorm/Mul,rms:/model/layers.1/input_layernorm/Mul,rms,rms_gpu_bfyx_opt__f16,312,false,false,1,1,rms_gpu_bfyx_opt_10690270683970839748_0_0__sa,gtpin_total_execution_cycles,1710178,cycles,256,1710178
n1_i0,0,1,0,performance,layers.*/mlp,/model/layers.1/mlp/down_proj/MatMul,FullyConnected,FullyConnected,fullyconnected:/model/layers.1/mlp/down_proj/MatMul,fullyconnected:/model/layers.1/mlp/down_proj/MatMul,fully_connected,fully_connected_gpu_bf_tiled__f16,347,false,false,1,1,fully_connected_gpu_bf_tiled_10430619451061347312_0_0__sa,gtpin_total_execution_cycles,110057130,cycles,128,110057130
n1_i0,0,1,0,performance,layers.*/mlp,/model/layers.1/mlp/gate_proj/MatMul,FullyConnected,FullyConnected,fullyconnected:/model/layers.1/mlp/gate_proj/MatMul,fullyconnected:/model/layers.1/mlp/gate_proj/MatMul,fully_connected,fully_connected_gpu_bf_tiled__f16,346,false,false,1,1,fully_connected_gpu_bf_tiled_14365863171559719675_0_0__sa,gtpin_total_execution_cycles,315239154,cycles,352,315239154
n1_i0,0,1,0,performance,layers.*/mlp,/model/layers.1/mlp/up_proj/MatMul,FullyConnected,FullyConnected,fullyconnected:/model/layers.1/mlp/up_proj/MatMul,fullyconnected:/model/layers.1/mlp/up_proj/MatMul,fully_connected,fully_connected_gpu_bf_tiled__f16,345,false,false,1,1,fully_connected_gpu_bf_tiled_4980171355312677498_0_0__sa,gtpin_total_execution_cycles,325055316,cycles,352,325055316
n1_i0,0,1,0,performance,layers.*/post_attention_layernorm,/model/layers.1/post_attention_layernorm/Mul,RMS,RMS,rms:/model/layers.1/post_attention_layernorm/Mul,rms:/model/layers.1/post_attention_layernorm/Mul,rms,rms_gpu_bfyx_opt__f16,344,false,false,1,1,rms_gpu_bfyx_opt_10690270683970839748_0_0__sa,gtpin_total_execution_cycles,1757294,cycles,256,1757294
n1_i0,0,1,0,performance,layers.*/self_attn,/model/layers.1/self_attn/Add,RoPE,RoPE,rope:/model/layers.1/self_attn/Add,rope:/model/layers.1/self_attn/Add,rope,ocl::rope::opt___f16,320,false,false,1,1,rope_opt__13889706310558783765__sa,gtpin_total_execution_cycles,1018708,cycles,64,1018708
n1_i0,0,1,0,performance,layers.*/self_attn,/model/layers.1/self_attn/Add_1,RoPE,RoPE,rope:/model/layers.1/self_attn/Add_1,rope:/model/layers.1/self_attn/Add_1,rope,ocl::rope::opt___f16,321,false,false,1,1,rope_opt__6960924190377492479__sa,gtpin_total_execution_cycles,76458,cycles,8,76458
n1_i0,0,1,0,performance,layers.*/self_attn,/model/layers.1/self_attn/Expand,Broadcast,Broadcast,broadcast:/model/layers.1/self_attn/Expand,broadcast:/model/layers.1/self_attn/Expand,broadcast,broadcast_gpu_ref__f16,333,false,false,1,1,broadcast_gpu_ref_6456514822857321615_0_0__sa,gtpin_total_execution_cycles,5962774,cycles,1024,5962774
n1_i0,0,1,0,performance,layers.*/self_attn,/model/layers.1/self_attn/Expand_1,Broadcast,Broadcast,broadcast:/model/layers.1/self_attn/Expand_1,broadcast:/model/layers.1/self_attn/Expand_1,broadcast,broadcast_gpu_ref__f16,326,false,false,1,1,broadcast_gpu_ref_6456514822857321615_0_0__sa,gtpin_total_execution_cycles,3800384,cycles,1024,3800384
n1_i0,0,1,0,performance,layers.*/self_attn,/model/layers.1/self_attn/IsNaN,IsNaN,IsNaN,isnan:/model/layers.1/self_attn/IsNaN,isnan:/model/layers.1/self_attn/IsNaN,eltwise,generic_eltwise_ref__f16,339,false,false,1,1,generic_eltwise_ref_1696504087421334661_0_0__sa,gtpin_total_execution_cycles,1287506,cycles,256,1287506
n1_i0,0,1,0,performance,layers.*/self_attn,/model/layers.1/self_attn/MatMul,Gemm,Gemm,gemm:/model/layers.1/self_attn/MatMul,gemm:/model/layers.1/self_attn/MatMul,gemm,gemm_tiled_opt__f16,337,false,false,1,1,gemm_tiled_opt_7238579717421349067_1_0__sa,gtpin_total_execution_cycles,3466914,cycles,32,3466914
n1_i0,0,1,0,performance,layers.*/self_attn,/model/layers.1/self_attn/Mul_8,Multiply,Multiply,multiply:/model/layers.1/self_attn/Mul_8,multiply:/model/layers.1/self_attn/Mul_8,eltwise,generic_eltwise_ref__f16,323,false,false,1,1,generic_eltwise_ref_7125964068740378811_0_0__sa,gtpin_total_execution_cycles,5140436,cycles,1024,5140436
n1_i0,0,1,0,performance,layers.*/self_attn,/model/layers.1/self_attn/Softmax,Softmax,Softmax,softmax:/model/layers.1/self_attn/Softmax,softmax:/model/layers.1/self_attn/Softmax,softmax,softmax_gpu_bf__f16,338,false,false,1,1,softmax_gpu_bf_18392998524141771378_0_0__sa,gtpin_total_execution_cycles,8019815,cycles,512,8019815
n1_i0,0,1,0,performance,layers.*/self_attn,/model/layers.1/self_attn/Transpose_2,Transpose,Transpose,transpose:/model/layers.1/self_attn/Transpose_2,transpose:/model/layers.1/self_attn/Transpose_2,permute,permute_ref__f16,319,false,false,1,1,permute_ref_653960189515371720_0_0__sa,gtpin_total_execution_cycles,804240,cycles,128,804240
n1_i0,0,1,0,performance,layers.*/self_attn,/model/layers.1/self_attn/Transpose_3,Transpose,Transpose,transpose:/model/layers.1/self_attn/Transpose_3,transpose:/model/layers.1/self_attn/Transpose_3,permute,permute_ref__f16,336,false,false,1,1,permute_ref_17183202574580890641_0_0__sa,gtpin_total_execution_cycles,5346922,cycles,1024,5346922
n1_i0,0,1,0,performance,layers.*/self_attn,/model/layers.1/self_attn/Transpose_4,Gemm,Gemm,gemm:/model/layers.1/self_attn/Transpose_4,gemm:/model/layers.1/self_attn/Transpose_4,gemm,gemm_tiled_opt__f16,341,false,false,1,1,gemm_tiled_opt_12829285813189929928_0_0__sa,gtpin_total_execution_cycles,2074346,cycles,64,2074346
n1_i0,0,1,0,performance,layers.*/self_attn,/model/layers.1/self_attn/Where_2,Select,Select,select:/model/layers.1/self_attn/Where_2,select:/model/layers.1/self_attn/Where_2,select,select_gpu_ref__u8,334,false,false,1,1,select_gpu_ref_7464502897564813179_0_0__sa,gtpin_total_execution_cycles,36840,cycles,8,36840
n1_i0,0,1,0,performance,layers.*/self_attn,/model/layers.1/self_attn/Where_3,Select,Select,select:/model/layers.1/self_attn/Where_3,select:/model/layers.1/self_attn/Where_3,select,select_gpu_ref__u8,340,false,false,1,1,select_gpu_ref_5609897181611433017_0_0__sa,gtpin_total_execution_cycles,1416560,cycles,256,1416560
n1_i0,0,1,0,performance,layers.*/self_attn,/model/layers.1/self_attn/k_proj/MatMul,FullyConnected,FullyConnected,fullyconnected:/model/layers.1/self_attn/k_proj/MatMul,fullyconnected:/model/layers.1/self_attn/k_proj/MatMul,fully_connected,fully_connected_gpu_bf_tiled__f16,315,false,false,1,1,fully_connected_gpu_bf_tiled_17963963101609895522_0_0,gtpin_total_execution_cycles,3943678,cycles,8,3943678
n1_i0,0,1,0,performance,layers.*/self_attn,/model/layers.1/self_attn/o_proj/MatMul,FullyConnected,FullyConnected,fullyconnected:/model/layers.1/self_attn/o_proj/MatMul,fullyconnected:/model/layers.1/self_attn/o_proj/MatMul,fully_connected,fully_connected_gpu_bf_tiled__f16,343,false,false,1,1,fully_connected_gpu_bf_tiled_13040139110703718313_0_0__sa,gtpin_total_execution_cycles,43768164,cycles,128,43768164
n1_i0,0,1,0,performance,layers.*/self_attn,/model/layers.1/self_attn/q_proj/MatMul,FullyConnected,FullyConnected,fullyconnected:/model/layers.1/self_attn/q_proj/MatMul,fullyconnected:/model/layers.1/self_attn/q_proj/MatMul,fully_connected,fully_connected_gpu_bf_tiled__f16,314,false,false,1,1,fully_connected_gpu_bf_tiled_6368269736313904298_0_0__sa,gtpin_total_execution_cycles,41261942,cycles,128,41261942
n1_i0,0,1,0,performance,layers.*/self_attn,/model/layers.1/self_attn/v_proj/MatMul,FullyConnected,FullyConnected,fullyconnected:/model/layers.1/self_attn/v_proj/MatMul,fullyconnected:/model/layers.1/self_attn/v_proj/MatMul,fully_connected,fully_connected_gpu_bf_tiled__f16,313,false,false,1,1,fully_connected_gpu_bf_tiled_17963963101609895522_0_0,gtpin_total_execution_cycles,3893368,cycles,8,3893368
n1_i0,0,1,0,performance,layers.*/input_layernorm,/model/layers.10/input_layernorm/Mul,RMS,RMS,rms:/model/layers.10/input_layernorm/Mul,rms:/model/layers.10/input_layernorm/Mul,rms,rms_gpu_bfyx_opt__f16,636,false,false,1,1,rms_gpu_bfyx_opt_10690270683970839748_0_0__sa,gtpin_total_execution_cycles,1709562,cycles,256,1709562
n1_i0,0,1,0,performance,layers.*/mlp,/model/layers.10/mlp/down_proj/MatMul,FullyConnected,FullyConnected,fullyconnected:/model/layers.10/mlp/down_proj/MatMul,fullyconnected:/model/layers.10/mlp/down_proj/MatMul,fully_connected,fully_connected_gpu_bf_tiled__f16,671,false,false,1,1,fully_connected_gpu_bf_tiled_10430619451061347312_0_0__sa,gtpin_total_execution_cycles,108927702,cycles,128,108927702
n1_i0,0,1,0,performance,layers.*/mlp,/model/layers.10/mlp/gate_proj/MatMul,FullyConnected,FullyConnected,fullyconnected:/model/layers.10/mlp/gate_proj/MatMul,fullyconnected:/model/layers.10/mlp/gate_proj/MatMul,fully_connected,fully_connected_gpu_bf_tiled__f16,670,false,false,1,1,fully_connected_gpu_bf_tiled_9957149419786459120_0_0,gtpin_total_execution_cycles,144855688,cycles,176,144855688
n1_i0,0,1,0,performance,layers.*/mlp,/model/layers.10/mlp/up_proj/MatMul,FullyConnected,FullyConnected,fullyconnected:/model/layers.10/mlp/up_proj/MatMul,fullyconnected:/model/layers.10/mlp/up_proj/MatMul,fully_connected,fully_connected_gpu_bf_tiled__f16,669,false,false,1,1,fully_connected_gpu_bf_tiled_2740906288179525049_0_0,gtpin_total_execution_cycles,136684136,cycles,176,136684136
n1_i0,0,1,0,performance,layers.*/post_attention_layernorm,/model/layers.10/post_attention_layernorm/Mul,RMS,RMS,rms:/model/layers.10/post_attention_layernorm/Mul,rms:/model/layers.10/post_attention_layernorm/Mul,rms,rms_gpu_bfyx_opt__f16,668,false,false,1,1,rms_gpu_bfyx_opt_10690270683970839748_0_0__sa,gtpin_total_execution_cycles,1852282,cycles,256,1852282
n1_i0,0,1,0,performance,layers.*/self_attn,/model/layers.10/self_attn/Add,RoPE,RoPE,rope:/model/layers.10/self_attn/Add,rope:/model/layers.10/self_attn/Add,rope,ocl::rope::opt___f16,644,false,false,1,1,rope_opt__13889706310558783765__sa,gtpin_total_execution_cycles,783902,cycles,64,783902
n1_i0,0,1,0,performance,layers.*/self_attn,/model/layers.10/self_attn/Add_1,RoPE,RoPE,rope:/model/layers.10/self_attn/Add_1,rope:/model/layers.10/self_attn/Add_1,rope,ocl::rope::opt___f16,645,false,false,1,1,rope_opt__6960924190377492479__sa,gtpin_total_execution_cycles,60174,cycles,8,60174
n1_i0,0,1,0,performance,layers.*/self_attn,/model/layers.10/self_attn/Expand,Broadcast,Broadcast,broadcast:/model/layers.10/self_attn/Expand,broadcast:/model/layers.10/self_attn/Expand,broadcast,broadcast_gpu_ref__f16,657,false,false,1,1,broadcast_gpu_ref_6456514822857321615_0_0__sa,gtpin_total_execution_cycles,6656254,cycles,1024,6656254
n1_i0,0,1,0,performance,layers.*/self_attn,/model/layers.10/self_attn/Expand_1,Broadcast,Broadcast,broadcast:/model/layers.10/self_attn/Expand_1,broadcast:/model/layers.10/self_attn/Expand_1,broadcast,broadcast_gpu_ref__f16,650,false,false,1,1,broadcast_gpu_ref_6456514822857321615_0_0__sa,gtpin_total_execution_cycles,4041150,cycles,1024,4041150
n1_i0,0,1,0,performance,layers.*/self_attn,/model/layers.10/self_attn/IsNaN,IsNaN,IsNaN,isnan:/model/layers.10/self_attn/IsNaN,isnan:/model/layers.10/self_attn/IsNaN,eltwise,generic_eltwise_ref__f16,663,false,false,1,1,generic_eltwise_ref_1696504087421334661_0_0__sa,gtpin_total_execution_cycles,1310808,cycles,256,1310808
n1_i0,0,1,0,performance,layers.*/self_attn,/model/layers.10/self_attn/MatMul,Gemm,Gemm,gemm:/model/layers.10/self_attn/MatMul,gemm:/model/layers.10/self_attn/MatMul,gemm,gemm_tiled_opt__f16,661,false,false,1,1,gemm_tiled_opt_7238579717421349067_1_0__sa,gtpin_total_execution_cycles,3668458,cycles,32,3668458
n1_i0,0,1,0,performance,layers.*/self_attn,/model/layers.10/self_attn/Mul_8,Multiply,Multiply,multiply:/model/layers.10/self_attn/Mul_8,multiply:/model/layers.10/self_attn/Mul_8,eltwise,generic_eltwise_ref__f16,647,false,false,1,1,generic_eltwise_ref_7125964068740378811_0_0__sa,gtpin_total_execution_cycles,4762280,cycles,1024,4762280
n1_i0,0,1,0,performance,layers.*/self_attn,/model/layers.10/self_attn/Softmax,Softmax,Softmax,softmax:/model/layers.10/self_attn/Softmax,softmax:/model/layers.10/self_attn/Softmax,softmax,softmax_gpu_bf__f16,662,false,false,1,1,softmax_gpu_bf_18392998524141771378_0_0__sa,gtpin_total_execution_cycles,8311994,cycles,512,8311994
n1_i0,0,1,0,performance,layers.*/self_attn,/model/layers.10/self_attn/Transpose_2,Transpose,Transpose,transpose:/model/layers.10/self_attn/Transpose_2,transpose:/model/layers.10/self_attn/Transpose_2,permute,permute_ref__f16,643,false,false,1,1,permute_ref_653960189515371720_0_0__sa,gtpin_total_execution_cycles,441472,cycles,128,441472
n1_i0,0,1,0,performance,layers.*/self_attn,/model/layers.10/self_attn/Transpose_3,Transpose,Transpose,transpose:/model/layers.10/self_attn/Transpose_3,transpose:/model/layers.10/self_attn/Transpose_3,permute,permute_ref__f16,660,false,false,1,1,permute_ref_17183202574580890641_0_0__sa,gtpin_total_execution_cycles,5682036,cycles,1024,5682036
n1_i0,0,1,0,performance,layers.*/self_attn,/model/layers.10/self_attn/Transpose_4,Gemm,Gemm,gemm:/model/layers.10/self_attn/Transpose_4,gemm:/model/layers.10/self_attn/Transpose_4,gemm,gemm_tiled_opt__f16,665,false,false,1,1,gemm_tiled_opt_12829285813189929928_0_0__sa,gtpin_total_execution_cycles,2149598,cycles,64,2149598
n1_i0,0,1,0,performance,layers.*/self_attn,/model/layers.10/self_attn/Where_2,Select,Select,select:/model/layers.10/self_attn/Where_2,select:/model/layers.10/self_attn/Where_2,select,select_gpu_ref__u8,658,false,false,1,1,select_gpu_ref_7464502897564813179_0_0__sa,gtpin_total_execution_cycles,38440,cycles,8,38440
n1_i0,0,1,0,performance,layers.*/self_attn,/model/layers.10/self_attn/Where_3,Select,Select,select:/model/layers.10/self_attn/Where_3,select:/model/layers.10/self_attn/Where_3,select,select_gpu_ref__u8,664,false,false,1,1,select_gpu_ref_5609897181611433017_0_0__sa,gtpin_total_execution_cycles,1531550,cycles,256,1531550
n1_i0,0,1,0,performance,layers.*/self_attn,/model/layers.10/self_attn/k_proj/MatMul,FullyConnected,FullyConnected,fullyconnected:/model/layers.10/self_attn/k_proj/MatMul,fullyconnected:/model/layers.10/self_attn/k_proj/MatMul,fully_connected,fully_connected_gpu_bf_tiled__f16,639,false,false,1,1,fully_connected_gpu_bf_tiled_17963963101609895522_0_0,gtpin_total_execution_cycles,3722422,cycles,8,3722422
n1_i0,0,1,0,performance,layers.*/self_attn,/model/layers.10/self_attn/o_proj/MatMul,FullyConnected,FullyConnected,fullyconnected:/model/layers.10/self_attn/o_proj/MatMul,fullyconnected:/model/layers.10/self_attn/o_proj/MatMul,fully_connected,fully_connected_gpu_bf_tiled__f16,667,false,false,1,1,fully_connected_gpu_bf_tiled_14284117615310227244_0_0,gtpin_total_execution_cycles,30112580,cycles,64,30112580
n1_i0,0,1,0,performance,layers.*/self_attn,/model/layers.10/self_attn/q_proj/MatMul,FullyConnected,FullyConnected,fullyconnected:/model/layers.10/self_attn/q_proj/MatMul,fullyconnected:/model/layers.10/self_attn/q_proj/MatMul,fully_connected,fully_connected_gpu_bf_tiled__f16,638,false,false,1,1,fully_connected_gpu_bf_tiled_5315586391497964380_0_0,gtpin_total_execution_cycles,28939942,cycles,64,28939942
n1_i0,0,1,0,performance,layers.*/self_attn,/model/layers.10/self_attn/v_proj/MatMul,FullyConnected,FullyConnected,fullyconnected:/model/layers.10/self_attn/v_proj/MatMul,fullyconnected:/model/layers.10/self_attn/v_proj/MatMul,fully_connected,fully_connected_gpu_bf_tiled__f16,637,false,false,1,1,fully_connected_gpu_bf_tiled_17963963101609895522_0_0,gtpin_total_execution_cycles,3539730,cycles,8,3539730
n1_i0,0,1,0,performance,layers.*/input_layernorm,/model/layers.11/input_layernorm/Mul,RMS,RMS,rms:/model/layers.11/input_layernorm/Mul,rms:/model/layers.11/input_layernorm/Mul,rms,rms_gpu_bfyx_opt__f16,672,false,false,1,1,rms_gpu_bfyx_opt_10690270683970839748_0_0__sa,gtpin_total_execution_cycles,1989504,cycles,256,1989504
n1_i0,0,1,0,performance,layers.*/mlp,/model/layers.11/mlp/down_proj/MatMul,FullyConnected,FullyConnected,fullyconnected:/model/layers.11/mlp/down_proj/MatMul,fullyconnected:/model/layers.11/mlp/down_proj/MatMul,fully_connected,fully_connected_gpu_bf_tiled__f16,707,false,false,1,1,fully_connected_gpu_bf_tiled_2727911967636154657_0_0,gtpin_total_execution_cycles,83341160,cycles,64,83341160
n1_i0,0,1,0,performance,layers.*/mlp,/model/layers.11/mlp/gate_proj/MatMul,FullyConnected,FullyConnected,fullyconnected:/model/layers.11/mlp/gate_proj/MatMul,fullyconnected:/model/layers.11/mlp/gate_proj/MatMul,fully_connected,fully_connected_gpu_bf_tiled__f16,706,false,false,1,1,fully_connected_gpu_bf_tiled_9957149419786459120_0_0,gtpin_total_execution_cycles,154445320,cycles,176,154445320
n1_i0,0,1,0,performance,layers.*/mlp,/model/layers.11/mlp/up_proj/MatMul,FullyConnected,FullyConnected,fullyconnected:/model/layers.11/mlp/up_proj/MatMul,fullyconnected:/model/layers.11/mlp/up_proj/MatMul,fully_connected,fully_connected_gpu_bf_tiled__f16,705,false,false,1,1,fully_connected_gpu_bf_tiled_2740906288179525049_0_0,gtpin_total_execution_cycles,164778506,cycles,176,164778506
n1_i0,0,1,0,performance,layers.*/post_attention_layernorm,/model/layers.11/post_attention_layernorm/Mul,RMS,RMS,rms:/model/layers.11/post_attention_layernorm/Mul,rms:/model/layers.11/post_attention_layernorm/Mul,rms,rms_gpu_bfyx_opt__f16,704,false,false,1,1,rms_gpu_bfyx_opt_10690270683970839748_0_0__sa,gtpin_total_execution_cycles,2479556,cycles,256,2479556
n1_i0,0,1,0,performance,layers.*/self_attn,/model/layers.11/self_attn/Add,RoPE,RoPE,rope:/model/layers.11/self_attn/Add,rope:/model/layers.11/self_attn/Add,rope,ocl::rope::opt___f16,680,false,false,1,1,rope_opt__13889706310558783765__sa,gtpin_total_execution_cycles,815804,cycles,64,815804
n1_i0,0,1,0,performance,layers.*/self_attn,/model/layers.11/self_attn/Add_1,RoPE,RoPE,rope:/model/layers.11/self_attn/Add_1,rope:/model/layers.11/self_attn/Add_1,rope,ocl::rope::opt___f16,681,false,false,1,1,rope_opt__6960924190377492479__sa,gtpin_total_execution_cycles,66558,cycles,8,66558
n1_i0,0,1,0,performance,layers.*/self_attn,/model/layers.11/self_attn/Expand,Broadcast,Broadcast,broadcast:/model/layers.11/self_attn/Expand,broadcast:/model/layers.11/self_attn/Expand,broadcast,broadcast_gpu_ref__f16,693,false,false,1,1,broadcast_gpu_ref_6456514822857321615_0_0__sa,gtpin_total_execution_cycles,3758518,cycles,1024,3758518
n1_i0,0,1,0,performance,layers.*/self_attn,/model/layers.11/self_attn/Expand_1,Broadcast,Broadcast,broadcast:/model/layers.11/self_attn/Expand_1,broadcast:/model/layers.11/self_attn/Expand_1,broadcast,broadcast_gpu_ref__f16,686,false,false,1,1,broadcast_gpu_ref_6456514822857321615_0_0__sa,gtpin_total_execution_cycles,7181124,cycles,1024,7181124
n1_i0,0,1,0,performance,layers.*/self_attn,/model/layers.11/self_attn/IsNaN,IsNaN,IsNaN,isnan:/model/layers.11/self_attn/IsNaN,isnan:/model/layers.11/self_attn/IsNaN,eltwise,generic_eltwise_ref__f16,699,false,false,1,1,generic_eltwise_ref_1696504087421334661_0_0__sa,gtpin_total_execution_cycles,1221762,cycles,256,1221762
n1_i0,0,1,0,performance,layers.*/self_attn,/model/layers.11/self_attn/MatMul,Gemm,Gemm,gemm:/model/layers.11/self_attn/MatMul,gemm:/model/layers.11/self_attn/MatMul,gemm,gemm_tiled_opt__f16,697,false,false,1,1,gemm_tiled_opt_7238579717421349067_1_0__sa,gtpin_total_execution_cycles,3630118,cycles,32,3630118
n1_i0,0,1,0,performance,layers.*/self_attn,/model/layers.11/self_attn/Mul_8,Multiply,Multiply,multiply:/model/layers.11/self_attn/Mul_8,multiply:/model/layers.11/self_attn/Mul_8,eltwise,generic_eltwise_ref__f16,683,false,false,1,1,generic_eltwise_ref_7125964068740378811_0_0__sa,gtpin_total_execution_cycles,4396062,cycles,1024,4396062
n1_i0,0,1,0,performance,layers.*/self_attn,/model/layers.11/self_attn/Softmax,Softmax,Softmax,softmax:/model/layers.11/self_attn/Softmax,softmax:/model/layers.11/self_attn/Softmax,softmax,softmax_gpu_bf__f16,698,false,false,1,1,softmax_gpu_bf_18392998524141771378_0_0__sa,gtpin_total_execution_cycles,8013941,cycles,512,8013941
n1_i0,0,1,0,performance,layers.*/self_attn,/model/layers.11/self_attn/Transpose_2,Transpose,Transpose,transpose:/model/layers.11/self_attn/Transpose_2,transpose:/model/layers.11/self_attn/Transpose_2,permute,permute_ref__f16,679,false,false,1,1,permute_ref_653960189515371720_0_0__sa,gtpin_total_execution_cycles,387406,cycles,128,387406
n1_i0,0,1,0,performance,layers.*/self_attn,/model/layers.11/self_attn/Transpose_3,Transpose,Transpose,transpose:/model/layers.11/self_attn/Transpose_3,transpose:/model/layers.11/self_attn/Transpose_3,permute,permute_ref__f16,696,false,false,1,1,permute_ref_17183202574580890641_0_0__sa,gtpin_total_execution_cycles,5778890,cycles,1024,5778890
n1_i0,0,1,0,performance,layers.*/self_attn,/model/layers.11/self_attn/Transpose_4,Gemm,Gemm,gemm:/model/layers.11/self_attn/Transpose_4,gemm:/model/layers.11/self_attn/Transpose_4,gemm,gemm_tiled_opt__f16,701,false,false,1,1,gemm_tiled_opt_12829285813189929928_0_0__sa,gtpin_total_execution_cycles,2412038,cycles,64,2412038
n1_i0,0,1,0,performance,layers.*/self_attn,/model/layers.11/self_attn/Where_2,Select,Select,select:/model/layers.11/self_attn/Where_2,select:/model/layers.11/self_attn/Where_2,select,select_gpu_ref__u8,694,false,false,1,1,select_gpu_ref_7464502897564813179_0_0__sa,gtpin_total_execution_cycles,47904,cycles,8,47904
n1_i0,0,1,0,performance,layers.*/self_attn,/model/layers.11/self_attn/Where_3,Select,Select,select:/model/layers.11/self_attn/Where_3,select:/model/layers.11/self_attn/Where_3,select,select_gpu_ref__u8,700,false,false,1,1,select_gpu_ref_5609897181611433017_0_0__sa,gtpin_total_execution_cycles,1394612,cycles,256,1394612
n1_i0,0,1,0,performance,layers.*/self_attn,/model/layers.11/self_attn/k_proj/MatMul,FullyConnected,FullyConnected,fullyconnected:/model/layers.11/self_attn/k_proj/MatMul,fullyconnected:/model/layers.11/self_attn/k_proj/MatMul,fully_connected,fully_connected_gpu_bf_tiled__f16,675,false,false,1,1,fully_connected_gpu_bf_tiled_17963963101609895522_0_0,gtpin_total_execution_cycles,3779832,cycles,8,3779832
n1_i0,0,1,0,performance,layers.*/self_attn,/model/layers.11/self_attn/o_proj/MatMul,FullyConnected,FullyConnected,fullyconnected:/model/layers.11/self_attn/o_proj/MatMul,fullyconnected:/model/layers.11/self_attn/o_proj/MatMul,fully_connected,fully_connected_gpu_bf_tiled__f16,703,false,false,1,1,fully_connected_gpu_bf_tiled_14284117615310227244_0_0,gtpin_total_execution_cycles,35524476,cycles,64,35524476
n1_i0,0,1,0,performance,layers.*/self_attn,/model/layers.11/self_attn/q_proj/MatMul,FullyConnected,FullyConnected,fullyconnected:/model/layers.11/self_attn/q_proj/MatMul,fullyconnected:/model/layers.11/self_attn/q_proj/MatMul,fully_connected,fully_connected_gpu_bf_tiled__f16,674,false,false,1,1,fully_connected_gpu_bf_tiled_5315586391497964380_0_0,gtpin_total_execution_cycles,29090892,cycles,64,29090892
n1_i0,0,1,0,performance,layers.*/self_attn,/model/layers.11/self_attn/v_proj/MatMul,FullyConnected,FullyConnected,fullyconnected:/model/layers.11/self_attn/v_proj/MatMul,fullyconnected:/model/layers.11/self_attn/v_proj/MatMul,fully_connected,fully_connected_gpu_bf_tiled__f16,673,false,false,1,1,fully_connected_gpu_bf_tiled_17963963101609895522_0_0,gtpin_total_execution_cycles,3547536,cycles,8,3547536
n1_i0,0,1,0,performance,layers.*/input_layernorm,/model/layers.12/input_layernorm/Mul,RMS,RMS,rms:/model/layers.12/input_layernorm/Mul,rms:/model/layers.12/input_layernorm/Mul,rms,rms_gpu_bfyx_opt__f16,708,false,false,1,1,rms_gpu_bfyx_opt_10690270683970839748_0_0__sa,gtpin_total_execution_cycles,1754532,cycles,256,1754532
n1_i0,0,1,0,performance,layers.*/mlp,/model/layers.12/mlp/down_proj/MatMul,FullyConnected,FullyConnected,fullyconnected:/model/layers.12/mlp/down_proj/MatMul,fullyconnected:/model/layers.12/mlp/down_proj/MatMul,fully_connected,fully_connected_gpu_bf_tiled__f16,743,false,false,1,1,fully_connected_gpu_bf_tiled_2727911967636154657_0_0,gtpin_total_execution_cycles,80069288,cycles,64,80069288
n1_i0,0,1,0,performance,layers.*/mlp,/model/layers.12/mlp/gate_proj/MatMul,FullyConnected,FullyConnected,fullyconnected:/model/layers.12/mlp/gate_proj/MatMul,fullyconnected:/model/layers.12/mlp/gate_proj/MatMul,fully_connected,fully_connected_gpu_bf_tiled__f16,742,false,false,1,1,fully_connected_gpu_bf_tiled_9957149419786459120_0_0,gtpin_total_execution_cycles,135128680,cycles,176,135128680
n1_i0,0,1,0,performance,layers.*/mlp,/model/layers.12/mlp/up_proj/MatMul,FullyConnected,FullyConnected,fullyconnected:/model/layers.12/mlp/up_proj/MatMul,fullyconnected:/model/layers.12/mlp/up_proj/MatMul,fully_connected,fully_connected_gpu_bf_tiled__f16,741,false,false,1,1,fully_connected_gpu_bf_tiled_2740906288179525049_0_0,gtpin_total_execution_cycles,131457352,cycles,176,131457352
n1_i0,0,1,0,performance,layers.*/post_attention_layernorm,/model/layers.12/post_attention_layernorm/Mul,RMS,RMS,rms:/model/layers.12/post_attention_layernorm/Mul,rms:/model/layers.12/post_attention_layernorm/Mul,rms,rms_gpu_bfyx_opt__f16,740,false,false,1,1,rms_gpu_bfyx_opt_10690270683970839748_0_0__sa,gtpin_total_execution_cycles,2215250,cycles,256,2215250
n1_i0,0,1,0,performance,layers.*/self_attn,/model/layers.12/self_attn/Add,RoPE,RoPE,rope:/model/layers.12/self_attn/Add,rope:/model/layers.12/self_attn/Add,rope,ocl::rope::opt___f16,716,false,false,1,1,rope_opt__13889706310558783765__sa,gtpin_total_execution_cycles,830274,cycles,64,830274
n1_i0,0,1,0,performance,layers.*/self_attn,/model/layers.12/self_attn/Add_1,RoPE,RoPE,rope:/model/layers.12/self_attn/Add_1,rope:/model/layers.12/self_attn/Add_1,rope,ocl::rope::opt___f16,717,false,false,1,1,rope_opt__6960924190377492479__sa,gtpin_total_execution_cycles,62050,cycles,8,62050
n1_i0,0,1,0,performance,layers.*/self_attn,/model/layers.12/self_attn/Expand,Broadcast,Broadcast,broadcast:/model/layers.12/self_attn/Expand,broadcast:/model/layers.12/self_attn/Expand,broadcast,broadcast_gpu_ref__f16,729,false,false,1,1,broadcast_gpu_ref_6456514822857321615_0_0__sa,gtpin_total_execution_cycles,4570632,cycles,1024,4570632
n1_i0,0,1,0,performance,layers.*/self_attn,/model/layers.12/self_attn/Expand_1,Broadcast,Broadcast,broadcast:/model/layers.12/self_attn/Expand_1,broadcast:/model/layers.12/self_attn/Expand_1,broadcast,broadcast_gpu_ref__f16,722,false,false,1,1,broadcast_gpu_ref_6456514822857321615_0_0__sa,gtpin_total_execution_cycles,4205800,cycles,1024,4205800
n1_i0,0,1,0,performance,layers.*/self_attn,/model/layers.12/self_attn/IsNaN,IsNaN,IsNaN,isnan:/model/layers.12/self_attn/IsNaN,isnan:/model/layers.12/self_attn/IsNaN,eltwise,generic_eltwise_ref__f16,735,false,false,1,1,generic_eltwise_ref_1696504087421334661_0_0__sa,gtpin_total_execution_cycles,1283722,cycles,256,1283722
n1_i0,0,1,0,performance,layers.*/self_attn,/model/layers.12/self_attn/MatMul,Gemm,Gemm,gemm:/model/layers.12/self_attn/MatMul,gemm:/model/layers.12/self_attn/MatMul,gemm,gemm_tiled_opt__f16,733,false,false,1,1,gemm_tiled_opt_7238579717421349067_1_0__sa,gtpin_total_execution_cycles,4182208,cycles,32,4182208
n1_i0,0,1,0,performance,layers.*/self_attn,/model/layers.12/self_attn/Mul_8,Multiply,Multiply,multiply:/model/layers.12/self_attn/Mul_8,multiply:/model/layers.12/self_attn/Mul_8,eltwise,generic_eltwise_ref__f16,719,false,false,1,1,generic_eltwise_ref_7125964068740378811_0_0__sa,gtpin_total_execution_cycles,5285724,cycles,1024,5285724
n1_i0,0,1,0,performance,layers.*/self_attn,/model/layers.12/self_attn/Softmax,Softmax,Softmax,softmax:/model/layers.12/self_attn/Softmax,softmax:/model/layers.12/self_attn/Softmax,softmax,softmax_gpu_bf__f16,734,false,false,1,1,softmax_gpu_bf_18392998524141771378_0_0__sa,gtpin_total_execution_cycles,8325204,cycles,512,8325204
n1_i0,0,1,0,performance,layers.*/self_attn,/model/layers.12/self_attn/Transpose_2,Transpose,Transpose,transpose:/model/layers.12/self_attn/Transpose_2,transpose:/model/layers.12/self_attn/Transpose_2,permute,permute_ref__f16,715,false,false,1,1,permute_ref_653960189515371720_0_0__sa,gtpin_total_execution_cycles,568846,cycles,128,568846
n1_i0,0,1,0,performance,layers.*/self_attn,/model/layers.12/self_attn/Transpose_3,Transpose,Transpose,transpose:/model/layers.12/self_attn/Transpose_3,transpose:/model/layers.12/self_attn/Transpose_3,permute,permute_ref__f16,732,false,false,1,1,permute_ref_17183202574580890641_0_0__sa,gtpin_total_execution_cycles,5345924,cycles,1024,5345924
n1_i0,0,1,0,performance,layers.*/self_attn,/model/layers.12/self_attn/Transpose_4,Gemm,Gemm,gemm:/model/layers.12/self_attn/Transpose_4,gemm:/model/layers.12/self_attn/Transpose_4,gemm,gemm_tiled_opt__f16,737,false,false,1,1,gemm_tiled_opt_12829285813189929928_0_0__sa,gtpin_total_execution_cycles,2070466,cycles,64,2070466
n1_i0,0,1,0,performance,layers.*/self_attn,/model/layers.12/self_attn/Where_2,Select,Select,select:/model/layers.12/self_attn/Where_2,select:/model/layers.12/self_attn/Where_2,select,select_gpu_ref__u8,730,false,false,1,1,select_gpu_ref_7464502897564813179_0_0__sa,gtpin_total_execution_cycles,44724,cycles,8,44724
n1_i0,0,1,0,performance,layers.*/self_attn,/model/layers.12/self_attn/Where_3,Select,Select,select:/model/layers.12/self_attn/Where_3,select:/model/layers.12/self_attn/Where_3,select,select_gpu_ref__u8,736,false,false,1,1,select_gpu_ref_5609897181611433017_0_0__sa,gtpin_total_execution_cycles,1712586,cycles,256,1712586
n1_i0,0,1,0,performance,layers.*/self_attn,/model/layers.12/self_attn/k_proj/MatMul,FullyConnected,FullyConnected,fullyconnected:/model/layers.12/self_attn/k_proj/MatMul,fullyconnected:/model/layers.12/self_attn/k_proj/MatMul,fully_connected,fully_connected_gpu_bf_tiled__f16,711,false,false,1,1,fully_connected_gpu_bf_tiled_17963963101609895522_0_0,gtpin_total_execution_cycles,3818276,cycles,8,3818276
n1_i0,0,1,0,performance,layers.*/self_attn,/model/layers.12/self_attn/o_proj/MatMul,FullyConnected,FullyConnected,fullyconnected:/model/layers.12/self_attn/o_proj/MatMul,fullyconnected:/model/layers.12/self_attn/o_proj/MatMul,fully_connected,fully_connected_gpu_bf_tiled__f16,739,false,false,1,1,fully_connected_gpu_bf_tiled_14284117615310227244_0_0,gtpin_total_execution_cycles,29415982,cycles,64,29415982
n1_i0,0,1,0,performance,layers.*/self_attn,/model/layers.12/self_attn/q_proj/MatMul,FullyConnected,FullyConnected,fullyconnected:/model/layers.12/self_attn/q_proj/MatMul,fullyconnected:/model/layers.12/self_attn/q_proj/MatMul,fully_connected,fully_connected_gpu_bf_tiled__f16,710,false,false,1,1,fully_connected_gpu_bf_tiled_5315586391497964380_0_0,gtpin_total_execution_cycles,29587634,cycles,64,29587634
n1_i0,0,1,0,performance,layers.*/self_attn,/model/layers.12/self_attn/v_proj/MatMul,FullyConnected,FullyConnected,fullyconnected:/model/layers.12/self_attn/v_proj/MatMul,fullyconnected:/model/layers.12/self_attn/v_proj/MatMul,fully_connected,fully_connected_gpu_bf_tiled__f16,709,false,false,1,1,fully_connected_gpu_bf_tiled_17963963101609895522_0_0,gtpin_total_execution_cycles,3623792,cycles,8,3623792
n1_i0,0,1,0,performance,layers.*/input_layernorm,/model/layers.13/input_layernorm/Mul,RMS,RMS,rms:/model/layers.13/input_layernorm/Mul,rms:/model/layers.13/input_layernorm/Mul,rms,rms_gpu_bfyx_opt__f16,744,false,false,1,1,rms_gpu_bfyx_opt_10690270683970839748_0_0__sa,gtpin_total_execution_cycles,2348962,cycles,256,2348962
n1_i0,0,1,0,performance,layers.*/mlp,/model/layers.13/mlp/down_proj/MatMul,FullyConnected,FullyConnected,fullyconnected:/model/layers.13/mlp/down_proj/MatMul,fullyconnected:/model/layers.13/mlp/down_proj/MatMul,fully_connected,fully_connected_gpu_bf_tiled__f16,779,false,false,1,1,fully_connected_gpu_bf_tiled_2727911967636154657_0_0,gtpin_total_execution_cycles,82413858,cycles,64,82413858
n1_i0,0,1,0,performance,layers.*/mlp,/model/layers.13/mlp/gate_proj/MatMul,FullyConnected,FullyConnected,fullyconnected:/model/layers.13/mlp/gate_proj/MatMul,fullyconnected:/model/layers.13/mlp/gate_proj/MatMul,fully_connected,fully_connected_gpu_bf_tiled__f16,778,false,false,1,1,fully_connected_gpu_bf_tiled_9957149419786459120_0_0,gtpin_total_execution_cycles,139046504,cycles,176,139046504
n1_i0,0,1,0,performance,layers.*/mlp,/model/layers.13/mlp/up_proj/MatMul,FullyConnected,FullyConnected,fullyconnected:/model/layers.13/mlp/up_proj/MatMul,fullyconnected:/model/layers.13/mlp/up_proj/MatMul,fully_connected,fully_connected_gpu_bf_tiled__f16,777,false,false,1,1,fully_connected_gpu_bf_tiled_2740906288179525049_0_0,gtpin_total_execution_cycles,108056280,cycles,176,108056280
n1_i0,0,1,0,performance,layers.*/post_attention_layernorm,/model/layers.13/post_attention_layernorm/Mul,RMS,RMS,rms:/model/layers.13/post_attention_layernorm/Mul,rms:/model/layers.13/post_attention_layernorm/Mul,rms,rms_gpu_bfyx_opt__f16,776,false,false,1,1,rms_gpu_bfyx_opt_10690270683970839748_0_0__sa,gtpin_total_execution_cycles,1936102,cycles,256,1936102
n1_i0,0,1,0,performance,layers.*/self_attn,/model/layers.13/self_attn/Add,RoPE,RoPE,rope:/model/layers.13/self_attn/Add,rope:/model/layers.13/self_attn/Add,rope,ocl::rope::opt___f16,752,false,false,1,1,rope_opt__13889706310558783765__sa,gtpin_total_execution_cycles,933180,cycles,64,933180
n1_i0,0,1,0,performance,layers.*/self_attn,/model/layers.13/self_attn/Add_1,RoPE,RoPE,rope:/model/layers.13/self_attn/Add_1,rope:/model/layers.13/self_attn/Add_1,rope,ocl::rope::opt___f16,753,false,false,1,1,rope_opt__6960924190377492479__sa,gtpin_total_execution_cycles,75410,cycles,8,75410
n1_i0,0,1,0,performance,layers.*/self_attn,/model/layers.13/self_attn/Expand,Broadcast,Broadcast,broadcast:/model/layers.13/self_attn/Expand,broadcast:/model/layers.13/self_attn/Expand,broadcast,broadcast_gpu_ref__f16,765,false,false,1,1,broadcast_gpu_ref_6456514822857321615_0_0__sa,gtpin_total_execution_cycles,6998966,cycles,1024,6998966
n1_i0,0,1,0,performance,layers.*/self_attn,/model/layers.13/self_attn/Expand_1,Broadcast,Broadcast,broadcast:/model/layers.13/self_attn/Expand_1,broadcast:/model/layers.13/self_attn/Expand_1,broadcast,broadcast_gpu_ref__f16,758,false,false,1,1,broadcast_gpu_ref_6456514822857321615_0_0__sa,gtpin_total_execution_cycles,4516030,cycles,1024,4516030
n1_i0,0,1,0,performance,layers.*/self_attn,/model/layers.13/self_attn/IsNaN,IsNaN,IsNaN,isnan:/model/layers.13/self_attn/IsNaN,isnan:/model/layers.13/self_attn/IsNaN,eltwise,generic_eltwise_ref__f16,771,false,false,1,1,generic_eltwise_ref_1696504087421334661_0_0__sa,gtpin_total_execution_cycles,1253978,cycles,256,1253978
n1_i0,0,1,0,performance,layers.*/self_attn,/model/layers.13/self_attn/MatMul,Gemm,Gemm,gemm:/model/layers.13/self_attn/MatMul,gemm:/model/layers.13/self_attn/MatMul,gemm,gemm_tiled_opt__f16,769,false,false,1,1,gemm_tiled_opt_7238579717421349067_1_0__sa,gtpin_total_execution_cycles,3704950,cycles,32,3704950
n1_i0,0,1,0,performance,layers.*/self_attn,/model/layers.13/self_attn/Mul_8,Multiply,Multiply,multiply:/model/layers.13/self_attn/Mul_8,multiply:/model/layers.13/self_attn/Mul_8,eltwise,generic_eltwise_ref__f16,755,false,false,1,1,generic_eltwise_ref_7125964068740378811_0_0__sa,gtpin_total_execution_cycles,4403184,cycles,1024,4403184
n1_i0,0,1,0,performance,layers.*/self_attn,/model/layers.13/self_attn/Softmax,Softmax,Softmax,softmax:/model/layers.13/self_attn/Softmax,softmax:/model/layers.13/self_attn/Softmax,softmax,softmax_gpu_bf__f16,770,false,false,1,1,softmax_gpu_bf_18392998524141771378_0_0__sa,gtpin_total_execution_cycles,8268124,cycles,512,8268124
n1_i0,0,1,0,performance,layers.*/self_attn,/model/layers.13/self_attn/Transpose_2,Transpose,Transpose,transpose:/model/layers.13/self_attn/Transpose_2,transpose:/model/layers.13/self_attn/Transpose_2,permute,permute_ref__f16,751,false,false,1,1,permute_ref_653960189515371720_0_0__sa,gtpin_total_execution_cycles,515178,cycles,128,515178
n1_i0,0,1,0,performance,layers.*/self_attn,/model/layers.13/self_attn/Transpose_3,Transpose,Transpose,transpose:/model/layers.13/self_attn/Transpose_3,transpose:/model/layers.13/self_attn/Transpose_3,permute,permute_ref__f16,768,false,false,1,1,permute_ref_17183202574580890641_0_0__sa,gtpin_total_execution_cycles,6002700,cycles,1024,6002700
n1_i0,0,1,0,performance,layers.*/self_attn,/model/layers.13/self_attn/Transpose_4,Gemm,Gemm,gemm:/model/layers.13/self_attn/Transpose_4,gemm:/model/layers.13/self_attn/Transpose_4,gemm,gemm_tiled_opt__f16,773,false,false,1,1,gemm_tiled_opt_12829285813189929928_0_0__sa,gtpin_total_execution_cycles,2064840,cycles,64,2064840
n1_i0,0,1,0,performance,layers.*/self_attn,/model/layers.13/self_attn/Where_2,Select,Select,select:/model/layers.13/self_attn/Where_2,select:/model/layers.13/self_attn/Where_2,select,select_gpu_ref__u8,766,false,false,1,1,select_gpu_ref_7464502897564813179_0_0__sa,gtpin_total_execution_cycles,46980,cycles,8,46980
n1_i0,0,1,0,performance,layers.*/self_attn,/model/layers.13/self_attn/Where_3,Select,Select,select:/model/layers.13/self_attn/Where_3,select:/model/layers.13/self_attn/Where_3,select,select_gpu_ref__u8,772,false,false,1,1,select_gpu_ref_5609897181611433017_0_0__sa,gtpin_total_execution_cycles,1464786,cycles,256,1464786
n1_i0,0,1,0,performance,layers.*/self_attn,/model/layers.13/self_attn/k_proj/MatMul,FullyConnected,FullyConnected,fullyconnected:/model/layers.13/self_attn/k_proj/MatMul,fullyconnected:/model/layers.13/self_attn/k_proj/MatMul,fully_connected,fully_connected_gpu_bf_tiled__f16,747,false,false,1,1,fully_connected_gpu_bf_tiled_17963963101609895522_0_0,gtpin_total_execution_cycles,4340550,cycles,8,4340550
n1_i0,0,1,0,performance,layers.*/self_attn,/model/layers.13/self_attn/o_proj/MatMul,FullyConnected,FullyConnected,fullyconnected:/model/layers.13/self_attn/o_proj/MatMul,fullyconnected:/model/layers.13/self_attn/o_proj/MatMul,fully_connected,fully_connected_gpu_bf_tiled__f16,775,false,false,1,1,fully_connected_gpu_bf_tiled_14284117615310227244_0_0,gtpin_total_execution_cycles,29447420,cycles,64,29447420
n1_i0,0,1,0,performance,layers.*/self_attn,/model/layers.13/self_attn/q_proj/MatMul,FullyConnected,FullyConnected,fullyconnected:/model/layers.13/self_attn/q_proj/MatMul,fullyconnected:/model/layers.13/self_attn/q_proj/MatMul,fully_connected,fully_connected_gpu_bf_tiled__f16,746,false,false,1,1,fully_connected_gpu_bf_tiled_5315586391497964380_0_0,gtpin_total_execution_cycles,33547386,cycles,64,33547386
n1_i0,0,1,0,performance,layers.*/self_attn,/model/layers.13/self_attn/v_proj/MatMul,FullyConnected,FullyConnected,fullyconnected:/model/layers.13/self_attn/v_proj/MatMul,fullyconnected:/model/layers.13/self_attn/v_proj/MatMul,fully_connected,fully_connected_gpu_bf_tiled__f16,745,false,false,1,1,fully_connected_gpu_bf_tiled_17963963101609895522_0_0,gtpin_total_execution_cycles,4089486,cycles,8,4089486
n1_i0,0,1,0,performance,layers.*/input_layernorm,/model/layers.14/input_layernorm/Mul,RMS,RMS,rms:/model/layers.14/input_layernorm/Mul,rms:/model/layers.14/input_layernorm/Mul,rms,rms_gpu_bfyx_opt__f16,780,false,false,1,1,rms_gpu_bfyx_opt_10690270683970839748_0_0__sa,gtpin_total_execution_cycles,1763028,cycles,256,1763028
n1_i0,0,1,0,performance,layers.*/mlp,/model/layers.14/mlp/down_proj/MatMul,FullyConnected,FullyConnected,fullyconnected:/model/layers.14/mlp/down_proj/MatMul,fullyconnected:/model/layers.14/mlp/down_proj/MatMul,fully_connected,fully_connected_gpu_bf_tiled__f16,815,false,false,1,1,fully_connected_gpu_bf_tiled_2727911967636154657_0_0,gtpin_total_execution_cycles,79171918,cycles,64,79171918
n1_i0,0,1,0,performance,layers.*/mlp,/model/layers.14/mlp/gate_proj/MatMul,FullyConnected,FullyConnected,fullyconnected:/model/layers.14/mlp/gate_proj/MatMul,fullyconnected:/model/layers.14/mlp/gate_proj/MatMul,fully_connected,fully_connected_gpu_bf_tiled__f16,814,false,false,1,1,fully_connected_gpu_bf_tiled_9957149419786459120_0_0,gtpin_total_execution_cycles,137632856,cycles,176,137632856
n1_i0,0,1,0,performance,layers.*/mlp,/model/layers.14/mlp/up_proj/MatMul,FullyConnected,FullyConnected,fullyconnected:/model/layers.14/mlp/up_proj/MatMul,fullyconnected:/model/layers.14/mlp/up_proj/MatMul,fully_connected,fully_connected_gpu_bf_tiled__f16,813,false,false,1,1,fully_connected_gpu_bf_tiled_2740906288179525049_0_0,gtpin_total_execution_cycles,119278436,cycles,176,119278436
n1_i0,0,1,0,performance,layers.*/post_attention_layernorm,/model/layers.14/post_attention_layernorm/Mul,RMS,RMS,rms:/model/layers.14/post_attention_layernorm/Mul,rms:/model/layers.14/post_attention_layernorm/Mul,rms,rms_gpu_bfyx_opt__f16,812,false,false,1,1,rms_gpu_bfyx_opt_10690270683970839748_0_0__sa,gtpin_total_execution_cycles,1926962,cycles,256,1926962
n1_i0,0,1,0,performance,layers.*/self_attn,/model/layers.14/self_attn/Add,RoPE,RoPE,rope:/model/layers.14/self_attn/Add,rope:/model/layers.14/self_attn/Add,rope,ocl::rope::opt___f16,788,false,false,1,1,rope_opt__13889706310558783765__sa,gtpin_total_execution_cycles,1016846,cycles,64,1016846
n1_i0,0,1,0,performance,layers.*/self_attn,/model/layers.14/self_attn/Add_1,RoPE,RoPE,rope:/model/layers.14/self_attn/Add_1,rope:/model/layers.14/self_attn/Add_1,rope,ocl::rope::opt___f16,789,false,false,1,1,rope_opt__6960924190377492479__sa,gtpin_total_execution_cycles,68154,cycles,8,68154
n1_i0,0,1,0,performance,layers.*/self_attn,/model/layers.14/self_attn/Expand,Broadcast,Broadcast,broadcast:/model/layers.14/self_attn/Expand,broadcast:/model/layers.14/self_attn/Expand,broadcast,broadcast_gpu_ref__f16,801,false,false,1,1,broadcast_gpu_ref_6456514822857321615_0_0__sa,gtpin_total_execution_cycles,6182576,cycles,1024,6182576
n1_i0,0,1,0,performance,layers.*/self_attn,/model/layers.14/self_attn/Expand_1,Broadcast,Broadcast,broadcast:/model/layers.14/self_attn/Expand_1,broadcast:/model/layers.14/self_attn/Expand_1,broadcast,broadcast_gpu_ref__f16,794,false,false,1,1,broadcast_gpu_ref_6456514822857321615_0_0__sa,gtpin_total_execution_cycles,4301336,cycles,1024,4301336
n1_i0,0,1,0,performance,layers.*/self_attn,/model/layers.14/self_attn/IsNaN,IsNaN,IsNaN,isnan:/model/layers.14/self_attn/IsNaN,isnan:/model/layers.14/self_attn/IsNaN,eltwise,generic_eltwise_ref__f16,807,false,false,1,1,generic_eltwise_ref_1696504087421334661_0_0__sa,gtpin_total_execution_cycles,1163830,cycles,256,1163830
n1_i0,0,1,0,performance,layers.*/self_attn,/model/layers.14/self_attn/MatMul,Gemm,Gemm,gemm:/model/layers.14/self_attn/MatMul,gemm:/model/layers.14/self_attn/MatMul,gemm,gemm_tiled_opt__f16,805,false,false,1,1,gemm_tiled_opt_7238579717421349067_1_0__sa,gtpin_total_execution_cycles,3447000,cycles,32,3447000
n1_i0,0,1,0,performance,layers.*/self_attn,/model/layers.14/self_attn/Mul_8,Multiply,Multiply,multiply:/model/layers.14/self_attn/Mul_8,multiply:/model/layers.14/self_attn/Mul_8,eltwise,generic_eltwise_ref__f16,791,false,false,1,1,generic_eltwise_ref_7125964068740378811_0_0__sa,gtpin_total_execution_cycles,5487900,cycles,1024,5487900
n1_i0,0,1,0,performance,layers.*/self_attn,/model/layers.14/self_attn/Softmax,Softmax,Softmax,softmax:/model/layers.14/self_attn/Softmax,softmax:/model/layers.14/self_attn/Softmax,softmax,softmax_gpu_bf__f16,806,false,false,1,1,softmax_gpu_bf_18392998524141771378_0_0__sa,gtpin_total_execution_cycles,7959491,cycles,512,7959491
n1_i0,0,1,0,performance,layers.*/self_attn,/model/layers.14/self_attn/Transpose_2,Transpose,Transpose,transpose:/model/layers.14/self_attn/Transpose_2,transpose:/model/layers.14/self_attn/Transpose_2,permute,permute_ref__f16,787,false,false,1,1,permute_ref_653960189515371720_0_0__sa,gtpin_total_execution_cycles,615292,cycles,128,615292
n1_i0,0,1,0,performance,layers.*/self_attn,/model/layers.14/self_attn/Transpose_3,Transpose,Transpose,transpose:/model/layers.14/self_attn/Transpose_3,transpose:/model/layers.14/self_attn/Transpose_3,permute,permute_ref__f16,804,false,false,1,1,permute_ref_17183202574580890641_0_0__sa,gtpin_total_execution_cycles,6085940,cycles,1024,6085940
n1_i0,0,1,0,performance,layers.*/self_attn,/model/layers.14/self_attn/Transpose_4,Gemm,Gemm,gemm:/model/layers.14/self_attn/Transpose_4,gemm:/model/layers.14/self_attn/Transpose_4,gemm,gemm_tiled_opt__f16,809,false,false,1,1,gemm_tiled_opt_12829285813189929928_0_0__sa,gtpin_total_execution_cycles,2053712,cycles,64,2053712
n1_i0,0,1,0,performance,layers.*/self_attn,/model/layers.14/self_attn/Where_2,Select,Select,select:/model/layers.14/self_attn/Where_2,select:/model/layers.14/self_attn/Where_2,select,select_gpu_ref__u8,802,false,false,1,1,select_gpu_ref_7464502897564813179_0_0__sa,gtpin_total_execution_cycles,36642,cycles,8,36642
n1_i0,0,1,0,performance,layers.*/self_attn,/model/layers.14/self_attn/Where_3,Select,Select,select:/model/layers.14/self_attn/Where_3,select:/model/layers.14/self_attn/Where_3,select,select_gpu_ref__u8,808,false,false,1,1,select_gpu_ref_5609897181611433017_0_0__sa,gtpin_total_execution_cycles,1399666,cycles,256,1399666
n1_i0,0,1,0,performance,layers.*/self_attn,/model/layers.14/self_attn/k_proj/MatMul,FullyConnected,FullyConnected,fullyconnected:/model/layers.14/self_attn/k_proj/MatMul,fullyconnected:/model/layers.14/self_attn/k_proj/MatMul,fully_connected,fully_connected_gpu_bf_tiled__f16,783,false,false,1,1,fully_connected_gpu_bf_tiled_17963963101609895522_0_0,gtpin_total_execution_cycles,4106426,cycles,8,4106426
n1_i0,0,1,0,performance,layers.*/self_attn,/model/layers.14/self_attn/o_proj/MatMul,FullyConnected,FullyConnected,fullyconnected:/model/layers.14/self_attn/o_proj/MatMul,fullyconnected:/model/layers.14/self_attn/o_proj/MatMul,fully_connected,fully_connected_gpu_bf_tiled__f16,811,false,false,1,1,fully_connected_gpu_bf_tiled_14284117615310227244_0_0,gtpin_total_execution_cycles,29107336,cycles,64,29107336
n1_i0,0,1,0,performance,layers.*/self_attn,/model/layers.14/self_attn/q_proj/MatMul,FullyConnected,FullyConnected,fullyconnected:/model/layers.14/self_attn/q_proj/MatMul,fullyconnected:/model/layers.14/self_attn/q_proj/MatMul,fully_connected,fully_connected_gpu_bf_tiled__f16,782,false,false,1,1,fully_connected_gpu_bf_tiled_5315586391497964380_0_0,gtpin_total_execution_cycles,31828854,cycles,64,31828854
n1_i0,0,1,0,performance,layers.*/self_attn,/model/layers.14/self_attn/v_proj/MatMul,FullyConnected,FullyConnected,fullyconnected:/model/layers.14/self_attn/v_proj/MatMul,fullyconnected:/model/layers.14/self_attn/v_proj/MatMul,fully_connected,fully_connected_gpu_bf_tiled__f16,781,false,false,1,1,fully_connected_gpu_bf_tiled_17963963101609895522_0_0,gtpin_total_execution_cycles,3902458,cycles,8,3902458
n1_i0,0,1,0,performance,layers.*/input_layernorm,/model/layers.15/input_layernorm/Mul,RMS,RMS,rms:/model/layers.15/input_layernorm/Mul,rms:/model/layers.15/input_layernorm/Mul,rms,rms_gpu_bfyx_opt__f16,816,false,false,1,1,rms_gpu_bfyx_opt_10690270683970839748_0_0__sa,gtpin_total_execution_cycles,2184718,cycles,256,2184718
n1_i0,0,1,0,performance,layers.*/mlp,/model/layers.15/mlp/down_proj/MatMul,FullyConnected,FullyConnected,fullyconnected:/model/layers.15/mlp/down_proj/MatMul,fullyconnected:/model/layers.15/mlp/down_proj/MatMul,fully_connected,fully_connected_gpu_bf_tiled__f16,851,false,false,1,1,fully_connected_gpu_bf_tiled_2727911967636154657_0_0,gtpin_total_execution_cycles,76796824,cycles,64,76796824
n1_i0,0,1,0,performance,layers.*/mlp,/model/layers.15/mlp/gate_proj/MatMul,FullyConnected,FullyConnected,fullyconnected:/model/layers.15/mlp/gate_proj/MatMul,fullyconnected:/model/layers.15/mlp/gate_proj/MatMul,fully_connected,fully_connected_gpu_bf_tiled__f16,850,false,false,1,1,fully_connected_gpu_bf_tiled_9957149419786459120_0_0,gtpin_total_execution_cycles,130039562,cycles,176,130039562
n1_i0,0,1,0,performance,layers.*/mlp,/model/layers.15/mlp/up_proj/MatMul,FullyConnected,FullyConnected,fullyconnected:/model/layers.15/mlp/up_proj/MatMul,fullyconnected:/model/layers.15/mlp/up_proj/MatMul,fully_connected,fully_connected_gpu_bf_tiled__f16,849,false,false,1,1,fully_connected_gpu_bf_tiled_2740906288179525049_0_0,gtpin_total_execution_cycles,122730498,cycles,176,122730498
n1_i0,0,1,0,performance,layers.*/post_attention_layernorm,/model/layers.15/post_attention_layernorm/Mul,RMS,RMS,rms:/model/layers.15/post_attention_layernorm/Mul,rms:/model/layers.15/post_attention_layernorm/Mul,rms,rms_gpu_bfyx_opt__f16,848,false,false,1,1,rms_gpu_bfyx_opt_10690270683970839748_0_0__sa,gtpin_total_execution_cycles,1937930,cycles,256,1937930
n1_i0,0,1,0,performance,layers.*/self_attn,/model/layers.15/self_attn/Add,RoPE,RoPE,rope:/model/layers.15/self_attn/Add,rope:/model/layers.15/self_attn/Add,rope,ocl::rope::opt___f16,824,false,false,1,1,rope_opt__13889706310558783765__sa,gtpin_total_execution_cycles,893812,cycles,64,893812
n1_i0,0,1,0,performance,layers.*/self_attn,/model/layers.15/self_attn/Add_1,RoPE,RoPE,rope:/model/layers.15/self_attn/Add_1,rope:/model/layers.15/self_attn/Add_1,rope,ocl::rope::opt___f16,825,false,false,1,1,rope_opt__6960924190377492479__sa,gtpin_total_execution_cycles,67202,cycles,8,67202
n1_i0,0,1,0,performance,layers.*/self_attn,/model/layers.15/self_attn/Expand,Broadcast,Broadcast,broadcast:/model/layers.15/self_attn/Expand,broadcast:/model/layers.15/self_attn/Expand,broadcast,broadcast_gpu_ref__f16,837,false,false,1,1,broadcast_gpu_ref_6456514822857321615_0_0__sa,gtpin_total_execution_cycles,3790272,cycles,1024,3790272
n1_i0,0,1,0,performance,layers.*/self_attn,/model/layers.15/self_attn/Expand_1,Broadcast,Broadcast,broadcast:/model/layers.15/self_attn/Expand_1,broadcast:/model/layers.15/self_attn/Expand_1,broadcast,broadcast_gpu_ref__f16,830,false,false,1,1,broadcast_gpu_ref_6456514822857321615_0_0__sa,gtpin_total_execution_cycles,4529066,cycles,1024,4529066
n1_i0,0,1,0,performance,layers.*/self_attn,/model/layers.15/self_attn/IsNaN,IsNaN,IsNaN,isnan:/model/layers.15/self_attn/IsNaN,isnan:/model/layers.15/self_attn/IsNaN,eltwise,generic_eltwise_ref__f16,843,false,false,1,1,generic_eltwise_ref_1696504087421334661_0_0__sa,gtpin_total_execution_cycles,1272266,cycles,256,1272266
n1_i0,0,1,0,performance,layers.*/self_attn,/model/layers.15/self_attn/MatMul,Gemm,Gemm,gemm:/model/layers.15/self_attn/MatMul,gemm:/model/layers.15/self_attn/MatMul,gemm,gemm_tiled_opt__f16,841,false,false,1,1,gemm_tiled_opt_7238579717421349067_1_0__sa,gtpin_total_execution_cycles,3436448,cycles,32,3436448
n1_i0,0,1,0,performance,layers.*/self_attn,/model/layers.15/self_attn/Mul_8,Multiply,Multiply,multiply:/model/layers.15/self_attn/Mul_8,multiply:/model/layers.15/self_attn/Mul_8,eltwise,generic_eltwise_ref__f16,827,false,false,1,1,generic_eltwise_ref_7125964068740378811_0_0__sa,gtpin_total_execution_cycles,4736838,cycles,1024,4736838
n1_i0,0,1,0,performance,layers.*/self_attn,/model/layers.15/self_attn/Softmax,Softmax,Softmax,softmax:/model/layers.15/self_attn/Softmax,softmax:/model/layers.15/self_attn/Softmax,softmax,softmax_gpu_bf__f16,842,false,false,1,1,softmax_gpu_bf_18392998524141771378_0_0__sa,gtpin_total_execution_cycles,7966266,cycles,512,7966266
n1_i0,0,1,0,performance,layers.*/self_attn,/model/layers.15/self_attn/Transpose_2,Transpose,Transpose,transpose:/model/layers.15/self_attn/Transpose_2,transpose:/model/layers.15/self_attn/Transpose_2,permute,permute_ref__f16,823,false,false,1,1,permute_ref_653960189515371720_0_0__sa,gtpin_total_execution_cycles,505218,cycles,128,505218
n1_i0,0,1,0,performance,layers.*/self_attn,/model/layers.15/self_attn/Transpose_3,Transpose,Transpose,transpose:/model/layers.15/self_attn/Transpose_3,transpose:/model/layers.15/self_attn/Transpose_3,permute,permute_ref__f16,840,false,false,1,1,permute_ref_17183202574580890641_0_0__sa,gtpin_total_execution_cycles,5215868,cycles,1024,5215868
n1_i0,0,1,0,performance,layers.*/self_attn,/model/layers.15/self_attn/Transpose_4,Gemm,Gemm,gemm:/model/layers.15/self_attn/Transpose_4,gemm:/model/layers.15/self_attn/Transpose_4,gemm,gemm_tiled_opt__f16,845,false,false,1,1,gemm_tiled_opt_12829285813189929928_0_0__sa,gtpin_total_execution_cycles,2402854,cycles,64,2402854
n1_i0,0,1,0,performance,layers.*/self_attn,/model/layers.15/self_attn/Where_2,Select,Select,select:/model/layers.15/self_attn/Where_2,select:/model/layers.15/self_attn/Where_2,select,select_gpu_ref__u8,838,false,false,1,1,select_gpu_ref_7464502897564813179_0_0__sa,gtpin_total_execution_cycles,45268,cycles,8,45268
n1_i0,0,1,0,performance,layers.*/self_attn,/model/layers.15/self_attn/Where_3,Select,Select,select:/model/layers.15/self_attn/Where_3,select:/model/layers.15/self_attn/Where_3,select,select_gpu_ref__u8,844,false,false,1,1,select_gpu_ref_5609897181611433017_0_0__sa,gtpin_total_execution_cycles,1447170,cycles,256,1447170
n1_i0,0,1,0,performance,layers.*/self_attn,/model/layers.15/self_attn/k_proj/MatMul,FullyConnected,FullyConnected,fullyconnected:/model/layers.15/self_attn/k_proj/MatMul,fullyconnected:/model/layers.15/self_attn/k_proj/MatMul,fully_connected,fully_connected_gpu_bf_tiled__f16,819,false,false,1,1,fully_connected_gpu_bf_tiled_17963963101609895522_0_0,gtpin_total_execution_cycles,3728224,cycles,8,3728224
n1_i0,0,1,0,performance,layers.*/self_attn,/model/layers.15/self_attn/o_proj/MatMul,FullyConnected,FullyConnected,fullyconnected:/model/layers.15/self_attn/o_proj/MatMul,fullyconnected:/model/layers.15/self_attn/o_proj/MatMul,fully_connected,fully_connected_gpu_bf_tiled__f16,847,false,false,1,1,fully_connected_gpu_bf_tiled_14284117615310227244_0_0,gtpin_total_execution_cycles,28714918,cycles,64,28714918
n1_i0,0,1,0,performance,layers.*/self_attn,/model/layers.15/self_attn/q_proj/MatMul,FullyConnected,FullyConnected,fullyconnected:/model/layers.15/self_attn/q_proj/MatMul,fullyconnected:/model/layers.15/self_attn/q_proj/MatMul,fully_connected,fully_connected_gpu_bf_tiled__f16,818,false,false,1,1,fully_connected_gpu_bf_tiled_5315586391497964380_0_0,gtpin_total_execution_cycles,28963088,cycles,64,28963088
n1_i0,0,1,0,performance,layers.*/self_attn,/model/layers.15/self_attn/v_proj/MatMul,FullyConnected,FullyConnected,fullyconnected:/model/layers.15/self_attn/v_proj/MatMul,fullyconnected:/model/layers.15/self_attn/v_proj/MatMul,fully_connected,fully_connected_gpu_bf_tiled__f16,817,false,false,1,1,fully_connected_gpu_bf_tiled_17963963101609895522_0_0,gtpin_total_execution_cycles,3541762,cycles,8,3541762
n1_i0,0,1,0,performance,layers.*/input_layernorm,/model/layers.16/input_layernorm/Mul,RMS,RMS,rms:/model/layers.16/input_layernorm/Mul,rms:/model/layers.16/input_layernorm/Mul,rms,rms_gpu_bfyx_opt__f16,852,false,false,1,1,rms_gpu_bfyx_opt_10690270683970839748_0_0__sa,gtpin_total_execution_cycles,1506722,cycles,256,1506722
n1_i0,0,1,0,performance,layers.*/mlp,/model/layers.16/mlp/down_proj/MatMul,FullyConnected,FullyConnected,fullyconnected:/model/layers.16/mlp/down_proj/MatMul,fullyconnected:/model/layers.16/mlp/down_proj/MatMul,fully_connected,fully_connected_gpu_bf_tiled__f16,887,false,false,1,1,fully_connected_gpu_bf_tiled_2727911967636154657_0_0,gtpin_total_execution_cycles,81851534,cycles,64,81851534
n1_i0,0,1,0,performance,layers.*/mlp,/model/layers.16/mlp/gate_proj/MatMul,FullyConnected,FullyConnected,fullyconnected:/model/layers.16/mlp/gate_proj/MatMul,fullyconnected:/model/layers.16/mlp/gate_proj/MatMul,fully_connected,fully_connected_gpu_bf_tiled__f16,886,false,false,1,1,fully_connected_gpu_bf_tiled_9957149419786459120_0_0,gtpin_total_execution_cycles,140289028,cycles,176,140289028
n1_i0,0,1,0,performance,layers.*/mlp,/model/layers.16/mlp/up_proj/MatMul,FullyConnected,FullyConnected,fullyconnected:/model/layers.16/mlp/up_proj/MatMul,fullyconnected:/model/layers.16/mlp/up_proj/MatMul,fully_connected,fully_connected_gpu_bf_tiled__f16,885,false,false,1,1,fully_connected_gpu_bf_tiled_2740906288179525049_0_0,gtpin_total_execution_cycles,134603166,cycles,176,134603166
n1_i0,0,1,0,performance,layers.*/post_attention_layernorm,/model/layers.16/post_attention_layernorm/Mul,RMS,RMS,rms:/model/layers.16/post_attention_layernorm/Mul,rms:/model/layers.16/post_attention_layernorm/Mul,rms,rms_gpu_bfyx_opt__f16,884,false,false,1,1,rms_gpu_bfyx_opt_10690270683970839748_0_0__sa,gtpin_total_execution_cycles,1976838,cycles,256,1976838
n1_i0,0,1,0,performance,layers.*/self_attn,/model/layers.16/self_attn/Add,RoPE,RoPE,rope:/model/layers.16/self_attn/Add,rope:/model/layers.16/self_attn/Add,rope,ocl::rope::opt___f16,860,false,false,1,1,rope_opt__13889706310558783765__sa,gtpin_total_execution_cycles,847252,cycles,64,847252
n1_i0,0,1,0,performance,layers.*/self_attn,/model/layers.16/self_attn/Add_1,RoPE,RoPE,rope:/model/layers.16/self_attn/Add_1,rope:/model/layers.16/self_attn/Add_1,rope,ocl::rope::opt___f16,861,false,false,1,1,rope_opt__6960924190377492479__sa,gtpin_total_execution_cycles,62584,cycles,8,62584
n1_i0,0,1,0,performance,layers.*/self_attn,/model/layers.16/self_attn/Expand,Broadcast,Broadcast,broadcast:/model/layers.16/self_attn/Expand,broadcast:/model/layers.16/self_attn/Expand,broadcast,broadcast_gpu_ref__f16,873,false,false,1,1,broadcast_gpu_ref_6456514822857321615_0_0__sa,gtpin_total_execution_cycles,3638472,cycles,1024,3638472
n1_i0,0,1,0,performance,layers.*/self_attn,/model/layers.16/self_attn/Expand_1,Broadcast,Broadcast,broadcast:/model/layers.16/self_attn/Expand_1,broadcast:/model/layers.16/self_attn/Expand_1,broadcast,broadcast_gpu_ref__f16,866,false,false,1,1,broadcast_gpu_ref_6456514822857321615_0_0__sa,gtpin_total_execution_cycles,3737366,cycles,1024,3737366
n1_i0,0,1,0,performance,layers.*/self_attn,/model/layers.16/self_attn/IsNaN,IsNaN,IsNaN,isnan:/model/layers.16/self_attn/IsNaN,isnan:/model/layers.16/self_attn/IsNaN,eltwise,generic_eltwise_ref__f16,879,false,false,1,1,generic_eltwise_ref_1696504087421334661_0_0__sa,gtpin_total_execution_cycles,1164484,cycles,256,1164484
n1_i0,0,1,0,performance,layers.*/self_attn,/model/layers.16/self_attn/MatMul,Gemm,Gemm,gemm:/model/layers.16/self_attn/MatMul,gemm:/model/layers.16/self_attn/MatMul,gemm,gemm_tiled_opt__f16,877,false,false,1,1,gemm_tiled_opt_7238579717421349067_1_0__sa,gtpin_total_execution_cycles,4066094,cycles,32,4066094
n1_i0,0,1,0,performance,layers.*/self_attn,/model/layers.16/self_attn/Mul_8,Multiply,Multiply,multiply:/model/layers.16/self_attn/Mul_8,multiply:/model/layers.16/self_attn/Mul_8,eltwise,generic_eltwise_ref__f16,863,false,false,1,1,generic_eltwise_ref_7125964068740378811_0_0__sa,gtpin_total_execution_cycles,5005680,cycles,1024,5005680
n1_i0,0,1,0,performance,layers.*/self_attn,/model/layers.16/self_attn/Softmax,Softmax,Softmax,softmax:/model/layers.16/self_attn/Softmax,softmax:/model/layers.16/self_attn/Softmax,softmax,softmax_gpu_bf__f16,878,false,false,1,1,softmax_gpu_bf_18392998524141771378_0_0__sa,gtpin_total_execution_cycles,8152748,cycles,512,8152748
n1_i0,0,1,0,performance,layers.*/self_attn,/model/layers.16/self_attn/Transpose_2,Transpose,Transpose,transpose:/model/layers.16/self_attn/Transpose_2,transpose:/model/layers.16/self_attn/Transpose_2,permute,permute_ref__f16,859,false,false,1,1,permute_ref_653960189515371720_0_0__sa,gtpin_total_execution_cycles,500492,cycles,128,500492
n1_i0,0,1,0,performance,layers.*/self_attn,/model/layers.16/self_attn/Transpose_3,Transpose,Transpose,transpose:/model/layers.16/self_attn/Transpose_3,transpose:/model/layers.16/self_attn/Transpose_3,permute,permute_ref__f16,876,false,false,1,1,permute_ref_17183202574580890641_0_0__sa,gtpin_total_execution_cycles,5111920,cycles,1024,5111920
n1_i0,0,1,0,performance,layers.*/self_attn,/model/layers.16/self_attn/Transpose_4,Gemm,Gemm,gemm:/model/layers.16/self_attn/Transpose_4,gemm:/model/layers.16/self_attn/Transpose_4,gemm,gemm_tiled_opt__f16,881,false,false,1,1,gemm_tiled_opt_12829285813189929928_0_0__sa,gtpin_total_execution_cycles,2089610,cycles,64,2089610
n1_i0,0,1,0,performance,layers.*/self_attn,/model/layers.16/self_attn/Where_2,Select,Select,select:/model/layers.16/self_attn/Where_2,select:/model/layers.16/self_attn/Where_2,select,select_gpu_ref__u8,874,false,false,1,1,select_gpu_ref_7464502897564813179_0_0__sa,gtpin_total_execution_cycles,38938,cycles,8,38938
n1_i0,0,1,0,performance,layers.*/self_attn,/model/layers.16/self_attn/Where_3,Select,Select,select:/model/layers.16/self_attn/Where_3,select:/model/layers.16/self_attn/Where_3,select,select_gpu_ref__u8,880,false,false,1,1,select_gpu_ref_5609897181611433017_0_0__sa,gtpin_total_execution_cycles,1546992,cycles,256,1546992
n1_i0,0,1,0,performance,layers.*/self_attn,/model/layers.16/self_attn/k_proj/MatMul,FullyConnected,FullyConnected,fullyconnected:/model/layers.16/self_attn/k_proj/MatMul,fullyconnected:/model/layers.16/self_attn/k_proj/MatMul,fully_connected,fully_connected_gpu_bf_tiled__f16,855,false,false,1,1,fully_connected_gpu_bf_tiled_17963963101609895522_0_0,gtpin_total_execution_cycles,3666790,cycles,8,3666790
n1_i0,0,1,0,performance,layers.*/self_attn,/model/layers.16/self_attn/o_proj/MatMul,FullyConnected,FullyConnected,fullyconnected:/model/layers.16/self_attn/o_proj/MatMul,fullyconnected:/model/layers.16/self_attn/o_proj/MatMul,fully_connected,fully_connected_gpu_bf_tiled__f16,883,false,false,1,1,fully_connected_gpu_bf_tiled_14284117615310227244_0_0,gtpin_total_execution_cycles,29183288,cycles,64,29183288
n1_i0,0,1,0,performance,layers.*/self_attn,/model/layers.16/self_attn/q_proj/MatMul,FullyConnected,FullyConnected,fullyconnected:/model/layers.16/self_attn/q_proj/MatMul,fullyconnected:/model/layers.16/self_attn/q_proj/MatMul,fully_connected,fully_connected_gpu_bf_tiled__f16,854,false,false,1,1,fully_connected_gpu_bf_tiled_5315586391497964380_0_0,gtpin_total_execution_cycles,28559418,cycles,64,28559418
n1_i0,0,1,0,performance,layers.*/self_attn,/model/layers.16/self_attn/v_proj/MatMul,FullyConnected,FullyConnected,fullyconnected:/model/layers.16/self_attn/v_proj/MatMul,fullyconnected:/model/layers.16/self_attn/v_proj/MatMul,fully_connected,fully_connected_gpu_bf_tiled__f16,853,false,false,1,1,fully_connected_gpu_bf_tiled_17963963101609895522_0_0,gtpin_total_execution_cycles,3486278,cycles,8,3486278
n1_i0,0,1,0,performance,layers.*/input_layernorm,/model/layers.17/input_layernorm/Mul,RMS,RMS,rms:/model/layers.17/input_layernorm/Mul,rms:/model/layers.17/input_layernorm/Mul,rms,rms_gpu_bfyx_opt__f16,888,false,false,1,1,rms_gpu_bfyx_opt_10690270683970839748_0_0__sa,gtpin_total_execution_cycles,1912302,cycles,256,1912302
n1_i0,0,1,0,performance,layers.*/mlp,/model/layers.17/mlp/down_proj/MatMul,FullyConnected,FullyConnected,fullyconnected:/model/layers.17/mlp/down_proj/MatMul,fullyconnected:/model/layers.17/mlp/down_proj/MatMul,fully_connected,fully_connected_gpu_bf_tiled__f16,923,false,false,1,1,fully_connected_gpu_bf_tiled_2727911967636154657_0_0,gtpin_total_execution_cycles,79714630,cycles,64,79714630
n1_i0,0,1,0,performance,layers.*/mlp,/model/layers.17/mlp/gate_proj/MatMul,FullyConnected,FullyConnected,fullyconnected:/model/layers.17/mlp/gate_proj/MatMul,fullyconnected:/model/layers.17/mlp/gate_proj/MatMul,fully_connected,fully_connected_gpu_bf_tiled__f16,922,false,false,1,1,fully_connected_gpu_bf_tiled_9957149419786459120_0_0,gtpin_total_execution_cycles,123248244,cycles,176,123248244
n1_i0,0,1,0,performance,layers.*/mlp,/model/layers.17/mlp/up_proj/MatMul,FullyConnected,FullyConnected,fullyconnected:/model/layers.17/mlp/up_proj/MatMul,fullyconnected:/model/layers.17/mlp/up_proj/MatMul,fully_connected,fully_connected_gpu_bf_tiled__f16,921,false,false,1,1,fully_connected_gpu_bf_tiled_2740906288179525049_0_0,gtpin_total_execution_cycles,125069896,cycles,176,125069896
n1_i0,0,1,0,performance,layers.*/post_attention_layernorm,/model/layers.17/post_attention_layernorm/Mul,RMS,RMS,rms:/model/layers.17/post_attention_layernorm/Mul,rms:/model/layers.17/post_attention_layernorm/Mul,rms,rms_gpu_bfyx_opt__f16,920,false,false,1,1,rms_gpu_bfyx_opt_10690270683970839748_0_0__sa,gtpin_total_execution_cycles,2052884,cycles,256,2052884
n1_i0,0,1,0,performance,layers.*/self_attn,/model/layers.17/self_attn/Add,RoPE,RoPE,rope:/model/layers.17/self_attn/Add,rope:/model/layers.17/self_attn/Add,rope,ocl::rope::opt___f16,896,false,false,1,1,rope_opt__13889706310558783765__sa,gtpin_total_execution_cycles,905050,cycles,64,905050
n1_i0,0,1,0,performance,layers.*/self_attn,/model/layers.17/self_attn/Add_1,RoPE,RoPE,rope:/model/layers.17/self_attn/Add_1,rope:/model/layers.17/self_attn/Add_1,rope,ocl::rope::opt___f16,897,false,false,1,1,rope_opt__6960924190377492479__sa,gtpin_total_execution_cycles,67450,cycles,8,67450
n1_i0,0,1,0,performance,layers.*/self_attn,/model/layers.17/self_attn/Expand,Broadcast,Broadcast,broadcast:/model/layers.17/self_attn/Expand,broadcast:/model/layers.17/self_attn/Expand,broadcast,broadcast_gpu_ref__f16,909,false,false,1,1,broadcast_gpu_ref_6456514822857321615_0_0__sa,gtpin_total_execution_cycles,7840750,cycles,1024,7840750
n1_i0,0,1,0,performance,layers.*/self_attn,/model/layers.17/self_attn/Expand_1,Broadcast,Broadcast,broadcast:/model/layers.17/self_attn/Expand_1,broadcast:/model/layers.17/self_attn/Expand_1,broadcast,broadcast_gpu_ref__f16,902,false,false,1,1,broadcast_gpu_ref_6456514822857321615_0_0__sa,gtpin_total_execution_cycles,4182164,cycles,1024,4182164
n1_i0,0,1,0,performance,layers.*/self_attn,/model/layers.17/self_attn/IsNaN,IsNaN,IsNaN,isnan:/model/layers.17/self_attn/IsNaN,isnan:/model/layers.17/self_attn/IsNaN,eltwise,generic_eltwise_ref__f16,915,false,false,1,1,generic_eltwise_ref_1696504087421334661_0_0__sa,gtpin_total_execution_cycles,1375202,cycles,256,1375202
n1_i0,0,1,0,performance,layers.*/self_attn,/model/layers.17/self_attn/MatMul,Gemm,Gemm,gemm:/model/layers.17/self_attn/MatMul,gemm:/model/layers.17/self_attn/MatMul,gemm,gemm_tiled_opt__f16,913,false,false,1,1,gemm_tiled_opt_7238579717421349067_1_0__sa,gtpin_total_execution_cycles,3751508,cycles,32,3751508
n1_i0,0,1,0,performance,layers.*/self_attn,/model/layers.17/self_attn/Mul_8,Multiply,Multiply,multiply:/model/layers.17/self_attn/Mul_8,multiply:/model/layers.17/self_attn/Mul_8,eltwise,generic_eltwise_ref__f16,899,false,false,1,1,generic_eltwise_ref_7125964068740378811_0_0__sa,gtpin_total_execution_cycles,5301044,cycles,1024,5301044
n1_i0,0,1,0,performance,layers.*/self_attn,/model/layers.17/self_attn/Softmax,Softmax,Softmax,softmax:/model/layers.17/self_attn/Softmax,softmax:/model/layers.17/self_attn/Softmax,softmax,softmax_gpu_bf__f16,914,false,false,1,1,softmax_gpu_bf_18392998524141771378_0_0__sa,gtpin_total_execution_cycles,8496745,cycles,512,8496745
n1_i0,0,1,0,performance,layers.*/self_attn,/model/layers.17/self_attn/Transpose_2,Transpose,Transpose,transpose:/model/layers.17/self_attn/Transpose_2,transpose:/model/layers.17/self_attn/Transpose_2,permute,permute_ref__f16,895,false,false,1,1,permute_ref_653960189515371720_0_0__sa,gtpin_total_execution_cycles,535592,cycles,128,535592
n1_i0,0,1,0,performance,layers.*/self_attn,/model/layers.17/self_attn/Transpose_3,Transpose,Transpose,transpose:/model/layers.17/self_attn/Transpose_3,transpose:/model/layers.17/self_attn/Transpose_3,permute,permute_ref__f16,912,false,false,1,1,permute_ref_17183202574580890641_0_0__sa,gtpin_total_execution_cycles,5945166,cycles,1024,5945166
n1_i0,0,1,0,performance,layers.*/self_attn,/model/layers.17/self_attn/Transpose_4,Gemm,Gemm,gemm:/model/layers.17/self_attn/Transpose_4,gemm:/model/layers.17/self_attn/Transpose_4,gemm,gemm_tiled_opt__f16,917,false,false,1,1,gemm_tiled_opt_12829285813189929928_0_0__sa,gtpin_total_execution_cycles,2164670,cycles,64,2164670
n1_i0,0,1,0,performance,layers.*/self_attn,/model/layers.17/self_attn/Where_2,Select,Select,select:/model/layers.17/self_attn/Where_2,select:/model/layers.17/self_attn/Where_2,select,select_gpu_ref__u8,910,false,false,1,1,select_gpu_ref_7464502897564813179_0_0__sa,gtpin_total_execution_cycles,40208,cycles,8,40208
n1_i0,0,1,0,performance,layers.*/self_attn,/model/layers.17/self_attn/Where_3,Select,Select,select:/model/layers.17/self_attn/Where_3,select:/model/layers.17/self_attn/Where_3,select,select_gpu_ref__u8,916,false,false,1,1,select_gpu_ref_5609897181611433017_0_0__sa,gtpin_total_execution_cycles,1683408,cycles,256,1683408
n1_i0,0,1,0,performance,layers.*/self_attn,/model/layers.17/self_attn/k_proj/MatMul,FullyConnected,FullyConnected,fullyconnected:/model/layers.17/self_attn/k_proj/MatMul,fullyconnected:/model/layers.17/self_attn/k_proj/MatMul,fully_connected,fully_connected_gpu_bf_tiled__f16,891,false,false,1,1,fully_connected_gpu_bf_tiled_17963963101609895522_0_0,gtpin_total_execution_cycles,3873902,cycles,8,3873902
n1_i0,0,1,0,performance,layers.*/self_attn,/model/layers.17/self_attn/o_proj/MatMul,FullyConnected,FullyConnected,fullyconnected:/model/layers.17/self_attn/o_proj/MatMul,fullyconnected:/model/layers.17/self_attn/o_proj/MatMul,fully_connected,fully_connected_gpu_bf_tiled__f16,919,false,false,1,1,fully_connected_gpu_bf_tiled_14284117615310227244_0_0,gtpin_total_execution_cycles,29825476,cycles,64,29825476
n1_i0,0,1,0,performance,layers.*/self_attn,/model/layers.17/self_attn/q_proj/MatMul,FullyConnected,FullyConnected,fullyconnected:/model/layers.17/self_attn/q_proj/MatMul,fullyconnected:/model/layers.17/self_attn/q_proj/MatMul,fully_connected,fully_connected_gpu_bf_tiled__f16,890,false,false,1,1,fully_connected_gpu_bf_tiled_5315586391497964380_0_0,gtpin_total_execution_cycles,30090404,cycles,64,30090404
n1_i0,0,1,0,performance,layers.*/self_attn,/model/layers.17/self_attn/v_proj/MatMul,FullyConnected,FullyConnected,fullyconnected:/model/layers.17/self_attn/v_proj/MatMul,fullyconnected:/model/layers.17/self_attn/v_proj/MatMul,fully_connected,fully_connected_gpu_bf_tiled__f16,889,false,false,1,1,fully_connected_gpu_bf_tiled_17963963101609895522_0_0,gtpin_total_execution_cycles,3674972,cycles,8,3674972
n1_i0,0,1,0,performance,layers.*/input_layernorm,/model/layers.18/input_layernorm/Mul,RMS,RMS,rms:/model/layers.18/input_layernorm/Mul,rms:/model/layers.18/input_layernorm/Mul,rms,rms_gpu_bfyx_opt__f16,924,false,false,1,1,rms_gpu_bfyx_opt_10690270683970839748_0_0__sa,gtpin_total_execution_cycles,1528854,cycles,256,1528854
n1_i0,0,1,0,performance,layers.*/mlp,/model/layers.18/mlp/down_proj/MatMul,FullyConnected,FullyConnected,fullyconnected:/model/layers.18/mlp/down_proj/MatMul,fullyconnected:/model/layers.18/mlp/down_proj/MatMul,fully_connected,fully_connected_gpu_bf_tiled__f16,959,false,false,1,1,fully_connected_gpu_bf_tiled_2727911967636154657_0_0,gtpin_total_execution_cycles,82157096,cycles,64,82157096
n1_i0,0,1,0,performance,layers.*/mlp,/model/layers.18/mlp/gate_proj/MatMul,FullyConnected,FullyConnected,fullyconnected:/model/layers.18/mlp/gate_proj/MatMul,fullyconnected:/model/layers.18/mlp/gate_proj/MatMul,fully_connected,fully_connected_gpu_bf_tiled__f16,958,false,false,1,1,fully_connected_gpu_bf_tiled_9957149419786459120_0_0,gtpin_total_execution_cycles,167205596,cycles,176,167205596
n1_i0,0,1,0,performance,layers.*/mlp,/model/layers.18/mlp/up_proj/MatMul,FullyConnected,FullyConnected,fullyconnected:/model/layers.18/mlp/up_proj/MatMul,fullyconnected:/model/layers.18/mlp/up_proj/MatMul,fully_connected,fully_connected_gpu_bf_tiled__f16,957,false,false,1,1,fully_connected_gpu_bf_tiled_2740906288179525049_0_0,gtpin_total_execution_cycles,138343142,cycles,176,138343142
n1_i0,0,1,0,performance,layers.*/post_attention_layernorm,/model/layers.18/post_attention_layernorm/Mul,RMS,RMS,rms:/model/layers.18/post_attention_layernorm/Mul,rms:/model/layers.18/post_attention_layernorm/Mul,rms,rms_gpu_bfyx_opt__f16,956,false,false,1,1,rms_gpu_bfyx_opt_10690270683970839748_0_0__sa,gtpin_total_execution_cycles,1882318,cycles,256,1882318
n1_i0,0,1,0,performance,layers.*/self_attn,/model/layers.18/self_attn/Add,RoPE,RoPE,rope:/model/layers.18/self_attn/Add,rope:/model/layers.18/self_attn/Add,rope,ocl::rope::opt___f16,932,false,false,1,1,rope_opt__13889706310558783765__sa,gtpin_total_execution_cycles,835074,cycles,64,835074
n1_i0,0,1,0,performance,layers.*/self_attn,/model/layers.18/self_attn/Add_1,RoPE,RoPE,rope:/model/layers.18/self_attn/Add_1,rope:/model/layers.18/self_attn/Add_1,rope,ocl::rope::opt___f16,933,false,false,1,1,rope_opt__6960924190377492479__sa,gtpin_total_execution_cycles,68818,cycles,8,68818
n1_i0,0,1,0,performance,layers.*/self_attn,/model/layers.18/self_attn/Expand,Broadcast,Broadcast,broadcast:/model/layers.18/self_attn/Expand,broadcast:/model/layers.18/self_attn/Expand,broadcast,broadcast_gpu_ref__f16,945,false,false,1,1,broadcast_gpu_ref_6456514822857321615_0_0__sa,gtpin_total_execution_cycles,6636684,cycles,1024,6636684
n1_i0,0,1,0,performance,layers.*/self_attn,/model/layers.18/self_attn/Expand_1,Broadcast,Broadcast,broadcast:/model/layers.18/self_attn/Expand_1,broadcast:/model/layers.18/self_attn/Expand_1,broadcast,broadcast_gpu_ref__f16,938,false,false,1,1,broadcast_gpu_ref_6456514822857321615_0_0__sa,gtpin_total_execution_cycles,3588060,cycles,1024,3588060
n1_i0,0,1,0,performance,layers.*/self_attn,/model/layers.18/self_attn/IsNaN,IsNaN,IsNaN,isnan:/model/layers.18/self_attn/IsNaN,isnan:/model/layers.18/self_attn/IsNaN,eltwise,generic_eltwise_ref__f16,951,false,false,1,1,generic_eltwise_ref_1696504087421334661_0_0__sa,gtpin_total_execution_cycles,1339346,cycles,256,1339346
n1_i0,0,1,0,performance,layers.*/self_attn,/model/layers.18/self_attn/MatMul,Gemm,Gemm,gemm:/model/layers.18/self_attn/MatMul,gemm:/model/layers.18/self_attn/MatMul,gemm,gemm_tiled_opt__f16,949,false,false,1,1,gemm_tiled_opt_7238579717421349067_1_0__sa,gtpin_total_execution_cycles,3692012,cycles,32,3692012
n1_i0,0,1,0,performance,layers.*/self_attn,/model/layers.18/self_attn/Mul_8,Multiply,Multiply,multiply:/model/layers.18/self_attn/Mul_8,multiply:/model/layers.18/self_attn/Mul_8,eltwise,generic_eltwise_ref__f16,935,false,false,1,1,generic_eltwise_ref_7125964068740378811_0_0__sa,gtpin_total_execution_cycles,4966080,cycles,1024,4966080
n1_i0,0,1,0,performance,layers.*/self_attn,/model/layers.18/self_attn/Softmax,Softmax,Softmax,softmax:/model/layers.18/self_attn/Softmax,softmax:/model/layers.18/self_attn/Softmax,softmax,softmax_gpu_bf__f16,950,false,false,1,1,softmax_gpu_bf_18392998524141771378_0_0__sa,gtpin_total_execution_cycles,8239472,cycles,512,8239472
n1_i0,0,1,0,performance,layers.*/self_attn,/model/layers.18/self_attn/Transpose_2,Transpose,Transpose,transpose:/model/layers.18/self_attn/Transpose_2,transpose:/model/layers.18/self_attn/Transpose_2,permute,permute_ref__f16,931,false,false,1,1,permute_ref_653960189515371720_0_0__sa,gtpin_total_execution_cycles,501336,cycles,128,501336
n1_i0,0,1,0,performance,layers.*/self_attn,/model/layers.18/self_attn/Transpose_3,Transpose,Transpose,transpose:/model/layers.18/self_attn/Transpose_3,transpose:/model/layers.18/self_attn/Transpose_3,permute,permute_ref__f16,948,false,false,1,1,permute_ref_17183202574580890641_0_0__sa,gtpin_total_execution_cycles,6194450,cycles,1024,6194450
n1_i0,0,1,0,performance,layers.*/self_attn,/model/layers.18/self_attn/Transpose_4,Gemm,Gemm,gemm:/model/layers.18/self_attn/Transpose_4,gemm:/model/layers.18/self_attn/Transpose_4,gemm,gemm_tiled_opt__f16,953,false,false,1,1,gemm_tiled_opt_12829285813189929928_0_0__sa,gtpin_total_execution_cycles,2051640,cycles,64,2051640
n1_i0,0,1,0,performance,layers.*/self_attn,/model/layers.18/self_attn/Where_2,Select,Select,select:/model/layers.18/self_attn/Where_2,select:/model/layers.18/self_attn/Where_2,select,select_gpu_ref__u8,946,false,false,1,1,select_gpu_ref_7464502897564813179_0_0__sa,gtpin_total_execution_cycles,41504,cycles,8,41504
n1_i0,0,1,0,performance,layers.*/self_attn,/model/layers.18/self_attn/Where_3,Select,Select,select:/model/layers.18/self_attn/Where_3,select:/model/layers.18/self_attn/Where_3,select,select_gpu_ref__u8,952,false,false,1,1,select_gpu_ref_5609897181611433017_0_0__sa,gtpin_total_execution_cycles,1608894,cycles,256,1608894
n1_i0,0,1,0,performance,layers.*/self_attn,/model/layers.18/self_attn/k_proj/MatMul,FullyConnected,FullyConnected,fullyconnected:/model/layers.18/self_attn/k_proj/MatMul,fullyconnected:/model/layers.18/self_attn/k_proj/MatMul,fully_connected,fully_connected_gpu_bf_tiled__f16,927,false,false,1,1,fully_connected_gpu_bf_tiled_17963963101609895522_0_0,gtpin_total_execution_cycles,3804430,cycles,8,3804430
n1_i0,0,1,0,performance,layers.*/self_attn,/model/layers.18/self_attn/o_proj/MatMul,FullyConnected,FullyConnected,fullyconnected:/model/layers.18/self_attn/o_proj/MatMul,fullyconnected:/model/layers.18/self_attn/o_proj/MatMul,fully_connected,fully_connected_gpu_bf_tiled__f16,955,false,false,1,1,fully_connected_gpu_bf_tiled_14284117615310227244_0_0,gtpin_total_execution_cycles,29704578,cycles,64,29704578
n1_i0,0,1,0,performance,layers.*/self_attn,/model/layers.18/self_attn/q_proj/MatMul,FullyConnected,FullyConnected,fullyconnected:/model/layers.18/self_attn/q_proj/MatMul,fullyconnected:/model/layers.18/self_attn/q_proj/MatMul,fully_connected,fully_connected_gpu_bf_tiled__f16,926,false,false,1,1,fully_connected_gpu_bf_tiled_5315586391497964380_0_0,gtpin_total_execution_cycles,29721532,cycles,64,29721532
n1_i0,0,1,0,performance,layers.*/self_attn,/model/layers.18/self_attn/v_proj/MatMul,FullyConnected,FullyConnected,fullyconnected:/model/layers.18/self_attn/v_proj/MatMul,fullyconnected:/model/layers.18/self_attn/v_proj/MatMul,fully_connected,fully_connected_gpu_bf_tiled__f16,925,false,false,1,1,fully_connected_gpu_bf_tiled_17963963101609895522_0_0,gtpin_total_execution_cycles,3626772,cycles,8,3626772
n1_i0,0,1,0,performance,layers.*/input_layernorm,/model/layers.19/input_layernorm/Mul,RMS,RMS,rms:/model/layers.19/input_layernorm/Mul,rms:/model/layers.19/input_layernorm/Mul,rms,rms_gpu_bfyx_opt__f16,960,false,false,1,1,rms_gpu_bfyx_opt_10690270683970839748_0_0__sa,gtpin_total_execution_cycles,2050008,cycles,256,2050008
n1_i0,0,1,0,performance,layers.*/mlp,/model/layers.19/mlp/down_proj/MatMul,FullyConnected,FullyConnected,fullyconnected:/model/layers.19/mlp/down_proj/MatMul,fullyconnected:/model/layers.19/mlp/down_proj/MatMul,fully_connected,fully_connected_gpu_bf_tiled__f16,995,false,false,1,1,fully_connected_gpu_bf_tiled_2727911967636154657_0_0,gtpin_total_execution_cycles,78960468,cycles,64,78960468
n1_i0,0,1,0,performance,layers.*/mlp,/model/layers.19/mlp/gate_proj/MatMul,FullyConnected,FullyConnected,fullyconnected:/model/layers.19/mlp/gate_proj/MatMul,fullyconnected:/model/layers.19/mlp/gate_proj/MatMul,fully_connected,fully_connected_gpu_bf_tiled__f16,994,false,false,1,1,fully_connected_gpu_bf_tiled_9957149419786459120_0_0,gtpin_total_execution_cycles,140160058,cycles,176,140160058
n1_i0,0,1,0,performance,layers.*/mlp,/model/layers.19/mlp/up_proj/MatMul,FullyConnected,FullyConnected,fullyconnected:/model/layers.19/mlp/up_proj/MatMul,fullyconnected:/model/layers.19/mlp/up_proj/MatMul,fully_connected,fully_connected_gpu_bf_tiled__f16,993,false,false,1,1,fully_connected_gpu_bf_tiled_2740906288179525049_0_0,gtpin_total_execution_cycles,129424206,cycles,176,129424206
n1_i0,0,1,0,performance,layers.*/post_attention_layernorm,/model/layers.19/post_attention_layernorm/Mul,RMS,RMS,rms:/model/layers.19/post_attention_layernorm/Mul,rms:/model/layers.19/post_attention_layernorm/Mul,rms,rms_gpu_bfyx_opt__f16,992,false,false,1,1,rms_gpu_bfyx_opt_10690270683970839748_0_0__sa,gtpin_total_execution_cycles,2136782,cycles,256,2136782
n1_i0,0,1,0,performance,layers.*/self_attn,/model/layers.19/self_attn/Add,RoPE,RoPE,rope:/model/layers.19/self_attn/Add,rope:/model/layers.19/self_attn/Add,rope,ocl::rope::opt___f16,968,false,false,1,1,rope_opt__13889706310558783765__sa,gtpin_total_execution_cycles,938816,cycles,64,938816
n1_i0,0,1,0,performance,layers.*/self_attn,/model/layers.19/self_attn/Add_1,RoPE,RoPE,rope:/model/layers.19/self_attn/Add_1,rope:/model/layers.19/self_attn/Add_1,rope,ocl::rope::opt___f16,969,false,false,1,1,rope_opt__6960924190377492479__sa,gtpin_total_execution_cycles,64800,cycles,8,64800
n1_i0,0,1,0,performance,layers.*/self_attn,/model/layers.19/self_attn/Expand,Broadcast,Broadcast,broadcast:/model/layers.19/self_attn/Expand,broadcast:/model/layers.19/self_attn/Expand,broadcast,broadcast_gpu_ref__f16,981,false,false,1,1,broadcast_gpu_ref_6456514822857321615_0_0__sa,gtpin_total_execution_cycles,4406952,cycles,1024,4406952
n1_i0,0,1,0,performance,layers.*/self_attn,/model/layers.19/self_attn/Expand_1,Broadcast,Broadcast,broadcast:/model/layers.19/self_attn/Expand_1,broadcast:/model/layers.19/self_attn/Expand_1,broadcast,broadcast_gpu_ref__f16,974,false,false,1,1,broadcast_gpu_ref_6456514822857321615_0_0__sa,gtpin_total_execution_cycles,6036640,cycles,1024,6036640
n1_i0,0,1,0,performance,layers.*/self_attn,/model/layers.19/self_attn/IsNaN,IsNaN,IsNaN,isnan:/model/layers.19/self_attn/IsNaN,isnan:/model/layers.19/self_attn/IsNaN,eltwise,generic_eltwise_ref__f16,987,false,false,1,1,generic_eltwise_ref_1696504087421334661_0_0__sa,gtpin_total_execution_cycles,1135526,cycles,256,1135526
n1_i0,0,1,0,performance,layers.*/self_attn,/model/layers.19/self_attn/MatMul,Gemm,Gemm,gemm:/model/layers.19/self_attn/MatMul,gemm:/model/layers.19/self_attn/MatMul,gemm,gemm_tiled_opt__f16,985,false,false,1,1,gemm_tiled_opt_7238579717421349067_1_0__sa,gtpin_total_execution_cycles,3530710,cycles,32,3530710
n1_i0,0,1,0,performance,layers.*/self_attn,/model/layers.19/self_attn/Mul_8,Multiply,Multiply,multiply:/model/layers.19/self_attn/Mul_8,multiply:/model/layers.19/self_attn/Mul_8,eltwise,generic_eltwise_ref__f16,971,false,false,1,1,generic_eltwise_ref_7125964068740378811_0_0__sa,gtpin_total_execution_cycles,4500360,cycles,1024,4500360
n1_i0,0,1,0,performance,layers.*/self_attn,/model/layers.19/self_attn/Softmax,Softmax,Softmax,softmax:/model/layers.19/self_attn/Softmax,softmax:/model/layers.19/self_attn/Softmax,softmax,softmax_gpu_bf__f16,986,false,false,1,1,softmax_gpu_bf_18392998524141771378_0_0__sa,gtpin_total_execution_cycles,8054315,cycles,512,8054315
n1_i0,0,1,0,performance,layers.*/self_attn,/model/layers.19/self_attn/Transpose_2,Transpose,Transpose,transpose:/model/layers.19/self_attn/Transpose_2,transpose:/model/layers.19/self_attn/Transpose_2,permute,permute_ref__f16,967,false,false,1,1,permute_ref_653960189515371720_0_0__sa,gtpin_total_execution_cycles,514218,cycles,128,514218
n1_i0,0,1,0,performance,layers.*/self_attn,/model/layers.19/self_attn/Transpose_3,Transpose,Transpose,transpose:/model/layers.19/self_attn/Transpose_3,transpose:/model/layers.19/self_attn/Transpose_3,permute,permute_ref__f16,984,false,false,1,1,permute_ref_17183202574580890641_0_0__sa,gtpin_total_execution_cycles,5901308,cycles,1024,5901308
n1_i0,0,1,0,performance,layers.*/self_attn,/model/layers.19/self_attn/Transpose_4,Gemm,Gemm,gemm:/model/layers.19/self_attn/Transpose_4,gemm:/model/layers.19/self_attn/Transpose_4,gemm,gemm_tiled_opt__f16,989,false,false,1,1,gemm_tiled_opt_12829285813189929928_0_0__sa,gtpin_total_execution_cycles,2417850,cycles,64,2417850
n1_i0,0,1,0,performance,layers.*/self_attn,/model/layers.19/self_attn/Where_2,Select,Select,select:/model/layers.19/self_attn/Where_2,select:/model/layers.19/self_attn/Where_2,select,select_gpu_ref__u8,982,false,false,1,1,select_gpu_ref_7464502897564813179_0_0__sa,gtpin_total_execution_cycles,39722,cycles,8,39722
n1_i0,0,1,0,performance,layers.*/self_attn,/model/layers.19/self_attn/Where_3,Select,Select,select:/model/layers.19/self_attn/Where_3,select:/model/layers.19/self_attn/Where_3,select,select_gpu_ref__u8,988,false,false,1,1,select_gpu_ref_5609897181611433017_0_0__sa,gtpin_total_execution_cycles,1344924,cycles,256,1344924
n1_i0,0,1,0,performance,layers.*/self_attn,/model/layers.19/self_attn/k_proj/MatMul,FullyConnected,FullyConnected,fullyconnected:/model/layers.19/self_attn/k_proj/MatMul,fullyconnected:/model/layers.19/self_attn/k_proj/MatMul,fully_connected,fully_connected_gpu_bf_tiled__f16,963,false,false,1,1,fully_connected_gpu_bf_tiled_17963963101609895522_0_0,gtpin_total_execution_cycles,3816648,cycles,8,3816648
n1_i0,0,1,0,performance,layers.*/self_attn,/model/layers.19/self_attn/o_proj/MatMul,FullyConnected,FullyConnected,fullyconnected:/model/layers.19/self_attn/o_proj/MatMul,fullyconnected:/model/layers.19/self_attn/o_proj/MatMul,fully_connected,fully_connected_gpu_bf_tiled__f16,991,false,false,1,1,fully_connected_gpu_bf_tiled_14284117615310227244_0_0,gtpin_total_execution_cycles,29490336,cycles,64,29490336
n1_i0,0,1,0,performance,layers.*/self_attn,/model/layers.19/self_attn/q_proj/MatMul,FullyConnected,FullyConnected,fullyconnected:/model/layers.19/self_attn/q_proj/MatMul,fullyconnected:/model/layers.19/self_attn/q_proj/MatMul,fully_connected,fully_connected_gpu_bf_tiled__f16,962,false,false,1,1,fully_connected_gpu_bf_tiled_5315586391497964380_0_0,gtpin_total_execution_cycles,29526464,cycles,64,29526464
n1_i0,0,1,0,performance,layers.*/self_attn,/model/layers.19/self_attn/v_proj/MatMul,FullyConnected,FullyConnected,fullyconnected:/model/layers.19/self_attn/v_proj/MatMul,fullyconnected:/model/layers.19/self_attn/v_proj/MatMul,fully_connected,fully_connected_gpu_bf_tiled__f16,961,false,false,1,1,fully_connected_gpu_bf_tiled_17963963101609895522_0_0,gtpin_total_execution_cycles,3611880,cycles,8,3611880
n1_i0,0,1,0,performance,layers.*/input_layernorm,/model/layers.2/input_layernorm/Mul,RMS,RMS,rms:/model/layers.2/input_layernorm/Mul,rms:/model/layers.2/input_layernorm/Mul,rms,rms_gpu_bfyx_opt__f16,348,false,false,1,1,rms_gpu_bfyx_opt_10690270683970839748_0_0__sa,gtpin_total_execution_cycles,1412494,cycles,256,1412494
n1_i0,0,1,0,performance,layers.*/mlp,/model/layers.2/mlp/down_proj/MatMul,FullyConnected,FullyConnected,fullyconnected:/model/layers.2/mlp/down_proj/MatMul,fullyconnected:/model/layers.2/mlp/down_proj/MatMul,fully_connected,fully_connected_gpu_bf_tiled__f16,383,false,false,1,1,fully_connected_gpu_bf_tiled_10430619451061347312_0_0__sa,gtpin_total_execution_cycles,107231070,cycles,128,107231070
n1_i0,0,1,0,performance,layers.*/mlp,/model/layers.2/mlp/gate_proj/MatMul,FullyConnected,FullyConnected,fullyconnected:/model/layers.2/mlp/gate_proj/MatMul,fullyconnected:/model/layers.2/mlp/gate_proj/MatMul,fully_connected,fully_connected_gpu_bf_tiled__f16,382,false,false,1,1,fully_connected_gpu_bf_tiled_14365863171559719675_0_0__sa,gtpin_total_execution_cycles,331411048,cycles,352,331411048
n1_i0,0,1,0,performance,layers.*/mlp,/model/layers.2/mlp/up_proj/MatMul,FullyConnected,FullyConnected,fullyconnected:/model/layers.2/mlp/up_proj/MatMul,fullyconnected:/model/layers.2/mlp/up_proj/MatMul,fully_connected,fully_connected_gpu_bf_tiled__f16,381,false,false,1,1,fully_connected_gpu_bf_tiled_4980171355312677498_0_0__sa,gtpin_total_execution_cycles,286546330,cycles,352,286546330
n1_i0,0,1,0,performance,layers.*/post_attention_layernorm,/model/layers.2/post_attention_layernorm/Mul,RMS,RMS,rms:/model/layers.2/post_attention_layernorm/Mul,rms:/model/layers.2/post_attention_layernorm/Mul,rms,rms_gpu_bfyx_opt__f16,380,false,false,1,1,rms_gpu_bfyx_opt_10690270683970839748_0_0__sa,gtpin_total_execution_cycles,2145200,cycles,256,2145200
n1_i0,0,1,0,performance,layers.*/self_attn,/model/layers.2/self_attn/Add,RoPE,RoPE,rope:/model/layers.2/self_attn/Add,rope:/model/layers.2/self_attn/Add,rope,ocl::rope::opt___f16,356,false,false,1,1,rope_opt__13889706310558783765__sa,gtpin_total_execution_cycles,825252,cycles,64,825252
n1_i0,0,1,0,performance,layers.*/self_attn,/model/layers.2/self_attn/Add_1,RoPE,RoPE,rope:/model/layers.2/self_attn/Add_1,rope:/model/layers.2/self_attn/Add_1,rope,ocl::rope::opt___f16,357,false,false,1,1,rope_opt__6960924190377492479__sa,gtpin_total_execution_cycles,64216,cycles,8,64216
n1_i0,0,1,0,performance,layers.*/self_attn,/model/layers.2/self_attn/Expand,Broadcast,Broadcast,broadcast:/model/layers.2/self_attn/Expand,broadcast:/model/layers.2/self_attn/Expand,broadcast,broadcast_gpu_ref__f16,369,false,false,1,1,broadcast_gpu_ref_6456514822857321615_0_0__sa,gtpin_total_execution_cycles,6043642,cycles,1024,6043642
n1_i0,0,1,0,performance,layers.*/self_attn,/model/layers.2/self_attn/Expand_1,Broadcast,Broadcast,broadcast:/model/layers.2/self_attn/Expand_1,broadcast:/model/layers.2/self_attn/Expand_1,broadcast,broadcast_gpu_ref__f16,362,false,false,1,1,broadcast_gpu_ref_6456514822857321615_0_0__sa,gtpin_total_execution_cycles,4191546,cycles,1024,4191546
n1_i0,0,1,0,performance,layers.*/self_attn,/model/layers.2/self_attn/IsNaN,IsNaN,IsNaN,isnan:/model/layers.2/self_attn/IsNaN,isnan:/model/layers.2/self_attn/IsNaN,eltwise,generic_eltwise_ref__f16,375,false,false,1,1,generic_eltwise_ref_1696504087421334661_0_0__sa,gtpin_total_execution_cycles,1101406,cycles,256,1101406
n1_i0,0,1,0,performance,layers.*/self_attn,/model/layers.2/self_attn/MatMul,Gemm,Gemm,gemm:/model/layers.2/self_attn/MatMul,gemm:/model/layers.2/self_attn/MatMul,gemm,gemm_tiled_opt__f16,373,false,false,1,1,gemm_tiled_opt_7238579717421349067_1_0__sa,gtpin_total_execution_cycles,3414666,cycles,32,3414666
n1_i0,0,1,0,performance,layers.*/self_attn,/model/layers.2/self_attn/Mul_8,Multiply,Multiply,multiply:/model/layers.2/self_attn/Mul_8,multiply:/model/layers.2/self_attn/Mul_8,eltwise,generic_eltwise_ref__f16,359,false,false,1,1,generic_eltwise_ref_7125964068740378811_0_0__sa,gtpin_total_execution_cycles,4563166,cycles,1024,4563166
n1_i0,0,1,0,performance,layers.*/self_attn,/model/layers.2/self_attn/Softmax,Softmax,Softmax,softmax:/model/layers.2/self_attn/Softmax,softmax:/model/layers.2/self_attn/Softmax,softmax,softmax_gpu_bf__f16,374,false,false,1,1,softmax_gpu_bf_18392998524141771378_0_0__sa,gtpin_total_execution_cycles,7828496,cycles,512,7828496
n1_i0,0,1,0,performance,layers.*/self_attn,/model/layers.2/self_attn/Transpose_2,Transpose,Transpose,transpose:/model/layers.2/self_attn/Transpose_2,transpose:/model/layers.2/self_attn/Transpose_2,permute,permute_ref__f16,355,false,false,1,1,permute_ref_653960189515371720_0_0__sa,gtpin_total_execution_cycles,382772,cycles,128,382772
n1_i0,0,1,0,performance,layers.*/self_attn,/model/layers.2/self_attn/Transpose_3,Transpose,Transpose,transpose:/model/layers.2/self_attn/Transpose_3,transpose:/model/layers.2/self_attn/Transpose_3,permute,permute_ref__f16,372,false,false,1,1,permute_ref_17183202574580890641_0_0__sa,gtpin_total_execution_cycles,5260524,cycles,1024,5260524
n1_i0,0,1,0,performance,layers.*/self_attn,/model/layers.2/self_attn/Transpose_4,Gemm,Gemm,gemm:/model/layers.2/self_attn/Transpose_4,gemm:/model/layers.2/self_attn/Transpose_4,gemm,gemm_tiled_opt__f16,377,false,false,1,1,gemm_tiled_opt_12829285813189929928_0_0__sa,gtpin_total_execution_cycles,1976236,cycles,64,1976236
n1_i0,0,1,0,performance,layers.*/self_attn,/model/layers.2/self_attn/Where_2,Select,Select,select:/model/layers.2/self_attn/Where_2,select:/model/layers.2/self_attn/Where_2,select,select_gpu_ref__u8,370,false,false,1,1,select_gpu_ref_7464502897564813179_0_0__sa,gtpin_total_execution_cycles,32920,cycles,8,32920
n1_i0,0,1,0,performance,layers.*/self_attn,/model/layers.2/self_attn/Where_3,Select,Select,select:/model/layers.2/self_attn/Where_3,select:/model/layers.2/self_attn/Where_3,select,select_gpu_ref__u8,376,false,false,1,1,select_gpu_ref_5609897181611433017_0_0__sa,gtpin_total_execution_cycles,1398144,cycles,256,1398144
n1_i0,0,1,0,performance,layers.*/self_attn,/model/layers.2/self_attn/k_proj/MatMul,FullyConnected,FullyConnected,fullyconnected:/model/layers.2/self_attn/k_proj/MatMul,fullyconnected:/model/layers.2/self_attn/k_proj/MatMul,fully_connected,fully_connected_gpu_bf_tiled__f16,351,false,false,1,1,fully_connected_gpu_bf_tiled_17963963101609895522_0_0,gtpin_total_execution_cycles,3780602,cycles,8,3780602
n1_i0,0,1,0,performance,layers.*/self_attn,/model/layers.2/self_attn/o_proj/MatMul,FullyConnected,FullyConnected,fullyconnected:/model/layers.2/self_attn/o_proj/MatMul,fullyconnected:/model/layers.2/self_attn/o_proj/MatMul,fully_connected,fully_connected_gpu_bf_tiled__f16,379,false,false,1,1,fully_connected_gpu_bf_tiled_13040139110703718313_0_0__sa,gtpin_total_execution_cycles,42692012,cycles,128,42692012
n1_i0,0,1,0,performance,layers.*/self_attn,/model/layers.2/self_attn/q_proj/MatMul,FullyConnected,FullyConnected,fullyconnected:/model/layers.2/self_attn/q_proj/MatMul,fullyconnected:/model/layers.2/self_attn/q_proj/MatMul,fully_connected,fully_connected_gpu_bf_tiled__f16,350,false,false,1,1,fully_connected_gpu_bf_tiled_5315586391497964380_0_0,gtpin_total_execution_cycles,29386620,cycles,64,29386620
n1_i0,0,1,0,performance,layers.*/self_attn,/model/layers.2/self_attn/v_proj/MatMul,FullyConnected,FullyConnected,fullyconnected:/model/layers.2/self_attn/v_proj/MatMul,fullyconnected:/model/layers.2/self_attn/v_proj/MatMul,fully_connected,fully_connected_gpu_bf_tiled__f16,349,false,false,1,1,fully_connected_gpu_bf_tiled_17963963101609895522_0_0,gtpin_total_execution_cycles,3594456,cycles,8,3594456
n1_i0,0,1,0,performance,layers.*/input_layernorm,/model/layers.20/input_layernorm/Mul,RMS,RMS,rms:/model/layers.20/input_layernorm/Mul,rms:/model/layers.20/input_layernorm/Mul,rms,rms_gpu_bfyx_opt__f16,996,false,false,1,1,rms_gpu_bfyx_opt_10690270683970839748_0_0__sa,gtpin_total_execution_cycles,1609416,cycles,256,1609416
n1_i0,0,1,0,performance,layers.*/mlp,/model/layers.20/mlp/down_proj/MatMul,FullyConnected,FullyConnected,fullyconnected:/model/layers.20/mlp/down_proj/MatMul,fullyconnected:/model/layers.20/mlp/down_proj/MatMul,fully_connected,fully_connected_gpu_bf_tiled__f16,1031,false,false,1,1,fully_connected_gpu_bf_tiled_2727911967636154657_0_0,gtpin_total_execution_cycles,85706214,cycles,64,85706214
n1_i0,0,1,0,performance,layers.*/mlp,/model/layers.20/mlp/gate_proj/MatMul,FullyConnected,FullyConnected,fullyconnected:/model/layers.20/mlp/gate_proj/MatMul,fullyconnected:/model/layers.20/mlp/gate_proj/MatMul,fully_connected,fully_connected_gpu_bf_tiled__f16,1030,false,false,1,1,fully_connected_gpu_bf_tiled_9957149419786459120_0_0,gtpin_total_execution_cycles,138819218,cycles,176,138819218
n1_i0,0,1,0,performance,layers.*/mlp,/model/layers.20/mlp/up_proj/MatMul,FullyConnected,FullyConnected,fullyconnected:/model/layers.20/mlp/up_proj/MatMul,fullyconnected:/model/layers.20/mlp/up_proj/MatMul,fully_connected,fully_connected_gpu_bf_tiled__f16,1029,false,false,1,1,fully_connected_gpu_bf_tiled_2740906288179525049_0_0,gtpin_total_execution_cycles,165470570,cycles,176,165470570
n1_i0,0,1,0,performance,layers.*/post_attention_layernorm,/model/layers.20/post_attention_layernorm/Mul,RMS,RMS,rms:/model/layers.20/post_attention_layernorm/Mul,rms:/model/layers.20/post_attention_layernorm/Mul,rms,rms_gpu_bfyx_opt__f16,1028,false,false,1,1,rms_gpu_bfyx_opt_10690270683970839748_0_0__sa,gtpin_total_execution_cycles,2416718,cycles,256,2416718
n1_i0,0,1,0,performance,layers.*/self_attn,/model/layers.20/self_attn/Add,RoPE,RoPE,rope:/model/layers.20/self_attn/Add,rope:/model/layers.20/self_attn/Add,rope,ocl::rope::opt___f16,1004,false,false,1,1,rope_opt__13889706310558783765__sa,gtpin_total_execution_cycles,926894,cycles,64,926894
n1_i0,0,1,0,performance,layers.*/self_attn,/model/layers.20/self_attn/Add_1,RoPE,RoPE,rope:/model/layers.20/self_attn/Add_1,rope:/model/layers.20/self_attn/Add_1,rope,ocl::rope::opt___f16,1005,false,false,1,1,rope_opt__6960924190377492479__sa,gtpin_total_execution_cycles,61578,cycles,8,61578
n1_i0,0,1,0,performance,layers.*/self_attn,/model/layers.20/self_attn/Expand,Broadcast,Broadcast,broadcast:/model/layers.20/self_attn/Expand,broadcast:/model/layers.20/self_attn/Expand,broadcast,broadcast_gpu_ref__f16,1017,false,false,1,1,broadcast_gpu_ref_6456514822857321615_0_0__sa,gtpin_total_execution_cycles,3831096,cycles,1024,3831096
n1_i0,0,1,0,performance,layers.*/self_attn,/model/layers.20/self_attn/Expand_1,Broadcast,Broadcast,broadcast:/model/layers.20/self_attn/Expand_1,broadcast:/model/layers.20/self_attn/Expand_1,broadcast,broadcast_gpu_ref__f16,1010,false,false,1,1,broadcast_gpu_ref_6456514822857321615_0_0__sa,gtpin_total_execution_cycles,4729636,cycles,1024,4729636
n1_i0,0,1,0,performance,layers.*/self_attn,/model/layers.20/self_attn/IsNaN,IsNaN,IsNaN,isnan:/model/layers.20/self_attn/IsNaN,isnan:/model/layers.20/self_attn/IsNaN,eltwise,generic_eltwise_ref__f16,1023,false,false,1,1,generic_eltwise_ref_1696504087421334661_0_0__sa,gtpin_total_execution_cycles,1461322,cycles,256,1461322
n1_i0,0,1,0,performance,layers.*/self_attn,/model/layers.20/self_attn/MatMul,Gemm,Gemm,gemm:/model/layers.20/self_attn/MatMul,gemm:/model/layers.20/self_attn/MatMul,gemm,gemm_tiled_opt__f16,1021,false,false,1,1,gemm_tiled_opt_7238579717421349067_1_0__sa,gtpin_total_execution_cycles,4623720,cycles,32,4623720
n1_i0,0,1,0,performance,layers.*/self_attn,/model/layers.20/self_attn/Mul_8,Multiply,Multiply,multiply:/model/layers.20/self_attn/Mul_8,multiply:/model/layers.20/self_attn/Mul_8,eltwise,generic_eltwise_ref__f16,1007,false,false,1,1,generic_eltwise_ref_7125964068740378811_0_0__sa,gtpin_total_execution_cycles,5265078,cycles,1024,5265078
n1_i0,0,1,0,performance,layers.*/self_attn,/model/layers.20/self_attn/Softmax,Softmax,Softmax,softmax:/model/layers.20/self_attn/Softmax,softmax:/model/layers.20/self_attn/Softmax,softmax,softmax_gpu_bf__f16,1022,false,false,1,1,softmax_gpu_bf_18392998524141771378_0_0__sa,gtpin_total_execution_cycles,9449864,cycles,512,9449864
n1_i0,0,1,0,performance,layers.*/self_attn,/model/layers.20/self_attn/Transpose_2,Transpose,Transpose,transpose:/model/layers.20/self_attn/Transpose_2,transpose:/model/layers.20/self_attn/Transpose_2,permute,permute_ref__f16,1003,false,false,1,1,permute_ref_653960189515371720_0_0__sa,gtpin_total_execution_cycles,482914,cycles,128,482914
n1_i0,0,1,0,performance,layers.*/self_attn,/model/layers.20/self_attn/Transpose_3,Transpose,Transpose,transpose:/model/layers.20/self_attn/Transpose_3,transpose:/model/layers.20/self_attn/Transpose_3,permute,permute_ref__f16,1020,false,false,1,1,permute_ref_17183202574580890641_0_0__sa,gtpin_total_execution_cycles,4905160,cycles,1024,4905160
n1_i0,0,1,0,performance,layers.*/self_attn,/model/layers.20/self_attn/Transpose_4,Gemm,Gemm,gemm:/model/layers.20/self_attn/Transpose_4,gemm:/model/layers.20/self_attn/Transpose_4,gemm,gemm_tiled_opt__f16,1025,false,false,1,1,gemm_tiled_opt_12829285813189929928_0_0__sa,gtpin_total_execution_cycles,2385408,cycles,64,2385408
n1_i0,0,1,0,performance,layers.*/self_attn,/model/layers.20/self_attn/Where_2,Select,Select,select:/model/layers.20/self_attn/Where_2,select:/model/layers.20/self_attn/Where_2,select,select_gpu_ref__u8,1018,false,false,1,1,select_gpu_ref_7464502897564813179_0_0__sa,gtpin_total_execution_cycles,37864,cycles,8,37864
n1_i0,0,1,0,performance,layers.*/self_attn,/model/layers.20/self_attn/Where_3,Select,Select,select:/model/layers.20/self_attn/Where_3,select:/model/layers.20/self_attn/Where_3,select,select_gpu_ref__u8,1024,false,false,1,1,select_gpu_ref_5609897181611433017_0_0__sa,gtpin_total_execution_cycles,1749892,cycles,256,1749892
n1_i0,0,1,0,performance,layers.*/self_attn,/model/layers.20/self_attn/k_proj/MatMul,FullyConnected,FullyConnected,fullyconnected:/model/layers.20/self_attn/k_proj/MatMul,fullyconnected:/model/layers.20/self_attn/k_proj/MatMul,fully_connected,fully_connected_gpu_bf_tiled__f16,999,false,false,1,1,fully_connected_gpu_bf_tiled_17963963101609895522_0_0,gtpin_total_execution_cycles,3795244,cycles,8,3795244
n1_i0,0,1,0,performance,layers.*/self_attn,/model/layers.20/self_attn/o_proj/MatMul,FullyConnected,FullyConnected,fullyconnected:/model/layers.20/self_attn/o_proj/MatMul,fullyconnected:/model/layers.20/self_attn/o_proj/MatMul,fully_connected,fully_connected_gpu_bf_tiled__f16,1027,false,false,1,1,fully_connected_gpu_bf_tiled_14284117615310227244_0_0,gtpin_total_execution_cycles,42549124,cycles,64,42549124
n1_i0,0,1,0,performance,layers.*/self_attn,/model/layers.20/self_attn/q_proj/MatMul,FullyConnected,FullyConnected,fullyconnected:/model/layers.20/self_attn/q_proj/MatMul,fullyconnected:/model/layers.20/self_attn/q_proj/MatMul,fully_connected,fully_connected_gpu_bf_tiled__f16,998,false,false,1,1,fully_connected_gpu_bf_tiled_5315586391497964380_0_0,gtpin_total_execution_cycles,29450706,cycles,64,29450706
n1_i0,0,1,0,performance,layers.*/self_attn,/model/layers.20/self_attn/v_proj/MatMul,FullyConnected,FullyConnected,fullyconnected:/model/layers.20/self_attn/v_proj/MatMul,fullyconnected:/model/layers.20/self_attn/v_proj/MatMul,fully_connected,fully_connected_gpu_bf_tiled__f16,997,false,false,1,1,fully_connected_gpu_bf_tiled_17963963101609895522_0_0,gtpin_total_execution_cycles,3588618,cycles,8,3588618
n1_i0,0,1,0,performance,layers.*/input_layernorm,/model/layers.21/input_layernorm/Mul,RMS,RMS,rms:/model/layers.21/input_layernorm/Mul,rms:/model/layers.21/input_layernorm/Mul,rms,rms_gpu_bfyx_opt__f16,1032,false,false,1,1,rms_gpu_bfyx_opt_10690270683970839748_0_0__sa,gtpin_total_execution_cycles,1862776,cycles,256,1862776
n1_i0,0,1,0,performance,layers.*/mlp,/model/layers.21/mlp/down_proj/MatMul,FullyConnected,FullyConnected,fullyconnected:/model/layers.21/mlp/down_proj/MatMul,fullyconnected:/model/layers.21/mlp/down_proj/MatMul,fully_connected,fully_connected_gpu_bf_tiled__f16,1067,false,false,1,1,fully_connected_gpu_bf_tiled_2727911967636154657_0_0,gtpin_total_execution_cycles,84963368,cycles,64,84963368
n1_i0,0,1,0,performance,layers.*/mlp,/model/layers.21/mlp/gate_proj/MatMul,FullyConnected,FullyConnected,fullyconnected:/model/layers.21/mlp/gate_proj/MatMul,fullyconnected:/model/layers.21/mlp/gate_proj/MatMul,fully_connected,fully_connected_gpu_bf_tiled__f16,1066,false,false,1,1,fully_connected_gpu_bf_tiled_9957149419786459120_0_0,gtpin_total_execution_cycles,160191996,cycles,176,160191996
n1_i0,0,1,0,performance,layers.*/mlp,/model/layers.21/mlp/up_proj/MatMul,FullyConnected,FullyConnected,fullyconnected:/model/layers.21/mlp/up_proj/MatMul,fullyconnected:/model/layers.21/mlp/up_proj/MatMul,fully_connected,fully_connected_gpu_bf_tiled__f16,1065,false,false,1,1,fully_connected_gpu_bf_tiled_2740906288179525049_0_0,gtpin_total_execution_cycles,115053014,cycles,176,115053014
n1_i0,0,1,0,performance,layers.*/post_attention_layernorm,/model/layers.21/post_attention_layernorm/Mul,RMS,RMS,rms:/model/layers.21/post_attention_layernorm/Mul,rms:/model/layers.21/post_attention_layernorm/Mul,rms,rms_gpu_bfyx_opt__f16,1064,false,false,1,1,rms_gpu_bfyx_opt_10690270683970839748_0_0__sa,gtpin_total_execution_cycles,2237416,cycles,256,2237416
n1_i0,0,1,0,performance,layers.*/self_attn,/model/layers.21/self_attn/Add,RoPE,RoPE,rope:/model/layers.21/self_attn/Add,rope:/model/layers.21/self_attn/Add,rope,ocl::rope::opt___f16,1040,false,false,1,1,rope_opt__13889706310558783765__sa,gtpin_total_execution_cycles,891630,cycles,64,891630
n1_i0,0,1,0,performance,layers.*/self_attn,/model/layers.21/self_attn/Add_1,RoPE,RoPE,rope:/model/layers.21/self_attn/Add_1,rope:/model/layers.21/self_attn/Add_1,rope,ocl::rope::opt___f16,1041,false,false,1,1,rope_opt__6960924190377492479__sa,gtpin_total_execution_cycles,69202,cycles,8,69202
n1_i0,0,1,0,performance,layers.*/self_attn,/model/layers.21/self_attn/Expand,Broadcast,Broadcast,broadcast:/model/layers.21/self_attn/Expand,broadcast:/model/layers.21/self_attn/Expand,broadcast,broadcast_gpu_ref__f16,1053,false,false,1,1,broadcast_gpu_ref_6456514822857321615_0_0__sa,gtpin_total_execution_cycles,7847630,cycles,1024,7847630
n1_i0,0,1,0,performance,layers.*/self_attn,/model/layers.21/self_attn/Expand_1,Broadcast,Broadcast,broadcast:/model/layers.21/self_attn/Expand_1,broadcast:/model/layers.21/self_attn/Expand_1,broadcast,broadcast_gpu_ref__f16,1046,false,false,1,1,broadcast_gpu_ref_6456514822857321615_0_0__sa,gtpin_total_execution_cycles,4477570,cycles,1024,4477570
n1_i0,0,1,0,performance,layers.*/self_attn,/model/layers.21/self_attn/IsNaN,IsNaN,IsNaN,isnan:/model/layers.21/self_attn/IsNaN,isnan:/model/layers.21/self_attn/IsNaN,eltwise,generic_eltwise_ref__f16,1059,false,false,1,1,generic_eltwise_ref_1696504087421334661_0_0__sa,gtpin_total_execution_cycles,1248966,cycles,256,1248966
n1_i0,0,1,0,performance,layers.*/self_attn,/model/layers.21/self_attn/MatMul,Gemm,Gemm,gemm:/model/layers.21/self_attn/MatMul,gemm:/model/layers.21/self_attn/MatMul,gemm,gemm_tiled_opt__f16,1057,false,false,1,1,gemm_tiled_opt_7238579717421349067_1_0__sa,gtpin_total_execution_cycles,3673112,cycles,32,3673112
n1_i0,0,1,0,performance,layers.*/self_attn,/model/layers.21/self_attn/Mul_8,Multiply,Multiply,multiply:/model/layers.21/self_attn/Mul_8,multiply:/model/layers.21/self_attn/Mul_8,eltwise,generic_eltwise_ref__f16,1043,false,false,1,1,generic_eltwise_ref_7125964068740378811_0_0__sa,gtpin_total_execution_cycles,5313854,cycles,1024,5313854
n1_i0,0,1,0,performance,layers.*/self_attn,/model/layers.21/self_attn/Softmax,Softmax,Softmax,softmax:/model/layers.21/self_attn/Softmax,softmax:/model/layers.21/self_attn/Softmax,softmax,softmax_gpu_bf__f16,1058,false,false,1,1,softmax_gpu_bf_18392998524141771378_0_0__sa,gtpin_total_execution_cycles,8412720,cycles,512,8412720
n1_i0,0,1,0,performance,layers.*/self_attn,/model/layers.21/self_attn/Transpose_2,Transpose,Transpose,transpose:/model/layers.21/self_attn/Transpose_2,transpose:/model/layers.21/self_attn/Transpose_2,permute,permute_ref__f16,1039,false,false,1,1,permute_ref_653960189515371720_0_0__sa,gtpin_total_execution_cycles,510640,cycles,128,510640
n1_i0,0,1,0,performance,layers.*/self_attn,/model/layers.21/self_attn/Transpose_3,Transpose,Transpose,transpose:/model/layers.21/self_attn/Transpose_3,transpose:/model/layers.21/self_attn/Transpose_3,permute,permute_ref__f16,1056,false,false,1,1,permute_ref_17183202574580890641_0_0__sa,gtpin_total_execution_cycles,6239404,cycles,1024,6239404
n1_i0,0,1,0,performance,layers.*/self_attn,/model/layers.21/self_attn/Transpose_4,Gemm,Gemm,gemm:/model/layers.21/self_attn/Transpose_4,gemm:/model/layers.21/self_attn/Transpose_4,gemm,gemm_tiled_opt__f16,1061,false,false,1,1,gemm_tiled_opt_12829285813189929928_0_0__sa,gtpin_total_execution_cycles,2083056,cycles,64,2083056
n1_i0,0,1,0,performance,layers.*/self_attn,/model/layers.21/self_attn/Where_2,Select,Select,select:/model/layers.21/self_attn/Where_2,select:/model/layers.21/self_attn/Where_2,select,select_gpu_ref__u8,1054,false,false,1,1,select_gpu_ref_7464502897564813179_0_0__sa,gtpin_total_execution_cycles,40824,cycles,8,40824
n1_i0,0,1,0,performance,layers.*/self_attn,/model/layers.21/self_attn/Where_3,Select,Select,select:/model/layers.21/self_attn/Where_3,select:/model/layers.21/self_attn/Where_3,select,select_gpu_ref__u8,1060,false,false,1,1,select_gpu_ref_5609897181611433017_0_0__sa,gtpin_total_execution_cycles,1564442,cycles,256,1564442
n1_i0,0,1,0,performance,layers.*/self_attn,/model/layers.21/self_attn/k_proj/MatMul,FullyConnected,FullyConnected,fullyconnected:/model/layers.21/self_attn/k_proj/MatMul,fullyconnected:/model/layers.21/self_attn/k_proj/MatMul,fully_connected,fully_connected_gpu_bf_tiled__f16,1035,false,false,1,1,fully_connected_gpu_bf_tiled_17963963101609895522_0_0,gtpin_total_execution_cycles,4370020,cycles,8,4370020
n1_i0,0,1,0,performance,layers.*/self_attn,/model/layers.21/self_attn/o_proj/MatMul,FullyConnected,FullyConnected,fullyconnected:/model/layers.21/self_attn/o_proj/MatMul,fullyconnected:/model/layers.21/self_attn/o_proj/MatMul,fully_connected,fully_connected_gpu_bf_tiled__f16,1063,false,false,1,1,fully_connected_gpu_bf_tiled_14284117615310227244_0_0,gtpin_total_execution_cycles,29525714,cycles,64,29525714
n1_i0,0,1,0,performance,layers.*/self_attn,/model/layers.21/self_attn/q_proj/MatMul,FullyConnected,FullyConnected,fullyconnected:/model/layers.21/self_attn/q_proj/MatMul,fullyconnected:/model/layers.21/self_attn/q_proj/MatMul,fully_connected,fully_connected_gpu_bf_tiled__f16,1034,false,false,1,1,fully_connected_gpu_bf_tiled_5315586391497964380_0_0,gtpin_total_execution_cycles,34160308,cycles,64,34160308
n1_i0,0,1,0,performance,layers.*/self_attn,/model/layers.21/self_attn/v_proj/MatMul,FullyConnected,FullyConnected,fullyconnected:/model/layers.21/self_attn/v_proj/MatMul,fullyconnected:/model/layers.21/self_attn/v_proj/MatMul,fully_connected,fully_connected_gpu_bf_tiled__f16,1033,false,false,1,1,fully_connected_gpu_bf_tiled_17963963101609895522_0_0,gtpin_total_execution_cycles,4189852,cycles,8,4189852
n1_i0,0,1,0,performance,layers.*/input_layernorm,/model/layers.3/input_layernorm/Mul,RMS,RMS,rms:/model/layers.3/input_layernorm/Mul,rms:/model/layers.3/input_layernorm/Mul,rms,rms_gpu_bfyx_opt__f16,384,false,false,1,1,rms_gpu_bfyx_opt_10690270683970839748_0_0__sa,gtpin_total_execution_cycles,2043930,cycles,256,2043930
n1_i0,0,1,0,performance,layers.*/mlp,/model/layers.3/mlp/down_proj/MatMul,FullyConnected,FullyConnected,fullyconnected:/model/layers.3/mlp/down_proj/MatMul,fullyconnected:/model/layers.3/mlp/down_proj/MatMul,fully_connected,fully_connected_gpu_bf_tiled__f16,419,false,false,1,1,fully_connected_gpu_bf_tiled_10430619451061347312_0_0__sa,gtpin_total_execution_cycles,105082842,cycles,128,105082842
n1_i0,0,1,0,performance,layers.*/mlp,/model/layers.3/mlp/gate_proj/MatMul,FullyConnected,FullyConnected,fullyconnected:/model/layers.3/mlp/gate_proj/MatMul,fullyconnected:/model/layers.3/mlp/gate_proj/MatMul,fully_connected,fully_connected_gpu_bf_tiled__f16,418,false,false,1,1,fully_connected_gpu_bf_tiled_14365863171559719675_0_0__sa,gtpin_total_execution_cycles,304258560,cycles,352,304258560
n1_i0,0,1,0,performance,layers.*/mlp,/model/layers.3/mlp/up_proj/MatMul,FullyConnected,FullyConnected,fullyconnected:/model/layers.3/mlp/up_proj/MatMul,fullyconnected:/model/layers.3/mlp/up_proj/MatMul,fully_connected,fully_connected_gpu_bf_tiled__f16,417,false,false,1,1,fully_connected_gpu_bf_tiled_4980171355312677498_0_0__sa,gtpin_total_execution_cycles,324645432,cycles,352,324645432
n1_i0,0,1,0,performance,layers.*/post_attention_layernorm,/model/layers.3/post_attention_layernorm/Mul,RMS,RMS,rms:/model/layers.3/post_attention_layernorm/Mul,rms:/model/layers.3/post_attention_layernorm/Mul,rms,rms_gpu_bfyx_opt__f16,416,false,false,1,1,rms_gpu_bfyx_opt_10690270683970839748_0_0__sa,gtpin_total_execution_cycles,2013862,cycles,256,2013862
n1_i0,0,1,0,performance,layers.*/self_attn,/model/layers.3/self_attn/Add,RoPE,RoPE,rope:/model/layers.3/self_attn/Add,rope:/model/layers.3/self_attn/Add,rope,ocl::rope::opt___f16,392,false,false,1,1,rope_opt__13889706310558783765__sa,gtpin_total_execution_cycles,818214,cycles,64,818214
n1_i0,0,1,0,performance,layers.*/self_attn,/model/layers.3/self_attn/Add_1,RoPE,RoPE,rope:/model/layers.3/self_attn/Add_1,rope:/model/layers.3/self_attn/Add_1,rope,ocl::rope::opt___f16,393,false,false,1,1,rope_opt__6960924190377492479__sa,gtpin_total_execution_cycles,67670,cycles,8,67670
n1_i0,0,1,0,performance,layers.*/self_attn,/model/layers.3/self_attn/Expand,Broadcast,Broadcast,broadcast:/model/layers.3/self_attn/Expand,broadcast:/model/layers.3/self_attn/Expand,broadcast,broadcast_gpu_ref__f16,405,false,false,1,1,broadcast_gpu_ref_6456514822857321615_0_0__sa,gtpin_total_execution_cycles,4350808,cycles,1024,4350808
n1_i0,0,1,0,performance,layers.*/self_attn,/model/layers.3/self_attn/Expand_1,Broadcast,Broadcast,broadcast:/model/layers.3/self_attn/Expand_1,broadcast:/model/layers.3/self_attn/Expand_1,broadcast,broadcast_gpu_ref__f16,398,false,false,1,1,broadcast_gpu_ref_6456514822857321615_0_0__sa,gtpin_total_execution_cycles,5242734,cycles,1024,5242734
n1_i0,0,1,0,performance,layers.*/self_attn,/model/layers.3/self_attn/IsNaN,IsNaN,IsNaN,isnan:/model/layers.3/self_attn/IsNaN,isnan:/model/layers.3/self_attn/IsNaN,eltwise,generic_eltwise_ref__f16,411,false,false,1,1,generic_eltwise_ref_1696504087421334661_0_0__sa,gtpin_total_execution_cycles,1416800,cycles,256,1416800
n1_i0,0,1,0,performance,layers.*/self_attn,/model/layers.3/self_attn/MatMul,Gemm,Gemm,gemm:/model/layers.3/self_attn/MatMul,gemm:/model/layers.3/self_attn/MatMul,gemm,gemm_tiled_opt__f16,409,false,false,1,1,gemm_tiled_opt_7238579717421349067_1_0__sa,gtpin_total_execution_cycles,3468922,cycles,32,3468922
n1_i0,0,1,0,performance,layers.*/self_attn,/model/layers.3/self_attn/Mul_8,Multiply,Multiply,multiply:/model/layers.3/self_attn/Mul_8,multiply:/model/layers.3/self_attn/Mul_8,eltwise,generic_eltwise_ref__f16,395,false,false,1,1,generic_eltwise_ref_7125964068740378811_0_0__sa,gtpin_total_execution_cycles,4476766,cycles,1024,4476766
n1_i0,0,1,0,performance,layers.*/self_attn,/model/layers.3/self_attn/Softmax,Softmax,Softmax,softmax:/model/layers.3/self_attn/Softmax,softmax:/model/layers.3/self_attn/Softmax,softmax,softmax_gpu_bf__f16,410,false,false,1,1,softmax_gpu_bf_18392998524141771378_0_0__sa,gtpin_total_execution_cycles,8638156,cycles,512,8638156
n1_i0,0,1,0,performance,layers.*/self_attn,/model/layers.3/self_attn/Transpose_2,Transpose,Transpose,transpose:/model/layers.3/self_attn/Transpose_2,transpose:/model/layers.3/self_attn/Transpose_2,permute,permute_ref__f16,391,false,false,1,1,permute_ref_653960189515371720_0_0__sa,gtpin_total_execution_cycles,460942,cycles,128,460942
n1_i0,0,1,0,performance,layers.*/self_attn,/model/layers.3/self_attn/Transpose_3,Transpose,Transpose,transpose:/model/layers.3/self_attn/Transpose_3,transpose:/model/layers.3/self_attn/Transpose_3,permute,permute_ref__f16,408,false,false,1,1,permute_ref_17183202574580890641_0_0__sa,gtpin_total_execution_cycles,5199378,cycles,1024,5199378
n1_i0,0,1,0,performance,layers.*/self_attn,/model/layers.3/self_attn/Transpose_4,Gemm,Gemm,gemm:/model/layers.3/self_attn/Transpose_4,gemm:/model/layers.3/self_attn/Transpose_4,gemm,gemm_tiled_opt__f16,413,false,false,1,1,gemm_tiled_opt_12829285813189929928_0_0__sa,gtpin_total_execution_cycles,2248828,cycles,64,2248828
n1_i0,0,1,0,performance,layers.*/self_attn,/model/layers.3/self_attn/Where_2,Select,Select,select:/model/layers.3/self_attn/Where_2,select:/model/layers.3/self_attn/Where_2,select,select_gpu_ref__u8,406,false,false,1,1,select_gpu_ref_7464502897564813179_0_0__sa,gtpin_total_execution_cycles,37986,cycles,8,37986
n1_i0,0,1,0,performance,layers.*/self_attn,/model/layers.3/self_attn/Where_3,Select,Select,select:/model/layers.3/self_attn/Where_3,select:/model/layers.3/self_attn/Where_3,select,select_gpu_ref__u8,412,false,false,1,1,select_gpu_ref_5609897181611433017_0_0__sa,gtpin_total_execution_cycles,1453618,cycles,256,1453618
n1_i0,0,1,0,performance,layers.*/self_attn,/model/layers.3/self_attn/k_proj/MatMul,FullyConnected,FullyConnected,fullyconnected:/model/layers.3/self_attn/k_proj/MatMul,fullyconnected:/model/layers.3/self_attn/k_proj/MatMul,fully_connected,fully_connected_gpu_bf_tiled__f16,387,false,false,1,1,fully_connected_gpu_bf_tiled_17963963101609895522_0_0,gtpin_total_execution_cycles,4104452,cycles,8,4104452
n1_i0,0,1,0,performance,layers.*/self_attn,/model/layers.3/self_attn/o_proj/MatMul,FullyConnected,FullyConnected,fullyconnected:/model/layers.3/self_attn/o_proj/MatMul,fullyconnected:/model/layers.3/self_attn/o_proj/MatMul,fully_connected,fully_connected_gpu_bf_tiled__f16,415,false,false,1,1,fully_connected_gpu_bf_tiled_13040139110703718313_0_0__sa,gtpin_total_execution_cycles,43132558,cycles,128,43132558
n1_i0,0,1,0,performance,layers.*/self_attn,/model/layers.3/self_attn/q_proj/MatMul,FullyConnected,FullyConnected,fullyconnected:/model/layers.3/self_attn/q_proj/MatMul,fullyconnected:/model/layers.3/self_attn/q_proj/MatMul,fully_connected,fully_connected_gpu_bf_tiled__f16,386,false,false,1,1,fully_connected_gpu_bf_tiled_5315586391497964380_0_0,gtpin_total_execution_cycles,32078786,cycles,64,32078786
n1_i0,0,1,0,performance,layers.*/self_attn,/model/layers.3/self_attn/v_proj/MatMul,FullyConnected,FullyConnected,fullyconnected:/model/layers.3/self_attn/v_proj/MatMul,fullyconnected:/model/layers.3/self_attn/v_proj/MatMul,fully_connected,fully_connected_gpu_bf_tiled__f16,385,false,false,1,1,fully_connected_gpu_bf_tiled_17963963101609895522_0_0,gtpin_total_execution_cycles,3899294,cycles,8,3899294
n1_i0,0,1,0,performance,layers.*/input_layernorm,/model/layers.4/input_layernorm/Mul,RMS,RMS,rms:/model/layers.4/input_layernorm/Mul,rms:/model/layers.4/input_layernorm/Mul,rms,rms_gpu_bfyx_opt__f16,420,false,false,1,1,rms_gpu_bfyx_opt_10690270683970839748_0_0__sa,gtpin_total_execution_cycles,1795530,cycles,256,1795530
n1_i0,0,1,0,performance,layers.*/mlp,/model/layers.4/mlp/down_proj/MatMul,FullyConnected,FullyConnected,fullyconnected:/model/layers.4/mlp/down_proj/MatMul,fullyconnected:/model/layers.4/mlp/down_proj/MatMul,fully_connected,fully_connected_gpu_bf_tiled__f16,455,false,false,1,1,fully_connected_gpu_bf_tiled_10430619451061347312_0_0__sa,gtpin_total_execution_cycles,106783964,cycles,128,106783964
n1_i0,0,1,0,performance,layers.*/mlp,/model/layers.4/mlp/gate_proj/MatMul,FullyConnected,FullyConnected,fullyconnected:/model/layers.4/mlp/gate_proj/MatMul,fullyconnected:/model/layers.4/mlp/gate_proj/MatMul,fully_connected,fully_connected_gpu_bf_tiled__f16,454,false,false,1,1,fully_connected_gpu_bf_tiled_14365863171559719675_0_0__sa,gtpin_total_execution_cycles,301520228,cycles,352,301520228
n1_i0,0,1,0,performance,layers.*/mlp,/model/layers.4/mlp/up_proj/MatMul,FullyConnected,FullyConnected,fullyconnected:/model/layers.4/mlp/up_proj/MatMul,fullyconnected:/model/layers.4/mlp/up_proj/MatMul,fully_connected,fully_connected_gpu_bf_tiled__f16,453,false,false,1,1,fully_connected_gpu_bf_tiled_4980171355312677498_0_0__sa,gtpin_total_execution_cycles,311561644,cycles,352,311561644
n1_i0,0,1,0,performance,layers.*/post_attention_layernorm,/model/layers.4/post_attention_layernorm/Mul,RMS,RMS,rms:/model/layers.4/post_attention_layernorm/Mul,rms:/model/layers.4/post_attention_layernorm/Mul,rms,rms_gpu_bfyx_opt__f16,452,false,false,1,1,rms_gpu_bfyx_opt_10690270683970839748_0_0__sa,gtpin_total_execution_cycles,1882126,cycles,256,1882126
n1_i0,0,1,0,performance,layers.*/self_attn,/model/layers.4/self_attn/Add,RoPE,RoPE,rope:/model/layers.4/self_attn/Add,rope:/model/layers.4/self_attn/Add,rope,ocl::rope::opt___f16,428,false,false,1,1,rope_opt__13889706310558783765__sa,gtpin_total_execution_cycles,857064,cycles,64,857064
n1_i0,0,1,0,performance,layers.*/self_attn,/model/layers.4/self_attn/Add_1,RoPE,RoPE,rope:/model/layers.4/self_attn/Add_1,rope:/model/layers.4/self_attn/Add_1,rope,ocl::rope::opt___f16,429,false,false,1,1,rope_opt__6960924190377492479__sa,gtpin_total_execution_cycles,59170,cycles,8,59170
n1_i0,0,1,0,performance,layers.*/self_attn,/model/layers.4/self_attn/Expand,Broadcast,Broadcast,broadcast:/model/layers.4/self_attn/Expand,broadcast:/model/layers.4/self_attn/Expand,broadcast,broadcast_gpu_ref__f16,441,false,false,1,1,broadcast_gpu_ref_6456514822857321615_0_0__sa,gtpin_total_execution_cycles,4124572,cycles,1024,4124572
n1_i0,0,1,0,performance,layers.*/self_attn,/model/layers.4/self_attn/Expand_1,Broadcast,Broadcast,broadcast:/model/layers.4/self_attn/Expand_1,broadcast:/model/layers.4/self_attn/Expand_1,broadcast,broadcast_gpu_ref__f16,434,false,false,1,1,broadcast_gpu_ref_6456514822857321615_0_0__sa,gtpin_total_execution_cycles,4396952,cycles,1024,4396952
n1_i0,0,1,0,performance,layers.*/self_attn,/model/layers.4/self_attn/IsNaN,IsNaN,IsNaN,isnan:/model/layers.4/self_attn/IsNaN,isnan:/model/layers.4/self_attn/IsNaN,eltwise,generic_eltwise_ref__f16,447,false,false,1,1,generic_eltwise_ref_1696504087421334661_0_0__sa,gtpin_total_execution_cycles,1183528,cycles,256,1183528
n1_i0,0,1,0,performance,layers.*/self_attn,/model/layers.4/self_attn/MatMul,Gemm,Gemm,gemm:/model/layers.4/self_attn/MatMul,gemm:/model/layers.4/self_attn/MatMul,gemm,gemm_tiled_opt__f16,445,false,false,1,1,gemm_tiled_opt_7238579717421349067_1_0__sa,gtpin_total_execution_cycles,3734410,cycles,32,3734410
n1_i0,0,1,0,performance,layers.*/self_attn,/model/layers.4/self_attn/Mul_8,Multiply,Multiply,multiply:/model/layers.4/self_attn/Mul_8,multiply:/model/layers.4/self_attn/Mul_8,eltwise,generic_eltwise_ref__f16,431,false,false,1,1,generic_eltwise_ref_7125964068740378811_0_0__sa,gtpin_total_execution_cycles,4870764,cycles,1024,4870764
n1_i0,0,1,0,performance,layers.*/self_attn,/model/layers.4/self_attn/Softmax,Softmax,Softmax,softmax:/model/layers.4/self_attn/Softmax,softmax:/model/layers.4/self_attn/Softmax,softmax,softmax_gpu_bf__f16,446,false,false,1,1,softmax_gpu_bf_18392998524141771378_0_0__sa,gtpin_total_execution_cycles,7827710,cycles,512,7827710
n1_i0,0,1,0,performance,layers.*/self_attn,/model/layers.4/self_attn/Transpose_2,Transpose,Transpose,transpose:/model/layers.4/self_attn/Transpose_2,transpose:/model/layers.4/self_attn/Transpose_2,permute,permute_ref__f16,427,false,false,1,1,permute_ref_653960189515371720_0_0__sa,gtpin_total_execution_cycles,422536,cycles,128,422536
n1_i0,0,1,0,performance,layers.*/self_attn,/model/layers.4/self_attn/Transpose_3,Transpose,Transpose,transpose:/model/layers.4/self_attn/Transpose_3,transpose:/model/layers.4/self_attn/Transpose_3,permute,permute_ref__f16,444,false,false,1,1,permute_ref_17183202574580890641_0_0__sa,gtpin_total_execution_cycles,5197008,cycles,1024,5197008
n1_i0,0,1,0,performance,layers.*/self_attn,/model/layers.4/self_attn/Transpose_4,Gemm,Gemm,gemm:/model/layers.4/self_attn/Transpose_4,gemm:/model/layers.4/self_attn/Transpose_4,gemm,gemm_tiled_opt__f16,449,false,false,1,1,gemm_tiled_opt_12829285813189929928_0_0__sa,gtpin_total_execution_cycles,1973398,cycles,64,1973398
n1_i0,0,1,0,performance,layers.*/self_attn,/model/layers.4/self_attn/Where_2,Select,Select,select:/model/layers.4/self_attn/Where_2,select:/model/layers.4/self_attn/Where_2,select,select_gpu_ref__u8,442,false,false,1,1,select_gpu_ref_7464502897564813179_0_0__sa,gtpin_total_execution_cycles,42990,cycles,8,42990
n1_i0,0,1,0,performance,layers.*/self_attn,/model/layers.4/self_attn/Where_3,Select,Select,select:/model/layers.4/self_attn/Where_3,select:/model/layers.4/self_attn/Where_3,select,select_gpu_ref__u8,448,false,false,1,1,select_gpu_ref_5609897181611433017_0_0__sa,gtpin_total_execution_cycles,1494126,cycles,256,1494126
n1_i0,0,1,0,performance,layers.*/self_attn,/model/layers.4/self_attn/k_proj/MatMul,FullyConnected,FullyConnected,fullyconnected:/model/layers.4/self_attn/k_proj/MatMul,fullyconnected:/model/layers.4/self_attn/k_proj/MatMul,fully_connected,fully_connected_gpu_bf_tiled__f16,423,false,false,1,1,fully_connected_gpu_bf_tiled_17963963101609895522_0_0,gtpin_total_execution_cycles,3610448,cycles,8,3610448
n1_i0,0,1,0,performance,layers.*/self_attn,/model/layers.4/self_attn/o_proj/MatMul,FullyConnected,FullyConnected,fullyconnected:/model/layers.4/self_attn/o_proj/MatMul,fullyconnected:/model/layers.4/self_attn/o_proj/MatMul,fully_connected,fully_connected_gpu_bf_tiled__f16,451,false,false,1,1,fully_connected_gpu_bf_tiled_13040139110703718313_0_0__sa,gtpin_total_execution_cycles,44230216,cycles,128,44230216
n1_i0,0,1,0,performance,layers.*/self_attn,/model/layers.4/self_attn/q_proj/MatMul,FullyConnected,FullyConnected,fullyconnected:/model/layers.4/self_attn/q_proj/MatMul,fullyconnected:/model/layers.4/self_attn/q_proj/MatMul,fully_connected,fully_connected_gpu_bf_tiled__f16,422,false,false,1,1,fully_connected_gpu_bf_tiled_5315586391497964380_0_0,gtpin_total_execution_cycles,28003080,cycles,64,28003080
n1_i0,0,1,0,performance,layers.*/self_attn,/model/layers.4/self_attn/v_proj/MatMul,FullyConnected,FullyConnected,fullyconnected:/model/layers.4/self_attn/v_proj/MatMul,fullyconnected:/model/layers.4/self_attn/v_proj/MatMul,fully_connected,fully_connected_gpu_bf_tiled__f16,421,false,false,1,1,fully_connected_gpu_bf_tiled_17963963101609895522_0_0,gtpin_total_execution_cycles,3205184,cycles,8,3205184
n1_i0,0,1,0,performance,layers.*/input_layernorm,/model/layers.5/input_layernorm/Mul,RMS,RMS,rms:/model/layers.5/input_layernorm/Mul,rms:/model/layers.5/input_layernorm/Mul,rms,rms_gpu_bfyx_opt__f16,456,false,false,1,1,rms_gpu_bfyx_opt_10690270683970839748_0_0__sa,gtpin_total_execution_cycles,1702172,cycles,256,1702172
n1_i0,0,1,0,performance,layers.*/mlp,/model/layers.5/mlp/down_proj/MatMul,FullyConnected,FullyConnected,fullyconnected:/model/layers.5/mlp/down_proj/MatMul,fullyconnected:/model/layers.5/mlp/down_proj/MatMul,fully_connected,fully_connected_gpu_bf_tiled__f16,491,false,false,1,1,fully_connected_gpu_bf_tiled_10430619451061347312_0_0__sa,gtpin_total_execution_cycles,120911882,cycles,128,120911882
n1_i0,0,1,0,performance,layers.*/mlp,/model/layers.5/mlp/gate_proj/MatMul,FullyConnected,FullyConnected,fullyconnected:/model/layers.5/mlp/gate_proj/MatMul,fullyconnected:/model/layers.5/mlp/gate_proj/MatMul,fully_connected,fully_connected_gpu_bf_tiled__f16,490,false,false,1,1,fully_connected_gpu_bf_tiled_14365863171559719675_0_0__sa,gtpin_total_execution_cycles,398205990,cycles,352,398205990
n1_i0,0,1,0,performance,layers.*/mlp,/model/layers.5/mlp/up_proj/MatMul,FullyConnected,FullyConnected,fullyconnected:/model/layers.5/mlp/up_proj/MatMul,fullyconnected:/model/layers.5/mlp/up_proj/MatMul,fully_connected,fully_connected_gpu_bf_tiled__f16,489,false,false,1,1,fully_connected_gpu_bf_tiled_4980171355312677498_0_0__sa,gtpin_total_execution_cycles,376935270,cycles,352,376935270
n1_i0,0,1,0,performance,layers.*/post_attention_layernorm,/model/layers.5/post_attention_layernorm/Mul,RMS,RMS,rms:/model/layers.5/post_attention_layernorm/Mul,rms:/model/layers.5/post_attention_layernorm/Mul,rms,rms_gpu_bfyx_opt__f16,488,false,false,1,1,rms_gpu_bfyx_opt_10690270683970839748_0_0__sa,gtpin_total_execution_cycles,1856506,cycles,256,1856506
n1_i0,0,1,0,performance,layers.*/self_attn,/model/layers.5/self_attn/Add,RoPE,RoPE,rope:/model/layers.5/self_attn/Add,rope:/model/layers.5/self_attn/Add,rope,ocl::rope::opt___f16,464,false,false,1,1,rope_opt__13889706310558783765__sa,gtpin_total_execution_cycles,864562,cycles,64,864562
n1_i0,0,1,0,performance,layers.*/self_attn,/model/layers.5/self_attn/Add_1,RoPE,RoPE,rope:/model/layers.5/self_attn/Add_1,rope:/model/layers.5/self_attn/Add_1,rope,ocl::rope::opt___f16,465,false,false,1,1,rope_opt__6960924190377492479__sa,gtpin_total_execution_cycles,68174,cycles,8,68174
n1_i0,0,1,0,performance,layers.*/self_attn,/model/layers.5/self_attn/Expand,Broadcast,Broadcast,broadcast:/model/layers.5/self_attn/Expand,broadcast:/model/layers.5/self_attn/Expand,broadcast,broadcast_gpu_ref__f16,477,false,false,1,1,broadcast_gpu_ref_6456514822857321615_0_0__sa,gtpin_total_execution_cycles,7143610,cycles,1024,7143610
n1_i0,0,1,0,performance,layers.*/self_attn,/model/layers.5/self_attn/Expand_1,Broadcast,Broadcast,broadcast:/model/layers.5/self_attn/Expand_1,broadcast:/model/layers.5/self_attn/Expand_1,broadcast,broadcast_gpu_ref__f16,470,false,false,1,1,broadcast_gpu_ref_6456514822857321615_0_0__sa,gtpin_total_execution_cycles,4465784,cycles,1024,4465784
n1_i0,0,1,0,performance,layers.*/self_attn,/model/layers.5/self_attn/IsNaN,IsNaN,IsNaN,isnan:/model/layers.5/self_attn/IsNaN,isnan:/model/layers.5/self_attn/IsNaN,eltwise,generic_eltwise_ref__f16,483,false,false,1,1,generic_eltwise_ref_1696504087421334661_0_0__sa,gtpin_total_execution_cycles,1305800,cycles,256,1305800
n1_i0,0,1,0,performance,layers.*/self_attn,/model/layers.5/self_attn/MatMul,Gemm,Gemm,gemm:/model/layers.5/self_attn/MatMul,gemm:/model/layers.5/self_attn/MatMul,gemm,gemm_tiled_opt__f16,481,false,false,1,1,gemm_tiled_opt_7238579717421349067_1_0__sa,gtpin_total_execution_cycles,3657018,cycles,32,3657018
n1_i0,0,1,0,performance,layers.*/self_attn,/model/layers.5/self_attn/Mul_8,Multiply,Multiply,multiply:/model/layers.5/self_attn/Mul_8,multiply:/model/layers.5/self_attn/Mul_8,eltwise,generic_eltwise_ref__f16,467,false,false,1,1,generic_eltwise_ref_7125964068740378811_0_0__sa,gtpin_total_execution_cycles,4796462,cycles,1024,4796462
n1_i0,0,1,0,performance,layers.*/self_attn,/model/layers.5/self_attn/Softmax,Softmax,Softmax,softmax:/model/layers.5/self_attn/Softmax,softmax:/model/layers.5/self_attn/Softmax,softmax,softmax_gpu_bf__f16,482,false,false,1,1,softmax_gpu_bf_18392998524141771378_0_0__sa,gtpin_total_execution_cycles,8380613,cycles,512,8380613
n1_i0,0,1,0,performance,layers.*/self_attn,/model/layers.5/self_attn/Transpose_2,Transpose,Transpose,transpose:/model/layers.5/self_attn/Transpose_2,transpose:/model/layers.5/self_attn/Transpose_2,permute,permute_ref__f16,463,false,false,1,1,permute_ref_653960189515371720_0_0__sa,gtpin_total_execution_cycles,438738,cycles,128,438738
n1_i0,0,1,0,performance,layers.*/self_attn,/model/layers.5/self_attn/Transpose_3,Transpose,Transpose,transpose:/model/layers.5/self_attn/Transpose_3,transpose:/model/layers.5/self_attn/Transpose_3,permute,permute_ref__f16,480,false,false,1,1,permute_ref_17183202574580890641_0_0__sa,gtpin_total_execution_cycles,5938846,cycles,1024,5938846
n1_i0,0,1,0,performance,layers.*/self_attn,/model/layers.5/self_attn/Transpose_4,Gemm,Gemm,gemm:/model/layers.5/self_attn/Transpose_4,gemm:/model/layers.5/self_attn/Transpose_4,gemm,gemm_tiled_opt__f16,485,false,false,1,1,gemm_tiled_opt_12829285813189929928_0_0__sa,gtpin_total_execution_cycles,2113856,cycles,64,2113856
n1_i0,0,1,0,performance,layers.*/self_attn,/model/layers.5/self_attn/Where_2,Select,Select,select:/model/layers.5/self_attn/Where_2,select:/model/layers.5/self_attn/Where_2,select,select_gpu_ref__u8,478,false,false,1,1,select_gpu_ref_7464502897564813179_0_0__sa,gtpin_total_execution_cycles,39632,cycles,8,39632
n1_i0,0,1,0,performance,layers.*/self_attn,/model/layers.5/self_attn/Where_3,Select,Select,select:/model/layers.5/self_attn/Where_3,select:/model/layers.5/self_attn/Where_3,select,select_gpu_ref__u8,484,false,false,1,1,select_gpu_ref_5609897181611433017_0_0__sa,gtpin_total_execution_cycles,1480030,cycles,256,1480030
n1_i0,0,1,0,performance,layers.*/self_attn,/model/layers.5/self_attn/k_proj/MatMul,FullyConnected,FullyConnected,fullyconnected:/model/layers.5/self_attn/k_proj/MatMul,fullyconnected:/model/layers.5/self_attn/k_proj/MatMul,fully_connected,fully_connected_gpu_bf_tiled__f16,459,false,false,1,1,fully_connected_gpu_bf_tiled_17963963101609895522_0_0,gtpin_total_execution_cycles,3902938,cycles,8,3902938
n1_i0,0,1,0,performance,layers.*/self_attn,/model/layers.5/self_attn/o_proj/MatMul,FullyConnected,FullyConnected,fullyconnected:/model/layers.5/self_attn/o_proj/MatMul,fullyconnected:/model/layers.5/self_attn/o_proj/MatMul,fully_connected,fully_connected_gpu_bf_tiled__f16,487,false,false,1,1,fully_connected_gpu_bf_tiled_13040139110703718313_0_0__sa,gtpin_total_execution_cycles,45522834,cycles,128,45522834
n1_i0,0,1,0,performance,layers.*/self_attn,/model/layers.5/self_attn/q_proj/MatMul,FullyConnected,FullyConnected,fullyconnected:/model/layers.5/self_attn/q_proj/MatMul,fullyconnected:/model/layers.5/self_attn/q_proj/MatMul,fully_connected,fully_connected_gpu_bf_tiled__f16,458,false,false,1,1,fully_connected_gpu_bf_tiled_5315586391497964380_0_0,gtpin_total_execution_cycles,30234444,cycles,64,30234444
n1_i0,0,1,0,performance,layers.*/self_attn,/model/layers.5/self_attn/v_proj/MatMul,FullyConnected,FullyConnected,fullyconnected:/model/layers.5/self_attn/v_proj/MatMul,fullyconnected:/model/layers.5/self_attn/v_proj/MatMul,fully_connected,fully_connected_gpu_bf_tiled__f16,457,false,false,1,1,fully_connected_gpu_bf_tiled_17963963101609895522_0_0,gtpin_total_execution_cycles,3694072,cycles,8,3694072
n1_i0,0,1,0,performance,layers.*/input_layernorm,/model/layers.6/input_layernorm/Mul,RMS,RMS,rms:/model/layers.6/input_layernorm/Mul,rms:/model/layers.6/input_layernorm/Mul,rms,rms_gpu_bfyx_opt__f16,492,false,false,1,1,rms_gpu_bfyx_opt_10690270683970839748_0_0__sa,gtpin_total_execution_cycles,1522084,cycles,256,1522084
n1_i0,0,1,0,performance,layers.*/mlp,/model/layers.6/mlp/down_proj/MatMul,FullyConnected,FullyConnected,fullyconnected:/model/layers.6/mlp/down_proj/MatMul,fullyconnected:/model/layers.6/mlp/down_proj/MatMul,fully_connected,fully_connected_gpu_bf_tiled__f16,527,false,false,1,1,fully_connected_gpu_bf_tiled_10430619451061347312_0_0__sa,gtpin_total_execution_cycles,124820192,cycles,128,124820192
n1_i0,0,1,0,performance,layers.*/mlp,/model/layers.6/mlp/gate_proj/MatMul,FullyConnected,FullyConnected,fullyconnected:/model/layers.6/mlp/gate_proj/MatMul,fullyconnected:/model/layers.6/mlp/gate_proj/MatMul,fully_connected,fully_connected_gpu_bf_tiled__f16,526,false,false,1,1,fully_connected_gpu_bf_tiled_14365863171559719675_0_0__sa,gtpin_total_execution_cycles,415560018,cycles,352,415560018
n1_i0,0,1,0,performance,layers.*/mlp,/model/layers.6/mlp/up_proj/MatMul,FullyConnected,FullyConnected,fullyconnected:/model/layers.6/mlp/up_proj/MatMul,fullyconnected:/model/layers.6/mlp/up_proj/MatMul,fully_connected,fully_connected_gpu_bf_tiled__f16,525,false,false,1,1,fully_connected_gpu_bf_tiled_4980171355312677498_0_0__sa,gtpin_total_execution_cycles,371672024,cycles,352,371672024
n1_i0,0,1,0,performance,layers.*/post_attention_layernorm,/model/layers.6/post_attention_layernorm/Mul,RMS,RMS,rms:/model/layers.6/post_attention_layernorm/Mul,rms:/model/layers.6/post_attention_layernorm/Mul,rms,rms_gpu_bfyx_opt__f16,524,false,false,1,1,rms_gpu_bfyx_opt_10690270683970839748_0_0__sa,gtpin_total_execution_cycles,1980888,cycles,256,1980888
n1_i0,0,1,0,performance,layers.*/self_attn,/model/layers.6/self_attn/Add,RoPE,RoPE,rope:/model/layers.6/self_attn/Add,rope:/model/layers.6/self_attn/Add,rope,ocl::rope::opt___f16,500,false,false,1,1,rope_opt__13889706310558783765__sa,gtpin_total_execution_cycles,915336,cycles,64,915336
n1_i0,0,1,0,performance,layers.*/self_attn,/model/layers.6/self_attn/Add_1,RoPE,RoPE,rope:/model/layers.6/self_attn/Add_1,rope:/model/layers.6/self_attn/Add_1,rope,ocl::rope::opt___f16,501,false,false,1,1,rope_opt__6960924190377492479__sa,gtpin_total_execution_cycles,61234,cycles,8,61234
n1_i0,0,1,0,performance,layers.*/self_attn,/model/layers.6/self_attn/Expand,Broadcast,Broadcast,broadcast:/model/layers.6/self_attn/Expand,broadcast:/model/layers.6/self_attn/Expand,broadcast,broadcast_gpu_ref__f16,513,false,false,1,1,broadcast_gpu_ref_6456514822857321615_0_0__sa,gtpin_total_execution_cycles,6591460,cycles,1024,6591460
n1_i0,0,1,0,performance,layers.*/self_attn,/model/layers.6/self_attn/Expand_1,Broadcast,Broadcast,broadcast:/model/layers.6/self_attn/Expand_1,broadcast:/model/layers.6/self_attn/Expand_1,broadcast,broadcast_gpu_ref__f16,506,false,false,1,1,broadcast_gpu_ref_6456514822857321615_0_0__sa,gtpin_total_execution_cycles,4413580,cycles,1024,4413580
n1_i0,0,1,0,performance,layers.*/self_attn,/model/layers.6/self_attn/IsNaN,IsNaN,IsNaN,isnan:/model/layers.6/self_attn/IsNaN,isnan:/model/layers.6/self_attn/IsNaN,eltwise,generic_eltwise_ref__f16,519,false,false,1,1,generic_eltwise_ref_1696504087421334661_0_0__sa,gtpin_total_execution_cycles,1188366,cycles,256,1188366
n1_i0,0,1,0,performance,layers.*/self_attn,/model/layers.6/self_attn/MatMul,Gemm,Gemm,gemm:/model/layers.6/self_attn/MatMul,gemm:/model/layers.6/self_attn/MatMul,gemm,gemm_tiled_opt__f16,517,false,false,1,1,gemm_tiled_opt_7238579717421349067_1_0__sa,gtpin_total_execution_cycles,3456314,cycles,32,3456314
n1_i0,0,1,0,performance,layers.*/self_attn,/model/layers.6/self_attn/Mul_8,Multiply,Multiply,multiply:/model/layers.6/self_attn/Mul_8,multiply:/model/layers.6/self_attn/Mul_8,eltwise,generic_eltwise_ref__f16,503,false,false,1,1,generic_eltwise_ref_7125964068740378811_0_0__sa,gtpin_total_execution_cycles,4638944,cycles,1024,4638944
n1_i0,0,1,0,performance,layers.*/self_attn,/model/layers.6/self_attn/Softmax,Softmax,Softmax,softmax:/model/layers.6/self_attn/Softmax,softmax:/model/layers.6/self_attn/Softmax,softmax,softmax_gpu_bf__f16,518,false,false,1,1,softmax_gpu_bf_18392998524141771378_0_0__sa,gtpin_total_execution_cycles,8082199,cycles,512,8082199
n1_i0,0,1,0,performance,layers.*/self_attn,/model/layers.6/self_attn/Transpose_2,Transpose,Transpose,transpose:/model/layers.6/self_attn/Transpose_2,transpose:/model/layers.6/self_attn/Transpose_2,permute,permute_ref__f16,499,false,false,1,1,permute_ref_653960189515371720_0_0__sa,gtpin_total_execution_cycles,559340,cycles,128,559340
n1_i0,0,1,0,performance,layers.*/self_attn,/model/layers.6/self_attn/Transpose_3,Transpose,Transpose,transpose:/model/layers.6/self_attn/Transpose_3,transpose:/model/layers.6/self_attn/Transpose_3,permute,permute_ref__f16,516,false,false,1,1,permute_ref_17183202574580890641_0_0__sa,gtpin_total_execution_cycles,5971538,cycles,1024,5971538
n1_i0,0,1,0,performance,layers.*/self_attn,/model/layers.6/self_attn/Transpose_4,Gemm,Gemm,gemm:/model/layers.6/self_attn/Transpose_4,gemm:/model/layers.6/self_attn/Transpose_4,gemm,gemm_tiled_opt__f16,521,false,false,1,1,gemm_tiled_opt_12829285813189929928_0_0__sa,gtpin_total_execution_cycles,2072666,cycles,64,2072666
n1_i0,0,1,0,performance,layers.*/self_attn,/model/layers.6/self_attn/Where_2,Select,Select,select:/model/layers.6/self_attn/Where_2,select:/model/layers.6/self_attn/Where_2,select,select_gpu_ref__u8,514,false,false,1,1,select_gpu_ref_7464502897564813179_0_0__sa,gtpin_total_execution_cycles,35872,cycles,8,35872
n1_i0,0,1,0,performance,layers.*/self_attn,/model/layers.6/self_attn/Where_3,Select,Select,select:/model/layers.6/self_attn/Where_3,select:/model/layers.6/self_attn/Where_3,select,select_gpu_ref__u8,520,false,false,1,1,select_gpu_ref_5609897181611433017_0_0__sa,gtpin_total_execution_cycles,1386738,cycles,256,1386738
n1_i0,0,1,0,performance,layers.*/self_attn,/model/layers.6/self_attn/k_proj/MatMul,FullyConnected,FullyConnected,fullyconnected:/model/layers.6/self_attn/k_proj/MatMul,fullyconnected:/model/layers.6/self_attn/k_proj/MatMul,fully_connected,fully_connected_gpu_bf_tiled__f16,495,false,false,1,1,fully_connected_gpu_bf_tiled_17963963101609895522_0_0,gtpin_total_execution_cycles,4168080,cycles,8,4168080
n1_i0,0,1,0,performance,layers.*/self_attn,/model/layers.6/self_attn/o_proj/MatMul,FullyConnected,FullyConnected,fullyconnected:/model/layers.6/self_attn/o_proj/MatMul,fullyconnected:/model/layers.6/self_attn/o_proj/MatMul,fully_connected,fully_connected_gpu_bf_tiled__f16,523,false,false,1,1,fully_connected_gpu_bf_tiled_14284117615310227244_0_0,gtpin_total_execution_cycles,29514562,cycles,64,29514562
n1_i0,0,1,0,performance,layers.*/self_attn,/model/layers.6/self_attn/q_proj/MatMul,FullyConnected,FullyConnected,fullyconnected:/model/layers.6/self_attn/q_proj/MatMul,fullyconnected:/model/layers.6/self_attn/q_proj/MatMul,fully_connected,fully_connected_gpu_bf_tiled__f16,494,false,false,1,1,fully_connected_gpu_bf_tiled_5315586391497964380_0_0,gtpin_total_execution_cycles,32405032,cycles,64,32405032
n1_i0,0,1,0,performance,layers.*/self_attn,/model/layers.6/self_attn/v_proj/MatMul,FullyConnected,FullyConnected,fullyconnected:/model/layers.6/self_attn/v_proj/MatMul,fullyconnected:/model/layers.6/self_attn/v_proj/MatMul,fully_connected,fully_connected_gpu_bf_tiled__f16,493,false,false,1,1,fully_connected_gpu_bf_tiled_17963963101609895522_0_0,gtpin_total_execution_cycles,3973512,cycles,8,3973512
n1_i0,0,1,0,performance,layers.*/input_layernorm,/model/layers.7/input_layernorm/Mul,RMS,RMS,rms:/model/layers.7/input_layernorm/Mul,rms:/model/layers.7/input_layernorm/Mul,rms,rms_gpu_bfyx_opt__f16,528,false,false,1,1,rms_gpu_bfyx_opt_10690270683970839748_0_0__sa,gtpin_total_execution_cycles,2132250,cycles,256,2132250
n1_i0,0,1,0,performance,layers.*/mlp,/model/layers.7/mlp/down_proj/MatMul,FullyConnected,FullyConnected,fullyconnected:/model/layers.7/mlp/down_proj/MatMul,fullyconnected:/model/layers.7/mlp/down_proj/MatMul,fully_connected,fully_connected_gpu_bf_tiled__f16,563,false,false,1,1,fully_connected_gpu_bf_tiled_10430619451061347312_0_0__sa,gtpin_total_execution_cycles,109977894,cycles,128,109977894
n1_i0,0,1,0,performance,layers.*/mlp,/model/layers.7/mlp/gate_proj/MatMul,FullyConnected,FullyConnected,fullyconnected:/model/layers.7/mlp/gate_proj/MatMul,fullyconnected:/model/layers.7/mlp/gate_proj/MatMul,fully_connected,fully_connected_gpu_bf_tiled__f16,562,false,false,1,1,fully_connected_gpu_bf_tiled_14365863171559719675_0_0__sa,gtpin_total_execution_cycles,310147004,cycles,352,310147004
n1_i0,0,1,0,performance,layers.*/mlp,/model/layers.7/mlp/up_proj/MatMul,FullyConnected,FullyConnected,fullyconnected:/model/layers.7/mlp/up_proj/MatMul,fullyconnected:/model/layers.7/mlp/up_proj/MatMul,fully_connected,fully_connected_gpu_bf_tiled__f16,561,false,false,1,1,fully_connected_gpu_bf_tiled_4980171355312677498_0_0__sa,gtpin_total_execution_cycles,317815456,cycles,352,317815456
n1_i0,0,1,0,performance,layers.*/post_attention_layernorm,/model/layers.7/post_attention_layernorm/Mul,RMS,RMS,rms:/model/layers.7/post_attention_layernorm/Mul,rms:/model/layers.7/post_attention_layernorm/Mul,rms,rms_gpu_bfyx_opt__f16,560,false,false,1,1,rms_gpu_bfyx_opt_10690270683970839748_0_0__sa,gtpin_total_execution_cycles,1984100,cycles,256,1984100
n1_i0,0,1,0,performance,layers.*/self_attn,/model/layers.7/self_attn/Add,RoPE,RoPE,rope:/model/layers.7/self_attn/Add,rope:/model/layers.7/self_attn/Add,rope,ocl::rope::opt___f16,536,false,false,1,1,rope_opt__13889706310558783765__sa,gtpin_total_execution_cycles,810266,cycles,64,810266
n1_i0,0,1,0,performance,layers.*/self_attn,/model/layers.7/self_attn/Add_1,RoPE,RoPE,rope:/model/layers.7/self_attn/Add_1,rope:/model/layers.7/self_attn/Add_1,rope,ocl::rope::opt___f16,537,false,false,1,1,rope_opt__6960924190377492479__sa,gtpin_total_execution_cycles,62536,cycles,8,62536
n1_i0,0,1,0,performance,layers.*/self_attn,/model/layers.7/self_attn/Expand,Broadcast,Broadcast,broadcast:/model/layers.7/self_attn/Expand,broadcast:/model/layers.7/self_attn/Expand,broadcast,broadcast_gpu_ref__f16,549,false,false,1,1,broadcast_gpu_ref_6456514822857321615_0_0__sa,gtpin_total_execution_cycles,4005622,cycles,1024,4005622
n1_i0,0,1,0,performance,layers.*/self_attn,/model/layers.7/self_attn/Expand_1,Broadcast,Broadcast,broadcast:/model/layers.7/self_attn/Expand_1,broadcast:/model/layers.7/self_attn/Expand_1,broadcast,broadcast_gpu_ref__f16,542,false,false,1,1,broadcast_gpu_ref_6456514822857321615_0_0__sa,gtpin_total_execution_cycles,6578704,cycles,1024,6578704
n1_i0,0,1,0,performance,layers.*/self_attn,/model/layers.7/self_attn/IsNaN,IsNaN,IsNaN,isnan:/model/layers.7/self_attn/IsNaN,isnan:/model/layers.7/self_attn/IsNaN,eltwise,generic_eltwise_ref__f16,555,false,false,1,1,generic_eltwise_ref_1696504087421334661_0_0__sa,gtpin_total_execution_cycles,1081110,cycles,256,1081110
n1_i0,0,1,0,performance,layers.*/self_attn,/model/layers.7/self_attn/MatMul,Gemm,Gemm,gemm:/model/layers.7/self_attn/MatMul,gemm:/model/layers.7/self_attn/MatMul,gemm,gemm_tiled_opt__f16,553,false,false,1,1,gemm_tiled_opt_7238579717421349067_1_0__sa,gtpin_total_execution_cycles,3555714,cycles,32,3555714
n1_i0,0,1,0,performance,layers.*/self_attn,/model/layers.7/self_attn/Mul_8,Multiply,Multiply,multiply:/model/layers.7/self_attn/Mul_8,multiply:/model/layers.7/self_attn/Mul_8,eltwise,generic_eltwise_ref__f16,539,false,false,1,1,generic_eltwise_ref_7125964068740378811_0_0__sa,gtpin_total_execution_cycles,4809792,cycles,1024,4809792
n1_i0,0,1,0,performance,layers.*/self_attn,/model/layers.7/self_attn/Softmax,Softmax,Softmax,softmax:/model/layers.7/self_attn/Softmax,softmax:/model/layers.7/self_attn/Softmax,softmax,softmax_gpu_bf__f16,554,false,false,1,1,softmax_gpu_bf_18392998524141771378_0_0__sa,gtpin_total_execution_cycles,8177931,cycles,512,8177931
n1_i0,0,1,0,performance,layers.*/self_attn,/model/layers.7/self_attn/Transpose_2,Transpose,Transpose,transpose:/model/layers.7/self_attn/Transpose_2,transpose:/model/layers.7/self_attn/Transpose_2,permute,permute_ref__f16,535,false,false,1,1,permute_ref_653960189515371720_0_0__sa,gtpin_total_execution_cycles,489966,cycles,128,489966
n1_i0,0,1,0,performance,layers.*/self_attn,/model/layers.7/self_attn/Transpose_3,Transpose,Transpose,transpose:/model/layers.7/self_attn/Transpose_3,transpose:/model/layers.7/self_attn/Transpose_3,permute,permute_ref__f16,552,false,false,1,1,permute_ref_17183202574580890641_0_0__sa,gtpin_total_execution_cycles,5378330,cycles,1024,5378330
n1_i0,0,1,0,performance,layers.*/self_attn,/model/layers.7/self_attn/Transpose_4,Gemm,Gemm,gemm:/model/layers.7/self_attn/Transpose_4,gemm:/model/layers.7/self_attn/Transpose_4,gemm,gemm_tiled_opt__f16,557,false,false,1,1,gemm_tiled_opt_12829285813189929928_0_0__sa,gtpin_total_execution_cycles,2284438,cycles,64,2284438
n1_i0,0,1,0,performance,layers.*/self_attn,/model/layers.7/self_attn/Where_2,Select,Select,select:/model/layers.7/self_attn/Where_2,select:/model/layers.7/self_attn/Where_2,select,select_gpu_ref__u8,550,false,false,1,1,select_gpu_ref_7464502897564813179_0_0__sa,gtpin_total_execution_cycles,38712,cycles,8,38712
n1_i0,0,1,0,performance,layers.*/self_attn,/model/layers.7/self_attn/Where_3,Select,Select,select:/model/layers.7/self_attn/Where_3,select:/model/layers.7/self_attn/Where_3,select,select_gpu_ref__u8,556,false,false,1,1,select_gpu_ref_5609897181611433017_0_0__sa,gtpin_total_execution_cycles,1299396,cycles,256,1299396
n1_i0,0,1,0,performance,layers.*/self_attn,/model/layers.7/self_attn/k_proj/MatMul,FullyConnected,FullyConnected,fullyconnected:/model/layers.7/self_attn/k_proj/MatMul,fullyconnected:/model/layers.7/self_attn/k_proj/MatMul,fully_connected,fully_connected_gpu_bf_tiled__f16,531,false,false,1,1,fully_connected_gpu_bf_tiled_17963963101609895522_0_0,gtpin_total_execution_cycles,4119486,cycles,8,4119486
n1_i0,0,1,0,performance,layers.*/self_attn,/model/layers.7/self_attn/o_proj/MatMul,FullyConnected,FullyConnected,fullyconnected:/model/layers.7/self_attn/o_proj/MatMul,fullyconnected:/model/layers.7/self_attn/o_proj/MatMul,fully_connected,fully_connected_gpu_bf_tiled__f16,559,false,false,1,1,fully_connected_gpu_bf_tiled_14284117615310227244_0_0,gtpin_total_execution_cycles,29674442,cycles,64,29674442
n1_i0,0,1,0,performance,layers.*/self_attn,/model/layers.7/self_attn/q_proj/MatMul,FullyConnected,FullyConnected,fullyconnected:/model/layers.7/self_attn/q_proj/MatMul,fullyconnected:/model/layers.7/self_attn/q_proj/MatMul,fully_connected,fully_connected_gpu_bf_tiled__f16,530,false,false,1,1,fully_connected_gpu_bf_tiled_5315586391497964380_0_0,gtpin_total_execution_cycles,32058664,cycles,64,32058664
n1_i0,0,1,0,performance,layers.*/self_attn,/model/layers.7/self_attn/v_proj/MatMul,FullyConnected,FullyConnected,fullyconnected:/model/layers.7/self_attn/v_proj/MatMul,fullyconnected:/model/layers.7/self_attn/v_proj/MatMul,fully_connected,fully_connected_gpu_bf_tiled__f16,529,false,false,1,1,fully_connected_gpu_bf_tiled_17963963101609895522_0_0,gtpin_total_execution_cycles,3911230,cycles,8,3911230
n1_i0,0,1,0,performance,layers.*/input_layernorm,/model/layers.8/input_layernorm/Mul,RMS,RMS,rms:/model/layers.8/input_layernorm/Mul,rms:/model/layers.8/input_layernorm/Mul,rms,rms_gpu_bfyx_opt__f16,564,false,false,1,1,rms_gpu_bfyx_opt_10690270683970839748_0_0__sa,gtpin_total_execution_cycles,1600120,cycles,256,1600120
n1_i0,0,1,0,performance,layers.*/mlp,/model/layers.8/mlp/down_proj/MatMul,FullyConnected,FullyConnected,fullyconnected:/model/layers.8/mlp/down_proj/MatMul,fullyconnected:/model/layers.8/mlp/down_proj/MatMul,fully_connected,fully_connected_gpu_bf_tiled__f16,599,false,false,1,1,fully_connected_gpu_bf_tiled_10430619451061347312_0_0__sa,gtpin_total_execution_cycles,118418748,cycles,128,118418748
n1_i0,0,1,0,performance,layers.*/mlp,/model/layers.8/mlp/gate_proj/MatMul,FullyConnected,FullyConnected,fullyconnected:/model/layers.8/mlp/gate_proj/MatMul,fullyconnected:/model/layers.8/mlp/gate_proj/MatMul,fully_connected,fully_connected_gpu_bf_tiled__f16,598,false,false,1,1,fully_connected_gpu_bf_tiled_14365863171559719675_0_0__sa,gtpin_total_execution_cycles,366230084,cycles,352,366230084
n1_i0,0,1,0,performance,layers.*/mlp,/model/layers.8/mlp/up_proj/MatMul,FullyConnected,FullyConnected,fullyconnected:/model/layers.8/mlp/up_proj/MatMul,fullyconnected:/model/layers.8/mlp/up_proj/MatMul,fully_connected,fully_connected_gpu_bf_tiled__f16,597,false,false,1,1,fully_connected_gpu_bf_tiled_2740906288179525049_0_0,gtpin_total_execution_cycles,144294638,cycles,176,144294638
n1_i0,0,1,0,performance,layers.*/post_attention_layernorm,/model/layers.8/post_attention_layernorm/Mul,RMS,RMS,rms:/model/layers.8/post_attention_layernorm/Mul,rms:/model/layers.8/post_attention_layernorm/Mul,rms,rms_gpu_bfyx_opt__f16,596,false,false,1,1,rms_gpu_bfyx_opt_10690270683970839748_0_0__sa,gtpin_total_execution_cycles,1849580,cycles,256,1849580
n1_i0,0,1,0,performance,layers.*/self_attn,/model/layers.8/self_attn/Add,RoPE,RoPE,rope:/model/layers.8/self_attn/Add,rope:/model/layers.8/self_attn/Add,rope,ocl::rope::opt___f16,572,false,false,1,1,rope_opt__13889706310558783765__sa,gtpin_total_execution_cycles,846804,cycles,64,846804
n1_i0,0,1,0,performance,layers.*/self_attn,/model/layers.8/self_attn/Add_1,RoPE,RoPE,rope:/model/layers.8/self_attn/Add_1,rope:/model/layers.8/self_attn/Add_1,rope,ocl::rope::opt___f16,573,false,false,1,1,rope_opt__6960924190377492479__sa,gtpin_total_execution_cycles,101808,cycles,8,101808
n1_i0,0,1,0,performance,layers.*/self_attn,/model/layers.8/self_attn/Expand,Broadcast,Broadcast,broadcast:/model/layers.8/self_attn/Expand,broadcast:/model/layers.8/self_attn/Expand,broadcast,broadcast_gpu_ref__f16,585,false,false,1,1,broadcast_gpu_ref_6456514822857321615_0_0__sa,gtpin_total_execution_cycles,4132888,cycles,1024,4132888
n1_i0,0,1,0,performance,layers.*/self_attn,/model/layers.8/self_attn/Expand_1,Broadcast,Broadcast,broadcast:/model/layers.8/self_attn/Expand_1,broadcast:/model/layers.8/self_attn/Expand_1,broadcast,broadcast_gpu_ref__f16,578,false,false,1,1,broadcast_gpu_ref_6456514822857321615_0_0__sa,gtpin_total_execution_cycles,4089202,cycles,1024,4089202
n1_i0,0,1,0,performance,layers.*/self_attn,/model/layers.8/self_attn/IsNaN,IsNaN,IsNaN,isnan:/model/layers.8/self_attn/IsNaN,isnan:/model/layers.8/self_attn/IsNaN,eltwise,generic_eltwise_ref__f16,591,false,false,1,1,generic_eltwise_ref_1696504087421334661_0_0__sa,gtpin_total_execution_cycles,1246270,cycles,256,1246270
n1_i0,0,1,0,performance,layers.*/self_attn,/model/layers.8/self_attn/MatMul,Gemm,Gemm,gemm:/model/layers.8/self_attn/MatMul,gemm:/model/layers.8/self_attn/MatMul,gemm,gemm_tiled_opt__f16,589,false,false,1,1,gemm_tiled_opt_7238579717421349067_1_0__sa,gtpin_total_execution_cycles,3898476,cycles,32,3898476
n1_i0,0,1,0,performance,layers.*/self_attn,/model/layers.8/self_attn/Mul_8,Multiply,Multiply,multiply:/model/layers.8/self_attn/Mul_8,multiply:/model/layers.8/self_attn/Mul_8,eltwise,generic_eltwise_ref__f16,575,false,false,1,1,generic_eltwise_ref_7125964068740378811_0_0__sa,gtpin_total_execution_cycles,5526556,cycles,1024,5526556
n1_i0,0,1,0,performance,layers.*/self_attn,/model/layers.8/self_attn/Softmax,Softmax,Softmax,softmax:/model/layers.8/self_attn/Softmax,softmax:/model/layers.8/self_attn/Softmax,softmax,softmax_gpu_bf__f16,590,false,false,1,1,softmax_gpu_bf_18392998524141771378_0_0__sa,gtpin_total_execution_cycles,7709827,cycles,512,7709827
n1_i0,0,1,0,performance,layers.*/self_attn,/model/layers.8/self_attn/Transpose_2,Transpose,Transpose,transpose:/model/layers.8/self_attn/Transpose_2,transpose:/model/layers.8/self_attn/Transpose_2,permute,permute_ref__f16,571,false,false,1,1,permute_ref_653960189515371720_0_0__sa,gtpin_total_execution_cycles,463672,cycles,128,463672
n1_i0,0,1,0,performance,layers.*/self_attn,/model/layers.8/self_attn/Transpose_3,Transpose,Transpose,transpose:/model/layers.8/self_attn/Transpose_3,transpose:/model/layers.8/self_attn/Transpose_3,permute,permute_ref__f16,588,false,false,1,1,permute_ref_17183202574580890641_0_0__sa,gtpin_total_execution_cycles,4698664,cycles,1024,4698664
n1_i0,0,1,0,performance,layers.*/self_attn,/model/layers.8/self_attn/Transpose_4,Gemm,Gemm,gemm:/model/layers.8/self_attn/Transpose_4,gemm:/model/layers.8/self_attn/Transpose_4,gemm,gemm_tiled_opt__f16,593,false,false,1,1,gemm_tiled_opt_12829285813189929928_0_0__sa,gtpin_total_execution_cycles,2039660,cycles,64,2039660
n1_i0,0,1,0,performance,layers.*/self_attn,/model/layers.8/self_attn/Where_2,Select,Select,select:/model/layers.8/self_attn/Where_2,select:/model/layers.8/self_attn/Where_2,select,select_gpu_ref__u8,586,false,false,1,1,select_gpu_ref_7464502897564813179_0_0__sa,gtpin_total_execution_cycles,57072,cycles,8,57072
n1_i0,0,1,0,performance,layers.*/self_attn,/model/layers.8/self_attn/Where_3,Select,Select,select:/model/layers.8/self_attn/Where_3,select:/model/layers.8/self_attn/Where_3,select,select_gpu_ref__u8,592,false,false,1,1,select_gpu_ref_5609897181611433017_0_0__sa,gtpin_total_execution_cycles,1516710,cycles,256,1516710
n1_i0,0,1,0,performance,layers.*/self_attn,/model/layers.8/self_attn/k_proj/MatMul,FullyConnected,FullyConnected,fullyconnected:/model/layers.8/self_attn/k_proj/MatMul,fullyconnected:/model/layers.8/self_attn/k_proj/MatMul,fully_connected,fully_connected_gpu_bf_tiled__f16,567,false,false,1,1,fully_connected_gpu_bf_tiled_17963963101609895522_0_0,gtpin_total_execution_cycles,3803680,cycles,8,3803680
n1_i0,0,1,0,performance,layers.*/self_attn,/model/layers.8/self_attn/o_proj/MatMul,FullyConnected,FullyConnected,fullyconnected:/model/layers.8/self_attn/o_proj/MatMul,fullyconnected:/model/layers.8/self_attn/o_proj/MatMul,fully_connected,fully_connected_gpu_bf_tiled__f16,595,false,false,1,1,fully_connected_gpu_bf_tiled_14284117615310227244_0_0,gtpin_total_execution_cycles,30020464,cycles,64,30020464
n1_i0,0,1,0,performance,layers.*/self_attn,/model/layers.8/self_attn/q_proj/MatMul,FullyConnected,FullyConnected,fullyconnected:/model/layers.8/self_attn/q_proj/MatMul,fullyconnected:/model/layers.8/self_attn/q_proj/MatMul,fully_connected,fully_connected_gpu_bf_tiled__f16,566,false,false,1,1,fully_connected_gpu_bf_tiled_5315586391497964380_0_0,gtpin_total_execution_cycles,29623538,cycles,64,29623538
n1_i0,0,1,0,performance,layers.*/self_attn,/model/layers.8/self_attn/v_proj/MatMul,FullyConnected,FullyConnected,fullyconnected:/model/layers.8/self_attn/v_proj/MatMul,fullyconnected:/model/layers.8/self_attn/v_proj/MatMul,fully_connected,fully_connected_gpu_bf_tiled__f16,565,false,false,1,1,fully_connected_gpu_bf_tiled_17963963101609895522_0_0,gtpin_total_execution_cycles,3617678,cycles,8,3617678
n1_i0,0,1,0,performance,layers.*/input_layernorm,/model/layers.9/input_layernorm/Mul,RMS,RMS,rms:/model/layers.9/input_layernorm/Mul,rms:/model/layers.9/input_layernorm/Mul,rms,rms_gpu_bfyx_opt__f16,600,false,false,1,1,rms_gpu_bfyx_opt_10690270683970839748_0_0__sa,gtpin_total_execution_cycles,1766504,cycles,256,1766504
n1_i0,0,1,0,performance,layers.*/mlp,/model/layers.9/mlp/down_proj/MatMul,FullyConnected,FullyConnected,fullyconnected:/model/layers.9/mlp/down_proj/MatMul,fullyconnected:/model/layers.9/mlp/down_proj/MatMul,fully_connected,fully_connected_gpu_bf_tiled__f16,635,false,false,1,1,fully_connected_gpu_bf_tiled_10430619451061347312_0_0__sa,gtpin_total_execution_cycles,109479326,cycles,128,109479326
n1_i0,0,1,0,performance,layers.*/mlp,/model/layers.9/mlp/gate_proj/MatMul,FullyConnected,FullyConnected,fullyconnected:/model/layers.9/mlp/gate_proj/MatMul,fullyconnected:/model/layers.9/mlp/gate_proj/MatMul,fully_connected,fully_connected_gpu_bf_tiled__f16,634,false,false,1,1,fully_connected_gpu_bf_tiled_14365863171559719675_0_0__sa,gtpin_total_execution_cycles,324429834,cycles,352,324429834
n1_i0,0,1,0,performance,layers.*/mlp,/model/layers.9/mlp/up_proj/MatMul,FullyConnected,FullyConnected,fullyconnected:/model/layers.9/mlp/up_proj/MatMul,fullyconnected:/model/layers.9/mlp/up_proj/MatMul,fully_connected,fully_connected_gpu_bf_tiled__f16,633,false,false,1,1,fully_connected_gpu_bf_tiled_2740906288179525049_0_0,gtpin_total_execution_cycles,125618672,cycles,176,125618672
n1_i0,0,1,0,performance,layers.*/post_attention_layernorm,/model/layers.9/post_attention_layernorm/Mul,RMS,RMS,rms:/model/layers.9/post_attention_layernorm/Mul,rms:/model/layers.9/post_attention_layernorm/Mul,rms,rms_gpu_bfyx_opt__f16,632,false,false,1,1,rms_gpu_bfyx_opt_10690270683970839748_0_0__sa,gtpin_total_execution_cycles,2029414,cycles,256,2029414
n1_i0,0,1,0,performance,layers.*/self_attn,/model/layers.9/self_attn/Add,RoPE,RoPE,rope:/model/layers.9/self_attn/Add,rope:/model/layers.9/self_attn/Add,rope,ocl::rope::opt___f16,608,false,false,1,1,rope_opt__13889706310558783765__sa,gtpin_total_execution_cycles,852416,cycles,64,852416
n1_i0,0,1,0,performance,layers.*/self_attn,/model/layers.9/self_attn/Add_1,RoPE,RoPE,rope:/model/layers.9/self_attn/Add_1,rope:/model/layers.9/self_attn/Add_1,rope,ocl::rope::opt___f16,609,false,false,1,1,rope_opt__6960924190377492479__sa,gtpin_total_execution_cycles,68974,cycles,8,68974
n1_i0,0,1,0,performance,layers.*/self_attn,/model/layers.9/self_attn/Expand,Broadcast,Broadcast,broadcast:/model/layers.9/self_attn/Expand,broadcast:/model/layers.9/self_attn/Expand,broadcast,broadcast_gpu_ref__f16,621,false,false,1,1,broadcast_gpu_ref_6456514822857321615_0_0__sa,gtpin_total_execution_cycles,6748304,cycles,1024,6748304
n1_i0,0,1,0,performance,layers.*/self_attn,/model/layers.9/self_attn/Expand_1,Broadcast,Broadcast,broadcast:/model/layers.9/self_attn/Expand_1,broadcast:/model/layers.9/self_attn/Expand_1,broadcast,broadcast_gpu_ref__f16,614,false,false,1,1,broadcast_gpu_ref_6456514822857321615_0_0__sa,gtpin_total_execution_cycles,4064454,cycles,1024,4064454
n1_i0,0,1,0,performance,layers.*/self_attn,/model/layers.9/self_attn/IsNaN,IsNaN,IsNaN,isnan:/model/layers.9/self_attn/IsNaN,isnan:/model/layers.9/self_attn/IsNaN,eltwise,generic_eltwise_ref__f16,627,false,false,1,1,generic_eltwise_ref_1696504087421334661_0_0__sa,gtpin_total_execution_cycles,1277670,cycles,256,1277670
n1_i0,0,1,0,performance,layers.*/self_attn,/model/layers.9/self_attn/MatMul,Gemm,Gemm,gemm:/model/layers.9/self_attn/MatMul,gemm:/model/layers.9/self_attn/MatMul,gemm,gemm_tiled_opt__f16,625,false,false,1,1,gemm_tiled_opt_7238579717421349067_1_0__sa,gtpin_total_execution_cycles,3586660,cycles,32,3586660
n1_i0,0,1,0,performance,layers.*/self_attn,/model/layers.9/self_attn/Mul_8,Multiply,Multiply,multiply:/model/layers.9/self_attn/Mul_8,multiply:/model/layers.9/self_attn/Mul_8,eltwise,generic_eltwise_ref__f16,611,false,false,1,1,generic_eltwise_ref_7125964068740378811_0_0__sa,gtpin_total_execution_cycles,4636846,cycles,1024,4636846
n1_i0,0,1,0,performance,layers.*/self_attn,/model/layers.9/self_attn/Softmax,Softmax,Softmax,softmax:/model/layers.9/self_attn/Softmax,softmax:/model/layers.9/self_attn/Softmax,softmax,softmax_gpu_bf__f16,626,false,false,1,1,softmax_gpu_bf_18392998524141771378_0_0__sa,gtpin_total_execution_cycles,7926412,cycles,512,7926412
n1_i0,0,1,0,performance,layers.*/self_attn,/model/layers.9/self_attn/Transpose_2,Transpose,Transpose,transpose:/model/layers.9/self_attn/Transpose_2,transpose:/model/layers.9/self_attn/Transpose_2,permute,permute_ref__f16,607,false,false,1,1,permute_ref_653960189515371720_0_0__sa,gtpin_total_execution_cycles,400336,cycles,128,400336
n1_i0,0,1,0,performance,layers.*/self_attn,/model/layers.9/self_attn/Transpose_3,Transpose,Transpose,transpose:/model/layers.9/self_attn/Transpose_3,transpose:/model/layers.9/self_attn/Transpose_3,permute,permute_ref__f16,624,false,false,1,1,permute_ref_17183202574580890641_0_0__sa,gtpin_total_execution_cycles,5521630,cycles,1024,5521630
n1_i0,0,1,0,performance,layers.*/self_attn,/model/layers.9/self_attn/Transpose_4,Gemm,Gemm,gemm:/model/layers.9/self_attn/Transpose_4,gemm:/model/layers.9/self_attn/Transpose_4,gemm,gemm_tiled_opt__f16,629,false,false,1,1,gemm_tiled_opt_12829285813189929928_0_0__sa,gtpin_total_execution_cycles,2073546,cycles,64,2073546
n1_i0,0,1,0,performance,layers.*/self_attn,/model/layers.9/self_attn/Where_2,Select,Select,select:/model/layers.9/self_attn/Where_2,select:/model/layers.9/self_attn/Where_2,select,select_gpu_ref__u8,622,false,false,1,1,select_gpu_ref_7464502897564813179_0_0__sa,gtpin_total_execution_cycles,36664,cycles,8,36664
n1_i0,0,1,0,performance,layers.*/self_attn,/model/layers.9/self_attn/Where_3,Select,Select,select:/model/layers.9/self_attn/Where_3,select:/model/layers.9/self_attn/Where_3,select,select_gpu_ref__u8,628,false,false,1,1,select_gpu_ref_5609897181611433017_0_0__sa,gtpin_total_execution_cycles,1474564,cycles,256,1474564
n1_i0,0,1,0,performance,layers.*/self_attn,/model/layers.9/self_attn/k_proj/MatMul,FullyConnected,FullyConnected,fullyconnected:/model/layers.9/self_attn/k_proj/MatMul,fullyconnected:/model/layers.9/self_attn/k_proj/MatMul,fully_connected,fully_connected_gpu_bf_tiled__f16,603,false,false,1,1,fully_connected_gpu_bf_tiled_17963963101609895522_0_0,gtpin_total_execution_cycles,3969118,cycles,8,3969118
n1_i0,0,1,0,performance,layers.*/self_attn,/model/layers.9/self_attn/o_proj/MatMul,FullyConnected,FullyConnected,fullyconnected:/model/layers.9/self_attn/o_proj/MatMul,fullyconnected:/model/layers.9/self_attn/o_proj/MatMul,fully_connected,fully_connected_gpu_bf_tiled__f16,631,false,false,1,1,fully_connected_gpu_bf_tiled_14284117615310227244_0_0,gtpin_total_execution_cycles,29437520,cycles,64,29437520
n1_i0,0,1,0,performance,layers.*/self_attn,/model/layers.9/self_attn/q_proj/MatMul,FullyConnected,FullyConnected,fullyconnected:/model/layers.9/self_attn/q_proj/MatMul,fullyconnected:/model/layers.9/self_attn/q_proj/MatMul,fully_connected,fully_connected_gpu_bf_tiled__f16,602,false,false,1,1,fully_connected_gpu_bf_tiled_5315586391497964380_0_0,gtpin_total_execution_cycles,30922680,cycles,64,30922680
n1_i0,0,1,0,performance,layers.*/self_attn,/model/layers.9/self_attn/v_proj/MatMul,FullyConnected,FullyConnected,fullyconnected:/model/layers.9/self_attn/v_proj/MatMul,fullyconnected:/model/layers.9/self_attn/v_proj/MatMul,fully_connected,fully_connected_gpu_bf_tiled__f16,601,false,false,1,1,fully_connected_gpu_bf_tiled_17963963101609895522_0_0,gtpin_total_execution_cycles,3760682,cycles,8,3760682
n1_i0,0,1,0,performance,(root),/model/norm/Mul,RMS,RMS,rms:/model/norm/Mul,rms:/model/norm/Mul,rms,rms_gpu_bfyx_opt__f16,1068,false,false,1,1,rms_gpu_bfyx_opt_10690270683970839748_0_0__sa,gtpin_total_execution_cycles,1997998,cycles,256,1997998
n1_i0,0,1,0,performance,rotary_emb,/model/rotary_emb/Concat_1,Concat,Concat,concat:/model/rotary_emb/Concat_1,concat:/model/rotary_emb/Concat_1,concatenation,concatenation_gpu_simple_ref__f32,269,false,false,2,2,concatenation_gpu_simple_ref_11787737694364327443_0_0__sa;concatenation_gpu_simple_ref_11787737694364327443_1_0__sa,gtpin_total_execution_cycles,167458,cycles,32,167458
n1_i0,0,1,0,performance,rotary_emb,/model/rotary_emb/Cos,Cos,Cos,cos:/model/rotary_emb/Cos,cos:/model/rotary_emb/Cos,activation,activation_ref__f32,274,false,false,1,1,activation_ref_8384225707366889932_0_0__sa,gtpin_total_execution_cycles,135594,cycles,32,135594
n1_i0,0,1,0,performance,rotary_emb,/model/rotary_emb/MatMul_increase_precision_1,Convert,Convert,convert:/model/rotary_emb/MatMul_increase_precision_1,convert:/model/rotary_emb/MatMul_increase_precision_1,reorder,reorder_data__f32,231,false,false,1,1,reorder_data_16347555807681174383_0_0__sa,gtpin_total_execution_cycles,3697,cycles,1,3697
n1_i0,0,1,0,performance,rotary_emb,/model/rotary_emb/Sin,Sin,Sin,sin:/model/rotary_emb/Sin,sin:/model/rotary_emb/Sin,activation,activation_ref__f32,273,false,false,1,1,activation_ref_1691567596270449691_0_0__sa,gtpin_total_execution_cycles,168934,cycles,32,168934
n1_i0,0,1,0,performance,rotary_emb,/model/rotary_emb/Transpose,Gemm,Gemm,gemm:/model/rotary_emb/Transpose,gemm:/model/rotary_emb/Transpose,gemm,gemm_tiled_opt__f32,264,false,false,1,1,gemm_tiled_opt_6356298044914993963_3_0__sa,gtpin_total_execution_cycles,40096,cycles,2,40096
n1_i0,0,1,0,performance,(root),Convert_90811,Convert,Convert,convert:Convert_90811,convert:Convert_90811,reorder,reorder_data__i64,225,false,false,1,1,reorder_data_261663883965124315_0_0__sa,gtpin_total_execution_cycles,7158,cycles,1,7158
n1_i0,0,1,0,performance,(root),Convert_90813,Convert,Convert,convert:Convert_90813,convert:Convert_90813,reorder,reorder_data__i64,224,false,false,1,1,reorder_data_261663883965124315_0_0__sa,gtpin_total_execution_cycles,6921,cycles,1,6921
n1_i0,0,1,0,performance,(root),Convert_90873,Convert,Convert,convert:Convert_90873,convert:Convert_90873,reorder,reorder_data__i64,226,false,false,1,1,reorder_data_14358938580392777097_0_0__sa,gtpin_total_execution_cycles,5870,cycles,1,5870
n1_i0,0,1,0,performance,(root),logits.0,FullyConnected,FullyConnected,fullyconnected:logits.0,fullyconnected:logits.0,fully_connected,fully_connected_gpu_bf_tiled__f16,1069,false,false,1,1,fully_connected_gpu_bf_tiled_5115942848222738913_0_0__sa,gtpin_total_execution_cycles,5724024420,cycles,2000,5724024420
