execution_unit_key,logical_execution_index,net_id,iteration,tool_kind,is_internal_network_candidate,component_path,origin_op_name,origin_op_type_name,resolved_op_type_name,primitive_id,original_primitive_id,primitive_type,implementation,exec_id,kernel_entry,gtpin_kernel,dispatch_count,dispatch_ids,ov_match,kernel_alignment_status,kernel_entry_alignment_verified,pointer_coverage_match,ov_kernel_entry_present,gtpin_source_kind,primary_metric_name,primary_metric_total,primary_metric_avg,primary_metric_unit,gtpin_invocation_count,gtpin_total_execution_cycles,gtpin_avg_execution_cycles_per_invocation,gtpin_total_memory_ops,gtpin_estimated_total_bytes,gtpin_write_dominance_pct,gtpin_estimated_bytes_per_mem_op,gtpin_reads,gtpin_writes,gtpin_atomics,gtpin_metric_fields_json,execution_descriptor
n1_i0,0,1,0,performance,false,(root),logits.0,FullyConnected,FullyConnected,fullyconnected:logits.0,fullyconnected:logits.0,fully_connected,fully_connected_gpu_bf_tiled,1069,fully_connected_gpu_bf_tiled_5115942848222738913_0_0__sa,fully_connected_gpu_bf_tiled_5115942848222738913_0_0__sa,1,656,matched,aligned,true,true,true,exec_profile,gtpin_total_execution_cycles,5724024420,2862012,cycles,2000,5724024420,2862012,0,0,,,0,0,0,"{""gtpin_avg_execution_cycles_per_invocation"":2862012,""gtpin_invocation_count"":2000,""gtpin_total_execution_cycles"":5724024420}",InvocationCount=2000;TotalExecutionCycles=5724024420;AvgExecutionCyclesPerInvocation=2862012
n1_i0,0,1,0,performance,false,layers.*/mlp,/model/layers.6/mlp/gate_proj/MatMul,FullyConnected,FullyConnected,fullyconnected:/model/layers.6/mlp/gate_proj/MatMul,fullyconnected:/model/layers.6/mlp/gate_proj/MatMul,fully_connected,fully_connected_gpu_bf_tiled,526,fully_connected_gpu_bf_tiled_14365863171559719675_0_0__sa,fully_connected_gpu_bf_tiled_14365863171559719675_0_0__sa,1,323,matched,aligned,true,true,true,exec_profile,gtpin_total_execution_cycles,415560018,1180568,cycles,352,415560018,1180568,0,0,,,0,0,0,"{""gtpin_avg_execution_cycles_per_invocation"":1180568,""gtpin_invocation_count"":352,""gtpin_total_execution_cycles"":415560018}",InvocationCount=352;TotalExecutionCycles=415560018;AvgExecutionCyclesPerInvocation=1180568
n1_i0,0,1,0,performance,false,layers.*/mlp,/model/layers.5/mlp/gate_proj/MatMul,FullyConnected,FullyConnected,fullyconnected:/model/layers.5/mlp/gate_proj/MatMul,fullyconnected:/model/layers.5/mlp/gate_proj/MatMul,fully_connected,fully_connected_gpu_bf_tiled,490,fully_connected_gpu_bf_tiled_14365863171559719675_0_0__sa,fully_connected_gpu_bf_tiled_14365863171559719675_0_0__sa,1,301,matched,aligned,true,true,true,exec_profile,gtpin_total_execution_cycles,398205990,1131267,cycles,352,398205990,1131267,0,0,,,0,0,0,"{""gtpin_avg_execution_cycles_per_invocation"":1131267,""gtpin_invocation_count"":352,""gtpin_total_execution_cycles"":398205990}",InvocationCount=352;TotalExecutionCycles=398205990;AvgExecutionCyclesPerInvocation=1131267
n1_i0,0,1,0,performance,false,layers.*/mlp,/model/layers.5/mlp/up_proj/MatMul,FullyConnected,FullyConnected,fullyconnected:/model/layers.5/mlp/up_proj/MatMul,fullyconnected:/model/layers.5/mlp/up_proj/MatMul,fully_connected,fully_connected_gpu_bf_tiled,489,fully_connected_gpu_bf_tiled_4980171355312677498_0_0__sa,fully_connected_gpu_bf_tiled_4980171355312677498_0_0__sa,1,300,matched,aligned,true,true,true,exec_profile,gtpin_total_execution_cycles,376935270,1070838,cycles,352,376935270,1070838,0,0,,,0,0,0,"{""gtpin_avg_execution_cycles_per_invocation"":1070838,""gtpin_invocation_count"":352,""gtpin_total_execution_cycles"":376935270}",InvocationCount=352;TotalExecutionCycles=376935270;AvgExecutionCyclesPerInvocation=1070838
n1_i0,0,1,0,performance,false,layers.*/mlp,/model/layers.6/mlp/up_proj/MatMul,FullyConnected,FullyConnected,fullyconnected:/model/layers.6/mlp/up_proj/MatMul,fullyconnected:/model/layers.6/mlp/up_proj/MatMul,fully_connected,fully_connected_gpu_bf_tiled,525,fully_connected_gpu_bf_tiled_4980171355312677498_0_0__sa,fully_connected_gpu_bf_tiled_4980171355312677498_0_0__sa,1,322,matched,aligned,true,true,true,exec_profile,gtpin_total_execution_cycles,371672024,1055886,cycles,352,371672024,1055886,0,0,,,0,0,0,"{""gtpin_avg_execution_cycles_per_invocation"":1055886,""gtpin_invocation_count"":352,""gtpin_total_execution_cycles"":371672024}",InvocationCount=352;TotalExecutionCycles=371672024;AvgExecutionCyclesPerInvocation=1055886
n1_i0,0,1,0,performance,false,layers.*/mlp,/model/layers.8/mlp/gate_proj/MatMul,FullyConnected,FullyConnected,fullyconnected:/model/layers.8/mlp/gate_proj/MatMul,fullyconnected:/model/layers.8/mlp/gate_proj/MatMul,fully_connected,fully_connected_gpu_bf_tiled,598,fully_connected_gpu_bf_tiled_14365863171559719675_0_0__sa,fully_connected_gpu_bf_tiled_14365863171559719675_0_0__sa,1,367,matched,aligned,true,true,true,exec_profile,gtpin_total_execution_cycles,366230084,1040426,cycles,352,366230084,1040426,0,0,,,0,0,0,"{""gtpin_avg_execution_cycles_per_invocation"":1040426,""gtpin_invocation_count"":352,""gtpin_total_execution_cycles"":366230084}",InvocationCount=352;TotalExecutionCycles=366230084;AvgExecutionCyclesPerInvocation=1040426
n1_i0,0,1,0,performance,false,layers.*/mlp,/model/layers.2/mlp/gate_proj/MatMul,FullyConnected,FullyConnected,fullyconnected:/model/layers.2/mlp/gate_proj/MatMul,fullyconnected:/model/layers.2/mlp/gate_proj/MatMul,fully_connected,fully_connected_gpu_bf_tiled,382,fully_connected_gpu_bf_tiled_14365863171559719675_0_0__sa,fully_connected_gpu_bf_tiled_14365863171559719675_0_0__sa,1,235,matched,aligned,true,true,true,exec_profile,gtpin_total_execution_cycles,331411048,941508,cycles,352,331411048,941508,0,0,,,0,0,0,"{""gtpin_avg_execution_cycles_per_invocation"":941508,""gtpin_invocation_count"":352,""gtpin_total_execution_cycles"":331411048}",InvocationCount=352;TotalExecutionCycles=331411048;AvgExecutionCyclesPerInvocation=941508
n1_i0,0,1,0,performance,false,layers.*/mlp,/model/layers.0/mlp/gate_proj/MatMul,FullyConnected,FullyConnected,fullyconnected:/model/layers.0/mlp/gate_proj/MatMul,fullyconnected:/model/layers.0/mlp/gate_proj/MatMul,fully_connected,fully_connected_gpu_bf_tiled,310,fully_connected_gpu_bf_tiled_14365863171559719675_0_0__sa,fully_connected_gpu_bf_tiled_14365863171559719675_0_0__sa,1,191,matched,aligned,true,true,true,exec_profile,gtpin_total_execution_cycles,330269230,938264,cycles,352,330269230,938264,0,0,,,0,0,0,"{""gtpin_avg_execution_cycles_per_invocation"":938264,""gtpin_invocation_count"":352,""gtpin_total_execution_cycles"":330269230}",InvocationCount=352;TotalExecutionCycles=330269230;AvgExecutionCyclesPerInvocation=938264
n1_i0,0,1,0,performance,false,layers.*/mlp,/model/layers.1/mlp/up_proj/MatMul,FullyConnected,FullyConnected,fullyconnected:/model/layers.1/mlp/up_proj/MatMul,fullyconnected:/model/layers.1/mlp/up_proj/MatMul,fully_connected,fully_connected_gpu_bf_tiled,345,fully_connected_gpu_bf_tiled_4980171355312677498_0_0__sa,fully_connected_gpu_bf_tiled_4980171355312677498_0_0__sa,1,212,matched,aligned,true,true,true,exec_profile,gtpin_total_execution_cycles,325055316,923452,cycles,352,325055316,923452,0,0,,,0,0,0,"{""gtpin_avg_execution_cycles_per_invocation"":923452,""gtpin_invocation_count"":352,""gtpin_total_execution_cycles"":325055316}",InvocationCount=352;TotalExecutionCycles=325055316;AvgExecutionCyclesPerInvocation=923452
n1_i0,0,1,0,performance,false,layers.*/mlp,/model/layers.3/mlp/up_proj/MatMul,FullyConnected,FullyConnected,fullyconnected:/model/layers.3/mlp/up_proj/MatMul,fullyconnected:/model/layers.3/mlp/up_proj/MatMul,fully_connected,fully_connected_gpu_bf_tiled,417,fully_connected_gpu_bf_tiled_4980171355312677498_0_0__sa,fully_connected_gpu_bf_tiled_4980171355312677498_0_0__sa,1,256,matched,aligned,true,true,true,exec_profile,gtpin_total_execution_cycles,324645432,922288,cycles,352,324645432,922288,0,0,,,0,0,0,"{""gtpin_avg_execution_cycles_per_invocation"":922288,""gtpin_invocation_count"":352,""gtpin_total_execution_cycles"":324645432}",InvocationCount=352;TotalExecutionCycles=324645432;AvgExecutionCyclesPerInvocation=922288
n1_i0,0,1,0,performance,false,layers.*/mlp,/model/layers.9/mlp/gate_proj/MatMul,FullyConnected,FullyConnected,fullyconnected:/model/layers.9/mlp/gate_proj/MatMul,fullyconnected:/model/layers.9/mlp/gate_proj/MatMul,fully_connected,fully_connected_gpu_bf_tiled,634,fully_connected_gpu_bf_tiled_14365863171559719675_0_0__sa,fully_connected_gpu_bf_tiled_14365863171559719675_0_0__sa,1,389,matched,aligned,true,true,true,exec_profile,gtpin_total_execution_cycles,324429834,921675,cycles,352,324429834,921675,0,0,,,0,0,0,"{""gtpin_avg_execution_cycles_per_invocation"":921675,""gtpin_invocation_count"":352,""gtpin_total_execution_cycles"":324429834}",InvocationCount=352;TotalExecutionCycles=324429834;AvgExecutionCyclesPerInvocation=921675
n1_i0,0,1,0,performance,false,layers.*/mlp,/model/layers.7/mlp/up_proj/MatMul,FullyConnected,FullyConnected,fullyconnected:/model/layers.7/mlp/up_proj/MatMul,fullyconnected:/model/layers.7/mlp/up_proj/MatMul,fully_connected,fully_connected_gpu_bf_tiled,561,fully_connected_gpu_bf_tiled_4980171355312677498_0_0__sa,fully_connected_gpu_bf_tiled_4980171355312677498_0_0__sa,1,344,matched,aligned,true,true,true,exec_profile,gtpin_total_execution_cycles,317815456,902884,cycles,352,317815456,902884,0,0,,,0,0,0,"{""gtpin_avg_execution_cycles_per_invocation"":902884,""gtpin_invocation_count"":352,""gtpin_total_execution_cycles"":317815456}",InvocationCount=352;TotalExecutionCycles=317815456;AvgExecutionCyclesPerInvocation=902884
n1_i0,0,1,0,performance,false,layers.*/mlp,/model/layers.1/mlp/gate_proj/MatMul,FullyConnected,FullyConnected,fullyconnected:/model/layers.1/mlp/gate_proj/MatMul,fullyconnected:/model/layers.1/mlp/gate_proj/MatMul,fully_connected,fully_connected_gpu_bf_tiled,346,fully_connected_gpu_bf_tiled_14365863171559719675_0_0__sa,fully_connected_gpu_bf_tiled_14365863171559719675_0_0__sa,1,213,matched,aligned,true,true,true,exec_profile,gtpin_total_execution_cycles,315239154,895565,cycles,352,315239154,895565,0,0,,,0,0,0,"{""gtpin_avg_execution_cycles_per_invocation"":895565,""gtpin_invocation_count"":352,""gtpin_total_execution_cycles"":315239154}",InvocationCount=352;TotalExecutionCycles=315239154;AvgExecutionCyclesPerInvocation=895565
n1_i0,0,1,0,performance,false,layers.*/mlp,/model/layers.4/mlp/up_proj/MatMul,FullyConnected,FullyConnected,fullyconnected:/model/layers.4/mlp/up_proj/MatMul,fullyconnected:/model/layers.4/mlp/up_proj/MatMul,fully_connected,fully_connected_gpu_bf_tiled,453,fully_connected_gpu_bf_tiled_4980171355312677498_0_0__sa,fully_connected_gpu_bf_tiled_4980171355312677498_0_0__sa,1,278,matched,aligned,true,true,true,exec_profile,gtpin_total_execution_cycles,311561644,885118,cycles,352,311561644,885118,0,0,,,0,0,0,"{""gtpin_avg_execution_cycles_per_invocation"":885118,""gtpin_invocation_count"":352,""gtpin_total_execution_cycles"":311561644}",InvocationCount=352;TotalExecutionCycles=311561644;AvgExecutionCyclesPerInvocation=885118
n1_i0,0,1,0,performance,false,layers.*/mlp,/model/layers.7/mlp/gate_proj/MatMul,FullyConnected,FullyConnected,fullyconnected:/model/layers.7/mlp/gate_proj/MatMul,fullyconnected:/model/layers.7/mlp/gate_proj/MatMul,fully_connected,fully_connected_gpu_bf_tiled,562,fully_connected_gpu_bf_tiled_14365863171559719675_0_0__sa,fully_connected_gpu_bf_tiled_14365863171559719675_0_0__sa,1,345,matched,aligned,true,true,true,exec_profile,gtpin_total_execution_cycles,310147004,881099,cycles,352,310147004,881099,0,0,,,0,0,0,"{""gtpin_avg_execution_cycles_per_invocation"":881099,""gtpin_invocation_count"":352,""gtpin_total_execution_cycles"":310147004}",InvocationCount=352;TotalExecutionCycles=310147004;AvgExecutionCyclesPerInvocation=881099
n1_i0,0,1,0,performance,false,layers.*/mlp,/model/layers.3/mlp/gate_proj/MatMul,FullyConnected,FullyConnected,fullyconnected:/model/layers.3/mlp/gate_proj/MatMul,fullyconnected:/model/layers.3/mlp/gate_proj/MatMul,fully_connected,fully_connected_gpu_bf_tiled,418,fully_connected_gpu_bf_tiled_14365863171559719675_0_0__sa,fully_connected_gpu_bf_tiled_14365863171559719675_0_0__sa,1,257,matched,aligned,true,true,true,exec_profile,gtpin_total_execution_cycles,304258560,864370,cycles,352,304258560,864370,0,0,,,0,0,0,"{""gtpin_avg_execution_cycles_per_invocation"":864370,""gtpin_invocation_count"":352,""gtpin_total_execution_cycles"":304258560}",InvocationCount=352;TotalExecutionCycles=304258560;AvgExecutionCyclesPerInvocation=864370
n1_i0,0,1,0,performance,false,layers.*/mlp,/model/layers.0/mlp/up_proj/MatMul,FullyConnected,FullyConnected,fullyconnected:/model/layers.0/mlp/up_proj/MatMul,fullyconnected:/model/layers.0/mlp/up_proj/MatMul,fully_connected,fully_connected_gpu_bf_tiled,309,fully_connected_gpu_bf_tiled_4980171355312677498_0_0__sa,fully_connected_gpu_bf_tiled_4980171355312677498_0_0__sa,1,190,matched,aligned,true,true,true,exec_profile,gtpin_total_execution_cycles,301743042,857224,cycles,352,301743042,857224,0,0,,,0,0,0,"{""gtpin_avg_execution_cycles_per_invocation"":857224,""gtpin_invocation_count"":352,""gtpin_total_execution_cycles"":301743042}",InvocationCount=352;TotalExecutionCycles=301743042;AvgExecutionCyclesPerInvocation=857224
n1_i0,0,1,0,performance,false,layers.*/mlp,/model/layers.4/mlp/gate_proj/MatMul,FullyConnected,FullyConnected,fullyconnected:/model/layers.4/mlp/gate_proj/MatMul,fullyconnected:/model/layers.4/mlp/gate_proj/MatMul,fully_connected,fully_connected_gpu_bf_tiled,454,fully_connected_gpu_bf_tiled_14365863171559719675_0_0__sa,fully_connected_gpu_bf_tiled_14365863171559719675_0_0__sa,1,279,matched,aligned,true,true,true,exec_profile,gtpin_total_execution_cycles,301520228,856591,cycles,352,301520228,856591,0,0,,,0,0,0,"{""gtpin_avg_execution_cycles_per_invocation"":856591,""gtpin_invocation_count"":352,""gtpin_total_execution_cycles"":301520228}",InvocationCount=352;TotalExecutionCycles=301520228;AvgExecutionCyclesPerInvocation=856591
n1_i0,0,1,0,performance,false,layers.*/mlp,/model/layers.2/mlp/up_proj/MatMul,FullyConnected,FullyConnected,fullyconnected:/model/layers.2/mlp/up_proj/MatMul,fullyconnected:/model/layers.2/mlp/up_proj/MatMul,fully_connected,fully_connected_gpu_bf_tiled,381,fully_connected_gpu_bf_tiled_4980171355312677498_0_0__sa,fully_connected_gpu_bf_tiled_4980171355312677498_0_0__sa,1,234,matched,aligned,true,true,true,exec_profile,gtpin_total_execution_cycles,286546330,814052,cycles,352,286546330,814052,0,0,,,0,0,0,"{""gtpin_avg_execution_cycles_per_invocation"":814052,""gtpin_invocation_count"":352,""gtpin_total_execution_cycles"":286546330}",InvocationCount=352;TotalExecutionCycles=286546330;AvgExecutionCyclesPerInvocation=814052
n1_i0,0,1,0,performance,false,layers.*/mlp,/model/layers.18/mlp/gate_proj/MatMul,FullyConnected,FullyConnected,fullyconnected:/model/layers.18/mlp/gate_proj/MatMul,fullyconnected:/model/layers.18/mlp/gate_proj/MatMul,fully_connected,fully_connected_gpu_bf_tiled,958,fully_connected_gpu_bf_tiled_9957149419786459120_0_0,fully_connected_gpu_bf_tiled_9957149419786459120_0_0,1,587,matched,aligned,true,true,true,exec_profile,gtpin_total_execution_cycles,167205596,950031,cycles,176,167205596,950031,0,0,,,0,0,0,"{""gtpin_avg_execution_cycles_per_invocation"":950031,""gtpin_invocation_count"":176,""gtpin_total_execution_cycles"":167205596}",InvocationCount=176;TotalExecutionCycles=167205596;AvgExecutionCyclesPerInvocation=950031
n1_i0,0,1,0,performance,false,layers.*/mlp,/model/layers.20/mlp/up_proj/MatMul,FullyConnected,FullyConnected,fullyconnected:/model/layers.20/mlp/up_proj/MatMul,fullyconnected:/model/layers.20/mlp/up_proj/MatMul,fully_connected,fully_connected_gpu_bf_tiled,1029,fully_connected_gpu_bf_tiled_2740906288179525049_0_0,fully_connected_gpu_bf_tiled_2740906288179525049_0_0,1,630,matched,aligned,true,true,true,exec_profile,gtpin_total_execution_cycles,165470570,940173,cycles,176,165470570,940173,0,0,,,0,0,0,"{""gtpin_avg_execution_cycles_per_invocation"":940173,""gtpin_invocation_count"":176,""gtpin_total_execution_cycles"":165470570}",InvocationCount=176;TotalExecutionCycles=165470570;AvgExecutionCyclesPerInvocation=940173
n1_i0,0,1,0,performance,false,layers.*/mlp,/model/layers.11/mlp/up_proj/MatMul,FullyConnected,FullyConnected,fullyconnected:/model/layers.11/mlp/up_proj/MatMul,fullyconnected:/model/layers.11/mlp/up_proj/MatMul,fully_connected,fully_connected_gpu_bf_tiled,705,fully_connected_gpu_bf_tiled_2740906288179525049_0_0,fully_connected_gpu_bf_tiled_2740906288179525049_0_0,1,432,matched,aligned,true,true,true,exec_profile,gtpin_total_execution_cycles,164778506,936241,cycles,176,164778506,936241,0,0,,,0,0,0,"{""gtpin_avg_execution_cycles_per_invocation"":936241,""gtpin_invocation_count"":176,""gtpin_total_execution_cycles"":164778506}",InvocationCount=176;TotalExecutionCycles=164778506;AvgExecutionCyclesPerInvocation=936241
n1_i0,0,1,0,performance,false,layers.*/mlp,/model/layers.21/mlp/gate_proj/MatMul,FullyConnected,FullyConnected,fullyconnected:/model/layers.21/mlp/gate_proj/MatMul,fullyconnected:/model/layers.21/mlp/gate_proj/MatMul,fully_connected,fully_connected_gpu_bf_tiled,1066,fully_connected_gpu_bf_tiled_9957149419786459120_0_0,fully_connected_gpu_bf_tiled_9957149419786459120_0_0,1,653,matched,aligned,true,true,true,exec_profile,gtpin_total_execution_cycles,160191996,910181,cycles,176,160191996,910181,0,0,,,0,0,0,"{""gtpin_avg_execution_cycles_per_invocation"":910181,""gtpin_invocation_count"":176,""gtpin_total_execution_cycles"":160191996}",InvocationCount=176;TotalExecutionCycles=160191996;AvgExecutionCyclesPerInvocation=910181
n1_i0,0,1,0,performance,false,layers.*/mlp,/model/layers.11/mlp/gate_proj/MatMul,FullyConnected,FullyConnected,fullyconnected:/model/layers.11/mlp/gate_proj/MatMul,fullyconnected:/model/layers.11/mlp/gate_proj/MatMul,fully_connected,fully_connected_gpu_bf_tiled,706,fully_connected_gpu_bf_tiled_9957149419786459120_0_0,fully_connected_gpu_bf_tiled_9957149419786459120_0_0,1,433,matched,aligned,true,true,true,exec_profile,gtpin_total_execution_cycles,154445320,877530,cycles,176,154445320,877530,0,0,,,0,0,0,"{""gtpin_avg_execution_cycles_per_invocation"":877530,""gtpin_invocation_count"":176,""gtpin_total_execution_cycles"":154445320}",InvocationCount=176;TotalExecutionCycles=154445320;AvgExecutionCyclesPerInvocation=877530
n1_i0,0,1,0,performance,false,layers.*/mlp,/model/layers.10/mlp/gate_proj/MatMul,FullyConnected,FullyConnected,fullyconnected:/model/layers.10/mlp/gate_proj/MatMul,fullyconnected:/model/layers.10/mlp/gate_proj/MatMul,fully_connected,fully_connected_gpu_bf_tiled,670,fully_connected_gpu_bf_tiled_9957149419786459120_0_0,fully_connected_gpu_bf_tiled_9957149419786459120_0_0,1,411,matched,aligned,true,true,true,exec_profile,gtpin_total_execution_cycles,144855688,823043,cycles,176,144855688,823043,0,0,,,0,0,0,"{""gtpin_avg_execution_cycles_per_invocation"":823043,""gtpin_invocation_count"":176,""gtpin_total_execution_cycles"":144855688}",InvocationCount=176;TotalExecutionCycles=144855688;AvgExecutionCyclesPerInvocation=823043
n1_i0,0,1,0,performance,false,layers.*/mlp,/model/layers.8/mlp/up_proj/MatMul,FullyConnected,FullyConnected,fullyconnected:/model/layers.8/mlp/up_proj/MatMul,fullyconnected:/model/layers.8/mlp/up_proj/MatMul,fully_connected,fully_connected_gpu_bf_tiled,597,fully_connected_gpu_bf_tiled_2740906288179525049_0_0,fully_connected_gpu_bf_tiled_2740906288179525049_0_0,1,366,matched,aligned,true,true,true,exec_profile,gtpin_total_execution_cycles,144294638,819855,cycles,176,144294638,819855,0,0,,,0,0,0,"{""gtpin_avg_execution_cycles_per_invocation"":819855,""gtpin_invocation_count"":176,""gtpin_total_execution_cycles"":144294638}",InvocationCount=176;TotalExecutionCycles=144294638;AvgExecutionCyclesPerInvocation=819855
n1_i0,0,1,0,performance,false,layers.*/mlp,/model/layers.16/mlp/gate_proj/MatMul,FullyConnected,FullyConnected,fullyconnected:/model/layers.16/mlp/gate_proj/MatMul,fullyconnected:/model/layers.16/mlp/gate_proj/MatMul,fully_connected,fully_connected_gpu_bf_tiled,886,fully_connected_gpu_bf_tiled_9957149419786459120_0_0,fully_connected_gpu_bf_tiled_9957149419786459120_0_0,1,543,matched,aligned,true,true,true,exec_profile,gtpin_total_execution_cycles,140289028,797096,cycles,176,140289028,797096,0,0,,,0,0,0,"{""gtpin_avg_execution_cycles_per_invocation"":797096,""gtpin_invocation_count"":176,""gtpin_total_execution_cycles"":140289028}",InvocationCount=176;TotalExecutionCycles=140289028;AvgExecutionCyclesPerInvocation=797096
n1_i0,0,1,0,performance,false,layers.*/mlp,/model/layers.19/mlp/gate_proj/MatMul,FullyConnected,FullyConnected,fullyconnected:/model/layers.19/mlp/gate_proj/MatMul,fullyconnected:/model/layers.19/mlp/gate_proj/MatMul,fully_connected,fully_connected_gpu_bf_tiled,994,fully_connected_gpu_bf_tiled_9957149419786459120_0_0,fully_connected_gpu_bf_tiled_9957149419786459120_0_0,1,609,matched,aligned,true,true,true,exec_profile,gtpin_total_execution_cycles,140160058,796363,cycles,176,140160058,796363,0,0,,,0,0,0,"{""gtpin_avg_execution_cycles_per_invocation"":796363,""gtpin_invocation_count"":176,""gtpin_total_execution_cycles"":140160058}",InvocationCount=176;TotalExecutionCycles=140160058;AvgExecutionCyclesPerInvocation=796363
n1_i0,0,1,0,performance,false,layers.*/mlp,/model/layers.13/mlp/gate_proj/MatMul,FullyConnected,FullyConnected,fullyconnected:/model/layers.13/mlp/gate_proj/MatMul,fullyconnected:/model/layers.13/mlp/gate_proj/MatMul,fully_connected,fully_connected_gpu_bf_tiled,778,fully_connected_gpu_bf_tiled_9957149419786459120_0_0,fully_connected_gpu_bf_tiled_9957149419786459120_0_0,1,477,matched,aligned,true,true,true,exec_profile,gtpin_total_execution_cycles,139046504,790036,cycles,176,139046504,790036,0,0,,,0,0,0,"{""gtpin_avg_execution_cycles_per_invocation"":790036,""gtpin_invocation_count"":176,""gtpin_total_execution_cycles"":139046504}",InvocationCount=176;TotalExecutionCycles=139046504;AvgExecutionCyclesPerInvocation=790036
n1_i0,0,1,0,performance,false,layers.*/mlp,/model/layers.20/mlp/gate_proj/MatMul,FullyConnected,FullyConnected,fullyconnected:/model/layers.20/mlp/gate_proj/MatMul,fullyconnected:/model/layers.20/mlp/gate_proj/MatMul,fully_connected,fully_connected_gpu_bf_tiled,1030,fully_connected_gpu_bf_tiled_9957149419786459120_0_0,fully_connected_gpu_bf_tiled_9957149419786459120_0_0,1,631,matched,aligned,true,true,true,exec_profile,gtpin_total_execution_cycles,138819218,788745,cycles,176,138819218,788745,0,0,,,0,0,0,"{""gtpin_avg_execution_cycles_per_invocation"":788745,""gtpin_invocation_count"":176,""gtpin_total_execution_cycles"":138819218}",InvocationCount=176;TotalExecutionCycles=138819218;AvgExecutionCyclesPerInvocation=788745
n1_i0,0,1,0,performance,false,layers.*/mlp,/model/layers.18/mlp/up_proj/MatMul,FullyConnected,FullyConnected,fullyconnected:/model/layers.18/mlp/up_proj/MatMul,fullyconnected:/model/layers.18/mlp/up_proj/MatMul,fully_connected,fully_connected_gpu_bf_tiled,957,fully_connected_gpu_bf_tiled_2740906288179525049_0_0,fully_connected_gpu_bf_tiled_2740906288179525049_0_0,1,586,matched,aligned,true,true,true,exec_profile,gtpin_total_execution_cycles,138343142,786040,cycles,176,138343142,786040,0,0,,,0,0,0,"{""gtpin_avg_execution_cycles_per_invocation"":786040,""gtpin_invocation_count"":176,""gtpin_total_execution_cycles"":138343142}",InvocationCount=176;TotalExecutionCycles=138343142;AvgExecutionCyclesPerInvocation=786040
n1_i0,0,1,0,performance,false,layers.*/mlp,/model/layers.14/mlp/gate_proj/MatMul,FullyConnected,FullyConnected,fullyconnected:/model/layers.14/mlp/gate_proj/MatMul,fullyconnected:/model/layers.14/mlp/gate_proj/MatMul,fully_connected,fully_connected_gpu_bf_tiled,814,fully_connected_gpu_bf_tiled_9957149419786459120_0_0,fully_connected_gpu_bf_tiled_9957149419786459120_0_0,1,499,matched,aligned,true,true,true,exec_profile,gtpin_total_execution_cycles,137632856,782004,cycles,176,137632856,782004,0,0,,,0,0,0,"{""gtpin_avg_execution_cycles_per_invocation"":782004,""gtpin_invocation_count"":176,""gtpin_total_execution_cycles"":137632856}",InvocationCount=176;TotalExecutionCycles=137632856;AvgExecutionCyclesPerInvocation=782004
n1_i0,0,1,0,performance,false,layers.*/mlp,/model/layers.10/mlp/up_proj/MatMul,FullyConnected,FullyConnected,fullyconnected:/model/layers.10/mlp/up_proj/MatMul,fullyconnected:/model/layers.10/mlp/up_proj/MatMul,fully_connected,fully_connected_gpu_bf_tiled,669,fully_connected_gpu_bf_tiled_2740906288179525049_0_0,fully_connected_gpu_bf_tiled_2740906288179525049_0_0,1,410,matched,aligned,true,true,true,exec_profile,gtpin_total_execution_cycles,136684136,776614,cycles,176,136684136,776614,0,0,,,0,0,0,"{""gtpin_avg_execution_cycles_per_invocation"":776614,""gtpin_invocation_count"":176,""gtpin_total_execution_cycles"":136684136}",InvocationCount=176;TotalExecutionCycles=136684136;AvgExecutionCyclesPerInvocation=776614
n1_i0,0,1,0,performance,false,layers.*/mlp,/model/layers.12/mlp/gate_proj/MatMul,FullyConnected,FullyConnected,fullyconnected:/model/layers.12/mlp/gate_proj/MatMul,fullyconnected:/model/layers.12/mlp/gate_proj/MatMul,fully_connected,fully_connected_gpu_bf_tiled,742,fully_connected_gpu_bf_tiled_9957149419786459120_0_0,fully_connected_gpu_bf_tiled_9957149419786459120_0_0,1,455,matched,aligned,true,true,true,exec_profile,gtpin_total_execution_cycles,135128680,767776,cycles,176,135128680,767776,0,0,,,0,0,0,"{""gtpin_avg_execution_cycles_per_invocation"":767776,""gtpin_invocation_count"":176,""gtpin_total_execution_cycles"":135128680}",InvocationCount=176;TotalExecutionCycles=135128680;AvgExecutionCyclesPerInvocation=767776
n1_i0,0,1,0,performance,false,layers.*/mlp,/model/layers.16/mlp/up_proj/MatMul,FullyConnected,FullyConnected,fullyconnected:/model/layers.16/mlp/up_proj/MatMul,fullyconnected:/model/layers.16/mlp/up_proj/MatMul,fully_connected,fully_connected_gpu_bf_tiled,885,fully_connected_gpu_bf_tiled_2740906288179525049_0_0,fully_connected_gpu_bf_tiled_2740906288179525049_0_0,1,542,matched,aligned,true,true,true,exec_profile,gtpin_total_execution_cycles,134603166,764790,cycles,176,134603166,764790,0,0,,,0,0,0,"{""gtpin_avg_execution_cycles_per_invocation"":764790,""gtpin_invocation_count"":176,""gtpin_total_execution_cycles"":134603166}",InvocationCount=176;TotalExecutionCycles=134603166;AvgExecutionCyclesPerInvocation=764790
n1_i0,0,1,0,performance,false,layers.*/mlp,/model/layers.12/mlp/up_proj/MatMul,FullyConnected,FullyConnected,fullyconnected:/model/layers.12/mlp/up_proj/MatMul,fullyconnected:/model/layers.12/mlp/up_proj/MatMul,fully_connected,fully_connected_gpu_bf_tiled,741,fully_connected_gpu_bf_tiled_2740906288179525049_0_0,fully_connected_gpu_bf_tiled_2740906288179525049_0_0,1,454,matched,aligned,true,true,true,exec_profile,gtpin_total_execution_cycles,131457352,746916,cycles,176,131457352,746916,0,0,,,0,0,0,"{""gtpin_avg_execution_cycles_per_invocation"":746916,""gtpin_invocation_count"":176,""gtpin_total_execution_cycles"":131457352}",InvocationCount=176;TotalExecutionCycles=131457352;AvgExecutionCyclesPerInvocation=746916
n1_i0,0,1,0,performance,false,layers.*/mlp,/model/layers.15/mlp/gate_proj/MatMul,FullyConnected,FullyConnected,fullyconnected:/model/layers.15/mlp/gate_proj/MatMul,fullyconnected:/model/layers.15/mlp/gate_proj/MatMul,fully_connected,fully_connected_gpu_bf_tiled,850,fully_connected_gpu_bf_tiled_9957149419786459120_0_0,fully_connected_gpu_bf_tiled_9957149419786459120_0_0,1,521,matched,aligned,true,true,true,exec_profile,gtpin_total_execution_cycles,130039562,738861,cycles,176,130039562,738861,0,0,,,0,0,0,"{""gtpin_avg_execution_cycles_per_invocation"":738861,""gtpin_invocation_count"":176,""gtpin_total_execution_cycles"":130039562}",InvocationCount=176;TotalExecutionCycles=130039562;AvgExecutionCyclesPerInvocation=738861
n1_i0,0,1,0,performance,false,layers.*/mlp,/model/layers.19/mlp/up_proj/MatMul,FullyConnected,FullyConnected,fullyconnected:/model/layers.19/mlp/up_proj/MatMul,fullyconnected:/model/layers.19/mlp/up_proj/MatMul,fully_connected,fully_connected_gpu_bf_tiled,993,fully_connected_gpu_bf_tiled_2740906288179525049_0_0,fully_connected_gpu_bf_tiled_2740906288179525049_0_0,1,608,matched,aligned,true,true,true,exec_profile,gtpin_total_execution_cycles,129424206,735364,cycles,176,129424206,735364,0,0,,,0,0,0,"{""gtpin_avg_execution_cycles_per_invocation"":735364,""gtpin_invocation_count"":176,""gtpin_total_execution_cycles"":129424206}",InvocationCount=176;TotalExecutionCycles=129424206;AvgExecutionCyclesPerInvocation=735364
n1_i0,0,1,0,performance,false,layers.*/mlp,/model/layers.9/mlp/up_proj/MatMul,FullyConnected,FullyConnected,fullyconnected:/model/layers.9/mlp/up_proj/MatMul,fullyconnected:/model/layers.9/mlp/up_proj/MatMul,fully_connected,fully_connected_gpu_bf_tiled,633,fully_connected_gpu_bf_tiled_2740906288179525049_0_0,fully_connected_gpu_bf_tiled_2740906288179525049_0_0,1,388,matched,aligned,true,true,true,exec_profile,gtpin_total_execution_cycles,125618672,713742,cycles,176,125618672,713742,0,0,,,0,0,0,"{""gtpin_avg_execution_cycles_per_invocation"":713742,""gtpin_invocation_count"":176,""gtpin_total_execution_cycles"":125618672}",InvocationCount=176;TotalExecutionCycles=125618672;AvgExecutionCyclesPerInvocation=713742
n1_i0,0,1,0,performance,false,layers.*/mlp,/model/layers.17/mlp/up_proj/MatMul,FullyConnected,FullyConnected,fullyconnected:/model/layers.17/mlp/up_proj/MatMul,fullyconnected:/model/layers.17/mlp/up_proj/MatMul,fully_connected,fully_connected_gpu_bf_tiled,921,fully_connected_gpu_bf_tiled_2740906288179525049_0_0,fully_connected_gpu_bf_tiled_2740906288179525049_0_0,1,564,matched,aligned,true,true,true,exec_profile,gtpin_total_execution_cycles,125069896,710624,cycles,176,125069896,710624,0,0,,,0,0,0,"{""gtpin_avg_execution_cycles_per_invocation"":710624,""gtpin_invocation_count"":176,""gtpin_total_execution_cycles"":125069896}",InvocationCount=176;TotalExecutionCycles=125069896;AvgExecutionCyclesPerInvocation=710624
n1_i0,0,1,0,performance,false,layers.*/mlp,/model/layers.6/mlp/down_proj/MatMul,FullyConnected,FullyConnected,fullyconnected:/model/layers.6/mlp/down_proj/MatMul,fullyconnected:/model/layers.6/mlp/down_proj/MatMul,fully_connected,fully_connected_gpu_bf_tiled,527,fully_connected_gpu_bf_tiled_10430619451061347312_0_0__sa,fully_connected_gpu_bf_tiled_10430619451061347312_0_0__sa,1,324,matched,aligned,true,true,true,exec_profile,gtpin_total_execution_cycles,124820192,975157,cycles,128,124820192,975157,0,0,,,0,0,0,"{""gtpin_avg_execution_cycles_per_invocation"":975157,""gtpin_invocation_count"":128,""gtpin_total_execution_cycles"":124820192}",InvocationCount=128;TotalExecutionCycles=124820192;AvgExecutionCyclesPerInvocation=975157
n1_i0,0,1,0,performance,false,layers.*/mlp,/model/layers.17/mlp/gate_proj/MatMul,FullyConnected,FullyConnected,fullyconnected:/model/layers.17/mlp/gate_proj/MatMul,fullyconnected:/model/layers.17/mlp/gate_proj/MatMul,fully_connected,fully_connected_gpu_bf_tiled,922,fully_connected_gpu_bf_tiled_9957149419786459120_0_0,fully_connected_gpu_bf_tiled_9957149419786459120_0_0,1,565,matched,aligned,true,true,true,exec_profile,gtpin_total_execution_cycles,123248244,700274,cycles,176,123248244,700274,0,0,,,0,0,0,"{""gtpin_avg_execution_cycles_per_invocation"":700274,""gtpin_invocation_count"":176,""gtpin_total_execution_cycles"":123248244}",InvocationCount=176;TotalExecutionCycles=123248244;AvgExecutionCyclesPerInvocation=700274
n1_i0,0,1,0,performance,false,layers.*/mlp,/model/layers.15/mlp/up_proj/MatMul,FullyConnected,FullyConnected,fullyconnected:/model/layers.15/mlp/up_proj/MatMul,fullyconnected:/model/layers.15/mlp/up_proj/MatMul,fully_connected,fully_connected_gpu_bf_tiled,849,fully_connected_gpu_bf_tiled_2740906288179525049_0_0,fully_connected_gpu_bf_tiled_2740906288179525049_0_0,1,520,matched,aligned,true,true,true,exec_profile,gtpin_total_execution_cycles,122730498,697332,cycles,176,122730498,697332,0,0,,,0,0,0,"{""gtpin_avg_execution_cycles_per_invocation"":697332,""gtpin_invocation_count"":176,""gtpin_total_execution_cycles"":122730498}",InvocationCount=176;TotalExecutionCycles=122730498;AvgExecutionCyclesPerInvocation=697332
n1_i0,0,1,0,performance,false,layers.*/mlp,/model/layers.5/mlp/down_proj/MatMul,FullyConnected,FullyConnected,fullyconnected:/model/layers.5/mlp/down_proj/MatMul,fullyconnected:/model/layers.5/mlp/down_proj/MatMul,fully_connected,fully_connected_gpu_bf_tiled,491,fully_connected_gpu_bf_tiled_10430619451061347312_0_0__sa,fully_connected_gpu_bf_tiled_10430619451061347312_0_0__sa,1,302,matched,aligned,true,true,true,exec_profile,gtpin_total_execution_cycles,120911882,944624,cycles,128,120911882,944624,0,0,,,0,0,0,"{""gtpin_avg_execution_cycles_per_invocation"":944624,""gtpin_invocation_count"":128,""gtpin_total_execution_cycles"":120911882}",InvocationCount=128;TotalExecutionCycles=120911882;AvgExecutionCyclesPerInvocation=944624
n1_i0,0,1,0,performance,false,layers.*/mlp,/model/layers.14/mlp/up_proj/MatMul,FullyConnected,FullyConnected,fullyconnected:/model/layers.14/mlp/up_proj/MatMul,fullyconnected:/model/layers.14/mlp/up_proj/MatMul,fully_connected,fully_connected_gpu_bf_tiled,813,fully_connected_gpu_bf_tiled_2740906288179525049_0_0,fully_connected_gpu_bf_tiled_2740906288179525049_0_0,1,498,matched,aligned,true,true,true,exec_profile,gtpin_total_execution_cycles,119278436,677718,cycles,176,119278436,677718,0,0,,,0,0,0,"{""gtpin_avg_execution_cycles_per_invocation"":677718,""gtpin_invocation_count"":176,""gtpin_total_execution_cycles"":119278436}",InvocationCount=176;TotalExecutionCycles=119278436;AvgExecutionCyclesPerInvocation=677718
n1_i0,0,1,0,performance,false,layers.*/mlp,/model/layers.8/mlp/down_proj/MatMul,FullyConnected,FullyConnected,fullyconnected:/model/layers.8/mlp/down_proj/MatMul,fullyconnected:/model/layers.8/mlp/down_proj/MatMul,fully_connected,fully_connected_gpu_bf_tiled,599,fully_connected_gpu_bf_tiled_10430619451061347312_0_0__sa,fully_connected_gpu_bf_tiled_10430619451061347312_0_0__sa,1,368,matched,aligned,true,true,true,exec_profile,gtpin_total_execution_cycles,118418748,925146,cycles,128,118418748,925146,0,0,,,0,0,0,"{""gtpin_avg_execution_cycles_per_invocation"":925146,""gtpin_invocation_count"":128,""gtpin_total_execution_cycles"":118418748}",InvocationCount=128;TotalExecutionCycles=118418748;AvgExecutionCyclesPerInvocation=925146
n1_i0,0,1,0,performance,false,layers.*/mlp,/model/layers.21/mlp/up_proj/MatMul,FullyConnected,FullyConnected,fullyconnected:/model/layers.21/mlp/up_proj/MatMul,fullyconnected:/model/layers.21/mlp/up_proj/MatMul,fully_connected,fully_connected_gpu_bf_tiled,1065,fully_connected_gpu_bf_tiled_2740906288179525049_0_0,fully_connected_gpu_bf_tiled_2740906288179525049_0_0,1,652,matched,aligned,true,true,true,exec_profile,gtpin_total_execution_cycles,115053014,653710,cycles,176,115053014,653710,0,0,,,0,0,0,"{""gtpin_avg_execution_cycles_per_invocation"":653710,""gtpin_invocation_count"":176,""gtpin_total_execution_cycles"":115053014}",InvocationCount=176;TotalExecutionCycles=115053014;AvgExecutionCyclesPerInvocation=653710
n1_i0,0,1,0,performance,false,layers.*/mlp,/model/layers.0/mlp/down_proj/MatMul,FullyConnected,FullyConnected,fullyconnected:/model/layers.0/mlp/down_proj/MatMul,fullyconnected:/model/layers.0/mlp/down_proj/MatMul,fully_connected,fully_connected_gpu_bf_tiled,311,fully_connected_gpu_bf_tiled_10430619451061347312_0_0__sa,fully_connected_gpu_bf_tiled_10430619451061347312_0_0__sa,1,192,matched,aligned,true,true,true,exec_profile,gtpin_total_execution_cycles,113777904,888889,cycles,128,113777904,888889,0,0,,,0,0,0,"{""gtpin_avg_execution_cycles_per_invocation"":888889,""gtpin_invocation_count"":128,""gtpin_total_execution_cycles"":113777904}",InvocationCount=128;TotalExecutionCycles=113777904;AvgExecutionCyclesPerInvocation=888889
n1_i0,0,1,0,performance,false,layers.*/mlp,/model/layers.1/mlp/down_proj/MatMul,FullyConnected,FullyConnected,fullyconnected:/model/layers.1/mlp/down_proj/MatMul,fullyconnected:/model/layers.1/mlp/down_proj/MatMul,fully_connected,fully_connected_gpu_bf_tiled,347,fully_connected_gpu_bf_tiled_10430619451061347312_0_0__sa,fully_connected_gpu_bf_tiled_10430619451061347312_0_0__sa,1,214,matched,aligned,true,true,true,exec_profile,gtpin_total_execution_cycles,110057130,859821,cycles,128,110057130,859821,0,0,,,0,0,0,"{""gtpin_avg_execution_cycles_per_invocation"":859821,""gtpin_invocation_count"":128,""gtpin_total_execution_cycles"":110057130}",InvocationCount=128;TotalExecutionCycles=110057130;AvgExecutionCyclesPerInvocation=859821
n1_i0,0,1,0,performance,false,layers.*/mlp,/model/layers.7/mlp/down_proj/MatMul,FullyConnected,FullyConnected,fullyconnected:/model/layers.7/mlp/down_proj/MatMul,fullyconnected:/model/layers.7/mlp/down_proj/MatMul,fully_connected,fully_connected_gpu_bf_tiled,563,fully_connected_gpu_bf_tiled_10430619451061347312_0_0__sa,fully_connected_gpu_bf_tiled_10430619451061347312_0_0__sa,1,346,matched,aligned,true,true,true,exec_profile,gtpin_total_execution_cycles,109977894,859202,cycles,128,109977894,859202,0,0,,,0,0,0,"{""gtpin_avg_execution_cycles_per_invocation"":859202,""gtpin_invocation_count"":128,""gtpin_total_execution_cycles"":109977894}",InvocationCount=128;TotalExecutionCycles=109977894;AvgExecutionCyclesPerInvocation=859202
n1_i0,0,1,0,performance,false,layers.*/mlp,/model/layers.9/mlp/down_proj/MatMul,FullyConnected,FullyConnected,fullyconnected:/model/layers.9/mlp/down_proj/MatMul,fullyconnected:/model/layers.9/mlp/down_proj/MatMul,fully_connected,fully_connected_gpu_bf_tiled,635,fully_connected_gpu_bf_tiled_10430619451061347312_0_0__sa,fully_connected_gpu_bf_tiled_10430619451061347312_0_0__sa,1,390,matched,aligned,true,true,true,exec_profile,gtpin_total_execution_cycles,109479326,855307,cycles,128,109479326,855307,0,0,,,0,0,0,"{""gtpin_avg_execution_cycles_per_invocation"":855307,""gtpin_invocation_count"":128,""gtpin_total_execution_cycles"":109479326}",InvocationCount=128;TotalExecutionCycles=109479326;AvgExecutionCyclesPerInvocation=855307
n1_i0,0,1,0,performance,false,layers.*/mlp,/model/layers.10/mlp/down_proj/MatMul,FullyConnected,FullyConnected,fullyconnected:/model/layers.10/mlp/down_proj/MatMul,fullyconnected:/model/layers.10/mlp/down_proj/MatMul,fully_connected,fully_connected_gpu_bf_tiled,671,fully_connected_gpu_bf_tiled_10430619451061347312_0_0__sa,fully_connected_gpu_bf_tiled_10430619451061347312_0_0__sa,1,412,matched,aligned,true,true,true,exec_profile,gtpin_total_execution_cycles,108927702,850997,cycles,128,108927702,850997,0,0,,,0,0,0,"{""gtpin_avg_execution_cycles_per_invocation"":850997,""gtpin_invocation_count"":128,""gtpin_total_execution_cycles"":108927702}",InvocationCount=128;TotalExecutionCycles=108927702;AvgExecutionCyclesPerInvocation=850997
n1_i0,0,1,0,performance,false,layers.*/mlp,/model/layers.13/mlp/up_proj/MatMul,FullyConnected,FullyConnected,fullyconnected:/model/layers.13/mlp/up_proj/MatMul,fullyconnected:/model/layers.13/mlp/up_proj/MatMul,fully_connected,fully_connected_gpu_bf_tiled,777,fully_connected_gpu_bf_tiled_2740906288179525049_0_0,fully_connected_gpu_bf_tiled_2740906288179525049_0_0,1,476,matched,aligned,true,true,true,exec_profile,gtpin_total_execution_cycles,108056280,613956,cycles,176,108056280,613956,0,0,,,0,0,0,"{""gtpin_avg_execution_cycles_per_invocation"":613956,""gtpin_invocation_count"":176,""gtpin_total_execution_cycles"":108056280}",InvocationCount=176;TotalExecutionCycles=108056280;AvgExecutionCyclesPerInvocation=613956
n1_i0,0,1,0,performance,false,layers.*/mlp,/model/layers.2/mlp/down_proj/MatMul,FullyConnected,FullyConnected,fullyconnected:/model/layers.2/mlp/down_proj/MatMul,fullyconnected:/model/layers.2/mlp/down_proj/MatMul,fully_connected,fully_connected_gpu_bf_tiled,383,fully_connected_gpu_bf_tiled_10430619451061347312_0_0__sa,fully_connected_gpu_bf_tiled_10430619451061347312_0_0__sa,1,236,matched,aligned,true,true,true,exec_profile,gtpin_total_execution_cycles,107231070,837742,cycles,128,107231070,837742,0,0,,,0,0,0,"{""gtpin_avg_execution_cycles_per_invocation"":837742,""gtpin_invocation_count"":128,""gtpin_total_execution_cycles"":107231070}",InvocationCount=128;TotalExecutionCycles=107231070;AvgExecutionCyclesPerInvocation=837742
n1_i0,0,1,0,performance,false,layers.*/mlp,/model/layers.4/mlp/down_proj/MatMul,FullyConnected,FullyConnected,fullyconnected:/model/layers.4/mlp/down_proj/MatMul,fullyconnected:/model/layers.4/mlp/down_proj/MatMul,fully_connected,fully_connected_gpu_bf_tiled,455,fully_connected_gpu_bf_tiled_10430619451061347312_0_0__sa,fully_connected_gpu_bf_tiled_10430619451061347312_0_0__sa,1,280,matched,aligned,true,true,true,exec_profile,gtpin_total_execution_cycles,106783964,834249,cycles,128,106783964,834249,0,0,,,0,0,0,"{""gtpin_avg_execution_cycles_per_invocation"":834249,""gtpin_invocation_count"":128,""gtpin_total_execution_cycles"":106783964}",InvocationCount=128;TotalExecutionCycles=106783964;AvgExecutionCyclesPerInvocation=834249
n1_i0,0,1,0,performance,false,layers.*/mlp,/model/layers.3/mlp/down_proj/MatMul,FullyConnected,FullyConnected,fullyconnected:/model/layers.3/mlp/down_proj/MatMul,fullyconnected:/model/layers.3/mlp/down_proj/MatMul,fully_connected,fully_connected_gpu_bf_tiled,419,fully_connected_gpu_bf_tiled_10430619451061347312_0_0__sa,fully_connected_gpu_bf_tiled_10430619451061347312_0_0__sa,1,258,matched,aligned,true,true,true,exec_profile,gtpin_total_execution_cycles,105082842,820959,cycles,128,105082842,820959,0,0,,,0,0,0,"{""gtpin_avg_execution_cycles_per_invocation"":820959,""gtpin_invocation_count"":128,""gtpin_total_execution_cycles"":105082842}",InvocationCount=128;TotalExecutionCycles=105082842;AvgExecutionCyclesPerInvocation=820959
n1_i0,0,1,0,performance,false,layers.*/mlp,/model/layers.20/mlp/down_proj/MatMul,FullyConnected,FullyConnected,fullyconnected:/model/layers.20/mlp/down_proj/MatMul,fullyconnected:/model/layers.20/mlp/down_proj/MatMul,fully_connected,fully_connected_gpu_bf_tiled,1031,fully_connected_gpu_bf_tiled_2727911967636154657_0_0,fully_connected_gpu_bf_tiled_2727911967636154657_0_0,1,632,matched,aligned,true,true,true,exec_profile,gtpin_total_execution_cycles,85706214,1339159,cycles,64,85706214,1339159,0,0,,,0,0,0,"{""gtpin_avg_execution_cycles_per_invocation"":1339159,""gtpin_invocation_count"":64,""gtpin_total_execution_cycles"":85706214}",InvocationCount=64;TotalExecutionCycles=85706214;AvgExecutionCyclesPerInvocation=1339159
n1_i0,0,1,0,performance,false,layers.*/mlp,/model/layers.21/mlp/down_proj/MatMul,FullyConnected,FullyConnected,fullyconnected:/model/layers.21/mlp/down_proj/MatMul,fullyconnected:/model/layers.21/mlp/down_proj/MatMul,fully_connected,fully_connected_gpu_bf_tiled,1067,fully_connected_gpu_bf_tiled_2727911967636154657_0_0,fully_connected_gpu_bf_tiled_2727911967636154657_0_0,1,654,matched,aligned,true,true,true,exec_profile,gtpin_total_execution_cycles,84963368,1327552,cycles,64,84963368,1327552,0,0,,,0,0,0,"{""gtpin_avg_execution_cycles_per_invocation"":1327552,""gtpin_invocation_count"":64,""gtpin_total_execution_cycles"":84963368}",InvocationCount=64;TotalExecutionCycles=84963368;AvgExecutionCyclesPerInvocation=1327552
n1_i0,0,1,0,performance,false,layers.*/mlp,/model/layers.11/mlp/down_proj/MatMul,FullyConnected,FullyConnected,fullyconnected:/model/layers.11/mlp/down_proj/MatMul,fullyconnected:/model/layers.11/mlp/down_proj/MatMul,fully_connected,fully_connected_gpu_bf_tiled,707,fully_connected_gpu_bf_tiled_2727911967636154657_0_0,fully_connected_gpu_bf_tiled_2727911967636154657_0_0,1,434,matched,aligned,true,true,true,exec_profile,gtpin_total_execution_cycles,83341160,1302205,cycles,64,83341160,1302205,0,0,,,0,0,0,"{""gtpin_avg_execution_cycles_per_invocation"":1302205,""gtpin_invocation_count"":64,""gtpin_total_execution_cycles"":83341160}",InvocationCount=64;TotalExecutionCycles=83341160;AvgExecutionCyclesPerInvocation=1302205
n1_i0,0,1,0,performance,false,layers.*/mlp,/model/layers.13/mlp/down_proj/MatMul,FullyConnected,FullyConnected,fullyconnected:/model/layers.13/mlp/down_proj/MatMul,fullyconnected:/model/layers.13/mlp/down_proj/MatMul,fully_connected,fully_connected_gpu_bf_tiled,779,fully_connected_gpu_bf_tiled_2727911967636154657_0_0,fully_connected_gpu_bf_tiled_2727911967636154657_0_0,1,478,matched,aligned,true,true,true,exec_profile,gtpin_total_execution_cycles,82413858,1287716,cycles,64,82413858,1287716,0,0,,,0,0,0,"{""gtpin_avg_execution_cycles_per_invocation"":1287716,""gtpin_invocation_count"":64,""gtpin_total_execution_cycles"":82413858}",InvocationCount=64;TotalExecutionCycles=82413858;AvgExecutionCyclesPerInvocation=1287716
n1_i0,0,1,0,performance,false,layers.*/mlp,/model/layers.18/mlp/down_proj/MatMul,FullyConnected,FullyConnected,fullyconnected:/model/layers.18/mlp/down_proj/MatMul,fullyconnected:/model/layers.18/mlp/down_proj/MatMul,fully_connected,fully_connected_gpu_bf_tiled,959,fully_connected_gpu_bf_tiled_2727911967636154657_0_0,fully_connected_gpu_bf_tiled_2727911967636154657_0_0,1,588,matched,aligned,true,true,true,exec_profile,gtpin_total_execution_cycles,82157096,1283704,cycles,64,82157096,1283704,0,0,,,0,0,0,"{""gtpin_avg_execution_cycles_per_invocation"":1283704,""gtpin_invocation_count"":64,""gtpin_total_execution_cycles"":82157096}",InvocationCount=64;TotalExecutionCycles=82157096;AvgExecutionCyclesPerInvocation=1283704
n1_i0,0,1,0,performance,false,layers.*/mlp,/model/layers.16/mlp/down_proj/MatMul,FullyConnected,FullyConnected,fullyconnected:/model/layers.16/mlp/down_proj/MatMul,fullyconnected:/model/layers.16/mlp/down_proj/MatMul,fully_connected,fully_connected_gpu_bf_tiled,887,fully_connected_gpu_bf_tiled_2727911967636154657_0_0,fully_connected_gpu_bf_tiled_2727911967636154657_0_0,1,544,matched,aligned,true,true,true,exec_profile,gtpin_total_execution_cycles,81851534,1278930,cycles,64,81851534,1278930,0,0,,,0,0,0,"{""gtpin_avg_execution_cycles_per_invocation"":1278930,""gtpin_invocation_count"":64,""gtpin_total_execution_cycles"":81851534}",InvocationCount=64;TotalExecutionCycles=81851534;AvgExecutionCyclesPerInvocation=1278930
n1_i0,0,1,0,performance,false,layers.*/mlp,/model/layers.12/mlp/down_proj/MatMul,FullyConnected,FullyConnected,fullyconnected:/model/layers.12/mlp/down_proj/MatMul,fullyconnected:/model/layers.12/mlp/down_proj/MatMul,fully_connected,fully_connected_gpu_bf_tiled,743,fully_connected_gpu_bf_tiled_2727911967636154657_0_0,fully_connected_gpu_bf_tiled_2727911967636154657_0_0,1,456,matched,aligned,true,true,true,exec_profile,gtpin_total_execution_cycles,80069288,1251082,cycles,64,80069288,1251082,0,0,,,0,0,0,"{""gtpin_avg_execution_cycles_per_invocation"":1251082,""gtpin_invocation_count"":64,""gtpin_total_execution_cycles"":80069288}",InvocationCount=64;TotalExecutionCycles=80069288;AvgExecutionCyclesPerInvocation=1251082
n1_i0,0,1,0,performance,false,layers.*/mlp,/model/layers.17/mlp/down_proj/MatMul,FullyConnected,FullyConnected,fullyconnected:/model/layers.17/mlp/down_proj/MatMul,fullyconnected:/model/layers.17/mlp/down_proj/MatMul,fully_connected,fully_connected_gpu_bf_tiled,923,fully_connected_gpu_bf_tiled_2727911967636154657_0_0,fully_connected_gpu_bf_tiled_2727911967636154657_0_0,1,566,matched,aligned,true,true,true,exec_profile,gtpin_total_execution_cycles,79714630,1245541,cycles,64,79714630,1245541,0,0,,,0,0,0,"{""gtpin_avg_execution_cycles_per_invocation"":1245541,""gtpin_invocation_count"":64,""gtpin_total_execution_cycles"":79714630}",InvocationCount=64;TotalExecutionCycles=79714630;AvgExecutionCyclesPerInvocation=1245541
n1_i0,0,1,0,performance,false,layers.*/mlp,/model/layers.14/mlp/down_proj/MatMul,FullyConnected,FullyConnected,fullyconnected:/model/layers.14/mlp/down_proj/MatMul,fullyconnected:/model/layers.14/mlp/down_proj/MatMul,fully_connected,fully_connected_gpu_bf_tiled,815,fully_connected_gpu_bf_tiled_2727911967636154657_0_0,fully_connected_gpu_bf_tiled_2727911967636154657_0_0,1,500,matched,aligned,true,true,true,exec_profile,gtpin_total_execution_cycles,79171918,1237061,cycles,64,79171918,1237061,0,0,,,0,0,0,"{""gtpin_avg_execution_cycles_per_invocation"":1237061,""gtpin_invocation_count"":64,""gtpin_total_execution_cycles"":79171918}",InvocationCount=64;TotalExecutionCycles=79171918;AvgExecutionCyclesPerInvocation=1237061
n1_i0,0,1,0,performance,false,layers.*/mlp,/model/layers.19/mlp/down_proj/MatMul,FullyConnected,FullyConnected,fullyconnected:/model/layers.19/mlp/down_proj/MatMul,fullyconnected:/model/layers.19/mlp/down_proj/MatMul,fully_connected,fully_connected_gpu_bf_tiled,995,fully_connected_gpu_bf_tiled_2727911967636154657_0_0,fully_connected_gpu_bf_tiled_2727911967636154657_0_0,1,610,matched,aligned,true,true,true,exec_profile,gtpin_total_execution_cycles,78960468,1233757,cycles,64,78960468,1233757,0,0,,,0,0,0,"{""gtpin_avg_execution_cycles_per_invocation"":1233757,""gtpin_invocation_count"":64,""gtpin_total_execution_cycles"":78960468}",InvocationCount=64;TotalExecutionCycles=78960468;AvgExecutionCyclesPerInvocation=1233757
n1_i0,0,1,0,performance,false,layers.*/mlp,/model/layers.15/mlp/down_proj/MatMul,FullyConnected,FullyConnected,fullyconnected:/model/layers.15/mlp/down_proj/MatMul,fullyconnected:/model/layers.15/mlp/down_proj/MatMul,fully_connected,fully_connected_gpu_bf_tiled,851,fully_connected_gpu_bf_tiled_2727911967636154657_0_0,fully_connected_gpu_bf_tiled_2727911967636154657_0_0,1,522,matched,aligned,true,true,true,exec_profile,gtpin_total_execution_cycles,76796824,1199950,cycles,64,76796824,1199950,0,0,,,0,0,0,"{""gtpin_avg_execution_cycles_per_invocation"":1199950,""gtpin_invocation_count"":64,""gtpin_total_execution_cycles"":76796824}",InvocationCount=64;TotalExecutionCycles=76796824;AvgExecutionCyclesPerInvocation=1199950
n1_i0,0,1,0,performance,false,layers.*/self_attn,/model/layers.5/self_attn/o_proj/MatMul,FullyConnected,FullyConnected,fullyconnected:/model/layers.5/self_attn/o_proj/MatMul,fullyconnected:/model/layers.5/self_attn/o_proj/MatMul,fully_connected,fully_connected_gpu_bf_tiled,487,fully_connected_gpu_bf_tiled_13040139110703718313_0_0__sa,fully_connected_gpu_bf_tiled_13040139110703718313_0_0__sa,1,298,matched,aligned,true,true,true,exec_profile,gtpin_total_execution_cycles,45522834,355647,cycles,128,45522834,355647,0,0,,,0,0,0,"{""gtpin_avg_execution_cycles_per_invocation"":355647,""gtpin_invocation_count"":128,""gtpin_total_execution_cycles"":45522834}",InvocationCount=128;TotalExecutionCycles=45522834;AvgExecutionCyclesPerInvocation=355647
n1_i0,0,1,0,performance,false,layers.*/self_attn,/model/layers.4/self_attn/o_proj/MatMul,FullyConnected,FullyConnected,fullyconnected:/model/layers.4/self_attn/o_proj/MatMul,fullyconnected:/model/layers.4/self_attn/o_proj/MatMul,fully_connected,fully_connected_gpu_bf_tiled,451,fully_connected_gpu_bf_tiled_13040139110703718313_0_0__sa,fully_connected_gpu_bf_tiled_13040139110703718313_0_0__sa,1,276,matched,aligned,true,true,true,exec_profile,gtpin_total_execution_cycles,44230216,345548,cycles,128,44230216,345548,0,0,,,0,0,0,"{""gtpin_avg_execution_cycles_per_invocation"":345548,""gtpin_invocation_count"":128,""gtpin_total_execution_cycles"":44230216}",InvocationCount=128;TotalExecutionCycles=44230216;AvgExecutionCyclesPerInvocation=345548
n1_i0,0,1,0,performance,false,layers.*/self_attn,/model/layers.1/self_attn/o_proj/MatMul,FullyConnected,FullyConnected,fullyconnected:/model/layers.1/self_attn/o_proj/MatMul,fullyconnected:/model/layers.1/self_attn/o_proj/MatMul,fully_connected,fully_connected_gpu_bf_tiled,343,fully_connected_gpu_bf_tiled_13040139110703718313_0_0__sa,fully_connected_gpu_bf_tiled_13040139110703718313_0_0__sa,1,210,matched,aligned,true,true,true,exec_profile,gtpin_total_execution_cycles,43768164,341938,cycles,128,43768164,341938,0,0,,,0,0,0,"{""gtpin_avg_execution_cycles_per_invocation"":341938,""gtpin_invocation_count"":128,""gtpin_total_execution_cycles"":43768164}",InvocationCount=128;TotalExecutionCycles=43768164;AvgExecutionCyclesPerInvocation=341938
n1_i0,0,1,0,performance,false,layers.*/self_attn,/model/layers.0/self_attn/o_proj/MatMul,FullyConnected,FullyConnected,fullyconnected:/model/layers.0/self_attn/o_proj/MatMul,fullyconnected:/model/layers.0/self_attn/o_proj/MatMul,fully_connected,fully_connected_gpu_bf_tiled,307,fully_connected_gpu_bf_tiled_13040139110703718313_0_0__sa,fully_connected_gpu_bf_tiled_13040139110703718313_0_0__sa,1,188,matched,aligned,true,true,true,exec_profile,gtpin_total_execution_cycles,43420844,339225,cycles,128,43420844,339225,0,0,,,0,0,0,"{""gtpin_avg_execution_cycles_per_invocation"":339225,""gtpin_invocation_count"":128,""gtpin_total_execution_cycles"":43420844}",InvocationCount=128;TotalExecutionCycles=43420844;AvgExecutionCyclesPerInvocation=339225
n1_i0,0,1,0,performance,false,layers.*/self_attn,/model/layers.3/self_attn/o_proj/MatMul,FullyConnected,FullyConnected,fullyconnected:/model/layers.3/self_attn/o_proj/MatMul,fullyconnected:/model/layers.3/self_attn/o_proj/MatMul,fully_connected,fully_connected_gpu_bf_tiled,415,fully_connected_gpu_bf_tiled_13040139110703718313_0_0__sa,fully_connected_gpu_bf_tiled_13040139110703718313_0_0__sa,1,254,matched,aligned,true,true,true,exec_profile,gtpin_total_execution_cycles,43132558,336973,cycles,128,43132558,336973,0,0,,,0,0,0,"{""gtpin_avg_execution_cycles_per_invocation"":336973,""gtpin_invocation_count"":128,""gtpin_total_execution_cycles"":43132558}",InvocationCount=128;TotalExecutionCycles=43132558;AvgExecutionCyclesPerInvocation=336973
n1_i0,0,1,0,performance,false,layers.*/self_attn,/model/layers.2/self_attn/o_proj/MatMul,FullyConnected,FullyConnected,fullyconnected:/model/layers.2/self_attn/o_proj/MatMul,fullyconnected:/model/layers.2/self_attn/o_proj/MatMul,fully_connected,fully_connected_gpu_bf_tiled,379,fully_connected_gpu_bf_tiled_13040139110703718313_0_0__sa,fully_connected_gpu_bf_tiled_13040139110703718313_0_0__sa,1,232,matched,aligned,true,true,true,exec_profile,gtpin_total_execution_cycles,42692012,333531,cycles,128,42692012,333531,0,0,,,0,0,0,"{""gtpin_avg_execution_cycles_per_invocation"":333531,""gtpin_invocation_count"":128,""gtpin_total_execution_cycles"":42692012}",InvocationCount=128;TotalExecutionCycles=42692012;AvgExecutionCyclesPerInvocation=333531
n1_i0,0,1,0,performance,false,layers.*/self_attn,/model/layers.20/self_attn/o_proj/MatMul,FullyConnected,FullyConnected,fullyconnected:/model/layers.20/self_attn/o_proj/MatMul,fullyconnected:/model/layers.20/self_attn/o_proj/MatMul,fully_connected,fully_connected_gpu_bf_tiled,1027,fully_connected_gpu_bf_tiled_14284117615310227244_0_0,fully_connected_gpu_bf_tiled_14284117615310227244_0_0,1,628,matched,aligned,true,true,true,exec_profile,gtpin_total_execution_cycles,42549124,664830,cycles,64,42549124,664830,0,0,,,0,0,0,"{""gtpin_avg_execution_cycles_per_invocation"":664830,""gtpin_invocation_count"":64,""gtpin_total_execution_cycles"":42549124}",InvocationCount=64;TotalExecutionCycles=42549124;AvgExecutionCyclesPerInvocation=664830
n1_i0,0,1,0,performance,false,layers.*/self_attn,/model/layers.1/self_attn/q_proj/MatMul,FullyConnected,FullyConnected,fullyconnected:/model/layers.1/self_attn/q_proj/MatMul,fullyconnected:/model/layers.1/self_attn/q_proj/MatMul,fully_connected,fully_connected_gpu_bf_tiled,314,fully_connected_gpu_bf_tiled_6368269736313904298_0_0__sa,fully_connected_gpu_bf_tiled_6368269736313904298_0_0__sa,1,195,matched,aligned,true,true,true,exec_profile,gtpin_total_execution_cycles,41261942,322358,cycles,128,41261942,322358,0,0,,,0,0,0,"{""gtpin_avg_execution_cycles_per_invocation"":322358,""gtpin_invocation_count"":128,""gtpin_total_execution_cycles"":41261942}",InvocationCount=128;TotalExecutionCycles=41261942;AvgExecutionCyclesPerInvocation=322358
n1_i0,0,1,0,performance,false,layers.*/self_attn,/model/layers.0/self_attn/q_proj/MatMul,FullyConnected,FullyConnected,fullyconnected:/model/layers.0/self_attn/q_proj/MatMul,fullyconnected:/model/layers.0/self_attn/q_proj/MatMul,fully_connected,fully_connected_gpu_bf_tiled,239,fully_connected_gpu_bf_tiled_6368269736313904298_0_0__sa,fully_connected_gpu_bf_tiled_6368269736313904298_0_0__sa,1,162,matched,aligned,true,true,true,exec_profile,gtpin_total_execution_cycles,40562310,316893,cycles,128,40562310,316893,0,0,,,0,0,0,"{""gtpin_avg_execution_cycles_per_invocation"":316893,""gtpin_invocation_count"":128,""gtpin_total_execution_cycles"":40562310}",InvocationCount=128;TotalExecutionCycles=40562310;AvgExecutionCyclesPerInvocation=316893
n1_i0,0,1,0,performance,false,layers.*/self_attn,/model/layers.11/self_attn/o_proj/MatMul,FullyConnected,FullyConnected,fullyconnected:/model/layers.11/self_attn/o_proj/MatMul,fullyconnected:/model/layers.11/self_attn/o_proj/MatMul,fully_connected,fully_connected_gpu_bf_tiled,703,fully_connected_gpu_bf_tiled_14284117615310227244_0_0,fully_connected_gpu_bf_tiled_14284117615310227244_0_0,1,430,matched,aligned,true,true,true,exec_profile,gtpin_total_execution_cycles,35524476,555069,cycles,64,35524476,555069,0,0,,,0,0,0,"{""gtpin_avg_execution_cycles_per_invocation"":555069,""gtpin_invocation_count"":64,""gtpin_total_execution_cycles"":35524476}",InvocationCount=64;TotalExecutionCycles=35524476;AvgExecutionCyclesPerInvocation=555069
n1_i0,0,1,0,performance,false,layers.*/self_attn,/model/layers.21/self_attn/q_proj/MatMul,FullyConnected,FullyConnected,fullyconnected:/model/layers.21/self_attn/q_proj/MatMul,fullyconnected:/model/layers.21/self_attn/q_proj/MatMul,fully_connected,fully_connected_gpu_bf_tiled,1034,fully_connected_gpu_bf_tiled_5315586391497964380_0_0,fully_connected_gpu_bf_tiled_5315586391497964380_0_0,1,635,matched,aligned,true,true,true,exec_profile,gtpin_total_execution_cycles,34160308,533754,cycles,64,34160308,533754,0,0,,,0,0,0,"{""gtpin_avg_execution_cycles_per_invocation"":533754,""gtpin_invocation_count"":64,""gtpin_total_execution_cycles"":34160308}",InvocationCount=64;TotalExecutionCycles=34160308;AvgExecutionCyclesPerInvocation=533754
n1_i0,0,1,0,performance,false,layers.*/self_attn,/model/layers.13/self_attn/q_proj/MatMul,FullyConnected,FullyConnected,fullyconnected:/model/layers.13/self_attn/q_proj/MatMul,fullyconnected:/model/layers.13/self_attn/q_proj/MatMul,fully_connected,fully_connected_gpu_bf_tiled,746,fully_connected_gpu_bf_tiled_5315586391497964380_0_0,fully_connected_gpu_bf_tiled_5315586391497964380_0_0,1,459,matched,aligned,true,true,true,exec_profile,gtpin_total_execution_cycles,33547386,524177,cycles,64,33547386,524177,0,0,,,0,0,0,"{""gtpin_avg_execution_cycles_per_invocation"":524177,""gtpin_invocation_count"":64,""gtpin_total_execution_cycles"":33547386}",InvocationCount=64;TotalExecutionCycles=33547386;AvgExecutionCyclesPerInvocation=524177
n1_i0,0,1,0,performance,false,layers.*/self_attn,/model/layers.6/self_attn/q_proj/MatMul,FullyConnected,FullyConnected,fullyconnected:/model/layers.6/self_attn/q_proj/MatMul,fullyconnected:/model/layers.6/self_attn/q_proj/MatMul,fully_connected,fully_connected_gpu_bf_tiled,494,fully_connected_gpu_bf_tiled_5315586391497964380_0_0,fully_connected_gpu_bf_tiled_5315586391497964380_0_0,1,305,matched,aligned,true,true,true,exec_profile,gtpin_total_execution_cycles,32405032,506328,cycles,64,32405032,506328,0,0,,,0,0,0,"{""gtpin_avg_execution_cycles_per_invocation"":506328,""gtpin_invocation_count"":64,""gtpin_total_execution_cycles"":32405032}",InvocationCount=64;TotalExecutionCycles=32405032;AvgExecutionCyclesPerInvocation=506328
n1_i0,0,1,0,performance,false,layers.*/self_attn,/model/layers.3/self_attn/q_proj/MatMul,FullyConnected,FullyConnected,fullyconnected:/model/layers.3/self_attn/q_proj/MatMul,fullyconnected:/model/layers.3/self_attn/q_proj/MatMul,fully_connected,fully_connected_gpu_bf_tiled,386,fully_connected_gpu_bf_tiled_5315586391497964380_0_0,fully_connected_gpu_bf_tiled_5315586391497964380_0_0,1,239,matched,aligned,true,true,true,exec_profile,gtpin_total_execution_cycles,32078786,501231,cycles,64,32078786,501231,0,0,,,0,0,0,"{""gtpin_avg_execution_cycles_per_invocation"":501231,""gtpin_invocation_count"":64,""gtpin_total_execution_cycles"":32078786}",InvocationCount=64;TotalExecutionCycles=32078786;AvgExecutionCyclesPerInvocation=501231
n1_i0,0,1,0,performance,false,layers.*/self_attn,/model/layers.7/self_attn/q_proj/MatMul,FullyConnected,FullyConnected,fullyconnected:/model/layers.7/self_attn/q_proj/MatMul,fullyconnected:/model/layers.7/self_attn/q_proj/MatMul,fully_connected,fully_connected_gpu_bf_tiled,530,fully_connected_gpu_bf_tiled_5315586391497964380_0_0,fully_connected_gpu_bf_tiled_5315586391497964380_0_0,1,327,matched,aligned,true,true,true,exec_profile,gtpin_total_execution_cycles,32058664,500916,cycles,64,32058664,500916,0,0,,,0,0,0,"{""gtpin_avg_execution_cycles_per_invocation"":500916,""gtpin_invocation_count"":64,""gtpin_total_execution_cycles"":32058664}",InvocationCount=64;TotalExecutionCycles=32058664;AvgExecutionCyclesPerInvocation=500916
n1_i0,0,1,0,performance,false,layers.*/self_attn,/model/layers.14/self_attn/q_proj/MatMul,FullyConnected,FullyConnected,fullyconnected:/model/layers.14/self_attn/q_proj/MatMul,fullyconnected:/model/layers.14/self_attn/q_proj/MatMul,fully_connected,fully_connected_gpu_bf_tiled,782,fully_connected_gpu_bf_tiled_5315586391497964380_0_0,fully_connected_gpu_bf_tiled_5315586391497964380_0_0,1,481,matched,aligned,true,true,true,exec_profile,gtpin_total_execution_cycles,31828854,497325,cycles,64,31828854,497325,0,0,,,0,0,0,"{""gtpin_avg_execution_cycles_per_invocation"":497325,""gtpin_invocation_count"":64,""gtpin_total_execution_cycles"":31828854}",InvocationCount=64;TotalExecutionCycles=31828854;AvgExecutionCyclesPerInvocation=497325
n1_i0,0,1,0,performance,false,layers.*/self_attn,/model/layers.9/self_attn/q_proj/MatMul,FullyConnected,FullyConnected,fullyconnected:/model/layers.9/self_attn/q_proj/MatMul,fullyconnected:/model/layers.9/self_attn/q_proj/MatMul,fully_connected,fully_connected_gpu_bf_tiled,602,fully_connected_gpu_bf_tiled_5315586391497964380_0_0,fully_connected_gpu_bf_tiled_5315586391497964380_0_0,1,371,matched,aligned,true,true,true,exec_profile,gtpin_total_execution_cycles,30922680,483166,cycles,64,30922680,483166,0,0,,,0,0,0,"{""gtpin_avg_execution_cycles_per_invocation"":483166,""gtpin_invocation_count"":64,""gtpin_total_execution_cycles"":30922680}",InvocationCount=64;TotalExecutionCycles=30922680;AvgExecutionCyclesPerInvocation=483166
n1_i0,0,1,0,performance,false,layers.*/self_attn,/model/layers.5/self_attn/q_proj/MatMul,FullyConnected,FullyConnected,fullyconnected:/model/layers.5/self_attn/q_proj/MatMul,fullyconnected:/model/layers.5/self_attn/q_proj/MatMul,fully_connected,fully_connected_gpu_bf_tiled,458,fully_connected_gpu_bf_tiled_5315586391497964380_0_0,fully_connected_gpu_bf_tiled_5315586391497964380_0_0,1,283,matched,aligned,true,true,true,exec_profile,gtpin_total_execution_cycles,30234444,472413,cycles,64,30234444,472413,0,0,,,0,0,0,"{""gtpin_avg_execution_cycles_per_invocation"":472413,""gtpin_invocation_count"":64,""gtpin_total_execution_cycles"":30234444}",InvocationCount=64;TotalExecutionCycles=30234444;AvgExecutionCyclesPerInvocation=472413
n1_i0,0,1,0,performance,false,layers.*/self_attn,/model/layers.10/self_attn/o_proj/MatMul,FullyConnected,FullyConnected,fullyconnected:/model/layers.10/self_attn/o_proj/MatMul,fullyconnected:/model/layers.10/self_attn/o_proj/MatMul,fully_connected,fully_connected_gpu_bf_tiled,667,fully_connected_gpu_bf_tiled_14284117615310227244_0_0,fully_connected_gpu_bf_tiled_14284117615310227244_0_0,1,408,matched,aligned,true,true,true,exec_profile,gtpin_total_execution_cycles,30112580,470509,cycles,64,30112580,470509,0,0,,,0,0,0,"{""gtpin_avg_execution_cycles_per_invocation"":470509,""gtpin_invocation_count"":64,""gtpin_total_execution_cycles"":30112580}",InvocationCount=64;TotalExecutionCycles=30112580;AvgExecutionCyclesPerInvocation=470509
n1_i0,0,1,0,performance,false,layers.*/self_attn,/model/layers.17/self_attn/q_proj/MatMul,FullyConnected,FullyConnected,fullyconnected:/model/layers.17/self_attn/q_proj/MatMul,fullyconnected:/model/layers.17/self_attn/q_proj/MatMul,fully_connected,fully_connected_gpu_bf_tiled,890,fully_connected_gpu_bf_tiled_5315586391497964380_0_0,fully_connected_gpu_bf_tiled_5315586391497964380_0_0,1,547,matched,aligned,true,true,true,exec_profile,gtpin_total_execution_cycles,30090404,470162,cycles,64,30090404,470162,0,0,,,0,0,0,"{""gtpin_avg_execution_cycles_per_invocation"":470162,""gtpin_invocation_count"":64,""gtpin_total_execution_cycles"":30090404}",InvocationCount=64;TotalExecutionCycles=30090404;AvgExecutionCyclesPerInvocation=470162
n1_i0,0,1,0,performance,false,layers.*/self_attn,/model/layers.8/self_attn/o_proj/MatMul,FullyConnected,FullyConnected,fullyconnected:/model/layers.8/self_attn/o_proj/MatMul,fullyconnected:/model/layers.8/self_attn/o_proj/MatMul,fully_connected,fully_connected_gpu_bf_tiled,595,fully_connected_gpu_bf_tiled_14284117615310227244_0_0,fully_connected_gpu_bf_tiled_14284117615310227244_0_0,1,364,matched,aligned,true,true,true,exec_profile,gtpin_total_execution_cycles,30020464,469069,cycles,64,30020464,469069,0,0,,,0,0,0,"{""gtpin_avg_execution_cycles_per_invocation"":469069,""gtpin_invocation_count"":64,""gtpin_total_execution_cycles"":30020464}",InvocationCount=64;TotalExecutionCycles=30020464;AvgExecutionCyclesPerInvocation=469069
n1_i0,0,1,0,performance,false,layers.*/self_attn,/model/layers.17/self_attn/o_proj/MatMul,FullyConnected,FullyConnected,fullyconnected:/model/layers.17/self_attn/o_proj/MatMul,fullyconnected:/model/layers.17/self_attn/o_proj/MatMul,fully_connected,fully_connected_gpu_bf_tiled,919,fully_connected_gpu_bf_tiled_14284117615310227244_0_0,fully_connected_gpu_bf_tiled_14284117615310227244_0_0,1,562,matched,aligned,true,true,true,exec_profile,gtpin_total_execution_cycles,29825476,466023,cycles,64,29825476,466023,0,0,,,0,0,0,"{""gtpin_avg_execution_cycles_per_invocation"":466023,""gtpin_invocation_count"":64,""gtpin_total_execution_cycles"":29825476}",InvocationCount=64;TotalExecutionCycles=29825476;AvgExecutionCyclesPerInvocation=466023
n1_i0,0,1,0,performance,false,layers.*/self_attn,/model/layers.18/self_attn/q_proj/MatMul,FullyConnected,FullyConnected,fullyconnected:/model/layers.18/self_attn/q_proj/MatMul,fullyconnected:/model/layers.18/self_attn/q_proj/MatMul,fully_connected,fully_connected_gpu_bf_tiled,926,fully_connected_gpu_bf_tiled_5315586391497964380_0_0,fully_connected_gpu_bf_tiled_5315586391497964380_0_0,1,569,matched,aligned,true,true,true,exec_profile,gtpin_total_execution_cycles,29721532,464398,cycles,64,29721532,464398,0,0,,,0,0,0,"{""gtpin_avg_execution_cycles_per_invocation"":464398,""gtpin_invocation_count"":64,""gtpin_total_execution_cycles"":29721532}",InvocationCount=64;TotalExecutionCycles=29721532;AvgExecutionCyclesPerInvocation=464398
n1_i0,0,1,0,performance,false,layers.*/self_attn,/model/layers.18/self_attn/o_proj/MatMul,FullyConnected,FullyConnected,fullyconnected:/model/layers.18/self_attn/o_proj/MatMul,fullyconnected:/model/layers.18/self_attn/o_proj/MatMul,fully_connected,fully_connected_gpu_bf_tiled,955,fully_connected_gpu_bf_tiled_14284117615310227244_0_0,fully_connected_gpu_bf_tiled_14284117615310227244_0_0,1,584,matched,aligned,true,true,true,exec_profile,gtpin_total_execution_cycles,29704578,464134,cycles,64,29704578,464134,0,0,,,0,0,0,"{""gtpin_avg_execution_cycles_per_invocation"":464134,""gtpin_invocation_count"":64,""gtpin_total_execution_cycles"":29704578}",InvocationCount=64;TotalExecutionCycles=29704578;AvgExecutionCyclesPerInvocation=464134
n1_i0,0,1,0,performance,false,layers.*/self_attn,/model/layers.7/self_attn/o_proj/MatMul,FullyConnected,FullyConnected,fullyconnected:/model/layers.7/self_attn/o_proj/MatMul,fullyconnected:/model/layers.7/self_attn/o_proj/MatMul,fully_connected,fully_connected_gpu_bf_tiled,559,fully_connected_gpu_bf_tiled_14284117615310227244_0_0,fully_connected_gpu_bf_tiled_14284117615310227244_0_0,1,342,matched,aligned,true,true,true,exec_profile,gtpin_total_execution_cycles,29674442,463663,cycles,64,29674442,463663,0,0,,,0,0,0,"{""gtpin_avg_execution_cycles_per_invocation"":463663,""gtpin_invocation_count"":64,""gtpin_total_execution_cycles"":29674442}",InvocationCount=64;TotalExecutionCycles=29674442;AvgExecutionCyclesPerInvocation=463663
n1_i0,0,1,0,performance,false,layers.*/self_attn,/model/layers.8/self_attn/q_proj/MatMul,FullyConnected,FullyConnected,fullyconnected:/model/layers.8/self_attn/q_proj/MatMul,fullyconnected:/model/layers.8/self_attn/q_proj/MatMul,fully_connected,fully_connected_gpu_bf_tiled,566,fully_connected_gpu_bf_tiled_5315586391497964380_0_0,fully_connected_gpu_bf_tiled_5315586391497964380_0_0,1,349,matched,aligned,true,true,true,exec_profile,gtpin_total_execution_cycles,29623538,462867,cycles,64,29623538,462867,0,0,,,0,0,0,"{""gtpin_avg_execution_cycles_per_invocation"":462867,""gtpin_invocation_count"":64,""gtpin_total_execution_cycles"":29623538}",InvocationCount=64;TotalExecutionCycles=29623538;AvgExecutionCyclesPerInvocation=462867
n1_i0,0,1,0,performance,false,layers.*/self_attn,/model/layers.12/self_attn/q_proj/MatMul,FullyConnected,FullyConnected,fullyconnected:/model/layers.12/self_attn/q_proj/MatMul,fullyconnected:/model/layers.12/self_attn/q_proj/MatMul,fully_connected,fully_connected_gpu_bf_tiled,710,fully_connected_gpu_bf_tiled_5315586391497964380_0_0,fully_connected_gpu_bf_tiled_5315586391497964380_0_0,1,437,matched,aligned,true,true,true,exec_profile,gtpin_total_execution_cycles,29587634,462306,cycles,64,29587634,462306,0,0,,,0,0,0,"{""gtpin_avg_execution_cycles_per_invocation"":462306,""gtpin_invocation_count"":64,""gtpin_total_execution_cycles"":29587634}",InvocationCount=64;TotalExecutionCycles=29587634;AvgExecutionCyclesPerInvocation=462306
n1_i0,0,1,0,performance,false,layers.*/self_attn,/model/layers.19/self_attn/q_proj/MatMul,FullyConnected,FullyConnected,fullyconnected:/model/layers.19/self_attn/q_proj/MatMul,fullyconnected:/model/layers.19/self_attn/q_proj/MatMul,fully_connected,fully_connected_gpu_bf_tiled,962,fully_connected_gpu_bf_tiled_5315586391497964380_0_0,fully_connected_gpu_bf_tiled_5315586391497964380_0_0,1,591,matched,aligned,true,true,true,exec_profile,gtpin_total_execution_cycles,29526464,461351,cycles,64,29526464,461351,0,0,,,0,0,0,"{""gtpin_avg_execution_cycles_per_invocation"":461351,""gtpin_invocation_count"":64,""gtpin_total_execution_cycles"":29526464}",InvocationCount=64;TotalExecutionCycles=29526464;AvgExecutionCyclesPerInvocation=461351
n1_i0,0,1,0,performance,false,layers.*/self_attn,/model/layers.21/self_attn/o_proj/MatMul,FullyConnected,FullyConnected,fullyconnected:/model/layers.21/self_attn/o_proj/MatMul,fullyconnected:/model/layers.21/self_attn/o_proj/MatMul,fully_connected,fully_connected_gpu_bf_tiled,1063,fully_connected_gpu_bf_tiled_14284117615310227244_0_0,fully_connected_gpu_bf_tiled_14284117615310227244_0_0,1,650,matched,aligned,true,true,true,exec_profile,gtpin_total_execution_cycles,29525714,461339,cycles,64,29525714,461339,0,0,,,0,0,0,"{""gtpin_avg_execution_cycles_per_invocation"":461339,""gtpin_invocation_count"":64,""gtpin_total_execution_cycles"":29525714}",InvocationCount=64;TotalExecutionCycles=29525714;AvgExecutionCyclesPerInvocation=461339
n1_i0,0,1,0,performance,false,layers.*/self_attn,/model/layers.6/self_attn/o_proj/MatMul,FullyConnected,FullyConnected,fullyconnected:/model/layers.6/self_attn/o_proj/MatMul,fullyconnected:/model/layers.6/self_attn/o_proj/MatMul,fully_connected,fully_connected_gpu_bf_tiled,523,fully_connected_gpu_bf_tiled_14284117615310227244_0_0,fully_connected_gpu_bf_tiled_14284117615310227244_0_0,1,320,matched,aligned,true,true,true,exec_profile,gtpin_total_execution_cycles,29514562,461165,cycles,64,29514562,461165,0,0,,,0,0,0,"{""gtpin_avg_execution_cycles_per_invocation"":461165,""gtpin_invocation_count"":64,""gtpin_total_execution_cycles"":29514562}",InvocationCount=64;TotalExecutionCycles=29514562;AvgExecutionCyclesPerInvocation=461165
n1_i0,0,1,0,performance,false,layers.*/self_attn,/model/layers.19/self_attn/o_proj/MatMul,FullyConnected,FullyConnected,fullyconnected:/model/layers.19/self_attn/o_proj/MatMul,fullyconnected:/model/layers.19/self_attn/o_proj/MatMul,fully_connected,fully_connected_gpu_bf_tiled,991,fully_connected_gpu_bf_tiled_14284117615310227244_0_0,fully_connected_gpu_bf_tiled_14284117615310227244_0_0,1,606,matched,aligned,true,true,true,exec_profile,gtpin_total_execution_cycles,29490336,460786,cycles,64,29490336,460786,0,0,,,0,0,0,"{""gtpin_avg_execution_cycles_per_invocation"":460786,""gtpin_invocation_count"":64,""gtpin_total_execution_cycles"":29490336}",InvocationCount=64;TotalExecutionCycles=29490336;AvgExecutionCyclesPerInvocation=460786
n1_i0,0,1,0,performance,false,layers.*/self_attn,/model/layers.20/self_attn/q_proj/MatMul,FullyConnected,FullyConnected,fullyconnected:/model/layers.20/self_attn/q_proj/MatMul,fullyconnected:/model/layers.20/self_attn/q_proj/MatMul,fully_connected,fully_connected_gpu_bf_tiled,998,fully_connected_gpu_bf_tiled_5315586391497964380_0_0,fully_connected_gpu_bf_tiled_5315586391497964380_0_0,1,613,matched,aligned,true,true,true,exec_profile,gtpin_total_execution_cycles,29450706,460167,cycles,64,29450706,460167,0,0,,,0,0,0,"{""gtpin_avg_execution_cycles_per_invocation"":460167,""gtpin_invocation_count"":64,""gtpin_total_execution_cycles"":29450706}",InvocationCount=64;TotalExecutionCycles=29450706;AvgExecutionCyclesPerInvocation=460167
n1_i0,0,1,0,performance,false,layers.*/self_attn,/model/layers.13/self_attn/o_proj/MatMul,FullyConnected,FullyConnected,fullyconnected:/model/layers.13/self_attn/o_proj/MatMul,fullyconnected:/model/layers.13/self_attn/o_proj/MatMul,fully_connected,fully_connected_gpu_bf_tiled,775,fully_connected_gpu_bf_tiled_14284117615310227244_0_0,fully_connected_gpu_bf_tiled_14284117615310227244_0_0,1,474,matched,aligned,true,true,true,exec_profile,gtpin_total_execution_cycles,29447420,460115,cycles,64,29447420,460115,0,0,,,0,0,0,"{""gtpin_avg_execution_cycles_per_invocation"":460115,""gtpin_invocation_count"":64,""gtpin_total_execution_cycles"":29447420}",InvocationCount=64;TotalExecutionCycles=29447420;AvgExecutionCyclesPerInvocation=460115
n1_i0,0,1,0,performance,false,layers.*/self_attn,/model/layers.9/self_attn/o_proj/MatMul,FullyConnected,FullyConnected,fullyconnected:/model/layers.9/self_attn/o_proj/MatMul,fullyconnected:/model/layers.9/self_attn/o_proj/MatMul,fully_connected,fully_connected_gpu_bf_tiled,631,fully_connected_gpu_bf_tiled_14284117615310227244_0_0,fully_connected_gpu_bf_tiled_14284117615310227244_0_0,1,386,matched,aligned,true,true,true,exec_profile,gtpin_total_execution_cycles,29437520,459961,cycles,64,29437520,459961,0,0,,,0,0,0,"{""gtpin_avg_execution_cycles_per_invocation"":459961,""gtpin_invocation_count"":64,""gtpin_total_execution_cycles"":29437520}",InvocationCount=64;TotalExecutionCycles=29437520;AvgExecutionCyclesPerInvocation=459961
n1_i0,0,1,0,performance,false,layers.*/self_attn,/model/layers.12/self_attn/o_proj/MatMul,FullyConnected,FullyConnected,fullyconnected:/model/layers.12/self_attn/o_proj/MatMul,fullyconnected:/model/layers.12/self_attn/o_proj/MatMul,fully_connected,fully_connected_gpu_bf_tiled,739,fully_connected_gpu_bf_tiled_14284117615310227244_0_0,fully_connected_gpu_bf_tiled_14284117615310227244_0_0,1,452,matched,aligned,true,true,true,exec_profile,gtpin_total_execution_cycles,29415982,459624,cycles,64,29415982,459624,0,0,,,0,0,0,"{""gtpin_avg_execution_cycles_per_invocation"":459624,""gtpin_invocation_count"":64,""gtpin_total_execution_cycles"":29415982}",InvocationCount=64;TotalExecutionCycles=29415982;AvgExecutionCyclesPerInvocation=459624
n1_i0,0,1,0,performance,false,layers.*/self_attn,/model/layers.2/self_attn/q_proj/MatMul,FullyConnected,FullyConnected,fullyconnected:/model/layers.2/self_attn/q_proj/MatMul,fullyconnected:/model/layers.2/self_attn/q_proj/MatMul,fully_connected,fully_connected_gpu_bf_tiled,350,fully_connected_gpu_bf_tiled_5315586391497964380_0_0,fully_connected_gpu_bf_tiled_5315586391497964380_0_0,1,217,matched,aligned,true,true,true,exec_profile,gtpin_total_execution_cycles,29386620,459165,cycles,64,29386620,459165,0,0,,,0,0,0,"{""gtpin_avg_execution_cycles_per_invocation"":459165,""gtpin_invocation_count"":64,""gtpin_total_execution_cycles"":29386620}",InvocationCount=64;TotalExecutionCycles=29386620;AvgExecutionCyclesPerInvocation=459165
n1_i0,0,1,0,performance,false,layers.*/self_attn,/model/layers.16/self_attn/o_proj/MatMul,FullyConnected,FullyConnected,fullyconnected:/model/layers.16/self_attn/o_proj/MatMul,fullyconnected:/model/layers.16/self_attn/o_proj/MatMul,fully_connected,fully_connected_gpu_bf_tiled,883,fully_connected_gpu_bf_tiled_14284117615310227244_0_0,fully_connected_gpu_bf_tiled_14284117615310227244_0_0,1,540,matched,aligned,true,true,true,exec_profile,gtpin_total_execution_cycles,29183288,455988,cycles,64,29183288,455988,0,0,,,0,0,0,"{""gtpin_avg_execution_cycles_per_invocation"":455988,""gtpin_invocation_count"":64,""gtpin_total_execution_cycles"":29183288}",InvocationCount=64;TotalExecutionCycles=29183288;AvgExecutionCyclesPerInvocation=455988
n1_i0,0,1,0,performance,false,layers.*/self_attn,/model/layers.14/self_attn/o_proj/MatMul,FullyConnected,FullyConnected,fullyconnected:/model/layers.14/self_attn/o_proj/MatMul,fullyconnected:/model/layers.14/self_attn/o_proj/MatMul,fully_connected,fully_connected_gpu_bf_tiled,811,fully_connected_gpu_bf_tiled_14284117615310227244_0_0,fully_connected_gpu_bf_tiled_14284117615310227244_0_0,1,496,matched,aligned,true,true,true,exec_profile,gtpin_total_execution_cycles,29107336,454802,cycles,64,29107336,454802,0,0,,,0,0,0,"{""gtpin_avg_execution_cycles_per_invocation"":454802,""gtpin_invocation_count"":64,""gtpin_total_execution_cycles"":29107336}",InvocationCount=64;TotalExecutionCycles=29107336;AvgExecutionCyclesPerInvocation=454802
n1_i0,0,1,0,performance,false,layers.*/self_attn,/model/layers.11/self_attn/q_proj/MatMul,FullyConnected,FullyConnected,fullyconnected:/model/layers.11/self_attn/q_proj/MatMul,fullyconnected:/model/layers.11/self_attn/q_proj/MatMul,fully_connected,fully_connected_gpu_bf_tiled,674,fully_connected_gpu_bf_tiled_5315586391497964380_0_0,fully_connected_gpu_bf_tiled_5315586391497964380_0_0,1,415,matched,aligned,true,true,true,exec_profile,gtpin_total_execution_cycles,29090892,454545,cycles,64,29090892,454545,0,0,,,0,0,0,"{""gtpin_avg_execution_cycles_per_invocation"":454545,""gtpin_invocation_count"":64,""gtpin_total_execution_cycles"":29090892}",InvocationCount=64;TotalExecutionCycles=29090892;AvgExecutionCyclesPerInvocation=454545
n1_i0,0,1,0,performance,false,layers.*/self_attn,/model/layers.15/self_attn/q_proj/MatMul,FullyConnected,FullyConnected,fullyconnected:/model/layers.15/self_attn/q_proj/MatMul,fullyconnected:/model/layers.15/self_attn/q_proj/MatMul,fully_connected,fully_connected_gpu_bf_tiled,818,fully_connected_gpu_bf_tiled_5315586391497964380_0_0,fully_connected_gpu_bf_tiled_5315586391497964380_0_0,1,503,matched,aligned,true,true,true,exec_profile,gtpin_total_execution_cycles,28963088,452548,cycles,64,28963088,452548,0,0,,,0,0,0,"{""gtpin_avg_execution_cycles_per_invocation"":452548,""gtpin_invocation_count"":64,""gtpin_total_execution_cycles"":28963088}",InvocationCount=64;TotalExecutionCycles=28963088;AvgExecutionCyclesPerInvocation=452548
n1_i0,0,1,0,performance,false,layers.*/self_attn,/model/layers.10/self_attn/q_proj/MatMul,FullyConnected,FullyConnected,fullyconnected:/model/layers.10/self_attn/q_proj/MatMul,fullyconnected:/model/layers.10/self_attn/q_proj/MatMul,fully_connected,fully_connected_gpu_bf_tiled,638,fully_connected_gpu_bf_tiled_5315586391497964380_0_0,fully_connected_gpu_bf_tiled_5315586391497964380_0_0,1,393,matched,aligned,true,true,true,exec_profile,gtpin_total_execution_cycles,28939942,452186,cycles,64,28939942,452186,0,0,,,0,0,0,"{""gtpin_avg_execution_cycles_per_invocation"":452186,""gtpin_invocation_count"":64,""gtpin_total_execution_cycles"":28939942}",InvocationCount=64;TotalExecutionCycles=28939942;AvgExecutionCyclesPerInvocation=452186
n1_i0,0,1,0,performance,false,layers.*/self_attn,/model/layers.15/self_attn/o_proj/MatMul,FullyConnected,FullyConnected,fullyconnected:/model/layers.15/self_attn/o_proj/MatMul,fullyconnected:/model/layers.15/self_attn/o_proj/MatMul,fully_connected,fully_connected_gpu_bf_tiled,847,fully_connected_gpu_bf_tiled_14284117615310227244_0_0,fully_connected_gpu_bf_tiled_14284117615310227244_0_0,1,518,matched,aligned,true,true,true,exec_profile,gtpin_total_execution_cycles,28714918,448670,cycles,64,28714918,448670,0,0,,,0,0,0,"{""gtpin_avg_execution_cycles_per_invocation"":448670,""gtpin_invocation_count"":64,""gtpin_total_execution_cycles"":28714918}",InvocationCount=64;TotalExecutionCycles=28714918;AvgExecutionCyclesPerInvocation=448670
n1_i0,0,1,0,performance,false,layers.*/self_attn,/model/layers.16/self_attn/q_proj/MatMul,FullyConnected,FullyConnected,fullyconnected:/model/layers.16/self_attn/q_proj/MatMul,fullyconnected:/model/layers.16/self_attn/q_proj/MatMul,fully_connected,fully_connected_gpu_bf_tiled,854,fully_connected_gpu_bf_tiled_5315586391497964380_0_0,fully_connected_gpu_bf_tiled_5315586391497964380_0_0,1,525,matched,aligned,true,true,true,exec_profile,gtpin_total_execution_cycles,28559418,446240,cycles,64,28559418,446240,0,0,,,0,0,0,"{""gtpin_avg_execution_cycles_per_invocation"":446240,""gtpin_invocation_count"":64,""gtpin_total_execution_cycles"":28559418}",InvocationCount=64;TotalExecutionCycles=28559418;AvgExecutionCyclesPerInvocation=446240
n1_i0,0,1,0,performance,false,layers.*/self_attn,/model/layers.4/self_attn/q_proj/MatMul,FullyConnected,FullyConnected,fullyconnected:/model/layers.4/self_attn/q_proj/MatMul,fullyconnected:/model/layers.4/self_attn/q_proj/MatMul,fully_connected,fully_connected_gpu_bf_tiled,422,fully_connected_gpu_bf_tiled_5315586391497964380_0_0,fully_connected_gpu_bf_tiled_5315586391497964380_0_0,1,261,matched,aligned,true,true,true,exec_profile,gtpin_total_execution_cycles,28003080,437548,cycles,64,28003080,437548,0,0,,,0,0,0,"{""gtpin_avg_execution_cycles_per_invocation"":437548,""gtpin_invocation_count"":64,""gtpin_total_execution_cycles"":28003080}",InvocationCount=64;TotalExecutionCycles=28003080;AvgExecutionCyclesPerInvocation=437548
n1_i0,0,1,0,performance,false,layers.*/self_attn,/model/layers.20/self_attn/Softmax,Softmax,Softmax,softmax:/model/layers.20/self_attn/Softmax,softmax:/model/layers.20/self_attn/Softmax,softmax,softmax_gpu_bf,1022,softmax_gpu_bf_18392998524141771378_0_0__sa,softmax_gpu_bf_18392998524141771378_0_0__sa,1,624,matched,aligned,true,true,true,exec_profile,gtpin_total_execution_cycles,9449864,18456,cycles,512,9449864,18456,0,0,,,0,0,0,"{""gtpin_avg_execution_cycles_per_invocation"":18456,""gtpin_invocation_count"":512,""gtpin_total_execution_cycles"":9449864}",InvocationCount=512;TotalExecutionCycles=9449864;AvgExecutionCyclesPerInvocation=18456
n1_i0,0,1,0,performance,false,layers.*/self_attn,/model/layers.3/self_attn/Softmax,Softmax,Softmax,softmax:/model/layers.3/self_attn/Softmax,softmax:/model/layers.3/self_attn/Softmax,softmax,softmax_gpu_bf,410,softmax_gpu_bf_18392998524141771378_0_0__sa,softmax_gpu_bf_18392998524141771378_0_0__sa,1,250,matched,aligned,true,true,true,exec_profile,gtpin_total_execution_cycles,8638156,16871,cycles,512,8638156,16871,0,0,,,0,0,0,"{""gtpin_avg_execution_cycles_per_invocation"":16871,""gtpin_invocation_count"":512,""gtpin_total_execution_cycles"":8638156}",InvocationCount=512;TotalExecutionCycles=8638156;AvgExecutionCyclesPerInvocation=16871
n1_i0,0,1,0,performance,false,layers.*/self_attn,/model/layers.17/self_attn/Softmax,Softmax,Softmax,softmax:/model/layers.17/self_attn/Softmax,softmax:/model/layers.17/self_attn/Softmax,softmax,softmax_gpu_bf,914,softmax_gpu_bf_18392998524141771378_0_0__sa,softmax_gpu_bf_18392998524141771378_0_0__sa,1,558,matched,aligned,true,true,true,exec_profile,gtpin_total_execution_cycles,8496745,16595,cycles,512,8496745,16595,0,0,,,0,0,0,"{""gtpin_avg_execution_cycles_per_invocation"":16595,""gtpin_invocation_count"":512,""gtpin_total_execution_cycles"":8496745}",InvocationCount=512;TotalExecutionCycles=8496745;AvgExecutionCyclesPerInvocation=16595
n1_i0,0,1,0,performance,false,layers.*/self_attn,/model/layers.21/self_attn/Softmax,Softmax,Softmax,softmax:/model/layers.21/self_attn/Softmax,softmax:/model/layers.21/self_attn/Softmax,softmax,softmax_gpu_bf,1058,softmax_gpu_bf_18392998524141771378_0_0__sa,softmax_gpu_bf_18392998524141771378_0_0__sa,1,646,matched,aligned,true,true,true,exec_profile,gtpin_total_execution_cycles,8412720,16431,cycles,512,8412720,16431,0,0,,,0,0,0,"{""gtpin_avg_execution_cycles_per_invocation"":16431,""gtpin_invocation_count"":512,""gtpin_total_execution_cycles"":8412720}",InvocationCount=512;TotalExecutionCycles=8412720;AvgExecutionCyclesPerInvocation=16431
n1_i0,0,1,0,performance,false,layers.*/self_attn,/model/layers.5/self_attn/Softmax,Softmax,Softmax,softmax:/model/layers.5/self_attn/Softmax,softmax:/model/layers.5/self_attn/Softmax,softmax,softmax_gpu_bf,482,softmax_gpu_bf_18392998524141771378_0_0__sa,softmax_gpu_bf_18392998524141771378_0_0__sa,1,294,matched,aligned,true,true,true,exec_profile,gtpin_total_execution_cycles,8380613,16368,cycles,512,8380613,16368,0,0,,,0,0,0,"{""gtpin_avg_execution_cycles_per_invocation"":16368,""gtpin_invocation_count"":512,""gtpin_total_execution_cycles"":8380613}",InvocationCount=512;TotalExecutionCycles=8380613;AvgExecutionCyclesPerInvocation=16368
n1_i0,0,1,0,performance,false,layers.*/self_attn,/model/layers.12/self_attn/Softmax,Softmax,Softmax,softmax:/model/layers.12/self_attn/Softmax,softmax:/model/layers.12/self_attn/Softmax,softmax,softmax_gpu_bf,734,softmax_gpu_bf_18392998524141771378_0_0__sa,softmax_gpu_bf_18392998524141771378_0_0__sa,1,448,matched,aligned,true,true,true,exec_profile,gtpin_total_execution_cycles,8325204,16260,cycles,512,8325204,16260,0,0,,,0,0,0,"{""gtpin_avg_execution_cycles_per_invocation"":16260,""gtpin_invocation_count"":512,""gtpin_total_execution_cycles"":8325204}",InvocationCount=512;TotalExecutionCycles=8325204;AvgExecutionCyclesPerInvocation=16260
n1_i0,0,1,0,performance,false,layers.*/self_attn,/model/layers.10/self_attn/Softmax,Softmax,Softmax,softmax:/model/layers.10/self_attn/Softmax,softmax:/model/layers.10/self_attn/Softmax,softmax,softmax_gpu_bf,662,softmax_gpu_bf_18392998524141771378_0_0__sa,softmax_gpu_bf_18392998524141771378_0_0__sa,1,404,matched,aligned,true,true,true,exec_profile,gtpin_total_execution_cycles,8311994,16234,cycles,512,8311994,16234,0,0,,,0,0,0,"{""gtpin_avg_execution_cycles_per_invocation"":16234,""gtpin_invocation_count"":512,""gtpin_total_execution_cycles"":8311994}",InvocationCount=512;TotalExecutionCycles=8311994;AvgExecutionCyclesPerInvocation=16234
n1_i0,0,1,0,performance,false,layers.*/self_attn,/model/layers.13/self_attn/Softmax,Softmax,Softmax,softmax:/model/layers.13/self_attn/Softmax,softmax:/model/layers.13/self_attn/Softmax,softmax,softmax_gpu_bf,770,softmax_gpu_bf_18392998524141771378_0_0__sa,softmax_gpu_bf_18392998524141771378_0_0__sa,1,470,matched,aligned,true,true,true,exec_profile,gtpin_total_execution_cycles,8268124,16148,cycles,512,8268124,16148,0,0,,,0,0,0,"{""gtpin_avg_execution_cycles_per_invocation"":16148,""gtpin_invocation_count"":512,""gtpin_total_execution_cycles"":8268124}",InvocationCount=512;TotalExecutionCycles=8268124;AvgExecutionCyclesPerInvocation=16148
n1_i0,0,1,0,performance,false,layers.*/self_attn,/model/layers.18/self_attn/Softmax,Softmax,Softmax,softmax:/model/layers.18/self_attn/Softmax,softmax:/model/layers.18/self_attn/Softmax,softmax,softmax_gpu_bf,950,softmax_gpu_bf_18392998524141771378_0_0__sa,softmax_gpu_bf_18392998524141771378_0_0__sa,1,580,matched,aligned,true,true,true,exec_profile,gtpin_total_execution_cycles,8239472,16092,cycles,512,8239472,16092,0,0,,,0,0,0,"{""gtpin_avg_execution_cycles_per_invocation"":16092,""gtpin_invocation_count"":512,""gtpin_total_execution_cycles"":8239472}",InvocationCount=512;TotalExecutionCycles=8239472;AvgExecutionCyclesPerInvocation=16092
n1_i0,0,1,0,performance,false,layers.*/self_attn,/model/layers.7/self_attn/Softmax,Softmax,Softmax,softmax:/model/layers.7/self_attn/Softmax,softmax:/model/layers.7/self_attn/Softmax,softmax,softmax_gpu_bf,554,softmax_gpu_bf_18392998524141771378_0_0__sa,softmax_gpu_bf_18392998524141771378_0_0__sa,1,338,matched,aligned,true,true,true,exec_profile,gtpin_total_execution_cycles,8177931,15972,cycles,512,8177931,15972,0,0,,,0,0,0,"{""gtpin_avg_execution_cycles_per_invocation"":15972,""gtpin_invocation_count"":512,""gtpin_total_execution_cycles"":8177931}",InvocationCount=512;TotalExecutionCycles=8177931;AvgExecutionCyclesPerInvocation=15972
n1_i0,0,1,0,performance,false,layers.*/self_attn,/model/layers.16/self_attn/Softmax,Softmax,Softmax,softmax:/model/layers.16/self_attn/Softmax,softmax:/model/layers.16/self_attn/Softmax,softmax,softmax_gpu_bf,878,softmax_gpu_bf_18392998524141771378_0_0__sa,softmax_gpu_bf_18392998524141771378_0_0__sa,1,536,matched,aligned,true,true,true,exec_profile,gtpin_total_execution_cycles,8152748,15923,cycles,512,8152748,15923,0,0,,,0,0,0,"{""gtpin_avg_execution_cycles_per_invocation"":15923,""gtpin_invocation_count"":512,""gtpin_total_execution_cycles"":8152748}",InvocationCount=512;TotalExecutionCycles=8152748;AvgExecutionCyclesPerInvocation=15923
n1_i0,0,1,0,performance,false,layers.*/self_attn,/model/layers.0/self_attn/Softmax,Softmax,Softmax,softmax:/model/layers.0/self_attn/Softmax,softmax:/model/layers.0/self_attn/Softmax,softmax,softmax_gpu_bf,302,softmax_gpu_bf_18392998524141771378_0_0__sa,softmax_gpu_bf_18392998524141771378_0_0__sa,1,184,matched,aligned,true,true,true,exec_profile,gtpin_total_execution_cycles,8141952,15902,cycles,512,8141952,15902,0,0,,,0,0,0,"{""gtpin_avg_execution_cycles_per_invocation"":15902,""gtpin_invocation_count"":512,""gtpin_total_execution_cycles"":8141952}",InvocationCount=512;TotalExecutionCycles=8141952;AvgExecutionCyclesPerInvocation=15902
n1_i0,0,1,0,performance,false,layers.*/self_attn,/model/layers.6/self_attn/Softmax,Softmax,Softmax,softmax:/model/layers.6/self_attn/Softmax,softmax:/model/layers.6/self_attn/Softmax,softmax,softmax_gpu_bf,518,softmax_gpu_bf_18392998524141771378_0_0__sa,softmax_gpu_bf_18392998524141771378_0_0__sa,1,316,matched,aligned,true,true,true,exec_profile,gtpin_total_execution_cycles,8082199,15785,cycles,512,8082199,15785,0,0,,,0,0,0,"{""gtpin_avg_execution_cycles_per_invocation"":15785,""gtpin_invocation_count"":512,""gtpin_total_execution_cycles"":8082199}",InvocationCount=512;TotalExecutionCycles=8082199;AvgExecutionCyclesPerInvocation=15785
n1_i0,0,1,0,performance,false,layers.*/self_attn,/model/layers.19/self_attn/Softmax,Softmax,Softmax,softmax:/model/layers.19/self_attn/Softmax,softmax:/model/layers.19/self_attn/Softmax,softmax,softmax_gpu_bf,986,softmax_gpu_bf_18392998524141771378_0_0__sa,softmax_gpu_bf_18392998524141771378_0_0__sa,1,602,matched,aligned,true,true,true,exec_profile,gtpin_total_execution_cycles,8054315,15731,cycles,512,8054315,15731,0,0,,,0,0,0,"{""gtpin_avg_execution_cycles_per_invocation"":15731,""gtpin_invocation_count"":512,""gtpin_total_execution_cycles"":8054315}",InvocationCount=512;TotalExecutionCycles=8054315;AvgExecutionCyclesPerInvocation=15731
n1_i0,0,1,0,performance,false,layers.*/self_attn,/model/layers.1/self_attn/Softmax,Softmax,Softmax,softmax:/model/layers.1/self_attn/Softmax,softmax:/model/layers.1/self_attn/Softmax,softmax,softmax_gpu_bf,338,softmax_gpu_bf_18392998524141771378_0_0__sa,softmax_gpu_bf_18392998524141771378_0_0__sa,1,206,matched,aligned,true,true,true,exec_profile,gtpin_total_execution_cycles,8019815,15663,cycles,512,8019815,15663,0,0,,,0,0,0,"{""gtpin_avg_execution_cycles_per_invocation"":15663,""gtpin_invocation_count"":512,""gtpin_total_execution_cycles"":8019815}",InvocationCount=512;TotalExecutionCycles=8019815;AvgExecutionCyclesPerInvocation=15663
n1_i0,0,1,0,performance,false,layers.*/self_attn,/model/layers.11/self_attn/Softmax,Softmax,Softmax,softmax:/model/layers.11/self_attn/Softmax,softmax:/model/layers.11/self_attn/Softmax,softmax,softmax_gpu_bf,698,softmax_gpu_bf_18392998524141771378_0_0__sa,softmax_gpu_bf_18392998524141771378_0_0__sa,1,426,matched,aligned,true,true,true,exec_profile,gtpin_total_execution_cycles,8013941,15652,cycles,512,8013941,15652,0,0,,,0,0,0,"{""gtpin_avg_execution_cycles_per_invocation"":15652,""gtpin_invocation_count"":512,""gtpin_total_execution_cycles"":8013941}",InvocationCount=512;TotalExecutionCycles=8013941;AvgExecutionCyclesPerInvocation=15652
n1_i0,0,1,0,performance,false,layers.*/self_attn,/model/layers.15/self_attn/Softmax,Softmax,Softmax,softmax:/model/layers.15/self_attn/Softmax,softmax:/model/layers.15/self_attn/Softmax,softmax,softmax_gpu_bf,842,softmax_gpu_bf_18392998524141771378_0_0__sa,softmax_gpu_bf_18392998524141771378_0_0__sa,1,514,matched,aligned,true,true,true,exec_profile,gtpin_total_execution_cycles,7966266,15559,cycles,512,7966266,15559,0,0,,,0,0,0,"{""gtpin_avg_execution_cycles_per_invocation"":15559,""gtpin_invocation_count"":512,""gtpin_total_execution_cycles"":7966266}",InvocationCount=512;TotalExecutionCycles=7966266;AvgExecutionCyclesPerInvocation=15559
n1_i0,0,1,0,performance,false,layers.*/self_attn,/model/layers.14/self_attn/Softmax,Softmax,Softmax,softmax:/model/layers.14/self_attn/Softmax,softmax:/model/layers.14/self_attn/Softmax,softmax,softmax_gpu_bf,806,softmax_gpu_bf_18392998524141771378_0_0__sa,softmax_gpu_bf_18392998524141771378_0_0__sa,1,492,matched,aligned,true,true,true,exec_profile,gtpin_total_execution_cycles,7959491,15545,cycles,512,7959491,15545,0,0,,,0,0,0,"{""gtpin_avg_execution_cycles_per_invocation"":15545,""gtpin_invocation_count"":512,""gtpin_total_execution_cycles"":7959491}",InvocationCount=512;TotalExecutionCycles=7959491;AvgExecutionCyclesPerInvocation=15545
n1_i0,0,1,0,performance,false,layers.*/self_attn,/model/layers.9/self_attn/Softmax,Softmax,Softmax,softmax:/model/layers.9/self_attn/Softmax,softmax:/model/layers.9/self_attn/Softmax,softmax,softmax_gpu_bf,626,softmax_gpu_bf_18392998524141771378_0_0__sa,softmax_gpu_bf_18392998524141771378_0_0__sa,1,382,matched,aligned,true,true,true,exec_profile,gtpin_total_execution_cycles,7926412,15481,cycles,512,7926412,15481,0,0,,,0,0,0,"{""gtpin_avg_execution_cycles_per_invocation"":15481,""gtpin_invocation_count"":512,""gtpin_total_execution_cycles"":7926412}",InvocationCount=512;TotalExecutionCycles=7926412;AvgExecutionCyclesPerInvocation=15481
n1_i0,0,1,0,performance,false,layers.*/self_attn,/model/layers.21/self_attn/Expand,Broadcast,Broadcast,broadcast:/model/layers.21/self_attn/Expand,broadcast:/model/layers.21/self_attn/Expand,broadcast,broadcast_gpu_ref,1053,broadcast_gpu_ref_6456514822857321615_0_0__sa,broadcast_gpu_ref_6456514822857321615_0_0__sa,1,642,matched,aligned,true,true,true,exec_profile,gtpin_total_execution_cycles,7847630,7663,cycles,1024,7847630,7663,0,0,,,0,0,0,"{""gtpin_avg_execution_cycles_per_invocation"":7663,""gtpin_invocation_count"":1024,""gtpin_total_execution_cycles"":7847630}",InvocationCount=1024;TotalExecutionCycles=7847630;AvgExecutionCyclesPerInvocation=7663
n1_i0,0,1,0,performance,false,layers.*/self_attn,/model/layers.17/self_attn/Expand,Broadcast,Broadcast,broadcast:/model/layers.17/self_attn/Expand,broadcast:/model/layers.17/self_attn/Expand,broadcast,broadcast_gpu_ref,909,broadcast_gpu_ref_6456514822857321615_0_0__sa,broadcast_gpu_ref_6456514822857321615_0_0__sa,1,554,matched,aligned,true,true,true,exec_profile,gtpin_total_execution_cycles,7840750,7656,cycles,1024,7840750,7656,0,0,,,0,0,0,"{""gtpin_avg_execution_cycles_per_invocation"":7656,""gtpin_invocation_count"":1024,""gtpin_total_execution_cycles"":7840750}",InvocationCount=1024;TotalExecutionCycles=7840750;AvgExecutionCyclesPerInvocation=7656
n1_i0,0,1,0,performance,false,layers.*/self_attn,/model/layers.2/self_attn/Softmax,Softmax,Softmax,softmax:/model/layers.2/self_attn/Softmax,softmax:/model/layers.2/self_attn/Softmax,softmax,softmax_gpu_bf,374,softmax_gpu_bf_18392998524141771378_0_0__sa,softmax_gpu_bf_18392998524141771378_0_0__sa,1,228,matched,aligned,true,true,true,exec_profile,gtpin_total_execution_cycles,7828496,15290,cycles,512,7828496,15290,0,0,,,0,0,0,"{""gtpin_avg_execution_cycles_per_invocation"":15290,""gtpin_invocation_count"":512,""gtpin_total_execution_cycles"":7828496}",InvocationCount=512;TotalExecutionCycles=7828496;AvgExecutionCyclesPerInvocation=15290
n1_i0,0,1,0,performance,false,layers.*/self_attn,/model/layers.4/self_attn/Softmax,Softmax,Softmax,softmax:/model/layers.4/self_attn/Softmax,softmax:/model/layers.4/self_attn/Softmax,softmax,softmax_gpu_bf,446,softmax_gpu_bf_18392998524141771378_0_0__sa,softmax_gpu_bf_18392998524141771378_0_0__sa,1,272,matched,aligned,true,true,true,exec_profile,gtpin_total_execution_cycles,7827710,15288,cycles,512,7827710,15288,0,0,,,0,0,0,"{""gtpin_avg_execution_cycles_per_invocation"":15288,""gtpin_invocation_count"":512,""gtpin_total_execution_cycles"":7827710}",InvocationCount=512;TotalExecutionCycles=7827710;AvgExecutionCyclesPerInvocation=15288
n1_i0,0,1,0,performance,false,layers.*/self_attn,/model/layers.8/self_attn/Softmax,Softmax,Softmax,softmax:/model/layers.8/self_attn/Softmax,softmax:/model/layers.8/self_attn/Softmax,softmax,softmax_gpu_bf,590,softmax_gpu_bf_18392998524141771378_0_0__sa,softmax_gpu_bf_18392998524141771378_0_0__sa,1,360,matched,aligned,true,true,true,exec_profile,gtpin_total_execution_cycles,7709827,15058,cycles,512,7709827,15058,0,0,,,0,0,0,"{""gtpin_avg_execution_cycles_per_invocation"":15058,""gtpin_invocation_count"":512,""gtpin_total_execution_cycles"":7709827}",InvocationCount=512;TotalExecutionCycles=7709827;AvgExecutionCyclesPerInvocation=15058
n1_i0,0,1,0,performance,false,layers.*/self_attn,/model/layers.11/self_attn/Expand_1,Broadcast,Broadcast,broadcast:/model/layers.11/self_attn/Expand_1,broadcast:/model/layers.11/self_attn/Expand_1,broadcast,broadcast_gpu_ref,686,broadcast_gpu_ref_6456514822857321615_0_0__sa,broadcast_gpu_ref_6456514822857321615_0_0__sa,1,421,matched,aligned,true,true,true,exec_profile,gtpin_total_execution_cycles,7181124,7012,cycles,1024,7181124,7012,0,0,,,0,0,0,"{""gtpin_avg_execution_cycles_per_invocation"":7012,""gtpin_invocation_count"":1024,""gtpin_total_execution_cycles"":7181124}",InvocationCount=1024;TotalExecutionCycles=7181124;AvgExecutionCyclesPerInvocation=7012
n1_i0,0,1,0,performance,false,layers.*/self_attn,/model/layers.5/self_attn/Expand,Broadcast,Broadcast,broadcast:/model/layers.5/self_attn/Expand,broadcast:/model/layers.5/self_attn/Expand,broadcast,broadcast_gpu_ref,477,broadcast_gpu_ref_6456514822857321615_0_0__sa,broadcast_gpu_ref_6456514822857321615_0_0__sa,1,290,matched,aligned,true,true,true,exec_profile,gtpin_total_execution_cycles,7143610,6976,cycles,1024,7143610,6976,0,0,,,0,0,0,"{""gtpin_avg_execution_cycles_per_invocation"":6976,""gtpin_invocation_count"":1024,""gtpin_total_execution_cycles"":7143610}",InvocationCount=1024;TotalExecutionCycles=7143610;AvgExecutionCyclesPerInvocation=6976
n1_i0,0,1,0,performance,false,layers.*/self_attn,/model/layers.13/self_attn/Expand,Broadcast,Broadcast,broadcast:/model/layers.13/self_attn/Expand,broadcast:/model/layers.13/self_attn/Expand,broadcast,broadcast_gpu_ref,765,broadcast_gpu_ref_6456514822857321615_0_0__sa,broadcast_gpu_ref_6456514822857321615_0_0__sa,1,466,matched,aligned,true,true,true,exec_profile,gtpin_total_execution_cycles,6998966,6834,cycles,1024,6998966,6834,0,0,,,0,0,0,"{""gtpin_avg_execution_cycles_per_invocation"":6834,""gtpin_invocation_count"":1024,""gtpin_total_execution_cycles"":6998966}",InvocationCount=1024;TotalExecutionCycles=6998966;AvgExecutionCyclesPerInvocation=6834
n1_i0,0,1,0,performance,false,layers.*/self_attn,/model/layers.9/self_attn/Expand,Broadcast,Broadcast,broadcast:/model/layers.9/self_attn/Expand,broadcast:/model/layers.9/self_attn/Expand,broadcast,broadcast_gpu_ref,621,broadcast_gpu_ref_6456514822857321615_0_0__sa,broadcast_gpu_ref_6456514822857321615_0_0__sa,1,378,matched,aligned,true,true,true,exec_profile,gtpin_total_execution_cycles,6748304,6590,cycles,1024,6748304,6590,0,0,,,0,0,0,"{""gtpin_avg_execution_cycles_per_invocation"":6590,""gtpin_invocation_count"":1024,""gtpin_total_execution_cycles"":6748304}",InvocationCount=1024;TotalExecutionCycles=6748304;AvgExecutionCyclesPerInvocation=6590
n1_i0,0,1,0,performance,false,layers.*/self_attn,/model/layers.10/self_attn/Expand,Broadcast,Broadcast,broadcast:/model/layers.10/self_attn/Expand,broadcast:/model/layers.10/self_attn/Expand,broadcast,broadcast_gpu_ref,657,broadcast_gpu_ref_6456514822857321615_0_0__sa,broadcast_gpu_ref_6456514822857321615_0_0__sa,1,400,matched,aligned,true,true,true,exec_profile,gtpin_total_execution_cycles,6656254,6500,cycles,1024,6656254,6500,0,0,,,0,0,0,"{""gtpin_avg_execution_cycles_per_invocation"":6500,""gtpin_invocation_count"":1024,""gtpin_total_execution_cycles"":6656254}",InvocationCount=1024;TotalExecutionCycles=6656254;AvgExecutionCyclesPerInvocation=6500
n1_i0,0,1,0,performance,false,layers.*/self_attn,/model/layers.18/self_attn/Expand,Broadcast,Broadcast,broadcast:/model/layers.18/self_attn/Expand,broadcast:/model/layers.18/self_attn/Expand,broadcast,broadcast_gpu_ref,945,broadcast_gpu_ref_6456514822857321615_0_0__sa,broadcast_gpu_ref_6456514822857321615_0_0__sa,1,576,matched,aligned,true,true,true,exec_profile,gtpin_total_execution_cycles,6636684,6481,cycles,1024,6636684,6481,0,0,,,0,0,0,"{""gtpin_avg_execution_cycles_per_invocation"":6481,""gtpin_invocation_count"":1024,""gtpin_total_execution_cycles"":6636684}",InvocationCount=1024;TotalExecutionCycles=6636684;AvgExecutionCyclesPerInvocation=6481
n1_i0,0,1,0,performance,false,layers.*/self_attn,/model/layers.6/self_attn/Expand,Broadcast,Broadcast,broadcast:/model/layers.6/self_attn/Expand,broadcast:/model/layers.6/self_attn/Expand,broadcast,broadcast_gpu_ref,513,broadcast_gpu_ref_6456514822857321615_0_0__sa,broadcast_gpu_ref_6456514822857321615_0_0__sa,1,312,matched,aligned,true,true,true,exec_profile,gtpin_total_execution_cycles,6591460,6436,cycles,1024,6591460,6436,0,0,,,0,0,0,"{""gtpin_avg_execution_cycles_per_invocation"":6436,""gtpin_invocation_count"":1024,""gtpin_total_execution_cycles"":6591460}",InvocationCount=1024;TotalExecutionCycles=6591460;AvgExecutionCyclesPerInvocation=6436
n1_i0,0,1,0,performance,false,layers.*/self_attn,/model/layers.7/self_attn/Expand_1,Broadcast,Broadcast,broadcast:/model/layers.7/self_attn/Expand_1,broadcast:/model/layers.7/self_attn/Expand_1,broadcast,broadcast_gpu_ref,542,broadcast_gpu_ref_6456514822857321615_0_0__sa,broadcast_gpu_ref_6456514822857321615_0_0__sa,1,333,matched,aligned,true,true,true,exec_profile,gtpin_total_execution_cycles,6578704,6424,cycles,1024,6578704,6424,0,0,,,0,0,0,"{""gtpin_avg_execution_cycles_per_invocation"":6424,""gtpin_invocation_count"":1024,""gtpin_total_execution_cycles"":6578704}",InvocationCount=1024;TotalExecutionCycles=6578704;AvgExecutionCyclesPerInvocation=6424
n1_i0,0,1,0,performance,false,layers.*/self_attn,/model/layers.21/self_attn/Transpose_3,Transpose,Transpose,transpose:/model/layers.21/self_attn/Transpose_3,transpose:/model/layers.21/self_attn/Transpose_3,permute,permute_ref,1056,permute_ref_17183202574580890641_0_0__sa,permute_ref_17183202574580890641_0_0__sa,1,644,matched,aligned,true,true,true,exec_profile,gtpin_total_execution_cycles,6239404,6093,cycles,1024,6239404,6093,0,0,,,0,0,0,"{""gtpin_avg_execution_cycles_per_invocation"":6093,""gtpin_invocation_count"":1024,""gtpin_total_execution_cycles"":6239404}",InvocationCount=1024;TotalExecutionCycles=6239404;AvgExecutionCyclesPerInvocation=6093
n1_i0,0,1,0,performance,false,layers.*/self_attn,/model/layers.18/self_attn/Transpose_3,Transpose,Transpose,transpose:/model/layers.18/self_attn/Transpose_3,transpose:/model/layers.18/self_attn/Transpose_3,permute,permute_ref,948,permute_ref_17183202574580890641_0_0__sa,permute_ref_17183202574580890641_0_0__sa,1,578,matched,aligned,true,true,true,exec_profile,gtpin_total_execution_cycles,6194450,6049,cycles,1024,6194450,6049,0,0,,,0,0,0,"{""gtpin_avg_execution_cycles_per_invocation"":6049,""gtpin_invocation_count"":1024,""gtpin_total_execution_cycles"":6194450}",InvocationCount=1024;TotalExecutionCycles=6194450;AvgExecutionCyclesPerInvocation=6049
n1_i0,0,1,0,performance,false,layers.*/self_attn,/model/layers.14/self_attn/Expand,Broadcast,Broadcast,broadcast:/model/layers.14/self_attn/Expand,broadcast:/model/layers.14/self_attn/Expand,broadcast,broadcast_gpu_ref,801,broadcast_gpu_ref_6456514822857321615_0_0__sa,broadcast_gpu_ref_6456514822857321615_0_0__sa,1,488,matched,aligned,true,true,true,exec_profile,gtpin_total_execution_cycles,6182576,6037,cycles,1024,6182576,6037,0,0,,,0,0,0,"{""gtpin_avg_execution_cycles_per_invocation"":6037,""gtpin_invocation_count"":1024,""gtpin_total_execution_cycles"":6182576}",InvocationCount=1024;TotalExecutionCycles=6182576;AvgExecutionCyclesPerInvocation=6037
n1_i0,0,1,0,performance,false,layers.*/self_attn,/model/layers.14/self_attn/Transpose_3,Transpose,Transpose,transpose:/model/layers.14/self_attn/Transpose_3,transpose:/model/layers.14/self_attn/Transpose_3,permute,permute_ref,804,permute_ref_17183202574580890641_0_0__sa,permute_ref_17183202574580890641_0_0__sa,1,490,matched,aligned,true,true,true,exec_profile,gtpin_total_execution_cycles,6085940,5943,cycles,1024,6085940,5943,0,0,,,0,0,0,"{""gtpin_avg_execution_cycles_per_invocation"":5943,""gtpin_invocation_count"":1024,""gtpin_total_execution_cycles"":6085940}",InvocationCount=1024;TotalExecutionCycles=6085940;AvgExecutionCyclesPerInvocation=5943
n1_i0,0,1,0,performance,false,layers.*/self_attn,/model/layers.2/self_attn/Expand,Broadcast,Broadcast,broadcast:/model/layers.2/self_attn/Expand,broadcast:/model/layers.2/self_attn/Expand,broadcast,broadcast_gpu_ref,369,broadcast_gpu_ref_6456514822857321615_0_0__sa,broadcast_gpu_ref_6456514822857321615_0_0__sa,1,224,matched,aligned,true,true,true,exec_profile,gtpin_total_execution_cycles,6043642,5901,cycles,1024,6043642,5901,0,0,,,0,0,0,"{""gtpin_avg_execution_cycles_per_invocation"":5901,""gtpin_invocation_count"":1024,""gtpin_total_execution_cycles"":6043642}",InvocationCount=1024;TotalExecutionCycles=6043642;AvgExecutionCyclesPerInvocation=5901
n1_i0,0,1,0,performance,false,layers.*/self_attn,/model/layers.19/self_attn/Expand_1,Broadcast,Broadcast,broadcast:/model/layers.19/self_attn/Expand_1,broadcast:/model/layers.19/self_attn/Expand_1,broadcast,broadcast_gpu_ref,974,broadcast_gpu_ref_6456514822857321615_0_0__sa,broadcast_gpu_ref_6456514822857321615_0_0__sa,1,597,matched,aligned,true,true,true,exec_profile,gtpin_total_execution_cycles,6036640,5895,cycles,1024,6036640,5895,0,0,,,0,0,0,"{""gtpin_avg_execution_cycles_per_invocation"":5895,""gtpin_invocation_count"":1024,""gtpin_total_execution_cycles"":6036640}",InvocationCount=1024;TotalExecutionCycles=6036640;AvgExecutionCyclesPerInvocation=5895
n1_i0,0,1,0,performance,false,layers.*/self_attn,/model/layers.13/self_attn/Transpose_3,Transpose,Transpose,transpose:/model/layers.13/self_attn/Transpose_3,transpose:/model/layers.13/self_attn/Transpose_3,permute,permute_ref,768,permute_ref_17183202574580890641_0_0__sa,permute_ref_17183202574580890641_0_0__sa,1,468,matched,aligned,true,true,true,exec_profile,gtpin_total_execution_cycles,6002700,5862,cycles,1024,6002700,5862,0,0,,,0,0,0,"{""gtpin_avg_execution_cycles_per_invocation"":5862,""gtpin_invocation_count"":1024,""gtpin_total_execution_cycles"":6002700}",InvocationCount=1024;TotalExecutionCycles=6002700;AvgExecutionCyclesPerInvocation=5862
n1_i0,0,1,0,performance,false,layers.*/self_attn,/model/layers.6/self_attn/Transpose_3,Transpose,Transpose,transpose:/model/layers.6/self_attn/Transpose_3,transpose:/model/layers.6/self_attn/Transpose_3,permute,permute_ref,516,permute_ref_17183202574580890641_0_0__sa,permute_ref_17183202574580890641_0_0__sa,1,314,matched,aligned,true,true,true,exec_profile,gtpin_total_execution_cycles,5971538,5831,cycles,1024,5971538,5831,0,0,,,0,0,0,"{""gtpin_avg_execution_cycles_per_invocation"":5831,""gtpin_invocation_count"":1024,""gtpin_total_execution_cycles"":5971538}",InvocationCount=1024;TotalExecutionCycles=5971538;AvgExecutionCyclesPerInvocation=5831
n1_i0,0,1,0,performance,false,layers.*/self_attn,/model/layers.1/self_attn/Expand,Broadcast,Broadcast,broadcast:/model/layers.1/self_attn/Expand,broadcast:/model/layers.1/self_attn/Expand,broadcast,broadcast_gpu_ref,333,broadcast_gpu_ref_6456514822857321615_0_0__sa,broadcast_gpu_ref_6456514822857321615_0_0__sa,1,202,matched,aligned,true,true,true,exec_profile,gtpin_total_execution_cycles,5962774,5823,cycles,1024,5962774,5823,0,0,,,0,0,0,"{""gtpin_avg_execution_cycles_per_invocation"":5823,""gtpin_invocation_count"":1024,""gtpin_total_execution_cycles"":5962774}",InvocationCount=1024;TotalExecutionCycles=5962774;AvgExecutionCyclesPerInvocation=5823
n1_i0,0,1,0,performance,false,layers.*/self_attn,/model/layers.17/self_attn/Transpose_3,Transpose,Transpose,transpose:/model/layers.17/self_attn/Transpose_3,transpose:/model/layers.17/self_attn/Transpose_3,permute,permute_ref,912,permute_ref_17183202574580890641_0_0__sa,permute_ref_17183202574580890641_0_0__sa,1,556,matched,aligned,true,true,true,exec_profile,gtpin_total_execution_cycles,5945166,5805,cycles,1024,5945166,5805,0,0,,,0,0,0,"{""gtpin_avg_execution_cycles_per_invocation"":5805,""gtpin_invocation_count"":1024,""gtpin_total_execution_cycles"":5945166}",InvocationCount=1024;TotalExecutionCycles=5945166;AvgExecutionCyclesPerInvocation=5805
n1_i0,0,1,0,performance,false,layers.*/self_attn,/model/layers.5/self_attn/Transpose_3,Transpose,Transpose,transpose:/model/layers.5/self_attn/Transpose_3,transpose:/model/layers.5/self_attn/Transpose_3,permute,permute_ref,480,permute_ref_17183202574580890641_0_0__sa,permute_ref_17183202574580890641_0_0__sa,1,292,matched,aligned,true,true,true,exec_profile,gtpin_total_execution_cycles,5938846,5799,cycles,1024,5938846,5799,0,0,,,0,0,0,"{""gtpin_avg_execution_cycles_per_invocation"":5799,""gtpin_invocation_count"":1024,""gtpin_total_execution_cycles"":5938846}",InvocationCount=1024;TotalExecutionCycles=5938846;AvgExecutionCyclesPerInvocation=5799
n1_i0,0,1,0,performance,false,layers.*/self_attn,/model/layers.19/self_attn/Transpose_3,Transpose,Transpose,transpose:/model/layers.19/self_attn/Transpose_3,transpose:/model/layers.19/self_attn/Transpose_3,permute,permute_ref,984,permute_ref_17183202574580890641_0_0__sa,permute_ref_17183202574580890641_0_0__sa,1,600,matched,aligned,true,true,true,exec_profile,gtpin_total_execution_cycles,5901308,5762,cycles,1024,5901308,5762,0,0,,,0,0,0,"{""gtpin_avg_execution_cycles_per_invocation"":5762,""gtpin_invocation_count"":1024,""gtpin_total_execution_cycles"":5901308}",InvocationCount=1024;TotalExecutionCycles=5901308;AvgExecutionCyclesPerInvocation=5762
n1_i0,0,1,0,performance,false,layers.*/self_attn,/model/layers.11/self_attn/Transpose_3,Transpose,Transpose,transpose:/model/layers.11/self_attn/Transpose_3,transpose:/model/layers.11/self_attn/Transpose_3,permute,permute_ref,696,permute_ref_17183202574580890641_0_0__sa,permute_ref_17183202574580890641_0_0__sa,1,424,matched,aligned,true,true,true,exec_profile,gtpin_total_execution_cycles,5778890,5643,cycles,1024,5778890,5643,0,0,,,0,0,0,"{""gtpin_avg_execution_cycles_per_invocation"":5643,""gtpin_invocation_count"":1024,""gtpin_total_execution_cycles"":5778890}",InvocationCount=1024;TotalExecutionCycles=5778890;AvgExecutionCyclesPerInvocation=5643
n1_i0,0,1,0,performance,false,layers.*/self_attn,/model/layers.10/self_attn/Transpose_3,Transpose,Transpose,transpose:/model/layers.10/self_attn/Transpose_3,transpose:/model/layers.10/self_attn/Transpose_3,permute,permute_ref,660,permute_ref_17183202574580890641_0_0__sa,permute_ref_17183202574580890641_0_0__sa,1,402,matched,aligned,true,true,true,exec_profile,gtpin_total_execution_cycles,5682036,5548,cycles,1024,5682036,5548,0,0,,,0,0,0,"{""gtpin_avg_execution_cycles_per_invocation"":5548,""gtpin_invocation_count"":1024,""gtpin_total_execution_cycles"":5682036}",InvocationCount=1024;TotalExecutionCycles=5682036;AvgExecutionCyclesPerInvocation=5548
n1_i0,0,1,0,performance,false,layers.*/self_attn,/model/layers.0/self_attn/v_proj/MatMul,FullyConnected,FullyConnected,fullyconnected:/model/layers.0/self_attn/v_proj/MatMul,fullyconnected:/model/layers.0/self_attn/v_proj/MatMul,fully_connected,fully_connected_gpu_bf_tiled,238,fully_connected_gpu_bf_tiled_503990915848293325_0_0__sa,fully_connected_gpu_bf_tiled_503990915848293325_0_0__sa,1,161,matched,aligned,true,true,true,exec_profile,gtpin_total_execution_cycles,5535488,345968,cycles,16,5535488,345968,0,0,,,0,0,0,"{""gtpin_avg_execution_cycles_per_invocation"":345968,""gtpin_invocation_count"":16,""gtpin_total_execution_cycles"":5535488}",InvocationCount=16;TotalExecutionCycles=5535488;AvgExecutionCyclesPerInvocation=345968
n1_i0,0,1,0,performance,false,layers.*/self_attn,/model/layers.8/self_attn/Mul_8,Multiply,Multiply,multiply:/model/layers.8/self_attn/Mul_8,multiply:/model/layers.8/self_attn/Mul_8,eltwise,generic_eltwise_ref,575,generic_eltwise_ref_7125964068740378811_0_0__sa,generic_eltwise_ref_7125964068740378811_0_0__sa,1,354,matched,aligned,true,true,true,exec_profile,gtpin_total_execution_cycles,5526556,5397,cycles,1024,5526556,5397,0,0,,,0,0,0,"{""gtpin_avg_execution_cycles_per_invocation"":5397,""gtpin_invocation_count"":1024,""gtpin_total_execution_cycles"":5526556}",InvocationCount=1024;TotalExecutionCycles=5526556;AvgExecutionCyclesPerInvocation=5397
n1_i0,0,1,0,performance,false,layers.*/self_attn,/model/layers.9/self_attn/Transpose_3,Transpose,Transpose,transpose:/model/layers.9/self_attn/Transpose_3,transpose:/model/layers.9/self_attn/Transpose_3,permute,permute_ref,624,permute_ref_17183202574580890641_0_0__sa,permute_ref_17183202574580890641_0_0__sa,1,380,matched,aligned,true,true,true,exec_profile,gtpin_total_execution_cycles,5521630,5392,cycles,1024,5521630,5392,0,0,,,0,0,0,"{""gtpin_avg_execution_cycles_per_invocation"":5392,""gtpin_invocation_count"":1024,""gtpin_total_execution_cycles"":5521630}",InvocationCount=1024;TotalExecutionCycles=5521630;AvgExecutionCyclesPerInvocation=5392
n1_i0,0,1,0,performance,false,layers.*/self_attn,/model/layers.14/self_attn/Mul_8,Multiply,Multiply,multiply:/model/layers.14/self_attn/Mul_8,multiply:/model/layers.14/self_attn/Mul_8,eltwise,generic_eltwise_ref,791,generic_eltwise_ref_7125964068740378811_0_0__sa,generic_eltwise_ref_7125964068740378811_0_0__sa,1,486,matched,aligned,true,true,true,exec_profile,gtpin_total_execution_cycles,5487900,5359,cycles,1024,5487900,5359,0,0,,,0,0,0,"{""gtpin_avg_execution_cycles_per_invocation"":5359,""gtpin_invocation_count"":1024,""gtpin_total_execution_cycles"":5487900}",InvocationCount=1024;TotalExecutionCycles=5487900;AvgExecutionCyclesPerInvocation=5359
n1_i0,0,1,0,performance,false,layers.*/self_attn,/model/layers.7/self_attn/Transpose_3,Transpose,Transpose,transpose:/model/layers.7/self_attn/Transpose_3,transpose:/model/layers.7/self_attn/Transpose_3,permute,permute_ref,552,permute_ref_17183202574580890641_0_0__sa,permute_ref_17183202574580890641_0_0__sa,1,336,matched,aligned,true,true,true,exec_profile,gtpin_total_execution_cycles,5378330,5252,cycles,1024,5378330,5252,0,0,,,0,0,0,"{""gtpin_avg_execution_cycles_per_invocation"":5252,""gtpin_invocation_count"":1024,""gtpin_total_execution_cycles"":5378330}",InvocationCount=1024;TotalExecutionCycles=5378330;AvgExecutionCyclesPerInvocation=5252
n1_i0,0,1,0,performance,false,layers.*/self_attn,/model/layers.1/self_attn/Transpose_3,Transpose,Transpose,transpose:/model/layers.1/self_attn/Transpose_3,transpose:/model/layers.1/self_attn/Transpose_3,permute,permute_ref,336,permute_ref_17183202574580890641_0_0__sa,permute_ref_17183202574580890641_0_0__sa,1,204,matched,aligned,true,true,true,exec_profile,gtpin_total_execution_cycles,5346922,5221,cycles,1024,5346922,5221,0,0,,,0,0,0,"{""gtpin_avg_execution_cycles_per_invocation"":5221,""gtpin_invocation_count"":1024,""gtpin_total_execution_cycles"":5346922}",InvocationCount=1024;TotalExecutionCycles=5346922;AvgExecutionCyclesPerInvocation=5221
n1_i0,0,1,0,performance,false,layers.*/self_attn,/model/layers.12/self_attn/Transpose_3,Transpose,Transpose,transpose:/model/layers.12/self_attn/Transpose_3,transpose:/model/layers.12/self_attn/Transpose_3,permute,permute_ref,732,permute_ref_17183202574580890641_0_0__sa,permute_ref_17183202574580890641_0_0__sa,1,446,matched,aligned,true,true,true,exec_profile,gtpin_total_execution_cycles,5345924,5220,cycles,1024,5345924,5220,0,0,,,0,0,0,"{""gtpin_avg_execution_cycles_per_invocation"":5220,""gtpin_invocation_count"":1024,""gtpin_total_execution_cycles"":5345924}",InvocationCount=1024;TotalExecutionCycles=5345924;AvgExecutionCyclesPerInvocation=5220
n1_i0,0,1,0,performance,false,layers.*/self_attn,/model/layers.21/self_attn/Mul_8,Multiply,Multiply,multiply:/model/layers.21/self_attn/Mul_8,multiply:/model/layers.21/self_attn/Mul_8,eltwise,generic_eltwise_ref,1043,generic_eltwise_ref_7125964068740378811_0_0__sa,generic_eltwise_ref_7125964068740378811_0_0__sa,1,640,matched,aligned,true,true,true,exec_profile,gtpin_total_execution_cycles,5313854,5189,cycles,1024,5313854,5189,0,0,,,0,0,0,"{""gtpin_avg_execution_cycles_per_invocation"":5189,""gtpin_invocation_count"":1024,""gtpin_total_execution_cycles"":5313854}",InvocationCount=1024;TotalExecutionCycles=5313854;AvgExecutionCyclesPerInvocation=5189
n1_i0,0,1,0,performance,false,layers.*/self_attn,/model/layers.17/self_attn/Mul_8,Multiply,Multiply,multiply:/model/layers.17/self_attn/Mul_8,multiply:/model/layers.17/self_attn/Mul_8,eltwise,generic_eltwise_ref,899,generic_eltwise_ref_7125964068740378811_0_0__sa,generic_eltwise_ref_7125964068740378811_0_0__sa,1,552,matched,aligned,true,true,true,exec_profile,gtpin_total_execution_cycles,5301044,5176,cycles,1024,5301044,5176,0,0,,,0,0,0,"{""gtpin_avg_execution_cycles_per_invocation"":5176,""gtpin_invocation_count"":1024,""gtpin_total_execution_cycles"":5301044}",InvocationCount=1024;TotalExecutionCycles=5301044;AvgExecutionCyclesPerInvocation=5176
n1_i0,0,1,0,performance,false,layers.*/self_attn,/model/layers.12/self_attn/Mul_8,Multiply,Multiply,multiply:/model/layers.12/self_attn/Mul_8,multiply:/model/layers.12/self_attn/Mul_8,eltwise,generic_eltwise_ref,719,generic_eltwise_ref_7125964068740378811_0_0__sa,generic_eltwise_ref_7125964068740378811_0_0__sa,1,442,matched,aligned,true,true,true,exec_profile,gtpin_total_execution_cycles,5285724,5161,cycles,1024,5285724,5161,0,0,,,0,0,0,"{""gtpin_avg_execution_cycles_per_invocation"":5161,""gtpin_invocation_count"":1024,""gtpin_total_execution_cycles"":5285724}",InvocationCount=1024;TotalExecutionCycles=5285724;AvgExecutionCyclesPerInvocation=5161
n1_i0,0,1,0,performance,false,layers.*/self_attn,/model/layers.20/self_attn/Mul_8,Multiply,Multiply,multiply:/model/layers.20/self_attn/Mul_8,multiply:/model/layers.20/self_attn/Mul_8,eltwise,generic_eltwise_ref,1007,generic_eltwise_ref_7125964068740378811_0_0__sa,generic_eltwise_ref_7125964068740378811_0_0__sa,1,618,matched,aligned,true,true,true,exec_profile,gtpin_total_execution_cycles,5265078,5141,cycles,1024,5265078,5141,0,0,,,0,0,0,"{""gtpin_avg_execution_cycles_per_invocation"":5141,""gtpin_invocation_count"":1024,""gtpin_total_execution_cycles"":5265078}",InvocationCount=1024;TotalExecutionCycles=5265078;AvgExecutionCyclesPerInvocation=5141
n1_i0,0,1,0,performance,false,layers.*/self_attn,/model/layers.2/self_attn/Transpose_3,Transpose,Transpose,transpose:/model/layers.2/self_attn/Transpose_3,transpose:/model/layers.2/self_attn/Transpose_3,permute,permute_ref,372,permute_ref_17183202574580890641_0_0__sa,permute_ref_17183202574580890641_0_0__sa,1,226,matched,aligned,true,true,true,exec_profile,gtpin_total_execution_cycles,5260524,5137,cycles,1024,5260524,5137,0,0,,,0,0,0,"{""gtpin_avg_execution_cycles_per_invocation"":5137,""gtpin_invocation_count"":1024,""gtpin_total_execution_cycles"":5260524}",InvocationCount=1024;TotalExecutionCycles=5260524;AvgExecutionCyclesPerInvocation=5137
n1_i0,0,1,0,performance,false,layers.*/self_attn,/model/layers.3/self_attn/Expand_1,Broadcast,Broadcast,broadcast:/model/layers.3/self_attn/Expand_1,broadcast:/model/layers.3/self_attn/Expand_1,broadcast,broadcast_gpu_ref,398,broadcast_gpu_ref_6456514822857321615_0_0__sa,broadcast_gpu_ref_6456514822857321615_0_0__sa,1,245,matched,aligned,true,true,true,exec_profile,gtpin_total_execution_cycles,5242734,5119,cycles,1024,5242734,5119,0,0,,,0,0,0,"{""gtpin_avg_execution_cycles_per_invocation"":5119,""gtpin_invocation_count"":1024,""gtpin_total_execution_cycles"":5242734}",InvocationCount=1024;TotalExecutionCycles=5242734;AvgExecutionCyclesPerInvocation=5119
n1_i0,0,1,0,performance,false,embed_tokens,/model/embed_tokens/Gather,Gather,Gather,gather:/model/embed_tokens/Gather,gather:/model/embed_tokens/Gather,gather,gather_ref,229,gather_ref_9653281298055295004_0_0__sa,gather_ref_9653281298055295004_0_0__sa,1,158,matched,aligned,true,true,true,exec_profile,gtpin_total_execution_cycles,5224202,5101,cycles,1024,5224202,5101,0,0,,,0,0,0,"{""gtpin_avg_execution_cycles_per_invocation"":5101,""gtpin_invocation_count"":1024,""gtpin_total_execution_cycles"":5224202}",InvocationCount=1024;TotalExecutionCycles=5224202;AvgExecutionCyclesPerInvocation=5101
n1_i0,0,1,0,performance,false,layers.*/self_attn,/model/layers.15/self_attn/Transpose_3,Transpose,Transpose,transpose:/model/layers.15/self_attn/Transpose_3,transpose:/model/layers.15/self_attn/Transpose_3,permute,permute_ref,840,permute_ref_17183202574580890641_0_0__sa,permute_ref_17183202574580890641_0_0__sa,1,512,matched,aligned,true,true,true,exec_profile,gtpin_total_execution_cycles,5215868,5093,cycles,1024,5215868,5093,0,0,,,0,0,0,"{""gtpin_avg_execution_cycles_per_invocation"":5093,""gtpin_invocation_count"":1024,""gtpin_total_execution_cycles"":5215868}",InvocationCount=1024;TotalExecutionCycles=5215868;AvgExecutionCyclesPerInvocation=5093
n1_i0,0,1,0,performance,false,layers.*/self_attn,/model/layers.3/self_attn/Transpose_3,Transpose,Transpose,transpose:/model/layers.3/self_attn/Transpose_3,transpose:/model/layers.3/self_attn/Transpose_3,permute,permute_ref,408,permute_ref_17183202574580890641_0_0__sa,permute_ref_17183202574580890641_0_0__sa,1,248,matched,aligned,true,true,true,exec_profile,gtpin_total_execution_cycles,5199378,5077,cycles,1024,5199378,5077,0,0,,,0,0,0,"{""gtpin_avg_execution_cycles_per_invocation"":5077,""gtpin_invocation_count"":1024,""gtpin_total_execution_cycles"":5199378}",InvocationCount=1024;TotalExecutionCycles=5199378;AvgExecutionCyclesPerInvocation=5077
n1_i0,0,1,0,performance,false,layers.*/self_attn,/model/layers.4/self_attn/Transpose_3,Transpose,Transpose,transpose:/model/layers.4/self_attn/Transpose_3,transpose:/model/layers.4/self_attn/Transpose_3,permute,permute_ref,444,permute_ref_17183202574580890641_0_0__sa,permute_ref_17183202574580890641_0_0__sa,1,270,matched,aligned,true,true,true,exec_profile,gtpin_total_execution_cycles,5197008,5075,cycles,1024,5197008,5075,0,0,,,0,0,0,"{""gtpin_avg_execution_cycles_per_invocation"":5075,""gtpin_invocation_count"":1024,""gtpin_total_execution_cycles"":5197008}",InvocationCount=1024;TotalExecutionCycles=5197008;AvgExecutionCyclesPerInvocation=5075
n1_i0,0,1,0,performance,false,layers.*/self_attn,/model/layers.1/self_attn/Mul_8,Multiply,Multiply,multiply:/model/layers.1/self_attn/Mul_8,multiply:/model/layers.1/self_attn/Mul_8,eltwise,generic_eltwise_ref,323,generic_eltwise_ref_7125964068740378811_0_0__sa,generic_eltwise_ref_7125964068740378811_0_0__sa,1,200,matched,aligned,true,true,true,exec_profile,gtpin_total_execution_cycles,5140436,5019,cycles,1024,5140436,5019,0,0,,,0,0,0,"{""gtpin_avg_execution_cycles_per_invocation"":5019,""gtpin_invocation_count"":1024,""gtpin_total_execution_cycles"":5140436}",InvocationCount=1024;TotalExecutionCycles=5140436;AvgExecutionCyclesPerInvocation=5019
n1_i0,0,1,0,performance,false,layers.*/self_attn,/model/layers.16/self_attn/Transpose_3,Transpose,Transpose,transpose:/model/layers.16/self_attn/Transpose_3,transpose:/model/layers.16/self_attn/Transpose_3,permute,permute_ref,876,permute_ref_17183202574580890641_0_0__sa,permute_ref_17183202574580890641_0_0__sa,1,534,matched,aligned,true,true,true,exec_profile,gtpin_total_execution_cycles,5111920,4992,cycles,1024,5111920,4992,0,0,,,0,0,0,"{""gtpin_avg_execution_cycles_per_invocation"":4992,""gtpin_invocation_count"":1024,""gtpin_total_execution_cycles"":5111920}",InvocationCount=1024;TotalExecutionCycles=5111920;AvgExecutionCyclesPerInvocation=4992
n1_i0,0,1,0,performance,false,layers.*/self_attn,/model/layers.16/self_attn/Mul_8,Multiply,Multiply,multiply:/model/layers.16/self_attn/Mul_8,multiply:/model/layers.16/self_attn/Mul_8,eltwise,generic_eltwise_ref,863,generic_eltwise_ref_7125964068740378811_0_0__sa,generic_eltwise_ref_7125964068740378811_0_0__sa,1,530,matched,aligned,true,true,true,exec_profile,gtpin_total_execution_cycles,5005680,4888,cycles,1024,5005680,4888,0,0,,,0,0,0,"{""gtpin_avg_execution_cycles_per_invocation"":4888,""gtpin_invocation_count"":1024,""gtpin_total_execution_cycles"":5005680}",InvocationCount=1024;TotalExecutionCycles=5005680;AvgExecutionCyclesPerInvocation=4888
n1_i0,0,1,0,performance,false,layers.*/self_attn,/model/layers.18/self_attn/Mul_8,Multiply,Multiply,multiply:/model/layers.18/self_attn/Mul_8,multiply:/model/layers.18/self_attn/Mul_8,eltwise,generic_eltwise_ref,935,generic_eltwise_ref_7125964068740378811_0_0__sa,generic_eltwise_ref_7125964068740378811_0_0__sa,1,574,matched,aligned,true,true,true,exec_profile,gtpin_total_execution_cycles,4966080,4849,cycles,1024,4966080,4849,0,0,,,0,0,0,"{""gtpin_avg_execution_cycles_per_invocation"":4849,""gtpin_invocation_count"":1024,""gtpin_total_execution_cycles"":4966080}",InvocationCount=1024;TotalExecutionCycles=4966080;AvgExecutionCyclesPerInvocation=4849
n1_i0,0,1,0,performance,false,layers.*/self_attn,/model/layers.20/self_attn/Transpose_3,Transpose,Transpose,transpose:/model/layers.20/self_attn/Transpose_3,transpose:/model/layers.20/self_attn/Transpose_3,permute,permute_ref,1020,permute_ref_17183202574580890641_0_0__sa,permute_ref_17183202574580890641_0_0__sa,1,622,matched,aligned,true,true,true,exec_profile,gtpin_total_execution_cycles,4905160,4790,cycles,1024,4905160,4790,0,0,,,0,0,0,"{""gtpin_avg_execution_cycles_per_invocation"":4790,""gtpin_invocation_count"":1024,""gtpin_total_execution_cycles"":4905160}",InvocationCount=1024;TotalExecutionCycles=4905160;AvgExecutionCyclesPerInvocation=4790
n1_i0,0,1,0,performance,false,layers.*/self_attn,/model/layers.4/self_attn/Mul_8,Multiply,Multiply,multiply:/model/layers.4/self_attn/Mul_8,multiply:/model/layers.4/self_attn/Mul_8,eltwise,generic_eltwise_ref,431,generic_eltwise_ref_7125964068740378811_0_0__sa,generic_eltwise_ref_7125964068740378811_0_0__sa,1,266,matched,aligned,true,true,true,exec_profile,gtpin_total_execution_cycles,4870764,4756,cycles,1024,4870764,4756,0,0,,,0,0,0,"{""gtpin_avg_execution_cycles_per_invocation"":4756,""gtpin_invocation_count"":1024,""gtpin_total_execution_cycles"":4870764}",InvocationCount=1024;TotalExecutionCycles=4870764;AvgExecutionCyclesPerInvocation=4756
n1_i0,0,1,0,performance,false,layers.*/self_attn,/model/layers.7/self_attn/Mul_8,Multiply,Multiply,multiply:/model/layers.7/self_attn/Mul_8,multiply:/model/layers.7/self_attn/Mul_8,eltwise,generic_eltwise_ref,539,generic_eltwise_ref_7125964068740378811_0_0__sa,generic_eltwise_ref_7125964068740378811_0_0__sa,1,332,matched,aligned,true,true,true,exec_profile,gtpin_total_execution_cycles,4809792,4697,cycles,1024,4809792,4697,0,0,,,0,0,0,"{""gtpin_avg_execution_cycles_per_invocation"":4697,""gtpin_invocation_count"":1024,""gtpin_total_execution_cycles"":4809792}",InvocationCount=1024;TotalExecutionCycles=4809792;AvgExecutionCyclesPerInvocation=4697
n1_i0,0,1,0,performance,false,layers.*/self_attn,/model/layers.5/self_attn/Mul_8,Multiply,Multiply,multiply:/model/layers.5/self_attn/Mul_8,multiply:/model/layers.5/self_attn/Mul_8,eltwise,generic_eltwise_ref,467,generic_eltwise_ref_7125964068740378811_0_0__sa,generic_eltwise_ref_7125964068740378811_0_0__sa,1,288,matched,aligned,true,true,true,exec_profile,gtpin_total_execution_cycles,4796462,4684,cycles,1024,4796462,4684,0,0,,,0,0,0,"{""gtpin_avg_execution_cycles_per_invocation"":4684,""gtpin_invocation_count"":1024,""gtpin_total_execution_cycles"":4796462}",InvocationCount=1024;TotalExecutionCycles=4796462;AvgExecutionCyclesPerInvocation=4684
n1_i0,0,1,0,performance,false,layers.*/self_attn,/model/layers.10/self_attn/Mul_8,Multiply,Multiply,multiply:/model/layers.10/self_attn/Mul_8,multiply:/model/layers.10/self_attn/Mul_8,eltwise,generic_eltwise_ref,647,generic_eltwise_ref_7125964068740378811_0_0__sa,generic_eltwise_ref_7125964068740378811_0_0__sa,1,398,matched,aligned,true,true,true,exec_profile,gtpin_total_execution_cycles,4762280,4650,cycles,1024,4762280,4650,0,0,,,0,0,0,"{""gtpin_avg_execution_cycles_per_invocation"":4650,""gtpin_invocation_count"":1024,""gtpin_total_execution_cycles"":4762280}",InvocationCount=1024;TotalExecutionCycles=4762280;AvgExecutionCyclesPerInvocation=4650
n1_i0,0,1,0,performance,false,layers.*/self_attn,/model/layers.15/self_attn/Mul_8,Multiply,Multiply,multiply:/model/layers.15/self_attn/Mul_8,multiply:/model/layers.15/self_attn/Mul_8,eltwise,generic_eltwise_ref,827,generic_eltwise_ref_7125964068740378811_0_0__sa,generic_eltwise_ref_7125964068740378811_0_0__sa,1,508,matched,aligned,true,true,true,exec_profile,gtpin_total_execution_cycles,4736838,4625,cycles,1024,4736838,4625,0,0,,,0,0,0,"{""gtpin_avg_execution_cycles_per_invocation"":4625,""gtpin_invocation_count"":1024,""gtpin_total_execution_cycles"":4736838}",InvocationCount=1024;TotalExecutionCycles=4736838;AvgExecutionCyclesPerInvocation=4625
n1_i0,0,1,0,performance,false,layers.*/self_attn,/model/layers.20/self_attn/Expand_1,Broadcast,Broadcast,broadcast:/model/layers.20/self_attn/Expand_1,broadcast:/model/layers.20/self_attn/Expand_1,broadcast,broadcast_gpu_ref,1010,broadcast_gpu_ref_6456514822857321615_0_0__sa,broadcast_gpu_ref_6456514822857321615_0_0__sa,1,619,matched,aligned,true,true,true,exec_profile,gtpin_total_execution_cycles,4729636,4618,cycles,1024,4729636,4618,0,0,,,0,0,0,"{""gtpin_avg_execution_cycles_per_invocation"":4618,""gtpin_invocation_count"":1024,""gtpin_total_execution_cycles"":4729636}",InvocationCount=1024;TotalExecutionCycles=4729636;AvgExecutionCyclesPerInvocation=4618
n1_i0,0,1,0,performance,false,layers.*/self_attn,/model/layers.8/self_attn/Transpose_3,Transpose,Transpose,transpose:/model/layers.8/self_attn/Transpose_3,transpose:/model/layers.8/self_attn/Transpose_3,permute,permute_ref,588,permute_ref_17183202574580890641_0_0__sa,permute_ref_17183202574580890641_0_0__sa,1,358,matched,aligned,true,true,true,exec_profile,gtpin_total_execution_cycles,4698664,4588,cycles,1024,4698664,4588,0,0,,,0,0,0,"{""gtpin_avg_execution_cycles_per_invocation"":4588,""gtpin_invocation_count"":1024,""gtpin_total_execution_cycles"":4698664}",InvocationCount=1024;TotalExecutionCycles=4698664;AvgExecutionCyclesPerInvocation=4588
n1_i0,0,1,0,performance,false,layers.*/self_attn,/model/layers.6/self_attn/Mul_8,Multiply,Multiply,multiply:/model/layers.6/self_attn/Mul_8,multiply:/model/layers.6/self_attn/Mul_8,eltwise,generic_eltwise_ref,503,generic_eltwise_ref_7125964068740378811_0_0__sa,generic_eltwise_ref_7125964068740378811_0_0__sa,1,310,matched,aligned,true,true,true,exec_profile,gtpin_total_execution_cycles,4638944,4530,cycles,1024,4638944,4530,0,0,,,0,0,0,"{""gtpin_avg_execution_cycles_per_invocation"":4530,""gtpin_invocation_count"":1024,""gtpin_total_execution_cycles"":4638944}",InvocationCount=1024;TotalExecutionCycles=4638944;AvgExecutionCyclesPerInvocation=4530
n1_i0,0,1,0,performance,false,layers.*/self_attn,/model/layers.9/self_attn/Mul_8,Multiply,Multiply,multiply:/model/layers.9/self_attn/Mul_8,multiply:/model/layers.9/self_attn/Mul_8,eltwise,generic_eltwise_ref,611,generic_eltwise_ref_7125964068740378811_0_0__sa,generic_eltwise_ref_7125964068740378811_0_0__sa,1,376,matched,aligned,true,true,true,exec_profile,gtpin_total_execution_cycles,4636846,4528,cycles,1024,4636846,4528,0,0,,,0,0,0,"{""gtpin_avg_execution_cycles_per_invocation"":4528,""gtpin_invocation_count"":1024,""gtpin_total_execution_cycles"":4636846}",InvocationCount=1024;TotalExecutionCycles=4636846;AvgExecutionCyclesPerInvocation=4528
n1_i0,0,1,0,performance,false,layers.*/self_attn,/model/layers.20/self_attn/MatMul,Gemm,Gemm,gemm:/model/layers.20/self_attn/MatMul,gemm:/model/layers.20/self_attn/MatMul,gemm,gemm_tiled_opt,1021,gemm_tiled_opt_7238579717421349067_1_0__sa,gemm_tiled_opt_7238579717421349067_1_0__sa,1,623,matched,aligned,true,true,true,exec_profile,gtpin_total_execution_cycles,4623720,144491,cycles,32,4623720,144491,0,0,,,0,0,0,"{""gtpin_avg_execution_cycles_per_invocation"":144491,""gtpin_invocation_count"":32,""gtpin_total_execution_cycles"":4623720}",InvocationCount=32;TotalExecutionCycles=4623720;AvgExecutionCyclesPerInvocation=144491
n1_i0,0,1,0,performance,false,layers.*/self_attn,/model/layers.12/self_attn/Expand,Broadcast,Broadcast,broadcast:/model/layers.12/self_attn/Expand,broadcast:/model/layers.12/self_attn/Expand,broadcast,broadcast_gpu_ref,729,broadcast_gpu_ref_6456514822857321615_0_0__sa,broadcast_gpu_ref_6456514822857321615_0_0__sa,1,444,matched,aligned,true,true,true,exec_profile,gtpin_total_execution_cycles,4570632,4463,cycles,1024,4570632,4463,0,0,,,0,0,0,"{""gtpin_avg_execution_cycles_per_invocation"":4463,""gtpin_invocation_count"":1024,""gtpin_total_execution_cycles"":4570632}",InvocationCount=1024;TotalExecutionCycles=4570632;AvgExecutionCyclesPerInvocation=4463
n1_i0,0,1,0,performance,false,layers.*/self_attn,/model/layers.2/self_attn/Mul_8,Multiply,Multiply,multiply:/model/layers.2/self_attn/Mul_8,multiply:/model/layers.2/self_attn/Mul_8,eltwise,generic_eltwise_ref,359,generic_eltwise_ref_7125964068740378811_0_0__sa,generic_eltwise_ref_7125964068740378811_0_0__sa,1,222,matched,aligned,true,true,true,exec_profile,gtpin_total_execution_cycles,4563166,4456,cycles,1024,4563166,4456,0,0,,,0,0,0,"{""gtpin_avg_execution_cycles_per_invocation"":4456,""gtpin_invocation_count"":1024,""gtpin_total_execution_cycles"":4563166}",InvocationCount=1024;TotalExecutionCycles=4563166;AvgExecutionCyclesPerInvocation=4456
n1_i0,0,1,0,performance,false,layers.*/self_attn,/model/layers.15/self_attn/Expand_1,Broadcast,Broadcast,broadcast:/model/layers.15/self_attn/Expand_1,broadcast:/model/layers.15/self_attn/Expand_1,broadcast,broadcast_gpu_ref,830,broadcast_gpu_ref_6456514822857321615_0_0__sa,broadcast_gpu_ref_6456514822857321615_0_0__sa,1,509,matched,aligned,true,true,true,exec_profile,gtpin_total_execution_cycles,4529066,4422,cycles,1024,4529066,4422,0,0,,,0,0,0,"{""gtpin_avg_execution_cycles_per_invocation"":4422,""gtpin_invocation_count"":1024,""gtpin_total_execution_cycles"":4529066}",InvocationCount=1024;TotalExecutionCycles=4529066;AvgExecutionCyclesPerInvocation=4422
n1_i0,0,1,0,performance,false,layers.*/self_attn,/model/layers.13/self_attn/Expand_1,Broadcast,Broadcast,broadcast:/model/layers.13/self_attn/Expand_1,broadcast:/model/layers.13/self_attn/Expand_1,broadcast,broadcast_gpu_ref,758,broadcast_gpu_ref_6456514822857321615_0_0__sa,broadcast_gpu_ref_6456514822857321615_0_0__sa,1,465,matched,aligned,true,true,true,exec_profile,gtpin_total_execution_cycles,4516030,4410,cycles,1024,4516030,4410,0,0,,,0,0,0,"{""gtpin_avg_execution_cycles_per_invocation"":4410,""gtpin_invocation_count"":1024,""gtpin_total_execution_cycles"":4516030}",InvocationCount=1024;TotalExecutionCycles=4516030;AvgExecutionCyclesPerInvocation=4410
n1_i0,0,1,0,performance,false,layers.*/self_attn,/model/layers.19/self_attn/Mul_8,Multiply,Multiply,multiply:/model/layers.19/self_attn/Mul_8,multiply:/model/layers.19/self_attn/Mul_8,eltwise,generic_eltwise_ref,971,generic_eltwise_ref_7125964068740378811_0_0__sa,generic_eltwise_ref_7125964068740378811_0_0__sa,1,596,matched,aligned,true,true,true,exec_profile,gtpin_total_execution_cycles,4500360,4394,cycles,1024,4500360,4394,0,0,,,0,0,0,"{""gtpin_avg_execution_cycles_per_invocation"":4394,""gtpin_invocation_count"":1024,""gtpin_total_execution_cycles"":4500360}",InvocationCount=1024;TotalExecutionCycles=4500360;AvgExecutionCyclesPerInvocation=4394
n1_i0,0,1,0,performance,false,layers.*/self_attn,/model/layers.21/self_attn/Expand_1,Broadcast,Broadcast,broadcast:/model/layers.21/self_attn/Expand_1,broadcast:/model/layers.21/self_attn/Expand_1,broadcast,broadcast_gpu_ref,1046,broadcast_gpu_ref_6456514822857321615_0_0__sa,broadcast_gpu_ref_6456514822857321615_0_0__sa,1,641,matched,aligned,true,true,true,exec_profile,gtpin_total_execution_cycles,4477570,4372,cycles,1024,4477570,4372,0,0,,,0,0,0,"{""gtpin_avg_execution_cycles_per_invocation"":4372,""gtpin_invocation_count"":1024,""gtpin_total_execution_cycles"":4477570}",InvocationCount=1024;TotalExecutionCycles=4477570;AvgExecutionCyclesPerInvocation=4372
n1_i0,0,1,0,performance,false,layers.*/self_attn,/model/layers.3/self_attn/Mul_8,Multiply,Multiply,multiply:/model/layers.3/self_attn/Mul_8,multiply:/model/layers.3/self_attn/Mul_8,eltwise,generic_eltwise_ref,395,generic_eltwise_ref_7125964068740378811_0_0__sa,generic_eltwise_ref_7125964068740378811_0_0__sa,1,244,matched,aligned,true,true,true,exec_profile,gtpin_total_execution_cycles,4476766,4371,cycles,1024,4476766,4371,0,0,,,0,0,0,"{""gtpin_avg_execution_cycles_per_invocation"":4371,""gtpin_invocation_count"":1024,""gtpin_total_execution_cycles"":4476766}",InvocationCount=1024;TotalExecutionCycles=4476766;AvgExecutionCyclesPerInvocation=4371
n1_i0,0,1,0,performance,false,layers.*/self_attn,/model/layers.5/self_attn/Expand_1,Broadcast,Broadcast,broadcast:/model/layers.5/self_attn/Expand_1,broadcast:/model/layers.5/self_attn/Expand_1,broadcast,broadcast_gpu_ref,470,broadcast_gpu_ref_6456514822857321615_0_0__sa,broadcast_gpu_ref_6456514822857321615_0_0__sa,1,289,matched,aligned,true,true,true,exec_profile,gtpin_total_execution_cycles,4465784,4361,cycles,1024,4465784,4361,0,0,,,0,0,0,"{""gtpin_avg_execution_cycles_per_invocation"":4361,""gtpin_invocation_count"":1024,""gtpin_total_execution_cycles"":4465784}",InvocationCount=1024;TotalExecutionCycles=4465784;AvgExecutionCyclesPerInvocation=4361
n1_i0,0,1,0,performance,false,layers.*/self_attn,/model/layers.6/self_attn/Expand_1,Broadcast,Broadcast,broadcast:/model/layers.6/self_attn/Expand_1,broadcast:/model/layers.6/self_attn/Expand_1,broadcast,broadcast_gpu_ref,506,broadcast_gpu_ref_6456514822857321615_0_0__sa,broadcast_gpu_ref_6456514822857321615_0_0__sa,1,311,matched,aligned,true,true,true,exec_profile,gtpin_total_execution_cycles,4413580,4310,cycles,1024,4413580,4310,0,0,,,0,0,0,"{""gtpin_avg_execution_cycles_per_invocation"":4310,""gtpin_invocation_count"":1024,""gtpin_total_execution_cycles"":4413580}",InvocationCount=1024;TotalExecutionCycles=4413580;AvgExecutionCyclesPerInvocation=4310
n1_i0,0,1,0,performance,false,layers.*/self_attn,/model/layers.19/self_attn/Expand,Broadcast,Broadcast,broadcast:/model/layers.19/self_attn/Expand,broadcast:/model/layers.19/self_attn/Expand,broadcast,broadcast_gpu_ref,981,broadcast_gpu_ref_6456514822857321615_0_0__sa,broadcast_gpu_ref_6456514822857321615_0_0__sa,1,598,matched,aligned,true,true,true,exec_profile,gtpin_total_execution_cycles,4406952,4303,cycles,1024,4406952,4303,0,0,,,0,0,0,"{""gtpin_avg_execution_cycles_per_invocation"":4303,""gtpin_invocation_count"":1024,""gtpin_total_execution_cycles"":4406952}",InvocationCount=1024;TotalExecutionCycles=4406952;AvgExecutionCyclesPerInvocation=4303
n1_i0,0,1,0,performance,false,layers.*/self_attn,/model/layers.13/self_attn/Mul_8,Multiply,Multiply,multiply:/model/layers.13/self_attn/Mul_8,multiply:/model/layers.13/self_attn/Mul_8,eltwise,generic_eltwise_ref,755,generic_eltwise_ref_7125964068740378811_0_0__sa,generic_eltwise_ref_7125964068740378811_0_0__sa,1,464,matched,aligned,true,true,true,exec_profile,gtpin_total_execution_cycles,4403184,4299,cycles,1024,4403184,4299,0,0,,,0,0,0,"{""gtpin_avg_execution_cycles_per_invocation"":4299,""gtpin_invocation_count"":1024,""gtpin_total_execution_cycles"":4403184}",InvocationCount=1024;TotalExecutionCycles=4403184;AvgExecutionCyclesPerInvocation=4299
n1_i0,0,1,0,performance,false,layers.*/self_attn,/model/layers.4/self_attn/Expand_1,Broadcast,Broadcast,broadcast:/model/layers.4/self_attn/Expand_1,broadcast:/model/layers.4/self_attn/Expand_1,broadcast,broadcast_gpu_ref,434,broadcast_gpu_ref_6456514822857321615_0_0__sa,broadcast_gpu_ref_6456514822857321615_0_0__sa,1,267,matched,aligned,true,true,true,exec_profile,gtpin_total_execution_cycles,4396952,4293,cycles,1024,4396952,4293,0,0,,,0,0,0,"{""gtpin_avg_execution_cycles_per_invocation"":4293,""gtpin_invocation_count"":1024,""gtpin_total_execution_cycles"":4396952}",InvocationCount=1024;TotalExecutionCycles=4396952;AvgExecutionCyclesPerInvocation=4293
n1_i0,0,1,0,performance,false,layers.*/self_attn,/model/layers.11/self_attn/Mul_8,Multiply,Multiply,multiply:/model/layers.11/self_attn/Mul_8,multiply:/model/layers.11/self_attn/Mul_8,eltwise,generic_eltwise_ref,683,generic_eltwise_ref_7125964068740378811_0_0__sa,generic_eltwise_ref_7125964068740378811_0_0__sa,1,420,matched,aligned,true,true,true,exec_profile,gtpin_total_execution_cycles,4396062,4293,cycles,1024,4396062,4293,0,0,,,0,0,0,"{""gtpin_avg_execution_cycles_per_invocation"":4293,""gtpin_invocation_count"":1024,""gtpin_total_execution_cycles"":4396062}",InvocationCount=1024;TotalExecutionCycles=4396062;AvgExecutionCyclesPerInvocation=4293
n1_i0,0,1,0,performance,false,layers.*/self_attn,/model/layers.0/self_attn/Transpose_3,Transpose,Transpose,transpose:/model/layers.0/self_attn/Transpose_3,transpose:/model/layers.0/self_attn/Transpose_3,permute,permute_ref,300,permute_ref_17183202574580890641_0_0__sa,permute_ref_17183202574580890641_0_0__sa,1,182,matched,aligned,true,true,true,exec_profile,gtpin_total_execution_cycles,4395996,4292,cycles,1024,4395996,4292,0,0,,,0,0,0,"{""gtpin_avg_execution_cycles_per_invocation"":4292,""gtpin_invocation_count"":1024,""gtpin_total_execution_cycles"":4395996}",InvocationCount=1024;TotalExecutionCycles=4395996;AvgExecutionCyclesPerInvocation=4292
n1_i0,0,1,0,performance,false,layers.*/self_attn,/model/layers.0/self_attn/Mul_8,Multiply,Multiply,multiply:/model/layers.0/self_attn/Mul_8,multiply:/model/layers.0/self_attn/Mul_8,eltwise,generic_eltwise_ref,290,generic_eltwise_ref_7125964068740378811_0_0__sa,generic_eltwise_ref_7125964068740378811_0_0__sa,1,179,matched,aligned,true,true,true,exec_profile,gtpin_total_execution_cycles,4374918,4272,cycles,1024,4374918,4272,0,0,,,0,0,0,"{""gtpin_avg_execution_cycles_per_invocation"":4272,""gtpin_invocation_count"":1024,""gtpin_total_execution_cycles"":4374918}",InvocationCount=1024;TotalExecutionCycles=4374918;AvgExecutionCyclesPerInvocation=4272
n1_i0,0,1,0,performance,false,layers.*/self_attn,/model/layers.21/self_attn/k_proj/MatMul,FullyConnected,FullyConnected,fullyconnected:/model/layers.21/self_attn/k_proj/MatMul,fullyconnected:/model/layers.21/self_attn/k_proj/MatMul,fully_connected,fully_connected_gpu_bf_tiled,1035,fully_connected_gpu_bf_tiled_17963963101609895522_0_0,fully_connected_gpu_bf_tiled_17963963101609895522_0_0,1,636,matched,aligned,true,true,true,exec_profile,gtpin_total_execution_cycles,4370020,546252,cycles,8,4370020,546252,0,0,,,0,0,0,"{""gtpin_avg_execution_cycles_per_invocation"":546252,""gtpin_invocation_count"":8,""gtpin_total_execution_cycles"":4370020}",InvocationCount=8;TotalExecutionCycles=4370020;AvgExecutionCyclesPerInvocation=546252
n1_i0,0,1,0,performance,false,layers.*/self_attn,/model/layers.3/self_attn/Expand,Broadcast,Broadcast,broadcast:/model/layers.3/self_attn/Expand,broadcast:/model/layers.3/self_attn/Expand,broadcast,broadcast_gpu_ref,405,broadcast_gpu_ref_6456514822857321615_0_0__sa,broadcast_gpu_ref_6456514822857321615_0_0__sa,1,246,matched,aligned,true,true,true,exec_profile,gtpin_total_execution_cycles,4350808,4248,cycles,1024,4350808,4248,0,0,,,0,0,0,"{""gtpin_avg_execution_cycles_per_invocation"":4248,""gtpin_invocation_count"":1024,""gtpin_total_execution_cycles"":4350808}",InvocationCount=1024;TotalExecutionCycles=4350808;AvgExecutionCyclesPerInvocation=4248
n1_i0,0,1,0,performance,false,layers.*/self_attn,/model/layers.13/self_attn/k_proj/MatMul,FullyConnected,FullyConnected,fullyconnected:/model/layers.13/self_attn/k_proj/MatMul,fullyconnected:/model/layers.13/self_attn/k_proj/MatMul,fully_connected,fully_connected_gpu_bf_tiled,747,fully_connected_gpu_bf_tiled_17963963101609895522_0_0,fully_connected_gpu_bf_tiled_17963963101609895522_0_0,1,460,matched,aligned,true,true,true,exec_profile,gtpin_total_execution_cycles,4340550,542568,cycles,8,4340550,542568,0,0,,,0,0,0,"{""gtpin_avg_execution_cycles_per_invocation"":542568,""gtpin_invocation_count"":8,""gtpin_total_execution_cycles"":4340550}",InvocationCount=8;TotalExecutionCycles=4340550;AvgExecutionCyclesPerInvocation=542568
n1_i0,0,1,0,performance,false,layers.*/self_attn,/model/layers.14/self_attn/Expand_1,Broadcast,Broadcast,broadcast:/model/layers.14/self_attn/Expand_1,broadcast:/model/layers.14/self_attn/Expand_1,broadcast,broadcast_gpu_ref,794,broadcast_gpu_ref_6456514822857321615_0_0__sa,broadcast_gpu_ref_6456514822857321615_0_0__sa,1,487,matched,aligned,true,true,true,exec_profile,gtpin_total_execution_cycles,4301336,4200,cycles,1024,4301336,4200,0,0,,,0,0,0,"{""gtpin_avg_execution_cycles_per_invocation"":4200,""gtpin_invocation_count"":1024,""gtpin_total_execution_cycles"":4301336}",InvocationCount=1024;TotalExecutionCycles=4301336;AvgExecutionCyclesPerInvocation=4200
n1_i0,0,1,0,performance,false,layers.*/self_attn,/model/layers.12/self_attn/Expand_1,Broadcast,Broadcast,broadcast:/model/layers.12/self_attn/Expand_1,broadcast:/model/layers.12/self_attn/Expand_1,broadcast,broadcast_gpu_ref,722,broadcast_gpu_ref_6456514822857321615_0_0__sa,broadcast_gpu_ref_6456514822857321615_0_0__sa,1,443,matched,aligned,true,true,true,exec_profile,gtpin_total_execution_cycles,4205800,4107,cycles,1024,4205800,4107,0,0,,,0,0,0,"{""gtpin_avg_execution_cycles_per_invocation"":4107,""gtpin_invocation_count"":1024,""gtpin_total_execution_cycles"":4205800}",InvocationCount=1024;TotalExecutionCycles=4205800;AvgExecutionCyclesPerInvocation=4107
n1_i0,0,1,0,performance,false,layers.*/self_attn,/model/layers.2/self_attn/Expand_1,Broadcast,Broadcast,broadcast:/model/layers.2/self_attn/Expand_1,broadcast:/model/layers.2/self_attn/Expand_1,broadcast,broadcast_gpu_ref,362,broadcast_gpu_ref_6456514822857321615_0_0__sa,broadcast_gpu_ref_6456514822857321615_0_0__sa,1,223,matched,aligned,true,true,true,exec_profile,gtpin_total_execution_cycles,4191546,4093,cycles,1024,4191546,4093,0,0,,,0,0,0,"{""gtpin_avg_execution_cycles_per_invocation"":4093,""gtpin_invocation_count"":1024,""gtpin_total_execution_cycles"":4191546}",InvocationCount=1024;TotalExecutionCycles=4191546;AvgExecutionCyclesPerInvocation=4093
n1_i0,0,1,0,performance,false,layers.*/self_attn,/model/layers.21/self_attn/v_proj/MatMul,FullyConnected,FullyConnected,fullyconnected:/model/layers.21/self_attn/v_proj/MatMul,fullyconnected:/model/layers.21/self_attn/v_proj/MatMul,fully_connected,fully_connected_gpu_bf_tiled,1033,fully_connected_gpu_bf_tiled_17963963101609895522_0_0,fully_connected_gpu_bf_tiled_17963963101609895522_0_0,1,634,matched,aligned,true,true,true,exec_profile,gtpin_total_execution_cycles,4189852,523731,cycles,8,4189852,523731,0,0,,,0,0,0,"{""gtpin_avg_execution_cycles_per_invocation"":523731,""gtpin_invocation_count"":8,""gtpin_total_execution_cycles"":4189852}",InvocationCount=8;TotalExecutionCycles=4189852;AvgExecutionCyclesPerInvocation=523731
n1_i0,0,1,0,performance,false,layers.*/self_attn,/model/layers.12/self_attn/MatMul,Gemm,Gemm,gemm:/model/layers.12/self_attn/MatMul,gemm:/model/layers.12/self_attn/MatMul,gemm,gemm_tiled_opt,733,gemm_tiled_opt_7238579717421349067_1_0__sa,gemm_tiled_opt_7238579717421349067_1_0__sa,1,447,matched,aligned,true,true,true,exec_profile,gtpin_total_execution_cycles,4182208,130694,cycles,32,4182208,130694,0,0,,,0,0,0,"{""gtpin_avg_execution_cycles_per_invocation"":130694,""gtpin_invocation_count"":32,""gtpin_total_execution_cycles"":4182208}",InvocationCount=32;TotalExecutionCycles=4182208;AvgExecutionCyclesPerInvocation=130694
n1_i0,0,1,0,performance,false,layers.*/self_attn,/model/layers.17/self_attn/Expand_1,Broadcast,Broadcast,broadcast:/model/layers.17/self_attn/Expand_1,broadcast:/model/layers.17/self_attn/Expand_1,broadcast,broadcast_gpu_ref,902,broadcast_gpu_ref_6456514822857321615_0_0__sa,broadcast_gpu_ref_6456514822857321615_0_0__sa,1,553,matched,aligned,true,true,true,exec_profile,gtpin_total_execution_cycles,4182164,4084,cycles,1024,4182164,4084,0,0,,,0,0,0,"{""gtpin_avg_execution_cycles_per_invocation"":4084,""gtpin_invocation_count"":1024,""gtpin_total_execution_cycles"":4182164}",InvocationCount=1024;TotalExecutionCycles=4182164;AvgExecutionCyclesPerInvocation=4084
n1_i0,0,1,0,performance,false,layers.*/self_attn,/model/layers.6/self_attn/k_proj/MatMul,FullyConnected,FullyConnected,fullyconnected:/model/layers.6/self_attn/k_proj/MatMul,fullyconnected:/model/layers.6/self_attn/k_proj/MatMul,fully_connected,fully_connected_gpu_bf_tiled,495,fully_connected_gpu_bf_tiled_17963963101609895522_0_0,fully_connected_gpu_bf_tiled_17963963101609895522_0_0,1,306,matched,aligned,true,true,true,exec_profile,gtpin_total_execution_cycles,4168080,521010,cycles,8,4168080,521010,0,0,,,0,0,0,"{""gtpin_avg_execution_cycles_per_invocation"":521010,""gtpin_invocation_count"":8,""gtpin_total_execution_cycles"":4168080}",InvocationCount=8;TotalExecutionCycles=4168080;AvgExecutionCyclesPerInvocation=521010
n1_i0,0,1,0,performance,false,layers.*/self_attn,/model/layers.8/self_attn/Expand,Broadcast,Broadcast,broadcast:/model/layers.8/self_attn/Expand,broadcast:/model/layers.8/self_attn/Expand,broadcast,broadcast_gpu_ref,585,broadcast_gpu_ref_6456514822857321615_0_0__sa,broadcast_gpu_ref_6456514822857321615_0_0__sa,1,356,matched,aligned,true,true,true,exec_profile,gtpin_total_execution_cycles,4132888,4036,cycles,1024,4132888,4036,0,0,,,0,0,0,"{""gtpin_avg_execution_cycles_per_invocation"":4036,""gtpin_invocation_count"":1024,""gtpin_total_execution_cycles"":4132888}",InvocationCount=1024;TotalExecutionCycles=4132888;AvgExecutionCyclesPerInvocation=4036
n1_i0,0,1,0,performance,false,layers.*/self_attn,/model/layers.4/self_attn/Expand,Broadcast,Broadcast,broadcast:/model/layers.4/self_attn/Expand,broadcast:/model/layers.4/self_attn/Expand,broadcast,broadcast_gpu_ref,441,broadcast_gpu_ref_6456514822857321615_0_0__sa,broadcast_gpu_ref_6456514822857321615_0_0__sa,1,268,matched,aligned,true,true,true,exec_profile,gtpin_total_execution_cycles,4124572,4027,cycles,1024,4124572,4027,0,0,,,0,0,0,"{""gtpin_avg_execution_cycles_per_invocation"":4027,""gtpin_invocation_count"":1024,""gtpin_total_execution_cycles"":4124572}",InvocationCount=1024;TotalExecutionCycles=4124572;AvgExecutionCyclesPerInvocation=4027
n1_i0,0,1,0,performance,false,layers.*/self_attn,/model/layers.7/self_attn/k_proj/MatMul,FullyConnected,FullyConnected,fullyconnected:/model/layers.7/self_attn/k_proj/MatMul,fullyconnected:/model/layers.7/self_attn/k_proj/MatMul,fully_connected,fully_connected_gpu_bf_tiled,531,fully_connected_gpu_bf_tiled_17963963101609895522_0_0,fully_connected_gpu_bf_tiled_17963963101609895522_0_0,1,328,matched,aligned,true,true,true,exec_profile,gtpin_total_execution_cycles,4119486,514935,cycles,8,4119486,514935,0,0,,,0,0,0,"{""gtpin_avg_execution_cycles_per_invocation"":514935,""gtpin_invocation_count"":8,""gtpin_total_execution_cycles"":4119486}",InvocationCount=8;TotalExecutionCycles=4119486;AvgExecutionCyclesPerInvocation=514935
n1_i0,0,1,0,performance,false,layers.*/self_attn,/model/layers.14/self_attn/k_proj/MatMul,FullyConnected,FullyConnected,fullyconnected:/model/layers.14/self_attn/k_proj/MatMul,fullyconnected:/model/layers.14/self_attn/k_proj/MatMul,fully_connected,fully_connected_gpu_bf_tiled,783,fully_connected_gpu_bf_tiled_17963963101609895522_0_0,fully_connected_gpu_bf_tiled_17963963101609895522_0_0,1,482,matched,aligned,true,true,true,exec_profile,gtpin_total_execution_cycles,4106426,513303,cycles,8,4106426,513303,0,0,,,0,0,0,"{""gtpin_avg_execution_cycles_per_invocation"":513303,""gtpin_invocation_count"":8,""gtpin_total_execution_cycles"":4106426}",InvocationCount=8;TotalExecutionCycles=4106426;AvgExecutionCyclesPerInvocation=513303
n1_i0,0,1,0,performance,false,layers.*/self_attn,/model/layers.0/self_attn/MatMul,Gemm,Gemm,gemm:/model/layers.0/self_attn/MatMul,gemm:/model/layers.0/self_attn/MatMul,gemm,gemm_tiled_opt,301,gemm_tiled_opt_7238579717421349067_1_0__sa,gemm_tiled_opt_7238579717421349067_1_0__sa,1,183,matched,aligned,true,true,true,exec_profile,gtpin_total_execution_cycles,4106192,128318,cycles,32,4106192,128318,0,0,,,0,0,0,"{""gtpin_avg_execution_cycles_per_invocation"":128318,""gtpin_invocation_count"":32,""gtpin_total_execution_cycles"":4106192}",InvocationCount=32;TotalExecutionCycles=4106192;AvgExecutionCyclesPerInvocation=128318
n1_i0,0,1,0,performance,false,layers.*/self_attn,/model/layers.3/self_attn/k_proj/MatMul,FullyConnected,FullyConnected,fullyconnected:/model/layers.3/self_attn/k_proj/MatMul,fullyconnected:/model/layers.3/self_attn/k_proj/MatMul,fully_connected,fully_connected_gpu_bf_tiled,387,fully_connected_gpu_bf_tiled_17963963101609895522_0_0,fully_connected_gpu_bf_tiled_17963963101609895522_0_0,1,240,matched,aligned,true,true,true,exec_profile,gtpin_total_execution_cycles,4104452,513056,cycles,8,4104452,513056,0,0,,,0,0,0,"{""gtpin_avg_execution_cycles_per_invocation"":513056,""gtpin_invocation_count"":8,""gtpin_total_execution_cycles"":4104452}",InvocationCount=8;TotalExecutionCycles=4104452;AvgExecutionCyclesPerInvocation=513056
n1_i0,0,1,0,performance,false,layers.*/self_attn,/model/layers.13/self_attn/v_proj/MatMul,FullyConnected,FullyConnected,fullyconnected:/model/layers.13/self_attn/v_proj/MatMul,fullyconnected:/model/layers.13/self_attn/v_proj/MatMul,fully_connected,fully_connected_gpu_bf_tiled,745,fully_connected_gpu_bf_tiled_17963963101609895522_0_0,fully_connected_gpu_bf_tiled_17963963101609895522_0_0,1,458,matched,aligned,true,true,true,exec_profile,gtpin_total_execution_cycles,4089486,511185,cycles,8,4089486,511185,0,0,,,0,0,0,"{""gtpin_avg_execution_cycles_per_invocation"":511185,""gtpin_invocation_count"":8,""gtpin_total_execution_cycles"":4089486}",InvocationCount=8;TotalExecutionCycles=4089486;AvgExecutionCyclesPerInvocation=511185
n1_i0,0,1,0,performance,false,layers.*/self_attn,/model/layers.8/self_attn/Expand_1,Broadcast,Broadcast,broadcast:/model/layers.8/self_attn/Expand_1,broadcast:/model/layers.8/self_attn/Expand_1,broadcast,broadcast_gpu_ref,578,broadcast_gpu_ref_6456514822857321615_0_0__sa,broadcast_gpu_ref_6456514822857321615_0_0__sa,1,355,matched,aligned,true,true,true,exec_profile,gtpin_total_execution_cycles,4089202,3993,cycles,1024,4089202,3993,0,0,,,0,0,0,"{""gtpin_avg_execution_cycles_per_invocation"":3993,""gtpin_invocation_count"":1024,""gtpin_total_execution_cycles"":4089202}",InvocationCount=1024;TotalExecutionCycles=4089202;AvgExecutionCyclesPerInvocation=3993
n1_i0,0,1,0,performance,false,layers.*/self_attn,/model/layers.16/self_attn/MatMul,Gemm,Gemm,gemm:/model/layers.16/self_attn/MatMul,gemm:/model/layers.16/self_attn/MatMul,gemm,gemm_tiled_opt,877,gemm_tiled_opt_7238579717421349067_1_0__sa,gemm_tiled_opt_7238579717421349067_1_0__sa,1,535,matched,aligned,true,true,true,exec_profile,gtpin_total_execution_cycles,4066094,127065,cycles,32,4066094,127065,0,0,,,0,0,0,"{""gtpin_avg_execution_cycles_per_invocation"":127065,""gtpin_invocation_count"":32,""gtpin_total_execution_cycles"":4066094}",InvocationCount=32;TotalExecutionCycles=4066094;AvgExecutionCyclesPerInvocation=127065
n1_i0,0,1,0,performance,false,layers.*/self_attn,/model/layers.9/self_attn/Expand_1,Broadcast,Broadcast,broadcast:/model/layers.9/self_attn/Expand_1,broadcast:/model/layers.9/self_attn/Expand_1,broadcast,broadcast_gpu_ref,614,broadcast_gpu_ref_6456514822857321615_0_0__sa,broadcast_gpu_ref_6456514822857321615_0_0__sa,1,377,matched,aligned,true,true,true,exec_profile,gtpin_total_execution_cycles,4064454,3969,cycles,1024,4064454,3969,0,0,,,0,0,0,"{""gtpin_avg_execution_cycles_per_invocation"":3969,""gtpin_invocation_count"":1024,""gtpin_total_execution_cycles"":4064454}",InvocationCount=1024;TotalExecutionCycles=4064454;AvgExecutionCyclesPerInvocation=3969
n1_i0,0,1,0,performance,false,layers.*/self_attn,/model/layers.10/self_attn/Expand_1,Broadcast,Broadcast,broadcast:/model/layers.10/self_attn/Expand_1,broadcast:/model/layers.10/self_attn/Expand_1,broadcast,broadcast_gpu_ref,650,broadcast_gpu_ref_6456514822857321615_0_0__sa,broadcast_gpu_ref_6456514822857321615_0_0__sa,1,399,matched,aligned,true,true,true,exec_profile,gtpin_total_execution_cycles,4041150,3946,cycles,1024,4041150,3946,0,0,,,0,0,0,"{""gtpin_avg_execution_cycles_per_invocation"":3946,""gtpin_invocation_count"":1024,""gtpin_total_execution_cycles"":4041150}",InvocationCount=1024;TotalExecutionCycles=4041150;AvgExecutionCyclesPerInvocation=3946
n1_i0,0,1,0,performance,false,layers.*/self_attn,/model/layers.0/self_attn/Expand_1,Broadcast,Broadcast,broadcast:/model/layers.0/self_attn/Expand_1,broadcast:/model/layers.0/self_attn/Expand_1,broadcast,broadcast_gpu_ref,277,broadcast_gpu_ref_6456514822857321615_0_0__sa,broadcast_gpu_ref_6456514822857321615_0_0__sa,1,173,matched,aligned,true,true,true,exec_profile,gtpin_total_execution_cycles,4032488,3937,cycles,1024,4032488,3937,0,0,,,0,0,0,"{""gtpin_avg_execution_cycles_per_invocation"":3937,""gtpin_invocation_count"":1024,""gtpin_total_execution_cycles"":4032488}",InvocationCount=1024;TotalExecutionCycles=4032488;AvgExecutionCyclesPerInvocation=3937
n1_i0,0,1,0,performance,false,layers.*/self_attn,/model/layers.7/self_attn/Expand,Broadcast,Broadcast,broadcast:/model/layers.7/self_attn/Expand,broadcast:/model/layers.7/self_attn/Expand,broadcast,broadcast_gpu_ref,549,broadcast_gpu_ref_6456514822857321615_0_0__sa,broadcast_gpu_ref_6456514822857321615_0_0__sa,1,334,matched,aligned,true,true,true,exec_profile,gtpin_total_execution_cycles,4005622,3911,cycles,1024,4005622,3911,0,0,,,0,0,0,"{""gtpin_avg_execution_cycles_per_invocation"":3911,""gtpin_invocation_count"":1024,""gtpin_total_execution_cycles"":4005622}",InvocationCount=1024;TotalExecutionCycles=4005622;AvgExecutionCyclesPerInvocation=3911
n1_i0,0,1,0,performance,false,layers.*/self_attn,/model/layers.6/self_attn/v_proj/MatMul,FullyConnected,FullyConnected,fullyconnected:/model/layers.6/self_attn/v_proj/MatMul,fullyconnected:/model/layers.6/self_attn/v_proj/MatMul,fully_connected,fully_connected_gpu_bf_tiled,493,fully_connected_gpu_bf_tiled_17963963101609895522_0_0,fully_connected_gpu_bf_tiled_17963963101609895522_0_0,1,304,matched,aligned,true,true,true,exec_profile,gtpin_total_execution_cycles,3973512,496689,cycles,8,3973512,496689,0,0,,,0,0,0,"{""gtpin_avg_execution_cycles_per_invocation"":496689,""gtpin_invocation_count"":8,""gtpin_total_execution_cycles"":3973512}",InvocationCount=8;TotalExecutionCycles=3973512;AvgExecutionCyclesPerInvocation=496689
n1_i0,0,1,0,performance,false,layers.*/self_attn,/model/layers.9/self_attn/k_proj/MatMul,FullyConnected,FullyConnected,fullyconnected:/model/layers.9/self_attn/k_proj/MatMul,fullyconnected:/model/layers.9/self_attn/k_proj/MatMul,fully_connected,fully_connected_gpu_bf_tiled,603,fully_connected_gpu_bf_tiled_17963963101609895522_0_0,fully_connected_gpu_bf_tiled_17963963101609895522_0_0,1,372,matched,aligned,true,true,true,exec_profile,gtpin_total_execution_cycles,3969118,496139,cycles,8,3969118,496139,0,0,,,0,0,0,"{""gtpin_avg_execution_cycles_per_invocation"":496139,""gtpin_invocation_count"":8,""gtpin_total_execution_cycles"":3969118}",InvocationCount=8;TotalExecutionCycles=3969118;AvgExecutionCyclesPerInvocation=496139
n1_i0,0,1,0,performance,false,layers.*/self_attn,/model/layers.1/self_attn/k_proj/MatMul,FullyConnected,FullyConnected,fullyconnected:/model/layers.1/self_attn/k_proj/MatMul,fullyconnected:/model/layers.1/self_attn/k_proj/MatMul,fully_connected,fully_connected_gpu_bf_tiled,315,fully_connected_gpu_bf_tiled_17963963101609895522_0_0,fully_connected_gpu_bf_tiled_17963963101609895522_0_0,1,196,matched,aligned,true,true,true,exec_profile,gtpin_total_execution_cycles,3943678,492959,cycles,8,3943678,492959,0,0,,,0,0,0,"{""gtpin_avg_execution_cycles_per_invocation"":492959,""gtpin_invocation_count"":8,""gtpin_total_execution_cycles"":3943678}",InvocationCount=8;TotalExecutionCycles=3943678;AvgExecutionCyclesPerInvocation=492959
n1_i0,0,1,0,performance,false,layers.*/self_attn,/model/layers.0/self_attn/k_proj/MatMul,FullyConnected,FullyConnected,fullyconnected:/model/layers.0/self_attn/k_proj/MatMul,fullyconnected:/model/layers.0/self_attn/k_proj/MatMul,fully_connected,fully_connected_gpu_bf_tiled,240,fully_connected_gpu_bf_tiled_17963963101609895522_0_0,fully_connected_gpu_bf_tiled_17963963101609895522_0_0,1,163,matched,aligned,true,true,true,exec_profile,gtpin_total_execution_cycles,3924834,490604,cycles,8,3924834,490604,0,0,,,0,0,0,"{""gtpin_avg_execution_cycles_per_invocation"":490604,""gtpin_invocation_count"":8,""gtpin_total_execution_cycles"":3924834}",InvocationCount=8;TotalExecutionCycles=3924834;AvgExecutionCyclesPerInvocation=490604
n1_i0,0,1,0,performance,false,layers.*/self_attn,/model/layers.7/self_attn/v_proj/MatMul,FullyConnected,FullyConnected,fullyconnected:/model/layers.7/self_attn/v_proj/MatMul,fullyconnected:/model/layers.7/self_attn/v_proj/MatMul,fully_connected,fully_connected_gpu_bf_tiled,529,fully_connected_gpu_bf_tiled_17963963101609895522_0_0,fully_connected_gpu_bf_tiled_17963963101609895522_0_0,1,326,matched,aligned,true,true,true,exec_profile,gtpin_total_execution_cycles,3911230,488903,cycles,8,3911230,488903,0,0,,,0,0,0,"{""gtpin_avg_execution_cycles_per_invocation"":488903,""gtpin_invocation_count"":8,""gtpin_total_execution_cycles"":3911230}",InvocationCount=8;TotalExecutionCycles=3911230;AvgExecutionCyclesPerInvocation=488903
n1_i0,0,1,0,performance,false,layers.*/self_attn,/model/layers.5/self_attn/k_proj/MatMul,FullyConnected,FullyConnected,fullyconnected:/model/layers.5/self_attn/k_proj/MatMul,fullyconnected:/model/layers.5/self_attn/k_proj/MatMul,fully_connected,fully_connected_gpu_bf_tiled,459,fully_connected_gpu_bf_tiled_17963963101609895522_0_0,fully_connected_gpu_bf_tiled_17963963101609895522_0_0,1,284,matched,aligned,true,true,true,exec_profile,gtpin_total_execution_cycles,3902938,487867,cycles,8,3902938,487867,0,0,,,0,0,0,"{""gtpin_avg_execution_cycles_per_invocation"":487867,""gtpin_invocation_count"":8,""gtpin_total_execution_cycles"":3902938}",InvocationCount=8;TotalExecutionCycles=3902938;AvgExecutionCyclesPerInvocation=487867
n1_i0,0,1,0,performance,false,layers.*/self_attn,/model/layers.14/self_attn/v_proj/MatMul,FullyConnected,FullyConnected,fullyconnected:/model/layers.14/self_attn/v_proj/MatMul,fullyconnected:/model/layers.14/self_attn/v_proj/MatMul,fully_connected,fully_connected_gpu_bf_tiled,781,fully_connected_gpu_bf_tiled_17963963101609895522_0_0,fully_connected_gpu_bf_tiled_17963963101609895522_0_0,1,480,matched,aligned,true,true,true,exec_profile,gtpin_total_execution_cycles,3902458,487807,cycles,8,3902458,487807,0,0,,,0,0,0,"{""gtpin_avg_execution_cycles_per_invocation"":487807,""gtpin_invocation_count"":8,""gtpin_total_execution_cycles"":3902458}",InvocationCount=8;TotalExecutionCycles=3902458;AvgExecutionCyclesPerInvocation=487807
n1_i0,0,1,0,performance,false,layers.*/self_attn,/model/layers.3/self_attn/v_proj/MatMul,FullyConnected,FullyConnected,fullyconnected:/model/layers.3/self_attn/v_proj/MatMul,fullyconnected:/model/layers.3/self_attn/v_proj/MatMul,fully_connected,fully_connected_gpu_bf_tiled,385,fully_connected_gpu_bf_tiled_17963963101609895522_0_0,fully_connected_gpu_bf_tiled_17963963101609895522_0_0,1,238,matched,aligned,true,true,true,exec_profile,gtpin_total_execution_cycles,3899294,487411,cycles,8,3899294,487411,0,0,,,0,0,0,"{""gtpin_avg_execution_cycles_per_invocation"":487411,""gtpin_invocation_count"":8,""gtpin_total_execution_cycles"":3899294}",InvocationCount=8;TotalExecutionCycles=3899294;AvgExecutionCyclesPerInvocation=487411
n1_i0,0,1,0,performance,false,layers.*/self_attn,/model/layers.8/self_attn/MatMul,Gemm,Gemm,gemm:/model/layers.8/self_attn/MatMul,gemm:/model/layers.8/self_attn/MatMul,gemm,gemm_tiled_opt,589,gemm_tiled_opt_7238579717421349067_1_0__sa,gemm_tiled_opt_7238579717421349067_1_0__sa,1,359,matched,aligned,true,true,true,exec_profile,gtpin_total_execution_cycles,3898476,121827,cycles,32,3898476,121827,0,0,,,0,0,0,"{""gtpin_avg_execution_cycles_per_invocation"":121827,""gtpin_invocation_count"":32,""gtpin_total_execution_cycles"":3898476}",InvocationCount=32;TotalExecutionCycles=3898476;AvgExecutionCyclesPerInvocation=121827
n1_i0,0,1,0,performance,false,layers.*/self_attn,/model/layers.1/self_attn/v_proj/MatMul,FullyConnected,FullyConnected,fullyconnected:/model/layers.1/self_attn/v_proj/MatMul,fullyconnected:/model/layers.1/self_attn/v_proj/MatMul,fully_connected,fully_connected_gpu_bf_tiled,313,fully_connected_gpu_bf_tiled_17963963101609895522_0_0,fully_connected_gpu_bf_tiled_17963963101609895522_0_0,1,194,matched,aligned,true,true,true,exec_profile,gtpin_total_execution_cycles,3893368,486671,cycles,8,3893368,486671,0,0,,,0,0,0,"{""gtpin_avg_execution_cycles_per_invocation"":486671,""gtpin_invocation_count"":8,""gtpin_total_execution_cycles"":3893368}",InvocationCount=8;TotalExecutionCycles=3893368;AvgExecutionCyclesPerInvocation=486671
n1_i0,0,1,0,performance,false,layers.*/self_attn,/model/layers.17/self_attn/k_proj/MatMul,FullyConnected,FullyConnected,fullyconnected:/model/layers.17/self_attn/k_proj/MatMul,fullyconnected:/model/layers.17/self_attn/k_proj/MatMul,fully_connected,fully_connected_gpu_bf_tiled,891,fully_connected_gpu_bf_tiled_17963963101609895522_0_0,fully_connected_gpu_bf_tiled_17963963101609895522_0_0,1,548,matched,aligned,true,true,true,exec_profile,gtpin_total_execution_cycles,3873902,484237,cycles,8,3873902,484237,0,0,,,0,0,0,"{""gtpin_avg_execution_cycles_per_invocation"":484237,""gtpin_invocation_count"":8,""gtpin_total_execution_cycles"":3873902}",InvocationCount=8;TotalExecutionCycles=3873902;AvgExecutionCyclesPerInvocation=484237
n1_i0,0,1,0,performance,false,layers.*/self_attn,/model/layers.0/self_attn/Expand,Broadcast,Broadcast,broadcast:/model/layers.0/self_attn/Expand,broadcast:/model/layers.0/self_attn/Expand,broadcast,broadcast_gpu_ref,296,broadcast_gpu_ref_6456514822857321615_0_0__sa,broadcast_gpu_ref_6456514822857321615_0_0__sa,1,180,matched,aligned,true,true,true,exec_profile,gtpin_total_execution_cycles,3858404,3767,cycles,1024,3858404,3767,0,0,,,0,0,0,"{""gtpin_avg_execution_cycles_per_invocation"":3767,""gtpin_invocation_count"":1024,""gtpin_total_execution_cycles"":3858404}",InvocationCount=1024;TotalExecutionCycles=3858404;AvgExecutionCyclesPerInvocation=3767
n1_i0,0,1,0,performance,false,layers.*/self_attn,/model/layers.20/self_attn/Expand,Broadcast,Broadcast,broadcast:/model/layers.20/self_attn/Expand,broadcast:/model/layers.20/self_attn/Expand,broadcast,broadcast_gpu_ref,1017,broadcast_gpu_ref_6456514822857321615_0_0__sa,broadcast_gpu_ref_6456514822857321615_0_0__sa,1,620,matched,aligned,true,true,true,exec_profile,gtpin_total_execution_cycles,3831096,3741,cycles,1024,3831096,3741,0,0,,,0,0,0,"{""gtpin_avg_execution_cycles_per_invocation"":3741,""gtpin_invocation_count"":1024,""gtpin_total_execution_cycles"":3831096}",InvocationCount=1024;TotalExecutionCycles=3831096;AvgExecutionCyclesPerInvocation=3741
n1_i0,0,1,0,performance,false,layers.*/self_attn,/model/layers.12/self_attn/k_proj/MatMul,FullyConnected,FullyConnected,fullyconnected:/model/layers.12/self_attn/k_proj/MatMul,fullyconnected:/model/layers.12/self_attn/k_proj/MatMul,fully_connected,fully_connected_gpu_bf_tiled,711,fully_connected_gpu_bf_tiled_17963963101609895522_0_0,fully_connected_gpu_bf_tiled_17963963101609895522_0_0,1,438,matched,aligned,true,true,true,exec_profile,gtpin_total_execution_cycles,3818276,477284,cycles,8,3818276,477284,0,0,,,0,0,0,"{""gtpin_avg_execution_cycles_per_invocation"":477284,""gtpin_invocation_count"":8,""gtpin_total_execution_cycles"":3818276}",InvocationCount=8;TotalExecutionCycles=3818276;AvgExecutionCyclesPerInvocation=477284
n1_i0,0,1,0,performance,false,layers.*/self_attn,/model/layers.19/self_attn/k_proj/MatMul,FullyConnected,FullyConnected,fullyconnected:/model/layers.19/self_attn/k_proj/MatMul,fullyconnected:/model/layers.19/self_attn/k_proj/MatMul,fully_connected,fully_connected_gpu_bf_tiled,963,fully_connected_gpu_bf_tiled_17963963101609895522_0_0,fully_connected_gpu_bf_tiled_17963963101609895522_0_0,1,592,matched,aligned,true,true,true,exec_profile,gtpin_total_execution_cycles,3816648,477081,cycles,8,3816648,477081,0,0,,,0,0,0,"{""gtpin_avg_execution_cycles_per_invocation"":477081,""gtpin_invocation_count"":8,""gtpin_total_execution_cycles"":3816648}",InvocationCount=8;TotalExecutionCycles=3816648;AvgExecutionCyclesPerInvocation=477081
n1_i0,0,1,0,performance,false,layers.*/self_attn,/model/layers.18/self_attn/k_proj/MatMul,FullyConnected,FullyConnected,fullyconnected:/model/layers.18/self_attn/k_proj/MatMul,fullyconnected:/model/layers.18/self_attn/k_proj/MatMul,fully_connected,fully_connected_gpu_bf_tiled,927,fully_connected_gpu_bf_tiled_17963963101609895522_0_0,fully_connected_gpu_bf_tiled_17963963101609895522_0_0,1,570,matched,aligned,true,true,true,exec_profile,gtpin_total_execution_cycles,3804430,475553,cycles,8,3804430,475553,0,0,,,0,0,0,"{""gtpin_avg_execution_cycles_per_invocation"":475553,""gtpin_invocation_count"":8,""gtpin_total_execution_cycles"":3804430}",InvocationCount=8;TotalExecutionCycles=3804430;AvgExecutionCyclesPerInvocation=475553
n1_i0,0,1,0,performance,false,layers.*/self_attn,/model/layers.8/self_attn/k_proj/MatMul,FullyConnected,FullyConnected,fullyconnected:/model/layers.8/self_attn/k_proj/MatMul,fullyconnected:/model/layers.8/self_attn/k_proj/MatMul,fully_connected,fully_connected_gpu_bf_tiled,567,fully_connected_gpu_bf_tiled_17963963101609895522_0_0,fully_connected_gpu_bf_tiled_17963963101609895522_0_0,1,350,matched,aligned,true,true,true,exec_profile,gtpin_total_execution_cycles,3803680,475460,cycles,8,3803680,475460,0,0,,,0,0,0,"{""gtpin_avg_execution_cycles_per_invocation"":475460,""gtpin_invocation_count"":8,""gtpin_total_execution_cycles"":3803680}",InvocationCount=8;TotalExecutionCycles=3803680;AvgExecutionCyclesPerInvocation=475460
n1_i0,0,1,0,performance,false,layers.*/self_attn,/model/layers.1/self_attn/Expand_1,Broadcast,Broadcast,broadcast:/model/layers.1/self_attn/Expand_1,broadcast:/model/layers.1/self_attn/Expand_1,broadcast,broadcast_gpu_ref,326,broadcast_gpu_ref_6456514822857321615_0_0__sa,broadcast_gpu_ref_6456514822857321615_0_0__sa,1,201,matched,aligned,true,true,true,exec_profile,gtpin_total_execution_cycles,3800384,3711,cycles,1024,3800384,3711,0,0,,,0,0,0,"{""gtpin_avg_execution_cycles_per_invocation"":3711,""gtpin_invocation_count"":1024,""gtpin_total_execution_cycles"":3800384}",InvocationCount=1024;TotalExecutionCycles=3800384;AvgExecutionCyclesPerInvocation=3711
n1_i0,0,1,0,performance,false,layers.*/self_attn,/model/layers.20/self_attn/k_proj/MatMul,FullyConnected,FullyConnected,fullyconnected:/model/layers.20/self_attn/k_proj/MatMul,fullyconnected:/model/layers.20/self_attn/k_proj/MatMul,fully_connected,fully_connected_gpu_bf_tiled,999,fully_connected_gpu_bf_tiled_17963963101609895522_0_0,fully_connected_gpu_bf_tiled_17963963101609895522_0_0,1,614,matched,aligned,true,true,true,exec_profile,gtpin_total_execution_cycles,3795244,474405,cycles,8,3795244,474405,0,0,,,0,0,0,"{""gtpin_avg_execution_cycles_per_invocation"":474405,""gtpin_invocation_count"":8,""gtpin_total_execution_cycles"":3795244}",InvocationCount=8;TotalExecutionCycles=3795244;AvgExecutionCyclesPerInvocation=474405
n1_i0,0,1,0,performance,false,layers.*/self_attn,/model/layers.15/self_attn/Expand,Broadcast,Broadcast,broadcast:/model/layers.15/self_attn/Expand,broadcast:/model/layers.15/self_attn/Expand,broadcast,broadcast_gpu_ref,837,broadcast_gpu_ref_6456514822857321615_0_0__sa,broadcast_gpu_ref_6456514822857321615_0_0__sa,1,510,matched,aligned,true,true,true,exec_profile,gtpin_total_execution_cycles,3790272,3701,cycles,1024,3790272,3701,0,0,,,0,0,0,"{""gtpin_avg_execution_cycles_per_invocation"":3701,""gtpin_invocation_count"":1024,""gtpin_total_execution_cycles"":3790272}",InvocationCount=1024;TotalExecutionCycles=3790272;AvgExecutionCyclesPerInvocation=3701
n1_i0,0,1,0,performance,false,layers.*/self_attn,/model/layers.2/self_attn/k_proj/MatMul,FullyConnected,FullyConnected,fullyconnected:/model/layers.2/self_attn/k_proj/MatMul,fullyconnected:/model/layers.2/self_attn/k_proj/MatMul,fully_connected,fully_connected_gpu_bf_tiled,351,fully_connected_gpu_bf_tiled_17963963101609895522_0_0,fully_connected_gpu_bf_tiled_17963963101609895522_0_0,1,218,matched,aligned,true,true,true,exec_profile,gtpin_total_execution_cycles,3780602,472575,cycles,8,3780602,472575,0,0,,,0,0,0,"{""gtpin_avg_execution_cycles_per_invocation"":472575,""gtpin_invocation_count"":8,""gtpin_total_execution_cycles"":3780602}",InvocationCount=8;TotalExecutionCycles=3780602;AvgExecutionCyclesPerInvocation=472575
n1_i0,0,1,0,performance,false,layers.*/self_attn,/model/layers.11/self_attn/k_proj/MatMul,FullyConnected,FullyConnected,fullyconnected:/model/layers.11/self_attn/k_proj/MatMul,fullyconnected:/model/layers.11/self_attn/k_proj/MatMul,fully_connected,fully_connected_gpu_bf_tiled,675,fully_connected_gpu_bf_tiled_17963963101609895522_0_0,fully_connected_gpu_bf_tiled_17963963101609895522_0_0,1,416,matched,aligned,true,true,true,exec_profile,gtpin_total_execution_cycles,3779832,472479,cycles,8,3779832,472479,0,0,,,0,0,0,"{""gtpin_avg_execution_cycles_per_invocation"":472479,""gtpin_invocation_count"":8,""gtpin_total_execution_cycles"":3779832}",InvocationCount=8;TotalExecutionCycles=3779832;AvgExecutionCyclesPerInvocation=472479
n1_i0,0,1,0,performance,false,layers.*/self_attn,/model/layers.9/self_attn/v_proj/MatMul,FullyConnected,FullyConnected,fullyconnected:/model/layers.9/self_attn/v_proj/MatMul,fullyconnected:/model/layers.9/self_attn/v_proj/MatMul,fully_connected,fully_connected_gpu_bf_tiled,601,fully_connected_gpu_bf_tiled_17963963101609895522_0_0,fully_connected_gpu_bf_tiled_17963963101609895522_0_0,1,370,matched,aligned,true,true,true,exec_profile,gtpin_total_execution_cycles,3760682,470085,cycles,8,3760682,470085,0,0,,,0,0,0,"{""gtpin_avg_execution_cycles_per_invocation"":470085,""gtpin_invocation_count"":8,""gtpin_total_execution_cycles"":3760682}",InvocationCount=8;TotalExecutionCycles=3760682;AvgExecutionCyclesPerInvocation=470085
n1_i0,0,1,0,performance,false,layers.*/self_attn,/model/layers.11/self_attn/Expand,Broadcast,Broadcast,broadcast:/model/layers.11/self_attn/Expand,broadcast:/model/layers.11/self_attn/Expand,broadcast,broadcast_gpu_ref,693,broadcast_gpu_ref_6456514822857321615_0_0__sa,broadcast_gpu_ref_6456514822857321615_0_0__sa,1,422,matched,aligned,true,true,true,exec_profile,gtpin_total_execution_cycles,3758518,3670,cycles,1024,3758518,3670,0,0,,,0,0,0,"{""gtpin_avg_execution_cycles_per_invocation"":3670,""gtpin_invocation_count"":1024,""gtpin_total_execution_cycles"":3758518}",InvocationCount=1024;TotalExecutionCycles=3758518;AvgExecutionCyclesPerInvocation=3670
n1_i0,0,1,0,performance,false,layers.*/self_attn,/model/layers.17/self_attn/MatMul,Gemm,Gemm,gemm:/model/layers.17/self_attn/MatMul,gemm:/model/layers.17/self_attn/MatMul,gemm,gemm_tiled_opt,913,gemm_tiled_opt_7238579717421349067_1_0__sa,gemm_tiled_opt_7238579717421349067_1_0__sa,1,557,matched,aligned,true,true,true,exec_profile,gtpin_total_execution_cycles,3751508,117234,cycles,32,3751508,117234,0,0,,,0,0,0,"{""gtpin_avg_execution_cycles_per_invocation"":117234,""gtpin_invocation_count"":32,""gtpin_total_execution_cycles"":3751508}",InvocationCount=32;TotalExecutionCycles=3751508;AvgExecutionCyclesPerInvocation=117234
n1_i0,0,1,0,performance,false,layers.*/self_attn,/model/layers.16/self_attn/Expand_1,Broadcast,Broadcast,broadcast:/model/layers.16/self_attn/Expand_1,broadcast:/model/layers.16/self_attn/Expand_1,broadcast,broadcast_gpu_ref,866,broadcast_gpu_ref_6456514822857321615_0_0__sa,broadcast_gpu_ref_6456514822857321615_0_0__sa,1,531,matched,aligned,true,true,true,exec_profile,gtpin_total_execution_cycles,3737366,3649,cycles,1024,3737366,3649,0,0,,,0,0,0,"{""gtpin_avg_execution_cycles_per_invocation"":3649,""gtpin_invocation_count"":1024,""gtpin_total_execution_cycles"":3737366}",InvocationCount=1024;TotalExecutionCycles=3737366;AvgExecutionCyclesPerInvocation=3649
n1_i0,0,1,0,performance,false,layers.*/self_attn,/model/layers.4/self_attn/MatMul,Gemm,Gemm,gemm:/model/layers.4/self_attn/MatMul,gemm:/model/layers.4/self_attn/MatMul,gemm,gemm_tiled_opt,445,gemm_tiled_opt_7238579717421349067_1_0__sa,gemm_tiled_opt_7238579717421349067_1_0__sa,1,271,matched,aligned,true,true,true,exec_profile,gtpin_total_execution_cycles,3734410,116700,cycles,32,3734410,116700,0,0,,,0,0,0,"{""gtpin_avg_execution_cycles_per_invocation"":116700,""gtpin_invocation_count"":32,""gtpin_total_execution_cycles"":3734410}",InvocationCount=32;TotalExecutionCycles=3734410;AvgExecutionCyclesPerInvocation=116700
n1_i0,0,1,0,performance,false,layers.*/self_attn,/model/layers.15/self_attn/k_proj/MatMul,FullyConnected,FullyConnected,fullyconnected:/model/layers.15/self_attn/k_proj/MatMul,fullyconnected:/model/layers.15/self_attn/k_proj/MatMul,fully_connected,fully_connected_gpu_bf_tiled,819,fully_connected_gpu_bf_tiled_17963963101609895522_0_0,fully_connected_gpu_bf_tiled_17963963101609895522_0_0,1,504,matched,aligned,true,true,true,exec_profile,gtpin_total_execution_cycles,3728224,466028,cycles,8,3728224,466028,0,0,,,0,0,0,"{""gtpin_avg_execution_cycles_per_invocation"":466028,""gtpin_invocation_count"":8,""gtpin_total_execution_cycles"":3728224}",InvocationCount=8;TotalExecutionCycles=3728224;AvgExecutionCyclesPerInvocation=466028
n1_i0,0,1,0,performance,false,layers.*/self_attn,/model/layers.10/self_attn/k_proj/MatMul,FullyConnected,FullyConnected,fullyconnected:/model/layers.10/self_attn/k_proj/MatMul,fullyconnected:/model/layers.10/self_attn/k_proj/MatMul,fully_connected,fully_connected_gpu_bf_tiled,639,fully_connected_gpu_bf_tiled_17963963101609895522_0_0,fully_connected_gpu_bf_tiled_17963963101609895522_0_0,1,394,matched,aligned,true,true,true,exec_profile,gtpin_total_execution_cycles,3722422,465302,cycles,8,3722422,465302,0,0,,,0,0,0,"{""gtpin_avg_execution_cycles_per_invocation"":465302,""gtpin_invocation_count"":8,""gtpin_total_execution_cycles"":3722422}",InvocationCount=8;TotalExecutionCycles=3722422;AvgExecutionCyclesPerInvocation=465302
n1_i0,0,1,0,performance,false,layers.*/self_attn,/model/layers.13/self_attn/MatMul,Gemm,Gemm,gemm:/model/layers.13/self_attn/MatMul,gemm:/model/layers.13/self_attn/MatMul,gemm,gemm_tiled_opt,769,gemm_tiled_opt_7238579717421349067_1_0__sa,gemm_tiled_opt_7238579717421349067_1_0__sa,1,469,matched,aligned,true,true,true,exec_profile,gtpin_total_execution_cycles,3704950,115779,cycles,32,3704950,115779,0,0,,,0,0,0,"{""gtpin_avg_execution_cycles_per_invocation"":115779,""gtpin_invocation_count"":32,""gtpin_total_execution_cycles"":3704950}",InvocationCount=32;TotalExecutionCycles=3704950;AvgExecutionCyclesPerInvocation=115779
n1_i0,0,1,0,performance,false,layers.*/self_attn,/model/layers.5/self_attn/v_proj/MatMul,FullyConnected,FullyConnected,fullyconnected:/model/layers.5/self_attn/v_proj/MatMul,fullyconnected:/model/layers.5/self_attn/v_proj/MatMul,fully_connected,fully_connected_gpu_bf_tiled,457,fully_connected_gpu_bf_tiled_17963963101609895522_0_0,fully_connected_gpu_bf_tiled_17963963101609895522_0_0,1,282,matched,aligned,true,true,true,exec_profile,gtpin_total_execution_cycles,3694072,461759,cycles,8,3694072,461759,0,0,,,0,0,0,"{""gtpin_avg_execution_cycles_per_invocation"":461759,""gtpin_invocation_count"":8,""gtpin_total_execution_cycles"":3694072}",InvocationCount=8;TotalExecutionCycles=3694072;AvgExecutionCyclesPerInvocation=461759
n1_i0,0,1,0,performance,false,layers.*/self_attn,/model/layers.18/self_attn/MatMul,Gemm,Gemm,gemm:/model/layers.18/self_attn/MatMul,gemm:/model/layers.18/self_attn/MatMul,gemm,gemm_tiled_opt,949,gemm_tiled_opt_7238579717421349067_1_0__sa,gemm_tiled_opt_7238579717421349067_1_0__sa,1,579,matched,aligned,true,true,true,exec_profile,gtpin_total_execution_cycles,3692012,115375,cycles,32,3692012,115375,0,0,,,0,0,0,"{""gtpin_avg_execution_cycles_per_invocation"":115375,""gtpin_invocation_count"":32,""gtpin_total_execution_cycles"":3692012}",InvocationCount=32;TotalExecutionCycles=3692012;AvgExecutionCyclesPerInvocation=115375
n1_i0,0,1,0,performance,false,layers.*/self_attn,/model/layers.17/self_attn/v_proj/MatMul,FullyConnected,FullyConnected,fullyconnected:/model/layers.17/self_attn/v_proj/MatMul,fullyconnected:/model/layers.17/self_attn/v_proj/MatMul,fully_connected,fully_connected_gpu_bf_tiled,889,fully_connected_gpu_bf_tiled_17963963101609895522_0_0,fully_connected_gpu_bf_tiled_17963963101609895522_0_0,1,546,matched,aligned,true,true,true,exec_profile,gtpin_total_execution_cycles,3674972,459371,cycles,8,3674972,459371,0,0,,,0,0,0,"{""gtpin_avg_execution_cycles_per_invocation"":459371,""gtpin_invocation_count"":8,""gtpin_total_execution_cycles"":3674972}",InvocationCount=8;TotalExecutionCycles=3674972;AvgExecutionCyclesPerInvocation=459371
n1_i0,0,1,0,performance,false,layers.*/self_attn,/model/layers.21/self_attn/MatMul,Gemm,Gemm,gemm:/model/layers.21/self_attn/MatMul,gemm:/model/layers.21/self_attn/MatMul,gemm,gemm_tiled_opt,1057,gemm_tiled_opt_7238579717421349067_1_0__sa,gemm_tiled_opt_7238579717421349067_1_0__sa,1,645,matched,aligned,true,true,true,exec_profile,gtpin_total_execution_cycles,3673112,114784,cycles,32,3673112,114784,0,0,,,0,0,0,"{""gtpin_avg_execution_cycles_per_invocation"":114784,""gtpin_invocation_count"":32,""gtpin_total_execution_cycles"":3673112}",InvocationCount=32;TotalExecutionCycles=3673112;AvgExecutionCyclesPerInvocation=114784
n1_i0,0,1,0,performance,false,layers.*/self_attn,/model/layers.10/self_attn/MatMul,Gemm,Gemm,gemm:/model/layers.10/self_attn/MatMul,gemm:/model/layers.10/self_attn/MatMul,gemm,gemm_tiled_opt,661,gemm_tiled_opt_7238579717421349067_1_0__sa,gemm_tiled_opt_7238579717421349067_1_0__sa,1,403,matched,aligned,true,true,true,exec_profile,gtpin_total_execution_cycles,3668458,114639,cycles,32,3668458,114639,0,0,,,0,0,0,"{""gtpin_avg_execution_cycles_per_invocation"":114639,""gtpin_invocation_count"":32,""gtpin_total_execution_cycles"":3668458}",InvocationCount=32;TotalExecutionCycles=3668458;AvgExecutionCyclesPerInvocation=114639
n1_i0,0,1,0,performance,false,layers.*/self_attn,/model/layers.16/self_attn/k_proj/MatMul,FullyConnected,FullyConnected,fullyconnected:/model/layers.16/self_attn/k_proj/MatMul,fullyconnected:/model/layers.16/self_attn/k_proj/MatMul,fully_connected,fully_connected_gpu_bf_tiled,855,fully_connected_gpu_bf_tiled_17963963101609895522_0_0,fully_connected_gpu_bf_tiled_17963963101609895522_0_0,1,526,matched,aligned,true,true,true,exec_profile,gtpin_total_execution_cycles,3666790,458348,cycles,8,3666790,458348,0,0,,,0,0,0,"{""gtpin_avg_execution_cycles_per_invocation"":458348,""gtpin_invocation_count"":8,""gtpin_total_execution_cycles"":3666790}",InvocationCount=8;TotalExecutionCycles=3666790;AvgExecutionCyclesPerInvocation=458348
n1_i0,0,1,0,performance,false,layers.*/self_attn,/model/layers.5/self_attn/MatMul,Gemm,Gemm,gemm:/model/layers.5/self_attn/MatMul,gemm:/model/layers.5/self_attn/MatMul,gemm,gemm_tiled_opt,481,gemm_tiled_opt_7238579717421349067_1_0__sa,gemm_tiled_opt_7238579717421349067_1_0__sa,1,293,matched,aligned,true,true,true,exec_profile,gtpin_total_execution_cycles,3657018,114281,cycles,32,3657018,114281,0,0,,,0,0,0,"{""gtpin_avg_execution_cycles_per_invocation"":114281,""gtpin_invocation_count"":32,""gtpin_total_execution_cycles"":3657018}",InvocationCount=32;TotalExecutionCycles=3657018;AvgExecutionCyclesPerInvocation=114281
n1_i0,0,1,0,performance,false,layers.*/self_attn,/model/layers.16/self_attn/Expand,Broadcast,Broadcast,broadcast:/model/layers.16/self_attn/Expand,broadcast:/model/layers.16/self_attn/Expand,broadcast,broadcast_gpu_ref,873,broadcast_gpu_ref_6456514822857321615_0_0__sa,broadcast_gpu_ref_6456514822857321615_0_0__sa,1,532,matched,aligned,true,true,true,exec_profile,gtpin_total_execution_cycles,3638472,3553,cycles,1024,3638472,3553,0,0,,,0,0,0,"{""gtpin_avg_execution_cycles_per_invocation"":3553,""gtpin_invocation_count"":1024,""gtpin_total_execution_cycles"":3638472}",InvocationCount=1024;TotalExecutionCycles=3638472;AvgExecutionCyclesPerInvocation=3553
n1_i0,0,1,0,performance,false,layers.*/self_attn,/model/layers.11/self_attn/MatMul,Gemm,Gemm,gemm:/model/layers.11/self_attn/MatMul,gemm:/model/layers.11/self_attn/MatMul,gemm,gemm_tiled_opt,697,gemm_tiled_opt_7238579717421349067_1_0__sa,gemm_tiled_opt_7238579717421349067_1_0__sa,1,425,matched,aligned,true,true,true,exec_profile,gtpin_total_execution_cycles,3630118,113441,cycles,32,3630118,113441,0,0,,,0,0,0,"{""gtpin_avg_execution_cycles_per_invocation"":113441,""gtpin_invocation_count"":32,""gtpin_total_execution_cycles"":3630118}",InvocationCount=32;TotalExecutionCycles=3630118;AvgExecutionCyclesPerInvocation=113441
n1_i0,0,1,0,performance,false,layers.*/self_attn,/model/layers.18/self_attn/v_proj/MatMul,FullyConnected,FullyConnected,fullyconnected:/model/layers.18/self_attn/v_proj/MatMul,fullyconnected:/model/layers.18/self_attn/v_proj/MatMul,fully_connected,fully_connected_gpu_bf_tiled,925,fully_connected_gpu_bf_tiled_17963963101609895522_0_0,fully_connected_gpu_bf_tiled_17963963101609895522_0_0,1,568,matched,aligned,true,true,true,exec_profile,gtpin_total_execution_cycles,3626772,453346,cycles,8,3626772,453346,0,0,,,0,0,0,"{""gtpin_avg_execution_cycles_per_invocation"":453346,""gtpin_invocation_count"":8,""gtpin_total_execution_cycles"":3626772}",InvocationCount=8;TotalExecutionCycles=3626772;AvgExecutionCyclesPerInvocation=453346
n1_i0,0,1,0,performance,false,layers.*/self_attn,/model/layers.12/self_attn/v_proj/MatMul,FullyConnected,FullyConnected,fullyconnected:/model/layers.12/self_attn/v_proj/MatMul,fullyconnected:/model/layers.12/self_attn/v_proj/MatMul,fully_connected,fully_connected_gpu_bf_tiled,709,fully_connected_gpu_bf_tiled_17963963101609895522_0_0,fully_connected_gpu_bf_tiled_17963963101609895522_0_0,1,436,matched,aligned,true,true,true,exec_profile,gtpin_total_execution_cycles,3623792,452974,cycles,8,3623792,452974,0,0,,,0,0,0,"{""gtpin_avg_execution_cycles_per_invocation"":452974,""gtpin_invocation_count"":8,""gtpin_total_execution_cycles"":3623792}",InvocationCount=8;TotalExecutionCycles=3623792;AvgExecutionCyclesPerInvocation=452974
n1_i0,0,1,0,performance,false,layers.*/self_attn,/model/layers.8/self_attn/v_proj/MatMul,FullyConnected,FullyConnected,fullyconnected:/model/layers.8/self_attn/v_proj/MatMul,fullyconnected:/model/layers.8/self_attn/v_proj/MatMul,fully_connected,fully_connected_gpu_bf_tiled,565,fully_connected_gpu_bf_tiled_17963963101609895522_0_0,fully_connected_gpu_bf_tiled_17963963101609895522_0_0,1,348,matched,aligned,true,true,true,exec_profile,gtpin_total_execution_cycles,3617678,452209,cycles,8,3617678,452209,0,0,,,0,0,0,"{""gtpin_avg_execution_cycles_per_invocation"":452209,""gtpin_invocation_count"":8,""gtpin_total_execution_cycles"":3617678}",InvocationCount=8;TotalExecutionCycles=3617678;AvgExecutionCyclesPerInvocation=452209
n1_i0,0,1,0,performance,false,layers.*/self_attn,/model/layers.19/self_attn/v_proj/MatMul,FullyConnected,FullyConnected,fullyconnected:/model/layers.19/self_attn/v_proj/MatMul,fullyconnected:/model/layers.19/self_attn/v_proj/MatMul,fully_connected,fully_connected_gpu_bf_tiled,961,fully_connected_gpu_bf_tiled_17963963101609895522_0_0,fully_connected_gpu_bf_tiled_17963963101609895522_0_0,1,590,matched,aligned,true,true,true,exec_profile,gtpin_total_execution_cycles,3611880,451485,cycles,8,3611880,451485,0,0,,,0,0,0,"{""gtpin_avg_execution_cycles_per_invocation"":451485,""gtpin_invocation_count"":8,""gtpin_total_execution_cycles"":3611880}",InvocationCount=8;TotalExecutionCycles=3611880;AvgExecutionCyclesPerInvocation=451485
n1_i0,0,1,0,performance,false,layers.*/self_attn,/model/layers.4/self_attn/k_proj/MatMul,FullyConnected,FullyConnected,fullyconnected:/model/layers.4/self_attn/k_proj/MatMul,fullyconnected:/model/layers.4/self_attn/k_proj/MatMul,fully_connected,fully_connected_gpu_bf_tiled,423,fully_connected_gpu_bf_tiled_17963963101609895522_0_0,fully_connected_gpu_bf_tiled_17963963101609895522_0_0,1,262,matched,aligned,true,true,true,exec_profile,gtpin_total_execution_cycles,3610448,451306,cycles,8,3610448,451306,0,0,,,0,0,0,"{""gtpin_avg_execution_cycles_per_invocation"":451306,""gtpin_invocation_count"":8,""gtpin_total_execution_cycles"":3610448}",InvocationCount=8;TotalExecutionCycles=3610448;AvgExecutionCyclesPerInvocation=451306
n1_i0,0,1,0,performance,false,layers.*/self_attn,/model/layers.2/self_attn/v_proj/MatMul,FullyConnected,FullyConnected,fullyconnected:/model/layers.2/self_attn/v_proj/MatMul,fullyconnected:/model/layers.2/self_attn/v_proj/MatMul,fully_connected,fully_connected_gpu_bf_tiled,349,fully_connected_gpu_bf_tiled_17963963101609895522_0_0,fully_connected_gpu_bf_tiled_17963963101609895522_0_0,1,216,matched,aligned,true,true,true,exec_profile,gtpin_total_execution_cycles,3594456,449307,cycles,8,3594456,449307,0,0,,,0,0,0,"{""gtpin_avg_execution_cycles_per_invocation"":449307,""gtpin_invocation_count"":8,""gtpin_total_execution_cycles"":3594456}",InvocationCount=8;TotalExecutionCycles=3594456;AvgExecutionCyclesPerInvocation=449307
n1_i0,0,1,0,performance,false,layers.*/self_attn,/model/layers.20/self_attn/v_proj/MatMul,FullyConnected,FullyConnected,fullyconnected:/model/layers.20/self_attn/v_proj/MatMul,fullyconnected:/model/layers.20/self_attn/v_proj/MatMul,fully_connected,fully_connected_gpu_bf_tiled,997,fully_connected_gpu_bf_tiled_17963963101609895522_0_0,fully_connected_gpu_bf_tiled_17963963101609895522_0_0,1,612,matched,aligned,true,true,true,exec_profile,gtpin_total_execution_cycles,3588618,448577,cycles,8,3588618,448577,0,0,,,0,0,0,"{""gtpin_avg_execution_cycles_per_invocation"":448577,""gtpin_invocation_count"":8,""gtpin_total_execution_cycles"":3588618}",InvocationCount=8;TotalExecutionCycles=3588618;AvgExecutionCyclesPerInvocation=448577
n1_i0,0,1,0,performance,false,layers.*/self_attn,/model/layers.18/self_attn/Expand_1,Broadcast,Broadcast,broadcast:/model/layers.18/self_attn/Expand_1,broadcast:/model/layers.18/self_attn/Expand_1,broadcast,broadcast_gpu_ref,938,broadcast_gpu_ref_6456514822857321615_0_0__sa,broadcast_gpu_ref_6456514822857321615_0_0__sa,1,575,matched,aligned,true,true,true,exec_profile,gtpin_total_execution_cycles,3588060,3503,cycles,1024,3588060,3503,0,0,,,0,0,0,"{""gtpin_avg_execution_cycles_per_invocation"":3503,""gtpin_invocation_count"":1024,""gtpin_total_execution_cycles"":3588060}",InvocationCount=1024;TotalExecutionCycles=3588060;AvgExecutionCyclesPerInvocation=3503
n1_i0,0,1,0,performance,false,layers.*/self_attn,/model/layers.9/self_attn/MatMul,Gemm,Gemm,gemm:/model/layers.9/self_attn/MatMul,gemm:/model/layers.9/self_attn/MatMul,gemm,gemm_tiled_opt,625,gemm_tiled_opt_7238579717421349067_1_0__sa,gemm_tiled_opt_7238579717421349067_1_0__sa,1,381,matched,aligned,true,true,true,exec_profile,gtpin_total_execution_cycles,3586660,112083,cycles,32,3586660,112083,0,0,,,0,0,0,"{""gtpin_avg_execution_cycles_per_invocation"":112083,""gtpin_invocation_count"":32,""gtpin_total_execution_cycles"":3586660}",InvocationCount=32;TotalExecutionCycles=3586660;AvgExecutionCyclesPerInvocation=112083
n1_i0,0,1,0,performance,false,layers.*/self_attn,/model/layers.7/self_attn/MatMul,Gemm,Gemm,gemm:/model/layers.7/self_attn/MatMul,gemm:/model/layers.7/self_attn/MatMul,gemm,gemm_tiled_opt,553,gemm_tiled_opt_7238579717421349067_1_0__sa,gemm_tiled_opt_7238579717421349067_1_0__sa,1,337,matched,aligned,true,true,true,exec_profile,gtpin_total_execution_cycles,3555714,111116,cycles,32,3555714,111116,0,0,,,0,0,0,"{""gtpin_avg_execution_cycles_per_invocation"":111116,""gtpin_invocation_count"":32,""gtpin_total_execution_cycles"":3555714}",InvocationCount=32;TotalExecutionCycles=3555714;AvgExecutionCyclesPerInvocation=111116
n1_i0,0,1,0,performance,false,layers.*/self_attn,/model/layers.11/self_attn/v_proj/MatMul,FullyConnected,FullyConnected,fullyconnected:/model/layers.11/self_attn/v_proj/MatMul,fullyconnected:/model/layers.11/self_attn/v_proj/MatMul,fully_connected,fully_connected_gpu_bf_tiled,673,fully_connected_gpu_bf_tiled_17963963101609895522_0_0,fully_connected_gpu_bf_tiled_17963963101609895522_0_0,1,414,matched,aligned,true,true,true,exec_profile,gtpin_total_execution_cycles,3547536,443442,cycles,8,3547536,443442,0,0,,,0,0,0,"{""gtpin_avg_execution_cycles_per_invocation"":443442,""gtpin_invocation_count"":8,""gtpin_total_execution_cycles"":3547536}",InvocationCount=8;TotalExecutionCycles=3547536;AvgExecutionCyclesPerInvocation=443442
n1_i0,0,1,0,performance,false,layers.*/self_attn,/model/layers.15/self_attn/v_proj/MatMul,FullyConnected,FullyConnected,fullyconnected:/model/layers.15/self_attn/v_proj/MatMul,fullyconnected:/model/layers.15/self_attn/v_proj/MatMul,fully_connected,fully_connected_gpu_bf_tiled,817,fully_connected_gpu_bf_tiled_17963963101609895522_0_0,fully_connected_gpu_bf_tiled_17963963101609895522_0_0,1,502,matched,aligned,true,true,true,exec_profile,gtpin_total_execution_cycles,3541762,442720,cycles,8,3541762,442720,0,0,,,0,0,0,"{""gtpin_avg_execution_cycles_per_invocation"":442720,""gtpin_invocation_count"":8,""gtpin_total_execution_cycles"":3541762}",InvocationCount=8;TotalExecutionCycles=3541762;AvgExecutionCyclesPerInvocation=442720
n1_i0,0,1,0,performance,false,layers.*/self_attn,/model/layers.10/self_attn/v_proj/MatMul,FullyConnected,FullyConnected,fullyconnected:/model/layers.10/self_attn/v_proj/MatMul,fullyconnected:/model/layers.10/self_attn/v_proj/MatMul,fully_connected,fully_connected_gpu_bf_tiled,637,fully_connected_gpu_bf_tiled_17963963101609895522_0_0,fully_connected_gpu_bf_tiled_17963963101609895522_0_0,1,392,matched,aligned,true,true,true,exec_profile,gtpin_total_execution_cycles,3539730,442466,cycles,8,3539730,442466,0,0,,,0,0,0,"{""gtpin_avg_execution_cycles_per_invocation"":442466,""gtpin_invocation_count"":8,""gtpin_total_execution_cycles"":3539730}",InvocationCount=8;TotalExecutionCycles=3539730;AvgExecutionCyclesPerInvocation=442466
n1_i0,0,1,0,performance,false,layers.*/self_attn,/model/layers.19/self_attn/MatMul,Gemm,Gemm,gemm:/model/layers.19/self_attn/MatMul,gemm:/model/layers.19/self_attn/MatMul,gemm,gemm_tiled_opt,985,gemm_tiled_opt_7238579717421349067_1_0__sa,gemm_tiled_opt_7238579717421349067_1_0__sa,1,601,matched,aligned,true,true,true,exec_profile,gtpin_total_execution_cycles,3530710,110334,cycles,32,3530710,110334,0,0,,,0,0,0,"{""gtpin_avg_execution_cycles_per_invocation"":110334,""gtpin_invocation_count"":32,""gtpin_total_execution_cycles"":3530710}",InvocationCount=32;TotalExecutionCycles=3530710;AvgExecutionCyclesPerInvocation=110334
n1_i0,0,1,0,performance,false,layers.*/self_attn,/model/layers.16/self_attn/v_proj/MatMul,FullyConnected,FullyConnected,fullyconnected:/model/layers.16/self_attn/v_proj/MatMul,fullyconnected:/model/layers.16/self_attn/v_proj/MatMul,fully_connected,fully_connected_gpu_bf_tiled,853,fully_connected_gpu_bf_tiled_17963963101609895522_0_0,fully_connected_gpu_bf_tiled_17963963101609895522_0_0,1,524,matched,aligned,true,true,true,exec_profile,gtpin_total_execution_cycles,3486278,435784,cycles,8,3486278,435784,0,0,,,0,0,0,"{""gtpin_avg_execution_cycles_per_invocation"":435784,""gtpin_invocation_count"":8,""gtpin_total_execution_cycles"":3486278}",InvocationCount=8;TotalExecutionCycles=3486278;AvgExecutionCyclesPerInvocation=435784
n1_i0,0,1,0,performance,false,layers.*/self_attn,/model/layers.3/self_attn/MatMul,Gemm,Gemm,gemm:/model/layers.3/self_attn/MatMul,gemm:/model/layers.3/self_attn/MatMul,gemm,gemm_tiled_opt,409,gemm_tiled_opt_7238579717421349067_1_0__sa,gemm_tiled_opt_7238579717421349067_1_0__sa,1,249,matched,aligned,true,true,true,exec_profile,gtpin_total_execution_cycles,3468922,108403,cycles,32,3468922,108403,0,0,,,0,0,0,"{""gtpin_avg_execution_cycles_per_invocation"":108403,""gtpin_invocation_count"":32,""gtpin_total_execution_cycles"":3468922}",InvocationCount=32;TotalExecutionCycles=3468922;AvgExecutionCyclesPerInvocation=108403
n1_i0,0,1,0,performance,false,layers.*/self_attn,/model/layers.1/self_attn/MatMul,Gemm,Gemm,gemm:/model/layers.1/self_attn/MatMul,gemm:/model/layers.1/self_attn/MatMul,gemm,gemm_tiled_opt,337,gemm_tiled_opt_7238579717421349067_1_0__sa,gemm_tiled_opt_7238579717421349067_1_0__sa,1,205,matched,aligned,true,true,true,exec_profile,gtpin_total_execution_cycles,3466914,108341,cycles,32,3466914,108341,0,0,,,0,0,0,"{""gtpin_avg_execution_cycles_per_invocation"":108341,""gtpin_invocation_count"":32,""gtpin_total_execution_cycles"":3466914}",InvocationCount=32;TotalExecutionCycles=3466914;AvgExecutionCyclesPerInvocation=108341
n1_i0,0,1,0,performance,false,layers.*/self_attn,/model/layers.6/self_attn/MatMul,Gemm,Gemm,gemm:/model/layers.6/self_attn/MatMul,gemm:/model/layers.6/self_attn/MatMul,gemm,gemm_tiled_opt,517,gemm_tiled_opt_7238579717421349067_1_0__sa,gemm_tiled_opt_7238579717421349067_1_0__sa,1,315,matched,aligned,true,true,true,exec_profile,gtpin_total_execution_cycles,3456314,108009,cycles,32,3456314,108009,0,0,,,0,0,0,"{""gtpin_avg_execution_cycles_per_invocation"":108009,""gtpin_invocation_count"":32,""gtpin_total_execution_cycles"":3456314}",InvocationCount=32;TotalExecutionCycles=3456314;AvgExecutionCyclesPerInvocation=108009
n1_i0,0,1,0,performance,false,layers.*/self_attn,/model/layers.14/self_attn/MatMul,Gemm,Gemm,gemm:/model/layers.14/self_attn/MatMul,gemm:/model/layers.14/self_attn/MatMul,gemm,gemm_tiled_opt,805,gemm_tiled_opt_7238579717421349067_1_0__sa,gemm_tiled_opt_7238579717421349067_1_0__sa,1,491,matched,aligned,true,true,true,exec_profile,gtpin_total_execution_cycles,3447000,107718,cycles,32,3447000,107718,0,0,,,0,0,0,"{""gtpin_avg_execution_cycles_per_invocation"":107718,""gtpin_invocation_count"":32,""gtpin_total_execution_cycles"":3447000}",InvocationCount=32;TotalExecutionCycles=3447000;AvgExecutionCyclesPerInvocation=107718
n1_i0,0,1,0,performance,false,layers.*/self_attn,/model/layers.15/self_attn/MatMul,Gemm,Gemm,gemm:/model/layers.15/self_attn/MatMul,gemm:/model/layers.15/self_attn/MatMul,gemm,gemm_tiled_opt,841,gemm_tiled_opt_7238579717421349067_1_0__sa,gemm_tiled_opt_7238579717421349067_1_0__sa,1,513,matched,aligned,true,true,true,exec_profile,gtpin_total_execution_cycles,3436448,107389,cycles,32,3436448,107389,0,0,,,0,0,0,"{""gtpin_avg_execution_cycles_per_invocation"":107389,""gtpin_invocation_count"":32,""gtpin_total_execution_cycles"":3436448}",InvocationCount=32;TotalExecutionCycles=3436448;AvgExecutionCyclesPerInvocation=107389
n1_i0,0,1,0,performance,false,layers.*/self_attn,/model/layers.2/self_attn/MatMul,Gemm,Gemm,gemm:/model/layers.2/self_attn/MatMul,gemm:/model/layers.2/self_attn/MatMul,gemm,gemm_tiled_opt,373,gemm_tiled_opt_7238579717421349067_1_0__sa,gemm_tiled_opt_7238579717421349067_1_0__sa,1,227,matched,aligned,true,true,true,exec_profile,gtpin_total_execution_cycles,3414666,106708,cycles,32,3414666,106708,0,0,,,0,0,0,"{""gtpin_avg_execution_cycles_per_invocation"":106708,""gtpin_invocation_count"":32,""gtpin_total_execution_cycles"":3414666}",InvocationCount=32;TotalExecutionCycles=3414666;AvgExecutionCyclesPerInvocation=106708
n1_i0,0,1,0,performance,false,layers.*/self_attn,/model/layers.4/self_attn/v_proj/MatMul,FullyConnected,FullyConnected,fullyconnected:/model/layers.4/self_attn/v_proj/MatMul,fullyconnected:/model/layers.4/self_attn/v_proj/MatMul,fully_connected,fully_connected_gpu_bf_tiled,421,fully_connected_gpu_bf_tiled_17963963101609895522_0_0,fully_connected_gpu_bf_tiled_17963963101609895522_0_0,1,260,matched,aligned,true,true,true,exec_profile,gtpin_total_execution_cycles,3205184,400648,cycles,8,3205184,400648,0,0,,,0,0,0,"{""gtpin_avg_execution_cycles_per_invocation"":400648,""gtpin_invocation_count"":8,""gtpin_total_execution_cycles"":3205184}",InvocationCount=8;TotalExecutionCycles=3205184;AvgExecutionCyclesPerInvocation=400648
n1_i0,0,1,0,performance,false,layers.*/post_attention_layernorm,/model/layers.11/post_attention_layernorm/Mul,RMS,RMS,rms:/model/layers.11/post_attention_layernorm/Mul,rms:/model/layers.11/post_attention_layernorm/Mul,rms,rms_gpu_bfyx_opt,704,rms_gpu_bfyx_opt_10690270683970839748_0_0__sa,rms_gpu_bfyx_opt_10690270683970839748_0_0__sa,1,431,matched,aligned,true,true,true,exec_profile,gtpin_total_execution_cycles,2479556,9685,cycles,256,2479556,9685,0,0,,,0,0,0,"{""gtpin_avg_execution_cycles_per_invocation"":9685,""gtpin_invocation_count"":256,""gtpin_total_execution_cycles"":2479556}",InvocationCount=256;TotalExecutionCycles=2479556;AvgExecutionCyclesPerInvocation=9685
n1_i0,0,1,0,performance,false,layers.*/self_attn,/model/layers.19/self_attn/Transpose_4,Gemm,Gemm,gemm:/model/layers.19/self_attn/Transpose_4,gemm:/model/layers.19/self_attn/Transpose_4,gemm,gemm_tiled_opt,989,gemm_tiled_opt_12829285813189929928_0_0__sa,gemm_tiled_opt_12829285813189929928_0_0__sa,1,605,matched,aligned,true,true,true,exec_profile,gtpin_total_execution_cycles,2417850,37778,cycles,64,2417850,37778,0,0,,,0,0,0,"{""gtpin_avg_execution_cycles_per_invocation"":37778,""gtpin_invocation_count"":64,""gtpin_total_execution_cycles"":2417850}",InvocationCount=64;TotalExecutionCycles=2417850;AvgExecutionCyclesPerInvocation=37778
n1_i0,0,1,0,performance,false,layers.*/post_attention_layernorm,/model/layers.20/post_attention_layernorm/Mul,RMS,RMS,rms:/model/layers.20/post_attention_layernorm/Mul,rms:/model/layers.20/post_attention_layernorm/Mul,rms,rms_gpu_bfyx_opt,1028,rms_gpu_bfyx_opt_10690270683970839748_0_0__sa,rms_gpu_bfyx_opt_10690270683970839748_0_0__sa,1,629,matched,aligned,true,true,true,exec_profile,gtpin_total_execution_cycles,2416718,9440,cycles,256,2416718,9440,0,0,,,0,0,0,"{""gtpin_avg_execution_cycles_per_invocation"":9440,""gtpin_invocation_count"":256,""gtpin_total_execution_cycles"":2416718}",InvocationCount=256;TotalExecutionCycles=2416718;AvgExecutionCyclesPerInvocation=9440
n1_i0,0,1,0,performance,false,layers.*/self_attn,/model/layers.11/self_attn/Transpose_4,Gemm,Gemm,gemm:/model/layers.11/self_attn/Transpose_4,gemm:/model/layers.11/self_attn/Transpose_4,gemm,gemm_tiled_opt,701,gemm_tiled_opt_12829285813189929928_0_0__sa,gemm_tiled_opt_12829285813189929928_0_0__sa,1,429,matched,aligned,true,true,true,exec_profile,gtpin_total_execution_cycles,2412038,37688,cycles,64,2412038,37688,0,0,,,0,0,0,"{""gtpin_avg_execution_cycles_per_invocation"":37688,""gtpin_invocation_count"":64,""gtpin_total_execution_cycles"":2412038}",InvocationCount=64;TotalExecutionCycles=2412038;AvgExecutionCyclesPerInvocation=37688
n1_i0,0,1,0,performance,false,layers.*/self_attn,/model/layers.15/self_attn/Transpose_4,Gemm,Gemm,gemm:/model/layers.15/self_attn/Transpose_4,gemm:/model/layers.15/self_attn/Transpose_4,gemm,gemm_tiled_opt,845,gemm_tiled_opt_12829285813189929928_0_0__sa,gemm_tiled_opt_12829285813189929928_0_0__sa,1,517,matched,aligned,true,true,true,exec_profile,gtpin_total_execution_cycles,2402854,37544,cycles,64,2402854,37544,0,0,,,0,0,0,"{""gtpin_avg_execution_cycles_per_invocation"":37544,""gtpin_invocation_count"":64,""gtpin_total_execution_cycles"":2402854}",InvocationCount=64;TotalExecutionCycles=2402854;AvgExecutionCyclesPerInvocation=37544
n1_i0,0,1,0,performance,false,layers.*/self_attn,/model/layers.20/self_attn/Transpose_4,Gemm,Gemm,gemm:/model/layers.20/self_attn/Transpose_4,gemm:/model/layers.20/self_attn/Transpose_4,gemm,gemm_tiled_opt,1025,gemm_tiled_opt_12829285813189929928_0_0__sa,gemm_tiled_opt_12829285813189929928_0_0__sa,1,627,matched,aligned,true,true,true,exec_profile,gtpin_total_execution_cycles,2385408,37272,cycles,64,2385408,37272,0,0,,,0,0,0,"{""gtpin_avg_execution_cycles_per_invocation"":37272,""gtpin_invocation_count"":64,""gtpin_total_execution_cycles"":2385408}",InvocationCount=64;TotalExecutionCycles=2385408;AvgExecutionCyclesPerInvocation=37272
n1_i0,0,1,0,performance,false,layers.*/input_layernorm,/model/layers.13/input_layernorm/Mul,RMS,RMS,rms:/model/layers.13/input_layernorm/Mul,rms:/model/layers.13/input_layernorm/Mul,rms,rms_gpu_bfyx_opt,744,rms_gpu_bfyx_opt_10690270683970839748_0_0__sa,rms_gpu_bfyx_opt_10690270683970839748_0_0__sa,1,457,matched,aligned,true,true,true,exec_profile,gtpin_total_execution_cycles,2348962,9175,cycles,256,2348962,9175,0,0,,,0,0,0,"{""gtpin_avg_execution_cycles_per_invocation"":9175,""gtpin_invocation_count"":256,""gtpin_total_execution_cycles"":2348962}",InvocationCount=256;TotalExecutionCycles=2348962;AvgExecutionCyclesPerInvocation=9175
n1_i0,0,1,0,performance,false,layers.*/self_attn,/model/layers.7/self_attn/Transpose_4,Gemm,Gemm,gemm:/model/layers.7/self_attn/Transpose_4,gemm:/model/layers.7/self_attn/Transpose_4,gemm,gemm_tiled_opt,557,gemm_tiled_opt_12829285813189929928_0_0__sa,gemm_tiled_opt_12829285813189929928_0_0__sa,1,341,matched,aligned,true,true,true,exec_profile,gtpin_total_execution_cycles,2284438,35694,cycles,64,2284438,35694,0,0,,,0,0,0,"{""gtpin_avg_execution_cycles_per_invocation"":35694,""gtpin_invocation_count"":64,""gtpin_total_execution_cycles"":2284438}",InvocationCount=64;TotalExecutionCycles=2284438;AvgExecutionCyclesPerInvocation=35694
n1_i0,0,1,0,performance,false,layers.*/self_attn,/model/layers.3/self_attn/Transpose_4,Gemm,Gemm,gemm:/model/layers.3/self_attn/Transpose_4,gemm:/model/layers.3/self_attn/Transpose_4,gemm,gemm_tiled_opt,413,gemm_tiled_opt_12829285813189929928_0_0__sa,gemm_tiled_opt_12829285813189929928_0_0__sa,1,253,matched,aligned,true,true,true,exec_profile,gtpin_total_execution_cycles,2248828,35137,cycles,64,2248828,35137,0,0,,,0,0,0,"{""gtpin_avg_execution_cycles_per_invocation"":35137,""gtpin_invocation_count"":64,""gtpin_total_execution_cycles"":2248828}",InvocationCount=64;TotalExecutionCycles=2248828;AvgExecutionCyclesPerInvocation=35137
n1_i0,0,1,0,performance,false,layers.*/post_attention_layernorm,/model/layers.21/post_attention_layernorm/Mul,RMS,RMS,rms:/model/layers.21/post_attention_layernorm/Mul,rms:/model/layers.21/post_attention_layernorm/Mul,rms,rms_gpu_bfyx_opt,1064,rms_gpu_bfyx_opt_10690270683970839748_0_0__sa,rms_gpu_bfyx_opt_10690270683970839748_0_0__sa,1,651,matched,aligned,true,true,true,exec_profile,gtpin_total_execution_cycles,2237416,8739,cycles,256,2237416,8739,0,0,,,0,0,0,"{""gtpin_avg_execution_cycles_per_invocation"":8739,""gtpin_invocation_count"":256,""gtpin_total_execution_cycles"":2237416}",InvocationCount=256;TotalExecutionCycles=2237416;AvgExecutionCyclesPerInvocation=8739
n1_i0,0,1,0,performance,false,layers.*/post_attention_layernorm,/model/layers.12/post_attention_layernorm/Mul,RMS,RMS,rms:/model/layers.12/post_attention_layernorm/Mul,rms:/model/layers.12/post_attention_layernorm/Mul,rms,rms_gpu_bfyx_opt,740,rms_gpu_bfyx_opt_10690270683970839748_0_0__sa,rms_gpu_bfyx_opt_10690270683970839748_0_0__sa,1,453,matched,aligned,true,true,true,exec_profile,gtpin_total_execution_cycles,2215250,8653,cycles,256,2215250,8653,0,0,,,0,0,0,"{""gtpin_avg_execution_cycles_per_invocation"":8653,""gtpin_invocation_count"":256,""gtpin_total_execution_cycles"":2215250}",InvocationCount=256;TotalExecutionCycles=2215250;AvgExecutionCyclesPerInvocation=8653
n1_i0,0,1,0,performance,false,layers.*/input_layernorm,/model/layers.15/input_layernorm/Mul,RMS,RMS,rms:/model/layers.15/input_layernorm/Mul,rms:/model/layers.15/input_layernorm/Mul,rms,rms_gpu_bfyx_opt,816,rms_gpu_bfyx_opt_10690270683970839748_0_0__sa,rms_gpu_bfyx_opt_10690270683970839748_0_0__sa,1,501,matched,aligned,true,true,true,exec_profile,gtpin_total_execution_cycles,2184718,8534,cycles,256,2184718,8534,0,0,,,0,0,0,"{""gtpin_avg_execution_cycles_per_invocation"":8534,""gtpin_invocation_count"":256,""gtpin_total_execution_cycles"":2184718}",InvocationCount=256;TotalExecutionCycles=2184718;AvgExecutionCyclesPerInvocation=8534
n1_i0,0,1,0,performance,false,layers.*/self_attn,/model/layers.17/self_attn/Transpose_4,Gemm,Gemm,gemm:/model/layers.17/self_attn/Transpose_4,gemm:/model/layers.17/self_attn/Transpose_4,gemm,gemm_tiled_opt,917,gemm_tiled_opt_12829285813189929928_0_0__sa,gemm_tiled_opt_12829285813189929928_0_0__sa,1,561,matched,aligned,true,true,true,exec_profile,gtpin_total_execution_cycles,2164670,33822,cycles,64,2164670,33822,0,0,,,0,0,0,"{""gtpin_avg_execution_cycles_per_invocation"":33822,""gtpin_invocation_count"":64,""gtpin_total_execution_cycles"":2164670}",InvocationCount=64;TotalExecutionCycles=2164670;AvgExecutionCyclesPerInvocation=33822
n1_i0,0,1,0,performance,false,layers.*/self_attn,/model/layers.10/self_attn/Transpose_4,Gemm,Gemm,gemm:/model/layers.10/self_attn/Transpose_4,gemm:/model/layers.10/self_attn/Transpose_4,gemm,gemm_tiled_opt,665,gemm_tiled_opt_12829285813189929928_0_0__sa,gemm_tiled_opt_12829285813189929928_0_0__sa,1,407,matched,aligned,true,true,true,exec_profile,gtpin_total_execution_cycles,2149598,33587,cycles,64,2149598,33587,0,0,,,0,0,0,"{""gtpin_avg_execution_cycles_per_invocation"":33587,""gtpin_invocation_count"":64,""gtpin_total_execution_cycles"":2149598}",InvocationCount=64;TotalExecutionCycles=2149598;AvgExecutionCyclesPerInvocation=33587
n1_i0,0,1,0,performance,false,layers.*/post_attention_layernorm,/model/layers.2/post_attention_layernorm/Mul,RMS,RMS,rms:/model/layers.2/post_attention_layernorm/Mul,rms:/model/layers.2/post_attention_layernorm/Mul,rms,rms_gpu_bfyx_opt,380,rms_gpu_bfyx_opt_10690270683970839748_0_0__sa,rms_gpu_bfyx_opt_10690270683970839748_0_0__sa,1,233,matched,aligned,true,true,true,exec_profile,gtpin_total_execution_cycles,2145200,8379,cycles,256,2145200,8379,0,0,,,0,0,0,"{""gtpin_avg_execution_cycles_per_invocation"":8379,""gtpin_invocation_count"":256,""gtpin_total_execution_cycles"":2145200}",InvocationCount=256;TotalExecutionCycles=2145200;AvgExecutionCyclesPerInvocation=8379
n1_i0,0,1,0,performance,false,layers.*/post_attention_layernorm,/model/layers.19/post_attention_layernorm/Mul,RMS,RMS,rms:/model/layers.19/post_attention_layernorm/Mul,rms:/model/layers.19/post_attention_layernorm/Mul,rms,rms_gpu_bfyx_opt,992,rms_gpu_bfyx_opt_10690270683970839748_0_0__sa,rms_gpu_bfyx_opt_10690270683970839748_0_0__sa,1,607,matched,aligned,true,true,true,exec_profile,gtpin_total_execution_cycles,2136782,8346,cycles,256,2136782,8346,0,0,,,0,0,0,"{""gtpin_avg_execution_cycles_per_invocation"":8346,""gtpin_invocation_count"":256,""gtpin_total_execution_cycles"":2136782}",InvocationCount=256;TotalExecutionCycles=2136782;AvgExecutionCyclesPerInvocation=8346
n1_i0,0,1,0,performance,false,layers.*/input_layernorm,/model/layers.7/input_layernorm/Mul,RMS,RMS,rms:/model/layers.7/input_layernorm/Mul,rms:/model/layers.7/input_layernorm/Mul,rms,rms_gpu_bfyx_opt,528,rms_gpu_bfyx_opt_10690270683970839748_0_0__sa,rms_gpu_bfyx_opt_10690270683970839748_0_0__sa,1,325,matched,aligned,true,true,true,exec_profile,gtpin_total_execution_cycles,2132250,8329,cycles,256,2132250,8329,0,0,,,0,0,0,"{""gtpin_avg_execution_cycles_per_invocation"":8329,""gtpin_invocation_count"":256,""gtpin_total_execution_cycles"":2132250}",InvocationCount=256;TotalExecutionCycles=2132250;AvgExecutionCyclesPerInvocation=8329
n1_i0,0,1,0,performance,false,layers.*/input_layernorm,/model/layers.0/input_layernorm/Mul,RMS,RMS,rms:/model/layers.0/input_layernorm/Mul,rms:/model/layers.0/input_layernorm/Mul,rms,rms_gpu_bfyx_opt,232,rms_gpu_bfyx_opt_10690270683970839748_0_0__sa,rms_gpu_bfyx_opt_10690270683970839748_0_0__sa,1,160,matched,aligned,true,true,true,exec_profile,gtpin_total_execution_cycles,2125796,8303,cycles,256,2125796,8303,0,0,,,0,0,0,"{""gtpin_avg_execution_cycles_per_invocation"":8303,""gtpin_invocation_count"":256,""gtpin_total_execution_cycles"":2125796}",InvocationCount=256;TotalExecutionCycles=2125796;AvgExecutionCyclesPerInvocation=8303
n1_i0,0,1,0,performance,false,layers.*/self_attn,/model/layers.5/self_attn/Transpose_4,Gemm,Gemm,gemm:/model/layers.5/self_attn/Transpose_4,gemm:/model/layers.5/self_attn/Transpose_4,gemm,gemm_tiled_opt,485,gemm_tiled_opt_12829285813189929928_0_0__sa,gemm_tiled_opt_12829285813189929928_0_0__sa,1,297,matched,aligned,true,true,true,exec_profile,gtpin_total_execution_cycles,2113856,33029,cycles,64,2113856,33029,0,0,,,0,0,0,"{""gtpin_avg_execution_cycles_per_invocation"":33029,""gtpin_invocation_count"":64,""gtpin_total_execution_cycles"":2113856}",InvocationCount=64;TotalExecutionCycles=2113856;AvgExecutionCyclesPerInvocation=33029
n1_i0,0,1,0,performance,false,layers.*/self_attn,/model/layers.16/self_attn/Transpose_4,Gemm,Gemm,gemm:/model/layers.16/self_attn/Transpose_4,gemm:/model/layers.16/self_attn/Transpose_4,gemm,gemm_tiled_opt,881,gemm_tiled_opt_12829285813189929928_0_0__sa,gemm_tiled_opt_12829285813189929928_0_0__sa,1,539,matched,aligned,true,true,true,exec_profile,gtpin_total_execution_cycles,2089610,32650,cycles,64,2089610,32650,0,0,,,0,0,0,"{""gtpin_avg_execution_cycles_per_invocation"":32650,""gtpin_invocation_count"":64,""gtpin_total_execution_cycles"":2089610}",InvocationCount=64;TotalExecutionCycles=2089610;AvgExecutionCyclesPerInvocation=32650
n1_i0,0,1,0,performance,false,layers.*/self_attn,/model/layers.21/self_attn/Transpose_4,Gemm,Gemm,gemm:/model/layers.21/self_attn/Transpose_4,gemm:/model/layers.21/self_attn/Transpose_4,gemm,gemm_tiled_opt,1061,gemm_tiled_opt_12829285813189929928_0_0__sa,gemm_tiled_opt_12829285813189929928_0_0__sa,1,649,matched,aligned,true,true,true,exec_profile,gtpin_total_execution_cycles,2083056,32547,cycles,64,2083056,32547,0,0,,,0,0,0,"{""gtpin_avg_execution_cycles_per_invocation"":32547,""gtpin_invocation_count"":64,""gtpin_total_execution_cycles"":2083056}",InvocationCount=64;TotalExecutionCycles=2083056;AvgExecutionCyclesPerInvocation=32547
n1_i0,0,1,0,performance,false,layers.*/self_attn,/model/layers.1/self_attn/Transpose_4,Gemm,Gemm,gemm:/model/layers.1/self_attn/Transpose_4,gemm:/model/layers.1/self_attn/Transpose_4,gemm,gemm_tiled_opt,341,gemm_tiled_opt_12829285813189929928_0_0__sa,gemm_tiled_opt_12829285813189929928_0_0__sa,1,209,matched,aligned,true,true,true,exec_profile,gtpin_total_execution_cycles,2074346,32411,cycles,64,2074346,32411,0,0,,,0,0,0,"{""gtpin_avg_execution_cycles_per_invocation"":32411,""gtpin_invocation_count"":64,""gtpin_total_execution_cycles"":2074346}",InvocationCount=64;TotalExecutionCycles=2074346;AvgExecutionCyclesPerInvocation=32411
n1_i0,0,1,0,performance,false,layers.*/self_attn,/model/layers.9/self_attn/Transpose_4,Gemm,Gemm,gemm:/model/layers.9/self_attn/Transpose_4,gemm:/model/layers.9/self_attn/Transpose_4,gemm,gemm_tiled_opt,629,gemm_tiled_opt_12829285813189929928_0_0__sa,gemm_tiled_opt_12829285813189929928_0_0__sa,1,385,matched,aligned,true,true,true,exec_profile,gtpin_total_execution_cycles,2073546,32399,cycles,64,2073546,32399,0,0,,,0,0,0,"{""gtpin_avg_execution_cycles_per_invocation"":32399,""gtpin_invocation_count"":64,""gtpin_total_execution_cycles"":2073546}",InvocationCount=64;TotalExecutionCycles=2073546;AvgExecutionCyclesPerInvocation=32399
n1_i0,0,1,0,performance,false,layers.*/self_attn,/model/layers.6/self_attn/Transpose_4,Gemm,Gemm,gemm:/model/layers.6/self_attn/Transpose_4,gemm:/model/layers.6/self_attn/Transpose_4,gemm,gemm_tiled_opt,521,gemm_tiled_opt_12829285813189929928_0_0__sa,gemm_tiled_opt_12829285813189929928_0_0__sa,1,319,matched,aligned,true,true,true,exec_profile,gtpin_total_execution_cycles,2072666,32385,cycles,64,2072666,32385,0,0,,,0,0,0,"{""gtpin_avg_execution_cycles_per_invocation"":32385,""gtpin_invocation_count"":64,""gtpin_total_execution_cycles"":2072666}",InvocationCount=64;TotalExecutionCycles=2072666;AvgExecutionCyclesPerInvocation=32385
n1_i0,0,1,0,performance,false,layers.*/self_attn,/model/layers.12/self_attn/Transpose_4,Gemm,Gemm,gemm:/model/layers.12/self_attn/Transpose_4,gemm:/model/layers.12/self_attn/Transpose_4,gemm,gemm_tiled_opt,737,gemm_tiled_opt_12829285813189929928_0_0__sa,gemm_tiled_opt_12829285813189929928_0_0__sa,1,451,matched,aligned,true,true,true,exec_profile,gtpin_total_execution_cycles,2070466,32351,cycles,64,2070466,32351,0,0,,,0,0,0,"{""gtpin_avg_execution_cycles_per_invocation"":32351,""gtpin_invocation_count"":64,""gtpin_total_execution_cycles"":2070466}",InvocationCount=64;TotalExecutionCycles=2070466;AvgExecutionCyclesPerInvocation=32351
n1_i0,0,1,0,performance,false,layers.*/self_attn,/model/layers.13/self_attn/Transpose_4,Gemm,Gemm,gemm:/model/layers.13/self_attn/Transpose_4,gemm:/model/layers.13/self_attn/Transpose_4,gemm,gemm_tiled_opt,773,gemm_tiled_opt_12829285813189929928_0_0__sa,gemm_tiled_opt_12829285813189929928_0_0__sa,1,473,matched,aligned,true,true,true,exec_profile,gtpin_total_execution_cycles,2064840,32263,cycles,64,2064840,32263,0,0,,,0,0,0,"{""gtpin_avg_execution_cycles_per_invocation"":32263,""gtpin_invocation_count"":64,""gtpin_total_execution_cycles"":2064840}",InvocationCount=64;TotalExecutionCycles=2064840;AvgExecutionCyclesPerInvocation=32263
n1_i0,0,1,0,performance,false,layers.*/self_attn,/model/layers.14/self_attn/Transpose_4,Gemm,Gemm,gemm:/model/layers.14/self_attn/Transpose_4,gemm:/model/layers.14/self_attn/Transpose_4,gemm,gemm_tiled_opt,809,gemm_tiled_opt_12829285813189929928_0_0__sa,gemm_tiled_opt_12829285813189929928_0_0__sa,1,495,matched,aligned,true,true,true,exec_profile,gtpin_total_execution_cycles,2053712,32089,cycles,64,2053712,32089,0,0,,,0,0,0,"{""gtpin_avg_execution_cycles_per_invocation"":32089,""gtpin_invocation_count"":64,""gtpin_total_execution_cycles"":2053712}",InvocationCount=64;TotalExecutionCycles=2053712;AvgExecutionCyclesPerInvocation=32089
n1_i0,0,1,0,performance,false,layers.*/self_attn,/model/layers.0/self_attn/Transpose_4,Gemm,Gemm,gemm:/model/layers.0/self_attn/Transpose_4,gemm:/model/layers.0/self_attn/Transpose_4,gemm,gemm_tiled_opt,305,gemm_tiled_opt_12829285813189929928_0_0__sa,gemm_tiled_opt_12829285813189929928_0_0__sa,1,187,matched,aligned,true,true,true,exec_profile,gtpin_total_execution_cycles,2053656,32088,cycles,64,2053656,32088,0,0,,,0,0,0,"{""gtpin_avg_execution_cycles_per_invocation"":32088,""gtpin_invocation_count"":64,""gtpin_total_execution_cycles"":2053656}",InvocationCount=64;TotalExecutionCycles=2053656;AvgExecutionCyclesPerInvocation=32088
n1_i0,0,1,0,performance,false,layers.*/post_attention_layernorm,/model/layers.17/post_attention_layernorm/Mul,RMS,RMS,rms:/model/layers.17/post_attention_layernorm/Mul,rms:/model/layers.17/post_attention_layernorm/Mul,rms,rms_gpu_bfyx_opt,920,rms_gpu_bfyx_opt_10690270683970839748_0_0__sa,rms_gpu_bfyx_opt_10690270683970839748_0_0__sa,1,563,matched,aligned,true,true,true,exec_profile,gtpin_total_execution_cycles,2052884,8019,cycles,256,2052884,8019,0,0,,,0,0,0,"{""gtpin_avg_execution_cycles_per_invocation"":8019,""gtpin_invocation_count"":256,""gtpin_total_execution_cycles"":2052884}",InvocationCount=256;TotalExecutionCycles=2052884;AvgExecutionCyclesPerInvocation=8019
n1_i0,0,1,0,performance,false,layers.*/self_attn,/model/layers.18/self_attn/Transpose_4,Gemm,Gemm,gemm:/model/layers.18/self_attn/Transpose_4,gemm:/model/layers.18/self_attn/Transpose_4,gemm,gemm_tiled_opt,953,gemm_tiled_opt_12829285813189929928_0_0__sa,gemm_tiled_opt_12829285813189929928_0_0__sa,1,583,matched,aligned,true,true,true,exec_profile,gtpin_total_execution_cycles,2051640,32056,cycles,64,2051640,32056,0,0,,,0,0,0,"{""gtpin_avg_execution_cycles_per_invocation"":32056,""gtpin_invocation_count"":64,""gtpin_total_execution_cycles"":2051640}",InvocationCount=64;TotalExecutionCycles=2051640;AvgExecutionCyclesPerInvocation=32056
n1_i0,0,1,0,performance,false,layers.*/input_layernorm,/model/layers.19/input_layernorm/Mul,RMS,RMS,rms:/model/layers.19/input_layernorm/Mul,rms:/model/layers.19/input_layernorm/Mul,rms,rms_gpu_bfyx_opt,960,rms_gpu_bfyx_opt_10690270683970839748_0_0__sa,rms_gpu_bfyx_opt_10690270683970839748_0_0__sa,1,589,matched,aligned,true,true,true,exec_profile,gtpin_total_execution_cycles,2050008,8007,cycles,256,2050008,8007,0,0,,,0,0,0,"{""gtpin_avg_execution_cycles_per_invocation"":8007,""gtpin_invocation_count"":256,""gtpin_total_execution_cycles"":2050008}",InvocationCount=256;TotalExecutionCycles=2050008;AvgExecutionCyclesPerInvocation=8007
n1_i0,0,1,0,performance,false,layers.*/input_layernorm,/model/layers.3/input_layernorm/Mul,RMS,RMS,rms:/model/layers.3/input_layernorm/Mul,rms:/model/layers.3/input_layernorm/Mul,rms,rms_gpu_bfyx_opt,384,rms_gpu_bfyx_opt_10690270683970839748_0_0__sa,rms_gpu_bfyx_opt_10690270683970839748_0_0__sa,1,237,matched,aligned,true,true,true,exec_profile,gtpin_total_execution_cycles,2043930,7984,cycles,256,2043930,7984,0,0,,,0,0,0,"{""gtpin_avg_execution_cycles_per_invocation"":7984,""gtpin_invocation_count"":256,""gtpin_total_execution_cycles"":2043930}",InvocationCount=256;TotalExecutionCycles=2043930;AvgExecutionCyclesPerInvocation=7984
n1_i0,0,1,0,performance,false,layers.*/self_attn,/model/layers.8/self_attn/Transpose_4,Gemm,Gemm,gemm:/model/layers.8/self_attn/Transpose_4,gemm:/model/layers.8/self_attn/Transpose_4,gemm,gemm_tiled_opt,593,gemm_tiled_opt_12829285813189929928_0_0__sa,gemm_tiled_opt_12829285813189929928_0_0__sa,1,363,matched,aligned,true,true,true,exec_profile,gtpin_total_execution_cycles,2039660,31869,cycles,64,2039660,31869,0,0,,,0,0,0,"{""gtpin_avg_execution_cycles_per_invocation"":31869,""gtpin_invocation_count"":64,""gtpin_total_execution_cycles"":2039660}",InvocationCount=64;TotalExecutionCycles=2039660;AvgExecutionCyclesPerInvocation=31869
n1_i0,0,1,0,performance,false,layers.*/post_attention_layernorm,/model/layers.9/post_attention_layernorm/Mul,RMS,RMS,rms:/model/layers.9/post_attention_layernorm/Mul,rms:/model/layers.9/post_attention_layernorm/Mul,rms,rms_gpu_bfyx_opt,632,rms_gpu_bfyx_opt_10690270683970839748_0_0__sa,rms_gpu_bfyx_opt_10690270683970839748_0_0__sa,1,387,matched,aligned,true,true,true,exec_profile,gtpin_total_execution_cycles,2029414,7927,cycles,256,2029414,7927,0,0,,,0,0,0,"{""gtpin_avg_execution_cycles_per_invocation"":7927,""gtpin_invocation_count"":256,""gtpin_total_execution_cycles"":2029414}",InvocationCount=256;TotalExecutionCycles=2029414;AvgExecutionCyclesPerInvocation=7927
n1_i0,0,1,0,performance,false,layers.*/post_attention_layernorm,/model/layers.3/post_attention_layernorm/Mul,RMS,RMS,rms:/model/layers.3/post_attention_layernorm/Mul,rms:/model/layers.3/post_attention_layernorm/Mul,rms,rms_gpu_bfyx_opt,416,rms_gpu_bfyx_opt_10690270683970839748_0_0__sa,rms_gpu_bfyx_opt_10690270683970839748_0_0__sa,1,255,matched,aligned,true,true,true,exec_profile,gtpin_total_execution_cycles,2013862,7866,cycles,256,2013862,7866,0,0,,,0,0,0,"{""gtpin_avg_execution_cycles_per_invocation"":7866,""gtpin_invocation_count"":256,""gtpin_total_execution_cycles"":2013862}",InvocationCount=256;TotalExecutionCycles=2013862;AvgExecutionCyclesPerInvocation=7866
n1_i0,0,1,0,performance,false,(root),/model/norm/Mul,RMS,RMS,rms:/model/norm/Mul,rms:/model/norm/Mul,rms,rms_gpu_bfyx_opt,1068,rms_gpu_bfyx_opt_10690270683970839748_0_0__sa,rms_gpu_bfyx_opt_10690270683970839748_0_0__sa,1,655,matched,aligned,true,true,true,exec_profile,gtpin_total_execution_cycles,1997998,7804,cycles,256,1997998,7804,0,0,,,0,0,0,"{""gtpin_avg_execution_cycles_per_invocation"":7804,""gtpin_invocation_count"":256,""gtpin_total_execution_cycles"":1997998}",InvocationCount=256;TotalExecutionCycles=1997998;AvgExecutionCyclesPerInvocation=7804
n1_i0,0,1,0,performance,false,layers.*/input_layernorm,/model/layers.11/input_layernorm/Mul,RMS,RMS,rms:/model/layers.11/input_layernorm/Mul,rms:/model/layers.11/input_layernorm/Mul,rms,rms_gpu_bfyx_opt,672,rms_gpu_bfyx_opt_10690270683970839748_0_0__sa,rms_gpu_bfyx_opt_10690270683970839748_0_0__sa,1,413,matched,aligned,true,true,true,exec_profile,gtpin_total_execution_cycles,1989504,7771,cycles,256,1989504,7771,0,0,,,0,0,0,"{""gtpin_avg_execution_cycles_per_invocation"":7771,""gtpin_invocation_count"":256,""gtpin_total_execution_cycles"":1989504}",InvocationCount=256;TotalExecutionCycles=1989504;AvgExecutionCyclesPerInvocation=7771
n1_i0,0,1,0,performance,false,layers.*/post_attention_layernorm,/model/layers.7/post_attention_layernorm/Mul,RMS,RMS,rms:/model/layers.7/post_attention_layernorm/Mul,rms:/model/layers.7/post_attention_layernorm/Mul,rms,rms_gpu_bfyx_opt,560,rms_gpu_bfyx_opt_10690270683970839748_0_0__sa,rms_gpu_bfyx_opt_10690270683970839748_0_0__sa,1,343,matched,aligned,true,true,true,exec_profile,gtpin_total_execution_cycles,1984100,7750,cycles,256,1984100,7750,0,0,,,0,0,0,"{""gtpin_avg_execution_cycles_per_invocation"":7750,""gtpin_invocation_count"":256,""gtpin_total_execution_cycles"":1984100}",InvocationCount=256;TotalExecutionCycles=1984100;AvgExecutionCyclesPerInvocation=7750
n1_i0,0,1,0,performance,false,layers.*/post_attention_layernorm,/model/layers.6/post_attention_layernorm/Mul,RMS,RMS,rms:/model/layers.6/post_attention_layernorm/Mul,rms:/model/layers.6/post_attention_layernorm/Mul,rms,rms_gpu_bfyx_opt,524,rms_gpu_bfyx_opt_10690270683970839748_0_0__sa,rms_gpu_bfyx_opt_10690270683970839748_0_0__sa,1,321,matched,aligned,true,true,true,exec_profile,gtpin_total_execution_cycles,1980888,7737,cycles,256,1980888,7737,0,0,,,0,0,0,"{""gtpin_avg_execution_cycles_per_invocation"":7737,""gtpin_invocation_count"":256,""gtpin_total_execution_cycles"":1980888}",InvocationCount=256;TotalExecutionCycles=1980888;AvgExecutionCyclesPerInvocation=7737
n1_i0,0,1,0,performance,false,layers.*/post_attention_layernorm,/model/layers.16/post_attention_layernorm/Mul,RMS,RMS,rms:/model/layers.16/post_attention_layernorm/Mul,rms:/model/layers.16/post_attention_layernorm/Mul,rms,rms_gpu_bfyx_opt,884,rms_gpu_bfyx_opt_10690270683970839748_0_0__sa,rms_gpu_bfyx_opt_10690270683970839748_0_0__sa,1,541,matched,aligned,true,true,true,exec_profile,gtpin_total_execution_cycles,1976838,7722,cycles,256,1976838,7722,0,0,,,0,0,0,"{""gtpin_avg_execution_cycles_per_invocation"":7722,""gtpin_invocation_count"":256,""gtpin_total_execution_cycles"":1976838}",InvocationCount=256;TotalExecutionCycles=1976838;AvgExecutionCyclesPerInvocation=7722
n1_i0,0,1,0,performance,false,layers.*/self_attn,/model/layers.2/self_attn/Transpose_4,Gemm,Gemm,gemm:/model/layers.2/self_attn/Transpose_4,gemm:/model/layers.2/self_attn/Transpose_4,gemm,gemm_tiled_opt,377,gemm_tiled_opt_12829285813189929928_0_0__sa,gemm_tiled_opt_12829285813189929928_0_0__sa,1,231,matched,aligned,true,true,true,exec_profile,gtpin_total_execution_cycles,1976236,30878,cycles,64,1976236,30878,0,0,,,0,0,0,"{""gtpin_avg_execution_cycles_per_invocation"":30878,""gtpin_invocation_count"":64,""gtpin_total_execution_cycles"":1976236}",InvocationCount=64;TotalExecutionCycles=1976236;AvgExecutionCyclesPerInvocation=30878
n1_i0,0,1,0,performance,false,layers.*/self_attn,/model/layers.4/self_attn/Transpose_4,Gemm,Gemm,gemm:/model/layers.4/self_attn/Transpose_4,gemm:/model/layers.4/self_attn/Transpose_4,gemm,gemm_tiled_opt,449,gemm_tiled_opt_12829285813189929928_0_0__sa,gemm_tiled_opt_12829285813189929928_0_0__sa,1,275,matched,aligned,true,true,true,exec_profile,gtpin_total_execution_cycles,1973398,30834,cycles,64,1973398,30834,0,0,,,0,0,0,"{""gtpin_avg_execution_cycles_per_invocation"":30834,""gtpin_invocation_count"":64,""gtpin_total_execution_cycles"":1973398}",InvocationCount=64;TotalExecutionCycles=1973398;AvgExecutionCyclesPerInvocation=30834
n1_i0,0,1,0,performance,false,layers.*/post_attention_layernorm,/model/layers.15/post_attention_layernorm/Mul,RMS,RMS,rms:/model/layers.15/post_attention_layernorm/Mul,rms:/model/layers.15/post_attention_layernorm/Mul,rms,rms_gpu_bfyx_opt,848,rms_gpu_bfyx_opt_10690270683970839748_0_0__sa,rms_gpu_bfyx_opt_10690270683970839748_0_0__sa,1,519,matched,aligned,true,true,true,exec_profile,gtpin_total_execution_cycles,1937930,7570,cycles,256,1937930,7570,0,0,,,0,0,0,"{""gtpin_avg_execution_cycles_per_invocation"":7570,""gtpin_invocation_count"":256,""gtpin_total_execution_cycles"":1937930}",InvocationCount=256;TotalExecutionCycles=1937930;AvgExecutionCyclesPerInvocation=7570
n1_i0,0,1,0,performance,false,layers.*/post_attention_layernorm,/model/layers.13/post_attention_layernorm/Mul,RMS,RMS,rms:/model/layers.13/post_attention_layernorm/Mul,rms:/model/layers.13/post_attention_layernorm/Mul,rms,rms_gpu_bfyx_opt,776,rms_gpu_bfyx_opt_10690270683970839748_0_0__sa,rms_gpu_bfyx_opt_10690270683970839748_0_0__sa,1,475,matched,aligned,true,true,true,exec_profile,gtpin_total_execution_cycles,1936102,7562,cycles,256,1936102,7562,0,0,,,0,0,0,"{""gtpin_avg_execution_cycles_per_invocation"":7562,""gtpin_invocation_count"":256,""gtpin_total_execution_cycles"":1936102}",InvocationCount=256;TotalExecutionCycles=1936102;AvgExecutionCyclesPerInvocation=7562
n1_i0,0,1,0,performance,false,layers.*/post_attention_layernorm,/model/layers.14/post_attention_layernorm/Mul,RMS,RMS,rms:/model/layers.14/post_attention_layernorm/Mul,rms:/model/layers.14/post_attention_layernorm/Mul,rms,rms_gpu_bfyx_opt,812,rms_gpu_bfyx_opt_10690270683970839748_0_0__sa,rms_gpu_bfyx_opt_10690270683970839748_0_0__sa,1,497,matched,aligned,true,true,true,exec_profile,gtpin_total_execution_cycles,1926962,7527,cycles,256,1926962,7527,0,0,,,0,0,0,"{""gtpin_avg_execution_cycles_per_invocation"":7527,""gtpin_invocation_count"":256,""gtpin_total_execution_cycles"":1926962}",InvocationCount=256;TotalExecutionCycles=1926962;AvgExecutionCyclesPerInvocation=7527
n1_i0,0,1,0,performance,false,layers.*/post_attention_layernorm,/model/layers.0/post_attention_layernorm/Mul,RMS,RMS,rms:/model/layers.0/post_attention_layernorm/Mul,rms:/model/layers.0/post_attention_layernorm/Mul,rms,rms_gpu_bfyx_opt,308,rms_gpu_bfyx_opt_10690270683970839748_0_0__sa,rms_gpu_bfyx_opt_10690270683970839748_0_0__sa,1,189,matched,aligned,true,true,true,exec_profile,gtpin_total_execution_cycles,1922810,7510,cycles,256,1922810,7510,0,0,,,0,0,0,"{""gtpin_avg_execution_cycles_per_invocation"":7510,""gtpin_invocation_count"":256,""gtpin_total_execution_cycles"":1922810}",InvocationCount=256;TotalExecutionCycles=1922810;AvgExecutionCyclesPerInvocation=7510
n1_i0,0,1,0,performance,false,layers.*/input_layernorm,/model/layers.17/input_layernorm/Mul,RMS,RMS,rms:/model/layers.17/input_layernorm/Mul,rms:/model/layers.17/input_layernorm/Mul,rms,rms_gpu_bfyx_opt,888,rms_gpu_bfyx_opt_10690270683970839748_0_0__sa,rms_gpu_bfyx_opt_10690270683970839748_0_0__sa,1,545,matched,aligned,true,true,true,exec_profile,gtpin_total_execution_cycles,1912302,7469,cycles,256,1912302,7469,0,0,,,0,0,0,"{""gtpin_avg_execution_cycles_per_invocation"":7469,""gtpin_invocation_count"":256,""gtpin_total_execution_cycles"":1912302}",InvocationCount=256;TotalExecutionCycles=1912302;AvgExecutionCyclesPerInvocation=7469
n1_i0,0,1,0,performance,false,layers.*/post_attention_layernorm,/model/layers.18/post_attention_layernorm/Mul,RMS,RMS,rms:/model/layers.18/post_attention_layernorm/Mul,rms:/model/layers.18/post_attention_layernorm/Mul,rms,rms_gpu_bfyx_opt,956,rms_gpu_bfyx_opt_10690270683970839748_0_0__sa,rms_gpu_bfyx_opt_10690270683970839748_0_0__sa,1,585,matched,aligned,true,true,true,exec_profile,gtpin_total_execution_cycles,1882318,7352,cycles,256,1882318,7352,0,0,,,0,0,0,"{""gtpin_avg_execution_cycles_per_invocation"":7352,""gtpin_invocation_count"":256,""gtpin_total_execution_cycles"":1882318}",InvocationCount=256;TotalExecutionCycles=1882318;AvgExecutionCyclesPerInvocation=7352
n1_i0,0,1,0,performance,false,layers.*/post_attention_layernorm,/model/layers.4/post_attention_layernorm/Mul,RMS,RMS,rms:/model/layers.4/post_attention_layernorm/Mul,rms:/model/layers.4/post_attention_layernorm/Mul,rms,rms_gpu_bfyx_opt,452,rms_gpu_bfyx_opt_10690270683970839748_0_0__sa,rms_gpu_bfyx_opt_10690270683970839748_0_0__sa,1,277,matched,aligned,true,true,true,exec_profile,gtpin_total_execution_cycles,1882126,7352,cycles,256,1882126,7352,0,0,,,0,0,0,"{""gtpin_avg_execution_cycles_per_invocation"":7352,""gtpin_invocation_count"":256,""gtpin_total_execution_cycles"":1882126}",InvocationCount=256;TotalExecutionCycles=1882126;AvgExecutionCyclesPerInvocation=7352
n1_i0,0,1,0,performance,false,layers.*/input_layernorm,/model/layers.21/input_layernorm/Mul,RMS,RMS,rms:/model/layers.21/input_layernorm/Mul,rms:/model/layers.21/input_layernorm/Mul,rms,rms_gpu_bfyx_opt,1032,rms_gpu_bfyx_opt_10690270683970839748_0_0__sa,rms_gpu_bfyx_opt_10690270683970839748_0_0__sa,1,633,matched,aligned,true,true,true,exec_profile,gtpin_total_execution_cycles,1862776,7276,cycles,256,1862776,7276,0,0,,,0,0,0,"{""gtpin_avg_execution_cycles_per_invocation"":7276,""gtpin_invocation_count"":256,""gtpin_total_execution_cycles"":1862776}",InvocationCount=256;TotalExecutionCycles=1862776;AvgExecutionCyclesPerInvocation=7276
n1_i0,0,1,0,performance,false,layers.*/post_attention_layernorm,/model/layers.5/post_attention_layernorm/Mul,RMS,RMS,rms:/model/layers.5/post_attention_layernorm/Mul,rms:/model/layers.5/post_attention_layernorm/Mul,rms,rms_gpu_bfyx_opt,488,rms_gpu_bfyx_opt_10690270683970839748_0_0__sa,rms_gpu_bfyx_opt_10690270683970839748_0_0__sa,1,299,matched,aligned,true,true,true,exec_profile,gtpin_total_execution_cycles,1856506,7251,cycles,256,1856506,7251,0,0,,,0,0,0,"{""gtpin_avg_execution_cycles_per_invocation"":7251,""gtpin_invocation_count"":256,""gtpin_total_execution_cycles"":1856506}",InvocationCount=256;TotalExecutionCycles=1856506;AvgExecutionCyclesPerInvocation=7251
n1_i0,0,1,0,performance,false,layers.*/post_attention_layernorm,/model/layers.10/post_attention_layernorm/Mul,RMS,RMS,rms:/model/layers.10/post_attention_layernorm/Mul,rms:/model/layers.10/post_attention_layernorm/Mul,rms,rms_gpu_bfyx_opt,668,rms_gpu_bfyx_opt_10690270683970839748_0_0__sa,rms_gpu_bfyx_opt_10690270683970839748_0_0__sa,1,409,matched,aligned,true,true,true,exec_profile,gtpin_total_execution_cycles,1852282,7235,cycles,256,1852282,7235,0,0,,,0,0,0,"{""gtpin_avg_execution_cycles_per_invocation"":7235,""gtpin_invocation_count"":256,""gtpin_total_execution_cycles"":1852282}",InvocationCount=256;TotalExecutionCycles=1852282;AvgExecutionCyclesPerInvocation=7235
n1_i0,0,1,0,performance,false,layers.*/post_attention_layernorm,/model/layers.8/post_attention_layernorm/Mul,RMS,RMS,rms:/model/layers.8/post_attention_layernorm/Mul,rms:/model/layers.8/post_attention_layernorm/Mul,rms,rms_gpu_bfyx_opt,596,rms_gpu_bfyx_opt_10690270683970839748_0_0__sa,rms_gpu_bfyx_opt_10690270683970839748_0_0__sa,1,365,matched,aligned,true,true,true,exec_profile,gtpin_total_execution_cycles,1849580,7224,cycles,256,1849580,7224,0,0,,,0,0,0,"{""gtpin_avg_execution_cycles_per_invocation"":7224,""gtpin_invocation_count"":256,""gtpin_total_execution_cycles"":1849580}",InvocationCount=256;TotalExecutionCycles=1849580;AvgExecutionCyclesPerInvocation=7224
n1_i0,0,1,0,performance,false,layers.*/input_layernorm,/model/layers.4/input_layernorm/Mul,RMS,RMS,rms:/model/layers.4/input_layernorm/Mul,rms:/model/layers.4/input_layernorm/Mul,rms,rms_gpu_bfyx_opt,420,rms_gpu_bfyx_opt_10690270683970839748_0_0__sa,rms_gpu_bfyx_opt_10690270683970839748_0_0__sa,1,259,matched,aligned,true,true,true,exec_profile,gtpin_total_execution_cycles,1795530,7013,cycles,256,1795530,7013,0,0,,,0,0,0,"{""gtpin_avg_execution_cycles_per_invocation"":7013,""gtpin_invocation_count"":256,""gtpin_total_execution_cycles"":1795530}",InvocationCount=256;TotalExecutionCycles=1795530;AvgExecutionCyclesPerInvocation=7013
n1_i0,0,1,0,performance,false,layers.*/input_layernorm,/model/layers.9/input_layernorm/Mul,RMS,RMS,rms:/model/layers.9/input_layernorm/Mul,rms:/model/layers.9/input_layernorm/Mul,rms,rms_gpu_bfyx_opt,600,rms_gpu_bfyx_opt_10690270683970839748_0_0__sa,rms_gpu_bfyx_opt_10690270683970839748_0_0__sa,1,369,matched,aligned,true,true,true,exec_profile,gtpin_total_execution_cycles,1766504,6900,cycles,256,1766504,6900,0,0,,,0,0,0,"{""gtpin_avg_execution_cycles_per_invocation"":6900,""gtpin_invocation_count"":256,""gtpin_total_execution_cycles"":1766504}",InvocationCount=256;TotalExecutionCycles=1766504;AvgExecutionCyclesPerInvocation=6900
n1_i0,0,1,0,performance,false,layers.*/input_layernorm,/model/layers.14/input_layernorm/Mul,RMS,RMS,rms:/model/layers.14/input_layernorm/Mul,rms:/model/layers.14/input_layernorm/Mul,rms,rms_gpu_bfyx_opt,780,rms_gpu_bfyx_opt_10690270683970839748_0_0__sa,rms_gpu_bfyx_opt_10690270683970839748_0_0__sa,1,479,matched,aligned,true,true,true,exec_profile,gtpin_total_execution_cycles,1763028,6886,cycles,256,1763028,6886,0,0,,,0,0,0,"{""gtpin_avg_execution_cycles_per_invocation"":6886,""gtpin_invocation_count"":256,""gtpin_total_execution_cycles"":1763028}",InvocationCount=256;TotalExecutionCycles=1763028;AvgExecutionCyclesPerInvocation=6886
n1_i0,0,1,0,performance,false,layers.*/post_attention_layernorm,/model/layers.1/post_attention_layernorm/Mul,RMS,RMS,rms:/model/layers.1/post_attention_layernorm/Mul,rms:/model/layers.1/post_attention_layernorm/Mul,rms,rms_gpu_bfyx_opt,344,rms_gpu_bfyx_opt_10690270683970839748_0_0__sa,rms_gpu_bfyx_opt_10690270683970839748_0_0__sa,1,211,matched,aligned,true,true,true,exec_profile,gtpin_total_execution_cycles,1757294,6864,cycles,256,1757294,6864,0,0,,,0,0,0,"{""gtpin_avg_execution_cycles_per_invocation"":6864,""gtpin_invocation_count"":256,""gtpin_total_execution_cycles"":1757294}",InvocationCount=256;TotalExecutionCycles=1757294;AvgExecutionCyclesPerInvocation=6864
n1_i0,0,1,0,performance,false,layers.*/input_layernorm,/model/layers.12/input_layernorm/Mul,RMS,RMS,rms:/model/layers.12/input_layernorm/Mul,rms:/model/layers.12/input_layernorm/Mul,rms,rms_gpu_bfyx_opt,708,rms_gpu_bfyx_opt_10690270683970839748_0_0__sa,rms_gpu_bfyx_opt_10690270683970839748_0_0__sa,1,435,matched,aligned,true,true,true,exec_profile,gtpin_total_execution_cycles,1754532,6853,cycles,256,1754532,6853,0,0,,,0,0,0,"{""gtpin_avg_execution_cycles_per_invocation"":6853,""gtpin_invocation_count"":256,""gtpin_total_execution_cycles"":1754532}",InvocationCount=256;TotalExecutionCycles=1754532;AvgExecutionCyclesPerInvocation=6853
n1_i0,0,1,0,performance,false,layers.*/self_attn,/model/layers.20/self_attn/Where_3,Select,Select,select:/model/layers.20/self_attn/Where_3,select:/model/layers.20/self_attn/Where_3,select,select_gpu_ref,1024,select_gpu_ref_5609897181611433017_0_0__sa,select_gpu_ref_5609897181611433017_0_0__sa,1,626,matched,aligned,true,true,true,exec_profile,gtpin_total_execution_cycles,1749892,6835,cycles,256,1749892,6835,0,0,,,0,0,0,"{""gtpin_avg_execution_cycles_per_invocation"":6835,""gtpin_invocation_count"":256,""gtpin_total_execution_cycles"":1749892}",InvocationCount=256;TotalExecutionCycles=1749892;AvgExecutionCyclesPerInvocation=6835
n1_i0,0,1,0,performance,false,layers.*/self_attn,/model/layers.12/self_attn/Where_3,Select,Select,select:/model/layers.12/self_attn/Where_3,select:/model/layers.12/self_attn/Where_3,select,select_gpu_ref,736,select_gpu_ref_5609897181611433017_0_0__sa,select_gpu_ref_5609897181611433017_0_0__sa,1,450,matched,aligned,true,true,true,exec_profile,gtpin_total_execution_cycles,1712586,6689,cycles,256,1712586,6689,0,0,,,0,0,0,"{""gtpin_avg_execution_cycles_per_invocation"":6689,""gtpin_invocation_count"":256,""gtpin_total_execution_cycles"":1712586}",InvocationCount=256;TotalExecutionCycles=1712586;AvgExecutionCyclesPerInvocation=6689
n1_i0,0,1,0,performance,false,layers.*/input_layernorm,/model/layers.1/input_layernorm/Mul,RMS,RMS,rms:/model/layers.1/input_layernorm/Mul,rms:/model/layers.1/input_layernorm/Mul,rms,rms_gpu_bfyx_opt,312,rms_gpu_bfyx_opt_10690270683970839748_0_0__sa,rms_gpu_bfyx_opt_10690270683970839748_0_0__sa,1,193,matched,aligned,true,true,true,exec_profile,gtpin_total_execution_cycles,1710178,6680,cycles,256,1710178,6680,0,0,,,0,0,0,"{""gtpin_avg_execution_cycles_per_invocation"":6680,""gtpin_invocation_count"":256,""gtpin_total_execution_cycles"":1710178}",InvocationCount=256;TotalExecutionCycles=1710178;AvgExecutionCyclesPerInvocation=6680
n1_i0,0,1,0,performance,false,layers.*/input_layernorm,/model/layers.10/input_layernorm/Mul,RMS,RMS,rms:/model/layers.10/input_layernorm/Mul,rms:/model/layers.10/input_layernorm/Mul,rms,rms_gpu_bfyx_opt,636,rms_gpu_bfyx_opt_10690270683970839748_0_0__sa,rms_gpu_bfyx_opt_10690270683970839748_0_0__sa,1,391,matched,aligned,true,true,true,exec_profile,gtpin_total_execution_cycles,1709562,6677,cycles,256,1709562,6677,0,0,,,0,0,0,"{""gtpin_avg_execution_cycles_per_invocation"":6677,""gtpin_invocation_count"":256,""gtpin_total_execution_cycles"":1709562}",InvocationCount=256;TotalExecutionCycles=1709562;AvgExecutionCyclesPerInvocation=6677
n1_i0,0,1,0,performance,false,layers.*/input_layernorm,/model/layers.5/input_layernorm/Mul,RMS,RMS,rms:/model/layers.5/input_layernorm/Mul,rms:/model/layers.5/input_layernorm/Mul,rms,rms_gpu_bfyx_opt,456,rms_gpu_bfyx_opt_10690270683970839748_0_0__sa,rms_gpu_bfyx_opt_10690270683970839748_0_0__sa,1,281,matched,aligned,true,true,true,exec_profile,gtpin_total_execution_cycles,1702172,6649,cycles,256,1702172,6649,0,0,,,0,0,0,"{""gtpin_avg_execution_cycles_per_invocation"":6649,""gtpin_invocation_count"":256,""gtpin_total_execution_cycles"":1702172}",InvocationCount=256;TotalExecutionCycles=1702172;AvgExecutionCyclesPerInvocation=6649
n1_i0,0,1,0,performance,false,layers.*/self_attn,/model/layers.17/self_attn/Where_3,Select,Select,select:/model/layers.17/self_attn/Where_3,select:/model/layers.17/self_attn/Where_3,select,select_gpu_ref,916,select_gpu_ref_5609897181611433017_0_0__sa,select_gpu_ref_5609897181611433017_0_0__sa,1,560,matched,aligned,true,true,true,exec_profile,gtpin_total_execution_cycles,1683408,6575,cycles,256,1683408,6575,0,0,,,0,0,0,"{""gtpin_avg_execution_cycles_per_invocation"":6575,""gtpin_invocation_count"":256,""gtpin_total_execution_cycles"":1683408}",InvocationCount=256;TotalExecutionCycles=1683408;AvgExecutionCyclesPerInvocation=6575
n1_i0,0,1,0,performance,false,layers.*/input_layernorm,/model/layers.20/input_layernorm/Mul,RMS,RMS,rms:/model/layers.20/input_layernorm/Mul,rms:/model/layers.20/input_layernorm/Mul,rms,rms_gpu_bfyx_opt,996,rms_gpu_bfyx_opt_10690270683970839748_0_0__sa,rms_gpu_bfyx_opt_10690270683970839748_0_0__sa,1,611,matched,aligned,true,true,true,exec_profile,gtpin_total_execution_cycles,1609416,6286,cycles,256,1609416,6286,0,0,,,0,0,0,"{""gtpin_avg_execution_cycles_per_invocation"":6286,""gtpin_invocation_count"":256,""gtpin_total_execution_cycles"":1609416}",InvocationCount=256;TotalExecutionCycles=1609416;AvgExecutionCyclesPerInvocation=6286
n1_i0,0,1,0,performance,false,layers.*/self_attn,/model/layers.18/self_attn/Where_3,Select,Select,select:/model/layers.18/self_attn/Where_3,select:/model/layers.18/self_attn/Where_3,select,select_gpu_ref,952,select_gpu_ref_5609897181611433017_0_0__sa,select_gpu_ref_5609897181611433017_0_0__sa,1,582,matched,aligned,true,true,true,exec_profile,gtpin_total_execution_cycles,1608894,6284,cycles,256,1608894,6284,0,0,,,0,0,0,"{""gtpin_avg_execution_cycles_per_invocation"":6284,""gtpin_invocation_count"":256,""gtpin_total_execution_cycles"":1608894}",InvocationCount=256;TotalExecutionCycles=1608894;AvgExecutionCyclesPerInvocation=6284
n1_i0,0,1,0,performance,false,layers.*/input_layernorm,/model/layers.8/input_layernorm/Mul,RMS,RMS,rms:/model/layers.8/input_layernorm/Mul,rms:/model/layers.8/input_layernorm/Mul,rms,rms_gpu_bfyx_opt,564,rms_gpu_bfyx_opt_10690270683970839748_0_0__sa,rms_gpu_bfyx_opt_10690270683970839748_0_0__sa,1,347,matched,aligned,true,true,true,exec_profile,gtpin_total_execution_cycles,1600120,6250,cycles,256,1600120,6250,0,0,,,0,0,0,"{""gtpin_avg_execution_cycles_per_invocation"":6250,""gtpin_invocation_count"":256,""gtpin_total_execution_cycles"":1600120}",InvocationCount=256;TotalExecutionCycles=1600120;AvgExecutionCyclesPerInvocation=6250
n1_i0,0,1,0,performance,false,layers.*/self_attn,/model/layers.0/self_attn/Where_3,Select,Select,select:/model/layers.0/self_attn/Where_3,select:/model/layers.0/self_attn/Where_3,select,select_gpu_ref,304,select_gpu_ref_5609897181611433017_0_0__sa,select_gpu_ref_5609897181611433017_0_0__sa,1,186,matched,aligned,true,true,true,exec_profile,gtpin_total_execution_cycles,1581986,6179,cycles,256,1581986,6179,0,0,,,0,0,0,"{""gtpin_avg_execution_cycles_per_invocation"":6179,""gtpin_invocation_count"":256,""gtpin_total_execution_cycles"":1581986}",InvocationCount=256;TotalExecutionCycles=1581986;AvgExecutionCyclesPerInvocation=6179
n1_i0,0,1,0,performance,false,layers.*/self_attn,/model/layers.21/self_attn/Where_3,Select,Select,select:/model/layers.21/self_attn/Where_3,select:/model/layers.21/self_attn/Where_3,select,select_gpu_ref,1060,select_gpu_ref_5609897181611433017_0_0__sa,select_gpu_ref_5609897181611433017_0_0__sa,1,648,matched,aligned,true,true,true,exec_profile,gtpin_total_execution_cycles,1564442,6111,cycles,256,1564442,6111,0,0,,,0,0,0,"{""gtpin_avg_execution_cycles_per_invocation"":6111,""gtpin_invocation_count"":256,""gtpin_total_execution_cycles"":1564442}",InvocationCount=256;TotalExecutionCycles=1564442;AvgExecutionCyclesPerInvocation=6111
n1_i0,0,1,0,performance,false,layers.*/self_attn,/model/layers.16/self_attn/Where_3,Select,Select,select:/model/layers.16/self_attn/Where_3,select:/model/layers.16/self_attn/Where_3,select,select_gpu_ref,880,select_gpu_ref_5609897181611433017_0_0__sa,select_gpu_ref_5609897181611433017_0_0__sa,1,538,matched,aligned,true,true,true,exec_profile,gtpin_total_execution_cycles,1546992,6042,cycles,256,1546992,6042,0,0,,,0,0,0,"{""gtpin_avg_execution_cycles_per_invocation"":6042,""gtpin_invocation_count"":256,""gtpin_total_execution_cycles"":1546992}",InvocationCount=256;TotalExecutionCycles=1546992;AvgExecutionCyclesPerInvocation=6042
n1_i0,0,1,0,performance,false,layers.*/self_attn,/model/layers.10/self_attn/Where_3,Select,Select,select:/model/layers.10/self_attn/Where_3,select:/model/layers.10/self_attn/Where_3,select,select_gpu_ref,664,select_gpu_ref_5609897181611433017_0_0__sa,select_gpu_ref_5609897181611433017_0_0__sa,1,406,matched,aligned,true,true,true,exec_profile,gtpin_total_execution_cycles,1531550,5982,cycles,256,1531550,5982,0,0,,,0,0,0,"{""gtpin_avg_execution_cycles_per_invocation"":5982,""gtpin_invocation_count"":256,""gtpin_total_execution_cycles"":1531550}",InvocationCount=256;TotalExecutionCycles=1531550;AvgExecutionCyclesPerInvocation=5982
n1_i0,0,1,0,performance,false,layers.*/input_layernorm,/model/layers.18/input_layernorm/Mul,RMS,RMS,rms:/model/layers.18/input_layernorm/Mul,rms:/model/layers.18/input_layernorm/Mul,rms,rms_gpu_bfyx_opt,924,rms_gpu_bfyx_opt_10690270683970839748_0_0__sa,rms_gpu_bfyx_opt_10690270683970839748_0_0__sa,1,567,matched,aligned,true,true,true,exec_profile,gtpin_total_execution_cycles,1528854,5972,cycles,256,1528854,5972,0,0,,,0,0,0,"{""gtpin_avg_execution_cycles_per_invocation"":5972,""gtpin_invocation_count"":256,""gtpin_total_execution_cycles"":1528854}",InvocationCount=256;TotalExecutionCycles=1528854;AvgExecutionCyclesPerInvocation=5972
n1_i0,0,1,0,performance,false,layers.*/input_layernorm,/model/layers.6/input_layernorm/Mul,RMS,RMS,rms:/model/layers.6/input_layernorm/Mul,rms:/model/layers.6/input_layernorm/Mul,rms,rms_gpu_bfyx_opt,492,rms_gpu_bfyx_opt_10690270683970839748_0_0__sa,rms_gpu_bfyx_opt_10690270683970839748_0_0__sa,1,303,matched,aligned,true,true,true,exec_profile,gtpin_total_execution_cycles,1522084,5945,cycles,256,1522084,5945,0,0,,,0,0,0,"{""gtpin_avg_execution_cycles_per_invocation"":5945,""gtpin_invocation_count"":256,""gtpin_total_execution_cycles"":1522084}",InvocationCount=256;TotalExecutionCycles=1522084;AvgExecutionCyclesPerInvocation=5945
n1_i0,0,1,0,performance,false,layers.*/self_attn,/model/layers.8/self_attn/Where_3,Select,Select,select:/model/layers.8/self_attn/Where_3,select:/model/layers.8/self_attn/Where_3,select,select_gpu_ref,592,select_gpu_ref_5609897181611433017_0_0__sa,select_gpu_ref_5609897181611433017_0_0__sa,1,362,matched,aligned,true,true,true,exec_profile,gtpin_total_execution_cycles,1516710,5924,cycles,256,1516710,5924,0,0,,,0,0,0,"{""gtpin_avg_execution_cycles_per_invocation"":5924,""gtpin_invocation_count"":256,""gtpin_total_execution_cycles"":1516710}",InvocationCount=256;TotalExecutionCycles=1516710;AvgExecutionCyclesPerInvocation=5924
n1_i0,0,1,0,performance,false,layers.*/input_layernorm,/model/layers.16/input_layernorm/Mul,RMS,RMS,rms:/model/layers.16/input_layernorm/Mul,rms:/model/layers.16/input_layernorm/Mul,rms,rms_gpu_bfyx_opt,852,rms_gpu_bfyx_opt_10690270683970839748_0_0__sa,rms_gpu_bfyx_opt_10690270683970839748_0_0__sa,1,523,matched,aligned,true,true,true,exec_profile,gtpin_total_execution_cycles,1506722,5885,cycles,256,1506722,5885,0,0,,,0,0,0,"{""gtpin_avg_execution_cycles_per_invocation"":5885,""gtpin_invocation_count"":256,""gtpin_total_execution_cycles"":1506722}",InvocationCount=256;TotalExecutionCycles=1506722;AvgExecutionCyclesPerInvocation=5885
n1_i0,0,1,0,performance,false,layers.*/self_attn,/model/layers.4/self_attn/Where_3,Select,Select,select:/model/layers.4/self_attn/Where_3,select:/model/layers.4/self_attn/Where_3,select,select_gpu_ref,448,select_gpu_ref_5609897181611433017_0_0__sa,select_gpu_ref_5609897181611433017_0_0__sa,1,274,matched,aligned,true,true,true,exec_profile,gtpin_total_execution_cycles,1494126,5836,cycles,256,1494126,5836,0,0,,,0,0,0,"{""gtpin_avg_execution_cycles_per_invocation"":5836,""gtpin_invocation_count"":256,""gtpin_total_execution_cycles"":1494126}",InvocationCount=256;TotalExecutionCycles=1494126;AvgExecutionCyclesPerInvocation=5836
n1_i0,0,1,0,performance,false,layers.*/self_attn,/model/layers.5/self_attn/Where_3,Select,Select,select:/model/layers.5/self_attn/Where_3,select:/model/layers.5/self_attn/Where_3,select,select_gpu_ref,484,select_gpu_ref_5609897181611433017_0_0__sa,select_gpu_ref_5609897181611433017_0_0__sa,1,296,matched,aligned,true,true,true,exec_profile,gtpin_total_execution_cycles,1480030,5781,cycles,256,1480030,5781,0,0,,,0,0,0,"{""gtpin_avg_execution_cycles_per_invocation"":5781,""gtpin_invocation_count"":256,""gtpin_total_execution_cycles"":1480030}",InvocationCount=256;TotalExecutionCycles=1480030;AvgExecutionCyclesPerInvocation=5781
n1_i0,0,1,0,performance,false,layers.*/self_attn,/model/layers.9/self_attn/Where_3,Select,Select,select:/model/layers.9/self_attn/Where_3,select:/model/layers.9/self_attn/Where_3,select,select_gpu_ref,628,select_gpu_ref_5609897181611433017_0_0__sa,select_gpu_ref_5609897181611433017_0_0__sa,1,384,matched,aligned,true,true,true,exec_profile,gtpin_total_execution_cycles,1474564,5760,cycles,256,1474564,5760,0,0,,,0,0,0,"{""gtpin_avg_execution_cycles_per_invocation"":5760,""gtpin_invocation_count"":256,""gtpin_total_execution_cycles"":1474564}",InvocationCount=256;TotalExecutionCycles=1474564;AvgExecutionCyclesPerInvocation=5760
n1_i0,0,1,0,performance,false,layers.*/self_attn,/model/layers.13/self_attn/Where_3,Select,Select,select:/model/layers.13/self_attn/Where_3,select:/model/layers.13/self_attn/Where_3,select,select_gpu_ref,772,select_gpu_ref_5609897181611433017_0_0__sa,select_gpu_ref_5609897181611433017_0_0__sa,1,472,matched,aligned,true,true,true,exec_profile,gtpin_total_execution_cycles,1464786,5721,cycles,256,1464786,5721,0,0,,,0,0,0,"{""gtpin_avg_execution_cycles_per_invocation"":5721,""gtpin_invocation_count"":256,""gtpin_total_execution_cycles"":1464786}",InvocationCount=256;TotalExecutionCycles=1464786;AvgExecutionCyclesPerInvocation=5721
n1_i0,0,1,0,performance,false,layers.*/self_attn,/model/layers.20/self_attn/IsNaN,IsNaN,IsNaN,isnan:/model/layers.20/self_attn/IsNaN,isnan:/model/layers.20/self_attn/IsNaN,eltwise,generic_eltwise_ref,1023,generic_eltwise_ref_1696504087421334661_0_0__sa,generic_eltwise_ref_1696504087421334661_0_0__sa,1,625,matched,aligned,true,true,true,exec_profile,gtpin_total_execution_cycles,1461322,5708,cycles,256,1461322,5708,0,0,,,0,0,0,"{""gtpin_avg_execution_cycles_per_invocation"":5708,""gtpin_invocation_count"":256,""gtpin_total_execution_cycles"":1461322}",InvocationCount=256;TotalExecutionCycles=1461322;AvgExecutionCyclesPerInvocation=5708
n1_i0,0,1,0,performance,false,layers.*/self_attn,/model/layers.3/self_attn/Where_3,Select,Select,select:/model/layers.3/self_attn/Where_3,select:/model/layers.3/self_attn/Where_3,select,select_gpu_ref,412,select_gpu_ref_5609897181611433017_0_0__sa,select_gpu_ref_5609897181611433017_0_0__sa,1,252,matched,aligned,true,true,true,exec_profile,gtpin_total_execution_cycles,1453618,5678,cycles,256,1453618,5678,0,0,,,0,0,0,"{""gtpin_avg_execution_cycles_per_invocation"":5678,""gtpin_invocation_count"":256,""gtpin_total_execution_cycles"":1453618}",InvocationCount=256;TotalExecutionCycles=1453618;AvgExecutionCyclesPerInvocation=5678
n1_i0,0,1,0,performance,false,layers.*/self_attn,/model/layers.15/self_attn/Where_3,Select,Select,select:/model/layers.15/self_attn/Where_3,select:/model/layers.15/self_attn/Where_3,select,select_gpu_ref,844,select_gpu_ref_5609897181611433017_0_0__sa,select_gpu_ref_5609897181611433017_0_0__sa,1,516,matched,aligned,true,true,true,exec_profile,gtpin_total_execution_cycles,1447170,5653,cycles,256,1447170,5653,0,0,,,0,0,0,"{""gtpin_avg_execution_cycles_per_invocation"":5653,""gtpin_invocation_count"":256,""gtpin_total_execution_cycles"":1447170}",InvocationCount=256;TotalExecutionCycles=1447170;AvgExecutionCyclesPerInvocation=5653
n1_i0,0,1,0,performance,false,layers.*/self_attn,/model/layers.3/self_attn/IsNaN,IsNaN,IsNaN,isnan:/model/layers.3/self_attn/IsNaN,isnan:/model/layers.3/self_attn/IsNaN,eltwise,generic_eltwise_ref,411,generic_eltwise_ref_1696504087421334661_0_0__sa,generic_eltwise_ref_1696504087421334661_0_0__sa,1,251,matched,aligned,true,true,true,exec_profile,gtpin_total_execution_cycles,1416800,5534,cycles,256,1416800,5534,0,0,,,0,0,0,"{""gtpin_avg_execution_cycles_per_invocation"":5534,""gtpin_invocation_count"":256,""gtpin_total_execution_cycles"":1416800}",InvocationCount=256;TotalExecutionCycles=1416800;AvgExecutionCyclesPerInvocation=5534
n1_i0,0,1,0,performance,false,layers.*/self_attn,/model/layers.1/self_attn/Where_3,Select,Select,select:/model/layers.1/self_attn/Where_3,select:/model/layers.1/self_attn/Where_3,select,select_gpu_ref,340,select_gpu_ref_5609897181611433017_0_0__sa,select_gpu_ref_5609897181611433017_0_0__sa,1,208,matched,aligned,true,true,true,exec_profile,gtpin_total_execution_cycles,1416560,5533,cycles,256,1416560,5533,0,0,,,0,0,0,"{""gtpin_avg_execution_cycles_per_invocation"":5533,""gtpin_invocation_count"":256,""gtpin_total_execution_cycles"":1416560}",InvocationCount=256;TotalExecutionCycles=1416560;AvgExecutionCyclesPerInvocation=5533
n1_i0,0,1,0,performance,false,layers.*/input_layernorm,/model/layers.2/input_layernorm/Mul,RMS,RMS,rms:/model/layers.2/input_layernorm/Mul,rms:/model/layers.2/input_layernorm/Mul,rms,rms_gpu_bfyx_opt,348,rms_gpu_bfyx_opt_10690270683970839748_0_0__sa,rms_gpu_bfyx_opt_10690270683970839748_0_0__sa,1,215,matched,aligned,true,true,true,exec_profile,gtpin_total_execution_cycles,1412494,5517,cycles,256,1412494,5517,0,0,,,0,0,0,"{""gtpin_avg_execution_cycles_per_invocation"":5517,""gtpin_invocation_count"":256,""gtpin_total_execution_cycles"":1412494}",InvocationCount=256;TotalExecutionCycles=1412494;AvgExecutionCyclesPerInvocation=5517
n1_i0,0,1,0,performance,false,layers.*/self_attn,/model/layers.14/self_attn/Where_3,Select,Select,select:/model/layers.14/self_attn/Where_3,select:/model/layers.14/self_attn/Where_3,select,select_gpu_ref,808,select_gpu_ref_5609897181611433017_0_0__sa,select_gpu_ref_5609897181611433017_0_0__sa,1,494,matched,aligned,true,true,true,exec_profile,gtpin_total_execution_cycles,1399666,5467,cycles,256,1399666,5467,0,0,,,0,0,0,"{""gtpin_avg_execution_cycles_per_invocation"":5467,""gtpin_invocation_count"":256,""gtpin_total_execution_cycles"":1399666}",InvocationCount=256;TotalExecutionCycles=1399666;AvgExecutionCyclesPerInvocation=5467
n1_i0,0,1,0,performance,false,layers.*/self_attn,/model/layers.2/self_attn/Where_3,Select,Select,select:/model/layers.2/self_attn/Where_3,select:/model/layers.2/self_attn/Where_3,select,select_gpu_ref,376,select_gpu_ref_5609897181611433017_0_0__sa,select_gpu_ref_5609897181611433017_0_0__sa,1,230,matched,aligned,true,true,true,exec_profile,gtpin_total_execution_cycles,1398144,5461,cycles,256,1398144,5461,0,0,,,0,0,0,"{""gtpin_avg_execution_cycles_per_invocation"":5461,""gtpin_invocation_count"":256,""gtpin_total_execution_cycles"":1398144}",InvocationCount=256;TotalExecutionCycles=1398144;AvgExecutionCyclesPerInvocation=5461
n1_i0,0,1,0,performance,false,layers.*/self_attn,/model/layers.11/self_attn/Where_3,Select,Select,select:/model/layers.11/self_attn/Where_3,select:/model/layers.11/self_attn/Where_3,select,select_gpu_ref,700,select_gpu_ref_5609897181611433017_0_0__sa,select_gpu_ref_5609897181611433017_0_0__sa,1,428,matched,aligned,true,true,true,exec_profile,gtpin_total_execution_cycles,1394612,5447,cycles,256,1394612,5447,0,0,,,0,0,0,"{""gtpin_avg_execution_cycles_per_invocation"":5447,""gtpin_invocation_count"":256,""gtpin_total_execution_cycles"":1394612}",InvocationCount=256;TotalExecutionCycles=1394612;AvgExecutionCyclesPerInvocation=5447
n1_i0,0,1,0,performance,false,layers.*/self_attn,/model/layers.6/self_attn/Where_3,Select,Select,select:/model/layers.6/self_attn/Where_3,select:/model/layers.6/self_attn/Where_3,select,select_gpu_ref,520,select_gpu_ref_5609897181611433017_0_0__sa,select_gpu_ref_5609897181611433017_0_0__sa,1,318,matched,aligned,true,true,true,exec_profile,gtpin_total_execution_cycles,1386738,5416,cycles,256,1386738,5416,0,0,,,0,0,0,"{""gtpin_avg_execution_cycles_per_invocation"":5416,""gtpin_invocation_count"":256,""gtpin_total_execution_cycles"":1386738}",InvocationCount=256;TotalExecutionCycles=1386738;AvgExecutionCyclesPerInvocation=5416
n1_i0,0,1,0,performance,false,layers.*/self_attn,/model/layers.17/self_attn/IsNaN,IsNaN,IsNaN,isnan:/model/layers.17/self_attn/IsNaN,isnan:/model/layers.17/self_attn/IsNaN,eltwise,generic_eltwise_ref,915,generic_eltwise_ref_1696504087421334661_0_0__sa,generic_eltwise_ref_1696504087421334661_0_0__sa,1,559,matched,aligned,true,true,true,exec_profile,gtpin_total_execution_cycles,1375202,5371,cycles,256,1375202,5371,0,0,,,0,0,0,"{""gtpin_avg_execution_cycles_per_invocation"":5371,""gtpin_invocation_count"":256,""gtpin_total_execution_cycles"":1375202}",InvocationCount=256;TotalExecutionCycles=1375202;AvgExecutionCyclesPerInvocation=5371
n1_i0,0,1,0,performance,false,layers.*/self_attn,/model/layers.19/self_attn/Where_3,Select,Select,select:/model/layers.19/self_attn/Where_3,select:/model/layers.19/self_attn/Where_3,select,select_gpu_ref,988,select_gpu_ref_5609897181611433017_0_0__sa,select_gpu_ref_5609897181611433017_0_0__sa,1,604,matched,aligned,true,true,true,exec_profile,gtpin_total_execution_cycles,1344924,5253,cycles,256,1344924,5253,0,0,,,0,0,0,"{""gtpin_avg_execution_cycles_per_invocation"":5253,""gtpin_invocation_count"":256,""gtpin_total_execution_cycles"":1344924}",InvocationCount=256;TotalExecutionCycles=1344924;AvgExecutionCyclesPerInvocation=5253
n1_i0,0,1,0,performance,false,layers.*/self_attn,/model/layers.18/self_attn/IsNaN,IsNaN,IsNaN,isnan:/model/layers.18/self_attn/IsNaN,isnan:/model/layers.18/self_attn/IsNaN,eltwise,generic_eltwise_ref,951,generic_eltwise_ref_1696504087421334661_0_0__sa,generic_eltwise_ref_1696504087421334661_0_0__sa,1,581,matched,aligned,true,true,true,exec_profile,gtpin_total_execution_cycles,1339346,5231,cycles,256,1339346,5231,0,0,,,0,0,0,"{""gtpin_avg_execution_cycles_per_invocation"":5231,""gtpin_invocation_count"":256,""gtpin_total_execution_cycles"":1339346}",InvocationCount=256;TotalExecutionCycles=1339346;AvgExecutionCyclesPerInvocation=5231
n1_i0,0,1,0,performance,false,layers.*/self_attn,/model/layers.10/self_attn/IsNaN,IsNaN,IsNaN,isnan:/model/layers.10/self_attn/IsNaN,isnan:/model/layers.10/self_attn/IsNaN,eltwise,generic_eltwise_ref,663,generic_eltwise_ref_1696504087421334661_0_0__sa,generic_eltwise_ref_1696504087421334661_0_0__sa,1,405,matched,aligned,true,true,true,exec_profile,gtpin_total_execution_cycles,1310808,5120,cycles,256,1310808,5120,0,0,,,0,0,0,"{""gtpin_avg_execution_cycles_per_invocation"":5120,""gtpin_invocation_count"":256,""gtpin_total_execution_cycles"":1310808}",InvocationCount=256;TotalExecutionCycles=1310808;AvgExecutionCyclesPerInvocation=5120
n1_i0,0,1,0,performance,false,layers.*/self_attn,/model/layers.5/self_attn/IsNaN,IsNaN,IsNaN,isnan:/model/layers.5/self_attn/IsNaN,isnan:/model/layers.5/self_attn/IsNaN,eltwise,generic_eltwise_ref,483,generic_eltwise_ref_1696504087421334661_0_0__sa,generic_eltwise_ref_1696504087421334661_0_0__sa,1,295,matched,aligned,true,true,true,exec_profile,gtpin_total_execution_cycles,1305800,5100,cycles,256,1305800,5100,0,0,,,0,0,0,"{""gtpin_avg_execution_cycles_per_invocation"":5100,""gtpin_invocation_count"":256,""gtpin_total_execution_cycles"":1305800}",InvocationCount=256;TotalExecutionCycles=1305800;AvgExecutionCyclesPerInvocation=5100
n1_i0,0,1,0,performance,false,layers.*/self_attn,/model/layers.7/self_attn/Where_3,Select,Select,select:/model/layers.7/self_attn/Where_3,select:/model/layers.7/self_attn/Where_3,select,select_gpu_ref,556,select_gpu_ref_5609897181611433017_0_0__sa,select_gpu_ref_5609897181611433017_0_0__sa,1,340,matched,aligned,true,true,true,exec_profile,gtpin_total_execution_cycles,1299396,5075,cycles,256,1299396,5075,0,0,,,0,0,0,"{""gtpin_avg_execution_cycles_per_invocation"":5075,""gtpin_invocation_count"":256,""gtpin_total_execution_cycles"":1299396}",InvocationCount=256;TotalExecutionCycles=1299396;AvgExecutionCyclesPerInvocation=5075
n1_i0,0,1,0,performance,false,layers.*/self_attn,/model/layers.1/self_attn/IsNaN,IsNaN,IsNaN,isnan:/model/layers.1/self_attn/IsNaN,isnan:/model/layers.1/self_attn/IsNaN,eltwise,generic_eltwise_ref,339,generic_eltwise_ref_1696504087421334661_0_0__sa,generic_eltwise_ref_1696504087421334661_0_0__sa,1,207,matched,aligned,true,true,true,exec_profile,gtpin_total_execution_cycles,1287506,5029,cycles,256,1287506,5029,0,0,,,0,0,0,"{""gtpin_avg_execution_cycles_per_invocation"":5029,""gtpin_invocation_count"":256,""gtpin_total_execution_cycles"":1287506}",InvocationCount=256;TotalExecutionCycles=1287506;AvgExecutionCyclesPerInvocation=5029
n1_i0,0,1,0,performance,false,layers.*/self_attn,/model/layers.12/self_attn/IsNaN,IsNaN,IsNaN,isnan:/model/layers.12/self_attn/IsNaN,isnan:/model/layers.12/self_attn/IsNaN,eltwise,generic_eltwise_ref,735,generic_eltwise_ref_1696504087421334661_0_0__sa,generic_eltwise_ref_1696504087421334661_0_0__sa,1,449,matched,aligned,true,true,true,exec_profile,gtpin_total_execution_cycles,1283722,5014,cycles,256,1283722,5014,0,0,,,0,0,0,"{""gtpin_avg_execution_cycles_per_invocation"":5014,""gtpin_invocation_count"":256,""gtpin_total_execution_cycles"":1283722}",InvocationCount=256;TotalExecutionCycles=1283722;AvgExecutionCyclesPerInvocation=5014
n1_i0,0,1,0,performance,false,layers.*/self_attn,/model/layers.9/self_attn/IsNaN,IsNaN,IsNaN,isnan:/model/layers.9/self_attn/IsNaN,isnan:/model/layers.9/self_attn/IsNaN,eltwise,generic_eltwise_ref,627,generic_eltwise_ref_1696504087421334661_0_0__sa,generic_eltwise_ref_1696504087421334661_0_0__sa,1,383,matched,aligned,true,true,true,exec_profile,gtpin_total_execution_cycles,1277670,4990,cycles,256,1277670,4990,0,0,,,0,0,0,"{""gtpin_avg_execution_cycles_per_invocation"":4990,""gtpin_invocation_count"":256,""gtpin_total_execution_cycles"":1277670}",InvocationCount=256;TotalExecutionCycles=1277670;AvgExecutionCyclesPerInvocation=4990
n1_i0,0,1,0,performance,false,layers.*/self_attn,/model/layers.15/self_attn/IsNaN,IsNaN,IsNaN,isnan:/model/layers.15/self_attn/IsNaN,isnan:/model/layers.15/self_attn/IsNaN,eltwise,generic_eltwise_ref,843,generic_eltwise_ref_1696504087421334661_0_0__sa,generic_eltwise_ref_1696504087421334661_0_0__sa,1,515,matched,aligned,true,true,true,exec_profile,gtpin_total_execution_cycles,1272266,4969,cycles,256,1272266,4969,0,0,,,0,0,0,"{""gtpin_avg_execution_cycles_per_invocation"":4969,""gtpin_invocation_count"":256,""gtpin_total_execution_cycles"":1272266}",InvocationCount=256;TotalExecutionCycles=1272266;AvgExecutionCyclesPerInvocation=4969
n1_i0,0,1,0,performance,false,layers.*/self_attn,/model/layers.13/self_attn/IsNaN,IsNaN,IsNaN,isnan:/model/layers.13/self_attn/IsNaN,isnan:/model/layers.13/self_attn/IsNaN,eltwise,generic_eltwise_ref,771,generic_eltwise_ref_1696504087421334661_0_0__sa,generic_eltwise_ref_1696504087421334661_0_0__sa,1,471,matched,aligned,true,true,true,exec_profile,gtpin_total_execution_cycles,1253978,4898,cycles,256,1253978,4898,0,0,,,0,0,0,"{""gtpin_avg_execution_cycles_per_invocation"":4898,""gtpin_invocation_count"":256,""gtpin_total_execution_cycles"":1253978}",InvocationCount=256;TotalExecutionCycles=1253978;AvgExecutionCyclesPerInvocation=4898
n1_i0,0,1,0,performance,false,layers.*/self_attn,/model/layers.21/self_attn/IsNaN,IsNaN,IsNaN,isnan:/model/layers.21/self_attn/IsNaN,isnan:/model/layers.21/self_attn/IsNaN,eltwise,generic_eltwise_ref,1059,generic_eltwise_ref_1696504087421334661_0_0__sa,generic_eltwise_ref_1696504087421334661_0_0__sa,1,647,matched,aligned,true,true,true,exec_profile,gtpin_total_execution_cycles,1248966,4878,cycles,256,1248966,4878,0,0,,,0,0,0,"{""gtpin_avg_execution_cycles_per_invocation"":4878,""gtpin_invocation_count"":256,""gtpin_total_execution_cycles"":1248966}",InvocationCount=256;TotalExecutionCycles=1248966;AvgExecutionCyclesPerInvocation=4878
n1_i0,0,1,0,performance,false,layers.*/self_attn,/model/layers.8/self_attn/IsNaN,IsNaN,IsNaN,isnan:/model/layers.8/self_attn/IsNaN,isnan:/model/layers.8/self_attn/IsNaN,eltwise,generic_eltwise_ref,591,generic_eltwise_ref_1696504087421334661_0_0__sa,generic_eltwise_ref_1696504087421334661_0_0__sa,1,361,matched,aligned,true,true,true,exec_profile,gtpin_total_execution_cycles,1246270,4868,cycles,256,1246270,4868,0,0,,,0,0,0,"{""gtpin_avg_execution_cycles_per_invocation"":4868,""gtpin_invocation_count"":256,""gtpin_total_execution_cycles"":1246270}",InvocationCount=256;TotalExecutionCycles=1246270;AvgExecutionCyclesPerInvocation=4868
n1_i0,0,1,0,performance,false,layers.*/self_attn,/model/layers.0/self_attn/IsNaN,IsNaN,IsNaN,isnan:/model/layers.0/self_attn/IsNaN,isnan:/model/layers.0/self_attn/IsNaN,eltwise,generic_eltwise_ref,303,generic_eltwise_ref_1696504087421334661_0_0__sa,generic_eltwise_ref_1696504087421334661_0_0__sa,1,185,matched,aligned,true,true,true,exec_profile,gtpin_total_execution_cycles,1231254,4809,cycles,256,1231254,4809,0,0,,,0,0,0,"{""gtpin_avg_execution_cycles_per_invocation"":4809,""gtpin_invocation_count"":256,""gtpin_total_execution_cycles"":1231254}",InvocationCount=256;TotalExecutionCycles=1231254;AvgExecutionCyclesPerInvocation=4809
n1_i0,0,1,0,performance,false,layers.*/self_attn,/model/layers.11/self_attn/IsNaN,IsNaN,IsNaN,isnan:/model/layers.11/self_attn/IsNaN,isnan:/model/layers.11/self_attn/IsNaN,eltwise,generic_eltwise_ref,699,generic_eltwise_ref_1696504087421334661_0_0__sa,generic_eltwise_ref_1696504087421334661_0_0__sa,1,427,matched,aligned,true,true,true,exec_profile,gtpin_total_execution_cycles,1221762,4772,cycles,256,1221762,4772,0,0,,,0,0,0,"{""gtpin_avg_execution_cycles_per_invocation"":4772,""gtpin_invocation_count"":256,""gtpin_total_execution_cycles"":1221762}",InvocationCount=256;TotalExecutionCycles=1221762;AvgExecutionCyclesPerInvocation=4772
n1_i0,0,1,0,performance,false,layers.*/self_attn,/model/layers.6/self_attn/IsNaN,IsNaN,IsNaN,isnan:/model/layers.6/self_attn/IsNaN,isnan:/model/layers.6/self_attn/IsNaN,eltwise,generic_eltwise_ref,519,generic_eltwise_ref_1696504087421334661_0_0__sa,generic_eltwise_ref_1696504087421334661_0_0__sa,1,317,matched,aligned,true,true,true,exec_profile,gtpin_total_execution_cycles,1188366,4642,cycles,256,1188366,4642,0,0,,,0,0,0,"{""gtpin_avg_execution_cycles_per_invocation"":4642,""gtpin_invocation_count"":256,""gtpin_total_execution_cycles"":1188366}",InvocationCount=256;TotalExecutionCycles=1188366;AvgExecutionCyclesPerInvocation=4642
n1_i0,0,1,0,performance,false,layers.*/self_attn,/model/layers.0/self_attn/Add,RoPE,RoPE,rope:/model/layers.0/self_attn/Add,rope:/model/layers.0/self_attn/Add,rope,ocl::rope::opt_,286,rope_opt__13889706310558783765__sa,rope_opt__13889706310558783765__sa,1,177,matched,aligned,true,true,true,exec_profile,gtpin_total_execution_cycles,1187844,18560,cycles,64,1187844,18560,0,0,,,0,0,0,"{""gtpin_avg_execution_cycles_per_invocation"":18560,""gtpin_invocation_count"":64,""gtpin_total_execution_cycles"":1187844}",InvocationCount=64;TotalExecutionCycles=1187844;AvgExecutionCyclesPerInvocation=18560
n1_i0,0,1,0,performance,false,layers.*/self_attn,/model/layers.4/self_attn/IsNaN,IsNaN,IsNaN,isnan:/model/layers.4/self_attn/IsNaN,isnan:/model/layers.4/self_attn/IsNaN,eltwise,generic_eltwise_ref,447,generic_eltwise_ref_1696504087421334661_0_0__sa,generic_eltwise_ref_1696504087421334661_0_0__sa,1,273,matched,aligned,true,true,true,exec_profile,gtpin_total_execution_cycles,1183528,4623,cycles,256,1183528,4623,0,0,,,0,0,0,"{""gtpin_avg_execution_cycles_per_invocation"":4623,""gtpin_invocation_count"":256,""gtpin_total_execution_cycles"":1183528}",InvocationCount=256;TotalExecutionCycles=1183528;AvgExecutionCyclesPerInvocation=4623
n1_i0,0,1,0,performance,false,layers.*/self_attn,/model/layers.16/self_attn/IsNaN,IsNaN,IsNaN,isnan:/model/layers.16/self_attn/IsNaN,isnan:/model/layers.16/self_attn/IsNaN,eltwise,generic_eltwise_ref,879,generic_eltwise_ref_1696504087421334661_0_0__sa,generic_eltwise_ref_1696504087421334661_0_0__sa,1,537,matched,aligned,true,true,true,exec_profile,gtpin_total_execution_cycles,1164484,4548,cycles,256,1164484,4548,0,0,,,0,0,0,"{""gtpin_avg_execution_cycles_per_invocation"":4548,""gtpin_invocation_count"":256,""gtpin_total_execution_cycles"":1164484}",InvocationCount=256;TotalExecutionCycles=1164484;AvgExecutionCyclesPerInvocation=4548
n1_i0,0,1,0,performance,false,layers.*/self_attn,/model/layers.14/self_attn/IsNaN,IsNaN,IsNaN,isnan:/model/layers.14/self_attn/IsNaN,isnan:/model/layers.14/self_attn/IsNaN,eltwise,generic_eltwise_ref,807,generic_eltwise_ref_1696504087421334661_0_0__sa,generic_eltwise_ref_1696504087421334661_0_0__sa,1,493,matched,aligned,true,true,true,exec_profile,gtpin_total_execution_cycles,1163830,4546,cycles,256,1163830,4546,0,0,,,0,0,0,"{""gtpin_avg_execution_cycles_per_invocation"":4546,""gtpin_invocation_count"":256,""gtpin_total_execution_cycles"":1163830}",InvocationCount=256;TotalExecutionCycles=1163830;AvgExecutionCyclesPerInvocation=4546
n1_i0,0,1,0,performance,false,layers.*/self_attn,/model/layers.19/self_attn/IsNaN,IsNaN,IsNaN,isnan:/model/layers.19/self_attn/IsNaN,isnan:/model/layers.19/self_attn/IsNaN,eltwise,generic_eltwise_ref,987,generic_eltwise_ref_1696504087421334661_0_0__sa,generic_eltwise_ref_1696504087421334661_0_0__sa,1,603,matched,aligned,true,true,true,exec_profile,gtpin_total_execution_cycles,1135526,4435,cycles,256,1135526,4435,0,0,,,0,0,0,"{""gtpin_avg_execution_cycles_per_invocation"":4435,""gtpin_invocation_count"":256,""gtpin_total_execution_cycles"":1135526}",InvocationCount=256;TotalExecutionCycles=1135526;AvgExecutionCyclesPerInvocation=4435
n1_i0,0,1,0,performance,false,layers.*/self_attn,/model/layers.2/self_attn/IsNaN,IsNaN,IsNaN,isnan:/model/layers.2/self_attn/IsNaN,isnan:/model/layers.2/self_attn/IsNaN,eltwise,generic_eltwise_ref,375,generic_eltwise_ref_1696504087421334661_0_0__sa,generic_eltwise_ref_1696504087421334661_0_0__sa,1,229,matched,aligned,true,true,true,exec_profile,gtpin_total_execution_cycles,1101406,4302,cycles,256,1101406,4302,0,0,,,0,0,0,"{""gtpin_avg_execution_cycles_per_invocation"":4302,""gtpin_invocation_count"":256,""gtpin_total_execution_cycles"":1101406}",InvocationCount=256;TotalExecutionCycles=1101406;AvgExecutionCyclesPerInvocation=4302
n1_i0,0,1,0,performance,false,layers.*/self_attn,/model/layers.7/self_attn/IsNaN,IsNaN,IsNaN,isnan:/model/layers.7/self_attn/IsNaN,isnan:/model/layers.7/self_attn/IsNaN,eltwise,generic_eltwise_ref,555,generic_eltwise_ref_1696504087421334661_0_0__sa,generic_eltwise_ref_1696504087421334661_0_0__sa,1,339,matched,aligned,true,true,true,exec_profile,gtpin_total_execution_cycles,1081110,4223,cycles,256,1081110,4223,0,0,,,0,0,0,"{""gtpin_avg_execution_cycles_per_invocation"":4223,""gtpin_invocation_count"":256,""gtpin_total_execution_cycles"":1081110}",InvocationCount=256;TotalExecutionCycles=1081110;AvgExecutionCyclesPerInvocation=4223
n1_i0,0,1,0,performance,false,layers.*/self_attn,/model/layers.1/self_attn/Add,RoPE,RoPE,rope:/model/layers.1/self_attn/Add,rope:/model/layers.1/self_attn/Add,rope,ocl::rope::opt_,320,rope_opt__13889706310558783765__sa,rope_opt__13889706310558783765__sa,1,198,matched,aligned,true,true,true,exec_profile,gtpin_total_execution_cycles,1018708,15917,cycles,64,1018708,15917,0,0,,,0,0,0,"{""gtpin_avg_execution_cycles_per_invocation"":15917,""gtpin_invocation_count"":64,""gtpin_total_execution_cycles"":1018708}",InvocationCount=64;TotalExecutionCycles=1018708;AvgExecutionCyclesPerInvocation=15917
n1_i0,0,1,0,performance,false,layers.*/self_attn,/model/layers.14/self_attn/Add,RoPE,RoPE,rope:/model/layers.14/self_attn/Add,rope:/model/layers.14/self_attn/Add,rope,ocl::rope::opt_,788,rope_opt__13889706310558783765__sa,rope_opt__13889706310558783765__sa,1,484,matched,aligned,true,true,true,exec_profile,gtpin_total_execution_cycles,1016846,15888,cycles,64,1016846,15888,0,0,,,0,0,0,"{""gtpin_avg_execution_cycles_per_invocation"":15888,""gtpin_invocation_count"":64,""gtpin_total_execution_cycles"":1016846}",InvocationCount=64;TotalExecutionCycles=1016846;AvgExecutionCyclesPerInvocation=15888
n1_i0,0,1,0,performance,false,layers.*/self_attn,/model/layers.19/self_attn/Add,RoPE,RoPE,rope:/model/layers.19/self_attn/Add,rope:/model/layers.19/self_attn/Add,rope,ocl::rope::opt_,968,rope_opt__13889706310558783765__sa,rope_opt__13889706310558783765__sa,1,594,matched,aligned,true,true,true,exec_profile,gtpin_total_execution_cycles,938816,14669,cycles,64,938816,14669,0,0,,,0,0,0,"{""gtpin_avg_execution_cycles_per_invocation"":14669,""gtpin_invocation_count"":64,""gtpin_total_execution_cycles"":938816}",InvocationCount=64;TotalExecutionCycles=938816;AvgExecutionCyclesPerInvocation=14669
n1_i0,0,1,0,performance,false,layers.*/self_attn,/model/layers.13/self_attn/Add,RoPE,RoPE,rope:/model/layers.13/self_attn/Add,rope:/model/layers.13/self_attn/Add,rope,ocl::rope::opt_,752,rope_opt__13889706310558783765__sa,rope_opt__13889706310558783765__sa,1,462,matched,aligned,true,true,true,exec_profile,gtpin_total_execution_cycles,933180,14580,cycles,64,933180,14580,0,0,,,0,0,0,"{""gtpin_avg_execution_cycles_per_invocation"":14580,""gtpin_invocation_count"":64,""gtpin_total_execution_cycles"":933180}",InvocationCount=64;TotalExecutionCycles=933180;AvgExecutionCyclesPerInvocation=14580
n1_i0,0,1,0,performance,false,layers.*/self_attn,/model/layers.20/self_attn/Add,RoPE,RoPE,rope:/model/layers.20/self_attn/Add,rope:/model/layers.20/self_attn/Add,rope,ocl::rope::opt_,1004,rope_opt__13889706310558783765__sa,rope_opt__13889706310558783765__sa,1,616,matched,aligned,true,true,true,exec_profile,gtpin_total_execution_cycles,926894,14482,cycles,64,926894,14482,0,0,,,0,0,0,"{""gtpin_avg_execution_cycles_per_invocation"":14482,""gtpin_invocation_count"":64,""gtpin_total_execution_cycles"":926894}",InvocationCount=64;TotalExecutionCycles=926894;AvgExecutionCyclesPerInvocation=14482
n1_i0,0,1,0,performance,false,layers.*/self_attn,/model/layers.6/self_attn/Add,RoPE,RoPE,rope:/model/layers.6/self_attn/Add,rope:/model/layers.6/self_attn/Add,rope,ocl::rope::opt_,500,rope_opt__13889706310558783765__sa,rope_opt__13889706310558783765__sa,1,308,matched,aligned,true,true,true,exec_profile,gtpin_total_execution_cycles,915336,14302,cycles,64,915336,14302,0,0,,,0,0,0,"{""gtpin_avg_execution_cycles_per_invocation"":14302,""gtpin_invocation_count"":64,""gtpin_total_execution_cycles"":915336}",InvocationCount=64;TotalExecutionCycles=915336;AvgExecutionCyclesPerInvocation=14302
n1_i0,0,1,0,performance,false,layers.*/self_attn,/model/layers.17/self_attn/Add,RoPE,RoPE,rope:/model/layers.17/self_attn/Add,rope:/model/layers.17/self_attn/Add,rope,ocl::rope::opt_,896,rope_opt__13889706310558783765__sa,rope_opt__13889706310558783765__sa,1,550,matched,aligned,true,true,true,exec_profile,gtpin_total_execution_cycles,905050,14141,cycles,64,905050,14141,0,0,,,0,0,0,"{""gtpin_avg_execution_cycles_per_invocation"":14141,""gtpin_invocation_count"":64,""gtpin_total_execution_cycles"":905050}",InvocationCount=64;TotalExecutionCycles=905050;AvgExecutionCyclesPerInvocation=14141
n1_i0,0,1,0,performance,false,layers.*/self_attn,/model/layers.15/self_attn/Add,RoPE,RoPE,rope:/model/layers.15/self_attn/Add,rope:/model/layers.15/self_attn/Add,rope,ocl::rope::opt_,824,rope_opt__13889706310558783765__sa,rope_opt__13889706310558783765__sa,1,506,matched,aligned,true,true,true,exec_profile,gtpin_total_execution_cycles,893812,13965,cycles,64,893812,13965,0,0,,,0,0,0,"{""gtpin_avg_execution_cycles_per_invocation"":13965,""gtpin_invocation_count"":64,""gtpin_total_execution_cycles"":893812}",InvocationCount=64;TotalExecutionCycles=893812;AvgExecutionCyclesPerInvocation=13965
n1_i0,0,1,0,performance,false,layers.*/self_attn,/model/layers.21/self_attn/Add,RoPE,RoPE,rope:/model/layers.21/self_attn/Add,rope:/model/layers.21/self_attn/Add,rope,ocl::rope::opt_,1040,rope_opt__13889706310558783765__sa,rope_opt__13889706310558783765__sa,1,638,matched,aligned,true,true,true,exec_profile,gtpin_total_execution_cycles,891630,13931,cycles,64,891630,13931,0,0,,,0,0,0,"{""gtpin_avg_execution_cycles_per_invocation"":13931,""gtpin_invocation_count"":64,""gtpin_total_execution_cycles"":891630}",InvocationCount=64;TotalExecutionCycles=891630;AvgExecutionCyclesPerInvocation=13931
n1_i0,0,1,0,performance,false,layers.*/self_attn,/model/layers.5/self_attn/Add,RoPE,RoPE,rope:/model/layers.5/self_attn/Add,rope:/model/layers.5/self_attn/Add,rope,ocl::rope::opt_,464,rope_opt__13889706310558783765__sa,rope_opt__13889706310558783765__sa,1,286,matched,aligned,true,true,true,exec_profile,gtpin_total_execution_cycles,864562,13508,cycles,64,864562,13508,0,0,,,0,0,0,"{""gtpin_avg_execution_cycles_per_invocation"":13508,""gtpin_invocation_count"":64,""gtpin_total_execution_cycles"":864562}",InvocationCount=64;TotalExecutionCycles=864562;AvgExecutionCyclesPerInvocation=13508
n1_i0,0,1,0,performance,false,layers.*/self_attn,/model/layers.4/self_attn/Add,RoPE,RoPE,rope:/model/layers.4/self_attn/Add,rope:/model/layers.4/self_attn/Add,rope,ocl::rope::opt_,428,rope_opt__13889706310558783765__sa,rope_opt__13889706310558783765__sa,1,264,matched,aligned,true,true,true,exec_profile,gtpin_total_execution_cycles,857064,13391,cycles,64,857064,13391,0,0,,,0,0,0,"{""gtpin_avg_execution_cycles_per_invocation"":13391,""gtpin_invocation_count"":64,""gtpin_total_execution_cycles"":857064}",InvocationCount=64;TotalExecutionCycles=857064;AvgExecutionCyclesPerInvocation=13391
n1_i0,0,1,0,performance,false,layers.*/self_attn,/model/layers.9/self_attn/Add,RoPE,RoPE,rope:/model/layers.9/self_attn/Add,rope:/model/layers.9/self_attn/Add,rope,ocl::rope::opt_,608,rope_opt__13889706310558783765__sa,rope_opt__13889706310558783765__sa,1,374,matched,aligned,true,true,true,exec_profile,gtpin_total_execution_cycles,852416,13319,cycles,64,852416,13319,0,0,,,0,0,0,"{""gtpin_avg_execution_cycles_per_invocation"":13319,""gtpin_invocation_count"":64,""gtpin_total_execution_cycles"":852416}",InvocationCount=64;TotalExecutionCycles=852416;AvgExecutionCyclesPerInvocation=13319
n1_i0,0,1,0,performance,false,layers.*/self_attn,/model/layers.16/self_attn/Add,RoPE,RoPE,rope:/model/layers.16/self_attn/Add,rope:/model/layers.16/self_attn/Add,rope,ocl::rope::opt_,860,rope_opt__13889706310558783765__sa,rope_opt__13889706310558783765__sa,1,528,matched,aligned,true,true,true,exec_profile,gtpin_total_execution_cycles,847252,13238,cycles,64,847252,13238,0,0,,,0,0,0,"{""gtpin_avg_execution_cycles_per_invocation"":13238,""gtpin_invocation_count"":64,""gtpin_total_execution_cycles"":847252}",InvocationCount=64;TotalExecutionCycles=847252;AvgExecutionCyclesPerInvocation=13238
n1_i0,0,1,0,performance,false,layers.*/self_attn,/model/layers.8/self_attn/Add,RoPE,RoPE,rope:/model/layers.8/self_attn/Add,rope:/model/layers.8/self_attn/Add,rope,ocl::rope::opt_,572,rope_opt__13889706310558783765__sa,rope_opt__13889706310558783765__sa,1,352,matched,aligned,true,true,true,exec_profile,gtpin_total_execution_cycles,846804,13231,cycles,64,846804,13231,0,0,,,0,0,0,"{""gtpin_avg_execution_cycles_per_invocation"":13231,""gtpin_invocation_count"":64,""gtpin_total_execution_cycles"":846804}",InvocationCount=64;TotalExecutionCycles=846804;AvgExecutionCyclesPerInvocation=13231
n1_i0,0,1,0,performance,false,layers.*/self_attn,/model/layers.18/self_attn/Add,RoPE,RoPE,rope:/model/layers.18/self_attn/Add,rope:/model/layers.18/self_attn/Add,rope,ocl::rope::opt_,932,rope_opt__13889706310558783765__sa,rope_opt__13889706310558783765__sa,1,572,matched,aligned,true,true,true,exec_profile,gtpin_total_execution_cycles,835074,13048,cycles,64,835074,13048,0,0,,,0,0,0,"{""gtpin_avg_execution_cycles_per_invocation"":13048,""gtpin_invocation_count"":64,""gtpin_total_execution_cycles"":835074}",InvocationCount=64;TotalExecutionCycles=835074;AvgExecutionCyclesPerInvocation=13048
n1_i0,0,1,0,performance,false,layers.*/self_attn,/model/layers.12/self_attn/Add,RoPE,RoPE,rope:/model/layers.12/self_attn/Add,rope:/model/layers.12/self_attn/Add,rope,ocl::rope::opt_,716,rope_opt__13889706310558783765__sa,rope_opt__13889706310558783765__sa,1,440,matched,aligned,true,true,true,exec_profile,gtpin_total_execution_cycles,830274,12973,cycles,64,830274,12973,0,0,,,0,0,0,"{""gtpin_avg_execution_cycles_per_invocation"":12973,""gtpin_invocation_count"":64,""gtpin_total_execution_cycles"":830274}",InvocationCount=64;TotalExecutionCycles=830274;AvgExecutionCyclesPerInvocation=12973
n1_i0,0,1,0,performance,false,layers.*/self_attn,/model/layers.2/self_attn/Add,RoPE,RoPE,rope:/model/layers.2/self_attn/Add,rope:/model/layers.2/self_attn/Add,rope,ocl::rope::opt_,356,rope_opt__13889706310558783765__sa,rope_opt__13889706310558783765__sa,1,220,matched,aligned,true,true,true,exec_profile,gtpin_total_execution_cycles,825252,12894,cycles,64,825252,12894,0,0,,,0,0,0,"{""gtpin_avg_execution_cycles_per_invocation"":12894,""gtpin_invocation_count"":64,""gtpin_total_execution_cycles"":825252}",InvocationCount=64;TotalExecutionCycles=825252;AvgExecutionCyclesPerInvocation=12894
n1_i0,0,1,0,performance,false,layers.*/self_attn,/model/layers.3/self_attn/Add,RoPE,RoPE,rope:/model/layers.3/self_attn/Add,rope:/model/layers.3/self_attn/Add,rope,ocl::rope::opt_,392,rope_opt__13889706310558783765__sa,rope_opt__13889706310558783765__sa,1,242,matched,aligned,true,true,true,exec_profile,gtpin_total_execution_cycles,818214,12784,cycles,64,818214,12784,0,0,,,0,0,0,"{""gtpin_avg_execution_cycles_per_invocation"":12784,""gtpin_invocation_count"":64,""gtpin_total_execution_cycles"":818214}",InvocationCount=64;TotalExecutionCycles=818214;AvgExecutionCyclesPerInvocation=12784
n1_i0,0,1,0,performance,false,layers.*/self_attn,/model/layers.11/self_attn/Add,RoPE,RoPE,rope:/model/layers.11/self_attn/Add,rope:/model/layers.11/self_attn/Add,rope,ocl::rope::opt_,680,rope_opt__13889706310558783765__sa,rope_opt__13889706310558783765__sa,1,418,matched,aligned,true,true,true,exec_profile,gtpin_total_execution_cycles,815804,12746,cycles,64,815804,12746,0,0,,,0,0,0,"{""gtpin_avg_execution_cycles_per_invocation"":12746,""gtpin_invocation_count"":64,""gtpin_total_execution_cycles"":815804}",InvocationCount=64;TotalExecutionCycles=815804;AvgExecutionCyclesPerInvocation=12746
n1_i0,0,1,0,performance,false,layers.*/self_attn,/model/layers.7/self_attn/Add,RoPE,RoPE,rope:/model/layers.7/self_attn/Add,rope:/model/layers.7/self_attn/Add,rope,ocl::rope::opt_,536,rope_opt__13889706310558783765__sa,rope_opt__13889706310558783765__sa,1,330,matched,aligned,true,true,true,exec_profile,gtpin_total_execution_cycles,810266,12660,cycles,64,810266,12660,0,0,,,0,0,0,"{""gtpin_avg_execution_cycles_per_invocation"":12660,""gtpin_invocation_count"":64,""gtpin_total_execution_cycles"":810266}",InvocationCount=64;TotalExecutionCycles=810266;AvgExecutionCyclesPerInvocation=12660
n1_i0,0,1,0,performance,false,layers.*/self_attn,/model/layers.1/self_attn/Transpose_2,Transpose,Transpose,transpose:/model/layers.1/self_attn/Transpose_2,transpose:/model/layers.1/self_attn/Transpose_2,permute,permute_ref,319,permute_ref_653960189515371720_0_0__sa,permute_ref_653960189515371720_0_0__sa,1,197,matched,aligned,true,true,true,exec_profile,gtpin_total_execution_cycles,804240,6283,cycles,128,804240,6283,0,0,,,0,0,0,"{""gtpin_avg_execution_cycles_per_invocation"":6283,""gtpin_invocation_count"":128,""gtpin_total_execution_cycles"":804240}",InvocationCount=128;TotalExecutionCycles=804240;AvgExecutionCyclesPerInvocation=6283
n1_i0,0,1,0,performance,false,layers.*/self_attn,/model/layers.10/self_attn/Add,RoPE,RoPE,rope:/model/layers.10/self_attn/Add,rope:/model/layers.10/self_attn/Add,rope,ocl::rope::opt_,644,rope_opt__13889706310558783765__sa,rope_opt__13889706310558783765__sa,1,396,matched,aligned,true,true,true,exec_profile,gtpin_total_execution_cycles,783902,12248,cycles,64,783902,12248,0,0,,,0,0,0,"{""gtpin_avg_execution_cycles_per_invocation"":12248,""gtpin_invocation_count"":64,""gtpin_total_execution_cycles"":783902}",InvocationCount=64;TotalExecutionCycles=783902;AvgExecutionCyclesPerInvocation=12248
n1_i0,0,1,0,performance,false,layers.*/self_attn,/model/layers.14/self_attn/Transpose_2,Transpose,Transpose,transpose:/model/layers.14/self_attn/Transpose_2,transpose:/model/layers.14/self_attn/Transpose_2,permute,permute_ref,787,permute_ref_653960189515371720_0_0__sa,permute_ref_653960189515371720_0_0__sa,1,483,matched,aligned,true,true,true,exec_profile,gtpin_total_execution_cycles,615292,4806,cycles,128,615292,4806,0,0,,,0,0,0,"{""gtpin_avg_execution_cycles_per_invocation"":4806,""gtpin_invocation_count"":128,""gtpin_total_execution_cycles"":615292}",InvocationCount=128;TotalExecutionCycles=615292;AvgExecutionCyclesPerInvocation=4806
n1_i0,0,1,0,performance,false,layers.*/self_attn,/model/layers.12/self_attn/Transpose_2,Transpose,Transpose,transpose:/model/layers.12/self_attn/Transpose_2,transpose:/model/layers.12/self_attn/Transpose_2,permute,permute_ref,715,permute_ref_653960189515371720_0_0__sa,permute_ref_653960189515371720_0_0__sa,1,439,matched,aligned,true,true,true,exec_profile,gtpin_total_execution_cycles,568846,4444,cycles,128,568846,4444,0,0,,,0,0,0,"{""gtpin_avg_execution_cycles_per_invocation"":4444,""gtpin_invocation_count"":128,""gtpin_total_execution_cycles"":568846}",InvocationCount=128;TotalExecutionCycles=568846;AvgExecutionCyclesPerInvocation=4444
n1_i0,0,1,0,performance,false,layers.*/self_attn,/model/layers.6/self_attn/Transpose_2,Transpose,Transpose,transpose:/model/layers.6/self_attn/Transpose_2,transpose:/model/layers.6/self_attn/Transpose_2,permute,permute_ref,499,permute_ref_653960189515371720_0_0__sa,permute_ref_653960189515371720_0_0__sa,1,307,matched,aligned,true,true,true,exec_profile,gtpin_total_execution_cycles,559340,4369,cycles,128,559340,4369,0,0,,,0,0,0,"{""gtpin_avg_execution_cycles_per_invocation"":4369,""gtpin_invocation_count"":128,""gtpin_total_execution_cycles"":559340}",InvocationCount=128;TotalExecutionCycles=559340;AvgExecutionCyclesPerInvocation=4369
n1_i0,0,1,0,performance,false,layers.*/self_attn,/model/layers.17/self_attn/Transpose_2,Transpose,Transpose,transpose:/model/layers.17/self_attn/Transpose_2,transpose:/model/layers.17/self_attn/Transpose_2,permute,permute_ref,895,permute_ref_653960189515371720_0_0__sa,permute_ref_653960189515371720_0_0__sa,1,549,matched,aligned,true,true,true,exec_profile,gtpin_total_execution_cycles,535592,4184,cycles,128,535592,4184,0,0,,,0,0,0,"{""gtpin_avg_execution_cycles_per_invocation"":4184,""gtpin_invocation_count"":128,""gtpin_total_execution_cycles"":535592}",InvocationCount=128;TotalExecutionCycles=535592;AvgExecutionCyclesPerInvocation=4184
n1_i0,0,1,0,performance,false,layers.*/self_attn,/model/layers.13/self_attn/Transpose_2,Transpose,Transpose,transpose:/model/layers.13/self_attn/Transpose_2,transpose:/model/layers.13/self_attn/Transpose_2,permute,permute_ref,751,permute_ref_653960189515371720_0_0__sa,permute_ref_653960189515371720_0_0__sa,1,461,matched,aligned,true,true,true,exec_profile,gtpin_total_execution_cycles,515178,4024,cycles,128,515178,4024,0,0,,,0,0,0,"{""gtpin_avg_execution_cycles_per_invocation"":4024,""gtpin_invocation_count"":128,""gtpin_total_execution_cycles"":515178}",InvocationCount=128;TotalExecutionCycles=515178;AvgExecutionCyclesPerInvocation=4024
n1_i0,0,1,0,performance,false,layers.*/self_attn,/model/layers.19/self_attn/Transpose_2,Transpose,Transpose,transpose:/model/layers.19/self_attn/Transpose_2,transpose:/model/layers.19/self_attn/Transpose_2,permute,permute_ref,967,permute_ref_653960189515371720_0_0__sa,permute_ref_653960189515371720_0_0__sa,1,593,matched,aligned,true,true,true,exec_profile,gtpin_total_execution_cycles,514218,4017,cycles,128,514218,4017,0,0,,,0,0,0,"{""gtpin_avg_execution_cycles_per_invocation"":4017,""gtpin_invocation_count"":128,""gtpin_total_execution_cycles"":514218}",InvocationCount=128;TotalExecutionCycles=514218;AvgExecutionCyclesPerInvocation=4017
n1_i0,0,1,0,performance,false,layers.*/self_attn,/model/layers.21/self_attn/Transpose_2,Transpose,Transpose,transpose:/model/layers.21/self_attn/Transpose_2,transpose:/model/layers.21/self_attn/Transpose_2,permute,permute_ref,1039,permute_ref_653960189515371720_0_0__sa,permute_ref_653960189515371720_0_0__sa,1,637,matched,aligned,true,true,true,exec_profile,gtpin_total_execution_cycles,510640,3989,cycles,128,510640,3989,0,0,,,0,0,0,"{""gtpin_avg_execution_cycles_per_invocation"":3989,""gtpin_invocation_count"":128,""gtpin_total_execution_cycles"":510640}",InvocationCount=128;TotalExecutionCycles=510640;AvgExecutionCyclesPerInvocation=3989
n1_i0,0,1,0,performance,false,layers.*/self_attn,/model/layers.15/self_attn/Transpose_2,Transpose,Transpose,transpose:/model/layers.15/self_attn/Transpose_2,transpose:/model/layers.15/self_attn/Transpose_2,permute,permute_ref,823,permute_ref_653960189515371720_0_0__sa,permute_ref_653960189515371720_0_0__sa,1,505,matched,aligned,true,true,true,exec_profile,gtpin_total_execution_cycles,505218,3947,cycles,128,505218,3947,0,0,,,0,0,0,"{""gtpin_avg_execution_cycles_per_invocation"":3947,""gtpin_invocation_count"":128,""gtpin_total_execution_cycles"":505218}",InvocationCount=128;TotalExecutionCycles=505218;AvgExecutionCyclesPerInvocation=3947
n1_i0,0,1,0,performance,false,layers.*/self_attn,/model/layers.18/self_attn/Transpose_2,Transpose,Transpose,transpose:/model/layers.18/self_attn/Transpose_2,transpose:/model/layers.18/self_attn/Transpose_2,permute,permute_ref,931,permute_ref_653960189515371720_0_0__sa,permute_ref_653960189515371720_0_0__sa,1,571,matched,aligned,true,true,true,exec_profile,gtpin_total_execution_cycles,501336,3916,cycles,128,501336,3916,0,0,,,0,0,0,"{""gtpin_avg_execution_cycles_per_invocation"":3916,""gtpin_invocation_count"":128,""gtpin_total_execution_cycles"":501336}",InvocationCount=128;TotalExecutionCycles=501336;AvgExecutionCyclesPerInvocation=3916
n1_i0,0,1,0,performance,false,layers.*/self_attn,/model/layers.16/self_attn/Transpose_2,Transpose,Transpose,transpose:/model/layers.16/self_attn/Transpose_2,transpose:/model/layers.16/self_attn/Transpose_2,permute,permute_ref,859,permute_ref_653960189515371720_0_0__sa,permute_ref_653960189515371720_0_0__sa,1,527,matched,aligned,true,true,true,exec_profile,gtpin_total_execution_cycles,500492,3910,cycles,128,500492,3910,0,0,,,0,0,0,"{""gtpin_avg_execution_cycles_per_invocation"":3910,""gtpin_invocation_count"":128,""gtpin_total_execution_cycles"":500492}",InvocationCount=128;TotalExecutionCycles=500492;AvgExecutionCyclesPerInvocation=3910
n1_i0,0,1,0,performance,false,layers.*/self_attn,/model/layers.7/self_attn/Transpose_2,Transpose,Transpose,transpose:/model/layers.7/self_attn/Transpose_2,transpose:/model/layers.7/self_attn/Transpose_2,permute,permute_ref,535,permute_ref_653960189515371720_0_0__sa,permute_ref_653960189515371720_0_0__sa,1,329,matched,aligned,true,true,true,exec_profile,gtpin_total_execution_cycles,489966,3827,cycles,128,489966,3827,0,0,,,0,0,0,"{""gtpin_avg_execution_cycles_per_invocation"":3827,""gtpin_invocation_count"":128,""gtpin_total_execution_cycles"":489966}",InvocationCount=128;TotalExecutionCycles=489966;AvgExecutionCyclesPerInvocation=3827
n1_i0,0,1,0,performance,false,layers.*/self_attn,/model/layers.20/self_attn/Transpose_2,Transpose,Transpose,transpose:/model/layers.20/self_attn/Transpose_2,transpose:/model/layers.20/self_attn/Transpose_2,permute,permute_ref,1003,permute_ref_653960189515371720_0_0__sa,permute_ref_653960189515371720_0_0__sa,1,615,matched,aligned,true,true,true,exec_profile,gtpin_total_execution_cycles,482914,3772,cycles,128,482914,3772,0,0,,,0,0,0,"{""gtpin_avg_execution_cycles_per_invocation"":3772,""gtpin_invocation_count"":128,""gtpin_total_execution_cycles"":482914}",InvocationCount=128;TotalExecutionCycles=482914;AvgExecutionCyclesPerInvocation=3772
n1_i0,0,1,0,performance,false,layers.*/self_attn,/model/layers.8/self_attn/Transpose_2,Transpose,Transpose,transpose:/model/layers.8/self_attn/Transpose_2,transpose:/model/layers.8/self_attn/Transpose_2,permute,permute_ref,571,permute_ref_653960189515371720_0_0__sa,permute_ref_653960189515371720_0_0__sa,1,351,matched,aligned,true,true,true,exec_profile,gtpin_total_execution_cycles,463672,3622,cycles,128,463672,3622,0,0,,,0,0,0,"{""gtpin_avg_execution_cycles_per_invocation"":3622,""gtpin_invocation_count"":128,""gtpin_total_execution_cycles"":463672}",InvocationCount=128;TotalExecutionCycles=463672;AvgExecutionCyclesPerInvocation=3622
n1_i0,0,1,0,performance,false,layers.*/self_attn,/model/layers.3/self_attn/Transpose_2,Transpose,Transpose,transpose:/model/layers.3/self_attn/Transpose_2,transpose:/model/layers.3/self_attn/Transpose_2,permute,permute_ref,391,permute_ref_653960189515371720_0_0__sa,permute_ref_653960189515371720_0_0__sa,1,241,matched,aligned,true,true,true,exec_profile,gtpin_total_execution_cycles,460942,3601,cycles,128,460942,3601,0,0,,,0,0,0,"{""gtpin_avg_execution_cycles_per_invocation"":3601,""gtpin_invocation_count"":128,""gtpin_total_execution_cycles"":460942}",InvocationCount=128;TotalExecutionCycles=460942;AvgExecutionCyclesPerInvocation=3601
n1_i0,0,1,0,performance,false,layers.*/self_attn,/model/layers.10/self_attn/Transpose_2,Transpose,Transpose,transpose:/model/layers.10/self_attn/Transpose_2,transpose:/model/layers.10/self_attn/Transpose_2,permute,permute_ref,643,permute_ref_653960189515371720_0_0__sa,permute_ref_653960189515371720_0_0__sa,1,395,matched,aligned,true,true,true,exec_profile,gtpin_total_execution_cycles,441472,3449,cycles,128,441472,3449,0,0,,,0,0,0,"{""gtpin_avg_execution_cycles_per_invocation"":3449,""gtpin_invocation_count"":128,""gtpin_total_execution_cycles"":441472}",InvocationCount=128;TotalExecutionCycles=441472;AvgExecutionCyclesPerInvocation=3449
n1_i0,0,1,0,performance,false,layers.*/self_attn,/model/layers.5/self_attn/Transpose_2,Transpose,Transpose,transpose:/model/layers.5/self_attn/Transpose_2,transpose:/model/layers.5/self_attn/Transpose_2,permute,permute_ref,463,permute_ref_653960189515371720_0_0__sa,permute_ref_653960189515371720_0_0__sa,1,285,matched,aligned,true,true,true,exec_profile,gtpin_total_execution_cycles,438738,3427,cycles,128,438738,3427,0,0,,,0,0,0,"{""gtpin_avg_execution_cycles_per_invocation"":3427,""gtpin_invocation_count"":128,""gtpin_total_execution_cycles"":438738}",InvocationCount=128;TotalExecutionCycles=438738;AvgExecutionCyclesPerInvocation=3427
n1_i0,0,1,0,performance,false,layers.*/self_attn,/model/layers.4/self_attn/Transpose_2,Transpose,Transpose,transpose:/model/layers.4/self_attn/Transpose_2,transpose:/model/layers.4/self_attn/Transpose_2,permute,permute_ref,427,permute_ref_653960189515371720_0_0__sa,permute_ref_653960189515371720_0_0__sa,1,263,matched,aligned,true,true,true,exec_profile,gtpin_total_execution_cycles,422536,3301,cycles,128,422536,3301,0,0,,,0,0,0,"{""gtpin_avg_execution_cycles_per_invocation"":3301,""gtpin_invocation_count"":128,""gtpin_total_execution_cycles"":422536}",InvocationCount=128;TotalExecutionCycles=422536;AvgExecutionCyclesPerInvocation=3301
n1_i0,0,1,0,performance,false,layers.*/self_attn,/model/layers.0/self_attn/Transpose_2,Transpose,Transpose,transpose:/model/layers.0/self_attn/Transpose_2,transpose:/model/layers.0/self_attn/Transpose_2,permute,permute_ref,252,permute_ref_653960189515371720_0_0__sa,permute_ref_653960189515371720_0_0__sa,1,164,matched,aligned,true,true,true,exec_profile,gtpin_total_execution_cycles,403218,3150,cycles,128,403218,3150,0,0,,,0,0,0,"{""gtpin_avg_execution_cycles_per_invocation"":3150,""gtpin_invocation_count"":128,""gtpin_total_execution_cycles"":403218}",InvocationCount=128;TotalExecutionCycles=403218;AvgExecutionCyclesPerInvocation=3150
n1_i0,0,1,0,performance,false,layers.*/self_attn,/model/layers.9/self_attn/Transpose_2,Transpose,Transpose,transpose:/model/layers.9/self_attn/Transpose_2,transpose:/model/layers.9/self_attn/Transpose_2,permute,permute_ref,607,permute_ref_653960189515371720_0_0__sa,permute_ref_653960189515371720_0_0__sa,1,373,matched,aligned,true,true,true,exec_profile,gtpin_total_execution_cycles,400336,3127,cycles,128,400336,3127,0,0,,,0,0,0,"{""gtpin_avg_execution_cycles_per_invocation"":3127,""gtpin_invocation_count"":128,""gtpin_total_execution_cycles"":400336}",InvocationCount=128;TotalExecutionCycles=400336;AvgExecutionCyclesPerInvocation=3127
n1_i0,0,1,0,performance,false,layers.*/self_attn,/model/layers.11/self_attn/Transpose_2,Transpose,Transpose,transpose:/model/layers.11/self_attn/Transpose_2,transpose:/model/layers.11/self_attn/Transpose_2,permute,permute_ref,679,permute_ref_653960189515371720_0_0__sa,permute_ref_653960189515371720_0_0__sa,1,417,matched,aligned,true,true,true,exec_profile,gtpin_total_execution_cycles,387406,3026,cycles,128,387406,3026,0,0,,,0,0,0,"{""gtpin_avg_execution_cycles_per_invocation"":3026,""gtpin_invocation_count"":128,""gtpin_total_execution_cycles"":387406}",InvocationCount=128;TotalExecutionCycles=387406;AvgExecutionCyclesPerInvocation=3026
n1_i0,0,1,0,performance,false,layers.*/self_attn,/model/layers.2/self_attn/Transpose_2,Transpose,Transpose,transpose:/model/layers.2/self_attn/Transpose_2,transpose:/model/layers.2/self_attn/Transpose_2,permute,permute_ref,355,permute_ref_653960189515371720_0_0__sa,permute_ref_653960189515371720_0_0__sa,1,219,matched,aligned,true,true,true,exec_profile,gtpin_total_execution_cycles,382772,2990,cycles,128,382772,2990,0,0,,,0,0,0,"{""gtpin_avg_execution_cycles_per_invocation"":2990,""gtpin_invocation_count"":128,""gtpin_total_execution_cycles"":382772}",InvocationCount=128;TotalExecutionCycles=382772;AvgExecutionCyclesPerInvocation=2990
n1_i0,0,1,0,performance,false,rotary_emb,/model/rotary_emb/Sin,Sin,Sin,sin:/model/rotary_emb/Sin,sin:/model/rotary_emb/Sin,activation,activation_ref,273,activation_ref_1691567596270449691_0_0__sa,activation_ref_1691567596270449691_0_0__sa,1,170,matched,aligned,true,true,true,exec_profile,gtpin_total_execution_cycles,168934,5279,cycles,32,168934,5279,0,0,,,0,0,0,"{""gtpin_avg_execution_cycles_per_invocation"":5279,""gtpin_invocation_count"":32,""gtpin_total_execution_cycles"":168934}",InvocationCount=32;TotalExecutionCycles=168934;AvgExecutionCyclesPerInvocation=5279
n1_i0,0,1,0,performance,false,rotary_emb,/model/rotary_emb/Cos,Cos,Cos,cos:/model/rotary_emb/Cos,cos:/model/rotary_emb/Cos,activation,activation_ref,274,activation_ref_8384225707366889932_0_0__sa,activation_ref_8384225707366889932_0_0__sa,1,171,matched,aligned,true,true,true,exec_profile,gtpin_total_execution_cycles,135594,4237,cycles,32,135594,4237,0,0,,,0,0,0,"{""gtpin_avg_execution_cycles_per_invocation"":4237,""gtpin_invocation_count"":32,""gtpin_total_execution_cycles"":135594}",InvocationCount=32;TotalExecutionCycles=135594;AvgExecutionCyclesPerInvocation=4237
n1_i0,0,1,0,performance,false,layers.*/self_attn,/model/layers.8/self_attn/Add_1,RoPE,RoPE,rope:/model/layers.8/self_attn/Add_1,rope:/model/layers.8/self_attn/Add_1,rope,ocl::rope::opt_,573,rope_opt__6960924190377492479__sa,rope_opt__6960924190377492479__sa,1,353,matched,aligned,true,true,true,exec_profile,gtpin_total_execution_cycles,101808,12726,cycles,8,101808,12726,0,0,,,0,0,0,"{""gtpin_avg_execution_cycles_per_invocation"":12726,""gtpin_invocation_count"":8,""gtpin_total_execution_cycles"":101808}",InvocationCount=8;TotalExecutionCycles=101808;AvgExecutionCyclesPerInvocation=12726
n1_i0,0,1,0,performance,false,rotary_emb,/model/rotary_emb/Concat_1,Concat,Concat,concat:/model/rotary_emb/Concat_1,concat:/model/rotary_emb/Concat_1,concatenation,concatenation_gpu_simple_ref,269,concatenation_gpu_simple_ref_11787737694364327443_0_0__sa,concatenation_gpu_simple_ref_11787737694364327443_0_0__sa,1,167,matched,aligned,true,true,true,exec_profile,gtpin_total_execution_cycles,101706,6356,cycles,16,101706,6356,0,0,,,0,0,0,"{""gtpin_avg_execution_cycles_per_invocation"":6356,""gtpin_invocation_count"":16,""gtpin_total_execution_cycles"":101706}",InvocationCount=16;TotalExecutionCycles=101706;AvgExecutionCyclesPerInvocation=6356
n1_i0,0,1,0,performance,false,layers.*/self_attn,/model/layers.0/self_attn/Add_1,RoPE,RoPE,rope:/model/layers.0/self_attn/Add_1,rope:/model/layers.0/self_attn/Add_1,rope,ocl::rope::opt_,285,rope_opt__6960924190377492479__sa,rope_opt__6960924190377492479__sa,1,176,matched,aligned,true,true,true,exec_profile,gtpin_total_execution_cycles,81944,10243,cycles,8,81944,10243,0,0,,,0,0,0,"{""gtpin_avg_execution_cycles_per_invocation"":10243,""gtpin_invocation_count"":8,""gtpin_total_execution_cycles"":81944}",InvocationCount=8;TotalExecutionCycles=81944;AvgExecutionCyclesPerInvocation=10243
n1_i0,0,1,0,performance,false,layers.*/self_attn,/model/layers.0/self_attn/Unsqueeze_7_restore_precision_1,Convert,Convert,convert:/model/layers.0/self_attn/Unsqueeze_7_restore_precision_1,convert:/model/layers.0/self_attn/Unsqueeze_7_restore_precision_1,reorder,reorder_data,278,reorder_data_13786606319827428276_0_0__sa,reorder_data_13786606319827428276_0_0__sa,1,174,matched,aligned,true,true,true,exec_profile,gtpin_total_execution_cycles,79560,2486,cycles,32,79560,2486,0,0,,,0,0,0,"{""gtpin_avg_execution_cycles_per_invocation"":2486,""gtpin_invocation_count"":32,""gtpin_total_execution_cycles"":79560}",InvocationCount=32;TotalExecutionCycles=79560;AvgExecutionCyclesPerInvocation=2486
n1_i0,0,1,0,performance,false,layers.*/self_attn,/model/layers.1/self_attn/Add_1,RoPE,RoPE,rope:/model/layers.1/self_attn/Add_1,rope:/model/layers.1/self_attn/Add_1,rope,ocl::rope::opt_,321,rope_opt__6960924190377492479__sa,rope_opt__6960924190377492479__sa,1,199,matched,aligned,true,true,true,exec_profile,gtpin_total_execution_cycles,76458,9557,cycles,8,76458,9557,0,0,,,0,0,0,"{""gtpin_avg_execution_cycles_per_invocation"":9557,""gtpin_invocation_count"":8,""gtpin_total_execution_cycles"":76458}",InvocationCount=8;TotalExecutionCycles=76458;AvgExecutionCyclesPerInvocation=9557
n1_i0,0,1,0,performance,false,layers.*/self_attn,/model/layers.13/self_attn/Add_1,RoPE,RoPE,rope:/model/layers.13/self_attn/Add_1,rope:/model/layers.13/self_attn/Add_1,rope,ocl::rope::opt_,753,rope_opt__6960924190377492479__sa,rope_opt__6960924190377492479__sa,1,463,matched,aligned,true,true,true,exec_profile,gtpin_total_execution_cycles,75410,9426,cycles,8,75410,9426,0,0,,,0,0,0,"{""gtpin_avg_execution_cycles_per_invocation"":9426,""gtpin_invocation_count"":8,""gtpin_total_execution_cycles"":75410}",InvocationCount=8;TotalExecutionCycles=75410;AvgExecutionCyclesPerInvocation=9426
n1_i0,0,1,0,performance,false,layers.*/self_attn,/model/layers.0/self_attn/Unsqueeze_6_restore_precision_0,Convert,Convert,convert:/model/layers.0/self_attn/Unsqueeze_6_restore_precision_0,convert:/model/layers.0/self_attn/Unsqueeze_6_restore_precision_0,reorder,reorder_data,279,reorder_data_13786606319827428276_0_0__sa,reorder_data_13786606319827428276_0_0__sa,1,175,matched,aligned,true,true,true,exec_profile,gtpin_total_execution_cycles,75332,2354,cycles,32,75332,2354,0,0,,,0,0,0,"{""gtpin_avg_execution_cycles_per_invocation"":2354,""gtpin_invocation_count"":32,""gtpin_total_execution_cycles"":75332}",InvocationCount=32;TotalExecutionCycles=75332;AvgExecutionCyclesPerInvocation=2354
n1_i0,0,1,0,performance,false,layers.*/self_attn,/model/layers.21/self_attn/Add_1,RoPE,RoPE,rope:/model/layers.21/self_attn/Add_1,rope:/model/layers.21/self_attn/Add_1,rope,ocl::rope::opt_,1041,rope_opt__6960924190377492479__sa,rope_opt__6960924190377492479__sa,1,639,matched,aligned,true,true,true,exec_profile,gtpin_total_execution_cycles,69202,8650,cycles,8,69202,8650,0,0,,,0,0,0,"{""gtpin_avg_execution_cycles_per_invocation"":8650,""gtpin_invocation_count"":8,""gtpin_total_execution_cycles"":69202}",InvocationCount=8;TotalExecutionCycles=69202;AvgExecutionCyclesPerInvocation=8650
n1_i0,0,1,0,performance,false,layers.*/self_attn,/model/layers.9/self_attn/Add_1,RoPE,RoPE,rope:/model/layers.9/self_attn/Add_1,rope:/model/layers.9/self_attn/Add_1,rope,ocl::rope::opt_,609,rope_opt__6960924190377492479__sa,rope_opt__6960924190377492479__sa,1,375,matched,aligned,true,true,true,exec_profile,gtpin_total_execution_cycles,68974,8621,cycles,8,68974,8621,0,0,,,0,0,0,"{""gtpin_avg_execution_cycles_per_invocation"":8621,""gtpin_invocation_count"":8,""gtpin_total_execution_cycles"":68974}",InvocationCount=8;TotalExecutionCycles=68974;AvgExecutionCyclesPerInvocation=8621
n1_i0,0,1,0,performance,false,layers.*/self_attn,/model/layers.18/self_attn/Add_1,RoPE,RoPE,rope:/model/layers.18/self_attn/Add_1,rope:/model/layers.18/self_attn/Add_1,rope,ocl::rope::opt_,933,rope_opt__6960924190377492479__sa,rope_opt__6960924190377492479__sa,1,573,matched,aligned,true,true,true,exec_profile,gtpin_total_execution_cycles,68818,8602,cycles,8,68818,8602,0,0,,,0,0,0,"{""gtpin_avg_execution_cycles_per_invocation"":8602,""gtpin_invocation_count"":8,""gtpin_total_execution_cycles"":68818}",InvocationCount=8;TotalExecutionCycles=68818;AvgExecutionCyclesPerInvocation=8602
n1_i0,0,1,0,performance,false,layers.*/self_attn,/model/layers.5/self_attn/Add_1,RoPE,RoPE,rope:/model/layers.5/self_attn/Add_1,rope:/model/layers.5/self_attn/Add_1,rope,ocl::rope::opt_,465,rope_opt__6960924190377492479__sa,rope_opt__6960924190377492479__sa,1,287,matched,aligned,true,true,true,exec_profile,gtpin_total_execution_cycles,68174,8521,cycles,8,68174,8521,0,0,,,0,0,0,"{""gtpin_avg_execution_cycles_per_invocation"":8521,""gtpin_invocation_count"":8,""gtpin_total_execution_cycles"":68174}",InvocationCount=8;TotalExecutionCycles=68174;AvgExecutionCyclesPerInvocation=8521
n1_i0,0,1,0,performance,false,layers.*/self_attn,/model/layers.14/self_attn/Add_1,RoPE,RoPE,rope:/model/layers.14/self_attn/Add_1,rope:/model/layers.14/self_attn/Add_1,rope,ocl::rope::opt_,789,rope_opt__6960924190377492479__sa,rope_opt__6960924190377492479__sa,1,485,matched,aligned,true,true,true,exec_profile,gtpin_total_execution_cycles,68154,8519,cycles,8,68154,8519,0,0,,,0,0,0,"{""gtpin_avg_execution_cycles_per_invocation"":8519,""gtpin_invocation_count"":8,""gtpin_total_execution_cycles"":68154}",InvocationCount=8;TotalExecutionCycles=68154;AvgExecutionCyclesPerInvocation=8519
n1_i0,0,1,0,performance,false,layers.*/self_attn,/model/layers.3/self_attn/Add_1,RoPE,RoPE,rope:/model/layers.3/self_attn/Add_1,rope:/model/layers.3/self_attn/Add_1,rope,ocl::rope::opt_,393,rope_opt__6960924190377492479__sa,rope_opt__6960924190377492479__sa,1,243,matched,aligned,true,true,true,exec_profile,gtpin_total_execution_cycles,67670,8458,cycles,8,67670,8458,0,0,,,0,0,0,"{""gtpin_avg_execution_cycles_per_invocation"":8458,""gtpin_invocation_count"":8,""gtpin_total_execution_cycles"":67670}",InvocationCount=8;TotalExecutionCycles=67670;AvgExecutionCyclesPerInvocation=8458
n1_i0,0,1,0,performance,false,layers.*/self_attn,/model/layers.17/self_attn/Add_1,RoPE,RoPE,rope:/model/layers.17/self_attn/Add_1,rope:/model/layers.17/self_attn/Add_1,rope,ocl::rope::opt_,897,rope_opt__6960924190377492479__sa,rope_opt__6960924190377492479__sa,1,551,matched,aligned,true,true,true,exec_profile,gtpin_total_execution_cycles,67450,8431,cycles,8,67450,8431,0,0,,,0,0,0,"{""gtpin_avg_execution_cycles_per_invocation"":8431,""gtpin_invocation_count"":8,""gtpin_total_execution_cycles"":67450}",InvocationCount=8;TotalExecutionCycles=67450;AvgExecutionCyclesPerInvocation=8431
n1_i0,0,1,0,performance,false,layers.*/self_attn,/model/layers.15/self_attn/Add_1,RoPE,RoPE,rope:/model/layers.15/self_attn/Add_1,rope:/model/layers.15/self_attn/Add_1,rope,ocl::rope::opt_,825,rope_opt__6960924190377492479__sa,rope_opt__6960924190377492479__sa,1,507,matched,aligned,true,true,true,exec_profile,gtpin_total_execution_cycles,67202,8400,cycles,8,67202,8400,0,0,,,0,0,0,"{""gtpin_avg_execution_cycles_per_invocation"":8400,""gtpin_invocation_count"":8,""gtpin_total_execution_cycles"":67202}",InvocationCount=8;TotalExecutionCycles=67202;AvgExecutionCyclesPerInvocation=8400
n1_i0,0,1,0,performance,false,layers.*/self_attn,/model/layers.11/self_attn/Add_1,RoPE,RoPE,rope:/model/layers.11/self_attn/Add_1,rope:/model/layers.11/self_attn/Add_1,rope,ocl::rope::opt_,681,rope_opt__6960924190377492479__sa,rope_opt__6960924190377492479__sa,1,419,matched,aligned,true,true,true,exec_profile,gtpin_total_execution_cycles,66558,8319,cycles,8,66558,8319,0,0,,,0,0,0,"{""gtpin_avg_execution_cycles_per_invocation"":8319,""gtpin_invocation_count"":8,""gtpin_total_execution_cycles"":66558}",InvocationCount=8;TotalExecutionCycles=66558;AvgExecutionCyclesPerInvocation=8319
n1_i0,0,1,0,performance,false,rotary_emb,/model/rotary_emb/Concat_1,Concat,Concat,concat:/model/rotary_emb/Concat_1,concat:/model/rotary_emb/Concat_1,concatenation,concatenation_gpu_simple_ref,269,concatenation_gpu_simple_ref_11787737694364327443_1_0__sa,concatenation_gpu_simple_ref_11787737694364327443_1_0__sa,1,168,matched,aligned,true,true,true,exec_profile,gtpin_total_execution_cycles,65752,4109,cycles,16,65752,4109,0,0,,,0,0,0,"{""gtpin_avg_execution_cycles_per_invocation"":4109,""gtpin_invocation_count"":16,""gtpin_total_execution_cycles"":65752}",InvocationCount=16;TotalExecutionCycles=65752;AvgExecutionCyclesPerInvocation=4109
n1_i0,0,1,0,performance,false,layers.*/self_attn,/model/layers.19/self_attn/Add_1,RoPE,RoPE,rope:/model/layers.19/self_attn/Add_1,rope:/model/layers.19/self_attn/Add_1,rope,ocl::rope::opt_,969,rope_opt__6960924190377492479__sa,rope_opt__6960924190377492479__sa,1,595,matched,aligned,true,true,true,exec_profile,gtpin_total_execution_cycles,64800,8100,cycles,8,64800,8100,0,0,,,0,0,0,"{""gtpin_avg_execution_cycles_per_invocation"":8100,""gtpin_invocation_count"":8,""gtpin_total_execution_cycles"":64800}",InvocationCount=8;TotalExecutionCycles=64800;AvgExecutionCyclesPerInvocation=8100
n1_i0,0,1,0,performance,false,layers.*/self_attn,/model/layers.2/self_attn/Add_1,RoPE,RoPE,rope:/model/layers.2/self_attn/Add_1,rope:/model/layers.2/self_attn/Add_1,rope,ocl::rope::opt_,357,rope_opt__6960924190377492479__sa,rope_opt__6960924190377492479__sa,1,221,matched,aligned,true,true,true,exec_profile,gtpin_total_execution_cycles,64216,8027,cycles,8,64216,8027,0,0,,,0,0,0,"{""gtpin_avg_execution_cycles_per_invocation"":8027,""gtpin_invocation_count"":8,""gtpin_total_execution_cycles"":64216}",InvocationCount=8;TotalExecutionCycles=64216;AvgExecutionCyclesPerInvocation=8027
n1_i0,0,1,0,performance,false,layers.*/self_attn,/model/layers.16/self_attn/Add_1,RoPE,RoPE,rope:/model/layers.16/self_attn/Add_1,rope:/model/layers.16/self_attn/Add_1,rope,ocl::rope::opt_,861,rope_opt__6960924190377492479__sa,rope_opt__6960924190377492479__sa,1,529,matched,aligned,true,true,true,exec_profile,gtpin_total_execution_cycles,62584,7823,cycles,8,62584,7823,0,0,,,0,0,0,"{""gtpin_avg_execution_cycles_per_invocation"":7823,""gtpin_invocation_count"":8,""gtpin_total_execution_cycles"":62584}",InvocationCount=8;TotalExecutionCycles=62584;AvgExecutionCyclesPerInvocation=7823
n1_i0,0,1,0,performance,false,layers.*/self_attn,/model/layers.7/self_attn/Add_1,RoPE,RoPE,rope:/model/layers.7/self_attn/Add_1,rope:/model/layers.7/self_attn/Add_1,rope,ocl::rope::opt_,537,rope_opt__6960924190377492479__sa,rope_opt__6960924190377492479__sa,1,331,matched,aligned,true,true,true,exec_profile,gtpin_total_execution_cycles,62536,7817,cycles,8,62536,7817,0,0,,,0,0,0,"{""gtpin_avg_execution_cycles_per_invocation"":7817,""gtpin_invocation_count"":8,""gtpin_total_execution_cycles"":62536}",InvocationCount=8;TotalExecutionCycles=62536;AvgExecutionCyclesPerInvocation=7817
n1_i0,0,1,0,performance,false,layers.*/self_attn,/model/layers.12/self_attn/Add_1,RoPE,RoPE,rope:/model/layers.12/self_attn/Add_1,rope:/model/layers.12/self_attn/Add_1,rope,ocl::rope::opt_,717,rope_opt__6960924190377492479__sa,rope_opt__6960924190377492479__sa,1,441,matched,aligned,true,true,true,exec_profile,gtpin_total_execution_cycles,62050,7756,cycles,8,62050,7756,0,0,,,0,0,0,"{""gtpin_avg_execution_cycles_per_invocation"":7756,""gtpin_invocation_count"":8,""gtpin_total_execution_cycles"":62050}",InvocationCount=8;TotalExecutionCycles=62050;AvgExecutionCyclesPerInvocation=7756
n1_i0,0,1,0,performance,false,layers.*/self_attn,/model/layers.20/self_attn/Add_1,RoPE,RoPE,rope:/model/layers.20/self_attn/Add_1,rope:/model/layers.20/self_attn/Add_1,rope,ocl::rope::opt_,1005,rope_opt__6960924190377492479__sa,rope_opt__6960924190377492479__sa,1,617,matched,aligned,true,true,true,exec_profile,gtpin_total_execution_cycles,61578,7697,cycles,8,61578,7697,0,0,,,0,0,0,"{""gtpin_avg_execution_cycles_per_invocation"":7697,""gtpin_invocation_count"":8,""gtpin_total_execution_cycles"":61578}",InvocationCount=8;TotalExecutionCycles=61578;AvgExecutionCyclesPerInvocation=7697
n1_i0,0,1,0,performance,false,layers.*/self_attn,/model/layers.6/self_attn/Add_1,RoPE,RoPE,rope:/model/layers.6/self_attn/Add_1,rope:/model/layers.6/self_attn/Add_1,rope,ocl::rope::opt_,501,rope_opt__6960924190377492479__sa,rope_opt__6960924190377492479__sa,1,309,matched,aligned,true,true,true,exec_profile,gtpin_total_execution_cycles,61234,7654,cycles,8,61234,7654,0,0,,,0,0,0,"{""gtpin_avg_execution_cycles_per_invocation"":7654,""gtpin_invocation_count"":8,""gtpin_total_execution_cycles"":61234}",InvocationCount=8;TotalExecutionCycles=61234;AvgExecutionCyclesPerInvocation=7654
n1_i0,0,1,0,performance,false,layers.*/self_attn,/model/layers.10/self_attn/Add_1,RoPE,RoPE,rope:/model/layers.10/self_attn/Add_1,rope:/model/layers.10/self_attn/Add_1,rope,ocl::rope::opt_,645,rope_opt__6960924190377492479__sa,rope_opt__6960924190377492479__sa,1,397,matched,aligned,true,true,true,exec_profile,gtpin_total_execution_cycles,60174,7521,cycles,8,60174,7521,0,0,,,0,0,0,"{""gtpin_avg_execution_cycles_per_invocation"":7521,""gtpin_invocation_count"":8,""gtpin_total_execution_cycles"":60174}",InvocationCount=8;TotalExecutionCycles=60174;AvgExecutionCyclesPerInvocation=7521
n1_i0,0,1,0,performance,false,layers.*/self_attn,/model/layers.4/self_attn/Add_1,RoPE,RoPE,rope:/model/layers.4/self_attn/Add_1,rope:/model/layers.4/self_attn/Add_1,rope,ocl::rope::opt_,429,rope_opt__6960924190377492479__sa,rope_opt__6960924190377492479__sa,1,265,matched,aligned,true,true,true,exec_profile,gtpin_total_execution_cycles,59170,7396,cycles,8,59170,7396,0,0,,,0,0,0,"{""gtpin_avg_execution_cycles_per_invocation"":7396,""gtpin_invocation_count"":8,""gtpin_total_execution_cycles"":59170}",InvocationCount=8;TotalExecutionCycles=59170;AvgExecutionCyclesPerInvocation=7396
n1_i0,0,1,0,performance,false,layers.*/self_attn,/model/layers.8/self_attn/Where_2,Select,Select,select:/model/layers.8/self_attn/Where_2,select:/model/layers.8/self_attn/Where_2,select,select_gpu_ref,586,select_gpu_ref_7464502897564813179_0_0__sa,select_gpu_ref_7464502897564813179_0_0__sa,1,357,matched,aligned,true,true,true,exec_profile,gtpin_total_execution_cycles,57072,7134,cycles,8,57072,7134,0,0,,,0,0,0,"{""gtpin_avg_execution_cycles_per_invocation"":7134,""gtpin_invocation_count"":8,""gtpin_total_execution_cycles"":57072}",InvocationCount=8;TotalExecutionCycles=57072;AvgExecutionCyclesPerInvocation=7134
n1_i0,0,1,0,performance,false,(root),/model/And_1,LogicalAnd,LogicalAnd,logicaland:/model/And_1,logicaland:/model/And_1,eltwise,generic_eltwise_ref,287,generic_eltwise_ref_9810887907610228330_0_0__sa,generic_eltwise_ref_9810887907610228330_0_0__sa,1,178,matched,aligned,true,true,true,exec_profile,gtpin_total_execution_cycles,52272,6534,cycles,8,52272,6534,0,0,,,0,0,0,"{""gtpin_avg_execution_cycles_per_invocation"":6534,""gtpin_invocation_count"":8,""gtpin_total_execution_cycles"":52272}",InvocationCount=8;TotalExecutionCycles=52272;AvgExecutionCyclesPerInvocation=6534
n1_i0,0,1,0,performance,false,layers.*/self_attn,/model/layers.11/self_attn/Where_2,Select,Select,select:/model/layers.11/self_attn/Where_2,select:/model/layers.11/self_attn/Where_2,select,select_gpu_ref,694,select_gpu_ref_7464502897564813179_0_0__sa,select_gpu_ref_7464502897564813179_0_0__sa,1,423,matched,aligned,true,true,true,exec_profile,gtpin_total_execution_cycles,47904,5988,cycles,8,47904,5988,0,0,,,0,0,0,"{""gtpin_avg_execution_cycles_per_invocation"":5988,""gtpin_invocation_count"":8,""gtpin_total_execution_cycles"":47904}",InvocationCount=8;TotalExecutionCycles=47904;AvgExecutionCyclesPerInvocation=5988
n1_i0,0,1,0,performance,false,layers.*/self_attn,/model/layers.13/self_attn/Where_2,Select,Select,select:/model/layers.13/self_attn/Where_2,select:/model/layers.13/self_attn/Where_2,select,select_gpu_ref,766,select_gpu_ref_7464502897564813179_0_0__sa,select_gpu_ref_7464502897564813179_0_0__sa,1,467,matched,aligned,true,true,true,exec_profile,gtpin_total_execution_cycles,46980,5872,cycles,8,46980,5872,0,0,,,0,0,0,"{""gtpin_avg_execution_cycles_per_invocation"":5872,""gtpin_invocation_count"":8,""gtpin_total_execution_cycles"":46980}",InvocationCount=8;TotalExecutionCycles=46980;AvgExecutionCyclesPerInvocation=5872
n1_i0,0,1,0,performance,false,layers.*/self_attn,/model/layers.15/self_attn/Where_2,Select,Select,select:/model/layers.15/self_attn/Where_2,select:/model/layers.15/self_attn/Where_2,select,select_gpu_ref,838,select_gpu_ref_7464502897564813179_0_0__sa,select_gpu_ref_7464502897564813179_0_0__sa,1,511,matched,aligned,true,true,true,exec_profile,gtpin_total_execution_cycles,45268,5658,cycles,8,45268,5658,0,0,,,0,0,0,"{""gtpin_avg_execution_cycles_per_invocation"":5658,""gtpin_invocation_count"":8,""gtpin_total_execution_cycles"":45268}",InvocationCount=8;TotalExecutionCycles=45268;AvgExecutionCyclesPerInvocation=5658
n1_i0,0,1,0,performance,false,(root),/model/And,LogicalAnd,LogicalAnd,logicaland:/model/And,logicaland:/model/And,eltwise,generic_eltwise_ref,270,generic_eltwise_ref_12613916656436061640_0_0__sa,generic_eltwise_ref_12613916656436061640_0_0__sa,1,169,matched,aligned,true,true,true,exec_profile,gtpin_total_execution_cycles,44904,5613,cycles,8,44904,5613,0,0,,,0,0,0,"{""gtpin_avg_execution_cycles_per_invocation"":5613,""gtpin_invocation_count"":8,""gtpin_total_execution_cycles"":44904}",InvocationCount=8;TotalExecutionCycles=44904;AvgExecutionCyclesPerInvocation=5613
n1_i0,0,1,0,performance,false,layers.*/self_attn,/model/layers.12/self_attn/Where_2,Select,Select,select:/model/layers.12/self_attn/Where_2,select:/model/layers.12/self_attn/Where_2,select,select_gpu_ref,730,select_gpu_ref_7464502897564813179_0_0__sa,select_gpu_ref_7464502897564813179_0_0__sa,1,445,matched,aligned,true,true,true,exec_profile,gtpin_total_execution_cycles,44724,5590,cycles,8,44724,5590,0,0,,,0,0,0,"{""gtpin_avg_execution_cycles_per_invocation"":5590,""gtpin_invocation_count"":8,""gtpin_total_execution_cycles"":44724}",InvocationCount=8;TotalExecutionCycles=44724;AvgExecutionCyclesPerInvocation=5590
n1_i0,0,1,0,performance,false,layers.*/self_attn,/model/layers.4/self_attn/Where_2,Select,Select,select:/model/layers.4/self_attn/Where_2,select:/model/layers.4/self_attn/Where_2,select,select_gpu_ref,442,select_gpu_ref_7464502897564813179_0_0__sa,select_gpu_ref_7464502897564813179_0_0__sa,1,269,matched,aligned,true,true,true,exec_profile,gtpin_total_execution_cycles,42990,5373,cycles,8,42990,5373,0,0,,,0,0,0,"{""gtpin_avg_execution_cycles_per_invocation"":5373,""gtpin_invocation_count"":8,""gtpin_total_execution_cycles"":42990}",InvocationCount=8;TotalExecutionCycles=42990;AvgExecutionCyclesPerInvocation=5373
n1_i0,0,1,0,performance,false,(root),/model/LessOrEqual,LessEqual,LessEqual,lessequal:/model/LessOrEqual,lessequal:/model/LessOrEqual,eltwise,generic_eltwise_ref,265,generic_eltwise_ref_12991517841348968924_0_0__sa,generic_eltwise_ref_12991517841348968924_0_0__sa,1,166,matched,aligned,true,true,true,exec_profile,gtpin_total_execution_cycles,42976,5372,cycles,8,42976,5372,0,0,,,0,0,0,"{""gtpin_avg_execution_cycles_per_invocation"":5372,""gtpin_invocation_count"":8,""gtpin_total_execution_cycles"":42976}",InvocationCount=8;TotalExecutionCycles=42976;AvgExecutionCyclesPerInvocation=5372
n1_i0,0,1,0,performance,false,layers.*/self_attn,/model/layers.18/self_attn/Where_2,Select,Select,select:/model/layers.18/self_attn/Where_2,select:/model/layers.18/self_attn/Where_2,select,select_gpu_ref,946,select_gpu_ref_7464502897564813179_0_0__sa,select_gpu_ref_7464502897564813179_0_0__sa,1,577,matched,aligned,true,true,true,exec_profile,gtpin_total_execution_cycles,41504,5188,cycles,8,41504,5188,0,0,,,0,0,0,"{""gtpin_avg_execution_cycles_per_invocation"":5188,""gtpin_invocation_count"":8,""gtpin_total_execution_cycles"":41504}",InvocationCount=8;TotalExecutionCycles=41504;AvgExecutionCyclesPerInvocation=5188
n1_i0,0,1,0,performance,false,layers.*/self_attn,/model/layers.21/self_attn/Where_2,Select,Select,select:/model/layers.21/self_attn/Where_2,select:/model/layers.21/self_attn/Where_2,select,select_gpu_ref,1054,select_gpu_ref_7464502897564813179_0_0__sa,select_gpu_ref_7464502897564813179_0_0__sa,1,643,matched,aligned,true,true,true,exec_profile,gtpin_total_execution_cycles,40824,5103,cycles,8,40824,5103,0,0,,,0,0,0,"{""gtpin_avg_execution_cycles_per_invocation"":5103,""gtpin_invocation_count"":8,""gtpin_total_execution_cycles"":40824}",InvocationCount=8;TotalExecutionCycles=40824;AvgExecutionCyclesPerInvocation=5103
n1_i0,0,1,0,performance,false,layers.*/self_attn,/model/layers.17/self_attn/Where_2,Select,Select,select:/model/layers.17/self_attn/Where_2,select:/model/layers.17/self_attn/Where_2,select,select_gpu_ref,910,select_gpu_ref_7464502897564813179_0_0__sa,select_gpu_ref_7464502897564813179_0_0__sa,1,555,matched,aligned,true,true,true,exec_profile,gtpin_total_execution_cycles,40208,5026,cycles,8,40208,5026,0,0,,,0,0,0,"{""gtpin_avg_execution_cycles_per_invocation"":5026,""gtpin_invocation_count"":8,""gtpin_total_execution_cycles"":40208}",InvocationCount=8;TotalExecutionCycles=40208;AvgExecutionCyclesPerInvocation=5026
n1_i0,0,1,0,performance,false,rotary_emb,/model/rotary_emb/Transpose,Gemm,Gemm,gemm:/model/rotary_emb/Transpose,gemm:/model/rotary_emb/Transpose,gemm,gemm_tiled_opt,264,gemm_tiled_opt_6356298044914993963_3_0__sa,gemm_tiled_opt_6356298044914993963_3_0__sa,1,165,matched,aligned,true,true,true,exec_profile,gtpin_total_execution_cycles,40096,20048,cycles,2,40096,20048,0,0,,,0,0,0,"{""gtpin_avg_execution_cycles_per_invocation"":20048,""gtpin_invocation_count"":2,""gtpin_total_execution_cycles"":40096}",InvocationCount=2;TotalExecutionCycles=40096;AvgExecutionCyclesPerInvocation=20048
n1_i0,0,1,0,performance,false,layers.*/self_attn,/model/layers.19/self_attn/Where_2,Select,Select,select:/model/layers.19/self_attn/Where_2,select:/model/layers.19/self_attn/Where_2,select,select_gpu_ref,982,select_gpu_ref_7464502897564813179_0_0__sa,select_gpu_ref_7464502897564813179_0_0__sa,1,599,matched,aligned,true,true,true,exec_profile,gtpin_total_execution_cycles,39722,4965,cycles,8,39722,4965,0,0,,,0,0,0,"{""gtpin_avg_execution_cycles_per_invocation"":4965,""gtpin_invocation_count"":8,""gtpin_total_execution_cycles"":39722}",InvocationCount=8;TotalExecutionCycles=39722;AvgExecutionCyclesPerInvocation=4965
n1_i0,0,1,0,performance,false,layers.*/self_attn,/model/layers.5/self_attn/Where_2,Select,Select,select:/model/layers.5/self_attn/Where_2,select:/model/layers.5/self_attn/Where_2,select,select_gpu_ref,478,select_gpu_ref_7464502897564813179_0_0__sa,select_gpu_ref_7464502897564813179_0_0__sa,1,291,matched,aligned,true,true,true,exec_profile,gtpin_total_execution_cycles,39632,4954,cycles,8,39632,4954,0,0,,,0,0,0,"{""gtpin_avg_execution_cycles_per_invocation"":4954,""gtpin_invocation_count"":8,""gtpin_total_execution_cycles"":39632}",InvocationCount=8;TotalExecutionCycles=39632;AvgExecutionCyclesPerInvocation=4954
n1_i0,0,1,0,performance,false,layers.*/self_attn,/model/layers.16/self_attn/Where_2,Select,Select,select:/model/layers.16/self_attn/Where_2,select:/model/layers.16/self_attn/Where_2,select,select_gpu_ref,874,select_gpu_ref_7464502897564813179_0_0__sa,select_gpu_ref_7464502897564813179_0_0__sa,1,533,matched,aligned,true,true,true,exec_profile,gtpin_total_execution_cycles,38938,4867,cycles,8,38938,4867,0,0,,,0,0,0,"{""gtpin_avg_execution_cycles_per_invocation"":4867,""gtpin_invocation_count"":8,""gtpin_total_execution_cycles"":38938}",InvocationCount=8;TotalExecutionCycles=38938;AvgExecutionCyclesPerInvocation=4867
n1_i0,0,1,0,performance,false,layers.*/self_attn,/model/layers.7/self_attn/Where_2,Select,Select,select:/model/layers.7/self_attn/Where_2,select:/model/layers.7/self_attn/Where_2,select,select_gpu_ref,550,select_gpu_ref_7464502897564813179_0_0__sa,select_gpu_ref_7464502897564813179_0_0__sa,1,335,matched,aligned,true,true,true,exec_profile,gtpin_total_execution_cycles,38712,4839,cycles,8,38712,4839,0,0,,,0,0,0,"{""gtpin_avg_execution_cycles_per_invocation"":4839,""gtpin_invocation_count"":8,""gtpin_total_execution_cycles"":38712}",InvocationCount=8;TotalExecutionCycles=38712;AvgExecutionCyclesPerInvocation=4839
n1_i0,0,1,0,performance,false,layers.*/self_attn,/model/layers.10/self_attn/Where_2,Select,Select,select:/model/layers.10/self_attn/Where_2,select:/model/layers.10/self_attn/Where_2,select,select_gpu_ref,658,select_gpu_ref_7464502897564813179_0_0__sa,select_gpu_ref_7464502897564813179_0_0__sa,1,401,matched,aligned,true,true,true,exec_profile,gtpin_total_execution_cycles,38440,4805,cycles,8,38440,4805,0,0,,,0,0,0,"{""gtpin_avg_execution_cycles_per_invocation"":4805,""gtpin_invocation_count"":8,""gtpin_total_execution_cycles"":38440}",InvocationCount=8;TotalExecutionCycles=38440;AvgExecutionCyclesPerInvocation=4805
n1_i0,0,1,0,performance,false,layers.*/self_attn,/model/layers.3/self_attn/Where_2,Select,Select,select:/model/layers.3/self_attn/Where_2,select:/model/layers.3/self_attn/Where_2,select,select_gpu_ref,406,select_gpu_ref_7464502897564813179_0_0__sa,select_gpu_ref_7464502897564813179_0_0__sa,1,247,matched,aligned,true,true,true,exec_profile,gtpin_total_execution_cycles,37986,4748,cycles,8,37986,4748,0,0,,,0,0,0,"{""gtpin_avg_execution_cycles_per_invocation"":4748,""gtpin_invocation_count"":8,""gtpin_total_execution_cycles"":37986}",InvocationCount=8;TotalExecutionCycles=37986;AvgExecutionCyclesPerInvocation=4748
n1_i0,0,1,0,performance,false,layers.*/self_attn,/model/layers.20/self_attn/Where_2,Select,Select,select:/model/layers.20/self_attn/Where_2,select:/model/layers.20/self_attn/Where_2,select,select_gpu_ref,1018,select_gpu_ref_7464502897564813179_0_0__sa,select_gpu_ref_7464502897564813179_0_0__sa,1,621,matched,aligned,true,true,true,exec_profile,gtpin_total_execution_cycles,37864,4733,cycles,8,37864,4733,0,0,,,0,0,0,"{""gtpin_avg_execution_cycles_per_invocation"":4733,""gtpin_invocation_count"":8,""gtpin_total_execution_cycles"":37864}",InvocationCount=8;TotalExecutionCycles=37864;AvgExecutionCyclesPerInvocation=4733
n1_i0,0,1,0,performance,false,layers.*/self_attn,/model/layers.1/self_attn/Where_2,Select,Select,select:/model/layers.1/self_attn/Where_2,select:/model/layers.1/self_attn/Where_2,select,select_gpu_ref,334,select_gpu_ref_7464502897564813179_0_0__sa,select_gpu_ref_7464502897564813179_0_0__sa,1,203,matched,aligned,true,true,true,exec_profile,gtpin_total_execution_cycles,36840,4605,cycles,8,36840,4605,0,0,,,0,0,0,"{""gtpin_avg_execution_cycles_per_invocation"":4605,""gtpin_invocation_count"":8,""gtpin_total_execution_cycles"":36840}",InvocationCount=8;TotalExecutionCycles=36840;AvgExecutionCyclesPerInvocation=4605
n1_i0,0,1,0,performance,false,layers.*/self_attn,/model/layers.9/self_attn/Where_2,Select,Select,select:/model/layers.9/self_attn/Where_2,select:/model/layers.9/self_attn/Where_2,select,select_gpu_ref,622,select_gpu_ref_7464502897564813179_0_0__sa,select_gpu_ref_7464502897564813179_0_0__sa,1,379,matched,aligned,true,true,true,exec_profile,gtpin_total_execution_cycles,36664,4583,cycles,8,36664,4583,0,0,,,0,0,0,"{""gtpin_avg_execution_cycles_per_invocation"":4583,""gtpin_invocation_count"":8,""gtpin_total_execution_cycles"":36664}",InvocationCount=8;TotalExecutionCycles=36664;AvgExecutionCyclesPerInvocation=4583
n1_i0,0,1,0,performance,false,layers.*/self_attn,/model/layers.14/self_attn/Where_2,Select,Select,select:/model/layers.14/self_attn/Where_2,select:/model/layers.14/self_attn/Where_2,select,select_gpu_ref,802,select_gpu_ref_7464502897564813179_0_0__sa,select_gpu_ref_7464502897564813179_0_0__sa,1,489,matched,aligned,true,true,true,exec_profile,gtpin_total_execution_cycles,36642,4580,cycles,8,36642,4580,0,0,,,0,0,0,"{""gtpin_avg_execution_cycles_per_invocation"":4580,""gtpin_invocation_count"":8,""gtpin_total_execution_cycles"":36642}",InvocationCount=8;TotalExecutionCycles=36642;AvgExecutionCyclesPerInvocation=4580
n1_i0,0,1,0,performance,false,layers.*/self_attn,/model/layers.6/self_attn/Where_2,Select,Select,select:/model/layers.6/self_attn/Where_2,select:/model/layers.6/self_attn/Where_2,select,select_gpu_ref,514,select_gpu_ref_7464502897564813179_0_0__sa,select_gpu_ref_7464502897564813179_0_0__sa,1,313,matched,aligned,true,true,true,exec_profile,gtpin_total_execution_cycles,35872,4484,cycles,8,35872,4484,0,0,,,0,0,0,"{""gtpin_avg_execution_cycles_per_invocation"":4484,""gtpin_invocation_count"":8,""gtpin_total_execution_cycles"":35872}",InvocationCount=8;TotalExecutionCycles=35872;AvgExecutionCyclesPerInvocation=4484
n1_i0,0,1,0,performance,false,layers.*/self_attn,/model/layers.2/self_attn/Where_2,Select,Select,select:/model/layers.2/self_attn/Where_2,select:/model/layers.2/self_attn/Where_2,select,select_gpu_ref,370,select_gpu_ref_7464502897564813179_0_0__sa,select_gpu_ref_7464502897564813179_0_0__sa,1,225,matched,aligned,true,true,true,exec_profile,gtpin_total_execution_cycles,32920,4115,cycles,8,32920,4115,0,0,,,0,0,0,"{""gtpin_avg_execution_cycles_per_invocation"":4115,""gtpin_invocation_count"":8,""gtpin_total_execution_cycles"":32920}",InvocationCount=8;TotalExecutionCycles=32920;AvgExecutionCyclesPerInvocation=4115
n1_i0,0,1,0,performance,false,layers.*/self_attn,/model/layers.0/self_attn/Where_2,Select,Select,select:/model/layers.0/self_attn/Where_2,select:/model/layers.0/self_attn/Where_2,select,select_gpu_ref,299,select_gpu_ref_7464502897564813179_0_0__sa,select_gpu_ref_7464502897564813179_0_0__sa,1,181,matched,aligned,true,true,true,exec_profile,gtpin_total_execution_cycles,32576,4072,cycles,8,32576,4072,0,0,,,0,0,0,"{""gtpin_avg_execution_cycles_per_invocation"":4072,""gtpin_invocation_count"":8,""gtpin_total_execution_cycles"":32576}",InvocationCount=8;TotalExecutionCycles=32576;AvgExecutionCyclesPerInvocation=4072
n1_i0,0,1,0,performance,false,(root),/model/Gather_4,Gather,Gather,gather:/model/Gather_4,gather:/model/Gather_4,gather,gather_ref,276,gather_ref_3335901000044472670_0_0__sa,gather_ref_3335901000044472670_0_0__sa,1,172,matched,aligned,true,true,true,exec_profile,gtpin_total_execution_cycles,9279,9279,cycles,1,9279,9279,0,0,,,0,0,0,"{""gtpin_avg_execution_cycles_per_invocation"":9279,""gtpin_invocation_count"":1,""gtpin_total_execution_cycles"":9279}",InvocationCount=1;TotalExecutionCycles=9279;AvgExecutionCyclesPerInvocation=9279
n1_i0,0,1,0,performance,false,(root),Convert_90811,Convert,Convert,convert:Convert_90811,convert:Convert_90811,reorder,reorder_data,225,reorder_data_261663883965124315_0_0__sa,reorder_data_261663883965124315_0_0__sa,1,156,matched,aligned,true,true,true,exec_profile,gtpin_total_execution_cycles,7158,7158,cycles,1,7158,7158,0,0,,,0,0,0,"{""gtpin_avg_execution_cycles_per_invocation"":7158,""gtpin_invocation_count"":1,""gtpin_total_execution_cycles"":7158}",InvocationCount=1;TotalExecutionCycles=7158;AvgExecutionCyclesPerInvocation=7158
n1_i0,0,1,0,performance,false,(root),Convert_90813,Convert,Convert,convert:Convert_90813,convert:Convert_90813,reorder,reorder_data,224,reorder_data_261663883965124315_0_0__sa,reorder_data_261663883965124315_0_0__sa,1,155,matched,aligned,true,true,true,exec_profile,gtpin_total_execution_cycles,6921,6921,cycles,1,6921,6921,0,0,,,0,0,0,"{""gtpin_avg_execution_cycles_per_invocation"":6921,""gtpin_invocation_count"":1,""gtpin_total_execution_cycles"":6921}",InvocationCount=1;TotalExecutionCycles=6921;AvgExecutionCyclesPerInvocation=6921
n1_i0,0,1,0,performance,false,(root),Convert_90873,Convert,Convert,convert:Convert_90873,convert:Convert_90873,reorder,reorder_data,226,reorder_data_14358938580392777097_0_0__sa,reorder_data_14358938580392777097_0_0__sa,1,157,matched,aligned,true,true,true,exec_profile,gtpin_total_execution_cycles,5870,5870,cycles,1,5870,5870,0,0,,,0,0,0,"{""gtpin_avg_execution_cycles_per_invocation"":5870,""gtpin_invocation_count"":1,""gtpin_total_execution_cycles"":5870}",InvocationCount=1;TotalExecutionCycles=5870;AvgExecutionCyclesPerInvocation=5870
n1_i0,0,1,0,performance,false,rotary_emb,/model/rotary_emb/MatMul_increase_precision_1,Convert,Convert,convert:/model/rotary_emb/MatMul_increase_precision_1,convert:/model/rotary_emb/MatMul_increase_precision_1,reorder,reorder_data,231,reorder_data_16347555807681174383_0_0__sa,reorder_data_16347555807681174383_0_0__sa,1,159,matched,aligned,true,true,true,exec_profile,gtpin_total_execution_cycles,3697,3697,cycles,1,3697,3697,0,0,,,0,0,0,"{""gtpin_avg_execution_cycles_per_invocation"":3697,""gtpin_invocation_count"":1,""gtpin_total_execution_cycles"":3697}",InvocationCount=1;TotalExecutionCycles=3697;AvgExecutionCyclesPerInvocation=3697
