execution_unit_key,logical_execution_index,net_id,iteration,node_id,parent_node_id,node_type,display_name,component_path,origin_op_name,resolved_op_type_name,primitive_id,primitive_type,implementation,kernel_entry,tool_kind,primary_metric_name,primary_metric_total,primary_metric_unit,dispatch_count,gtpin_invocation_count,gtpin_total_execution_cycles
n1_i3,3,1,3,n1_i3::component_group::(root),,component_group,(root),(root),,,,,,,performance,gtpin_total_execution_cycles,2167247417,cycles,9,1284,2167247417
n1_i3,3,1,3,n1_i3::component_group::embed_tokens,,component_group,embed_tokens,embed_tokens,,,,,,,performance,gtpin_total_execution_cycles,5827342,cycles,1,1024,5827342
n1_i3,3,1,3,n1_i3::component_group::layers.*/input_layernorm,,component_group,layers.*/input_layernorm,layers.*/input_layernorm,,,,,,,performance,gtpin_total_execution_cycles,38883692,cycles,22,5632,38883692
n1_i3,3,1,3,n1_i3::component_group::layers.*/mlp,,component_group,layers.*/mlp,layers.*/mlp,,,,,,,performance,gtpin_total_execution_cycles,6798751948,cycles,66,9152,6798751948
n1_i3,3,1,3,n1_i3::component_group::layers.*/post_attention_layernorm,,component_group,layers.*/post_attention_layernorm,layers.*/post_attention_layernorm,,,,,,,performance,gtpin_total_execution_cycles,43117056,cycles,22,5632,43117056
n1_i3,3,1,3,n1_i3::component_group::layers.*/self_attn,,component_group,layers.*/self_attn,layers.*/self_attn,,,,,,,performance,gtpin_total_execution_cycles,2267042430,cycles,376,122560,2267042430
n1_i3,3,1,3,n1_i3::component_group::rotary_emb,,component_group,rotary_emb,rotary_emb,,,,,,,performance,gtpin_total_execution_cycles,535276,cycles,6,99,535276
n1_i3,3,1,3,n1_i3::kernel::broadcast:/model/layers.0/self_attn/Expand::broadcast_gpu_ref_6456514822857321615_0_0__sa,n1_i3::primitive::broadcast:/model/layers.0/self_attn/Expand,kernel,broadcast_gpu_ref_6456514822857321615_0_0__sa,layers.*/self_attn,/model/layers.0/self_attn/Expand,Broadcast,broadcast:/model/layers.0/self_attn/Expand,broadcast,broadcast_gpu_ref,broadcast_gpu_ref_6456514822857321615_0_0__sa,performance,gtpin_total_execution_cycles,3498728,cycles,1,1024,3498728
n1_i3,3,1,3,n1_i3::kernel::broadcast:/model/layers.0/self_attn/Expand_1::broadcast_gpu_ref_6456514822857321615_0_0__sa,n1_i3::primitive::broadcast:/model/layers.0/self_attn/Expand_1,kernel,broadcast_gpu_ref_6456514822857321615_0_0__sa,layers.*/self_attn,/model/layers.0/self_attn/Expand_1,Broadcast,broadcast:/model/layers.0/self_attn/Expand_1,broadcast,broadcast_gpu_ref,broadcast_gpu_ref_6456514822857321615_0_0__sa,performance,gtpin_total_execution_cycles,3845644,cycles,1,1024,3845644
n1_i3,3,1,3,n1_i3::kernel::broadcast:/model/layers.1/self_attn/Expand::broadcast_gpu_ref_6456514822857321615_0_0__sa,n1_i3::primitive::broadcast:/model/layers.1/self_attn/Expand,kernel,broadcast_gpu_ref_6456514822857321615_0_0__sa,layers.*/self_attn,/model/layers.1/self_attn/Expand,Broadcast,broadcast:/model/layers.1/self_attn/Expand,broadcast,broadcast_gpu_ref,broadcast_gpu_ref_6456514822857321615_0_0__sa,performance,gtpin_total_execution_cycles,5727284,cycles,1,1024,5727284
n1_i3,3,1,3,n1_i3::kernel::broadcast:/model/layers.1/self_attn/Expand_1::broadcast_gpu_ref_6456514822857321615_0_0__sa,n1_i3::primitive::broadcast:/model/layers.1/self_attn/Expand_1,kernel,broadcast_gpu_ref_6456514822857321615_0_0__sa,layers.*/self_attn,/model/layers.1/self_attn/Expand_1,Broadcast,broadcast:/model/layers.1/self_attn/Expand_1,broadcast,broadcast_gpu_ref,broadcast_gpu_ref_6456514822857321615_0_0__sa,performance,gtpin_total_execution_cycles,4100888,cycles,1,1024,4100888
n1_i3,3,1,3,n1_i3::kernel::broadcast:/model/layers.10/self_attn/Expand::broadcast_gpu_ref_6456514822857321615_0_0__sa,n1_i3::primitive::broadcast:/model/layers.10/self_attn/Expand,kernel,broadcast_gpu_ref_6456514822857321615_0_0__sa,layers.*/self_attn,/model/layers.10/self_attn/Expand,Broadcast,broadcast:/model/layers.10/self_attn/Expand,broadcast,broadcast_gpu_ref,broadcast_gpu_ref_6456514822857321615_0_0__sa,performance,gtpin_total_execution_cycles,5468384,cycles,1,1024,5468384
n1_i3,3,1,3,n1_i3::kernel::broadcast:/model/layers.10/self_attn/Expand_1::broadcast_gpu_ref_6456514822857321615_0_0__sa,n1_i3::primitive::broadcast:/model/layers.10/self_attn/Expand_1,kernel,broadcast_gpu_ref_6456514822857321615_0_0__sa,layers.*/self_attn,/model/layers.10/self_attn/Expand_1,Broadcast,broadcast:/model/layers.10/self_attn/Expand_1,broadcast,broadcast_gpu_ref,broadcast_gpu_ref_6456514822857321615_0_0__sa,performance,gtpin_total_execution_cycles,4110294,cycles,1,1024,4110294
n1_i3,3,1,3,n1_i3::kernel::broadcast:/model/layers.11/self_attn/Expand::broadcast_gpu_ref_6456514822857321615_0_0__sa,n1_i3::primitive::broadcast:/model/layers.11/self_attn/Expand,kernel,broadcast_gpu_ref_6456514822857321615_0_0__sa,layers.*/self_attn,/model/layers.11/self_attn/Expand,Broadcast,broadcast:/model/layers.11/self_attn/Expand,broadcast,broadcast_gpu_ref,broadcast_gpu_ref_6456514822857321615_0_0__sa,performance,gtpin_total_execution_cycles,3310706,cycles,1,1024,3310706
n1_i3,3,1,3,n1_i3::kernel::broadcast:/model/layers.11/self_attn/Expand_1::broadcast_gpu_ref_6456514822857321615_0_0__sa,n1_i3::primitive::broadcast:/model/layers.11/self_attn/Expand_1,kernel,broadcast_gpu_ref_6456514822857321615_0_0__sa,layers.*/self_attn,/model/layers.11/self_attn/Expand_1,Broadcast,broadcast:/model/layers.11/self_attn/Expand_1,broadcast,broadcast_gpu_ref,broadcast_gpu_ref_6456514822857321615_0_0__sa,performance,gtpin_total_execution_cycles,4719538,cycles,1,1024,4719538
n1_i3,3,1,3,n1_i3::kernel::broadcast:/model/layers.12/self_attn/Expand::broadcast_gpu_ref_6456514822857321615_0_0__sa,n1_i3::primitive::broadcast:/model/layers.12/self_attn/Expand,kernel,broadcast_gpu_ref_6456514822857321615_0_0__sa,layers.*/self_attn,/model/layers.12/self_attn/Expand,Broadcast,broadcast:/model/layers.12/self_attn/Expand,broadcast,broadcast_gpu_ref,broadcast_gpu_ref_6456514822857321615_0_0__sa,performance,gtpin_total_execution_cycles,4440680,cycles,1,1024,4440680
n1_i3,3,1,3,n1_i3::kernel::broadcast:/model/layers.12/self_attn/Expand_1::broadcast_gpu_ref_6456514822857321615_0_0__sa,n1_i3::primitive::broadcast:/model/layers.12/self_attn/Expand_1,kernel,broadcast_gpu_ref_6456514822857321615_0_0__sa,layers.*/self_attn,/model/layers.12/self_attn/Expand_1,Broadcast,broadcast:/model/layers.12/self_attn/Expand_1,broadcast,broadcast_gpu_ref,broadcast_gpu_ref_6456514822857321615_0_0__sa,performance,gtpin_total_execution_cycles,3991350,cycles,1,1024,3991350
n1_i3,3,1,3,n1_i3::kernel::broadcast:/model/layers.13/self_attn/Expand::broadcast_gpu_ref_6456514822857321615_0_0__sa,n1_i3::primitive::broadcast:/model/layers.13/self_attn/Expand,kernel,broadcast_gpu_ref_6456514822857321615_0_0__sa,layers.*/self_attn,/model/layers.13/self_attn/Expand,Broadcast,broadcast:/model/layers.13/self_attn/Expand,broadcast,broadcast_gpu_ref,broadcast_gpu_ref_6456514822857321615_0_0__sa,performance,gtpin_total_execution_cycles,5460998,cycles,1,1024,5460998
n1_i3,3,1,3,n1_i3::kernel::broadcast:/model/layers.13/self_attn/Expand_1::broadcast_gpu_ref_6456514822857321615_0_0__sa,n1_i3::primitive::broadcast:/model/layers.13/self_attn/Expand_1,kernel,broadcast_gpu_ref_6456514822857321615_0_0__sa,layers.*/self_attn,/model/layers.13/self_attn/Expand_1,Broadcast,broadcast:/model/layers.13/self_attn/Expand_1,broadcast,broadcast_gpu_ref,broadcast_gpu_ref_6456514822857321615_0_0__sa,performance,gtpin_total_execution_cycles,4233002,cycles,1,1024,4233002
n1_i3,3,1,3,n1_i3::kernel::broadcast:/model/layers.14/self_attn/Expand::broadcast_gpu_ref_6456514822857321615_0_0__sa,n1_i3::primitive::broadcast:/model/layers.14/self_attn/Expand,kernel,broadcast_gpu_ref_6456514822857321615_0_0__sa,layers.*/self_attn,/model/layers.14/self_attn/Expand,Broadcast,broadcast:/model/layers.14/self_attn/Expand,broadcast,broadcast_gpu_ref,broadcast_gpu_ref_6456514822857321615_0_0__sa,performance,gtpin_total_execution_cycles,5572010,cycles,1,1024,5572010
n1_i3,3,1,3,n1_i3::kernel::broadcast:/model/layers.14/self_attn/Expand_1::broadcast_gpu_ref_6456514822857321615_0_0__sa,n1_i3::primitive::broadcast:/model/layers.14/self_attn/Expand_1,kernel,broadcast_gpu_ref_6456514822857321615_0_0__sa,layers.*/self_attn,/model/layers.14/self_attn/Expand_1,Broadcast,broadcast:/model/layers.14/self_attn/Expand_1,broadcast,broadcast_gpu_ref,broadcast_gpu_ref_6456514822857321615_0_0__sa,performance,gtpin_total_execution_cycles,4777088,cycles,1,1024,4777088
n1_i3,3,1,3,n1_i3::kernel::broadcast:/model/layers.15/self_attn/Expand::broadcast_gpu_ref_6456514822857321615_0_0__sa,n1_i3::primitive::broadcast:/model/layers.15/self_attn/Expand,kernel,broadcast_gpu_ref_6456514822857321615_0_0__sa,layers.*/self_attn,/model/layers.15/self_attn/Expand,Broadcast,broadcast:/model/layers.15/self_attn/Expand,broadcast,broadcast_gpu_ref,broadcast_gpu_ref_6456514822857321615_0_0__sa,performance,gtpin_total_execution_cycles,3744894,cycles,1,1024,3744894
n1_i3,3,1,3,n1_i3::kernel::broadcast:/model/layers.15/self_attn/Expand_1::broadcast_gpu_ref_6456514822857321615_0_0__sa,n1_i3::primitive::broadcast:/model/layers.15/self_attn/Expand_1,kernel,broadcast_gpu_ref_6456514822857321615_0_0__sa,layers.*/self_attn,/model/layers.15/self_attn/Expand_1,Broadcast,broadcast:/model/layers.15/self_attn/Expand_1,broadcast,broadcast_gpu_ref,broadcast_gpu_ref_6456514822857321615_0_0__sa,performance,gtpin_total_execution_cycles,4618872,cycles,1,1024,4618872
n1_i3,3,1,3,n1_i3::kernel::broadcast:/model/layers.16/self_attn/Expand::broadcast_gpu_ref_6456514822857321615_0_0__sa,n1_i3::primitive::broadcast:/model/layers.16/self_attn/Expand,kernel,broadcast_gpu_ref_6456514822857321615_0_0__sa,layers.*/self_attn,/model/layers.16/self_attn/Expand,Broadcast,broadcast:/model/layers.16/self_attn/Expand,broadcast,broadcast_gpu_ref,broadcast_gpu_ref_6456514822857321615_0_0__sa,performance,gtpin_total_execution_cycles,5150410,cycles,1,1024,5150410
n1_i3,3,1,3,n1_i3::kernel::broadcast:/model/layers.16/self_attn/Expand_1::broadcast_gpu_ref_6456514822857321615_0_0__sa,n1_i3::primitive::broadcast:/model/layers.16/self_attn/Expand_1,kernel,broadcast_gpu_ref_6456514822857321615_0_0__sa,layers.*/self_attn,/model/layers.16/self_attn/Expand_1,Broadcast,broadcast:/model/layers.16/self_attn/Expand_1,broadcast,broadcast_gpu_ref,broadcast_gpu_ref_6456514822857321615_0_0__sa,performance,gtpin_total_execution_cycles,4038616,cycles,1,1024,4038616
n1_i3,3,1,3,n1_i3::kernel::broadcast:/model/layers.17/self_attn/Expand::broadcast_gpu_ref_6456514822857321615_0_0__sa,n1_i3::primitive::broadcast:/model/layers.17/self_attn/Expand,kernel,broadcast_gpu_ref_6456514822857321615_0_0__sa,layers.*/self_attn,/model/layers.17/self_attn/Expand,Broadcast,broadcast:/model/layers.17/self_attn/Expand,broadcast,broadcast_gpu_ref,broadcast_gpu_ref_6456514822857321615_0_0__sa,performance,gtpin_total_execution_cycles,5501024,cycles,1,1024,5501024
n1_i3,3,1,3,n1_i3::kernel::broadcast:/model/layers.17/self_attn/Expand_1::broadcast_gpu_ref_6456514822857321615_0_0__sa,n1_i3::primitive::broadcast:/model/layers.17/self_attn/Expand_1,kernel,broadcast_gpu_ref_6456514822857321615_0_0__sa,layers.*/self_attn,/model/layers.17/self_attn/Expand_1,Broadcast,broadcast:/model/layers.17/self_attn/Expand_1,broadcast,broadcast_gpu_ref,broadcast_gpu_ref_6456514822857321615_0_0__sa,performance,gtpin_total_execution_cycles,4220732,cycles,1,1024,4220732
n1_i3,3,1,3,n1_i3::kernel::broadcast:/model/layers.18/self_attn/Expand::broadcast_gpu_ref_6456514822857321615_0_0__sa,n1_i3::primitive::broadcast:/model/layers.18/self_attn/Expand,kernel,broadcast_gpu_ref_6456514822857321615_0_0__sa,layers.*/self_attn,/model/layers.18/self_attn/Expand,Broadcast,broadcast:/model/layers.18/self_attn/Expand,broadcast,broadcast_gpu_ref,broadcast_gpu_ref_6456514822857321615_0_0__sa,performance,gtpin_total_execution_cycles,5708342,cycles,1,1024,5708342
n1_i3,3,1,3,n1_i3::kernel::broadcast:/model/layers.18/self_attn/Expand_1::broadcast_gpu_ref_6456514822857321615_0_0__sa,n1_i3::primitive::broadcast:/model/layers.18/self_attn/Expand_1,kernel,broadcast_gpu_ref_6456514822857321615_0_0__sa,layers.*/self_attn,/model/layers.18/self_attn/Expand_1,Broadcast,broadcast:/model/layers.18/self_attn/Expand_1,broadcast,broadcast_gpu_ref,broadcast_gpu_ref_6456514822857321615_0_0__sa,performance,gtpin_total_execution_cycles,4257896,cycles,1,1024,4257896
n1_i3,3,1,3,n1_i3::kernel::broadcast:/model/layers.19/self_attn/Expand::broadcast_gpu_ref_6456514822857321615_0_0__sa,n1_i3::primitive::broadcast:/model/layers.19/self_attn/Expand,kernel,broadcast_gpu_ref_6456514822857321615_0_0__sa,layers.*/self_attn,/model/layers.19/self_attn/Expand,Broadcast,broadcast:/model/layers.19/self_attn/Expand,broadcast,broadcast_gpu_ref,broadcast_gpu_ref_6456514822857321615_0_0__sa,performance,gtpin_total_execution_cycles,3761074,cycles,1,1024,3761074
n1_i3,3,1,3,n1_i3::kernel::broadcast:/model/layers.19/self_attn/Expand_1::broadcast_gpu_ref_6456514822857321615_0_0__sa,n1_i3::primitive::broadcast:/model/layers.19/self_attn/Expand_1,kernel,broadcast_gpu_ref_6456514822857321615_0_0__sa,layers.*/self_attn,/model/layers.19/self_attn/Expand_1,Broadcast,broadcast:/model/layers.19/self_attn/Expand_1,broadcast,broadcast_gpu_ref,broadcast_gpu_ref_6456514822857321615_0_0__sa,performance,gtpin_total_execution_cycles,4477468,cycles,1,1024,4477468
n1_i3,3,1,3,n1_i3::kernel::broadcast:/model/layers.2/self_attn/Expand::broadcast_gpu_ref_6456514822857321615_0_0__sa,n1_i3::primitive::broadcast:/model/layers.2/self_attn/Expand,kernel,broadcast_gpu_ref_6456514822857321615_0_0__sa,layers.*/self_attn,/model/layers.2/self_attn/Expand,Broadcast,broadcast:/model/layers.2/self_attn/Expand,broadcast,broadcast_gpu_ref,broadcast_gpu_ref_6456514822857321615_0_0__sa,performance,gtpin_total_execution_cycles,5654978,cycles,1,1024,5654978
n1_i3,3,1,3,n1_i3::kernel::broadcast:/model/layers.2/self_attn/Expand_1::broadcast_gpu_ref_6456514822857321615_0_0__sa,n1_i3::primitive::broadcast:/model/layers.2/self_attn/Expand_1,kernel,broadcast_gpu_ref_6456514822857321615_0_0__sa,layers.*/self_attn,/model/layers.2/self_attn/Expand_1,Broadcast,broadcast:/model/layers.2/self_attn/Expand_1,broadcast,broadcast_gpu_ref,broadcast_gpu_ref_6456514822857321615_0_0__sa,performance,gtpin_total_execution_cycles,3772348,cycles,1,1024,3772348
n1_i3,3,1,3,n1_i3::kernel::broadcast:/model/layers.20/self_attn/Expand::broadcast_gpu_ref_6456514822857321615_0_0__sa,n1_i3::primitive::broadcast:/model/layers.20/self_attn/Expand,kernel,broadcast_gpu_ref_6456514822857321615_0_0__sa,layers.*/self_attn,/model/layers.20/self_attn/Expand,Broadcast,broadcast:/model/layers.20/self_attn/Expand,broadcast,broadcast_gpu_ref,broadcast_gpu_ref_6456514822857321615_0_0__sa,performance,gtpin_total_execution_cycles,3704674,cycles,1,1024,3704674
n1_i3,3,1,3,n1_i3::kernel::broadcast:/model/layers.20/self_attn/Expand_1::broadcast_gpu_ref_6456514822857321615_0_0__sa,n1_i3::primitive::broadcast:/model/layers.20/self_attn/Expand_1,kernel,broadcast_gpu_ref_6456514822857321615_0_0__sa,layers.*/self_attn,/model/layers.20/self_attn/Expand_1,Broadcast,broadcast:/model/layers.20/self_attn/Expand_1,broadcast,broadcast_gpu_ref,broadcast_gpu_ref_6456514822857321615_0_0__sa,performance,gtpin_total_execution_cycles,4506370,cycles,1,1024,4506370
n1_i3,3,1,3,n1_i3::kernel::broadcast:/model/layers.21/self_attn/Expand::broadcast_gpu_ref_6456514822857321615_0_0__sa,n1_i3::primitive::broadcast:/model/layers.21/self_attn/Expand,kernel,broadcast_gpu_ref_6456514822857321615_0_0__sa,layers.*/self_attn,/model/layers.21/self_attn/Expand,Broadcast,broadcast:/model/layers.21/self_attn/Expand,broadcast,broadcast_gpu_ref,broadcast_gpu_ref_6456514822857321615_0_0__sa,performance,gtpin_total_execution_cycles,5603600,cycles,1,1024,5603600
n1_i3,3,1,3,n1_i3::kernel::broadcast:/model/layers.21/self_attn/Expand_1::broadcast_gpu_ref_6456514822857321615_0_0__sa,n1_i3::primitive::broadcast:/model/layers.21/self_attn/Expand_1,kernel,broadcast_gpu_ref_6456514822857321615_0_0__sa,layers.*/self_attn,/model/layers.21/self_attn/Expand_1,Broadcast,broadcast:/model/layers.21/self_attn/Expand_1,broadcast,broadcast_gpu_ref,broadcast_gpu_ref_6456514822857321615_0_0__sa,performance,gtpin_total_execution_cycles,4275280,cycles,1,1024,4275280
n1_i3,3,1,3,n1_i3::kernel::broadcast:/model/layers.3/self_attn/Expand::broadcast_gpu_ref_6456514822857321615_0_0__sa,n1_i3::primitive::broadcast:/model/layers.3/self_attn/Expand,kernel,broadcast_gpu_ref_6456514822857321615_0_0__sa,layers.*/self_attn,/model/layers.3/self_attn/Expand,Broadcast,broadcast:/model/layers.3/self_attn/Expand,broadcast,broadcast_gpu_ref,broadcast_gpu_ref_6456514822857321615_0_0__sa,performance,gtpin_total_execution_cycles,3960318,cycles,1,1024,3960318
n1_i3,3,1,3,n1_i3::kernel::broadcast:/model/layers.3/self_attn/Expand_1::broadcast_gpu_ref_6456514822857321615_0_0__sa,n1_i3::primitive::broadcast:/model/layers.3/self_attn/Expand_1,kernel,broadcast_gpu_ref_6456514822857321615_0_0__sa,layers.*/self_attn,/model/layers.3/self_attn/Expand_1,Broadcast,broadcast:/model/layers.3/self_attn/Expand_1,broadcast,broadcast_gpu_ref,broadcast_gpu_ref_6456514822857321615_0_0__sa,performance,gtpin_total_execution_cycles,4715480,cycles,1,1024,4715480
n1_i3,3,1,3,n1_i3::kernel::broadcast:/model/layers.4/self_attn/Expand::broadcast_gpu_ref_6456514822857321615_0_0__sa,n1_i3::primitive::broadcast:/model/layers.4/self_attn/Expand,kernel,broadcast_gpu_ref_6456514822857321615_0_0__sa,layers.*/self_attn,/model/layers.4/self_attn/Expand,Broadcast,broadcast:/model/layers.4/self_attn/Expand,broadcast,broadcast_gpu_ref,broadcast_gpu_ref_6456514822857321615_0_0__sa,performance,gtpin_total_execution_cycles,3956976,cycles,1,1024,3956976
n1_i3,3,1,3,n1_i3::kernel::broadcast:/model/layers.4/self_attn/Expand_1::broadcast_gpu_ref_6456514822857321615_0_0__sa,n1_i3::primitive::broadcast:/model/layers.4/self_attn/Expand_1,kernel,broadcast_gpu_ref_6456514822857321615_0_0__sa,layers.*/self_attn,/model/layers.4/self_attn/Expand_1,Broadcast,broadcast:/model/layers.4/self_attn/Expand_1,broadcast,broadcast_gpu_ref,broadcast_gpu_ref_6456514822857321615_0_0__sa,performance,gtpin_total_execution_cycles,3972848,cycles,1,1024,3972848
n1_i3,3,1,3,n1_i3::kernel::broadcast:/model/layers.5/self_attn/Expand::broadcast_gpu_ref_6456514822857321615_0_0__sa,n1_i3::primitive::broadcast:/model/layers.5/self_attn/Expand,kernel,broadcast_gpu_ref_6456514822857321615_0_0__sa,layers.*/self_attn,/model/layers.5/self_attn/Expand,Broadcast,broadcast:/model/layers.5/self_attn/Expand,broadcast,broadcast_gpu_ref,broadcast_gpu_ref_6456514822857321615_0_0__sa,performance,gtpin_total_execution_cycles,5489946,cycles,1,1024,5489946
n1_i3,3,1,3,n1_i3::kernel::broadcast:/model/layers.5/self_attn/Expand_1::broadcast_gpu_ref_6456514822857321615_0_0__sa,n1_i3::primitive::broadcast:/model/layers.5/self_attn/Expand_1,kernel,broadcast_gpu_ref_6456514822857321615_0_0__sa,layers.*/self_attn,/model/layers.5/self_attn/Expand_1,Broadcast,broadcast:/model/layers.5/self_attn/Expand_1,broadcast,broadcast_gpu_ref,broadcast_gpu_ref_6456514822857321615_0_0__sa,performance,gtpin_total_execution_cycles,4069318,cycles,1,1024,4069318
n1_i3,3,1,3,n1_i3::kernel::broadcast:/model/layers.6/self_attn/Expand::broadcast_gpu_ref_6456514822857321615_0_0__sa,n1_i3::primitive::broadcast:/model/layers.6/self_attn/Expand,kernel,broadcast_gpu_ref_6456514822857321615_0_0__sa,layers.*/self_attn,/model/layers.6/self_attn/Expand,Broadcast,broadcast:/model/layers.6/self_attn/Expand,broadcast,broadcast_gpu_ref,broadcast_gpu_ref_6456514822857321615_0_0__sa,performance,gtpin_total_execution_cycles,6073468,cycles,1,1024,6073468
n1_i3,3,1,3,n1_i3::kernel::broadcast:/model/layers.6/self_attn/Expand_1::broadcast_gpu_ref_6456514822857321615_0_0__sa,n1_i3::primitive::broadcast:/model/layers.6/self_attn/Expand_1,kernel,broadcast_gpu_ref_6456514822857321615_0_0__sa,layers.*/self_attn,/model/layers.6/self_attn/Expand_1,Broadcast,broadcast:/model/layers.6/self_attn/Expand_1,broadcast,broadcast_gpu_ref,broadcast_gpu_ref_6456514822857321615_0_0__sa,performance,gtpin_total_execution_cycles,4373062,cycles,1,1024,4373062
n1_i3,3,1,3,n1_i3::kernel::broadcast:/model/layers.7/self_attn/Expand::broadcast_gpu_ref_6456514822857321615_0_0__sa,n1_i3::primitive::broadcast:/model/layers.7/self_attn/Expand,kernel,broadcast_gpu_ref_6456514822857321615_0_0__sa,layers.*/self_attn,/model/layers.7/self_attn/Expand,Broadcast,broadcast:/model/layers.7/self_attn/Expand,broadcast,broadcast_gpu_ref,broadcast_gpu_ref_6456514822857321615_0_0__sa,performance,gtpin_total_execution_cycles,4295146,cycles,1,1024,4295146
n1_i3,3,1,3,n1_i3::kernel::broadcast:/model/layers.7/self_attn/Expand_1::broadcast_gpu_ref_6456514822857321615_0_0__sa,n1_i3::primitive::broadcast:/model/layers.7/self_attn/Expand_1,kernel,broadcast_gpu_ref_6456514822857321615_0_0__sa,layers.*/self_attn,/model/layers.7/self_attn/Expand_1,Broadcast,broadcast:/model/layers.7/self_attn/Expand_1,broadcast,broadcast_gpu_ref,broadcast_gpu_ref_6456514822857321615_0_0__sa,performance,gtpin_total_execution_cycles,4500564,cycles,1,1024,4500564
n1_i3,3,1,3,n1_i3::kernel::broadcast:/model/layers.8/self_attn/Expand::broadcast_gpu_ref_6456514822857321615_0_0__sa,n1_i3::primitive::broadcast:/model/layers.8/self_attn/Expand,kernel,broadcast_gpu_ref_6456514822857321615_0_0__sa,layers.*/self_attn,/model/layers.8/self_attn/Expand,Broadcast,broadcast:/model/layers.8/self_attn/Expand,broadcast,broadcast_gpu_ref,broadcast_gpu_ref_6456514822857321615_0_0__sa,performance,gtpin_total_execution_cycles,4034742,cycles,1,1024,4034742
n1_i3,3,1,3,n1_i3::kernel::broadcast:/model/layers.8/self_attn/Expand_1::broadcast_gpu_ref_6456514822857321615_0_0__sa,n1_i3::primitive::broadcast:/model/layers.8/self_attn/Expand_1,kernel,broadcast_gpu_ref_6456514822857321615_0_0__sa,layers.*/self_attn,/model/layers.8/self_attn/Expand_1,Broadcast,broadcast:/model/layers.8/self_attn/Expand_1,broadcast,broadcast_gpu_ref,broadcast_gpu_ref_6456514822857321615_0_0__sa,performance,gtpin_total_execution_cycles,4473902,cycles,1,1024,4473902
n1_i3,3,1,3,n1_i3::kernel::broadcast:/model/layers.9/self_attn/Expand::broadcast_gpu_ref_6456514822857321615_0_0__sa,n1_i3::primitive::broadcast:/model/layers.9/self_attn/Expand,kernel,broadcast_gpu_ref_6456514822857321615_0_0__sa,layers.*/self_attn,/model/layers.9/self_attn/Expand,Broadcast,broadcast:/model/layers.9/self_attn/Expand,broadcast,broadcast_gpu_ref,broadcast_gpu_ref_6456514822857321615_0_0__sa,performance,gtpin_total_execution_cycles,5506720,cycles,1,1024,5506720
n1_i3,3,1,3,n1_i3::kernel::broadcast:/model/layers.9/self_attn/Expand_1::broadcast_gpu_ref_6456514822857321615_0_0__sa,n1_i3::primitive::broadcast:/model/layers.9/self_attn/Expand_1,kernel,broadcast_gpu_ref_6456514822857321615_0_0__sa,layers.*/self_attn,/model/layers.9/self_attn/Expand_1,Broadcast,broadcast:/model/layers.9/self_attn/Expand_1,broadcast,broadcast_gpu_ref,broadcast_gpu_ref_6456514822857321615_0_0__sa,performance,gtpin_total_execution_cycles,3859608,cycles,1,1024,3859608
n1_i3,3,1,3,n1_i3::kernel::concat:/model/rotary_emb/Concat_1::concatenation_gpu_simple_ref_11787737694364327443_0_0__sa,n1_i3::primitive::concat:/model/rotary_emb/Concat_1,kernel,concatenation_gpu_simple_ref_11787737694364327443_0_0__sa,rotary_emb,/model/rotary_emb/Concat_1,Concat,concat:/model/rotary_emb/Concat_1,concatenation,concatenation_gpu_simple_ref,concatenation_gpu_simple_ref_11787737694364327443_0_0__sa,performance,gtpin_total_execution_cycles,84838,cycles,1,16,84838
n1_i3,3,1,3,n1_i3::kernel::concat:/model/rotary_emb/Concat_1::concatenation_gpu_simple_ref_11787737694364327443_1_0__sa,n1_i3::primitive::concat:/model/rotary_emb/Concat_1,kernel,concatenation_gpu_simple_ref_11787737694364327443_1_0__sa,rotary_emb,/model/rotary_emb/Concat_1,Concat,concat:/model/rotary_emb/Concat_1,concatenation,concatenation_gpu_simple_ref,concatenation_gpu_simple_ref_11787737694364327443_1_0__sa,performance,gtpin_total_execution_cycles,60580,cycles,1,16,60580
n1_i3,3,1,3,n1_i3::kernel::convert:/model/layers.0/self_attn/Unsqueeze_6_restore_precision_0::reorder_data_13786606319827428276_0_0__sa,n1_i3::primitive::convert:/model/layers.0/self_attn/Unsqueeze_6_restore_precision_0,kernel,reorder_data_13786606319827428276_0_0__sa,layers.*/self_attn,/model/layers.0/self_attn/Unsqueeze_6_restore_precision_0,Convert,convert:/model/layers.0/self_attn/Unsqueeze_6_restore_precision_0,reorder,reorder_data,reorder_data_13786606319827428276_0_0__sa,performance,gtpin_total_execution_cycles,65578,cycles,1,32,65578
n1_i3,3,1,3,n1_i3::kernel::convert:/model/layers.0/self_attn/Unsqueeze_7_restore_precision_1::reorder_data_13786606319827428276_0_0__sa,n1_i3::primitive::convert:/model/layers.0/self_attn/Unsqueeze_7_restore_precision_1,kernel,reorder_data_13786606319827428276_0_0__sa,layers.*/self_attn,/model/layers.0/self_attn/Unsqueeze_7_restore_precision_1,Convert,convert:/model/layers.0/self_attn/Unsqueeze_7_restore_precision_1,reorder,reorder_data,reorder_data_13786606319827428276_0_0__sa,performance,gtpin_total_execution_cycles,74794,cycles,1,32,74794
n1_i3,3,1,3,n1_i3::kernel::convert:/model/rotary_emb/MatMul_increase_precision_1::reorder_data_16347555807681174383_0_0__sa,n1_i3::primitive::convert:/model/rotary_emb/MatMul_increase_precision_1,kernel,reorder_data_16347555807681174383_0_0__sa,rotary_emb,/model/rotary_emb/MatMul_increase_precision_1,Convert,convert:/model/rotary_emb/MatMul_increase_precision_1,reorder,reorder_data,reorder_data_16347555807681174383_0_0__sa,performance,gtpin_total_execution_cycles,3064,cycles,1,1,3064
n1_i3,3,1,3,n1_i3::kernel::convert:Convert_90811::reorder_data_261663883965124315_0_0__sa,n1_i3::primitive::convert:Convert_90811,kernel,reorder_data_261663883965124315_0_0__sa,(root),Convert_90811,Convert,convert:Convert_90811,reorder,reorder_data,reorder_data_261663883965124315_0_0__sa,performance,gtpin_total_execution_cycles,6372,cycles,1,1,6372
n1_i3,3,1,3,n1_i3::kernel::convert:Convert_90813::reorder_data_261663883965124315_0_0__sa,n1_i3::primitive::convert:Convert_90813,kernel,reorder_data_261663883965124315_0_0__sa,(root),Convert_90813,Convert,convert:Convert_90813,reorder,reorder_data,reorder_data_261663883965124315_0_0__sa,performance,gtpin_total_execution_cycles,6073,cycles,1,1,6073
n1_i3,3,1,3,n1_i3::kernel::convert:Convert_90873::reorder_data_14358938580392777097_0_0__sa,n1_i3::primitive::convert:Convert_90873,kernel,reorder_data_14358938580392777097_0_0__sa,(root),Convert_90873,Convert,convert:Convert_90873,reorder,reorder_data,reorder_data_14358938580392777097_0_0__sa,performance,gtpin_total_execution_cycles,5681,cycles,1,1,5681
n1_i3,3,1,3,n1_i3::kernel::cos:/model/rotary_emb/Cos::activation_ref_8384225707366889932_0_0__sa,n1_i3::primitive::cos:/model/rotary_emb/Cos,kernel,activation_ref_8384225707366889932_0_0__sa,rotary_emb,/model/rotary_emb/Cos,Cos,cos:/model/rotary_emb/Cos,activation,activation_ref,activation_ref_8384225707366889932_0_0__sa,performance,gtpin_total_execution_cycles,192146,cycles,1,32,192146
n1_i3,3,1,3,n1_i3::kernel::fullyconnected:/model/layers.0/mlp/down_proj/MatMul::fully_connected_gpu_bf_tiled_2727911967636154657_0_0,n1_i3::primitive::fullyconnected:/model/layers.0/mlp/down_proj/MatMul,kernel,fully_connected_gpu_bf_tiled_2727911967636154657_0_0,layers.*/mlp,/model/layers.0/mlp/down_proj/MatMul,FullyConnected,fullyconnected:/model/layers.0/mlp/down_proj/MatMul,fully_connected,fully_connected_gpu_bf_tiled,fully_connected_gpu_bf_tiled_2727911967636154657_0_0,performance,gtpin_total_execution_cycles,74231864,cycles,1,64,74231864
n1_i3,3,1,3,n1_i3::kernel::fullyconnected:/model/layers.0/mlp/gate_proj/MatMul::fully_connected_gpu_bf_tiled_9957149419786459120_0_0,n1_i3::primitive::fullyconnected:/model/layers.0/mlp/gate_proj/MatMul,kernel,fully_connected_gpu_bf_tiled_9957149419786459120_0_0,layers.*/mlp,/model/layers.0/mlp/gate_proj/MatMul,FullyConnected,fullyconnected:/model/layers.0/mlp/gate_proj/MatMul,fully_connected,fully_connected_gpu_bf_tiled,fully_connected_gpu_bf_tiled_9957149419786459120_0_0,performance,gtpin_total_execution_cycles,109828780,cycles,1,176,109828780
n1_i3,3,1,3,n1_i3::kernel::fullyconnected:/model/layers.0/mlp/up_proj/MatMul::fully_connected_gpu_bf_tiled_2740906288179525049_0_0,n1_i3::primitive::fullyconnected:/model/layers.0/mlp/up_proj/MatMul,kernel,fully_connected_gpu_bf_tiled_2740906288179525049_0_0,layers.*/mlp,/model/layers.0/mlp/up_proj/MatMul,FullyConnected,fullyconnected:/model/layers.0/mlp/up_proj/MatMul,fully_connected,fully_connected_gpu_bf_tiled,fully_connected_gpu_bf_tiled_2740906288179525049_0_0,performance,gtpin_total_execution_cycles,100532646,cycles,1,176,100532646
n1_i3,3,1,3,n1_i3::kernel::fullyconnected:/model/layers.0/self_attn/k_proj/MatMul::fully_connected_gpu_bf_tiled_17963963101609895522_0_0,n1_i3::primitive::fullyconnected:/model/layers.0/self_attn/k_proj/MatMul,kernel,fully_connected_gpu_bf_tiled_17963963101609895522_0_0,layers.*/self_attn,/model/layers.0/self_attn/k_proj/MatMul,FullyConnected,fullyconnected:/model/layers.0/self_attn/k_proj/MatMul,fully_connected,fully_connected_gpu_bf_tiled,fully_connected_gpu_bf_tiled_17963963101609895522_0_0,performance,gtpin_total_execution_cycles,4206246,cycles,1,8,4206246
n1_i3,3,1,3,n1_i3::kernel::fullyconnected:/model/layers.0/self_attn/o_proj/MatMul::fully_connected_gpu_bf_tiled_14284117615310227244_0_0,n1_i3::primitive::fullyconnected:/model/layers.0/self_attn/o_proj/MatMul,kernel,fully_connected_gpu_bf_tiled_14284117615310227244_0_0,layers.*/self_attn,/model/layers.0/self_attn/o_proj/MatMul,FullyConnected,fullyconnected:/model/layers.0/self_attn/o_proj/MatMul,fully_connected,fully_connected_gpu_bf_tiled,fully_connected_gpu_bf_tiled_14284117615310227244_0_0,performance,gtpin_total_execution_cycles,28641222,cycles,1,64,28641222
n1_i3,3,1,3,n1_i3::kernel::fullyconnected:/model/layers.0/self_attn/q_proj/MatMul::fully_connected_gpu_bf_tiled_5315586391497964380_0_0,n1_i3::primitive::fullyconnected:/model/layers.0/self_attn/q_proj/MatMul,kernel,fully_connected_gpu_bf_tiled_5315586391497964380_0_0,layers.*/self_attn,/model/layers.0/self_attn/q_proj/MatMul,FullyConnected,fullyconnected:/model/layers.0/self_attn/q_proj/MatMul,fully_connected,fully_connected_gpu_bf_tiled,fully_connected_gpu_bf_tiled_5315586391497964380_0_0,performance,gtpin_total_execution_cycles,32934060,cycles,1,64,32934060
n1_i3,3,1,3,n1_i3::kernel::fullyconnected:/model/layers.0/self_attn/v_proj/MatMul::fully_connected_gpu_bf_tiled_17963963101609895522_0_0,n1_i3::primitive::fullyconnected:/model/layers.0/self_attn/v_proj/MatMul,kernel,fully_connected_gpu_bf_tiled_17963963101609895522_0_0,layers.*/self_attn,/model/layers.0/self_attn/v_proj/MatMul,FullyConnected,fullyconnected:/model/layers.0/self_attn/v_proj/MatMul,fully_connected,fully_connected_gpu_bf_tiled,fully_connected_gpu_bf_tiled_17963963101609895522_0_0,performance,gtpin_total_execution_cycles,4030532,cycles,1,8,4030532
n1_i3,3,1,3,n1_i3::kernel::fullyconnected:/model/layers.1/mlp/down_proj/MatMul::fully_connected_gpu_bf_tiled_2727911967636154657_0_0,n1_i3::primitive::fullyconnected:/model/layers.1/mlp/down_proj/MatMul,kernel,fully_connected_gpu_bf_tiled_2727911967636154657_0_0,layers.*/mlp,/model/layers.1/mlp/down_proj/MatMul,FullyConnected,fullyconnected:/model/layers.1/mlp/down_proj/MatMul,fully_connected,fully_connected_gpu_bf_tiled,fully_connected_gpu_bf_tiled_2727911967636154657_0_0,performance,gtpin_total_execution_cycles,77848630,cycles,1,64,77848630
n1_i3,3,1,3,n1_i3::kernel::fullyconnected:/model/layers.1/mlp/gate_proj/MatMul::fully_connected_gpu_bf_tiled_9957149419786459120_0_0,n1_i3::primitive::fullyconnected:/model/layers.1/mlp/gate_proj/MatMul,kernel,fully_connected_gpu_bf_tiled_9957149419786459120_0_0,layers.*/mlp,/model/layers.1/mlp/gate_proj/MatMul,FullyConnected,fullyconnected:/model/layers.1/mlp/gate_proj/MatMul,fully_connected,fully_connected_gpu_bf_tiled,fully_connected_gpu_bf_tiled_9957149419786459120_0_0,performance,gtpin_total_execution_cycles,116228394,cycles,1,176,116228394
n1_i3,3,1,3,n1_i3::kernel::fullyconnected:/model/layers.1/mlp/up_proj/MatMul::fully_connected_gpu_bf_tiled_2740906288179525049_0_0,n1_i3::primitive::fullyconnected:/model/layers.1/mlp/up_proj/MatMul,kernel,fully_connected_gpu_bf_tiled_2740906288179525049_0_0,layers.*/mlp,/model/layers.1/mlp/up_proj/MatMul,FullyConnected,fullyconnected:/model/layers.1/mlp/up_proj/MatMul,fully_connected,fully_connected_gpu_bf_tiled,fully_connected_gpu_bf_tiled_2740906288179525049_0_0,performance,gtpin_total_execution_cycles,98676298,cycles,1,176,98676298
n1_i3,3,1,3,n1_i3::kernel::fullyconnected:/model/layers.1/self_attn/k_proj/MatMul::fully_connected_gpu_bf_tiled_17963963101609895522_0_0,n1_i3::primitive::fullyconnected:/model/layers.1/self_attn/k_proj/MatMul,kernel,fully_connected_gpu_bf_tiled_17963963101609895522_0_0,layers.*/self_attn,/model/layers.1/self_attn/k_proj/MatMul,FullyConnected,fullyconnected:/model/layers.1/self_attn/k_proj/MatMul,fully_connected,fully_connected_gpu_bf_tiled,fully_connected_gpu_bf_tiled_17963963101609895522_0_0,performance,gtpin_total_execution_cycles,3629954,cycles,1,8,3629954
n1_i3,3,1,3,n1_i3::kernel::fullyconnected:/model/layers.1/self_attn/o_proj/MatMul::fully_connected_gpu_bf_tiled_14284117615310227244_0_0,n1_i3::primitive::fullyconnected:/model/layers.1/self_attn/o_proj/MatMul,kernel,fully_connected_gpu_bf_tiled_14284117615310227244_0_0,layers.*/self_attn,/model/layers.1/self_attn/o_proj/MatMul,FullyConnected,fullyconnected:/model/layers.1/self_attn/o_proj/MatMul,fully_connected,fully_connected_gpu_bf_tiled,fully_connected_gpu_bf_tiled_14284117615310227244_0_0,performance,gtpin_total_execution_cycles,28983506,cycles,1,64,28983506
n1_i3,3,1,3,n1_i3::kernel::fullyconnected:/model/layers.1/self_attn/q_proj/MatMul::fully_connected_gpu_bf_tiled_5315586391497964380_0_0,n1_i3::primitive::fullyconnected:/model/layers.1/self_attn/q_proj/MatMul,kernel,fully_connected_gpu_bf_tiled_5315586391497964380_0_0,layers.*/self_attn,/model/layers.1/self_attn/q_proj/MatMul,FullyConnected,fullyconnected:/model/layers.1/self_attn/q_proj/MatMul,fully_connected,fully_connected_gpu_bf_tiled,fully_connected_gpu_bf_tiled_5315586391497964380_0_0,performance,gtpin_total_execution_cycles,28117056,cycles,1,64,28117056
n1_i3,3,1,3,n1_i3::kernel::fullyconnected:/model/layers.1/self_attn/v_proj/MatMul::fully_connected_gpu_bf_tiled_17963963101609895522_0_0,n1_i3::primitive::fullyconnected:/model/layers.1/self_attn/v_proj/MatMul,kernel,fully_connected_gpu_bf_tiled_17963963101609895522_0_0,layers.*/self_attn,/model/layers.1/self_attn/v_proj/MatMul,FullyConnected,fullyconnected:/model/layers.1/self_attn/v_proj/MatMul,fully_connected,fully_connected_gpu_bf_tiled,fully_connected_gpu_bf_tiled_17963963101609895522_0_0,performance,gtpin_total_execution_cycles,3423780,cycles,1,8,3423780
n1_i3,3,1,3,n1_i3::kernel::fullyconnected:/model/layers.10/mlp/down_proj/MatMul::fully_connected_gpu_bf_tiled_2727911967636154657_0_0,n1_i3::primitive::fullyconnected:/model/layers.10/mlp/down_proj/MatMul,kernel,fully_connected_gpu_bf_tiled_2727911967636154657_0_0,layers.*/mlp,/model/layers.10/mlp/down_proj/MatMul,FullyConnected,fullyconnected:/model/layers.10/mlp/down_proj/MatMul,fully_connected,fully_connected_gpu_bf_tiled,fully_connected_gpu_bf_tiled_2727911967636154657_0_0,performance,gtpin_total_execution_cycles,75806280,cycles,1,64,75806280
n1_i3,3,1,3,n1_i3::kernel::fullyconnected:/model/layers.10/mlp/gate_proj/MatMul::fully_connected_gpu_bf_tiled_9957149419786459120_0_0,n1_i3::primitive::fullyconnected:/model/layers.10/mlp/gate_proj/MatMul,kernel,fully_connected_gpu_bf_tiled_9957149419786459120_0_0,layers.*/mlp,/model/layers.10/mlp/gate_proj/MatMul,FullyConnected,fullyconnected:/model/layers.10/mlp/gate_proj/MatMul,fully_connected,fully_connected_gpu_bf_tiled,fully_connected_gpu_bf_tiled_9957149419786459120_0_0,performance,gtpin_total_execution_cycles,100906526,cycles,1,176,100906526
n1_i3,3,1,3,n1_i3::kernel::fullyconnected:/model/layers.10/mlp/up_proj/MatMul::fully_connected_gpu_bf_tiled_2740906288179525049_0_0,n1_i3::primitive::fullyconnected:/model/layers.10/mlp/up_proj/MatMul,kernel,fully_connected_gpu_bf_tiled_2740906288179525049_0_0,layers.*/mlp,/model/layers.10/mlp/up_proj/MatMul,FullyConnected,fullyconnected:/model/layers.10/mlp/up_proj/MatMul,fully_connected,fully_connected_gpu_bf_tiled,fully_connected_gpu_bf_tiled_2740906288179525049_0_0,performance,gtpin_total_execution_cycles,98873290,cycles,1,176,98873290
n1_i3,3,1,3,n1_i3::kernel::fullyconnected:/model/layers.10/self_attn/k_proj/MatMul::fully_connected_gpu_bf_tiled_17963963101609895522_0_0,n1_i3::primitive::fullyconnected:/model/layers.10/self_attn/k_proj/MatMul,kernel,fully_connected_gpu_bf_tiled_17963963101609895522_0_0,layers.*/self_attn,/model/layers.10/self_attn/k_proj/MatMul,FullyConnected,fullyconnected:/model/layers.10/self_attn/k_proj/MatMul,fully_connected,fully_connected_gpu_bf_tiled,fully_connected_gpu_bf_tiled_17963963101609895522_0_0,performance,gtpin_total_execution_cycles,3763640,cycles,1,8,3763640
n1_i3,3,1,3,n1_i3::kernel::fullyconnected:/model/layers.10/self_attn/o_proj/MatMul::fully_connected_gpu_bf_tiled_14284117615310227244_0_0,n1_i3::primitive::fullyconnected:/model/layers.10/self_attn/o_proj/MatMul,kernel,fully_connected_gpu_bf_tiled_14284117615310227244_0_0,layers.*/self_attn,/model/layers.10/self_attn/o_proj/MatMul,FullyConnected,fullyconnected:/model/layers.10/self_attn/o_proj/MatMul,fully_connected,fully_connected_gpu_bf_tiled,fully_connected_gpu_bf_tiled_14284117615310227244_0_0,performance,gtpin_total_execution_cycles,28625812,cycles,1,64,28625812
n1_i3,3,1,3,n1_i3::kernel::fullyconnected:/model/layers.10/self_attn/q_proj/MatMul::fully_connected_gpu_bf_tiled_5315586391497964380_0_0,n1_i3::primitive::fullyconnected:/model/layers.10/self_attn/q_proj/MatMul,kernel,fully_connected_gpu_bf_tiled_5315586391497964380_0_0,layers.*/self_attn,/model/layers.10/self_attn/q_proj/MatMul,FullyConnected,fullyconnected:/model/layers.10/self_attn/q_proj/MatMul,fully_connected,fully_connected_gpu_bf_tiled,fully_connected_gpu_bf_tiled_5315586391497964380_0_0,performance,gtpin_total_execution_cycles,29341190,cycles,1,64,29341190
n1_i3,3,1,3,n1_i3::kernel::fullyconnected:/model/layers.10/self_attn/v_proj/MatMul::fully_connected_gpu_bf_tiled_17963963101609895522_0_0,n1_i3::primitive::fullyconnected:/model/layers.10/self_attn/v_proj/MatMul,kernel,fully_connected_gpu_bf_tiled_17963963101609895522_0_0,layers.*/self_attn,/model/layers.10/self_attn/v_proj/MatMul,FullyConnected,fullyconnected:/model/layers.10/self_attn/v_proj/MatMul,fully_connected,fully_connected_gpu_bf_tiled,fully_connected_gpu_bf_tiled_17963963101609895522_0_0,performance,gtpin_total_execution_cycles,3589630,cycles,1,8,3589630
n1_i3,3,1,3,n1_i3::kernel::fullyconnected:/model/layers.11/mlp/down_proj/MatMul::fully_connected_gpu_bf_tiled_2727911967636154657_0_0,n1_i3::primitive::fullyconnected:/model/layers.11/mlp/down_proj/MatMul,kernel,fully_connected_gpu_bf_tiled_2727911967636154657_0_0,layers.*/mlp,/model/layers.11/mlp/down_proj/MatMul,FullyConnected,fullyconnected:/model/layers.11/mlp/down_proj/MatMul,fully_connected,fully_connected_gpu_bf_tiled,fully_connected_gpu_bf_tiled_2727911967636154657_0_0,performance,gtpin_total_execution_cycles,79053938,cycles,1,64,79053938
n1_i3,3,1,3,n1_i3::kernel::fullyconnected:/model/layers.11/mlp/gate_proj/MatMul::fully_connected_gpu_bf_tiled_9957149419786459120_0_0,n1_i3::primitive::fullyconnected:/model/layers.11/mlp/gate_proj/MatMul,kernel,fully_connected_gpu_bf_tiled_9957149419786459120_0_0,layers.*/mlp,/model/layers.11/mlp/gate_proj/MatMul,FullyConnected,fullyconnected:/model/layers.11/mlp/gate_proj/MatMul,fully_connected,fully_connected_gpu_bf_tiled,fully_connected_gpu_bf_tiled_9957149419786459120_0_0,performance,gtpin_total_execution_cycles,149363814,cycles,1,176,149363814
n1_i3,3,1,3,n1_i3::kernel::fullyconnected:/model/layers.11/mlp/up_proj/MatMul::fully_connected_gpu_bf_tiled_2740906288179525049_0_0,n1_i3::primitive::fullyconnected:/model/layers.11/mlp/up_proj/MatMul,kernel,fully_connected_gpu_bf_tiled_2740906288179525049_0_0,layers.*/mlp,/model/layers.11/mlp/up_proj/MatMul,FullyConnected,fullyconnected:/model/layers.11/mlp/up_proj/MatMul,fully_connected,fully_connected_gpu_bf_tiled,fully_connected_gpu_bf_tiled_2740906288179525049_0_0,performance,gtpin_total_execution_cycles,124056394,cycles,1,176,124056394
n1_i3,3,1,3,n1_i3::kernel::fullyconnected:/model/layers.11/self_attn/k_proj/MatMul::fully_connected_gpu_bf_tiled_17963963101609895522_0_0,n1_i3::primitive::fullyconnected:/model/layers.11/self_attn/k_proj/MatMul,kernel,fully_connected_gpu_bf_tiled_17963963101609895522_0_0,layers.*/self_attn,/model/layers.11/self_attn/k_proj/MatMul,FullyConnected,fullyconnected:/model/layers.11/self_attn/k_proj/MatMul,fully_connected,fully_connected_gpu_bf_tiled,fully_connected_gpu_bf_tiled_17963963101609895522_0_0,performance,gtpin_total_execution_cycles,3813468,cycles,1,8,3813468
n1_i3,3,1,3,n1_i3::kernel::fullyconnected:/model/layers.11/self_attn/o_proj/MatMul::fully_connected_gpu_bf_tiled_14284117615310227244_0_0,n1_i3::primitive::fullyconnected:/model/layers.11/self_attn/o_proj/MatMul,kernel,fully_connected_gpu_bf_tiled_14284117615310227244_0_0,layers.*/self_attn,/model/layers.11/self_attn/o_proj/MatMul,FullyConnected,fullyconnected:/model/layers.11/self_attn/o_proj/MatMul,fully_connected,fully_connected_gpu_bf_tiled,fully_connected_gpu_bf_tiled_14284117615310227244_0_0,performance,gtpin_total_execution_cycles,29375476,cycles,1,64,29375476
n1_i3,3,1,3,n1_i3::kernel::fullyconnected:/model/layers.11/self_attn/q_proj/MatMul::fully_connected_gpu_bf_tiled_5315586391497964380_0_0,n1_i3::primitive::fullyconnected:/model/layers.11/self_attn/q_proj/MatMul,kernel,fully_connected_gpu_bf_tiled_5315586391497964380_0_0,layers.*/self_attn,/model/layers.11/self_attn/q_proj/MatMul,FullyConnected,fullyconnected:/model/layers.11/self_attn/q_proj/MatMul,fully_connected,fully_connected_gpu_bf_tiled,fully_connected_gpu_bf_tiled_5315586391497964380_0_0,performance,gtpin_total_execution_cycles,29544822,cycles,1,64,29544822
n1_i3,3,1,3,n1_i3::kernel::fullyconnected:/model/layers.11/self_attn/v_proj/MatMul::fully_connected_gpu_bf_tiled_17963963101609895522_0_0,n1_i3::primitive::fullyconnected:/model/layers.11/self_attn/v_proj/MatMul,kernel,fully_connected_gpu_bf_tiled_17963963101609895522_0_0,layers.*/self_attn,/model/layers.11/self_attn/v_proj/MatMul,FullyConnected,fullyconnected:/model/layers.11/self_attn/v_proj/MatMul,fully_connected,fully_connected_gpu_bf_tiled,fully_connected_gpu_bf_tiled_17963963101609895522_0_0,performance,gtpin_total_execution_cycles,3612770,cycles,1,8,3612770
n1_i3,3,1,3,n1_i3::kernel::fullyconnected:/model/layers.12/mlp/down_proj/MatMul::fully_connected_gpu_bf_tiled_2727911967636154657_0_0,n1_i3::primitive::fullyconnected:/model/layers.12/mlp/down_proj/MatMul,kernel,fully_connected_gpu_bf_tiled_2727911967636154657_0_0,layers.*/mlp,/model/layers.12/mlp/down_proj/MatMul,FullyConnected,fullyconnected:/model/layers.12/mlp/down_proj/MatMul,fully_connected,fully_connected_gpu_bf_tiled,fully_connected_gpu_bf_tiled_2727911967636154657_0_0,performance,gtpin_total_execution_cycles,80053726,cycles,1,64,80053726
n1_i3,3,1,3,n1_i3::kernel::fullyconnected:/model/layers.12/mlp/gate_proj/MatMul::fully_connected_gpu_bf_tiled_9957149419786459120_0_0,n1_i3::primitive::fullyconnected:/model/layers.12/mlp/gate_proj/MatMul,kernel,fully_connected_gpu_bf_tiled_9957149419786459120_0_0,layers.*/mlp,/model/layers.12/mlp/gate_proj/MatMul,FullyConnected,fullyconnected:/model/layers.12/mlp/gate_proj/MatMul,fully_connected,fully_connected_gpu_bf_tiled,fully_connected_gpu_bf_tiled_9957149419786459120_0_0,performance,gtpin_total_execution_cycles,129767570,cycles,1,176,129767570
n1_i3,3,1,3,n1_i3::kernel::fullyconnected:/model/layers.12/mlp/up_proj/MatMul::fully_connected_gpu_bf_tiled_2740906288179525049_0_0,n1_i3::primitive::fullyconnected:/model/layers.12/mlp/up_proj/MatMul,kernel,fully_connected_gpu_bf_tiled_2740906288179525049_0_0,layers.*/mlp,/model/layers.12/mlp/up_proj/MatMul,FullyConnected,fullyconnected:/model/layers.12/mlp/up_proj/MatMul,fully_connected,fully_connected_gpu_bf_tiled,fully_connected_gpu_bf_tiled_2740906288179525049_0_0,performance,gtpin_total_execution_cycles,99170658,cycles,1,176,99170658
n1_i3,3,1,3,n1_i3::kernel::fullyconnected:/model/layers.12/self_attn/k_proj/MatMul::fully_connected_gpu_bf_tiled_17963963101609895522_0_0,n1_i3::primitive::fullyconnected:/model/layers.12/self_attn/k_proj/MatMul,kernel,fully_connected_gpu_bf_tiled_17963963101609895522_0_0,layers.*/self_attn,/model/layers.12/self_attn/k_proj/MatMul,FullyConnected,fullyconnected:/model/layers.12/self_attn/k_proj/MatMul,fully_connected,fully_connected_gpu_bf_tiled,fully_connected_gpu_bf_tiled_17963963101609895522_0_0,performance,gtpin_total_execution_cycles,3716956,cycles,1,8,3716956
n1_i3,3,1,3,n1_i3::kernel::fullyconnected:/model/layers.12/self_attn/o_proj/MatMul::fully_connected_gpu_bf_tiled_14284117615310227244_0_0,n1_i3::primitive::fullyconnected:/model/layers.12/self_attn/o_proj/MatMul,kernel,fully_connected_gpu_bf_tiled_14284117615310227244_0_0,layers.*/self_attn,/model/layers.12/self_attn/o_proj/MatMul,FullyConnected,fullyconnected:/model/layers.12/self_attn/o_proj/MatMul,fully_connected,fully_connected_gpu_bf_tiled,fully_connected_gpu_bf_tiled_14284117615310227244_0_0,performance,gtpin_total_execution_cycles,28462746,cycles,1,64,28462746
n1_i3,3,1,3,n1_i3::kernel::fullyconnected:/model/layers.12/self_attn/q_proj/MatMul::fully_connected_gpu_bf_tiled_5315586391497964380_0_0,n1_i3::primitive::fullyconnected:/model/layers.12/self_attn/q_proj/MatMul,kernel,fully_connected_gpu_bf_tiled_5315586391497964380_0_0,layers.*/self_attn,/model/layers.12/self_attn/q_proj/MatMul,FullyConnected,fullyconnected:/model/layers.12/self_attn/q_proj/MatMul,fully_connected,fully_connected_gpu_bf_tiled,fully_connected_gpu_bf_tiled_5315586391497964380_0_0,performance,gtpin_total_execution_cycles,28856900,cycles,1,64,28856900
n1_i3,3,1,3,n1_i3::kernel::fullyconnected:/model/layers.12/self_attn/v_proj/MatMul::fully_connected_gpu_bf_tiled_17963963101609895522_0_0,n1_i3::primitive::fullyconnected:/model/layers.12/self_attn/v_proj/MatMul,kernel,fully_connected_gpu_bf_tiled_17963963101609895522_0_0,layers.*/self_attn,/model/layers.12/self_attn/v_proj/MatMul,FullyConnected,fullyconnected:/model/layers.12/self_attn/v_proj/MatMul,fully_connected,fully_connected_gpu_bf_tiled,fully_connected_gpu_bf_tiled_17963963101609895522_0_0,performance,gtpin_total_execution_cycles,3514074,cycles,1,8,3514074
n1_i3,3,1,3,n1_i3::kernel::fullyconnected:/model/layers.13/mlp/down_proj/MatMul::fully_connected_gpu_bf_tiled_2727911967636154657_0_0,n1_i3::primitive::fullyconnected:/model/layers.13/mlp/down_proj/MatMul,kernel,fully_connected_gpu_bf_tiled_2727911967636154657_0_0,layers.*/mlp,/model/layers.13/mlp/down_proj/MatMul,FullyConnected,fullyconnected:/model/layers.13/mlp/down_proj/MatMul,fully_connected,fully_connected_gpu_bf_tiled,fully_connected_gpu_bf_tiled_2727911967636154657_0_0,performance,gtpin_total_execution_cycles,78197828,cycles,1,64,78197828
n1_i3,3,1,3,n1_i3::kernel::fullyconnected:/model/layers.13/mlp/gate_proj/MatMul::fully_connected_gpu_bf_tiled_9957149419786459120_0_0,n1_i3::primitive::fullyconnected:/model/layers.13/mlp/gate_proj/MatMul,kernel,fully_connected_gpu_bf_tiled_9957149419786459120_0_0,layers.*/mlp,/model/layers.13/mlp/gate_proj/MatMul,FullyConnected,fullyconnected:/model/layers.13/mlp/gate_proj/MatMul,fully_connected,fully_connected_gpu_bf_tiled,fully_connected_gpu_bf_tiled_9957149419786459120_0_0,performance,gtpin_total_execution_cycles,118032958,cycles,1,176,118032958
n1_i3,3,1,3,n1_i3::kernel::fullyconnected:/model/layers.13/mlp/up_proj/MatMul::fully_connected_gpu_bf_tiled_2740906288179525049_0_0,n1_i3::primitive::fullyconnected:/model/layers.13/mlp/up_proj/MatMul,kernel,fully_connected_gpu_bf_tiled_2740906288179525049_0_0,layers.*/mlp,/model/layers.13/mlp/up_proj/MatMul,FullyConnected,fullyconnected:/model/layers.13/mlp/up_proj/MatMul,fully_connected,fully_connected_gpu_bf_tiled,fully_connected_gpu_bf_tiled_2740906288179525049_0_0,performance,gtpin_total_execution_cycles,106898026,cycles,1,176,106898026
n1_i3,3,1,3,n1_i3::kernel::fullyconnected:/model/layers.13/self_attn/k_proj/MatMul::fully_connected_gpu_bf_tiled_17963963101609895522_0_0,n1_i3::primitive::fullyconnected:/model/layers.13/self_attn/k_proj/MatMul,kernel,fully_connected_gpu_bf_tiled_17963963101609895522_0_0,layers.*/self_attn,/model/layers.13/self_attn/k_proj/MatMul,FullyConnected,fullyconnected:/model/layers.13/self_attn/k_proj/MatMul,fully_connected,fully_connected_gpu_bf_tiled,fully_connected_gpu_bf_tiled_17963963101609895522_0_0,performance,gtpin_total_execution_cycles,3805786,cycles,1,8,3805786
n1_i3,3,1,3,n1_i3::kernel::fullyconnected:/model/layers.13/self_attn/o_proj/MatMul::fully_connected_gpu_bf_tiled_14284117615310227244_0_0,n1_i3::primitive::fullyconnected:/model/layers.13/self_attn/o_proj/MatMul,kernel,fully_connected_gpu_bf_tiled_14284117615310227244_0_0,layers.*/self_attn,/model/layers.13/self_attn/o_proj/MatMul,FullyConnected,fullyconnected:/model/layers.13/self_attn/o_proj/MatMul,fully_connected,fully_connected_gpu_bf_tiled,fully_connected_gpu_bf_tiled_14284117615310227244_0_0,performance,gtpin_total_execution_cycles,28931894,cycles,1,64,28931894
n1_i3,3,1,3,n1_i3::kernel::fullyconnected:/model/layers.13/self_attn/q_proj/MatMul::fully_connected_gpu_bf_tiled_5315586391497964380_0_0,n1_i3::primitive::fullyconnected:/model/layers.13/self_attn/q_proj/MatMul,kernel,fully_connected_gpu_bf_tiled_5315586391497964380_0_0,layers.*/self_attn,/model/layers.13/self_attn/q_proj/MatMul,FullyConnected,fullyconnected:/model/layers.13/self_attn/q_proj/MatMul,fully_connected,fully_connected_gpu_bf_tiled,fully_connected_gpu_bf_tiled_5315586391497964380_0_0,performance,gtpin_total_execution_cycles,29327292,cycles,1,64,29327292
n1_i3,3,1,3,n1_i3::kernel::fullyconnected:/model/layers.13/self_attn/v_proj/MatMul::fully_connected_gpu_bf_tiled_17963963101609895522_0_0,n1_i3::primitive::fullyconnected:/model/layers.13/self_attn/v_proj/MatMul,kernel,fully_connected_gpu_bf_tiled_17963963101609895522_0_0,layers.*/self_attn,/model/layers.13/self_attn/v_proj/MatMul,FullyConnected,fullyconnected:/model/layers.13/self_attn/v_proj/MatMul,fully_connected,fully_connected_gpu_bf_tiled,fully_connected_gpu_bf_tiled_17963963101609895522_0_0,performance,gtpin_total_execution_cycles,3586880,cycles,1,8,3586880
n1_i3,3,1,3,n1_i3::kernel::fullyconnected:/model/layers.14/mlp/down_proj/MatMul::fully_connected_gpu_bf_tiled_2727911967636154657_0_0,n1_i3::primitive::fullyconnected:/model/layers.14/mlp/down_proj/MatMul,kernel,fully_connected_gpu_bf_tiled_2727911967636154657_0_0,layers.*/mlp,/model/layers.14/mlp/down_proj/MatMul,FullyConnected,fullyconnected:/model/layers.14/mlp/down_proj/MatMul,fully_connected,fully_connected_gpu_bf_tiled,fully_connected_gpu_bf_tiled_2727911967636154657_0_0,performance,gtpin_total_execution_cycles,76104142,cycles,1,64,76104142
n1_i3,3,1,3,n1_i3::kernel::fullyconnected:/model/layers.14/mlp/gate_proj/MatMul::fully_connected_gpu_bf_tiled_9957149419786459120_0_0,n1_i3::primitive::fullyconnected:/model/layers.14/mlp/gate_proj/MatMul,kernel,fully_connected_gpu_bf_tiled_9957149419786459120_0_0,layers.*/mlp,/model/layers.14/mlp/gate_proj/MatMul,FullyConnected,fullyconnected:/model/layers.14/mlp/gate_proj/MatMul,fully_connected,fully_connected_gpu_bf_tiled,fully_connected_gpu_bf_tiled_9957149419786459120_0_0,performance,gtpin_total_execution_cycles,130750276,cycles,1,176,130750276
n1_i3,3,1,3,n1_i3::kernel::fullyconnected:/model/layers.14/mlp/up_proj/MatMul::fully_connected_gpu_bf_tiled_2740906288179525049_0_0,n1_i3::primitive::fullyconnected:/model/layers.14/mlp/up_proj/MatMul,kernel,fully_connected_gpu_bf_tiled_2740906288179525049_0_0,layers.*/mlp,/model/layers.14/mlp/up_proj/MatMul,FullyConnected,fullyconnected:/model/layers.14/mlp/up_proj/MatMul,fully_connected,fully_connected_gpu_bf_tiled,fully_connected_gpu_bf_tiled_2740906288179525049_0_0,performance,gtpin_total_execution_cycles,121308148,cycles,1,176,121308148
n1_i3,3,1,3,n1_i3::kernel::fullyconnected:/model/layers.14/self_attn/k_proj/MatMul::fully_connected_gpu_bf_tiled_17963963101609895522_0_0,n1_i3::primitive::fullyconnected:/model/layers.14/self_attn/k_proj/MatMul,kernel,fully_connected_gpu_bf_tiled_17963963101609895522_0_0,layers.*/self_attn,/model/layers.14/self_attn/k_proj/MatMul,FullyConnected,fullyconnected:/model/layers.14/self_attn/k_proj/MatMul,fully_connected,fully_connected_gpu_bf_tiled,fully_connected_gpu_bf_tiled_17963963101609895522_0_0,performance,gtpin_total_execution_cycles,3756322,cycles,1,8,3756322
n1_i3,3,1,3,n1_i3::kernel::fullyconnected:/model/layers.14/self_attn/o_proj/MatMul::fully_connected_gpu_bf_tiled_14284117615310227244_0_0,n1_i3::primitive::fullyconnected:/model/layers.14/self_attn/o_proj/MatMul,kernel,fully_connected_gpu_bf_tiled_14284117615310227244_0_0,layers.*/self_attn,/model/layers.14/self_attn/o_proj/MatMul,FullyConnected,fullyconnected:/model/layers.14/self_attn/o_proj/MatMul,fully_connected,fully_connected_gpu_bf_tiled,fully_connected_gpu_bf_tiled_14284117615310227244_0_0,performance,gtpin_total_execution_cycles,28733700,cycles,1,64,28733700
n1_i3,3,1,3,n1_i3::kernel::fullyconnected:/model/layers.14/self_attn/q_proj/MatMul::fully_connected_gpu_bf_tiled_5315586391497964380_0_0,n1_i3::primitive::fullyconnected:/model/layers.14/self_attn/q_proj/MatMul,kernel,fully_connected_gpu_bf_tiled_5315586391497964380_0_0,layers.*/self_attn,/model/layers.14/self_attn/q_proj/MatMul,FullyConnected,fullyconnected:/model/layers.14/self_attn/q_proj/MatMul,fully_connected,fully_connected_gpu_bf_tiled,fully_connected_gpu_bf_tiled_5315586391497964380_0_0,performance,gtpin_total_execution_cycles,29069598,cycles,1,64,29069598
n1_i3,3,1,3,n1_i3::kernel::fullyconnected:/model/layers.14/self_attn/v_proj/MatMul::fully_connected_gpu_bf_tiled_17963963101609895522_0_0,n1_i3::primitive::fullyconnected:/model/layers.14/self_attn/v_proj/MatMul,kernel,fully_connected_gpu_bf_tiled_17963963101609895522_0_0,layers.*/self_attn,/model/layers.14/self_attn/v_proj/MatMul,FullyConnected,fullyconnected:/model/layers.14/self_attn/v_proj/MatMul,fully_connected,fully_connected_gpu_bf_tiled,fully_connected_gpu_bf_tiled_17963963101609895522_0_0,performance,gtpin_total_execution_cycles,3555276,cycles,1,8,3555276
n1_i3,3,1,3,n1_i3::kernel::fullyconnected:/model/layers.15/mlp/down_proj/MatMul::fully_connected_gpu_bf_tiled_2727911967636154657_0_0,n1_i3::primitive::fullyconnected:/model/layers.15/mlp/down_proj/MatMul,kernel,fully_connected_gpu_bf_tiled_2727911967636154657_0_0,layers.*/mlp,/model/layers.15/mlp/down_proj/MatMul,FullyConnected,fullyconnected:/model/layers.15/mlp/down_proj/MatMul,fully_connected,fully_connected_gpu_bf_tiled,fully_connected_gpu_bf_tiled_2727911967636154657_0_0,performance,gtpin_total_execution_cycles,74850022,cycles,1,64,74850022
n1_i3,3,1,3,n1_i3::kernel::fullyconnected:/model/layers.15/mlp/gate_proj/MatMul::fully_connected_gpu_bf_tiled_9957149419786459120_0_0,n1_i3::primitive::fullyconnected:/model/layers.15/mlp/gate_proj/MatMul,kernel,fully_connected_gpu_bf_tiled_9957149419786459120_0_0,layers.*/mlp,/model/layers.15/mlp/gate_proj/MatMul,FullyConnected,fullyconnected:/model/layers.15/mlp/gate_proj/MatMul,fully_connected,fully_connected_gpu_bf_tiled,fully_connected_gpu_bf_tiled_9957149419786459120_0_0,performance,gtpin_total_execution_cycles,101424276,cycles,1,176,101424276
n1_i3,3,1,3,n1_i3::kernel::fullyconnected:/model/layers.15/mlp/up_proj/MatMul::fully_connected_gpu_bf_tiled_2740906288179525049_0_0,n1_i3::primitive::fullyconnected:/model/layers.15/mlp/up_proj/MatMul,kernel,fully_connected_gpu_bf_tiled_2740906288179525049_0_0,layers.*/mlp,/model/layers.15/mlp/up_proj/MatMul,FullyConnected,fullyconnected:/model/layers.15/mlp/up_proj/MatMul,fully_connected,fully_connected_gpu_bf_tiled,fully_connected_gpu_bf_tiled_2740906288179525049_0_0,performance,gtpin_total_execution_cycles,95182012,cycles,1,176,95182012
n1_i3,3,1,3,n1_i3::kernel::fullyconnected:/model/layers.15/self_attn/k_proj/MatMul::fully_connected_gpu_bf_tiled_17963963101609895522_0_0,n1_i3::primitive::fullyconnected:/model/layers.15/self_attn/k_proj/MatMul,kernel,fully_connected_gpu_bf_tiled_17963963101609895522_0_0,layers.*/self_attn,/model/layers.15/self_attn/k_proj/MatMul,FullyConnected,fullyconnected:/model/layers.15/self_attn/k_proj/MatMul,fully_connected,fully_connected_gpu_bf_tiled,fully_connected_gpu_bf_tiled_17963963101609895522_0_0,performance,gtpin_total_execution_cycles,3695984,cycles,1,8,3695984
n1_i3,3,1,3,n1_i3::kernel::fullyconnected:/model/layers.15/self_attn/o_proj/MatMul::fully_connected_gpu_bf_tiled_14284117615310227244_0_0,n1_i3::primitive::fullyconnected:/model/layers.15/self_attn/o_proj/MatMul,kernel,fully_connected_gpu_bf_tiled_14284117615310227244_0_0,layers.*/self_attn,/model/layers.15/self_attn/o_proj/MatMul,FullyConnected,fullyconnected:/model/layers.15/self_attn/o_proj/MatMul,fully_connected,fully_connected_gpu_bf_tiled,fully_connected_gpu_bf_tiled_14284117615310227244_0_0,performance,gtpin_total_execution_cycles,28051060,cycles,1,64,28051060
n1_i3,3,1,3,n1_i3::kernel::fullyconnected:/model/layers.15/self_attn/q_proj/MatMul::fully_connected_gpu_bf_tiled_5315586391497964380_0_0,n1_i3::primitive::fullyconnected:/model/layers.15/self_attn/q_proj/MatMul,kernel,fully_connected_gpu_bf_tiled_5315586391497964380_0_0,layers.*/self_attn,/model/layers.15/self_attn/q_proj/MatMul,FullyConnected,fullyconnected:/model/layers.15/self_attn/q_proj/MatMul,fully_connected,fully_connected_gpu_bf_tiled,fully_connected_gpu_bf_tiled_5315586391497964380_0_0,performance,gtpin_total_execution_cycles,28692178,cycles,1,64,28692178
n1_i3,3,1,3,n1_i3::kernel::fullyconnected:/model/layers.15/self_attn/v_proj/MatMul::fully_connected_gpu_bf_tiled_17963963101609895522_0_0,n1_i3::primitive::fullyconnected:/model/layers.15/self_attn/v_proj/MatMul,kernel,fully_connected_gpu_bf_tiled_17963963101609895522_0_0,layers.*/self_attn,/model/layers.15/self_attn/v_proj/MatMul,FullyConnected,fullyconnected:/model/layers.15/self_attn/v_proj/MatMul,fully_connected,fully_connected_gpu_bf_tiled,fully_connected_gpu_bf_tiled_17963963101609895522_0_0,performance,gtpin_total_execution_cycles,3506892,cycles,1,8,3506892
n1_i3,3,1,3,n1_i3::kernel::fullyconnected:/model/layers.16/mlp/down_proj/MatMul::fully_connected_gpu_bf_tiled_2727911967636154657_0_0,n1_i3::primitive::fullyconnected:/model/layers.16/mlp/down_proj/MatMul,kernel,fully_connected_gpu_bf_tiled_2727911967636154657_0_0,layers.*/mlp,/model/layers.16/mlp/down_proj/MatMul,FullyConnected,fullyconnected:/model/layers.16/mlp/down_proj/MatMul,fully_connected,fully_connected_gpu_bf_tiled,fully_connected_gpu_bf_tiled_2727911967636154657_0_0,performance,gtpin_total_execution_cycles,77914048,cycles,1,64,77914048
n1_i3,3,1,3,n1_i3::kernel::fullyconnected:/model/layers.16/mlp/gate_proj/MatMul::fully_connected_gpu_bf_tiled_9957149419786459120_0_0,n1_i3::primitive::fullyconnected:/model/layers.16/mlp/gate_proj/MatMul,kernel,fully_connected_gpu_bf_tiled_9957149419786459120_0_0,layers.*/mlp,/model/layers.16/mlp/gate_proj/MatMul,FullyConnected,fullyconnected:/model/layers.16/mlp/gate_proj/MatMul,fully_connected,fully_connected_gpu_bf_tiled,fully_connected_gpu_bf_tiled_9957149419786459120_0_0,performance,gtpin_total_execution_cycles,124803208,cycles,1,176,124803208
n1_i3,3,1,3,n1_i3::kernel::fullyconnected:/model/layers.16/mlp/up_proj/MatMul::fully_connected_gpu_bf_tiled_2740906288179525049_0_0,n1_i3::primitive::fullyconnected:/model/layers.16/mlp/up_proj/MatMul,kernel,fully_connected_gpu_bf_tiled_2740906288179525049_0_0,layers.*/mlp,/model/layers.16/mlp/up_proj/MatMul,FullyConnected,fullyconnected:/model/layers.16/mlp/up_proj/MatMul,fully_connected,fully_connected_gpu_bf_tiled,fully_connected_gpu_bf_tiled_2740906288179525049_0_0,performance,gtpin_total_execution_cycles,97501894,cycles,1,176,97501894
n1_i3,3,1,3,n1_i3::kernel::fullyconnected:/model/layers.16/self_attn/k_proj/MatMul::fully_connected_gpu_bf_tiled_17963963101609895522_0_0,n1_i3::primitive::fullyconnected:/model/layers.16/self_attn/k_proj/MatMul,kernel,fully_connected_gpu_bf_tiled_17963963101609895522_0_0,layers.*/self_attn,/model/layers.16/self_attn/k_proj/MatMul,FullyConnected,fullyconnected:/model/layers.16/self_attn/k_proj/MatMul,fully_connected,fully_connected_gpu_bf_tiled,fully_connected_gpu_bf_tiled_17963963101609895522_0_0,performance,gtpin_total_execution_cycles,3670706,cycles,1,8,3670706
n1_i3,3,1,3,n1_i3::kernel::fullyconnected:/model/layers.16/self_attn/o_proj/MatMul::fully_connected_gpu_bf_tiled_14284117615310227244_0_0,n1_i3::primitive::fullyconnected:/model/layers.16/self_attn/o_proj/MatMul,kernel,fully_connected_gpu_bf_tiled_14284117615310227244_0_0,layers.*/self_attn,/model/layers.16/self_attn/o_proj/MatMul,FullyConnected,fullyconnected:/model/layers.16/self_attn/o_proj/MatMul,fully_connected,fully_connected_gpu_bf_tiled,fully_connected_gpu_bf_tiled_14284117615310227244_0_0,performance,gtpin_total_execution_cycles,29240358,cycles,1,64,29240358
n1_i3,3,1,3,n1_i3::kernel::fullyconnected:/model/layers.16/self_attn/q_proj/MatMul::fully_connected_gpu_bf_tiled_5315586391497964380_0_0,n1_i3::primitive::fullyconnected:/model/layers.16/self_attn/q_proj/MatMul,kernel,fully_connected_gpu_bf_tiled_5315586391497964380_0_0,layers.*/self_attn,/model/layers.16/self_attn/q_proj/MatMul,FullyConnected,fullyconnected:/model/layers.16/self_attn/q_proj/MatMul,fully_connected,fully_connected_gpu_bf_tiled,fully_connected_gpu_bf_tiled_5315586391497964380_0_0,performance,gtpin_total_execution_cycles,28485996,cycles,1,64,28485996
n1_i3,3,1,3,n1_i3::kernel::fullyconnected:/model/layers.16/self_attn/v_proj/MatMul::fully_connected_gpu_bf_tiled_17963963101609895522_0_0,n1_i3::primitive::fullyconnected:/model/layers.16/self_attn/v_proj/MatMul,kernel,fully_connected_gpu_bf_tiled_17963963101609895522_0_0,layers.*/self_attn,/model/layers.16/self_attn/v_proj/MatMul,FullyConnected,fullyconnected:/model/layers.16/self_attn/v_proj/MatMul,fully_connected,fully_connected_gpu_bf_tiled,fully_connected_gpu_bf_tiled_17963963101609895522_0_0,performance,gtpin_total_execution_cycles,3466686,cycles,1,8,3466686
n1_i3,3,1,3,n1_i3::kernel::fullyconnected:/model/layers.17/mlp/down_proj/MatMul::fully_connected_gpu_bf_tiled_2727911967636154657_0_0,n1_i3::primitive::fullyconnected:/model/layers.17/mlp/down_proj/MatMul,kernel,fully_connected_gpu_bf_tiled_2727911967636154657_0_0,layers.*/mlp,/model/layers.17/mlp/down_proj/MatMul,FullyConnected,fullyconnected:/model/layers.17/mlp/down_proj/MatMul,fully_connected,fully_connected_gpu_bf_tiled,fully_connected_gpu_bf_tiled_2727911967636154657_0_0,performance,gtpin_total_execution_cycles,78781340,cycles,1,64,78781340
n1_i3,3,1,3,n1_i3::kernel::fullyconnected:/model/layers.17/mlp/gate_proj/MatMul::fully_connected_gpu_bf_tiled_9957149419786459120_0_0,n1_i3::primitive::fullyconnected:/model/layers.17/mlp/gate_proj/MatMul,kernel,fully_connected_gpu_bf_tiled_9957149419786459120_0_0,layers.*/mlp,/model/layers.17/mlp/gate_proj/MatMul,FullyConnected,fullyconnected:/model/layers.17/mlp/gate_proj/MatMul,fully_connected,fully_connected_gpu_bf_tiled,fully_connected_gpu_bf_tiled_9957149419786459120_0_0,performance,gtpin_total_execution_cycles,117698896,cycles,1,176,117698896
n1_i3,3,1,3,n1_i3::kernel::fullyconnected:/model/layers.17/mlp/up_proj/MatMul::fully_connected_gpu_bf_tiled_2740906288179525049_0_0,n1_i3::primitive::fullyconnected:/model/layers.17/mlp/up_proj/MatMul,kernel,fully_connected_gpu_bf_tiled_2740906288179525049_0_0,layers.*/mlp,/model/layers.17/mlp/up_proj/MatMul,FullyConnected,fullyconnected:/model/layers.17/mlp/up_proj/MatMul,fully_connected,fully_connected_gpu_bf_tiled,fully_connected_gpu_bf_tiled_2740906288179525049_0_0,performance,gtpin_total_execution_cycles,102375116,cycles,1,176,102375116
n1_i3,3,1,3,n1_i3::kernel::fullyconnected:/model/layers.17/self_attn/k_proj/MatMul::fully_connected_gpu_bf_tiled_17963963101609895522_0_0,n1_i3::primitive::fullyconnected:/model/layers.17/self_attn/k_proj/MatMul,kernel,fully_connected_gpu_bf_tiled_17963963101609895522_0_0,layers.*/self_attn,/model/layers.17/self_attn/k_proj/MatMul,FullyConnected,fullyconnected:/model/layers.17/self_attn/k_proj/MatMul,fully_connected,fully_connected_gpu_bf_tiled,fully_connected_gpu_bf_tiled_17963963101609895522_0_0,performance,gtpin_total_execution_cycles,3757008,cycles,1,8,3757008
n1_i3,3,1,3,n1_i3::kernel::fullyconnected:/model/layers.17/self_attn/o_proj/MatMul::fully_connected_gpu_bf_tiled_14284117615310227244_0_0,n1_i3::primitive::fullyconnected:/model/layers.17/self_attn/o_proj/MatMul,kernel,fully_connected_gpu_bf_tiled_14284117615310227244_0_0,layers.*/self_attn,/model/layers.17/self_attn/o_proj/MatMul,FullyConnected,fullyconnected:/model/layers.17/self_attn/o_proj/MatMul,fully_connected,fully_connected_gpu_bf_tiled,fully_connected_gpu_bf_tiled_14284117615310227244_0_0,performance,gtpin_total_execution_cycles,28933718,cycles,1,64,28933718
n1_i3,3,1,3,n1_i3::kernel::fullyconnected:/model/layers.17/self_attn/q_proj/MatMul::fully_connected_gpu_bf_tiled_5315586391497964380_0_0,n1_i3::primitive::fullyconnected:/model/layers.17/self_attn/q_proj/MatMul,kernel,fully_connected_gpu_bf_tiled_5315586391497964380_0_0,layers.*/self_attn,/model/layers.17/self_attn/q_proj/MatMul,FullyConnected,fullyconnected:/model/layers.17/self_attn/q_proj/MatMul,fully_connected,fully_connected_gpu_bf_tiled,fully_connected_gpu_bf_tiled_5315586391497964380_0_0,performance,gtpin_total_execution_cycles,29024678,cycles,1,64,29024678
n1_i3,3,1,3,n1_i3::kernel::fullyconnected:/model/layers.17/self_attn/v_proj/MatMul::fully_connected_gpu_bf_tiled_17963963101609895522_0_0,n1_i3::primitive::fullyconnected:/model/layers.17/self_attn/v_proj/MatMul,kernel,fully_connected_gpu_bf_tiled_17963963101609895522_0_0,layers.*/self_attn,/model/layers.17/self_attn/v_proj/MatMul,FullyConnected,fullyconnected:/model/layers.17/self_attn/v_proj/MatMul,fully_connected,fully_connected_gpu_bf_tiled,fully_connected_gpu_bf_tiled_17963963101609895522_0_0,performance,gtpin_total_execution_cycles,3553400,cycles,1,8,3553400
n1_i3,3,1,3,n1_i3::kernel::fullyconnected:/model/layers.18/mlp/down_proj/MatMul::fully_connected_gpu_bf_tiled_2727911967636154657_0_0,n1_i3::primitive::fullyconnected:/model/layers.18/mlp/down_proj/MatMul,kernel,fully_connected_gpu_bf_tiled_2727911967636154657_0_0,layers.*/mlp,/model/layers.18/mlp/down_proj/MatMul,FullyConnected,fullyconnected:/model/layers.18/mlp/down_proj/MatMul,fully_connected,fully_connected_gpu_bf_tiled,fully_connected_gpu_bf_tiled_2727911967636154657_0_0,performance,gtpin_total_execution_cycles,75403476,cycles,1,64,75403476
n1_i3,3,1,3,n1_i3::kernel::fullyconnected:/model/layers.18/mlp/gate_proj/MatMul::fully_connected_gpu_bf_tiled_9957149419786459120_0_0,n1_i3::primitive::fullyconnected:/model/layers.18/mlp/gate_proj/MatMul,kernel,fully_connected_gpu_bf_tiled_9957149419786459120_0_0,layers.*/mlp,/model/layers.18/mlp/gate_proj/MatMul,FullyConnected,fullyconnected:/model/layers.18/mlp/gate_proj/MatMul,fully_connected,fully_connected_gpu_bf_tiled,fully_connected_gpu_bf_tiled_9957149419786459120_0_0,performance,gtpin_total_execution_cycles,111523686,cycles,1,176,111523686
n1_i3,3,1,3,n1_i3::kernel::fullyconnected:/model/layers.18/mlp/up_proj/MatMul::fully_connected_gpu_bf_tiled_2740906288179525049_0_0,n1_i3::primitive::fullyconnected:/model/layers.18/mlp/up_proj/MatMul,kernel,fully_connected_gpu_bf_tiled_2740906288179525049_0_0,layers.*/mlp,/model/layers.18/mlp/up_proj/MatMul,FullyConnected,fullyconnected:/model/layers.18/mlp/up_proj/MatMul,fully_connected,fully_connected_gpu_bf_tiled,fully_connected_gpu_bf_tiled_2740906288179525049_0_0,performance,gtpin_total_execution_cycles,102925112,cycles,1,176,102925112
n1_i3,3,1,3,n1_i3::kernel::fullyconnected:/model/layers.18/self_attn/k_proj/MatMul::fully_connected_gpu_bf_tiled_17963963101609895522_0_0,n1_i3::primitive::fullyconnected:/model/layers.18/self_attn/k_proj/MatMul,kernel,fully_connected_gpu_bf_tiled_17963963101609895522_0_0,layers.*/self_attn,/model/layers.18/self_attn/k_proj/MatMul,FullyConnected,fullyconnected:/model/layers.18/self_attn/k_proj/MatMul,fully_connected,fully_connected_gpu_bf_tiled,fully_connected_gpu_bf_tiled_17963963101609895522_0_0,performance,gtpin_total_execution_cycles,3882710,cycles,1,8,3882710
n1_i3,3,1,3,n1_i3::kernel::fullyconnected:/model/layers.18/self_attn/o_proj/MatMul::fully_connected_gpu_bf_tiled_14284117615310227244_0_0,n1_i3::primitive::fullyconnected:/model/layers.18/self_attn/o_proj/MatMul,kernel,fully_connected_gpu_bf_tiled_14284117615310227244_0_0,layers.*/self_attn,/model/layers.18/self_attn/o_proj/MatMul,FullyConnected,fullyconnected:/model/layers.18/self_attn/o_proj/MatMul,fully_connected,fully_connected_gpu_bf_tiled,fully_connected_gpu_bf_tiled_14284117615310227244_0_0,performance,gtpin_total_execution_cycles,30333820,cycles,1,64,30333820
n1_i3,3,1,3,n1_i3::kernel::fullyconnected:/model/layers.18/self_attn/q_proj/MatMul::fully_connected_gpu_bf_tiled_5315586391497964380_0_0,n1_i3::primitive::fullyconnected:/model/layers.18/self_attn/q_proj/MatMul,kernel,fully_connected_gpu_bf_tiled_5315586391497964380_0_0,layers.*/self_attn,/model/layers.18/self_attn/q_proj/MatMul,FullyConnected,fullyconnected:/model/layers.18/self_attn/q_proj/MatMul,fully_connected,fully_connected_gpu_bf_tiled,fully_connected_gpu_bf_tiled_5315586391497964380_0_0,performance,gtpin_total_execution_cycles,30114802,cycles,1,64,30114802
n1_i3,3,1,3,n1_i3::kernel::fullyconnected:/model/layers.18/self_attn/v_proj/MatMul::fully_connected_gpu_bf_tiled_17963963101609895522_0_0,n1_i3::primitive::fullyconnected:/model/layers.18/self_attn/v_proj/MatMul,kernel,fully_connected_gpu_bf_tiled_17963963101609895522_0_0,layers.*/self_attn,/model/layers.18/self_attn/v_proj/MatMul,FullyConnected,fullyconnected:/model/layers.18/self_attn/v_proj/MatMul,fully_connected,fully_connected_gpu_bf_tiled,fully_connected_gpu_bf_tiled_17963963101609895522_0_0,performance,gtpin_total_execution_cycles,3693860,cycles,1,8,3693860
n1_i3,3,1,3,n1_i3::kernel::fullyconnected:/model/layers.19/mlp/down_proj/MatMul::fully_connected_gpu_bf_tiled_2727911967636154657_0_0,n1_i3::primitive::fullyconnected:/model/layers.19/mlp/down_proj/MatMul,kernel,fully_connected_gpu_bf_tiled_2727911967636154657_0_0,layers.*/mlp,/model/layers.19/mlp/down_proj/MatMul,FullyConnected,fullyconnected:/model/layers.19/mlp/down_proj/MatMul,fully_connected,fully_connected_gpu_bf_tiled,fully_connected_gpu_bf_tiled_2727911967636154657_0_0,performance,gtpin_total_execution_cycles,75749454,cycles,1,64,75749454
n1_i3,3,1,3,n1_i3::kernel::fullyconnected:/model/layers.19/mlp/gate_proj/MatMul::fully_connected_gpu_bf_tiled_9957149419786459120_0_0,n1_i3::primitive::fullyconnected:/model/layers.19/mlp/gate_proj/MatMul,kernel,fully_connected_gpu_bf_tiled_9957149419786459120_0_0,layers.*/mlp,/model/layers.19/mlp/gate_proj/MatMul,FullyConnected,fullyconnected:/model/layers.19/mlp/gate_proj/MatMul,fully_connected,fully_connected_gpu_bf_tiled,fully_connected_gpu_bf_tiled_9957149419786459120_0_0,performance,gtpin_total_execution_cycles,104948162,cycles,1,176,104948162
n1_i3,3,1,3,n1_i3::kernel::fullyconnected:/model/layers.19/mlp/up_proj/MatMul::fully_connected_gpu_bf_tiled_2740906288179525049_0_0,n1_i3::primitive::fullyconnected:/model/layers.19/mlp/up_proj/MatMul,kernel,fully_connected_gpu_bf_tiled_2740906288179525049_0_0,layers.*/mlp,/model/layers.19/mlp/up_proj/MatMul,FullyConnected,fullyconnected:/model/layers.19/mlp/up_proj/MatMul,fully_connected,fully_connected_gpu_bf_tiled,fully_connected_gpu_bf_tiled_2740906288179525049_0_0,performance,gtpin_total_execution_cycles,101249464,cycles,1,176,101249464
n1_i3,3,1,3,n1_i3::kernel::fullyconnected:/model/layers.19/self_attn/k_proj/MatMul::fully_connected_gpu_bf_tiled_17963963101609895522_0_0,n1_i3::primitive::fullyconnected:/model/layers.19/self_attn/k_proj/MatMul,kernel,fully_connected_gpu_bf_tiled_17963963101609895522_0_0,layers.*/self_attn,/model/layers.19/self_attn/k_proj/MatMul,FullyConnected,fullyconnected:/model/layers.19/self_attn/k_proj/MatMul,fully_connected,fully_connected_gpu_bf_tiled,fully_connected_gpu_bf_tiled_17963963101609895522_0_0,performance,gtpin_total_execution_cycles,3693990,cycles,1,8,3693990
n1_i3,3,1,3,n1_i3::kernel::fullyconnected:/model/layers.19/self_attn/o_proj/MatMul::fully_connected_gpu_bf_tiled_14284117615310227244_0_0,n1_i3::primitive::fullyconnected:/model/layers.19/self_attn/o_proj/MatMul,kernel,fully_connected_gpu_bf_tiled_14284117615310227244_0_0,layers.*/self_attn,/model/layers.19/self_attn/o_proj/MatMul,FullyConnected,fullyconnected:/model/layers.19/self_attn/o_proj/MatMul,fully_connected,fully_connected_gpu_bf_tiled,fully_connected_gpu_bf_tiled_14284117615310227244_0_0,performance,gtpin_total_execution_cycles,28146054,cycles,1,64,28146054
n1_i3,3,1,3,n1_i3::kernel::fullyconnected:/model/layers.19/self_attn/q_proj/MatMul::fully_connected_gpu_bf_tiled_5315586391497964380_0_0,n1_i3::primitive::fullyconnected:/model/layers.19/self_attn/q_proj/MatMul,kernel,fully_connected_gpu_bf_tiled_5315586391497964380_0_0,layers.*/self_attn,/model/layers.19/self_attn/q_proj/MatMul,FullyConnected,fullyconnected:/model/layers.19/self_attn/q_proj/MatMul,fully_connected,fully_connected_gpu_bf_tiled,fully_connected_gpu_bf_tiled_5315586391497964380_0_0,performance,gtpin_total_execution_cycles,28734876,cycles,1,64,28734876
n1_i3,3,1,3,n1_i3::kernel::fullyconnected:/model/layers.19/self_attn/v_proj/MatMul::fully_connected_gpu_bf_tiled_17963963101609895522_0_0,n1_i3::primitive::fullyconnected:/model/layers.19/self_attn/v_proj/MatMul,kernel,fully_connected_gpu_bf_tiled_17963963101609895522_0_0,layers.*/self_attn,/model/layers.19/self_attn/v_proj/MatMul,FullyConnected,fullyconnected:/model/layers.19/self_attn/v_proj/MatMul,fully_connected,fully_connected_gpu_bf_tiled,fully_connected_gpu_bf_tiled_17963963101609895522_0_0,performance,gtpin_total_execution_cycles,3507770,cycles,1,8,3507770
n1_i3,3,1,3,n1_i3::kernel::fullyconnected:/model/layers.2/mlp/down_proj/MatMul::fully_connected_gpu_bf_tiled_2727911967636154657_0_0,n1_i3::primitive::fullyconnected:/model/layers.2/mlp/down_proj/MatMul,kernel,fully_connected_gpu_bf_tiled_2727911967636154657_0_0,layers.*/mlp,/model/layers.2/mlp/down_proj/MatMul,FullyConnected,fullyconnected:/model/layers.2/mlp/down_proj/MatMul,fully_connected,fully_connected_gpu_bf_tiled,fully_connected_gpu_bf_tiled_2727911967636154657_0_0,performance,gtpin_total_execution_cycles,79757780,cycles,1,64,79757780
n1_i3,3,1,3,n1_i3::kernel::fullyconnected:/model/layers.2/mlp/gate_proj/MatMul::fully_connected_gpu_bf_tiled_9957149419786459120_0_0,n1_i3::primitive::fullyconnected:/model/layers.2/mlp/gate_proj/MatMul,kernel,fully_connected_gpu_bf_tiled_9957149419786459120_0_0,layers.*/mlp,/model/layers.2/mlp/gate_proj/MatMul,FullyConnected,fullyconnected:/model/layers.2/mlp/gate_proj/MatMul,fully_connected,fully_connected_gpu_bf_tiled,fully_connected_gpu_bf_tiled_9957149419786459120_0_0,performance,gtpin_total_execution_cycles,151827454,cycles,1,176,151827454
n1_i3,3,1,3,n1_i3::kernel::fullyconnected:/model/layers.2/mlp/up_proj/MatMul::fully_connected_gpu_bf_tiled_2740906288179525049_0_0,n1_i3::primitive::fullyconnected:/model/layers.2/mlp/up_proj/MatMul,kernel,fully_connected_gpu_bf_tiled_2740906288179525049_0_0,layers.*/mlp,/model/layers.2/mlp/up_proj/MatMul,FullyConnected,fullyconnected:/model/layers.2/mlp/up_proj/MatMul,fully_connected,fully_connected_gpu_bf_tiled,fully_connected_gpu_bf_tiled_2740906288179525049_0_0,performance,gtpin_total_execution_cycles,111257466,cycles,1,176,111257466
n1_i3,3,1,3,n1_i3::kernel::fullyconnected:/model/layers.2/self_attn/k_proj/MatMul::fully_connected_gpu_bf_tiled_17963963101609895522_0_0,n1_i3::primitive::fullyconnected:/model/layers.2/self_attn/k_proj/MatMul,kernel,fully_connected_gpu_bf_tiled_17963963101609895522_0_0,layers.*/self_attn,/model/layers.2/self_attn/k_proj/MatMul,FullyConnected,fullyconnected:/model/layers.2/self_attn/k_proj/MatMul,fully_connected,fully_connected_gpu_bf_tiled,fully_connected_gpu_bf_tiled_17963963101609895522_0_0,performance,gtpin_total_execution_cycles,3810654,cycles,1,8,3810654
n1_i3,3,1,3,n1_i3::kernel::fullyconnected:/model/layers.2/self_attn/o_proj/MatMul::fully_connected_gpu_bf_tiled_14284117615310227244_0_0,n1_i3::primitive::fullyconnected:/model/layers.2/self_attn/o_proj/MatMul,kernel,fully_connected_gpu_bf_tiled_14284117615310227244_0_0,layers.*/self_attn,/model/layers.2/self_attn/o_proj/MatMul,FullyConnected,fullyconnected:/model/layers.2/self_attn/o_proj/MatMul,fully_connected,fully_connected_gpu_bf_tiled,fully_connected_gpu_bf_tiled_14284117615310227244_0_0,performance,gtpin_total_execution_cycles,28663372,cycles,1,64,28663372
n1_i3,3,1,3,n1_i3::kernel::fullyconnected:/model/layers.2/self_attn/q_proj/MatMul::fully_connected_gpu_bf_tiled_5315586391497964380_0_0,n1_i3::primitive::fullyconnected:/model/layers.2/self_attn/q_proj/MatMul,kernel,fully_connected_gpu_bf_tiled_5315586391497964380_0_0,layers.*/self_attn,/model/layers.2/self_attn/q_proj/MatMul,FullyConnected,fullyconnected:/model/layers.2/self_attn/q_proj/MatMul,fully_connected,fully_connected_gpu_bf_tiled,fully_connected_gpu_bf_tiled_5315586391497964380_0_0,performance,gtpin_total_execution_cycles,29610774,cycles,1,64,29610774
n1_i3,3,1,3,n1_i3::kernel::fullyconnected:/model/layers.2/self_attn/v_proj/MatMul::fully_connected_gpu_bf_tiled_17963963101609895522_0_0,n1_i3::primitive::fullyconnected:/model/layers.2/self_attn/v_proj/MatMul,kernel,fully_connected_gpu_bf_tiled_17963963101609895522_0_0,layers.*/self_attn,/model/layers.2/self_attn/v_proj/MatMul,FullyConnected,fullyconnected:/model/layers.2/self_attn/v_proj/MatMul,fully_connected,fully_connected_gpu_bf_tiled,fully_connected_gpu_bf_tiled_17963963101609895522_0_0,performance,gtpin_total_execution_cycles,3627178,cycles,1,8,3627178
n1_i3,3,1,3,n1_i3::kernel::fullyconnected:/model/layers.20/mlp/down_proj/MatMul::fully_connected_gpu_bf_tiled_2727911967636154657_0_0,n1_i3::primitive::fullyconnected:/model/layers.20/mlp/down_proj/MatMul,kernel,fully_connected_gpu_bf_tiled_2727911967636154657_0_0,layers.*/mlp,/model/layers.20/mlp/down_proj/MatMul,FullyConnected,fullyconnected:/model/layers.20/mlp/down_proj/MatMul,fully_connected,fully_connected_gpu_bf_tiled,fully_connected_gpu_bf_tiled_2727911967636154657_0_0,performance,gtpin_total_execution_cycles,79860548,cycles,1,64,79860548
n1_i3,3,1,3,n1_i3::kernel::fullyconnected:/model/layers.20/mlp/gate_proj/MatMul::fully_connected_gpu_bf_tiled_9957149419786459120_0_0,n1_i3::primitive::fullyconnected:/model/layers.20/mlp/gate_proj/MatMul,kernel,fully_connected_gpu_bf_tiled_9957149419786459120_0_0,layers.*/mlp,/model/layers.20/mlp/gate_proj/MatMul,FullyConnected,fullyconnected:/model/layers.20/mlp/gate_proj/MatMul,fully_connected,fully_connected_gpu_bf_tiled,fully_connected_gpu_bf_tiled_9957149419786459120_0_0,performance,gtpin_total_execution_cycles,130453824,cycles,1,176,130453824
n1_i3,3,1,3,n1_i3::kernel::fullyconnected:/model/layers.20/mlp/up_proj/MatMul::fully_connected_gpu_bf_tiled_2740906288179525049_0_0,n1_i3::primitive::fullyconnected:/model/layers.20/mlp/up_proj/MatMul,kernel,fully_connected_gpu_bf_tiled_2740906288179525049_0_0,layers.*/mlp,/model/layers.20/mlp/up_proj/MatMul,FullyConnected,fullyconnected:/model/layers.20/mlp/up_proj/MatMul,fully_connected,fully_connected_gpu_bf_tiled,fully_connected_gpu_bf_tiled_2740906288179525049_0_0,performance,gtpin_total_execution_cycles,121212512,cycles,1,176,121212512
n1_i3,3,1,3,n1_i3::kernel::fullyconnected:/model/layers.20/self_attn/k_proj/MatMul::fully_connected_gpu_bf_tiled_17963963101609895522_0_0,n1_i3::primitive::fullyconnected:/model/layers.20/self_attn/k_proj/MatMul,kernel,fully_connected_gpu_bf_tiled_17963963101609895522_0_0,layers.*/self_attn,/model/layers.20/self_attn/k_proj/MatMul,FullyConnected,fullyconnected:/model/layers.20/self_attn/k_proj/MatMul,fully_connected,fully_connected_gpu_bf_tiled,fully_connected_gpu_bf_tiled_17963963101609895522_0_0,performance,gtpin_total_execution_cycles,3722544,cycles,1,8,3722544
n1_i3,3,1,3,n1_i3::kernel::fullyconnected:/model/layers.20/self_attn/o_proj/MatMul::fully_connected_gpu_bf_tiled_14284117615310227244_0_0,n1_i3::primitive::fullyconnected:/model/layers.20/self_attn/o_proj/MatMul,kernel,fully_connected_gpu_bf_tiled_14284117615310227244_0_0,layers.*/self_attn,/model/layers.20/self_attn/o_proj/MatMul,FullyConnected,fullyconnected:/model/layers.20/self_attn/o_proj/MatMul,fully_connected,fully_connected_gpu_bf_tiled,fully_connected_gpu_bf_tiled_14284117615310227244_0_0,performance,gtpin_total_execution_cycles,30036802,cycles,1,64,30036802
n1_i3,3,1,3,n1_i3::kernel::fullyconnected:/model/layers.20/self_attn/q_proj/MatMul::fully_connected_gpu_bf_tiled_5315586391497964380_0_0,n1_i3::primitive::fullyconnected:/model/layers.20/self_attn/q_proj/MatMul,kernel,fully_connected_gpu_bf_tiled_5315586391497964380_0_0,layers.*/self_attn,/model/layers.20/self_attn/q_proj/MatMul,FullyConnected,fullyconnected:/model/layers.20/self_attn/q_proj/MatMul,fully_connected,fully_connected_gpu_bf_tiled,fully_connected_gpu_bf_tiled_5315586391497964380_0_0,performance,gtpin_total_execution_cycles,28841808,cycles,1,64,28841808
n1_i3,3,1,3,n1_i3::kernel::fullyconnected:/model/layers.20/self_attn/v_proj/MatMul::fully_connected_gpu_bf_tiled_17963963101609895522_0_0,n1_i3::primitive::fullyconnected:/model/layers.20/self_attn/v_proj/MatMul,kernel,fully_connected_gpu_bf_tiled_17963963101609895522_0_0,layers.*/self_attn,/model/layers.20/self_attn/v_proj/MatMul,FullyConnected,fullyconnected:/model/layers.20/self_attn/v_proj/MatMul,fully_connected,fully_connected_gpu_bf_tiled,fully_connected_gpu_bf_tiled_17963963101609895522_0_0,performance,gtpin_total_execution_cycles,3517630,cycles,1,8,3517630
n1_i3,3,1,3,n1_i3::kernel::fullyconnected:/model/layers.21/mlp/down_proj/MatMul::fully_connected_gpu_bf_tiled_2727911967636154657_0_0,n1_i3::primitive::fullyconnected:/model/layers.21/mlp/down_proj/MatMul,kernel,fully_connected_gpu_bf_tiled_2727911967636154657_0_0,layers.*/mlp,/model/layers.21/mlp/down_proj/MatMul,FullyConnected,fullyconnected:/model/layers.21/mlp/down_proj/MatMul,fully_connected,fully_connected_gpu_bf_tiled,fully_connected_gpu_bf_tiled_2727911967636154657_0_0,performance,gtpin_total_execution_cycles,76530568,cycles,1,64,76530568
n1_i3,3,1,3,n1_i3::kernel::fullyconnected:/model/layers.21/mlp/gate_proj/MatMul::fully_connected_gpu_bf_tiled_9957149419786459120_0_0,n1_i3::primitive::fullyconnected:/model/layers.21/mlp/gate_proj/MatMul,kernel,fully_connected_gpu_bf_tiled_9957149419786459120_0_0,layers.*/mlp,/model/layers.21/mlp/gate_proj/MatMul,FullyConnected,fullyconnected:/model/layers.21/mlp/gate_proj/MatMul,fully_connected,fully_connected_gpu_bf_tiled,fully_connected_gpu_bf_tiled_9957149419786459120_0_0,performance,gtpin_total_execution_cycles,154437006,cycles,1,176,154437006
n1_i3,3,1,3,n1_i3::kernel::fullyconnected:/model/layers.21/mlp/up_proj/MatMul::fully_connected_gpu_bf_tiled_2740906288179525049_0_0,n1_i3::primitive::fullyconnected:/model/layers.21/mlp/up_proj/MatMul,kernel,fully_connected_gpu_bf_tiled_2740906288179525049_0_0,layers.*/mlp,/model/layers.21/mlp/up_proj/MatMul,FullyConnected,fullyconnected:/model/layers.21/mlp/up_proj/MatMul,fully_connected,fully_connected_gpu_bf_tiled,fully_connected_gpu_bf_tiled_2740906288179525049_0_0,performance,gtpin_total_execution_cycles,115425742,cycles,1,176,115425742
n1_i3,3,1,3,n1_i3::kernel::fullyconnected:/model/layers.21/self_attn/k_proj/MatMul::fully_connected_gpu_bf_tiled_17963963101609895522_0_0,n1_i3::primitive::fullyconnected:/model/layers.21/self_attn/k_proj/MatMul,kernel,fully_connected_gpu_bf_tiled_17963963101609895522_0_0,layers.*/self_attn,/model/layers.21/self_attn/k_proj/MatMul,FullyConnected,fullyconnected:/model/layers.21/self_attn/k_proj/MatMul,fully_connected,fully_connected_gpu_bf_tiled,fully_connected_gpu_bf_tiled_17963963101609895522_0_0,performance,gtpin_total_execution_cycles,3950806,cycles,1,8,3950806
n1_i3,3,1,3,n1_i3::kernel::fullyconnected:/model/layers.21/self_attn/o_proj/MatMul::fully_connected_gpu_bf_tiled_14284117615310227244_0_0,n1_i3::primitive::fullyconnected:/model/layers.21/self_attn/o_proj/MatMul,kernel,fully_connected_gpu_bf_tiled_14284117615310227244_0_0,layers.*/self_attn,/model/layers.21/self_attn/o_proj/MatMul,FullyConnected,fullyconnected:/model/layers.21/self_attn/o_proj/MatMul,fully_connected,fully_connected_gpu_bf_tiled,fully_connected_gpu_bf_tiled_14284117615310227244_0_0,performance,gtpin_total_execution_cycles,29065274,cycles,1,64,29065274
n1_i3,3,1,3,n1_i3::kernel::fullyconnected:/model/layers.21/self_attn/q_proj/MatMul::fully_connected_gpu_bf_tiled_5315586391497964380_0_0,n1_i3::primitive::fullyconnected:/model/layers.21/self_attn/q_proj/MatMul,kernel,fully_connected_gpu_bf_tiled_5315586391497964380_0_0,layers.*/self_attn,/model/layers.21/self_attn/q_proj/MatMul,FullyConnected,fullyconnected:/model/layers.21/self_attn/q_proj/MatMul,fully_connected,fully_connected_gpu_bf_tiled,fully_connected_gpu_bf_tiled_5315586391497964380_0_0,performance,gtpin_total_execution_cycles,30842204,cycles,1,64,30842204
n1_i3,3,1,3,n1_i3::kernel::fullyconnected:/model/layers.21/self_attn/v_proj/MatMul::fully_connected_gpu_bf_tiled_17963963101609895522_0_0,n1_i3::primitive::fullyconnected:/model/layers.21/self_attn/v_proj/MatMul,kernel,fully_connected_gpu_bf_tiled_17963963101609895522_0_0,layers.*/self_attn,/model/layers.21/self_attn/v_proj/MatMul,FullyConnected,fullyconnected:/model/layers.21/self_attn/v_proj/MatMul,fully_connected,fully_connected_gpu_bf_tiled,fully_connected_gpu_bf_tiled_17963963101609895522_0_0,performance,gtpin_total_execution_cycles,3760854,cycles,1,8,3760854
n1_i3,3,1,3,n1_i3::kernel::fullyconnected:/model/layers.3/mlp/down_proj/MatMul::fully_connected_gpu_bf_tiled_2727911967636154657_0_0,n1_i3::primitive::fullyconnected:/model/layers.3/mlp/down_proj/MatMul,kernel,fully_connected_gpu_bf_tiled_2727911967636154657_0_0,layers.*/mlp,/model/layers.3/mlp/down_proj/MatMul,FullyConnected,fullyconnected:/model/layers.3/mlp/down_proj/MatMul,fully_connected,fully_connected_gpu_bf_tiled,fully_connected_gpu_bf_tiled_2727911967636154657_0_0,performance,gtpin_total_execution_cycles,75272248,cycles,1,64,75272248
n1_i3,3,1,3,n1_i3::kernel::fullyconnected:/model/layers.3/mlp/gate_proj/MatMul::fully_connected_gpu_bf_tiled_9957149419786459120_0_0,n1_i3::primitive::fullyconnected:/model/layers.3/mlp/gate_proj/MatMul,kernel,fully_connected_gpu_bf_tiled_9957149419786459120_0_0,layers.*/mlp,/model/layers.3/mlp/gate_proj/MatMul,FullyConnected,fullyconnected:/model/layers.3/mlp/gate_proj/MatMul,fully_connected,fully_connected_gpu_bf_tiled,fully_connected_gpu_bf_tiled_9957149419786459120_0_0,performance,gtpin_total_execution_cycles,117076146,cycles,1,176,117076146
n1_i3,3,1,3,n1_i3::kernel::fullyconnected:/model/layers.3/mlp/up_proj/MatMul::fully_connected_gpu_bf_tiled_2740906288179525049_0_0,n1_i3::primitive::fullyconnected:/model/layers.3/mlp/up_proj/MatMul,kernel,fully_connected_gpu_bf_tiled_2740906288179525049_0_0,layers.*/mlp,/model/layers.3/mlp/up_proj/MatMul,FullyConnected,fullyconnected:/model/layers.3/mlp/up_proj/MatMul,fully_connected,fully_connected_gpu_bf_tiled,fully_connected_gpu_bf_tiled_2740906288179525049_0_0,performance,gtpin_total_execution_cycles,96546492,cycles,1,176,96546492
n1_i3,3,1,3,n1_i3::kernel::fullyconnected:/model/layers.3/self_attn/k_proj/MatMul::fully_connected_gpu_bf_tiled_17963963101609895522_0_0,n1_i3::primitive::fullyconnected:/model/layers.3/self_attn/k_proj/MatMul,kernel,fully_connected_gpu_bf_tiled_17963963101609895522_0_0,layers.*/self_attn,/model/layers.3/self_attn/k_proj/MatMul,FullyConnected,fullyconnected:/model/layers.3/self_attn/k_proj/MatMul,fully_connected,fully_connected_gpu_bf_tiled,fully_connected_gpu_bf_tiled_17963963101609895522_0_0,performance,gtpin_total_execution_cycles,3722960,cycles,1,8,3722960
n1_i3,3,1,3,n1_i3::kernel::fullyconnected:/model/layers.3/self_attn/o_proj/MatMul::fully_connected_gpu_bf_tiled_14284117615310227244_0_0,n1_i3::primitive::fullyconnected:/model/layers.3/self_attn/o_proj/MatMul,kernel,fully_connected_gpu_bf_tiled_14284117615310227244_0_0,layers.*/self_attn,/model/layers.3/self_attn/o_proj/MatMul,FullyConnected,fullyconnected:/model/layers.3/self_attn/o_proj/MatMul,fully_connected,fully_connected_gpu_bf_tiled,fully_connected_gpu_bf_tiled_14284117615310227244_0_0,performance,gtpin_total_execution_cycles,28574838,cycles,1,64,28574838
n1_i3,3,1,3,n1_i3::kernel::fullyconnected:/model/layers.3/self_attn/q_proj/MatMul::fully_connected_gpu_bf_tiled_5315586391497964380_0_0,n1_i3::primitive::fullyconnected:/model/layers.3/self_attn/q_proj/MatMul,kernel,fully_connected_gpu_bf_tiled_5315586391497964380_0_0,layers.*/self_attn,/model/layers.3/self_attn/q_proj/MatMul,FullyConnected,fullyconnected:/model/layers.3/self_attn/q_proj/MatMul,fully_connected,fully_connected_gpu_bf_tiled,fully_connected_gpu_bf_tiled_5315586391497964380_0_0,performance,gtpin_total_execution_cycles,29071738,cycles,1,64,29071738
n1_i3,3,1,3,n1_i3::kernel::fullyconnected:/model/layers.3/self_attn/v_proj/MatMul::fully_connected_gpu_bf_tiled_17963963101609895522_0_0,n1_i3::primitive::fullyconnected:/model/layers.3/self_attn/v_proj/MatMul,kernel,fully_connected_gpu_bf_tiled_17963963101609895522_0_0,layers.*/self_attn,/model/layers.3/self_attn/v_proj/MatMul,FullyConnected,fullyconnected:/model/layers.3/self_attn/v_proj/MatMul,fully_connected,fully_connected_gpu_bf_tiled,fully_connected_gpu_bf_tiled_17963963101609895522_0_0,performance,gtpin_total_execution_cycles,3559632,cycles,1,8,3559632
n1_i3,3,1,3,n1_i3::kernel::fullyconnected:/model/layers.4/mlp/down_proj/MatMul::fully_connected_gpu_bf_tiled_2727911967636154657_0_0,n1_i3::primitive::fullyconnected:/model/layers.4/mlp/down_proj/MatMul,kernel,fully_connected_gpu_bf_tiled_2727911967636154657_0_0,layers.*/mlp,/model/layers.4/mlp/down_proj/MatMul,FullyConnected,fullyconnected:/model/layers.4/mlp/down_proj/MatMul,fully_connected,fully_connected_gpu_bf_tiled,fully_connected_gpu_bf_tiled_2727911967636154657_0_0,performance,gtpin_total_execution_cycles,76096388,cycles,1,64,76096388
n1_i3,3,1,3,n1_i3::kernel::fullyconnected:/model/layers.4/mlp/gate_proj/MatMul::fully_connected_gpu_bf_tiled_9957149419786459120_0_0,n1_i3::primitive::fullyconnected:/model/layers.4/mlp/gate_proj/MatMul,kernel,fully_connected_gpu_bf_tiled_9957149419786459120_0_0,layers.*/mlp,/model/layers.4/mlp/gate_proj/MatMul,FullyConnected,fullyconnected:/model/layers.4/mlp/gate_proj/MatMul,fully_connected,fully_connected_gpu_bf_tiled,fully_connected_gpu_bf_tiled_9957149419786459120_0_0,performance,gtpin_total_execution_cycles,101481252,cycles,1,176,101481252
n1_i3,3,1,3,n1_i3::kernel::fullyconnected:/model/layers.4/mlp/up_proj/MatMul::fully_connected_gpu_bf_tiled_2740906288179525049_0_0,n1_i3::primitive::fullyconnected:/model/layers.4/mlp/up_proj/MatMul,kernel,fully_connected_gpu_bf_tiled_2740906288179525049_0_0,layers.*/mlp,/model/layers.4/mlp/up_proj/MatMul,FullyConnected,fullyconnected:/model/layers.4/mlp/up_proj/MatMul,fully_connected,fully_connected_gpu_bf_tiled,fully_connected_gpu_bf_tiled_2740906288179525049_0_0,performance,gtpin_total_execution_cycles,95457360,cycles,1,176,95457360
n1_i3,3,1,3,n1_i3::kernel::fullyconnected:/model/layers.4/self_attn/k_proj/MatMul::fully_connected_gpu_bf_tiled_17963963101609895522_0_0,n1_i3::primitive::fullyconnected:/model/layers.4/self_attn/k_proj/MatMul,kernel,fully_connected_gpu_bf_tiled_17963963101609895522_0_0,layers.*/self_attn,/model/layers.4/self_attn/k_proj/MatMul,FullyConnected,fullyconnected:/model/layers.4/self_attn/k_proj/MatMul,fully_connected,fully_connected_gpu_bf_tiled,fully_connected_gpu_bf_tiled_17963963101609895522_0_0,performance,gtpin_total_execution_cycles,3690946,cycles,1,8,3690946
n1_i3,3,1,3,n1_i3::kernel::fullyconnected:/model/layers.4/self_attn/o_proj/MatMul::fully_connected_gpu_bf_tiled_14284117615310227244_0_0,n1_i3::primitive::fullyconnected:/model/layers.4/self_attn/o_proj/MatMul,kernel,fully_connected_gpu_bf_tiled_14284117615310227244_0_0,layers.*/self_attn,/model/layers.4/self_attn/o_proj/MatMul,FullyConnected,fullyconnected:/model/layers.4/self_attn/o_proj/MatMul,fully_connected,fully_connected_gpu_bf_tiled,fully_connected_gpu_bf_tiled_14284117615310227244_0_0,performance,gtpin_total_execution_cycles,28319366,cycles,1,64,28319366
n1_i3,3,1,3,n1_i3::kernel::fullyconnected:/model/layers.4/self_attn/q_proj/MatMul::fully_connected_gpu_bf_tiled_5315586391497964380_0_0,n1_i3::primitive::fullyconnected:/model/layers.4/self_attn/q_proj/MatMul,kernel,fully_connected_gpu_bf_tiled_5315586391497964380_0_0,layers.*/self_attn,/model/layers.4/self_attn/q_proj/MatMul,FullyConnected,fullyconnected:/model/layers.4/self_attn/q_proj/MatMul,fully_connected,fully_connected_gpu_bf_tiled,fully_connected_gpu_bf_tiled_5315586391497964380_0_0,performance,gtpin_total_execution_cycles,28600276,cycles,1,64,28600276
n1_i3,3,1,3,n1_i3::kernel::fullyconnected:/model/layers.4/self_attn/v_proj/MatMul::fully_connected_gpu_bf_tiled_17963963101609895522_0_0,n1_i3::primitive::fullyconnected:/model/layers.4/self_attn/v_proj/MatMul,kernel,fully_connected_gpu_bf_tiled_17963963101609895522_0_0,layers.*/self_attn,/model/layers.4/self_attn/v_proj/MatMul,FullyConnected,fullyconnected:/model/layers.4/self_attn/v_proj/MatMul,fully_connected,fully_connected_gpu_bf_tiled,fully_connected_gpu_bf_tiled_17963963101609895522_0_0,performance,gtpin_total_execution_cycles,3486066,cycles,1,8,3486066
n1_i3,3,1,3,n1_i3::kernel::fullyconnected:/model/layers.5/mlp/down_proj/MatMul::fully_connected_gpu_bf_tiled_2727911967636154657_0_0,n1_i3::primitive::fullyconnected:/model/layers.5/mlp/down_proj/MatMul,kernel,fully_connected_gpu_bf_tiled_2727911967636154657_0_0,layers.*/mlp,/model/layers.5/mlp/down_proj/MatMul,FullyConnected,fullyconnected:/model/layers.5/mlp/down_proj/MatMul,fully_connected,fully_connected_gpu_bf_tiled,fully_connected_gpu_bf_tiled_2727911967636154657_0_0,performance,gtpin_total_execution_cycles,76085578,cycles,1,64,76085578
n1_i3,3,1,3,n1_i3::kernel::fullyconnected:/model/layers.5/mlp/gate_proj/MatMul::fully_connected_gpu_bf_tiled_9957149419786459120_0_0,n1_i3::primitive::fullyconnected:/model/layers.5/mlp/gate_proj/MatMul,kernel,fully_connected_gpu_bf_tiled_9957149419786459120_0_0,layers.*/mlp,/model/layers.5/mlp/gate_proj/MatMul,FullyConnected,fullyconnected:/model/layers.5/mlp/gate_proj/MatMul,fully_connected,fully_connected_gpu_bf_tiled,fully_connected_gpu_bf_tiled_9957149419786459120_0_0,performance,gtpin_total_execution_cycles,129108380,cycles,1,176,129108380
n1_i3,3,1,3,n1_i3::kernel::fullyconnected:/model/layers.5/mlp/up_proj/MatMul::fully_connected_gpu_bf_tiled_2740906288179525049_0_0,n1_i3::primitive::fullyconnected:/model/layers.5/mlp/up_proj/MatMul,kernel,fully_connected_gpu_bf_tiled_2740906288179525049_0_0,layers.*/mlp,/model/layers.5/mlp/up_proj/MatMul,FullyConnected,fullyconnected:/model/layers.5/mlp/up_proj/MatMul,fully_connected,fully_connected_gpu_bf_tiled,fully_connected_gpu_bf_tiled_2740906288179525049_0_0,performance,gtpin_total_execution_cycles,120765946,cycles,1,176,120765946
n1_i3,3,1,3,n1_i3::kernel::fullyconnected:/model/layers.5/self_attn/k_proj/MatMul::fully_connected_gpu_bf_tiled_17963963101609895522_0_0,n1_i3::primitive::fullyconnected:/model/layers.5/self_attn/k_proj/MatMul,kernel,fully_connected_gpu_bf_tiled_17963963101609895522_0_0,layers.*/self_attn,/model/layers.5/self_attn/k_proj/MatMul,FullyConnected,fullyconnected:/model/layers.5/self_attn/k_proj/MatMul,fully_connected,fully_connected_gpu_bf_tiled,fully_connected_gpu_bf_tiled_17963963101609895522_0_0,performance,gtpin_total_execution_cycles,3710018,cycles,1,8,3710018
n1_i3,3,1,3,n1_i3::kernel::fullyconnected:/model/layers.5/self_attn/o_proj/MatMul::fully_connected_gpu_bf_tiled_14284117615310227244_0_0,n1_i3::primitive::fullyconnected:/model/layers.5/self_attn/o_proj/MatMul,kernel,fully_connected_gpu_bf_tiled_14284117615310227244_0_0,layers.*/self_attn,/model/layers.5/self_attn/o_proj/MatMul,FullyConnected,fullyconnected:/model/layers.5/self_attn/o_proj/MatMul,fully_connected,fully_connected_gpu_bf_tiled,fully_connected_gpu_bf_tiled_14284117615310227244_0_0,performance,gtpin_total_execution_cycles,30297262,cycles,1,64,30297262
n1_i3,3,1,3,n1_i3::kernel::fullyconnected:/model/layers.5/self_attn/q_proj/MatMul::fully_connected_gpu_bf_tiled_5315586391497964380_0_0,n1_i3::primitive::fullyconnected:/model/layers.5/self_attn/q_proj/MatMul,kernel,fully_connected_gpu_bf_tiled_5315586391497964380_0_0,layers.*/self_attn,/model/layers.5/self_attn/q_proj/MatMul,FullyConnected,fullyconnected:/model/layers.5/self_attn/q_proj/MatMul,fully_connected,fully_connected_gpu_bf_tiled,fully_connected_gpu_bf_tiled_5315586391497964380_0_0,performance,gtpin_total_execution_cycles,28812702,cycles,1,64,28812702
n1_i3,3,1,3,n1_i3::kernel::fullyconnected:/model/layers.5/self_attn/v_proj/MatMul::fully_connected_gpu_bf_tiled_17963963101609895522_0_0,n1_i3::primitive::fullyconnected:/model/layers.5/self_attn/v_proj/MatMul,kernel,fully_connected_gpu_bf_tiled_17963963101609895522_0_0,layers.*/self_attn,/model/layers.5/self_attn/v_proj/MatMul,FullyConnected,fullyconnected:/model/layers.5/self_attn/v_proj/MatMul,fully_connected,fully_connected_gpu_bf_tiled,fully_connected_gpu_bf_tiled_17963963101609895522_0_0,performance,gtpin_total_execution_cycles,3529246,cycles,1,8,3529246
n1_i3,3,1,3,n1_i3::kernel::fullyconnected:/model/layers.6/mlp/down_proj/MatMul::fully_connected_gpu_bf_tiled_2727911967636154657_0_0,n1_i3::primitive::fullyconnected:/model/layers.6/mlp/down_proj/MatMul,kernel,fully_connected_gpu_bf_tiled_2727911967636154657_0_0,layers.*/mlp,/model/layers.6/mlp/down_proj/MatMul,FullyConnected,fullyconnected:/model/layers.6/mlp/down_proj/MatMul,fully_connected,fully_connected_gpu_bf_tiled,fully_connected_gpu_bf_tiled_2727911967636154657_0_0,performance,gtpin_total_execution_cycles,75658536,cycles,1,64,75658536
n1_i3,3,1,3,n1_i3::kernel::fullyconnected:/model/layers.6/mlp/gate_proj/MatMul::fully_connected_gpu_bf_tiled_9957149419786459120_0_0,n1_i3::primitive::fullyconnected:/model/layers.6/mlp/gate_proj/MatMul,kernel,fully_connected_gpu_bf_tiled_9957149419786459120_0_0,layers.*/mlp,/model/layers.6/mlp/gate_proj/MatMul,FullyConnected,fullyconnected:/model/layers.6/mlp/gate_proj/MatMul,fully_connected,fully_connected_gpu_bf_tiled,fully_connected_gpu_bf_tiled_9957149419786459120_0_0,performance,gtpin_total_execution_cycles,123144964,cycles,1,176,123144964
n1_i3,3,1,3,n1_i3::kernel::fullyconnected:/model/layers.6/mlp/up_proj/MatMul::fully_connected_gpu_bf_tiled_2740906288179525049_0_0,n1_i3::primitive::fullyconnected:/model/layers.6/mlp/up_proj/MatMul,kernel,fully_connected_gpu_bf_tiled_2740906288179525049_0_0,layers.*/mlp,/model/layers.6/mlp/up_proj/MatMul,FullyConnected,fullyconnected:/model/layers.6/mlp/up_proj/MatMul,fully_connected,fully_connected_gpu_bf_tiled,fully_connected_gpu_bf_tiled_2740906288179525049_0_0,performance,gtpin_total_execution_cycles,112665346,cycles,1,176,112665346
n1_i3,3,1,3,n1_i3::kernel::fullyconnected:/model/layers.6/self_attn/k_proj/MatMul::fully_connected_gpu_bf_tiled_17963963101609895522_0_0,n1_i3::primitive::fullyconnected:/model/layers.6/self_attn/k_proj/MatMul,kernel,fully_connected_gpu_bf_tiled_17963963101609895522_0_0,layers.*/self_attn,/model/layers.6/self_attn/k_proj/MatMul,FullyConnected,fullyconnected:/model/layers.6/self_attn/k_proj/MatMul,fully_connected,fully_connected_gpu_bf_tiled,fully_connected_gpu_bf_tiled_17963963101609895522_0_0,performance,gtpin_total_execution_cycles,3696636,cycles,1,8,3696636
n1_i3,3,1,3,n1_i3::kernel::fullyconnected:/model/layers.6/self_attn/o_proj/MatMul::fully_connected_gpu_bf_tiled_14284117615310227244_0_0,n1_i3::primitive::fullyconnected:/model/layers.6/self_attn/o_proj/MatMul,kernel,fully_connected_gpu_bf_tiled_14284117615310227244_0_0,layers.*/self_attn,/model/layers.6/self_attn/o_proj/MatMul,FullyConnected,fullyconnected:/model/layers.6/self_attn/o_proj/MatMul,fully_connected,fully_connected_gpu_bf_tiled,fully_connected_gpu_bf_tiled_14284117615310227244_0_0,performance,gtpin_total_execution_cycles,29416178,cycles,1,64,29416178
n1_i3,3,1,3,n1_i3::kernel::fullyconnected:/model/layers.6/self_attn/q_proj/MatMul::fully_connected_gpu_bf_tiled_5315586391497964380_0_0,n1_i3::primitive::fullyconnected:/model/layers.6/self_attn/q_proj/MatMul,kernel,fully_connected_gpu_bf_tiled_5315586391497964380_0_0,layers.*/self_attn,/model/layers.6/self_attn/q_proj/MatMul,FullyConnected,fullyconnected:/model/layers.6/self_attn/q_proj/MatMul,fully_connected,fully_connected_gpu_bf_tiled,fully_connected_gpu_bf_tiled_5315586391497964380_0_0,performance,gtpin_total_execution_cycles,28697732,cycles,1,64,28697732
n1_i3,3,1,3,n1_i3::kernel::fullyconnected:/model/layers.6/self_attn/v_proj/MatMul::fully_connected_gpu_bf_tiled_17963963101609895522_0_0,n1_i3::primitive::fullyconnected:/model/layers.6/self_attn/v_proj/MatMul,kernel,fully_connected_gpu_bf_tiled_17963963101609895522_0_0,layers.*/self_attn,/model/layers.6/self_attn/v_proj/MatMul,FullyConnected,fullyconnected:/model/layers.6/self_attn/v_proj/MatMul,fully_connected,fully_connected_gpu_bf_tiled,fully_connected_gpu_bf_tiled_17963963101609895522_0_0,performance,gtpin_total_execution_cycles,3503506,cycles,1,8,3503506
n1_i3,3,1,3,n1_i3::kernel::fullyconnected:/model/layers.7/mlp/down_proj/MatMul::fully_connected_gpu_bf_tiled_2727911967636154657_0_0,n1_i3::primitive::fullyconnected:/model/layers.7/mlp/down_proj/MatMul,kernel,fully_connected_gpu_bf_tiled_2727911967636154657_0_0,layers.*/mlp,/model/layers.7/mlp/down_proj/MatMul,FullyConnected,fullyconnected:/model/layers.7/mlp/down_proj/MatMul,fully_connected,fully_connected_gpu_bf_tiled,fully_connected_gpu_bf_tiled_2727911967636154657_0_0,performance,gtpin_total_execution_cycles,76717626,cycles,1,64,76717626
n1_i3,3,1,3,n1_i3::kernel::fullyconnected:/model/layers.7/mlp/gate_proj/MatMul::fully_connected_gpu_bf_tiled_9957149419786459120_0_0,n1_i3::primitive::fullyconnected:/model/layers.7/mlp/gate_proj/MatMul,kernel,fully_connected_gpu_bf_tiled_9957149419786459120_0_0,layers.*/mlp,/model/layers.7/mlp/gate_proj/MatMul,FullyConnected,fullyconnected:/model/layers.7/mlp/gate_proj/MatMul,fully_connected,fully_connected_gpu_bf_tiled,fully_connected_gpu_bf_tiled_9957149419786459120_0_0,performance,gtpin_total_execution_cycles,96611298,cycles,1,176,96611298
n1_i3,3,1,3,n1_i3::kernel::fullyconnected:/model/layers.7/mlp/up_proj/MatMul::fully_connected_gpu_bf_tiled_2740906288179525049_0_0,n1_i3::primitive::fullyconnected:/model/layers.7/mlp/up_proj/MatMul,kernel,fully_connected_gpu_bf_tiled_2740906288179525049_0_0,layers.*/mlp,/model/layers.7/mlp/up_proj/MatMul,FullyConnected,fullyconnected:/model/layers.7/mlp/up_proj/MatMul,fully_connected,fully_connected_gpu_bf_tiled,fully_connected_gpu_bf_tiled_2740906288179525049_0_0,performance,gtpin_total_execution_cycles,94235476,cycles,1,176,94235476
n1_i3,3,1,3,n1_i3::kernel::fullyconnected:/model/layers.7/self_attn/k_proj/MatMul::fully_connected_gpu_bf_tiled_17963963101609895522_0_0,n1_i3::primitive::fullyconnected:/model/layers.7/self_attn/k_proj/MatMul,kernel,fully_connected_gpu_bf_tiled_17963963101609895522_0_0,layers.*/self_attn,/model/layers.7/self_attn/k_proj/MatMul,FullyConnected,fullyconnected:/model/layers.7/self_attn/k_proj/MatMul,fully_connected,fully_connected_gpu_bf_tiled,fully_connected_gpu_bf_tiled_17963963101609895522_0_0,performance,gtpin_total_execution_cycles,3691496,cycles,1,8,3691496
n1_i3,3,1,3,n1_i3::kernel::fullyconnected:/model/layers.7/self_attn/o_proj/MatMul::fully_connected_gpu_bf_tiled_14284117615310227244_0_0,n1_i3::primitive::fullyconnected:/model/layers.7/self_attn/o_proj/MatMul,kernel,fully_connected_gpu_bf_tiled_14284117615310227244_0_0,layers.*/self_attn,/model/layers.7/self_attn/o_proj/MatMul,FullyConnected,fullyconnected:/model/layers.7/self_attn/o_proj/MatMul,fully_connected,fully_connected_gpu_bf_tiled,fully_connected_gpu_bf_tiled_14284117615310227244_0_0,performance,gtpin_total_execution_cycles,28429936,cycles,1,64,28429936
n1_i3,3,1,3,n1_i3::kernel::fullyconnected:/model/layers.7/self_attn/q_proj/MatMul::fully_connected_gpu_bf_tiled_5315586391497964380_0_0,n1_i3::primitive::fullyconnected:/model/layers.7/self_attn/q_proj/MatMul,kernel,fully_connected_gpu_bf_tiled_5315586391497964380_0_0,layers.*/self_attn,/model/layers.7/self_attn/q_proj/MatMul,FullyConnected,fullyconnected:/model/layers.7/self_attn/q_proj/MatMul,fully_connected,fully_connected_gpu_bf_tiled,fully_connected_gpu_bf_tiled_5315586391497964380_0_0,performance,gtpin_total_execution_cycles,28688764,cycles,1,64,28688764
n1_i3,3,1,3,n1_i3::kernel::fullyconnected:/model/layers.7/self_attn/v_proj/MatMul::fully_connected_gpu_bf_tiled_17963963101609895522_0_0,n1_i3::primitive::fullyconnected:/model/layers.7/self_attn/v_proj/MatMul,kernel,fully_connected_gpu_bf_tiled_17963963101609895522_0_0,layers.*/self_attn,/model/layers.7/self_attn/v_proj/MatMul,FullyConnected,fullyconnected:/model/layers.7/self_attn/v_proj/MatMul,fully_connected,fully_connected_gpu_bf_tiled,fully_connected_gpu_bf_tiled_17963963101609895522_0_0,performance,gtpin_total_execution_cycles,3504896,cycles,1,8,3504896
n1_i3,3,1,3,n1_i3::kernel::fullyconnected:/model/layers.8/mlp/down_proj/MatMul::fully_connected_gpu_bf_tiled_2727911967636154657_0_0,n1_i3::primitive::fullyconnected:/model/layers.8/mlp/down_proj/MatMul,kernel,fully_connected_gpu_bf_tiled_2727911967636154657_0_0,layers.*/mlp,/model/layers.8/mlp/down_proj/MatMul,FullyConnected,fullyconnected:/model/layers.8/mlp/down_proj/MatMul,fully_connected,fully_connected_gpu_bf_tiled,fully_connected_gpu_bf_tiled_2727911967636154657_0_0,performance,gtpin_total_execution_cycles,78729724,cycles,1,64,78729724
n1_i3,3,1,3,n1_i3::kernel::fullyconnected:/model/layers.8/mlp/gate_proj/MatMul::fully_connected_gpu_bf_tiled_9957149419786459120_0_0,n1_i3::primitive::fullyconnected:/model/layers.8/mlp/gate_proj/MatMul,kernel,fully_connected_gpu_bf_tiled_9957149419786459120_0_0,layers.*/mlp,/model/layers.8/mlp/gate_proj/MatMul,FullyConnected,fullyconnected:/model/layers.8/mlp/gate_proj/MatMul,fully_connected,fully_connected_gpu_bf_tiled,fully_connected_gpu_bf_tiled_9957149419786459120_0_0,performance,gtpin_total_execution_cycles,144371398,cycles,1,176,144371398
n1_i3,3,1,3,n1_i3::kernel::fullyconnected:/model/layers.8/mlp/up_proj/MatMul::fully_connected_gpu_bf_tiled_2740906288179525049_0_0,n1_i3::primitive::fullyconnected:/model/layers.8/mlp/up_proj/MatMul,kernel,fully_connected_gpu_bf_tiled_2740906288179525049_0_0,layers.*/mlp,/model/layers.8/mlp/up_proj/MatMul,FullyConnected,fullyconnected:/model/layers.8/mlp/up_proj/MatMul,fully_connected,fully_connected_gpu_bf_tiled,fully_connected_gpu_bf_tiled_2740906288179525049_0_0,performance,gtpin_total_execution_cycles,135979968,cycles,1,176,135979968
n1_i3,3,1,3,n1_i3::kernel::fullyconnected:/model/layers.8/self_attn/k_proj/MatMul::fully_connected_gpu_bf_tiled_17963963101609895522_0_0,n1_i3::primitive::fullyconnected:/model/layers.8/self_attn/k_proj/MatMul,kernel,fully_connected_gpu_bf_tiled_17963963101609895522_0_0,layers.*/self_attn,/model/layers.8/self_attn/k_proj/MatMul,FullyConnected,fullyconnected:/model/layers.8/self_attn/k_proj/MatMul,fully_connected,fully_connected_gpu_bf_tiled,fully_connected_gpu_bf_tiled_17963963101609895522_0_0,performance,gtpin_total_execution_cycles,3690258,cycles,1,8,3690258
n1_i3,3,1,3,n1_i3::kernel::fullyconnected:/model/layers.8/self_attn/o_proj/MatMul::fully_connected_gpu_bf_tiled_14284117615310227244_0_0,n1_i3::primitive::fullyconnected:/model/layers.8/self_attn/o_proj/MatMul,kernel,fully_connected_gpu_bf_tiled_14284117615310227244_0_0,layers.*/self_attn,/model/layers.8/self_attn/o_proj/MatMul,FullyConnected,fullyconnected:/model/layers.8/self_attn/o_proj/MatMul,fully_connected,fully_connected_gpu_bf_tiled,fully_connected_gpu_bf_tiled_14284117615310227244_0_0,performance,gtpin_total_execution_cycles,29287914,cycles,1,64,29287914
n1_i3,3,1,3,n1_i3::kernel::fullyconnected:/model/layers.8/self_attn/q_proj/MatMul::fully_connected_gpu_bf_tiled_5315586391497964380_0_0,n1_i3::primitive::fullyconnected:/model/layers.8/self_attn/q_proj/MatMul,kernel,fully_connected_gpu_bf_tiled_5315586391497964380_0_0,layers.*/self_attn,/model/layers.8/self_attn/q_proj/MatMul,FullyConnected,fullyconnected:/model/layers.8/self_attn/q_proj/MatMul,fully_connected,fully_connected_gpu_bf_tiled,fully_connected_gpu_bf_tiled_5315586391497964380_0_0,performance,gtpin_total_execution_cycles,28632166,cycles,1,64,28632166
n1_i3,3,1,3,n1_i3::kernel::fullyconnected:/model/layers.8/self_attn/v_proj/MatMul::fully_connected_gpu_bf_tiled_17963963101609895522_0_0,n1_i3::primitive::fullyconnected:/model/layers.8/self_attn/v_proj/MatMul,kernel,fully_connected_gpu_bf_tiled_17963963101609895522_0_0,layers.*/self_attn,/model/layers.8/self_attn/v_proj/MatMul,FullyConnected,fullyconnected:/model/layers.8/self_attn/v_proj/MatMul,fully_connected,fully_connected_gpu_bf_tiled,fully_connected_gpu_bf_tiled_17963963101609895522_0_0,performance,gtpin_total_execution_cycles,3487216,cycles,1,8,3487216
n1_i3,3,1,3,n1_i3::kernel::fullyconnected:/model/layers.9/mlp/down_proj/MatMul::fully_connected_gpu_bf_tiled_2727911967636154657_0_0,n1_i3::primitive::fullyconnected:/model/layers.9/mlp/down_proj/MatMul,kernel,fully_connected_gpu_bf_tiled_2727911967636154657_0_0,layers.*/mlp,/model/layers.9/mlp/down_proj/MatMul,FullyConnected,fullyconnected:/model/layers.9/mlp/down_proj/MatMul,fully_connected,fully_connected_gpu_bf_tiled,fully_connected_gpu_bf_tiled_2727911967636154657_0_0,performance,gtpin_total_execution_cycles,80862588,cycles,1,64,80862588
n1_i3,3,1,3,n1_i3::kernel::fullyconnected:/model/layers.9/mlp/gate_proj/MatMul::fully_connected_gpu_bf_tiled_9957149419786459120_0_0,n1_i3::primitive::fullyconnected:/model/layers.9/mlp/gate_proj/MatMul,kernel,fully_connected_gpu_bf_tiled_9957149419786459120_0_0,layers.*/mlp,/model/layers.9/mlp/gate_proj/MatMul,FullyConnected,fullyconnected:/model/layers.9/mlp/gate_proj/MatMul,fully_connected,fully_connected_gpu_bf_tiled,fully_connected_gpu_bf_tiled_9957149419786459120_0_0,performance,gtpin_total_execution_cycles,143006782,cycles,1,176,143006782
n1_i3,3,1,3,n1_i3::kernel::fullyconnected:/model/layers.9/mlp/up_proj/MatMul::fully_connected_gpu_bf_tiled_2740906288179525049_0_0,n1_i3::primitive::fullyconnected:/model/layers.9/mlp/up_proj/MatMul,kernel,fully_connected_gpu_bf_tiled_2740906288179525049_0_0,layers.*/mlp,/model/layers.9/mlp/up_proj/MatMul,FullyConnected,fullyconnected:/model/layers.9/mlp/up_proj/MatMul,fully_connected,fully_connected_gpu_bf_tiled,fully_connected_gpu_bf_tiled_2740906288179525049_0_0,performance,gtpin_total_execution_cycles,140095200,cycles,1,176,140095200
n1_i3,3,1,3,n1_i3::kernel::fullyconnected:/model/layers.9/self_attn/k_proj/MatMul::fully_connected_gpu_bf_tiled_17963963101609895522_0_0,n1_i3::primitive::fullyconnected:/model/layers.9/self_attn/k_proj/MatMul,kernel,fully_connected_gpu_bf_tiled_17963963101609895522_0_0,layers.*/self_attn,/model/layers.9/self_attn/k_proj/MatMul,FullyConnected,fullyconnected:/model/layers.9/self_attn/k_proj/MatMul,fully_connected,fully_connected_gpu_bf_tiled,fully_connected_gpu_bf_tiled_17963963101609895522_0_0,performance,gtpin_total_execution_cycles,3844800,cycles,1,8,3844800
n1_i3,3,1,3,n1_i3::kernel::fullyconnected:/model/layers.9/self_attn/o_proj/MatMul::fully_connected_gpu_bf_tiled_14284117615310227244_0_0,n1_i3::primitive::fullyconnected:/model/layers.9/self_attn/o_proj/MatMul,kernel,fully_connected_gpu_bf_tiled_14284117615310227244_0_0,layers.*/self_attn,/model/layers.9/self_attn/o_proj/MatMul,FullyConnected,fullyconnected:/model/layers.9/self_attn/o_proj/MatMul,fully_connected,fully_connected_gpu_bf_tiled,fully_connected_gpu_bf_tiled_14284117615310227244_0_0,performance,gtpin_total_execution_cycles,29588064,cycles,1,64,29588064
n1_i3,3,1,3,n1_i3::kernel::fullyconnected:/model/layers.9/self_attn/q_proj/MatMul::fully_connected_gpu_bf_tiled_5315586391497964380_0_0,n1_i3::primitive::fullyconnected:/model/layers.9/self_attn/q_proj/MatMul,kernel,fully_connected_gpu_bf_tiled_5315586391497964380_0_0,layers.*/self_attn,/model/layers.9/self_attn/q_proj/MatMul,FullyConnected,fullyconnected:/model/layers.9/self_attn/q_proj/MatMul,fully_connected,fully_connected_gpu_bf_tiled,fully_connected_gpu_bf_tiled_5315586391497964380_0_0,performance,gtpin_total_execution_cycles,29931124,cycles,1,64,29931124
n1_i3,3,1,3,n1_i3::kernel::fullyconnected:/model/layers.9/self_attn/v_proj/MatMul::fully_connected_gpu_bf_tiled_17963963101609895522_0_0,n1_i3::primitive::fullyconnected:/model/layers.9/self_attn/v_proj/MatMul,kernel,fully_connected_gpu_bf_tiled_17963963101609895522_0_0,layers.*/self_attn,/model/layers.9/self_attn/v_proj/MatMul,FullyConnected,fullyconnected:/model/layers.9/self_attn/v_proj/MatMul,fully_connected,fully_connected_gpu_bf_tiled,fully_connected_gpu_bf_tiled_17963963101609895522_0_0,performance,gtpin_total_execution_cycles,3656048,cycles,1,8,3656048
n1_i3,3,1,3,n1_i3::kernel::fullyconnected:logits.0::fully_connected_gpu_bf_tiled_9077797497357748363_0_0,n1_i3::primitive::fullyconnected:logits.0,kernel,fully_connected_gpu_bf_tiled_9077797497357748363_0_0,(root),logits.0,FullyConnected,fullyconnected:logits.0,fully_connected,fully_connected_gpu_bf_tiled,fully_connected_gpu_bf_tiled_9077797497357748363_0_0,performance,gtpin_total_execution_cycles,2164756414,cycles,1,1000,2164756414
n1_i3,3,1,3,n1_i3::kernel::gather:/model/Gather_4::gather_ref_3335901000044472670_0_0__sa,n1_i3::primitive::gather:/model/Gather_4,kernel,gather_ref_3335901000044472670_0_0__sa,(root),/model/Gather_4,Gather,gather:/model/Gather_4,gather,gather_ref,gather_ref_3335901000044472670_0_0__sa,performance,gtpin_total_execution_cycles,9539,cycles,1,1,9539
n1_i3,3,1,3,n1_i3::kernel::gather:/model/embed_tokens/Gather::gather_ref_9653281298055295004_0_0__sa,n1_i3::primitive::gather:/model/embed_tokens/Gather,kernel,gather_ref_9653281298055295004_0_0__sa,embed_tokens,/model/embed_tokens/Gather,Gather,gather:/model/embed_tokens/Gather,gather,gather_ref,gather_ref_9653281298055295004_0_0__sa,performance,gtpin_total_execution_cycles,5827342,cycles,1,1024,5827342
n1_i3,3,1,3,n1_i3::kernel::gemm:/model/layers.0/self_attn/MatMul::gemm_tiled_opt_7238579717421349067_1_0__sa,n1_i3::primitive::gemm:/model/layers.0/self_attn/MatMul,kernel,gemm_tiled_opt_7238579717421349067_1_0__sa,layers.*/self_attn,/model/layers.0/self_attn/MatMul,Gemm,gemm:/model/layers.0/self_attn/MatMul,gemm,gemm_tiled_opt,gemm_tiled_opt_7238579717421349067_1_0__sa,performance,gtpin_total_execution_cycles,3767574,cycles,1,32,3767574
n1_i3,3,1,3,n1_i3::kernel::gemm:/model/layers.0/self_attn/Transpose_4::gemm_tiled_opt_12829285813189929928_0_0__sa,n1_i3::primitive::gemm:/model/layers.0/self_attn/Transpose_4,kernel,gemm_tiled_opt_12829285813189929928_0_0__sa,layers.*/self_attn,/model/layers.0/self_attn/Transpose_4,Gemm,gemm:/model/layers.0/self_attn/Transpose_4,gemm,gemm_tiled_opt,gemm_tiled_opt_12829285813189929928_0_0__sa,performance,gtpin_total_execution_cycles,2016962,cycles,1,64,2016962
n1_i3,3,1,3,n1_i3::kernel::gemm:/model/layers.1/self_attn/MatMul::gemm_tiled_opt_7238579717421349067_1_0__sa,n1_i3::primitive::gemm:/model/layers.1/self_attn/MatMul,kernel,gemm_tiled_opt_7238579717421349067_1_0__sa,layers.*/self_attn,/model/layers.1/self_attn/MatMul,Gemm,gemm:/model/layers.1/self_attn/MatMul,gemm,gemm_tiled_opt,gemm_tiled_opt_7238579717421349067_1_0__sa,performance,gtpin_total_execution_cycles,3441996,cycles,1,32,3441996
n1_i3,3,1,3,n1_i3::kernel::gemm:/model/layers.1/self_attn/Transpose_4::gemm_tiled_opt_12829285813189929928_0_0__sa,n1_i3::primitive::gemm:/model/layers.1/self_attn/Transpose_4,kernel,gemm_tiled_opt_12829285813189929928_0_0__sa,layers.*/self_attn,/model/layers.1/self_attn/Transpose_4,Gemm,gemm:/model/layers.1/self_attn/Transpose_4,gemm,gemm_tiled_opt,gemm_tiled_opt_12829285813189929928_0_0__sa,performance,gtpin_total_execution_cycles,1989500,cycles,1,64,1989500
n1_i3,3,1,3,n1_i3::kernel::gemm:/model/layers.10/self_attn/MatMul::gemm_tiled_opt_7238579717421349067_1_0__sa,n1_i3::primitive::gemm:/model/layers.10/self_attn/MatMul,kernel,gemm_tiled_opt_7238579717421349067_1_0__sa,layers.*/self_attn,/model/layers.10/self_attn/MatMul,Gemm,gemm:/model/layers.10/self_attn/MatMul,gemm,gemm_tiled_opt,gemm_tiled_opt_7238579717421349067_1_0__sa,performance,gtpin_total_execution_cycles,3461348,cycles,1,32,3461348
n1_i3,3,1,3,n1_i3::kernel::gemm:/model/layers.10/self_attn/Transpose_4::gemm_tiled_opt_12829285813189929928_0_0__sa,n1_i3::primitive::gemm:/model/layers.10/self_attn/Transpose_4,kernel,gemm_tiled_opt_12829285813189929928_0_0__sa,layers.*/self_attn,/model/layers.10/self_attn/Transpose_4,Gemm,gemm:/model/layers.10/self_attn/Transpose_4,gemm,gemm_tiled_opt,gemm_tiled_opt_12829285813189929928_0_0__sa,performance,gtpin_total_execution_cycles,2011508,cycles,1,64,2011508
n1_i3,3,1,3,n1_i3::kernel::gemm:/model/layers.11/self_attn/MatMul::gemm_tiled_opt_7238579717421349067_1_0__sa,n1_i3::primitive::gemm:/model/layers.11/self_attn/MatMul,kernel,gemm_tiled_opt_7238579717421349067_1_0__sa,layers.*/self_attn,/model/layers.11/self_attn/MatMul,Gemm,gemm:/model/layers.11/self_attn/MatMul,gemm,gemm_tiled_opt,gemm_tiled_opt_7238579717421349067_1_0__sa,performance,gtpin_total_execution_cycles,3459554,cycles,1,32,3459554
n1_i3,3,1,3,n1_i3::kernel::gemm:/model/layers.11/self_attn/Transpose_4::gemm_tiled_opt_12829285813189929928_0_0__sa,n1_i3::primitive::gemm:/model/layers.11/self_attn/Transpose_4,kernel,gemm_tiled_opt_12829285813189929928_0_0__sa,layers.*/self_attn,/model/layers.11/self_attn/Transpose_4,Gemm,gemm:/model/layers.11/self_attn/Transpose_4,gemm,gemm_tiled_opt,gemm_tiled_opt_12829285813189929928_0_0__sa,performance,gtpin_total_execution_cycles,2186658,cycles,1,64,2186658
n1_i3,3,1,3,n1_i3::kernel::gemm:/model/layers.12/self_attn/MatMul::gemm_tiled_opt_7238579717421349067_1_0__sa,n1_i3::primitive::gemm:/model/layers.12/self_attn/MatMul,kernel,gemm_tiled_opt_7238579717421349067_1_0__sa,layers.*/self_attn,/model/layers.12/self_attn/MatMul,Gemm,gemm:/model/layers.12/self_attn/MatMul,gemm,gemm_tiled_opt,gemm_tiled_opt_7238579717421349067_1_0__sa,performance,gtpin_total_execution_cycles,3705718,cycles,1,32,3705718
n1_i3,3,1,3,n1_i3::kernel::gemm:/model/layers.12/self_attn/Transpose_4::gemm_tiled_opt_12829285813189929928_0_0__sa,n1_i3::primitive::gemm:/model/layers.12/self_attn/Transpose_4,kernel,gemm_tiled_opt_12829285813189929928_0_0__sa,layers.*/self_attn,/model/layers.12/self_attn/Transpose_4,Gemm,gemm:/model/layers.12/self_attn/Transpose_4,gemm,gemm_tiled_opt,gemm_tiled_opt_12829285813189929928_0_0__sa,performance,gtpin_total_execution_cycles,2077828,cycles,1,64,2077828
n1_i3,3,1,3,n1_i3::kernel::gemm:/model/layers.13/self_attn/MatMul::gemm_tiled_opt_7238579717421349067_1_0__sa,n1_i3::primitive::gemm:/model/layers.13/self_attn/MatMul,kernel,gemm_tiled_opt_7238579717421349067_1_0__sa,layers.*/self_attn,/model/layers.13/self_attn/MatMul,Gemm,gemm:/model/layers.13/self_attn/MatMul,gemm,gemm_tiled_opt,gemm_tiled_opt_7238579717421349067_1_0__sa,performance,gtpin_total_execution_cycles,3465766,cycles,1,32,3465766
n1_i3,3,1,3,n1_i3::kernel::gemm:/model/layers.13/self_attn/Transpose_4::gemm_tiled_opt_12829285813189929928_0_0__sa,n1_i3::primitive::gemm:/model/layers.13/self_attn/Transpose_4,kernel,gemm_tiled_opt_12829285813189929928_0_0__sa,layers.*/self_attn,/model/layers.13/self_attn/Transpose_4,Gemm,gemm:/model/layers.13/self_attn/Transpose_4,gemm,gemm_tiled_opt,gemm_tiled_opt_12829285813189929928_0_0__sa,performance,gtpin_total_execution_cycles,2062936,cycles,1,64,2062936
n1_i3,3,1,3,n1_i3::kernel::gemm:/model/layers.14/self_attn/MatMul::gemm_tiled_opt_7238579717421349067_1_0__sa,n1_i3::primitive::gemm:/model/layers.14/self_attn/MatMul,kernel,gemm_tiled_opt_7238579717421349067_1_0__sa,layers.*/self_attn,/model/layers.14/self_attn/MatMul,Gemm,gemm:/model/layers.14/self_attn/MatMul,gemm,gemm_tiled_opt,gemm_tiled_opt_7238579717421349067_1_0__sa,performance,gtpin_total_execution_cycles,3496352,cycles,1,32,3496352
n1_i3,3,1,3,n1_i3::kernel::gemm:/model/layers.14/self_attn/Transpose_4::gemm_tiled_opt_12829285813189929928_0_0__sa,n1_i3::primitive::gemm:/model/layers.14/self_attn/Transpose_4,kernel,gemm_tiled_opt_12829285813189929928_0_0__sa,layers.*/self_attn,/model/layers.14/self_attn/Transpose_4,Gemm,gemm:/model/layers.14/self_attn/Transpose_4,gemm,gemm_tiled_opt,gemm_tiled_opt_12829285813189929928_0_0__sa,performance,gtpin_total_execution_cycles,2038508,cycles,1,64,2038508
n1_i3,3,1,3,n1_i3::kernel::gemm:/model/layers.15/self_attn/MatMul::gemm_tiled_opt_7238579717421349067_1_0__sa,n1_i3::primitive::gemm:/model/layers.15/self_attn/MatMul,kernel,gemm_tiled_opt_7238579717421349067_1_0__sa,layers.*/self_attn,/model/layers.15/self_attn/MatMul,Gemm,gemm:/model/layers.15/self_attn/MatMul,gemm,gemm_tiled_opt,gemm_tiled_opt_7238579717421349067_1_0__sa,performance,gtpin_total_execution_cycles,3549138,cycles,1,32,3549138
n1_i3,3,1,3,n1_i3::kernel::gemm:/model/layers.15/self_attn/Transpose_4::gemm_tiled_opt_12829285813189929928_0_0__sa,n1_i3::primitive::gemm:/model/layers.15/self_attn/Transpose_4,kernel,gemm_tiled_opt_12829285813189929928_0_0__sa,layers.*/self_attn,/model/layers.15/self_attn/Transpose_4,Gemm,gemm:/model/layers.15/self_attn/Transpose_4,gemm,gemm_tiled_opt,gemm_tiled_opt_12829285813189929928_0_0__sa,performance,gtpin_total_execution_cycles,2206612,cycles,1,64,2206612
n1_i3,3,1,3,n1_i3::kernel::gemm:/model/layers.16/self_attn/MatMul::gemm_tiled_opt_7238579717421349067_1_0__sa,n1_i3::primitive::gemm:/model/layers.16/self_attn/MatMul,kernel,gemm_tiled_opt_7238579717421349067_1_0__sa,layers.*/self_attn,/model/layers.16/self_attn/MatMul,Gemm,gemm:/model/layers.16/self_attn/MatMul,gemm,gemm_tiled_opt,gemm_tiled_opt_7238579717421349067_1_0__sa,performance,gtpin_total_execution_cycles,3702550,cycles,1,32,3702550
n1_i3,3,1,3,n1_i3::kernel::gemm:/model/layers.16/self_attn/Transpose_4::gemm_tiled_opt_12829285813189929928_0_0__sa,n1_i3::primitive::gemm:/model/layers.16/self_attn/Transpose_4,kernel,gemm_tiled_opt_12829285813189929928_0_0__sa,layers.*/self_attn,/model/layers.16/self_attn/Transpose_4,Gemm,gemm:/model/layers.16/self_attn/Transpose_4,gemm,gemm_tiled_opt,gemm_tiled_opt_12829285813189929928_0_0__sa,performance,gtpin_total_execution_cycles,2040064,cycles,1,64,2040064
n1_i3,3,1,3,n1_i3::kernel::gemm:/model/layers.17/self_attn/MatMul::gemm_tiled_opt_7238579717421349067_1_0__sa,n1_i3::primitive::gemm:/model/layers.17/self_attn/MatMul,kernel,gemm_tiled_opt_7238579717421349067_1_0__sa,layers.*/self_attn,/model/layers.17/self_attn/MatMul,Gemm,gemm:/model/layers.17/self_attn/MatMul,gemm,gemm_tiled_opt,gemm_tiled_opt_7238579717421349067_1_0__sa,performance,gtpin_total_execution_cycles,3603594,cycles,1,32,3603594
n1_i3,3,1,3,n1_i3::kernel::gemm:/model/layers.17/self_attn/Transpose_4::gemm_tiled_opt_12829285813189929928_0_0__sa,n1_i3::primitive::gemm:/model/layers.17/self_attn/Transpose_4,kernel,gemm_tiled_opt_12829285813189929928_0_0__sa,layers.*/self_attn,/model/layers.17/self_attn/Transpose_4,Gemm,gemm:/model/layers.17/self_attn/Transpose_4,gemm,gemm_tiled_opt,gemm_tiled_opt_12829285813189929928_0_0__sa,performance,gtpin_total_execution_cycles,2027386,cycles,1,64,2027386
n1_i3,3,1,3,n1_i3::kernel::gemm:/model/layers.18/self_attn/MatMul::gemm_tiled_opt_7238579717421349067_1_0__sa,n1_i3::primitive::gemm:/model/layers.18/self_attn/MatMul,kernel,gemm_tiled_opt_7238579717421349067_1_0__sa,layers.*/self_attn,/model/layers.18/self_attn/MatMul,Gemm,gemm:/model/layers.18/self_attn/MatMul,gemm,gemm_tiled_opt,gemm_tiled_opt_7238579717421349067_1_0__sa,performance,gtpin_total_execution_cycles,3494848,cycles,1,32,3494848
n1_i3,3,1,3,n1_i3::kernel::gemm:/model/layers.18/self_attn/Transpose_4::gemm_tiled_opt_12829285813189929928_0_0__sa,n1_i3::primitive::gemm:/model/layers.18/self_attn/Transpose_4,kernel,gemm_tiled_opt_12829285813189929928_0_0__sa,layers.*/self_attn,/model/layers.18/self_attn/Transpose_4,Gemm,gemm:/model/layers.18/self_attn/Transpose_4,gemm,gemm_tiled_opt,gemm_tiled_opt_12829285813189929928_0_0__sa,performance,gtpin_total_execution_cycles,2055608,cycles,1,64,2055608
n1_i3,3,1,3,n1_i3::kernel::gemm:/model/layers.19/self_attn/MatMul::gemm_tiled_opt_7238579717421349067_1_0__sa,n1_i3::primitive::gemm:/model/layers.19/self_attn/MatMul,kernel,gemm_tiled_opt_7238579717421349067_1_0__sa,layers.*/self_attn,/model/layers.19/self_attn/MatMul,Gemm,gemm:/model/layers.19/self_attn/MatMul,gemm,gemm_tiled_opt,gemm_tiled_opt_7238579717421349067_1_0__sa,performance,gtpin_total_execution_cycles,3480340,cycles,1,32,3480340
n1_i3,3,1,3,n1_i3::kernel::gemm:/model/layers.19/self_attn/Transpose_4::gemm_tiled_opt_12829285813189929928_0_0__sa,n1_i3::primitive::gemm:/model/layers.19/self_attn/Transpose_4,kernel,gemm_tiled_opt_12829285813189929928_0_0__sa,layers.*/self_attn,/model/layers.19/self_attn/Transpose_4,Gemm,gemm:/model/layers.19/self_attn/Transpose_4,gemm,gemm_tiled_opt,gemm_tiled_opt_12829285813189929928_0_0__sa,performance,gtpin_total_execution_cycles,2238912,cycles,1,64,2238912
n1_i3,3,1,3,n1_i3::kernel::gemm:/model/layers.2/self_attn/MatMul::gemm_tiled_opt_7238579717421349067_1_0__sa,n1_i3::primitive::gemm:/model/layers.2/self_attn/MatMul,kernel,gemm_tiled_opt_7238579717421349067_1_0__sa,layers.*/self_attn,/model/layers.2/self_attn/MatMul,Gemm,gemm:/model/layers.2/self_attn/MatMul,gemm,gemm_tiled_opt,gemm_tiled_opt_7238579717421349067_1_0__sa,performance,gtpin_total_execution_cycles,3451496,cycles,1,32,3451496
n1_i3,3,1,3,n1_i3::kernel::gemm:/model/layers.2/self_attn/Transpose_4::gemm_tiled_opt_12829285813189929928_0_0__sa,n1_i3::primitive::gemm:/model/layers.2/self_attn/Transpose_4,kernel,gemm_tiled_opt_12829285813189929928_0_0__sa,layers.*/self_attn,/model/layers.2/self_attn/Transpose_4,Gemm,gemm:/model/layers.2/self_attn/Transpose_4,gemm,gemm_tiled_opt,gemm_tiled_opt_12829285813189929928_0_0__sa,performance,gtpin_total_execution_cycles,2027744,cycles,1,64,2027744
n1_i3,3,1,3,n1_i3::kernel::gemm:/model/layers.20/self_attn/MatMul::gemm_tiled_opt_7238579717421349067_1_0__sa,n1_i3::primitive::gemm:/model/layers.20/self_attn/MatMul,kernel,gemm_tiled_opt_7238579717421349067_1_0__sa,layers.*/self_attn,/model/layers.20/self_attn/MatMul,Gemm,gemm:/model/layers.20/self_attn/MatMul,gemm,gemm_tiled_opt,gemm_tiled_opt_7238579717421349067_1_0__sa,performance,gtpin_total_execution_cycles,3835498,cycles,1,32,3835498
n1_i3,3,1,3,n1_i3::kernel::gemm:/model/layers.20/self_attn/Transpose_4::gemm_tiled_opt_12829285813189929928_0_0__sa,n1_i3::primitive::gemm:/model/layers.20/self_attn/Transpose_4,kernel,gemm_tiled_opt_12829285813189929928_0_0__sa,layers.*/self_attn,/model/layers.20/self_attn/Transpose_4,Gemm,gemm:/model/layers.20/self_attn/Transpose_4,gemm,gemm_tiled_opt,gemm_tiled_opt_12829285813189929928_0_0__sa,performance,gtpin_total_execution_cycles,2044206,cycles,1,64,2044206
n1_i3,3,1,3,n1_i3::kernel::gemm:/model/layers.21/self_attn/MatMul::gemm_tiled_opt_7238579717421349067_1_0__sa,n1_i3::primitive::gemm:/model/layers.21/self_attn/MatMul,kernel,gemm_tiled_opt_7238579717421349067_1_0__sa,layers.*/self_attn,/model/layers.21/self_attn/MatMul,Gemm,gemm:/model/layers.21/self_attn/MatMul,gemm,gemm_tiled_opt,gemm_tiled_opt_7238579717421349067_1_0__sa,performance,gtpin_total_execution_cycles,3465008,cycles,1,32,3465008
n1_i3,3,1,3,n1_i3::kernel::gemm:/model/layers.21/self_attn/Transpose_4::gemm_tiled_opt_12829285813189929928_0_0__sa,n1_i3::primitive::gemm:/model/layers.21/self_attn/Transpose_4,kernel,gemm_tiled_opt_12829285813189929928_0_0__sa,layers.*/self_attn,/model/layers.21/self_attn/Transpose_4,Gemm,gemm:/model/layers.21/self_attn/Transpose_4,gemm,gemm_tiled_opt,gemm_tiled_opt_12829285813189929928_0_0__sa,performance,gtpin_total_execution_cycles,2008568,cycles,1,64,2008568
n1_i3,3,1,3,n1_i3::kernel::gemm:/model/layers.3/self_attn/MatMul::gemm_tiled_opt_7238579717421349067_1_0__sa,n1_i3::primitive::gemm:/model/layers.3/self_attn/MatMul,kernel,gemm_tiled_opt_7238579717421349067_1_0__sa,layers.*/self_attn,/model/layers.3/self_attn/MatMul,Gemm,gemm:/model/layers.3/self_attn/MatMul,gemm,gemm_tiled_opt,gemm_tiled_opt_7238579717421349067_1_0__sa,performance,gtpin_total_execution_cycles,3511564,cycles,1,32,3511564
n1_i3,3,1,3,n1_i3::kernel::gemm:/model/layers.3/self_attn/Transpose_4::gemm_tiled_opt_12829285813189929928_0_0__sa,n1_i3::primitive::gemm:/model/layers.3/self_attn/Transpose_4,kernel,gemm_tiled_opt_12829285813189929928_0_0__sa,layers.*/self_attn,/model/layers.3/self_attn/Transpose_4,Gemm,gemm:/model/layers.3/self_attn/Transpose_4,gemm,gemm_tiled_opt,gemm_tiled_opt_12829285813189929928_0_0__sa,performance,gtpin_total_execution_cycles,2319070,cycles,1,64,2319070
n1_i3,3,1,3,n1_i3::kernel::gemm:/model/layers.4/self_attn/MatMul::gemm_tiled_opt_7238579717421349067_1_0__sa,n1_i3::primitive::gemm:/model/layers.4/self_attn/MatMul,kernel,gemm_tiled_opt_7238579717421349067_1_0__sa,layers.*/self_attn,/model/layers.4/self_attn/MatMul,Gemm,gemm:/model/layers.4/self_attn/MatMul,gemm,gemm_tiled_opt,gemm_tiled_opt_7238579717421349067_1_0__sa,performance,gtpin_total_execution_cycles,3711118,cycles,1,32,3711118
n1_i3,3,1,3,n1_i3::kernel::gemm:/model/layers.4/self_attn/Transpose_4::gemm_tiled_opt_12829285813189929928_0_0__sa,n1_i3::primitive::gemm:/model/layers.4/self_attn/Transpose_4,kernel,gemm_tiled_opt_12829285813189929928_0_0__sa,layers.*/self_attn,/model/layers.4/self_attn/Transpose_4,Gemm,gemm:/model/layers.4/self_attn/Transpose_4,gemm,gemm_tiled_opt,gemm_tiled_opt_12829285813189929928_0_0__sa,performance,gtpin_total_execution_cycles,2011250,cycles,1,64,2011250
n1_i3,3,1,3,n1_i3::kernel::gemm:/model/layers.5/self_attn/MatMul::gemm_tiled_opt_7238579717421349067_1_0__sa,n1_i3::primitive::gemm:/model/layers.5/self_attn/MatMul,kernel,gemm_tiled_opt_7238579717421349067_1_0__sa,layers.*/self_attn,/model/layers.5/self_attn/MatMul,Gemm,gemm:/model/layers.5/self_attn/MatMul,gemm,gemm_tiled_opt,gemm_tiled_opt_7238579717421349067_1_0__sa,performance,gtpin_total_execution_cycles,3442106,cycles,1,32,3442106
n1_i3,3,1,3,n1_i3::kernel::gemm:/model/layers.5/self_attn/Transpose_4::gemm_tiled_opt_12829285813189929928_0_0__sa,n1_i3::primitive::gemm:/model/layers.5/self_attn/Transpose_4,kernel,gemm_tiled_opt_12829285813189929928_0_0__sa,layers.*/self_attn,/model/layers.5/self_attn/Transpose_4,Gemm,gemm:/model/layers.5/self_attn/Transpose_4,gemm,gemm_tiled_opt,gemm_tiled_opt_12829285813189929928_0_0__sa,performance,gtpin_total_execution_cycles,2005784,cycles,1,64,2005784
n1_i3,3,1,3,n1_i3::kernel::gemm:/model/layers.6/self_attn/MatMul::gemm_tiled_opt_7238579717421349067_1_0__sa,n1_i3::primitive::gemm:/model/layers.6/self_attn/MatMul,kernel,gemm_tiled_opt_7238579717421349067_1_0__sa,layers.*/self_attn,/model/layers.6/self_attn/MatMul,Gemm,gemm:/model/layers.6/self_attn/MatMul,gemm,gemm_tiled_opt,gemm_tiled_opt_7238579717421349067_1_0__sa,performance,gtpin_total_execution_cycles,3503548,cycles,1,32,3503548
n1_i3,3,1,3,n1_i3::kernel::gemm:/model/layers.6/self_attn/Transpose_4::gemm_tiled_opt_12829285813189929928_0_0__sa,n1_i3::primitive::gemm:/model/layers.6/self_attn/Transpose_4,kernel,gemm_tiled_opt_12829285813189929928_0_0__sa,layers.*/self_attn,/model/layers.6/self_attn/Transpose_4,Gemm,gemm:/model/layers.6/self_attn/Transpose_4,gemm,gemm_tiled_opt,gemm_tiled_opt_12829285813189929928_0_0__sa,performance,gtpin_total_execution_cycles,2092304,cycles,1,64,2092304
n1_i3,3,1,3,n1_i3::kernel::gemm:/model/layers.7/self_attn/MatMul::gemm_tiled_opt_7238579717421349067_1_0__sa,n1_i3::primitive::gemm:/model/layers.7/self_attn/MatMul,kernel,gemm_tiled_opt_7238579717421349067_1_0__sa,layers.*/self_attn,/model/layers.7/self_attn/MatMul,Gemm,gemm:/model/layers.7/self_attn/MatMul,gemm,gemm_tiled_opt,gemm_tiled_opt_7238579717421349067_1_0__sa,performance,gtpin_total_execution_cycles,3562560,cycles,1,32,3562560
n1_i3,3,1,3,n1_i3::kernel::gemm:/model/layers.7/self_attn/Transpose_4::gemm_tiled_opt_12829285813189929928_0_0__sa,n1_i3::primitive::gemm:/model/layers.7/self_attn/Transpose_4,kernel,gemm_tiled_opt_12829285813189929928_0_0__sa,layers.*/self_attn,/model/layers.7/self_attn/Transpose_4,Gemm,gemm:/model/layers.7/self_attn/Transpose_4,gemm,gemm_tiled_opt,gemm_tiled_opt_12829285813189929928_0_0__sa,performance,gtpin_total_execution_cycles,2205390,cycles,1,64,2205390
n1_i3,3,1,3,n1_i3::kernel::gemm:/model/layers.8/self_attn/MatMul::gemm_tiled_opt_7238579717421349067_1_0__sa,n1_i3::primitive::gemm:/model/layers.8/self_attn/MatMul,kernel,gemm_tiled_opt_7238579717421349067_1_0__sa,layers.*/self_attn,/model/layers.8/self_attn/MatMul,Gemm,gemm:/model/layers.8/self_attn/MatMul,gemm,gemm_tiled_opt,gemm_tiled_opt_7238579717421349067_1_0__sa,performance,gtpin_total_execution_cycles,3795580,cycles,1,32,3795580
n1_i3,3,1,3,n1_i3::kernel::gemm:/model/layers.8/self_attn/Transpose_4::gemm_tiled_opt_12829285813189929928_0_0__sa,n1_i3::primitive::gemm:/model/layers.8/self_attn/Transpose_4,kernel,gemm_tiled_opt_12829285813189929928_0_0__sa,layers.*/self_attn,/model/layers.8/self_attn/Transpose_4,Gemm,gemm:/model/layers.8/self_attn/Transpose_4,gemm,gemm_tiled_opt,gemm_tiled_opt_12829285813189929928_0_0__sa,performance,gtpin_total_execution_cycles,2063072,cycles,1,64,2063072
n1_i3,3,1,3,n1_i3::kernel::gemm:/model/layers.9/self_attn/MatMul::gemm_tiled_opt_7238579717421349067_1_0__sa,n1_i3::primitive::gemm:/model/layers.9/self_attn/MatMul,kernel,gemm_tiled_opt_7238579717421349067_1_0__sa,layers.*/self_attn,/model/layers.9/self_attn/MatMul,Gemm,gemm:/model/layers.9/self_attn/MatMul,gemm,gemm_tiled_opt,gemm_tiled_opt_7238579717421349067_1_0__sa,performance,gtpin_total_execution_cycles,3479546,cycles,1,32,3479546
n1_i3,3,1,3,n1_i3::kernel::gemm:/model/layers.9/self_attn/Transpose_4::gemm_tiled_opt_12829285813189929928_0_0__sa,n1_i3::primitive::gemm:/model/layers.9/self_attn/Transpose_4,kernel,gemm_tiled_opt_12829285813189929928_0_0__sa,layers.*/self_attn,/model/layers.9/self_attn/Transpose_4,Gemm,gemm:/model/layers.9/self_attn/Transpose_4,gemm,gemm_tiled_opt,gemm_tiled_opt_12829285813189929928_0_0__sa,performance,gtpin_total_execution_cycles,2059072,cycles,1,64,2059072
n1_i3,3,1,3,n1_i3::kernel::gemm:/model/rotary_emb/Transpose::gemm_tiled_opt_6356298044914993963_3_0__sa,n1_i3::primitive::gemm:/model/rotary_emb/Transpose,kernel,gemm_tiled_opt_6356298044914993963_3_0__sa,rotary_emb,/model/rotary_emb/Transpose,Gemm,gemm:/model/rotary_emb/Transpose,gemm,gemm_tiled_opt,gemm_tiled_opt_6356298044914993963_3_0__sa,performance,gtpin_total_execution_cycles,35230,cycles,1,2,35230
n1_i3,3,1,3,n1_i3::kernel::isnan:/model/layers.0/self_attn/IsNaN::generic_eltwise_ref_1696504087421334661_0_0__sa,n1_i3::primitive::isnan:/model/layers.0/self_attn/IsNaN,kernel,generic_eltwise_ref_1696504087421334661_0_0__sa,layers.*/self_attn,/model/layers.0/self_attn/IsNaN,IsNaN,isnan:/model/layers.0/self_attn/IsNaN,eltwise,generic_eltwise_ref,generic_eltwise_ref_1696504087421334661_0_0__sa,performance,gtpin_total_execution_cycles,1086742,cycles,1,256,1086742
n1_i3,3,1,3,n1_i3::kernel::isnan:/model/layers.1/self_attn/IsNaN::generic_eltwise_ref_1696504087421334661_0_0__sa,n1_i3::primitive::isnan:/model/layers.1/self_attn/IsNaN,kernel,generic_eltwise_ref_1696504087421334661_0_0__sa,layers.*/self_attn,/model/layers.1/self_attn/IsNaN,IsNaN,isnan:/model/layers.1/self_attn/IsNaN,eltwise,generic_eltwise_ref,generic_eltwise_ref_1696504087421334661_0_0__sa,performance,gtpin_total_execution_cycles,1222908,cycles,1,256,1222908
n1_i3,3,1,3,n1_i3::kernel::isnan:/model/layers.10/self_attn/IsNaN::generic_eltwise_ref_1696504087421334661_0_0__sa,n1_i3::primitive::isnan:/model/layers.10/self_attn/IsNaN,kernel,generic_eltwise_ref_1696504087421334661_0_0__sa,layers.*/self_attn,/model/layers.10/self_attn/IsNaN,IsNaN,isnan:/model/layers.10/self_attn/IsNaN,eltwise,generic_eltwise_ref,generic_eltwise_ref_1696504087421334661_0_0__sa,performance,gtpin_total_execution_cycles,1291674,cycles,1,256,1291674
n1_i3,3,1,3,n1_i3::kernel::isnan:/model/layers.11/self_attn/IsNaN::generic_eltwise_ref_1696504087421334661_0_0__sa,n1_i3::primitive::isnan:/model/layers.11/self_attn/IsNaN,kernel,generic_eltwise_ref_1696504087421334661_0_0__sa,layers.*/self_attn,/model/layers.11/self_attn/IsNaN,IsNaN,isnan:/model/layers.11/self_attn/IsNaN,eltwise,generic_eltwise_ref,generic_eltwise_ref_1696504087421334661_0_0__sa,performance,gtpin_total_execution_cycles,1229454,cycles,1,256,1229454
n1_i3,3,1,3,n1_i3::kernel::isnan:/model/layers.12/self_attn/IsNaN::generic_eltwise_ref_1696504087421334661_0_0__sa,n1_i3::primitive::isnan:/model/layers.12/self_attn/IsNaN,kernel,generic_eltwise_ref_1696504087421334661_0_0__sa,layers.*/self_attn,/model/layers.12/self_attn/IsNaN,IsNaN,isnan:/model/layers.12/self_attn/IsNaN,eltwise,generic_eltwise_ref,generic_eltwise_ref_1696504087421334661_0_0__sa,performance,gtpin_total_execution_cycles,1232814,cycles,1,256,1232814
n1_i3,3,1,3,n1_i3::kernel::isnan:/model/layers.13/self_attn/IsNaN::generic_eltwise_ref_1696504087421334661_0_0__sa,n1_i3::primitive::isnan:/model/layers.13/self_attn/IsNaN,kernel,generic_eltwise_ref_1696504087421334661_0_0__sa,layers.*/self_attn,/model/layers.13/self_attn/IsNaN,IsNaN,isnan:/model/layers.13/self_attn/IsNaN,eltwise,generic_eltwise_ref,generic_eltwise_ref_1696504087421334661_0_0__sa,performance,gtpin_total_execution_cycles,1254970,cycles,1,256,1254970
n1_i3,3,1,3,n1_i3::kernel::isnan:/model/layers.14/self_attn/IsNaN::generic_eltwise_ref_1696504087421334661_0_0__sa,n1_i3::primitive::isnan:/model/layers.14/self_attn/IsNaN,kernel,generic_eltwise_ref_1696504087421334661_0_0__sa,layers.*/self_attn,/model/layers.14/self_attn/IsNaN,IsNaN,isnan:/model/layers.14/self_attn/IsNaN,eltwise,generic_eltwise_ref,generic_eltwise_ref_1696504087421334661_0_0__sa,performance,gtpin_total_execution_cycles,1261216,cycles,1,256,1261216
n1_i3,3,1,3,n1_i3::kernel::isnan:/model/layers.15/self_attn/IsNaN::generic_eltwise_ref_1696504087421334661_0_0__sa,n1_i3::primitive::isnan:/model/layers.15/self_attn/IsNaN,kernel,generic_eltwise_ref_1696504087421334661_0_0__sa,layers.*/self_attn,/model/layers.15/self_attn/IsNaN,IsNaN,isnan:/model/layers.15/self_attn/IsNaN,eltwise,generic_eltwise_ref,generic_eltwise_ref_1696504087421334661_0_0__sa,performance,gtpin_total_execution_cycles,1208622,cycles,1,256,1208622
n1_i3,3,1,3,n1_i3::kernel::isnan:/model/layers.16/self_attn/IsNaN::generic_eltwise_ref_1696504087421334661_0_0__sa,n1_i3::primitive::isnan:/model/layers.16/self_attn/IsNaN,kernel,generic_eltwise_ref_1696504087421334661_0_0__sa,layers.*/self_attn,/model/layers.16/self_attn/IsNaN,IsNaN,isnan:/model/layers.16/self_attn/IsNaN,eltwise,generic_eltwise_ref,generic_eltwise_ref_1696504087421334661_0_0__sa,performance,gtpin_total_execution_cycles,1318600,cycles,1,256,1318600
n1_i3,3,1,3,n1_i3::kernel::isnan:/model/layers.17/self_attn/IsNaN::generic_eltwise_ref_1696504087421334661_0_0__sa,n1_i3::primitive::isnan:/model/layers.17/self_attn/IsNaN,kernel,generic_eltwise_ref_1696504087421334661_0_0__sa,layers.*/self_attn,/model/layers.17/self_attn/IsNaN,IsNaN,isnan:/model/layers.17/self_attn/IsNaN,eltwise,generic_eltwise_ref,generic_eltwise_ref_1696504087421334661_0_0__sa,performance,gtpin_total_execution_cycles,1225006,cycles,1,256,1225006
n1_i3,3,1,3,n1_i3::kernel::isnan:/model/layers.18/self_attn/IsNaN::generic_eltwise_ref_1696504087421334661_0_0__sa,n1_i3::primitive::isnan:/model/layers.18/self_attn/IsNaN,kernel,generic_eltwise_ref_1696504087421334661_0_0__sa,layers.*/self_attn,/model/layers.18/self_attn/IsNaN,IsNaN,isnan:/model/layers.18/self_attn/IsNaN,eltwise,generic_eltwise_ref,generic_eltwise_ref_1696504087421334661_0_0__sa,performance,gtpin_total_execution_cycles,1188946,cycles,1,256,1188946
n1_i3,3,1,3,n1_i3::kernel::isnan:/model/layers.19/self_attn/IsNaN::generic_eltwise_ref_1696504087421334661_0_0__sa,n1_i3::primitive::isnan:/model/layers.19/self_attn/IsNaN,kernel,generic_eltwise_ref_1696504087421334661_0_0__sa,layers.*/self_attn,/model/layers.19/self_attn/IsNaN,IsNaN,isnan:/model/layers.19/self_attn/IsNaN,eltwise,generic_eltwise_ref,generic_eltwise_ref_1696504087421334661_0_0__sa,performance,gtpin_total_execution_cycles,1212652,cycles,1,256,1212652
n1_i3,3,1,3,n1_i3::kernel::isnan:/model/layers.2/self_attn/IsNaN::generic_eltwise_ref_1696504087421334661_0_0__sa,n1_i3::primitive::isnan:/model/layers.2/self_attn/IsNaN,kernel,generic_eltwise_ref_1696504087421334661_0_0__sa,layers.*/self_attn,/model/layers.2/self_attn/IsNaN,IsNaN,isnan:/model/layers.2/self_attn/IsNaN,eltwise,generic_eltwise_ref,generic_eltwise_ref_1696504087421334661_0_0__sa,performance,gtpin_total_execution_cycles,1195460,cycles,1,256,1195460
n1_i3,3,1,3,n1_i3::kernel::isnan:/model/layers.20/self_attn/IsNaN::generic_eltwise_ref_1696504087421334661_0_0__sa,n1_i3::primitive::isnan:/model/layers.20/self_attn/IsNaN,kernel,generic_eltwise_ref_1696504087421334661_0_0__sa,layers.*/self_attn,/model/layers.20/self_attn/IsNaN,IsNaN,isnan:/model/layers.20/self_attn/IsNaN,eltwise,generic_eltwise_ref,generic_eltwise_ref_1696504087421334661_0_0__sa,performance,gtpin_total_execution_cycles,1309658,cycles,1,256,1309658
n1_i3,3,1,3,n1_i3::kernel::isnan:/model/layers.21/self_attn/IsNaN::generic_eltwise_ref_1696504087421334661_0_0__sa,n1_i3::primitive::isnan:/model/layers.21/self_attn/IsNaN,kernel,generic_eltwise_ref_1696504087421334661_0_0__sa,layers.*/self_attn,/model/layers.21/self_attn/IsNaN,IsNaN,isnan:/model/layers.21/self_attn/IsNaN,eltwise,generic_eltwise_ref,generic_eltwise_ref_1696504087421334661_0_0__sa,performance,gtpin_total_execution_cycles,1143100,cycles,1,256,1143100
n1_i3,3,1,3,n1_i3::kernel::isnan:/model/layers.3/self_attn/IsNaN::generic_eltwise_ref_1696504087421334661_0_0__sa,n1_i3::primitive::isnan:/model/layers.3/self_attn/IsNaN,kernel,generic_eltwise_ref_1696504087421334661_0_0__sa,layers.*/self_attn,/model/layers.3/self_attn/IsNaN,IsNaN,isnan:/model/layers.3/self_attn/IsNaN,eltwise,generic_eltwise_ref,generic_eltwise_ref_1696504087421334661_0_0__sa,performance,gtpin_total_execution_cycles,1269950,cycles,1,256,1269950
n1_i3,3,1,3,n1_i3::kernel::isnan:/model/layers.4/self_attn/IsNaN::generic_eltwise_ref_1696504087421334661_0_0__sa,n1_i3::primitive::isnan:/model/layers.4/self_attn/IsNaN,kernel,generic_eltwise_ref_1696504087421334661_0_0__sa,layers.*/self_attn,/model/layers.4/self_attn/IsNaN,IsNaN,isnan:/model/layers.4/self_attn/IsNaN,eltwise,generic_eltwise_ref,generic_eltwise_ref_1696504087421334661_0_0__sa,performance,gtpin_total_execution_cycles,1193782,cycles,1,256,1193782
n1_i3,3,1,3,n1_i3::kernel::isnan:/model/layers.5/self_attn/IsNaN::generic_eltwise_ref_1696504087421334661_0_0__sa,n1_i3::primitive::isnan:/model/layers.5/self_attn/IsNaN,kernel,generic_eltwise_ref_1696504087421334661_0_0__sa,layers.*/self_attn,/model/layers.5/self_attn/IsNaN,IsNaN,isnan:/model/layers.5/self_attn/IsNaN,eltwise,generic_eltwise_ref,generic_eltwise_ref_1696504087421334661_0_0__sa,performance,gtpin_total_execution_cycles,1195662,cycles,1,256,1195662
n1_i3,3,1,3,n1_i3::kernel::isnan:/model/layers.6/self_attn/IsNaN::generic_eltwise_ref_1696504087421334661_0_0__sa,n1_i3::primitive::isnan:/model/layers.6/self_attn/IsNaN,kernel,generic_eltwise_ref_1696504087421334661_0_0__sa,layers.*/self_attn,/model/layers.6/self_attn/IsNaN,IsNaN,isnan:/model/layers.6/self_attn/IsNaN,eltwise,generic_eltwise_ref,generic_eltwise_ref_1696504087421334661_0_0__sa,performance,gtpin_total_execution_cycles,1163962,cycles,1,256,1163962
n1_i3,3,1,3,n1_i3::kernel::isnan:/model/layers.7/self_attn/IsNaN::generic_eltwise_ref_1696504087421334661_0_0__sa,n1_i3::primitive::isnan:/model/layers.7/self_attn/IsNaN,kernel,generic_eltwise_ref_1696504087421334661_0_0__sa,layers.*/self_attn,/model/layers.7/self_attn/IsNaN,IsNaN,isnan:/model/layers.7/self_attn/IsNaN,eltwise,generic_eltwise_ref,generic_eltwise_ref_1696504087421334661_0_0__sa,performance,gtpin_total_execution_cycles,1131424,cycles,1,256,1131424
n1_i3,3,1,3,n1_i3::kernel::isnan:/model/layers.8/self_attn/IsNaN::generic_eltwise_ref_1696504087421334661_0_0__sa,n1_i3::primitive::isnan:/model/layers.8/self_attn/IsNaN,kernel,generic_eltwise_ref_1696504087421334661_0_0__sa,layers.*/self_attn,/model/layers.8/self_attn/IsNaN,IsNaN,isnan:/model/layers.8/self_attn/IsNaN,eltwise,generic_eltwise_ref,generic_eltwise_ref_1696504087421334661_0_0__sa,performance,gtpin_total_execution_cycles,1219724,cycles,1,256,1219724
n1_i3,3,1,3,n1_i3::kernel::isnan:/model/layers.9/self_attn/IsNaN::generic_eltwise_ref_1696504087421334661_0_0__sa,n1_i3::primitive::isnan:/model/layers.9/self_attn/IsNaN,kernel,generic_eltwise_ref_1696504087421334661_0_0__sa,layers.*/self_attn,/model/layers.9/self_attn/IsNaN,IsNaN,isnan:/model/layers.9/self_attn/IsNaN,eltwise,generic_eltwise_ref,generic_eltwise_ref_1696504087421334661_0_0__sa,performance,gtpin_total_execution_cycles,1566032,cycles,1,256,1566032
n1_i3,3,1,3,n1_i3::kernel::lessequal:/model/LessOrEqual::generic_eltwise_ref_12991517841348968924_0_0__sa,n1_i3::primitive::lessequal:/model/LessOrEqual,kernel,generic_eltwise_ref_12991517841348968924_0_0__sa,(root),/model/LessOrEqual,LessEqual,lessequal:/model/LessOrEqual,eltwise,generic_eltwise_ref,generic_eltwise_ref_12991517841348968924_0_0__sa,performance,gtpin_total_execution_cycles,31304,cycles,1,8,31304
n1_i3,3,1,3,n1_i3::kernel::logicaland:/model/And::generic_eltwise_ref_12613916656436061640_0_0__sa,n1_i3::primitive::logicaland:/model/And,kernel,generic_eltwise_ref_12613916656436061640_0_0__sa,(root),/model/And,LogicalAnd,logicaland:/model/And,eltwise,generic_eltwise_ref,generic_eltwise_ref_12613916656436061640_0_0__sa,performance,gtpin_total_execution_cycles,47504,cycles,1,8,47504
n1_i3,3,1,3,n1_i3::kernel::logicaland:/model/And_1::generic_eltwise_ref_9810887907610228330_0_0__sa,n1_i3::primitive::logicaland:/model/And_1,kernel,generic_eltwise_ref_9810887907610228330_0_0__sa,(root),/model/And_1,LogicalAnd,logicaland:/model/And_1,eltwise,generic_eltwise_ref,generic_eltwise_ref_9810887907610228330_0_0__sa,performance,gtpin_total_execution_cycles,46488,cycles,1,8,46488
n1_i3,3,1,3,n1_i3::kernel::multiply:/model/layers.0/self_attn/Mul_8::generic_eltwise_ref_7125964068740378811_0_0__sa,n1_i3::primitive::multiply:/model/layers.0/self_attn/Mul_8,kernel,generic_eltwise_ref_7125964068740378811_0_0__sa,layers.*/self_attn,/model/layers.0/self_attn/Mul_8,Multiply,multiply:/model/layers.0/self_attn/Mul_8,eltwise,generic_eltwise_ref,generic_eltwise_ref_7125964068740378811_0_0__sa,performance,gtpin_total_execution_cycles,4503574,cycles,1,1024,4503574
n1_i3,3,1,3,n1_i3::kernel::multiply:/model/layers.1/self_attn/Mul_8::generic_eltwise_ref_7125964068740378811_0_0__sa,n1_i3::primitive::multiply:/model/layers.1/self_attn/Mul_8,kernel,generic_eltwise_ref_7125964068740378811_0_0__sa,layers.*/self_attn,/model/layers.1/self_attn/Mul_8,Multiply,multiply:/model/layers.1/self_attn/Mul_8,eltwise,generic_eltwise_ref,generic_eltwise_ref_7125964068740378811_0_0__sa,performance,gtpin_total_execution_cycles,5230964,cycles,1,1024,5230964
n1_i3,3,1,3,n1_i3::kernel::multiply:/model/layers.10/self_attn/Mul_8::generic_eltwise_ref_7125964068740378811_0_0__sa,n1_i3::primitive::multiply:/model/layers.10/self_attn/Mul_8,kernel,generic_eltwise_ref_7125964068740378811_0_0__sa,layers.*/self_attn,/model/layers.10/self_attn/Mul_8,Multiply,multiply:/model/layers.10/self_attn/Mul_8,eltwise,generic_eltwise_ref,generic_eltwise_ref_7125964068740378811_0_0__sa,performance,gtpin_total_execution_cycles,4856706,cycles,1,1024,4856706
n1_i3,3,1,3,n1_i3::kernel::multiply:/model/layers.11/self_attn/Mul_8::generic_eltwise_ref_7125964068740378811_0_0__sa,n1_i3::primitive::multiply:/model/layers.11/self_attn/Mul_8,kernel,generic_eltwise_ref_7125964068740378811_0_0__sa,layers.*/self_attn,/model/layers.11/self_attn/Mul_8,Multiply,multiply:/model/layers.11/self_attn/Mul_8,eltwise,generic_eltwise_ref,generic_eltwise_ref_7125964068740378811_0_0__sa,performance,gtpin_total_execution_cycles,4284856,cycles,1,1024,4284856
n1_i3,3,1,3,n1_i3::kernel::multiply:/model/layers.12/self_attn/Mul_8::generic_eltwise_ref_7125964068740378811_0_0__sa,n1_i3::primitive::multiply:/model/layers.12/self_attn/Mul_8,kernel,generic_eltwise_ref_7125964068740378811_0_0__sa,layers.*/self_attn,/model/layers.12/self_attn/Mul_8,Multiply,multiply:/model/layers.12/self_attn/Mul_8,eltwise,generic_eltwise_ref,generic_eltwise_ref_7125964068740378811_0_0__sa,performance,gtpin_total_execution_cycles,5443328,cycles,1,1024,5443328
n1_i3,3,1,3,n1_i3::kernel::multiply:/model/layers.13/self_attn/Mul_8::generic_eltwise_ref_7125964068740378811_0_0__sa,n1_i3::primitive::multiply:/model/layers.13/self_attn/Mul_8,kernel,generic_eltwise_ref_7125964068740378811_0_0__sa,layers.*/self_attn,/model/layers.13/self_attn/Mul_8,Multiply,multiply:/model/layers.13/self_attn/Mul_8,eltwise,generic_eltwise_ref,generic_eltwise_ref_7125964068740378811_0_0__sa,performance,gtpin_total_execution_cycles,4967470,cycles,1,1024,4967470
n1_i3,3,1,3,n1_i3::kernel::multiply:/model/layers.14/self_attn/Mul_8::generic_eltwise_ref_7125964068740378811_0_0__sa,n1_i3::primitive::multiply:/model/layers.14/self_attn/Mul_8,kernel,generic_eltwise_ref_7125964068740378811_0_0__sa,layers.*/self_attn,/model/layers.14/self_attn/Mul_8,Multiply,multiply:/model/layers.14/self_attn/Mul_8,eltwise,generic_eltwise_ref,generic_eltwise_ref_7125964068740378811_0_0__sa,performance,gtpin_total_execution_cycles,4844628,cycles,1,1024,4844628
n1_i3,3,1,3,n1_i3::kernel::multiply:/model/layers.15/self_attn/Mul_8::generic_eltwise_ref_7125964068740378811_0_0__sa,n1_i3::primitive::multiply:/model/layers.15/self_attn/Mul_8,kernel,generic_eltwise_ref_7125964068740378811_0_0__sa,layers.*/self_attn,/model/layers.15/self_attn/Mul_8,Multiply,multiply:/model/layers.15/self_attn/Mul_8,eltwise,generic_eltwise_ref,generic_eltwise_ref_7125964068740378811_0_0__sa,performance,gtpin_total_execution_cycles,4697424,cycles,1,1024,4697424
n1_i3,3,1,3,n1_i3::kernel::multiply:/model/layers.16/self_attn/Mul_8::generic_eltwise_ref_7125964068740378811_0_0__sa,n1_i3::primitive::multiply:/model/layers.16/self_attn/Mul_8,kernel,generic_eltwise_ref_7125964068740378811_0_0__sa,layers.*/self_attn,/model/layers.16/self_attn/Mul_8,Multiply,multiply:/model/layers.16/self_attn/Mul_8,eltwise,generic_eltwise_ref,generic_eltwise_ref_7125964068740378811_0_0__sa,performance,gtpin_total_execution_cycles,4830554,cycles,1,1024,4830554
n1_i3,3,1,3,n1_i3::kernel::multiply:/model/layers.17/self_attn/Mul_8::generic_eltwise_ref_7125964068740378811_0_0__sa,n1_i3::primitive::multiply:/model/layers.17/self_attn/Mul_8,kernel,generic_eltwise_ref_7125964068740378811_0_0__sa,layers.*/self_attn,/model/layers.17/self_attn/Mul_8,Multiply,multiply:/model/layers.17/self_attn/Mul_8,eltwise,generic_eltwise_ref,generic_eltwise_ref_7125964068740378811_0_0__sa,performance,gtpin_total_execution_cycles,5198554,cycles,1,1024,5198554
n1_i3,3,1,3,n1_i3::kernel::multiply:/model/layers.18/self_attn/Mul_8::generic_eltwise_ref_7125964068740378811_0_0__sa,n1_i3::primitive::multiply:/model/layers.18/self_attn/Mul_8,kernel,generic_eltwise_ref_7125964068740378811_0_0__sa,layers.*/self_attn,/model/layers.18/self_attn/Mul_8,Multiply,multiply:/model/layers.18/self_attn/Mul_8,eltwise,generic_eltwise_ref,generic_eltwise_ref_7125964068740378811_0_0__sa,performance,gtpin_total_execution_cycles,5221554,cycles,1,1024,5221554
n1_i3,3,1,3,n1_i3::kernel::multiply:/model/layers.19/self_attn/Mul_8::generic_eltwise_ref_7125964068740378811_0_0__sa,n1_i3::primitive::multiply:/model/layers.19/self_attn/Mul_8,kernel,generic_eltwise_ref_7125964068740378811_0_0__sa,layers.*/self_attn,/model/layers.19/self_attn/Mul_8,Multiply,multiply:/model/layers.19/self_attn/Mul_8,eltwise,generic_eltwise_ref,generic_eltwise_ref_7125964068740378811_0_0__sa,performance,gtpin_total_execution_cycles,4629884,cycles,1,1024,4629884
n1_i3,3,1,3,n1_i3::kernel::multiply:/model/layers.2/self_attn/Mul_8::generic_eltwise_ref_7125964068740378811_0_0__sa,n1_i3::primitive::multiply:/model/layers.2/self_attn/Mul_8,kernel,generic_eltwise_ref_7125964068740378811_0_0__sa,layers.*/self_attn,/model/layers.2/self_attn/Mul_8,Multiply,multiply:/model/layers.2/self_attn/Mul_8,eltwise,generic_eltwise_ref,generic_eltwise_ref_7125964068740378811_0_0__sa,performance,gtpin_total_execution_cycles,5141982,cycles,1,1024,5141982
n1_i3,3,1,3,n1_i3::kernel::multiply:/model/layers.20/self_attn/Mul_8::generic_eltwise_ref_7125964068740378811_0_0__sa,n1_i3::primitive::multiply:/model/layers.20/self_attn/Mul_8,kernel,generic_eltwise_ref_7125964068740378811_0_0__sa,layers.*/self_attn,/model/layers.20/self_attn/Mul_8,Multiply,multiply:/model/layers.20/self_attn/Mul_8,eltwise,generic_eltwise_ref,generic_eltwise_ref_7125964068740378811_0_0__sa,performance,gtpin_total_execution_cycles,5164758,cycles,1,1024,5164758
n1_i3,3,1,3,n1_i3::kernel::multiply:/model/layers.21/self_attn/Mul_8::generic_eltwise_ref_7125964068740378811_0_0__sa,n1_i3::primitive::multiply:/model/layers.21/self_attn/Mul_8,kernel,generic_eltwise_ref_7125964068740378811_0_0__sa,layers.*/self_attn,/model/layers.21/self_attn/Mul_8,Multiply,multiply:/model/layers.21/self_attn/Mul_8,eltwise,generic_eltwise_ref,generic_eltwise_ref_7125964068740378811_0_0__sa,performance,gtpin_total_execution_cycles,4948204,cycles,1,1024,4948204
n1_i3,3,1,3,n1_i3::kernel::multiply:/model/layers.3/self_attn/Mul_8::generic_eltwise_ref_7125964068740378811_0_0__sa,n1_i3::primitive::multiply:/model/layers.3/self_attn/Mul_8,kernel,generic_eltwise_ref_7125964068740378811_0_0__sa,layers.*/self_attn,/model/layers.3/self_attn/Mul_8,Multiply,multiply:/model/layers.3/self_attn/Mul_8,eltwise,generic_eltwise_ref,generic_eltwise_ref_7125964068740378811_0_0__sa,performance,gtpin_total_execution_cycles,4724396,cycles,1,1024,4724396
n1_i3,3,1,3,n1_i3::kernel::multiply:/model/layers.4/self_attn/Mul_8::generic_eltwise_ref_7125964068740378811_0_0__sa,n1_i3::primitive::multiply:/model/layers.4/self_attn/Mul_8,kernel,generic_eltwise_ref_7125964068740378811_0_0__sa,layers.*/self_attn,/model/layers.4/self_attn/Mul_8,Multiply,multiply:/model/layers.4/self_attn/Mul_8,eltwise,generic_eltwise_ref,generic_eltwise_ref_7125964068740378811_0_0__sa,performance,gtpin_total_execution_cycles,4794156,cycles,1,1024,4794156
n1_i3,3,1,3,n1_i3::kernel::multiply:/model/layers.5/self_attn/Mul_8::generic_eltwise_ref_7125964068740378811_0_0__sa,n1_i3::primitive::multiply:/model/layers.5/self_attn/Mul_8,kernel,generic_eltwise_ref_7125964068740378811_0_0__sa,layers.*/self_attn,/model/layers.5/self_attn/Mul_8,Multiply,multiply:/model/layers.5/self_attn/Mul_8,eltwise,generic_eltwise_ref,generic_eltwise_ref_7125964068740378811_0_0__sa,performance,gtpin_total_execution_cycles,4897794,cycles,1,1024,4897794
n1_i3,3,1,3,n1_i3::kernel::multiply:/model/layers.6/self_attn/Mul_8::generic_eltwise_ref_7125964068740378811_0_0__sa,n1_i3::primitive::multiply:/model/layers.6/self_attn/Mul_8,kernel,generic_eltwise_ref_7125964068740378811_0_0__sa,layers.*/self_attn,/model/layers.6/self_attn/Mul_8,Multiply,multiply:/model/layers.6/self_attn/Mul_8,eltwise,generic_eltwise_ref,generic_eltwise_ref_7125964068740378811_0_0__sa,performance,gtpin_total_execution_cycles,4743438,cycles,1,1024,4743438
n1_i3,3,1,3,n1_i3::kernel::multiply:/model/layers.7/self_attn/Mul_8::generic_eltwise_ref_7125964068740378811_0_0__sa,n1_i3::primitive::multiply:/model/layers.7/self_attn/Mul_8,kernel,generic_eltwise_ref_7125964068740378811_0_0__sa,layers.*/self_attn,/model/layers.7/self_attn/Mul_8,Multiply,multiply:/model/layers.7/self_attn/Mul_8,eltwise,generic_eltwise_ref,generic_eltwise_ref_7125964068740378811_0_0__sa,performance,gtpin_total_execution_cycles,4340404,cycles,1,1024,4340404
n1_i3,3,1,3,n1_i3::kernel::multiply:/model/layers.8/self_attn/Mul_8::generic_eltwise_ref_7125964068740378811_0_0__sa,n1_i3::primitive::multiply:/model/layers.8/self_attn/Mul_8,kernel,generic_eltwise_ref_7125964068740378811_0_0__sa,layers.*/self_attn,/model/layers.8/self_attn/Mul_8,Multiply,multiply:/model/layers.8/self_attn/Mul_8,eltwise,generic_eltwise_ref,generic_eltwise_ref_7125964068740378811_0_0__sa,performance,gtpin_total_execution_cycles,4881922,cycles,1,1024,4881922
n1_i3,3,1,3,n1_i3::kernel::multiply:/model/layers.9/self_attn/Mul_8::generic_eltwise_ref_7125964068740378811_0_0__sa,n1_i3::primitive::multiply:/model/layers.9/self_attn/Mul_8,kernel,generic_eltwise_ref_7125964068740378811_0_0__sa,layers.*/self_attn,/model/layers.9/self_attn/Mul_8,Multiply,multiply:/model/layers.9/self_attn/Mul_8,eltwise,generic_eltwise_ref,generic_eltwise_ref_7125964068740378811_0_0__sa,performance,gtpin_total_execution_cycles,4980406,cycles,1,1024,4980406
n1_i3,3,1,3,n1_i3::kernel::rms:/model/layers.0/input_layernorm/Mul::rms_gpu_bfyx_opt_10690270683970839748_0_0__sa,n1_i3::primitive::rms:/model/layers.0/input_layernorm/Mul,kernel,rms_gpu_bfyx_opt_10690270683970839748_0_0__sa,layers.*/input_layernorm,/model/layers.0/input_layernorm/Mul,RMS,rms:/model/layers.0/input_layernorm/Mul,rms,rms_gpu_bfyx_opt,rms_gpu_bfyx_opt_10690270683970839748_0_0__sa,performance,gtpin_total_execution_cycles,2014326,cycles,1,256,2014326
n1_i3,3,1,3,n1_i3::kernel::rms:/model/layers.0/post_attention_layernorm/Mul::rms_gpu_bfyx_opt_10690270683970839748_0_0__sa,n1_i3::primitive::rms:/model/layers.0/post_attention_layernorm/Mul,kernel,rms_gpu_bfyx_opt_10690270683970839748_0_0__sa,layers.*/post_attention_layernorm,/model/layers.0/post_attention_layernorm/Mul,RMS,rms:/model/layers.0/post_attention_layernorm/Mul,rms,rms_gpu_bfyx_opt,rms_gpu_bfyx_opt_10690270683970839748_0_0__sa,performance,gtpin_total_execution_cycles,2333400,cycles,1,256,2333400
n1_i3,3,1,3,n1_i3::kernel::rms:/model/layers.1/input_layernorm/Mul::rms_gpu_bfyx_opt_10690270683970839748_0_0__sa,n1_i3::primitive::rms:/model/layers.1/input_layernorm/Mul,kernel,rms_gpu_bfyx_opt_10690270683970839748_0_0__sa,layers.*/input_layernorm,/model/layers.1/input_layernorm/Mul,RMS,rms:/model/layers.1/input_layernorm/Mul,rms,rms_gpu_bfyx_opt,rms_gpu_bfyx_opt_10690270683970839748_0_0__sa,performance,gtpin_total_execution_cycles,1600718,cycles,1,256,1600718
n1_i3,3,1,3,n1_i3::kernel::rms:/model/layers.1/post_attention_layernorm/Mul::rms_gpu_bfyx_opt_10690270683970839748_0_0__sa,n1_i3::primitive::rms:/model/layers.1/post_attention_layernorm/Mul,kernel,rms_gpu_bfyx_opt_10690270683970839748_0_0__sa,layers.*/post_attention_layernorm,/model/layers.1/post_attention_layernorm/Mul,RMS,rms:/model/layers.1/post_attention_layernorm/Mul,rms,rms_gpu_bfyx_opt,rms_gpu_bfyx_opt_10690270683970839748_0_0__sa,performance,gtpin_total_execution_cycles,1983790,cycles,1,256,1983790
n1_i3,3,1,3,n1_i3::kernel::rms:/model/layers.10/input_layernorm/Mul::rms_gpu_bfyx_opt_10690270683970839748_0_0__sa,n1_i3::primitive::rms:/model/layers.10/input_layernorm/Mul,kernel,rms_gpu_bfyx_opt_10690270683970839748_0_0__sa,layers.*/input_layernorm,/model/layers.10/input_layernorm/Mul,RMS,rms:/model/layers.10/input_layernorm/Mul,rms,rms_gpu_bfyx_opt,rms_gpu_bfyx_opt_10690270683970839748_0_0__sa,performance,gtpin_total_execution_cycles,1674176,cycles,1,256,1674176
n1_i3,3,1,3,n1_i3::kernel::rms:/model/layers.10/post_attention_layernorm/Mul::rms_gpu_bfyx_opt_10690270683970839748_0_0__sa,n1_i3::primitive::rms:/model/layers.10/post_attention_layernorm/Mul,kernel,rms_gpu_bfyx_opt_10690270683970839748_0_0__sa,layers.*/post_attention_layernorm,/model/layers.10/post_attention_layernorm/Mul,RMS,rms:/model/layers.10/post_attention_layernorm/Mul,rms,rms_gpu_bfyx_opt,rms_gpu_bfyx_opt_10690270683970839748_0_0__sa,performance,gtpin_total_execution_cycles,1946584,cycles,1,256,1946584
n1_i3,3,1,3,n1_i3::kernel::rms:/model/layers.11/input_layernorm/Mul::rms_gpu_bfyx_opt_10690270683970839748_0_0__sa,n1_i3::primitive::rms:/model/layers.11/input_layernorm/Mul,kernel,rms_gpu_bfyx_opt_10690270683970839748_0_0__sa,layers.*/input_layernorm,/model/layers.11/input_layernorm/Mul,RMS,rms:/model/layers.11/input_layernorm/Mul,rms,rms_gpu_bfyx_opt,rms_gpu_bfyx_opt_10690270683970839748_0_0__sa,performance,gtpin_total_execution_cycles,2251532,cycles,1,256,2251532
n1_i3,3,1,3,n1_i3::kernel::rms:/model/layers.11/post_attention_layernorm/Mul::rms_gpu_bfyx_opt_10690270683970839748_0_0__sa,n1_i3::primitive::rms:/model/layers.11/post_attention_layernorm/Mul,kernel,rms_gpu_bfyx_opt_10690270683970839748_0_0__sa,layers.*/post_attention_layernorm,/model/layers.11/post_attention_layernorm/Mul,RMS,rms:/model/layers.11/post_attention_layernorm/Mul,rms,rms_gpu_bfyx_opt,rms_gpu_bfyx_opt_10690270683970839748_0_0__sa,performance,gtpin_total_execution_cycles,1709436,cycles,1,256,1709436
n1_i3,3,1,3,n1_i3::kernel::rms:/model/layers.12/input_layernorm/Mul::rms_gpu_bfyx_opt_10690270683970839748_0_0__sa,n1_i3::primitive::rms:/model/layers.12/input_layernorm/Mul,kernel,rms_gpu_bfyx_opt_10690270683970839748_0_0__sa,layers.*/input_layernorm,/model/layers.12/input_layernorm/Mul,RMS,rms:/model/layers.12/input_layernorm/Mul,rms,rms_gpu_bfyx_opt,rms_gpu_bfyx_opt_10690270683970839748_0_0__sa,performance,gtpin_total_execution_cycles,1642298,cycles,1,256,1642298
n1_i3,3,1,3,n1_i3::kernel::rms:/model/layers.12/post_attention_layernorm/Mul::rms_gpu_bfyx_opt_10690270683970839748_0_0__sa,n1_i3::primitive::rms:/model/layers.12/post_attention_layernorm/Mul,kernel,rms_gpu_bfyx_opt_10690270683970839748_0_0__sa,layers.*/post_attention_layernorm,/model/layers.12/post_attention_layernorm/Mul,RMS,rms:/model/layers.12/post_attention_layernorm/Mul,rms,rms_gpu_bfyx_opt,rms_gpu_bfyx_opt_10690270683970839748_0_0__sa,performance,gtpin_total_execution_cycles,1916364,cycles,1,256,1916364
n1_i3,3,1,3,n1_i3::kernel::rms:/model/layers.13/input_layernorm/Mul::rms_gpu_bfyx_opt_10690270683970839748_0_0__sa,n1_i3::primitive::rms:/model/layers.13/input_layernorm/Mul,kernel,rms_gpu_bfyx_opt_10690270683970839748_0_0__sa,layers.*/input_layernorm,/model/layers.13/input_layernorm/Mul,RMS,rms:/model/layers.13/input_layernorm/Mul,rms,rms_gpu_bfyx_opt,rms_gpu_bfyx_opt_10690270683970839748_0_0__sa,performance,gtpin_total_execution_cycles,1685942,cycles,1,256,1685942
n1_i3,3,1,3,n1_i3::kernel::rms:/model/layers.13/post_attention_layernorm/Mul::rms_gpu_bfyx_opt_10690270683970839748_0_0__sa,n1_i3::primitive::rms:/model/layers.13/post_attention_layernorm/Mul,kernel,rms_gpu_bfyx_opt_10690270683970839748_0_0__sa,layers.*/post_attention_layernorm,/model/layers.13/post_attention_layernorm/Mul,RMS,rms:/model/layers.13/post_attention_layernorm/Mul,rms,rms_gpu_bfyx_opt,rms_gpu_bfyx_opt_10690270683970839748_0_0__sa,performance,gtpin_total_execution_cycles,1858408,cycles,1,256,1858408
n1_i3,3,1,3,n1_i3::kernel::rms:/model/layers.14/input_layernorm/Mul::rms_gpu_bfyx_opt_10690270683970839748_0_0__sa,n1_i3::primitive::rms:/model/layers.14/input_layernorm/Mul,kernel,rms_gpu_bfyx_opt_10690270683970839748_0_0__sa,layers.*/input_layernorm,/model/layers.14/input_layernorm/Mul,RMS,rms:/model/layers.14/input_layernorm/Mul,rms,rms_gpu_bfyx_opt,rms_gpu_bfyx_opt_10690270683970839748_0_0__sa,performance,gtpin_total_execution_cycles,1788212,cycles,1,256,1788212
n1_i3,3,1,3,n1_i3::kernel::rms:/model/layers.14/post_attention_layernorm/Mul::rms_gpu_bfyx_opt_10690270683970839748_0_0__sa,n1_i3::primitive::rms:/model/layers.14/post_attention_layernorm/Mul,kernel,rms_gpu_bfyx_opt_10690270683970839748_0_0__sa,layers.*/post_attention_layernorm,/model/layers.14/post_attention_layernorm/Mul,RMS,rms:/model/layers.14/post_attention_layernorm/Mul,rms,rms_gpu_bfyx_opt,rms_gpu_bfyx_opt_10690270683970839748_0_0__sa,performance,gtpin_total_execution_cycles,1960590,cycles,1,256,1960590
n1_i3,3,1,3,n1_i3::kernel::rms:/model/layers.15/input_layernorm/Mul::rms_gpu_bfyx_opt_10690270683970839748_0_0__sa,n1_i3::primitive::rms:/model/layers.15/input_layernorm/Mul,kernel,rms_gpu_bfyx_opt_10690270683970839748_0_0__sa,layers.*/input_layernorm,/model/layers.15/input_layernorm/Mul,RMS,rms:/model/layers.15/input_layernorm/Mul,rms,rms_gpu_bfyx_opt,rms_gpu_bfyx_opt_10690270683970839748_0_0__sa,performance,gtpin_total_execution_cycles,2005806,cycles,1,256,2005806
n1_i3,3,1,3,n1_i3::kernel::rms:/model/layers.15/post_attention_layernorm/Mul::rms_gpu_bfyx_opt_10690270683970839748_0_0__sa,n1_i3::primitive::rms:/model/layers.15/post_attention_layernorm/Mul,kernel,rms_gpu_bfyx_opt_10690270683970839748_0_0__sa,layers.*/post_attention_layernorm,/model/layers.15/post_attention_layernorm/Mul,RMS,rms:/model/layers.15/post_attention_layernorm/Mul,rms,rms_gpu_bfyx_opt,rms_gpu_bfyx_opt_10690270683970839748_0_0__sa,performance,gtpin_total_execution_cycles,1741436,cycles,1,256,1741436
n1_i3,3,1,3,n1_i3::kernel::rms:/model/layers.16/input_layernorm/Mul::rms_gpu_bfyx_opt_10690270683970839748_0_0__sa,n1_i3::primitive::rms:/model/layers.16/input_layernorm/Mul,kernel,rms_gpu_bfyx_opt_10690270683970839748_0_0__sa,layers.*/input_layernorm,/model/layers.16/input_layernorm/Mul,RMS,rms:/model/layers.16/input_layernorm/Mul,rms,rms_gpu_bfyx_opt,rms_gpu_bfyx_opt_10690270683970839748_0_0__sa,performance,gtpin_total_execution_cycles,1556342,cycles,1,256,1556342
n1_i3,3,1,3,n1_i3::kernel::rms:/model/layers.16/post_attention_layernorm/Mul::rms_gpu_bfyx_opt_10690270683970839748_0_0__sa,n1_i3::primitive::rms:/model/layers.16/post_attention_layernorm/Mul,kernel,rms_gpu_bfyx_opt_10690270683970839748_0_0__sa,layers.*/post_attention_layernorm,/model/layers.16/post_attention_layernorm/Mul,RMS,rms:/model/layers.16/post_attention_layernorm/Mul,rms,rms_gpu_bfyx_opt,rms_gpu_bfyx_opt_10690270683970839748_0_0__sa,performance,gtpin_total_execution_cycles,1907612,cycles,1,256,1907612
n1_i3,3,1,3,n1_i3::kernel::rms:/model/layers.17/input_layernorm/Mul::rms_gpu_bfyx_opt_10690270683970839748_0_0__sa,n1_i3::primitive::rms:/model/layers.17/input_layernorm/Mul,kernel,rms_gpu_bfyx_opt_10690270683970839748_0_0__sa,layers.*/input_layernorm,/model/layers.17/input_layernorm/Mul,RMS,rms:/model/layers.17/input_layernorm/Mul,rms,rms_gpu_bfyx_opt,rms_gpu_bfyx_opt_10690270683970839748_0_0__sa,performance,gtpin_total_execution_cycles,1575854,cycles,1,256,1575854
n1_i3,3,1,3,n1_i3::kernel::rms:/model/layers.17/post_attention_layernorm/Mul::rms_gpu_bfyx_opt_10690270683970839748_0_0__sa,n1_i3::primitive::rms:/model/layers.17/post_attention_layernorm/Mul,kernel,rms_gpu_bfyx_opt_10690270683970839748_0_0__sa,layers.*/post_attention_layernorm,/model/layers.17/post_attention_layernorm/Mul,RMS,rms:/model/layers.17/post_attention_layernorm/Mul,rms,rms_gpu_bfyx_opt,rms_gpu_bfyx_opt_10690270683970839748_0_0__sa,performance,gtpin_total_execution_cycles,2043334,cycles,1,256,2043334
n1_i3,3,1,3,n1_i3::kernel::rms:/model/layers.18/input_layernorm/Mul::rms_gpu_bfyx_opt_10690270683970839748_0_0__sa,n1_i3::primitive::rms:/model/layers.18/input_layernorm/Mul,kernel,rms_gpu_bfyx_opt_10690270683970839748_0_0__sa,layers.*/input_layernorm,/model/layers.18/input_layernorm/Mul,RMS,rms:/model/layers.18/input_layernorm/Mul,rms,rms_gpu_bfyx_opt,rms_gpu_bfyx_opt_10690270683970839748_0_0__sa,performance,gtpin_total_execution_cycles,1710056,cycles,1,256,1710056
n1_i3,3,1,3,n1_i3::kernel::rms:/model/layers.18/post_attention_layernorm/Mul::rms_gpu_bfyx_opt_10690270683970839748_0_0__sa,n1_i3::primitive::rms:/model/layers.18/post_attention_layernorm/Mul,kernel,rms_gpu_bfyx_opt_10690270683970839748_0_0__sa,layers.*/post_attention_layernorm,/model/layers.18/post_attention_layernorm/Mul,RMS,rms:/model/layers.18/post_attention_layernorm/Mul,rms,rms_gpu_bfyx_opt,rms_gpu_bfyx_opt_10690270683970839748_0_0__sa,performance,gtpin_total_execution_cycles,2308190,cycles,1,256,2308190
n1_i3,3,1,3,n1_i3::kernel::rms:/model/layers.19/input_layernorm/Mul::rms_gpu_bfyx_opt_10690270683970839748_0_0__sa,n1_i3::primitive::rms:/model/layers.19/input_layernorm/Mul,kernel,rms_gpu_bfyx_opt_10690270683970839748_0_0__sa,layers.*/input_layernorm,/model/layers.19/input_layernorm/Mul,RMS,rms:/model/layers.19/input_layernorm/Mul,rms,rms_gpu_bfyx_opt,rms_gpu_bfyx_opt_10690270683970839748_0_0__sa,performance,gtpin_total_execution_cycles,1925676,cycles,1,256,1925676
n1_i3,3,1,3,n1_i3::kernel::rms:/model/layers.19/post_attention_layernorm/Mul::rms_gpu_bfyx_opt_10690270683970839748_0_0__sa,n1_i3::primitive::rms:/model/layers.19/post_attention_layernorm/Mul,kernel,rms_gpu_bfyx_opt_10690270683970839748_0_0__sa,layers.*/post_attention_layernorm,/model/layers.19/post_attention_layernorm/Mul,RMS,rms:/model/layers.19/post_attention_layernorm/Mul,rms,rms_gpu_bfyx_opt,rms_gpu_bfyx_opt_10690270683970839748_0_0__sa,performance,gtpin_total_execution_cycles,1888462,cycles,1,256,1888462
n1_i3,3,1,3,n1_i3::kernel::rms:/model/layers.2/input_layernorm/Mul::rms_gpu_bfyx_opt_10690270683970839748_0_0__sa,n1_i3::primitive::rms:/model/layers.2/input_layernorm/Mul,kernel,rms_gpu_bfyx_opt_10690270683970839748_0_0__sa,layers.*/input_layernorm,/model/layers.2/input_layernorm/Mul,RMS,rms:/model/layers.2/input_layernorm/Mul,rms,rms_gpu_bfyx_opt,rms_gpu_bfyx_opt_10690270683970839748_0_0__sa,performance,gtpin_total_execution_cycles,1765562,cycles,1,256,1765562
n1_i3,3,1,3,n1_i3::kernel::rms:/model/layers.2/post_attention_layernorm/Mul::rms_gpu_bfyx_opt_10690270683970839748_0_0__sa,n1_i3::primitive::rms:/model/layers.2/post_attention_layernorm/Mul,kernel,rms_gpu_bfyx_opt_10690270683970839748_0_0__sa,layers.*/post_attention_layernorm,/model/layers.2/post_attention_layernorm/Mul,RMS,rms:/model/layers.2/post_attention_layernorm/Mul,rms,rms_gpu_bfyx_opt,rms_gpu_bfyx_opt_10690270683970839748_0_0__sa,performance,gtpin_total_execution_cycles,1990276,cycles,1,256,1990276
n1_i3,3,1,3,n1_i3::kernel::rms:/model/layers.20/input_layernorm/Mul::rms_gpu_bfyx_opt_10690270683970839748_0_0__sa,n1_i3::primitive::rms:/model/layers.20/input_layernorm/Mul,kernel,rms_gpu_bfyx_opt_10690270683970839748_0_0__sa,layers.*/input_layernorm,/model/layers.20/input_layernorm/Mul,RMS,rms:/model/layers.20/input_layernorm/Mul,rms,rms_gpu_bfyx_opt,rms_gpu_bfyx_opt_10690270683970839748_0_0__sa,performance,gtpin_total_execution_cycles,1663502,cycles,1,256,1663502
n1_i3,3,1,3,n1_i3::kernel::rms:/model/layers.20/post_attention_layernorm/Mul::rms_gpu_bfyx_opt_10690270683970839748_0_0__sa,n1_i3::primitive::rms:/model/layers.20/post_attention_layernorm/Mul,kernel,rms_gpu_bfyx_opt_10690270683970839748_0_0__sa,layers.*/post_attention_layernorm,/model/layers.20/post_attention_layernorm/Mul,RMS,rms:/model/layers.20/post_attention_layernorm/Mul,rms,rms_gpu_bfyx_opt,rms_gpu_bfyx_opt_10690270683970839748_0_0__sa,performance,gtpin_total_execution_cycles,1963648,cycles,1,256,1963648
n1_i3,3,1,3,n1_i3::kernel::rms:/model/layers.21/input_layernorm/Mul::rms_gpu_bfyx_opt_10690270683970839748_0_0__sa,n1_i3::primitive::rms:/model/layers.21/input_layernorm/Mul,kernel,rms_gpu_bfyx_opt_10690270683970839748_0_0__sa,layers.*/input_layernorm,/model/layers.21/input_layernorm/Mul,RMS,rms:/model/layers.21/input_layernorm/Mul,rms,rms_gpu_bfyx_opt,rms_gpu_bfyx_opt_10690270683970839748_0_0__sa,performance,gtpin_total_execution_cycles,1987588,cycles,1,256,1987588
n1_i3,3,1,3,n1_i3::kernel::rms:/model/layers.21/post_attention_layernorm/Mul::rms_gpu_bfyx_opt_10690270683970839748_0_0__sa,n1_i3::primitive::rms:/model/layers.21/post_attention_layernorm/Mul,kernel,rms_gpu_bfyx_opt_10690270683970839748_0_0__sa,layers.*/post_attention_layernorm,/model/layers.21/post_attention_layernorm/Mul,RMS,rms:/model/layers.21/post_attention_layernorm/Mul,rms,rms_gpu_bfyx_opt,rms_gpu_bfyx_opt_10690270683970839748_0_0__sa,performance,gtpin_total_execution_cycles,2087620,cycles,1,256,2087620
n1_i3,3,1,3,n1_i3::kernel::rms:/model/layers.3/input_layernorm/Mul::rms_gpu_bfyx_opt_10690270683970839748_0_0__sa,n1_i3::primitive::rms:/model/layers.3/input_layernorm/Mul,kernel,rms_gpu_bfyx_opt_10690270683970839748_0_0__sa,layers.*/input_layernorm,/model/layers.3/input_layernorm/Mul,RMS,rms:/model/layers.3/input_layernorm/Mul,rms,rms_gpu_bfyx_opt,rms_gpu_bfyx_opt_10690270683970839748_0_0__sa,performance,gtpin_total_execution_cycles,2039524,cycles,1,256,2039524
n1_i3,3,1,3,n1_i3::kernel::rms:/model/layers.3/post_attention_layernorm/Mul::rms_gpu_bfyx_opt_10690270683970839748_0_0__sa,n1_i3::primitive::rms:/model/layers.3/post_attention_layernorm/Mul,kernel,rms_gpu_bfyx_opt_10690270683970839748_0_0__sa,layers.*/post_attention_layernorm,/model/layers.3/post_attention_layernorm/Mul,RMS,rms:/model/layers.3/post_attention_layernorm/Mul,rms,rms_gpu_bfyx_opt,rms_gpu_bfyx_opt_10690270683970839748_0_0__sa,performance,gtpin_total_execution_cycles,2026546,cycles,1,256,2026546
n1_i3,3,1,3,n1_i3::kernel::rms:/model/layers.4/input_layernorm/Mul::rms_gpu_bfyx_opt_10690270683970839748_0_0__sa,n1_i3::primitive::rms:/model/layers.4/input_layernorm/Mul,kernel,rms_gpu_bfyx_opt_10690270683970839748_0_0__sa,layers.*/input_layernorm,/model/layers.4/input_layernorm/Mul,RMS,rms:/model/layers.4/input_layernorm/Mul,rms,rms_gpu_bfyx_opt,rms_gpu_bfyx_opt_10690270683970839748_0_0__sa,performance,gtpin_total_execution_cycles,1633164,cycles,1,256,1633164
n1_i3,3,1,3,n1_i3::kernel::rms:/model/layers.4/post_attention_layernorm/Mul::rms_gpu_bfyx_opt_10690270683970839748_0_0__sa,n1_i3::primitive::rms:/model/layers.4/post_attention_layernorm/Mul,kernel,rms_gpu_bfyx_opt_10690270683970839748_0_0__sa,layers.*/post_attention_layernorm,/model/layers.4/post_attention_layernorm/Mul,RMS,rms:/model/layers.4/post_attention_layernorm/Mul,rms,rms_gpu_bfyx_opt,rms_gpu_bfyx_opt_10690270683970839748_0_0__sa,performance,gtpin_total_execution_cycles,1989262,cycles,1,256,1989262
n1_i3,3,1,3,n1_i3::kernel::rms:/model/layers.5/input_layernorm/Mul::rms_gpu_bfyx_opt_10690270683970839748_0_0__sa,n1_i3::primitive::rms:/model/layers.5/input_layernorm/Mul,kernel,rms_gpu_bfyx_opt_10690270683970839748_0_0__sa,layers.*/input_layernorm,/model/layers.5/input_layernorm/Mul,RMS,rms:/model/layers.5/input_layernorm/Mul,rms,rms_gpu_bfyx_opt,rms_gpu_bfyx_opt_10690270683970839748_0_0__sa,performance,gtpin_total_execution_cycles,1575784,cycles,1,256,1575784
n1_i3,3,1,3,n1_i3::kernel::rms:/model/layers.5/post_attention_layernorm/Mul::rms_gpu_bfyx_opt_10690270683970839748_0_0__sa,n1_i3::primitive::rms:/model/layers.5/post_attention_layernorm/Mul,kernel,rms_gpu_bfyx_opt_10690270683970839748_0_0__sa,layers.*/post_attention_layernorm,/model/layers.5/post_attention_layernorm/Mul,RMS,rms:/model/layers.5/post_attention_layernorm/Mul,rms,rms_gpu_bfyx_opt,rms_gpu_bfyx_opt_10690270683970839748_0_0__sa,performance,gtpin_total_execution_cycles,1903492,cycles,1,256,1903492
n1_i3,3,1,3,n1_i3::kernel::rms:/model/layers.6/input_layernorm/Mul::rms_gpu_bfyx_opt_10690270683970839748_0_0__sa,n1_i3::primitive::rms:/model/layers.6/input_layernorm/Mul,kernel,rms_gpu_bfyx_opt_10690270683970839748_0_0__sa,layers.*/input_layernorm,/model/layers.6/input_layernorm/Mul,RMS,rms:/model/layers.6/input_layernorm/Mul,rms,rms_gpu_bfyx_opt,rms_gpu_bfyx_opt_10690270683970839748_0_0__sa,performance,gtpin_total_execution_cycles,1479508,cycles,1,256,1479508
n1_i3,3,1,3,n1_i3::kernel::rms:/model/layers.6/post_attention_layernorm/Mul::rms_gpu_bfyx_opt_10690270683970839748_0_0__sa,n1_i3::primitive::rms:/model/layers.6/post_attention_layernorm/Mul,kernel,rms_gpu_bfyx_opt_10690270683970839748_0_0__sa,layers.*/post_attention_layernorm,/model/layers.6/post_attention_layernorm/Mul,RMS,rms:/model/layers.6/post_attention_layernorm/Mul,rms,rms_gpu_bfyx_opt,rms_gpu_bfyx_opt_10690270683970839748_0_0__sa,performance,gtpin_total_execution_cycles,1961920,cycles,1,256,1961920
n1_i3,3,1,3,n1_i3::kernel::rms:/model/layers.7/input_layernorm/Mul::rms_gpu_bfyx_opt_10690270683970839748_0_0__sa,n1_i3::primitive::rms:/model/layers.7/input_layernorm/Mul,kernel,rms_gpu_bfyx_opt_10690270683970839748_0_0__sa,layers.*/input_layernorm,/model/layers.7/input_layernorm/Mul,RMS,rms:/model/layers.7/input_layernorm/Mul,rms,rms_gpu_bfyx_opt,rms_gpu_bfyx_opt_10690270683970839748_0_0__sa,performance,gtpin_total_execution_cycles,2076178,cycles,1,256,2076178
n1_i3,3,1,3,n1_i3::kernel::rms:/model/layers.7/post_attention_layernorm/Mul::rms_gpu_bfyx_opt_10690270683970839748_0_0__sa,n1_i3::primitive::rms:/model/layers.7/post_attention_layernorm/Mul,kernel,rms_gpu_bfyx_opt_10690270683970839748_0_0__sa,layers.*/post_attention_layernorm,/model/layers.7/post_attention_layernorm/Mul,RMS,rms:/model/layers.7/post_attention_layernorm/Mul,rms,rms_gpu_bfyx_opt,rms_gpu_bfyx_opt_10690270683970839748_0_0__sa,performance,gtpin_total_execution_cycles,1758594,cycles,1,256,1758594
n1_i3,3,1,3,n1_i3::kernel::rms:/model/layers.8/input_layernorm/Mul::rms_gpu_bfyx_opt_10690270683970839748_0_0__sa,n1_i3::primitive::rms:/model/layers.8/input_layernorm/Mul,kernel,rms_gpu_bfyx_opt_10690270683970839748_0_0__sa,layers.*/input_layernorm,/model/layers.8/input_layernorm/Mul,RMS,rms:/model/layers.8/input_layernorm/Mul,rms,rms_gpu_bfyx_opt,rms_gpu_bfyx_opt_10690270683970839748_0_0__sa,performance,gtpin_total_execution_cycles,1622236,cycles,1,256,1622236
n1_i3,3,1,3,n1_i3::kernel::rms:/model/layers.8/post_attention_layernorm/Mul::rms_gpu_bfyx_opt_10690270683970839748_0_0__sa,n1_i3::primitive::rms:/model/layers.8/post_attention_layernorm/Mul,kernel,rms_gpu_bfyx_opt_10690270683970839748_0_0__sa,layers.*/post_attention_layernorm,/model/layers.8/post_attention_layernorm/Mul,RMS,rms:/model/layers.8/post_attention_layernorm/Mul,rms,rms_gpu_bfyx_opt,rms_gpu_bfyx_opt_10690270683970839748_0_0__sa,performance,gtpin_total_execution_cycles,1963298,cycles,1,256,1963298
n1_i3,3,1,3,n1_i3::kernel::rms:/model/layers.9/input_layernorm/Mul::rms_gpu_bfyx_opt_10690270683970839748_0_0__sa,n1_i3::primitive::rms:/model/layers.9/input_layernorm/Mul,kernel,rms_gpu_bfyx_opt_10690270683970839748_0_0__sa,layers.*/input_layernorm,/model/layers.9/input_layernorm/Mul,RMS,rms:/model/layers.9/input_layernorm/Mul,rms,rms_gpu_bfyx_opt,rms_gpu_bfyx_opt_10690270683970839748_0_0__sa,performance,gtpin_total_execution_cycles,1609708,cycles,1,256,1609708
n1_i3,3,1,3,n1_i3::kernel::rms:/model/layers.9/post_attention_layernorm/Mul::rms_gpu_bfyx_opt_10690270683970839748_0_0__sa,n1_i3::primitive::rms:/model/layers.9/post_attention_layernorm/Mul,kernel,rms_gpu_bfyx_opt_10690270683970839748_0_0__sa,layers.*/post_attention_layernorm,/model/layers.9/post_attention_layernorm/Mul,RMS,rms:/model/layers.9/post_attention_layernorm/Mul,rms,rms_gpu_bfyx_opt,rms_gpu_bfyx_opt_10690270683970839748_0_0__sa,performance,gtpin_total_execution_cycles,1874794,cycles,1,256,1874794
n1_i3,3,1,3,n1_i3::kernel::rms:/model/norm/Mul::rms_gpu_bfyx_opt_10690270683970839748_0_0__sa,n1_i3::primitive::rms:/model/norm/Mul,kernel,rms_gpu_bfyx_opt_10690270683970839748_0_0__sa,(root),/model/norm/Mul,RMS,rms:/model/norm/Mul,rms,rms_gpu_bfyx_opt,rms_gpu_bfyx_opt_10690270683970839748_0_0__sa,performance,gtpin_total_execution_cycles,2338042,cycles,1,256,2338042
n1_i3,3,1,3,n1_i3::kernel::rope:/model/layers.0/self_attn/Add::rope_opt__13889706310558783765__sa,n1_i3::primitive::rope:/model/layers.0/self_attn/Add,kernel,rope_opt__13889706310558783765__sa,layers.*/self_attn,/model/layers.0/self_attn/Add,RoPE,rope:/model/layers.0/self_attn/Add,rope,ocl::rope::opt_,rope_opt__13889706310558783765__sa,performance,gtpin_total_execution_cycles,1095208,cycles,1,64,1095208
n1_i3,3,1,3,n1_i3::kernel::rope:/model/layers.0/self_attn/Add_1::rope_opt__6960924190377492479__sa,n1_i3::primitive::rope:/model/layers.0/self_attn/Add_1,kernel,rope_opt__6960924190377492479__sa,layers.*/self_attn,/model/layers.0/self_attn/Add_1,RoPE,rope:/model/layers.0/self_attn/Add_1,rope,ocl::rope::opt_,rope_opt__6960924190377492479__sa,performance,gtpin_total_execution_cycles,75984,cycles,1,8,75984
n1_i3,3,1,3,n1_i3::kernel::rope:/model/layers.1/self_attn/Add::rope_opt__13889706310558783765__sa,n1_i3::primitive::rope:/model/layers.1/self_attn/Add,kernel,rope_opt__13889706310558783765__sa,layers.*/self_attn,/model/layers.1/self_attn/Add,RoPE,rope:/model/layers.1/self_attn/Add,rope,ocl::rope::opt_,rope_opt__13889706310558783765__sa,performance,gtpin_total_execution_cycles,880374,cycles,1,64,880374
n1_i3,3,1,3,n1_i3::kernel::rope:/model/layers.1/self_attn/Add_1::rope_opt__6960924190377492479__sa,n1_i3::primitive::rope:/model/layers.1/self_attn/Add_1,kernel,rope_opt__6960924190377492479__sa,layers.*/self_attn,/model/layers.1/self_attn/Add_1,RoPE,rope:/model/layers.1/self_attn/Add_1,rope,ocl::rope::opt_,rope_opt__6960924190377492479__sa,performance,gtpin_total_execution_cycles,65948,cycles,1,8,65948
n1_i3,3,1,3,n1_i3::kernel::rope:/model/layers.10/self_attn/Add::rope_opt__13889706310558783765__sa,n1_i3::primitive::rope:/model/layers.10/self_attn/Add,kernel,rope_opt__13889706310558783765__sa,layers.*/self_attn,/model/layers.10/self_attn/Add,RoPE,rope:/model/layers.10/self_attn/Add,rope,ocl::rope::opt_,rope_opt__13889706310558783765__sa,performance,gtpin_total_execution_cycles,929768,cycles,1,64,929768
n1_i3,3,1,3,n1_i3::kernel::rope:/model/layers.10/self_attn/Add_1::rope_opt__6960924190377492479__sa,n1_i3::primitive::rope:/model/layers.10/self_attn/Add_1,kernel,rope_opt__6960924190377492479__sa,layers.*/self_attn,/model/layers.10/self_attn/Add_1,RoPE,rope:/model/layers.10/self_attn/Add_1,rope,ocl::rope::opt_,rope_opt__6960924190377492479__sa,performance,gtpin_total_execution_cycles,66672,cycles,1,8,66672
n1_i3,3,1,3,n1_i3::kernel::rope:/model/layers.11/self_attn/Add::rope_opt__13889706310558783765__sa,n1_i3::primitive::rope:/model/layers.11/self_attn/Add,kernel,rope_opt__13889706310558783765__sa,layers.*/self_attn,/model/layers.11/self_attn/Add,RoPE,rope:/model/layers.11/self_attn/Add,rope,ocl::rope::opt_,rope_opt__13889706310558783765__sa,performance,gtpin_total_execution_cycles,836588,cycles,1,64,836588
n1_i3,3,1,3,n1_i3::kernel::rope:/model/layers.11/self_attn/Add_1::rope_opt__6960924190377492479__sa,n1_i3::primitive::rope:/model/layers.11/self_attn/Add_1,kernel,rope_opt__6960924190377492479__sa,layers.*/self_attn,/model/layers.11/self_attn/Add_1,RoPE,rope:/model/layers.11/self_attn/Add_1,rope,ocl::rope::opt_,rope_opt__6960924190377492479__sa,performance,gtpin_total_execution_cycles,63528,cycles,1,8,63528
n1_i3,3,1,3,n1_i3::kernel::rope:/model/layers.12/self_attn/Add::rope_opt__13889706310558783765__sa,n1_i3::primitive::rope:/model/layers.12/self_attn/Add,kernel,rope_opt__13889706310558783765__sa,layers.*/self_attn,/model/layers.12/self_attn/Add,RoPE,rope:/model/layers.12/self_attn/Add,rope,ocl::rope::opt_,rope_opt__13889706310558783765__sa,performance,gtpin_total_execution_cycles,852580,cycles,1,64,852580
n1_i3,3,1,3,n1_i3::kernel::rope:/model/layers.12/self_attn/Add_1::rope_opt__6960924190377492479__sa,n1_i3::primitive::rope:/model/layers.12/self_attn/Add_1,kernel,rope_opt__6960924190377492479__sa,layers.*/self_attn,/model/layers.12/self_attn/Add_1,RoPE,rope:/model/layers.12/self_attn/Add_1,rope,ocl::rope::opt_,rope_opt__6960924190377492479__sa,performance,gtpin_total_execution_cycles,64770,cycles,1,8,64770
n1_i3,3,1,3,n1_i3::kernel::rope:/model/layers.13/self_attn/Add::rope_opt__13889706310558783765__sa,n1_i3::primitive::rope:/model/layers.13/self_attn/Add,kernel,rope_opt__13889706310558783765__sa,layers.*/self_attn,/model/layers.13/self_attn/Add,RoPE,rope:/model/layers.13/self_attn/Add,rope,ocl::rope::opt_,rope_opt__13889706310558783765__sa,performance,gtpin_total_execution_cycles,866802,cycles,1,64,866802
n1_i3,3,1,3,n1_i3::kernel::rope:/model/layers.13/self_attn/Add_1::rope_opt__6960924190377492479__sa,n1_i3::primitive::rope:/model/layers.13/self_attn/Add_1,kernel,rope_opt__6960924190377492479__sa,layers.*/self_attn,/model/layers.13/self_attn/Add_1,RoPE,rope:/model/layers.13/self_attn/Add_1,rope,ocl::rope::opt_,rope_opt__6960924190377492479__sa,performance,gtpin_total_execution_cycles,65046,cycles,1,8,65046
n1_i3,3,1,3,n1_i3::kernel::rope:/model/layers.14/self_attn/Add::rope_opt__13889706310558783765__sa,n1_i3::primitive::rope:/model/layers.14/self_attn/Add,kernel,rope_opt__13889706310558783765__sa,layers.*/self_attn,/model/layers.14/self_attn/Add,RoPE,rope:/model/layers.14/self_attn/Add,rope,ocl::rope::opt_,rope_opt__13889706310558783765__sa,performance,gtpin_total_execution_cycles,861336,cycles,1,64,861336
n1_i3,3,1,3,n1_i3::kernel::rope:/model/layers.14/self_attn/Add_1::rope_opt__6960924190377492479__sa,n1_i3::primitive::rope:/model/layers.14/self_attn/Add_1,kernel,rope_opt__6960924190377492479__sa,layers.*/self_attn,/model/layers.14/self_attn/Add_1,RoPE,rope:/model/layers.14/self_attn/Add_1,rope,ocl::rope::opt_,rope_opt__6960924190377492479__sa,performance,gtpin_total_execution_cycles,64944,cycles,1,8,64944
n1_i3,3,1,3,n1_i3::kernel::rope:/model/layers.15/self_attn/Add::rope_opt__13889706310558783765__sa,n1_i3::primitive::rope:/model/layers.15/self_attn/Add,kernel,rope_opt__13889706310558783765__sa,layers.*/self_attn,/model/layers.15/self_attn/Add,RoPE,rope:/model/layers.15/self_attn/Add,rope,ocl::rope::opt_,rope_opt__13889706310558783765__sa,performance,gtpin_total_execution_cycles,984858,cycles,1,64,984858
n1_i3,3,1,3,n1_i3::kernel::rope:/model/layers.15/self_attn/Add_1::rope_opt__6960924190377492479__sa,n1_i3::primitive::rope:/model/layers.15/self_attn/Add_1,kernel,rope_opt__6960924190377492479__sa,layers.*/self_attn,/model/layers.15/self_attn/Add_1,RoPE,rope:/model/layers.15/self_attn/Add_1,rope,ocl::rope::opt_,rope_opt__6960924190377492479__sa,performance,gtpin_total_execution_cycles,62242,cycles,1,8,62242
n1_i3,3,1,3,n1_i3::kernel::rope:/model/layers.16/self_attn/Add::rope_opt__13889706310558783765__sa,n1_i3::primitive::rope:/model/layers.16/self_attn/Add,kernel,rope_opt__13889706310558783765__sa,layers.*/self_attn,/model/layers.16/self_attn/Add,RoPE,rope:/model/layers.16/self_attn/Add,rope,ocl::rope::opt_,rope_opt__13889706310558783765__sa,performance,gtpin_total_execution_cycles,847130,cycles,1,64,847130
n1_i3,3,1,3,n1_i3::kernel::rope:/model/layers.16/self_attn/Add_1::rope_opt__6960924190377492479__sa,n1_i3::primitive::rope:/model/layers.16/self_attn/Add_1,kernel,rope_opt__6960924190377492479__sa,layers.*/self_attn,/model/layers.16/self_attn/Add_1,RoPE,rope:/model/layers.16/self_attn/Add_1,rope,ocl::rope::opt_,rope_opt__6960924190377492479__sa,performance,gtpin_total_execution_cycles,60184,cycles,1,8,60184
n1_i3,3,1,3,n1_i3::kernel::rope:/model/layers.17/self_attn/Add::rope_opt__13889706310558783765__sa,n1_i3::primitive::rope:/model/layers.17/self_attn/Add,kernel,rope_opt__13889706310558783765__sa,layers.*/self_attn,/model/layers.17/self_attn/Add,RoPE,rope:/model/layers.17/self_attn/Add,rope,ocl::rope::opt_,rope_opt__13889706310558783765__sa,performance,gtpin_total_execution_cycles,880032,cycles,1,64,880032
n1_i3,3,1,3,n1_i3::kernel::rope:/model/layers.17/self_attn/Add_1::rope_opt__6960924190377492479__sa,n1_i3::primitive::rope:/model/layers.17/self_attn/Add_1,kernel,rope_opt__6960924190377492479__sa,layers.*/self_attn,/model/layers.17/self_attn/Add_1,RoPE,rope:/model/layers.17/self_attn/Add_1,rope,ocl::rope::opt_,rope_opt__6960924190377492479__sa,performance,gtpin_total_execution_cycles,64336,cycles,1,8,64336
n1_i3,3,1,3,n1_i3::kernel::rope:/model/layers.18/self_attn/Add::rope_opt__13889706310558783765__sa,n1_i3::primitive::rope:/model/layers.18/self_attn/Add,kernel,rope_opt__13889706310558783765__sa,layers.*/self_attn,/model/layers.18/self_attn/Add,RoPE,rope:/model/layers.18/self_attn/Add,rope,ocl::rope::opt_,rope_opt__13889706310558783765__sa,performance,gtpin_total_execution_cycles,800896,cycles,1,64,800896
n1_i3,3,1,3,n1_i3::kernel::rope:/model/layers.18/self_attn/Add_1::rope_opt__6960924190377492479__sa,n1_i3::primitive::rope:/model/layers.18/self_attn/Add_1,kernel,rope_opt__6960924190377492479__sa,layers.*/self_attn,/model/layers.18/self_attn/Add_1,RoPE,rope:/model/layers.18/self_attn/Add_1,rope,ocl::rope::opt_,rope_opt__6960924190377492479__sa,performance,gtpin_total_execution_cycles,63992,cycles,1,8,63992
n1_i3,3,1,3,n1_i3::kernel::rope:/model/layers.19/self_attn/Add::rope_opt__13889706310558783765__sa,n1_i3::primitive::rope:/model/layers.19/self_attn/Add,kernel,rope_opt__13889706310558783765__sa,layers.*/self_attn,/model/layers.19/self_attn/Add,RoPE,rope:/model/layers.19/self_attn/Add,rope,ocl::rope::opt_,rope_opt__13889706310558783765__sa,performance,gtpin_total_execution_cycles,829444,cycles,1,64,829444
n1_i3,3,1,3,n1_i3::kernel::rope:/model/layers.19/self_attn/Add_1::rope_opt__6960924190377492479__sa,n1_i3::primitive::rope:/model/layers.19/self_attn/Add_1,kernel,rope_opt__6960924190377492479__sa,layers.*/self_attn,/model/layers.19/self_attn/Add_1,RoPE,rope:/model/layers.19/self_attn/Add_1,rope,ocl::rope::opt_,rope_opt__6960924190377492479__sa,performance,gtpin_total_execution_cycles,64428,cycles,1,8,64428
n1_i3,3,1,3,n1_i3::kernel::rope:/model/layers.2/self_attn/Add::rope_opt__13889706310558783765__sa,n1_i3::primitive::rope:/model/layers.2/self_attn/Add,kernel,rope_opt__13889706310558783765__sa,layers.*/self_attn,/model/layers.2/self_attn/Add,RoPE,rope:/model/layers.2/self_attn/Add,rope,ocl::rope::opt_,rope_opt__13889706310558783765__sa,performance,gtpin_total_execution_cycles,981820,cycles,1,64,981820
n1_i3,3,1,3,n1_i3::kernel::rope:/model/layers.2/self_attn/Add_1::rope_opt__6960924190377492479__sa,n1_i3::primitive::rope:/model/layers.2/self_attn/Add_1,kernel,rope_opt__6960924190377492479__sa,layers.*/self_attn,/model/layers.2/self_attn/Add_1,RoPE,rope:/model/layers.2/self_attn/Add_1,rope,ocl::rope::opt_,rope_opt__6960924190377492479__sa,performance,gtpin_total_execution_cycles,69388,cycles,1,8,69388
n1_i3,3,1,3,n1_i3::kernel::rope:/model/layers.20/self_attn/Add::rope_opt__13889706310558783765__sa,n1_i3::primitive::rope:/model/layers.20/self_attn/Add,kernel,rope_opt__13889706310558783765__sa,layers.*/self_attn,/model/layers.20/self_attn/Add,RoPE,rope:/model/layers.20/self_attn/Add,rope,ocl::rope::opt_,rope_opt__13889706310558783765__sa,performance,gtpin_total_execution_cycles,912946,cycles,1,64,912946
n1_i3,3,1,3,n1_i3::kernel::rope:/model/layers.20/self_attn/Add_1::rope_opt__6960924190377492479__sa,n1_i3::primitive::rope:/model/layers.20/self_attn/Add_1,kernel,rope_opt__6960924190377492479__sa,layers.*/self_attn,/model/layers.20/self_attn/Add_1,RoPE,rope:/model/layers.20/self_attn/Add_1,rope,ocl::rope::opt_,rope_opt__6960924190377492479__sa,performance,gtpin_total_execution_cycles,61122,cycles,1,8,61122
n1_i3,3,1,3,n1_i3::kernel::rope:/model/layers.21/self_attn/Add::rope_opt__13889706310558783765__sa,n1_i3::primitive::rope:/model/layers.21/self_attn/Add,kernel,rope_opt__13889706310558783765__sa,layers.*/self_attn,/model/layers.21/self_attn/Add,RoPE,rope:/model/layers.21/self_attn/Add,rope,ocl::rope::opt_,rope_opt__13889706310558783765__sa,performance,gtpin_total_execution_cycles,908948,cycles,1,64,908948
n1_i3,3,1,3,n1_i3::kernel::rope:/model/layers.21/self_attn/Add_1::rope_opt__6960924190377492479__sa,n1_i3::primitive::rope:/model/layers.21/self_attn/Add_1,kernel,rope_opt__6960924190377492479__sa,layers.*/self_attn,/model/layers.21/self_attn/Add_1,RoPE,rope:/model/layers.21/self_attn/Add_1,rope,ocl::rope::opt_,rope_opt__6960924190377492479__sa,performance,gtpin_total_execution_cycles,71254,cycles,1,8,71254
n1_i3,3,1,3,n1_i3::kernel::rope:/model/layers.3/self_attn/Add::rope_opt__13889706310558783765__sa,n1_i3::primitive::rope:/model/layers.3/self_attn/Add,kernel,rope_opt__13889706310558783765__sa,layers.*/self_attn,/model/layers.3/self_attn/Add,RoPE,rope:/model/layers.3/self_attn/Add,rope,ocl::rope::opt_,rope_opt__13889706310558783765__sa,performance,gtpin_total_execution_cycles,837426,cycles,1,64,837426
n1_i3,3,1,3,n1_i3::kernel::rope:/model/layers.3/self_attn/Add_1::rope_opt__6960924190377492479__sa,n1_i3::primitive::rope:/model/layers.3/self_attn/Add_1,kernel,rope_opt__6960924190377492479__sa,layers.*/self_attn,/model/layers.3/self_attn/Add_1,RoPE,rope:/model/layers.3/self_attn/Add_1,rope,ocl::rope::opt_,rope_opt__6960924190377492479__sa,performance,gtpin_total_execution_cycles,63456,cycles,1,8,63456
n1_i3,3,1,3,n1_i3::kernel::rope:/model/layers.4/self_attn/Add::rope_opt__13889706310558783765__sa,n1_i3::primitive::rope:/model/layers.4/self_attn/Add,kernel,rope_opt__13889706310558783765__sa,layers.*/self_attn,/model/layers.4/self_attn/Add,RoPE,rope:/model/layers.4/self_attn/Add,rope,ocl::rope::opt_,rope_opt__13889706310558783765__sa,performance,gtpin_total_execution_cycles,840190,cycles,1,64,840190
n1_i3,3,1,3,n1_i3::kernel::rope:/model/layers.4/self_attn/Add_1::rope_opt__6960924190377492479__sa,n1_i3::primitive::rope:/model/layers.4/self_attn/Add_1,kernel,rope_opt__6960924190377492479__sa,layers.*/self_attn,/model/layers.4/self_attn/Add_1,RoPE,rope:/model/layers.4/self_attn/Add_1,rope,ocl::rope::opt_,rope_opt__6960924190377492479__sa,performance,gtpin_total_execution_cycles,61050,cycles,1,8,61050
n1_i3,3,1,3,n1_i3::kernel::rope:/model/layers.5/self_attn/Add::rope_opt__13889706310558783765__sa,n1_i3::primitive::rope:/model/layers.5/self_attn/Add,kernel,rope_opt__13889706310558783765__sa,layers.*/self_attn,/model/layers.5/self_attn/Add,RoPE,rope:/model/layers.5/self_attn/Add,rope,ocl::rope::opt_,rope_opt__13889706310558783765__sa,performance,gtpin_total_execution_cycles,912134,cycles,1,64,912134
n1_i3,3,1,3,n1_i3::kernel::rope:/model/layers.5/self_attn/Add_1::rope_opt__6960924190377492479__sa,n1_i3::primitive::rope:/model/layers.5/self_attn/Add_1,kernel,rope_opt__6960924190377492479__sa,layers.*/self_attn,/model/layers.5/self_attn/Add_1,RoPE,rope:/model/layers.5/self_attn/Add_1,rope,ocl::rope::opt_,rope_opt__6960924190377492479__sa,performance,gtpin_total_execution_cycles,69778,cycles,1,8,69778
n1_i3,3,1,3,n1_i3::kernel::rope:/model/layers.6/self_attn/Add::rope_opt__13889706310558783765__sa,n1_i3::primitive::rope:/model/layers.6/self_attn/Add,kernel,rope_opt__13889706310558783765__sa,layers.*/self_attn,/model/layers.6/self_attn/Add,RoPE,rope:/model/layers.6/self_attn/Add,rope,ocl::rope::opt_,rope_opt__13889706310558783765__sa,performance,gtpin_total_execution_cycles,810616,cycles,1,64,810616
n1_i3,3,1,3,n1_i3::kernel::rope:/model/layers.6/self_attn/Add_1::rope_opt__6960924190377492479__sa,n1_i3::primitive::rope:/model/layers.6/self_attn/Add_1,kernel,rope_opt__6960924190377492479__sa,layers.*/self_attn,/model/layers.6/self_attn/Add_1,RoPE,rope:/model/layers.6/self_attn/Add_1,rope,ocl::rope::opt_,rope_opt__6960924190377492479__sa,performance,gtpin_total_execution_cycles,64398,cycles,1,8,64398
n1_i3,3,1,3,n1_i3::kernel::rope:/model/layers.7/self_attn/Add::rope_opt__13889706310558783765__sa,n1_i3::primitive::rope:/model/layers.7/self_attn/Add,kernel,rope_opt__13889706310558783765__sa,layers.*/self_attn,/model/layers.7/self_attn/Add,RoPE,rope:/model/layers.7/self_attn/Add,rope,ocl::rope::opt_,rope_opt__13889706310558783765__sa,performance,gtpin_total_execution_cycles,789992,cycles,1,64,789992
n1_i3,3,1,3,n1_i3::kernel::rope:/model/layers.7/self_attn/Add_1::rope_opt__6960924190377492479__sa,n1_i3::primitive::rope:/model/layers.7/self_attn/Add_1,kernel,rope_opt__6960924190377492479__sa,layers.*/self_attn,/model/layers.7/self_attn/Add_1,RoPE,rope:/model/layers.7/self_attn/Add_1,rope,ocl::rope::opt_,rope_opt__6960924190377492479__sa,performance,gtpin_total_execution_cycles,66664,cycles,1,8,66664
n1_i3,3,1,3,n1_i3::kernel::rope:/model/layers.8/self_attn/Add::rope_opt__13889706310558783765__sa,n1_i3::primitive::rope:/model/layers.8/self_attn/Add,kernel,rope_opt__13889706310558783765__sa,layers.*/self_attn,/model/layers.8/self_attn/Add,RoPE,rope:/model/layers.8/self_attn/Add,rope,ocl::rope::opt_,rope_opt__13889706310558783765__sa,performance,gtpin_total_execution_cycles,852258,cycles,1,64,852258
n1_i3,3,1,3,n1_i3::kernel::rope:/model/layers.8/self_attn/Add_1::rope_opt__6960924190377492479__sa,n1_i3::primitive::rope:/model/layers.8/self_attn/Add_1,kernel,rope_opt__6960924190377492479__sa,layers.*/self_attn,/model/layers.8/self_attn/Add_1,RoPE,rope:/model/layers.8/self_attn/Add_1,rope,ocl::rope::opt_,rope_opt__6960924190377492479__sa,performance,gtpin_total_execution_cycles,58418,cycles,1,8,58418
n1_i3,3,1,3,n1_i3::kernel::rope:/model/layers.9/self_attn/Add::rope_opt__13889706310558783765__sa,n1_i3::primitive::rope:/model/layers.9/self_attn/Add,kernel,rope_opt__13889706310558783765__sa,layers.*/self_attn,/model/layers.9/self_attn/Add,RoPE,rope:/model/layers.9/self_attn/Add,rope,ocl::rope::opt_,rope_opt__13889706310558783765__sa,performance,gtpin_total_execution_cycles,897898,cycles,1,64,897898
n1_i3,3,1,3,n1_i3::kernel::rope:/model/layers.9/self_attn/Add_1::rope_opt__6960924190377492479__sa,n1_i3::primitive::rope:/model/layers.9/self_attn/Add_1,kernel,rope_opt__6960924190377492479__sa,layers.*/self_attn,/model/layers.9/self_attn/Add_1,RoPE,rope:/model/layers.9/self_attn/Add_1,rope,ocl::rope::opt_,rope_opt__6960924190377492479__sa,performance,gtpin_total_execution_cycles,73706,cycles,1,8,73706
n1_i3,3,1,3,n1_i3::kernel::select:/model/layers.0/self_attn/Where_2::select_gpu_ref_7464502897564813179_0_0__sa,n1_i3::primitive::select:/model/layers.0/self_attn/Where_2,kernel,select_gpu_ref_7464502897564813179_0_0__sa,layers.*/self_attn,/model/layers.0/self_attn/Where_2,Select,select:/model/layers.0/self_attn/Where_2,select,select_gpu_ref,select_gpu_ref_7464502897564813179_0_0__sa,performance,gtpin_total_execution_cycles,31504,cycles,1,8,31504
n1_i3,3,1,3,n1_i3::kernel::select:/model/layers.0/self_attn/Where_3::select_gpu_ref_5609897181611433017_0_0__sa,n1_i3::primitive::select:/model/layers.0/self_attn/Where_3,kernel,select_gpu_ref_5609897181611433017_0_0__sa,layers.*/self_attn,/model/layers.0/self_attn/Where_3,Select,select:/model/layers.0/self_attn/Where_3,select,select_gpu_ref,select_gpu_ref_5609897181611433017_0_0__sa,performance,gtpin_total_execution_cycles,1528764,cycles,1,256,1528764
n1_i3,3,1,3,n1_i3::kernel::select:/model/layers.1/self_attn/Where_2::select_gpu_ref_7464502897564813179_0_0__sa,n1_i3::primitive::select:/model/layers.1/self_attn/Where_2,kernel,select_gpu_ref_7464502897564813179_0_0__sa,layers.*/self_attn,/model/layers.1/self_attn/Where_2,Select,select:/model/layers.1/self_attn/Where_2,select,select_gpu_ref,select_gpu_ref_7464502897564813179_0_0__sa,performance,gtpin_total_execution_cycles,39184,cycles,1,8,39184
n1_i3,3,1,3,n1_i3::kernel::select:/model/layers.1/self_attn/Where_3::select_gpu_ref_5609897181611433017_0_0__sa,n1_i3::primitive::select:/model/layers.1/self_attn/Where_3,kernel,select_gpu_ref_5609897181611433017_0_0__sa,layers.*/self_attn,/model/layers.1/self_attn/Where_3,Select,select:/model/layers.1/self_attn/Where_3,select,select_gpu_ref,select_gpu_ref_5609897181611433017_0_0__sa,performance,gtpin_total_execution_cycles,1414968,cycles,1,256,1414968
n1_i3,3,1,3,n1_i3::kernel::select:/model/layers.10/self_attn/Where_2::select_gpu_ref_7464502897564813179_0_0__sa,n1_i3::primitive::select:/model/layers.10/self_attn/Where_2,kernel,select_gpu_ref_7464502897564813179_0_0__sa,layers.*/self_attn,/model/layers.10/self_attn/Where_2,Select,select:/model/layers.10/self_attn/Where_2,select,select_gpu_ref,select_gpu_ref_7464502897564813179_0_0__sa,performance,gtpin_total_execution_cycles,36324,cycles,1,8,36324
n1_i3,3,1,3,n1_i3::kernel::select:/model/layers.10/self_attn/Where_3::select_gpu_ref_5609897181611433017_0_0__sa,n1_i3::primitive::select:/model/layers.10/self_attn/Where_3,kernel,select_gpu_ref_5609897181611433017_0_0__sa,layers.*/self_attn,/model/layers.10/self_attn/Where_3,Select,select:/model/layers.10/self_attn/Where_3,select,select_gpu_ref,select_gpu_ref_5609897181611433017_0_0__sa,performance,gtpin_total_execution_cycles,1411008,cycles,1,256,1411008
n1_i3,3,1,3,n1_i3::kernel::select:/model/layers.11/self_attn/Where_2::select_gpu_ref_7464502897564813179_0_0__sa,n1_i3::primitive::select:/model/layers.11/self_attn/Where_2,kernel,select_gpu_ref_7464502897564813179_0_0__sa,layers.*/self_attn,/model/layers.11/self_attn/Where_2,Select,select:/model/layers.11/self_attn/Where_2,select,select_gpu_ref,select_gpu_ref_7464502897564813179_0_0__sa,performance,gtpin_total_execution_cycles,39224,cycles,1,8,39224
n1_i3,3,1,3,n1_i3::kernel::select:/model/layers.11/self_attn/Where_3::select_gpu_ref_5609897181611433017_0_0__sa,n1_i3::primitive::select:/model/layers.11/self_attn/Where_3,kernel,select_gpu_ref_5609897181611433017_0_0__sa,layers.*/self_attn,/model/layers.11/self_attn/Where_3,Select,select:/model/layers.11/self_attn/Where_3,select,select_gpu_ref,select_gpu_ref_5609897181611433017_0_0__sa,performance,gtpin_total_execution_cycles,1408318,cycles,1,256,1408318
n1_i3,3,1,3,n1_i3::kernel::select:/model/layers.12/self_attn/Where_2::select_gpu_ref_7464502897564813179_0_0__sa,n1_i3::primitive::select:/model/layers.12/self_attn/Where_2,kernel,select_gpu_ref_7464502897564813179_0_0__sa,layers.*/self_attn,/model/layers.12/self_attn/Where_2,Select,select:/model/layers.12/self_attn/Where_2,select,select_gpu_ref,select_gpu_ref_7464502897564813179_0_0__sa,performance,gtpin_total_execution_cycles,38780,cycles,1,8,38780
n1_i3,3,1,3,n1_i3::kernel::select:/model/layers.12/self_attn/Where_3::select_gpu_ref_5609897181611433017_0_0__sa,n1_i3::primitive::select:/model/layers.12/self_attn/Where_3,kernel,select_gpu_ref_5609897181611433017_0_0__sa,layers.*/self_attn,/model/layers.12/self_attn/Where_3,Select,select:/model/layers.12/self_attn/Where_3,select,select_gpu_ref,select_gpu_ref_5609897181611433017_0_0__sa,performance,gtpin_total_execution_cycles,1544144,cycles,1,256,1544144
n1_i3,3,1,3,n1_i3::kernel::select:/model/layers.13/self_attn/Where_2::select_gpu_ref_7464502897564813179_0_0__sa,n1_i3::primitive::select:/model/layers.13/self_attn/Where_2,kernel,select_gpu_ref_7464502897564813179_0_0__sa,layers.*/self_attn,/model/layers.13/self_attn/Where_2,Select,select:/model/layers.13/self_attn/Where_2,select,select_gpu_ref,select_gpu_ref_7464502897564813179_0_0__sa,performance,gtpin_total_execution_cycles,41804,cycles,1,8,41804
n1_i3,3,1,3,n1_i3::kernel::select:/model/layers.13/self_attn/Where_3::select_gpu_ref_5609897181611433017_0_0__sa,n1_i3::primitive::select:/model/layers.13/self_attn/Where_3,kernel,select_gpu_ref_5609897181611433017_0_0__sa,layers.*/self_attn,/model/layers.13/self_attn/Where_3,Select,select:/model/layers.13/self_attn/Where_3,select,select_gpu_ref,select_gpu_ref_5609897181611433017_0_0__sa,performance,gtpin_total_execution_cycles,1775116,cycles,1,256,1775116
n1_i3,3,1,3,n1_i3::kernel::select:/model/layers.14/self_attn/Where_2::select_gpu_ref_7464502897564813179_0_0__sa,n1_i3::primitive::select:/model/layers.14/self_attn/Where_2,kernel,select_gpu_ref_7464502897564813179_0_0__sa,layers.*/self_attn,/model/layers.14/self_attn/Where_2,Select,select:/model/layers.14/self_attn/Where_2,select,select_gpu_ref,select_gpu_ref_7464502897564813179_0_0__sa,performance,gtpin_total_execution_cycles,37712,cycles,1,8,37712
n1_i3,3,1,3,n1_i3::kernel::select:/model/layers.14/self_attn/Where_3::select_gpu_ref_5609897181611433017_0_0__sa,n1_i3::primitive::select:/model/layers.14/self_attn/Where_3,kernel,select_gpu_ref_5609897181611433017_0_0__sa,layers.*/self_attn,/model/layers.14/self_attn/Where_3,Select,select:/model/layers.14/self_attn/Where_3,select,select_gpu_ref,select_gpu_ref_5609897181611433017_0_0__sa,performance,gtpin_total_execution_cycles,1354258,cycles,1,256,1354258
n1_i3,3,1,3,n1_i3::kernel::select:/model/layers.15/self_attn/Where_2::select_gpu_ref_7464502897564813179_0_0__sa,n1_i3::primitive::select:/model/layers.15/self_attn/Where_2,kernel,select_gpu_ref_7464502897564813179_0_0__sa,layers.*/self_attn,/model/layers.15/self_attn/Where_2,Select,select:/model/layers.15/self_attn/Where_2,select,select_gpu_ref,select_gpu_ref_7464502897564813179_0_0__sa,performance,gtpin_total_execution_cycles,42568,cycles,1,8,42568
n1_i3,3,1,3,n1_i3::kernel::select:/model/layers.15/self_attn/Where_3::select_gpu_ref_5609897181611433017_0_0__sa,n1_i3::primitive::select:/model/layers.15/self_attn/Where_3,kernel,select_gpu_ref_5609897181611433017_0_0__sa,layers.*/self_attn,/model/layers.15/self_attn/Where_3,Select,select:/model/layers.15/self_attn/Where_3,select,select_gpu_ref,select_gpu_ref_5609897181611433017_0_0__sa,performance,gtpin_total_execution_cycles,1354756,cycles,1,256,1354756
n1_i3,3,1,3,n1_i3::kernel::select:/model/layers.16/self_attn/Where_2::select_gpu_ref_7464502897564813179_0_0__sa,n1_i3::primitive::select:/model/layers.16/self_attn/Where_2,kernel,select_gpu_ref_7464502897564813179_0_0__sa,layers.*/self_attn,/model/layers.16/self_attn/Where_2,Select,select:/model/layers.16/self_attn/Where_2,select,select_gpu_ref,select_gpu_ref_7464502897564813179_0_0__sa,performance,gtpin_total_execution_cycles,36298,cycles,1,8,36298
n1_i3,3,1,3,n1_i3::kernel::select:/model/layers.16/self_attn/Where_3::select_gpu_ref_5609897181611433017_0_0__sa,n1_i3::primitive::select:/model/layers.16/self_attn/Where_3,kernel,select_gpu_ref_5609897181611433017_0_0__sa,layers.*/self_attn,/model/layers.16/self_attn/Where_3,Select,select:/model/layers.16/self_attn/Where_3,select,select_gpu_ref,select_gpu_ref_5609897181611433017_0_0__sa,performance,gtpin_total_execution_cycles,1408752,cycles,1,256,1408752
n1_i3,3,1,3,n1_i3::kernel::select:/model/layers.17/self_attn/Where_2::select_gpu_ref_7464502897564813179_0_0__sa,n1_i3::primitive::select:/model/layers.17/self_attn/Where_2,kernel,select_gpu_ref_7464502897564813179_0_0__sa,layers.*/self_attn,/model/layers.17/self_attn/Where_2,Select,select:/model/layers.17/self_attn/Where_2,select,select_gpu_ref,select_gpu_ref_7464502897564813179_0_0__sa,performance,gtpin_total_execution_cycles,39416,cycles,1,8,39416
n1_i3,3,1,3,n1_i3::kernel::select:/model/layers.17/self_attn/Where_3::select_gpu_ref_5609897181611433017_0_0__sa,n1_i3::primitive::select:/model/layers.17/self_attn/Where_3,kernel,select_gpu_ref_5609897181611433017_0_0__sa,layers.*/self_attn,/model/layers.17/self_attn/Where_3,Select,select:/model/layers.17/self_attn/Where_3,select,select_gpu_ref,select_gpu_ref_5609897181611433017_0_0__sa,performance,gtpin_total_execution_cycles,1344068,cycles,1,256,1344068
n1_i3,3,1,3,n1_i3::kernel::select:/model/layers.18/self_attn/Where_2::select_gpu_ref_7464502897564813179_0_0__sa,n1_i3::primitive::select:/model/layers.18/self_attn/Where_2,kernel,select_gpu_ref_7464502897564813179_0_0__sa,layers.*/self_attn,/model/layers.18/self_attn/Where_2,Select,select:/model/layers.18/self_attn/Where_2,select,select_gpu_ref,select_gpu_ref_7464502897564813179_0_0__sa,performance,gtpin_total_execution_cycles,39960,cycles,1,8,39960
n1_i3,3,1,3,n1_i3::kernel::select:/model/layers.18/self_attn/Where_3::select_gpu_ref_5609897181611433017_0_0__sa,n1_i3::primitive::select:/model/layers.18/self_attn/Where_3,kernel,select_gpu_ref_5609897181611433017_0_0__sa,layers.*/self_attn,/model/layers.18/self_attn/Where_3,Select,select:/model/layers.18/self_attn/Where_3,select,select_gpu_ref,select_gpu_ref_5609897181611433017_0_0__sa,performance,gtpin_total_execution_cycles,1418020,cycles,1,256,1418020
n1_i3,3,1,3,n1_i3::kernel::select:/model/layers.19/self_attn/Where_2::select_gpu_ref_7464502897564813179_0_0__sa,n1_i3::primitive::select:/model/layers.19/self_attn/Where_2,kernel,select_gpu_ref_7464502897564813179_0_0__sa,layers.*/self_attn,/model/layers.19/self_attn/Where_2,Select,select:/model/layers.19/self_attn/Where_2,select,select_gpu_ref,select_gpu_ref_7464502897564813179_0_0__sa,performance,gtpin_total_execution_cycles,46288,cycles,1,8,46288
n1_i3,3,1,3,n1_i3::kernel::select:/model/layers.19/self_attn/Where_3::select_gpu_ref_5609897181611433017_0_0__sa,n1_i3::primitive::select:/model/layers.19/self_attn/Where_3,kernel,select_gpu_ref_5609897181611433017_0_0__sa,layers.*/self_attn,/model/layers.19/self_attn/Where_3,Select,select:/model/layers.19/self_attn/Where_3,select,select_gpu_ref,select_gpu_ref_5609897181611433017_0_0__sa,performance,gtpin_total_execution_cycles,1385804,cycles,1,256,1385804
n1_i3,3,1,3,n1_i3::kernel::select:/model/layers.2/self_attn/Where_2::select_gpu_ref_7464502897564813179_0_0__sa,n1_i3::primitive::select:/model/layers.2/self_attn/Where_2,kernel,select_gpu_ref_7464502897564813179_0_0__sa,layers.*/self_attn,/model/layers.2/self_attn/Where_2,Select,select:/model/layers.2/self_attn/Where_2,select,select_gpu_ref,select_gpu_ref_7464502897564813179_0_0__sa,performance,gtpin_total_execution_cycles,38262,cycles,1,8,38262
n1_i3,3,1,3,n1_i3::kernel::select:/model/layers.2/self_attn/Where_3::select_gpu_ref_5609897181611433017_0_0__sa,n1_i3::primitive::select:/model/layers.2/self_attn/Where_3,kernel,select_gpu_ref_5609897181611433017_0_0__sa,layers.*/self_attn,/model/layers.2/self_attn/Where_3,Select,select:/model/layers.2/self_attn/Where_3,select,select_gpu_ref,select_gpu_ref_5609897181611433017_0_0__sa,performance,gtpin_total_execution_cycles,1717716,cycles,1,256,1717716
n1_i3,3,1,3,n1_i3::kernel::select:/model/layers.20/self_attn/Where_2::select_gpu_ref_7464502897564813179_0_0__sa,n1_i3::primitive::select:/model/layers.20/self_attn/Where_2,kernel,select_gpu_ref_7464502897564813179_0_0__sa,layers.*/self_attn,/model/layers.20/self_attn/Where_2,Select,select:/model/layers.20/self_attn/Where_2,select,select_gpu_ref,select_gpu_ref_7464502897564813179_0_0__sa,performance,gtpin_total_execution_cycles,45088,cycles,1,8,45088
n1_i3,3,1,3,n1_i3::kernel::select:/model/layers.20/self_attn/Where_3::select_gpu_ref_5609897181611433017_0_0__sa,n1_i3::primitive::select:/model/layers.20/self_attn/Where_3,kernel,select_gpu_ref_5609897181611433017_0_0__sa,layers.*/self_attn,/model/layers.20/self_attn/Where_3,Select,select:/model/layers.20/self_attn/Where_3,select,select_gpu_ref,select_gpu_ref_5609897181611433017_0_0__sa,performance,gtpin_total_execution_cycles,1370208,cycles,1,256,1370208
n1_i3,3,1,3,n1_i3::kernel::select:/model/layers.21/self_attn/Where_2::select_gpu_ref_7464502897564813179_0_0__sa,n1_i3::primitive::select:/model/layers.21/self_attn/Where_2,kernel,select_gpu_ref_7464502897564813179_0_0__sa,layers.*/self_attn,/model/layers.21/self_attn/Where_2,Select,select:/model/layers.21/self_attn/Where_2,select,select_gpu_ref,select_gpu_ref_7464502897564813179_0_0__sa,performance,gtpin_total_execution_cycles,38896,cycles,1,8,38896
n1_i3,3,1,3,n1_i3::kernel::select:/model/layers.21/self_attn/Where_3::select_gpu_ref_5609897181611433017_0_0__sa,n1_i3::primitive::select:/model/layers.21/self_attn/Where_3,kernel,select_gpu_ref_5609897181611433017_0_0__sa,layers.*/self_attn,/model/layers.21/self_attn/Where_3,Select,select:/model/layers.21/self_attn/Where_3,select,select_gpu_ref,select_gpu_ref_5609897181611433017_0_0__sa,performance,gtpin_total_execution_cycles,1426344,cycles,1,256,1426344
n1_i3,3,1,3,n1_i3::kernel::select:/model/layers.3/self_attn/Where_2::select_gpu_ref_7464502897564813179_0_0__sa,n1_i3::primitive::select:/model/layers.3/self_attn/Where_2,kernel,select_gpu_ref_7464502897564813179_0_0__sa,layers.*/self_attn,/model/layers.3/self_attn/Where_2,Select,select:/model/layers.3/self_attn/Where_2,select,select_gpu_ref,select_gpu_ref_7464502897564813179_0_0__sa,performance,gtpin_total_execution_cycles,44592,cycles,1,8,44592
n1_i3,3,1,3,n1_i3::kernel::select:/model/layers.3/self_attn/Where_3::select_gpu_ref_5609897181611433017_0_0__sa,n1_i3::primitive::select:/model/layers.3/self_attn/Where_3,kernel,select_gpu_ref_5609897181611433017_0_0__sa,layers.*/self_attn,/model/layers.3/self_attn/Where_3,Select,select:/model/layers.3/self_attn/Where_3,select,select_gpu_ref,select_gpu_ref_5609897181611433017_0_0__sa,performance,gtpin_total_execution_cycles,1431542,cycles,1,256,1431542
n1_i3,3,1,3,n1_i3::kernel::select:/model/layers.4/self_attn/Where_2::select_gpu_ref_7464502897564813179_0_0__sa,n1_i3::primitive::select:/model/layers.4/self_attn/Where_2,kernel,select_gpu_ref_7464502897564813179_0_0__sa,layers.*/self_attn,/model/layers.4/self_attn/Where_2,Select,select:/model/layers.4/self_attn/Where_2,select,select_gpu_ref,select_gpu_ref_7464502897564813179_0_0__sa,performance,gtpin_total_execution_cycles,64512,cycles,1,8,64512
n1_i3,3,1,3,n1_i3::kernel::select:/model/layers.4/self_attn/Where_3::select_gpu_ref_5609897181611433017_0_0__sa,n1_i3::primitive::select:/model/layers.4/self_attn/Where_3,kernel,select_gpu_ref_5609897181611433017_0_0__sa,layers.*/self_attn,/model/layers.4/self_attn/Where_3,Select,select:/model/layers.4/self_attn/Where_3,select,select_gpu_ref,select_gpu_ref_5609897181611433017_0_0__sa,performance,gtpin_total_execution_cycles,1368540,cycles,1,256,1368540
n1_i3,3,1,3,n1_i3::kernel::select:/model/layers.5/self_attn/Where_2::select_gpu_ref_7464502897564813179_0_0__sa,n1_i3::primitive::select:/model/layers.5/self_attn/Where_2,kernel,select_gpu_ref_7464502897564813179_0_0__sa,layers.*/self_attn,/model/layers.5/self_attn/Where_2,Select,select:/model/layers.5/self_attn/Where_2,select,select_gpu_ref,select_gpu_ref_7464502897564813179_0_0__sa,performance,gtpin_total_execution_cycles,39248,cycles,1,8,39248
n1_i3,3,1,3,n1_i3::kernel::select:/model/layers.5/self_attn/Where_3::select_gpu_ref_5609897181611433017_0_0__sa,n1_i3::primitive::select:/model/layers.5/self_attn/Where_3,kernel,select_gpu_ref_5609897181611433017_0_0__sa,layers.*/self_attn,/model/layers.5/self_attn/Where_3,Select,select:/model/layers.5/self_attn/Where_3,select,select_gpu_ref,select_gpu_ref_5609897181611433017_0_0__sa,performance,gtpin_total_execution_cycles,1431350,cycles,1,256,1431350
n1_i3,3,1,3,n1_i3::kernel::select:/model/layers.6/self_attn/Where_2::select_gpu_ref_7464502897564813179_0_0__sa,n1_i3::primitive::select:/model/layers.6/self_attn/Where_2,kernel,select_gpu_ref_7464502897564813179_0_0__sa,layers.*/self_attn,/model/layers.6/self_attn/Where_2,Select,select:/model/layers.6/self_attn/Where_2,select,select_gpu_ref,select_gpu_ref_7464502897564813179_0_0__sa,performance,gtpin_total_execution_cycles,36728,cycles,1,8,36728
n1_i3,3,1,3,n1_i3::kernel::select:/model/layers.6/self_attn/Where_3::select_gpu_ref_5609897181611433017_0_0__sa,n1_i3::primitive::select:/model/layers.6/self_attn/Where_3,kernel,select_gpu_ref_5609897181611433017_0_0__sa,layers.*/self_attn,/model/layers.6/self_attn/Where_3,Select,select:/model/layers.6/self_attn/Where_3,select,select_gpu_ref,select_gpu_ref_5609897181611433017_0_0__sa,performance,gtpin_total_execution_cycles,1336168,cycles,1,256,1336168
n1_i3,3,1,3,n1_i3::kernel::select:/model/layers.7/self_attn/Where_2::select_gpu_ref_7464502897564813179_0_0__sa,n1_i3::primitive::select:/model/layers.7/self_attn/Where_2,kernel,select_gpu_ref_7464502897564813179_0_0__sa,layers.*/self_attn,/model/layers.7/self_attn/Where_2,Select,select:/model/layers.7/self_attn/Where_2,select,select_gpu_ref,select_gpu_ref_7464502897564813179_0_0__sa,performance,gtpin_total_execution_cycles,40800,cycles,1,8,40800
n1_i3,3,1,3,n1_i3::kernel::select:/model/layers.7/self_attn/Where_3::select_gpu_ref_5609897181611433017_0_0__sa,n1_i3::primitive::select:/model/layers.7/self_attn/Where_3,kernel,select_gpu_ref_5609897181611433017_0_0__sa,layers.*/self_attn,/model/layers.7/self_attn/Where_3,Select,select:/model/layers.7/self_attn/Where_3,select,select_gpu_ref,select_gpu_ref_5609897181611433017_0_0__sa,performance,gtpin_total_execution_cycles,1479170,cycles,1,256,1479170
n1_i3,3,1,3,n1_i3::kernel::select:/model/layers.8/self_attn/Where_2::select_gpu_ref_7464502897564813179_0_0__sa,n1_i3::primitive::select:/model/layers.8/self_attn/Where_2,kernel,select_gpu_ref_7464502897564813179_0_0__sa,layers.*/self_attn,/model/layers.8/self_attn/Where_2,Select,select:/model/layers.8/self_attn/Where_2,select,select_gpu_ref,select_gpu_ref_7464502897564813179_0_0__sa,performance,gtpin_total_execution_cycles,42052,cycles,1,8,42052
n1_i3,3,1,3,n1_i3::kernel::select:/model/layers.8/self_attn/Where_3::select_gpu_ref_5609897181611433017_0_0__sa,n1_i3::primitive::select:/model/layers.8/self_attn/Where_3,kernel,select_gpu_ref_5609897181611433017_0_0__sa,layers.*/self_attn,/model/layers.8/self_attn/Where_3,Select,select:/model/layers.8/self_attn/Where_3,select,select_gpu_ref,select_gpu_ref_5609897181611433017_0_0__sa,performance,gtpin_total_execution_cycles,1699594,cycles,1,256,1699594
n1_i3,3,1,3,n1_i3::kernel::select:/model/layers.9/self_attn/Where_2::select_gpu_ref_7464502897564813179_0_0__sa,n1_i3::primitive::select:/model/layers.9/self_attn/Where_2,kernel,select_gpu_ref_7464502897564813179_0_0__sa,layers.*/self_attn,/model/layers.9/self_attn/Where_2,Select,select:/model/layers.9/self_attn/Where_2,select,select_gpu_ref,select_gpu_ref_7464502897564813179_0_0__sa,performance,gtpin_total_execution_cycles,39328,cycles,1,8,39328
n1_i3,3,1,3,n1_i3::kernel::select:/model/layers.9/self_attn/Where_3::select_gpu_ref_5609897181611433017_0_0__sa,n1_i3::primitive::select:/model/layers.9/self_attn/Where_3,kernel,select_gpu_ref_5609897181611433017_0_0__sa,layers.*/self_attn,/model/layers.9/self_attn/Where_3,Select,select:/model/layers.9/self_attn/Where_3,select,select_gpu_ref,select_gpu_ref_5609897181611433017_0_0__sa,performance,gtpin_total_execution_cycles,1354560,cycles,1,256,1354560
n1_i3,3,1,3,n1_i3::kernel::sin:/model/rotary_emb/Sin::activation_ref_1691567596270449691_0_0__sa,n1_i3::primitive::sin:/model/rotary_emb/Sin,kernel,activation_ref_1691567596270449691_0_0__sa,rotary_emb,/model/rotary_emb/Sin,Sin,sin:/model/rotary_emb/Sin,activation,activation_ref,activation_ref_1691567596270449691_0_0__sa,performance,gtpin_total_execution_cycles,159418,cycles,1,32,159418
n1_i3,3,1,3,n1_i3::kernel::softmax:/model/layers.0/self_attn/Softmax::softmax_gpu_bf_18392998524141771378_0_0__sa,n1_i3::primitive::softmax:/model/layers.0/self_attn/Softmax,kernel,softmax_gpu_bf_18392998524141771378_0_0__sa,layers.*/self_attn,/model/layers.0/self_attn/Softmax,Softmax,softmax:/model/layers.0/self_attn/Softmax,softmax,softmax_gpu_bf,softmax_gpu_bf_18392998524141771378_0_0__sa,performance,gtpin_total_execution_cycles,8114054,cycles,1,512,8114054
n1_i3,3,1,3,n1_i3::kernel::softmax:/model/layers.1/self_attn/Softmax::softmax_gpu_bf_18392998524141771378_0_0__sa,n1_i3::primitive::softmax:/model/layers.1/self_attn/Softmax,kernel,softmax_gpu_bf_18392998524141771378_0_0__sa,layers.*/self_attn,/model/layers.1/self_attn/Softmax,Softmax,softmax:/model/layers.1/self_attn/Softmax,softmax,softmax_gpu_bf,softmax_gpu_bf_18392998524141771378_0_0__sa,performance,gtpin_total_execution_cycles,8051673,cycles,1,512,8051673
n1_i3,3,1,3,n1_i3::kernel::softmax:/model/layers.10/self_attn/Softmax::softmax_gpu_bf_18392998524141771378_0_0__sa,n1_i3::primitive::softmax:/model/layers.10/self_attn/Softmax,kernel,softmax_gpu_bf_18392998524141771378_0_0__sa,layers.*/self_attn,/model/layers.10/self_attn/Softmax,Softmax,softmax:/model/layers.10/self_attn/Softmax,softmax,softmax_gpu_bf,softmax_gpu_bf_18392998524141771378_0_0__sa,performance,gtpin_total_execution_cycles,8481462,cycles,1,512,8481462
n1_i3,3,1,3,n1_i3::kernel::softmax:/model/layers.11/self_attn/Softmax::softmax_gpu_bf_18392998524141771378_0_0__sa,n1_i3::primitive::softmax:/model/layers.11/self_attn/Softmax,kernel,softmax_gpu_bf_18392998524141771378_0_0__sa,layers.*/self_attn,/model/layers.11/self_attn/Softmax,Softmax,softmax:/model/layers.11/self_attn/Softmax,softmax,softmax_gpu_bf,softmax_gpu_bf_18392998524141771378_0_0__sa,performance,gtpin_total_execution_cycles,7875701,cycles,1,512,7875701
n1_i3,3,1,3,n1_i3::kernel::softmax:/model/layers.12/self_attn/Softmax::softmax_gpu_bf_18392998524141771378_0_0__sa,n1_i3::primitive::softmax:/model/layers.12/self_attn/Softmax,kernel,softmax_gpu_bf_18392998524141771378_0_0__sa,layers.*/self_attn,/model/layers.12/self_attn/Softmax,Softmax,softmax:/model/layers.12/self_attn/Softmax,softmax,softmax_gpu_bf,softmax_gpu_bf_18392998524141771378_0_0__sa,performance,gtpin_total_execution_cycles,8389249,cycles,1,512,8389249
n1_i3,3,1,3,n1_i3::kernel::softmax:/model/layers.13/self_attn/Softmax::softmax_gpu_bf_18392998524141771378_0_0__sa,n1_i3::primitive::softmax:/model/layers.13/self_attn/Softmax,kernel,softmax_gpu_bf_18392998524141771378_0_0__sa,layers.*/self_attn,/model/layers.13/self_attn/Softmax,Softmax,softmax:/model/layers.13/self_attn/Softmax,softmax,softmax_gpu_bf,softmax_gpu_bf_18392998524141771378_0_0__sa,performance,gtpin_total_execution_cycles,8120939,cycles,1,512,8120939
n1_i3,3,1,3,n1_i3::kernel::softmax:/model/layers.14/self_attn/Softmax::softmax_gpu_bf_18392998524141771378_0_0__sa,n1_i3::primitive::softmax:/model/layers.14/self_attn/Softmax,kernel,softmax_gpu_bf_18392998524141771378_0_0__sa,layers.*/self_attn,/model/layers.14/self_attn/Softmax,Softmax,softmax:/model/layers.14/self_attn/Softmax,softmax,softmax_gpu_bf,softmax_gpu_bf_18392998524141771378_0_0__sa,performance,gtpin_total_execution_cycles,8319613,cycles,1,512,8319613
n1_i3,3,1,3,n1_i3::kernel::softmax:/model/layers.15/self_attn/Softmax::softmax_gpu_bf_18392998524141771378_0_0__sa,n1_i3::primitive::softmax:/model/layers.15/self_attn/Softmax,kernel,softmax_gpu_bf_18392998524141771378_0_0__sa,layers.*/self_attn,/model/layers.15/self_attn/Softmax,Softmax,softmax:/model/layers.15/self_attn/Softmax,softmax,softmax_gpu_bf,softmax_gpu_bf_18392998524141771378_0_0__sa,performance,gtpin_total_execution_cycles,8381895,cycles,1,512,8381895
n1_i3,3,1,3,n1_i3::kernel::softmax:/model/layers.16/self_attn/Softmax::softmax_gpu_bf_18392998524141771378_0_0__sa,n1_i3::primitive::softmax:/model/layers.16/self_attn/Softmax,kernel,softmax_gpu_bf_18392998524141771378_0_0__sa,layers.*/self_attn,/model/layers.16/self_attn/Softmax,Softmax,softmax:/model/layers.16/self_attn/Softmax,softmax,softmax_gpu_bf,softmax_gpu_bf_18392998524141771378_0_0__sa,performance,gtpin_total_execution_cycles,9508870,cycles,1,512,9508870
n1_i3,3,1,3,n1_i3::kernel::softmax:/model/layers.17/self_attn/Softmax::softmax_gpu_bf_18392998524141771378_0_0__sa,n1_i3::primitive::softmax:/model/layers.17/self_attn/Softmax,kernel,softmax_gpu_bf_18392998524141771378_0_0__sa,layers.*/self_attn,/model/layers.17/self_attn/Softmax,Softmax,softmax:/model/layers.17/self_attn/Softmax,softmax,softmax_gpu_bf,softmax_gpu_bf_18392998524141771378_0_0__sa,performance,gtpin_total_execution_cycles,8173401,cycles,1,512,8173401
n1_i3,3,1,3,n1_i3::kernel::softmax:/model/layers.18/self_attn/Softmax::softmax_gpu_bf_18392998524141771378_0_0__sa,n1_i3::primitive::softmax:/model/layers.18/self_attn/Softmax,kernel,softmax_gpu_bf_18392998524141771378_0_0__sa,layers.*/self_attn,/model/layers.18/self_attn/Softmax,Softmax,softmax:/model/layers.18/self_attn/Softmax,softmax,softmax_gpu_bf,softmax_gpu_bf_18392998524141771378_0_0__sa,performance,gtpin_total_execution_cycles,8068359,cycles,1,512,8068359
n1_i3,3,1,3,n1_i3::kernel::softmax:/model/layers.19/self_attn/Softmax::softmax_gpu_bf_18392998524141771378_0_0__sa,n1_i3::primitive::softmax:/model/layers.19/self_attn/Softmax,kernel,softmax_gpu_bf_18392998524141771378_0_0__sa,layers.*/self_attn,/model/layers.19/self_attn/Softmax,Softmax,softmax:/model/layers.19/self_attn/Softmax,softmax,softmax_gpu_bf,softmax_gpu_bf_18392998524141771378_0_0__sa,performance,gtpin_total_execution_cycles,7999583,cycles,1,512,7999583
n1_i3,3,1,3,n1_i3::kernel::softmax:/model/layers.2/self_attn/Softmax::softmax_gpu_bf_18392998524141771378_0_0__sa,n1_i3::primitive::softmax:/model/layers.2/self_attn/Softmax,kernel,softmax_gpu_bf_18392998524141771378_0_0__sa,layers.*/self_attn,/model/layers.2/self_attn/Softmax,Softmax,softmax:/model/layers.2/self_attn/Softmax,softmax,softmax_gpu_bf,softmax_gpu_bf_18392998524141771378_0_0__sa,performance,gtpin_total_execution_cycles,8339945,cycles,1,512,8339945
n1_i3,3,1,3,n1_i3::kernel::softmax:/model/layers.20/self_attn/Softmax::softmax_gpu_bf_18392998524141771378_0_0__sa,n1_i3::primitive::softmax:/model/layers.20/self_attn/Softmax,kernel,softmax_gpu_bf_18392998524141771378_0_0__sa,layers.*/self_attn,/model/layers.20/self_attn/Softmax,Softmax,softmax:/model/layers.20/self_attn/Softmax,softmax,softmax_gpu_bf,softmax_gpu_bf_18392998524141771378_0_0__sa,performance,gtpin_total_execution_cycles,8067956,cycles,1,512,8067956
n1_i3,3,1,3,n1_i3::kernel::softmax:/model/layers.21/self_attn/Softmax::softmax_gpu_bf_18392998524141771378_0_0__sa,n1_i3::primitive::softmax:/model/layers.21/self_attn/Softmax,kernel,softmax_gpu_bf_18392998524141771378_0_0__sa,layers.*/self_attn,/model/layers.21/self_attn/Softmax,Softmax,softmax:/model/layers.21/self_attn/Softmax,softmax,softmax_gpu_bf,softmax_gpu_bf_18392998524141771378_0_0__sa,performance,gtpin_total_execution_cycles,8082618,cycles,1,512,8082618
n1_i3,3,1,3,n1_i3::kernel::softmax:/model/layers.3/self_attn/Softmax::softmax_gpu_bf_18392998524141771378_0_0__sa,n1_i3::primitive::softmax:/model/layers.3/self_attn/Softmax,kernel,softmax_gpu_bf_18392998524141771378_0_0__sa,layers.*/self_attn,/model/layers.3/self_attn/Softmax,Softmax,softmax:/model/layers.3/self_attn/Softmax,softmax,softmax_gpu_bf,softmax_gpu_bf_18392998524141771378_0_0__sa,performance,gtpin_total_execution_cycles,8122807,cycles,1,512,8122807
n1_i3,3,1,3,n1_i3::kernel::softmax:/model/layers.4/self_attn/Softmax::softmax_gpu_bf_18392998524141771378_0_0__sa,n1_i3::primitive::softmax:/model/layers.4/self_attn/Softmax,kernel,softmax_gpu_bf_18392998524141771378_0_0__sa,layers.*/self_attn,/model/layers.4/self_attn/Softmax,Softmax,softmax:/model/layers.4/self_attn/Softmax,softmax,softmax_gpu_bf,softmax_gpu_bf_18392998524141771378_0_0__sa,performance,gtpin_total_execution_cycles,7931281,cycles,1,512,7931281
n1_i3,3,1,3,n1_i3::kernel::softmax:/model/layers.5/self_attn/Softmax::softmax_gpu_bf_18392998524141771378_0_0__sa,n1_i3::primitive::softmax:/model/layers.5/self_attn/Softmax,kernel,softmax_gpu_bf_18392998524141771378_0_0__sa,layers.*/self_attn,/model/layers.5/self_attn/Softmax,Softmax,softmax:/model/layers.5/self_attn/Softmax,softmax,softmax_gpu_bf,softmax_gpu_bf_18392998524141771378_0_0__sa,performance,gtpin_total_execution_cycles,7896067,cycles,1,512,7896067
n1_i3,3,1,3,n1_i3::kernel::softmax:/model/layers.6/self_attn/Softmax::softmax_gpu_bf_18392998524141771378_0_0__sa,n1_i3::primitive::softmax:/model/layers.6/self_attn/Softmax,kernel,softmax_gpu_bf_18392998524141771378_0_0__sa,layers.*/self_attn,/model/layers.6/self_attn/Softmax,Softmax,softmax:/model/layers.6/self_attn/Softmax,softmax,softmax_gpu_bf,softmax_gpu_bf_18392998524141771378_0_0__sa,performance,gtpin_total_execution_cycles,8131972,cycles,1,512,8131972
n1_i3,3,1,3,n1_i3::kernel::softmax:/model/layers.7/self_attn/Softmax::softmax_gpu_bf_18392998524141771378_0_0__sa,n1_i3::primitive::softmax:/model/layers.7/self_attn/Softmax,kernel,softmax_gpu_bf_18392998524141771378_0_0__sa,layers.*/self_attn,/model/layers.7/self_attn/Softmax,Softmax,softmax:/model/layers.7/self_attn/Softmax,softmax,softmax_gpu_bf,softmax_gpu_bf_18392998524141771378_0_0__sa,performance,gtpin_total_execution_cycles,8281531,cycles,1,512,8281531
n1_i3,3,1,3,n1_i3::kernel::softmax:/model/layers.8/self_attn/Softmax::softmax_gpu_bf_18392998524141771378_0_0__sa,n1_i3::primitive::softmax:/model/layers.8/self_attn/Softmax,kernel,softmax_gpu_bf_18392998524141771378_0_0__sa,layers.*/self_attn,/model/layers.8/self_attn/Softmax,Softmax,softmax:/model/layers.8/self_attn/Softmax,softmax,softmax_gpu_bf,softmax_gpu_bf_18392998524141771378_0_0__sa,performance,gtpin_total_execution_cycles,7945226,cycles,1,512,7945226
n1_i3,3,1,3,n1_i3::kernel::softmax:/model/layers.9/self_attn/Softmax::softmax_gpu_bf_18392998524141771378_0_0__sa,n1_i3::primitive::softmax:/model/layers.9/self_attn/Softmax,kernel,softmax_gpu_bf_18392998524141771378_0_0__sa,layers.*/self_attn,/model/layers.9/self_attn/Softmax,Softmax,softmax:/model/layers.9/self_attn/Softmax,softmax,softmax_gpu_bf,softmax_gpu_bf_18392998524141771378_0_0__sa,performance,gtpin_total_execution_cycles,8156864,cycles,1,512,8156864
n1_i3,3,1,3,n1_i3::kernel::transpose:/model/layers.0/self_attn/Transpose_2::permute_ref_653960189515371720_0_0__sa,n1_i3::primitive::transpose:/model/layers.0/self_attn/Transpose_2,kernel,permute_ref_653960189515371720_0_0__sa,layers.*/self_attn,/model/layers.0/self_attn/Transpose_2,Transpose,transpose:/model/layers.0/self_attn/Transpose_2,permute,permute_ref,permute_ref_653960189515371720_0_0__sa,performance,gtpin_total_execution_cycles,363310,cycles,1,128,363310
n1_i3,3,1,3,n1_i3::kernel::transpose:/model/layers.0/self_attn/Transpose_3::permute_ref_17183202574580890641_0_0__sa,n1_i3::primitive::transpose:/model/layers.0/self_attn/Transpose_3,kernel,permute_ref_17183202574580890641_0_0__sa,layers.*/self_attn,/model/layers.0/self_attn/Transpose_3,Transpose,transpose:/model/layers.0/self_attn/Transpose_3,permute,permute_ref,permute_ref_17183202574580890641_0_0__sa,performance,gtpin_total_execution_cycles,4757038,cycles,1,1024,4757038
n1_i3,3,1,3,n1_i3::kernel::transpose:/model/layers.1/self_attn/Transpose_2::permute_ref_653960189515371720_0_0__sa,n1_i3::primitive::transpose:/model/layers.1/self_attn/Transpose_2,kernel,permute_ref_653960189515371720_0_0__sa,layers.*/self_attn,/model/layers.1/self_attn/Transpose_2,Transpose,transpose:/model/layers.1/self_attn/Transpose_2,permute,permute_ref,permute_ref_653960189515371720_0_0__sa,performance,gtpin_total_execution_cycles,491536,cycles,1,128,491536
n1_i3,3,1,3,n1_i3::kernel::transpose:/model/layers.1/self_attn/Transpose_3::permute_ref_17183202574580890641_0_0__sa,n1_i3::primitive::transpose:/model/layers.1/self_attn/Transpose_3,kernel,permute_ref_17183202574580890641_0_0__sa,layers.*/self_attn,/model/layers.1/self_attn/Transpose_3,Transpose,transpose:/model/layers.1/self_attn/Transpose_3,permute,permute_ref,permute_ref_17183202574580890641_0_0__sa,performance,gtpin_total_execution_cycles,5920000,cycles,1,1024,5920000
n1_i3,3,1,3,n1_i3::kernel::transpose:/model/layers.10/self_attn/Transpose_2::permute_ref_653960189515371720_0_0__sa,n1_i3::primitive::transpose:/model/layers.10/self_attn/Transpose_2,kernel,permute_ref_653960189515371720_0_0__sa,layers.*/self_attn,/model/layers.10/self_attn/Transpose_2,Transpose,transpose:/model/layers.10/self_attn/Transpose_2,permute,permute_ref,permute_ref_653960189515371720_0_0__sa,performance,gtpin_total_execution_cycles,496242,cycles,1,128,496242
n1_i3,3,1,3,n1_i3::kernel::transpose:/model/layers.10/self_attn/Transpose_3::permute_ref_17183202574580890641_0_0__sa,n1_i3::primitive::transpose:/model/layers.10/self_attn/Transpose_3,kernel,permute_ref_17183202574580890641_0_0__sa,layers.*/self_attn,/model/layers.10/self_attn/Transpose_3,Transpose,transpose:/model/layers.10/self_attn/Transpose_3,permute,permute_ref,permute_ref_17183202574580890641_0_0__sa,performance,gtpin_total_execution_cycles,5652876,cycles,1,1024,5652876
n1_i3,3,1,3,n1_i3::kernel::transpose:/model/layers.11/self_attn/Transpose_2::permute_ref_653960189515371720_0_0__sa,n1_i3::primitive::transpose:/model/layers.11/self_attn/Transpose_2,kernel,permute_ref_653960189515371720_0_0__sa,layers.*/self_attn,/model/layers.11/self_attn/Transpose_2,Transpose,transpose:/model/layers.11/self_attn/Transpose_2,permute,permute_ref,permute_ref_653960189515371720_0_0__sa,performance,gtpin_total_execution_cycles,462024,cycles,1,128,462024
n1_i3,3,1,3,n1_i3::kernel::transpose:/model/layers.11/self_attn/Transpose_3::permute_ref_17183202574580890641_0_0__sa,n1_i3::primitive::transpose:/model/layers.11/self_attn/Transpose_3,kernel,permute_ref_17183202574580890641_0_0__sa,layers.*/self_attn,/model/layers.11/self_attn/Transpose_3,Transpose,transpose:/model/layers.11/self_attn/Transpose_3,permute,permute_ref,permute_ref_17183202574580890641_0_0__sa,performance,gtpin_total_execution_cycles,5207234,cycles,1,1024,5207234
n1_i3,3,1,3,n1_i3::kernel::transpose:/model/layers.12/self_attn/Transpose_2::permute_ref_653960189515371720_0_0__sa,n1_i3::primitive::transpose:/model/layers.12/self_attn/Transpose_2,kernel,permute_ref_653960189515371720_0_0__sa,layers.*/self_attn,/model/layers.12/self_attn/Transpose_2,Transpose,transpose:/model/layers.12/self_attn/Transpose_2,permute,permute_ref,permute_ref_653960189515371720_0_0__sa,performance,gtpin_total_execution_cycles,483090,cycles,1,128,483090
n1_i3,3,1,3,n1_i3::kernel::transpose:/model/layers.12/self_attn/Transpose_3::permute_ref_17183202574580890641_0_0__sa,n1_i3::primitive::transpose:/model/layers.12/self_attn/Transpose_3,kernel,permute_ref_17183202574580890641_0_0__sa,layers.*/self_attn,/model/layers.12/self_attn/Transpose_3,Transpose,transpose:/model/layers.12/self_attn/Transpose_3,permute,permute_ref,permute_ref_17183202574580890641_0_0__sa,performance,gtpin_total_execution_cycles,7513000,cycles,1,1024,7513000
n1_i3,3,1,3,n1_i3::kernel::transpose:/model/layers.13/self_attn/Transpose_2::permute_ref_653960189515371720_0_0__sa,n1_i3::primitive::transpose:/model/layers.13/self_attn/Transpose_2,kernel,permute_ref_653960189515371720_0_0__sa,layers.*/self_attn,/model/layers.13/self_attn/Transpose_2,Transpose,transpose:/model/layers.13/self_attn/Transpose_2,permute,permute_ref,permute_ref_653960189515371720_0_0__sa,performance,gtpin_total_execution_cycles,558732,cycles,1,128,558732
n1_i3,3,1,3,n1_i3::kernel::transpose:/model/layers.13/self_attn/Transpose_3::permute_ref_17183202574580890641_0_0__sa,n1_i3::primitive::transpose:/model/layers.13/self_attn/Transpose_3,kernel,permute_ref_17183202574580890641_0_0__sa,layers.*/self_attn,/model/layers.13/self_attn/Transpose_3,Transpose,transpose:/model/layers.13/self_attn/Transpose_3,permute,permute_ref,permute_ref_17183202574580890641_0_0__sa,performance,gtpin_total_execution_cycles,5540142,cycles,1,1024,5540142
n1_i3,3,1,3,n1_i3::kernel::transpose:/model/layers.14/self_attn/Transpose_2::permute_ref_653960189515371720_0_0__sa,n1_i3::primitive::transpose:/model/layers.14/self_attn/Transpose_2,kernel,permute_ref_653960189515371720_0_0__sa,layers.*/self_attn,/model/layers.14/self_attn/Transpose_2,Transpose,transpose:/model/layers.14/self_attn/Transpose_2,permute,permute_ref,permute_ref_653960189515371720_0_0__sa,performance,gtpin_total_execution_cycles,494724,cycles,1,128,494724
n1_i3,3,1,3,n1_i3::kernel::transpose:/model/layers.14/self_attn/Transpose_3::permute_ref_17183202574580890641_0_0__sa,n1_i3::primitive::transpose:/model/layers.14/self_attn/Transpose_3,kernel,permute_ref_17183202574580890641_0_0__sa,layers.*/self_attn,/model/layers.14/self_attn/Transpose_3,Transpose,transpose:/model/layers.14/self_attn/Transpose_3,permute,permute_ref,permute_ref_17183202574580890641_0_0__sa,performance,gtpin_total_execution_cycles,5258216,cycles,1,1024,5258216
n1_i3,3,1,3,n1_i3::kernel::transpose:/model/layers.15/self_attn/Transpose_2::permute_ref_653960189515371720_0_0__sa,n1_i3::primitive::transpose:/model/layers.15/self_attn/Transpose_2,kernel,permute_ref_653960189515371720_0_0__sa,layers.*/self_attn,/model/layers.15/self_attn/Transpose_2,Transpose,transpose:/model/layers.15/self_attn/Transpose_2,permute,permute_ref,permute_ref_653960189515371720_0_0__sa,performance,gtpin_total_execution_cycles,462898,cycles,1,128,462898
n1_i3,3,1,3,n1_i3::kernel::transpose:/model/layers.15/self_attn/Transpose_3::permute_ref_17183202574580890641_0_0__sa,n1_i3::primitive::transpose:/model/layers.15/self_attn/Transpose_3,kernel,permute_ref_17183202574580890641_0_0__sa,layers.*/self_attn,/model/layers.15/self_attn/Transpose_3,Transpose,transpose:/model/layers.15/self_attn/Transpose_3,permute,permute_ref,permute_ref_17183202574580890641_0_0__sa,performance,gtpin_total_execution_cycles,4931460,cycles,1,1024,4931460
n1_i3,3,1,3,n1_i3::kernel::transpose:/model/layers.16/self_attn/Transpose_2::permute_ref_653960189515371720_0_0__sa,n1_i3::primitive::transpose:/model/layers.16/self_attn/Transpose_2,kernel,permute_ref_653960189515371720_0_0__sa,layers.*/self_attn,/model/layers.16/self_attn/Transpose_2,Transpose,transpose:/model/layers.16/self_attn/Transpose_2,permute,permute_ref,permute_ref_653960189515371720_0_0__sa,performance,gtpin_total_execution_cycles,511834,cycles,1,128,511834
n1_i3,3,1,3,n1_i3::kernel::transpose:/model/layers.16/self_attn/Transpose_3::permute_ref_17183202574580890641_0_0__sa,n1_i3::primitive::transpose:/model/layers.16/self_attn/Transpose_3,kernel,permute_ref_17183202574580890641_0_0__sa,layers.*/self_attn,/model/layers.16/self_attn/Transpose_3,Transpose,transpose:/model/layers.16/self_attn/Transpose_3,permute,permute_ref,permute_ref_17183202574580890641_0_0__sa,performance,gtpin_total_execution_cycles,4821842,cycles,1,1024,4821842
n1_i3,3,1,3,n1_i3::kernel::transpose:/model/layers.17/self_attn/Transpose_2::permute_ref_653960189515371720_0_0__sa,n1_i3::primitive::transpose:/model/layers.17/self_attn/Transpose_2,kernel,permute_ref_653960189515371720_0_0__sa,layers.*/self_attn,/model/layers.17/self_attn/Transpose_2,Transpose,transpose:/model/layers.17/self_attn/Transpose_2,permute,permute_ref,permute_ref_653960189515371720_0_0__sa,performance,gtpin_total_execution_cycles,470612,cycles,1,128,470612
n1_i3,3,1,3,n1_i3::kernel::transpose:/model/layers.17/self_attn/Transpose_3::permute_ref_17183202574580890641_0_0__sa,n1_i3::primitive::transpose:/model/layers.17/self_attn/Transpose_3,kernel,permute_ref_17183202574580890641_0_0__sa,layers.*/self_attn,/model/layers.17/self_attn/Transpose_3,Transpose,transpose:/model/layers.17/self_attn/Transpose_3,permute,permute_ref,permute_ref_17183202574580890641_0_0__sa,performance,gtpin_total_execution_cycles,5686580,cycles,1,1024,5686580
n1_i3,3,1,3,n1_i3::kernel::transpose:/model/layers.18/self_attn/Transpose_2::permute_ref_653960189515371720_0_0__sa,n1_i3::primitive::transpose:/model/layers.18/self_attn/Transpose_2,kernel,permute_ref_653960189515371720_0_0__sa,layers.*/self_attn,/model/layers.18/self_attn/Transpose_2,Transpose,transpose:/model/layers.18/self_attn/Transpose_2,permute,permute_ref,permute_ref_653960189515371720_0_0__sa,performance,gtpin_total_execution_cycles,454058,cycles,1,128,454058
n1_i3,3,1,3,n1_i3::kernel::transpose:/model/layers.18/self_attn/Transpose_3::permute_ref_17183202574580890641_0_0__sa,n1_i3::primitive::transpose:/model/layers.18/self_attn/Transpose_3,kernel,permute_ref_17183202574580890641_0_0__sa,layers.*/self_attn,/model/layers.18/self_attn/Transpose_3,Transpose,transpose:/model/layers.18/self_attn/Transpose_3,permute,permute_ref,permute_ref_17183202574580890641_0_0__sa,performance,gtpin_total_execution_cycles,6308932,cycles,1,1024,6308932
n1_i3,3,1,3,n1_i3::kernel::transpose:/model/layers.19/self_attn/Transpose_2::permute_ref_653960189515371720_0_0__sa,n1_i3::primitive::transpose:/model/layers.19/self_attn/Transpose_2,kernel,permute_ref_653960189515371720_0_0__sa,layers.*/self_attn,/model/layers.19/self_attn/Transpose_2,Transpose,transpose:/model/layers.19/self_attn/Transpose_2,permute,permute_ref,permute_ref_653960189515371720_0_0__sa,performance,gtpin_total_execution_cycles,486688,cycles,1,128,486688
n1_i3,3,1,3,n1_i3::kernel::transpose:/model/layers.19/self_attn/Transpose_3::permute_ref_17183202574580890641_0_0__sa,n1_i3::primitive::transpose:/model/layers.19/self_attn/Transpose_3,kernel,permute_ref_17183202574580890641_0_0__sa,layers.*/self_attn,/model/layers.19/self_attn/Transpose_3,Transpose,transpose:/model/layers.19/self_attn/Transpose_3,permute,permute_ref,permute_ref_17183202574580890641_0_0__sa,performance,gtpin_total_execution_cycles,5353846,cycles,1,1024,5353846
n1_i3,3,1,3,n1_i3::kernel::transpose:/model/layers.2/self_attn/Transpose_2::permute_ref_653960189515371720_0_0__sa,n1_i3::primitive::transpose:/model/layers.2/self_attn/Transpose_2,kernel,permute_ref_653960189515371720_0_0__sa,layers.*/self_attn,/model/layers.2/self_attn/Transpose_2,Transpose,transpose:/model/layers.2/self_attn/Transpose_2,permute,permute_ref,permute_ref_653960189515371720_0_0__sa,performance,gtpin_total_execution_cycles,517578,cycles,1,128,517578
n1_i3,3,1,3,n1_i3::kernel::transpose:/model/layers.2/self_attn/Transpose_3::permute_ref_17183202574580890641_0_0__sa,n1_i3::primitive::transpose:/model/layers.2/self_attn/Transpose_3,kernel,permute_ref_17183202574580890641_0_0__sa,layers.*/self_attn,/model/layers.2/self_attn/Transpose_3,Transpose,transpose:/model/layers.2/self_attn/Transpose_3,permute,permute_ref,permute_ref_17183202574580890641_0_0__sa,performance,gtpin_total_execution_cycles,5115282,cycles,1,1024,5115282
n1_i3,3,1,3,n1_i3::kernel::transpose:/model/layers.20/self_attn/Transpose_2::permute_ref_653960189515371720_0_0__sa,n1_i3::primitive::transpose:/model/layers.20/self_attn/Transpose_2,kernel,permute_ref_653960189515371720_0_0__sa,layers.*/self_attn,/model/layers.20/self_attn/Transpose_2,Transpose,transpose:/model/layers.20/self_attn/Transpose_2,permute,permute_ref,permute_ref_653960189515371720_0_0__sa,performance,gtpin_total_execution_cycles,468568,cycles,1,128,468568
n1_i3,3,1,3,n1_i3::kernel::transpose:/model/layers.20/self_attn/Transpose_3::permute_ref_17183202574580890641_0_0__sa,n1_i3::primitive::transpose:/model/layers.20/self_attn/Transpose_3,kernel,permute_ref_17183202574580890641_0_0__sa,layers.*/self_attn,/model/layers.20/self_attn/Transpose_3,Transpose,transpose:/model/layers.20/self_attn/Transpose_3,permute,permute_ref,permute_ref_17183202574580890641_0_0__sa,performance,gtpin_total_execution_cycles,4892370,cycles,1,1024,4892370
n1_i3,3,1,3,n1_i3::kernel::transpose:/model/layers.21/self_attn/Transpose_2::permute_ref_653960189515371720_0_0__sa,n1_i3::primitive::transpose:/model/layers.21/self_attn/Transpose_2,kernel,permute_ref_653960189515371720_0_0__sa,layers.*/self_attn,/model/layers.21/self_attn/Transpose_2,Transpose,transpose:/model/layers.21/self_attn/Transpose_2,permute,permute_ref,permute_ref_653960189515371720_0_0__sa,performance,gtpin_total_execution_cycles,499628,cycles,1,128,499628
n1_i3,3,1,3,n1_i3::kernel::transpose:/model/layers.21/self_attn/Transpose_3::permute_ref_17183202574580890641_0_0__sa,n1_i3::primitive::transpose:/model/layers.21/self_attn/Transpose_3,kernel,permute_ref_17183202574580890641_0_0__sa,layers.*/self_attn,/model/layers.21/self_attn/Transpose_3,Transpose,transpose:/model/layers.21/self_attn/Transpose_3,permute,permute_ref,permute_ref_17183202574580890641_0_0__sa,performance,gtpin_total_execution_cycles,5825054,cycles,1,1024,5825054
n1_i3,3,1,3,n1_i3::kernel::transpose:/model/layers.3/self_attn/Transpose_2::permute_ref_653960189515371720_0_0__sa,n1_i3::primitive::transpose:/model/layers.3/self_attn/Transpose_2,kernel,permute_ref_653960189515371720_0_0__sa,layers.*/self_attn,/model/layers.3/self_attn/Transpose_2,Transpose,transpose:/model/layers.3/self_attn/Transpose_2,permute,permute_ref,permute_ref_653960189515371720_0_0__sa,performance,gtpin_total_execution_cycles,510068,cycles,1,128,510068
n1_i3,3,1,3,n1_i3::kernel::transpose:/model/layers.3/self_attn/Transpose_3::permute_ref_17183202574580890641_0_0__sa,n1_i3::primitive::transpose:/model/layers.3/self_attn/Transpose_3,kernel,permute_ref_17183202574580890641_0_0__sa,layers.*/self_attn,/model/layers.3/self_attn/Transpose_3,Transpose,transpose:/model/layers.3/self_attn/Transpose_3,permute,permute_ref,permute_ref_17183202574580890641_0_0__sa,performance,gtpin_total_execution_cycles,5171608,cycles,1,1024,5171608
n1_i3,3,1,3,n1_i3::kernel::transpose:/model/layers.4/self_attn/Transpose_2::permute_ref_653960189515371720_0_0__sa,n1_i3::primitive::transpose:/model/layers.4/self_attn/Transpose_2,kernel,permute_ref_653960189515371720_0_0__sa,layers.*/self_attn,/model/layers.4/self_attn/Transpose_2,Transpose,transpose:/model/layers.4/self_attn/Transpose_2,permute,permute_ref,permute_ref_653960189515371720_0_0__sa,performance,gtpin_total_execution_cycles,479872,cycles,1,128,479872
n1_i3,3,1,3,n1_i3::kernel::transpose:/model/layers.4/self_attn/Transpose_3::permute_ref_17183202574580890641_0_0__sa,n1_i3::primitive::transpose:/model/layers.4/self_attn/Transpose_3,kernel,permute_ref_17183202574580890641_0_0__sa,layers.*/self_attn,/model/layers.4/self_attn/Transpose_3,Transpose,transpose:/model/layers.4/self_attn/Transpose_3,permute,permute_ref,permute_ref_17183202574580890641_0_0__sa,performance,gtpin_total_execution_cycles,5361794,cycles,1,1024,5361794
n1_i3,3,1,3,n1_i3::kernel::transpose:/model/layers.5/self_attn/Transpose_2::permute_ref_653960189515371720_0_0__sa,n1_i3::primitive::transpose:/model/layers.5/self_attn/Transpose_2,kernel,permute_ref_653960189515371720_0_0__sa,layers.*/self_attn,/model/layers.5/self_attn/Transpose_2,Transpose,transpose:/model/layers.5/self_attn/Transpose_2,permute,permute_ref,permute_ref_653960189515371720_0_0__sa,performance,gtpin_total_execution_cycles,483972,cycles,1,128,483972
n1_i3,3,1,3,n1_i3::kernel::transpose:/model/layers.5/self_attn/Transpose_3::permute_ref_17183202574580890641_0_0__sa,n1_i3::primitive::transpose:/model/layers.5/self_attn/Transpose_3,kernel,permute_ref_17183202574580890641_0_0__sa,layers.*/self_attn,/model/layers.5/self_attn/Transpose_3,Transpose,transpose:/model/layers.5/self_attn/Transpose_3,permute,permute_ref,permute_ref_17183202574580890641_0_0__sa,performance,gtpin_total_execution_cycles,5340388,cycles,1,1024,5340388
n1_i3,3,1,3,n1_i3::kernel::transpose:/model/layers.6/self_attn/Transpose_2::permute_ref_653960189515371720_0_0__sa,n1_i3::primitive::transpose:/model/layers.6/self_attn/Transpose_2,kernel,permute_ref_653960189515371720_0_0__sa,layers.*/self_attn,/model/layers.6/self_attn/Transpose_2,Transpose,transpose:/model/layers.6/self_attn/Transpose_2,permute,permute_ref,permute_ref_653960189515371720_0_0__sa,performance,gtpin_total_execution_cycles,461626,cycles,1,128,461626
n1_i3,3,1,3,n1_i3::kernel::transpose:/model/layers.6/self_attn/Transpose_3::permute_ref_17183202574580890641_0_0__sa,n1_i3::primitive::transpose:/model/layers.6/self_attn/Transpose_3,kernel,permute_ref_17183202574580890641_0_0__sa,layers.*/self_attn,/model/layers.6/self_attn/Transpose_3,Transpose,transpose:/model/layers.6/self_attn/Transpose_3,permute,permute_ref,permute_ref_17183202574580890641_0_0__sa,performance,gtpin_total_execution_cycles,5621940,cycles,1,1024,5621940
n1_i3,3,1,3,n1_i3::kernel::transpose:/model/layers.7/self_attn/Transpose_2::permute_ref_653960189515371720_0_0__sa,n1_i3::primitive::transpose:/model/layers.7/self_attn/Transpose_2,kernel,permute_ref_653960189515371720_0_0__sa,layers.*/self_attn,/model/layers.7/self_attn/Transpose_2,Transpose,transpose:/model/layers.7/self_attn/Transpose_2,permute,permute_ref,permute_ref_653960189515371720_0_0__sa,performance,gtpin_total_execution_cycles,496142,cycles,1,128,496142
n1_i3,3,1,3,n1_i3::kernel::transpose:/model/layers.7/self_attn/Transpose_3::permute_ref_17183202574580890641_0_0__sa,n1_i3::primitive::transpose:/model/layers.7/self_attn/Transpose_3,kernel,permute_ref_17183202574580890641_0_0__sa,layers.*/self_attn,/model/layers.7/self_attn/Transpose_3,Transpose,transpose:/model/layers.7/self_attn/Transpose_3,permute,permute_ref,permute_ref_17183202574580890641_0_0__sa,performance,gtpin_total_execution_cycles,4967538,cycles,1,1024,4967538
n1_i3,3,1,3,n1_i3::kernel::transpose:/model/layers.8/self_attn/Transpose_2::permute_ref_653960189515371720_0_0__sa,n1_i3::primitive::transpose:/model/layers.8/self_attn/Transpose_2,kernel,permute_ref_653960189515371720_0_0__sa,layers.*/self_attn,/model/layers.8/self_attn/Transpose_2,Transpose,transpose:/model/layers.8/self_attn/Transpose_2,permute,permute_ref,permute_ref_653960189515371720_0_0__sa,performance,gtpin_total_execution_cycles,512846,cycles,1,128,512846
n1_i3,3,1,3,n1_i3::kernel::transpose:/model/layers.8/self_attn/Transpose_3::permute_ref_17183202574580890641_0_0__sa,n1_i3::primitive::transpose:/model/layers.8/self_attn/Transpose_3,kernel,permute_ref_17183202574580890641_0_0__sa,layers.*/self_attn,/model/layers.8/self_attn/Transpose_3,Transpose,transpose:/model/layers.8/self_attn/Transpose_3,permute,permute_ref,permute_ref_17183202574580890641_0_0__sa,performance,gtpin_total_execution_cycles,5407674,cycles,1,1024,5407674
n1_i3,3,1,3,n1_i3::kernel::transpose:/model/layers.9/self_attn/Transpose_2::permute_ref_653960189515371720_0_0__sa,n1_i3::primitive::transpose:/model/layers.9/self_attn/Transpose_2,kernel,permute_ref_653960189515371720_0_0__sa,layers.*/self_attn,/model/layers.9/self_attn/Transpose_2,Transpose,transpose:/model/layers.9/self_attn/Transpose_2,permute,permute_ref,permute_ref_653960189515371720_0_0__sa,performance,gtpin_total_execution_cycles,530160,cycles,1,128,530160
n1_i3,3,1,3,n1_i3::kernel::transpose:/model/layers.9/self_attn/Transpose_3::permute_ref_17183202574580890641_0_0__sa,n1_i3::primitive::transpose:/model/layers.9/self_attn/Transpose_3,kernel,permute_ref_17183202574580890641_0_0__sa,layers.*/self_attn,/model/layers.9/self_attn/Transpose_3,Transpose,transpose:/model/layers.9/self_attn/Transpose_3,permute,permute_ref,permute_ref_17183202574580890641_0_0__sa,performance,gtpin_total_execution_cycles,5528536,cycles,1,1024,5528536
n1_i3,3,1,3,n1_i3::op::/model/And,n1_i3::op_type::(root)::LogicalAnd,op,/model/And,(root),/model/And,LogicalAnd,,,,,performance,gtpin_total_execution_cycles,47504,cycles,1,8,47504
n1_i3,3,1,3,n1_i3::op::/model/And_1,n1_i3::op_type::(root)::LogicalAnd,op,/model/And_1,(root),/model/And_1,LogicalAnd,,,,,performance,gtpin_total_execution_cycles,46488,cycles,1,8,46488
n1_i3,3,1,3,n1_i3::op::/model/Gather_4,n1_i3::op_type::(root)::Gather,op,/model/Gather_4,(root),/model/Gather_4,Gather,,,,,performance,gtpin_total_execution_cycles,9539,cycles,1,1,9539
n1_i3,3,1,3,n1_i3::op::/model/LessOrEqual,n1_i3::op_type::(root)::LessEqual,op,/model/LessOrEqual,(root),/model/LessOrEqual,LessEqual,,,,,performance,gtpin_total_execution_cycles,31304,cycles,1,8,31304
n1_i3,3,1,3,n1_i3::op::/model/embed_tokens/Gather,n1_i3::op_type::embed_tokens::Gather,op,/model/embed_tokens/Gather,embed_tokens,/model/embed_tokens/Gather,Gather,,,,,performance,gtpin_total_execution_cycles,5827342,cycles,1,1024,5827342
n1_i3,3,1,3,n1_i3::op::/model/layers.0/input_layernorm/Mul,n1_i3::op_type::layers.*/input_layernorm::RMS,op,/model/layers.0/input_layernorm/Mul,layers.*/input_layernorm,/model/layers.0/input_layernorm/Mul,RMS,,,,,performance,gtpin_total_execution_cycles,2014326,cycles,1,256,2014326
n1_i3,3,1,3,n1_i3::op::/model/layers.0/mlp/down_proj/MatMul,n1_i3::op_type::layers.*/mlp::FullyConnected,op,/model/layers.0/mlp/down_proj/MatMul,layers.*/mlp,/model/layers.0/mlp/down_proj/MatMul,FullyConnected,,,,,performance,gtpin_total_execution_cycles,74231864,cycles,1,64,74231864
n1_i3,3,1,3,n1_i3::op::/model/layers.0/mlp/gate_proj/MatMul,n1_i3::op_type::layers.*/mlp::FullyConnected,op,/model/layers.0/mlp/gate_proj/MatMul,layers.*/mlp,/model/layers.0/mlp/gate_proj/MatMul,FullyConnected,,,,,performance,gtpin_total_execution_cycles,109828780,cycles,1,176,109828780
n1_i3,3,1,3,n1_i3::op::/model/layers.0/mlp/up_proj/MatMul,n1_i3::op_type::layers.*/mlp::FullyConnected,op,/model/layers.0/mlp/up_proj/MatMul,layers.*/mlp,/model/layers.0/mlp/up_proj/MatMul,FullyConnected,,,,,performance,gtpin_total_execution_cycles,100532646,cycles,1,176,100532646
n1_i3,3,1,3,n1_i3::op::/model/layers.0/post_attention_layernorm/Mul,n1_i3::op_type::layers.*/post_attention_layernorm::RMS,op,/model/layers.0/post_attention_layernorm/Mul,layers.*/post_attention_layernorm,/model/layers.0/post_attention_layernorm/Mul,RMS,,,,,performance,gtpin_total_execution_cycles,2333400,cycles,1,256,2333400
n1_i3,3,1,3,n1_i3::op::/model/layers.0/self_attn/Add,n1_i3::op_type::layers.*/self_attn::RoPE,op,/model/layers.0/self_attn/Add,layers.*/self_attn,/model/layers.0/self_attn/Add,RoPE,,,,,performance,gtpin_total_execution_cycles,1095208,cycles,1,64,1095208
n1_i3,3,1,3,n1_i3::op::/model/layers.0/self_attn/Add_1,n1_i3::op_type::layers.*/self_attn::RoPE,op,/model/layers.0/self_attn/Add_1,layers.*/self_attn,/model/layers.0/self_attn/Add_1,RoPE,,,,,performance,gtpin_total_execution_cycles,75984,cycles,1,8,75984
n1_i3,3,1,3,n1_i3::op::/model/layers.0/self_attn/Expand,n1_i3::op_type::layers.*/self_attn::Broadcast,op,/model/layers.0/self_attn/Expand,layers.*/self_attn,/model/layers.0/self_attn/Expand,Broadcast,,,,,performance,gtpin_total_execution_cycles,3498728,cycles,1,1024,3498728
n1_i3,3,1,3,n1_i3::op::/model/layers.0/self_attn/Expand_1,n1_i3::op_type::layers.*/self_attn::Broadcast,op,/model/layers.0/self_attn/Expand_1,layers.*/self_attn,/model/layers.0/self_attn/Expand_1,Broadcast,,,,,performance,gtpin_total_execution_cycles,3845644,cycles,1,1024,3845644
n1_i3,3,1,3,n1_i3::op::/model/layers.0/self_attn/IsNaN,n1_i3::op_type::layers.*/self_attn::IsNaN,op,/model/layers.0/self_attn/IsNaN,layers.*/self_attn,/model/layers.0/self_attn/IsNaN,IsNaN,,,,,performance,gtpin_total_execution_cycles,1086742,cycles,1,256,1086742
n1_i3,3,1,3,n1_i3::op::/model/layers.0/self_attn/MatMul,n1_i3::op_type::layers.*/self_attn::Gemm,op,/model/layers.0/self_attn/MatMul,layers.*/self_attn,/model/layers.0/self_attn/MatMul,Gemm,,,,,performance,gtpin_total_execution_cycles,3767574,cycles,1,32,3767574
n1_i3,3,1,3,n1_i3::op::/model/layers.0/self_attn/Mul_8,n1_i3::op_type::layers.*/self_attn::Multiply,op,/model/layers.0/self_attn/Mul_8,layers.*/self_attn,/model/layers.0/self_attn/Mul_8,Multiply,,,,,performance,gtpin_total_execution_cycles,4503574,cycles,1,1024,4503574
n1_i3,3,1,3,n1_i3::op::/model/layers.0/self_attn/Softmax,n1_i3::op_type::layers.*/self_attn::Softmax,op,/model/layers.0/self_attn/Softmax,layers.*/self_attn,/model/layers.0/self_attn/Softmax,Softmax,,,,,performance,gtpin_total_execution_cycles,8114054,cycles,1,512,8114054
n1_i3,3,1,3,n1_i3::op::/model/layers.0/self_attn/Transpose_2,n1_i3::op_type::layers.*/self_attn::Transpose,op,/model/layers.0/self_attn/Transpose_2,layers.*/self_attn,/model/layers.0/self_attn/Transpose_2,Transpose,,,,,performance,gtpin_total_execution_cycles,363310,cycles,1,128,363310
n1_i3,3,1,3,n1_i3::op::/model/layers.0/self_attn/Transpose_3,n1_i3::op_type::layers.*/self_attn::Transpose,op,/model/layers.0/self_attn/Transpose_3,layers.*/self_attn,/model/layers.0/self_attn/Transpose_3,Transpose,,,,,performance,gtpin_total_execution_cycles,4757038,cycles,1,1024,4757038
n1_i3,3,1,3,n1_i3::op::/model/layers.0/self_attn/Transpose_4,n1_i3::op_type::layers.*/self_attn::Gemm,op,/model/layers.0/self_attn/Transpose_4,layers.*/self_attn,/model/layers.0/self_attn/Transpose_4,Gemm,,,,,performance,gtpin_total_execution_cycles,2016962,cycles,1,64,2016962
n1_i3,3,1,3,n1_i3::op::/model/layers.0/self_attn/Unsqueeze_6_restore_precision_0,n1_i3::op_type::layers.*/self_attn::Convert,op,/model/layers.0/self_attn/Unsqueeze_6_restore_precision_0,layers.*/self_attn,/model/layers.0/self_attn/Unsqueeze_6_restore_precision_0,Convert,,,,,performance,gtpin_total_execution_cycles,65578,cycles,1,32,65578
n1_i3,3,1,3,n1_i3::op::/model/layers.0/self_attn/Unsqueeze_7_restore_precision_1,n1_i3::op_type::layers.*/self_attn::Convert,op,/model/layers.0/self_attn/Unsqueeze_7_restore_precision_1,layers.*/self_attn,/model/layers.0/self_attn/Unsqueeze_7_restore_precision_1,Convert,,,,,performance,gtpin_total_execution_cycles,74794,cycles,1,32,74794
n1_i3,3,1,3,n1_i3::op::/model/layers.0/self_attn/Where_2,n1_i3::op_type::layers.*/self_attn::Select,op,/model/layers.0/self_attn/Where_2,layers.*/self_attn,/model/layers.0/self_attn/Where_2,Select,,,,,performance,gtpin_total_execution_cycles,31504,cycles,1,8,31504
n1_i3,3,1,3,n1_i3::op::/model/layers.0/self_attn/Where_3,n1_i3::op_type::layers.*/self_attn::Select,op,/model/layers.0/self_attn/Where_3,layers.*/self_attn,/model/layers.0/self_attn/Where_3,Select,,,,,performance,gtpin_total_execution_cycles,1528764,cycles,1,256,1528764
n1_i3,3,1,3,n1_i3::op::/model/layers.0/self_attn/k_proj/MatMul,n1_i3::op_type::layers.*/self_attn::FullyConnected,op,/model/layers.0/self_attn/k_proj/MatMul,layers.*/self_attn,/model/layers.0/self_attn/k_proj/MatMul,FullyConnected,,,,,performance,gtpin_total_execution_cycles,4206246,cycles,1,8,4206246
n1_i3,3,1,3,n1_i3::op::/model/layers.0/self_attn/o_proj/MatMul,n1_i3::op_type::layers.*/self_attn::FullyConnected,op,/model/layers.0/self_attn/o_proj/MatMul,layers.*/self_attn,/model/layers.0/self_attn/o_proj/MatMul,FullyConnected,,,,,performance,gtpin_total_execution_cycles,28641222,cycles,1,64,28641222
n1_i3,3,1,3,n1_i3::op::/model/layers.0/self_attn/q_proj/MatMul,n1_i3::op_type::layers.*/self_attn::FullyConnected,op,/model/layers.0/self_attn/q_proj/MatMul,layers.*/self_attn,/model/layers.0/self_attn/q_proj/MatMul,FullyConnected,,,,,performance,gtpin_total_execution_cycles,32934060,cycles,1,64,32934060
n1_i3,3,1,3,n1_i3::op::/model/layers.0/self_attn/v_proj/MatMul,n1_i3::op_type::layers.*/self_attn::FullyConnected,op,/model/layers.0/self_attn/v_proj/MatMul,layers.*/self_attn,/model/layers.0/self_attn/v_proj/MatMul,FullyConnected,,,,,performance,gtpin_total_execution_cycles,4030532,cycles,1,8,4030532
n1_i3,3,1,3,n1_i3::op::/model/layers.1/input_layernorm/Mul,n1_i3::op_type::layers.*/input_layernorm::RMS,op,/model/layers.1/input_layernorm/Mul,layers.*/input_layernorm,/model/layers.1/input_layernorm/Mul,RMS,,,,,performance,gtpin_total_execution_cycles,1600718,cycles,1,256,1600718
n1_i3,3,1,3,n1_i3::op::/model/layers.1/mlp/down_proj/MatMul,n1_i3::op_type::layers.*/mlp::FullyConnected,op,/model/layers.1/mlp/down_proj/MatMul,layers.*/mlp,/model/layers.1/mlp/down_proj/MatMul,FullyConnected,,,,,performance,gtpin_total_execution_cycles,77848630,cycles,1,64,77848630
n1_i3,3,1,3,n1_i3::op::/model/layers.1/mlp/gate_proj/MatMul,n1_i3::op_type::layers.*/mlp::FullyConnected,op,/model/layers.1/mlp/gate_proj/MatMul,layers.*/mlp,/model/layers.1/mlp/gate_proj/MatMul,FullyConnected,,,,,performance,gtpin_total_execution_cycles,116228394,cycles,1,176,116228394
n1_i3,3,1,3,n1_i3::op::/model/layers.1/mlp/up_proj/MatMul,n1_i3::op_type::layers.*/mlp::FullyConnected,op,/model/layers.1/mlp/up_proj/MatMul,layers.*/mlp,/model/layers.1/mlp/up_proj/MatMul,FullyConnected,,,,,performance,gtpin_total_execution_cycles,98676298,cycles,1,176,98676298
n1_i3,3,1,3,n1_i3::op::/model/layers.1/post_attention_layernorm/Mul,n1_i3::op_type::layers.*/post_attention_layernorm::RMS,op,/model/layers.1/post_attention_layernorm/Mul,layers.*/post_attention_layernorm,/model/layers.1/post_attention_layernorm/Mul,RMS,,,,,performance,gtpin_total_execution_cycles,1983790,cycles,1,256,1983790
n1_i3,3,1,3,n1_i3::op::/model/layers.1/self_attn/Add,n1_i3::op_type::layers.*/self_attn::RoPE,op,/model/layers.1/self_attn/Add,layers.*/self_attn,/model/layers.1/self_attn/Add,RoPE,,,,,performance,gtpin_total_execution_cycles,880374,cycles,1,64,880374
n1_i3,3,1,3,n1_i3::op::/model/layers.1/self_attn/Add_1,n1_i3::op_type::layers.*/self_attn::RoPE,op,/model/layers.1/self_attn/Add_1,layers.*/self_attn,/model/layers.1/self_attn/Add_1,RoPE,,,,,performance,gtpin_total_execution_cycles,65948,cycles,1,8,65948
n1_i3,3,1,3,n1_i3::op::/model/layers.1/self_attn/Expand,n1_i3::op_type::layers.*/self_attn::Broadcast,op,/model/layers.1/self_attn/Expand,layers.*/self_attn,/model/layers.1/self_attn/Expand,Broadcast,,,,,performance,gtpin_total_execution_cycles,5727284,cycles,1,1024,5727284
n1_i3,3,1,3,n1_i3::op::/model/layers.1/self_attn/Expand_1,n1_i3::op_type::layers.*/self_attn::Broadcast,op,/model/layers.1/self_attn/Expand_1,layers.*/self_attn,/model/layers.1/self_attn/Expand_1,Broadcast,,,,,performance,gtpin_total_execution_cycles,4100888,cycles,1,1024,4100888
n1_i3,3,1,3,n1_i3::op::/model/layers.1/self_attn/IsNaN,n1_i3::op_type::layers.*/self_attn::IsNaN,op,/model/layers.1/self_attn/IsNaN,layers.*/self_attn,/model/layers.1/self_attn/IsNaN,IsNaN,,,,,performance,gtpin_total_execution_cycles,1222908,cycles,1,256,1222908
n1_i3,3,1,3,n1_i3::op::/model/layers.1/self_attn/MatMul,n1_i3::op_type::layers.*/self_attn::Gemm,op,/model/layers.1/self_attn/MatMul,layers.*/self_attn,/model/layers.1/self_attn/MatMul,Gemm,,,,,performance,gtpin_total_execution_cycles,3441996,cycles,1,32,3441996
n1_i3,3,1,3,n1_i3::op::/model/layers.1/self_attn/Mul_8,n1_i3::op_type::layers.*/self_attn::Multiply,op,/model/layers.1/self_attn/Mul_8,layers.*/self_attn,/model/layers.1/self_attn/Mul_8,Multiply,,,,,performance,gtpin_total_execution_cycles,5230964,cycles,1,1024,5230964
n1_i3,3,1,3,n1_i3::op::/model/layers.1/self_attn/Softmax,n1_i3::op_type::layers.*/self_attn::Softmax,op,/model/layers.1/self_attn/Softmax,layers.*/self_attn,/model/layers.1/self_attn/Softmax,Softmax,,,,,performance,gtpin_total_execution_cycles,8051673,cycles,1,512,8051673
n1_i3,3,1,3,n1_i3::op::/model/layers.1/self_attn/Transpose_2,n1_i3::op_type::layers.*/self_attn::Transpose,op,/model/layers.1/self_attn/Transpose_2,layers.*/self_attn,/model/layers.1/self_attn/Transpose_2,Transpose,,,,,performance,gtpin_total_execution_cycles,491536,cycles,1,128,491536
n1_i3,3,1,3,n1_i3::op::/model/layers.1/self_attn/Transpose_3,n1_i3::op_type::layers.*/self_attn::Transpose,op,/model/layers.1/self_attn/Transpose_3,layers.*/self_attn,/model/layers.1/self_attn/Transpose_3,Transpose,,,,,performance,gtpin_total_execution_cycles,5920000,cycles,1,1024,5920000
n1_i3,3,1,3,n1_i3::op::/model/layers.1/self_attn/Transpose_4,n1_i3::op_type::layers.*/self_attn::Gemm,op,/model/layers.1/self_attn/Transpose_4,layers.*/self_attn,/model/layers.1/self_attn/Transpose_4,Gemm,,,,,performance,gtpin_total_execution_cycles,1989500,cycles,1,64,1989500
n1_i3,3,1,3,n1_i3::op::/model/layers.1/self_attn/Where_2,n1_i3::op_type::layers.*/self_attn::Select,op,/model/layers.1/self_attn/Where_2,layers.*/self_attn,/model/layers.1/self_attn/Where_2,Select,,,,,performance,gtpin_total_execution_cycles,39184,cycles,1,8,39184
n1_i3,3,1,3,n1_i3::op::/model/layers.1/self_attn/Where_3,n1_i3::op_type::layers.*/self_attn::Select,op,/model/layers.1/self_attn/Where_3,layers.*/self_attn,/model/layers.1/self_attn/Where_3,Select,,,,,performance,gtpin_total_execution_cycles,1414968,cycles,1,256,1414968
n1_i3,3,1,3,n1_i3::op::/model/layers.1/self_attn/k_proj/MatMul,n1_i3::op_type::layers.*/self_attn::FullyConnected,op,/model/layers.1/self_attn/k_proj/MatMul,layers.*/self_attn,/model/layers.1/self_attn/k_proj/MatMul,FullyConnected,,,,,performance,gtpin_total_execution_cycles,3629954,cycles,1,8,3629954
n1_i3,3,1,3,n1_i3::op::/model/layers.1/self_attn/o_proj/MatMul,n1_i3::op_type::layers.*/self_attn::FullyConnected,op,/model/layers.1/self_attn/o_proj/MatMul,layers.*/self_attn,/model/layers.1/self_attn/o_proj/MatMul,FullyConnected,,,,,performance,gtpin_total_execution_cycles,28983506,cycles,1,64,28983506
n1_i3,3,1,3,n1_i3::op::/model/layers.1/self_attn/q_proj/MatMul,n1_i3::op_type::layers.*/self_attn::FullyConnected,op,/model/layers.1/self_attn/q_proj/MatMul,layers.*/self_attn,/model/layers.1/self_attn/q_proj/MatMul,FullyConnected,,,,,performance,gtpin_total_execution_cycles,28117056,cycles,1,64,28117056
n1_i3,3,1,3,n1_i3::op::/model/layers.1/self_attn/v_proj/MatMul,n1_i3::op_type::layers.*/self_attn::FullyConnected,op,/model/layers.1/self_attn/v_proj/MatMul,layers.*/self_attn,/model/layers.1/self_attn/v_proj/MatMul,FullyConnected,,,,,performance,gtpin_total_execution_cycles,3423780,cycles,1,8,3423780
n1_i3,3,1,3,n1_i3::op::/model/layers.10/input_layernorm/Mul,n1_i3::op_type::layers.*/input_layernorm::RMS,op,/model/layers.10/input_layernorm/Mul,layers.*/input_layernorm,/model/layers.10/input_layernorm/Mul,RMS,,,,,performance,gtpin_total_execution_cycles,1674176,cycles,1,256,1674176
n1_i3,3,1,3,n1_i3::op::/model/layers.10/mlp/down_proj/MatMul,n1_i3::op_type::layers.*/mlp::FullyConnected,op,/model/layers.10/mlp/down_proj/MatMul,layers.*/mlp,/model/layers.10/mlp/down_proj/MatMul,FullyConnected,,,,,performance,gtpin_total_execution_cycles,75806280,cycles,1,64,75806280
n1_i3,3,1,3,n1_i3::op::/model/layers.10/mlp/gate_proj/MatMul,n1_i3::op_type::layers.*/mlp::FullyConnected,op,/model/layers.10/mlp/gate_proj/MatMul,layers.*/mlp,/model/layers.10/mlp/gate_proj/MatMul,FullyConnected,,,,,performance,gtpin_total_execution_cycles,100906526,cycles,1,176,100906526
n1_i3,3,1,3,n1_i3::op::/model/layers.10/mlp/up_proj/MatMul,n1_i3::op_type::layers.*/mlp::FullyConnected,op,/model/layers.10/mlp/up_proj/MatMul,layers.*/mlp,/model/layers.10/mlp/up_proj/MatMul,FullyConnected,,,,,performance,gtpin_total_execution_cycles,98873290,cycles,1,176,98873290
n1_i3,3,1,3,n1_i3::op::/model/layers.10/post_attention_layernorm/Mul,n1_i3::op_type::layers.*/post_attention_layernorm::RMS,op,/model/layers.10/post_attention_layernorm/Mul,layers.*/post_attention_layernorm,/model/layers.10/post_attention_layernorm/Mul,RMS,,,,,performance,gtpin_total_execution_cycles,1946584,cycles,1,256,1946584
n1_i3,3,1,3,n1_i3::op::/model/layers.10/self_attn/Add,n1_i3::op_type::layers.*/self_attn::RoPE,op,/model/layers.10/self_attn/Add,layers.*/self_attn,/model/layers.10/self_attn/Add,RoPE,,,,,performance,gtpin_total_execution_cycles,929768,cycles,1,64,929768
n1_i3,3,1,3,n1_i3::op::/model/layers.10/self_attn/Add_1,n1_i3::op_type::layers.*/self_attn::RoPE,op,/model/layers.10/self_attn/Add_1,layers.*/self_attn,/model/layers.10/self_attn/Add_1,RoPE,,,,,performance,gtpin_total_execution_cycles,66672,cycles,1,8,66672
n1_i3,3,1,3,n1_i3::op::/model/layers.10/self_attn/Expand,n1_i3::op_type::layers.*/self_attn::Broadcast,op,/model/layers.10/self_attn/Expand,layers.*/self_attn,/model/layers.10/self_attn/Expand,Broadcast,,,,,performance,gtpin_total_execution_cycles,5468384,cycles,1,1024,5468384
n1_i3,3,1,3,n1_i3::op::/model/layers.10/self_attn/Expand_1,n1_i3::op_type::layers.*/self_attn::Broadcast,op,/model/layers.10/self_attn/Expand_1,layers.*/self_attn,/model/layers.10/self_attn/Expand_1,Broadcast,,,,,performance,gtpin_total_execution_cycles,4110294,cycles,1,1024,4110294
n1_i3,3,1,3,n1_i3::op::/model/layers.10/self_attn/IsNaN,n1_i3::op_type::layers.*/self_attn::IsNaN,op,/model/layers.10/self_attn/IsNaN,layers.*/self_attn,/model/layers.10/self_attn/IsNaN,IsNaN,,,,,performance,gtpin_total_execution_cycles,1291674,cycles,1,256,1291674
n1_i3,3,1,3,n1_i3::op::/model/layers.10/self_attn/MatMul,n1_i3::op_type::layers.*/self_attn::Gemm,op,/model/layers.10/self_attn/MatMul,layers.*/self_attn,/model/layers.10/self_attn/MatMul,Gemm,,,,,performance,gtpin_total_execution_cycles,3461348,cycles,1,32,3461348
n1_i3,3,1,3,n1_i3::op::/model/layers.10/self_attn/Mul_8,n1_i3::op_type::layers.*/self_attn::Multiply,op,/model/layers.10/self_attn/Mul_8,layers.*/self_attn,/model/layers.10/self_attn/Mul_8,Multiply,,,,,performance,gtpin_total_execution_cycles,4856706,cycles,1,1024,4856706
n1_i3,3,1,3,n1_i3::op::/model/layers.10/self_attn/Softmax,n1_i3::op_type::layers.*/self_attn::Softmax,op,/model/layers.10/self_attn/Softmax,layers.*/self_attn,/model/layers.10/self_attn/Softmax,Softmax,,,,,performance,gtpin_total_execution_cycles,8481462,cycles,1,512,8481462
n1_i3,3,1,3,n1_i3::op::/model/layers.10/self_attn/Transpose_2,n1_i3::op_type::layers.*/self_attn::Transpose,op,/model/layers.10/self_attn/Transpose_2,layers.*/self_attn,/model/layers.10/self_attn/Transpose_2,Transpose,,,,,performance,gtpin_total_execution_cycles,496242,cycles,1,128,496242
n1_i3,3,1,3,n1_i3::op::/model/layers.10/self_attn/Transpose_3,n1_i3::op_type::layers.*/self_attn::Transpose,op,/model/layers.10/self_attn/Transpose_3,layers.*/self_attn,/model/layers.10/self_attn/Transpose_3,Transpose,,,,,performance,gtpin_total_execution_cycles,5652876,cycles,1,1024,5652876
n1_i3,3,1,3,n1_i3::op::/model/layers.10/self_attn/Transpose_4,n1_i3::op_type::layers.*/self_attn::Gemm,op,/model/layers.10/self_attn/Transpose_4,layers.*/self_attn,/model/layers.10/self_attn/Transpose_4,Gemm,,,,,performance,gtpin_total_execution_cycles,2011508,cycles,1,64,2011508
n1_i3,3,1,3,n1_i3::op::/model/layers.10/self_attn/Where_2,n1_i3::op_type::layers.*/self_attn::Select,op,/model/layers.10/self_attn/Where_2,layers.*/self_attn,/model/layers.10/self_attn/Where_2,Select,,,,,performance,gtpin_total_execution_cycles,36324,cycles,1,8,36324
n1_i3,3,1,3,n1_i3::op::/model/layers.10/self_attn/Where_3,n1_i3::op_type::layers.*/self_attn::Select,op,/model/layers.10/self_attn/Where_3,layers.*/self_attn,/model/layers.10/self_attn/Where_3,Select,,,,,performance,gtpin_total_execution_cycles,1411008,cycles,1,256,1411008
n1_i3,3,1,3,n1_i3::op::/model/layers.10/self_attn/k_proj/MatMul,n1_i3::op_type::layers.*/self_attn::FullyConnected,op,/model/layers.10/self_attn/k_proj/MatMul,layers.*/self_attn,/model/layers.10/self_attn/k_proj/MatMul,FullyConnected,,,,,performance,gtpin_total_execution_cycles,3763640,cycles,1,8,3763640
n1_i3,3,1,3,n1_i3::op::/model/layers.10/self_attn/o_proj/MatMul,n1_i3::op_type::layers.*/self_attn::FullyConnected,op,/model/layers.10/self_attn/o_proj/MatMul,layers.*/self_attn,/model/layers.10/self_attn/o_proj/MatMul,FullyConnected,,,,,performance,gtpin_total_execution_cycles,28625812,cycles,1,64,28625812
n1_i3,3,1,3,n1_i3::op::/model/layers.10/self_attn/q_proj/MatMul,n1_i3::op_type::layers.*/self_attn::FullyConnected,op,/model/layers.10/self_attn/q_proj/MatMul,layers.*/self_attn,/model/layers.10/self_attn/q_proj/MatMul,FullyConnected,,,,,performance,gtpin_total_execution_cycles,29341190,cycles,1,64,29341190
n1_i3,3,1,3,n1_i3::op::/model/layers.10/self_attn/v_proj/MatMul,n1_i3::op_type::layers.*/self_attn::FullyConnected,op,/model/layers.10/self_attn/v_proj/MatMul,layers.*/self_attn,/model/layers.10/self_attn/v_proj/MatMul,FullyConnected,,,,,performance,gtpin_total_execution_cycles,3589630,cycles,1,8,3589630
n1_i3,3,1,3,n1_i3::op::/model/layers.11/input_layernorm/Mul,n1_i3::op_type::layers.*/input_layernorm::RMS,op,/model/layers.11/input_layernorm/Mul,layers.*/input_layernorm,/model/layers.11/input_layernorm/Mul,RMS,,,,,performance,gtpin_total_execution_cycles,2251532,cycles,1,256,2251532
n1_i3,3,1,3,n1_i3::op::/model/layers.11/mlp/down_proj/MatMul,n1_i3::op_type::layers.*/mlp::FullyConnected,op,/model/layers.11/mlp/down_proj/MatMul,layers.*/mlp,/model/layers.11/mlp/down_proj/MatMul,FullyConnected,,,,,performance,gtpin_total_execution_cycles,79053938,cycles,1,64,79053938
n1_i3,3,1,3,n1_i3::op::/model/layers.11/mlp/gate_proj/MatMul,n1_i3::op_type::layers.*/mlp::FullyConnected,op,/model/layers.11/mlp/gate_proj/MatMul,layers.*/mlp,/model/layers.11/mlp/gate_proj/MatMul,FullyConnected,,,,,performance,gtpin_total_execution_cycles,149363814,cycles,1,176,149363814
n1_i3,3,1,3,n1_i3::op::/model/layers.11/mlp/up_proj/MatMul,n1_i3::op_type::layers.*/mlp::FullyConnected,op,/model/layers.11/mlp/up_proj/MatMul,layers.*/mlp,/model/layers.11/mlp/up_proj/MatMul,FullyConnected,,,,,performance,gtpin_total_execution_cycles,124056394,cycles,1,176,124056394
n1_i3,3,1,3,n1_i3::op::/model/layers.11/post_attention_layernorm/Mul,n1_i3::op_type::layers.*/post_attention_layernorm::RMS,op,/model/layers.11/post_attention_layernorm/Mul,layers.*/post_attention_layernorm,/model/layers.11/post_attention_layernorm/Mul,RMS,,,,,performance,gtpin_total_execution_cycles,1709436,cycles,1,256,1709436
n1_i3,3,1,3,n1_i3::op::/model/layers.11/self_attn/Add,n1_i3::op_type::layers.*/self_attn::RoPE,op,/model/layers.11/self_attn/Add,layers.*/self_attn,/model/layers.11/self_attn/Add,RoPE,,,,,performance,gtpin_total_execution_cycles,836588,cycles,1,64,836588
n1_i3,3,1,3,n1_i3::op::/model/layers.11/self_attn/Add_1,n1_i3::op_type::layers.*/self_attn::RoPE,op,/model/layers.11/self_attn/Add_1,layers.*/self_attn,/model/layers.11/self_attn/Add_1,RoPE,,,,,performance,gtpin_total_execution_cycles,63528,cycles,1,8,63528
n1_i3,3,1,3,n1_i3::op::/model/layers.11/self_attn/Expand,n1_i3::op_type::layers.*/self_attn::Broadcast,op,/model/layers.11/self_attn/Expand,layers.*/self_attn,/model/layers.11/self_attn/Expand,Broadcast,,,,,performance,gtpin_total_execution_cycles,3310706,cycles,1,1024,3310706
n1_i3,3,1,3,n1_i3::op::/model/layers.11/self_attn/Expand_1,n1_i3::op_type::layers.*/self_attn::Broadcast,op,/model/layers.11/self_attn/Expand_1,layers.*/self_attn,/model/layers.11/self_attn/Expand_1,Broadcast,,,,,performance,gtpin_total_execution_cycles,4719538,cycles,1,1024,4719538
n1_i3,3,1,3,n1_i3::op::/model/layers.11/self_attn/IsNaN,n1_i3::op_type::layers.*/self_attn::IsNaN,op,/model/layers.11/self_attn/IsNaN,layers.*/self_attn,/model/layers.11/self_attn/IsNaN,IsNaN,,,,,performance,gtpin_total_execution_cycles,1229454,cycles,1,256,1229454
n1_i3,3,1,3,n1_i3::op::/model/layers.11/self_attn/MatMul,n1_i3::op_type::layers.*/self_attn::Gemm,op,/model/layers.11/self_attn/MatMul,layers.*/self_attn,/model/layers.11/self_attn/MatMul,Gemm,,,,,performance,gtpin_total_execution_cycles,3459554,cycles,1,32,3459554
n1_i3,3,1,3,n1_i3::op::/model/layers.11/self_attn/Mul_8,n1_i3::op_type::layers.*/self_attn::Multiply,op,/model/layers.11/self_attn/Mul_8,layers.*/self_attn,/model/layers.11/self_attn/Mul_8,Multiply,,,,,performance,gtpin_total_execution_cycles,4284856,cycles,1,1024,4284856
n1_i3,3,1,3,n1_i3::op::/model/layers.11/self_attn/Softmax,n1_i3::op_type::layers.*/self_attn::Softmax,op,/model/layers.11/self_attn/Softmax,layers.*/self_attn,/model/layers.11/self_attn/Softmax,Softmax,,,,,performance,gtpin_total_execution_cycles,7875701,cycles,1,512,7875701
n1_i3,3,1,3,n1_i3::op::/model/layers.11/self_attn/Transpose_2,n1_i3::op_type::layers.*/self_attn::Transpose,op,/model/layers.11/self_attn/Transpose_2,layers.*/self_attn,/model/layers.11/self_attn/Transpose_2,Transpose,,,,,performance,gtpin_total_execution_cycles,462024,cycles,1,128,462024
n1_i3,3,1,3,n1_i3::op::/model/layers.11/self_attn/Transpose_3,n1_i3::op_type::layers.*/self_attn::Transpose,op,/model/layers.11/self_attn/Transpose_3,layers.*/self_attn,/model/layers.11/self_attn/Transpose_3,Transpose,,,,,performance,gtpin_total_execution_cycles,5207234,cycles,1,1024,5207234
n1_i3,3,1,3,n1_i3::op::/model/layers.11/self_attn/Transpose_4,n1_i3::op_type::layers.*/self_attn::Gemm,op,/model/layers.11/self_attn/Transpose_4,layers.*/self_attn,/model/layers.11/self_attn/Transpose_4,Gemm,,,,,performance,gtpin_total_execution_cycles,2186658,cycles,1,64,2186658
n1_i3,3,1,3,n1_i3::op::/model/layers.11/self_attn/Where_2,n1_i3::op_type::layers.*/self_attn::Select,op,/model/layers.11/self_attn/Where_2,layers.*/self_attn,/model/layers.11/self_attn/Where_2,Select,,,,,performance,gtpin_total_execution_cycles,39224,cycles,1,8,39224
n1_i3,3,1,3,n1_i3::op::/model/layers.11/self_attn/Where_3,n1_i3::op_type::layers.*/self_attn::Select,op,/model/layers.11/self_attn/Where_3,layers.*/self_attn,/model/layers.11/self_attn/Where_3,Select,,,,,performance,gtpin_total_execution_cycles,1408318,cycles,1,256,1408318
n1_i3,3,1,3,n1_i3::op::/model/layers.11/self_attn/k_proj/MatMul,n1_i3::op_type::layers.*/self_attn::FullyConnected,op,/model/layers.11/self_attn/k_proj/MatMul,layers.*/self_attn,/model/layers.11/self_attn/k_proj/MatMul,FullyConnected,,,,,performance,gtpin_total_execution_cycles,3813468,cycles,1,8,3813468
n1_i3,3,1,3,n1_i3::op::/model/layers.11/self_attn/o_proj/MatMul,n1_i3::op_type::layers.*/self_attn::FullyConnected,op,/model/layers.11/self_attn/o_proj/MatMul,layers.*/self_attn,/model/layers.11/self_attn/o_proj/MatMul,FullyConnected,,,,,performance,gtpin_total_execution_cycles,29375476,cycles,1,64,29375476
n1_i3,3,1,3,n1_i3::op::/model/layers.11/self_attn/q_proj/MatMul,n1_i3::op_type::layers.*/self_attn::FullyConnected,op,/model/layers.11/self_attn/q_proj/MatMul,layers.*/self_attn,/model/layers.11/self_attn/q_proj/MatMul,FullyConnected,,,,,performance,gtpin_total_execution_cycles,29544822,cycles,1,64,29544822
n1_i3,3,1,3,n1_i3::op::/model/layers.11/self_attn/v_proj/MatMul,n1_i3::op_type::layers.*/self_attn::FullyConnected,op,/model/layers.11/self_attn/v_proj/MatMul,layers.*/self_attn,/model/layers.11/self_attn/v_proj/MatMul,FullyConnected,,,,,performance,gtpin_total_execution_cycles,3612770,cycles,1,8,3612770
n1_i3,3,1,3,n1_i3::op::/model/layers.12/input_layernorm/Mul,n1_i3::op_type::layers.*/input_layernorm::RMS,op,/model/layers.12/input_layernorm/Mul,layers.*/input_layernorm,/model/layers.12/input_layernorm/Mul,RMS,,,,,performance,gtpin_total_execution_cycles,1642298,cycles,1,256,1642298
n1_i3,3,1,3,n1_i3::op::/model/layers.12/mlp/down_proj/MatMul,n1_i3::op_type::layers.*/mlp::FullyConnected,op,/model/layers.12/mlp/down_proj/MatMul,layers.*/mlp,/model/layers.12/mlp/down_proj/MatMul,FullyConnected,,,,,performance,gtpin_total_execution_cycles,80053726,cycles,1,64,80053726
n1_i3,3,1,3,n1_i3::op::/model/layers.12/mlp/gate_proj/MatMul,n1_i3::op_type::layers.*/mlp::FullyConnected,op,/model/layers.12/mlp/gate_proj/MatMul,layers.*/mlp,/model/layers.12/mlp/gate_proj/MatMul,FullyConnected,,,,,performance,gtpin_total_execution_cycles,129767570,cycles,1,176,129767570
n1_i3,3,1,3,n1_i3::op::/model/layers.12/mlp/up_proj/MatMul,n1_i3::op_type::layers.*/mlp::FullyConnected,op,/model/layers.12/mlp/up_proj/MatMul,layers.*/mlp,/model/layers.12/mlp/up_proj/MatMul,FullyConnected,,,,,performance,gtpin_total_execution_cycles,99170658,cycles,1,176,99170658
n1_i3,3,1,3,n1_i3::op::/model/layers.12/post_attention_layernorm/Mul,n1_i3::op_type::layers.*/post_attention_layernorm::RMS,op,/model/layers.12/post_attention_layernorm/Mul,layers.*/post_attention_layernorm,/model/layers.12/post_attention_layernorm/Mul,RMS,,,,,performance,gtpin_total_execution_cycles,1916364,cycles,1,256,1916364
n1_i3,3,1,3,n1_i3::op::/model/layers.12/self_attn/Add,n1_i3::op_type::layers.*/self_attn::RoPE,op,/model/layers.12/self_attn/Add,layers.*/self_attn,/model/layers.12/self_attn/Add,RoPE,,,,,performance,gtpin_total_execution_cycles,852580,cycles,1,64,852580
n1_i3,3,1,3,n1_i3::op::/model/layers.12/self_attn/Add_1,n1_i3::op_type::layers.*/self_attn::RoPE,op,/model/layers.12/self_attn/Add_1,layers.*/self_attn,/model/layers.12/self_attn/Add_1,RoPE,,,,,performance,gtpin_total_execution_cycles,64770,cycles,1,8,64770
n1_i3,3,1,3,n1_i3::op::/model/layers.12/self_attn/Expand,n1_i3::op_type::layers.*/self_attn::Broadcast,op,/model/layers.12/self_attn/Expand,layers.*/self_attn,/model/layers.12/self_attn/Expand,Broadcast,,,,,performance,gtpin_total_execution_cycles,4440680,cycles,1,1024,4440680
n1_i3,3,1,3,n1_i3::op::/model/layers.12/self_attn/Expand_1,n1_i3::op_type::layers.*/self_attn::Broadcast,op,/model/layers.12/self_attn/Expand_1,layers.*/self_attn,/model/layers.12/self_attn/Expand_1,Broadcast,,,,,performance,gtpin_total_execution_cycles,3991350,cycles,1,1024,3991350
n1_i3,3,1,3,n1_i3::op::/model/layers.12/self_attn/IsNaN,n1_i3::op_type::layers.*/self_attn::IsNaN,op,/model/layers.12/self_attn/IsNaN,layers.*/self_attn,/model/layers.12/self_attn/IsNaN,IsNaN,,,,,performance,gtpin_total_execution_cycles,1232814,cycles,1,256,1232814
n1_i3,3,1,3,n1_i3::op::/model/layers.12/self_attn/MatMul,n1_i3::op_type::layers.*/self_attn::Gemm,op,/model/layers.12/self_attn/MatMul,layers.*/self_attn,/model/layers.12/self_attn/MatMul,Gemm,,,,,performance,gtpin_total_execution_cycles,3705718,cycles,1,32,3705718
n1_i3,3,1,3,n1_i3::op::/model/layers.12/self_attn/Mul_8,n1_i3::op_type::layers.*/self_attn::Multiply,op,/model/layers.12/self_attn/Mul_8,layers.*/self_attn,/model/layers.12/self_attn/Mul_8,Multiply,,,,,performance,gtpin_total_execution_cycles,5443328,cycles,1,1024,5443328
n1_i3,3,1,3,n1_i3::op::/model/layers.12/self_attn/Softmax,n1_i3::op_type::layers.*/self_attn::Softmax,op,/model/layers.12/self_attn/Softmax,layers.*/self_attn,/model/layers.12/self_attn/Softmax,Softmax,,,,,performance,gtpin_total_execution_cycles,8389249,cycles,1,512,8389249
n1_i3,3,1,3,n1_i3::op::/model/layers.12/self_attn/Transpose_2,n1_i3::op_type::layers.*/self_attn::Transpose,op,/model/layers.12/self_attn/Transpose_2,layers.*/self_attn,/model/layers.12/self_attn/Transpose_2,Transpose,,,,,performance,gtpin_total_execution_cycles,483090,cycles,1,128,483090
n1_i3,3,1,3,n1_i3::op::/model/layers.12/self_attn/Transpose_3,n1_i3::op_type::layers.*/self_attn::Transpose,op,/model/layers.12/self_attn/Transpose_3,layers.*/self_attn,/model/layers.12/self_attn/Transpose_3,Transpose,,,,,performance,gtpin_total_execution_cycles,7513000,cycles,1,1024,7513000
n1_i3,3,1,3,n1_i3::op::/model/layers.12/self_attn/Transpose_4,n1_i3::op_type::layers.*/self_attn::Gemm,op,/model/layers.12/self_attn/Transpose_4,layers.*/self_attn,/model/layers.12/self_attn/Transpose_4,Gemm,,,,,performance,gtpin_total_execution_cycles,2077828,cycles,1,64,2077828
n1_i3,3,1,3,n1_i3::op::/model/layers.12/self_attn/Where_2,n1_i3::op_type::layers.*/self_attn::Select,op,/model/layers.12/self_attn/Where_2,layers.*/self_attn,/model/layers.12/self_attn/Where_2,Select,,,,,performance,gtpin_total_execution_cycles,38780,cycles,1,8,38780
n1_i3,3,1,3,n1_i3::op::/model/layers.12/self_attn/Where_3,n1_i3::op_type::layers.*/self_attn::Select,op,/model/layers.12/self_attn/Where_3,layers.*/self_attn,/model/layers.12/self_attn/Where_3,Select,,,,,performance,gtpin_total_execution_cycles,1544144,cycles,1,256,1544144
n1_i3,3,1,3,n1_i3::op::/model/layers.12/self_attn/k_proj/MatMul,n1_i3::op_type::layers.*/self_attn::FullyConnected,op,/model/layers.12/self_attn/k_proj/MatMul,layers.*/self_attn,/model/layers.12/self_attn/k_proj/MatMul,FullyConnected,,,,,performance,gtpin_total_execution_cycles,3716956,cycles,1,8,3716956
n1_i3,3,1,3,n1_i3::op::/model/layers.12/self_attn/o_proj/MatMul,n1_i3::op_type::layers.*/self_attn::FullyConnected,op,/model/layers.12/self_attn/o_proj/MatMul,layers.*/self_attn,/model/layers.12/self_attn/o_proj/MatMul,FullyConnected,,,,,performance,gtpin_total_execution_cycles,28462746,cycles,1,64,28462746
n1_i3,3,1,3,n1_i3::op::/model/layers.12/self_attn/q_proj/MatMul,n1_i3::op_type::layers.*/self_attn::FullyConnected,op,/model/layers.12/self_attn/q_proj/MatMul,layers.*/self_attn,/model/layers.12/self_attn/q_proj/MatMul,FullyConnected,,,,,performance,gtpin_total_execution_cycles,28856900,cycles,1,64,28856900
n1_i3,3,1,3,n1_i3::op::/model/layers.12/self_attn/v_proj/MatMul,n1_i3::op_type::layers.*/self_attn::FullyConnected,op,/model/layers.12/self_attn/v_proj/MatMul,layers.*/self_attn,/model/layers.12/self_attn/v_proj/MatMul,FullyConnected,,,,,performance,gtpin_total_execution_cycles,3514074,cycles,1,8,3514074
n1_i3,3,1,3,n1_i3::op::/model/layers.13/input_layernorm/Mul,n1_i3::op_type::layers.*/input_layernorm::RMS,op,/model/layers.13/input_layernorm/Mul,layers.*/input_layernorm,/model/layers.13/input_layernorm/Mul,RMS,,,,,performance,gtpin_total_execution_cycles,1685942,cycles,1,256,1685942
n1_i3,3,1,3,n1_i3::op::/model/layers.13/mlp/down_proj/MatMul,n1_i3::op_type::layers.*/mlp::FullyConnected,op,/model/layers.13/mlp/down_proj/MatMul,layers.*/mlp,/model/layers.13/mlp/down_proj/MatMul,FullyConnected,,,,,performance,gtpin_total_execution_cycles,78197828,cycles,1,64,78197828
n1_i3,3,1,3,n1_i3::op::/model/layers.13/mlp/gate_proj/MatMul,n1_i3::op_type::layers.*/mlp::FullyConnected,op,/model/layers.13/mlp/gate_proj/MatMul,layers.*/mlp,/model/layers.13/mlp/gate_proj/MatMul,FullyConnected,,,,,performance,gtpin_total_execution_cycles,118032958,cycles,1,176,118032958
n1_i3,3,1,3,n1_i3::op::/model/layers.13/mlp/up_proj/MatMul,n1_i3::op_type::layers.*/mlp::FullyConnected,op,/model/layers.13/mlp/up_proj/MatMul,layers.*/mlp,/model/layers.13/mlp/up_proj/MatMul,FullyConnected,,,,,performance,gtpin_total_execution_cycles,106898026,cycles,1,176,106898026
n1_i3,3,1,3,n1_i3::op::/model/layers.13/post_attention_layernorm/Mul,n1_i3::op_type::layers.*/post_attention_layernorm::RMS,op,/model/layers.13/post_attention_layernorm/Mul,layers.*/post_attention_layernorm,/model/layers.13/post_attention_layernorm/Mul,RMS,,,,,performance,gtpin_total_execution_cycles,1858408,cycles,1,256,1858408
n1_i3,3,1,3,n1_i3::op::/model/layers.13/self_attn/Add,n1_i3::op_type::layers.*/self_attn::RoPE,op,/model/layers.13/self_attn/Add,layers.*/self_attn,/model/layers.13/self_attn/Add,RoPE,,,,,performance,gtpin_total_execution_cycles,866802,cycles,1,64,866802
n1_i3,3,1,3,n1_i3::op::/model/layers.13/self_attn/Add_1,n1_i3::op_type::layers.*/self_attn::RoPE,op,/model/layers.13/self_attn/Add_1,layers.*/self_attn,/model/layers.13/self_attn/Add_1,RoPE,,,,,performance,gtpin_total_execution_cycles,65046,cycles,1,8,65046
n1_i3,3,1,3,n1_i3::op::/model/layers.13/self_attn/Expand,n1_i3::op_type::layers.*/self_attn::Broadcast,op,/model/layers.13/self_attn/Expand,layers.*/self_attn,/model/layers.13/self_attn/Expand,Broadcast,,,,,performance,gtpin_total_execution_cycles,5460998,cycles,1,1024,5460998
n1_i3,3,1,3,n1_i3::op::/model/layers.13/self_attn/Expand_1,n1_i3::op_type::layers.*/self_attn::Broadcast,op,/model/layers.13/self_attn/Expand_1,layers.*/self_attn,/model/layers.13/self_attn/Expand_1,Broadcast,,,,,performance,gtpin_total_execution_cycles,4233002,cycles,1,1024,4233002
n1_i3,3,1,3,n1_i3::op::/model/layers.13/self_attn/IsNaN,n1_i3::op_type::layers.*/self_attn::IsNaN,op,/model/layers.13/self_attn/IsNaN,layers.*/self_attn,/model/layers.13/self_attn/IsNaN,IsNaN,,,,,performance,gtpin_total_execution_cycles,1254970,cycles,1,256,1254970
n1_i3,3,1,3,n1_i3::op::/model/layers.13/self_attn/MatMul,n1_i3::op_type::layers.*/self_attn::Gemm,op,/model/layers.13/self_attn/MatMul,layers.*/self_attn,/model/layers.13/self_attn/MatMul,Gemm,,,,,performance,gtpin_total_execution_cycles,3465766,cycles,1,32,3465766
n1_i3,3,1,3,n1_i3::op::/model/layers.13/self_attn/Mul_8,n1_i3::op_type::layers.*/self_attn::Multiply,op,/model/layers.13/self_attn/Mul_8,layers.*/self_attn,/model/layers.13/self_attn/Mul_8,Multiply,,,,,performance,gtpin_total_execution_cycles,4967470,cycles,1,1024,4967470
n1_i3,3,1,3,n1_i3::op::/model/layers.13/self_attn/Softmax,n1_i3::op_type::layers.*/self_attn::Softmax,op,/model/layers.13/self_attn/Softmax,layers.*/self_attn,/model/layers.13/self_attn/Softmax,Softmax,,,,,performance,gtpin_total_execution_cycles,8120939,cycles,1,512,8120939
n1_i3,3,1,3,n1_i3::op::/model/layers.13/self_attn/Transpose_2,n1_i3::op_type::layers.*/self_attn::Transpose,op,/model/layers.13/self_attn/Transpose_2,layers.*/self_attn,/model/layers.13/self_attn/Transpose_2,Transpose,,,,,performance,gtpin_total_execution_cycles,558732,cycles,1,128,558732
n1_i3,3,1,3,n1_i3::op::/model/layers.13/self_attn/Transpose_3,n1_i3::op_type::layers.*/self_attn::Transpose,op,/model/layers.13/self_attn/Transpose_3,layers.*/self_attn,/model/layers.13/self_attn/Transpose_3,Transpose,,,,,performance,gtpin_total_execution_cycles,5540142,cycles,1,1024,5540142
n1_i3,3,1,3,n1_i3::op::/model/layers.13/self_attn/Transpose_4,n1_i3::op_type::layers.*/self_attn::Gemm,op,/model/layers.13/self_attn/Transpose_4,layers.*/self_attn,/model/layers.13/self_attn/Transpose_4,Gemm,,,,,performance,gtpin_total_execution_cycles,2062936,cycles,1,64,2062936
n1_i3,3,1,3,n1_i3::op::/model/layers.13/self_attn/Where_2,n1_i3::op_type::layers.*/self_attn::Select,op,/model/layers.13/self_attn/Where_2,layers.*/self_attn,/model/layers.13/self_attn/Where_2,Select,,,,,performance,gtpin_total_execution_cycles,41804,cycles,1,8,41804
n1_i3,3,1,3,n1_i3::op::/model/layers.13/self_attn/Where_3,n1_i3::op_type::layers.*/self_attn::Select,op,/model/layers.13/self_attn/Where_3,layers.*/self_attn,/model/layers.13/self_attn/Where_3,Select,,,,,performance,gtpin_total_execution_cycles,1775116,cycles,1,256,1775116
n1_i3,3,1,3,n1_i3::op::/model/layers.13/self_attn/k_proj/MatMul,n1_i3::op_type::layers.*/self_attn::FullyConnected,op,/model/layers.13/self_attn/k_proj/MatMul,layers.*/self_attn,/model/layers.13/self_attn/k_proj/MatMul,FullyConnected,,,,,performance,gtpin_total_execution_cycles,3805786,cycles,1,8,3805786
n1_i3,3,1,3,n1_i3::op::/model/layers.13/self_attn/o_proj/MatMul,n1_i3::op_type::layers.*/self_attn::FullyConnected,op,/model/layers.13/self_attn/o_proj/MatMul,layers.*/self_attn,/model/layers.13/self_attn/o_proj/MatMul,FullyConnected,,,,,performance,gtpin_total_execution_cycles,28931894,cycles,1,64,28931894
n1_i3,3,1,3,n1_i3::op::/model/layers.13/self_attn/q_proj/MatMul,n1_i3::op_type::layers.*/self_attn::FullyConnected,op,/model/layers.13/self_attn/q_proj/MatMul,layers.*/self_attn,/model/layers.13/self_attn/q_proj/MatMul,FullyConnected,,,,,performance,gtpin_total_execution_cycles,29327292,cycles,1,64,29327292
n1_i3,3,1,3,n1_i3::op::/model/layers.13/self_attn/v_proj/MatMul,n1_i3::op_type::layers.*/self_attn::FullyConnected,op,/model/layers.13/self_attn/v_proj/MatMul,layers.*/self_attn,/model/layers.13/self_attn/v_proj/MatMul,FullyConnected,,,,,performance,gtpin_total_execution_cycles,3586880,cycles,1,8,3586880
n1_i3,3,1,3,n1_i3::op::/model/layers.14/input_layernorm/Mul,n1_i3::op_type::layers.*/input_layernorm::RMS,op,/model/layers.14/input_layernorm/Mul,layers.*/input_layernorm,/model/layers.14/input_layernorm/Mul,RMS,,,,,performance,gtpin_total_execution_cycles,1788212,cycles,1,256,1788212
n1_i3,3,1,3,n1_i3::op::/model/layers.14/mlp/down_proj/MatMul,n1_i3::op_type::layers.*/mlp::FullyConnected,op,/model/layers.14/mlp/down_proj/MatMul,layers.*/mlp,/model/layers.14/mlp/down_proj/MatMul,FullyConnected,,,,,performance,gtpin_total_execution_cycles,76104142,cycles,1,64,76104142
n1_i3,3,1,3,n1_i3::op::/model/layers.14/mlp/gate_proj/MatMul,n1_i3::op_type::layers.*/mlp::FullyConnected,op,/model/layers.14/mlp/gate_proj/MatMul,layers.*/mlp,/model/layers.14/mlp/gate_proj/MatMul,FullyConnected,,,,,performance,gtpin_total_execution_cycles,130750276,cycles,1,176,130750276
n1_i3,3,1,3,n1_i3::op::/model/layers.14/mlp/up_proj/MatMul,n1_i3::op_type::layers.*/mlp::FullyConnected,op,/model/layers.14/mlp/up_proj/MatMul,layers.*/mlp,/model/layers.14/mlp/up_proj/MatMul,FullyConnected,,,,,performance,gtpin_total_execution_cycles,121308148,cycles,1,176,121308148
n1_i3,3,1,3,n1_i3::op::/model/layers.14/post_attention_layernorm/Mul,n1_i3::op_type::layers.*/post_attention_layernorm::RMS,op,/model/layers.14/post_attention_layernorm/Mul,layers.*/post_attention_layernorm,/model/layers.14/post_attention_layernorm/Mul,RMS,,,,,performance,gtpin_total_execution_cycles,1960590,cycles,1,256,1960590
n1_i3,3,1,3,n1_i3::op::/model/layers.14/self_attn/Add,n1_i3::op_type::layers.*/self_attn::RoPE,op,/model/layers.14/self_attn/Add,layers.*/self_attn,/model/layers.14/self_attn/Add,RoPE,,,,,performance,gtpin_total_execution_cycles,861336,cycles,1,64,861336
n1_i3,3,1,3,n1_i3::op::/model/layers.14/self_attn/Add_1,n1_i3::op_type::layers.*/self_attn::RoPE,op,/model/layers.14/self_attn/Add_1,layers.*/self_attn,/model/layers.14/self_attn/Add_1,RoPE,,,,,performance,gtpin_total_execution_cycles,64944,cycles,1,8,64944
n1_i3,3,1,3,n1_i3::op::/model/layers.14/self_attn/Expand,n1_i3::op_type::layers.*/self_attn::Broadcast,op,/model/layers.14/self_attn/Expand,layers.*/self_attn,/model/layers.14/self_attn/Expand,Broadcast,,,,,performance,gtpin_total_execution_cycles,5572010,cycles,1,1024,5572010
n1_i3,3,1,3,n1_i3::op::/model/layers.14/self_attn/Expand_1,n1_i3::op_type::layers.*/self_attn::Broadcast,op,/model/layers.14/self_attn/Expand_1,layers.*/self_attn,/model/layers.14/self_attn/Expand_1,Broadcast,,,,,performance,gtpin_total_execution_cycles,4777088,cycles,1,1024,4777088
n1_i3,3,1,3,n1_i3::op::/model/layers.14/self_attn/IsNaN,n1_i3::op_type::layers.*/self_attn::IsNaN,op,/model/layers.14/self_attn/IsNaN,layers.*/self_attn,/model/layers.14/self_attn/IsNaN,IsNaN,,,,,performance,gtpin_total_execution_cycles,1261216,cycles,1,256,1261216
n1_i3,3,1,3,n1_i3::op::/model/layers.14/self_attn/MatMul,n1_i3::op_type::layers.*/self_attn::Gemm,op,/model/layers.14/self_attn/MatMul,layers.*/self_attn,/model/layers.14/self_attn/MatMul,Gemm,,,,,performance,gtpin_total_execution_cycles,3496352,cycles,1,32,3496352
n1_i3,3,1,3,n1_i3::op::/model/layers.14/self_attn/Mul_8,n1_i3::op_type::layers.*/self_attn::Multiply,op,/model/layers.14/self_attn/Mul_8,layers.*/self_attn,/model/layers.14/self_attn/Mul_8,Multiply,,,,,performance,gtpin_total_execution_cycles,4844628,cycles,1,1024,4844628
n1_i3,3,1,3,n1_i3::op::/model/layers.14/self_attn/Softmax,n1_i3::op_type::layers.*/self_attn::Softmax,op,/model/layers.14/self_attn/Softmax,layers.*/self_attn,/model/layers.14/self_attn/Softmax,Softmax,,,,,performance,gtpin_total_execution_cycles,8319613,cycles,1,512,8319613
n1_i3,3,1,3,n1_i3::op::/model/layers.14/self_attn/Transpose_2,n1_i3::op_type::layers.*/self_attn::Transpose,op,/model/layers.14/self_attn/Transpose_2,layers.*/self_attn,/model/layers.14/self_attn/Transpose_2,Transpose,,,,,performance,gtpin_total_execution_cycles,494724,cycles,1,128,494724
n1_i3,3,1,3,n1_i3::op::/model/layers.14/self_attn/Transpose_3,n1_i3::op_type::layers.*/self_attn::Transpose,op,/model/layers.14/self_attn/Transpose_3,layers.*/self_attn,/model/layers.14/self_attn/Transpose_3,Transpose,,,,,performance,gtpin_total_execution_cycles,5258216,cycles,1,1024,5258216
n1_i3,3,1,3,n1_i3::op::/model/layers.14/self_attn/Transpose_4,n1_i3::op_type::layers.*/self_attn::Gemm,op,/model/layers.14/self_attn/Transpose_4,layers.*/self_attn,/model/layers.14/self_attn/Transpose_4,Gemm,,,,,performance,gtpin_total_execution_cycles,2038508,cycles,1,64,2038508
n1_i3,3,1,3,n1_i3::op::/model/layers.14/self_attn/Where_2,n1_i3::op_type::layers.*/self_attn::Select,op,/model/layers.14/self_attn/Where_2,layers.*/self_attn,/model/layers.14/self_attn/Where_2,Select,,,,,performance,gtpin_total_execution_cycles,37712,cycles,1,8,37712
n1_i3,3,1,3,n1_i3::op::/model/layers.14/self_attn/Where_3,n1_i3::op_type::layers.*/self_attn::Select,op,/model/layers.14/self_attn/Where_3,layers.*/self_attn,/model/layers.14/self_attn/Where_3,Select,,,,,performance,gtpin_total_execution_cycles,1354258,cycles,1,256,1354258
n1_i3,3,1,3,n1_i3::op::/model/layers.14/self_attn/k_proj/MatMul,n1_i3::op_type::layers.*/self_attn::FullyConnected,op,/model/layers.14/self_attn/k_proj/MatMul,layers.*/self_attn,/model/layers.14/self_attn/k_proj/MatMul,FullyConnected,,,,,performance,gtpin_total_execution_cycles,3756322,cycles,1,8,3756322
n1_i3,3,1,3,n1_i3::op::/model/layers.14/self_attn/o_proj/MatMul,n1_i3::op_type::layers.*/self_attn::FullyConnected,op,/model/layers.14/self_attn/o_proj/MatMul,layers.*/self_attn,/model/layers.14/self_attn/o_proj/MatMul,FullyConnected,,,,,performance,gtpin_total_execution_cycles,28733700,cycles,1,64,28733700
n1_i3,3,1,3,n1_i3::op::/model/layers.14/self_attn/q_proj/MatMul,n1_i3::op_type::layers.*/self_attn::FullyConnected,op,/model/layers.14/self_attn/q_proj/MatMul,layers.*/self_attn,/model/layers.14/self_attn/q_proj/MatMul,FullyConnected,,,,,performance,gtpin_total_execution_cycles,29069598,cycles,1,64,29069598
n1_i3,3,1,3,n1_i3::op::/model/layers.14/self_attn/v_proj/MatMul,n1_i3::op_type::layers.*/self_attn::FullyConnected,op,/model/layers.14/self_attn/v_proj/MatMul,layers.*/self_attn,/model/layers.14/self_attn/v_proj/MatMul,FullyConnected,,,,,performance,gtpin_total_execution_cycles,3555276,cycles,1,8,3555276
n1_i3,3,1,3,n1_i3::op::/model/layers.15/input_layernorm/Mul,n1_i3::op_type::layers.*/input_layernorm::RMS,op,/model/layers.15/input_layernorm/Mul,layers.*/input_layernorm,/model/layers.15/input_layernorm/Mul,RMS,,,,,performance,gtpin_total_execution_cycles,2005806,cycles,1,256,2005806
n1_i3,3,1,3,n1_i3::op::/model/layers.15/mlp/down_proj/MatMul,n1_i3::op_type::layers.*/mlp::FullyConnected,op,/model/layers.15/mlp/down_proj/MatMul,layers.*/mlp,/model/layers.15/mlp/down_proj/MatMul,FullyConnected,,,,,performance,gtpin_total_execution_cycles,74850022,cycles,1,64,74850022
n1_i3,3,1,3,n1_i3::op::/model/layers.15/mlp/gate_proj/MatMul,n1_i3::op_type::layers.*/mlp::FullyConnected,op,/model/layers.15/mlp/gate_proj/MatMul,layers.*/mlp,/model/layers.15/mlp/gate_proj/MatMul,FullyConnected,,,,,performance,gtpin_total_execution_cycles,101424276,cycles,1,176,101424276
n1_i3,3,1,3,n1_i3::op::/model/layers.15/mlp/up_proj/MatMul,n1_i3::op_type::layers.*/mlp::FullyConnected,op,/model/layers.15/mlp/up_proj/MatMul,layers.*/mlp,/model/layers.15/mlp/up_proj/MatMul,FullyConnected,,,,,performance,gtpin_total_execution_cycles,95182012,cycles,1,176,95182012
n1_i3,3,1,3,n1_i3::op::/model/layers.15/post_attention_layernorm/Mul,n1_i3::op_type::layers.*/post_attention_layernorm::RMS,op,/model/layers.15/post_attention_layernorm/Mul,layers.*/post_attention_layernorm,/model/layers.15/post_attention_layernorm/Mul,RMS,,,,,performance,gtpin_total_execution_cycles,1741436,cycles,1,256,1741436
n1_i3,3,1,3,n1_i3::op::/model/layers.15/self_attn/Add,n1_i3::op_type::layers.*/self_attn::RoPE,op,/model/layers.15/self_attn/Add,layers.*/self_attn,/model/layers.15/self_attn/Add,RoPE,,,,,performance,gtpin_total_execution_cycles,984858,cycles,1,64,984858
n1_i3,3,1,3,n1_i3::op::/model/layers.15/self_attn/Add_1,n1_i3::op_type::layers.*/self_attn::RoPE,op,/model/layers.15/self_attn/Add_1,layers.*/self_attn,/model/layers.15/self_attn/Add_1,RoPE,,,,,performance,gtpin_total_execution_cycles,62242,cycles,1,8,62242
n1_i3,3,1,3,n1_i3::op::/model/layers.15/self_attn/Expand,n1_i3::op_type::layers.*/self_attn::Broadcast,op,/model/layers.15/self_attn/Expand,layers.*/self_attn,/model/layers.15/self_attn/Expand,Broadcast,,,,,performance,gtpin_total_execution_cycles,3744894,cycles,1,1024,3744894
n1_i3,3,1,3,n1_i3::op::/model/layers.15/self_attn/Expand_1,n1_i3::op_type::layers.*/self_attn::Broadcast,op,/model/layers.15/self_attn/Expand_1,layers.*/self_attn,/model/layers.15/self_attn/Expand_1,Broadcast,,,,,performance,gtpin_total_execution_cycles,4618872,cycles,1,1024,4618872
n1_i3,3,1,3,n1_i3::op::/model/layers.15/self_attn/IsNaN,n1_i3::op_type::layers.*/self_attn::IsNaN,op,/model/layers.15/self_attn/IsNaN,layers.*/self_attn,/model/layers.15/self_attn/IsNaN,IsNaN,,,,,performance,gtpin_total_execution_cycles,1208622,cycles,1,256,1208622
n1_i3,3,1,3,n1_i3::op::/model/layers.15/self_attn/MatMul,n1_i3::op_type::layers.*/self_attn::Gemm,op,/model/layers.15/self_attn/MatMul,layers.*/self_attn,/model/layers.15/self_attn/MatMul,Gemm,,,,,performance,gtpin_total_execution_cycles,3549138,cycles,1,32,3549138
n1_i3,3,1,3,n1_i3::op::/model/layers.15/self_attn/Mul_8,n1_i3::op_type::layers.*/self_attn::Multiply,op,/model/layers.15/self_attn/Mul_8,layers.*/self_attn,/model/layers.15/self_attn/Mul_8,Multiply,,,,,performance,gtpin_total_execution_cycles,4697424,cycles,1,1024,4697424
n1_i3,3,1,3,n1_i3::op::/model/layers.15/self_attn/Softmax,n1_i3::op_type::layers.*/self_attn::Softmax,op,/model/layers.15/self_attn/Softmax,layers.*/self_attn,/model/layers.15/self_attn/Softmax,Softmax,,,,,performance,gtpin_total_execution_cycles,8381895,cycles,1,512,8381895
n1_i3,3,1,3,n1_i3::op::/model/layers.15/self_attn/Transpose_2,n1_i3::op_type::layers.*/self_attn::Transpose,op,/model/layers.15/self_attn/Transpose_2,layers.*/self_attn,/model/layers.15/self_attn/Transpose_2,Transpose,,,,,performance,gtpin_total_execution_cycles,462898,cycles,1,128,462898
n1_i3,3,1,3,n1_i3::op::/model/layers.15/self_attn/Transpose_3,n1_i3::op_type::layers.*/self_attn::Transpose,op,/model/layers.15/self_attn/Transpose_3,layers.*/self_attn,/model/layers.15/self_attn/Transpose_3,Transpose,,,,,performance,gtpin_total_execution_cycles,4931460,cycles,1,1024,4931460
n1_i3,3,1,3,n1_i3::op::/model/layers.15/self_attn/Transpose_4,n1_i3::op_type::layers.*/self_attn::Gemm,op,/model/layers.15/self_attn/Transpose_4,layers.*/self_attn,/model/layers.15/self_attn/Transpose_4,Gemm,,,,,performance,gtpin_total_execution_cycles,2206612,cycles,1,64,2206612
n1_i3,3,1,3,n1_i3::op::/model/layers.15/self_attn/Where_2,n1_i3::op_type::layers.*/self_attn::Select,op,/model/layers.15/self_attn/Where_2,layers.*/self_attn,/model/layers.15/self_attn/Where_2,Select,,,,,performance,gtpin_total_execution_cycles,42568,cycles,1,8,42568
n1_i3,3,1,3,n1_i3::op::/model/layers.15/self_attn/Where_3,n1_i3::op_type::layers.*/self_attn::Select,op,/model/layers.15/self_attn/Where_3,layers.*/self_attn,/model/layers.15/self_attn/Where_3,Select,,,,,performance,gtpin_total_execution_cycles,1354756,cycles,1,256,1354756
n1_i3,3,1,3,n1_i3::op::/model/layers.15/self_attn/k_proj/MatMul,n1_i3::op_type::layers.*/self_attn::FullyConnected,op,/model/layers.15/self_attn/k_proj/MatMul,layers.*/self_attn,/model/layers.15/self_attn/k_proj/MatMul,FullyConnected,,,,,performance,gtpin_total_execution_cycles,3695984,cycles,1,8,3695984
n1_i3,3,1,3,n1_i3::op::/model/layers.15/self_attn/o_proj/MatMul,n1_i3::op_type::layers.*/self_attn::FullyConnected,op,/model/layers.15/self_attn/o_proj/MatMul,layers.*/self_attn,/model/layers.15/self_attn/o_proj/MatMul,FullyConnected,,,,,performance,gtpin_total_execution_cycles,28051060,cycles,1,64,28051060
n1_i3,3,1,3,n1_i3::op::/model/layers.15/self_attn/q_proj/MatMul,n1_i3::op_type::layers.*/self_attn::FullyConnected,op,/model/layers.15/self_attn/q_proj/MatMul,layers.*/self_attn,/model/layers.15/self_attn/q_proj/MatMul,FullyConnected,,,,,performance,gtpin_total_execution_cycles,28692178,cycles,1,64,28692178
n1_i3,3,1,3,n1_i3::op::/model/layers.15/self_attn/v_proj/MatMul,n1_i3::op_type::layers.*/self_attn::FullyConnected,op,/model/layers.15/self_attn/v_proj/MatMul,layers.*/self_attn,/model/layers.15/self_attn/v_proj/MatMul,FullyConnected,,,,,performance,gtpin_total_execution_cycles,3506892,cycles,1,8,3506892
n1_i3,3,1,3,n1_i3::op::/model/layers.16/input_layernorm/Mul,n1_i3::op_type::layers.*/input_layernorm::RMS,op,/model/layers.16/input_layernorm/Mul,layers.*/input_layernorm,/model/layers.16/input_layernorm/Mul,RMS,,,,,performance,gtpin_total_execution_cycles,1556342,cycles,1,256,1556342
n1_i3,3,1,3,n1_i3::op::/model/layers.16/mlp/down_proj/MatMul,n1_i3::op_type::layers.*/mlp::FullyConnected,op,/model/layers.16/mlp/down_proj/MatMul,layers.*/mlp,/model/layers.16/mlp/down_proj/MatMul,FullyConnected,,,,,performance,gtpin_total_execution_cycles,77914048,cycles,1,64,77914048
n1_i3,3,1,3,n1_i3::op::/model/layers.16/mlp/gate_proj/MatMul,n1_i3::op_type::layers.*/mlp::FullyConnected,op,/model/layers.16/mlp/gate_proj/MatMul,layers.*/mlp,/model/layers.16/mlp/gate_proj/MatMul,FullyConnected,,,,,performance,gtpin_total_execution_cycles,124803208,cycles,1,176,124803208
n1_i3,3,1,3,n1_i3::op::/model/layers.16/mlp/up_proj/MatMul,n1_i3::op_type::layers.*/mlp::FullyConnected,op,/model/layers.16/mlp/up_proj/MatMul,layers.*/mlp,/model/layers.16/mlp/up_proj/MatMul,FullyConnected,,,,,performance,gtpin_total_execution_cycles,97501894,cycles,1,176,97501894
n1_i3,3,1,3,n1_i3::op::/model/layers.16/post_attention_layernorm/Mul,n1_i3::op_type::layers.*/post_attention_layernorm::RMS,op,/model/layers.16/post_attention_layernorm/Mul,layers.*/post_attention_layernorm,/model/layers.16/post_attention_layernorm/Mul,RMS,,,,,performance,gtpin_total_execution_cycles,1907612,cycles,1,256,1907612
n1_i3,3,1,3,n1_i3::op::/model/layers.16/self_attn/Add,n1_i3::op_type::layers.*/self_attn::RoPE,op,/model/layers.16/self_attn/Add,layers.*/self_attn,/model/layers.16/self_attn/Add,RoPE,,,,,performance,gtpin_total_execution_cycles,847130,cycles,1,64,847130
n1_i3,3,1,3,n1_i3::op::/model/layers.16/self_attn/Add_1,n1_i3::op_type::layers.*/self_attn::RoPE,op,/model/layers.16/self_attn/Add_1,layers.*/self_attn,/model/layers.16/self_attn/Add_1,RoPE,,,,,performance,gtpin_total_execution_cycles,60184,cycles,1,8,60184
n1_i3,3,1,3,n1_i3::op::/model/layers.16/self_attn/Expand,n1_i3::op_type::layers.*/self_attn::Broadcast,op,/model/layers.16/self_attn/Expand,layers.*/self_attn,/model/layers.16/self_attn/Expand,Broadcast,,,,,performance,gtpin_total_execution_cycles,5150410,cycles,1,1024,5150410
n1_i3,3,1,3,n1_i3::op::/model/layers.16/self_attn/Expand_1,n1_i3::op_type::layers.*/self_attn::Broadcast,op,/model/layers.16/self_attn/Expand_1,layers.*/self_attn,/model/layers.16/self_attn/Expand_1,Broadcast,,,,,performance,gtpin_total_execution_cycles,4038616,cycles,1,1024,4038616
n1_i3,3,1,3,n1_i3::op::/model/layers.16/self_attn/IsNaN,n1_i3::op_type::layers.*/self_attn::IsNaN,op,/model/layers.16/self_attn/IsNaN,layers.*/self_attn,/model/layers.16/self_attn/IsNaN,IsNaN,,,,,performance,gtpin_total_execution_cycles,1318600,cycles,1,256,1318600
n1_i3,3,1,3,n1_i3::op::/model/layers.16/self_attn/MatMul,n1_i3::op_type::layers.*/self_attn::Gemm,op,/model/layers.16/self_attn/MatMul,layers.*/self_attn,/model/layers.16/self_attn/MatMul,Gemm,,,,,performance,gtpin_total_execution_cycles,3702550,cycles,1,32,3702550
n1_i3,3,1,3,n1_i3::op::/model/layers.16/self_attn/Mul_8,n1_i3::op_type::layers.*/self_attn::Multiply,op,/model/layers.16/self_attn/Mul_8,layers.*/self_attn,/model/layers.16/self_attn/Mul_8,Multiply,,,,,performance,gtpin_total_execution_cycles,4830554,cycles,1,1024,4830554
n1_i3,3,1,3,n1_i3::op::/model/layers.16/self_attn/Softmax,n1_i3::op_type::layers.*/self_attn::Softmax,op,/model/layers.16/self_attn/Softmax,layers.*/self_attn,/model/layers.16/self_attn/Softmax,Softmax,,,,,performance,gtpin_total_execution_cycles,9508870,cycles,1,512,9508870
n1_i3,3,1,3,n1_i3::op::/model/layers.16/self_attn/Transpose_2,n1_i3::op_type::layers.*/self_attn::Transpose,op,/model/layers.16/self_attn/Transpose_2,layers.*/self_attn,/model/layers.16/self_attn/Transpose_2,Transpose,,,,,performance,gtpin_total_execution_cycles,511834,cycles,1,128,511834
n1_i3,3,1,3,n1_i3::op::/model/layers.16/self_attn/Transpose_3,n1_i3::op_type::layers.*/self_attn::Transpose,op,/model/layers.16/self_attn/Transpose_3,layers.*/self_attn,/model/layers.16/self_attn/Transpose_3,Transpose,,,,,performance,gtpin_total_execution_cycles,4821842,cycles,1,1024,4821842
n1_i3,3,1,3,n1_i3::op::/model/layers.16/self_attn/Transpose_4,n1_i3::op_type::layers.*/self_attn::Gemm,op,/model/layers.16/self_attn/Transpose_4,layers.*/self_attn,/model/layers.16/self_attn/Transpose_4,Gemm,,,,,performance,gtpin_total_execution_cycles,2040064,cycles,1,64,2040064
n1_i3,3,1,3,n1_i3::op::/model/layers.16/self_attn/Where_2,n1_i3::op_type::layers.*/self_attn::Select,op,/model/layers.16/self_attn/Where_2,layers.*/self_attn,/model/layers.16/self_attn/Where_2,Select,,,,,performance,gtpin_total_execution_cycles,36298,cycles,1,8,36298
n1_i3,3,1,3,n1_i3::op::/model/layers.16/self_attn/Where_3,n1_i3::op_type::layers.*/self_attn::Select,op,/model/layers.16/self_attn/Where_3,layers.*/self_attn,/model/layers.16/self_attn/Where_3,Select,,,,,performance,gtpin_total_execution_cycles,1408752,cycles,1,256,1408752
n1_i3,3,1,3,n1_i3::op::/model/layers.16/self_attn/k_proj/MatMul,n1_i3::op_type::layers.*/self_attn::FullyConnected,op,/model/layers.16/self_attn/k_proj/MatMul,layers.*/self_attn,/model/layers.16/self_attn/k_proj/MatMul,FullyConnected,,,,,performance,gtpin_total_execution_cycles,3670706,cycles,1,8,3670706
n1_i3,3,1,3,n1_i3::op::/model/layers.16/self_attn/o_proj/MatMul,n1_i3::op_type::layers.*/self_attn::FullyConnected,op,/model/layers.16/self_attn/o_proj/MatMul,layers.*/self_attn,/model/layers.16/self_attn/o_proj/MatMul,FullyConnected,,,,,performance,gtpin_total_execution_cycles,29240358,cycles,1,64,29240358
n1_i3,3,1,3,n1_i3::op::/model/layers.16/self_attn/q_proj/MatMul,n1_i3::op_type::layers.*/self_attn::FullyConnected,op,/model/layers.16/self_attn/q_proj/MatMul,layers.*/self_attn,/model/layers.16/self_attn/q_proj/MatMul,FullyConnected,,,,,performance,gtpin_total_execution_cycles,28485996,cycles,1,64,28485996
n1_i3,3,1,3,n1_i3::op::/model/layers.16/self_attn/v_proj/MatMul,n1_i3::op_type::layers.*/self_attn::FullyConnected,op,/model/layers.16/self_attn/v_proj/MatMul,layers.*/self_attn,/model/layers.16/self_attn/v_proj/MatMul,FullyConnected,,,,,performance,gtpin_total_execution_cycles,3466686,cycles,1,8,3466686
n1_i3,3,1,3,n1_i3::op::/model/layers.17/input_layernorm/Mul,n1_i3::op_type::layers.*/input_layernorm::RMS,op,/model/layers.17/input_layernorm/Mul,layers.*/input_layernorm,/model/layers.17/input_layernorm/Mul,RMS,,,,,performance,gtpin_total_execution_cycles,1575854,cycles,1,256,1575854
n1_i3,3,1,3,n1_i3::op::/model/layers.17/mlp/down_proj/MatMul,n1_i3::op_type::layers.*/mlp::FullyConnected,op,/model/layers.17/mlp/down_proj/MatMul,layers.*/mlp,/model/layers.17/mlp/down_proj/MatMul,FullyConnected,,,,,performance,gtpin_total_execution_cycles,78781340,cycles,1,64,78781340
n1_i3,3,1,3,n1_i3::op::/model/layers.17/mlp/gate_proj/MatMul,n1_i3::op_type::layers.*/mlp::FullyConnected,op,/model/layers.17/mlp/gate_proj/MatMul,layers.*/mlp,/model/layers.17/mlp/gate_proj/MatMul,FullyConnected,,,,,performance,gtpin_total_execution_cycles,117698896,cycles,1,176,117698896
n1_i3,3,1,3,n1_i3::op::/model/layers.17/mlp/up_proj/MatMul,n1_i3::op_type::layers.*/mlp::FullyConnected,op,/model/layers.17/mlp/up_proj/MatMul,layers.*/mlp,/model/layers.17/mlp/up_proj/MatMul,FullyConnected,,,,,performance,gtpin_total_execution_cycles,102375116,cycles,1,176,102375116
n1_i3,3,1,3,n1_i3::op::/model/layers.17/post_attention_layernorm/Mul,n1_i3::op_type::layers.*/post_attention_layernorm::RMS,op,/model/layers.17/post_attention_layernorm/Mul,layers.*/post_attention_layernorm,/model/layers.17/post_attention_layernorm/Mul,RMS,,,,,performance,gtpin_total_execution_cycles,2043334,cycles,1,256,2043334
n1_i3,3,1,3,n1_i3::op::/model/layers.17/self_attn/Add,n1_i3::op_type::layers.*/self_attn::RoPE,op,/model/layers.17/self_attn/Add,layers.*/self_attn,/model/layers.17/self_attn/Add,RoPE,,,,,performance,gtpin_total_execution_cycles,880032,cycles,1,64,880032
n1_i3,3,1,3,n1_i3::op::/model/layers.17/self_attn/Add_1,n1_i3::op_type::layers.*/self_attn::RoPE,op,/model/layers.17/self_attn/Add_1,layers.*/self_attn,/model/layers.17/self_attn/Add_1,RoPE,,,,,performance,gtpin_total_execution_cycles,64336,cycles,1,8,64336
n1_i3,3,1,3,n1_i3::op::/model/layers.17/self_attn/Expand,n1_i3::op_type::layers.*/self_attn::Broadcast,op,/model/layers.17/self_attn/Expand,layers.*/self_attn,/model/layers.17/self_attn/Expand,Broadcast,,,,,performance,gtpin_total_execution_cycles,5501024,cycles,1,1024,5501024
n1_i3,3,1,3,n1_i3::op::/model/layers.17/self_attn/Expand_1,n1_i3::op_type::layers.*/self_attn::Broadcast,op,/model/layers.17/self_attn/Expand_1,layers.*/self_attn,/model/layers.17/self_attn/Expand_1,Broadcast,,,,,performance,gtpin_total_execution_cycles,4220732,cycles,1,1024,4220732
n1_i3,3,1,3,n1_i3::op::/model/layers.17/self_attn/IsNaN,n1_i3::op_type::layers.*/self_attn::IsNaN,op,/model/layers.17/self_attn/IsNaN,layers.*/self_attn,/model/layers.17/self_attn/IsNaN,IsNaN,,,,,performance,gtpin_total_execution_cycles,1225006,cycles,1,256,1225006
n1_i3,3,1,3,n1_i3::op::/model/layers.17/self_attn/MatMul,n1_i3::op_type::layers.*/self_attn::Gemm,op,/model/layers.17/self_attn/MatMul,layers.*/self_attn,/model/layers.17/self_attn/MatMul,Gemm,,,,,performance,gtpin_total_execution_cycles,3603594,cycles,1,32,3603594
n1_i3,3,1,3,n1_i3::op::/model/layers.17/self_attn/Mul_8,n1_i3::op_type::layers.*/self_attn::Multiply,op,/model/layers.17/self_attn/Mul_8,layers.*/self_attn,/model/layers.17/self_attn/Mul_8,Multiply,,,,,performance,gtpin_total_execution_cycles,5198554,cycles,1,1024,5198554
n1_i3,3,1,3,n1_i3::op::/model/layers.17/self_attn/Softmax,n1_i3::op_type::layers.*/self_attn::Softmax,op,/model/layers.17/self_attn/Softmax,layers.*/self_attn,/model/layers.17/self_attn/Softmax,Softmax,,,,,performance,gtpin_total_execution_cycles,8173401,cycles,1,512,8173401
n1_i3,3,1,3,n1_i3::op::/model/layers.17/self_attn/Transpose_2,n1_i3::op_type::layers.*/self_attn::Transpose,op,/model/layers.17/self_attn/Transpose_2,layers.*/self_attn,/model/layers.17/self_attn/Transpose_2,Transpose,,,,,performance,gtpin_total_execution_cycles,470612,cycles,1,128,470612
n1_i3,3,1,3,n1_i3::op::/model/layers.17/self_attn/Transpose_3,n1_i3::op_type::layers.*/self_attn::Transpose,op,/model/layers.17/self_attn/Transpose_3,layers.*/self_attn,/model/layers.17/self_attn/Transpose_3,Transpose,,,,,performance,gtpin_total_execution_cycles,5686580,cycles,1,1024,5686580
n1_i3,3,1,3,n1_i3::op::/model/layers.17/self_attn/Transpose_4,n1_i3::op_type::layers.*/self_attn::Gemm,op,/model/layers.17/self_attn/Transpose_4,layers.*/self_attn,/model/layers.17/self_attn/Transpose_4,Gemm,,,,,performance,gtpin_total_execution_cycles,2027386,cycles,1,64,2027386
n1_i3,3,1,3,n1_i3::op::/model/layers.17/self_attn/Where_2,n1_i3::op_type::layers.*/self_attn::Select,op,/model/layers.17/self_attn/Where_2,layers.*/self_attn,/model/layers.17/self_attn/Where_2,Select,,,,,performance,gtpin_total_execution_cycles,39416,cycles,1,8,39416
n1_i3,3,1,3,n1_i3::op::/model/layers.17/self_attn/Where_3,n1_i3::op_type::layers.*/self_attn::Select,op,/model/layers.17/self_attn/Where_3,layers.*/self_attn,/model/layers.17/self_attn/Where_3,Select,,,,,performance,gtpin_total_execution_cycles,1344068,cycles,1,256,1344068
n1_i3,3,1,3,n1_i3::op::/model/layers.17/self_attn/k_proj/MatMul,n1_i3::op_type::layers.*/self_attn::FullyConnected,op,/model/layers.17/self_attn/k_proj/MatMul,layers.*/self_attn,/model/layers.17/self_attn/k_proj/MatMul,FullyConnected,,,,,performance,gtpin_total_execution_cycles,3757008,cycles,1,8,3757008
n1_i3,3,1,3,n1_i3::op::/model/layers.17/self_attn/o_proj/MatMul,n1_i3::op_type::layers.*/self_attn::FullyConnected,op,/model/layers.17/self_attn/o_proj/MatMul,layers.*/self_attn,/model/layers.17/self_attn/o_proj/MatMul,FullyConnected,,,,,performance,gtpin_total_execution_cycles,28933718,cycles,1,64,28933718
n1_i3,3,1,3,n1_i3::op::/model/layers.17/self_attn/q_proj/MatMul,n1_i3::op_type::layers.*/self_attn::FullyConnected,op,/model/layers.17/self_attn/q_proj/MatMul,layers.*/self_attn,/model/layers.17/self_attn/q_proj/MatMul,FullyConnected,,,,,performance,gtpin_total_execution_cycles,29024678,cycles,1,64,29024678
n1_i3,3,1,3,n1_i3::op::/model/layers.17/self_attn/v_proj/MatMul,n1_i3::op_type::layers.*/self_attn::FullyConnected,op,/model/layers.17/self_attn/v_proj/MatMul,layers.*/self_attn,/model/layers.17/self_attn/v_proj/MatMul,FullyConnected,,,,,performance,gtpin_total_execution_cycles,3553400,cycles,1,8,3553400
n1_i3,3,1,3,n1_i3::op::/model/layers.18/input_layernorm/Mul,n1_i3::op_type::layers.*/input_layernorm::RMS,op,/model/layers.18/input_layernorm/Mul,layers.*/input_layernorm,/model/layers.18/input_layernorm/Mul,RMS,,,,,performance,gtpin_total_execution_cycles,1710056,cycles,1,256,1710056
n1_i3,3,1,3,n1_i3::op::/model/layers.18/mlp/down_proj/MatMul,n1_i3::op_type::layers.*/mlp::FullyConnected,op,/model/layers.18/mlp/down_proj/MatMul,layers.*/mlp,/model/layers.18/mlp/down_proj/MatMul,FullyConnected,,,,,performance,gtpin_total_execution_cycles,75403476,cycles,1,64,75403476
n1_i3,3,1,3,n1_i3::op::/model/layers.18/mlp/gate_proj/MatMul,n1_i3::op_type::layers.*/mlp::FullyConnected,op,/model/layers.18/mlp/gate_proj/MatMul,layers.*/mlp,/model/layers.18/mlp/gate_proj/MatMul,FullyConnected,,,,,performance,gtpin_total_execution_cycles,111523686,cycles,1,176,111523686
n1_i3,3,1,3,n1_i3::op::/model/layers.18/mlp/up_proj/MatMul,n1_i3::op_type::layers.*/mlp::FullyConnected,op,/model/layers.18/mlp/up_proj/MatMul,layers.*/mlp,/model/layers.18/mlp/up_proj/MatMul,FullyConnected,,,,,performance,gtpin_total_execution_cycles,102925112,cycles,1,176,102925112
n1_i3,3,1,3,n1_i3::op::/model/layers.18/post_attention_layernorm/Mul,n1_i3::op_type::layers.*/post_attention_layernorm::RMS,op,/model/layers.18/post_attention_layernorm/Mul,layers.*/post_attention_layernorm,/model/layers.18/post_attention_layernorm/Mul,RMS,,,,,performance,gtpin_total_execution_cycles,2308190,cycles,1,256,2308190
n1_i3,3,1,3,n1_i3::op::/model/layers.18/self_attn/Add,n1_i3::op_type::layers.*/self_attn::RoPE,op,/model/layers.18/self_attn/Add,layers.*/self_attn,/model/layers.18/self_attn/Add,RoPE,,,,,performance,gtpin_total_execution_cycles,800896,cycles,1,64,800896
n1_i3,3,1,3,n1_i3::op::/model/layers.18/self_attn/Add_1,n1_i3::op_type::layers.*/self_attn::RoPE,op,/model/layers.18/self_attn/Add_1,layers.*/self_attn,/model/layers.18/self_attn/Add_1,RoPE,,,,,performance,gtpin_total_execution_cycles,63992,cycles,1,8,63992
n1_i3,3,1,3,n1_i3::op::/model/layers.18/self_attn/Expand,n1_i3::op_type::layers.*/self_attn::Broadcast,op,/model/layers.18/self_attn/Expand,layers.*/self_attn,/model/layers.18/self_attn/Expand,Broadcast,,,,,performance,gtpin_total_execution_cycles,5708342,cycles,1,1024,5708342
n1_i3,3,1,3,n1_i3::op::/model/layers.18/self_attn/Expand_1,n1_i3::op_type::layers.*/self_attn::Broadcast,op,/model/layers.18/self_attn/Expand_1,layers.*/self_attn,/model/layers.18/self_attn/Expand_1,Broadcast,,,,,performance,gtpin_total_execution_cycles,4257896,cycles,1,1024,4257896
n1_i3,3,1,3,n1_i3::op::/model/layers.18/self_attn/IsNaN,n1_i3::op_type::layers.*/self_attn::IsNaN,op,/model/layers.18/self_attn/IsNaN,layers.*/self_attn,/model/layers.18/self_attn/IsNaN,IsNaN,,,,,performance,gtpin_total_execution_cycles,1188946,cycles,1,256,1188946
n1_i3,3,1,3,n1_i3::op::/model/layers.18/self_attn/MatMul,n1_i3::op_type::layers.*/self_attn::Gemm,op,/model/layers.18/self_attn/MatMul,layers.*/self_attn,/model/layers.18/self_attn/MatMul,Gemm,,,,,performance,gtpin_total_execution_cycles,3494848,cycles,1,32,3494848
n1_i3,3,1,3,n1_i3::op::/model/layers.18/self_attn/Mul_8,n1_i3::op_type::layers.*/self_attn::Multiply,op,/model/layers.18/self_attn/Mul_8,layers.*/self_attn,/model/layers.18/self_attn/Mul_8,Multiply,,,,,performance,gtpin_total_execution_cycles,5221554,cycles,1,1024,5221554
n1_i3,3,1,3,n1_i3::op::/model/layers.18/self_attn/Softmax,n1_i3::op_type::layers.*/self_attn::Softmax,op,/model/layers.18/self_attn/Softmax,layers.*/self_attn,/model/layers.18/self_attn/Softmax,Softmax,,,,,performance,gtpin_total_execution_cycles,8068359,cycles,1,512,8068359
n1_i3,3,1,3,n1_i3::op::/model/layers.18/self_attn/Transpose_2,n1_i3::op_type::layers.*/self_attn::Transpose,op,/model/layers.18/self_attn/Transpose_2,layers.*/self_attn,/model/layers.18/self_attn/Transpose_2,Transpose,,,,,performance,gtpin_total_execution_cycles,454058,cycles,1,128,454058
n1_i3,3,1,3,n1_i3::op::/model/layers.18/self_attn/Transpose_3,n1_i3::op_type::layers.*/self_attn::Transpose,op,/model/layers.18/self_attn/Transpose_3,layers.*/self_attn,/model/layers.18/self_attn/Transpose_3,Transpose,,,,,performance,gtpin_total_execution_cycles,6308932,cycles,1,1024,6308932
n1_i3,3,1,3,n1_i3::op::/model/layers.18/self_attn/Transpose_4,n1_i3::op_type::layers.*/self_attn::Gemm,op,/model/layers.18/self_attn/Transpose_4,layers.*/self_attn,/model/layers.18/self_attn/Transpose_4,Gemm,,,,,performance,gtpin_total_execution_cycles,2055608,cycles,1,64,2055608
n1_i3,3,1,3,n1_i3::op::/model/layers.18/self_attn/Where_2,n1_i3::op_type::layers.*/self_attn::Select,op,/model/layers.18/self_attn/Where_2,layers.*/self_attn,/model/layers.18/self_attn/Where_2,Select,,,,,performance,gtpin_total_execution_cycles,39960,cycles,1,8,39960
n1_i3,3,1,3,n1_i3::op::/model/layers.18/self_attn/Where_3,n1_i3::op_type::layers.*/self_attn::Select,op,/model/layers.18/self_attn/Where_3,layers.*/self_attn,/model/layers.18/self_attn/Where_3,Select,,,,,performance,gtpin_total_execution_cycles,1418020,cycles,1,256,1418020
n1_i3,3,1,3,n1_i3::op::/model/layers.18/self_attn/k_proj/MatMul,n1_i3::op_type::layers.*/self_attn::FullyConnected,op,/model/layers.18/self_attn/k_proj/MatMul,layers.*/self_attn,/model/layers.18/self_attn/k_proj/MatMul,FullyConnected,,,,,performance,gtpin_total_execution_cycles,3882710,cycles,1,8,3882710
n1_i3,3,1,3,n1_i3::op::/model/layers.18/self_attn/o_proj/MatMul,n1_i3::op_type::layers.*/self_attn::FullyConnected,op,/model/layers.18/self_attn/o_proj/MatMul,layers.*/self_attn,/model/layers.18/self_attn/o_proj/MatMul,FullyConnected,,,,,performance,gtpin_total_execution_cycles,30333820,cycles,1,64,30333820
n1_i3,3,1,3,n1_i3::op::/model/layers.18/self_attn/q_proj/MatMul,n1_i3::op_type::layers.*/self_attn::FullyConnected,op,/model/layers.18/self_attn/q_proj/MatMul,layers.*/self_attn,/model/layers.18/self_attn/q_proj/MatMul,FullyConnected,,,,,performance,gtpin_total_execution_cycles,30114802,cycles,1,64,30114802
n1_i3,3,1,3,n1_i3::op::/model/layers.18/self_attn/v_proj/MatMul,n1_i3::op_type::layers.*/self_attn::FullyConnected,op,/model/layers.18/self_attn/v_proj/MatMul,layers.*/self_attn,/model/layers.18/self_attn/v_proj/MatMul,FullyConnected,,,,,performance,gtpin_total_execution_cycles,3693860,cycles,1,8,3693860
n1_i3,3,1,3,n1_i3::op::/model/layers.19/input_layernorm/Mul,n1_i3::op_type::layers.*/input_layernorm::RMS,op,/model/layers.19/input_layernorm/Mul,layers.*/input_layernorm,/model/layers.19/input_layernorm/Mul,RMS,,,,,performance,gtpin_total_execution_cycles,1925676,cycles,1,256,1925676
n1_i3,3,1,3,n1_i3::op::/model/layers.19/mlp/down_proj/MatMul,n1_i3::op_type::layers.*/mlp::FullyConnected,op,/model/layers.19/mlp/down_proj/MatMul,layers.*/mlp,/model/layers.19/mlp/down_proj/MatMul,FullyConnected,,,,,performance,gtpin_total_execution_cycles,75749454,cycles,1,64,75749454
n1_i3,3,1,3,n1_i3::op::/model/layers.19/mlp/gate_proj/MatMul,n1_i3::op_type::layers.*/mlp::FullyConnected,op,/model/layers.19/mlp/gate_proj/MatMul,layers.*/mlp,/model/layers.19/mlp/gate_proj/MatMul,FullyConnected,,,,,performance,gtpin_total_execution_cycles,104948162,cycles,1,176,104948162
n1_i3,3,1,3,n1_i3::op::/model/layers.19/mlp/up_proj/MatMul,n1_i3::op_type::layers.*/mlp::FullyConnected,op,/model/layers.19/mlp/up_proj/MatMul,layers.*/mlp,/model/layers.19/mlp/up_proj/MatMul,FullyConnected,,,,,performance,gtpin_total_execution_cycles,101249464,cycles,1,176,101249464
n1_i3,3,1,3,n1_i3::op::/model/layers.19/post_attention_layernorm/Mul,n1_i3::op_type::layers.*/post_attention_layernorm::RMS,op,/model/layers.19/post_attention_layernorm/Mul,layers.*/post_attention_layernorm,/model/layers.19/post_attention_layernorm/Mul,RMS,,,,,performance,gtpin_total_execution_cycles,1888462,cycles,1,256,1888462
n1_i3,3,1,3,n1_i3::op::/model/layers.19/self_attn/Add,n1_i3::op_type::layers.*/self_attn::RoPE,op,/model/layers.19/self_attn/Add,layers.*/self_attn,/model/layers.19/self_attn/Add,RoPE,,,,,performance,gtpin_total_execution_cycles,829444,cycles,1,64,829444
n1_i3,3,1,3,n1_i3::op::/model/layers.19/self_attn/Add_1,n1_i3::op_type::layers.*/self_attn::RoPE,op,/model/layers.19/self_attn/Add_1,layers.*/self_attn,/model/layers.19/self_attn/Add_1,RoPE,,,,,performance,gtpin_total_execution_cycles,64428,cycles,1,8,64428
n1_i3,3,1,3,n1_i3::op::/model/layers.19/self_attn/Expand,n1_i3::op_type::layers.*/self_attn::Broadcast,op,/model/layers.19/self_attn/Expand,layers.*/self_attn,/model/layers.19/self_attn/Expand,Broadcast,,,,,performance,gtpin_total_execution_cycles,3761074,cycles,1,1024,3761074
n1_i3,3,1,3,n1_i3::op::/model/layers.19/self_attn/Expand_1,n1_i3::op_type::layers.*/self_attn::Broadcast,op,/model/layers.19/self_attn/Expand_1,layers.*/self_attn,/model/layers.19/self_attn/Expand_1,Broadcast,,,,,performance,gtpin_total_execution_cycles,4477468,cycles,1,1024,4477468
n1_i3,3,1,3,n1_i3::op::/model/layers.19/self_attn/IsNaN,n1_i3::op_type::layers.*/self_attn::IsNaN,op,/model/layers.19/self_attn/IsNaN,layers.*/self_attn,/model/layers.19/self_attn/IsNaN,IsNaN,,,,,performance,gtpin_total_execution_cycles,1212652,cycles,1,256,1212652
n1_i3,3,1,3,n1_i3::op::/model/layers.19/self_attn/MatMul,n1_i3::op_type::layers.*/self_attn::Gemm,op,/model/layers.19/self_attn/MatMul,layers.*/self_attn,/model/layers.19/self_attn/MatMul,Gemm,,,,,performance,gtpin_total_execution_cycles,3480340,cycles,1,32,3480340
n1_i3,3,1,3,n1_i3::op::/model/layers.19/self_attn/Mul_8,n1_i3::op_type::layers.*/self_attn::Multiply,op,/model/layers.19/self_attn/Mul_8,layers.*/self_attn,/model/layers.19/self_attn/Mul_8,Multiply,,,,,performance,gtpin_total_execution_cycles,4629884,cycles,1,1024,4629884
n1_i3,3,1,3,n1_i3::op::/model/layers.19/self_attn/Softmax,n1_i3::op_type::layers.*/self_attn::Softmax,op,/model/layers.19/self_attn/Softmax,layers.*/self_attn,/model/layers.19/self_attn/Softmax,Softmax,,,,,performance,gtpin_total_execution_cycles,7999583,cycles,1,512,7999583
n1_i3,3,1,3,n1_i3::op::/model/layers.19/self_attn/Transpose_2,n1_i3::op_type::layers.*/self_attn::Transpose,op,/model/layers.19/self_attn/Transpose_2,layers.*/self_attn,/model/layers.19/self_attn/Transpose_2,Transpose,,,,,performance,gtpin_total_execution_cycles,486688,cycles,1,128,486688
n1_i3,3,1,3,n1_i3::op::/model/layers.19/self_attn/Transpose_3,n1_i3::op_type::layers.*/self_attn::Transpose,op,/model/layers.19/self_attn/Transpose_3,layers.*/self_attn,/model/layers.19/self_attn/Transpose_3,Transpose,,,,,performance,gtpin_total_execution_cycles,5353846,cycles,1,1024,5353846
n1_i3,3,1,3,n1_i3::op::/model/layers.19/self_attn/Transpose_4,n1_i3::op_type::layers.*/self_attn::Gemm,op,/model/layers.19/self_attn/Transpose_4,layers.*/self_attn,/model/layers.19/self_attn/Transpose_4,Gemm,,,,,performance,gtpin_total_execution_cycles,2238912,cycles,1,64,2238912
n1_i3,3,1,3,n1_i3::op::/model/layers.19/self_attn/Where_2,n1_i3::op_type::layers.*/self_attn::Select,op,/model/layers.19/self_attn/Where_2,layers.*/self_attn,/model/layers.19/self_attn/Where_2,Select,,,,,performance,gtpin_total_execution_cycles,46288,cycles,1,8,46288
n1_i3,3,1,3,n1_i3::op::/model/layers.19/self_attn/Where_3,n1_i3::op_type::layers.*/self_attn::Select,op,/model/layers.19/self_attn/Where_3,layers.*/self_attn,/model/layers.19/self_attn/Where_3,Select,,,,,performance,gtpin_total_execution_cycles,1385804,cycles,1,256,1385804
n1_i3,3,1,3,n1_i3::op::/model/layers.19/self_attn/k_proj/MatMul,n1_i3::op_type::layers.*/self_attn::FullyConnected,op,/model/layers.19/self_attn/k_proj/MatMul,layers.*/self_attn,/model/layers.19/self_attn/k_proj/MatMul,FullyConnected,,,,,performance,gtpin_total_execution_cycles,3693990,cycles,1,8,3693990
n1_i3,3,1,3,n1_i3::op::/model/layers.19/self_attn/o_proj/MatMul,n1_i3::op_type::layers.*/self_attn::FullyConnected,op,/model/layers.19/self_attn/o_proj/MatMul,layers.*/self_attn,/model/layers.19/self_attn/o_proj/MatMul,FullyConnected,,,,,performance,gtpin_total_execution_cycles,28146054,cycles,1,64,28146054
n1_i3,3,1,3,n1_i3::op::/model/layers.19/self_attn/q_proj/MatMul,n1_i3::op_type::layers.*/self_attn::FullyConnected,op,/model/layers.19/self_attn/q_proj/MatMul,layers.*/self_attn,/model/layers.19/self_attn/q_proj/MatMul,FullyConnected,,,,,performance,gtpin_total_execution_cycles,28734876,cycles,1,64,28734876
n1_i3,3,1,3,n1_i3::op::/model/layers.19/self_attn/v_proj/MatMul,n1_i3::op_type::layers.*/self_attn::FullyConnected,op,/model/layers.19/self_attn/v_proj/MatMul,layers.*/self_attn,/model/layers.19/self_attn/v_proj/MatMul,FullyConnected,,,,,performance,gtpin_total_execution_cycles,3507770,cycles,1,8,3507770
n1_i3,3,1,3,n1_i3::op::/model/layers.2/input_layernorm/Mul,n1_i3::op_type::layers.*/input_layernorm::RMS,op,/model/layers.2/input_layernorm/Mul,layers.*/input_layernorm,/model/layers.2/input_layernorm/Mul,RMS,,,,,performance,gtpin_total_execution_cycles,1765562,cycles,1,256,1765562
n1_i3,3,1,3,n1_i3::op::/model/layers.2/mlp/down_proj/MatMul,n1_i3::op_type::layers.*/mlp::FullyConnected,op,/model/layers.2/mlp/down_proj/MatMul,layers.*/mlp,/model/layers.2/mlp/down_proj/MatMul,FullyConnected,,,,,performance,gtpin_total_execution_cycles,79757780,cycles,1,64,79757780
n1_i3,3,1,3,n1_i3::op::/model/layers.2/mlp/gate_proj/MatMul,n1_i3::op_type::layers.*/mlp::FullyConnected,op,/model/layers.2/mlp/gate_proj/MatMul,layers.*/mlp,/model/layers.2/mlp/gate_proj/MatMul,FullyConnected,,,,,performance,gtpin_total_execution_cycles,151827454,cycles,1,176,151827454
n1_i3,3,1,3,n1_i3::op::/model/layers.2/mlp/up_proj/MatMul,n1_i3::op_type::layers.*/mlp::FullyConnected,op,/model/layers.2/mlp/up_proj/MatMul,layers.*/mlp,/model/layers.2/mlp/up_proj/MatMul,FullyConnected,,,,,performance,gtpin_total_execution_cycles,111257466,cycles,1,176,111257466
n1_i3,3,1,3,n1_i3::op::/model/layers.2/post_attention_layernorm/Mul,n1_i3::op_type::layers.*/post_attention_layernorm::RMS,op,/model/layers.2/post_attention_layernorm/Mul,layers.*/post_attention_layernorm,/model/layers.2/post_attention_layernorm/Mul,RMS,,,,,performance,gtpin_total_execution_cycles,1990276,cycles,1,256,1990276
n1_i3,3,1,3,n1_i3::op::/model/layers.2/self_attn/Add,n1_i3::op_type::layers.*/self_attn::RoPE,op,/model/layers.2/self_attn/Add,layers.*/self_attn,/model/layers.2/self_attn/Add,RoPE,,,,,performance,gtpin_total_execution_cycles,981820,cycles,1,64,981820
n1_i3,3,1,3,n1_i3::op::/model/layers.2/self_attn/Add_1,n1_i3::op_type::layers.*/self_attn::RoPE,op,/model/layers.2/self_attn/Add_1,layers.*/self_attn,/model/layers.2/self_attn/Add_1,RoPE,,,,,performance,gtpin_total_execution_cycles,69388,cycles,1,8,69388
n1_i3,3,1,3,n1_i3::op::/model/layers.2/self_attn/Expand,n1_i3::op_type::layers.*/self_attn::Broadcast,op,/model/layers.2/self_attn/Expand,layers.*/self_attn,/model/layers.2/self_attn/Expand,Broadcast,,,,,performance,gtpin_total_execution_cycles,5654978,cycles,1,1024,5654978
n1_i3,3,1,3,n1_i3::op::/model/layers.2/self_attn/Expand_1,n1_i3::op_type::layers.*/self_attn::Broadcast,op,/model/layers.2/self_attn/Expand_1,layers.*/self_attn,/model/layers.2/self_attn/Expand_1,Broadcast,,,,,performance,gtpin_total_execution_cycles,3772348,cycles,1,1024,3772348
n1_i3,3,1,3,n1_i3::op::/model/layers.2/self_attn/IsNaN,n1_i3::op_type::layers.*/self_attn::IsNaN,op,/model/layers.2/self_attn/IsNaN,layers.*/self_attn,/model/layers.2/self_attn/IsNaN,IsNaN,,,,,performance,gtpin_total_execution_cycles,1195460,cycles,1,256,1195460
n1_i3,3,1,3,n1_i3::op::/model/layers.2/self_attn/MatMul,n1_i3::op_type::layers.*/self_attn::Gemm,op,/model/layers.2/self_attn/MatMul,layers.*/self_attn,/model/layers.2/self_attn/MatMul,Gemm,,,,,performance,gtpin_total_execution_cycles,3451496,cycles,1,32,3451496
n1_i3,3,1,3,n1_i3::op::/model/layers.2/self_attn/Mul_8,n1_i3::op_type::layers.*/self_attn::Multiply,op,/model/layers.2/self_attn/Mul_8,layers.*/self_attn,/model/layers.2/self_attn/Mul_8,Multiply,,,,,performance,gtpin_total_execution_cycles,5141982,cycles,1,1024,5141982
n1_i3,3,1,3,n1_i3::op::/model/layers.2/self_attn/Softmax,n1_i3::op_type::layers.*/self_attn::Softmax,op,/model/layers.2/self_attn/Softmax,layers.*/self_attn,/model/layers.2/self_attn/Softmax,Softmax,,,,,performance,gtpin_total_execution_cycles,8339945,cycles,1,512,8339945
n1_i3,3,1,3,n1_i3::op::/model/layers.2/self_attn/Transpose_2,n1_i3::op_type::layers.*/self_attn::Transpose,op,/model/layers.2/self_attn/Transpose_2,layers.*/self_attn,/model/layers.2/self_attn/Transpose_2,Transpose,,,,,performance,gtpin_total_execution_cycles,517578,cycles,1,128,517578
n1_i3,3,1,3,n1_i3::op::/model/layers.2/self_attn/Transpose_3,n1_i3::op_type::layers.*/self_attn::Transpose,op,/model/layers.2/self_attn/Transpose_3,layers.*/self_attn,/model/layers.2/self_attn/Transpose_3,Transpose,,,,,performance,gtpin_total_execution_cycles,5115282,cycles,1,1024,5115282
n1_i3,3,1,3,n1_i3::op::/model/layers.2/self_attn/Transpose_4,n1_i3::op_type::layers.*/self_attn::Gemm,op,/model/layers.2/self_attn/Transpose_4,layers.*/self_attn,/model/layers.2/self_attn/Transpose_4,Gemm,,,,,performance,gtpin_total_execution_cycles,2027744,cycles,1,64,2027744
n1_i3,3,1,3,n1_i3::op::/model/layers.2/self_attn/Where_2,n1_i3::op_type::layers.*/self_attn::Select,op,/model/layers.2/self_attn/Where_2,layers.*/self_attn,/model/layers.2/self_attn/Where_2,Select,,,,,performance,gtpin_total_execution_cycles,38262,cycles,1,8,38262
n1_i3,3,1,3,n1_i3::op::/model/layers.2/self_attn/Where_3,n1_i3::op_type::layers.*/self_attn::Select,op,/model/layers.2/self_attn/Where_3,layers.*/self_attn,/model/layers.2/self_attn/Where_3,Select,,,,,performance,gtpin_total_execution_cycles,1717716,cycles,1,256,1717716
n1_i3,3,1,3,n1_i3::op::/model/layers.2/self_attn/k_proj/MatMul,n1_i3::op_type::layers.*/self_attn::FullyConnected,op,/model/layers.2/self_attn/k_proj/MatMul,layers.*/self_attn,/model/layers.2/self_attn/k_proj/MatMul,FullyConnected,,,,,performance,gtpin_total_execution_cycles,3810654,cycles,1,8,3810654
n1_i3,3,1,3,n1_i3::op::/model/layers.2/self_attn/o_proj/MatMul,n1_i3::op_type::layers.*/self_attn::FullyConnected,op,/model/layers.2/self_attn/o_proj/MatMul,layers.*/self_attn,/model/layers.2/self_attn/o_proj/MatMul,FullyConnected,,,,,performance,gtpin_total_execution_cycles,28663372,cycles,1,64,28663372
n1_i3,3,1,3,n1_i3::op::/model/layers.2/self_attn/q_proj/MatMul,n1_i3::op_type::layers.*/self_attn::FullyConnected,op,/model/layers.2/self_attn/q_proj/MatMul,layers.*/self_attn,/model/layers.2/self_attn/q_proj/MatMul,FullyConnected,,,,,performance,gtpin_total_execution_cycles,29610774,cycles,1,64,29610774
n1_i3,3,1,3,n1_i3::op::/model/layers.2/self_attn/v_proj/MatMul,n1_i3::op_type::layers.*/self_attn::FullyConnected,op,/model/layers.2/self_attn/v_proj/MatMul,layers.*/self_attn,/model/layers.2/self_attn/v_proj/MatMul,FullyConnected,,,,,performance,gtpin_total_execution_cycles,3627178,cycles,1,8,3627178
n1_i3,3,1,3,n1_i3::op::/model/layers.20/input_layernorm/Mul,n1_i3::op_type::layers.*/input_layernorm::RMS,op,/model/layers.20/input_layernorm/Mul,layers.*/input_layernorm,/model/layers.20/input_layernorm/Mul,RMS,,,,,performance,gtpin_total_execution_cycles,1663502,cycles,1,256,1663502
n1_i3,3,1,3,n1_i3::op::/model/layers.20/mlp/down_proj/MatMul,n1_i3::op_type::layers.*/mlp::FullyConnected,op,/model/layers.20/mlp/down_proj/MatMul,layers.*/mlp,/model/layers.20/mlp/down_proj/MatMul,FullyConnected,,,,,performance,gtpin_total_execution_cycles,79860548,cycles,1,64,79860548
n1_i3,3,1,3,n1_i3::op::/model/layers.20/mlp/gate_proj/MatMul,n1_i3::op_type::layers.*/mlp::FullyConnected,op,/model/layers.20/mlp/gate_proj/MatMul,layers.*/mlp,/model/layers.20/mlp/gate_proj/MatMul,FullyConnected,,,,,performance,gtpin_total_execution_cycles,130453824,cycles,1,176,130453824
n1_i3,3,1,3,n1_i3::op::/model/layers.20/mlp/up_proj/MatMul,n1_i3::op_type::layers.*/mlp::FullyConnected,op,/model/layers.20/mlp/up_proj/MatMul,layers.*/mlp,/model/layers.20/mlp/up_proj/MatMul,FullyConnected,,,,,performance,gtpin_total_execution_cycles,121212512,cycles,1,176,121212512
n1_i3,3,1,3,n1_i3::op::/model/layers.20/post_attention_layernorm/Mul,n1_i3::op_type::layers.*/post_attention_layernorm::RMS,op,/model/layers.20/post_attention_layernorm/Mul,layers.*/post_attention_layernorm,/model/layers.20/post_attention_layernorm/Mul,RMS,,,,,performance,gtpin_total_execution_cycles,1963648,cycles,1,256,1963648
n1_i3,3,1,3,n1_i3::op::/model/layers.20/self_attn/Add,n1_i3::op_type::layers.*/self_attn::RoPE,op,/model/layers.20/self_attn/Add,layers.*/self_attn,/model/layers.20/self_attn/Add,RoPE,,,,,performance,gtpin_total_execution_cycles,912946,cycles,1,64,912946
n1_i3,3,1,3,n1_i3::op::/model/layers.20/self_attn/Add_1,n1_i3::op_type::layers.*/self_attn::RoPE,op,/model/layers.20/self_attn/Add_1,layers.*/self_attn,/model/layers.20/self_attn/Add_1,RoPE,,,,,performance,gtpin_total_execution_cycles,61122,cycles,1,8,61122
n1_i3,3,1,3,n1_i3::op::/model/layers.20/self_attn/Expand,n1_i3::op_type::layers.*/self_attn::Broadcast,op,/model/layers.20/self_attn/Expand,layers.*/self_attn,/model/layers.20/self_attn/Expand,Broadcast,,,,,performance,gtpin_total_execution_cycles,3704674,cycles,1,1024,3704674
n1_i3,3,1,3,n1_i3::op::/model/layers.20/self_attn/Expand_1,n1_i3::op_type::layers.*/self_attn::Broadcast,op,/model/layers.20/self_attn/Expand_1,layers.*/self_attn,/model/layers.20/self_attn/Expand_1,Broadcast,,,,,performance,gtpin_total_execution_cycles,4506370,cycles,1,1024,4506370
n1_i3,3,1,3,n1_i3::op::/model/layers.20/self_attn/IsNaN,n1_i3::op_type::layers.*/self_attn::IsNaN,op,/model/layers.20/self_attn/IsNaN,layers.*/self_attn,/model/layers.20/self_attn/IsNaN,IsNaN,,,,,performance,gtpin_total_execution_cycles,1309658,cycles,1,256,1309658
n1_i3,3,1,3,n1_i3::op::/model/layers.20/self_attn/MatMul,n1_i3::op_type::layers.*/self_attn::Gemm,op,/model/layers.20/self_attn/MatMul,layers.*/self_attn,/model/layers.20/self_attn/MatMul,Gemm,,,,,performance,gtpin_total_execution_cycles,3835498,cycles,1,32,3835498
n1_i3,3,1,3,n1_i3::op::/model/layers.20/self_attn/Mul_8,n1_i3::op_type::layers.*/self_attn::Multiply,op,/model/layers.20/self_attn/Mul_8,layers.*/self_attn,/model/layers.20/self_attn/Mul_8,Multiply,,,,,performance,gtpin_total_execution_cycles,5164758,cycles,1,1024,5164758
n1_i3,3,1,3,n1_i3::op::/model/layers.20/self_attn/Softmax,n1_i3::op_type::layers.*/self_attn::Softmax,op,/model/layers.20/self_attn/Softmax,layers.*/self_attn,/model/layers.20/self_attn/Softmax,Softmax,,,,,performance,gtpin_total_execution_cycles,8067956,cycles,1,512,8067956
n1_i3,3,1,3,n1_i3::op::/model/layers.20/self_attn/Transpose_2,n1_i3::op_type::layers.*/self_attn::Transpose,op,/model/layers.20/self_attn/Transpose_2,layers.*/self_attn,/model/layers.20/self_attn/Transpose_2,Transpose,,,,,performance,gtpin_total_execution_cycles,468568,cycles,1,128,468568
n1_i3,3,1,3,n1_i3::op::/model/layers.20/self_attn/Transpose_3,n1_i3::op_type::layers.*/self_attn::Transpose,op,/model/layers.20/self_attn/Transpose_3,layers.*/self_attn,/model/layers.20/self_attn/Transpose_3,Transpose,,,,,performance,gtpin_total_execution_cycles,4892370,cycles,1,1024,4892370
n1_i3,3,1,3,n1_i3::op::/model/layers.20/self_attn/Transpose_4,n1_i3::op_type::layers.*/self_attn::Gemm,op,/model/layers.20/self_attn/Transpose_4,layers.*/self_attn,/model/layers.20/self_attn/Transpose_4,Gemm,,,,,performance,gtpin_total_execution_cycles,2044206,cycles,1,64,2044206
n1_i3,3,1,3,n1_i3::op::/model/layers.20/self_attn/Where_2,n1_i3::op_type::layers.*/self_attn::Select,op,/model/layers.20/self_attn/Where_2,layers.*/self_attn,/model/layers.20/self_attn/Where_2,Select,,,,,performance,gtpin_total_execution_cycles,45088,cycles,1,8,45088
n1_i3,3,1,3,n1_i3::op::/model/layers.20/self_attn/Where_3,n1_i3::op_type::layers.*/self_attn::Select,op,/model/layers.20/self_attn/Where_3,layers.*/self_attn,/model/layers.20/self_attn/Where_3,Select,,,,,performance,gtpin_total_execution_cycles,1370208,cycles,1,256,1370208
n1_i3,3,1,3,n1_i3::op::/model/layers.20/self_attn/k_proj/MatMul,n1_i3::op_type::layers.*/self_attn::FullyConnected,op,/model/layers.20/self_attn/k_proj/MatMul,layers.*/self_attn,/model/layers.20/self_attn/k_proj/MatMul,FullyConnected,,,,,performance,gtpin_total_execution_cycles,3722544,cycles,1,8,3722544
n1_i3,3,1,3,n1_i3::op::/model/layers.20/self_attn/o_proj/MatMul,n1_i3::op_type::layers.*/self_attn::FullyConnected,op,/model/layers.20/self_attn/o_proj/MatMul,layers.*/self_attn,/model/layers.20/self_attn/o_proj/MatMul,FullyConnected,,,,,performance,gtpin_total_execution_cycles,30036802,cycles,1,64,30036802
n1_i3,3,1,3,n1_i3::op::/model/layers.20/self_attn/q_proj/MatMul,n1_i3::op_type::layers.*/self_attn::FullyConnected,op,/model/layers.20/self_attn/q_proj/MatMul,layers.*/self_attn,/model/layers.20/self_attn/q_proj/MatMul,FullyConnected,,,,,performance,gtpin_total_execution_cycles,28841808,cycles,1,64,28841808
n1_i3,3,1,3,n1_i3::op::/model/layers.20/self_attn/v_proj/MatMul,n1_i3::op_type::layers.*/self_attn::FullyConnected,op,/model/layers.20/self_attn/v_proj/MatMul,layers.*/self_attn,/model/layers.20/self_attn/v_proj/MatMul,FullyConnected,,,,,performance,gtpin_total_execution_cycles,3517630,cycles,1,8,3517630
n1_i3,3,1,3,n1_i3::op::/model/layers.21/input_layernorm/Mul,n1_i3::op_type::layers.*/input_layernorm::RMS,op,/model/layers.21/input_layernorm/Mul,layers.*/input_layernorm,/model/layers.21/input_layernorm/Mul,RMS,,,,,performance,gtpin_total_execution_cycles,1987588,cycles,1,256,1987588
n1_i3,3,1,3,n1_i3::op::/model/layers.21/mlp/down_proj/MatMul,n1_i3::op_type::layers.*/mlp::FullyConnected,op,/model/layers.21/mlp/down_proj/MatMul,layers.*/mlp,/model/layers.21/mlp/down_proj/MatMul,FullyConnected,,,,,performance,gtpin_total_execution_cycles,76530568,cycles,1,64,76530568
n1_i3,3,1,3,n1_i3::op::/model/layers.21/mlp/gate_proj/MatMul,n1_i3::op_type::layers.*/mlp::FullyConnected,op,/model/layers.21/mlp/gate_proj/MatMul,layers.*/mlp,/model/layers.21/mlp/gate_proj/MatMul,FullyConnected,,,,,performance,gtpin_total_execution_cycles,154437006,cycles,1,176,154437006
n1_i3,3,1,3,n1_i3::op::/model/layers.21/mlp/up_proj/MatMul,n1_i3::op_type::layers.*/mlp::FullyConnected,op,/model/layers.21/mlp/up_proj/MatMul,layers.*/mlp,/model/layers.21/mlp/up_proj/MatMul,FullyConnected,,,,,performance,gtpin_total_execution_cycles,115425742,cycles,1,176,115425742
n1_i3,3,1,3,n1_i3::op::/model/layers.21/post_attention_layernorm/Mul,n1_i3::op_type::layers.*/post_attention_layernorm::RMS,op,/model/layers.21/post_attention_layernorm/Mul,layers.*/post_attention_layernorm,/model/layers.21/post_attention_layernorm/Mul,RMS,,,,,performance,gtpin_total_execution_cycles,2087620,cycles,1,256,2087620
n1_i3,3,1,3,n1_i3::op::/model/layers.21/self_attn/Add,n1_i3::op_type::layers.*/self_attn::RoPE,op,/model/layers.21/self_attn/Add,layers.*/self_attn,/model/layers.21/self_attn/Add,RoPE,,,,,performance,gtpin_total_execution_cycles,908948,cycles,1,64,908948
n1_i3,3,1,3,n1_i3::op::/model/layers.21/self_attn/Add_1,n1_i3::op_type::layers.*/self_attn::RoPE,op,/model/layers.21/self_attn/Add_1,layers.*/self_attn,/model/layers.21/self_attn/Add_1,RoPE,,,,,performance,gtpin_total_execution_cycles,71254,cycles,1,8,71254
n1_i3,3,1,3,n1_i3::op::/model/layers.21/self_attn/Expand,n1_i3::op_type::layers.*/self_attn::Broadcast,op,/model/layers.21/self_attn/Expand,layers.*/self_attn,/model/layers.21/self_attn/Expand,Broadcast,,,,,performance,gtpin_total_execution_cycles,5603600,cycles,1,1024,5603600
n1_i3,3,1,3,n1_i3::op::/model/layers.21/self_attn/Expand_1,n1_i3::op_type::layers.*/self_attn::Broadcast,op,/model/layers.21/self_attn/Expand_1,layers.*/self_attn,/model/layers.21/self_attn/Expand_1,Broadcast,,,,,performance,gtpin_total_execution_cycles,4275280,cycles,1,1024,4275280
n1_i3,3,1,3,n1_i3::op::/model/layers.21/self_attn/IsNaN,n1_i3::op_type::layers.*/self_attn::IsNaN,op,/model/layers.21/self_attn/IsNaN,layers.*/self_attn,/model/layers.21/self_attn/IsNaN,IsNaN,,,,,performance,gtpin_total_execution_cycles,1143100,cycles,1,256,1143100
n1_i3,3,1,3,n1_i3::op::/model/layers.21/self_attn/MatMul,n1_i3::op_type::layers.*/self_attn::Gemm,op,/model/layers.21/self_attn/MatMul,layers.*/self_attn,/model/layers.21/self_attn/MatMul,Gemm,,,,,performance,gtpin_total_execution_cycles,3465008,cycles,1,32,3465008
n1_i3,3,1,3,n1_i3::op::/model/layers.21/self_attn/Mul_8,n1_i3::op_type::layers.*/self_attn::Multiply,op,/model/layers.21/self_attn/Mul_8,layers.*/self_attn,/model/layers.21/self_attn/Mul_8,Multiply,,,,,performance,gtpin_total_execution_cycles,4948204,cycles,1,1024,4948204
n1_i3,3,1,3,n1_i3::op::/model/layers.21/self_attn/Softmax,n1_i3::op_type::layers.*/self_attn::Softmax,op,/model/layers.21/self_attn/Softmax,layers.*/self_attn,/model/layers.21/self_attn/Softmax,Softmax,,,,,performance,gtpin_total_execution_cycles,8082618,cycles,1,512,8082618
n1_i3,3,1,3,n1_i3::op::/model/layers.21/self_attn/Transpose_2,n1_i3::op_type::layers.*/self_attn::Transpose,op,/model/layers.21/self_attn/Transpose_2,layers.*/self_attn,/model/layers.21/self_attn/Transpose_2,Transpose,,,,,performance,gtpin_total_execution_cycles,499628,cycles,1,128,499628
n1_i3,3,1,3,n1_i3::op::/model/layers.21/self_attn/Transpose_3,n1_i3::op_type::layers.*/self_attn::Transpose,op,/model/layers.21/self_attn/Transpose_3,layers.*/self_attn,/model/layers.21/self_attn/Transpose_3,Transpose,,,,,performance,gtpin_total_execution_cycles,5825054,cycles,1,1024,5825054
n1_i3,3,1,3,n1_i3::op::/model/layers.21/self_attn/Transpose_4,n1_i3::op_type::layers.*/self_attn::Gemm,op,/model/layers.21/self_attn/Transpose_4,layers.*/self_attn,/model/layers.21/self_attn/Transpose_4,Gemm,,,,,performance,gtpin_total_execution_cycles,2008568,cycles,1,64,2008568
n1_i3,3,1,3,n1_i3::op::/model/layers.21/self_attn/Where_2,n1_i3::op_type::layers.*/self_attn::Select,op,/model/layers.21/self_attn/Where_2,layers.*/self_attn,/model/layers.21/self_attn/Where_2,Select,,,,,performance,gtpin_total_execution_cycles,38896,cycles,1,8,38896
n1_i3,3,1,3,n1_i3::op::/model/layers.21/self_attn/Where_3,n1_i3::op_type::layers.*/self_attn::Select,op,/model/layers.21/self_attn/Where_3,layers.*/self_attn,/model/layers.21/self_attn/Where_3,Select,,,,,performance,gtpin_total_execution_cycles,1426344,cycles,1,256,1426344
n1_i3,3,1,3,n1_i3::op::/model/layers.21/self_attn/k_proj/MatMul,n1_i3::op_type::layers.*/self_attn::FullyConnected,op,/model/layers.21/self_attn/k_proj/MatMul,layers.*/self_attn,/model/layers.21/self_attn/k_proj/MatMul,FullyConnected,,,,,performance,gtpin_total_execution_cycles,3950806,cycles,1,8,3950806
n1_i3,3,1,3,n1_i3::op::/model/layers.21/self_attn/o_proj/MatMul,n1_i3::op_type::layers.*/self_attn::FullyConnected,op,/model/layers.21/self_attn/o_proj/MatMul,layers.*/self_attn,/model/layers.21/self_attn/o_proj/MatMul,FullyConnected,,,,,performance,gtpin_total_execution_cycles,29065274,cycles,1,64,29065274
n1_i3,3,1,3,n1_i3::op::/model/layers.21/self_attn/q_proj/MatMul,n1_i3::op_type::layers.*/self_attn::FullyConnected,op,/model/layers.21/self_attn/q_proj/MatMul,layers.*/self_attn,/model/layers.21/self_attn/q_proj/MatMul,FullyConnected,,,,,performance,gtpin_total_execution_cycles,30842204,cycles,1,64,30842204
n1_i3,3,1,3,n1_i3::op::/model/layers.21/self_attn/v_proj/MatMul,n1_i3::op_type::layers.*/self_attn::FullyConnected,op,/model/layers.21/self_attn/v_proj/MatMul,layers.*/self_attn,/model/layers.21/self_attn/v_proj/MatMul,FullyConnected,,,,,performance,gtpin_total_execution_cycles,3760854,cycles,1,8,3760854
n1_i3,3,1,3,n1_i3::op::/model/layers.3/input_layernorm/Mul,n1_i3::op_type::layers.*/input_layernorm::RMS,op,/model/layers.3/input_layernorm/Mul,layers.*/input_layernorm,/model/layers.3/input_layernorm/Mul,RMS,,,,,performance,gtpin_total_execution_cycles,2039524,cycles,1,256,2039524
n1_i3,3,1,3,n1_i3::op::/model/layers.3/mlp/down_proj/MatMul,n1_i3::op_type::layers.*/mlp::FullyConnected,op,/model/layers.3/mlp/down_proj/MatMul,layers.*/mlp,/model/layers.3/mlp/down_proj/MatMul,FullyConnected,,,,,performance,gtpin_total_execution_cycles,75272248,cycles,1,64,75272248
n1_i3,3,1,3,n1_i3::op::/model/layers.3/mlp/gate_proj/MatMul,n1_i3::op_type::layers.*/mlp::FullyConnected,op,/model/layers.3/mlp/gate_proj/MatMul,layers.*/mlp,/model/layers.3/mlp/gate_proj/MatMul,FullyConnected,,,,,performance,gtpin_total_execution_cycles,117076146,cycles,1,176,117076146
n1_i3,3,1,3,n1_i3::op::/model/layers.3/mlp/up_proj/MatMul,n1_i3::op_type::layers.*/mlp::FullyConnected,op,/model/layers.3/mlp/up_proj/MatMul,layers.*/mlp,/model/layers.3/mlp/up_proj/MatMul,FullyConnected,,,,,performance,gtpin_total_execution_cycles,96546492,cycles,1,176,96546492
n1_i3,3,1,3,n1_i3::op::/model/layers.3/post_attention_layernorm/Mul,n1_i3::op_type::layers.*/post_attention_layernorm::RMS,op,/model/layers.3/post_attention_layernorm/Mul,layers.*/post_attention_layernorm,/model/layers.3/post_attention_layernorm/Mul,RMS,,,,,performance,gtpin_total_execution_cycles,2026546,cycles,1,256,2026546
n1_i3,3,1,3,n1_i3::op::/model/layers.3/self_attn/Add,n1_i3::op_type::layers.*/self_attn::RoPE,op,/model/layers.3/self_attn/Add,layers.*/self_attn,/model/layers.3/self_attn/Add,RoPE,,,,,performance,gtpin_total_execution_cycles,837426,cycles,1,64,837426
n1_i3,3,1,3,n1_i3::op::/model/layers.3/self_attn/Add_1,n1_i3::op_type::layers.*/self_attn::RoPE,op,/model/layers.3/self_attn/Add_1,layers.*/self_attn,/model/layers.3/self_attn/Add_1,RoPE,,,,,performance,gtpin_total_execution_cycles,63456,cycles,1,8,63456
n1_i3,3,1,3,n1_i3::op::/model/layers.3/self_attn/Expand,n1_i3::op_type::layers.*/self_attn::Broadcast,op,/model/layers.3/self_attn/Expand,layers.*/self_attn,/model/layers.3/self_attn/Expand,Broadcast,,,,,performance,gtpin_total_execution_cycles,3960318,cycles,1,1024,3960318
n1_i3,3,1,3,n1_i3::op::/model/layers.3/self_attn/Expand_1,n1_i3::op_type::layers.*/self_attn::Broadcast,op,/model/layers.3/self_attn/Expand_1,layers.*/self_attn,/model/layers.3/self_attn/Expand_1,Broadcast,,,,,performance,gtpin_total_execution_cycles,4715480,cycles,1,1024,4715480
n1_i3,3,1,3,n1_i3::op::/model/layers.3/self_attn/IsNaN,n1_i3::op_type::layers.*/self_attn::IsNaN,op,/model/layers.3/self_attn/IsNaN,layers.*/self_attn,/model/layers.3/self_attn/IsNaN,IsNaN,,,,,performance,gtpin_total_execution_cycles,1269950,cycles,1,256,1269950
n1_i3,3,1,3,n1_i3::op::/model/layers.3/self_attn/MatMul,n1_i3::op_type::layers.*/self_attn::Gemm,op,/model/layers.3/self_attn/MatMul,layers.*/self_attn,/model/layers.3/self_attn/MatMul,Gemm,,,,,performance,gtpin_total_execution_cycles,3511564,cycles,1,32,3511564
n1_i3,3,1,3,n1_i3::op::/model/layers.3/self_attn/Mul_8,n1_i3::op_type::layers.*/self_attn::Multiply,op,/model/layers.3/self_attn/Mul_8,layers.*/self_attn,/model/layers.3/self_attn/Mul_8,Multiply,,,,,performance,gtpin_total_execution_cycles,4724396,cycles,1,1024,4724396
n1_i3,3,1,3,n1_i3::op::/model/layers.3/self_attn/Softmax,n1_i3::op_type::layers.*/self_attn::Softmax,op,/model/layers.3/self_attn/Softmax,layers.*/self_attn,/model/layers.3/self_attn/Softmax,Softmax,,,,,performance,gtpin_total_execution_cycles,8122807,cycles,1,512,8122807
n1_i3,3,1,3,n1_i3::op::/model/layers.3/self_attn/Transpose_2,n1_i3::op_type::layers.*/self_attn::Transpose,op,/model/layers.3/self_attn/Transpose_2,layers.*/self_attn,/model/layers.3/self_attn/Transpose_2,Transpose,,,,,performance,gtpin_total_execution_cycles,510068,cycles,1,128,510068
n1_i3,3,1,3,n1_i3::op::/model/layers.3/self_attn/Transpose_3,n1_i3::op_type::layers.*/self_attn::Transpose,op,/model/layers.3/self_attn/Transpose_3,layers.*/self_attn,/model/layers.3/self_attn/Transpose_3,Transpose,,,,,performance,gtpin_total_execution_cycles,5171608,cycles,1,1024,5171608
n1_i3,3,1,3,n1_i3::op::/model/layers.3/self_attn/Transpose_4,n1_i3::op_type::layers.*/self_attn::Gemm,op,/model/layers.3/self_attn/Transpose_4,layers.*/self_attn,/model/layers.3/self_attn/Transpose_4,Gemm,,,,,performance,gtpin_total_execution_cycles,2319070,cycles,1,64,2319070
n1_i3,3,1,3,n1_i3::op::/model/layers.3/self_attn/Where_2,n1_i3::op_type::layers.*/self_attn::Select,op,/model/layers.3/self_attn/Where_2,layers.*/self_attn,/model/layers.3/self_attn/Where_2,Select,,,,,performance,gtpin_total_execution_cycles,44592,cycles,1,8,44592
n1_i3,3,1,3,n1_i3::op::/model/layers.3/self_attn/Where_3,n1_i3::op_type::layers.*/self_attn::Select,op,/model/layers.3/self_attn/Where_3,layers.*/self_attn,/model/layers.3/self_attn/Where_3,Select,,,,,performance,gtpin_total_execution_cycles,1431542,cycles,1,256,1431542
n1_i3,3,1,3,n1_i3::op::/model/layers.3/self_attn/k_proj/MatMul,n1_i3::op_type::layers.*/self_attn::FullyConnected,op,/model/layers.3/self_attn/k_proj/MatMul,layers.*/self_attn,/model/layers.3/self_attn/k_proj/MatMul,FullyConnected,,,,,performance,gtpin_total_execution_cycles,3722960,cycles,1,8,3722960
n1_i3,3,1,3,n1_i3::op::/model/layers.3/self_attn/o_proj/MatMul,n1_i3::op_type::layers.*/self_attn::FullyConnected,op,/model/layers.3/self_attn/o_proj/MatMul,layers.*/self_attn,/model/layers.3/self_attn/o_proj/MatMul,FullyConnected,,,,,performance,gtpin_total_execution_cycles,28574838,cycles,1,64,28574838
n1_i3,3,1,3,n1_i3::op::/model/layers.3/self_attn/q_proj/MatMul,n1_i3::op_type::layers.*/self_attn::FullyConnected,op,/model/layers.3/self_attn/q_proj/MatMul,layers.*/self_attn,/model/layers.3/self_attn/q_proj/MatMul,FullyConnected,,,,,performance,gtpin_total_execution_cycles,29071738,cycles,1,64,29071738
n1_i3,3,1,3,n1_i3::op::/model/layers.3/self_attn/v_proj/MatMul,n1_i3::op_type::layers.*/self_attn::FullyConnected,op,/model/layers.3/self_attn/v_proj/MatMul,layers.*/self_attn,/model/layers.3/self_attn/v_proj/MatMul,FullyConnected,,,,,performance,gtpin_total_execution_cycles,3559632,cycles,1,8,3559632
n1_i3,3,1,3,n1_i3::op::/model/layers.4/input_layernorm/Mul,n1_i3::op_type::layers.*/input_layernorm::RMS,op,/model/layers.4/input_layernorm/Mul,layers.*/input_layernorm,/model/layers.4/input_layernorm/Mul,RMS,,,,,performance,gtpin_total_execution_cycles,1633164,cycles,1,256,1633164
n1_i3,3,1,3,n1_i3::op::/model/layers.4/mlp/down_proj/MatMul,n1_i3::op_type::layers.*/mlp::FullyConnected,op,/model/layers.4/mlp/down_proj/MatMul,layers.*/mlp,/model/layers.4/mlp/down_proj/MatMul,FullyConnected,,,,,performance,gtpin_total_execution_cycles,76096388,cycles,1,64,76096388
n1_i3,3,1,3,n1_i3::op::/model/layers.4/mlp/gate_proj/MatMul,n1_i3::op_type::layers.*/mlp::FullyConnected,op,/model/layers.4/mlp/gate_proj/MatMul,layers.*/mlp,/model/layers.4/mlp/gate_proj/MatMul,FullyConnected,,,,,performance,gtpin_total_execution_cycles,101481252,cycles,1,176,101481252
n1_i3,3,1,3,n1_i3::op::/model/layers.4/mlp/up_proj/MatMul,n1_i3::op_type::layers.*/mlp::FullyConnected,op,/model/layers.4/mlp/up_proj/MatMul,layers.*/mlp,/model/layers.4/mlp/up_proj/MatMul,FullyConnected,,,,,performance,gtpin_total_execution_cycles,95457360,cycles,1,176,95457360
n1_i3,3,1,3,n1_i3::op::/model/layers.4/post_attention_layernorm/Mul,n1_i3::op_type::layers.*/post_attention_layernorm::RMS,op,/model/layers.4/post_attention_layernorm/Mul,layers.*/post_attention_layernorm,/model/layers.4/post_attention_layernorm/Mul,RMS,,,,,performance,gtpin_total_execution_cycles,1989262,cycles,1,256,1989262
n1_i3,3,1,3,n1_i3::op::/model/layers.4/self_attn/Add,n1_i3::op_type::layers.*/self_attn::RoPE,op,/model/layers.4/self_attn/Add,layers.*/self_attn,/model/layers.4/self_attn/Add,RoPE,,,,,performance,gtpin_total_execution_cycles,840190,cycles,1,64,840190
n1_i3,3,1,3,n1_i3::op::/model/layers.4/self_attn/Add_1,n1_i3::op_type::layers.*/self_attn::RoPE,op,/model/layers.4/self_attn/Add_1,layers.*/self_attn,/model/layers.4/self_attn/Add_1,RoPE,,,,,performance,gtpin_total_execution_cycles,61050,cycles,1,8,61050
n1_i3,3,1,3,n1_i3::op::/model/layers.4/self_attn/Expand,n1_i3::op_type::layers.*/self_attn::Broadcast,op,/model/layers.4/self_attn/Expand,layers.*/self_attn,/model/layers.4/self_attn/Expand,Broadcast,,,,,performance,gtpin_total_execution_cycles,3956976,cycles,1,1024,3956976
n1_i3,3,1,3,n1_i3::op::/model/layers.4/self_attn/Expand_1,n1_i3::op_type::layers.*/self_attn::Broadcast,op,/model/layers.4/self_attn/Expand_1,layers.*/self_attn,/model/layers.4/self_attn/Expand_1,Broadcast,,,,,performance,gtpin_total_execution_cycles,3972848,cycles,1,1024,3972848
n1_i3,3,1,3,n1_i3::op::/model/layers.4/self_attn/IsNaN,n1_i3::op_type::layers.*/self_attn::IsNaN,op,/model/layers.4/self_attn/IsNaN,layers.*/self_attn,/model/layers.4/self_attn/IsNaN,IsNaN,,,,,performance,gtpin_total_execution_cycles,1193782,cycles,1,256,1193782
n1_i3,3,1,3,n1_i3::op::/model/layers.4/self_attn/MatMul,n1_i3::op_type::layers.*/self_attn::Gemm,op,/model/layers.4/self_attn/MatMul,layers.*/self_attn,/model/layers.4/self_attn/MatMul,Gemm,,,,,performance,gtpin_total_execution_cycles,3711118,cycles,1,32,3711118
n1_i3,3,1,3,n1_i3::op::/model/layers.4/self_attn/Mul_8,n1_i3::op_type::layers.*/self_attn::Multiply,op,/model/layers.4/self_attn/Mul_8,layers.*/self_attn,/model/layers.4/self_attn/Mul_8,Multiply,,,,,performance,gtpin_total_execution_cycles,4794156,cycles,1,1024,4794156
n1_i3,3,1,3,n1_i3::op::/model/layers.4/self_attn/Softmax,n1_i3::op_type::layers.*/self_attn::Softmax,op,/model/layers.4/self_attn/Softmax,layers.*/self_attn,/model/layers.4/self_attn/Softmax,Softmax,,,,,performance,gtpin_total_execution_cycles,7931281,cycles,1,512,7931281
n1_i3,3,1,3,n1_i3::op::/model/layers.4/self_attn/Transpose_2,n1_i3::op_type::layers.*/self_attn::Transpose,op,/model/layers.4/self_attn/Transpose_2,layers.*/self_attn,/model/layers.4/self_attn/Transpose_2,Transpose,,,,,performance,gtpin_total_execution_cycles,479872,cycles,1,128,479872
n1_i3,3,1,3,n1_i3::op::/model/layers.4/self_attn/Transpose_3,n1_i3::op_type::layers.*/self_attn::Transpose,op,/model/layers.4/self_attn/Transpose_3,layers.*/self_attn,/model/layers.4/self_attn/Transpose_3,Transpose,,,,,performance,gtpin_total_execution_cycles,5361794,cycles,1,1024,5361794
n1_i3,3,1,3,n1_i3::op::/model/layers.4/self_attn/Transpose_4,n1_i3::op_type::layers.*/self_attn::Gemm,op,/model/layers.4/self_attn/Transpose_4,layers.*/self_attn,/model/layers.4/self_attn/Transpose_4,Gemm,,,,,performance,gtpin_total_execution_cycles,2011250,cycles,1,64,2011250
n1_i3,3,1,3,n1_i3::op::/model/layers.4/self_attn/Where_2,n1_i3::op_type::layers.*/self_attn::Select,op,/model/layers.4/self_attn/Where_2,layers.*/self_attn,/model/layers.4/self_attn/Where_2,Select,,,,,performance,gtpin_total_execution_cycles,64512,cycles,1,8,64512
n1_i3,3,1,3,n1_i3::op::/model/layers.4/self_attn/Where_3,n1_i3::op_type::layers.*/self_attn::Select,op,/model/layers.4/self_attn/Where_3,layers.*/self_attn,/model/layers.4/self_attn/Where_3,Select,,,,,performance,gtpin_total_execution_cycles,1368540,cycles,1,256,1368540
n1_i3,3,1,3,n1_i3::op::/model/layers.4/self_attn/k_proj/MatMul,n1_i3::op_type::layers.*/self_attn::FullyConnected,op,/model/layers.4/self_attn/k_proj/MatMul,layers.*/self_attn,/model/layers.4/self_attn/k_proj/MatMul,FullyConnected,,,,,performance,gtpin_total_execution_cycles,3690946,cycles,1,8,3690946
n1_i3,3,1,3,n1_i3::op::/model/layers.4/self_attn/o_proj/MatMul,n1_i3::op_type::layers.*/self_attn::FullyConnected,op,/model/layers.4/self_attn/o_proj/MatMul,layers.*/self_attn,/model/layers.4/self_attn/o_proj/MatMul,FullyConnected,,,,,performance,gtpin_total_execution_cycles,28319366,cycles,1,64,28319366
n1_i3,3,1,3,n1_i3::op::/model/layers.4/self_attn/q_proj/MatMul,n1_i3::op_type::layers.*/self_attn::FullyConnected,op,/model/layers.4/self_attn/q_proj/MatMul,layers.*/self_attn,/model/layers.4/self_attn/q_proj/MatMul,FullyConnected,,,,,performance,gtpin_total_execution_cycles,28600276,cycles,1,64,28600276
n1_i3,3,1,3,n1_i3::op::/model/layers.4/self_attn/v_proj/MatMul,n1_i3::op_type::layers.*/self_attn::FullyConnected,op,/model/layers.4/self_attn/v_proj/MatMul,layers.*/self_attn,/model/layers.4/self_attn/v_proj/MatMul,FullyConnected,,,,,performance,gtpin_total_execution_cycles,3486066,cycles,1,8,3486066
n1_i3,3,1,3,n1_i3::op::/model/layers.5/input_layernorm/Mul,n1_i3::op_type::layers.*/input_layernorm::RMS,op,/model/layers.5/input_layernorm/Mul,layers.*/input_layernorm,/model/layers.5/input_layernorm/Mul,RMS,,,,,performance,gtpin_total_execution_cycles,1575784,cycles,1,256,1575784
n1_i3,3,1,3,n1_i3::op::/model/layers.5/mlp/down_proj/MatMul,n1_i3::op_type::layers.*/mlp::FullyConnected,op,/model/layers.5/mlp/down_proj/MatMul,layers.*/mlp,/model/layers.5/mlp/down_proj/MatMul,FullyConnected,,,,,performance,gtpin_total_execution_cycles,76085578,cycles,1,64,76085578
n1_i3,3,1,3,n1_i3::op::/model/layers.5/mlp/gate_proj/MatMul,n1_i3::op_type::layers.*/mlp::FullyConnected,op,/model/layers.5/mlp/gate_proj/MatMul,layers.*/mlp,/model/layers.5/mlp/gate_proj/MatMul,FullyConnected,,,,,performance,gtpin_total_execution_cycles,129108380,cycles,1,176,129108380
n1_i3,3,1,3,n1_i3::op::/model/layers.5/mlp/up_proj/MatMul,n1_i3::op_type::layers.*/mlp::FullyConnected,op,/model/layers.5/mlp/up_proj/MatMul,layers.*/mlp,/model/layers.5/mlp/up_proj/MatMul,FullyConnected,,,,,performance,gtpin_total_execution_cycles,120765946,cycles,1,176,120765946
n1_i3,3,1,3,n1_i3::op::/model/layers.5/post_attention_layernorm/Mul,n1_i3::op_type::layers.*/post_attention_layernorm::RMS,op,/model/layers.5/post_attention_layernorm/Mul,layers.*/post_attention_layernorm,/model/layers.5/post_attention_layernorm/Mul,RMS,,,,,performance,gtpin_total_execution_cycles,1903492,cycles,1,256,1903492
n1_i3,3,1,3,n1_i3::op::/model/layers.5/self_attn/Add,n1_i3::op_type::layers.*/self_attn::RoPE,op,/model/layers.5/self_attn/Add,layers.*/self_attn,/model/layers.5/self_attn/Add,RoPE,,,,,performance,gtpin_total_execution_cycles,912134,cycles,1,64,912134
n1_i3,3,1,3,n1_i3::op::/model/layers.5/self_attn/Add_1,n1_i3::op_type::layers.*/self_attn::RoPE,op,/model/layers.5/self_attn/Add_1,layers.*/self_attn,/model/layers.5/self_attn/Add_1,RoPE,,,,,performance,gtpin_total_execution_cycles,69778,cycles,1,8,69778
n1_i3,3,1,3,n1_i3::op::/model/layers.5/self_attn/Expand,n1_i3::op_type::layers.*/self_attn::Broadcast,op,/model/layers.5/self_attn/Expand,layers.*/self_attn,/model/layers.5/self_attn/Expand,Broadcast,,,,,performance,gtpin_total_execution_cycles,5489946,cycles,1,1024,5489946
n1_i3,3,1,3,n1_i3::op::/model/layers.5/self_attn/Expand_1,n1_i3::op_type::layers.*/self_attn::Broadcast,op,/model/layers.5/self_attn/Expand_1,layers.*/self_attn,/model/layers.5/self_attn/Expand_1,Broadcast,,,,,performance,gtpin_total_execution_cycles,4069318,cycles,1,1024,4069318
n1_i3,3,1,3,n1_i3::op::/model/layers.5/self_attn/IsNaN,n1_i3::op_type::layers.*/self_attn::IsNaN,op,/model/layers.5/self_attn/IsNaN,layers.*/self_attn,/model/layers.5/self_attn/IsNaN,IsNaN,,,,,performance,gtpin_total_execution_cycles,1195662,cycles,1,256,1195662
n1_i3,3,1,3,n1_i3::op::/model/layers.5/self_attn/MatMul,n1_i3::op_type::layers.*/self_attn::Gemm,op,/model/layers.5/self_attn/MatMul,layers.*/self_attn,/model/layers.5/self_attn/MatMul,Gemm,,,,,performance,gtpin_total_execution_cycles,3442106,cycles,1,32,3442106
n1_i3,3,1,3,n1_i3::op::/model/layers.5/self_attn/Mul_8,n1_i3::op_type::layers.*/self_attn::Multiply,op,/model/layers.5/self_attn/Mul_8,layers.*/self_attn,/model/layers.5/self_attn/Mul_8,Multiply,,,,,performance,gtpin_total_execution_cycles,4897794,cycles,1,1024,4897794
n1_i3,3,1,3,n1_i3::op::/model/layers.5/self_attn/Softmax,n1_i3::op_type::layers.*/self_attn::Softmax,op,/model/layers.5/self_attn/Softmax,layers.*/self_attn,/model/layers.5/self_attn/Softmax,Softmax,,,,,performance,gtpin_total_execution_cycles,7896067,cycles,1,512,7896067
n1_i3,3,1,3,n1_i3::op::/model/layers.5/self_attn/Transpose_2,n1_i3::op_type::layers.*/self_attn::Transpose,op,/model/layers.5/self_attn/Transpose_2,layers.*/self_attn,/model/layers.5/self_attn/Transpose_2,Transpose,,,,,performance,gtpin_total_execution_cycles,483972,cycles,1,128,483972
n1_i3,3,1,3,n1_i3::op::/model/layers.5/self_attn/Transpose_3,n1_i3::op_type::layers.*/self_attn::Transpose,op,/model/layers.5/self_attn/Transpose_3,layers.*/self_attn,/model/layers.5/self_attn/Transpose_3,Transpose,,,,,performance,gtpin_total_execution_cycles,5340388,cycles,1,1024,5340388
n1_i3,3,1,3,n1_i3::op::/model/layers.5/self_attn/Transpose_4,n1_i3::op_type::layers.*/self_attn::Gemm,op,/model/layers.5/self_attn/Transpose_4,layers.*/self_attn,/model/layers.5/self_attn/Transpose_4,Gemm,,,,,performance,gtpin_total_execution_cycles,2005784,cycles,1,64,2005784
n1_i3,3,1,3,n1_i3::op::/model/layers.5/self_attn/Where_2,n1_i3::op_type::layers.*/self_attn::Select,op,/model/layers.5/self_attn/Where_2,layers.*/self_attn,/model/layers.5/self_attn/Where_2,Select,,,,,performance,gtpin_total_execution_cycles,39248,cycles,1,8,39248
n1_i3,3,1,3,n1_i3::op::/model/layers.5/self_attn/Where_3,n1_i3::op_type::layers.*/self_attn::Select,op,/model/layers.5/self_attn/Where_3,layers.*/self_attn,/model/layers.5/self_attn/Where_3,Select,,,,,performance,gtpin_total_execution_cycles,1431350,cycles,1,256,1431350
n1_i3,3,1,3,n1_i3::op::/model/layers.5/self_attn/k_proj/MatMul,n1_i3::op_type::layers.*/self_attn::FullyConnected,op,/model/layers.5/self_attn/k_proj/MatMul,layers.*/self_attn,/model/layers.5/self_attn/k_proj/MatMul,FullyConnected,,,,,performance,gtpin_total_execution_cycles,3710018,cycles,1,8,3710018
n1_i3,3,1,3,n1_i3::op::/model/layers.5/self_attn/o_proj/MatMul,n1_i3::op_type::layers.*/self_attn::FullyConnected,op,/model/layers.5/self_attn/o_proj/MatMul,layers.*/self_attn,/model/layers.5/self_attn/o_proj/MatMul,FullyConnected,,,,,performance,gtpin_total_execution_cycles,30297262,cycles,1,64,30297262
n1_i3,3,1,3,n1_i3::op::/model/layers.5/self_attn/q_proj/MatMul,n1_i3::op_type::layers.*/self_attn::FullyConnected,op,/model/layers.5/self_attn/q_proj/MatMul,layers.*/self_attn,/model/layers.5/self_attn/q_proj/MatMul,FullyConnected,,,,,performance,gtpin_total_execution_cycles,28812702,cycles,1,64,28812702
n1_i3,3,1,3,n1_i3::op::/model/layers.5/self_attn/v_proj/MatMul,n1_i3::op_type::layers.*/self_attn::FullyConnected,op,/model/layers.5/self_attn/v_proj/MatMul,layers.*/self_attn,/model/layers.5/self_attn/v_proj/MatMul,FullyConnected,,,,,performance,gtpin_total_execution_cycles,3529246,cycles,1,8,3529246
n1_i3,3,1,3,n1_i3::op::/model/layers.6/input_layernorm/Mul,n1_i3::op_type::layers.*/input_layernorm::RMS,op,/model/layers.6/input_layernorm/Mul,layers.*/input_layernorm,/model/layers.6/input_layernorm/Mul,RMS,,,,,performance,gtpin_total_execution_cycles,1479508,cycles,1,256,1479508
n1_i3,3,1,3,n1_i3::op::/model/layers.6/mlp/down_proj/MatMul,n1_i3::op_type::layers.*/mlp::FullyConnected,op,/model/layers.6/mlp/down_proj/MatMul,layers.*/mlp,/model/layers.6/mlp/down_proj/MatMul,FullyConnected,,,,,performance,gtpin_total_execution_cycles,75658536,cycles,1,64,75658536
n1_i3,3,1,3,n1_i3::op::/model/layers.6/mlp/gate_proj/MatMul,n1_i3::op_type::layers.*/mlp::FullyConnected,op,/model/layers.6/mlp/gate_proj/MatMul,layers.*/mlp,/model/layers.6/mlp/gate_proj/MatMul,FullyConnected,,,,,performance,gtpin_total_execution_cycles,123144964,cycles,1,176,123144964
n1_i3,3,1,3,n1_i3::op::/model/layers.6/mlp/up_proj/MatMul,n1_i3::op_type::layers.*/mlp::FullyConnected,op,/model/layers.6/mlp/up_proj/MatMul,layers.*/mlp,/model/layers.6/mlp/up_proj/MatMul,FullyConnected,,,,,performance,gtpin_total_execution_cycles,112665346,cycles,1,176,112665346
n1_i3,3,1,3,n1_i3::op::/model/layers.6/post_attention_layernorm/Mul,n1_i3::op_type::layers.*/post_attention_layernorm::RMS,op,/model/layers.6/post_attention_layernorm/Mul,layers.*/post_attention_layernorm,/model/layers.6/post_attention_layernorm/Mul,RMS,,,,,performance,gtpin_total_execution_cycles,1961920,cycles,1,256,1961920
n1_i3,3,1,3,n1_i3::op::/model/layers.6/self_attn/Add,n1_i3::op_type::layers.*/self_attn::RoPE,op,/model/layers.6/self_attn/Add,layers.*/self_attn,/model/layers.6/self_attn/Add,RoPE,,,,,performance,gtpin_total_execution_cycles,810616,cycles,1,64,810616
n1_i3,3,1,3,n1_i3::op::/model/layers.6/self_attn/Add_1,n1_i3::op_type::layers.*/self_attn::RoPE,op,/model/layers.6/self_attn/Add_1,layers.*/self_attn,/model/layers.6/self_attn/Add_1,RoPE,,,,,performance,gtpin_total_execution_cycles,64398,cycles,1,8,64398
n1_i3,3,1,3,n1_i3::op::/model/layers.6/self_attn/Expand,n1_i3::op_type::layers.*/self_attn::Broadcast,op,/model/layers.6/self_attn/Expand,layers.*/self_attn,/model/layers.6/self_attn/Expand,Broadcast,,,,,performance,gtpin_total_execution_cycles,6073468,cycles,1,1024,6073468
n1_i3,3,1,3,n1_i3::op::/model/layers.6/self_attn/Expand_1,n1_i3::op_type::layers.*/self_attn::Broadcast,op,/model/layers.6/self_attn/Expand_1,layers.*/self_attn,/model/layers.6/self_attn/Expand_1,Broadcast,,,,,performance,gtpin_total_execution_cycles,4373062,cycles,1,1024,4373062
n1_i3,3,1,3,n1_i3::op::/model/layers.6/self_attn/IsNaN,n1_i3::op_type::layers.*/self_attn::IsNaN,op,/model/layers.6/self_attn/IsNaN,layers.*/self_attn,/model/layers.6/self_attn/IsNaN,IsNaN,,,,,performance,gtpin_total_execution_cycles,1163962,cycles,1,256,1163962
n1_i3,3,1,3,n1_i3::op::/model/layers.6/self_attn/MatMul,n1_i3::op_type::layers.*/self_attn::Gemm,op,/model/layers.6/self_attn/MatMul,layers.*/self_attn,/model/layers.6/self_attn/MatMul,Gemm,,,,,performance,gtpin_total_execution_cycles,3503548,cycles,1,32,3503548
n1_i3,3,1,3,n1_i3::op::/model/layers.6/self_attn/Mul_8,n1_i3::op_type::layers.*/self_attn::Multiply,op,/model/layers.6/self_attn/Mul_8,layers.*/self_attn,/model/layers.6/self_attn/Mul_8,Multiply,,,,,performance,gtpin_total_execution_cycles,4743438,cycles,1,1024,4743438
n1_i3,3,1,3,n1_i3::op::/model/layers.6/self_attn/Softmax,n1_i3::op_type::layers.*/self_attn::Softmax,op,/model/layers.6/self_attn/Softmax,layers.*/self_attn,/model/layers.6/self_attn/Softmax,Softmax,,,,,performance,gtpin_total_execution_cycles,8131972,cycles,1,512,8131972
n1_i3,3,1,3,n1_i3::op::/model/layers.6/self_attn/Transpose_2,n1_i3::op_type::layers.*/self_attn::Transpose,op,/model/layers.6/self_attn/Transpose_2,layers.*/self_attn,/model/layers.6/self_attn/Transpose_2,Transpose,,,,,performance,gtpin_total_execution_cycles,461626,cycles,1,128,461626
n1_i3,3,1,3,n1_i3::op::/model/layers.6/self_attn/Transpose_3,n1_i3::op_type::layers.*/self_attn::Transpose,op,/model/layers.6/self_attn/Transpose_3,layers.*/self_attn,/model/layers.6/self_attn/Transpose_3,Transpose,,,,,performance,gtpin_total_execution_cycles,5621940,cycles,1,1024,5621940
n1_i3,3,1,3,n1_i3::op::/model/layers.6/self_attn/Transpose_4,n1_i3::op_type::layers.*/self_attn::Gemm,op,/model/layers.6/self_attn/Transpose_4,layers.*/self_attn,/model/layers.6/self_attn/Transpose_4,Gemm,,,,,performance,gtpin_total_execution_cycles,2092304,cycles,1,64,2092304
n1_i3,3,1,3,n1_i3::op::/model/layers.6/self_attn/Where_2,n1_i3::op_type::layers.*/self_attn::Select,op,/model/layers.6/self_attn/Where_2,layers.*/self_attn,/model/layers.6/self_attn/Where_2,Select,,,,,performance,gtpin_total_execution_cycles,36728,cycles,1,8,36728
n1_i3,3,1,3,n1_i3::op::/model/layers.6/self_attn/Where_3,n1_i3::op_type::layers.*/self_attn::Select,op,/model/layers.6/self_attn/Where_3,layers.*/self_attn,/model/layers.6/self_attn/Where_3,Select,,,,,performance,gtpin_total_execution_cycles,1336168,cycles,1,256,1336168
n1_i3,3,1,3,n1_i3::op::/model/layers.6/self_attn/k_proj/MatMul,n1_i3::op_type::layers.*/self_attn::FullyConnected,op,/model/layers.6/self_attn/k_proj/MatMul,layers.*/self_attn,/model/layers.6/self_attn/k_proj/MatMul,FullyConnected,,,,,performance,gtpin_total_execution_cycles,3696636,cycles,1,8,3696636
n1_i3,3,1,3,n1_i3::op::/model/layers.6/self_attn/o_proj/MatMul,n1_i3::op_type::layers.*/self_attn::FullyConnected,op,/model/layers.6/self_attn/o_proj/MatMul,layers.*/self_attn,/model/layers.6/self_attn/o_proj/MatMul,FullyConnected,,,,,performance,gtpin_total_execution_cycles,29416178,cycles,1,64,29416178
n1_i3,3,1,3,n1_i3::op::/model/layers.6/self_attn/q_proj/MatMul,n1_i3::op_type::layers.*/self_attn::FullyConnected,op,/model/layers.6/self_attn/q_proj/MatMul,layers.*/self_attn,/model/layers.6/self_attn/q_proj/MatMul,FullyConnected,,,,,performance,gtpin_total_execution_cycles,28697732,cycles,1,64,28697732
n1_i3,3,1,3,n1_i3::op::/model/layers.6/self_attn/v_proj/MatMul,n1_i3::op_type::layers.*/self_attn::FullyConnected,op,/model/layers.6/self_attn/v_proj/MatMul,layers.*/self_attn,/model/layers.6/self_attn/v_proj/MatMul,FullyConnected,,,,,performance,gtpin_total_execution_cycles,3503506,cycles,1,8,3503506
n1_i3,3,1,3,n1_i3::op::/model/layers.7/input_layernorm/Mul,n1_i3::op_type::layers.*/input_layernorm::RMS,op,/model/layers.7/input_layernorm/Mul,layers.*/input_layernorm,/model/layers.7/input_layernorm/Mul,RMS,,,,,performance,gtpin_total_execution_cycles,2076178,cycles,1,256,2076178
n1_i3,3,1,3,n1_i3::op::/model/layers.7/mlp/down_proj/MatMul,n1_i3::op_type::layers.*/mlp::FullyConnected,op,/model/layers.7/mlp/down_proj/MatMul,layers.*/mlp,/model/layers.7/mlp/down_proj/MatMul,FullyConnected,,,,,performance,gtpin_total_execution_cycles,76717626,cycles,1,64,76717626
n1_i3,3,1,3,n1_i3::op::/model/layers.7/mlp/gate_proj/MatMul,n1_i3::op_type::layers.*/mlp::FullyConnected,op,/model/layers.7/mlp/gate_proj/MatMul,layers.*/mlp,/model/layers.7/mlp/gate_proj/MatMul,FullyConnected,,,,,performance,gtpin_total_execution_cycles,96611298,cycles,1,176,96611298
n1_i3,3,1,3,n1_i3::op::/model/layers.7/mlp/up_proj/MatMul,n1_i3::op_type::layers.*/mlp::FullyConnected,op,/model/layers.7/mlp/up_proj/MatMul,layers.*/mlp,/model/layers.7/mlp/up_proj/MatMul,FullyConnected,,,,,performance,gtpin_total_execution_cycles,94235476,cycles,1,176,94235476
n1_i3,3,1,3,n1_i3::op::/model/layers.7/post_attention_layernorm/Mul,n1_i3::op_type::layers.*/post_attention_layernorm::RMS,op,/model/layers.7/post_attention_layernorm/Mul,layers.*/post_attention_layernorm,/model/layers.7/post_attention_layernorm/Mul,RMS,,,,,performance,gtpin_total_execution_cycles,1758594,cycles,1,256,1758594
n1_i3,3,1,3,n1_i3::op::/model/layers.7/self_attn/Add,n1_i3::op_type::layers.*/self_attn::RoPE,op,/model/layers.7/self_attn/Add,layers.*/self_attn,/model/layers.7/self_attn/Add,RoPE,,,,,performance,gtpin_total_execution_cycles,789992,cycles,1,64,789992
n1_i3,3,1,3,n1_i3::op::/model/layers.7/self_attn/Add_1,n1_i3::op_type::layers.*/self_attn::RoPE,op,/model/layers.7/self_attn/Add_1,layers.*/self_attn,/model/layers.7/self_attn/Add_1,RoPE,,,,,performance,gtpin_total_execution_cycles,66664,cycles,1,8,66664
n1_i3,3,1,3,n1_i3::op::/model/layers.7/self_attn/Expand,n1_i3::op_type::layers.*/self_attn::Broadcast,op,/model/layers.7/self_attn/Expand,layers.*/self_attn,/model/layers.7/self_attn/Expand,Broadcast,,,,,performance,gtpin_total_execution_cycles,4295146,cycles,1,1024,4295146
n1_i3,3,1,3,n1_i3::op::/model/layers.7/self_attn/Expand_1,n1_i3::op_type::layers.*/self_attn::Broadcast,op,/model/layers.7/self_attn/Expand_1,layers.*/self_attn,/model/layers.7/self_attn/Expand_1,Broadcast,,,,,performance,gtpin_total_execution_cycles,4500564,cycles,1,1024,4500564
n1_i3,3,1,3,n1_i3::op::/model/layers.7/self_attn/IsNaN,n1_i3::op_type::layers.*/self_attn::IsNaN,op,/model/layers.7/self_attn/IsNaN,layers.*/self_attn,/model/layers.7/self_attn/IsNaN,IsNaN,,,,,performance,gtpin_total_execution_cycles,1131424,cycles,1,256,1131424
n1_i3,3,1,3,n1_i3::op::/model/layers.7/self_attn/MatMul,n1_i3::op_type::layers.*/self_attn::Gemm,op,/model/layers.7/self_attn/MatMul,layers.*/self_attn,/model/layers.7/self_attn/MatMul,Gemm,,,,,performance,gtpin_total_execution_cycles,3562560,cycles,1,32,3562560
n1_i3,3,1,3,n1_i3::op::/model/layers.7/self_attn/Mul_8,n1_i3::op_type::layers.*/self_attn::Multiply,op,/model/layers.7/self_attn/Mul_8,layers.*/self_attn,/model/layers.7/self_attn/Mul_8,Multiply,,,,,performance,gtpin_total_execution_cycles,4340404,cycles,1,1024,4340404
n1_i3,3,1,3,n1_i3::op::/model/layers.7/self_attn/Softmax,n1_i3::op_type::layers.*/self_attn::Softmax,op,/model/layers.7/self_attn/Softmax,layers.*/self_attn,/model/layers.7/self_attn/Softmax,Softmax,,,,,performance,gtpin_total_execution_cycles,8281531,cycles,1,512,8281531
n1_i3,3,1,3,n1_i3::op::/model/layers.7/self_attn/Transpose_2,n1_i3::op_type::layers.*/self_attn::Transpose,op,/model/layers.7/self_attn/Transpose_2,layers.*/self_attn,/model/layers.7/self_attn/Transpose_2,Transpose,,,,,performance,gtpin_total_execution_cycles,496142,cycles,1,128,496142
n1_i3,3,1,3,n1_i3::op::/model/layers.7/self_attn/Transpose_3,n1_i3::op_type::layers.*/self_attn::Transpose,op,/model/layers.7/self_attn/Transpose_3,layers.*/self_attn,/model/layers.7/self_attn/Transpose_3,Transpose,,,,,performance,gtpin_total_execution_cycles,4967538,cycles,1,1024,4967538
n1_i3,3,1,3,n1_i3::op::/model/layers.7/self_attn/Transpose_4,n1_i3::op_type::layers.*/self_attn::Gemm,op,/model/layers.7/self_attn/Transpose_4,layers.*/self_attn,/model/layers.7/self_attn/Transpose_4,Gemm,,,,,performance,gtpin_total_execution_cycles,2205390,cycles,1,64,2205390
n1_i3,3,1,3,n1_i3::op::/model/layers.7/self_attn/Where_2,n1_i3::op_type::layers.*/self_attn::Select,op,/model/layers.7/self_attn/Where_2,layers.*/self_attn,/model/layers.7/self_attn/Where_2,Select,,,,,performance,gtpin_total_execution_cycles,40800,cycles,1,8,40800
n1_i3,3,1,3,n1_i3::op::/model/layers.7/self_attn/Where_3,n1_i3::op_type::layers.*/self_attn::Select,op,/model/layers.7/self_attn/Where_3,layers.*/self_attn,/model/layers.7/self_attn/Where_3,Select,,,,,performance,gtpin_total_execution_cycles,1479170,cycles,1,256,1479170
n1_i3,3,1,3,n1_i3::op::/model/layers.7/self_attn/k_proj/MatMul,n1_i3::op_type::layers.*/self_attn::FullyConnected,op,/model/layers.7/self_attn/k_proj/MatMul,layers.*/self_attn,/model/layers.7/self_attn/k_proj/MatMul,FullyConnected,,,,,performance,gtpin_total_execution_cycles,3691496,cycles,1,8,3691496
n1_i3,3,1,3,n1_i3::op::/model/layers.7/self_attn/o_proj/MatMul,n1_i3::op_type::layers.*/self_attn::FullyConnected,op,/model/layers.7/self_attn/o_proj/MatMul,layers.*/self_attn,/model/layers.7/self_attn/o_proj/MatMul,FullyConnected,,,,,performance,gtpin_total_execution_cycles,28429936,cycles,1,64,28429936
n1_i3,3,1,3,n1_i3::op::/model/layers.7/self_attn/q_proj/MatMul,n1_i3::op_type::layers.*/self_attn::FullyConnected,op,/model/layers.7/self_attn/q_proj/MatMul,layers.*/self_attn,/model/layers.7/self_attn/q_proj/MatMul,FullyConnected,,,,,performance,gtpin_total_execution_cycles,28688764,cycles,1,64,28688764
n1_i3,3,1,3,n1_i3::op::/model/layers.7/self_attn/v_proj/MatMul,n1_i3::op_type::layers.*/self_attn::FullyConnected,op,/model/layers.7/self_attn/v_proj/MatMul,layers.*/self_attn,/model/layers.7/self_attn/v_proj/MatMul,FullyConnected,,,,,performance,gtpin_total_execution_cycles,3504896,cycles,1,8,3504896
n1_i3,3,1,3,n1_i3::op::/model/layers.8/input_layernorm/Mul,n1_i3::op_type::layers.*/input_layernorm::RMS,op,/model/layers.8/input_layernorm/Mul,layers.*/input_layernorm,/model/layers.8/input_layernorm/Mul,RMS,,,,,performance,gtpin_total_execution_cycles,1622236,cycles,1,256,1622236
n1_i3,3,1,3,n1_i3::op::/model/layers.8/mlp/down_proj/MatMul,n1_i3::op_type::layers.*/mlp::FullyConnected,op,/model/layers.8/mlp/down_proj/MatMul,layers.*/mlp,/model/layers.8/mlp/down_proj/MatMul,FullyConnected,,,,,performance,gtpin_total_execution_cycles,78729724,cycles,1,64,78729724
n1_i3,3,1,3,n1_i3::op::/model/layers.8/mlp/gate_proj/MatMul,n1_i3::op_type::layers.*/mlp::FullyConnected,op,/model/layers.8/mlp/gate_proj/MatMul,layers.*/mlp,/model/layers.8/mlp/gate_proj/MatMul,FullyConnected,,,,,performance,gtpin_total_execution_cycles,144371398,cycles,1,176,144371398
n1_i3,3,1,3,n1_i3::op::/model/layers.8/mlp/up_proj/MatMul,n1_i3::op_type::layers.*/mlp::FullyConnected,op,/model/layers.8/mlp/up_proj/MatMul,layers.*/mlp,/model/layers.8/mlp/up_proj/MatMul,FullyConnected,,,,,performance,gtpin_total_execution_cycles,135979968,cycles,1,176,135979968
n1_i3,3,1,3,n1_i3::op::/model/layers.8/post_attention_layernorm/Mul,n1_i3::op_type::layers.*/post_attention_layernorm::RMS,op,/model/layers.8/post_attention_layernorm/Mul,layers.*/post_attention_layernorm,/model/layers.8/post_attention_layernorm/Mul,RMS,,,,,performance,gtpin_total_execution_cycles,1963298,cycles,1,256,1963298
n1_i3,3,1,3,n1_i3::op::/model/layers.8/self_attn/Add,n1_i3::op_type::layers.*/self_attn::RoPE,op,/model/layers.8/self_attn/Add,layers.*/self_attn,/model/layers.8/self_attn/Add,RoPE,,,,,performance,gtpin_total_execution_cycles,852258,cycles,1,64,852258
n1_i3,3,1,3,n1_i3::op::/model/layers.8/self_attn/Add_1,n1_i3::op_type::layers.*/self_attn::RoPE,op,/model/layers.8/self_attn/Add_1,layers.*/self_attn,/model/layers.8/self_attn/Add_1,RoPE,,,,,performance,gtpin_total_execution_cycles,58418,cycles,1,8,58418
n1_i3,3,1,3,n1_i3::op::/model/layers.8/self_attn/Expand,n1_i3::op_type::layers.*/self_attn::Broadcast,op,/model/layers.8/self_attn/Expand,layers.*/self_attn,/model/layers.8/self_attn/Expand,Broadcast,,,,,performance,gtpin_total_execution_cycles,4034742,cycles,1,1024,4034742
n1_i3,3,1,3,n1_i3::op::/model/layers.8/self_attn/Expand_1,n1_i3::op_type::layers.*/self_attn::Broadcast,op,/model/layers.8/self_attn/Expand_1,layers.*/self_attn,/model/layers.8/self_attn/Expand_1,Broadcast,,,,,performance,gtpin_total_execution_cycles,4473902,cycles,1,1024,4473902
n1_i3,3,1,3,n1_i3::op::/model/layers.8/self_attn/IsNaN,n1_i3::op_type::layers.*/self_attn::IsNaN,op,/model/layers.8/self_attn/IsNaN,layers.*/self_attn,/model/layers.8/self_attn/IsNaN,IsNaN,,,,,performance,gtpin_total_execution_cycles,1219724,cycles,1,256,1219724
n1_i3,3,1,3,n1_i3::op::/model/layers.8/self_attn/MatMul,n1_i3::op_type::layers.*/self_attn::Gemm,op,/model/layers.8/self_attn/MatMul,layers.*/self_attn,/model/layers.8/self_attn/MatMul,Gemm,,,,,performance,gtpin_total_execution_cycles,3795580,cycles,1,32,3795580
n1_i3,3,1,3,n1_i3::op::/model/layers.8/self_attn/Mul_8,n1_i3::op_type::layers.*/self_attn::Multiply,op,/model/layers.8/self_attn/Mul_8,layers.*/self_attn,/model/layers.8/self_attn/Mul_8,Multiply,,,,,performance,gtpin_total_execution_cycles,4881922,cycles,1,1024,4881922
n1_i3,3,1,3,n1_i3::op::/model/layers.8/self_attn/Softmax,n1_i3::op_type::layers.*/self_attn::Softmax,op,/model/layers.8/self_attn/Softmax,layers.*/self_attn,/model/layers.8/self_attn/Softmax,Softmax,,,,,performance,gtpin_total_execution_cycles,7945226,cycles,1,512,7945226
n1_i3,3,1,3,n1_i3::op::/model/layers.8/self_attn/Transpose_2,n1_i3::op_type::layers.*/self_attn::Transpose,op,/model/layers.8/self_attn/Transpose_2,layers.*/self_attn,/model/layers.8/self_attn/Transpose_2,Transpose,,,,,performance,gtpin_total_execution_cycles,512846,cycles,1,128,512846
n1_i3,3,1,3,n1_i3::op::/model/layers.8/self_attn/Transpose_3,n1_i3::op_type::layers.*/self_attn::Transpose,op,/model/layers.8/self_attn/Transpose_3,layers.*/self_attn,/model/layers.8/self_attn/Transpose_3,Transpose,,,,,performance,gtpin_total_execution_cycles,5407674,cycles,1,1024,5407674
n1_i3,3,1,3,n1_i3::op::/model/layers.8/self_attn/Transpose_4,n1_i3::op_type::layers.*/self_attn::Gemm,op,/model/layers.8/self_attn/Transpose_4,layers.*/self_attn,/model/layers.8/self_attn/Transpose_4,Gemm,,,,,performance,gtpin_total_execution_cycles,2063072,cycles,1,64,2063072
n1_i3,3,1,3,n1_i3::op::/model/layers.8/self_attn/Where_2,n1_i3::op_type::layers.*/self_attn::Select,op,/model/layers.8/self_attn/Where_2,layers.*/self_attn,/model/layers.8/self_attn/Where_2,Select,,,,,performance,gtpin_total_execution_cycles,42052,cycles,1,8,42052
n1_i3,3,1,3,n1_i3::op::/model/layers.8/self_attn/Where_3,n1_i3::op_type::layers.*/self_attn::Select,op,/model/layers.8/self_attn/Where_3,layers.*/self_attn,/model/layers.8/self_attn/Where_3,Select,,,,,performance,gtpin_total_execution_cycles,1699594,cycles,1,256,1699594
n1_i3,3,1,3,n1_i3::op::/model/layers.8/self_attn/k_proj/MatMul,n1_i3::op_type::layers.*/self_attn::FullyConnected,op,/model/layers.8/self_attn/k_proj/MatMul,layers.*/self_attn,/model/layers.8/self_attn/k_proj/MatMul,FullyConnected,,,,,performance,gtpin_total_execution_cycles,3690258,cycles,1,8,3690258
n1_i3,3,1,3,n1_i3::op::/model/layers.8/self_attn/o_proj/MatMul,n1_i3::op_type::layers.*/self_attn::FullyConnected,op,/model/layers.8/self_attn/o_proj/MatMul,layers.*/self_attn,/model/layers.8/self_attn/o_proj/MatMul,FullyConnected,,,,,performance,gtpin_total_execution_cycles,29287914,cycles,1,64,29287914
n1_i3,3,1,3,n1_i3::op::/model/layers.8/self_attn/q_proj/MatMul,n1_i3::op_type::layers.*/self_attn::FullyConnected,op,/model/layers.8/self_attn/q_proj/MatMul,layers.*/self_attn,/model/layers.8/self_attn/q_proj/MatMul,FullyConnected,,,,,performance,gtpin_total_execution_cycles,28632166,cycles,1,64,28632166
n1_i3,3,1,3,n1_i3::op::/model/layers.8/self_attn/v_proj/MatMul,n1_i3::op_type::layers.*/self_attn::FullyConnected,op,/model/layers.8/self_attn/v_proj/MatMul,layers.*/self_attn,/model/layers.8/self_attn/v_proj/MatMul,FullyConnected,,,,,performance,gtpin_total_execution_cycles,3487216,cycles,1,8,3487216
n1_i3,3,1,3,n1_i3::op::/model/layers.9/input_layernorm/Mul,n1_i3::op_type::layers.*/input_layernorm::RMS,op,/model/layers.9/input_layernorm/Mul,layers.*/input_layernorm,/model/layers.9/input_layernorm/Mul,RMS,,,,,performance,gtpin_total_execution_cycles,1609708,cycles,1,256,1609708
n1_i3,3,1,3,n1_i3::op::/model/layers.9/mlp/down_proj/MatMul,n1_i3::op_type::layers.*/mlp::FullyConnected,op,/model/layers.9/mlp/down_proj/MatMul,layers.*/mlp,/model/layers.9/mlp/down_proj/MatMul,FullyConnected,,,,,performance,gtpin_total_execution_cycles,80862588,cycles,1,64,80862588
n1_i3,3,1,3,n1_i3::op::/model/layers.9/mlp/gate_proj/MatMul,n1_i3::op_type::layers.*/mlp::FullyConnected,op,/model/layers.9/mlp/gate_proj/MatMul,layers.*/mlp,/model/layers.9/mlp/gate_proj/MatMul,FullyConnected,,,,,performance,gtpin_total_execution_cycles,143006782,cycles,1,176,143006782
n1_i3,3,1,3,n1_i3::op::/model/layers.9/mlp/up_proj/MatMul,n1_i3::op_type::layers.*/mlp::FullyConnected,op,/model/layers.9/mlp/up_proj/MatMul,layers.*/mlp,/model/layers.9/mlp/up_proj/MatMul,FullyConnected,,,,,performance,gtpin_total_execution_cycles,140095200,cycles,1,176,140095200
n1_i3,3,1,3,n1_i3::op::/model/layers.9/post_attention_layernorm/Mul,n1_i3::op_type::layers.*/post_attention_layernorm::RMS,op,/model/layers.9/post_attention_layernorm/Mul,layers.*/post_attention_layernorm,/model/layers.9/post_attention_layernorm/Mul,RMS,,,,,performance,gtpin_total_execution_cycles,1874794,cycles,1,256,1874794
n1_i3,3,1,3,n1_i3::op::/model/layers.9/self_attn/Add,n1_i3::op_type::layers.*/self_attn::RoPE,op,/model/layers.9/self_attn/Add,layers.*/self_attn,/model/layers.9/self_attn/Add,RoPE,,,,,performance,gtpin_total_execution_cycles,897898,cycles,1,64,897898
n1_i3,3,1,3,n1_i3::op::/model/layers.9/self_attn/Add_1,n1_i3::op_type::layers.*/self_attn::RoPE,op,/model/layers.9/self_attn/Add_1,layers.*/self_attn,/model/layers.9/self_attn/Add_1,RoPE,,,,,performance,gtpin_total_execution_cycles,73706,cycles,1,8,73706
n1_i3,3,1,3,n1_i3::op::/model/layers.9/self_attn/Expand,n1_i3::op_type::layers.*/self_attn::Broadcast,op,/model/layers.9/self_attn/Expand,layers.*/self_attn,/model/layers.9/self_attn/Expand,Broadcast,,,,,performance,gtpin_total_execution_cycles,5506720,cycles,1,1024,5506720
n1_i3,3,1,3,n1_i3::op::/model/layers.9/self_attn/Expand_1,n1_i3::op_type::layers.*/self_attn::Broadcast,op,/model/layers.9/self_attn/Expand_1,layers.*/self_attn,/model/layers.9/self_attn/Expand_1,Broadcast,,,,,performance,gtpin_total_execution_cycles,3859608,cycles,1,1024,3859608
n1_i3,3,1,3,n1_i3::op::/model/layers.9/self_attn/IsNaN,n1_i3::op_type::layers.*/self_attn::IsNaN,op,/model/layers.9/self_attn/IsNaN,layers.*/self_attn,/model/layers.9/self_attn/IsNaN,IsNaN,,,,,performance,gtpin_total_execution_cycles,1566032,cycles,1,256,1566032
n1_i3,3,1,3,n1_i3::op::/model/layers.9/self_attn/MatMul,n1_i3::op_type::layers.*/self_attn::Gemm,op,/model/layers.9/self_attn/MatMul,layers.*/self_attn,/model/layers.9/self_attn/MatMul,Gemm,,,,,performance,gtpin_total_execution_cycles,3479546,cycles,1,32,3479546
n1_i3,3,1,3,n1_i3::op::/model/layers.9/self_attn/Mul_8,n1_i3::op_type::layers.*/self_attn::Multiply,op,/model/layers.9/self_attn/Mul_8,layers.*/self_attn,/model/layers.9/self_attn/Mul_8,Multiply,,,,,performance,gtpin_total_execution_cycles,4980406,cycles,1,1024,4980406
n1_i3,3,1,3,n1_i3::op::/model/layers.9/self_attn/Softmax,n1_i3::op_type::layers.*/self_attn::Softmax,op,/model/layers.9/self_attn/Softmax,layers.*/self_attn,/model/layers.9/self_attn/Softmax,Softmax,,,,,performance,gtpin_total_execution_cycles,8156864,cycles,1,512,8156864
n1_i3,3,1,3,n1_i3::op::/model/layers.9/self_attn/Transpose_2,n1_i3::op_type::layers.*/self_attn::Transpose,op,/model/layers.9/self_attn/Transpose_2,layers.*/self_attn,/model/layers.9/self_attn/Transpose_2,Transpose,,,,,performance,gtpin_total_execution_cycles,530160,cycles,1,128,530160
n1_i3,3,1,3,n1_i3::op::/model/layers.9/self_attn/Transpose_3,n1_i3::op_type::layers.*/self_attn::Transpose,op,/model/layers.9/self_attn/Transpose_3,layers.*/self_attn,/model/layers.9/self_attn/Transpose_3,Transpose,,,,,performance,gtpin_total_execution_cycles,5528536,cycles,1,1024,5528536
n1_i3,3,1,3,n1_i3::op::/model/layers.9/self_attn/Transpose_4,n1_i3::op_type::layers.*/self_attn::Gemm,op,/model/layers.9/self_attn/Transpose_4,layers.*/self_attn,/model/layers.9/self_attn/Transpose_4,Gemm,,,,,performance,gtpin_total_execution_cycles,2059072,cycles,1,64,2059072
n1_i3,3,1,3,n1_i3::op::/model/layers.9/self_attn/Where_2,n1_i3::op_type::layers.*/self_attn::Select,op,/model/layers.9/self_attn/Where_2,layers.*/self_attn,/model/layers.9/self_attn/Where_2,Select,,,,,performance,gtpin_total_execution_cycles,39328,cycles,1,8,39328
n1_i3,3,1,3,n1_i3::op::/model/layers.9/self_attn/Where_3,n1_i3::op_type::layers.*/self_attn::Select,op,/model/layers.9/self_attn/Where_3,layers.*/self_attn,/model/layers.9/self_attn/Where_3,Select,,,,,performance,gtpin_total_execution_cycles,1354560,cycles,1,256,1354560
n1_i3,3,1,3,n1_i3::op::/model/layers.9/self_attn/k_proj/MatMul,n1_i3::op_type::layers.*/self_attn::FullyConnected,op,/model/layers.9/self_attn/k_proj/MatMul,layers.*/self_attn,/model/layers.9/self_attn/k_proj/MatMul,FullyConnected,,,,,performance,gtpin_total_execution_cycles,3844800,cycles,1,8,3844800
n1_i3,3,1,3,n1_i3::op::/model/layers.9/self_attn/o_proj/MatMul,n1_i3::op_type::layers.*/self_attn::FullyConnected,op,/model/layers.9/self_attn/o_proj/MatMul,layers.*/self_attn,/model/layers.9/self_attn/o_proj/MatMul,FullyConnected,,,,,performance,gtpin_total_execution_cycles,29588064,cycles,1,64,29588064
n1_i3,3,1,3,n1_i3::op::/model/layers.9/self_attn/q_proj/MatMul,n1_i3::op_type::layers.*/self_attn::FullyConnected,op,/model/layers.9/self_attn/q_proj/MatMul,layers.*/self_attn,/model/layers.9/self_attn/q_proj/MatMul,FullyConnected,,,,,performance,gtpin_total_execution_cycles,29931124,cycles,1,64,29931124
n1_i3,3,1,3,n1_i3::op::/model/layers.9/self_attn/v_proj/MatMul,n1_i3::op_type::layers.*/self_attn::FullyConnected,op,/model/layers.9/self_attn/v_proj/MatMul,layers.*/self_attn,/model/layers.9/self_attn/v_proj/MatMul,FullyConnected,,,,,performance,gtpin_total_execution_cycles,3656048,cycles,1,8,3656048
n1_i3,3,1,3,n1_i3::op::/model/norm/Mul,n1_i3::op_type::(root)::RMS,op,/model/norm/Mul,(root),/model/norm/Mul,RMS,,,,,performance,gtpin_total_execution_cycles,2338042,cycles,1,256,2338042
n1_i3,3,1,3,n1_i3::op::/model/rotary_emb/Concat_1,n1_i3::op_type::rotary_emb::Concat,op,/model/rotary_emb/Concat_1,rotary_emb,/model/rotary_emb/Concat_1,Concat,,,,,performance,gtpin_total_execution_cycles,145418,cycles,2,32,145418
n1_i3,3,1,3,n1_i3::op::/model/rotary_emb/Cos,n1_i3::op_type::rotary_emb::Cos,op,/model/rotary_emb/Cos,rotary_emb,/model/rotary_emb/Cos,Cos,,,,,performance,gtpin_total_execution_cycles,192146,cycles,1,32,192146
n1_i3,3,1,3,n1_i3::op::/model/rotary_emb/MatMul_increase_precision_1,n1_i3::op_type::rotary_emb::Convert,op,/model/rotary_emb/MatMul_increase_precision_1,rotary_emb,/model/rotary_emb/MatMul_increase_precision_1,Convert,,,,,performance,gtpin_total_execution_cycles,3064,cycles,1,1,3064
n1_i3,3,1,3,n1_i3::op::/model/rotary_emb/Sin,n1_i3::op_type::rotary_emb::Sin,op,/model/rotary_emb/Sin,rotary_emb,/model/rotary_emb/Sin,Sin,,,,,performance,gtpin_total_execution_cycles,159418,cycles,1,32,159418
n1_i3,3,1,3,n1_i3::op::/model/rotary_emb/Transpose,n1_i3::op_type::rotary_emb::Gemm,op,/model/rotary_emb/Transpose,rotary_emb,/model/rotary_emb/Transpose,Gemm,,,,,performance,gtpin_total_execution_cycles,35230,cycles,1,2,35230
n1_i3,3,1,3,n1_i3::op::Convert_90811,n1_i3::op_type::(root)::Convert,op,Convert_90811,(root),Convert_90811,Convert,,,,,performance,gtpin_total_execution_cycles,6372,cycles,1,1,6372
n1_i3,3,1,3,n1_i3::op::Convert_90813,n1_i3::op_type::(root)::Convert,op,Convert_90813,(root),Convert_90813,Convert,,,,,performance,gtpin_total_execution_cycles,6073,cycles,1,1,6073
n1_i3,3,1,3,n1_i3::op::Convert_90873,n1_i3::op_type::(root)::Convert,op,Convert_90873,(root),Convert_90873,Convert,,,,,performance,gtpin_total_execution_cycles,5681,cycles,1,1,5681
n1_i3,3,1,3,n1_i3::op::logits.0,n1_i3::op_type::(root)::FullyConnected,op,logits.0,(root),logits.0,FullyConnected,,,,,performance,gtpin_total_execution_cycles,2164756414,cycles,1,1000,2164756414
n1_i3,3,1,3,n1_i3::op_type::(root)::Convert,n1_i3::component_group::(root),op_type,Convert,(root),,Convert,,,,,performance,gtpin_total_execution_cycles,18126,cycles,3,3,18126
n1_i3,3,1,3,n1_i3::op_type::(root)::FullyConnected,n1_i3::component_group::(root),op_type,FullyConnected,(root),,FullyConnected,,,,,performance,gtpin_total_execution_cycles,2164756414,cycles,1,1000,2164756414
n1_i3,3,1,3,n1_i3::op_type::(root)::Gather,n1_i3::component_group::(root),op_type,Gather,(root),,Gather,,,,,performance,gtpin_total_execution_cycles,9539,cycles,1,1,9539
n1_i3,3,1,3,n1_i3::op_type::(root)::LessEqual,n1_i3::component_group::(root),op_type,LessEqual,(root),,LessEqual,,,,,performance,gtpin_total_execution_cycles,31304,cycles,1,8,31304
n1_i3,3,1,3,n1_i3::op_type::(root)::LogicalAnd,n1_i3::component_group::(root),op_type,LogicalAnd,(root),,LogicalAnd,,,,,performance,gtpin_total_execution_cycles,93992,cycles,2,16,93992
n1_i3,3,1,3,n1_i3::op_type::(root)::RMS,n1_i3::component_group::(root),op_type,RMS,(root),,RMS,,,,,performance,gtpin_total_execution_cycles,2338042,cycles,1,256,2338042
n1_i3,3,1,3,n1_i3::op_type::embed_tokens::Gather,n1_i3::component_group::embed_tokens,op_type,Gather,embed_tokens,,Gather,,,,,performance,gtpin_total_execution_cycles,5827342,cycles,1,1024,5827342
n1_i3,3,1,3,n1_i3::op_type::layers.*/input_layernorm::RMS,n1_i3::component_group::layers.*/input_layernorm,op_type,RMS,layers.*/input_layernorm,,RMS,,,,,performance,gtpin_total_execution_cycles,38883692,cycles,22,5632,38883692
n1_i3,3,1,3,n1_i3::op_type::layers.*/mlp::FullyConnected,n1_i3::component_group::layers.*/mlp,op_type,FullyConnected,layers.*/mlp,,FullyConnected,,,,,performance,gtpin_total_execution_cycles,6798751948,cycles,66,9152,6798751948
n1_i3,3,1,3,n1_i3::op_type::layers.*/post_attention_layernorm::RMS,n1_i3::component_group::layers.*/post_attention_layernorm,op_type,RMS,layers.*/post_attention_layernorm,,RMS,,,,,performance,gtpin_total_execution_cycles,43117056,cycles,22,5632,43117056
n1_i3,3,1,3,n1_i3::op_type::layers.*/self_attn::Broadcast,n1_i3::component_group::layers.*/self_attn,op_type,Broadcast,layers.*/self_attn,,Broadcast,,,,,performance,gtpin_total_execution_cycles,199535270,cycles,44,45056,199535270
n1_i3,3,1,3,n1_i3::op_type::layers.*/self_attn::Convert,n1_i3::component_group::layers.*/self_attn,op_type,Convert,layers.*/self_attn,,Convert,,,,,performance,gtpin_total_execution_cycles,140372,cycles,2,64,140372
n1_i3,3,1,3,n1_i3::op_type::layers.*/self_attn::FullyConnected,n1_i3::component_group::layers.*/self_attn,op_type,FullyConnected,layers.*/self_attn,,FullyConnected,,,,,performance,gtpin_total_execution_cycles,1443708818,cycles,88,3168,1443708818
n1_i3,3,1,3,n1_i3::op_type::layers.*/self_attn::Gemm,n1_i3::component_group::layers.*/self_attn,op_type,Gemm,layers.*/self_attn,,Gemm,,,,,performance,gtpin_total_execution_cycles,124175744,cycles,44,2112,124175744
n1_i3,3,1,3,n1_i3::op_type::layers.*/self_attn::IsNaN,n1_i3::component_group::layers.*/self_attn,op_type,IsNaN,layers.*/self_attn,,IsNaN,,,,,performance,gtpin_total_execution_cycles,27122358,cycles,22,5632,27122358
n1_i3,3,1,3,n1_i3::op_type::layers.*/self_attn::Multiply,n1_i3::component_group::layers.*/self_attn,op_type,Multiply,layers.*/self_attn,,Multiply,,,,,performance,gtpin_total_execution_cycles,107326956,cycles,22,22528,107326956
n1_i3,3,1,3,n1_i3::op_type::layers.*/self_attn::RoPE,n1_i3::component_group::layers.*/self_attn,op_type,RoPE,layers.*/self_attn,,RoPE,,,,,performance,gtpin_total_execution_cycles,20850552,cycles,44,1584,20850552
n1_i3,3,1,3,n1_i3::op_type::layers.*/self_attn::Select,n1_i3::component_group::layers.*/self_attn,op_type,Select,layers.*/self_attn,,Select,,,,,performance,gtpin_total_execution_cycles,32861736,cycles,44,5808,32861736
n1_i3,3,1,3,n1_i3::op_type::layers.*/self_attn::Softmax,n1_i3::component_group::layers.*/self_attn,op_type,Softmax,layers.*/self_attn,,Softmax,,,,,performance,gtpin_total_execution_cycles,180441066,cycles,22,11264,180441066
n1_i3,3,1,3,n1_i3::op_type::layers.*/self_attn::Transpose,n1_i3::component_group::layers.*/self_attn,op_type,Transpose,layers.*/self_attn,,Transpose,,,,,performance,gtpin_total_execution_cycles,130879558,cycles,44,25344,130879558
n1_i3,3,1,3,n1_i3::op_type::rotary_emb::Concat,n1_i3::component_group::rotary_emb,op_type,Concat,rotary_emb,,Concat,,,,,performance,gtpin_total_execution_cycles,145418,cycles,2,32,145418
n1_i3,3,1,3,n1_i3::op_type::rotary_emb::Convert,n1_i3::component_group::rotary_emb,op_type,Convert,rotary_emb,,Convert,,,,,performance,gtpin_total_execution_cycles,3064,cycles,1,1,3064
n1_i3,3,1,3,n1_i3::op_type::rotary_emb::Cos,n1_i3::component_group::rotary_emb,op_type,Cos,rotary_emb,,Cos,,,,,performance,gtpin_total_execution_cycles,192146,cycles,1,32,192146
n1_i3,3,1,3,n1_i3::op_type::rotary_emb::Gemm,n1_i3::component_group::rotary_emb,op_type,Gemm,rotary_emb,,Gemm,,,,,performance,gtpin_total_execution_cycles,35230,cycles,1,2,35230
n1_i3,3,1,3,n1_i3::op_type::rotary_emb::Sin,n1_i3::component_group::rotary_emb,op_type,Sin,rotary_emb,,Sin,,,,,performance,gtpin_total_execution_cycles,159418,cycles,1,32,159418
n1_i3,3,1,3,n1_i3::primitive::broadcast:/model/layers.0/self_attn/Expand,n1_i3::op::/model/layers.0/self_attn/Expand,primitive,broadcast:/model/layers.0/self_attn/Expand,layers.*/self_attn,/model/layers.0/self_attn/Expand,Broadcast,broadcast:/model/layers.0/self_attn/Expand,broadcast,broadcast_gpu_ref,,performance,gtpin_total_execution_cycles,3498728,cycles,1,1024,3498728
n1_i3,3,1,3,n1_i3::primitive::broadcast:/model/layers.0/self_attn/Expand_1,n1_i3::op::/model/layers.0/self_attn/Expand_1,primitive,broadcast:/model/layers.0/self_attn/Expand_1,layers.*/self_attn,/model/layers.0/self_attn/Expand_1,Broadcast,broadcast:/model/layers.0/self_attn/Expand_1,broadcast,broadcast_gpu_ref,,performance,gtpin_total_execution_cycles,3845644,cycles,1,1024,3845644
n1_i3,3,1,3,n1_i3::primitive::broadcast:/model/layers.1/self_attn/Expand,n1_i3::op::/model/layers.1/self_attn/Expand,primitive,broadcast:/model/layers.1/self_attn/Expand,layers.*/self_attn,/model/layers.1/self_attn/Expand,Broadcast,broadcast:/model/layers.1/self_attn/Expand,broadcast,broadcast_gpu_ref,,performance,gtpin_total_execution_cycles,5727284,cycles,1,1024,5727284
n1_i3,3,1,3,n1_i3::primitive::broadcast:/model/layers.1/self_attn/Expand_1,n1_i3::op::/model/layers.1/self_attn/Expand_1,primitive,broadcast:/model/layers.1/self_attn/Expand_1,layers.*/self_attn,/model/layers.1/self_attn/Expand_1,Broadcast,broadcast:/model/layers.1/self_attn/Expand_1,broadcast,broadcast_gpu_ref,,performance,gtpin_total_execution_cycles,4100888,cycles,1,1024,4100888
n1_i3,3,1,3,n1_i3::primitive::broadcast:/model/layers.10/self_attn/Expand,n1_i3::op::/model/layers.10/self_attn/Expand,primitive,broadcast:/model/layers.10/self_attn/Expand,layers.*/self_attn,/model/layers.10/self_attn/Expand,Broadcast,broadcast:/model/layers.10/self_attn/Expand,broadcast,broadcast_gpu_ref,,performance,gtpin_total_execution_cycles,5468384,cycles,1,1024,5468384
n1_i3,3,1,3,n1_i3::primitive::broadcast:/model/layers.10/self_attn/Expand_1,n1_i3::op::/model/layers.10/self_attn/Expand_1,primitive,broadcast:/model/layers.10/self_attn/Expand_1,layers.*/self_attn,/model/layers.10/self_attn/Expand_1,Broadcast,broadcast:/model/layers.10/self_attn/Expand_1,broadcast,broadcast_gpu_ref,,performance,gtpin_total_execution_cycles,4110294,cycles,1,1024,4110294
n1_i3,3,1,3,n1_i3::primitive::broadcast:/model/layers.11/self_attn/Expand,n1_i3::op::/model/layers.11/self_attn/Expand,primitive,broadcast:/model/layers.11/self_attn/Expand,layers.*/self_attn,/model/layers.11/self_attn/Expand,Broadcast,broadcast:/model/layers.11/self_attn/Expand,broadcast,broadcast_gpu_ref,,performance,gtpin_total_execution_cycles,3310706,cycles,1,1024,3310706
n1_i3,3,1,3,n1_i3::primitive::broadcast:/model/layers.11/self_attn/Expand_1,n1_i3::op::/model/layers.11/self_attn/Expand_1,primitive,broadcast:/model/layers.11/self_attn/Expand_1,layers.*/self_attn,/model/layers.11/self_attn/Expand_1,Broadcast,broadcast:/model/layers.11/self_attn/Expand_1,broadcast,broadcast_gpu_ref,,performance,gtpin_total_execution_cycles,4719538,cycles,1,1024,4719538
n1_i3,3,1,3,n1_i3::primitive::broadcast:/model/layers.12/self_attn/Expand,n1_i3::op::/model/layers.12/self_attn/Expand,primitive,broadcast:/model/layers.12/self_attn/Expand,layers.*/self_attn,/model/layers.12/self_attn/Expand,Broadcast,broadcast:/model/layers.12/self_attn/Expand,broadcast,broadcast_gpu_ref,,performance,gtpin_total_execution_cycles,4440680,cycles,1,1024,4440680
n1_i3,3,1,3,n1_i3::primitive::broadcast:/model/layers.12/self_attn/Expand_1,n1_i3::op::/model/layers.12/self_attn/Expand_1,primitive,broadcast:/model/layers.12/self_attn/Expand_1,layers.*/self_attn,/model/layers.12/self_attn/Expand_1,Broadcast,broadcast:/model/layers.12/self_attn/Expand_1,broadcast,broadcast_gpu_ref,,performance,gtpin_total_execution_cycles,3991350,cycles,1,1024,3991350
n1_i3,3,1,3,n1_i3::primitive::broadcast:/model/layers.13/self_attn/Expand,n1_i3::op::/model/layers.13/self_attn/Expand,primitive,broadcast:/model/layers.13/self_attn/Expand,layers.*/self_attn,/model/layers.13/self_attn/Expand,Broadcast,broadcast:/model/layers.13/self_attn/Expand,broadcast,broadcast_gpu_ref,,performance,gtpin_total_execution_cycles,5460998,cycles,1,1024,5460998
n1_i3,3,1,3,n1_i3::primitive::broadcast:/model/layers.13/self_attn/Expand_1,n1_i3::op::/model/layers.13/self_attn/Expand_1,primitive,broadcast:/model/layers.13/self_attn/Expand_1,layers.*/self_attn,/model/layers.13/self_attn/Expand_1,Broadcast,broadcast:/model/layers.13/self_attn/Expand_1,broadcast,broadcast_gpu_ref,,performance,gtpin_total_execution_cycles,4233002,cycles,1,1024,4233002
n1_i3,3,1,3,n1_i3::primitive::broadcast:/model/layers.14/self_attn/Expand,n1_i3::op::/model/layers.14/self_attn/Expand,primitive,broadcast:/model/layers.14/self_attn/Expand,layers.*/self_attn,/model/layers.14/self_attn/Expand,Broadcast,broadcast:/model/layers.14/self_attn/Expand,broadcast,broadcast_gpu_ref,,performance,gtpin_total_execution_cycles,5572010,cycles,1,1024,5572010
n1_i3,3,1,3,n1_i3::primitive::broadcast:/model/layers.14/self_attn/Expand_1,n1_i3::op::/model/layers.14/self_attn/Expand_1,primitive,broadcast:/model/layers.14/self_attn/Expand_1,layers.*/self_attn,/model/layers.14/self_attn/Expand_1,Broadcast,broadcast:/model/layers.14/self_attn/Expand_1,broadcast,broadcast_gpu_ref,,performance,gtpin_total_execution_cycles,4777088,cycles,1,1024,4777088
n1_i3,3,1,3,n1_i3::primitive::broadcast:/model/layers.15/self_attn/Expand,n1_i3::op::/model/layers.15/self_attn/Expand,primitive,broadcast:/model/layers.15/self_attn/Expand,layers.*/self_attn,/model/layers.15/self_attn/Expand,Broadcast,broadcast:/model/layers.15/self_attn/Expand,broadcast,broadcast_gpu_ref,,performance,gtpin_total_execution_cycles,3744894,cycles,1,1024,3744894
n1_i3,3,1,3,n1_i3::primitive::broadcast:/model/layers.15/self_attn/Expand_1,n1_i3::op::/model/layers.15/self_attn/Expand_1,primitive,broadcast:/model/layers.15/self_attn/Expand_1,layers.*/self_attn,/model/layers.15/self_attn/Expand_1,Broadcast,broadcast:/model/layers.15/self_attn/Expand_1,broadcast,broadcast_gpu_ref,,performance,gtpin_total_execution_cycles,4618872,cycles,1,1024,4618872
n1_i3,3,1,3,n1_i3::primitive::broadcast:/model/layers.16/self_attn/Expand,n1_i3::op::/model/layers.16/self_attn/Expand,primitive,broadcast:/model/layers.16/self_attn/Expand,layers.*/self_attn,/model/layers.16/self_attn/Expand,Broadcast,broadcast:/model/layers.16/self_attn/Expand,broadcast,broadcast_gpu_ref,,performance,gtpin_total_execution_cycles,5150410,cycles,1,1024,5150410
n1_i3,3,1,3,n1_i3::primitive::broadcast:/model/layers.16/self_attn/Expand_1,n1_i3::op::/model/layers.16/self_attn/Expand_1,primitive,broadcast:/model/layers.16/self_attn/Expand_1,layers.*/self_attn,/model/layers.16/self_attn/Expand_1,Broadcast,broadcast:/model/layers.16/self_attn/Expand_1,broadcast,broadcast_gpu_ref,,performance,gtpin_total_execution_cycles,4038616,cycles,1,1024,4038616
n1_i3,3,1,3,n1_i3::primitive::broadcast:/model/layers.17/self_attn/Expand,n1_i3::op::/model/layers.17/self_attn/Expand,primitive,broadcast:/model/layers.17/self_attn/Expand,layers.*/self_attn,/model/layers.17/self_attn/Expand,Broadcast,broadcast:/model/layers.17/self_attn/Expand,broadcast,broadcast_gpu_ref,,performance,gtpin_total_execution_cycles,5501024,cycles,1,1024,5501024
n1_i3,3,1,3,n1_i3::primitive::broadcast:/model/layers.17/self_attn/Expand_1,n1_i3::op::/model/layers.17/self_attn/Expand_1,primitive,broadcast:/model/layers.17/self_attn/Expand_1,layers.*/self_attn,/model/layers.17/self_attn/Expand_1,Broadcast,broadcast:/model/layers.17/self_attn/Expand_1,broadcast,broadcast_gpu_ref,,performance,gtpin_total_execution_cycles,4220732,cycles,1,1024,4220732
n1_i3,3,1,3,n1_i3::primitive::broadcast:/model/layers.18/self_attn/Expand,n1_i3::op::/model/layers.18/self_attn/Expand,primitive,broadcast:/model/layers.18/self_attn/Expand,layers.*/self_attn,/model/layers.18/self_attn/Expand,Broadcast,broadcast:/model/layers.18/self_attn/Expand,broadcast,broadcast_gpu_ref,,performance,gtpin_total_execution_cycles,5708342,cycles,1,1024,5708342
n1_i3,3,1,3,n1_i3::primitive::broadcast:/model/layers.18/self_attn/Expand_1,n1_i3::op::/model/layers.18/self_attn/Expand_1,primitive,broadcast:/model/layers.18/self_attn/Expand_1,layers.*/self_attn,/model/layers.18/self_attn/Expand_1,Broadcast,broadcast:/model/layers.18/self_attn/Expand_1,broadcast,broadcast_gpu_ref,,performance,gtpin_total_execution_cycles,4257896,cycles,1,1024,4257896
n1_i3,3,1,3,n1_i3::primitive::broadcast:/model/layers.19/self_attn/Expand,n1_i3::op::/model/layers.19/self_attn/Expand,primitive,broadcast:/model/layers.19/self_attn/Expand,layers.*/self_attn,/model/layers.19/self_attn/Expand,Broadcast,broadcast:/model/layers.19/self_attn/Expand,broadcast,broadcast_gpu_ref,,performance,gtpin_total_execution_cycles,3761074,cycles,1,1024,3761074
n1_i3,3,1,3,n1_i3::primitive::broadcast:/model/layers.19/self_attn/Expand_1,n1_i3::op::/model/layers.19/self_attn/Expand_1,primitive,broadcast:/model/layers.19/self_attn/Expand_1,layers.*/self_attn,/model/layers.19/self_attn/Expand_1,Broadcast,broadcast:/model/layers.19/self_attn/Expand_1,broadcast,broadcast_gpu_ref,,performance,gtpin_total_execution_cycles,4477468,cycles,1,1024,4477468
n1_i3,3,1,3,n1_i3::primitive::broadcast:/model/layers.2/self_attn/Expand,n1_i3::op::/model/layers.2/self_attn/Expand,primitive,broadcast:/model/layers.2/self_attn/Expand,layers.*/self_attn,/model/layers.2/self_attn/Expand,Broadcast,broadcast:/model/layers.2/self_attn/Expand,broadcast,broadcast_gpu_ref,,performance,gtpin_total_execution_cycles,5654978,cycles,1,1024,5654978
n1_i3,3,1,3,n1_i3::primitive::broadcast:/model/layers.2/self_attn/Expand_1,n1_i3::op::/model/layers.2/self_attn/Expand_1,primitive,broadcast:/model/layers.2/self_attn/Expand_1,layers.*/self_attn,/model/layers.2/self_attn/Expand_1,Broadcast,broadcast:/model/layers.2/self_attn/Expand_1,broadcast,broadcast_gpu_ref,,performance,gtpin_total_execution_cycles,3772348,cycles,1,1024,3772348
n1_i3,3,1,3,n1_i3::primitive::broadcast:/model/layers.20/self_attn/Expand,n1_i3::op::/model/layers.20/self_attn/Expand,primitive,broadcast:/model/layers.20/self_attn/Expand,layers.*/self_attn,/model/layers.20/self_attn/Expand,Broadcast,broadcast:/model/layers.20/self_attn/Expand,broadcast,broadcast_gpu_ref,,performance,gtpin_total_execution_cycles,3704674,cycles,1,1024,3704674
n1_i3,3,1,3,n1_i3::primitive::broadcast:/model/layers.20/self_attn/Expand_1,n1_i3::op::/model/layers.20/self_attn/Expand_1,primitive,broadcast:/model/layers.20/self_attn/Expand_1,layers.*/self_attn,/model/layers.20/self_attn/Expand_1,Broadcast,broadcast:/model/layers.20/self_attn/Expand_1,broadcast,broadcast_gpu_ref,,performance,gtpin_total_execution_cycles,4506370,cycles,1,1024,4506370
n1_i3,3,1,3,n1_i3::primitive::broadcast:/model/layers.21/self_attn/Expand,n1_i3::op::/model/layers.21/self_attn/Expand,primitive,broadcast:/model/layers.21/self_attn/Expand,layers.*/self_attn,/model/layers.21/self_attn/Expand,Broadcast,broadcast:/model/layers.21/self_attn/Expand,broadcast,broadcast_gpu_ref,,performance,gtpin_total_execution_cycles,5603600,cycles,1,1024,5603600
n1_i3,3,1,3,n1_i3::primitive::broadcast:/model/layers.21/self_attn/Expand_1,n1_i3::op::/model/layers.21/self_attn/Expand_1,primitive,broadcast:/model/layers.21/self_attn/Expand_1,layers.*/self_attn,/model/layers.21/self_attn/Expand_1,Broadcast,broadcast:/model/layers.21/self_attn/Expand_1,broadcast,broadcast_gpu_ref,,performance,gtpin_total_execution_cycles,4275280,cycles,1,1024,4275280
n1_i3,3,1,3,n1_i3::primitive::broadcast:/model/layers.3/self_attn/Expand,n1_i3::op::/model/layers.3/self_attn/Expand,primitive,broadcast:/model/layers.3/self_attn/Expand,layers.*/self_attn,/model/layers.3/self_attn/Expand,Broadcast,broadcast:/model/layers.3/self_attn/Expand,broadcast,broadcast_gpu_ref,,performance,gtpin_total_execution_cycles,3960318,cycles,1,1024,3960318
n1_i3,3,1,3,n1_i3::primitive::broadcast:/model/layers.3/self_attn/Expand_1,n1_i3::op::/model/layers.3/self_attn/Expand_1,primitive,broadcast:/model/layers.3/self_attn/Expand_1,layers.*/self_attn,/model/layers.3/self_attn/Expand_1,Broadcast,broadcast:/model/layers.3/self_attn/Expand_1,broadcast,broadcast_gpu_ref,,performance,gtpin_total_execution_cycles,4715480,cycles,1,1024,4715480
n1_i3,3,1,3,n1_i3::primitive::broadcast:/model/layers.4/self_attn/Expand,n1_i3::op::/model/layers.4/self_attn/Expand,primitive,broadcast:/model/layers.4/self_attn/Expand,layers.*/self_attn,/model/layers.4/self_attn/Expand,Broadcast,broadcast:/model/layers.4/self_attn/Expand,broadcast,broadcast_gpu_ref,,performance,gtpin_total_execution_cycles,3956976,cycles,1,1024,3956976
n1_i3,3,1,3,n1_i3::primitive::broadcast:/model/layers.4/self_attn/Expand_1,n1_i3::op::/model/layers.4/self_attn/Expand_1,primitive,broadcast:/model/layers.4/self_attn/Expand_1,layers.*/self_attn,/model/layers.4/self_attn/Expand_1,Broadcast,broadcast:/model/layers.4/self_attn/Expand_1,broadcast,broadcast_gpu_ref,,performance,gtpin_total_execution_cycles,3972848,cycles,1,1024,3972848
n1_i3,3,1,3,n1_i3::primitive::broadcast:/model/layers.5/self_attn/Expand,n1_i3::op::/model/layers.5/self_attn/Expand,primitive,broadcast:/model/layers.5/self_attn/Expand,layers.*/self_attn,/model/layers.5/self_attn/Expand,Broadcast,broadcast:/model/layers.5/self_attn/Expand,broadcast,broadcast_gpu_ref,,performance,gtpin_total_execution_cycles,5489946,cycles,1,1024,5489946
n1_i3,3,1,3,n1_i3::primitive::broadcast:/model/layers.5/self_attn/Expand_1,n1_i3::op::/model/layers.5/self_attn/Expand_1,primitive,broadcast:/model/layers.5/self_attn/Expand_1,layers.*/self_attn,/model/layers.5/self_attn/Expand_1,Broadcast,broadcast:/model/layers.5/self_attn/Expand_1,broadcast,broadcast_gpu_ref,,performance,gtpin_total_execution_cycles,4069318,cycles,1,1024,4069318
n1_i3,3,1,3,n1_i3::primitive::broadcast:/model/layers.6/self_attn/Expand,n1_i3::op::/model/layers.6/self_attn/Expand,primitive,broadcast:/model/layers.6/self_attn/Expand,layers.*/self_attn,/model/layers.6/self_attn/Expand,Broadcast,broadcast:/model/layers.6/self_attn/Expand,broadcast,broadcast_gpu_ref,,performance,gtpin_total_execution_cycles,6073468,cycles,1,1024,6073468
n1_i3,3,1,3,n1_i3::primitive::broadcast:/model/layers.6/self_attn/Expand_1,n1_i3::op::/model/layers.6/self_attn/Expand_1,primitive,broadcast:/model/layers.6/self_attn/Expand_1,layers.*/self_attn,/model/layers.6/self_attn/Expand_1,Broadcast,broadcast:/model/layers.6/self_attn/Expand_1,broadcast,broadcast_gpu_ref,,performance,gtpin_total_execution_cycles,4373062,cycles,1,1024,4373062
n1_i3,3,1,3,n1_i3::primitive::broadcast:/model/layers.7/self_attn/Expand,n1_i3::op::/model/layers.7/self_attn/Expand,primitive,broadcast:/model/layers.7/self_attn/Expand,layers.*/self_attn,/model/layers.7/self_attn/Expand,Broadcast,broadcast:/model/layers.7/self_attn/Expand,broadcast,broadcast_gpu_ref,,performance,gtpin_total_execution_cycles,4295146,cycles,1,1024,4295146
n1_i3,3,1,3,n1_i3::primitive::broadcast:/model/layers.7/self_attn/Expand_1,n1_i3::op::/model/layers.7/self_attn/Expand_1,primitive,broadcast:/model/layers.7/self_attn/Expand_1,layers.*/self_attn,/model/layers.7/self_attn/Expand_1,Broadcast,broadcast:/model/layers.7/self_attn/Expand_1,broadcast,broadcast_gpu_ref,,performance,gtpin_total_execution_cycles,4500564,cycles,1,1024,4500564
n1_i3,3,1,3,n1_i3::primitive::broadcast:/model/layers.8/self_attn/Expand,n1_i3::op::/model/layers.8/self_attn/Expand,primitive,broadcast:/model/layers.8/self_attn/Expand,layers.*/self_attn,/model/layers.8/self_attn/Expand,Broadcast,broadcast:/model/layers.8/self_attn/Expand,broadcast,broadcast_gpu_ref,,performance,gtpin_total_execution_cycles,4034742,cycles,1,1024,4034742
n1_i3,3,1,3,n1_i3::primitive::broadcast:/model/layers.8/self_attn/Expand_1,n1_i3::op::/model/layers.8/self_attn/Expand_1,primitive,broadcast:/model/layers.8/self_attn/Expand_1,layers.*/self_attn,/model/layers.8/self_attn/Expand_1,Broadcast,broadcast:/model/layers.8/self_attn/Expand_1,broadcast,broadcast_gpu_ref,,performance,gtpin_total_execution_cycles,4473902,cycles,1,1024,4473902
n1_i3,3,1,3,n1_i3::primitive::broadcast:/model/layers.9/self_attn/Expand,n1_i3::op::/model/layers.9/self_attn/Expand,primitive,broadcast:/model/layers.9/self_attn/Expand,layers.*/self_attn,/model/layers.9/self_attn/Expand,Broadcast,broadcast:/model/layers.9/self_attn/Expand,broadcast,broadcast_gpu_ref,,performance,gtpin_total_execution_cycles,5506720,cycles,1,1024,5506720
n1_i3,3,1,3,n1_i3::primitive::broadcast:/model/layers.9/self_attn/Expand_1,n1_i3::op::/model/layers.9/self_attn/Expand_1,primitive,broadcast:/model/layers.9/self_attn/Expand_1,layers.*/self_attn,/model/layers.9/self_attn/Expand_1,Broadcast,broadcast:/model/layers.9/self_attn/Expand_1,broadcast,broadcast_gpu_ref,,performance,gtpin_total_execution_cycles,3859608,cycles,1,1024,3859608
n1_i3,3,1,3,n1_i3::primitive::concat:/model/rotary_emb/Concat_1,n1_i3::op::/model/rotary_emb/Concat_1,primitive,concat:/model/rotary_emb/Concat_1,rotary_emb,/model/rotary_emb/Concat_1,Concat,concat:/model/rotary_emb/Concat_1,concatenation,concatenation_gpu_simple_ref,,performance,gtpin_total_execution_cycles,145418,cycles,2,32,145418
n1_i3,3,1,3,n1_i3::primitive::convert:/model/layers.0/self_attn/Unsqueeze_6_restore_precision_0,n1_i3::op::/model/layers.0/self_attn/Unsqueeze_6_restore_precision_0,primitive,convert:/model/layers.0/self_attn/Unsqueeze_6_restore_precision_0,layers.*/self_attn,/model/layers.0/self_attn/Unsqueeze_6_restore_precision_0,Convert,convert:/model/layers.0/self_attn/Unsqueeze_6_restore_precision_0,reorder,reorder_data,,performance,gtpin_total_execution_cycles,65578,cycles,1,32,65578
n1_i3,3,1,3,n1_i3::primitive::convert:/model/layers.0/self_attn/Unsqueeze_7_restore_precision_1,n1_i3::op::/model/layers.0/self_attn/Unsqueeze_7_restore_precision_1,primitive,convert:/model/layers.0/self_attn/Unsqueeze_7_restore_precision_1,layers.*/self_attn,/model/layers.0/self_attn/Unsqueeze_7_restore_precision_1,Convert,convert:/model/layers.0/self_attn/Unsqueeze_7_restore_precision_1,reorder,reorder_data,,performance,gtpin_total_execution_cycles,74794,cycles,1,32,74794
n1_i3,3,1,3,n1_i3::primitive::convert:/model/rotary_emb/MatMul_increase_precision_1,n1_i3::op::/model/rotary_emb/MatMul_increase_precision_1,primitive,convert:/model/rotary_emb/MatMul_increase_precision_1,rotary_emb,/model/rotary_emb/MatMul_increase_precision_1,Convert,convert:/model/rotary_emb/MatMul_increase_precision_1,reorder,reorder_data,,performance,gtpin_total_execution_cycles,3064,cycles,1,1,3064
n1_i3,3,1,3,n1_i3::primitive::convert:Convert_90811,n1_i3::op::Convert_90811,primitive,convert:Convert_90811,(root),Convert_90811,Convert,convert:Convert_90811,reorder,reorder_data,,performance,gtpin_total_execution_cycles,6372,cycles,1,1,6372
n1_i3,3,1,3,n1_i3::primitive::convert:Convert_90813,n1_i3::op::Convert_90813,primitive,convert:Convert_90813,(root),Convert_90813,Convert,convert:Convert_90813,reorder,reorder_data,,performance,gtpin_total_execution_cycles,6073,cycles,1,1,6073
n1_i3,3,1,3,n1_i3::primitive::convert:Convert_90873,n1_i3::op::Convert_90873,primitive,convert:Convert_90873,(root),Convert_90873,Convert,convert:Convert_90873,reorder,reorder_data,,performance,gtpin_total_execution_cycles,5681,cycles,1,1,5681
n1_i3,3,1,3,n1_i3::primitive::cos:/model/rotary_emb/Cos,n1_i3::op::/model/rotary_emb/Cos,primitive,cos:/model/rotary_emb/Cos,rotary_emb,/model/rotary_emb/Cos,Cos,cos:/model/rotary_emb/Cos,activation,activation_ref,,performance,gtpin_total_execution_cycles,192146,cycles,1,32,192146
n1_i3,3,1,3,n1_i3::primitive::fullyconnected:/model/layers.0/mlp/down_proj/MatMul,n1_i3::op::/model/layers.0/mlp/down_proj/MatMul,primitive,fullyconnected:/model/layers.0/mlp/down_proj/MatMul,layers.*/mlp,/model/layers.0/mlp/down_proj/MatMul,FullyConnected,fullyconnected:/model/layers.0/mlp/down_proj/MatMul,fully_connected,fully_connected_gpu_bf_tiled,,performance,gtpin_total_execution_cycles,74231864,cycles,1,64,74231864
n1_i3,3,1,3,n1_i3::primitive::fullyconnected:/model/layers.0/mlp/gate_proj/MatMul,n1_i3::op::/model/layers.0/mlp/gate_proj/MatMul,primitive,fullyconnected:/model/layers.0/mlp/gate_proj/MatMul,layers.*/mlp,/model/layers.0/mlp/gate_proj/MatMul,FullyConnected,fullyconnected:/model/layers.0/mlp/gate_proj/MatMul,fully_connected,fully_connected_gpu_bf_tiled,,performance,gtpin_total_execution_cycles,109828780,cycles,1,176,109828780
n1_i3,3,1,3,n1_i3::primitive::fullyconnected:/model/layers.0/mlp/up_proj/MatMul,n1_i3::op::/model/layers.0/mlp/up_proj/MatMul,primitive,fullyconnected:/model/layers.0/mlp/up_proj/MatMul,layers.*/mlp,/model/layers.0/mlp/up_proj/MatMul,FullyConnected,fullyconnected:/model/layers.0/mlp/up_proj/MatMul,fully_connected,fully_connected_gpu_bf_tiled,,performance,gtpin_total_execution_cycles,100532646,cycles,1,176,100532646
n1_i3,3,1,3,n1_i3::primitive::fullyconnected:/model/layers.0/self_attn/k_proj/MatMul,n1_i3::op::/model/layers.0/self_attn/k_proj/MatMul,primitive,fullyconnected:/model/layers.0/self_attn/k_proj/MatMul,layers.*/self_attn,/model/layers.0/self_attn/k_proj/MatMul,FullyConnected,fullyconnected:/model/layers.0/self_attn/k_proj/MatMul,fully_connected,fully_connected_gpu_bf_tiled,,performance,gtpin_total_execution_cycles,4206246,cycles,1,8,4206246
n1_i3,3,1,3,n1_i3::primitive::fullyconnected:/model/layers.0/self_attn/o_proj/MatMul,n1_i3::op::/model/layers.0/self_attn/o_proj/MatMul,primitive,fullyconnected:/model/layers.0/self_attn/o_proj/MatMul,layers.*/self_attn,/model/layers.0/self_attn/o_proj/MatMul,FullyConnected,fullyconnected:/model/layers.0/self_attn/o_proj/MatMul,fully_connected,fully_connected_gpu_bf_tiled,,performance,gtpin_total_execution_cycles,28641222,cycles,1,64,28641222
n1_i3,3,1,3,n1_i3::primitive::fullyconnected:/model/layers.0/self_attn/q_proj/MatMul,n1_i3::op::/model/layers.0/self_attn/q_proj/MatMul,primitive,fullyconnected:/model/layers.0/self_attn/q_proj/MatMul,layers.*/self_attn,/model/layers.0/self_attn/q_proj/MatMul,FullyConnected,fullyconnected:/model/layers.0/self_attn/q_proj/MatMul,fully_connected,fully_connected_gpu_bf_tiled,,performance,gtpin_total_execution_cycles,32934060,cycles,1,64,32934060
n1_i3,3,1,3,n1_i3::primitive::fullyconnected:/model/layers.0/self_attn/v_proj/MatMul,n1_i3::op::/model/layers.0/self_attn/v_proj/MatMul,primitive,fullyconnected:/model/layers.0/self_attn/v_proj/MatMul,layers.*/self_attn,/model/layers.0/self_attn/v_proj/MatMul,FullyConnected,fullyconnected:/model/layers.0/self_attn/v_proj/MatMul,fully_connected,fully_connected_gpu_bf_tiled,,performance,gtpin_total_execution_cycles,4030532,cycles,1,8,4030532
n1_i3,3,1,3,n1_i3::primitive::fullyconnected:/model/layers.1/mlp/down_proj/MatMul,n1_i3::op::/model/layers.1/mlp/down_proj/MatMul,primitive,fullyconnected:/model/layers.1/mlp/down_proj/MatMul,layers.*/mlp,/model/layers.1/mlp/down_proj/MatMul,FullyConnected,fullyconnected:/model/layers.1/mlp/down_proj/MatMul,fully_connected,fully_connected_gpu_bf_tiled,,performance,gtpin_total_execution_cycles,77848630,cycles,1,64,77848630
n1_i3,3,1,3,n1_i3::primitive::fullyconnected:/model/layers.1/mlp/gate_proj/MatMul,n1_i3::op::/model/layers.1/mlp/gate_proj/MatMul,primitive,fullyconnected:/model/layers.1/mlp/gate_proj/MatMul,layers.*/mlp,/model/layers.1/mlp/gate_proj/MatMul,FullyConnected,fullyconnected:/model/layers.1/mlp/gate_proj/MatMul,fully_connected,fully_connected_gpu_bf_tiled,,performance,gtpin_total_execution_cycles,116228394,cycles,1,176,116228394
n1_i3,3,1,3,n1_i3::primitive::fullyconnected:/model/layers.1/mlp/up_proj/MatMul,n1_i3::op::/model/layers.1/mlp/up_proj/MatMul,primitive,fullyconnected:/model/layers.1/mlp/up_proj/MatMul,layers.*/mlp,/model/layers.1/mlp/up_proj/MatMul,FullyConnected,fullyconnected:/model/layers.1/mlp/up_proj/MatMul,fully_connected,fully_connected_gpu_bf_tiled,,performance,gtpin_total_execution_cycles,98676298,cycles,1,176,98676298
n1_i3,3,1,3,n1_i3::primitive::fullyconnected:/model/layers.1/self_attn/k_proj/MatMul,n1_i3::op::/model/layers.1/self_attn/k_proj/MatMul,primitive,fullyconnected:/model/layers.1/self_attn/k_proj/MatMul,layers.*/self_attn,/model/layers.1/self_attn/k_proj/MatMul,FullyConnected,fullyconnected:/model/layers.1/self_attn/k_proj/MatMul,fully_connected,fully_connected_gpu_bf_tiled,,performance,gtpin_total_execution_cycles,3629954,cycles,1,8,3629954
n1_i3,3,1,3,n1_i3::primitive::fullyconnected:/model/layers.1/self_attn/o_proj/MatMul,n1_i3::op::/model/layers.1/self_attn/o_proj/MatMul,primitive,fullyconnected:/model/layers.1/self_attn/o_proj/MatMul,layers.*/self_attn,/model/layers.1/self_attn/o_proj/MatMul,FullyConnected,fullyconnected:/model/layers.1/self_attn/o_proj/MatMul,fully_connected,fully_connected_gpu_bf_tiled,,performance,gtpin_total_execution_cycles,28983506,cycles,1,64,28983506
n1_i3,3,1,3,n1_i3::primitive::fullyconnected:/model/layers.1/self_attn/q_proj/MatMul,n1_i3::op::/model/layers.1/self_attn/q_proj/MatMul,primitive,fullyconnected:/model/layers.1/self_attn/q_proj/MatMul,layers.*/self_attn,/model/layers.1/self_attn/q_proj/MatMul,FullyConnected,fullyconnected:/model/layers.1/self_attn/q_proj/MatMul,fully_connected,fully_connected_gpu_bf_tiled,,performance,gtpin_total_execution_cycles,28117056,cycles,1,64,28117056
n1_i3,3,1,3,n1_i3::primitive::fullyconnected:/model/layers.1/self_attn/v_proj/MatMul,n1_i3::op::/model/layers.1/self_attn/v_proj/MatMul,primitive,fullyconnected:/model/layers.1/self_attn/v_proj/MatMul,layers.*/self_attn,/model/layers.1/self_attn/v_proj/MatMul,FullyConnected,fullyconnected:/model/layers.1/self_attn/v_proj/MatMul,fully_connected,fully_connected_gpu_bf_tiled,,performance,gtpin_total_execution_cycles,3423780,cycles,1,8,3423780
n1_i3,3,1,3,n1_i3::primitive::fullyconnected:/model/layers.10/mlp/down_proj/MatMul,n1_i3::op::/model/layers.10/mlp/down_proj/MatMul,primitive,fullyconnected:/model/layers.10/mlp/down_proj/MatMul,layers.*/mlp,/model/layers.10/mlp/down_proj/MatMul,FullyConnected,fullyconnected:/model/layers.10/mlp/down_proj/MatMul,fully_connected,fully_connected_gpu_bf_tiled,,performance,gtpin_total_execution_cycles,75806280,cycles,1,64,75806280
n1_i3,3,1,3,n1_i3::primitive::fullyconnected:/model/layers.10/mlp/gate_proj/MatMul,n1_i3::op::/model/layers.10/mlp/gate_proj/MatMul,primitive,fullyconnected:/model/layers.10/mlp/gate_proj/MatMul,layers.*/mlp,/model/layers.10/mlp/gate_proj/MatMul,FullyConnected,fullyconnected:/model/layers.10/mlp/gate_proj/MatMul,fully_connected,fully_connected_gpu_bf_tiled,,performance,gtpin_total_execution_cycles,100906526,cycles,1,176,100906526
n1_i3,3,1,3,n1_i3::primitive::fullyconnected:/model/layers.10/mlp/up_proj/MatMul,n1_i3::op::/model/layers.10/mlp/up_proj/MatMul,primitive,fullyconnected:/model/layers.10/mlp/up_proj/MatMul,layers.*/mlp,/model/layers.10/mlp/up_proj/MatMul,FullyConnected,fullyconnected:/model/layers.10/mlp/up_proj/MatMul,fully_connected,fully_connected_gpu_bf_tiled,,performance,gtpin_total_execution_cycles,98873290,cycles,1,176,98873290
n1_i3,3,1,3,n1_i3::primitive::fullyconnected:/model/layers.10/self_attn/k_proj/MatMul,n1_i3::op::/model/layers.10/self_attn/k_proj/MatMul,primitive,fullyconnected:/model/layers.10/self_attn/k_proj/MatMul,layers.*/self_attn,/model/layers.10/self_attn/k_proj/MatMul,FullyConnected,fullyconnected:/model/layers.10/self_attn/k_proj/MatMul,fully_connected,fully_connected_gpu_bf_tiled,,performance,gtpin_total_execution_cycles,3763640,cycles,1,8,3763640
n1_i3,3,1,3,n1_i3::primitive::fullyconnected:/model/layers.10/self_attn/o_proj/MatMul,n1_i3::op::/model/layers.10/self_attn/o_proj/MatMul,primitive,fullyconnected:/model/layers.10/self_attn/o_proj/MatMul,layers.*/self_attn,/model/layers.10/self_attn/o_proj/MatMul,FullyConnected,fullyconnected:/model/layers.10/self_attn/o_proj/MatMul,fully_connected,fully_connected_gpu_bf_tiled,,performance,gtpin_total_execution_cycles,28625812,cycles,1,64,28625812
n1_i3,3,1,3,n1_i3::primitive::fullyconnected:/model/layers.10/self_attn/q_proj/MatMul,n1_i3::op::/model/layers.10/self_attn/q_proj/MatMul,primitive,fullyconnected:/model/layers.10/self_attn/q_proj/MatMul,layers.*/self_attn,/model/layers.10/self_attn/q_proj/MatMul,FullyConnected,fullyconnected:/model/layers.10/self_attn/q_proj/MatMul,fully_connected,fully_connected_gpu_bf_tiled,,performance,gtpin_total_execution_cycles,29341190,cycles,1,64,29341190
n1_i3,3,1,3,n1_i3::primitive::fullyconnected:/model/layers.10/self_attn/v_proj/MatMul,n1_i3::op::/model/layers.10/self_attn/v_proj/MatMul,primitive,fullyconnected:/model/layers.10/self_attn/v_proj/MatMul,layers.*/self_attn,/model/layers.10/self_attn/v_proj/MatMul,FullyConnected,fullyconnected:/model/layers.10/self_attn/v_proj/MatMul,fully_connected,fully_connected_gpu_bf_tiled,,performance,gtpin_total_execution_cycles,3589630,cycles,1,8,3589630
n1_i3,3,1,3,n1_i3::primitive::fullyconnected:/model/layers.11/mlp/down_proj/MatMul,n1_i3::op::/model/layers.11/mlp/down_proj/MatMul,primitive,fullyconnected:/model/layers.11/mlp/down_proj/MatMul,layers.*/mlp,/model/layers.11/mlp/down_proj/MatMul,FullyConnected,fullyconnected:/model/layers.11/mlp/down_proj/MatMul,fully_connected,fully_connected_gpu_bf_tiled,,performance,gtpin_total_execution_cycles,79053938,cycles,1,64,79053938
n1_i3,3,1,3,n1_i3::primitive::fullyconnected:/model/layers.11/mlp/gate_proj/MatMul,n1_i3::op::/model/layers.11/mlp/gate_proj/MatMul,primitive,fullyconnected:/model/layers.11/mlp/gate_proj/MatMul,layers.*/mlp,/model/layers.11/mlp/gate_proj/MatMul,FullyConnected,fullyconnected:/model/layers.11/mlp/gate_proj/MatMul,fully_connected,fully_connected_gpu_bf_tiled,,performance,gtpin_total_execution_cycles,149363814,cycles,1,176,149363814
n1_i3,3,1,3,n1_i3::primitive::fullyconnected:/model/layers.11/mlp/up_proj/MatMul,n1_i3::op::/model/layers.11/mlp/up_proj/MatMul,primitive,fullyconnected:/model/layers.11/mlp/up_proj/MatMul,layers.*/mlp,/model/layers.11/mlp/up_proj/MatMul,FullyConnected,fullyconnected:/model/layers.11/mlp/up_proj/MatMul,fully_connected,fully_connected_gpu_bf_tiled,,performance,gtpin_total_execution_cycles,124056394,cycles,1,176,124056394
n1_i3,3,1,3,n1_i3::primitive::fullyconnected:/model/layers.11/self_attn/k_proj/MatMul,n1_i3::op::/model/layers.11/self_attn/k_proj/MatMul,primitive,fullyconnected:/model/layers.11/self_attn/k_proj/MatMul,layers.*/self_attn,/model/layers.11/self_attn/k_proj/MatMul,FullyConnected,fullyconnected:/model/layers.11/self_attn/k_proj/MatMul,fully_connected,fully_connected_gpu_bf_tiled,,performance,gtpin_total_execution_cycles,3813468,cycles,1,8,3813468
n1_i3,3,1,3,n1_i3::primitive::fullyconnected:/model/layers.11/self_attn/o_proj/MatMul,n1_i3::op::/model/layers.11/self_attn/o_proj/MatMul,primitive,fullyconnected:/model/layers.11/self_attn/o_proj/MatMul,layers.*/self_attn,/model/layers.11/self_attn/o_proj/MatMul,FullyConnected,fullyconnected:/model/layers.11/self_attn/o_proj/MatMul,fully_connected,fully_connected_gpu_bf_tiled,,performance,gtpin_total_execution_cycles,29375476,cycles,1,64,29375476
n1_i3,3,1,3,n1_i3::primitive::fullyconnected:/model/layers.11/self_attn/q_proj/MatMul,n1_i3::op::/model/layers.11/self_attn/q_proj/MatMul,primitive,fullyconnected:/model/layers.11/self_attn/q_proj/MatMul,layers.*/self_attn,/model/layers.11/self_attn/q_proj/MatMul,FullyConnected,fullyconnected:/model/layers.11/self_attn/q_proj/MatMul,fully_connected,fully_connected_gpu_bf_tiled,,performance,gtpin_total_execution_cycles,29544822,cycles,1,64,29544822
n1_i3,3,1,3,n1_i3::primitive::fullyconnected:/model/layers.11/self_attn/v_proj/MatMul,n1_i3::op::/model/layers.11/self_attn/v_proj/MatMul,primitive,fullyconnected:/model/layers.11/self_attn/v_proj/MatMul,layers.*/self_attn,/model/layers.11/self_attn/v_proj/MatMul,FullyConnected,fullyconnected:/model/layers.11/self_attn/v_proj/MatMul,fully_connected,fully_connected_gpu_bf_tiled,,performance,gtpin_total_execution_cycles,3612770,cycles,1,8,3612770
n1_i3,3,1,3,n1_i3::primitive::fullyconnected:/model/layers.12/mlp/down_proj/MatMul,n1_i3::op::/model/layers.12/mlp/down_proj/MatMul,primitive,fullyconnected:/model/layers.12/mlp/down_proj/MatMul,layers.*/mlp,/model/layers.12/mlp/down_proj/MatMul,FullyConnected,fullyconnected:/model/layers.12/mlp/down_proj/MatMul,fully_connected,fully_connected_gpu_bf_tiled,,performance,gtpin_total_execution_cycles,80053726,cycles,1,64,80053726
n1_i3,3,1,3,n1_i3::primitive::fullyconnected:/model/layers.12/mlp/gate_proj/MatMul,n1_i3::op::/model/layers.12/mlp/gate_proj/MatMul,primitive,fullyconnected:/model/layers.12/mlp/gate_proj/MatMul,layers.*/mlp,/model/layers.12/mlp/gate_proj/MatMul,FullyConnected,fullyconnected:/model/layers.12/mlp/gate_proj/MatMul,fully_connected,fully_connected_gpu_bf_tiled,,performance,gtpin_total_execution_cycles,129767570,cycles,1,176,129767570
n1_i3,3,1,3,n1_i3::primitive::fullyconnected:/model/layers.12/mlp/up_proj/MatMul,n1_i3::op::/model/layers.12/mlp/up_proj/MatMul,primitive,fullyconnected:/model/layers.12/mlp/up_proj/MatMul,layers.*/mlp,/model/layers.12/mlp/up_proj/MatMul,FullyConnected,fullyconnected:/model/layers.12/mlp/up_proj/MatMul,fully_connected,fully_connected_gpu_bf_tiled,,performance,gtpin_total_execution_cycles,99170658,cycles,1,176,99170658
n1_i3,3,1,3,n1_i3::primitive::fullyconnected:/model/layers.12/self_attn/k_proj/MatMul,n1_i3::op::/model/layers.12/self_attn/k_proj/MatMul,primitive,fullyconnected:/model/layers.12/self_attn/k_proj/MatMul,layers.*/self_attn,/model/layers.12/self_attn/k_proj/MatMul,FullyConnected,fullyconnected:/model/layers.12/self_attn/k_proj/MatMul,fully_connected,fully_connected_gpu_bf_tiled,,performance,gtpin_total_execution_cycles,3716956,cycles,1,8,3716956
n1_i3,3,1,3,n1_i3::primitive::fullyconnected:/model/layers.12/self_attn/o_proj/MatMul,n1_i3::op::/model/layers.12/self_attn/o_proj/MatMul,primitive,fullyconnected:/model/layers.12/self_attn/o_proj/MatMul,layers.*/self_attn,/model/layers.12/self_attn/o_proj/MatMul,FullyConnected,fullyconnected:/model/layers.12/self_attn/o_proj/MatMul,fully_connected,fully_connected_gpu_bf_tiled,,performance,gtpin_total_execution_cycles,28462746,cycles,1,64,28462746
n1_i3,3,1,3,n1_i3::primitive::fullyconnected:/model/layers.12/self_attn/q_proj/MatMul,n1_i3::op::/model/layers.12/self_attn/q_proj/MatMul,primitive,fullyconnected:/model/layers.12/self_attn/q_proj/MatMul,layers.*/self_attn,/model/layers.12/self_attn/q_proj/MatMul,FullyConnected,fullyconnected:/model/layers.12/self_attn/q_proj/MatMul,fully_connected,fully_connected_gpu_bf_tiled,,performance,gtpin_total_execution_cycles,28856900,cycles,1,64,28856900
n1_i3,3,1,3,n1_i3::primitive::fullyconnected:/model/layers.12/self_attn/v_proj/MatMul,n1_i3::op::/model/layers.12/self_attn/v_proj/MatMul,primitive,fullyconnected:/model/layers.12/self_attn/v_proj/MatMul,layers.*/self_attn,/model/layers.12/self_attn/v_proj/MatMul,FullyConnected,fullyconnected:/model/layers.12/self_attn/v_proj/MatMul,fully_connected,fully_connected_gpu_bf_tiled,,performance,gtpin_total_execution_cycles,3514074,cycles,1,8,3514074
n1_i3,3,1,3,n1_i3::primitive::fullyconnected:/model/layers.13/mlp/down_proj/MatMul,n1_i3::op::/model/layers.13/mlp/down_proj/MatMul,primitive,fullyconnected:/model/layers.13/mlp/down_proj/MatMul,layers.*/mlp,/model/layers.13/mlp/down_proj/MatMul,FullyConnected,fullyconnected:/model/layers.13/mlp/down_proj/MatMul,fully_connected,fully_connected_gpu_bf_tiled,,performance,gtpin_total_execution_cycles,78197828,cycles,1,64,78197828
n1_i3,3,1,3,n1_i3::primitive::fullyconnected:/model/layers.13/mlp/gate_proj/MatMul,n1_i3::op::/model/layers.13/mlp/gate_proj/MatMul,primitive,fullyconnected:/model/layers.13/mlp/gate_proj/MatMul,layers.*/mlp,/model/layers.13/mlp/gate_proj/MatMul,FullyConnected,fullyconnected:/model/layers.13/mlp/gate_proj/MatMul,fully_connected,fully_connected_gpu_bf_tiled,,performance,gtpin_total_execution_cycles,118032958,cycles,1,176,118032958
n1_i3,3,1,3,n1_i3::primitive::fullyconnected:/model/layers.13/mlp/up_proj/MatMul,n1_i3::op::/model/layers.13/mlp/up_proj/MatMul,primitive,fullyconnected:/model/layers.13/mlp/up_proj/MatMul,layers.*/mlp,/model/layers.13/mlp/up_proj/MatMul,FullyConnected,fullyconnected:/model/layers.13/mlp/up_proj/MatMul,fully_connected,fully_connected_gpu_bf_tiled,,performance,gtpin_total_execution_cycles,106898026,cycles,1,176,106898026
n1_i3,3,1,3,n1_i3::primitive::fullyconnected:/model/layers.13/self_attn/k_proj/MatMul,n1_i3::op::/model/layers.13/self_attn/k_proj/MatMul,primitive,fullyconnected:/model/layers.13/self_attn/k_proj/MatMul,layers.*/self_attn,/model/layers.13/self_attn/k_proj/MatMul,FullyConnected,fullyconnected:/model/layers.13/self_attn/k_proj/MatMul,fully_connected,fully_connected_gpu_bf_tiled,,performance,gtpin_total_execution_cycles,3805786,cycles,1,8,3805786
n1_i3,3,1,3,n1_i3::primitive::fullyconnected:/model/layers.13/self_attn/o_proj/MatMul,n1_i3::op::/model/layers.13/self_attn/o_proj/MatMul,primitive,fullyconnected:/model/layers.13/self_attn/o_proj/MatMul,layers.*/self_attn,/model/layers.13/self_attn/o_proj/MatMul,FullyConnected,fullyconnected:/model/layers.13/self_attn/o_proj/MatMul,fully_connected,fully_connected_gpu_bf_tiled,,performance,gtpin_total_execution_cycles,28931894,cycles,1,64,28931894
n1_i3,3,1,3,n1_i3::primitive::fullyconnected:/model/layers.13/self_attn/q_proj/MatMul,n1_i3::op::/model/layers.13/self_attn/q_proj/MatMul,primitive,fullyconnected:/model/layers.13/self_attn/q_proj/MatMul,layers.*/self_attn,/model/layers.13/self_attn/q_proj/MatMul,FullyConnected,fullyconnected:/model/layers.13/self_attn/q_proj/MatMul,fully_connected,fully_connected_gpu_bf_tiled,,performance,gtpin_total_execution_cycles,29327292,cycles,1,64,29327292
n1_i3,3,1,3,n1_i3::primitive::fullyconnected:/model/layers.13/self_attn/v_proj/MatMul,n1_i3::op::/model/layers.13/self_attn/v_proj/MatMul,primitive,fullyconnected:/model/layers.13/self_attn/v_proj/MatMul,layers.*/self_attn,/model/layers.13/self_attn/v_proj/MatMul,FullyConnected,fullyconnected:/model/layers.13/self_attn/v_proj/MatMul,fully_connected,fully_connected_gpu_bf_tiled,,performance,gtpin_total_execution_cycles,3586880,cycles,1,8,3586880
n1_i3,3,1,3,n1_i3::primitive::fullyconnected:/model/layers.14/mlp/down_proj/MatMul,n1_i3::op::/model/layers.14/mlp/down_proj/MatMul,primitive,fullyconnected:/model/layers.14/mlp/down_proj/MatMul,layers.*/mlp,/model/layers.14/mlp/down_proj/MatMul,FullyConnected,fullyconnected:/model/layers.14/mlp/down_proj/MatMul,fully_connected,fully_connected_gpu_bf_tiled,,performance,gtpin_total_execution_cycles,76104142,cycles,1,64,76104142
n1_i3,3,1,3,n1_i3::primitive::fullyconnected:/model/layers.14/mlp/gate_proj/MatMul,n1_i3::op::/model/layers.14/mlp/gate_proj/MatMul,primitive,fullyconnected:/model/layers.14/mlp/gate_proj/MatMul,layers.*/mlp,/model/layers.14/mlp/gate_proj/MatMul,FullyConnected,fullyconnected:/model/layers.14/mlp/gate_proj/MatMul,fully_connected,fully_connected_gpu_bf_tiled,,performance,gtpin_total_execution_cycles,130750276,cycles,1,176,130750276
n1_i3,3,1,3,n1_i3::primitive::fullyconnected:/model/layers.14/mlp/up_proj/MatMul,n1_i3::op::/model/layers.14/mlp/up_proj/MatMul,primitive,fullyconnected:/model/layers.14/mlp/up_proj/MatMul,layers.*/mlp,/model/layers.14/mlp/up_proj/MatMul,FullyConnected,fullyconnected:/model/layers.14/mlp/up_proj/MatMul,fully_connected,fully_connected_gpu_bf_tiled,,performance,gtpin_total_execution_cycles,121308148,cycles,1,176,121308148
n1_i3,3,1,3,n1_i3::primitive::fullyconnected:/model/layers.14/self_attn/k_proj/MatMul,n1_i3::op::/model/layers.14/self_attn/k_proj/MatMul,primitive,fullyconnected:/model/layers.14/self_attn/k_proj/MatMul,layers.*/self_attn,/model/layers.14/self_attn/k_proj/MatMul,FullyConnected,fullyconnected:/model/layers.14/self_attn/k_proj/MatMul,fully_connected,fully_connected_gpu_bf_tiled,,performance,gtpin_total_execution_cycles,3756322,cycles,1,8,3756322
n1_i3,3,1,3,n1_i3::primitive::fullyconnected:/model/layers.14/self_attn/o_proj/MatMul,n1_i3::op::/model/layers.14/self_attn/o_proj/MatMul,primitive,fullyconnected:/model/layers.14/self_attn/o_proj/MatMul,layers.*/self_attn,/model/layers.14/self_attn/o_proj/MatMul,FullyConnected,fullyconnected:/model/layers.14/self_attn/o_proj/MatMul,fully_connected,fully_connected_gpu_bf_tiled,,performance,gtpin_total_execution_cycles,28733700,cycles,1,64,28733700
n1_i3,3,1,3,n1_i3::primitive::fullyconnected:/model/layers.14/self_attn/q_proj/MatMul,n1_i3::op::/model/layers.14/self_attn/q_proj/MatMul,primitive,fullyconnected:/model/layers.14/self_attn/q_proj/MatMul,layers.*/self_attn,/model/layers.14/self_attn/q_proj/MatMul,FullyConnected,fullyconnected:/model/layers.14/self_attn/q_proj/MatMul,fully_connected,fully_connected_gpu_bf_tiled,,performance,gtpin_total_execution_cycles,29069598,cycles,1,64,29069598
n1_i3,3,1,3,n1_i3::primitive::fullyconnected:/model/layers.14/self_attn/v_proj/MatMul,n1_i3::op::/model/layers.14/self_attn/v_proj/MatMul,primitive,fullyconnected:/model/layers.14/self_attn/v_proj/MatMul,layers.*/self_attn,/model/layers.14/self_attn/v_proj/MatMul,FullyConnected,fullyconnected:/model/layers.14/self_attn/v_proj/MatMul,fully_connected,fully_connected_gpu_bf_tiled,,performance,gtpin_total_execution_cycles,3555276,cycles,1,8,3555276
n1_i3,3,1,3,n1_i3::primitive::fullyconnected:/model/layers.15/mlp/down_proj/MatMul,n1_i3::op::/model/layers.15/mlp/down_proj/MatMul,primitive,fullyconnected:/model/layers.15/mlp/down_proj/MatMul,layers.*/mlp,/model/layers.15/mlp/down_proj/MatMul,FullyConnected,fullyconnected:/model/layers.15/mlp/down_proj/MatMul,fully_connected,fully_connected_gpu_bf_tiled,,performance,gtpin_total_execution_cycles,74850022,cycles,1,64,74850022
n1_i3,3,1,3,n1_i3::primitive::fullyconnected:/model/layers.15/mlp/gate_proj/MatMul,n1_i3::op::/model/layers.15/mlp/gate_proj/MatMul,primitive,fullyconnected:/model/layers.15/mlp/gate_proj/MatMul,layers.*/mlp,/model/layers.15/mlp/gate_proj/MatMul,FullyConnected,fullyconnected:/model/layers.15/mlp/gate_proj/MatMul,fully_connected,fully_connected_gpu_bf_tiled,,performance,gtpin_total_execution_cycles,101424276,cycles,1,176,101424276
n1_i3,3,1,3,n1_i3::primitive::fullyconnected:/model/layers.15/mlp/up_proj/MatMul,n1_i3::op::/model/layers.15/mlp/up_proj/MatMul,primitive,fullyconnected:/model/layers.15/mlp/up_proj/MatMul,layers.*/mlp,/model/layers.15/mlp/up_proj/MatMul,FullyConnected,fullyconnected:/model/layers.15/mlp/up_proj/MatMul,fully_connected,fully_connected_gpu_bf_tiled,,performance,gtpin_total_execution_cycles,95182012,cycles,1,176,95182012
n1_i3,3,1,3,n1_i3::primitive::fullyconnected:/model/layers.15/self_attn/k_proj/MatMul,n1_i3::op::/model/layers.15/self_attn/k_proj/MatMul,primitive,fullyconnected:/model/layers.15/self_attn/k_proj/MatMul,layers.*/self_attn,/model/layers.15/self_attn/k_proj/MatMul,FullyConnected,fullyconnected:/model/layers.15/self_attn/k_proj/MatMul,fully_connected,fully_connected_gpu_bf_tiled,,performance,gtpin_total_execution_cycles,3695984,cycles,1,8,3695984
n1_i3,3,1,3,n1_i3::primitive::fullyconnected:/model/layers.15/self_attn/o_proj/MatMul,n1_i3::op::/model/layers.15/self_attn/o_proj/MatMul,primitive,fullyconnected:/model/layers.15/self_attn/o_proj/MatMul,layers.*/self_attn,/model/layers.15/self_attn/o_proj/MatMul,FullyConnected,fullyconnected:/model/layers.15/self_attn/o_proj/MatMul,fully_connected,fully_connected_gpu_bf_tiled,,performance,gtpin_total_execution_cycles,28051060,cycles,1,64,28051060
n1_i3,3,1,3,n1_i3::primitive::fullyconnected:/model/layers.15/self_attn/q_proj/MatMul,n1_i3::op::/model/layers.15/self_attn/q_proj/MatMul,primitive,fullyconnected:/model/layers.15/self_attn/q_proj/MatMul,layers.*/self_attn,/model/layers.15/self_attn/q_proj/MatMul,FullyConnected,fullyconnected:/model/layers.15/self_attn/q_proj/MatMul,fully_connected,fully_connected_gpu_bf_tiled,,performance,gtpin_total_execution_cycles,28692178,cycles,1,64,28692178
n1_i3,3,1,3,n1_i3::primitive::fullyconnected:/model/layers.15/self_attn/v_proj/MatMul,n1_i3::op::/model/layers.15/self_attn/v_proj/MatMul,primitive,fullyconnected:/model/layers.15/self_attn/v_proj/MatMul,layers.*/self_attn,/model/layers.15/self_attn/v_proj/MatMul,FullyConnected,fullyconnected:/model/layers.15/self_attn/v_proj/MatMul,fully_connected,fully_connected_gpu_bf_tiled,,performance,gtpin_total_execution_cycles,3506892,cycles,1,8,3506892
n1_i3,3,1,3,n1_i3::primitive::fullyconnected:/model/layers.16/mlp/down_proj/MatMul,n1_i3::op::/model/layers.16/mlp/down_proj/MatMul,primitive,fullyconnected:/model/layers.16/mlp/down_proj/MatMul,layers.*/mlp,/model/layers.16/mlp/down_proj/MatMul,FullyConnected,fullyconnected:/model/layers.16/mlp/down_proj/MatMul,fully_connected,fully_connected_gpu_bf_tiled,,performance,gtpin_total_execution_cycles,77914048,cycles,1,64,77914048
n1_i3,3,1,3,n1_i3::primitive::fullyconnected:/model/layers.16/mlp/gate_proj/MatMul,n1_i3::op::/model/layers.16/mlp/gate_proj/MatMul,primitive,fullyconnected:/model/layers.16/mlp/gate_proj/MatMul,layers.*/mlp,/model/layers.16/mlp/gate_proj/MatMul,FullyConnected,fullyconnected:/model/layers.16/mlp/gate_proj/MatMul,fully_connected,fully_connected_gpu_bf_tiled,,performance,gtpin_total_execution_cycles,124803208,cycles,1,176,124803208
n1_i3,3,1,3,n1_i3::primitive::fullyconnected:/model/layers.16/mlp/up_proj/MatMul,n1_i3::op::/model/layers.16/mlp/up_proj/MatMul,primitive,fullyconnected:/model/layers.16/mlp/up_proj/MatMul,layers.*/mlp,/model/layers.16/mlp/up_proj/MatMul,FullyConnected,fullyconnected:/model/layers.16/mlp/up_proj/MatMul,fully_connected,fully_connected_gpu_bf_tiled,,performance,gtpin_total_execution_cycles,97501894,cycles,1,176,97501894
n1_i3,3,1,3,n1_i3::primitive::fullyconnected:/model/layers.16/self_attn/k_proj/MatMul,n1_i3::op::/model/layers.16/self_attn/k_proj/MatMul,primitive,fullyconnected:/model/layers.16/self_attn/k_proj/MatMul,layers.*/self_attn,/model/layers.16/self_attn/k_proj/MatMul,FullyConnected,fullyconnected:/model/layers.16/self_attn/k_proj/MatMul,fully_connected,fully_connected_gpu_bf_tiled,,performance,gtpin_total_execution_cycles,3670706,cycles,1,8,3670706
n1_i3,3,1,3,n1_i3::primitive::fullyconnected:/model/layers.16/self_attn/o_proj/MatMul,n1_i3::op::/model/layers.16/self_attn/o_proj/MatMul,primitive,fullyconnected:/model/layers.16/self_attn/o_proj/MatMul,layers.*/self_attn,/model/layers.16/self_attn/o_proj/MatMul,FullyConnected,fullyconnected:/model/layers.16/self_attn/o_proj/MatMul,fully_connected,fully_connected_gpu_bf_tiled,,performance,gtpin_total_execution_cycles,29240358,cycles,1,64,29240358
n1_i3,3,1,3,n1_i3::primitive::fullyconnected:/model/layers.16/self_attn/q_proj/MatMul,n1_i3::op::/model/layers.16/self_attn/q_proj/MatMul,primitive,fullyconnected:/model/layers.16/self_attn/q_proj/MatMul,layers.*/self_attn,/model/layers.16/self_attn/q_proj/MatMul,FullyConnected,fullyconnected:/model/layers.16/self_attn/q_proj/MatMul,fully_connected,fully_connected_gpu_bf_tiled,,performance,gtpin_total_execution_cycles,28485996,cycles,1,64,28485996
n1_i3,3,1,3,n1_i3::primitive::fullyconnected:/model/layers.16/self_attn/v_proj/MatMul,n1_i3::op::/model/layers.16/self_attn/v_proj/MatMul,primitive,fullyconnected:/model/layers.16/self_attn/v_proj/MatMul,layers.*/self_attn,/model/layers.16/self_attn/v_proj/MatMul,FullyConnected,fullyconnected:/model/layers.16/self_attn/v_proj/MatMul,fully_connected,fully_connected_gpu_bf_tiled,,performance,gtpin_total_execution_cycles,3466686,cycles,1,8,3466686
n1_i3,3,1,3,n1_i3::primitive::fullyconnected:/model/layers.17/mlp/down_proj/MatMul,n1_i3::op::/model/layers.17/mlp/down_proj/MatMul,primitive,fullyconnected:/model/layers.17/mlp/down_proj/MatMul,layers.*/mlp,/model/layers.17/mlp/down_proj/MatMul,FullyConnected,fullyconnected:/model/layers.17/mlp/down_proj/MatMul,fully_connected,fully_connected_gpu_bf_tiled,,performance,gtpin_total_execution_cycles,78781340,cycles,1,64,78781340
n1_i3,3,1,3,n1_i3::primitive::fullyconnected:/model/layers.17/mlp/gate_proj/MatMul,n1_i3::op::/model/layers.17/mlp/gate_proj/MatMul,primitive,fullyconnected:/model/layers.17/mlp/gate_proj/MatMul,layers.*/mlp,/model/layers.17/mlp/gate_proj/MatMul,FullyConnected,fullyconnected:/model/layers.17/mlp/gate_proj/MatMul,fully_connected,fully_connected_gpu_bf_tiled,,performance,gtpin_total_execution_cycles,117698896,cycles,1,176,117698896
n1_i3,3,1,3,n1_i3::primitive::fullyconnected:/model/layers.17/mlp/up_proj/MatMul,n1_i3::op::/model/layers.17/mlp/up_proj/MatMul,primitive,fullyconnected:/model/layers.17/mlp/up_proj/MatMul,layers.*/mlp,/model/layers.17/mlp/up_proj/MatMul,FullyConnected,fullyconnected:/model/layers.17/mlp/up_proj/MatMul,fully_connected,fully_connected_gpu_bf_tiled,,performance,gtpin_total_execution_cycles,102375116,cycles,1,176,102375116
n1_i3,3,1,3,n1_i3::primitive::fullyconnected:/model/layers.17/self_attn/k_proj/MatMul,n1_i3::op::/model/layers.17/self_attn/k_proj/MatMul,primitive,fullyconnected:/model/layers.17/self_attn/k_proj/MatMul,layers.*/self_attn,/model/layers.17/self_attn/k_proj/MatMul,FullyConnected,fullyconnected:/model/layers.17/self_attn/k_proj/MatMul,fully_connected,fully_connected_gpu_bf_tiled,,performance,gtpin_total_execution_cycles,3757008,cycles,1,8,3757008
n1_i3,3,1,3,n1_i3::primitive::fullyconnected:/model/layers.17/self_attn/o_proj/MatMul,n1_i3::op::/model/layers.17/self_attn/o_proj/MatMul,primitive,fullyconnected:/model/layers.17/self_attn/o_proj/MatMul,layers.*/self_attn,/model/layers.17/self_attn/o_proj/MatMul,FullyConnected,fullyconnected:/model/layers.17/self_attn/o_proj/MatMul,fully_connected,fully_connected_gpu_bf_tiled,,performance,gtpin_total_execution_cycles,28933718,cycles,1,64,28933718
n1_i3,3,1,3,n1_i3::primitive::fullyconnected:/model/layers.17/self_attn/q_proj/MatMul,n1_i3::op::/model/layers.17/self_attn/q_proj/MatMul,primitive,fullyconnected:/model/layers.17/self_attn/q_proj/MatMul,layers.*/self_attn,/model/layers.17/self_attn/q_proj/MatMul,FullyConnected,fullyconnected:/model/layers.17/self_attn/q_proj/MatMul,fully_connected,fully_connected_gpu_bf_tiled,,performance,gtpin_total_execution_cycles,29024678,cycles,1,64,29024678
n1_i3,3,1,3,n1_i3::primitive::fullyconnected:/model/layers.17/self_attn/v_proj/MatMul,n1_i3::op::/model/layers.17/self_attn/v_proj/MatMul,primitive,fullyconnected:/model/layers.17/self_attn/v_proj/MatMul,layers.*/self_attn,/model/layers.17/self_attn/v_proj/MatMul,FullyConnected,fullyconnected:/model/layers.17/self_attn/v_proj/MatMul,fully_connected,fully_connected_gpu_bf_tiled,,performance,gtpin_total_execution_cycles,3553400,cycles,1,8,3553400
n1_i3,3,1,3,n1_i3::primitive::fullyconnected:/model/layers.18/mlp/down_proj/MatMul,n1_i3::op::/model/layers.18/mlp/down_proj/MatMul,primitive,fullyconnected:/model/layers.18/mlp/down_proj/MatMul,layers.*/mlp,/model/layers.18/mlp/down_proj/MatMul,FullyConnected,fullyconnected:/model/layers.18/mlp/down_proj/MatMul,fully_connected,fully_connected_gpu_bf_tiled,,performance,gtpin_total_execution_cycles,75403476,cycles,1,64,75403476
n1_i3,3,1,3,n1_i3::primitive::fullyconnected:/model/layers.18/mlp/gate_proj/MatMul,n1_i3::op::/model/layers.18/mlp/gate_proj/MatMul,primitive,fullyconnected:/model/layers.18/mlp/gate_proj/MatMul,layers.*/mlp,/model/layers.18/mlp/gate_proj/MatMul,FullyConnected,fullyconnected:/model/layers.18/mlp/gate_proj/MatMul,fully_connected,fully_connected_gpu_bf_tiled,,performance,gtpin_total_execution_cycles,111523686,cycles,1,176,111523686
n1_i3,3,1,3,n1_i3::primitive::fullyconnected:/model/layers.18/mlp/up_proj/MatMul,n1_i3::op::/model/layers.18/mlp/up_proj/MatMul,primitive,fullyconnected:/model/layers.18/mlp/up_proj/MatMul,layers.*/mlp,/model/layers.18/mlp/up_proj/MatMul,FullyConnected,fullyconnected:/model/layers.18/mlp/up_proj/MatMul,fully_connected,fully_connected_gpu_bf_tiled,,performance,gtpin_total_execution_cycles,102925112,cycles,1,176,102925112
n1_i3,3,1,3,n1_i3::primitive::fullyconnected:/model/layers.18/self_attn/k_proj/MatMul,n1_i3::op::/model/layers.18/self_attn/k_proj/MatMul,primitive,fullyconnected:/model/layers.18/self_attn/k_proj/MatMul,layers.*/self_attn,/model/layers.18/self_attn/k_proj/MatMul,FullyConnected,fullyconnected:/model/layers.18/self_attn/k_proj/MatMul,fully_connected,fully_connected_gpu_bf_tiled,,performance,gtpin_total_execution_cycles,3882710,cycles,1,8,3882710
n1_i3,3,1,3,n1_i3::primitive::fullyconnected:/model/layers.18/self_attn/o_proj/MatMul,n1_i3::op::/model/layers.18/self_attn/o_proj/MatMul,primitive,fullyconnected:/model/layers.18/self_attn/o_proj/MatMul,layers.*/self_attn,/model/layers.18/self_attn/o_proj/MatMul,FullyConnected,fullyconnected:/model/layers.18/self_attn/o_proj/MatMul,fully_connected,fully_connected_gpu_bf_tiled,,performance,gtpin_total_execution_cycles,30333820,cycles,1,64,30333820
n1_i3,3,1,3,n1_i3::primitive::fullyconnected:/model/layers.18/self_attn/q_proj/MatMul,n1_i3::op::/model/layers.18/self_attn/q_proj/MatMul,primitive,fullyconnected:/model/layers.18/self_attn/q_proj/MatMul,layers.*/self_attn,/model/layers.18/self_attn/q_proj/MatMul,FullyConnected,fullyconnected:/model/layers.18/self_attn/q_proj/MatMul,fully_connected,fully_connected_gpu_bf_tiled,,performance,gtpin_total_execution_cycles,30114802,cycles,1,64,30114802
n1_i3,3,1,3,n1_i3::primitive::fullyconnected:/model/layers.18/self_attn/v_proj/MatMul,n1_i3::op::/model/layers.18/self_attn/v_proj/MatMul,primitive,fullyconnected:/model/layers.18/self_attn/v_proj/MatMul,layers.*/self_attn,/model/layers.18/self_attn/v_proj/MatMul,FullyConnected,fullyconnected:/model/layers.18/self_attn/v_proj/MatMul,fully_connected,fully_connected_gpu_bf_tiled,,performance,gtpin_total_execution_cycles,3693860,cycles,1,8,3693860
n1_i3,3,1,3,n1_i3::primitive::fullyconnected:/model/layers.19/mlp/down_proj/MatMul,n1_i3::op::/model/layers.19/mlp/down_proj/MatMul,primitive,fullyconnected:/model/layers.19/mlp/down_proj/MatMul,layers.*/mlp,/model/layers.19/mlp/down_proj/MatMul,FullyConnected,fullyconnected:/model/layers.19/mlp/down_proj/MatMul,fully_connected,fully_connected_gpu_bf_tiled,,performance,gtpin_total_execution_cycles,75749454,cycles,1,64,75749454
n1_i3,3,1,3,n1_i3::primitive::fullyconnected:/model/layers.19/mlp/gate_proj/MatMul,n1_i3::op::/model/layers.19/mlp/gate_proj/MatMul,primitive,fullyconnected:/model/layers.19/mlp/gate_proj/MatMul,layers.*/mlp,/model/layers.19/mlp/gate_proj/MatMul,FullyConnected,fullyconnected:/model/layers.19/mlp/gate_proj/MatMul,fully_connected,fully_connected_gpu_bf_tiled,,performance,gtpin_total_execution_cycles,104948162,cycles,1,176,104948162
n1_i3,3,1,3,n1_i3::primitive::fullyconnected:/model/layers.19/mlp/up_proj/MatMul,n1_i3::op::/model/layers.19/mlp/up_proj/MatMul,primitive,fullyconnected:/model/layers.19/mlp/up_proj/MatMul,layers.*/mlp,/model/layers.19/mlp/up_proj/MatMul,FullyConnected,fullyconnected:/model/layers.19/mlp/up_proj/MatMul,fully_connected,fully_connected_gpu_bf_tiled,,performance,gtpin_total_execution_cycles,101249464,cycles,1,176,101249464
n1_i3,3,1,3,n1_i3::primitive::fullyconnected:/model/layers.19/self_attn/k_proj/MatMul,n1_i3::op::/model/layers.19/self_attn/k_proj/MatMul,primitive,fullyconnected:/model/layers.19/self_attn/k_proj/MatMul,layers.*/self_attn,/model/layers.19/self_attn/k_proj/MatMul,FullyConnected,fullyconnected:/model/layers.19/self_attn/k_proj/MatMul,fully_connected,fully_connected_gpu_bf_tiled,,performance,gtpin_total_execution_cycles,3693990,cycles,1,8,3693990
n1_i3,3,1,3,n1_i3::primitive::fullyconnected:/model/layers.19/self_attn/o_proj/MatMul,n1_i3::op::/model/layers.19/self_attn/o_proj/MatMul,primitive,fullyconnected:/model/layers.19/self_attn/o_proj/MatMul,layers.*/self_attn,/model/layers.19/self_attn/o_proj/MatMul,FullyConnected,fullyconnected:/model/layers.19/self_attn/o_proj/MatMul,fully_connected,fully_connected_gpu_bf_tiled,,performance,gtpin_total_execution_cycles,28146054,cycles,1,64,28146054
n1_i3,3,1,3,n1_i3::primitive::fullyconnected:/model/layers.19/self_attn/q_proj/MatMul,n1_i3::op::/model/layers.19/self_attn/q_proj/MatMul,primitive,fullyconnected:/model/layers.19/self_attn/q_proj/MatMul,layers.*/self_attn,/model/layers.19/self_attn/q_proj/MatMul,FullyConnected,fullyconnected:/model/layers.19/self_attn/q_proj/MatMul,fully_connected,fully_connected_gpu_bf_tiled,,performance,gtpin_total_execution_cycles,28734876,cycles,1,64,28734876
n1_i3,3,1,3,n1_i3::primitive::fullyconnected:/model/layers.19/self_attn/v_proj/MatMul,n1_i3::op::/model/layers.19/self_attn/v_proj/MatMul,primitive,fullyconnected:/model/layers.19/self_attn/v_proj/MatMul,layers.*/self_attn,/model/layers.19/self_attn/v_proj/MatMul,FullyConnected,fullyconnected:/model/layers.19/self_attn/v_proj/MatMul,fully_connected,fully_connected_gpu_bf_tiled,,performance,gtpin_total_execution_cycles,3507770,cycles,1,8,3507770
n1_i3,3,1,3,n1_i3::primitive::fullyconnected:/model/layers.2/mlp/down_proj/MatMul,n1_i3::op::/model/layers.2/mlp/down_proj/MatMul,primitive,fullyconnected:/model/layers.2/mlp/down_proj/MatMul,layers.*/mlp,/model/layers.2/mlp/down_proj/MatMul,FullyConnected,fullyconnected:/model/layers.2/mlp/down_proj/MatMul,fully_connected,fully_connected_gpu_bf_tiled,,performance,gtpin_total_execution_cycles,79757780,cycles,1,64,79757780
n1_i3,3,1,3,n1_i3::primitive::fullyconnected:/model/layers.2/mlp/gate_proj/MatMul,n1_i3::op::/model/layers.2/mlp/gate_proj/MatMul,primitive,fullyconnected:/model/layers.2/mlp/gate_proj/MatMul,layers.*/mlp,/model/layers.2/mlp/gate_proj/MatMul,FullyConnected,fullyconnected:/model/layers.2/mlp/gate_proj/MatMul,fully_connected,fully_connected_gpu_bf_tiled,,performance,gtpin_total_execution_cycles,151827454,cycles,1,176,151827454
n1_i3,3,1,3,n1_i3::primitive::fullyconnected:/model/layers.2/mlp/up_proj/MatMul,n1_i3::op::/model/layers.2/mlp/up_proj/MatMul,primitive,fullyconnected:/model/layers.2/mlp/up_proj/MatMul,layers.*/mlp,/model/layers.2/mlp/up_proj/MatMul,FullyConnected,fullyconnected:/model/layers.2/mlp/up_proj/MatMul,fully_connected,fully_connected_gpu_bf_tiled,,performance,gtpin_total_execution_cycles,111257466,cycles,1,176,111257466
n1_i3,3,1,3,n1_i3::primitive::fullyconnected:/model/layers.2/self_attn/k_proj/MatMul,n1_i3::op::/model/layers.2/self_attn/k_proj/MatMul,primitive,fullyconnected:/model/layers.2/self_attn/k_proj/MatMul,layers.*/self_attn,/model/layers.2/self_attn/k_proj/MatMul,FullyConnected,fullyconnected:/model/layers.2/self_attn/k_proj/MatMul,fully_connected,fully_connected_gpu_bf_tiled,,performance,gtpin_total_execution_cycles,3810654,cycles,1,8,3810654
n1_i3,3,1,3,n1_i3::primitive::fullyconnected:/model/layers.2/self_attn/o_proj/MatMul,n1_i3::op::/model/layers.2/self_attn/o_proj/MatMul,primitive,fullyconnected:/model/layers.2/self_attn/o_proj/MatMul,layers.*/self_attn,/model/layers.2/self_attn/o_proj/MatMul,FullyConnected,fullyconnected:/model/layers.2/self_attn/o_proj/MatMul,fully_connected,fully_connected_gpu_bf_tiled,,performance,gtpin_total_execution_cycles,28663372,cycles,1,64,28663372
n1_i3,3,1,3,n1_i3::primitive::fullyconnected:/model/layers.2/self_attn/q_proj/MatMul,n1_i3::op::/model/layers.2/self_attn/q_proj/MatMul,primitive,fullyconnected:/model/layers.2/self_attn/q_proj/MatMul,layers.*/self_attn,/model/layers.2/self_attn/q_proj/MatMul,FullyConnected,fullyconnected:/model/layers.2/self_attn/q_proj/MatMul,fully_connected,fully_connected_gpu_bf_tiled,,performance,gtpin_total_execution_cycles,29610774,cycles,1,64,29610774
n1_i3,3,1,3,n1_i3::primitive::fullyconnected:/model/layers.2/self_attn/v_proj/MatMul,n1_i3::op::/model/layers.2/self_attn/v_proj/MatMul,primitive,fullyconnected:/model/layers.2/self_attn/v_proj/MatMul,layers.*/self_attn,/model/layers.2/self_attn/v_proj/MatMul,FullyConnected,fullyconnected:/model/layers.2/self_attn/v_proj/MatMul,fully_connected,fully_connected_gpu_bf_tiled,,performance,gtpin_total_execution_cycles,3627178,cycles,1,8,3627178
n1_i3,3,1,3,n1_i3::primitive::fullyconnected:/model/layers.20/mlp/down_proj/MatMul,n1_i3::op::/model/layers.20/mlp/down_proj/MatMul,primitive,fullyconnected:/model/layers.20/mlp/down_proj/MatMul,layers.*/mlp,/model/layers.20/mlp/down_proj/MatMul,FullyConnected,fullyconnected:/model/layers.20/mlp/down_proj/MatMul,fully_connected,fully_connected_gpu_bf_tiled,,performance,gtpin_total_execution_cycles,79860548,cycles,1,64,79860548
n1_i3,3,1,3,n1_i3::primitive::fullyconnected:/model/layers.20/mlp/gate_proj/MatMul,n1_i3::op::/model/layers.20/mlp/gate_proj/MatMul,primitive,fullyconnected:/model/layers.20/mlp/gate_proj/MatMul,layers.*/mlp,/model/layers.20/mlp/gate_proj/MatMul,FullyConnected,fullyconnected:/model/layers.20/mlp/gate_proj/MatMul,fully_connected,fully_connected_gpu_bf_tiled,,performance,gtpin_total_execution_cycles,130453824,cycles,1,176,130453824
n1_i3,3,1,3,n1_i3::primitive::fullyconnected:/model/layers.20/mlp/up_proj/MatMul,n1_i3::op::/model/layers.20/mlp/up_proj/MatMul,primitive,fullyconnected:/model/layers.20/mlp/up_proj/MatMul,layers.*/mlp,/model/layers.20/mlp/up_proj/MatMul,FullyConnected,fullyconnected:/model/layers.20/mlp/up_proj/MatMul,fully_connected,fully_connected_gpu_bf_tiled,,performance,gtpin_total_execution_cycles,121212512,cycles,1,176,121212512
n1_i3,3,1,3,n1_i3::primitive::fullyconnected:/model/layers.20/self_attn/k_proj/MatMul,n1_i3::op::/model/layers.20/self_attn/k_proj/MatMul,primitive,fullyconnected:/model/layers.20/self_attn/k_proj/MatMul,layers.*/self_attn,/model/layers.20/self_attn/k_proj/MatMul,FullyConnected,fullyconnected:/model/layers.20/self_attn/k_proj/MatMul,fully_connected,fully_connected_gpu_bf_tiled,,performance,gtpin_total_execution_cycles,3722544,cycles,1,8,3722544
n1_i3,3,1,3,n1_i3::primitive::fullyconnected:/model/layers.20/self_attn/o_proj/MatMul,n1_i3::op::/model/layers.20/self_attn/o_proj/MatMul,primitive,fullyconnected:/model/layers.20/self_attn/o_proj/MatMul,layers.*/self_attn,/model/layers.20/self_attn/o_proj/MatMul,FullyConnected,fullyconnected:/model/layers.20/self_attn/o_proj/MatMul,fully_connected,fully_connected_gpu_bf_tiled,,performance,gtpin_total_execution_cycles,30036802,cycles,1,64,30036802
n1_i3,3,1,3,n1_i3::primitive::fullyconnected:/model/layers.20/self_attn/q_proj/MatMul,n1_i3::op::/model/layers.20/self_attn/q_proj/MatMul,primitive,fullyconnected:/model/layers.20/self_attn/q_proj/MatMul,layers.*/self_attn,/model/layers.20/self_attn/q_proj/MatMul,FullyConnected,fullyconnected:/model/layers.20/self_attn/q_proj/MatMul,fully_connected,fully_connected_gpu_bf_tiled,,performance,gtpin_total_execution_cycles,28841808,cycles,1,64,28841808
n1_i3,3,1,3,n1_i3::primitive::fullyconnected:/model/layers.20/self_attn/v_proj/MatMul,n1_i3::op::/model/layers.20/self_attn/v_proj/MatMul,primitive,fullyconnected:/model/layers.20/self_attn/v_proj/MatMul,layers.*/self_attn,/model/layers.20/self_attn/v_proj/MatMul,FullyConnected,fullyconnected:/model/layers.20/self_attn/v_proj/MatMul,fully_connected,fully_connected_gpu_bf_tiled,,performance,gtpin_total_execution_cycles,3517630,cycles,1,8,3517630
n1_i3,3,1,3,n1_i3::primitive::fullyconnected:/model/layers.21/mlp/down_proj/MatMul,n1_i3::op::/model/layers.21/mlp/down_proj/MatMul,primitive,fullyconnected:/model/layers.21/mlp/down_proj/MatMul,layers.*/mlp,/model/layers.21/mlp/down_proj/MatMul,FullyConnected,fullyconnected:/model/layers.21/mlp/down_proj/MatMul,fully_connected,fully_connected_gpu_bf_tiled,,performance,gtpin_total_execution_cycles,76530568,cycles,1,64,76530568
n1_i3,3,1,3,n1_i3::primitive::fullyconnected:/model/layers.21/mlp/gate_proj/MatMul,n1_i3::op::/model/layers.21/mlp/gate_proj/MatMul,primitive,fullyconnected:/model/layers.21/mlp/gate_proj/MatMul,layers.*/mlp,/model/layers.21/mlp/gate_proj/MatMul,FullyConnected,fullyconnected:/model/layers.21/mlp/gate_proj/MatMul,fully_connected,fully_connected_gpu_bf_tiled,,performance,gtpin_total_execution_cycles,154437006,cycles,1,176,154437006
n1_i3,3,1,3,n1_i3::primitive::fullyconnected:/model/layers.21/mlp/up_proj/MatMul,n1_i3::op::/model/layers.21/mlp/up_proj/MatMul,primitive,fullyconnected:/model/layers.21/mlp/up_proj/MatMul,layers.*/mlp,/model/layers.21/mlp/up_proj/MatMul,FullyConnected,fullyconnected:/model/layers.21/mlp/up_proj/MatMul,fully_connected,fully_connected_gpu_bf_tiled,,performance,gtpin_total_execution_cycles,115425742,cycles,1,176,115425742
n1_i3,3,1,3,n1_i3::primitive::fullyconnected:/model/layers.21/self_attn/k_proj/MatMul,n1_i3::op::/model/layers.21/self_attn/k_proj/MatMul,primitive,fullyconnected:/model/layers.21/self_attn/k_proj/MatMul,layers.*/self_attn,/model/layers.21/self_attn/k_proj/MatMul,FullyConnected,fullyconnected:/model/layers.21/self_attn/k_proj/MatMul,fully_connected,fully_connected_gpu_bf_tiled,,performance,gtpin_total_execution_cycles,3950806,cycles,1,8,3950806
n1_i3,3,1,3,n1_i3::primitive::fullyconnected:/model/layers.21/self_attn/o_proj/MatMul,n1_i3::op::/model/layers.21/self_attn/o_proj/MatMul,primitive,fullyconnected:/model/layers.21/self_attn/o_proj/MatMul,layers.*/self_attn,/model/layers.21/self_attn/o_proj/MatMul,FullyConnected,fullyconnected:/model/layers.21/self_attn/o_proj/MatMul,fully_connected,fully_connected_gpu_bf_tiled,,performance,gtpin_total_execution_cycles,29065274,cycles,1,64,29065274
n1_i3,3,1,3,n1_i3::primitive::fullyconnected:/model/layers.21/self_attn/q_proj/MatMul,n1_i3::op::/model/layers.21/self_attn/q_proj/MatMul,primitive,fullyconnected:/model/layers.21/self_attn/q_proj/MatMul,layers.*/self_attn,/model/layers.21/self_attn/q_proj/MatMul,FullyConnected,fullyconnected:/model/layers.21/self_attn/q_proj/MatMul,fully_connected,fully_connected_gpu_bf_tiled,,performance,gtpin_total_execution_cycles,30842204,cycles,1,64,30842204
n1_i3,3,1,3,n1_i3::primitive::fullyconnected:/model/layers.21/self_attn/v_proj/MatMul,n1_i3::op::/model/layers.21/self_attn/v_proj/MatMul,primitive,fullyconnected:/model/layers.21/self_attn/v_proj/MatMul,layers.*/self_attn,/model/layers.21/self_attn/v_proj/MatMul,FullyConnected,fullyconnected:/model/layers.21/self_attn/v_proj/MatMul,fully_connected,fully_connected_gpu_bf_tiled,,performance,gtpin_total_execution_cycles,3760854,cycles,1,8,3760854
n1_i3,3,1,3,n1_i3::primitive::fullyconnected:/model/layers.3/mlp/down_proj/MatMul,n1_i3::op::/model/layers.3/mlp/down_proj/MatMul,primitive,fullyconnected:/model/layers.3/mlp/down_proj/MatMul,layers.*/mlp,/model/layers.3/mlp/down_proj/MatMul,FullyConnected,fullyconnected:/model/layers.3/mlp/down_proj/MatMul,fully_connected,fully_connected_gpu_bf_tiled,,performance,gtpin_total_execution_cycles,75272248,cycles,1,64,75272248
n1_i3,3,1,3,n1_i3::primitive::fullyconnected:/model/layers.3/mlp/gate_proj/MatMul,n1_i3::op::/model/layers.3/mlp/gate_proj/MatMul,primitive,fullyconnected:/model/layers.3/mlp/gate_proj/MatMul,layers.*/mlp,/model/layers.3/mlp/gate_proj/MatMul,FullyConnected,fullyconnected:/model/layers.3/mlp/gate_proj/MatMul,fully_connected,fully_connected_gpu_bf_tiled,,performance,gtpin_total_execution_cycles,117076146,cycles,1,176,117076146
n1_i3,3,1,3,n1_i3::primitive::fullyconnected:/model/layers.3/mlp/up_proj/MatMul,n1_i3::op::/model/layers.3/mlp/up_proj/MatMul,primitive,fullyconnected:/model/layers.3/mlp/up_proj/MatMul,layers.*/mlp,/model/layers.3/mlp/up_proj/MatMul,FullyConnected,fullyconnected:/model/layers.3/mlp/up_proj/MatMul,fully_connected,fully_connected_gpu_bf_tiled,,performance,gtpin_total_execution_cycles,96546492,cycles,1,176,96546492
n1_i3,3,1,3,n1_i3::primitive::fullyconnected:/model/layers.3/self_attn/k_proj/MatMul,n1_i3::op::/model/layers.3/self_attn/k_proj/MatMul,primitive,fullyconnected:/model/layers.3/self_attn/k_proj/MatMul,layers.*/self_attn,/model/layers.3/self_attn/k_proj/MatMul,FullyConnected,fullyconnected:/model/layers.3/self_attn/k_proj/MatMul,fully_connected,fully_connected_gpu_bf_tiled,,performance,gtpin_total_execution_cycles,3722960,cycles,1,8,3722960
n1_i3,3,1,3,n1_i3::primitive::fullyconnected:/model/layers.3/self_attn/o_proj/MatMul,n1_i3::op::/model/layers.3/self_attn/o_proj/MatMul,primitive,fullyconnected:/model/layers.3/self_attn/o_proj/MatMul,layers.*/self_attn,/model/layers.3/self_attn/o_proj/MatMul,FullyConnected,fullyconnected:/model/layers.3/self_attn/o_proj/MatMul,fully_connected,fully_connected_gpu_bf_tiled,,performance,gtpin_total_execution_cycles,28574838,cycles,1,64,28574838
n1_i3,3,1,3,n1_i3::primitive::fullyconnected:/model/layers.3/self_attn/q_proj/MatMul,n1_i3::op::/model/layers.3/self_attn/q_proj/MatMul,primitive,fullyconnected:/model/layers.3/self_attn/q_proj/MatMul,layers.*/self_attn,/model/layers.3/self_attn/q_proj/MatMul,FullyConnected,fullyconnected:/model/layers.3/self_attn/q_proj/MatMul,fully_connected,fully_connected_gpu_bf_tiled,,performance,gtpin_total_execution_cycles,29071738,cycles,1,64,29071738
n1_i3,3,1,3,n1_i3::primitive::fullyconnected:/model/layers.3/self_attn/v_proj/MatMul,n1_i3::op::/model/layers.3/self_attn/v_proj/MatMul,primitive,fullyconnected:/model/layers.3/self_attn/v_proj/MatMul,layers.*/self_attn,/model/layers.3/self_attn/v_proj/MatMul,FullyConnected,fullyconnected:/model/layers.3/self_attn/v_proj/MatMul,fully_connected,fully_connected_gpu_bf_tiled,,performance,gtpin_total_execution_cycles,3559632,cycles,1,8,3559632
n1_i3,3,1,3,n1_i3::primitive::fullyconnected:/model/layers.4/mlp/down_proj/MatMul,n1_i3::op::/model/layers.4/mlp/down_proj/MatMul,primitive,fullyconnected:/model/layers.4/mlp/down_proj/MatMul,layers.*/mlp,/model/layers.4/mlp/down_proj/MatMul,FullyConnected,fullyconnected:/model/layers.4/mlp/down_proj/MatMul,fully_connected,fully_connected_gpu_bf_tiled,,performance,gtpin_total_execution_cycles,76096388,cycles,1,64,76096388
n1_i3,3,1,3,n1_i3::primitive::fullyconnected:/model/layers.4/mlp/gate_proj/MatMul,n1_i3::op::/model/layers.4/mlp/gate_proj/MatMul,primitive,fullyconnected:/model/layers.4/mlp/gate_proj/MatMul,layers.*/mlp,/model/layers.4/mlp/gate_proj/MatMul,FullyConnected,fullyconnected:/model/layers.4/mlp/gate_proj/MatMul,fully_connected,fully_connected_gpu_bf_tiled,,performance,gtpin_total_execution_cycles,101481252,cycles,1,176,101481252
n1_i3,3,1,3,n1_i3::primitive::fullyconnected:/model/layers.4/mlp/up_proj/MatMul,n1_i3::op::/model/layers.4/mlp/up_proj/MatMul,primitive,fullyconnected:/model/layers.4/mlp/up_proj/MatMul,layers.*/mlp,/model/layers.4/mlp/up_proj/MatMul,FullyConnected,fullyconnected:/model/layers.4/mlp/up_proj/MatMul,fully_connected,fully_connected_gpu_bf_tiled,,performance,gtpin_total_execution_cycles,95457360,cycles,1,176,95457360
n1_i3,3,1,3,n1_i3::primitive::fullyconnected:/model/layers.4/self_attn/k_proj/MatMul,n1_i3::op::/model/layers.4/self_attn/k_proj/MatMul,primitive,fullyconnected:/model/layers.4/self_attn/k_proj/MatMul,layers.*/self_attn,/model/layers.4/self_attn/k_proj/MatMul,FullyConnected,fullyconnected:/model/layers.4/self_attn/k_proj/MatMul,fully_connected,fully_connected_gpu_bf_tiled,,performance,gtpin_total_execution_cycles,3690946,cycles,1,8,3690946
n1_i3,3,1,3,n1_i3::primitive::fullyconnected:/model/layers.4/self_attn/o_proj/MatMul,n1_i3::op::/model/layers.4/self_attn/o_proj/MatMul,primitive,fullyconnected:/model/layers.4/self_attn/o_proj/MatMul,layers.*/self_attn,/model/layers.4/self_attn/o_proj/MatMul,FullyConnected,fullyconnected:/model/layers.4/self_attn/o_proj/MatMul,fully_connected,fully_connected_gpu_bf_tiled,,performance,gtpin_total_execution_cycles,28319366,cycles,1,64,28319366
n1_i3,3,1,3,n1_i3::primitive::fullyconnected:/model/layers.4/self_attn/q_proj/MatMul,n1_i3::op::/model/layers.4/self_attn/q_proj/MatMul,primitive,fullyconnected:/model/layers.4/self_attn/q_proj/MatMul,layers.*/self_attn,/model/layers.4/self_attn/q_proj/MatMul,FullyConnected,fullyconnected:/model/layers.4/self_attn/q_proj/MatMul,fully_connected,fully_connected_gpu_bf_tiled,,performance,gtpin_total_execution_cycles,28600276,cycles,1,64,28600276
n1_i3,3,1,3,n1_i3::primitive::fullyconnected:/model/layers.4/self_attn/v_proj/MatMul,n1_i3::op::/model/layers.4/self_attn/v_proj/MatMul,primitive,fullyconnected:/model/layers.4/self_attn/v_proj/MatMul,layers.*/self_attn,/model/layers.4/self_attn/v_proj/MatMul,FullyConnected,fullyconnected:/model/layers.4/self_attn/v_proj/MatMul,fully_connected,fully_connected_gpu_bf_tiled,,performance,gtpin_total_execution_cycles,3486066,cycles,1,8,3486066
n1_i3,3,1,3,n1_i3::primitive::fullyconnected:/model/layers.5/mlp/down_proj/MatMul,n1_i3::op::/model/layers.5/mlp/down_proj/MatMul,primitive,fullyconnected:/model/layers.5/mlp/down_proj/MatMul,layers.*/mlp,/model/layers.5/mlp/down_proj/MatMul,FullyConnected,fullyconnected:/model/layers.5/mlp/down_proj/MatMul,fully_connected,fully_connected_gpu_bf_tiled,,performance,gtpin_total_execution_cycles,76085578,cycles,1,64,76085578
n1_i3,3,1,3,n1_i3::primitive::fullyconnected:/model/layers.5/mlp/gate_proj/MatMul,n1_i3::op::/model/layers.5/mlp/gate_proj/MatMul,primitive,fullyconnected:/model/layers.5/mlp/gate_proj/MatMul,layers.*/mlp,/model/layers.5/mlp/gate_proj/MatMul,FullyConnected,fullyconnected:/model/layers.5/mlp/gate_proj/MatMul,fully_connected,fully_connected_gpu_bf_tiled,,performance,gtpin_total_execution_cycles,129108380,cycles,1,176,129108380
n1_i3,3,1,3,n1_i3::primitive::fullyconnected:/model/layers.5/mlp/up_proj/MatMul,n1_i3::op::/model/layers.5/mlp/up_proj/MatMul,primitive,fullyconnected:/model/layers.5/mlp/up_proj/MatMul,layers.*/mlp,/model/layers.5/mlp/up_proj/MatMul,FullyConnected,fullyconnected:/model/layers.5/mlp/up_proj/MatMul,fully_connected,fully_connected_gpu_bf_tiled,,performance,gtpin_total_execution_cycles,120765946,cycles,1,176,120765946
n1_i3,3,1,3,n1_i3::primitive::fullyconnected:/model/layers.5/self_attn/k_proj/MatMul,n1_i3::op::/model/layers.5/self_attn/k_proj/MatMul,primitive,fullyconnected:/model/layers.5/self_attn/k_proj/MatMul,layers.*/self_attn,/model/layers.5/self_attn/k_proj/MatMul,FullyConnected,fullyconnected:/model/layers.5/self_attn/k_proj/MatMul,fully_connected,fully_connected_gpu_bf_tiled,,performance,gtpin_total_execution_cycles,3710018,cycles,1,8,3710018
n1_i3,3,1,3,n1_i3::primitive::fullyconnected:/model/layers.5/self_attn/o_proj/MatMul,n1_i3::op::/model/layers.5/self_attn/o_proj/MatMul,primitive,fullyconnected:/model/layers.5/self_attn/o_proj/MatMul,layers.*/self_attn,/model/layers.5/self_attn/o_proj/MatMul,FullyConnected,fullyconnected:/model/layers.5/self_attn/o_proj/MatMul,fully_connected,fully_connected_gpu_bf_tiled,,performance,gtpin_total_execution_cycles,30297262,cycles,1,64,30297262
n1_i3,3,1,3,n1_i3::primitive::fullyconnected:/model/layers.5/self_attn/q_proj/MatMul,n1_i3::op::/model/layers.5/self_attn/q_proj/MatMul,primitive,fullyconnected:/model/layers.5/self_attn/q_proj/MatMul,layers.*/self_attn,/model/layers.5/self_attn/q_proj/MatMul,FullyConnected,fullyconnected:/model/layers.5/self_attn/q_proj/MatMul,fully_connected,fully_connected_gpu_bf_tiled,,performance,gtpin_total_execution_cycles,28812702,cycles,1,64,28812702
n1_i3,3,1,3,n1_i3::primitive::fullyconnected:/model/layers.5/self_attn/v_proj/MatMul,n1_i3::op::/model/layers.5/self_attn/v_proj/MatMul,primitive,fullyconnected:/model/layers.5/self_attn/v_proj/MatMul,layers.*/self_attn,/model/layers.5/self_attn/v_proj/MatMul,FullyConnected,fullyconnected:/model/layers.5/self_attn/v_proj/MatMul,fully_connected,fully_connected_gpu_bf_tiled,,performance,gtpin_total_execution_cycles,3529246,cycles,1,8,3529246
n1_i3,3,1,3,n1_i3::primitive::fullyconnected:/model/layers.6/mlp/down_proj/MatMul,n1_i3::op::/model/layers.6/mlp/down_proj/MatMul,primitive,fullyconnected:/model/layers.6/mlp/down_proj/MatMul,layers.*/mlp,/model/layers.6/mlp/down_proj/MatMul,FullyConnected,fullyconnected:/model/layers.6/mlp/down_proj/MatMul,fully_connected,fully_connected_gpu_bf_tiled,,performance,gtpin_total_execution_cycles,75658536,cycles,1,64,75658536
n1_i3,3,1,3,n1_i3::primitive::fullyconnected:/model/layers.6/mlp/gate_proj/MatMul,n1_i3::op::/model/layers.6/mlp/gate_proj/MatMul,primitive,fullyconnected:/model/layers.6/mlp/gate_proj/MatMul,layers.*/mlp,/model/layers.6/mlp/gate_proj/MatMul,FullyConnected,fullyconnected:/model/layers.6/mlp/gate_proj/MatMul,fully_connected,fully_connected_gpu_bf_tiled,,performance,gtpin_total_execution_cycles,123144964,cycles,1,176,123144964
n1_i3,3,1,3,n1_i3::primitive::fullyconnected:/model/layers.6/mlp/up_proj/MatMul,n1_i3::op::/model/layers.6/mlp/up_proj/MatMul,primitive,fullyconnected:/model/layers.6/mlp/up_proj/MatMul,layers.*/mlp,/model/layers.6/mlp/up_proj/MatMul,FullyConnected,fullyconnected:/model/layers.6/mlp/up_proj/MatMul,fully_connected,fully_connected_gpu_bf_tiled,,performance,gtpin_total_execution_cycles,112665346,cycles,1,176,112665346
n1_i3,3,1,3,n1_i3::primitive::fullyconnected:/model/layers.6/self_attn/k_proj/MatMul,n1_i3::op::/model/layers.6/self_attn/k_proj/MatMul,primitive,fullyconnected:/model/layers.6/self_attn/k_proj/MatMul,layers.*/self_attn,/model/layers.6/self_attn/k_proj/MatMul,FullyConnected,fullyconnected:/model/layers.6/self_attn/k_proj/MatMul,fully_connected,fully_connected_gpu_bf_tiled,,performance,gtpin_total_execution_cycles,3696636,cycles,1,8,3696636
n1_i3,3,1,3,n1_i3::primitive::fullyconnected:/model/layers.6/self_attn/o_proj/MatMul,n1_i3::op::/model/layers.6/self_attn/o_proj/MatMul,primitive,fullyconnected:/model/layers.6/self_attn/o_proj/MatMul,layers.*/self_attn,/model/layers.6/self_attn/o_proj/MatMul,FullyConnected,fullyconnected:/model/layers.6/self_attn/o_proj/MatMul,fully_connected,fully_connected_gpu_bf_tiled,,performance,gtpin_total_execution_cycles,29416178,cycles,1,64,29416178
n1_i3,3,1,3,n1_i3::primitive::fullyconnected:/model/layers.6/self_attn/q_proj/MatMul,n1_i3::op::/model/layers.6/self_attn/q_proj/MatMul,primitive,fullyconnected:/model/layers.6/self_attn/q_proj/MatMul,layers.*/self_attn,/model/layers.6/self_attn/q_proj/MatMul,FullyConnected,fullyconnected:/model/layers.6/self_attn/q_proj/MatMul,fully_connected,fully_connected_gpu_bf_tiled,,performance,gtpin_total_execution_cycles,28697732,cycles,1,64,28697732
n1_i3,3,1,3,n1_i3::primitive::fullyconnected:/model/layers.6/self_attn/v_proj/MatMul,n1_i3::op::/model/layers.6/self_attn/v_proj/MatMul,primitive,fullyconnected:/model/layers.6/self_attn/v_proj/MatMul,layers.*/self_attn,/model/layers.6/self_attn/v_proj/MatMul,FullyConnected,fullyconnected:/model/layers.6/self_attn/v_proj/MatMul,fully_connected,fully_connected_gpu_bf_tiled,,performance,gtpin_total_execution_cycles,3503506,cycles,1,8,3503506
n1_i3,3,1,3,n1_i3::primitive::fullyconnected:/model/layers.7/mlp/down_proj/MatMul,n1_i3::op::/model/layers.7/mlp/down_proj/MatMul,primitive,fullyconnected:/model/layers.7/mlp/down_proj/MatMul,layers.*/mlp,/model/layers.7/mlp/down_proj/MatMul,FullyConnected,fullyconnected:/model/layers.7/mlp/down_proj/MatMul,fully_connected,fully_connected_gpu_bf_tiled,,performance,gtpin_total_execution_cycles,76717626,cycles,1,64,76717626
n1_i3,3,1,3,n1_i3::primitive::fullyconnected:/model/layers.7/mlp/gate_proj/MatMul,n1_i3::op::/model/layers.7/mlp/gate_proj/MatMul,primitive,fullyconnected:/model/layers.7/mlp/gate_proj/MatMul,layers.*/mlp,/model/layers.7/mlp/gate_proj/MatMul,FullyConnected,fullyconnected:/model/layers.7/mlp/gate_proj/MatMul,fully_connected,fully_connected_gpu_bf_tiled,,performance,gtpin_total_execution_cycles,96611298,cycles,1,176,96611298
n1_i3,3,1,3,n1_i3::primitive::fullyconnected:/model/layers.7/mlp/up_proj/MatMul,n1_i3::op::/model/layers.7/mlp/up_proj/MatMul,primitive,fullyconnected:/model/layers.7/mlp/up_proj/MatMul,layers.*/mlp,/model/layers.7/mlp/up_proj/MatMul,FullyConnected,fullyconnected:/model/layers.7/mlp/up_proj/MatMul,fully_connected,fully_connected_gpu_bf_tiled,,performance,gtpin_total_execution_cycles,94235476,cycles,1,176,94235476
n1_i3,3,1,3,n1_i3::primitive::fullyconnected:/model/layers.7/self_attn/k_proj/MatMul,n1_i3::op::/model/layers.7/self_attn/k_proj/MatMul,primitive,fullyconnected:/model/layers.7/self_attn/k_proj/MatMul,layers.*/self_attn,/model/layers.7/self_attn/k_proj/MatMul,FullyConnected,fullyconnected:/model/layers.7/self_attn/k_proj/MatMul,fully_connected,fully_connected_gpu_bf_tiled,,performance,gtpin_total_execution_cycles,3691496,cycles,1,8,3691496
n1_i3,3,1,3,n1_i3::primitive::fullyconnected:/model/layers.7/self_attn/o_proj/MatMul,n1_i3::op::/model/layers.7/self_attn/o_proj/MatMul,primitive,fullyconnected:/model/layers.7/self_attn/o_proj/MatMul,layers.*/self_attn,/model/layers.7/self_attn/o_proj/MatMul,FullyConnected,fullyconnected:/model/layers.7/self_attn/o_proj/MatMul,fully_connected,fully_connected_gpu_bf_tiled,,performance,gtpin_total_execution_cycles,28429936,cycles,1,64,28429936
n1_i3,3,1,3,n1_i3::primitive::fullyconnected:/model/layers.7/self_attn/q_proj/MatMul,n1_i3::op::/model/layers.7/self_attn/q_proj/MatMul,primitive,fullyconnected:/model/layers.7/self_attn/q_proj/MatMul,layers.*/self_attn,/model/layers.7/self_attn/q_proj/MatMul,FullyConnected,fullyconnected:/model/layers.7/self_attn/q_proj/MatMul,fully_connected,fully_connected_gpu_bf_tiled,,performance,gtpin_total_execution_cycles,28688764,cycles,1,64,28688764
n1_i3,3,1,3,n1_i3::primitive::fullyconnected:/model/layers.7/self_attn/v_proj/MatMul,n1_i3::op::/model/layers.7/self_attn/v_proj/MatMul,primitive,fullyconnected:/model/layers.7/self_attn/v_proj/MatMul,layers.*/self_attn,/model/layers.7/self_attn/v_proj/MatMul,FullyConnected,fullyconnected:/model/layers.7/self_attn/v_proj/MatMul,fully_connected,fully_connected_gpu_bf_tiled,,performance,gtpin_total_execution_cycles,3504896,cycles,1,8,3504896
n1_i3,3,1,3,n1_i3::primitive::fullyconnected:/model/layers.8/mlp/down_proj/MatMul,n1_i3::op::/model/layers.8/mlp/down_proj/MatMul,primitive,fullyconnected:/model/layers.8/mlp/down_proj/MatMul,layers.*/mlp,/model/layers.8/mlp/down_proj/MatMul,FullyConnected,fullyconnected:/model/layers.8/mlp/down_proj/MatMul,fully_connected,fully_connected_gpu_bf_tiled,,performance,gtpin_total_execution_cycles,78729724,cycles,1,64,78729724
n1_i3,3,1,3,n1_i3::primitive::fullyconnected:/model/layers.8/mlp/gate_proj/MatMul,n1_i3::op::/model/layers.8/mlp/gate_proj/MatMul,primitive,fullyconnected:/model/layers.8/mlp/gate_proj/MatMul,layers.*/mlp,/model/layers.8/mlp/gate_proj/MatMul,FullyConnected,fullyconnected:/model/layers.8/mlp/gate_proj/MatMul,fully_connected,fully_connected_gpu_bf_tiled,,performance,gtpin_total_execution_cycles,144371398,cycles,1,176,144371398
n1_i3,3,1,3,n1_i3::primitive::fullyconnected:/model/layers.8/mlp/up_proj/MatMul,n1_i3::op::/model/layers.8/mlp/up_proj/MatMul,primitive,fullyconnected:/model/layers.8/mlp/up_proj/MatMul,layers.*/mlp,/model/layers.8/mlp/up_proj/MatMul,FullyConnected,fullyconnected:/model/layers.8/mlp/up_proj/MatMul,fully_connected,fully_connected_gpu_bf_tiled,,performance,gtpin_total_execution_cycles,135979968,cycles,1,176,135979968
n1_i3,3,1,3,n1_i3::primitive::fullyconnected:/model/layers.8/self_attn/k_proj/MatMul,n1_i3::op::/model/layers.8/self_attn/k_proj/MatMul,primitive,fullyconnected:/model/layers.8/self_attn/k_proj/MatMul,layers.*/self_attn,/model/layers.8/self_attn/k_proj/MatMul,FullyConnected,fullyconnected:/model/layers.8/self_attn/k_proj/MatMul,fully_connected,fully_connected_gpu_bf_tiled,,performance,gtpin_total_execution_cycles,3690258,cycles,1,8,3690258
n1_i3,3,1,3,n1_i3::primitive::fullyconnected:/model/layers.8/self_attn/o_proj/MatMul,n1_i3::op::/model/layers.8/self_attn/o_proj/MatMul,primitive,fullyconnected:/model/layers.8/self_attn/o_proj/MatMul,layers.*/self_attn,/model/layers.8/self_attn/o_proj/MatMul,FullyConnected,fullyconnected:/model/layers.8/self_attn/o_proj/MatMul,fully_connected,fully_connected_gpu_bf_tiled,,performance,gtpin_total_execution_cycles,29287914,cycles,1,64,29287914
n1_i3,3,1,3,n1_i3::primitive::fullyconnected:/model/layers.8/self_attn/q_proj/MatMul,n1_i3::op::/model/layers.8/self_attn/q_proj/MatMul,primitive,fullyconnected:/model/layers.8/self_attn/q_proj/MatMul,layers.*/self_attn,/model/layers.8/self_attn/q_proj/MatMul,FullyConnected,fullyconnected:/model/layers.8/self_attn/q_proj/MatMul,fully_connected,fully_connected_gpu_bf_tiled,,performance,gtpin_total_execution_cycles,28632166,cycles,1,64,28632166
n1_i3,3,1,3,n1_i3::primitive::fullyconnected:/model/layers.8/self_attn/v_proj/MatMul,n1_i3::op::/model/layers.8/self_attn/v_proj/MatMul,primitive,fullyconnected:/model/layers.8/self_attn/v_proj/MatMul,layers.*/self_attn,/model/layers.8/self_attn/v_proj/MatMul,FullyConnected,fullyconnected:/model/layers.8/self_attn/v_proj/MatMul,fully_connected,fully_connected_gpu_bf_tiled,,performance,gtpin_total_execution_cycles,3487216,cycles,1,8,3487216
n1_i3,3,1,3,n1_i3::primitive::fullyconnected:/model/layers.9/mlp/down_proj/MatMul,n1_i3::op::/model/layers.9/mlp/down_proj/MatMul,primitive,fullyconnected:/model/layers.9/mlp/down_proj/MatMul,layers.*/mlp,/model/layers.9/mlp/down_proj/MatMul,FullyConnected,fullyconnected:/model/layers.9/mlp/down_proj/MatMul,fully_connected,fully_connected_gpu_bf_tiled,,performance,gtpin_total_execution_cycles,80862588,cycles,1,64,80862588
n1_i3,3,1,3,n1_i3::primitive::fullyconnected:/model/layers.9/mlp/gate_proj/MatMul,n1_i3::op::/model/layers.9/mlp/gate_proj/MatMul,primitive,fullyconnected:/model/layers.9/mlp/gate_proj/MatMul,layers.*/mlp,/model/layers.9/mlp/gate_proj/MatMul,FullyConnected,fullyconnected:/model/layers.9/mlp/gate_proj/MatMul,fully_connected,fully_connected_gpu_bf_tiled,,performance,gtpin_total_execution_cycles,143006782,cycles,1,176,143006782
n1_i3,3,1,3,n1_i3::primitive::fullyconnected:/model/layers.9/mlp/up_proj/MatMul,n1_i3::op::/model/layers.9/mlp/up_proj/MatMul,primitive,fullyconnected:/model/layers.9/mlp/up_proj/MatMul,layers.*/mlp,/model/layers.9/mlp/up_proj/MatMul,FullyConnected,fullyconnected:/model/layers.9/mlp/up_proj/MatMul,fully_connected,fully_connected_gpu_bf_tiled,,performance,gtpin_total_execution_cycles,140095200,cycles,1,176,140095200
n1_i3,3,1,3,n1_i3::primitive::fullyconnected:/model/layers.9/self_attn/k_proj/MatMul,n1_i3::op::/model/layers.9/self_attn/k_proj/MatMul,primitive,fullyconnected:/model/layers.9/self_attn/k_proj/MatMul,layers.*/self_attn,/model/layers.9/self_attn/k_proj/MatMul,FullyConnected,fullyconnected:/model/layers.9/self_attn/k_proj/MatMul,fully_connected,fully_connected_gpu_bf_tiled,,performance,gtpin_total_execution_cycles,3844800,cycles,1,8,3844800
n1_i3,3,1,3,n1_i3::primitive::fullyconnected:/model/layers.9/self_attn/o_proj/MatMul,n1_i3::op::/model/layers.9/self_attn/o_proj/MatMul,primitive,fullyconnected:/model/layers.9/self_attn/o_proj/MatMul,layers.*/self_attn,/model/layers.9/self_attn/o_proj/MatMul,FullyConnected,fullyconnected:/model/layers.9/self_attn/o_proj/MatMul,fully_connected,fully_connected_gpu_bf_tiled,,performance,gtpin_total_execution_cycles,29588064,cycles,1,64,29588064
n1_i3,3,1,3,n1_i3::primitive::fullyconnected:/model/layers.9/self_attn/q_proj/MatMul,n1_i3::op::/model/layers.9/self_attn/q_proj/MatMul,primitive,fullyconnected:/model/layers.9/self_attn/q_proj/MatMul,layers.*/self_attn,/model/layers.9/self_attn/q_proj/MatMul,FullyConnected,fullyconnected:/model/layers.9/self_attn/q_proj/MatMul,fully_connected,fully_connected_gpu_bf_tiled,,performance,gtpin_total_execution_cycles,29931124,cycles,1,64,29931124
n1_i3,3,1,3,n1_i3::primitive::fullyconnected:/model/layers.9/self_attn/v_proj/MatMul,n1_i3::op::/model/layers.9/self_attn/v_proj/MatMul,primitive,fullyconnected:/model/layers.9/self_attn/v_proj/MatMul,layers.*/self_attn,/model/layers.9/self_attn/v_proj/MatMul,FullyConnected,fullyconnected:/model/layers.9/self_attn/v_proj/MatMul,fully_connected,fully_connected_gpu_bf_tiled,,performance,gtpin_total_execution_cycles,3656048,cycles,1,8,3656048
n1_i3,3,1,3,n1_i3::primitive::fullyconnected:logits.0,n1_i3::op::logits.0,primitive,fullyconnected:logits.0,(root),logits.0,FullyConnected,fullyconnected:logits.0,fully_connected,fully_connected_gpu_bf_tiled,,performance,gtpin_total_execution_cycles,2164756414,cycles,1,1000,2164756414
n1_i3,3,1,3,n1_i3::primitive::gather:/model/Gather_4,n1_i3::op::/model/Gather_4,primitive,gather:/model/Gather_4,(root),/model/Gather_4,Gather,gather:/model/Gather_4,gather,gather_ref,,performance,gtpin_total_execution_cycles,9539,cycles,1,1,9539
n1_i3,3,1,3,n1_i3::primitive::gather:/model/embed_tokens/Gather,n1_i3::op::/model/embed_tokens/Gather,primitive,gather:/model/embed_tokens/Gather,embed_tokens,/model/embed_tokens/Gather,Gather,gather:/model/embed_tokens/Gather,gather,gather_ref,,performance,gtpin_total_execution_cycles,5827342,cycles,1,1024,5827342
n1_i3,3,1,3,n1_i3::primitive::gemm:/model/layers.0/self_attn/MatMul,n1_i3::op::/model/layers.0/self_attn/MatMul,primitive,gemm:/model/layers.0/self_attn/MatMul,layers.*/self_attn,/model/layers.0/self_attn/MatMul,Gemm,gemm:/model/layers.0/self_attn/MatMul,gemm,gemm_tiled_opt,,performance,gtpin_total_execution_cycles,3767574,cycles,1,32,3767574
n1_i3,3,1,3,n1_i3::primitive::gemm:/model/layers.0/self_attn/Transpose_4,n1_i3::op::/model/layers.0/self_attn/Transpose_4,primitive,gemm:/model/layers.0/self_attn/Transpose_4,layers.*/self_attn,/model/layers.0/self_attn/Transpose_4,Gemm,gemm:/model/layers.0/self_attn/Transpose_4,gemm,gemm_tiled_opt,,performance,gtpin_total_execution_cycles,2016962,cycles,1,64,2016962
n1_i3,3,1,3,n1_i3::primitive::gemm:/model/layers.1/self_attn/MatMul,n1_i3::op::/model/layers.1/self_attn/MatMul,primitive,gemm:/model/layers.1/self_attn/MatMul,layers.*/self_attn,/model/layers.1/self_attn/MatMul,Gemm,gemm:/model/layers.1/self_attn/MatMul,gemm,gemm_tiled_opt,,performance,gtpin_total_execution_cycles,3441996,cycles,1,32,3441996
n1_i3,3,1,3,n1_i3::primitive::gemm:/model/layers.1/self_attn/Transpose_4,n1_i3::op::/model/layers.1/self_attn/Transpose_4,primitive,gemm:/model/layers.1/self_attn/Transpose_4,layers.*/self_attn,/model/layers.1/self_attn/Transpose_4,Gemm,gemm:/model/layers.1/self_attn/Transpose_4,gemm,gemm_tiled_opt,,performance,gtpin_total_execution_cycles,1989500,cycles,1,64,1989500
n1_i3,3,1,3,n1_i3::primitive::gemm:/model/layers.10/self_attn/MatMul,n1_i3::op::/model/layers.10/self_attn/MatMul,primitive,gemm:/model/layers.10/self_attn/MatMul,layers.*/self_attn,/model/layers.10/self_attn/MatMul,Gemm,gemm:/model/layers.10/self_attn/MatMul,gemm,gemm_tiled_opt,,performance,gtpin_total_execution_cycles,3461348,cycles,1,32,3461348
n1_i3,3,1,3,n1_i3::primitive::gemm:/model/layers.10/self_attn/Transpose_4,n1_i3::op::/model/layers.10/self_attn/Transpose_4,primitive,gemm:/model/layers.10/self_attn/Transpose_4,layers.*/self_attn,/model/layers.10/self_attn/Transpose_4,Gemm,gemm:/model/layers.10/self_attn/Transpose_4,gemm,gemm_tiled_opt,,performance,gtpin_total_execution_cycles,2011508,cycles,1,64,2011508
n1_i3,3,1,3,n1_i3::primitive::gemm:/model/layers.11/self_attn/MatMul,n1_i3::op::/model/layers.11/self_attn/MatMul,primitive,gemm:/model/layers.11/self_attn/MatMul,layers.*/self_attn,/model/layers.11/self_attn/MatMul,Gemm,gemm:/model/layers.11/self_attn/MatMul,gemm,gemm_tiled_opt,,performance,gtpin_total_execution_cycles,3459554,cycles,1,32,3459554
n1_i3,3,1,3,n1_i3::primitive::gemm:/model/layers.11/self_attn/Transpose_4,n1_i3::op::/model/layers.11/self_attn/Transpose_4,primitive,gemm:/model/layers.11/self_attn/Transpose_4,layers.*/self_attn,/model/layers.11/self_attn/Transpose_4,Gemm,gemm:/model/layers.11/self_attn/Transpose_4,gemm,gemm_tiled_opt,,performance,gtpin_total_execution_cycles,2186658,cycles,1,64,2186658
n1_i3,3,1,3,n1_i3::primitive::gemm:/model/layers.12/self_attn/MatMul,n1_i3::op::/model/layers.12/self_attn/MatMul,primitive,gemm:/model/layers.12/self_attn/MatMul,layers.*/self_attn,/model/layers.12/self_attn/MatMul,Gemm,gemm:/model/layers.12/self_attn/MatMul,gemm,gemm_tiled_opt,,performance,gtpin_total_execution_cycles,3705718,cycles,1,32,3705718
n1_i3,3,1,3,n1_i3::primitive::gemm:/model/layers.12/self_attn/Transpose_4,n1_i3::op::/model/layers.12/self_attn/Transpose_4,primitive,gemm:/model/layers.12/self_attn/Transpose_4,layers.*/self_attn,/model/layers.12/self_attn/Transpose_4,Gemm,gemm:/model/layers.12/self_attn/Transpose_4,gemm,gemm_tiled_opt,,performance,gtpin_total_execution_cycles,2077828,cycles,1,64,2077828
n1_i3,3,1,3,n1_i3::primitive::gemm:/model/layers.13/self_attn/MatMul,n1_i3::op::/model/layers.13/self_attn/MatMul,primitive,gemm:/model/layers.13/self_attn/MatMul,layers.*/self_attn,/model/layers.13/self_attn/MatMul,Gemm,gemm:/model/layers.13/self_attn/MatMul,gemm,gemm_tiled_opt,,performance,gtpin_total_execution_cycles,3465766,cycles,1,32,3465766
n1_i3,3,1,3,n1_i3::primitive::gemm:/model/layers.13/self_attn/Transpose_4,n1_i3::op::/model/layers.13/self_attn/Transpose_4,primitive,gemm:/model/layers.13/self_attn/Transpose_4,layers.*/self_attn,/model/layers.13/self_attn/Transpose_4,Gemm,gemm:/model/layers.13/self_attn/Transpose_4,gemm,gemm_tiled_opt,,performance,gtpin_total_execution_cycles,2062936,cycles,1,64,2062936
n1_i3,3,1,3,n1_i3::primitive::gemm:/model/layers.14/self_attn/MatMul,n1_i3::op::/model/layers.14/self_attn/MatMul,primitive,gemm:/model/layers.14/self_attn/MatMul,layers.*/self_attn,/model/layers.14/self_attn/MatMul,Gemm,gemm:/model/layers.14/self_attn/MatMul,gemm,gemm_tiled_opt,,performance,gtpin_total_execution_cycles,3496352,cycles,1,32,3496352
n1_i3,3,1,3,n1_i3::primitive::gemm:/model/layers.14/self_attn/Transpose_4,n1_i3::op::/model/layers.14/self_attn/Transpose_4,primitive,gemm:/model/layers.14/self_attn/Transpose_4,layers.*/self_attn,/model/layers.14/self_attn/Transpose_4,Gemm,gemm:/model/layers.14/self_attn/Transpose_4,gemm,gemm_tiled_opt,,performance,gtpin_total_execution_cycles,2038508,cycles,1,64,2038508
n1_i3,3,1,3,n1_i3::primitive::gemm:/model/layers.15/self_attn/MatMul,n1_i3::op::/model/layers.15/self_attn/MatMul,primitive,gemm:/model/layers.15/self_attn/MatMul,layers.*/self_attn,/model/layers.15/self_attn/MatMul,Gemm,gemm:/model/layers.15/self_attn/MatMul,gemm,gemm_tiled_opt,,performance,gtpin_total_execution_cycles,3549138,cycles,1,32,3549138
n1_i3,3,1,3,n1_i3::primitive::gemm:/model/layers.15/self_attn/Transpose_4,n1_i3::op::/model/layers.15/self_attn/Transpose_4,primitive,gemm:/model/layers.15/self_attn/Transpose_4,layers.*/self_attn,/model/layers.15/self_attn/Transpose_4,Gemm,gemm:/model/layers.15/self_attn/Transpose_4,gemm,gemm_tiled_opt,,performance,gtpin_total_execution_cycles,2206612,cycles,1,64,2206612
n1_i3,3,1,3,n1_i3::primitive::gemm:/model/layers.16/self_attn/MatMul,n1_i3::op::/model/layers.16/self_attn/MatMul,primitive,gemm:/model/layers.16/self_attn/MatMul,layers.*/self_attn,/model/layers.16/self_attn/MatMul,Gemm,gemm:/model/layers.16/self_attn/MatMul,gemm,gemm_tiled_opt,,performance,gtpin_total_execution_cycles,3702550,cycles,1,32,3702550
n1_i3,3,1,3,n1_i3::primitive::gemm:/model/layers.16/self_attn/Transpose_4,n1_i3::op::/model/layers.16/self_attn/Transpose_4,primitive,gemm:/model/layers.16/self_attn/Transpose_4,layers.*/self_attn,/model/layers.16/self_attn/Transpose_4,Gemm,gemm:/model/layers.16/self_attn/Transpose_4,gemm,gemm_tiled_opt,,performance,gtpin_total_execution_cycles,2040064,cycles,1,64,2040064
n1_i3,3,1,3,n1_i3::primitive::gemm:/model/layers.17/self_attn/MatMul,n1_i3::op::/model/layers.17/self_attn/MatMul,primitive,gemm:/model/layers.17/self_attn/MatMul,layers.*/self_attn,/model/layers.17/self_attn/MatMul,Gemm,gemm:/model/layers.17/self_attn/MatMul,gemm,gemm_tiled_opt,,performance,gtpin_total_execution_cycles,3603594,cycles,1,32,3603594
n1_i3,3,1,3,n1_i3::primitive::gemm:/model/layers.17/self_attn/Transpose_4,n1_i3::op::/model/layers.17/self_attn/Transpose_4,primitive,gemm:/model/layers.17/self_attn/Transpose_4,layers.*/self_attn,/model/layers.17/self_attn/Transpose_4,Gemm,gemm:/model/layers.17/self_attn/Transpose_4,gemm,gemm_tiled_opt,,performance,gtpin_total_execution_cycles,2027386,cycles,1,64,2027386
n1_i3,3,1,3,n1_i3::primitive::gemm:/model/layers.18/self_attn/MatMul,n1_i3::op::/model/layers.18/self_attn/MatMul,primitive,gemm:/model/layers.18/self_attn/MatMul,layers.*/self_attn,/model/layers.18/self_attn/MatMul,Gemm,gemm:/model/layers.18/self_attn/MatMul,gemm,gemm_tiled_opt,,performance,gtpin_total_execution_cycles,3494848,cycles,1,32,3494848
n1_i3,3,1,3,n1_i3::primitive::gemm:/model/layers.18/self_attn/Transpose_4,n1_i3::op::/model/layers.18/self_attn/Transpose_4,primitive,gemm:/model/layers.18/self_attn/Transpose_4,layers.*/self_attn,/model/layers.18/self_attn/Transpose_4,Gemm,gemm:/model/layers.18/self_attn/Transpose_4,gemm,gemm_tiled_opt,,performance,gtpin_total_execution_cycles,2055608,cycles,1,64,2055608
n1_i3,3,1,3,n1_i3::primitive::gemm:/model/layers.19/self_attn/MatMul,n1_i3::op::/model/layers.19/self_attn/MatMul,primitive,gemm:/model/layers.19/self_attn/MatMul,layers.*/self_attn,/model/layers.19/self_attn/MatMul,Gemm,gemm:/model/layers.19/self_attn/MatMul,gemm,gemm_tiled_opt,,performance,gtpin_total_execution_cycles,3480340,cycles,1,32,3480340
n1_i3,3,1,3,n1_i3::primitive::gemm:/model/layers.19/self_attn/Transpose_4,n1_i3::op::/model/layers.19/self_attn/Transpose_4,primitive,gemm:/model/layers.19/self_attn/Transpose_4,layers.*/self_attn,/model/layers.19/self_attn/Transpose_4,Gemm,gemm:/model/layers.19/self_attn/Transpose_4,gemm,gemm_tiled_opt,,performance,gtpin_total_execution_cycles,2238912,cycles,1,64,2238912
n1_i3,3,1,3,n1_i3::primitive::gemm:/model/layers.2/self_attn/MatMul,n1_i3::op::/model/layers.2/self_attn/MatMul,primitive,gemm:/model/layers.2/self_attn/MatMul,layers.*/self_attn,/model/layers.2/self_attn/MatMul,Gemm,gemm:/model/layers.2/self_attn/MatMul,gemm,gemm_tiled_opt,,performance,gtpin_total_execution_cycles,3451496,cycles,1,32,3451496
n1_i3,3,1,3,n1_i3::primitive::gemm:/model/layers.2/self_attn/Transpose_4,n1_i3::op::/model/layers.2/self_attn/Transpose_4,primitive,gemm:/model/layers.2/self_attn/Transpose_4,layers.*/self_attn,/model/layers.2/self_attn/Transpose_4,Gemm,gemm:/model/layers.2/self_attn/Transpose_4,gemm,gemm_tiled_opt,,performance,gtpin_total_execution_cycles,2027744,cycles,1,64,2027744
n1_i3,3,1,3,n1_i3::primitive::gemm:/model/layers.20/self_attn/MatMul,n1_i3::op::/model/layers.20/self_attn/MatMul,primitive,gemm:/model/layers.20/self_attn/MatMul,layers.*/self_attn,/model/layers.20/self_attn/MatMul,Gemm,gemm:/model/layers.20/self_attn/MatMul,gemm,gemm_tiled_opt,,performance,gtpin_total_execution_cycles,3835498,cycles,1,32,3835498
n1_i3,3,1,3,n1_i3::primitive::gemm:/model/layers.20/self_attn/Transpose_4,n1_i3::op::/model/layers.20/self_attn/Transpose_4,primitive,gemm:/model/layers.20/self_attn/Transpose_4,layers.*/self_attn,/model/layers.20/self_attn/Transpose_4,Gemm,gemm:/model/layers.20/self_attn/Transpose_4,gemm,gemm_tiled_opt,,performance,gtpin_total_execution_cycles,2044206,cycles,1,64,2044206
n1_i3,3,1,3,n1_i3::primitive::gemm:/model/layers.21/self_attn/MatMul,n1_i3::op::/model/layers.21/self_attn/MatMul,primitive,gemm:/model/layers.21/self_attn/MatMul,layers.*/self_attn,/model/layers.21/self_attn/MatMul,Gemm,gemm:/model/layers.21/self_attn/MatMul,gemm,gemm_tiled_opt,,performance,gtpin_total_execution_cycles,3465008,cycles,1,32,3465008
n1_i3,3,1,3,n1_i3::primitive::gemm:/model/layers.21/self_attn/Transpose_4,n1_i3::op::/model/layers.21/self_attn/Transpose_4,primitive,gemm:/model/layers.21/self_attn/Transpose_4,layers.*/self_attn,/model/layers.21/self_attn/Transpose_4,Gemm,gemm:/model/layers.21/self_attn/Transpose_4,gemm,gemm_tiled_opt,,performance,gtpin_total_execution_cycles,2008568,cycles,1,64,2008568
n1_i3,3,1,3,n1_i3::primitive::gemm:/model/layers.3/self_attn/MatMul,n1_i3::op::/model/layers.3/self_attn/MatMul,primitive,gemm:/model/layers.3/self_attn/MatMul,layers.*/self_attn,/model/layers.3/self_attn/MatMul,Gemm,gemm:/model/layers.3/self_attn/MatMul,gemm,gemm_tiled_opt,,performance,gtpin_total_execution_cycles,3511564,cycles,1,32,3511564
n1_i3,3,1,3,n1_i3::primitive::gemm:/model/layers.3/self_attn/Transpose_4,n1_i3::op::/model/layers.3/self_attn/Transpose_4,primitive,gemm:/model/layers.3/self_attn/Transpose_4,layers.*/self_attn,/model/layers.3/self_attn/Transpose_4,Gemm,gemm:/model/layers.3/self_attn/Transpose_4,gemm,gemm_tiled_opt,,performance,gtpin_total_execution_cycles,2319070,cycles,1,64,2319070
n1_i3,3,1,3,n1_i3::primitive::gemm:/model/layers.4/self_attn/MatMul,n1_i3::op::/model/layers.4/self_attn/MatMul,primitive,gemm:/model/layers.4/self_attn/MatMul,layers.*/self_attn,/model/layers.4/self_attn/MatMul,Gemm,gemm:/model/layers.4/self_attn/MatMul,gemm,gemm_tiled_opt,,performance,gtpin_total_execution_cycles,3711118,cycles,1,32,3711118
n1_i3,3,1,3,n1_i3::primitive::gemm:/model/layers.4/self_attn/Transpose_4,n1_i3::op::/model/layers.4/self_attn/Transpose_4,primitive,gemm:/model/layers.4/self_attn/Transpose_4,layers.*/self_attn,/model/layers.4/self_attn/Transpose_4,Gemm,gemm:/model/layers.4/self_attn/Transpose_4,gemm,gemm_tiled_opt,,performance,gtpin_total_execution_cycles,2011250,cycles,1,64,2011250
n1_i3,3,1,3,n1_i3::primitive::gemm:/model/layers.5/self_attn/MatMul,n1_i3::op::/model/layers.5/self_attn/MatMul,primitive,gemm:/model/layers.5/self_attn/MatMul,layers.*/self_attn,/model/layers.5/self_attn/MatMul,Gemm,gemm:/model/layers.5/self_attn/MatMul,gemm,gemm_tiled_opt,,performance,gtpin_total_execution_cycles,3442106,cycles,1,32,3442106
n1_i3,3,1,3,n1_i3::primitive::gemm:/model/layers.5/self_attn/Transpose_4,n1_i3::op::/model/layers.5/self_attn/Transpose_4,primitive,gemm:/model/layers.5/self_attn/Transpose_4,layers.*/self_attn,/model/layers.5/self_attn/Transpose_4,Gemm,gemm:/model/layers.5/self_attn/Transpose_4,gemm,gemm_tiled_opt,,performance,gtpin_total_execution_cycles,2005784,cycles,1,64,2005784
n1_i3,3,1,3,n1_i3::primitive::gemm:/model/layers.6/self_attn/MatMul,n1_i3::op::/model/layers.6/self_attn/MatMul,primitive,gemm:/model/layers.6/self_attn/MatMul,layers.*/self_attn,/model/layers.6/self_attn/MatMul,Gemm,gemm:/model/layers.6/self_attn/MatMul,gemm,gemm_tiled_opt,,performance,gtpin_total_execution_cycles,3503548,cycles,1,32,3503548
n1_i3,3,1,3,n1_i3::primitive::gemm:/model/layers.6/self_attn/Transpose_4,n1_i3::op::/model/layers.6/self_attn/Transpose_4,primitive,gemm:/model/layers.6/self_attn/Transpose_4,layers.*/self_attn,/model/layers.6/self_attn/Transpose_4,Gemm,gemm:/model/layers.6/self_attn/Transpose_4,gemm,gemm_tiled_opt,,performance,gtpin_total_execution_cycles,2092304,cycles,1,64,2092304
n1_i3,3,1,3,n1_i3::primitive::gemm:/model/layers.7/self_attn/MatMul,n1_i3::op::/model/layers.7/self_attn/MatMul,primitive,gemm:/model/layers.7/self_attn/MatMul,layers.*/self_attn,/model/layers.7/self_attn/MatMul,Gemm,gemm:/model/layers.7/self_attn/MatMul,gemm,gemm_tiled_opt,,performance,gtpin_total_execution_cycles,3562560,cycles,1,32,3562560
n1_i3,3,1,3,n1_i3::primitive::gemm:/model/layers.7/self_attn/Transpose_4,n1_i3::op::/model/layers.7/self_attn/Transpose_4,primitive,gemm:/model/layers.7/self_attn/Transpose_4,layers.*/self_attn,/model/layers.7/self_attn/Transpose_4,Gemm,gemm:/model/layers.7/self_attn/Transpose_4,gemm,gemm_tiled_opt,,performance,gtpin_total_execution_cycles,2205390,cycles,1,64,2205390
n1_i3,3,1,3,n1_i3::primitive::gemm:/model/layers.8/self_attn/MatMul,n1_i3::op::/model/layers.8/self_attn/MatMul,primitive,gemm:/model/layers.8/self_attn/MatMul,layers.*/self_attn,/model/layers.8/self_attn/MatMul,Gemm,gemm:/model/layers.8/self_attn/MatMul,gemm,gemm_tiled_opt,,performance,gtpin_total_execution_cycles,3795580,cycles,1,32,3795580
n1_i3,3,1,3,n1_i3::primitive::gemm:/model/layers.8/self_attn/Transpose_4,n1_i3::op::/model/layers.8/self_attn/Transpose_4,primitive,gemm:/model/layers.8/self_attn/Transpose_4,layers.*/self_attn,/model/layers.8/self_attn/Transpose_4,Gemm,gemm:/model/layers.8/self_attn/Transpose_4,gemm,gemm_tiled_opt,,performance,gtpin_total_execution_cycles,2063072,cycles,1,64,2063072
n1_i3,3,1,3,n1_i3::primitive::gemm:/model/layers.9/self_attn/MatMul,n1_i3::op::/model/layers.9/self_attn/MatMul,primitive,gemm:/model/layers.9/self_attn/MatMul,layers.*/self_attn,/model/layers.9/self_attn/MatMul,Gemm,gemm:/model/layers.9/self_attn/MatMul,gemm,gemm_tiled_opt,,performance,gtpin_total_execution_cycles,3479546,cycles,1,32,3479546
n1_i3,3,1,3,n1_i3::primitive::gemm:/model/layers.9/self_attn/Transpose_4,n1_i3::op::/model/layers.9/self_attn/Transpose_4,primitive,gemm:/model/layers.9/self_attn/Transpose_4,layers.*/self_attn,/model/layers.9/self_attn/Transpose_4,Gemm,gemm:/model/layers.9/self_attn/Transpose_4,gemm,gemm_tiled_opt,,performance,gtpin_total_execution_cycles,2059072,cycles,1,64,2059072
n1_i3,3,1,3,n1_i3::primitive::gemm:/model/rotary_emb/Transpose,n1_i3::op::/model/rotary_emb/Transpose,primitive,gemm:/model/rotary_emb/Transpose,rotary_emb,/model/rotary_emb/Transpose,Gemm,gemm:/model/rotary_emb/Transpose,gemm,gemm_tiled_opt,,performance,gtpin_total_execution_cycles,35230,cycles,1,2,35230
n1_i3,3,1,3,n1_i3::primitive::isnan:/model/layers.0/self_attn/IsNaN,n1_i3::op::/model/layers.0/self_attn/IsNaN,primitive,isnan:/model/layers.0/self_attn/IsNaN,layers.*/self_attn,/model/layers.0/self_attn/IsNaN,IsNaN,isnan:/model/layers.0/self_attn/IsNaN,eltwise,generic_eltwise_ref,,performance,gtpin_total_execution_cycles,1086742,cycles,1,256,1086742
n1_i3,3,1,3,n1_i3::primitive::isnan:/model/layers.1/self_attn/IsNaN,n1_i3::op::/model/layers.1/self_attn/IsNaN,primitive,isnan:/model/layers.1/self_attn/IsNaN,layers.*/self_attn,/model/layers.1/self_attn/IsNaN,IsNaN,isnan:/model/layers.1/self_attn/IsNaN,eltwise,generic_eltwise_ref,,performance,gtpin_total_execution_cycles,1222908,cycles,1,256,1222908
n1_i3,3,1,3,n1_i3::primitive::isnan:/model/layers.10/self_attn/IsNaN,n1_i3::op::/model/layers.10/self_attn/IsNaN,primitive,isnan:/model/layers.10/self_attn/IsNaN,layers.*/self_attn,/model/layers.10/self_attn/IsNaN,IsNaN,isnan:/model/layers.10/self_attn/IsNaN,eltwise,generic_eltwise_ref,,performance,gtpin_total_execution_cycles,1291674,cycles,1,256,1291674
n1_i3,3,1,3,n1_i3::primitive::isnan:/model/layers.11/self_attn/IsNaN,n1_i3::op::/model/layers.11/self_attn/IsNaN,primitive,isnan:/model/layers.11/self_attn/IsNaN,layers.*/self_attn,/model/layers.11/self_attn/IsNaN,IsNaN,isnan:/model/layers.11/self_attn/IsNaN,eltwise,generic_eltwise_ref,,performance,gtpin_total_execution_cycles,1229454,cycles,1,256,1229454
n1_i3,3,1,3,n1_i3::primitive::isnan:/model/layers.12/self_attn/IsNaN,n1_i3::op::/model/layers.12/self_attn/IsNaN,primitive,isnan:/model/layers.12/self_attn/IsNaN,layers.*/self_attn,/model/layers.12/self_attn/IsNaN,IsNaN,isnan:/model/layers.12/self_attn/IsNaN,eltwise,generic_eltwise_ref,,performance,gtpin_total_execution_cycles,1232814,cycles,1,256,1232814
n1_i3,3,1,3,n1_i3::primitive::isnan:/model/layers.13/self_attn/IsNaN,n1_i3::op::/model/layers.13/self_attn/IsNaN,primitive,isnan:/model/layers.13/self_attn/IsNaN,layers.*/self_attn,/model/layers.13/self_attn/IsNaN,IsNaN,isnan:/model/layers.13/self_attn/IsNaN,eltwise,generic_eltwise_ref,,performance,gtpin_total_execution_cycles,1254970,cycles,1,256,1254970
n1_i3,3,1,3,n1_i3::primitive::isnan:/model/layers.14/self_attn/IsNaN,n1_i3::op::/model/layers.14/self_attn/IsNaN,primitive,isnan:/model/layers.14/self_attn/IsNaN,layers.*/self_attn,/model/layers.14/self_attn/IsNaN,IsNaN,isnan:/model/layers.14/self_attn/IsNaN,eltwise,generic_eltwise_ref,,performance,gtpin_total_execution_cycles,1261216,cycles,1,256,1261216
n1_i3,3,1,3,n1_i3::primitive::isnan:/model/layers.15/self_attn/IsNaN,n1_i3::op::/model/layers.15/self_attn/IsNaN,primitive,isnan:/model/layers.15/self_attn/IsNaN,layers.*/self_attn,/model/layers.15/self_attn/IsNaN,IsNaN,isnan:/model/layers.15/self_attn/IsNaN,eltwise,generic_eltwise_ref,,performance,gtpin_total_execution_cycles,1208622,cycles,1,256,1208622
n1_i3,3,1,3,n1_i3::primitive::isnan:/model/layers.16/self_attn/IsNaN,n1_i3::op::/model/layers.16/self_attn/IsNaN,primitive,isnan:/model/layers.16/self_attn/IsNaN,layers.*/self_attn,/model/layers.16/self_attn/IsNaN,IsNaN,isnan:/model/layers.16/self_attn/IsNaN,eltwise,generic_eltwise_ref,,performance,gtpin_total_execution_cycles,1318600,cycles,1,256,1318600
n1_i3,3,1,3,n1_i3::primitive::isnan:/model/layers.17/self_attn/IsNaN,n1_i3::op::/model/layers.17/self_attn/IsNaN,primitive,isnan:/model/layers.17/self_attn/IsNaN,layers.*/self_attn,/model/layers.17/self_attn/IsNaN,IsNaN,isnan:/model/layers.17/self_attn/IsNaN,eltwise,generic_eltwise_ref,,performance,gtpin_total_execution_cycles,1225006,cycles,1,256,1225006
n1_i3,3,1,3,n1_i3::primitive::isnan:/model/layers.18/self_attn/IsNaN,n1_i3::op::/model/layers.18/self_attn/IsNaN,primitive,isnan:/model/layers.18/self_attn/IsNaN,layers.*/self_attn,/model/layers.18/self_attn/IsNaN,IsNaN,isnan:/model/layers.18/self_attn/IsNaN,eltwise,generic_eltwise_ref,,performance,gtpin_total_execution_cycles,1188946,cycles,1,256,1188946
n1_i3,3,1,3,n1_i3::primitive::isnan:/model/layers.19/self_attn/IsNaN,n1_i3::op::/model/layers.19/self_attn/IsNaN,primitive,isnan:/model/layers.19/self_attn/IsNaN,layers.*/self_attn,/model/layers.19/self_attn/IsNaN,IsNaN,isnan:/model/layers.19/self_attn/IsNaN,eltwise,generic_eltwise_ref,,performance,gtpin_total_execution_cycles,1212652,cycles,1,256,1212652
n1_i3,3,1,3,n1_i3::primitive::isnan:/model/layers.2/self_attn/IsNaN,n1_i3::op::/model/layers.2/self_attn/IsNaN,primitive,isnan:/model/layers.2/self_attn/IsNaN,layers.*/self_attn,/model/layers.2/self_attn/IsNaN,IsNaN,isnan:/model/layers.2/self_attn/IsNaN,eltwise,generic_eltwise_ref,,performance,gtpin_total_execution_cycles,1195460,cycles,1,256,1195460
n1_i3,3,1,3,n1_i3::primitive::isnan:/model/layers.20/self_attn/IsNaN,n1_i3::op::/model/layers.20/self_attn/IsNaN,primitive,isnan:/model/layers.20/self_attn/IsNaN,layers.*/self_attn,/model/layers.20/self_attn/IsNaN,IsNaN,isnan:/model/layers.20/self_attn/IsNaN,eltwise,generic_eltwise_ref,,performance,gtpin_total_execution_cycles,1309658,cycles,1,256,1309658
n1_i3,3,1,3,n1_i3::primitive::isnan:/model/layers.21/self_attn/IsNaN,n1_i3::op::/model/layers.21/self_attn/IsNaN,primitive,isnan:/model/layers.21/self_attn/IsNaN,layers.*/self_attn,/model/layers.21/self_attn/IsNaN,IsNaN,isnan:/model/layers.21/self_attn/IsNaN,eltwise,generic_eltwise_ref,,performance,gtpin_total_execution_cycles,1143100,cycles,1,256,1143100
n1_i3,3,1,3,n1_i3::primitive::isnan:/model/layers.3/self_attn/IsNaN,n1_i3::op::/model/layers.3/self_attn/IsNaN,primitive,isnan:/model/layers.3/self_attn/IsNaN,layers.*/self_attn,/model/layers.3/self_attn/IsNaN,IsNaN,isnan:/model/layers.3/self_attn/IsNaN,eltwise,generic_eltwise_ref,,performance,gtpin_total_execution_cycles,1269950,cycles,1,256,1269950
n1_i3,3,1,3,n1_i3::primitive::isnan:/model/layers.4/self_attn/IsNaN,n1_i3::op::/model/layers.4/self_attn/IsNaN,primitive,isnan:/model/layers.4/self_attn/IsNaN,layers.*/self_attn,/model/layers.4/self_attn/IsNaN,IsNaN,isnan:/model/layers.4/self_attn/IsNaN,eltwise,generic_eltwise_ref,,performance,gtpin_total_execution_cycles,1193782,cycles,1,256,1193782
n1_i3,3,1,3,n1_i3::primitive::isnan:/model/layers.5/self_attn/IsNaN,n1_i3::op::/model/layers.5/self_attn/IsNaN,primitive,isnan:/model/layers.5/self_attn/IsNaN,layers.*/self_attn,/model/layers.5/self_attn/IsNaN,IsNaN,isnan:/model/layers.5/self_attn/IsNaN,eltwise,generic_eltwise_ref,,performance,gtpin_total_execution_cycles,1195662,cycles,1,256,1195662
n1_i3,3,1,3,n1_i3::primitive::isnan:/model/layers.6/self_attn/IsNaN,n1_i3::op::/model/layers.6/self_attn/IsNaN,primitive,isnan:/model/layers.6/self_attn/IsNaN,layers.*/self_attn,/model/layers.6/self_attn/IsNaN,IsNaN,isnan:/model/layers.6/self_attn/IsNaN,eltwise,generic_eltwise_ref,,performance,gtpin_total_execution_cycles,1163962,cycles,1,256,1163962
n1_i3,3,1,3,n1_i3::primitive::isnan:/model/layers.7/self_attn/IsNaN,n1_i3::op::/model/layers.7/self_attn/IsNaN,primitive,isnan:/model/layers.7/self_attn/IsNaN,layers.*/self_attn,/model/layers.7/self_attn/IsNaN,IsNaN,isnan:/model/layers.7/self_attn/IsNaN,eltwise,generic_eltwise_ref,,performance,gtpin_total_execution_cycles,1131424,cycles,1,256,1131424
n1_i3,3,1,3,n1_i3::primitive::isnan:/model/layers.8/self_attn/IsNaN,n1_i3::op::/model/layers.8/self_attn/IsNaN,primitive,isnan:/model/layers.8/self_attn/IsNaN,layers.*/self_attn,/model/layers.8/self_attn/IsNaN,IsNaN,isnan:/model/layers.8/self_attn/IsNaN,eltwise,generic_eltwise_ref,,performance,gtpin_total_execution_cycles,1219724,cycles,1,256,1219724
n1_i3,3,1,3,n1_i3::primitive::isnan:/model/layers.9/self_attn/IsNaN,n1_i3::op::/model/layers.9/self_attn/IsNaN,primitive,isnan:/model/layers.9/self_attn/IsNaN,layers.*/self_attn,/model/layers.9/self_attn/IsNaN,IsNaN,isnan:/model/layers.9/self_attn/IsNaN,eltwise,generic_eltwise_ref,,performance,gtpin_total_execution_cycles,1566032,cycles,1,256,1566032
n1_i3,3,1,3,n1_i3::primitive::lessequal:/model/LessOrEqual,n1_i3::op::/model/LessOrEqual,primitive,lessequal:/model/LessOrEqual,(root),/model/LessOrEqual,LessEqual,lessequal:/model/LessOrEqual,eltwise,generic_eltwise_ref,,performance,gtpin_total_execution_cycles,31304,cycles,1,8,31304
n1_i3,3,1,3,n1_i3::primitive::logicaland:/model/And,n1_i3::op::/model/And,primitive,logicaland:/model/And,(root),/model/And,LogicalAnd,logicaland:/model/And,eltwise,generic_eltwise_ref,,performance,gtpin_total_execution_cycles,47504,cycles,1,8,47504
n1_i3,3,1,3,n1_i3::primitive::logicaland:/model/And_1,n1_i3::op::/model/And_1,primitive,logicaland:/model/And_1,(root),/model/And_1,LogicalAnd,logicaland:/model/And_1,eltwise,generic_eltwise_ref,,performance,gtpin_total_execution_cycles,46488,cycles,1,8,46488
n1_i3,3,1,3,n1_i3::primitive::multiply:/model/layers.0/self_attn/Mul_8,n1_i3::op::/model/layers.0/self_attn/Mul_8,primitive,multiply:/model/layers.0/self_attn/Mul_8,layers.*/self_attn,/model/layers.0/self_attn/Mul_8,Multiply,multiply:/model/layers.0/self_attn/Mul_8,eltwise,generic_eltwise_ref,,performance,gtpin_total_execution_cycles,4503574,cycles,1,1024,4503574
n1_i3,3,1,3,n1_i3::primitive::multiply:/model/layers.1/self_attn/Mul_8,n1_i3::op::/model/layers.1/self_attn/Mul_8,primitive,multiply:/model/layers.1/self_attn/Mul_8,layers.*/self_attn,/model/layers.1/self_attn/Mul_8,Multiply,multiply:/model/layers.1/self_attn/Mul_8,eltwise,generic_eltwise_ref,,performance,gtpin_total_execution_cycles,5230964,cycles,1,1024,5230964
n1_i3,3,1,3,n1_i3::primitive::multiply:/model/layers.10/self_attn/Mul_8,n1_i3::op::/model/layers.10/self_attn/Mul_8,primitive,multiply:/model/layers.10/self_attn/Mul_8,layers.*/self_attn,/model/layers.10/self_attn/Mul_8,Multiply,multiply:/model/layers.10/self_attn/Mul_8,eltwise,generic_eltwise_ref,,performance,gtpin_total_execution_cycles,4856706,cycles,1,1024,4856706
n1_i3,3,1,3,n1_i3::primitive::multiply:/model/layers.11/self_attn/Mul_8,n1_i3::op::/model/layers.11/self_attn/Mul_8,primitive,multiply:/model/layers.11/self_attn/Mul_8,layers.*/self_attn,/model/layers.11/self_attn/Mul_8,Multiply,multiply:/model/layers.11/self_attn/Mul_8,eltwise,generic_eltwise_ref,,performance,gtpin_total_execution_cycles,4284856,cycles,1,1024,4284856
n1_i3,3,1,3,n1_i3::primitive::multiply:/model/layers.12/self_attn/Mul_8,n1_i3::op::/model/layers.12/self_attn/Mul_8,primitive,multiply:/model/layers.12/self_attn/Mul_8,layers.*/self_attn,/model/layers.12/self_attn/Mul_8,Multiply,multiply:/model/layers.12/self_attn/Mul_8,eltwise,generic_eltwise_ref,,performance,gtpin_total_execution_cycles,5443328,cycles,1,1024,5443328
n1_i3,3,1,3,n1_i3::primitive::multiply:/model/layers.13/self_attn/Mul_8,n1_i3::op::/model/layers.13/self_attn/Mul_8,primitive,multiply:/model/layers.13/self_attn/Mul_8,layers.*/self_attn,/model/layers.13/self_attn/Mul_8,Multiply,multiply:/model/layers.13/self_attn/Mul_8,eltwise,generic_eltwise_ref,,performance,gtpin_total_execution_cycles,4967470,cycles,1,1024,4967470
n1_i3,3,1,3,n1_i3::primitive::multiply:/model/layers.14/self_attn/Mul_8,n1_i3::op::/model/layers.14/self_attn/Mul_8,primitive,multiply:/model/layers.14/self_attn/Mul_8,layers.*/self_attn,/model/layers.14/self_attn/Mul_8,Multiply,multiply:/model/layers.14/self_attn/Mul_8,eltwise,generic_eltwise_ref,,performance,gtpin_total_execution_cycles,4844628,cycles,1,1024,4844628
n1_i3,3,1,3,n1_i3::primitive::multiply:/model/layers.15/self_attn/Mul_8,n1_i3::op::/model/layers.15/self_attn/Mul_8,primitive,multiply:/model/layers.15/self_attn/Mul_8,layers.*/self_attn,/model/layers.15/self_attn/Mul_8,Multiply,multiply:/model/layers.15/self_attn/Mul_8,eltwise,generic_eltwise_ref,,performance,gtpin_total_execution_cycles,4697424,cycles,1,1024,4697424
n1_i3,3,1,3,n1_i3::primitive::multiply:/model/layers.16/self_attn/Mul_8,n1_i3::op::/model/layers.16/self_attn/Mul_8,primitive,multiply:/model/layers.16/self_attn/Mul_8,layers.*/self_attn,/model/layers.16/self_attn/Mul_8,Multiply,multiply:/model/layers.16/self_attn/Mul_8,eltwise,generic_eltwise_ref,,performance,gtpin_total_execution_cycles,4830554,cycles,1,1024,4830554
n1_i3,3,1,3,n1_i3::primitive::multiply:/model/layers.17/self_attn/Mul_8,n1_i3::op::/model/layers.17/self_attn/Mul_8,primitive,multiply:/model/layers.17/self_attn/Mul_8,layers.*/self_attn,/model/layers.17/self_attn/Mul_8,Multiply,multiply:/model/layers.17/self_attn/Mul_8,eltwise,generic_eltwise_ref,,performance,gtpin_total_execution_cycles,5198554,cycles,1,1024,5198554
n1_i3,3,1,3,n1_i3::primitive::multiply:/model/layers.18/self_attn/Mul_8,n1_i3::op::/model/layers.18/self_attn/Mul_8,primitive,multiply:/model/layers.18/self_attn/Mul_8,layers.*/self_attn,/model/layers.18/self_attn/Mul_8,Multiply,multiply:/model/layers.18/self_attn/Mul_8,eltwise,generic_eltwise_ref,,performance,gtpin_total_execution_cycles,5221554,cycles,1,1024,5221554
n1_i3,3,1,3,n1_i3::primitive::multiply:/model/layers.19/self_attn/Mul_8,n1_i3::op::/model/layers.19/self_attn/Mul_8,primitive,multiply:/model/layers.19/self_attn/Mul_8,layers.*/self_attn,/model/layers.19/self_attn/Mul_8,Multiply,multiply:/model/layers.19/self_attn/Mul_8,eltwise,generic_eltwise_ref,,performance,gtpin_total_execution_cycles,4629884,cycles,1,1024,4629884
n1_i3,3,1,3,n1_i3::primitive::multiply:/model/layers.2/self_attn/Mul_8,n1_i3::op::/model/layers.2/self_attn/Mul_8,primitive,multiply:/model/layers.2/self_attn/Mul_8,layers.*/self_attn,/model/layers.2/self_attn/Mul_8,Multiply,multiply:/model/layers.2/self_attn/Mul_8,eltwise,generic_eltwise_ref,,performance,gtpin_total_execution_cycles,5141982,cycles,1,1024,5141982
n1_i3,3,1,3,n1_i3::primitive::multiply:/model/layers.20/self_attn/Mul_8,n1_i3::op::/model/layers.20/self_attn/Mul_8,primitive,multiply:/model/layers.20/self_attn/Mul_8,layers.*/self_attn,/model/layers.20/self_attn/Mul_8,Multiply,multiply:/model/layers.20/self_attn/Mul_8,eltwise,generic_eltwise_ref,,performance,gtpin_total_execution_cycles,5164758,cycles,1,1024,5164758
n1_i3,3,1,3,n1_i3::primitive::multiply:/model/layers.21/self_attn/Mul_8,n1_i3::op::/model/layers.21/self_attn/Mul_8,primitive,multiply:/model/layers.21/self_attn/Mul_8,layers.*/self_attn,/model/layers.21/self_attn/Mul_8,Multiply,multiply:/model/layers.21/self_attn/Mul_8,eltwise,generic_eltwise_ref,,performance,gtpin_total_execution_cycles,4948204,cycles,1,1024,4948204
n1_i3,3,1,3,n1_i3::primitive::multiply:/model/layers.3/self_attn/Mul_8,n1_i3::op::/model/layers.3/self_attn/Mul_8,primitive,multiply:/model/layers.3/self_attn/Mul_8,layers.*/self_attn,/model/layers.3/self_attn/Mul_8,Multiply,multiply:/model/layers.3/self_attn/Mul_8,eltwise,generic_eltwise_ref,,performance,gtpin_total_execution_cycles,4724396,cycles,1,1024,4724396
n1_i3,3,1,3,n1_i3::primitive::multiply:/model/layers.4/self_attn/Mul_8,n1_i3::op::/model/layers.4/self_attn/Mul_8,primitive,multiply:/model/layers.4/self_attn/Mul_8,layers.*/self_attn,/model/layers.4/self_attn/Mul_8,Multiply,multiply:/model/layers.4/self_attn/Mul_8,eltwise,generic_eltwise_ref,,performance,gtpin_total_execution_cycles,4794156,cycles,1,1024,4794156
n1_i3,3,1,3,n1_i3::primitive::multiply:/model/layers.5/self_attn/Mul_8,n1_i3::op::/model/layers.5/self_attn/Mul_8,primitive,multiply:/model/layers.5/self_attn/Mul_8,layers.*/self_attn,/model/layers.5/self_attn/Mul_8,Multiply,multiply:/model/layers.5/self_attn/Mul_8,eltwise,generic_eltwise_ref,,performance,gtpin_total_execution_cycles,4897794,cycles,1,1024,4897794
n1_i3,3,1,3,n1_i3::primitive::multiply:/model/layers.6/self_attn/Mul_8,n1_i3::op::/model/layers.6/self_attn/Mul_8,primitive,multiply:/model/layers.6/self_attn/Mul_8,layers.*/self_attn,/model/layers.6/self_attn/Mul_8,Multiply,multiply:/model/layers.6/self_attn/Mul_8,eltwise,generic_eltwise_ref,,performance,gtpin_total_execution_cycles,4743438,cycles,1,1024,4743438
n1_i3,3,1,3,n1_i3::primitive::multiply:/model/layers.7/self_attn/Mul_8,n1_i3::op::/model/layers.7/self_attn/Mul_8,primitive,multiply:/model/layers.7/self_attn/Mul_8,layers.*/self_attn,/model/layers.7/self_attn/Mul_8,Multiply,multiply:/model/layers.7/self_attn/Mul_8,eltwise,generic_eltwise_ref,,performance,gtpin_total_execution_cycles,4340404,cycles,1,1024,4340404
n1_i3,3,1,3,n1_i3::primitive::multiply:/model/layers.8/self_attn/Mul_8,n1_i3::op::/model/layers.8/self_attn/Mul_8,primitive,multiply:/model/layers.8/self_attn/Mul_8,layers.*/self_attn,/model/layers.8/self_attn/Mul_8,Multiply,multiply:/model/layers.8/self_attn/Mul_8,eltwise,generic_eltwise_ref,,performance,gtpin_total_execution_cycles,4881922,cycles,1,1024,4881922
n1_i3,3,1,3,n1_i3::primitive::multiply:/model/layers.9/self_attn/Mul_8,n1_i3::op::/model/layers.9/self_attn/Mul_8,primitive,multiply:/model/layers.9/self_attn/Mul_8,layers.*/self_attn,/model/layers.9/self_attn/Mul_8,Multiply,multiply:/model/layers.9/self_attn/Mul_8,eltwise,generic_eltwise_ref,,performance,gtpin_total_execution_cycles,4980406,cycles,1,1024,4980406
n1_i3,3,1,3,n1_i3::primitive::rms:/model/layers.0/input_layernorm/Mul,n1_i3::op::/model/layers.0/input_layernorm/Mul,primitive,rms:/model/layers.0/input_layernorm/Mul,layers.*/input_layernorm,/model/layers.0/input_layernorm/Mul,RMS,rms:/model/layers.0/input_layernorm/Mul,rms,rms_gpu_bfyx_opt,,performance,gtpin_total_execution_cycles,2014326,cycles,1,256,2014326
n1_i3,3,1,3,n1_i3::primitive::rms:/model/layers.0/post_attention_layernorm/Mul,n1_i3::op::/model/layers.0/post_attention_layernorm/Mul,primitive,rms:/model/layers.0/post_attention_layernorm/Mul,layers.*/post_attention_layernorm,/model/layers.0/post_attention_layernorm/Mul,RMS,rms:/model/layers.0/post_attention_layernorm/Mul,rms,rms_gpu_bfyx_opt,,performance,gtpin_total_execution_cycles,2333400,cycles,1,256,2333400
n1_i3,3,1,3,n1_i3::primitive::rms:/model/layers.1/input_layernorm/Mul,n1_i3::op::/model/layers.1/input_layernorm/Mul,primitive,rms:/model/layers.1/input_layernorm/Mul,layers.*/input_layernorm,/model/layers.1/input_layernorm/Mul,RMS,rms:/model/layers.1/input_layernorm/Mul,rms,rms_gpu_bfyx_opt,,performance,gtpin_total_execution_cycles,1600718,cycles,1,256,1600718
n1_i3,3,1,3,n1_i3::primitive::rms:/model/layers.1/post_attention_layernorm/Mul,n1_i3::op::/model/layers.1/post_attention_layernorm/Mul,primitive,rms:/model/layers.1/post_attention_layernorm/Mul,layers.*/post_attention_layernorm,/model/layers.1/post_attention_layernorm/Mul,RMS,rms:/model/layers.1/post_attention_layernorm/Mul,rms,rms_gpu_bfyx_opt,,performance,gtpin_total_execution_cycles,1983790,cycles,1,256,1983790
n1_i3,3,1,3,n1_i3::primitive::rms:/model/layers.10/input_layernorm/Mul,n1_i3::op::/model/layers.10/input_layernorm/Mul,primitive,rms:/model/layers.10/input_layernorm/Mul,layers.*/input_layernorm,/model/layers.10/input_layernorm/Mul,RMS,rms:/model/layers.10/input_layernorm/Mul,rms,rms_gpu_bfyx_opt,,performance,gtpin_total_execution_cycles,1674176,cycles,1,256,1674176
n1_i3,3,1,3,n1_i3::primitive::rms:/model/layers.10/post_attention_layernorm/Mul,n1_i3::op::/model/layers.10/post_attention_layernorm/Mul,primitive,rms:/model/layers.10/post_attention_layernorm/Mul,layers.*/post_attention_layernorm,/model/layers.10/post_attention_layernorm/Mul,RMS,rms:/model/layers.10/post_attention_layernorm/Mul,rms,rms_gpu_bfyx_opt,,performance,gtpin_total_execution_cycles,1946584,cycles,1,256,1946584
n1_i3,3,1,3,n1_i3::primitive::rms:/model/layers.11/input_layernorm/Mul,n1_i3::op::/model/layers.11/input_layernorm/Mul,primitive,rms:/model/layers.11/input_layernorm/Mul,layers.*/input_layernorm,/model/layers.11/input_layernorm/Mul,RMS,rms:/model/layers.11/input_layernorm/Mul,rms,rms_gpu_bfyx_opt,,performance,gtpin_total_execution_cycles,2251532,cycles,1,256,2251532
n1_i3,3,1,3,n1_i3::primitive::rms:/model/layers.11/post_attention_layernorm/Mul,n1_i3::op::/model/layers.11/post_attention_layernorm/Mul,primitive,rms:/model/layers.11/post_attention_layernorm/Mul,layers.*/post_attention_layernorm,/model/layers.11/post_attention_layernorm/Mul,RMS,rms:/model/layers.11/post_attention_layernorm/Mul,rms,rms_gpu_bfyx_opt,,performance,gtpin_total_execution_cycles,1709436,cycles,1,256,1709436
n1_i3,3,1,3,n1_i3::primitive::rms:/model/layers.12/input_layernorm/Mul,n1_i3::op::/model/layers.12/input_layernorm/Mul,primitive,rms:/model/layers.12/input_layernorm/Mul,layers.*/input_layernorm,/model/layers.12/input_layernorm/Mul,RMS,rms:/model/layers.12/input_layernorm/Mul,rms,rms_gpu_bfyx_opt,,performance,gtpin_total_execution_cycles,1642298,cycles,1,256,1642298
n1_i3,3,1,3,n1_i3::primitive::rms:/model/layers.12/post_attention_layernorm/Mul,n1_i3::op::/model/layers.12/post_attention_layernorm/Mul,primitive,rms:/model/layers.12/post_attention_layernorm/Mul,layers.*/post_attention_layernorm,/model/layers.12/post_attention_layernorm/Mul,RMS,rms:/model/layers.12/post_attention_layernorm/Mul,rms,rms_gpu_bfyx_opt,,performance,gtpin_total_execution_cycles,1916364,cycles,1,256,1916364
n1_i3,3,1,3,n1_i3::primitive::rms:/model/layers.13/input_layernorm/Mul,n1_i3::op::/model/layers.13/input_layernorm/Mul,primitive,rms:/model/layers.13/input_layernorm/Mul,layers.*/input_layernorm,/model/layers.13/input_layernorm/Mul,RMS,rms:/model/layers.13/input_layernorm/Mul,rms,rms_gpu_bfyx_opt,,performance,gtpin_total_execution_cycles,1685942,cycles,1,256,1685942
n1_i3,3,1,3,n1_i3::primitive::rms:/model/layers.13/post_attention_layernorm/Mul,n1_i3::op::/model/layers.13/post_attention_layernorm/Mul,primitive,rms:/model/layers.13/post_attention_layernorm/Mul,layers.*/post_attention_layernorm,/model/layers.13/post_attention_layernorm/Mul,RMS,rms:/model/layers.13/post_attention_layernorm/Mul,rms,rms_gpu_bfyx_opt,,performance,gtpin_total_execution_cycles,1858408,cycles,1,256,1858408
n1_i3,3,1,3,n1_i3::primitive::rms:/model/layers.14/input_layernorm/Mul,n1_i3::op::/model/layers.14/input_layernorm/Mul,primitive,rms:/model/layers.14/input_layernorm/Mul,layers.*/input_layernorm,/model/layers.14/input_layernorm/Mul,RMS,rms:/model/layers.14/input_layernorm/Mul,rms,rms_gpu_bfyx_opt,,performance,gtpin_total_execution_cycles,1788212,cycles,1,256,1788212
n1_i3,3,1,3,n1_i3::primitive::rms:/model/layers.14/post_attention_layernorm/Mul,n1_i3::op::/model/layers.14/post_attention_layernorm/Mul,primitive,rms:/model/layers.14/post_attention_layernorm/Mul,layers.*/post_attention_layernorm,/model/layers.14/post_attention_layernorm/Mul,RMS,rms:/model/layers.14/post_attention_layernorm/Mul,rms,rms_gpu_bfyx_opt,,performance,gtpin_total_execution_cycles,1960590,cycles,1,256,1960590
n1_i3,3,1,3,n1_i3::primitive::rms:/model/layers.15/input_layernorm/Mul,n1_i3::op::/model/layers.15/input_layernorm/Mul,primitive,rms:/model/layers.15/input_layernorm/Mul,layers.*/input_layernorm,/model/layers.15/input_layernorm/Mul,RMS,rms:/model/layers.15/input_layernorm/Mul,rms,rms_gpu_bfyx_opt,,performance,gtpin_total_execution_cycles,2005806,cycles,1,256,2005806
n1_i3,3,1,3,n1_i3::primitive::rms:/model/layers.15/post_attention_layernorm/Mul,n1_i3::op::/model/layers.15/post_attention_layernorm/Mul,primitive,rms:/model/layers.15/post_attention_layernorm/Mul,layers.*/post_attention_layernorm,/model/layers.15/post_attention_layernorm/Mul,RMS,rms:/model/layers.15/post_attention_layernorm/Mul,rms,rms_gpu_bfyx_opt,,performance,gtpin_total_execution_cycles,1741436,cycles,1,256,1741436
n1_i3,3,1,3,n1_i3::primitive::rms:/model/layers.16/input_layernorm/Mul,n1_i3::op::/model/layers.16/input_layernorm/Mul,primitive,rms:/model/layers.16/input_layernorm/Mul,layers.*/input_layernorm,/model/layers.16/input_layernorm/Mul,RMS,rms:/model/layers.16/input_layernorm/Mul,rms,rms_gpu_bfyx_opt,,performance,gtpin_total_execution_cycles,1556342,cycles,1,256,1556342
n1_i3,3,1,3,n1_i3::primitive::rms:/model/layers.16/post_attention_layernorm/Mul,n1_i3::op::/model/layers.16/post_attention_layernorm/Mul,primitive,rms:/model/layers.16/post_attention_layernorm/Mul,layers.*/post_attention_layernorm,/model/layers.16/post_attention_layernorm/Mul,RMS,rms:/model/layers.16/post_attention_layernorm/Mul,rms,rms_gpu_bfyx_opt,,performance,gtpin_total_execution_cycles,1907612,cycles,1,256,1907612
n1_i3,3,1,3,n1_i3::primitive::rms:/model/layers.17/input_layernorm/Mul,n1_i3::op::/model/layers.17/input_layernorm/Mul,primitive,rms:/model/layers.17/input_layernorm/Mul,layers.*/input_layernorm,/model/layers.17/input_layernorm/Mul,RMS,rms:/model/layers.17/input_layernorm/Mul,rms,rms_gpu_bfyx_opt,,performance,gtpin_total_execution_cycles,1575854,cycles,1,256,1575854
n1_i3,3,1,3,n1_i3::primitive::rms:/model/layers.17/post_attention_layernorm/Mul,n1_i3::op::/model/layers.17/post_attention_layernorm/Mul,primitive,rms:/model/layers.17/post_attention_layernorm/Mul,layers.*/post_attention_layernorm,/model/layers.17/post_attention_layernorm/Mul,RMS,rms:/model/layers.17/post_attention_layernorm/Mul,rms,rms_gpu_bfyx_opt,,performance,gtpin_total_execution_cycles,2043334,cycles,1,256,2043334
n1_i3,3,1,3,n1_i3::primitive::rms:/model/layers.18/input_layernorm/Mul,n1_i3::op::/model/layers.18/input_layernorm/Mul,primitive,rms:/model/layers.18/input_layernorm/Mul,layers.*/input_layernorm,/model/layers.18/input_layernorm/Mul,RMS,rms:/model/layers.18/input_layernorm/Mul,rms,rms_gpu_bfyx_opt,,performance,gtpin_total_execution_cycles,1710056,cycles,1,256,1710056
n1_i3,3,1,3,n1_i3::primitive::rms:/model/layers.18/post_attention_layernorm/Mul,n1_i3::op::/model/layers.18/post_attention_layernorm/Mul,primitive,rms:/model/layers.18/post_attention_layernorm/Mul,layers.*/post_attention_layernorm,/model/layers.18/post_attention_layernorm/Mul,RMS,rms:/model/layers.18/post_attention_layernorm/Mul,rms,rms_gpu_bfyx_opt,,performance,gtpin_total_execution_cycles,2308190,cycles,1,256,2308190
n1_i3,3,1,3,n1_i3::primitive::rms:/model/layers.19/input_layernorm/Mul,n1_i3::op::/model/layers.19/input_layernorm/Mul,primitive,rms:/model/layers.19/input_layernorm/Mul,layers.*/input_layernorm,/model/layers.19/input_layernorm/Mul,RMS,rms:/model/layers.19/input_layernorm/Mul,rms,rms_gpu_bfyx_opt,,performance,gtpin_total_execution_cycles,1925676,cycles,1,256,1925676
n1_i3,3,1,3,n1_i3::primitive::rms:/model/layers.19/post_attention_layernorm/Mul,n1_i3::op::/model/layers.19/post_attention_layernorm/Mul,primitive,rms:/model/layers.19/post_attention_layernorm/Mul,layers.*/post_attention_layernorm,/model/layers.19/post_attention_layernorm/Mul,RMS,rms:/model/layers.19/post_attention_layernorm/Mul,rms,rms_gpu_bfyx_opt,,performance,gtpin_total_execution_cycles,1888462,cycles,1,256,1888462
n1_i3,3,1,3,n1_i3::primitive::rms:/model/layers.2/input_layernorm/Mul,n1_i3::op::/model/layers.2/input_layernorm/Mul,primitive,rms:/model/layers.2/input_layernorm/Mul,layers.*/input_layernorm,/model/layers.2/input_layernorm/Mul,RMS,rms:/model/layers.2/input_layernorm/Mul,rms,rms_gpu_bfyx_opt,,performance,gtpin_total_execution_cycles,1765562,cycles,1,256,1765562
n1_i3,3,1,3,n1_i3::primitive::rms:/model/layers.2/post_attention_layernorm/Mul,n1_i3::op::/model/layers.2/post_attention_layernorm/Mul,primitive,rms:/model/layers.2/post_attention_layernorm/Mul,layers.*/post_attention_layernorm,/model/layers.2/post_attention_layernorm/Mul,RMS,rms:/model/layers.2/post_attention_layernorm/Mul,rms,rms_gpu_bfyx_opt,,performance,gtpin_total_execution_cycles,1990276,cycles,1,256,1990276
n1_i3,3,1,3,n1_i3::primitive::rms:/model/layers.20/input_layernorm/Mul,n1_i3::op::/model/layers.20/input_layernorm/Mul,primitive,rms:/model/layers.20/input_layernorm/Mul,layers.*/input_layernorm,/model/layers.20/input_layernorm/Mul,RMS,rms:/model/layers.20/input_layernorm/Mul,rms,rms_gpu_bfyx_opt,,performance,gtpin_total_execution_cycles,1663502,cycles,1,256,1663502
n1_i3,3,1,3,n1_i3::primitive::rms:/model/layers.20/post_attention_layernorm/Mul,n1_i3::op::/model/layers.20/post_attention_layernorm/Mul,primitive,rms:/model/layers.20/post_attention_layernorm/Mul,layers.*/post_attention_layernorm,/model/layers.20/post_attention_layernorm/Mul,RMS,rms:/model/layers.20/post_attention_layernorm/Mul,rms,rms_gpu_bfyx_opt,,performance,gtpin_total_execution_cycles,1963648,cycles,1,256,1963648
n1_i3,3,1,3,n1_i3::primitive::rms:/model/layers.21/input_layernorm/Mul,n1_i3::op::/model/layers.21/input_layernorm/Mul,primitive,rms:/model/layers.21/input_layernorm/Mul,layers.*/input_layernorm,/model/layers.21/input_layernorm/Mul,RMS,rms:/model/layers.21/input_layernorm/Mul,rms,rms_gpu_bfyx_opt,,performance,gtpin_total_execution_cycles,1987588,cycles,1,256,1987588
n1_i3,3,1,3,n1_i3::primitive::rms:/model/layers.21/post_attention_layernorm/Mul,n1_i3::op::/model/layers.21/post_attention_layernorm/Mul,primitive,rms:/model/layers.21/post_attention_layernorm/Mul,layers.*/post_attention_layernorm,/model/layers.21/post_attention_layernorm/Mul,RMS,rms:/model/layers.21/post_attention_layernorm/Mul,rms,rms_gpu_bfyx_opt,,performance,gtpin_total_execution_cycles,2087620,cycles,1,256,2087620
n1_i3,3,1,3,n1_i3::primitive::rms:/model/layers.3/input_layernorm/Mul,n1_i3::op::/model/layers.3/input_layernorm/Mul,primitive,rms:/model/layers.3/input_layernorm/Mul,layers.*/input_layernorm,/model/layers.3/input_layernorm/Mul,RMS,rms:/model/layers.3/input_layernorm/Mul,rms,rms_gpu_bfyx_opt,,performance,gtpin_total_execution_cycles,2039524,cycles,1,256,2039524
n1_i3,3,1,3,n1_i3::primitive::rms:/model/layers.3/post_attention_layernorm/Mul,n1_i3::op::/model/layers.3/post_attention_layernorm/Mul,primitive,rms:/model/layers.3/post_attention_layernorm/Mul,layers.*/post_attention_layernorm,/model/layers.3/post_attention_layernorm/Mul,RMS,rms:/model/layers.3/post_attention_layernorm/Mul,rms,rms_gpu_bfyx_opt,,performance,gtpin_total_execution_cycles,2026546,cycles,1,256,2026546
n1_i3,3,1,3,n1_i3::primitive::rms:/model/layers.4/input_layernorm/Mul,n1_i3::op::/model/layers.4/input_layernorm/Mul,primitive,rms:/model/layers.4/input_layernorm/Mul,layers.*/input_layernorm,/model/layers.4/input_layernorm/Mul,RMS,rms:/model/layers.4/input_layernorm/Mul,rms,rms_gpu_bfyx_opt,,performance,gtpin_total_execution_cycles,1633164,cycles,1,256,1633164
n1_i3,3,1,3,n1_i3::primitive::rms:/model/layers.4/post_attention_layernorm/Mul,n1_i3::op::/model/layers.4/post_attention_layernorm/Mul,primitive,rms:/model/layers.4/post_attention_layernorm/Mul,layers.*/post_attention_layernorm,/model/layers.4/post_attention_layernorm/Mul,RMS,rms:/model/layers.4/post_attention_layernorm/Mul,rms,rms_gpu_bfyx_opt,,performance,gtpin_total_execution_cycles,1989262,cycles,1,256,1989262
n1_i3,3,1,3,n1_i3::primitive::rms:/model/layers.5/input_layernorm/Mul,n1_i3::op::/model/layers.5/input_layernorm/Mul,primitive,rms:/model/layers.5/input_layernorm/Mul,layers.*/input_layernorm,/model/layers.5/input_layernorm/Mul,RMS,rms:/model/layers.5/input_layernorm/Mul,rms,rms_gpu_bfyx_opt,,performance,gtpin_total_execution_cycles,1575784,cycles,1,256,1575784
n1_i3,3,1,3,n1_i3::primitive::rms:/model/layers.5/post_attention_layernorm/Mul,n1_i3::op::/model/layers.5/post_attention_layernorm/Mul,primitive,rms:/model/layers.5/post_attention_layernorm/Mul,layers.*/post_attention_layernorm,/model/layers.5/post_attention_layernorm/Mul,RMS,rms:/model/layers.5/post_attention_layernorm/Mul,rms,rms_gpu_bfyx_opt,,performance,gtpin_total_execution_cycles,1903492,cycles,1,256,1903492
n1_i3,3,1,3,n1_i3::primitive::rms:/model/layers.6/input_layernorm/Mul,n1_i3::op::/model/layers.6/input_layernorm/Mul,primitive,rms:/model/layers.6/input_layernorm/Mul,layers.*/input_layernorm,/model/layers.6/input_layernorm/Mul,RMS,rms:/model/layers.6/input_layernorm/Mul,rms,rms_gpu_bfyx_opt,,performance,gtpin_total_execution_cycles,1479508,cycles,1,256,1479508
n1_i3,3,1,3,n1_i3::primitive::rms:/model/layers.6/post_attention_layernorm/Mul,n1_i3::op::/model/layers.6/post_attention_layernorm/Mul,primitive,rms:/model/layers.6/post_attention_layernorm/Mul,layers.*/post_attention_layernorm,/model/layers.6/post_attention_layernorm/Mul,RMS,rms:/model/layers.6/post_attention_layernorm/Mul,rms,rms_gpu_bfyx_opt,,performance,gtpin_total_execution_cycles,1961920,cycles,1,256,1961920
n1_i3,3,1,3,n1_i3::primitive::rms:/model/layers.7/input_layernorm/Mul,n1_i3::op::/model/layers.7/input_layernorm/Mul,primitive,rms:/model/layers.7/input_layernorm/Mul,layers.*/input_layernorm,/model/layers.7/input_layernorm/Mul,RMS,rms:/model/layers.7/input_layernorm/Mul,rms,rms_gpu_bfyx_opt,,performance,gtpin_total_execution_cycles,2076178,cycles,1,256,2076178
n1_i3,3,1,3,n1_i3::primitive::rms:/model/layers.7/post_attention_layernorm/Mul,n1_i3::op::/model/layers.7/post_attention_layernorm/Mul,primitive,rms:/model/layers.7/post_attention_layernorm/Mul,layers.*/post_attention_layernorm,/model/layers.7/post_attention_layernorm/Mul,RMS,rms:/model/layers.7/post_attention_layernorm/Mul,rms,rms_gpu_bfyx_opt,,performance,gtpin_total_execution_cycles,1758594,cycles,1,256,1758594
n1_i3,3,1,3,n1_i3::primitive::rms:/model/layers.8/input_layernorm/Mul,n1_i3::op::/model/layers.8/input_layernorm/Mul,primitive,rms:/model/layers.8/input_layernorm/Mul,layers.*/input_layernorm,/model/layers.8/input_layernorm/Mul,RMS,rms:/model/layers.8/input_layernorm/Mul,rms,rms_gpu_bfyx_opt,,performance,gtpin_total_execution_cycles,1622236,cycles,1,256,1622236
n1_i3,3,1,3,n1_i3::primitive::rms:/model/layers.8/post_attention_layernorm/Mul,n1_i3::op::/model/layers.8/post_attention_layernorm/Mul,primitive,rms:/model/layers.8/post_attention_layernorm/Mul,layers.*/post_attention_layernorm,/model/layers.8/post_attention_layernorm/Mul,RMS,rms:/model/layers.8/post_attention_layernorm/Mul,rms,rms_gpu_bfyx_opt,,performance,gtpin_total_execution_cycles,1963298,cycles,1,256,1963298
n1_i3,3,1,3,n1_i3::primitive::rms:/model/layers.9/input_layernorm/Mul,n1_i3::op::/model/layers.9/input_layernorm/Mul,primitive,rms:/model/layers.9/input_layernorm/Mul,layers.*/input_layernorm,/model/layers.9/input_layernorm/Mul,RMS,rms:/model/layers.9/input_layernorm/Mul,rms,rms_gpu_bfyx_opt,,performance,gtpin_total_execution_cycles,1609708,cycles,1,256,1609708
n1_i3,3,1,3,n1_i3::primitive::rms:/model/layers.9/post_attention_layernorm/Mul,n1_i3::op::/model/layers.9/post_attention_layernorm/Mul,primitive,rms:/model/layers.9/post_attention_layernorm/Mul,layers.*/post_attention_layernorm,/model/layers.9/post_attention_layernorm/Mul,RMS,rms:/model/layers.9/post_attention_layernorm/Mul,rms,rms_gpu_bfyx_opt,,performance,gtpin_total_execution_cycles,1874794,cycles,1,256,1874794
n1_i3,3,1,3,n1_i3::primitive::rms:/model/norm/Mul,n1_i3::op::/model/norm/Mul,primitive,rms:/model/norm/Mul,(root),/model/norm/Mul,RMS,rms:/model/norm/Mul,rms,rms_gpu_bfyx_opt,,performance,gtpin_total_execution_cycles,2338042,cycles,1,256,2338042
n1_i3,3,1,3,n1_i3::primitive::rope:/model/layers.0/self_attn/Add,n1_i3::op::/model/layers.0/self_attn/Add,primitive,rope:/model/layers.0/self_attn/Add,layers.*/self_attn,/model/layers.0/self_attn/Add,RoPE,rope:/model/layers.0/self_attn/Add,rope,ocl::rope::opt_,,performance,gtpin_total_execution_cycles,1095208,cycles,1,64,1095208
n1_i3,3,1,3,n1_i3::primitive::rope:/model/layers.0/self_attn/Add_1,n1_i3::op::/model/layers.0/self_attn/Add_1,primitive,rope:/model/layers.0/self_attn/Add_1,layers.*/self_attn,/model/layers.0/self_attn/Add_1,RoPE,rope:/model/layers.0/self_attn/Add_1,rope,ocl::rope::opt_,,performance,gtpin_total_execution_cycles,75984,cycles,1,8,75984
n1_i3,3,1,3,n1_i3::primitive::rope:/model/layers.1/self_attn/Add,n1_i3::op::/model/layers.1/self_attn/Add,primitive,rope:/model/layers.1/self_attn/Add,layers.*/self_attn,/model/layers.1/self_attn/Add,RoPE,rope:/model/layers.1/self_attn/Add,rope,ocl::rope::opt_,,performance,gtpin_total_execution_cycles,880374,cycles,1,64,880374
n1_i3,3,1,3,n1_i3::primitive::rope:/model/layers.1/self_attn/Add_1,n1_i3::op::/model/layers.1/self_attn/Add_1,primitive,rope:/model/layers.1/self_attn/Add_1,layers.*/self_attn,/model/layers.1/self_attn/Add_1,RoPE,rope:/model/layers.1/self_attn/Add_1,rope,ocl::rope::opt_,,performance,gtpin_total_execution_cycles,65948,cycles,1,8,65948
n1_i3,3,1,3,n1_i3::primitive::rope:/model/layers.10/self_attn/Add,n1_i3::op::/model/layers.10/self_attn/Add,primitive,rope:/model/layers.10/self_attn/Add,layers.*/self_attn,/model/layers.10/self_attn/Add,RoPE,rope:/model/layers.10/self_attn/Add,rope,ocl::rope::opt_,,performance,gtpin_total_execution_cycles,929768,cycles,1,64,929768
n1_i3,3,1,3,n1_i3::primitive::rope:/model/layers.10/self_attn/Add_1,n1_i3::op::/model/layers.10/self_attn/Add_1,primitive,rope:/model/layers.10/self_attn/Add_1,layers.*/self_attn,/model/layers.10/self_attn/Add_1,RoPE,rope:/model/layers.10/self_attn/Add_1,rope,ocl::rope::opt_,,performance,gtpin_total_execution_cycles,66672,cycles,1,8,66672
n1_i3,3,1,3,n1_i3::primitive::rope:/model/layers.11/self_attn/Add,n1_i3::op::/model/layers.11/self_attn/Add,primitive,rope:/model/layers.11/self_attn/Add,layers.*/self_attn,/model/layers.11/self_attn/Add,RoPE,rope:/model/layers.11/self_attn/Add,rope,ocl::rope::opt_,,performance,gtpin_total_execution_cycles,836588,cycles,1,64,836588
n1_i3,3,1,3,n1_i3::primitive::rope:/model/layers.11/self_attn/Add_1,n1_i3::op::/model/layers.11/self_attn/Add_1,primitive,rope:/model/layers.11/self_attn/Add_1,layers.*/self_attn,/model/layers.11/self_attn/Add_1,RoPE,rope:/model/layers.11/self_attn/Add_1,rope,ocl::rope::opt_,,performance,gtpin_total_execution_cycles,63528,cycles,1,8,63528
n1_i3,3,1,3,n1_i3::primitive::rope:/model/layers.12/self_attn/Add,n1_i3::op::/model/layers.12/self_attn/Add,primitive,rope:/model/layers.12/self_attn/Add,layers.*/self_attn,/model/layers.12/self_attn/Add,RoPE,rope:/model/layers.12/self_attn/Add,rope,ocl::rope::opt_,,performance,gtpin_total_execution_cycles,852580,cycles,1,64,852580
n1_i3,3,1,3,n1_i3::primitive::rope:/model/layers.12/self_attn/Add_1,n1_i3::op::/model/layers.12/self_attn/Add_1,primitive,rope:/model/layers.12/self_attn/Add_1,layers.*/self_attn,/model/layers.12/self_attn/Add_1,RoPE,rope:/model/layers.12/self_attn/Add_1,rope,ocl::rope::opt_,,performance,gtpin_total_execution_cycles,64770,cycles,1,8,64770
n1_i3,3,1,3,n1_i3::primitive::rope:/model/layers.13/self_attn/Add,n1_i3::op::/model/layers.13/self_attn/Add,primitive,rope:/model/layers.13/self_attn/Add,layers.*/self_attn,/model/layers.13/self_attn/Add,RoPE,rope:/model/layers.13/self_attn/Add,rope,ocl::rope::opt_,,performance,gtpin_total_execution_cycles,866802,cycles,1,64,866802
n1_i3,3,1,3,n1_i3::primitive::rope:/model/layers.13/self_attn/Add_1,n1_i3::op::/model/layers.13/self_attn/Add_1,primitive,rope:/model/layers.13/self_attn/Add_1,layers.*/self_attn,/model/layers.13/self_attn/Add_1,RoPE,rope:/model/layers.13/self_attn/Add_1,rope,ocl::rope::opt_,,performance,gtpin_total_execution_cycles,65046,cycles,1,8,65046
n1_i3,3,1,3,n1_i3::primitive::rope:/model/layers.14/self_attn/Add,n1_i3::op::/model/layers.14/self_attn/Add,primitive,rope:/model/layers.14/self_attn/Add,layers.*/self_attn,/model/layers.14/self_attn/Add,RoPE,rope:/model/layers.14/self_attn/Add,rope,ocl::rope::opt_,,performance,gtpin_total_execution_cycles,861336,cycles,1,64,861336
n1_i3,3,1,3,n1_i3::primitive::rope:/model/layers.14/self_attn/Add_1,n1_i3::op::/model/layers.14/self_attn/Add_1,primitive,rope:/model/layers.14/self_attn/Add_1,layers.*/self_attn,/model/layers.14/self_attn/Add_1,RoPE,rope:/model/layers.14/self_attn/Add_1,rope,ocl::rope::opt_,,performance,gtpin_total_execution_cycles,64944,cycles,1,8,64944
n1_i3,3,1,3,n1_i3::primitive::rope:/model/layers.15/self_attn/Add,n1_i3::op::/model/layers.15/self_attn/Add,primitive,rope:/model/layers.15/self_attn/Add,layers.*/self_attn,/model/layers.15/self_attn/Add,RoPE,rope:/model/layers.15/self_attn/Add,rope,ocl::rope::opt_,,performance,gtpin_total_execution_cycles,984858,cycles,1,64,984858
n1_i3,3,1,3,n1_i3::primitive::rope:/model/layers.15/self_attn/Add_1,n1_i3::op::/model/layers.15/self_attn/Add_1,primitive,rope:/model/layers.15/self_attn/Add_1,layers.*/self_attn,/model/layers.15/self_attn/Add_1,RoPE,rope:/model/layers.15/self_attn/Add_1,rope,ocl::rope::opt_,,performance,gtpin_total_execution_cycles,62242,cycles,1,8,62242
n1_i3,3,1,3,n1_i3::primitive::rope:/model/layers.16/self_attn/Add,n1_i3::op::/model/layers.16/self_attn/Add,primitive,rope:/model/layers.16/self_attn/Add,layers.*/self_attn,/model/layers.16/self_attn/Add,RoPE,rope:/model/layers.16/self_attn/Add,rope,ocl::rope::opt_,,performance,gtpin_total_execution_cycles,847130,cycles,1,64,847130
n1_i3,3,1,3,n1_i3::primitive::rope:/model/layers.16/self_attn/Add_1,n1_i3::op::/model/layers.16/self_attn/Add_1,primitive,rope:/model/layers.16/self_attn/Add_1,layers.*/self_attn,/model/layers.16/self_attn/Add_1,RoPE,rope:/model/layers.16/self_attn/Add_1,rope,ocl::rope::opt_,,performance,gtpin_total_execution_cycles,60184,cycles,1,8,60184
n1_i3,3,1,3,n1_i3::primitive::rope:/model/layers.17/self_attn/Add,n1_i3::op::/model/layers.17/self_attn/Add,primitive,rope:/model/layers.17/self_attn/Add,layers.*/self_attn,/model/layers.17/self_attn/Add,RoPE,rope:/model/layers.17/self_attn/Add,rope,ocl::rope::opt_,,performance,gtpin_total_execution_cycles,880032,cycles,1,64,880032
n1_i3,3,1,3,n1_i3::primitive::rope:/model/layers.17/self_attn/Add_1,n1_i3::op::/model/layers.17/self_attn/Add_1,primitive,rope:/model/layers.17/self_attn/Add_1,layers.*/self_attn,/model/layers.17/self_attn/Add_1,RoPE,rope:/model/layers.17/self_attn/Add_1,rope,ocl::rope::opt_,,performance,gtpin_total_execution_cycles,64336,cycles,1,8,64336
n1_i3,3,1,3,n1_i3::primitive::rope:/model/layers.18/self_attn/Add,n1_i3::op::/model/layers.18/self_attn/Add,primitive,rope:/model/layers.18/self_attn/Add,layers.*/self_attn,/model/layers.18/self_attn/Add,RoPE,rope:/model/layers.18/self_attn/Add,rope,ocl::rope::opt_,,performance,gtpin_total_execution_cycles,800896,cycles,1,64,800896
n1_i3,3,1,3,n1_i3::primitive::rope:/model/layers.18/self_attn/Add_1,n1_i3::op::/model/layers.18/self_attn/Add_1,primitive,rope:/model/layers.18/self_attn/Add_1,layers.*/self_attn,/model/layers.18/self_attn/Add_1,RoPE,rope:/model/layers.18/self_attn/Add_1,rope,ocl::rope::opt_,,performance,gtpin_total_execution_cycles,63992,cycles,1,8,63992
n1_i3,3,1,3,n1_i3::primitive::rope:/model/layers.19/self_attn/Add,n1_i3::op::/model/layers.19/self_attn/Add,primitive,rope:/model/layers.19/self_attn/Add,layers.*/self_attn,/model/layers.19/self_attn/Add,RoPE,rope:/model/layers.19/self_attn/Add,rope,ocl::rope::opt_,,performance,gtpin_total_execution_cycles,829444,cycles,1,64,829444
n1_i3,3,1,3,n1_i3::primitive::rope:/model/layers.19/self_attn/Add_1,n1_i3::op::/model/layers.19/self_attn/Add_1,primitive,rope:/model/layers.19/self_attn/Add_1,layers.*/self_attn,/model/layers.19/self_attn/Add_1,RoPE,rope:/model/layers.19/self_attn/Add_1,rope,ocl::rope::opt_,,performance,gtpin_total_execution_cycles,64428,cycles,1,8,64428
n1_i3,3,1,3,n1_i3::primitive::rope:/model/layers.2/self_attn/Add,n1_i3::op::/model/layers.2/self_attn/Add,primitive,rope:/model/layers.2/self_attn/Add,layers.*/self_attn,/model/layers.2/self_attn/Add,RoPE,rope:/model/layers.2/self_attn/Add,rope,ocl::rope::opt_,,performance,gtpin_total_execution_cycles,981820,cycles,1,64,981820
n1_i3,3,1,3,n1_i3::primitive::rope:/model/layers.2/self_attn/Add_1,n1_i3::op::/model/layers.2/self_attn/Add_1,primitive,rope:/model/layers.2/self_attn/Add_1,layers.*/self_attn,/model/layers.2/self_attn/Add_1,RoPE,rope:/model/layers.2/self_attn/Add_1,rope,ocl::rope::opt_,,performance,gtpin_total_execution_cycles,69388,cycles,1,8,69388
n1_i3,3,1,3,n1_i3::primitive::rope:/model/layers.20/self_attn/Add,n1_i3::op::/model/layers.20/self_attn/Add,primitive,rope:/model/layers.20/self_attn/Add,layers.*/self_attn,/model/layers.20/self_attn/Add,RoPE,rope:/model/layers.20/self_attn/Add,rope,ocl::rope::opt_,,performance,gtpin_total_execution_cycles,912946,cycles,1,64,912946
n1_i3,3,1,3,n1_i3::primitive::rope:/model/layers.20/self_attn/Add_1,n1_i3::op::/model/layers.20/self_attn/Add_1,primitive,rope:/model/layers.20/self_attn/Add_1,layers.*/self_attn,/model/layers.20/self_attn/Add_1,RoPE,rope:/model/layers.20/self_attn/Add_1,rope,ocl::rope::opt_,,performance,gtpin_total_execution_cycles,61122,cycles,1,8,61122
n1_i3,3,1,3,n1_i3::primitive::rope:/model/layers.21/self_attn/Add,n1_i3::op::/model/layers.21/self_attn/Add,primitive,rope:/model/layers.21/self_attn/Add,layers.*/self_attn,/model/layers.21/self_attn/Add,RoPE,rope:/model/layers.21/self_attn/Add,rope,ocl::rope::opt_,,performance,gtpin_total_execution_cycles,908948,cycles,1,64,908948
n1_i3,3,1,3,n1_i3::primitive::rope:/model/layers.21/self_attn/Add_1,n1_i3::op::/model/layers.21/self_attn/Add_1,primitive,rope:/model/layers.21/self_attn/Add_1,layers.*/self_attn,/model/layers.21/self_attn/Add_1,RoPE,rope:/model/layers.21/self_attn/Add_1,rope,ocl::rope::opt_,,performance,gtpin_total_execution_cycles,71254,cycles,1,8,71254
n1_i3,3,1,3,n1_i3::primitive::rope:/model/layers.3/self_attn/Add,n1_i3::op::/model/layers.3/self_attn/Add,primitive,rope:/model/layers.3/self_attn/Add,layers.*/self_attn,/model/layers.3/self_attn/Add,RoPE,rope:/model/layers.3/self_attn/Add,rope,ocl::rope::opt_,,performance,gtpin_total_execution_cycles,837426,cycles,1,64,837426
n1_i3,3,1,3,n1_i3::primitive::rope:/model/layers.3/self_attn/Add_1,n1_i3::op::/model/layers.3/self_attn/Add_1,primitive,rope:/model/layers.3/self_attn/Add_1,layers.*/self_attn,/model/layers.3/self_attn/Add_1,RoPE,rope:/model/layers.3/self_attn/Add_1,rope,ocl::rope::opt_,,performance,gtpin_total_execution_cycles,63456,cycles,1,8,63456
n1_i3,3,1,3,n1_i3::primitive::rope:/model/layers.4/self_attn/Add,n1_i3::op::/model/layers.4/self_attn/Add,primitive,rope:/model/layers.4/self_attn/Add,layers.*/self_attn,/model/layers.4/self_attn/Add,RoPE,rope:/model/layers.4/self_attn/Add,rope,ocl::rope::opt_,,performance,gtpin_total_execution_cycles,840190,cycles,1,64,840190
n1_i3,3,1,3,n1_i3::primitive::rope:/model/layers.4/self_attn/Add_1,n1_i3::op::/model/layers.4/self_attn/Add_1,primitive,rope:/model/layers.4/self_attn/Add_1,layers.*/self_attn,/model/layers.4/self_attn/Add_1,RoPE,rope:/model/layers.4/self_attn/Add_1,rope,ocl::rope::opt_,,performance,gtpin_total_execution_cycles,61050,cycles,1,8,61050
n1_i3,3,1,3,n1_i3::primitive::rope:/model/layers.5/self_attn/Add,n1_i3::op::/model/layers.5/self_attn/Add,primitive,rope:/model/layers.5/self_attn/Add,layers.*/self_attn,/model/layers.5/self_attn/Add,RoPE,rope:/model/layers.5/self_attn/Add,rope,ocl::rope::opt_,,performance,gtpin_total_execution_cycles,912134,cycles,1,64,912134
n1_i3,3,1,3,n1_i3::primitive::rope:/model/layers.5/self_attn/Add_1,n1_i3::op::/model/layers.5/self_attn/Add_1,primitive,rope:/model/layers.5/self_attn/Add_1,layers.*/self_attn,/model/layers.5/self_attn/Add_1,RoPE,rope:/model/layers.5/self_attn/Add_1,rope,ocl::rope::opt_,,performance,gtpin_total_execution_cycles,69778,cycles,1,8,69778
n1_i3,3,1,3,n1_i3::primitive::rope:/model/layers.6/self_attn/Add,n1_i3::op::/model/layers.6/self_attn/Add,primitive,rope:/model/layers.6/self_attn/Add,layers.*/self_attn,/model/layers.6/self_attn/Add,RoPE,rope:/model/layers.6/self_attn/Add,rope,ocl::rope::opt_,,performance,gtpin_total_execution_cycles,810616,cycles,1,64,810616
n1_i3,3,1,3,n1_i3::primitive::rope:/model/layers.6/self_attn/Add_1,n1_i3::op::/model/layers.6/self_attn/Add_1,primitive,rope:/model/layers.6/self_attn/Add_1,layers.*/self_attn,/model/layers.6/self_attn/Add_1,RoPE,rope:/model/layers.6/self_attn/Add_1,rope,ocl::rope::opt_,,performance,gtpin_total_execution_cycles,64398,cycles,1,8,64398
n1_i3,3,1,3,n1_i3::primitive::rope:/model/layers.7/self_attn/Add,n1_i3::op::/model/layers.7/self_attn/Add,primitive,rope:/model/layers.7/self_attn/Add,layers.*/self_attn,/model/layers.7/self_attn/Add,RoPE,rope:/model/layers.7/self_attn/Add,rope,ocl::rope::opt_,,performance,gtpin_total_execution_cycles,789992,cycles,1,64,789992
n1_i3,3,1,3,n1_i3::primitive::rope:/model/layers.7/self_attn/Add_1,n1_i3::op::/model/layers.7/self_attn/Add_1,primitive,rope:/model/layers.7/self_attn/Add_1,layers.*/self_attn,/model/layers.7/self_attn/Add_1,RoPE,rope:/model/layers.7/self_attn/Add_1,rope,ocl::rope::opt_,,performance,gtpin_total_execution_cycles,66664,cycles,1,8,66664
n1_i3,3,1,3,n1_i3::primitive::rope:/model/layers.8/self_attn/Add,n1_i3::op::/model/layers.8/self_attn/Add,primitive,rope:/model/layers.8/self_attn/Add,layers.*/self_attn,/model/layers.8/self_attn/Add,RoPE,rope:/model/layers.8/self_attn/Add,rope,ocl::rope::opt_,,performance,gtpin_total_execution_cycles,852258,cycles,1,64,852258
n1_i3,3,1,3,n1_i3::primitive::rope:/model/layers.8/self_attn/Add_1,n1_i3::op::/model/layers.8/self_attn/Add_1,primitive,rope:/model/layers.8/self_attn/Add_1,layers.*/self_attn,/model/layers.8/self_attn/Add_1,RoPE,rope:/model/layers.8/self_attn/Add_1,rope,ocl::rope::opt_,,performance,gtpin_total_execution_cycles,58418,cycles,1,8,58418
n1_i3,3,1,3,n1_i3::primitive::rope:/model/layers.9/self_attn/Add,n1_i3::op::/model/layers.9/self_attn/Add,primitive,rope:/model/layers.9/self_attn/Add,layers.*/self_attn,/model/layers.9/self_attn/Add,RoPE,rope:/model/layers.9/self_attn/Add,rope,ocl::rope::opt_,,performance,gtpin_total_execution_cycles,897898,cycles,1,64,897898
n1_i3,3,1,3,n1_i3::primitive::rope:/model/layers.9/self_attn/Add_1,n1_i3::op::/model/layers.9/self_attn/Add_1,primitive,rope:/model/layers.9/self_attn/Add_1,layers.*/self_attn,/model/layers.9/self_attn/Add_1,RoPE,rope:/model/layers.9/self_attn/Add_1,rope,ocl::rope::opt_,,performance,gtpin_total_execution_cycles,73706,cycles,1,8,73706
n1_i3,3,1,3,n1_i3::primitive::select:/model/layers.0/self_attn/Where_2,n1_i3::op::/model/layers.0/self_attn/Where_2,primitive,select:/model/layers.0/self_attn/Where_2,layers.*/self_attn,/model/layers.0/self_attn/Where_2,Select,select:/model/layers.0/self_attn/Where_2,select,select_gpu_ref,,performance,gtpin_total_execution_cycles,31504,cycles,1,8,31504
n1_i3,3,1,3,n1_i3::primitive::select:/model/layers.0/self_attn/Where_3,n1_i3::op::/model/layers.0/self_attn/Where_3,primitive,select:/model/layers.0/self_attn/Where_3,layers.*/self_attn,/model/layers.0/self_attn/Where_3,Select,select:/model/layers.0/self_attn/Where_3,select,select_gpu_ref,,performance,gtpin_total_execution_cycles,1528764,cycles,1,256,1528764
n1_i3,3,1,3,n1_i3::primitive::select:/model/layers.1/self_attn/Where_2,n1_i3::op::/model/layers.1/self_attn/Where_2,primitive,select:/model/layers.1/self_attn/Where_2,layers.*/self_attn,/model/layers.1/self_attn/Where_2,Select,select:/model/layers.1/self_attn/Where_2,select,select_gpu_ref,,performance,gtpin_total_execution_cycles,39184,cycles,1,8,39184
n1_i3,3,1,3,n1_i3::primitive::select:/model/layers.1/self_attn/Where_3,n1_i3::op::/model/layers.1/self_attn/Where_3,primitive,select:/model/layers.1/self_attn/Where_3,layers.*/self_attn,/model/layers.1/self_attn/Where_3,Select,select:/model/layers.1/self_attn/Where_3,select,select_gpu_ref,,performance,gtpin_total_execution_cycles,1414968,cycles,1,256,1414968
n1_i3,3,1,3,n1_i3::primitive::select:/model/layers.10/self_attn/Where_2,n1_i3::op::/model/layers.10/self_attn/Where_2,primitive,select:/model/layers.10/self_attn/Where_2,layers.*/self_attn,/model/layers.10/self_attn/Where_2,Select,select:/model/layers.10/self_attn/Where_2,select,select_gpu_ref,,performance,gtpin_total_execution_cycles,36324,cycles,1,8,36324
n1_i3,3,1,3,n1_i3::primitive::select:/model/layers.10/self_attn/Where_3,n1_i3::op::/model/layers.10/self_attn/Where_3,primitive,select:/model/layers.10/self_attn/Where_3,layers.*/self_attn,/model/layers.10/self_attn/Where_3,Select,select:/model/layers.10/self_attn/Where_3,select,select_gpu_ref,,performance,gtpin_total_execution_cycles,1411008,cycles,1,256,1411008
n1_i3,3,1,3,n1_i3::primitive::select:/model/layers.11/self_attn/Where_2,n1_i3::op::/model/layers.11/self_attn/Where_2,primitive,select:/model/layers.11/self_attn/Where_2,layers.*/self_attn,/model/layers.11/self_attn/Where_2,Select,select:/model/layers.11/self_attn/Where_2,select,select_gpu_ref,,performance,gtpin_total_execution_cycles,39224,cycles,1,8,39224
n1_i3,3,1,3,n1_i3::primitive::select:/model/layers.11/self_attn/Where_3,n1_i3::op::/model/layers.11/self_attn/Where_3,primitive,select:/model/layers.11/self_attn/Where_3,layers.*/self_attn,/model/layers.11/self_attn/Where_3,Select,select:/model/layers.11/self_attn/Where_3,select,select_gpu_ref,,performance,gtpin_total_execution_cycles,1408318,cycles,1,256,1408318
n1_i3,3,1,3,n1_i3::primitive::select:/model/layers.12/self_attn/Where_2,n1_i3::op::/model/layers.12/self_attn/Where_2,primitive,select:/model/layers.12/self_attn/Where_2,layers.*/self_attn,/model/layers.12/self_attn/Where_2,Select,select:/model/layers.12/self_attn/Where_2,select,select_gpu_ref,,performance,gtpin_total_execution_cycles,38780,cycles,1,8,38780
n1_i3,3,1,3,n1_i3::primitive::select:/model/layers.12/self_attn/Where_3,n1_i3::op::/model/layers.12/self_attn/Where_3,primitive,select:/model/layers.12/self_attn/Where_3,layers.*/self_attn,/model/layers.12/self_attn/Where_3,Select,select:/model/layers.12/self_attn/Where_3,select,select_gpu_ref,,performance,gtpin_total_execution_cycles,1544144,cycles,1,256,1544144
n1_i3,3,1,3,n1_i3::primitive::select:/model/layers.13/self_attn/Where_2,n1_i3::op::/model/layers.13/self_attn/Where_2,primitive,select:/model/layers.13/self_attn/Where_2,layers.*/self_attn,/model/layers.13/self_attn/Where_2,Select,select:/model/layers.13/self_attn/Where_2,select,select_gpu_ref,,performance,gtpin_total_execution_cycles,41804,cycles,1,8,41804
n1_i3,3,1,3,n1_i3::primitive::select:/model/layers.13/self_attn/Where_3,n1_i3::op::/model/layers.13/self_attn/Where_3,primitive,select:/model/layers.13/self_attn/Where_3,layers.*/self_attn,/model/layers.13/self_attn/Where_3,Select,select:/model/layers.13/self_attn/Where_3,select,select_gpu_ref,,performance,gtpin_total_execution_cycles,1775116,cycles,1,256,1775116
n1_i3,3,1,3,n1_i3::primitive::select:/model/layers.14/self_attn/Where_2,n1_i3::op::/model/layers.14/self_attn/Where_2,primitive,select:/model/layers.14/self_attn/Where_2,layers.*/self_attn,/model/layers.14/self_attn/Where_2,Select,select:/model/layers.14/self_attn/Where_2,select,select_gpu_ref,,performance,gtpin_total_execution_cycles,37712,cycles,1,8,37712
n1_i3,3,1,3,n1_i3::primitive::select:/model/layers.14/self_attn/Where_3,n1_i3::op::/model/layers.14/self_attn/Where_3,primitive,select:/model/layers.14/self_attn/Where_3,layers.*/self_attn,/model/layers.14/self_attn/Where_3,Select,select:/model/layers.14/self_attn/Where_3,select,select_gpu_ref,,performance,gtpin_total_execution_cycles,1354258,cycles,1,256,1354258
n1_i3,3,1,3,n1_i3::primitive::select:/model/layers.15/self_attn/Where_2,n1_i3::op::/model/layers.15/self_attn/Where_2,primitive,select:/model/layers.15/self_attn/Where_2,layers.*/self_attn,/model/layers.15/self_attn/Where_2,Select,select:/model/layers.15/self_attn/Where_2,select,select_gpu_ref,,performance,gtpin_total_execution_cycles,42568,cycles,1,8,42568
n1_i3,3,1,3,n1_i3::primitive::select:/model/layers.15/self_attn/Where_3,n1_i3::op::/model/layers.15/self_attn/Where_3,primitive,select:/model/layers.15/self_attn/Where_3,layers.*/self_attn,/model/layers.15/self_attn/Where_3,Select,select:/model/layers.15/self_attn/Where_3,select,select_gpu_ref,,performance,gtpin_total_execution_cycles,1354756,cycles,1,256,1354756
n1_i3,3,1,3,n1_i3::primitive::select:/model/layers.16/self_attn/Where_2,n1_i3::op::/model/layers.16/self_attn/Where_2,primitive,select:/model/layers.16/self_attn/Where_2,layers.*/self_attn,/model/layers.16/self_attn/Where_2,Select,select:/model/layers.16/self_attn/Where_2,select,select_gpu_ref,,performance,gtpin_total_execution_cycles,36298,cycles,1,8,36298
n1_i3,3,1,3,n1_i3::primitive::select:/model/layers.16/self_attn/Where_3,n1_i3::op::/model/layers.16/self_attn/Where_3,primitive,select:/model/layers.16/self_attn/Where_3,layers.*/self_attn,/model/layers.16/self_attn/Where_3,Select,select:/model/layers.16/self_attn/Where_3,select,select_gpu_ref,,performance,gtpin_total_execution_cycles,1408752,cycles,1,256,1408752
n1_i3,3,1,3,n1_i3::primitive::select:/model/layers.17/self_attn/Where_2,n1_i3::op::/model/layers.17/self_attn/Where_2,primitive,select:/model/layers.17/self_attn/Where_2,layers.*/self_attn,/model/layers.17/self_attn/Where_2,Select,select:/model/layers.17/self_attn/Where_2,select,select_gpu_ref,,performance,gtpin_total_execution_cycles,39416,cycles,1,8,39416
n1_i3,3,1,3,n1_i3::primitive::select:/model/layers.17/self_attn/Where_3,n1_i3::op::/model/layers.17/self_attn/Where_3,primitive,select:/model/layers.17/self_attn/Where_3,layers.*/self_attn,/model/layers.17/self_attn/Where_3,Select,select:/model/layers.17/self_attn/Where_3,select,select_gpu_ref,,performance,gtpin_total_execution_cycles,1344068,cycles,1,256,1344068
n1_i3,3,1,3,n1_i3::primitive::select:/model/layers.18/self_attn/Where_2,n1_i3::op::/model/layers.18/self_attn/Where_2,primitive,select:/model/layers.18/self_attn/Where_2,layers.*/self_attn,/model/layers.18/self_attn/Where_2,Select,select:/model/layers.18/self_attn/Where_2,select,select_gpu_ref,,performance,gtpin_total_execution_cycles,39960,cycles,1,8,39960
n1_i3,3,1,3,n1_i3::primitive::select:/model/layers.18/self_attn/Where_3,n1_i3::op::/model/layers.18/self_attn/Where_3,primitive,select:/model/layers.18/self_attn/Where_3,layers.*/self_attn,/model/layers.18/self_attn/Where_3,Select,select:/model/layers.18/self_attn/Where_3,select,select_gpu_ref,,performance,gtpin_total_execution_cycles,1418020,cycles,1,256,1418020
n1_i3,3,1,3,n1_i3::primitive::select:/model/layers.19/self_attn/Where_2,n1_i3::op::/model/layers.19/self_attn/Where_2,primitive,select:/model/layers.19/self_attn/Where_2,layers.*/self_attn,/model/layers.19/self_attn/Where_2,Select,select:/model/layers.19/self_attn/Where_2,select,select_gpu_ref,,performance,gtpin_total_execution_cycles,46288,cycles,1,8,46288
n1_i3,3,1,3,n1_i3::primitive::select:/model/layers.19/self_attn/Where_3,n1_i3::op::/model/layers.19/self_attn/Where_3,primitive,select:/model/layers.19/self_attn/Where_3,layers.*/self_attn,/model/layers.19/self_attn/Where_3,Select,select:/model/layers.19/self_attn/Where_3,select,select_gpu_ref,,performance,gtpin_total_execution_cycles,1385804,cycles,1,256,1385804
n1_i3,3,1,3,n1_i3::primitive::select:/model/layers.2/self_attn/Where_2,n1_i3::op::/model/layers.2/self_attn/Where_2,primitive,select:/model/layers.2/self_attn/Where_2,layers.*/self_attn,/model/layers.2/self_attn/Where_2,Select,select:/model/layers.2/self_attn/Where_2,select,select_gpu_ref,,performance,gtpin_total_execution_cycles,38262,cycles,1,8,38262
n1_i3,3,1,3,n1_i3::primitive::select:/model/layers.2/self_attn/Where_3,n1_i3::op::/model/layers.2/self_attn/Where_3,primitive,select:/model/layers.2/self_attn/Where_3,layers.*/self_attn,/model/layers.2/self_attn/Where_3,Select,select:/model/layers.2/self_attn/Where_3,select,select_gpu_ref,,performance,gtpin_total_execution_cycles,1717716,cycles,1,256,1717716
n1_i3,3,1,3,n1_i3::primitive::select:/model/layers.20/self_attn/Where_2,n1_i3::op::/model/layers.20/self_attn/Where_2,primitive,select:/model/layers.20/self_attn/Where_2,layers.*/self_attn,/model/layers.20/self_attn/Where_2,Select,select:/model/layers.20/self_attn/Where_2,select,select_gpu_ref,,performance,gtpin_total_execution_cycles,45088,cycles,1,8,45088
n1_i3,3,1,3,n1_i3::primitive::select:/model/layers.20/self_attn/Where_3,n1_i3::op::/model/layers.20/self_attn/Where_3,primitive,select:/model/layers.20/self_attn/Where_3,layers.*/self_attn,/model/layers.20/self_attn/Where_3,Select,select:/model/layers.20/self_attn/Where_3,select,select_gpu_ref,,performance,gtpin_total_execution_cycles,1370208,cycles,1,256,1370208
n1_i3,3,1,3,n1_i3::primitive::select:/model/layers.21/self_attn/Where_2,n1_i3::op::/model/layers.21/self_attn/Where_2,primitive,select:/model/layers.21/self_attn/Where_2,layers.*/self_attn,/model/layers.21/self_attn/Where_2,Select,select:/model/layers.21/self_attn/Where_2,select,select_gpu_ref,,performance,gtpin_total_execution_cycles,38896,cycles,1,8,38896
n1_i3,3,1,3,n1_i3::primitive::select:/model/layers.21/self_attn/Where_3,n1_i3::op::/model/layers.21/self_attn/Where_3,primitive,select:/model/layers.21/self_attn/Where_3,layers.*/self_attn,/model/layers.21/self_attn/Where_3,Select,select:/model/layers.21/self_attn/Where_3,select,select_gpu_ref,,performance,gtpin_total_execution_cycles,1426344,cycles,1,256,1426344
n1_i3,3,1,3,n1_i3::primitive::select:/model/layers.3/self_attn/Where_2,n1_i3::op::/model/layers.3/self_attn/Where_2,primitive,select:/model/layers.3/self_attn/Where_2,layers.*/self_attn,/model/layers.3/self_attn/Where_2,Select,select:/model/layers.3/self_attn/Where_2,select,select_gpu_ref,,performance,gtpin_total_execution_cycles,44592,cycles,1,8,44592
n1_i3,3,1,3,n1_i3::primitive::select:/model/layers.3/self_attn/Where_3,n1_i3::op::/model/layers.3/self_attn/Where_3,primitive,select:/model/layers.3/self_attn/Where_3,layers.*/self_attn,/model/layers.3/self_attn/Where_3,Select,select:/model/layers.3/self_attn/Where_3,select,select_gpu_ref,,performance,gtpin_total_execution_cycles,1431542,cycles,1,256,1431542
n1_i3,3,1,3,n1_i3::primitive::select:/model/layers.4/self_attn/Where_2,n1_i3::op::/model/layers.4/self_attn/Where_2,primitive,select:/model/layers.4/self_attn/Where_2,layers.*/self_attn,/model/layers.4/self_attn/Where_2,Select,select:/model/layers.4/self_attn/Where_2,select,select_gpu_ref,,performance,gtpin_total_execution_cycles,64512,cycles,1,8,64512
n1_i3,3,1,3,n1_i3::primitive::select:/model/layers.4/self_attn/Where_3,n1_i3::op::/model/layers.4/self_attn/Where_3,primitive,select:/model/layers.4/self_attn/Where_3,layers.*/self_attn,/model/layers.4/self_attn/Where_3,Select,select:/model/layers.4/self_attn/Where_3,select,select_gpu_ref,,performance,gtpin_total_execution_cycles,1368540,cycles,1,256,1368540
n1_i3,3,1,3,n1_i3::primitive::select:/model/layers.5/self_attn/Where_2,n1_i3::op::/model/layers.5/self_attn/Where_2,primitive,select:/model/layers.5/self_attn/Where_2,layers.*/self_attn,/model/layers.5/self_attn/Where_2,Select,select:/model/layers.5/self_attn/Where_2,select,select_gpu_ref,,performance,gtpin_total_execution_cycles,39248,cycles,1,8,39248
n1_i3,3,1,3,n1_i3::primitive::select:/model/layers.5/self_attn/Where_3,n1_i3::op::/model/layers.5/self_attn/Where_3,primitive,select:/model/layers.5/self_attn/Where_3,layers.*/self_attn,/model/layers.5/self_attn/Where_3,Select,select:/model/layers.5/self_attn/Where_3,select,select_gpu_ref,,performance,gtpin_total_execution_cycles,1431350,cycles,1,256,1431350
n1_i3,3,1,3,n1_i3::primitive::select:/model/layers.6/self_attn/Where_2,n1_i3::op::/model/layers.6/self_attn/Where_2,primitive,select:/model/layers.6/self_attn/Where_2,layers.*/self_attn,/model/layers.6/self_attn/Where_2,Select,select:/model/layers.6/self_attn/Where_2,select,select_gpu_ref,,performance,gtpin_total_execution_cycles,36728,cycles,1,8,36728
n1_i3,3,1,3,n1_i3::primitive::select:/model/layers.6/self_attn/Where_3,n1_i3::op::/model/layers.6/self_attn/Where_3,primitive,select:/model/layers.6/self_attn/Where_3,layers.*/self_attn,/model/layers.6/self_attn/Where_3,Select,select:/model/layers.6/self_attn/Where_3,select,select_gpu_ref,,performance,gtpin_total_execution_cycles,1336168,cycles,1,256,1336168
n1_i3,3,1,3,n1_i3::primitive::select:/model/layers.7/self_attn/Where_2,n1_i3::op::/model/layers.7/self_attn/Where_2,primitive,select:/model/layers.7/self_attn/Where_2,layers.*/self_attn,/model/layers.7/self_attn/Where_2,Select,select:/model/layers.7/self_attn/Where_2,select,select_gpu_ref,,performance,gtpin_total_execution_cycles,40800,cycles,1,8,40800
n1_i3,3,1,3,n1_i3::primitive::select:/model/layers.7/self_attn/Where_3,n1_i3::op::/model/layers.7/self_attn/Where_3,primitive,select:/model/layers.7/self_attn/Where_3,layers.*/self_attn,/model/layers.7/self_attn/Where_3,Select,select:/model/layers.7/self_attn/Where_3,select,select_gpu_ref,,performance,gtpin_total_execution_cycles,1479170,cycles,1,256,1479170
n1_i3,3,1,3,n1_i3::primitive::select:/model/layers.8/self_attn/Where_2,n1_i3::op::/model/layers.8/self_attn/Where_2,primitive,select:/model/layers.8/self_attn/Where_2,layers.*/self_attn,/model/layers.8/self_attn/Where_2,Select,select:/model/layers.8/self_attn/Where_2,select,select_gpu_ref,,performance,gtpin_total_execution_cycles,42052,cycles,1,8,42052
n1_i3,3,1,3,n1_i3::primitive::select:/model/layers.8/self_attn/Where_3,n1_i3::op::/model/layers.8/self_attn/Where_3,primitive,select:/model/layers.8/self_attn/Where_3,layers.*/self_attn,/model/layers.8/self_attn/Where_3,Select,select:/model/layers.8/self_attn/Where_3,select,select_gpu_ref,,performance,gtpin_total_execution_cycles,1699594,cycles,1,256,1699594
n1_i3,3,1,3,n1_i3::primitive::select:/model/layers.9/self_attn/Where_2,n1_i3::op::/model/layers.9/self_attn/Where_2,primitive,select:/model/layers.9/self_attn/Where_2,layers.*/self_attn,/model/layers.9/self_attn/Where_2,Select,select:/model/layers.9/self_attn/Where_2,select,select_gpu_ref,,performance,gtpin_total_execution_cycles,39328,cycles,1,8,39328
n1_i3,3,1,3,n1_i3::primitive::select:/model/layers.9/self_attn/Where_3,n1_i3::op::/model/layers.9/self_attn/Where_3,primitive,select:/model/layers.9/self_attn/Where_3,layers.*/self_attn,/model/layers.9/self_attn/Where_3,Select,select:/model/layers.9/self_attn/Where_3,select,select_gpu_ref,,performance,gtpin_total_execution_cycles,1354560,cycles,1,256,1354560
n1_i3,3,1,3,n1_i3::primitive::sin:/model/rotary_emb/Sin,n1_i3::op::/model/rotary_emb/Sin,primitive,sin:/model/rotary_emb/Sin,rotary_emb,/model/rotary_emb/Sin,Sin,sin:/model/rotary_emb/Sin,activation,activation_ref,,performance,gtpin_total_execution_cycles,159418,cycles,1,32,159418
n1_i3,3,1,3,n1_i3::primitive::softmax:/model/layers.0/self_attn/Softmax,n1_i3::op::/model/layers.0/self_attn/Softmax,primitive,softmax:/model/layers.0/self_attn/Softmax,layers.*/self_attn,/model/layers.0/self_attn/Softmax,Softmax,softmax:/model/layers.0/self_attn/Softmax,softmax,softmax_gpu_bf,,performance,gtpin_total_execution_cycles,8114054,cycles,1,512,8114054
n1_i3,3,1,3,n1_i3::primitive::softmax:/model/layers.1/self_attn/Softmax,n1_i3::op::/model/layers.1/self_attn/Softmax,primitive,softmax:/model/layers.1/self_attn/Softmax,layers.*/self_attn,/model/layers.1/self_attn/Softmax,Softmax,softmax:/model/layers.1/self_attn/Softmax,softmax,softmax_gpu_bf,,performance,gtpin_total_execution_cycles,8051673,cycles,1,512,8051673
n1_i3,3,1,3,n1_i3::primitive::softmax:/model/layers.10/self_attn/Softmax,n1_i3::op::/model/layers.10/self_attn/Softmax,primitive,softmax:/model/layers.10/self_attn/Softmax,layers.*/self_attn,/model/layers.10/self_attn/Softmax,Softmax,softmax:/model/layers.10/self_attn/Softmax,softmax,softmax_gpu_bf,,performance,gtpin_total_execution_cycles,8481462,cycles,1,512,8481462
n1_i3,3,1,3,n1_i3::primitive::softmax:/model/layers.11/self_attn/Softmax,n1_i3::op::/model/layers.11/self_attn/Softmax,primitive,softmax:/model/layers.11/self_attn/Softmax,layers.*/self_attn,/model/layers.11/self_attn/Softmax,Softmax,softmax:/model/layers.11/self_attn/Softmax,softmax,softmax_gpu_bf,,performance,gtpin_total_execution_cycles,7875701,cycles,1,512,7875701
n1_i3,3,1,3,n1_i3::primitive::softmax:/model/layers.12/self_attn/Softmax,n1_i3::op::/model/layers.12/self_attn/Softmax,primitive,softmax:/model/layers.12/self_attn/Softmax,layers.*/self_attn,/model/layers.12/self_attn/Softmax,Softmax,softmax:/model/layers.12/self_attn/Softmax,softmax,softmax_gpu_bf,,performance,gtpin_total_execution_cycles,8389249,cycles,1,512,8389249
n1_i3,3,1,3,n1_i3::primitive::softmax:/model/layers.13/self_attn/Softmax,n1_i3::op::/model/layers.13/self_attn/Softmax,primitive,softmax:/model/layers.13/self_attn/Softmax,layers.*/self_attn,/model/layers.13/self_attn/Softmax,Softmax,softmax:/model/layers.13/self_attn/Softmax,softmax,softmax_gpu_bf,,performance,gtpin_total_execution_cycles,8120939,cycles,1,512,8120939
n1_i3,3,1,3,n1_i3::primitive::softmax:/model/layers.14/self_attn/Softmax,n1_i3::op::/model/layers.14/self_attn/Softmax,primitive,softmax:/model/layers.14/self_attn/Softmax,layers.*/self_attn,/model/layers.14/self_attn/Softmax,Softmax,softmax:/model/layers.14/self_attn/Softmax,softmax,softmax_gpu_bf,,performance,gtpin_total_execution_cycles,8319613,cycles,1,512,8319613
n1_i3,3,1,3,n1_i3::primitive::softmax:/model/layers.15/self_attn/Softmax,n1_i3::op::/model/layers.15/self_attn/Softmax,primitive,softmax:/model/layers.15/self_attn/Softmax,layers.*/self_attn,/model/layers.15/self_attn/Softmax,Softmax,softmax:/model/layers.15/self_attn/Softmax,softmax,softmax_gpu_bf,,performance,gtpin_total_execution_cycles,8381895,cycles,1,512,8381895
n1_i3,3,1,3,n1_i3::primitive::softmax:/model/layers.16/self_attn/Softmax,n1_i3::op::/model/layers.16/self_attn/Softmax,primitive,softmax:/model/layers.16/self_attn/Softmax,layers.*/self_attn,/model/layers.16/self_attn/Softmax,Softmax,softmax:/model/layers.16/self_attn/Softmax,softmax,softmax_gpu_bf,,performance,gtpin_total_execution_cycles,9508870,cycles,1,512,9508870
n1_i3,3,1,3,n1_i3::primitive::softmax:/model/layers.17/self_attn/Softmax,n1_i3::op::/model/layers.17/self_attn/Softmax,primitive,softmax:/model/layers.17/self_attn/Softmax,layers.*/self_attn,/model/layers.17/self_attn/Softmax,Softmax,softmax:/model/layers.17/self_attn/Softmax,softmax,softmax_gpu_bf,,performance,gtpin_total_execution_cycles,8173401,cycles,1,512,8173401
n1_i3,3,1,3,n1_i3::primitive::softmax:/model/layers.18/self_attn/Softmax,n1_i3::op::/model/layers.18/self_attn/Softmax,primitive,softmax:/model/layers.18/self_attn/Softmax,layers.*/self_attn,/model/layers.18/self_attn/Softmax,Softmax,softmax:/model/layers.18/self_attn/Softmax,softmax,softmax_gpu_bf,,performance,gtpin_total_execution_cycles,8068359,cycles,1,512,8068359
n1_i3,3,1,3,n1_i3::primitive::softmax:/model/layers.19/self_attn/Softmax,n1_i3::op::/model/layers.19/self_attn/Softmax,primitive,softmax:/model/layers.19/self_attn/Softmax,layers.*/self_attn,/model/layers.19/self_attn/Softmax,Softmax,softmax:/model/layers.19/self_attn/Softmax,softmax,softmax_gpu_bf,,performance,gtpin_total_execution_cycles,7999583,cycles,1,512,7999583
n1_i3,3,1,3,n1_i3::primitive::softmax:/model/layers.2/self_attn/Softmax,n1_i3::op::/model/layers.2/self_attn/Softmax,primitive,softmax:/model/layers.2/self_attn/Softmax,layers.*/self_attn,/model/layers.2/self_attn/Softmax,Softmax,softmax:/model/layers.2/self_attn/Softmax,softmax,softmax_gpu_bf,,performance,gtpin_total_execution_cycles,8339945,cycles,1,512,8339945
n1_i3,3,1,3,n1_i3::primitive::softmax:/model/layers.20/self_attn/Softmax,n1_i3::op::/model/layers.20/self_attn/Softmax,primitive,softmax:/model/layers.20/self_attn/Softmax,layers.*/self_attn,/model/layers.20/self_attn/Softmax,Softmax,softmax:/model/layers.20/self_attn/Softmax,softmax,softmax_gpu_bf,,performance,gtpin_total_execution_cycles,8067956,cycles,1,512,8067956
n1_i3,3,1,3,n1_i3::primitive::softmax:/model/layers.21/self_attn/Softmax,n1_i3::op::/model/layers.21/self_attn/Softmax,primitive,softmax:/model/layers.21/self_attn/Softmax,layers.*/self_attn,/model/layers.21/self_attn/Softmax,Softmax,softmax:/model/layers.21/self_attn/Softmax,softmax,softmax_gpu_bf,,performance,gtpin_total_execution_cycles,8082618,cycles,1,512,8082618
n1_i3,3,1,3,n1_i3::primitive::softmax:/model/layers.3/self_attn/Softmax,n1_i3::op::/model/layers.3/self_attn/Softmax,primitive,softmax:/model/layers.3/self_attn/Softmax,layers.*/self_attn,/model/layers.3/self_attn/Softmax,Softmax,softmax:/model/layers.3/self_attn/Softmax,softmax,softmax_gpu_bf,,performance,gtpin_total_execution_cycles,8122807,cycles,1,512,8122807
n1_i3,3,1,3,n1_i3::primitive::softmax:/model/layers.4/self_attn/Softmax,n1_i3::op::/model/layers.4/self_attn/Softmax,primitive,softmax:/model/layers.4/self_attn/Softmax,layers.*/self_attn,/model/layers.4/self_attn/Softmax,Softmax,softmax:/model/layers.4/self_attn/Softmax,softmax,softmax_gpu_bf,,performance,gtpin_total_execution_cycles,7931281,cycles,1,512,7931281
n1_i3,3,1,3,n1_i3::primitive::softmax:/model/layers.5/self_attn/Softmax,n1_i3::op::/model/layers.5/self_attn/Softmax,primitive,softmax:/model/layers.5/self_attn/Softmax,layers.*/self_attn,/model/layers.5/self_attn/Softmax,Softmax,softmax:/model/layers.5/self_attn/Softmax,softmax,softmax_gpu_bf,,performance,gtpin_total_execution_cycles,7896067,cycles,1,512,7896067
n1_i3,3,1,3,n1_i3::primitive::softmax:/model/layers.6/self_attn/Softmax,n1_i3::op::/model/layers.6/self_attn/Softmax,primitive,softmax:/model/layers.6/self_attn/Softmax,layers.*/self_attn,/model/layers.6/self_attn/Softmax,Softmax,softmax:/model/layers.6/self_attn/Softmax,softmax,softmax_gpu_bf,,performance,gtpin_total_execution_cycles,8131972,cycles,1,512,8131972
n1_i3,3,1,3,n1_i3::primitive::softmax:/model/layers.7/self_attn/Softmax,n1_i3::op::/model/layers.7/self_attn/Softmax,primitive,softmax:/model/layers.7/self_attn/Softmax,layers.*/self_attn,/model/layers.7/self_attn/Softmax,Softmax,softmax:/model/layers.7/self_attn/Softmax,softmax,softmax_gpu_bf,,performance,gtpin_total_execution_cycles,8281531,cycles,1,512,8281531
n1_i3,3,1,3,n1_i3::primitive::softmax:/model/layers.8/self_attn/Softmax,n1_i3::op::/model/layers.8/self_attn/Softmax,primitive,softmax:/model/layers.8/self_attn/Softmax,layers.*/self_attn,/model/layers.8/self_attn/Softmax,Softmax,softmax:/model/layers.8/self_attn/Softmax,softmax,softmax_gpu_bf,,performance,gtpin_total_execution_cycles,7945226,cycles,1,512,7945226
n1_i3,3,1,3,n1_i3::primitive::softmax:/model/layers.9/self_attn/Softmax,n1_i3::op::/model/layers.9/self_attn/Softmax,primitive,softmax:/model/layers.9/self_attn/Softmax,layers.*/self_attn,/model/layers.9/self_attn/Softmax,Softmax,softmax:/model/layers.9/self_attn/Softmax,softmax,softmax_gpu_bf,,performance,gtpin_total_execution_cycles,8156864,cycles,1,512,8156864
n1_i3,3,1,3,n1_i3::primitive::transpose:/model/layers.0/self_attn/Transpose_2,n1_i3::op::/model/layers.0/self_attn/Transpose_2,primitive,transpose:/model/layers.0/self_attn/Transpose_2,layers.*/self_attn,/model/layers.0/self_attn/Transpose_2,Transpose,transpose:/model/layers.0/self_attn/Transpose_2,permute,permute_ref,,performance,gtpin_total_execution_cycles,363310,cycles,1,128,363310
n1_i3,3,1,3,n1_i3::primitive::transpose:/model/layers.0/self_attn/Transpose_3,n1_i3::op::/model/layers.0/self_attn/Transpose_3,primitive,transpose:/model/layers.0/self_attn/Transpose_3,layers.*/self_attn,/model/layers.0/self_attn/Transpose_3,Transpose,transpose:/model/layers.0/self_attn/Transpose_3,permute,permute_ref,,performance,gtpin_total_execution_cycles,4757038,cycles,1,1024,4757038
n1_i3,3,1,3,n1_i3::primitive::transpose:/model/layers.1/self_attn/Transpose_2,n1_i3::op::/model/layers.1/self_attn/Transpose_2,primitive,transpose:/model/layers.1/self_attn/Transpose_2,layers.*/self_attn,/model/layers.1/self_attn/Transpose_2,Transpose,transpose:/model/layers.1/self_attn/Transpose_2,permute,permute_ref,,performance,gtpin_total_execution_cycles,491536,cycles,1,128,491536
n1_i3,3,1,3,n1_i3::primitive::transpose:/model/layers.1/self_attn/Transpose_3,n1_i3::op::/model/layers.1/self_attn/Transpose_3,primitive,transpose:/model/layers.1/self_attn/Transpose_3,layers.*/self_attn,/model/layers.1/self_attn/Transpose_3,Transpose,transpose:/model/layers.1/self_attn/Transpose_3,permute,permute_ref,,performance,gtpin_total_execution_cycles,5920000,cycles,1,1024,5920000
n1_i3,3,1,3,n1_i3::primitive::transpose:/model/layers.10/self_attn/Transpose_2,n1_i3::op::/model/layers.10/self_attn/Transpose_2,primitive,transpose:/model/layers.10/self_attn/Transpose_2,layers.*/self_attn,/model/layers.10/self_attn/Transpose_2,Transpose,transpose:/model/layers.10/self_attn/Transpose_2,permute,permute_ref,,performance,gtpin_total_execution_cycles,496242,cycles,1,128,496242
n1_i3,3,1,3,n1_i3::primitive::transpose:/model/layers.10/self_attn/Transpose_3,n1_i3::op::/model/layers.10/self_attn/Transpose_3,primitive,transpose:/model/layers.10/self_attn/Transpose_3,layers.*/self_attn,/model/layers.10/self_attn/Transpose_3,Transpose,transpose:/model/layers.10/self_attn/Transpose_3,permute,permute_ref,,performance,gtpin_total_execution_cycles,5652876,cycles,1,1024,5652876
n1_i3,3,1,3,n1_i3::primitive::transpose:/model/layers.11/self_attn/Transpose_2,n1_i3::op::/model/layers.11/self_attn/Transpose_2,primitive,transpose:/model/layers.11/self_attn/Transpose_2,layers.*/self_attn,/model/layers.11/self_attn/Transpose_2,Transpose,transpose:/model/layers.11/self_attn/Transpose_2,permute,permute_ref,,performance,gtpin_total_execution_cycles,462024,cycles,1,128,462024
n1_i3,3,1,3,n1_i3::primitive::transpose:/model/layers.11/self_attn/Transpose_3,n1_i3::op::/model/layers.11/self_attn/Transpose_3,primitive,transpose:/model/layers.11/self_attn/Transpose_3,layers.*/self_attn,/model/layers.11/self_attn/Transpose_3,Transpose,transpose:/model/layers.11/self_attn/Transpose_3,permute,permute_ref,,performance,gtpin_total_execution_cycles,5207234,cycles,1,1024,5207234
n1_i3,3,1,3,n1_i3::primitive::transpose:/model/layers.12/self_attn/Transpose_2,n1_i3::op::/model/layers.12/self_attn/Transpose_2,primitive,transpose:/model/layers.12/self_attn/Transpose_2,layers.*/self_attn,/model/layers.12/self_attn/Transpose_2,Transpose,transpose:/model/layers.12/self_attn/Transpose_2,permute,permute_ref,,performance,gtpin_total_execution_cycles,483090,cycles,1,128,483090
n1_i3,3,1,3,n1_i3::primitive::transpose:/model/layers.12/self_attn/Transpose_3,n1_i3::op::/model/layers.12/self_attn/Transpose_3,primitive,transpose:/model/layers.12/self_attn/Transpose_3,layers.*/self_attn,/model/layers.12/self_attn/Transpose_3,Transpose,transpose:/model/layers.12/self_attn/Transpose_3,permute,permute_ref,,performance,gtpin_total_execution_cycles,7513000,cycles,1,1024,7513000
n1_i3,3,1,3,n1_i3::primitive::transpose:/model/layers.13/self_attn/Transpose_2,n1_i3::op::/model/layers.13/self_attn/Transpose_2,primitive,transpose:/model/layers.13/self_attn/Transpose_2,layers.*/self_attn,/model/layers.13/self_attn/Transpose_2,Transpose,transpose:/model/layers.13/self_attn/Transpose_2,permute,permute_ref,,performance,gtpin_total_execution_cycles,558732,cycles,1,128,558732
n1_i3,3,1,3,n1_i3::primitive::transpose:/model/layers.13/self_attn/Transpose_3,n1_i3::op::/model/layers.13/self_attn/Transpose_3,primitive,transpose:/model/layers.13/self_attn/Transpose_3,layers.*/self_attn,/model/layers.13/self_attn/Transpose_3,Transpose,transpose:/model/layers.13/self_attn/Transpose_3,permute,permute_ref,,performance,gtpin_total_execution_cycles,5540142,cycles,1,1024,5540142
n1_i3,3,1,3,n1_i3::primitive::transpose:/model/layers.14/self_attn/Transpose_2,n1_i3::op::/model/layers.14/self_attn/Transpose_2,primitive,transpose:/model/layers.14/self_attn/Transpose_2,layers.*/self_attn,/model/layers.14/self_attn/Transpose_2,Transpose,transpose:/model/layers.14/self_attn/Transpose_2,permute,permute_ref,,performance,gtpin_total_execution_cycles,494724,cycles,1,128,494724
n1_i3,3,1,3,n1_i3::primitive::transpose:/model/layers.14/self_attn/Transpose_3,n1_i3::op::/model/layers.14/self_attn/Transpose_3,primitive,transpose:/model/layers.14/self_attn/Transpose_3,layers.*/self_attn,/model/layers.14/self_attn/Transpose_3,Transpose,transpose:/model/layers.14/self_attn/Transpose_3,permute,permute_ref,,performance,gtpin_total_execution_cycles,5258216,cycles,1,1024,5258216
n1_i3,3,1,3,n1_i3::primitive::transpose:/model/layers.15/self_attn/Transpose_2,n1_i3::op::/model/layers.15/self_attn/Transpose_2,primitive,transpose:/model/layers.15/self_attn/Transpose_2,layers.*/self_attn,/model/layers.15/self_attn/Transpose_2,Transpose,transpose:/model/layers.15/self_attn/Transpose_2,permute,permute_ref,,performance,gtpin_total_execution_cycles,462898,cycles,1,128,462898
n1_i3,3,1,3,n1_i3::primitive::transpose:/model/layers.15/self_attn/Transpose_3,n1_i3::op::/model/layers.15/self_attn/Transpose_3,primitive,transpose:/model/layers.15/self_attn/Transpose_3,layers.*/self_attn,/model/layers.15/self_attn/Transpose_3,Transpose,transpose:/model/layers.15/self_attn/Transpose_3,permute,permute_ref,,performance,gtpin_total_execution_cycles,4931460,cycles,1,1024,4931460
n1_i3,3,1,3,n1_i3::primitive::transpose:/model/layers.16/self_attn/Transpose_2,n1_i3::op::/model/layers.16/self_attn/Transpose_2,primitive,transpose:/model/layers.16/self_attn/Transpose_2,layers.*/self_attn,/model/layers.16/self_attn/Transpose_2,Transpose,transpose:/model/layers.16/self_attn/Transpose_2,permute,permute_ref,,performance,gtpin_total_execution_cycles,511834,cycles,1,128,511834
n1_i3,3,1,3,n1_i3::primitive::transpose:/model/layers.16/self_attn/Transpose_3,n1_i3::op::/model/layers.16/self_attn/Transpose_3,primitive,transpose:/model/layers.16/self_attn/Transpose_3,layers.*/self_attn,/model/layers.16/self_attn/Transpose_3,Transpose,transpose:/model/layers.16/self_attn/Transpose_3,permute,permute_ref,,performance,gtpin_total_execution_cycles,4821842,cycles,1,1024,4821842
n1_i3,3,1,3,n1_i3::primitive::transpose:/model/layers.17/self_attn/Transpose_2,n1_i3::op::/model/layers.17/self_attn/Transpose_2,primitive,transpose:/model/layers.17/self_attn/Transpose_2,layers.*/self_attn,/model/layers.17/self_attn/Transpose_2,Transpose,transpose:/model/layers.17/self_attn/Transpose_2,permute,permute_ref,,performance,gtpin_total_execution_cycles,470612,cycles,1,128,470612
n1_i3,3,1,3,n1_i3::primitive::transpose:/model/layers.17/self_attn/Transpose_3,n1_i3::op::/model/layers.17/self_attn/Transpose_3,primitive,transpose:/model/layers.17/self_attn/Transpose_3,layers.*/self_attn,/model/layers.17/self_attn/Transpose_3,Transpose,transpose:/model/layers.17/self_attn/Transpose_3,permute,permute_ref,,performance,gtpin_total_execution_cycles,5686580,cycles,1,1024,5686580
n1_i3,3,1,3,n1_i3::primitive::transpose:/model/layers.18/self_attn/Transpose_2,n1_i3::op::/model/layers.18/self_attn/Transpose_2,primitive,transpose:/model/layers.18/self_attn/Transpose_2,layers.*/self_attn,/model/layers.18/self_attn/Transpose_2,Transpose,transpose:/model/layers.18/self_attn/Transpose_2,permute,permute_ref,,performance,gtpin_total_execution_cycles,454058,cycles,1,128,454058
n1_i3,3,1,3,n1_i3::primitive::transpose:/model/layers.18/self_attn/Transpose_3,n1_i3::op::/model/layers.18/self_attn/Transpose_3,primitive,transpose:/model/layers.18/self_attn/Transpose_3,layers.*/self_attn,/model/layers.18/self_attn/Transpose_3,Transpose,transpose:/model/layers.18/self_attn/Transpose_3,permute,permute_ref,,performance,gtpin_total_execution_cycles,6308932,cycles,1,1024,6308932
n1_i3,3,1,3,n1_i3::primitive::transpose:/model/layers.19/self_attn/Transpose_2,n1_i3::op::/model/layers.19/self_attn/Transpose_2,primitive,transpose:/model/layers.19/self_attn/Transpose_2,layers.*/self_attn,/model/layers.19/self_attn/Transpose_2,Transpose,transpose:/model/layers.19/self_attn/Transpose_2,permute,permute_ref,,performance,gtpin_total_execution_cycles,486688,cycles,1,128,486688
n1_i3,3,1,3,n1_i3::primitive::transpose:/model/layers.19/self_attn/Transpose_3,n1_i3::op::/model/layers.19/self_attn/Transpose_3,primitive,transpose:/model/layers.19/self_attn/Transpose_3,layers.*/self_attn,/model/layers.19/self_attn/Transpose_3,Transpose,transpose:/model/layers.19/self_attn/Transpose_3,permute,permute_ref,,performance,gtpin_total_execution_cycles,5353846,cycles,1,1024,5353846
n1_i3,3,1,3,n1_i3::primitive::transpose:/model/layers.2/self_attn/Transpose_2,n1_i3::op::/model/layers.2/self_attn/Transpose_2,primitive,transpose:/model/layers.2/self_attn/Transpose_2,layers.*/self_attn,/model/layers.2/self_attn/Transpose_2,Transpose,transpose:/model/layers.2/self_attn/Transpose_2,permute,permute_ref,,performance,gtpin_total_execution_cycles,517578,cycles,1,128,517578
n1_i3,3,1,3,n1_i3::primitive::transpose:/model/layers.2/self_attn/Transpose_3,n1_i3::op::/model/layers.2/self_attn/Transpose_3,primitive,transpose:/model/layers.2/self_attn/Transpose_3,layers.*/self_attn,/model/layers.2/self_attn/Transpose_3,Transpose,transpose:/model/layers.2/self_attn/Transpose_3,permute,permute_ref,,performance,gtpin_total_execution_cycles,5115282,cycles,1,1024,5115282
n1_i3,3,1,3,n1_i3::primitive::transpose:/model/layers.20/self_attn/Transpose_2,n1_i3::op::/model/layers.20/self_attn/Transpose_2,primitive,transpose:/model/layers.20/self_attn/Transpose_2,layers.*/self_attn,/model/layers.20/self_attn/Transpose_2,Transpose,transpose:/model/layers.20/self_attn/Transpose_2,permute,permute_ref,,performance,gtpin_total_execution_cycles,468568,cycles,1,128,468568
n1_i3,3,1,3,n1_i3::primitive::transpose:/model/layers.20/self_attn/Transpose_3,n1_i3::op::/model/layers.20/self_attn/Transpose_3,primitive,transpose:/model/layers.20/self_attn/Transpose_3,layers.*/self_attn,/model/layers.20/self_attn/Transpose_3,Transpose,transpose:/model/layers.20/self_attn/Transpose_3,permute,permute_ref,,performance,gtpin_total_execution_cycles,4892370,cycles,1,1024,4892370
n1_i3,3,1,3,n1_i3::primitive::transpose:/model/layers.21/self_attn/Transpose_2,n1_i3::op::/model/layers.21/self_attn/Transpose_2,primitive,transpose:/model/layers.21/self_attn/Transpose_2,layers.*/self_attn,/model/layers.21/self_attn/Transpose_2,Transpose,transpose:/model/layers.21/self_attn/Transpose_2,permute,permute_ref,,performance,gtpin_total_execution_cycles,499628,cycles,1,128,499628
n1_i3,3,1,3,n1_i3::primitive::transpose:/model/layers.21/self_attn/Transpose_3,n1_i3::op::/model/layers.21/self_attn/Transpose_3,primitive,transpose:/model/layers.21/self_attn/Transpose_3,layers.*/self_attn,/model/layers.21/self_attn/Transpose_3,Transpose,transpose:/model/layers.21/self_attn/Transpose_3,permute,permute_ref,,performance,gtpin_total_execution_cycles,5825054,cycles,1,1024,5825054
n1_i3,3,1,3,n1_i3::primitive::transpose:/model/layers.3/self_attn/Transpose_2,n1_i3::op::/model/layers.3/self_attn/Transpose_2,primitive,transpose:/model/layers.3/self_attn/Transpose_2,layers.*/self_attn,/model/layers.3/self_attn/Transpose_2,Transpose,transpose:/model/layers.3/self_attn/Transpose_2,permute,permute_ref,,performance,gtpin_total_execution_cycles,510068,cycles,1,128,510068
n1_i3,3,1,3,n1_i3::primitive::transpose:/model/layers.3/self_attn/Transpose_3,n1_i3::op::/model/layers.3/self_attn/Transpose_3,primitive,transpose:/model/layers.3/self_attn/Transpose_3,layers.*/self_attn,/model/layers.3/self_attn/Transpose_3,Transpose,transpose:/model/layers.3/self_attn/Transpose_3,permute,permute_ref,,performance,gtpin_total_execution_cycles,5171608,cycles,1,1024,5171608
n1_i3,3,1,3,n1_i3::primitive::transpose:/model/layers.4/self_attn/Transpose_2,n1_i3::op::/model/layers.4/self_attn/Transpose_2,primitive,transpose:/model/layers.4/self_attn/Transpose_2,layers.*/self_attn,/model/layers.4/self_attn/Transpose_2,Transpose,transpose:/model/layers.4/self_attn/Transpose_2,permute,permute_ref,,performance,gtpin_total_execution_cycles,479872,cycles,1,128,479872
n1_i3,3,1,3,n1_i3::primitive::transpose:/model/layers.4/self_attn/Transpose_3,n1_i3::op::/model/layers.4/self_attn/Transpose_3,primitive,transpose:/model/layers.4/self_attn/Transpose_3,layers.*/self_attn,/model/layers.4/self_attn/Transpose_3,Transpose,transpose:/model/layers.4/self_attn/Transpose_3,permute,permute_ref,,performance,gtpin_total_execution_cycles,5361794,cycles,1,1024,5361794
n1_i3,3,1,3,n1_i3::primitive::transpose:/model/layers.5/self_attn/Transpose_2,n1_i3::op::/model/layers.5/self_attn/Transpose_2,primitive,transpose:/model/layers.5/self_attn/Transpose_2,layers.*/self_attn,/model/layers.5/self_attn/Transpose_2,Transpose,transpose:/model/layers.5/self_attn/Transpose_2,permute,permute_ref,,performance,gtpin_total_execution_cycles,483972,cycles,1,128,483972
n1_i3,3,1,3,n1_i3::primitive::transpose:/model/layers.5/self_attn/Transpose_3,n1_i3::op::/model/layers.5/self_attn/Transpose_3,primitive,transpose:/model/layers.5/self_attn/Transpose_3,layers.*/self_attn,/model/layers.5/self_attn/Transpose_3,Transpose,transpose:/model/layers.5/self_attn/Transpose_3,permute,permute_ref,,performance,gtpin_total_execution_cycles,5340388,cycles,1,1024,5340388
n1_i3,3,1,3,n1_i3::primitive::transpose:/model/layers.6/self_attn/Transpose_2,n1_i3::op::/model/layers.6/self_attn/Transpose_2,primitive,transpose:/model/layers.6/self_attn/Transpose_2,layers.*/self_attn,/model/layers.6/self_attn/Transpose_2,Transpose,transpose:/model/layers.6/self_attn/Transpose_2,permute,permute_ref,,performance,gtpin_total_execution_cycles,461626,cycles,1,128,461626
n1_i3,3,1,3,n1_i3::primitive::transpose:/model/layers.6/self_attn/Transpose_3,n1_i3::op::/model/layers.6/self_attn/Transpose_3,primitive,transpose:/model/layers.6/self_attn/Transpose_3,layers.*/self_attn,/model/layers.6/self_attn/Transpose_3,Transpose,transpose:/model/layers.6/self_attn/Transpose_3,permute,permute_ref,,performance,gtpin_total_execution_cycles,5621940,cycles,1,1024,5621940
n1_i3,3,1,3,n1_i3::primitive::transpose:/model/layers.7/self_attn/Transpose_2,n1_i3::op::/model/layers.7/self_attn/Transpose_2,primitive,transpose:/model/layers.7/self_attn/Transpose_2,layers.*/self_attn,/model/layers.7/self_attn/Transpose_2,Transpose,transpose:/model/layers.7/self_attn/Transpose_2,permute,permute_ref,,performance,gtpin_total_execution_cycles,496142,cycles,1,128,496142
n1_i3,3,1,3,n1_i3::primitive::transpose:/model/layers.7/self_attn/Transpose_3,n1_i3::op::/model/layers.7/self_attn/Transpose_3,primitive,transpose:/model/layers.7/self_attn/Transpose_3,layers.*/self_attn,/model/layers.7/self_attn/Transpose_3,Transpose,transpose:/model/layers.7/self_attn/Transpose_3,permute,permute_ref,,performance,gtpin_total_execution_cycles,4967538,cycles,1,1024,4967538
n1_i3,3,1,3,n1_i3::primitive::transpose:/model/layers.8/self_attn/Transpose_2,n1_i3::op::/model/layers.8/self_attn/Transpose_2,primitive,transpose:/model/layers.8/self_attn/Transpose_2,layers.*/self_attn,/model/layers.8/self_attn/Transpose_2,Transpose,transpose:/model/layers.8/self_attn/Transpose_2,permute,permute_ref,,performance,gtpin_total_execution_cycles,512846,cycles,1,128,512846
n1_i3,3,1,3,n1_i3::primitive::transpose:/model/layers.8/self_attn/Transpose_3,n1_i3::op::/model/layers.8/self_attn/Transpose_3,primitive,transpose:/model/layers.8/self_attn/Transpose_3,layers.*/self_attn,/model/layers.8/self_attn/Transpose_3,Transpose,transpose:/model/layers.8/self_attn/Transpose_3,permute,permute_ref,,performance,gtpin_total_execution_cycles,5407674,cycles,1,1024,5407674
n1_i3,3,1,3,n1_i3::primitive::transpose:/model/layers.9/self_attn/Transpose_2,n1_i3::op::/model/layers.9/self_attn/Transpose_2,primitive,transpose:/model/layers.9/self_attn/Transpose_2,layers.*/self_attn,/model/layers.9/self_attn/Transpose_2,Transpose,transpose:/model/layers.9/self_attn/Transpose_2,permute,permute_ref,,performance,gtpin_total_execution_cycles,530160,cycles,1,128,530160
n1_i3,3,1,3,n1_i3::primitive::transpose:/model/layers.9/self_attn/Transpose_3,n1_i3::op::/model/layers.9/self_attn/Transpose_3,primitive,transpose:/model/layers.9/self_attn/Transpose_3,layers.*/self_attn,/model/layers.9/self_attn/Transpose_3,Transpose,transpose:/model/layers.9/self_attn/Transpose_3,permute,permute_ref,,performance,gtpin_total_execution_cycles,5528536,cycles,1,1024,5528536
