execution_unit_key,logical_execution_index,net_id,iteration,tool_kind,is_internal_network_candidate,component_path,origin_op_name,origin_op_type_name,resolved_op_type_name,primitive_id,original_primitive_id,primitive_type,implementation,exec_id,kernel_entry,gtpin_kernel,dispatch_count,dispatch_ids,ov_match,kernel_alignment_status,kernel_entry_alignment_verified,pointer_coverage_match,ov_kernel_entry_present,gtpin_source_kind,primary_metric_name,primary_metric_total,primary_metric_avg,primary_metric_unit,gtpin_invocation_count,gtpin_total_execution_cycles,gtpin_avg_execution_cycles_per_invocation,gtpin_total_memory_ops,gtpin_estimated_total_bytes,gtpin_write_dominance_pct,gtpin_estimated_bytes_per_mem_op,gtpin_reads,gtpin_writes,gtpin_atomics,gtpin_metric_fields_json,execution_descriptor
n1_i3,3,1,3,performance,false,(root),logits.0,FullyConnected,FullyConnected,fullyconnected:logits.0,fullyconnected:logits.0,fully_connected,fully_connected_gpu_bf_tiled,1069,fully_connected_gpu_bf_tiled_9077797497357748363_0_0,fully_connected_gpu_bf_tiled_9077797497357748363_0_0,1,2162,matched,aligned,true,true,true,exec_profile,gtpin_total_execution_cycles,2164756414,2164756,cycles,1000,2164756414,2164756,0,0,,,0,0,0,"{""gtpin_avg_execution_cycles_per_invocation"":2164756,""gtpin_invocation_count"":1000,""gtpin_total_execution_cycles"":2164756414}",InvocationCount=1000;TotalExecutionCycles=2164756414;AvgExecutionCyclesPerInvocation=2164756
n1_i3,3,1,3,performance,false,layers.*/mlp,/model/layers.21/mlp/gate_proj/MatMul,FullyConnected,FullyConnected,fullyconnected:/model/layers.21/mlp/gate_proj/MatMul,fullyconnected:/model/layers.21/mlp/gate_proj/MatMul,fully_connected,fully_connected_gpu_bf_tiled,1066,fully_connected_gpu_bf_tiled_9957149419786459120_0_0,fully_connected_gpu_bf_tiled_9957149419786459120_0_0,1,2159,matched,aligned,true,true,true,exec_profile,gtpin_total_execution_cycles,154437006,877482,cycles,176,154437006,877482,0,0,,,0,0,0,"{""gtpin_avg_execution_cycles_per_invocation"":877482,""gtpin_invocation_count"":176,""gtpin_total_execution_cycles"":154437006}",InvocationCount=176;TotalExecutionCycles=154437006;AvgExecutionCyclesPerInvocation=877482
n1_i3,3,1,3,performance,false,layers.*/mlp,/model/layers.2/mlp/gate_proj/MatMul,FullyConnected,FullyConnected,fullyconnected:/model/layers.2/mlp/gate_proj/MatMul,fullyconnected:/model/layers.2/mlp/gate_proj/MatMul,fully_connected,fully_connected_gpu_bf_tiled,382,fully_connected_gpu_bf_tiled_9957149419786459120_0_0,fully_connected_gpu_bf_tiled_9957149419786459120_0_0,1,1741,matched,aligned,true,true,true,exec_profile,gtpin_total_execution_cycles,151827454,862655,cycles,176,151827454,862655,0,0,,,0,0,0,"{""gtpin_avg_execution_cycles_per_invocation"":862655,""gtpin_invocation_count"":176,""gtpin_total_execution_cycles"":151827454}",InvocationCount=176;TotalExecutionCycles=151827454;AvgExecutionCyclesPerInvocation=862655
n1_i3,3,1,3,performance,false,layers.*/mlp,/model/layers.11/mlp/gate_proj/MatMul,FullyConnected,FullyConnected,fullyconnected:/model/layers.11/mlp/gate_proj/MatMul,fullyconnected:/model/layers.11/mlp/gate_proj/MatMul,fully_connected,fully_connected_gpu_bf_tiled,706,fully_connected_gpu_bf_tiled_9957149419786459120_0_0,fully_connected_gpu_bf_tiled_9957149419786459120_0_0,1,1939,matched,aligned,true,true,true,exec_profile,gtpin_total_execution_cycles,149363814,848658,cycles,176,149363814,848658,0,0,,,0,0,0,"{""gtpin_avg_execution_cycles_per_invocation"":848658,""gtpin_invocation_count"":176,""gtpin_total_execution_cycles"":149363814}",InvocationCount=176;TotalExecutionCycles=149363814;AvgExecutionCyclesPerInvocation=848658
n1_i3,3,1,3,performance,false,layers.*/mlp,/model/layers.8/mlp/gate_proj/MatMul,FullyConnected,FullyConnected,fullyconnected:/model/layers.8/mlp/gate_proj/MatMul,fullyconnected:/model/layers.8/mlp/gate_proj/MatMul,fully_connected,fully_connected_gpu_bf_tiled,598,fully_connected_gpu_bf_tiled_9957149419786459120_0_0,fully_connected_gpu_bf_tiled_9957149419786459120_0_0,1,1873,matched,aligned,true,true,true,exec_profile,gtpin_total_execution_cycles,144371398,820292,cycles,176,144371398,820292,0,0,,,0,0,0,"{""gtpin_avg_execution_cycles_per_invocation"":820292,""gtpin_invocation_count"":176,""gtpin_total_execution_cycles"":144371398}",InvocationCount=176;TotalExecutionCycles=144371398;AvgExecutionCyclesPerInvocation=820292
n1_i3,3,1,3,performance,false,layers.*/mlp,/model/layers.9/mlp/gate_proj/MatMul,FullyConnected,FullyConnected,fullyconnected:/model/layers.9/mlp/gate_proj/MatMul,fullyconnected:/model/layers.9/mlp/gate_proj/MatMul,fully_connected,fully_connected_gpu_bf_tiled,634,fully_connected_gpu_bf_tiled_9957149419786459120_0_0,fully_connected_gpu_bf_tiled_9957149419786459120_0_0,1,1895,matched,aligned,true,true,true,exec_profile,gtpin_total_execution_cycles,143006782,812538,cycles,176,143006782,812538,0,0,,,0,0,0,"{""gtpin_avg_execution_cycles_per_invocation"":812538,""gtpin_invocation_count"":176,""gtpin_total_execution_cycles"":143006782}",InvocationCount=176;TotalExecutionCycles=143006782;AvgExecutionCyclesPerInvocation=812538
n1_i3,3,1,3,performance,false,layers.*/mlp,/model/layers.9/mlp/up_proj/MatMul,FullyConnected,FullyConnected,fullyconnected:/model/layers.9/mlp/up_proj/MatMul,fullyconnected:/model/layers.9/mlp/up_proj/MatMul,fully_connected,fully_connected_gpu_bf_tiled,633,fully_connected_gpu_bf_tiled_2740906288179525049_0_0,fully_connected_gpu_bf_tiled_2740906288179525049_0_0,1,1894,matched,aligned,true,true,true,exec_profile,gtpin_total_execution_cycles,140095200,795995,cycles,176,140095200,795995,0,0,,,0,0,0,"{""gtpin_avg_execution_cycles_per_invocation"":795995,""gtpin_invocation_count"":176,""gtpin_total_execution_cycles"":140095200}",InvocationCount=176;TotalExecutionCycles=140095200;AvgExecutionCyclesPerInvocation=795995
n1_i3,3,1,3,performance,false,layers.*/mlp,/model/layers.8/mlp/up_proj/MatMul,FullyConnected,FullyConnected,fullyconnected:/model/layers.8/mlp/up_proj/MatMul,fullyconnected:/model/layers.8/mlp/up_proj/MatMul,fully_connected,fully_connected_gpu_bf_tiled,597,fully_connected_gpu_bf_tiled_2740906288179525049_0_0,fully_connected_gpu_bf_tiled_2740906288179525049_0_0,1,1872,matched,aligned,true,true,true,exec_profile,gtpin_total_execution_cycles,135979968,772613,cycles,176,135979968,772613,0,0,,,0,0,0,"{""gtpin_avg_execution_cycles_per_invocation"":772613,""gtpin_invocation_count"":176,""gtpin_total_execution_cycles"":135979968}",InvocationCount=176;TotalExecutionCycles=135979968;AvgExecutionCyclesPerInvocation=772613
n1_i3,3,1,3,performance,false,layers.*/mlp,/model/layers.14/mlp/gate_proj/MatMul,FullyConnected,FullyConnected,fullyconnected:/model/layers.14/mlp/gate_proj/MatMul,fullyconnected:/model/layers.14/mlp/gate_proj/MatMul,fully_connected,fully_connected_gpu_bf_tiled,814,fully_connected_gpu_bf_tiled_9957149419786459120_0_0,fully_connected_gpu_bf_tiled_9957149419786459120_0_0,1,2005,matched,aligned,true,true,true,exec_profile,gtpin_total_execution_cycles,130750276,742899,cycles,176,130750276,742899,0,0,,,0,0,0,"{""gtpin_avg_execution_cycles_per_invocation"":742899,""gtpin_invocation_count"":176,""gtpin_total_execution_cycles"":130750276}",InvocationCount=176;TotalExecutionCycles=130750276;AvgExecutionCyclesPerInvocation=742899
n1_i3,3,1,3,performance,false,layers.*/mlp,/model/layers.20/mlp/gate_proj/MatMul,FullyConnected,FullyConnected,fullyconnected:/model/layers.20/mlp/gate_proj/MatMul,fullyconnected:/model/layers.20/mlp/gate_proj/MatMul,fully_connected,fully_connected_gpu_bf_tiled,1030,fully_connected_gpu_bf_tiled_9957149419786459120_0_0,fully_connected_gpu_bf_tiled_9957149419786459120_0_0,1,2137,matched,aligned,true,true,true,exec_profile,gtpin_total_execution_cycles,130453824,741214,cycles,176,130453824,741214,0,0,,,0,0,0,"{""gtpin_avg_execution_cycles_per_invocation"":741214,""gtpin_invocation_count"":176,""gtpin_total_execution_cycles"":130453824}",InvocationCount=176;TotalExecutionCycles=130453824;AvgExecutionCyclesPerInvocation=741214
n1_i3,3,1,3,performance,false,layers.*/mlp,/model/layers.12/mlp/gate_proj/MatMul,FullyConnected,FullyConnected,fullyconnected:/model/layers.12/mlp/gate_proj/MatMul,fullyconnected:/model/layers.12/mlp/gate_proj/MatMul,fully_connected,fully_connected_gpu_bf_tiled,742,fully_connected_gpu_bf_tiled_9957149419786459120_0_0,fully_connected_gpu_bf_tiled_9957149419786459120_0_0,1,1961,matched,aligned,true,true,true,exec_profile,gtpin_total_execution_cycles,129767570,737315,cycles,176,129767570,737315,0,0,,,0,0,0,"{""gtpin_avg_execution_cycles_per_invocation"":737315,""gtpin_invocation_count"":176,""gtpin_total_execution_cycles"":129767570}",InvocationCount=176;TotalExecutionCycles=129767570;AvgExecutionCyclesPerInvocation=737315
n1_i3,3,1,3,performance,false,layers.*/mlp,/model/layers.5/mlp/gate_proj/MatMul,FullyConnected,FullyConnected,fullyconnected:/model/layers.5/mlp/gate_proj/MatMul,fullyconnected:/model/layers.5/mlp/gate_proj/MatMul,fully_connected,fully_connected_gpu_bf_tiled,490,fully_connected_gpu_bf_tiled_9957149419786459120_0_0,fully_connected_gpu_bf_tiled_9957149419786459120_0_0,1,1807,matched,aligned,true,true,true,exec_profile,gtpin_total_execution_cycles,129108380,733570,cycles,176,129108380,733570,0,0,,,0,0,0,"{""gtpin_avg_execution_cycles_per_invocation"":733570,""gtpin_invocation_count"":176,""gtpin_total_execution_cycles"":129108380}",InvocationCount=176;TotalExecutionCycles=129108380;AvgExecutionCyclesPerInvocation=733570
n1_i3,3,1,3,performance,false,layers.*/mlp,/model/layers.16/mlp/gate_proj/MatMul,FullyConnected,FullyConnected,fullyconnected:/model/layers.16/mlp/gate_proj/MatMul,fullyconnected:/model/layers.16/mlp/gate_proj/MatMul,fully_connected,fully_connected_gpu_bf_tiled,886,fully_connected_gpu_bf_tiled_9957149419786459120_0_0,fully_connected_gpu_bf_tiled_9957149419786459120_0_0,1,2049,matched,aligned,true,true,true,exec_profile,gtpin_total_execution_cycles,124803208,709109,cycles,176,124803208,709109,0,0,,,0,0,0,"{""gtpin_avg_execution_cycles_per_invocation"":709109,""gtpin_invocation_count"":176,""gtpin_total_execution_cycles"":124803208}",InvocationCount=176;TotalExecutionCycles=124803208;AvgExecutionCyclesPerInvocation=709109
n1_i3,3,1,3,performance,false,layers.*/mlp,/model/layers.11/mlp/up_proj/MatMul,FullyConnected,FullyConnected,fullyconnected:/model/layers.11/mlp/up_proj/MatMul,fullyconnected:/model/layers.11/mlp/up_proj/MatMul,fully_connected,fully_connected_gpu_bf_tiled,705,fully_connected_gpu_bf_tiled_2740906288179525049_0_0,fully_connected_gpu_bf_tiled_2740906288179525049_0_0,1,1938,matched,aligned,true,true,true,exec_profile,gtpin_total_execution_cycles,124056394,704865,cycles,176,124056394,704865,0,0,,,0,0,0,"{""gtpin_avg_execution_cycles_per_invocation"":704865,""gtpin_invocation_count"":176,""gtpin_total_execution_cycles"":124056394}",InvocationCount=176;TotalExecutionCycles=124056394;AvgExecutionCyclesPerInvocation=704865
n1_i3,3,1,3,performance,false,layers.*/mlp,/model/layers.6/mlp/gate_proj/MatMul,FullyConnected,FullyConnected,fullyconnected:/model/layers.6/mlp/gate_proj/MatMul,fullyconnected:/model/layers.6/mlp/gate_proj/MatMul,fully_connected,fully_connected_gpu_bf_tiled,526,fully_connected_gpu_bf_tiled_9957149419786459120_0_0,fully_connected_gpu_bf_tiled_9957149419786459120_0_0,1,1829,matched,aligned,true,true,true,exec_profile,gtpin_total_execution_cycles,123144964,699687,cycles,176,123144964,699687,0,0,,,0,0,0,"{""gtpin_avg_execution_cycles_per_invocation"":699687,""gtpin_invocation_count"":176,""gtpin_total_execution_cycles"":123144964}",InvocationCount=176;TotalExecutionCycles=123144964;AvgExecutionCyclesPerInvocation=699687
n1_i3,3,1,3,performance,false,layers.*/mlp,/model/layers.14/mlp/up_proj/MatMul,FullyConnected,FullyConnected,fullyconnected:/model/layers.14/mlp/up_proj/MatMul,fullyconnected:/model/layers.14/mlp/up_proj/MatMul,fully_connected,fully_connected_gpu_bf_tiled,813,fully_connected_gpu_bf_tiled_2740906288179525049_0_0,fully_connected_gpu_bf_tiled_2740906288179525049_0_0,1,2004,matched,aligned,true,true,true,exec_profile,gtpin_total_execution_cycles,121308148,689250,cycles,176,121308148,689250,0,0,,,0,0,0,"{""gtpin_avg_execution_cycles_per_invocation"":689250,""gtpin_invocation_count"":176,""gtpin_total_execution_cycles"":121308148}",InvocationCount=176;TotalExecutionCycles=121308148;AvgExecutionCyclesPerInvocation=689250
n1_i3,3,1,3,performance,false,layers.*/mlp,/model/layers.20/mlp/up_proj/MatMul,FullyConnected,FullyConnected,fullyconnected:/model/layers.20/mlp/up_proj/MatMul,fullyconnected:/model/layers.20/mlp/up_proj/MatMul,fully_connected,fully_connected_gpu_bf_tiled,1029,fully_connected_gpu_bf_tiled_2740906288179525049_0_0,fully_connected_gpu_bf_tiled_2740906288179525049_0_0,1,2136,matched,aligned,true,true,true,exec_profile,gtpin_total_execution_cycles,121212512,688707,cycles,176,121212512,688707,0,0,,,0,0,0,"{""gtpin_avg_execution_cycles_per_invocation"":688707,""gtpin_invocation_count"":176,""gtpin_total_execution_cycles"":121212512}",InvocationCount=176;TotalExecutionCycles=121212512;AvgExecutionCyclesPerInvocation=688707
n1_i3,3,1,3,performance,false,layers.*/mlp,/model/layers.5/mlp/up_proj/MatMul,FullyConnected,FullyConnected,fullyconnected:/model/layers.5/mlp/up_proj/MatMul,fullyconnected:/model/layers.5/mlp/up_proj/MatMul,fully_connected,fully_connected_gpu_bf_tiled,489,fully_connected_gpu_bf_tiled_2740906288179525049_0_0,fully_connected_gpu_bf_tiled_2740906288179525049_0_0,1,1806,matched,aligned,true,true,true,exec_profile,gtpin_total_execution_cycles,120765946,686170,cycles,176,120765946,686170,0,0,,,0,0,0,"{""gtpin_avg_execution_cycles_per_invocation"":686170,""gtpin_invocation_count"":176,""gtpin_total_execution_cycles"":120765946}",InvocationCount=176;TotalExecutionCycles=120765946;AvgExecutionCyclesPerInvocation=686170
n1_i3,3,1,3,performance,false,layers.*/mlp,/model/layers.13/mlp/gate_proj/MatMul,FullyConnected,FullyConnected,fullyconnected:/model/layers.13/mlp/gate_proj/MatMul,fullyconnected:/model/layers.13/mlp/gate_proj/MatMul,fully_connected,fully_connected_gpu_bf_tiled,778,fully_connected_gpu_bf_tiled_9957149419786459120_0_0,fully_connected_gpu_bf_tiled_9957149419786459120_0_0,1,1983,matched,aligned,true,true,true,exec_profile,gtpin_total_execution_cycles,118032958,670641,cycles,176,118032958,670641,0,0,,,0,0,0,"{""gtpin_avg_execution_cycles_per_invocation"":670641,""gtpin_invocation_count"":176,""gtpin_total_execution_cycles"":118032958}",InvocationCount=176;TotalExecutionCycles=118032958;AvgExecutionCyclesPerInvocation=670641
n1_i3,3,1,3,performance,false,layers.*/mlp,/model/layers.17/mlp/gate_proj/MatMul,FullyConnected,FullyConnected,fullyconnected:/model/layers.17/mlp/gate_proj/MatMul,fullyconnected:/model/layers.17/mlp/gate_proj/MatMul,fully_connected,fully_connected_gpu_bf_tiled,922,fully_connected_gpu_bf_tiled_9957149419786459120_0_0,fully_connected_gpu_bf_tiled_9957149419786459120_0_0,1,2071,matched,aligned,true,true,true,exec_profile,gtpin_total_execution_cycles,117698896,668743,cycles,176,117698896,668743,0,0,,,0,0,0,"{""gtpin_avg_execution_cycles_per_invocation"":668743,""gtpin_invocation_count"":176,""gtpin_total_execution_cycles"":117698896}",InvocationCount=176;TotalExecutionCycles=117698896;AvgExecutionCyclesPerInvocation=668743
n1_i3,3,1,3,performance,false,layers.*/mlp,/model/layers.3/mlp/gate_proj/MatMul,FullyConnected,FullyConnected,fullyconnected:/model/layers.3/mlp/gate_proj/MatMul,fullyconnected:/model/layers.3/mlp/gate_proj/MatMul,fully_connected,fully_connected_gpu_bf_tiled,418,fully_connected_gpu_bf_tiled_9957149419786459120_0_0,fully_connected_gpu_bf_tiled_9957149419786459120_0_0,1,1763,matched,aligned,true,true,true,exec_profile,gtpin_total_execution_cycles,117076146,665205,cycles,176,117076146,665205,0,0,,,0,0,0,"{""gtpin_avg_execution_cycles_per_invocation"":665205,""gtpin_invocation_count"":176,""gtpin_total_execution_cycles"":117076146}",InvocationCount=176;TotalExecutionCycles=117076146;AvgExecutionCyclesPerInvocation=665205
n1_i3,3,1,3,performance,false,layers.*/mlp,/model/layers.1/mlp/gate_proj/MatMul,FullyConnected,FullyConnected,fullyconnected:/model/layers.1/mlp/gate_proj/MatMul,fullyconnected:/model/layers.1/mlp/gate_proj/MatMul,fully_connected,fully_connected_gpu_bf_tiled,346,fully_connected_gpu_bf_tiled_9957149419786459120_0_0,fully_connected_gpu_bf_tiled_9957149419786459120_0_0,1,1719,matched,aligned,true,true,true,exec_profile,gtpin_total_execution_cycles,116228394,660388,cycles,176,116228394,660388,0,0,,,0,0,0,"{""gtpin_avg_execution_cycles_per_invocation"":660388,""gtpin_invocation_count"":176,""gtpin_total_execution_cycles"":116228394}",InvocationCount=176;TotalExecutionCycles=116228394;AvgExecutionCyclesPerInvocation=660388
n1_i3,3,1,3,performance,false,layers.*/mlp,/model/layers.21/mlp/up_proj/MatMul,FullyConnected,FullyConnected,fullyconnected:/model/layers.21/mlp/up_proj/MatMul,fullyconnected:/model/layers.21/mlp/up_proj/MatMul,fully_connected,fully_connected_gpu_bf_tiled,1065,fully_connected_gpu_bf_tiled_2740906288179525049_0_0,fully_connected_gpu_bf_tiled_2740906288179525049_0_0,1,2158,matched,aligned,true,true,true,exec_profile,gtpin_total_execution_cycles,115425742,655828,cycles,176,115425742,655828,0,0,,,0,0,0,"{""gtpin_avg_execution_cycles_per_invocation"":655828,""gtpin_invocation_count"":176,""gtpin_total_execution_cycles"":115425742}",InvocationCount=176;TotalExecutionCycles=115425742;AvgExecutionCyclesPerInvocation=655828
n1_i3,3,1,3,performance,false,layers.*/mlp,/model/layers.6/mlp/up_proj/MatMul,FullyConnected,FullyConnected,fullyconnected:/model/layers.6/mlp/up_proj/MatMul,fullyconnected:/model/layers.6/mlp/up_proj/MatMul,fully_connected,fully_connected_gpu_bf_tiled,525,fully_connected_gpu_bf_tiled_2740906288179525049_0_0,fully_connected_gpu_bf_tiled_2740906288179525049_0_0,1,1828,matched,aligned,true,true,true,exec_profile,gtpin_total_execution_cycles,112665346,640144,cycles,176,112665346,640144,0,0,,,0,0,0,"{""gtpin_avg_execution_cycles_per_invocation"":640144,""gtpin_invocation_count"":176,""gtpin_total_execution_cycles"":112665346}",InvocationCount=176;TotalExecutionCycles=112665346;AvgExecutionCyclesPerInvocation=640144
n1_i3,3,1,3,performance,false,layers.*/mlp,/model/layers.18/mlp/gate_proj/MatMul,FullyConnected,FullyConnected,fullyconnected:/model/layers.18/mlp/gate_proj/MatMul,fullyconnected:/model/layers.18/mlp/gate_proj/MatMul,fully_connected,fully_connected_gpu_bf_tiled,958,fully_connected_gpu_bf_tiled_9957149419786459120_0_0,fully_connected_gpu_bf_tiled_9957149419786459120_0_0,1,2093,matched,aligned,true,true,true,exec_profile,gtpin_total_execution_cycles,111523686,633657,cycles,176,111523686,633657,0,0,,,0,0,0,"{""gtpin_avg_execution_cycles_per_invocation"":633657,""gtpin_invocation_count"":176,""gtpin_total_execution_cycles"":111523686}",InvocationCount=176;TotalExecutionCycles=111523686;AvgExecutionCyclesPerInvocation=633657
n1_i3,3,1,3,performance,false,layers.*/mlp,/model/layers.2/mlp/up_proj/MatMul,FullyConnected,FullyConnected,fullyconnected:/model/layers.2/mlp/up_proj/MatMul,fullyconnected:/model/layers.2/mlp/up_proj/MatMul,fully_connected,fully_connected_gpu_bf_tiled,381,fully_connected_gpu_bf_tiled_2740906288179525049_0_0,fully_connected_gpu_bf_tiled_2740906288179525049_0_0,1,1740,matched,aligned,true,true,true,exec_profile,gtpin_total_execution_cycles,111257466,632144,cycles,176,111257466,632144,0,0,,,0,0,0,"{""gtpin_avg_execution_cycles_per_invocation"":632144,""gtpin_invocation_count"":176,""gtpin_total_execution_cycles"":111257466}",InvocationCount=176;TotalExecutionCycles=111257466;AvgExecutionCyclesPerInvocation=632144
n1_i3,3,1,3,performance,false,layers.*/mlp,/model/layers.0/mlp/gate_proj/MatMul,FullyConnected,FullyConnected,fullyconnected:/model/layers.0/mlp/gate_proj/MatMul,fullyconnected:/model/layers.0/mlp/gate_proj/MatMul,fully_connected,fully_connected_gpu_bf_tiled,310,fully_connected_gpu_bf_tiled_9957149419786459120_0_0,fully_connected_gpu_bf_tiled_9957149419786459120_0_0,1,1697,matched,aligned,true,true,true,exec_profile,gtpin_total_execution_cycles,109828780,624027,cycles,176,109828780,624027,0,0,,,0,0,0,"{""gtpin_avg_execution_cycles_per_invocation"":624027,""gtpin_invocation_count"":176,""gtpin_total_execution_cycles"":109828780}",InvocationCount=176;TotalExecutionCycles=109828780;AvgExecutionCyclesPerInvocation=624027
n1_i3,3,1,3,performance,false,layers.*/mlp,/model/layers.13/mlp/up_proj/MatMul,FullyConnected,FullyConnected,fullyconnected:/model/layers.13/mlp/up_proj/MatMul,fullyconnected:/model/layers.13/mlp/up_proj/MatMul,fully_connected,fully_connected_gpu_bf_tiled,777,fully_connected_gpu_bf_tiled_2740906288179525049_0_0,fully_connected_gpu_bf_tiled_2740906288179525049_0_0,1,1982,matched,aligned,true,true,true,exec_profile,gtpin_total_execution_cycles,106898026,607375,cycles,176,106898026,607375,0,0,,,0,0,0,"{""gtpin_avg_execution_cycles_per_invocation"":607375,""gtpin_invocation_count"":176,""gtpin_total_execution_cycles"":106898026}",InvocationCount=176;TotalExecutionCycles=106898026;AvgExecutionCyclesPerInvocation=607375
n1_i3,3,1,3,performance,false,layers.*/mlp,/model/layers.19/mlp/gate_proj/MatMul,FullyConnected,FullyConnected,fullyconnected:/model/layers.19/mlp/gate_proj/MatMul,fullyconnected:/model/layers.19/mlp/gate_proj/MatMul,fully_connected,fully_connected_gpu_bf_tiled,994,fully_connected_gpu_bf_tiled_9957149419786459120_0_0,fully_connected_gpu_bf_tiled_9957149419786459120_0_0,1,2115,matched,aligned,true,true,true,exec_profile,gtpin_total_execution_cycles,104948162,596296,cycles,176,104948162,596296,0,0,,,0,0,0,"{""gtpin_avg_execution_cycles_per_invocation"":596296,""gtpin_invocation_count"":176,""gtpin_total_execution_cycles"":104948162}",InvocationCount=176;TotalExecutionCycles=104948162;AvgExecutionCyclesPerInvocation=596296
n1_i3,3,1,3,performance,false,layers.*/mlp,/model/layers.18/mlp/up_proj/MatMul,FullyConnected,FullyConnected,fullyconnected:/model/layers.18/mlp/up_proj/MatMul,fullyconnected:/model/layers.18/mlp/up_proj/MatMul,fully_connected,fully_connected_gpu_bf_tiled,957,fully_connected_gpu_bf_tiled_2740906288179525049_0_0,fully_connected_gpu_bf_tiled_2740906288179525049_0_0,1,2092,matched,aligned,true,true,true,exec_profile,gtpin_total_execution_cycles,102925112,584801,cycles,176,102925112,584801,0,0,,,0,0,0,"{""gtpin_avg_execution_cycles_per_invocation"":584801,""gtpin_invocation_count"":176,""gtpin_total_execution_cycles"":102925112}",InvocationCount=176;TotalExecutionCycles=102925112;AvgExecutionCyclesPerInvocation=584801
n1_i3,3,1,3,performance,false,layers.*/mlp,/model/layers.17/mlp/up_proj/MatMul,FullyConnected,FullyConnected,fullyconnected:/model/layers.17/mlp/up_proj/MatMul,fullyconnected:/model/layers.17/mlp/up_proj/MatMul,fully_connected,fully_connected_gpu_bf_tiled,921,fully_connected_gpu_bf_tiled_2740906288179525049_0_0,fully_connected_gpu_bf_tiled_2740906288179525049_0_0,1,2070,matched,aligned,true,true,true,exec_profile,gtpin_total_execution_cycles,102375116,581676,cycles,176,102375116,581676,0,0,,,0,0,0,"{""gtpin_avg_execution_cycles_per_invocation"":581676,""gtpin_invocation_count"":176,""gtpin_total_execution_cycles"":102375116}",InvocationCount=176;TotalExecutionCycles=102375116;AvgExecutionCyclesPerInvocation=581676
n1_i3,3,1,3,performance,false,layers.*/mlp,/model/layers.4/mlp/gate_proj/MatMul,FullyConnected,FullyConnected,fullyconnected:/model/layers.4/mlp/gate_proj/MatMul,fullyconnected:/model/layers.4/mlp/gate_proj/MatMul,fully_connected,fully_connected_gpu_bf_tiled,454,fully_connected_gpu_bf_tiled_9957149419786459120_0_0,fully_connected_gpu_bf_tiled_9957149419786459120_0_0,1,1785,matched,aligned,true,true,true,exec_profile,gtpin_total_execution_cycles,101481252,576598,cycles,176,101481252,576598,0,0,,,0,0,0,"{""gtpin_avg_execution_cycles_per_invocation"":576598,""gtpin_invocation_count"":176,""gtpin_total_execution_cycles"":101481252}",InvocationCount=176;TotalExecutionCycles=101481252;AvgExecutionCyclesPerInvocation=576598
n1_i3,3,1,3,performance,false,layers.*/mlp,/model/layers.15/mlp/gate_proj/MatMul,FullyConnected,FullyConnected,fullyconnected:/model/layers.15/mlp/gate_proj/MatMul,fullyconnected:/model/layers.15/mlp/gate_proj/MatMul,fully_connected,fully_connected_gpu_bf_tiled,850,fully_connected_gpu_bf_tiled_9957149419786459120_0_0,fully_connected_gpu_bf_tiled_9957149419786459120_0_0,1,2027,matched,aligned,true,true,true,exec_profile,gtpin_total_execution_cycles,101424276,576274,cycles,176,101424276,576274,0,0,,,0,0,0,"{""gtpin_avg_execution_cycles_per_invocation"":576274,""gtpin_invocation_count"":176,""gtpin_total_execution_cycles"":101424276}",InvocationCount=176;TotalExecutionCycles=101424276;AvgExecutionCyclesPerInvocation=576274
n1_i3,3,1,3,performance,false,layers.*/mlp,/model/layers.19/mlp/up_proj/MatMul,FullyConnected,FullyConnected,fullyconnected:/model/layers.19/mlp/up_proj/MatMul,fullyconnected:/model/layers.19/mlp/up_proj/MatMul,fully_connected,fully_connected_gpu_bf_tiled,993,fully_connected_gpu_bf_tiled_2740906288179525049_0_0,fully_connected_gpu_bf_tiled_2740906288179525049_0_0,1,2114,matched,aligned,true,true,true,exec_profile,gtpin_total_execution_cycles,101249464,575281,cycles,176,101249464,575281,0,0,,,0,0,0,"{""gtpin_avg_execution_cycles_per_invocation"":575281,""gtpin_invocation_count"":176,""gtpin_total_execution_cycles"":101249464}",InvocationCount=176;TotalExecutionCycles=101249464;AvgExecutionCyclesPerInvocation=575281
n1_i3,3,1,3,performance,false,layers.*/mlp,/model/layers.10/mlp/gate_proj/MatMul,FullyConnected,FullyConnected,fullyconnected:/model/layers.10/mlp/gate_proj/MatMul,fullyconnected:/model/layers.10/mlp/gate_proj/MatMul,fully_connected,fully_connected_gpu_bf_tiled,670,fully_connected_gpu_bf_tiled_9957149419786459120_0_0,fully_connected_gpu_bf_tiled_9957149419786459120_0_0,1,1917,matched,aligned,true,true,true,exec_profile,gtpin_total_execution_cycles,100906526,573332,cycles,176,100906526,573332,0,0,,,0,0,0,"{""gtpin_avg_execution_cycles_per_invocation"":573332,""gtpin_invocation_count"":176,""gtpin_total_execution_cycles"":100906526}",InvocationCount=176;TotalExecutionCycles=100906526;AvgExecutionCyclesPerInvocation=573332
n1_i3,3,1,3,performance,false,layers.*/mlp,/model/layers.0/mlp/up_proj/MatMul,FullyConnected,FullyConnected,fullyconnected:/model/layers.0/mlp/up_proj/MatMul,fullyconnected:/model/layers.0/mlp/up_proj/MatMul,fully_connected,fully_connected_gpu_bf_tiled,309,fully_connected_gpu_bf_tiled_2740906288179525049_0_0,fully_connected_gpu_bf_tiled_2740906288179525049_0_0,1,1696,matched,aligned,true,true,true,exec_profile,gtpin_total_execution_cycles,100532646,571208,cycles,176,100532646,571208,0,0,,,0,0,0,"{""gtpin_avg_execution_cycles_per_invocation"":571208,""gtpin_invocation_count"":176,""gtpin_total_execution_cycles"":100532646}",InvocationCount=176;TotalExecutionCycles=100532646;AvgExecutionCyclesPerInvocation=571208
n1_i3,3,1,3,performance,false,layers.*/mlp,/model/layers.12/mlp/up_proj/MatMul,FullyConnected,FullyConnected,fullyconnected:/model/layers.12/mlp/up_proj/MatMul,fullyconnected:/model/layers.12/mlp/up_proj/MatMul,fully_connected,fully_connected_gpu_bf_tiled,741,fully_connected_gpu_bf_tiled_2740906288179525049_0_0,fully_connected_gpu_bf_tiled_2740906288179525049_0_0,1,1960,matched,aligned,true,true,true,exec_profile,gtpin_total_execution_cycles,99170658,563469,cycles,176,99170658,563469,0,0,,,0,0,0,"{""gtpin_avg_execution_cycles_per_invocation"":563469,""gtpin_invocation_count"":176,""gtpin_total_execution_cycles"":99170658}",InvocationCount=176;TotalExecutionCycles=99170658;AvgExecutionCyclesPerInvocation=563469
n1_i3,3,1,3,performance,false,layers.*/mlp,/model/layers.10/mlp/up_proj/MatMul,FullyConnected,FullyConnected,fullyconnected:/model/layers.10/mlp/up_proj/MatMul,fullyconnected:/model/layers.10/mlp/up_proj/MatMul,fully_connected,fully_connected_gpu_bf_tiled,669,fully_connected_gpu_bf_tiled_2740906288179525049_0_0,fully_connected_gpu_bf_tiled_2740906288179525049_0_0,1,1916,matched,aligned,true,true,true,exec_profile,gtpin_total_execution_cycles,98873290,561780,cycles,176,98873290,561780,0,0,,,0,0,0,"{""gtpin_avg_execution_cycles_per_invocation"":561780,""gtpin_invocation_count"":176,""gtpin_total_execution_cycles"":98873290}",InvocationCount=176;TotalExecutionCycles=98873290;AvgExecutionCyclesPerInvocation=561780
n1_i3,3,1,3,performance,false,layers.*/mlp,/model/layers.1/mlp/up_proj/MatMul,FullyConnected,FullyConnected,fullyconnected:/model/layers.1/mlp/up_proj/MatMul,fullyconnected:/model/layers.1/mlp/up_proj/MatMul,fully_connected,fully_connected_gpu_bf_tiled,345,fully_connected_gpu_bf_tiled_2740906288179525049_0_0,fully_connected_gpu_bf_tiled_2740906288179525049_0_0,1,1718,matched,aligned,true,true,true,exec_profile,gtpin_total_execution_cycles,98676298,560660,cycles,176,98676298,560660,0,0,,,0,0,0,"{""gtpin_avg_execution_cycles_per_invocation"":560660,""gtpin_invocation_count"":176,""gtpin_total_execution_cycles"":98676298}",InvocationCount=176;TotalExecutionCycles=98676298;AvgExecutionCyclesPerInvocation=560660
n1_i3,3,1,3,performance,false,layers.*/mlp,/model/layers.16/mlp/up_proj/MatMul,FullyConnected,FullyConnected,fullyconnected:/model/layers.16/mlp/up_proj/MatMul,fullyconnected:/model/layers.16/mlp/up_proj/MatMul,fully_connected,fully_connected_gpu_bf_tiled,885,fully_connected_gpu_bf_tiled_2740906288179525049_0_0,fully_connected_gpu_bf_tiled_2740906288179525049_0_0,1,2048,matched,aligned,true,true,true,exec_profile,gtpin_total_execution_cycles,97501894,553988,cycles,176,97501894,553988,0,0,,,0,0,0,"{""gtpin_avg_execution_cycles_per_invocation"":553988,""gtpin_invocation_count"":176,""gtpin_total_execution_cycles"":97501894}",InvocationCount=176;TotalExecutionCycles=97501894;AvgExecutionCyclesPerInvocation=553988
n1_i3,3,1,3,performance,false,layers.*/mlp,/model/layers.7/mlp/gate_proj/MatMul,FullyConnected,FullyConnected,fullyconnected:/model/layers.7/mlp/gate_proj/MatMul,fullyconnected:/model/layers.7/mlp/gate_proj/MatMul,fully_connected,fully_connected_gpu_bf_tiled,562,fully_connected_gpu_bf_tiled_9957149419786459120_0_0,fully_connected_gpu_bf_tiled_9957149419786459120_0_0,1,1851,matched,aligned,true,true,true,exec_profile,gtpin_total_execution_cycles,96611298,548927,cycles,176,96611298,548927,0,0,,,0,0,0,"{""gtpin_avg_execution_cycles_per_invocation"":548927,""gtpin_invocation_count"":176,""gtpin_total_execution_cycles"":96611298}",InvocationCount=176;TotalExecutionCycles=96611298;AvgExecutionCyclesPerInvocation=548927
n1_i3,3,1,3,performance,false,layers.*/mlp,/model/layers.3/mlp/up_proj/MatMul,FullyConnected,FullyConnected,fullyconnected:/model/layers.3/mlp/up_proj/MatMul,fullyconnected:/model/layers.3/mlp/up_proj/MatMul,fully_connected,fully_connected_gpu_bf_tiled,417,fully_connected_gpu_bf_tiled_2740906288179525049_0_0,fully_connected_gpu_bf_tiled_2740906288179525049_0_0,1,1762,matched,aligned,true,true,true,exec_profile,gtpin_total_execution_cycles,96546492,548559,cycles,176,96546492,548559,0,0,,,0,0,0,"{""gtpin_avg_execution_cycles_per_invocation"":548559,""gtpin_invocation_count"":176,""gtpin_total_execution_cycles"":96546492}",InvocationCount=176;TotalExecutionCycles=96546492;AvgExecutionCyclesPerInvocation=548559
n1_i3,3,1,3,performance,false,layers.*/mlp,/model/layers.4/mlp/up_proj/MatMul,FullyConnected,FullyConnected,fullyconnected:/model/layers.4/mlp/up_proj/MatMul,fullyconnected:/model/layers.4/mlp/up_proj/MatMul,fully_connected,fully_connected_gpu_bf_tiled,453,fully_connected_gpu_bf_tiled_2740906288179525049_0_0,fully_connected_gpu_bf_tiled_2740906288179525049_0_0,1,1784,matched,aligned,true,true,true,exec_profile,gtpin_total_execution_cycles,95457360,542371,cycles,176,95457360,542371,0,0,,,0,0,0,"{""gtpin_avg_execution_cycles_per_invocation"":542371,""gtpin_invocation_count"":176,""gtpin_total_execution_cycles"":95457360}",InvocationCount=176;TotalExecutionCycles=95457360;AvgExecutionCyclesPerInvocation=542371
n1_i3,3,1,3,performance,false,layers.*/mlp,/model/layers.15/mlp/up_proj/MatMul,FullyConnected,FullyConnected,fullyconnected:/model/layers.15/mlp/up_proj/MatMul,fullyconnected:/model/layers.15/mlp/up_proj/MatMul,fully_connected,fully_connected_gpu_bf_tiled,849,fully_connected_gpu_bf_tiled_2740906288179525049_0_0,fully_connected_gpu_bf_tiled_2740906288179525049_0_0,1,2026,matched,aligned,true,true,true,exec_profile,gtpin_total_execution_cycles,95182012,540806,cycles,176,95182012,540806,0,0,,,0,0,0,"{""gtpin_avg_execution_cycles_per_invocation"":540806,""gtpin_invocation_count"":176,""gtpin_total_execution_cycles"":95182012}",InvocationCount=176;TotalExecutionCycles=95182012;AvgExecutionCyclesPerInvocation=540806
n1_i3,3,1,3,performance,false,layers.*/mlp,/model/layers.7/mlp/up_proj/MatMul,FullyConnected,FullyConnected,fullyconnected:/model/layers.7/mlp/up_proj/MatMul,fullyconnected:/model/layers.7/mlp/up_proj/MatMul,fully_connected,fully_connected_gpu_bf_tiled,561,fully_connected_gpu_bf_tiled_2740906288179525049_0_0,fully_connected_gpu_bf_tiled_2740906288179525049_0_0,1,1850,matched,aligned,true,true,true,exec_profile,gtpin_total_execution_cycles,94235476,535428,cycles,176,94235476,535428,0,0,,,0,0,0,"{""gtpin_avg_execution_cycles_per_invocation"":535428,""gtpin_invocation_count"":176,""gtpin_total_execution_cycles"":94235476}",InvocationCount=176;TotalExecutionCycles=94235476;AvgExecutionCyclesPerInvocation=535428
n1_i3,3,1,3,performance,false,layers.*/mlp,/model/layers.9/mlp/down_proj/MatMul,FullyConnected,FullyConnected,fullyconnected:/model/layers.9/mlp/down_proj/MatMul,fullyconnected:/model/layers.9/mlp/down_proj/MatMul,fully_connected,fully_connected_gpu_bf_tiled,635,fully_connected_gpu_bf_tiled_2727911967636154657_0_0,fully_connected_gpu_bf_tiled_2727911967636154657_0_0,1,1896,matched,aligned,true,true,true,exec_profile,gtpin_total_execution_cycles,80862588,1263477,cycles,64,80862588,1263477,0,0,,,0,0,0,"{""gtpin_avg_execution_cycles_per_invocation"":1263477,""gtpin_invocation_count"":64,""gtpin_total_execution_cycles"":80862588}",InvocationCount=64;TotalExecutionCycles=80862588;AvgExecutionCyclesPerInvocation=1263477
n1_i3,3,1,3,performance,false,layers.*/mlp,/model/layers.12/mlp/down_proj/MatMul,FullyConnected,FullyConnected,fullyconnected:/model/layers.12/mlp/down_proj/MatMul,fullyconnected:/model/layers.12/mlp/down_proj/MatMul,fully_connected,fully_connected_gpu_bf_tiled,743,fully_connected_gpu_bf_tiled_2727911967636154657_0_0,fully_connected_gpu_bf_tiled_2727911967636154657_0_0,1,1962,matched,aligned,true,true,true,exec_profile,gtpin_total_execution_cycles,80053726,1250839,cycles,64,80053726,1250839,0,0,,,0,0,0,"{""gtpin_avg_execution_cycles_per_invocation"":1250839,""gtpin_invocation_count"":64,""gtpin_total_execution_cycles"":80053726}",InvocationCount=64;TotalExecutionCycles=80053726;AvgExecutionCyclesPerInvocation=1250839
n1_i3,3,1,3,performance,false,layers.*/mlp,/model/layers.20/mlp/down_proj/MatMul,FullyConnected,FullyConnected,fullyconnected:/model/layers.20/mlp/down_proj/MatMul,fullyconnected:/model/layers.20/mlp/down_proj/MatMul,fully_connected,fully_connected_gpu_bf_tiled,1031,fully_connected_gpu_bf_tiled_2727911967636154657_0_0,fully_connected_gpu_bf_tiled_2727911967636154657_0_0,1,2138,matched,aligned,true,true,true,exec_profile,gtpin_total_execution_cycles,79860548,1247821,cycles,64,79860548,1247821,0,0,,,0,0,0,"{""gtpin_avg_execution_cycles_per_invocation"":1247821,""gtpin_invocation_count"":64,""gtpin_total_execution_cycles"":79860548}",InvocationCount=64;TotalExecutionCycles=79860548;AvgExecutionCyclesPerInvocation=1247821
n1_i3,3,1,3,performance,false,layers.*/mlp,/model/layers.2/mlp/down_proj/MatMul,FullyConnected,FullyConnected,fullyconnected:/model/layers.2/mlp/down_proj/MatMul,fullyconnected:/model/layers.2/mlp/down_proj/MatMul,fully_connected,fully_connected_gpu_bf_tiled,383,fully_connected_gpu_bf_tiled_2727911967636154657_0_0,fully_connected_gpu_bf_tiled_2727911967636154657_0_0,1,1742,matched,aligned,true,true,true,exec_profile,gtpin_total_execution_cycles,79757780,1246215,cycles,64,79757780,1246215,0,0,,,0,0,0,"{""gtpin_avg_execution_cycles_per_invocation"":1246215,""gtpin_invocation_count"":64,""gtpin_total_execution_cycles"":79757780}",InvocationCount=64;TotalExecutionCycles=79757780;AvgExecutionCyclesPerInvocation=1246215
n1_i3,3,1,3,performance,false,layers.*/mlp,/model/layers.11/mlp/down_proj/MatMul,FullyConnected,FullyConnected,fullyconnected:/model/layers.11/mlp/down_proj/MatMul,fullyconnected:/model/layers.11/mlp/down_proj/MatMul,fully_connected,fully_connected_gpu_bf_tiled,707,fully_connected_gpu_bf_tiled_2727911967636154657_0_0,fully_connected_gpu_bf_tiled_2727911967636154657_0_0,1,1940,matched,aligned,true,true,true,exec_profile,gtpin_total_execution_cycles,79053938,1235217,cycles,64,79053938,1235217,0,0,,,0,0,0,"{""gtpin_avg_execution_cycles_per_invocation"":1235217,""gtpin_invocation_count"":64,""gtpin_total_execution_cycles"":79053938}",InvocationCount=64;TotalExecutionCycles=79053938;AvgExecutionCyclesPerInvocation=1235217
n1_i3,3,1,3,performance,false,layers.*/mlp,/model/layers.17/mlp/down_proj/MatMul,FullyConnected,FullyConnected,fullyconnected:/model/layers.17/mlp/down_proj/MatMul,fullyconnected:/model/layers.17/mlp/down_proj/MatMul,fully_connected,fully_connected_gpu_bf_tiled,923,fully_connected_gpu_bf_tiled_2727911967636154657_0_0,fully_connected_gpu_bf_tiled_2727911967636154657_0_0,1,2072,matched,aligned,true,true,true,exec_profile,gtpin_total_execution_cycles,78781340,1230958,cycles,64,78781340,1230958,0,0,,,0,0,0,"{""gtpin_avg_execution_cycles_per_invocation"":1230958,""gtpin_invocation_count"":64,""gtpin_total_execution_cycles"":78781340}",InvocationCount=64;TotalExecutionCycles=78781340;AvgExecutionCyclesPerInvocation=1230958
n1_i3,3,1,3,performance,false,layers.*/mlp,/model/layers.8/mlp/down_proj/MatMul,FullyConnected,FullyConnected,fullyconnected:/model/layers.8/mlp/down_proj/MatMul,fullyconnected:/model/layers.8/mlp/down_proj/MatMul,fully_connected,fully_connected_gpu_bf_tiled,599,fully_connected_gpu_bf_tiled_2727911967636154657_0_0,fully_connected_gpu_bf_tiled_2727911967636154657_0_0,1,1874,matched,aligned,true,true,true,exec_profile,gtpin_total_execution_cycles,78729724,1230151,cycles,64,78729724,1230151,0,0,,,0,0,0,"{""gtpin_avg_execution_cycles_per_invocation"":1230151,""gtpin_invocation_count"":64,""gtpin_total_execution_cycles"":78729724}",InvocationCount=64;TotalExecutionCycles=78729724;AvgExecutionCyclesPerInvocation=1230151
n1_i3,3,1,3,performance,false,layers.*/mlp,/model/layers.13/mlp/down_proj/MatMul,FullyConnected,FullyConnected,fullyconnected:/model/layers.13/mlp/down_proj/MatMul,fullyconnected:/model/layers.13/mlp/down_proj/MatMul,fully_connected,fully_connected_gpu_bf_tiled,779,fully_connected_gpu_bf_tiled_2727911967636154657_0_0,fully_connected_gpu_bf_tiled_2727911967636154657_0_0,1,1984,matched,aligned,true,true,true,exec_profile,gtpin_total_execution_cycles,78197828,1221841,cycles,64,78197828,1221841,0,0,,,0,0,0,"{""gtpin_avg_execution_cycles_per_invocation"":1221841,""gtpin_invocation_count"":64,""gtpin_total_execution_cycles"":78197828}",InvocationCount=64;TotalExecutionCycles=78197828;AvgExecutionCyclesPerInvocation=1221841
n1_i3,3,1,3,performance,false,layers.*/mlp,/model/layers.16/mlp/down_proj/MatMul,FullyConnected,FullyConnected,fullyconnected:/model/layers.16/mlp/down_proj/MatMul,fullyconnected:/model/layers.16/mlp/down_proj/MatMul,fully_connected,fully_connected_gpu_bf_tiled,887,fully_connected_gpu_bf_tiled_2727911967636154657_0_0,fully_connected_gpu_bf_tiled_2727911967636154657_0_0,1,2050,matched,aligned,true,true,true,exec_profile,gtpin_total_execution_cycles,77914048,1217407,cycles,64,77914048,1217407,0,0,,,0,0,0,"{""gtpin_avg_execution_cycles_per_invocation"":1217407,""gtpin_invocation_count"":64,""gtpin_total_execution_cycles"":77914048}",InvocationCount=64;TotalExecutionCycles=77914048;AvgExecutionCyclesPerInvocation=1217407
n1_i3,3,1,3,performance,false,layers.*/mlp,/model/layers.1/mlp/down_proj/MatMul,FullyConnected,FullyConnected,fullyconnected:/model/layers.1/mlp/down_proj/MatMul,fullyconnected:/model/layers.1/mlp/down_proj/MatMul,fully_connected,fully_connected_gpu_bf_tiled,347,fully_connected_gpu_bf_tiled_2727911967636154657_0_0,fully_connected_gpu_bf_tiled_2727911967636154657_0_0,1,1720,matched,aligned,true,true,true,exec_profile,gtpin_total_execution_cycles,77848630,1216384,cycles,64,77848630,1216384,0,0,,,0,0,0,"{""gtpin_avg_execution_cycles_per_invocation"":1216384,""gtpin_invocation_count"":64,""gtpin_total_execution_cycles"":77848630}",InvocationCount=64;TotalExecutionCycles=77848630;AvgExecutionCyclesPerInvocation=1216384
n1_i3,3,1,3,performance,false,layers.*/mlp,/model/layers.7/mlp/down_proj/MatMul,FullyConnected,FullyConnected,fullyconnected:/model/layers.7/mlp/down_proj/MatMul,fullyconnected:/model/layers.7/mlp/down_proj/MatMul,fully_connected,fully_connected_gpu_bf_tiled,563,fully_connected_gpu_bf_tiled_2727911967636154657_0_0,fully_connected_gpu_bf_tiled_2727911967636154657_0_0,1,1852,matched,aligned,true,true,true,exec_profile,gtpin_total_execution_cycles,76717626,1198712,cycles,64,76717626,1198712,0,0,,,0,0,0,"{""gtpin_avg_execution_cycles_per_invocation"":1198712,""gtpin_invocation_count"":64,""gtpin_total_execution_cycles"":76717626}",InvocationCount=64;TotalExecutionCycles=76717626;AvgExecutionCyclesPerInvocation=1198712
n1_i3,3,1,3,performance,false,layers.*/mlp,/model/layers.21/mlp/down_proj/MatMul,FullyConnected,FullyConnected,fullyconnected:/model/layers.21/mlp/down_proj/MatMul,fullyconnected:/model/layers.21/mlp/down_proj/MatMul,fully_connected,fully_connected_gpu_bf_tiled,1067,fully_connected_gpu_bf_tiled_2727911967636154657_0_0,fully_connected_gpu_bf_tiled_2727911967636154657_0_0,1,2160,matched,aligned,true,true,true,exec_profile,gtpin_total_execution_cycles,76530568,1195790,cycles,64,76530568,1195790,0,0,,,0,0,0,"{""gtpin_avg_execution_cycles_per_invocation"":1195790,""gtpin_invocation_count"":64,""gtpin_total_execution_cycles"":76530568}",InvocationCount=64;TotalExecutionCycles=76530568;AvgExecutionCyclesPerInvocation=1195790
n1_i3,3,1,3,performance,false,layers.*/mlp,/model/layers.14/mlp/down_proj/MatMul,FullyConnected,FullyConnected,fullyconnected:/model/layers.14/mlp/down_proj/MatMul,fullyconnected:/model/layers.14/mlp/down_proj/MatMul,fully_connected,fully_connected_gpu_bf_tiled,815,fully_connected_gpu_bf_tiled_2727911967636154657_0_0,fully_connected_gpu_bf_tiled_2727911967636154657_0_0,1,2006,matched,aligned,true,true,true,exec_profile,gtpin_total_execution_cycles,76104142,1189127,cycles,64,76104142,1189127,0,0,,,0,0,0,"{""gtpin_avg_execution_cycles_per_invocation"":1189127,""gtpin_invocation_count"":64,""gtpin_total_execution_cycles"":76104142}",InvocationCount=64;TotalExecutionCycles=76104142;AvgExecutionCyclesPerInvocation=1189127
n1_i3,3,1,3,performance,false,layers.*/mlp,/model/layers.4/mlp/down_proj/MatMul,FullyConnected,FullyConnected,fullyconnected:/model/layers.4/mlp/down_proj/MatMul,fullyconnected:/model/layers.4/mlp/down_proj/MatMul,fully_connected,fully_connected_gpu_bf_tiled,455,fully_connected_gpu_bf_tiled_2727911967636154657_0_0,fully_connected_gpu_bf_tiled_2727911967636154657_0_0,1,1786,matched,aligned,true,true,true,exec_profile,gtpin_total_execution_cycles,76096388,1189006,cycles,64,76096388,1189006,0,0,,,0,0,0,"{""gtpin_avg_execution_cycles_per_invocation"":1189006,""gtpin_invocation_count"":64,""gtpin_total_execution_cycles"":76096388}",InvocationCount=64;TotalExecutionCycles=76096388;AvgExecutionCyclesPerInvocation=1189006
n1_i3,3,1,3,performance,false,layers.*/mlp,/model/layers.5/mlp/down_proj/MatMul,FullyConnected,FullyConnected,fullyconnected:/model/layers.5/mlp/down_proj/MatMul,fullyconnected:/model/layers.5/mlp/down_proj/MatMul,fully_connected,fully_connected_gpu_bf_tiled,491,fully_connected_gpu_bf_tiled_2727911967636154657_0_0,fully_connected_gpu_bf_tiled_2727911967636154657_0_0,1,1808,matched,aligned,true,true,true,exec_profile,gtpin_total_execution_cycles,76085578,1188837,cycles,64,76085578,1188837,0,0,,,0,0,0,"{""gtpin_avg_execution_cycles_per_invocation"":1188837,""gtpin_invocation_count"":64,""gtpin_total_execution_cycles"":76085578}",InvocationCount=64;TotalExecutionCycles=76085578;AvgExecutionCyclesPerInvocation=1188837
n1_i3,3,1,3,performance,false,layers.*/mlp,/model/layers.10/mlp/down_proj/MatMul,FullyConnected,FullyConnected,fullyconnected:/model/layers.10/mlp/down_proj/MatMul,fullyconnected:/model/layers.10/mlp/down_proj/MatMul,fully_connected,fully_connected_gpu_bf_tiled,671,fully_connected_gpu_bf_tiled_2727911967636154657_0_0,fully_connected_gpu_bf_tiled_2727911967636154657_0_0,1,1918,matched,aligned,true,true,true,exec_profile,gtpin_total_execution_cycles,75806280,1184473,cycles,64,75806280,1184473,0,0,,,0,0,0,"{""gtpin_avg_execution_cycles_per_invocation"":1184473,""gtpin_invocation_count"":64,""gtpin_total_execution_cycles"":75806280}",InvocationCount=64;TotalExecutionCycles=75806280;AvgExecutionCyclesPerInvocation=1184473
n1_i3,3,1,3,performance,false,layers.*/mlp,/model/layers.19/mlp/down_proj/MatMul,FullyConnected,FullyConnected,fullyconnected:/model/layers.19/mlp/down_proj/MatMul,fullyconnected:/model/layers.19/mlp/down_proj/MatMul,fully_connected,fully_connected_gpu_bf_tiled,995,fully_connected_gpu_bf_tiled_2727911967636154657_0_0,fully_connected_gpu_bf_tiled_2727911967636154657_0_0,1,2116,matched,aligned,true,true,true,exec_profile,gtpin_total_execution_cycles,75749454,1183585,cycles,64,75749454,1183585,0,0,,,0,0,0,"{""gtpin_avg_execution_cycles_per_invocation"":1183585,""gtpin_invocation_count"":64,""gtpin_total_execution_cycles"":75749454}",InvocationCount=64;TotalExecutionCycles=75749454;AvgExecutionCyclesPerInvocation=1183585
n1_i3,3,1,3,performance,false,layers.*/mlp,/model/layers.6/mlp/down_proj/MatMul,FullyConnected,FullyConnected,fullyconnected:/model/layers.6/mlp/down_proj/MatMul,fullyconnected:/model/layers.6/mlp/down_proj/MatMul,fully_connected,fully_connected_gpu_bf_tiled,527,fully_connected_gpu_bf_tiled_2727911967636154657_0_0,fully_connected_gpu_bf_tiled_2727911967636154657_0_0,1,1830,matched,aligned,true,true,true,exec_profile,gtpin_total_execution_cycles,75658536,1182164,cycles,64,75658536,1182164,0,0,,,0,0,0,"{""gtpin_avg_execution_cycles_per_invocation"":1182164,""gtpin_invocation_count"":64,""gtpin_total_execution_cycles"":75658536}",InvocationCount=64;TotalExecutionCycles=75658536;AvgExecutionCyclesPerInvocation=1182164
n1_i3,3,1,3,performance,false,layers.*/mlp,/model/layers.18/mlp/down_proj/MatMul,FullyConnected,FullyConnected,fullyconnected:/model/layers.18/mlp/down_proj/MatMul,fullyconnected:/model/layers.18/mlp/down_proj/MatMul,fully_connected,fully_connected_gpu_bf_tiled,959,fully_connected_gpu_bf_tiled_2727911967636154657_0_0,fully_connected_gpu_bf_tiled_2727911967636154657_0_0,1,2094,matched,aligned,true,true,true,exec_profile,gtpin_total_execution_cycles,75403476,1178179,cycles,64,75403476,1178179,0,0,,,0,0,0,"{""gtpin_avg_execution_cycles_per_invocation"":1178179,""gtpin_invocation_count"":64,""gtpin_total_execution_cycles"":75403476}",InvocationCount=64;TotalExecutionCycles=75403476;AvgExecutionCyclesPerInvocation=1178179
n1_i3,3,1,3,performance,false,layers.*/mlp,/model/layers.3/mlp/down_proj/MatMul,FullyConnected,FullyConnected,fullyconnected:/model/layers.3/mlp/down_proj/MatMul,fullyconnected:/model/layers.3/mlp/down_proj/MatMul,fully_connected,fully_connected_gpu_bf_tiled,419,fully_connected_gpu_bf_tiled_2727911967636154657_0_0,fully_connected_gpu_bf_tiled_2727911967636154657_0_0,1,1764,matched,aligned,true,true,true,exec_profile,gtpin_total_execution_cycles,75272248,1176128,cycles,64,75272248,1176128,0,0,,,0,0,0,"{""gtpin_avg_execution_cycles_per_invocation"":1176128,""gtpin_invocation_count"":64,""gtpin_total_execution_cycles"":75272248}",InvocationCount=64;TotalExecutionCycles=75272248;AvgExecutionCyclesPerInvocation=1176128
n1_i3,3,1,3,performance,false,layers.*/mlp,/model/layers.15/mlp/down_proj/MatMul,FullyConnected,FullyConnected,fullyconnected:/model/layers.15/mlp/down_proj/MatMul,fullyconnected:/model/layers.15/mlp/down_proj/MatMul,fully_connected,fully_connected_gpu_bf_tiled,851,fully_connected_gpu_bf_tiled_2727911967636154657_0_0,fully_connected_gpu_bf_tiled_2727911967636154657_0_0,1,2028,matched,aligned,true,true,true,exec_profile,gtpin_total_execution_cycles,74850022,1169531,cycles,64,74850022,1169531,0,0,,,0,0,0,"{""gtpin_avg_execution_cycles_per_invocation"":1169531,""gtpin_invocation_count"":64,""gtpin_total_execution_cycles"":74850022}",InvocationCount=64;TotalExecutionCycles=74850022;AvgExecutionCyclesPerInvocation=1169531
n1_i3,3,1,3,performance,false,layers.*/mlp,/model/layers.0/mlp/down_proj/MatMul,FullyConnected,FullyConnected,fullyconnected:/model/layers.0/mlp/down_proj/MatMul,fullyconnected:/model/layers.0/mlp/down_proj/MatMul,fully_connected,fully_connected_gpu_bf_tiled,311,fully_connected_gpu_bf_tiled_2727911967636154657_0_0,fully_connected_gpu_bf_tiled_2727911967636154657_0_0,1,1698,matched,aligned,true,true,true,exec_profile,gtpin_total_execution_cycles,74231864,1159872,cycles,64,74231864,1159872,0,0,,,0,0,0,"{""gtpin_avg_execution_cycles_per_invocation"":1159872,""gtpin_invocation_count"":64,""gtpin_total_execution_cycles"":74231864}",InvocationCount=64;TotalExecutionCycles=74231864;AvgExecutionCyclesPerInvocation=1159872
n1_i3,3,1,3,performance,false,layers.*/self_attn,/model/layers.0/self_attn/q_proj/MatMul,FullyConnected,FullyConnected,fullyconnected:/model/layers.0/self_attn/q_proj/MatMul,fullyconnected:/model/layers.0/self_attn/q_proj/MatMul,fully_connected,fully_connected_gpu_bf_tiled,239,fully_connected_gpu_bf_tiled_5315586391497964380_0_0,fully_connected_gpu_bf_tiled_5315586391497964380_0_0,1,1668,matched,aligned,true,true,true,exec_profile,gtpin_total_execution_cycles,32934060,514594,cycles,64,32934060,514594,0,0,,,0,0,0,"{""gtpin_avg_execution_cycles_per_invocation"":514594,""gtpin_invocation_count"":64,""gtpin_total_execution_cycles"":32934060}",InvocationCount=64;TotalExecutionCycles=32934060;AvgExecutionCyclesPerInvocation=514594
n1_i3,3,1,3,performance,false,layers.*/self_attn,/model/layers.21/self_attn/q_proj/MatMul,FullyConnected,FullyConnected,fullyconnected:/model/layers.21/self_attn/q_proj/MatMul,fullyconnected:/model/layers.21/self_attn/q_proj/MatMul,fully_connected,fully_connected_gpu_bf_tiled,1034,fully_connected_gpu_bf_tiled_5315586391497964380_0_0,fully_connected_gpu_bf_tiled_5315586391497964380_0_0,1,2141,matched,aligned,true,true,true,exec_profile,gtpin_total_execution_cycles,30842204,481909,cycles,64,30842204,481909,0,0,,,0,0,0,"{""gtpin_avg_execution_cycles_per_invocation"":481909,""gtpin_invocation_count"":64,""gtpin_total_execution_cycles"":30842204}",InvocationCount=64;TotalExecutionCycles=30842204;AvgExecutionCyclesPerInvocation=481909
n1_i3,3,1,3,performance,false,layers.*/self_attn,/model/layers.18/self_attn/o_proj/MatMul,FullyConnected,FullyConnected,fullyconnected:/model/layers.18/self_attn/o_proj/MatMul,fullyconnected:/model/layers.18/self_attn/o_proj/MatMul,fully_connected,fully_connected_gpu_bf_tiled,955,fully_connected_gpu_bf_tiled_14284117615310227244_0_0,fully_connected_gpu_bf_tiled_14284117615310227244_0_0,1,2090,matched,aligned,true,true,true,exec_profile,gtpin_total_execution_cycles,30333820,473965,cycles,64,30333820,473965,0,0,,,0,0,0,"{""gtpin_avg_execution_cycles_per_invocation"":473965,""gtpin_invocation_count"":64,""gtpin_total_execution_cycles"":30333820}",InvocationCount=64;TotalExecutionCycles=30333820;AvgExecutionCyclesPerInvocation=473965
n1_i3,3,1,3,performance,false,layers.*/self_attn,/model/layers.5/self_attn/o_proj/MatMul,FullyConnected,FullyConnected,fullyconnected:/model/layers.5/self_attn/o_proj/MatMul,fullyconnected:/model/layers.5/self_attn/o_proj/MatMul,fully_connected,fully_connected_gpu_bf_tiled,487,fully_connected_gpu_bf_tiled_14284117615310227244_0_0,fully_connected_gpu_bf_tiled_14284117615310227244_0_0,1,1804,matched,aligned,true,true,true,exec_profile,gtpin_total_execution_cycles,30297262,473394,cycles,64,30297262,473394,0,0,,,0,0,0,"{""gtpin_avg_execution_cycles_per_invocation"":473394,""gtpin_invocation_count"":64,""gtpin_total_execution_cycles"":30297262}",InvocationCount=64;TotalExecutionCycles=30297262;AvgExecutionCyclesPerInvocation=473394
n1_i3,3,1,3,performance,false,layers.*/self_attn,/model/layers.18/self_attn/q_proj/MatMul,FullyConnected,FullyConnected,fullyconnected:/model/layers.18/self_attn/q_proj/MatMul,fullyconnected:/model/layers.18/self_attn/q_proj/MatMul,fully_connected,fully_connected_gpu_bf_tiled,926,fully_connected_gpu_bf_tiled_5315586391497964380_0_0,fully_connected_gpu_bf_tiled_5315586391497964380_0_0,1,2075,matched,aligned,true,true,true,exec_profile,gtpin_total_execution_cycles,30114802,470543,cycles,64,30114802,470543,0,0,,,0,0,0,"{""gtpin_avg_execution_cycles_per_invocation"":470543,""gtpin_invocation_count"":64,""gtpin_total_execution_cycles"":30114802}",InvocationCount=64;TotalExecutionCycles=30114802;AvgExecutionCyclesPerInvocation=470543
n1_i3,3,1,3,performance,false,layers.*/self_attn,/model/layers.20/self_attn/o_proj/MatMul,FullyConnected,FullyConnected,fullyconnected:/model/layers.20/self_attn/o_proj/MatMul,fullyconnected:/model/layers.20/self_attn/o_proj/MatMul,fully_connected,fully_connected_gpu_bf_tiled,1027,fully_connected_gpu_bf_tiled_14284117615310227244_0_0,fully_connected_gpu_bf_tiled_14284117615310227244_0_0,1,2134,matched,aligned,true,true,true,exec_profile,gtpin_total_execution_cycles,30036802,469325,cycles,64,30036802,469325,0,0,,,0,0,0,"{""gtpin_avg_execution_cycles_per_invocation"":469325,""gtpin_invocation_count"":64,""gtpin_total_execution_cycles"":30036802}",InvocationCount=64;TotalExecutionCycles=30036802;AvgExecutionCyclesPerInvocation=469325
n1_i3,3,1,3,performance,false,layers.*/self_attn,/model/layers.9/self_attn/q_proj/MatMul,FullyConnected,FullyConnected,fullyconnected:/model/layers.9/self_attn/q_proj/MatMul,fullyconnected:/model/layers.9/self_attn/q_proj/MatMul,fully_connected,fully_connected_gpu_bf_tiled,602,fully_connected_gpu_bf_tiled_5315586391497964380_0_0,fully_connected_gpu_bf_tiled_5315586391497964380_0_0,1,1877,matched,aligned,true,true,true,exec_profile,gtpin_total_execution_cycles,29931124,467673,cycles,64,29931124,467673,0,0,,,0,0,0,"{""gtpin_avg_execution_cycles_per_invocation"":467673,""gtpin_invocation_count"":64,""gtpin_total_execution_cycles"":29931124}",InvocationCount=64;TotalExecutionCycles=29931124;AvgExecutionCyclesPerInvocation=467673
n1_i3,3,1,3,performance,false,layers.*/self_attn,/model/layers.2/self_attn/q_proj/MatMul,FullyConnected,FullyConnected,fullyconnected:/model/layers.2/self_attn/q_proj/MatMul,fullyconnected:/model/layers.2/self_attn/q_proj/MatMul,fully_connected,fully_connected_gpu_bf_tiled,350,fully_connected_gpu_bf_tiled_5315586391497964380_0_0,fully_connected_gpu_bf_tiled_5315586391497964380_0_0,1,1723,matched,aligned,true,true,true,exec_profile,gtpin_total_execution_cycles,29610774,462668,cycles,64,29610774,462668,0,0,,,0,0,0,"{""gtpin_avg_execution_cycles_per_invocation"":462668,""gtpin_invocation_count"":64,""gtpin_total_execution_cycles"":29610774}",InvocationCount=64;TotalExecutionCycles=29610774;AvgExecutionCyclesPerInvocation=462668
n1_i3,3,1,3,performance,false,layers.*/self_attn,/model/layers.9/self_attn/o_proj/MatMul,FullyConnected,FullyConnected,fullyconnected:/model/layers.9/self_attn/o_proj/MatMul,fullyconnected:/model/layers.9/self_attn/o_proj/MatMul,fully_connected,fully_connected_gpu_bf_tiled,631,fully_connected_gpu_bf_tiled_14284117615310227244_0_0,fully_connected_gpu_bf_tiled_14284117615310227244_0_0,1,1892,matched,aligned,true,true,true,exec_profile,gtpin_total_execution_cycles,29588064,462313,cycles,64,29588064,462313,0,0,,,0,0,0,"{""gtpin_avg_execution_cycles_per_invocation"":462313,""gtpin_invocation_count"":64,""gtpin_total_execution_cycles"":29588064}",InvocationCount=64;TotalExecutionCycles=29588064;AvgExecutionCyclesPerInvocation=462313
n1_i3,3,1,3,performance,false,layers.*/self_attn,/model/layers.11/self_attn/q_proj/MatMul,FullyConnected,FullyConnected,fullyconnected:/model/layers.11/self_attn/q_proj/MatMul,fullyconnected:/model/layers.11/self_attn/q_proj/MatMul,fully_connected,fully_connected_gpu_bf_tiled,674,fully_connected_gpu_bf_tiled_5315586391497964380_0_0,fully_connected_gpu_bf_tiled_5315586391497964380_0_0,1,1921,matched,aligned,true,true,true,exec_profile,gtpin_total_execution_cycles,29544822,461637,cycles,64,29544822,461637,0,0,,,0,0,0,"{""gtpin_avg_execution_cycles_per_invocation"":461637,""gtpin_invocation_count"":64,""gtpin_total_execution_cycles"":29544822}",InvocationCount=64;TotalExecutionCycles=29544822;AvgExecutionCyclesPerInvocation=461637
n1_i3,3,1,3,performance,false,layers.*/self_attn,/model/layers.6/self_attn/o_proj/MatMul,FullyConnected,FullyConnected,fullyconnected:/model/layers.6/self_attn/o_proj/MatMul,fullyconnected:/model/layers.6/self_attn/o_proj/MatMul,fully_connected,fully_connected_gpu_bf_tiled,523,fully_connected_gpu_bf_tiled_14284117615310227244_0_0,fully_connected_gpu_bf_tiled_14284117615310227244_0_0,1,1826,matched,aligned,true,true,true,exec_profile,gtpin_total_execution_cycles,29416178,459627,cycles,64,29416178,459627,0,0,,,0,0,0,"{""gtpin_avg_execution_cycles_per_invocation"":459627,""gtpin_invocation_count"":64,""gtpin_total_execution_cycles"":29416178}",InvocationCount=64;TotalExecutionCycles=29416178;AvgExecutionCyclesPerInvocation=459627
n1_i3,3,1,3,performance,false,layers.*/self_attn,/model/layers.11/self_attn/o_proj/MatMul,FullyConnected,FullyConnected,fullyconnected:/model/layers.11/self_attn/o_proj/MatMul,fullyconnected:/model/layers.11/self_attn/o_proj/MatMul,fully_connected,fully_connected_gpu_bf_tiled,703,fully_connected_gpu_bf_tiled_14284117615310227244_0_0,fully_connected_gpu_bf_tiled_14284117615310227244_0_0,1,1936,matched,aligned,true,true,true,exec_profile,gtpin_total_execution_cycles,29375476,458991,cycles,64,29375476,458991,0,0,,,0,0,0,"{""gtpin_avg_execution_cycles_per_invocation"":458991,""gtpin_invocation_count"":64,""gtpin_total_execution_cycles"":29375476}",InvocationCount=64;TotalExecutionCycles=29375476;AvgExecutionCyclesPerInvocation=458991
n1_i3,3,1,3,performance,false,layers.*/self_attn,/model/layers.10/self_attn/q_proj/MatMul,FullyConnected,FullyConnected,fullyconnected:/model/layers.10/self_attn/q_proj/MatMul,fullyconnected:/model/layers.10/self_attn/q_proj/MatMul,fully_connected,fully_connected_gpu_bf_tiled,638,fully_connected_gpu_bf_tiled_5315586391497964380_0_0,fully_connected_gpu_bf_tiled_5315586391497964380_0_0,1,1899,matched,aligned,true,true,true,exec_profile,gtpin_total_execution_cycles,29341190,458456,cycles,64,29341190,458456,0,0,,,0,0,0,"{""gtpin_avg_execution_cycles_per_invocation"":458456,""gtpin_invocation_count"":64,""gtpin_total_execution_cycles"":29341190}",InvocationCount=64;TotalExecutionCycles=29341190;AvgExecutionCyclesPerInvocation=458456
n1_i3,3,1,3,performance,false,layers.*/self_attn,/model/layers.13/self_attn/q_proj/MatMul,FullyConnected,FullyConnected,fullyconnected:/model/layers.13/self_attn/q_proj/MatMul,fullyconnected:/model/layers.13/self_attn/q_proj/MatMul,fully_connected,fully_connected_gpu_bf_tiled,746,fully_connected_gpu_bf_tiled_5315586391497964380_0_0,fully_connected_gpu_bf_tiled_5315586391497964380_0_0,1,1965,matched,aligned,true,true,true,exec_profile,gtpin_total_execution_cycles,29327292,458238,cycles,64,29327292,458238,0,0,,,0,0,0,"{""gtpin_avg_execution_cycles_per_invocation"":458238,""gtpin_invocation_count"":64,""gtpin_total_execution_cycles"":29327292}",InvocationCount=64;TotalExecutionCycles=29327292;AvgExecutionCyclesPerInvocation=458238
n1_i3,3,1,3,performance,false,layers.*/self_attn,/model/layers.8/self_attn/o_proj/MatMul,FullyConnected,FullyConnected,fullyconnected:/model/layers.8/self_attn/o_proj/MatMul,fullyconnected:/model/layers.8/self_attn/o_proj/MatMul,fully_connected,fully_connected_gpu_bf_tiled,595,fully_connected_gpu_bf_tiled_14284117615310227244_0_0,fully_connected_gpu_bf_tiled_14284117615310227244_0_0,1,1870,matched,aligned,true,true,true,exec_profile,gtpin_total_execution_cycles,29287914,457623,cycles,64,29287914,457623,0,0,,,0,0,0,"{""gtpin_avg_execution_cycles_per_invocation"":457623,""gtpin_invocation_count"":64,""gtpin_total_execution_cycles"":29287914}",InvocationCount=64;TotalExecutionCycles=29287914;AvgExecutionCyclesPerInvocation=457623
n1_i3,3,1,3,performance,false,layers.*/self_attn,/model/layers.16/self_attn/o_proj/MatMul,FullyConnected,FullyConnected,fullyconnected:/model/layers.16/self_attn/o_proj/MatMul,fullyconnected:/model/layers.16/self_attn/o_proj/MatMul,fully_connected,fully_connected_gpu_bf_tiled,883,fully_connected_gpu_bf_tiled_14284117615310227244_0_0,fully_connected_gpu_bf_tiled_14284117615310227244_0_0,1,2046,matched,aligned,true,true,true,exec_profile,gtpin_total_execution_cycles,29240358,456880,cycles,64,29240358,456880,0,0,,,0,0,0,"{""gtpin_avg_execution_cycles_per_invocation"":456880,""gtpin_invocation_count"":64,""gtpin_total_execution_cycles"":29240358}",InvocationCount=64;TotalExecutionCycles=29240358;AvgExecutionCyclesPerInvocation=456880
n1_i3,3,1,3,performance,false,layers.*/self_attn,/model/layers.3/self_attn/q_proj/MatMul,FullyConnected,FullyConnected,fullyconnected:/model/layers.3/self_attn/q_proj/MatMul,fullyconnected:/model/layers.3/self_attn/q_proj/MatMul,fully_connected,fully_connected_gpu_bf_tiled,386,fully_connected_gpu_bf_tiled_5315586391497964380_0_0,fully_connected_gpu_bf_tiled_5315586391497964380_0_0,1,1745,matched,aligned,true,true,true,exec_profile,gtpin_total_execution_cycles,29071738,454245,cycles,64,29071738,454245,0,0,,,0,0,0,"{""gtpin_avg_execution_cycles_per_invocation"":454245,""gtpin_invocation_count"":64,""gtpin_total_execution_cycles"":29071738}",InvocationCount=64;TotalExecutionCycles=29071738;AvgExecutionCyclesPerInvocation=454245
n1_i3,3,1,3,performance,false,layers.*/self_attn,/model/layers.14/self_attn/q_proj/MatMul,FullyConnected,FullyConnected,fullyconnected:/model/layers.14/self_attn/q_proj/MatMul,fullyconnected:/model/layers.14/self_attn/q_proj/MatMul,fully_connected,fully_connected_gpu_bf_tiled,782,fully_connected_gpu_bf_tiled_5315586391497964380_0_0,fully_connected_gpu_bf_tiled_5315586391497964380_0_0,1,1987,matched,aligned,true,true,true,exec_profile,gtpin_total_execution_cycles,29069598,454212,cycles,64,29069598,454212,0,0,,,0,0,0,"{""gtpin_avg_execution_cycles_per_invocation"":454212,""gtpin_invocation_count"":64,""gtpin_total_execution_cycles"":29069598}",InvocationCount=64;TotalExecutionCycles=29069598;AvgExecutionCyclesPerInvocation=454212
n1_i3,3,1,3,performance,false,layers.*/self_attn,/model/layers.21/self_attn/o_proj/MatMul,FullyConnected,FullyConnected,fullyconnected:/model/layers.21/self_attn/o_proj/MatMul,fullyconnected:/model/layers.21/self_attn/o_proj/MatMul,fully_connected,fully_connected_gpu_bf_tiled,1063,fully_connected_gpu_bf_tiled_14284117615310227244_0_0,fully_connected_gpu_bf_tiled_14284117615310227244_0_0,1,2156,matched,aligned,true,true,true,exec_profile,gtpin_total_execution_cycles,29065274,454144,cycles,64,29065274,454144,0,0,,,0,0,0,"{""gtpin_avg_execution_cycles_per_invocation"":454144,""gtpin_invocation_count"":64,""gtpin_total_execution_cycles"":29065274}",InvocationCount=64;TotalExecutionCycles=29065274;AvgExecutionCyclesPerInvocation=454144
n1_i3,3,1,3,performance,false,layers.*/self_attn,/model/layers.17/self_attn/q_proj/MatMul,FullyConnected,FullyConnected,fullyconnected:/model/layers.17/self_attn/q_proj/MatMul,fullyconnected:/model/layers.17/self_attn/q_proj/MatMul,fully_connected,fully_connected_gpu_bf_tiled,890,fully_connected_gpu_bf_tiled_5315586391497964380_0_0,fully_connected_gpu_bf_tiled_5315586391497964380_0_0,1,2053,matched,aligned,true,true,true,exec_profile,gtpin_total_execution_cycles,29024678,453510,cycles,64,29024678,453510,0,0,,,0,0,0,"{""gtpin_avg_execution_cycles_per_invocation"":453510,""gtpin_invocation_count"":64,""gtpin_total_execution_cycles"":29024678}",InvocationCount=64;TotalExecutionCycles=29024678;AvgExecutionCyclesPerInvocation=453510
n1_i3,3,1,3,performance,false,layers.*/self_attn,/model/layers.1/self_attn/o_proj/MatMul,FullyConnected,FullyConnected,fullyconnected:/model/layers.1/self_attn/o_proj/MatMul,fullyconnected:/model/layers.1/self_attn/o_proj/MatMul,fully_connected,fully_connected_gpu_bf_tiled,343,fully_connected_gpu_bf_tiled_14284117615310227244_0_0,fully_connected_gpu_bf_tiled_14284117615310227244_0_0,1,1716,matched,aligned,true,true,true,exec_profile,gtpin_total_execution_cycles,28983506,452867,cycles,64,28983506,452867,0,0,,,0,0,0,"{""gtpin_avg_execution_cycles_per_invocation"":452867,""gtpin_invocation_count"":64,""gtpin_total_execution_cycles"":28983506}",InvocationCount=64;TotalExecutionCycles=28983506;AvgExecutionCyclesPerInvocation=452867
n1_i3,3,1,3,performance,false,layers.*/self_attn,/model/layers.17/self_attn/o_proj/MatMul,FullyConnected,FullyConnected,fullyconnected:/model/layers.17/self_attn/o_proj/MatMul,fullyconnected:/model/layers.17/self_attn/o_proj/MatMul,fully_connected,fully_connected_gpu_bf_tiled,919,fully_connected_gpu_bf_tiled_14284117615310227244_0_0,fully_connected_gpu_bf_tiled_14284117615310227244_0_0,1,2068,matched,aligned,true,true,true,exec_profile,gtpin_total_execution_cycles,28933718,452089,cycles,64,28933718,452089,0,0,,,0,0,0,"{""gtpin_avg_execution_cycles_per_invocation"":452089,""gtpin_invocation_count"":64,""gtpin_total_execution_cycles"":28933718}",InvocationCount=64;TotalExecutionCycles=28933718;AvgExecutionCyclesPerInvocation=452089
n1_i3,3,1,3,performance,false,layers.*/self_attn,/model/layers.13/self_attn/o_proj/MatMul,FullyConnected,FullyConnected,fullyconnected:/model/layers.13/self_attn/o_proj/MatMul,fullyconnected:/model/layers.13/self_attn/o_proj/MatMul,fully_connected,fully_connected_gpu_bf_tiled,775,fully_connected_gpu_bf_tiled_14284117615310227244_0_0,fully_connected_gpu_bf_tiled_14284117615310227244_0_0,1,1980,matched,aligned,true,true,true,exec_profile,gtpin_total_execution_cycles,28931894,452060,cycles,64,28931894,452060,0,0,,,0,0,0,"{""gtpin_avg_execution_cycles_per_invocation"":452060,""gtpin_invocation_count"":64,""gtpin_total_execution_cycles"":28931894}",InvocationCount=64;TotalExecutionCycles=28931894;AvgExecutionCyclesPerInvocation=452060
n1_i3,3,1,3,performance,false,layers.*/self_attn,/model/layers.12/self_attn/q_proj/MatMul,FullyConnected,FullyConnected,fullyconnected:/model/layers.12/self_attn/q_proj/MatMul,fullyconnected:/model/layers.12/self_attn/q_proj/MatMul,fully_connected,fully_connected_gpu_bf_tiled,710,fully_connected_gpu_bf_tiled_5315586391497964380_0_0,fully_connected_gpu_bf_tiled_5315586391497964380_0_0,1,1943,matched,aligned,true,true,true,exec_profile,gtpin_total_execution_cycles,28856900,450889,cycles,64,28856900,450889,0,0,,,0,0,0,"{""gtpin_avg_execution_cycles_per_invocation"":450889,""gtpin_invocation_count"":64,""gtpin_total_execution_cycles"":28856900}",InvocationCount=64;TotalExecutionCycles=28856900;AvgExecutionCyclesPerInvocation=450889
n1_i3,3,1,3,performance,false,layers.*/self_attn,/model/layers.20/self_attn/q_proj/MatMul,FullyConnected,FullyConnected,fullyconnected:/model/layers.20/self_attn/q_proj/MatMul,fullyconnected:/model/layers.20/self_attn/q_proj/MatMul,fully_connected,fully_connected_gpu_bf_tiled,998,fully_connected_gpu_bf_tiled_5315586391497964380_0_0,fully_connected_gpu_bf_tiled_5315586391497964380_0_0,1,2119,matched,aligned,true,true,true,exec_profile,gtpin_total_execution_cycles,28841808,450653,cycles,64,28841808,450653,0,0,,,0,0,0,"{""gtpin_avg_execution_cycles_per_invocation"":450653,""gtpin_invocation_count"":64,""gtpin_total_execution_cycles"":28841808}",InvocationCount=64;TotalExecutionCycles=28841808;AvgExecutionCyclesPerInvocation=450653
n1_i3,3,1,3,performance,false,layers.*/self_attn,/model/layers.5/self_attn/q_proj/MatMul,FullyConnected,FullyConnected,fullyconnected:/model/layers.5/self_attn/q_proj/MatMul,fullyconnected:/model/layers.5/self_attn/q_proj/MatMul,fully_connected,fully_connected_gpu_bf_tiled,458,fully_connected_gpu_bf_tiled_5315586391497964380_0_0,fully_connected_gpu_bf_tiled_5315586391497964380_0_0,1,1789,matched,aligned,true,true,true,exec_profile,gtpin_total_execution_cycles,28812702,450198,cycles,64,28812702,450198,0,0,,,0,0,0,"{""gtpin_avg_execution_cycles_per_invocation"":450198,""gtpin_invocation_count"":64,""gtpin_total_execution_cycles"":28812702}",InvocationCount=64;TotalExecutionCycles=28812702;AvgExecutionCyclesPerInvocation=450198
n1_i3,3,1,3,performance,false,layers.*/self_attn,/model/layers.19/self_attn/q_proj/MatMul,FullyConnected,FullyConnected,fullyconnected:/model/layers.19/self_attn/q_proj/MatMul,fullyconnected:/model/layers.19/self_attn/q_proj/MatMul,fully_connected,fully_connected_gpu_bf_tiled,962,fully_connected_gpu_bf_tiled_5315586391497964380_0_0,fully_connected_gpu_bf_tiled_5315586391497964380_0_0,1,2097,matched,aligned,true,true,true,exec_profile,gtpin_total_execution_cycles,28734876,448982,cycles,64,28734876,448982,0,0,,,0,0,0,"{""gtpin_avg_execution_cycles_per_invocation"":448982,""gtpin_invocation_count"":64,""gtpin_total_execution_cycles"":28734876}",InvocationCount=64;TotalExecutionCycles=28734876;AvgExecutionCyclesPerInvocation=448982
n1_i3,3,1,3,performance,false,layers.*/self_attn,/model/layers.14/self_attn/o_proj/MatMul,FullyConnected,FullyConnected,fullyconnected:/model/layers.14/self_attn/o_proj/MatMul,fullyconnected:/model/layers.14/self_attn/o_proj/MatMul,fully_connected,fully_connected_gpu_bf_tiled,811,fully_connected_gpu_bf_tiled_14284117615310227244_0_0,fully_connected_gpu_bf_tiled_14284117615310227244_0_0,1,2002,matched,aligned,true,true,true,exec_profile,gtpin_total_execution_cycles,28733700,448964,cycles,64,28733700,448964,0,0,,,0,0,0,"{""gtpin_avg_execution_cycles_per_invocation"":448964,""gtpin_invocation_count"":64,""gtpin_total_execution_cycles"":28733700}",InvocationCount=64;TotalExecutionCycles=28733700;AvgExecutionCyclesPerInvocation=448964
n1_i3,3,1,3,performance,false,layers.*/self_attn,/model/layers.6/self_attn/q_proj/MatMul,FullyConnected,FullyConnected,fullyconnected:/model/layers.6/self_attn/q_proj/MatMul,fullyconnected:/model/layers.6/self_attn/q_proj/MatMul,fully_connected,fully_connected_gpu_bf_tiled,494,fully_connected_gpu_bf_tiled_5315586391497964380_0_0,fully_connected_gpu_bf_tiled_5315586391497964380_0_0,1,1811,matched,aligned,true,true,true,exec_profile,gtpin_total_execution_cycles,28697732,448402,cycles,64,28697732,448402,0,0,,,0,0,0,"{""gtpin_avg_execution_cycles_per_invocation"":448402,""gtpin_invocation_count"":64,""gtpin_total_execution_cycles"":28697732}",InvocationCount=64;TotalExecutionCycles=28697732;AvgExecutionCyclesPerInvocation=448402
n1_i3,3,1,3,performance,false,layers.*/self_attn,/model/layers.15/self_attn/q_proj/MatMul,FullyConnected,FullyConnected,fullyconnected:/model/layers.15/self_attn/q_proj/MatMul,fullyconnected:/model/layers.15/self_attn/q_proj/MatMul,fully_connected,fully_connected_gpu_bf_tiled,818,fully_connected_gpu_bf_tiled_5315586391497964380_0_0,fully_connected_gpu_bf_tiled_5315586391497964380_0_0,1,2009,matched,aligned,true,true,true,exec_profile,gtpin_total_execution_cycles,28692178,448315,cycles,64,28692178,448315,0,0,,,0,0,0,"{""gtpin_avg_execution_cycles_per_invocation"":448315,""gtpin_invocation_count"":64,""gtpin_total_execution_cycles"":28692178}",InvocationCount=64;TotalExecutionCycles=28692178;AvgExecutionCyclesPerInvocation=448315
n1_i3,3,1,3,performance,false,layers.*/self_attn,/model/layers.7/self_attn/q_proj/MatMul,FullyConnected,FullyConnected,fullyconnected:/model/layers.7/self_attn/q_proj/MatMul,fullyconnected:/model/layers.7/self_attn/q_proj/MatMul,fully_connected,fully_connected_gpu_bf_tiled,530,fully_connected_gpu_bf_tiled_5315586391497964380_0_0,fully_connected_gpu_bf_tiled_5315586391497964380_0_0,1,1833,matched,aligned,true,true,true,exec_profile,gtpin_total_execution_cycles,28688764,448261,cycles,64,28688764,448261,0,0,,,0,0,0,"{""gtpin_avg_execution_cycles_per_invocation"":448261,""gtpin_invocation_count"":64,""gtpin_total_execution_cycles"":28688764}",InvocationCount=64;TotalExecutionCycles=28688764;AvgExecutionCyclesPerInvocation=448261
n1_i3,3,1,3,performance,false,layers.*/self_attn,/model/layers.2/self_attn/o_proj/MatMul,FullyConnected,FullyConnected,fullyconnected:/model/layers.2/self_attn/o_proj/MatMul,fullyconnected:/model/layers.2/self_attn/o_proj/MatMul,fully_connected,fully_connected_gpu_bf_tiled,379,fully_connected_gpu_bf_tiled_14284117615310227244_0_0,fully_connected_gpu_bf_tiled_14284117615310227244_0_0,1,1738,matched,aligned,true,true,true,exec_profile,gtpin_total_execution_cycles,28663372,447865,cycles,64,28663372,447865,0,0,,,0,0,0,"{""gtpin_avg_execution_cycles_per_invocation"":447865,""gtpin_invocation_count"":64,""gtpin_total_execution_cycles"":28663372}",InvocationCount=64;TotalExecutionCycles=28663372;AvgExecutionCyclesPerInvocation=447865
n1_i3,3,1,3,performance,false,layers.*/self_attn,/model/layers.0/self_attn/o_proj/MatMul,FullyConnected,FullyConnected,fullyconnected:/model/layers.0/self_attn/o_proj/MatMul,fullyconnected:/model/layers.0/self_attn/o_proj/MatMul,fully_connected,fully_connected_gpu_bf_tiled,307,fully_connected_gpu_bf_tiled_14284117615310227244_0_0,fully_connected_gpu_bf_tiled_14284117615310227244_0_0,1,1694,matched,aligned,true,true,true,exec_profile,gtpin_total_execution_cycles,28641222,447519,cycles,64,28641222,447519,0,0,,,0,0,0,"{""gtpin_avg_execution_cycles_per_invocation"":447519,""gtpin_invocation_count"":64,""gtpin_total_execution_cycles"":28641222}",InvocationCount=64;TotalExecutionCycles=28641222;AvgExecutionCyclesPerInvocation=447519
n1_i3,3,1,3,performance,false,layers.*/self_attn,/model/layers.8/self_attn/q_proj/MatMul,FullyConnected,FullyConnected,fullyconnected:/model/layers.8/self_attn/q_proj/MatMul,fullyconnected:/model/layers.8/self_attn/q_proj/MatMul,fully_connected,fully_connected_gpu_bf_tiled,566,fully_connected_gpu_bf_tiled_5315586391497964380_0_0,fully_connected_gpu_bf_tiled_5315586391497964380_0_0,1,1855,matched,aligned,true,true,true,exec_profile,gtpin_total_execution_cycles,28632166,447377,cycles,64,28632166,447377,0,0,,,0,0,0,"{""gtpin_avg_execution_cycles_per_invocation"":447377,""gtpin_invocation_count"":64,""gtpin_total_execution_cycles"":28632166}",InvocationCount=64;TotalExecutionCycles=28632166;AvgExecutionCyclesPerInvocation=447377
n1_i3,3,1,3,performance,false,layers.*/self_attn,/model/layers.10/self_attn/o_proj/MatMul,FullyConnected,FullyConnected,fullyconnected:/model/layers.10/self_attn/o_proj/MatMul,fullyconnected:/model/layers.10/self_attn/o_proj/MatMul,fully_connected,fully_connected_gpu_bf_tiled,667,fully_connected_gpu_bf_tiled_14284117615310227244_0_0,fully_connected_gpu_bf_tiled_14284117615310227244_0_0,1,1914,matched,aligned,true,true,true,exec_profile,gtpin_total_execution_cycles,28625812,447278,cycles,64,28625812,447278,0,0,,,0,0,0,"{""gtpin_avg_execution_cycles_per_invocation"":447278,""gtpin_invocation_count"":64,""gtpin_total_execution_cycles"":28625812}",InvocationCount=64;TotalExecutionCycles=28625812;AvgExecutionCyclesPerInvocation=447278
n1_i3,3,1,3,performance,false,layers.*/self_attn,/model/layers.4/self_attn/q_proj/MatMul,FullyConnected,FullyConnected,fullyconnected:/model/layers.4/self_attn/q_proj/MatMul,fullyconnected:/model/layers.4/self_attn/q_proj/MatMul,fully_connected,fully_connected_gpu_bf_tiled,422,fully_connected_gpu_bf_tiled_5315586391497964380_0_0,fully_connected_gpu_bf_tiled_5315586391497964380_0_0,1,1767,matched,aligned,true,true,true,exec_profile,gtpin_total_execution_cycles,28600276,446879,cycles,64,28600276,446879,0,0,,,0,0,0,"{""gtpin_avg_execution_cycles_per_invocation"":446879,""gtpin_invocation_count"":64,""gtpin_total_execution_cycles"":28600276}",InvocationCount=64;TotalExecutionCycles=28600276;AvgExecutionCyclesPerInvocation=446879
n1_i3,3,1,3,performance,false,layers.*/self_attn,/model/layers.3/self_attn/o_proj/MatMul,FullyConnected,FullyConnected,fullyconnected:/model/layers.3/self_attn/o_proj/MatMul,fullyconnected:/model/layers.3/self_attn/o_proj/MatMul,fully_connected,fully_connected_gpu_bf_tiled,415,fully_connected_gpu_bf_tiled_14284117615310227244_0_0,fully_connected_gpu_bf_tiled_14284117615310227244_0_0,1,1760,matched,aligned,true,true,true,exec_profile,gtpin_total_execution_cycles,28574838,446481,cycles,64,28574838,446481,0,0,,,0,0,0,"{""gtpin_avg_execution_cycles_per_invocation"":446481,""gtpin_invocation_count"":64,""gtpin_total_execution_cycles"":28574838}",InvocationCount=64;TotalExecutionCycles=28574838;AvgExecutionCyclesPerInvocation=446481
n1_i3,3,1,3,performance,false,layers.*/self_attn,/model/layers.16/self_attn/q_proj/MatMul,FullyConnected,FullyConnected,fullyconnected:/model/layers.16/self_attn/q_proj/MatMul,fullyconnected:/model/layers.16/self_attn/q_proj/MatMul,fully_connected,fully_connected_gpu_bf_tiled,854,fully_connected_gpu_bf_tiled_5315586391497964380_0_0,fully_connected_gpu_bf_tiled_5315586391497964380_0_0,1,2031,matched,aligned,true,true,true,exec_profile,gtpin_total_execution_cycles,28485996,445093,cycles,64,28485996,445093,0,0,,,0,0,0,"{""gtpin_avg_execution_cycles_per_invocation"":445093,""gtpin_invocation_count"":64,""gtpin_total_execution_cycles"":28485996}",InvocationCount=64;TotalExecutionCycles=28485996;AvgExecutionCyclesPerInvocation=445093
n1_i3,3,1,3,performance,false,layers.*/self_attn,/model/layers.12/self_attn/o_proj/MatMul,FullyConnected,FullyConnected,fullyconnected:/model/layers.12/self_attn/o_proj/MatMul,fullyconnected:/model/layers.12/self_attn/o_proj/MatMul,fully_connected,fully_connected_gpu_bf_tiled,739,fully_connected_gpu_bf_tiled_14284117615310227244_0_0,fully_connected_gpu_bf_tiled_14284117615310227244_0_0,1,1958,matched,aligned,true,true,true,exec_profile,gtpin_total_execution_cycles,28462746,444730,cycles,64,28462746,444730,0,0,,,0,0,0,"{""gtpin_avg_execution_cycles_per_invocation"":444730,""gtpin_invocation_count"":64,""gtpin_total_execution_cycles"":28462746}",InvocationCount=64;TotalExecutionCycles=28462746;AvgExecutionCyclesPerInvocation=444730
n1_i3,3,1,3,performance,false,layers.*/self_attn,/model/layers.7/self_attn/o_proj/MatMul,FullyConnected,FullyConnected,fullyconnected:/model/layers.7/self_attn/o_proj/MatMul,fullyconnected:/model/layers.7/self_attn/o_proj/MatMul,fully_connected,fully_connected_gpu_bf_tiled,559,fully_connected_gpu_bf_tiled_14284117615310227244_0_0,fully_connected_gpu_bf_tiled_14284117615310227244_0_0,1,1848,matched,aligned,true,true,true,exec_profile,gtpin_total_execution_cycles,28429936,444217,cycles,64,28429936,444217,0,0,,,0,0,0,"{""gtpin_avg_execution_cycles_per_invocation"":444217,""gtpin_invocation_count"":64,""gtpin_total_execution_cycles"":28429936}",InvocationCount=64;TotalExecutionCycles=28429936;AvgExecutionCyclesPerInvocation=444217
n1_i3,3,1,3,performance,false,layers.*/self_attn,/model/layers.4/self_attn/o_proj/MatMul,FullyConnected,FullyConnected,fullyconnected:/model/layers.4/self_attn/o_proj/MatMul,fullyconnected:/model/layers.4/self_attn/o_proj/MatMul,fully_connected,fully_connected_gpu_bf_tiled,451,fully_connected_gpu_bf_tiled_14284117615310227244_0_0,fully_connected_gpu_bf_tiled_14284117615310227244_0_0,1,1782,matched,aligned,true,true,true,exec_profile,gtpin_total_execution_cycles,28319366,442490,cycles,64,28319366,442490,0,0,,,0,0,0,"{""gtpin_avg_execution_cycles_per_invocation"":442490,""gtpin_invocation_count"":64,""gtpin_total_execution_cycles"":28319366}",InvocationCount=64;TotalExecutionCycles=28319366;AvgExecutionCyclesPerInvocation=442490
n1_i3,3,1,3,performance,false,layers.*/self_attn,/model/layers.19/self_attn/o_proj/MatMul,FullyConnected,FullyConnected,fullyconnected:/model/layers.19/self_attn/o_proj/MatMul,fullyconnected:/model/layers.19/self_attn/o_proj/MatMul,fully_connected,fully_connected_gpu_bf_tiled,991,fully_connected_gpu_bf_tiled_14284117615310227244_0_0,fully_connected_gpu_bf_tiled_14284117615310227244_0_0,1,2112,matched,aligned,true,true,true,exec_profile,gtpin_total_execution_cycles,28146054,439782,cycles,64,28146054,439782,0,0,,,0,0,0,"{""gtpin_avg_execution_cycles_per_invocation"":439782,""gtpin_invocation_count"":64,""gtpin_total_execution_cycles"":28146054}",InvocationCount=64;TotalExecutionCycles=28146054;AvgExecutionCyclesPerInvocation=439782
n1_i3,3,1,3,performance,false,layers.*/self_attn,/model/layers.1/self_attn/q_proj/MatMul,FullyConnected,FullyConnected,fullyconnected:/model/layers.1/self_attn/q_proj/MatMul,fullyconnected:/model/layers.1/self_attn/q_proj/MatMul,fully_connected,fully_connected_gpu_bf_tiled,314,fully_connected_gpu_bf_tiled_5315586391497964380_0_0,fully_connected_gpu_bf_tiled_5315586391497964380_0_0,1,1701,matched,aligned,true,true,true,exec_profile,gtpin_total_execution_cycles,28117056,439329,cycles,64,28117056,439329,0,0,,,0,0,0,"{""gtpin_avg_execution_cycles_per_invocation"":439329,""gtpin_invocation_count"":64,""gtpin_total_execution_cycles"":28117056}",InvocationCount=64;TotalExecutionCycles=28117056;AvgExecutionCyclesPerInvocation=439329
n1_i3,3,1,3,performance,false,layers.*/self_attn,/model/layers.15/self_attn/o_proj/MatMul,FullyConnected,FullyConnected,fullyconnected:/model/layers.15/self_attn/o_proj/MatMul,fullyconnected:/model/layers.15/self_attn/o_proj/MatMul,fully_connected,fully_connected_gpu_bf_tiled,847,fully_connected_gpu_bf_tiled_14284117615310227244_0_0,fully_connected_gpu_bf_tiled_14284117615310227244_0_0,1,2024,matched,aligned,true,true,true,exec_profile,gtpin_total_execution_cycles,28051060,438297,cycles,64,28051060,438297,0,0,,,0,0,0,"{""gtpin_avg_execution_cycles_per_invocation"":438297,""gtpin_invocation_count"":64,""gtpin_total_execution_cycles"":28051060}",InvocationCount=64;TotalExecutionCycles=28051060;AvgExecutionCyclesPerInvocation=438297
n1_i3,3,1,3,performance,false,layers.*/self_attn,/model/layers.16/self_attn/Softmax,Softmax,Softmax,softmax:/model/layers.16/self_attn/Softmax,softmax:/model/layers.16/self_attn/Softmax,softmax,softmax_gpu_bf,878,softmax_gpu_bf_18392998524141771378_0_0__sa,softmax_gpu_bf_18392998524141771378_0_0__sa,1,2042,matched,aligned,true,true,true,exec_profile,gtpin_total_execution_cycles,9508870,18572,cycles,512,9508870,18572,0,0,,,0,0,0,"{""gtpin_avg_execution_cycles_per_invocation"":18572,""gtpin_invocation_count"":512,""gtpin_total_execution_cycles"":9508870}",InvocationCount=512;TotalExecutionCycles=9508870;AvgExecutionCyclesPerInvocation=18572
n1_i3,3,1,3,performance,false,layers.*/self_attn,/model/layers.10/self_attn/Softmax,Softmax,Softmax,softmax:/model/layers.10/self_attn/Softmax,softmax:/model/layers.10/self_attn/Softmax,softmax,softmax_gpu_bf,662,softmax_gpu_bf_18392998524141771378_0_0__sa,softmax_gpu_bf_18392998524141771378_0_0__sa,1,1910,matched,aligned,true,true,true,exec_profile,gtpin_total_execution_cycles,8481462,16565,cycles,512,8481462,16565,0,0,,,0,0,0,"{""gtpin_avg_execution_cycles_per_invocation"":16565,""gtpin_invocation_count"":512,""gtpin_total_execution_cycles"":8481462}",InvocationCount=512;TotalExecutionCycles=8481462;AvgExecutionCyclesPerInvocation=16565
n1_i3,3,1,3,performance,false,layers.*/self_attn,/model/layers.12/self_attn/Softmax,Softmax,Softmax,softmax:/model/layers.12/self_attn/Softmax,softmax:/model/layers.12/self_attn/Softmax,softmax,softmax_gpu_bf,734,softmax_gpu_bf_18392998524141771378_0_0__sa,softmax_gpu_bf_18392998524141771378_0_0__sa,1,1954,matched,aligned,true,true,true,exec_profile,gtpin_total_execution_cycles,8389249,16385,cycles,512,8389249,16385,0,0,,,0,0,0,"{""gtpin_avg_execution_cycles_per_invocation"":16385,""gtpin_invocation_count"":512,""gtpin_total_execution_cycles"":8389249}",InvocationCount=512;TotalExecutionCycles=8389249;AvgExecutionCyclesPerInvocation=16385
n1_i3,3,1,3,performance,false,layers.*/self_attn,/model/layers.15/self_attn/Softmax,Softmax,Softmax,softmax:/model/layers.15/self_attn/Softmax,softmax:/model/layers.15/self_attn/Softmax,softmax,softmax_gpu_bf,842,softmax_gpu_bf_18392998524141771378_0_0__sa,softmax_gpu_bf_18392998524141771378_0_0__sa,1,2020,matched,aligned,true,true,true,exec_profile,gtpin_total_execution_cycles,8381895,16370,cycles,512,8381895,16370,0,0,,,0,0,0,"{""gtpin_avg_execution_cycles_per_invocation"":16370,""gtpin_invocation_count"":512,""gtpin_total_execution_cycles"":8381895}",InvocationCount=512;TotalExecutionCycles=8381895;AvgExecutionCyclesPerInvocation=16370
n1_i3,3,1,3,performance,false,layers.*/self_attn,/model/layers.2/self_attn/Softmax,Softmax,Softmax,softmax:/model/layers.2/self_attn/Softmax,softmax:/model/layers.2/self_attn/Softmax,softmax,softmax_gpu_bf,374,softmax_gpu_bf_18392998524141771378_0_0__sa,softmax_gpu_bf_18392998524141771378_0_0__sa,1,1734,matched,aligned,true,true,true,exec_profile,gtpin_total_execution_cycles,8339945,16288,cycles,512,8339945,16288,0,0,,,0,0,0,"{""gtpin_avg_execution_cycles_per_invocation"":16288,""gtpin_invocation_count"":512,""gtpin_total_execution_cycles"":8339945}",InvocationCount=512;TotalExecutionCycles=8339945;AvgExecutionCyclesPerInvocation=16288
n1_i3,3,1,3,performance,false,layers.*/self_attn,/model/layers.14/self_attn/Softmax,Softmax,Softmax,softmax:/model/layers.14/self_attn/Softmax,softmax:/model/layers.14/self_attn/Softmax,softmax,softmax_gpu_bf,806,softmax_gpu_bf_18392998524141771378_0_0__sa,softmax_gpu_bf_18392998524141771378_0_0__sa,1,1998,matched,aligned,true,true,true,exec_profile,gtpin_total_execution_cycles,8319613,16249,cycles,512,8319613,16249,0,0,,,0,0,0,"{""gtpin_avg_execution_cycles_per_invocation"":16249,""gtpin_invocation_count"":512,""gtpin_total_execution_cycles"":8319613}",InvocationCount=512;TotalExecutionCycles=8319613;AvgExecutionCyclesPerInvocation=16249
n1_i3,3,1,3,performance,false,layers.*/self_attn,/model/layers.7/self_attn/Softmax,Softmax,Softmax,softmax:/model/layers.7/self_attn/Softmax,softmax:/model/layers.7/self_attn/Softmax,softmax,softmax_gpu_bf,554,softmax_gpu_bf_18392998524141771378_0_0__sa,softmax_gpu_bf_18392998524141771378_0_0__sa,1,1844,matched,aligned,true,true,true,exec_profile,gtpin_total_execution_cycles,8281531,16174,cycles,512,8281531,16174,0,0,,,0,0,0,"{""gtpin_avg_execution_cycles_per_invocation"":16174,""gtpin_invocation_count"":512,""gtpin_total_execution_cycles"":8281531}",InvocationCount=512;TotalExecutionCycles=8281531;AvgExecutionCyclesPerInvocation=16174
n1_i3,3,1,3,performance,false,layers.*/self_attn,/model/layers.17/self_attn/Softmax,Softmax,Softmax,softmax:/model/layers.17/self_attn/Softmax,softmax:/model/layers.17/self_attn/Softmax,softmax,softmax_gpu_bf,914,softmax_gpu_bf_18392998524141771378_0_0__sa,softmax_gpu_bf_18392998524141771378_0_0__sa,1,2064,matched,aligned,true,true,true,exec_profile,gtpin_total_execution_cycles,8173401,15963,cycles,512,8173401,15963,0,0,,,0,0,0,"{""gtpin_avg_execution_cycles_per_invocation"":15963,""gtpin_invocation_count"":512,""gtpin_total_execution_cycles"":8173401}",InvocationCount=512;TotalExecutionCycles=8173401;AvgExecutionCyclesPerInvocation=15963
n1_i3,3,1,3,performance,false,layers.*/self_attn,/model/layers.9/self_attn/Softmax,Softmax,Softmax,softmax:/model/layers.9/self_attn/Softmax,softmax:/model/layers.9/self_attn/Softmax,softmax,softmax_gpu_bf,626,softmax_gpu_bf_18392998524141771378_0_0__sa,softmax_gpu_bf_18392998524141771378_0_0__sa,1,1888,matched,aligned,true,true,true,exec_profile,gtpin_total_execution_cycles,8156864,15931,cycles,512,8156864,15931,0,0,,,0,0,0,"{""gtpin_avg_execution_cycles_per_invocation"":15931,""gtpin_invocation_count"":512,""gtpin_total_execution_cycles"":8156864}",InvocationCount=512;TotalExecutionCycles=8156864;AvgExecutionCyclesPerInvocation=15931
n1_i3,3,1,3,performance,false,layers.*/self_attn,/model/layers.6/self_attn/Softmax,Softmax,Softmax,softmax:/model/layers.6/self_attn/Softmax,softmax:/model/layers.6/self_attn/Softmax,softmax,softmax_gpu_bf,518,softmax_gpu_bf_18392998524141771378_0_0__sa,softmax_gpu_bf_18392998524141771378_0_0__sa,1,1822,matched,aligned,true,true,true,exec_profile,gtpin_total_execution_cycles,8131972,15882,cycles,512,8131972,15882,0,0,,,0,0,0,"{""gtpin_avg_execution_cycles_per_invocation"":15882,""gtpin_invocation_count"":512,""gtpin_total_execution_cycles"":8131972}",InvocationCount=512;TotalExecutionCycles=8131972;AvgExecutionCyclesPerInvocation=15882
n1_i3,3,1,3,performance,false,layers.*/self_attn,/model/layers.3/self_attn/Softmax,Softmax,Softmax,softmax:/model/layers.3/self_attn/Softmax,softmax:/model/layers.3/self_attn/Softmax,softmax,softmax_gpu_bf,410,softmax_gpu_bf_18392998524141771378_0_0__sa,softmax_gpu_bf_18392998524141771378_0_0__sa,1,1756,matched,aligned,true,true,true,exec_profile,gtpin_total_execution_cycles,8122807,15864,cycles,512,8122807,15864,0,0,,,0,0,0,"{""gtpin_avg_execution_cycles_per_invocation"":15864,""gtpin_invocation_count"":512,""gtpin_total_execution_cycles"":8122807}",InvocationCount=512;TotalExecutionCycles=8122807;AvgExecutionCyclesPerInvocation=15864
n1_i3,3,1,3,performance,false,layers.*/self_attn,/model/layers.13/self_attn/Softmax,Softmax,Softmax,softmax:/model/layers.13/self_attn/Softmax,softmax:/model/layers.13/self_attn/Softmax,softmax,softmax_gpu_bf,770,softmax_gpu_bf_18392998524141771378_0_0__sa,softmax_gpu_bf_18392998524141771378_0_0__sa,1,1976,matched,aligned,true,true,true,exec_profile,gtpin_total_execution_cycles,8120939,15861,cycles,512,8120939,15861,0,0,,,0,0,0,"{""gtpin_avg_execution_cycles_per_invocation"":15861,""gtpin_invocation_count"":512,""gtpin_total_execution_cycles"":8120939}",InvocationCount=512;TotalExecutionCycles=8120939;AvgExecutionCyclesPerInvocation=15861
n1_i3,3,1,3,performance,false,layers.*/self_attn,/model/layers.0/self_attn/Softmax,Softmax,Softmax,softmax:/model/layers.0/self_attn/Softmax,softmax:/model/layers.0/self_attn/Softmax,softmax,softmax_gpu_bf,302,softmax_gpu_bf_18392998524141771378_0_0__sa,softmax_gpu_bf_18392998524141771378_0_0__sa,1,1690,matched,aligned,true,true,true,exec_profile,gtpin_total_execution_cycles,8114054,15847,cycles,512,8114054,15847,0,0,,,0,0,0,"{""gtpin_avg_execution_cycles_per_invocation"":15847,""gtpin_invocation_count"":512,""gtpin_total_execution_cycles"":8114054}",InvocationCount=512;TotalExecutionCycles=8114054;AvgExecutionCyclesPerInvocation=15847
n1_i3,3,1,3,performance,false,layers.*/self_attn,/model/layers.21/self_attn/Softmax,Softmax,Softmax,softmax:/model/layers.21/self_attn/Softmax,softmax:/model/layers.21/self_attn/Softmax,softmax,softmax_gpu_bf,1058,softmax_gpu_bf_18392998524141771378_0_0__sa,softmax_gpu_bf_18392998524141771378_0_0__sa,1,2152,matched,aligned,true,true,true,exec_profile,gtpin_total_execution_cycles,8082618,15786,cycles,512,8082618,15786,0,0,,,0,0,0,"{""gtpin_avg_execution_cycles_per_invocation"":15786,""gtpin_invocation_count"":512,""gtpin_total_execution_cycles"":8082618}",InvocationCount=512;TotalExecutionCycles=8082618;AvgExecutionCyclesPerInvocation=15786
n1_i3,3,1,3,performance,false,layers.*/self_attn,/model/layers.18/self_attn/Softmax,Softmax,Softmax,softmax:/model/layers.18/self_attn/Softmax,softmax:/model/layers.18/self_attn/Softmax,softmax,softmax_gpu_bf,950,softmax_gpu_bf_18392998524141771378_0_0__sa,softmax_gpu_bf_18392998524141771378_0_0__sa,1,2086,matched,aligned,true,true,true,exec_profile,gtpin_total_execution_cycles,8068359,15758,cycles,512,8068359,15758,0,0,,,0,0,0,"{""gtpin_avg_execution_cycles_per_invocation"":15758,""gtpin_invocation_count"":512,""gtpin_total_execution_cycles"":8068359}",InvocationCount=512;TotalExecutionCycles=8068359;AvgExecutionCyclesPerInvocation=15758
n1_i3,3,1,3,performance,false,layers.*/self_attn,/model/layers.20/self_attn/Softmax,Softmax,Softmax,softmax:/model/layers.20/self_attn/Softmax,softmax:/model/layers.20/self_attn/Softmax,softmax,softmax_gpu_bf,1022,softmax_gpu_bf_18392998524141771378_0_0__sa,softmax_gpu_bf_18392998524141771378_0_0__sa,1,2130,matched,aligned,true,true,true,exec_profile,gtpin_total_execution_cycles,8067956,15757,cycles,512,8067956,15757,0,0,,,0,0,0,"{""gtpin_avg_execution_cycles_per_invocation"":15757,""gtpin_invocation_count"":512,""gtpin_total_execution_cycles"":8067956}",InvocationCount=512;TotalExecutionCycles=8067956;AvgExecutionCyclesPerInvocation=15757
n1_i3,3,1,3,performance,false,layers.*/self_attn,/model/layers.1/self_attn/Softmax,Softmax,Softmax,softmax:/model/layers.1/self_attn/Softmax,softmax:/model/layers.1/self_attn/Softmax,softmax,softmax_gpu_bf,338,softmax_gpu_bf_18392998524141771378_0_0__sa,softmax_gpu_bf_18392998524141771378_0_0__sa,1,1712,matched,aligned,true,true,true,exec_profile,gtpin_total_execution_cycles,8051673,15725,cycles,512,8051673,15725,0,0,,,0,0,0,"{""gtpin_avg_execution_cycles_per_invocation"":15725,""gtpin_invocation_count"":512,""gtpin_total_execution_cycles"":8051673}",InvocationCount=512;TotalExecutionCycles=8051673;AvgExecutionCyclesPerInvocation=15725
n1_i3,3,1,3,performance,false,layers.*/self_attn,/model/layers.19/self_attn/Softmax,Softmax,Softmax,softmax:/model/layers.19/self_attn/Softmax,softmax:/model/layers.19/self_attn/Softmax,softmax,softmax_gpu_bf,986,softmax_gpu_bf_18392998524141771378_0_0__sa,softmax_gpu_bf_18392998524141771378_0_0__sa,1,2108,matched,aligned,true,true,true,exec_profile,gtpin_total_execution_cycles,7999583,15624,cycles,512,7999583,15624,0,0,,,0,0,0,"{""gtpin_avg_execution_cycles_per_invocation"":15624,""gtpin_invocation_count"":512,""gtpin_total_execution_cycles"":7999583}",InvocationCount=512;TotalExecutionCycles=7999583;AvgExecutionCyclesPerInvocation=15624
n1_i3,3,1,3,performance,false,layers.*/self_attn,/model/layers.8/self_attn/Softmax,Softmax,Softmax,softmax:/model/layers.8/self_attn/Softmax,softmax:/model/layers.8/self_attn/Softmax,softmax,softmax_gpu_bf,590,softmax_gpu_bf_18392998524141771378_0_0__sa,softmax_gpu_bf_18392998524141771378_0_0__sa,1,1866,matched,aligned,true,true,true,exec_profile,gtpin_total_execution_cycles,7945226,15518,cycles,512,7945226,15518,0,0,,,0,0,0,"{""gtpin_avg_execution_cycles_per_invocation"":15518,""gtpin_invocation_count"":512,""gtpin_total_execution_cycles"":7945226}",InvocationCount=512;TotalExecutionCycles=7945226;AvgExecutionCyclesPerInvocation=15518
n1_i3,3,1,3,performance,false,layers.*/self_attn,/model/layers.4/self_attn/Softmax,Softmax,Softmax,softmax:/model/layers.4/self_attn/Softmax,softmax:/model/layers.4/self_attn/Softmax,softmax,softmax_gpu_bf,446,softmax_gpu_bf_18392998524141771378_0_0__sa,softmax_gpu_bf_18392998524141771378_0_0__sa,1,1778,matched,aligned,true,true,true,exec_profile,gtpin_total_execution_cycles,7931281,15490,cycles,512,7931281,15490,0,0,,,0,0,0,"{""gtpin_avg_execution_cycles_per_invocation"":15490,""gtpin_invocation_count"":512,""gtpin_total_execution_cycles"":7931281}",InvocationCount=512;TotalExecutionCycles=7931281;AvgExecutionCyclesPerInvocation=15490
n1_i3,3,1,3,performance,false,layers.*/self_attn,/model/layers.5/self_attn/Softmax,Softmax,Softmax,softmax:/model/layers.5/self_attn/Softmax,softmax:/model/layers.5/self_attn/Softmax,softmax,softmax_gpu_bf,482,softmax_gpu_bf_18392998524141771378_0_0__sa,softmax_gpu_bf_18392998524141771378_0_0__sa,1,1800,matched,aligned,true,true,true,exec_profile,gtpin_total_execution_cycles,7896067,15422,cycles,512,7896067,15422,0,0,,,0,0,0,"{""gtpin_avg_execution_cycles_per_invocation"":15422,""gtpin_invocation_count"":512,""gtpin_total_execution_cycles"":7896067}",InvocationCount=512;TotalExecutionCycles=7896067;AvgExecutionCyclesPerInvocation=15422
n1_i3,3,1,3,performance,false,layers.*/self_attn,/model/layers.11/self_attn/Softmax,Softmax,Softmax,softmax:/model/layers.11/self_attn/Softmax,softmax:/model/layers.11/self_attn/Softmax,softmax,softmax_gpu_bf,698,softmax_gpu_bf_18392998524141771378_0_0__sa,softmax_gpu_bf_18392998524141771378_0_0__sa,1,1932,matched,aligned,true,true,true,exec_profile,gtpin_total_execution_cycles,7875701,15382,cycles,512,7875701,15382,0,0,,,0,0,0,"{""gtpin_avg_execution_cycles_per_invocation"":15382,""gtpin_invocation_count"":512,""gtpin_total_execution_cycles"":7875701}",InvocationCount=512;TotalExecutionCycles=7875701;AvgExecutionCyclesPerInvocation=15382
n1_i3,3,1,3,performance,false,layers.*/self_attn,/model/layers.12/self_attn/Transpose_3,Transpose,Transpose,transpose:/model/layers.12/self_attn/Transpose_3,transpose:/model/layers.12/self_attn/Transpose_3,permute,permute_ref,732,permute_ref_17183202574580890641_0_0__sa,permute_ref_17183202574580890641_0_0__sa,1,1952,matched,aligned,true,true,true,exec_profile,gtpin_total_execution_cycles,7513000,7336,cycles,1024,7513000,7336,0,0,,,0,0,0,"{""gtpin_avg_execution_cycles_per_invocation"":7336,""gtpin_invocation_count"":1024,""gtpin_total_execution_cycles"":7513000}",InvocationCount=1024;TotalExecutionCycles=7513000;AvgExecutionCyclesPerInvocation=7336
n1_i3,3,1,3,performance,false,layers.*/self_attn,/model/layers.18/self_attn/Transpose_3,Transpose,Transpose,transpose:/model/layers.18/self_attn/Transpose_3,transpose:/model/layers.18/self_attn/Transpose_3,permute,permute_ref,948,permute_ref_17183202574580890641_0_0__sa,permute_ref_17183202574580890641_0_0__sa,1,2084,matched,aligned,true,true,true,exec_profile,gtpin_total_execution_cycles,6308932,6161,cycles,1024,6308932,6161,0,0,,,0,0,0,"{""gtpin_avg_execution_cycles_per_invocation"":6161,""gtpin_invocation_count"":1024,""gtpin_total_execution_cycles"":6308932}",InvocationCount=1024;TotalExecutionCycles=6308932;AvgExecutionCyclesPerInvocation=6161
n1_i3,3,1,3,performance,false,layers.*/self_attn,/model/layers.6/self_attn/Expand,Broadcast,Broadcast,broadcast:/model/layers.6/self_attn/Expand,broadcast:/model/layers.6/self_attn/Expand,broadcast,broadcast_gpu_ref,513,broadcast_gpu_ref_6456514822857321615_0_0__sa,broadcast_gpu_ref_6456514822857321615_0_0__sa,1,1818,matched,aligned,true,true,true,exec_profile,gtpin_total_execution_cycles,6073468,5931,cycles,1024,6073468,5931,0,0,,,0,0,0,"{""gtpin_avg_execution_cycles_per_invocation"":5931,""gtpin_invocation_count"":1024,""gtpin_total_execution_cycles"":6073468}",InvocationCount=1024;TotalExecutionCycles=6073468;AvgExecutionCyclesPerInvocation=5931
n1_i3,3,1,3,performance,false,layers.*/self_attn,/model/layers.1/self_attn/Transpose_3,Transpose,Transpose,transpose:/model/layers.1/self_attn/Transpose_3,transpose:/model/layers.1/self_attn/Transpose_3,permute,permute_ref,336,permute_ref_17183202574580890641_0_0__sa,permute_ref_17183202574580890641_0_0__sa,1,1710,matched,aligned,true,true,true,exec_profile,gtpin_total_execution_cycles,5920000,5781,cycles,1024,5920000,5781,0,0,,,0,0,0,"{""gtpin_avg_execution_cycles_per_invocation"":5781,""gtpin_invocation_count"":1024,""gtpin_total_execution_cycles"":5920000}",InvocationCount=1024;TotalExecutionCycles=5920000;AvgExecutionCyclesPerInvocation=5781
n1_i3,3,1,3,performance,false,embed_tokens,/model/embed_tokens/Gather,Gather,Gather,gather:/model/embed_tokens/Gather,gather:/model/embed_tokens/Gather,gather,gather_ref,229,gather_ref_9653281298055295004_0_0__sa,gather_ref_9653281298055295004_0_0__sa,1,1664,matched,aligned,true,true,true,exec_profile,gtpin_total_execution_cycles,5827342,5690,cycles,1024,5827342,5690,0,0,,,0,0,0,"{""gtpin_avg_execution_cycles_per_invocation"":5690,""gtpin_invocation_count"":1024,""gtpin_total_execution_cycles"":5827342}",InvocationCount=1024;TotalExecutionCycles=5827342;AvgExecutionCyclesPerInvocation=5690
n1_i3,3,1,3,performance,false,layers.*/self_attn,/model/layers.21/self_attn/Transpose_3,Transpose,Transpose,transpose:/model/layers.21/self_attn/Transpose_3,transpose:/model/layers.21/self_attn/Transpose_3,permute,permute_ref,1056,permute_ref_17183202574580890641_0_0__sa,permute_ref_17183202574580890641_0_0__sa,1,2150,matched,aligned,true,true,true,exec_profile,gtpin_total_execution_cycles,5825054,5688,cycles,1024,5825054,5688,0,0,,,0,0,0,"{""gtpin_avg_execution_cycles_per_invocation"":5688,""gtpin_invocation_count"":1024,""gtpin_total_execution_cycles"":5825054}",InvocationCount=1024;TotalExecutionCycles=5825054;AvgExecutionCyclesPerInvocation=5688
n1_i3,3,1,3,performance,false,layers.*/self_attn,/model/layers.1/self_attn/Expand,Broadcast,Broadcast,broadcast:/model/layers.1/self_attn/Expand,broadcast:/model/layers.1/self_attn/Expand,broadcast,broadcast_gpu_ref,333,broadcast_gpu_ref_6456514822857321615_0_0__sa,broadcast_gpu_ref_6456514822857321615_0_0__sa,1,1708,matched,aligned,true,true,true,exec_profile,gtpin_total_execution_cycles,5727284,5593,cycles,1024,5727284,5593,0,0,,,0,0,0,"{""gtpin_avg_execution_cycles_per_invocation"":5593,""gtpin_invocation_count"":1024,""gtpin_total_execution_cycles"":5727284}",InvocationCount=1024;TotalExecutionCycles=5727284;AvgExecutionCyclesPerInvocation=5593
n1_i3,3,1,3,performance,false,layers.*/self_attn,/model/layers.18/self_attn/Expand,Broadcast,Broadcast,broadcast:/model/layers.18/self_attn/Expand,broadcast:/model/layers.18/self_attn/Expand,broadcast,broadcast_gpu_ref,945,broadcast_gpu_ref_6456514822857321615_0_0__sa,broadcast_gpu_ref_6456514822857321615_0_0__sa,1,2082,matched,aligned,true,true,true,exec_profile,gtpin_total_execution_cycles,5708342,5574,cycles,1024,5708342,5574,0,0,,,0,0,0,"{""gtpin_avg_execution_cycles_per_invocation"":5574,""gtpin_invocation_count"":1024,""gtpin_total_execution_cycles"":5708342}",InvocationCount=1024;TotalExecutionCycles=5708342;AvgExecutionCyclesPerInvocation=5574
n1_i3,3,1,3,performance,false,layers.*/self_attn,/model/layers.17/self_attn/Transpose_3,Transpose,Transpose,transpose:/model/layers.17/self_attn/Transpose_3,transpose:/model/layers.17/self_attn/Transpose_3,permute,permute_ref,912,permute_ref_17183202574580890641_0_0__sa,permute_ref_17183202574580890641_0_0__sa,1,2062,matched,aligned,true,true,true,exec_profile,gtpin_total_execution_cycles,5686580,5553,cycles,1024,5686580,5553,0,0,,,0,0,0,"{""gtpin_avg_execution_cycles_per_invocation"":5553,""gtpin_invocation_count"":1024,""gtpin_total_execution_cycles"":5686580}",InvocationCount=1024;TotalExecutionCycles=5686580;AvgExecutionCyclesPerInvocation=5553
n1_i3,3,1,3,performance,false,layers.*/self_attn,/model/layers.2/self_attn/Expand,Broadcast,Broadcast,broadcast:/model/layers.2/self_attn/Expand,broadcast:/model/layers.2/self_attn/Expand,broadcast,broadcast_gpu_ref,369,broadcast_gpu_ref_6456514822857321615_0_0__sa,broadcast_gpu_ref_6456514822857321615_0_0__sa,1,1730,matched,aligned,true,true,true,exec_profile,gtpin_total_execution_cycles,5654978,5522,cycles,1024,5654978,5522,0,0,,,0,0,0,"{""gtpin_avg_execution_cycles_per_invocation"":5522,""gtpin_invocation_count"":1024,""gtpin_total_execution_cycles"":5654978}",InvocationCount=1024;TotalExecutionCycles=5654978;AvgExecutionCyclesPerInvocation=5522
n1_i3,3,1,3,performance,false,layers.*/self_attn,/model/layers.10/self_attn/Transpose_3,Transpose,Transpose,transpose:/model/layers.10/self_attn/Transpose_3,transpose:/model/layers.10/self_attn/Transpose_3,permute,permute_ref,660,permute_ref_17183202574580890641_0_0__sa,permute_ref_17183202574580890641_0_0__sa,1,1908,matched,aligned,true,true,true,exec_profile,gtpin_total_execution_cycles,5652876,5520,cycles,1024,5652876,5520,0,0,,,0,0,0,"{""gtpin_avg_execution_cycles_per_invocation"":5520,""gtpin_invocation_count"":1024,""gtpin_total_execution_cycles"":5652876}",InvocationCount=1024;TotalExecutionCycles=5652876;AvgExecutionCyclesPerInvocation=5520
n1_i3,3,1,3,performance,false,layers.*/self_attn,/model/layers.6/self_attn/Transpose_3,Transpose,Transpose,transpose:/model/layers.6/self_attn/Transpose_3,transpose:/model/layers.6/self_attn/Transpose_3,permute,permute_ref,516,permute_ref_17183202574580890641_0_0__sa,permute_ref_17183202574580890641_0_0__sa,1,1820,matched,aligned,true,true,true,exec_profile,gtpin_total_execution_cycles,5621940,5490,cycles,1024,5621940,5490,0,0,,,0,0,0,"{""gtpin_avg_execution_cycles_per_invocation"":5490,""gtpin_invocation_count"":1024,""gtpin_total_execution_cycles"":5621940}",InvocationCount=1024;TotalExecutionCycles=5621940;AvgExecutionCyclesPerInvocation=5490
n1_i3,3,1,3,performance,false,layers.*/self_attn,/model/layers.21/self_attn/Expand,Broadcast,Broadcast,broadcast:/model/layers.21/self_attn/Expand,broadcast:/model/layers.21/self_attn/Expand,broadcast,broadcast_gpu_ref,1053,broadcast_gpu_ref_6456514822857321615_0_0__sa,broadcast_gpu_ref_6456514822857321615_0_0__sa,1,2148,matched,aligned,true,true,true,exec_profile,gtpin_total_execution_cycles,5603600,5472,cycles,1024,5603600,5472,0,0,,,0,0,0,"{""gtpin_avg_execution_cycles_per_invocation"":5472,""gtpin_invocation_count"":1024,""gtpin_total_execution_cycles"":5603600}",InvocationCount=1024;TotalExecutionCycles=5603600;AvgExecutionCyclesPerInvocation=5472
n1_i3,3,1,3,performance,false,layers.*/self_attn,/model/layers.14/self_attn/Expand,Broadcast,Broadcast,broadcast:/model/layers.14/self_attn/Expand,broadcast:/model/layers.14/self_attn/Expand,broadcast,broadcast_gpu_ref,801,broadcast_gpu_ref_6456514822857321615_0_0__sa,broadcast_gpu_ref_6456514822857321615_0_0__sa,1,1994,matched,aligned,true,true,true,exec_profile,gtpin_total_execution_cycles,5572010,5441,cycles,1024,5572010,5441,0,0,,,0,0,0,"{""gtpin_avg_execution_cycles_per_invocation"":5441,""gtpin_invocation_count"":1024,""gtpin_total_execution_cycles"":5572010}",InvocationCount=1024;TotalExecutionCycles=5572010;AvgExecutionCyclesPerInvocation=5441
n1_i3,3,1,3,performance,false,layers.*/self_attn,/model/layers.13/self_attn/Transpose_3,Transpose,Transpose,transpose:/model/layers.13/self_attn/Transpose_3,transpose:/model/layers.13/self_attn/Transpose_3,permute,permute_ref,768,permute_ref_17183202574580890641_0_0__sa,permute_ref_17183202574580890641_0_0__sa,1,1974,matched,aligned,true,true,true,exec_profile,gtpin_total_execution_cycles,5540142,5410,cycles,1024,5540142,5410,0,0,,,0,0,0,"{""gtpin_avg_execution_cycles_per_invocation"":5410,""gtpin_invocation_count"":1024,""gtpin_total_execution_cycles"":5540142}",InvocationCount=1024;TotalExecutionCycles=5540142;AvgExecutionCyclesPerInvocation=5410
n1_i3,3,1,3,performance,false,layers.*/self_attn,/model/layers.9/self_attn/Transpose_3,Transpose,Transpose,transpose:/model/layers.9/self_attn/Transpose_3,transpose:/model/layers.9/self_attn/Transpose_3,permute,permute_ref,624,permute_ref_17183202574580890641_0_0__sa,permute_ref_17183202574580890641_0_0__sa,1,1886,matched,aligned,true,true,true,exec_profile,gtpin_total_execution_cycles,5528536,5398,cycles,1024,5528536,5398,0,0,,,0,0,0,"{""gtpin_avg_execution_cycles_per_invocation"":5398,""gtpin_invocation_count"":1024,""gtpin_total_execution_cycles"":5528536}",InvocationCount=1024;TotalExecutionCycles=5528536;AvgExecutionCyclesPerInvocation=5398
n1_i3,3,1,3,performance,false,layers.*/self_attn,/model/layers.9/self_attn/Expand,Broadcast,Broadcast,broadcast:/model/layers.9/self_attn/Expand,broadcast:/model/layers.9/self_attn/Expand,broadcast,broadcast_gpu_ref,621,broadcast_gpu_ref_6456514822857321615_0_0__sa,broadcast_gpu_ref_6456514822857321615_0_0__sa,1,1884,matched,aligned,true,true,true,exec_profile,gtpin_total_execution_cycles,5506720,5377,cycles,1024,5506720,5377,0,0,,,0,0,0,"{""gtpin_avg_execution_cycles_per_invocation"":5377,""gtpin_invocation_count"":1024,""gtpin_total_execution_cycles"":5506720}",InvocationCount=1024;TotalExecutionCycles=5506720;AvgExecutionCyclesPerInvocation=5377
n1_i3,3,1,3,performance,false,layers.*/self_attn,/model/layers.17/self_attn/Expand,Broadcast,Broadcast,broadcast:/model/layers.17/self_attn/Expand,broadcast:/model/layers.17/self_attn/Expand,broadcast,broadcast_gpu_ref,909,broadcast_gpu_ref_6456514822857321615_0_0__sa,broadcast_gpu_ref_6456514822857321615_0_0__sa,1,2060,matched,aligned,true,true,true,exec_profile,gtpin_total_execution_cycles,5501024,5372,cycles,1024,5501024,5372,0,0,,,0,0,0,"{""gtpin_avg_execution_cycles_per_invocation"":5372,""gtpin_invocation_count"":1024,""gtpin_total_execution_cycles"":5501024}",InvocationCount=1024;TotalExecutionCycles=5501024;AvgExecutionCyclesPerInvocation=5372
n1_i3,3,1,3,performance,false,layers.*/self_attn,/model/layers.5/self_attn/Expand,Broadcast,Broadcast,broadcast:/model/layers.5/self_attn/Expand,broadcast:/model/layers.5/self_attn/Expand,broadcast,broadcast_gpu_ref,477,broadcast_gpu_ref_6456514822857321615_0_0__sa,broadcast_gpu_ref_6456514822857321615_0_0__sa,1,1796,matched,aligned,true,true,true,exec_profile,gtpin_total_execution_cycles,5489946,5361,cycles,1024,5489946,5361,0,0,,,0,0,0,"{""gtpin_avg_execution_cycles_per_invocation"":5361,""gtpin_invocation_count"":1024,""gtpin_total_execution_cycles"":5489946}",InvocationCount=1024;TotalExecutionCycles=5489946;AvgExecutionCyclesPerInvocation=5361
n1_i3,3,1,3,performance,false,layers.*/self_attn,/model/layers.10/self_attn/Expand,Broadcast,Broadcast,broadcast:/model/layers.10/self_attn/Expand,broadcast:/model/layers.10/self_attn/Expand,broadcast,broadcast_gpu_ref,657,broadcast_gpu_ref_6456514822857321615_0_0__sa,broadcast_gpu_ref_6456514822857321615_0_0__sa,1,1906,matched,aligned,true,true,true,exec_profile,gtpin_total_execution_cycles,5468384,5340,cycles,1024,5468384,5340,0,0,,,0,0,0,"{""gtpin_avg_execution_cycles_per_invocation"":5340,""gtpin_invocation_count"":1024,""gtpin_total_execution_cycles"":5468384}",InvocationCount=1024;TotalExecutionCycles=5468384;AvgExecutionCyclesPerInvocation=5340
n1_i3,3,1,3,performance,false,layers.*/self_attn,/model/layers.13/self_attn/Expand,Broadcast,Broadcast,broadcast:/model/layers.13/self_attn/Expand,broadcast:/model/layers.13/self_attn/Expand,broadcast,broadcast_gpu_ref,765,broadcast_gpu_ref_6456514822857321615_0_0__sa,broadcast_gpu_ref_6456514822857321615_0_0__sa,1,1972,matched,aligned,true,true,true,exec_profile,gtpin_total_execution_cycles,5460998,5333,cycles,1024,5460998,5333,0,0,,,0,0,0,"{""gtpin_avg_execution_cycles_per_invocation"":5333,""gtpin_invocation_count"":1024,""gtpin_total_execution_cycles"":5460998}",InvocationCount=1024;TotalExecutionCycles=5460998;AvgExecutionCyclesPerInvocation=5333
n1_i3,3,1,3,performance,false,layers.*/self_attn,/model/layers.12/self_attn/Mul_8,Multiply,Multiply,multiply:/model/layers.12/self_attn/Mul_8,multiply:/model/layers.12/self_attn/Mul_8,eltwise,generic_eltwise_ref,719,generic_eltwise_ref_7125964068740378811_0_0__sa,generic_eltwise_ref_7125964068740378811_0_0__sa,1,1948,matched,aligned,true,true,true,exec_profile,gtpin_total_execution_cycles,5443328,5315,cycles,1024,5443328,5315,0,0,,,0,0,0,"{""gtpin_avg_execution_cycles_per_invocation"":5315,""gtpin_invocation_count"":1024,""gtpin_total_execution_cycles"":5443328}",InvocationCount=1024;TotalExecutionCycles=5443328;AvgExecutionCyclesPerInvocation=5315
n1_i3,3,1,3,performance,false,layers.*/self_attn,/model/layers.8/self_attn/Transpose_3,Transpose,Transpose,transpose:/model/layers.8/self_attn/Transpose_3,transpose:/model/layers.8/self_attn/Transpose_3,permute,permute_ref,588,permute_ref_17183202574580890641_0_0__sa,permute_ref_17183202574580890641_0_0__sa,1,1864,matched,aligned,true,true,true,exec_profile,gtpin_total_execution_cycles,5407674,5280,cycles,1024,5407674,5280,0,0,,,0,0,0,"{""gtpin_avg_execution_cycles_per_invocation"":5280,""gtpin_invocation_count"":1024,""gtpin_total_execution_cycles"":5407674}",InvocationCount=1024;TotalExecutionCycles=5407674;AvgExecutionCyclesPerInvocation=5280
n1_i3,3,1,3,performance,false,layers.*/self_attn,/model/layers.4/self_attn/Transpose_3,Transpose,Transpose,transpose:/model/layers.4/self_attn/Transpose_3,transpose:/model/layers.4/self_attn/Transpose_3,permute,permute_ref,444,permute_ref_17183202574580890641_0_0__sa,permute_ref_17183202574580890641_0_0__sa,1,1776,matched,aligned,true,true,true,exec_profile,gtpin_total_execution_cycles,5361794,5236,cycles,1024,5361794,5236,0,0,,,0,0,0,"{""gtpin_avg_execution_cycles_per_invocation"":5236,""gtpin_invocation_count"":1024,""gtpin_total_execution_cycles"":5361794}",InvocationCount=1024;TotalExecutionCycles=5361794;AvgExecutionCyclesPerInvocation=5236
n1_i3,3,1,3,performance,false,layers.*/self_attn,/model/layers.19/self_attn/Transpose_3,Transpose,Transpose,transpose:/model/layers.19/self_attn/Transpose_3,transpose:/model/layers.19/self_attn/Transpose_3,permute,permute_ref,984,permute_ref_17183202574580890641_0_0__sa,permute_ref_17183202574580890641_0_0__sa,1,2106,matched,aligned,true,true,true,exec_profile,gtpin_total_execution_cycles,5353846,5228,cycles,1024,5353846,5228,0,0,,,0,0,0,"{""gtpin_avg_execution_cycles_per_invocation"":5228,""gtpin_invocation_count"":1024,""gtpin_total_execution_cycles"":5353846}",InvocationCount=1024;TotalExecutionCycles=5353846;AvgExecutionCyclesPerInvocation=5228
n1_i3,3,1,3,performance,false,layers.*/self_attn,/model/layers.5/self_attn/Transpose_3,Transpose,Transpose,transpose:/model/layers.5/self_attn/Transpose_3,transpose:/model/layers.5/self_attn/Transpose_3,permute,permute_ref,480,permute_ref_17183202574580890641_0_0__sa,permute_ref_17183202574580890641_0_0__sa,1,1798,matched,aligned,true,true,true,exec_profile,gtpin_total_execution_cycles,5340388,5215,cycles,1024,5340388,5215,0,0,,,0,0,0,"{""gtpin_avg_execution_cycles_per_invocation"":5215,""gtpin_invocation_count"":1024,""gtpin_total_execution_cycles"":5340388}",InvocationCount=1024;TotalExecutionCycles=5340388;AvgExecutionCyclesPerInvocation=5215
n1_i3,3,1,3,performance,false,layers.*/self_attn,/model/layers.14/self_attn/Transpose_3,Transpose,Transpose,transpose:/model/layers.14/self_attn/Transpose_3,transpose:/model/layers.14/self_attn/Transpose_3,permute,permute_ref,804,permute_ref_17183202574580890641_0_0__sa,permute_ref_17183202574580890641_0_0__sa,1,1996,matched,aligned,true,true,true,exec_profile,gtpin_total_execution_cycles,5258216,5134,cycles,1024,5258216,5134,0,0,,,0,0,0,"{""gtpin_avg_execution_cycles_per_invocation"":5134,""gtpin_invocation_count"":1024,""gtpin_total_execution_cycles"":5258216}",InvocationCount=1024;TotalExecutionCycles=5258216;AvgExecutionCyclesPerInvocation=5134
n1_i3,3,1,3,performance,false,layers.*/self_attn,/model/layers.1/self_attn/Mul_8,Multiply,Multiply,multiply:/model/layers.1/self_attn/Mul_8,multiply:/model/layers.1/self_attn/Mul_8,eltwise,generic_eltwise_ref,323,generic_eltwise_ref_7125964068740378811_0_0__sa,generic_eltwise_ref_7125964068740378811_0_0__sa,1,1706,matched,aligned,true,true,true,exec_profile,gtpin_total_execution_cycles,5230964,5108,cycles,1024,5230964,5108,0,0,,,0,0,0,"{""gtpin_avg_execution_cycles_per_invocation"":5108,""gtpin_invocation_count"":1024,""gtpin_total_execution_cycles"":5230964}",InvocationCount=1024;TotalExecutionCycles=5230964;AvgExecutionCyclesPerInvocation=5108
n1_i3,3,1,3,performance,false,layers.*/self_attn,/model/layers.18/self_attn/Mul_8,Multiply,Multiply,multiply:/model/layers.18/self_attn/Mul_8,multiply:/model/layers.18/self_attn/Mul_8,eltwise,generic_eltwise_ref,935,generic_eltwise_ref_7125964068740378811_0_0__sa,generic_eltwise_ref_7125964068740378811_0_0__sa,1,2080,matched,aligned,true,true,true,exec_profile,gtpin_total_execution_cycles,5221554,5099,cycles,1024,5221554,5099,0,0,,,0,0,0,"{""gtpin_avg_execution_cycles_per_invocation"":5099,""gtpin_invocation_count"":1024,""gtpin_total_execution_cycles"":5221554}",InvocationCount=1024;TotalExecutionCycles=5221554;AvgExecutionCyclesPerInvocation=5099
n1_i3,3,1,3,performance,false,layers.*/self_attn,/model/layers.11/self_attn/Transpose_3,Transpose,Transpose,transpose:/model/layers.11/self_attn/Transpose_3,transpose:/model/layers.11/self_attn/Transpose_3,permute,permute_ref,696,permute_ref_17183202574580890641_0_0__sa,permute_ref_17183202574580890641_0_0__sa,1,1930,matched,aligned,true,true,true,exec_profile,gtpin_total_execution_cycles,5207234,5085,cycles,1024,5207234,5085,0,0,,,0,0,0,"{""gtpin_avg_execution_cycles_per_invocation"":5085,""gtpin_invocation_count"":1024,""gtpin_total_execution_cycles"":5207234}",InvocationCount=1024;TotalExecutionCycles=5207234;AvgExecutionCyclesPerInvocation=5085
n1_i3,3,1,3,performance,false,layers.*/self_attn,/model/layers.17/self_attn/Mul_8,Multiply,Multiply,multiply:/model/layers.17/self_attn/Mul_8,multiply:/model/layers.17/self_attn/Mul_8,eltwise,generic_eltwise_ref,899,generic_eltwise_ref_7125964068740378811_0_0__sa,generic_eltwise_ref_7125964068740378811_0_0__sa,1,2058,matched,aligned,true,true,true,exec_profile,gtpin_total_execution_cycles,5198554,5076,cycles,1024,5198554,5076,0,0,,,0,0,0,"{""gtpin_avg_execution_cycles_per_invocation"":5076,""gtpin_invocation_count"":1024,""gtpin_total_execution_cycles"":5198554}",InvocationCount=1024;TotalExecutionCycles=5198554;AvgExecutionCyclesPerInvocation=5076
n1_i3,3,1,3,performance,false,layers.*/self_attn,/model/layers.3/self_attn/Transpose_3,Transpose,Transpose,transpose:/model/layers.3/self_attn/Transpose_3,transpose:/model/layers.3/self_attn/Transpose_3,permute,permute_ref,408,permute_ref_17183202574580890641_0_0__sa,permute_ref_17183202574580890641_0_0__sa,1,1754,matched,aligned,true,true,true,exec_profile,gtpin_total_execution_cycles,5171608,5050,cycles,1024,5171608,5050,0,0,,,0,0,0,"{""gtpin_avg_execution_cycles_per_invocation"":5050,""gtpin_invocation_count"":1024,""gtpin_total_execution_cycles"":5171608}",InvocationCount=1024;TotalExecutionCycles=5171608;AvgExecutionCyclesPerInvocation=5050
n1_i3,3,1,3,performance,false,layers.*/self_attn,/model/layers.20/self_attn/Mul_8,Multiply,Multiply,multiply:/model/layers.20/self_attn/Mul_8,multiply:/model/layers.20/self_attn/Mul_8,eltwise,generic_eltwise_ref,1007,generic_eltwise_ref_7125964068740378811_0_0__sa,generic_eltwise_ref_7125964068740378811_0_0__sa,1,2124,matched,aligned,true,true,true,exec_profile,gtpin_total_execution_cycles,5164758,5043,cycles,1024,5164758,5043,0,0,,,0,0,0,"{""gtpin_avg_execution_cycles_per_invocation"":5043,""gtpin_invocation_count"":1024,""gtpin_total_execution_cycles"":5164758}",InvocationCount=1024;TotalExecutionCycles=5164758;AvgExecutionCyclesPerInvocation=5043
n1_i3,3,1,3,performance,false,layers.*/self_attn,/model/layers.16/self_attn/Expand,Broadcast,Broadcast,broadcast:/model/layers.16/self_attn/Expand,broadcast:/model/layers.16/self_attn/Expand,broadcast,broadcast_gpu_ref,873,broadcast_gpu_ref_6456514822857321615_0_0__sa,broadcast_gpu_ref_6456514822857321615_0_0__sa,1,2038,matched,aligned,true,true,true,exec_profile,gtpin_total_execution_cycles,5150410,5029,cycles,1024,5150410,5029,0,0,,,0,0,0,"{""gtpin_avg_execution_cycles_per_invocation"":5029,""gtpin_invocation_count"":1024,""gtpin_total_execution_cycles"":5150410}",InvocationCount=1024;TotalExecutionCycles=5150410;AvgExecutionCyclesPerInvocation=5029
n1_i3,3,1,3,performance,false,layers.*/self_attn,/model/layers.2/self_attn/Mul_8,Multiply,Multiply,multiply:/model/layers.2/self_attn/Mul_8,multiply:/model/layers.2/self_attn/Mul_8,eltwise,generic_eltwise_ref,359,generic_eltwise_ref_7125964068740378811_0_0__sa,generic_eltwise_ref_7125964068740378811_0_0__sa,1,1728,matched,aligned,true,true,true,exec_profile,gtpin_total_execution_cycles,5141982,5021,cycles,1024,5141982,5021,0,0,,,0,0,0,"{""gtpin_avg_execution_cycles_per_invocation"":5021,""gtpin_invocation_count"":1024,""gtpin_total_execution_cycles"":5141982}",InvocationCount=1024;TotalExecutionCycles=5141982;AvgExecutionCyclesPerInvocation=5021
n1_i3,3,1,3,performance,false,layers.*/self_attn,/model/layers.2/self_attn/Transpose_3,Transpose,Transpose,transpose:/model/layers.2/self_attn/Transpose_3,transpose:/model/layers.2/self_attn/Transpose_3,permute,permute_ref,372,permute_ref_17183202574580890641_0_0__sa,permute_ref_17183202574580890641_0_0__sa,1,1732,matched,aligned,true,true,true,exec_profile,gtpin_total_execution_cycles,5115282,4995,cycles,1024,5115282,4995,0,0,,,0,0,0,"{""gtpin_avg_execution_cycles_per_invocation"":4995,""gtpin_invocation_count"":1024,""gtpin_total_execution_cycles"":5115282}",InvocationCount=1024;TotalExecutionCycles=5115282;AvgExecutionCyclesPerInvocation=4995
n1_i3,3,1,3,performance,false,layers.*/self_attn,/model/layers.9/self_attn/Mul_8,Multiply,Multiply,multiply:/model/layers.9/self_attn/Mul_8,multiply:/model/layers.9/self_attn/Mul_8,eltwise,generic_eltwise_ref,611,generic_eltwise_ref_7125964068740378811_0_0__sa,generic_eltwise_ref_7125964068740378811_0_0__sa,1,1882,matched,aligned,true,true,true,exec_profile,gtpin_total_execution_cycles,4980406,4863,cycles,1024,4980406,4863,0,0,,,0,0,0,"{""gtpin_avg_execution_cycles_per_invocation"":4863,""gtpin_invocation_count"":1024,""gtpin_total_execution_cycles"":4980406}",InvocationCount=1024;TotalExecutionCycles=4980406;AvgExecutionCyclesPerInvocation=4863
n1_i3,3,1,3,performance,false,layers.*/self_attn,/model/layers.7/self_attn/Transpose_3,Transpose,Transpose,transpose:/model/layers.7/self_attn/Transpose_3,transpose:/model/layers.7/self_attn/Transpose_3,permute,permute_ref,552,permute_ref_17183202574580890641_0_0__sa,permute_ref_17183202574580890641_0_0__sa,1,1842,matched,aligned,true,true,true,exec_profile,gtpin_total_execution_cycles,4967538,4851,cycles,1024,4967538,4851,0,0,,,0,0,0,"{""gtpin_avg_execution_cycles_per_invocation"":4851,""gtpin_invocation_count"":1024,""gtpin_total_execution_cycles"":4967538}",InvocationCount=1024;TotalExecutionCycles=4967538;AvgExecutionCyclesPerInvocation=4851
n1_i3,3,1,3,performance,false,layers.*/self_attn,/model/layers.13/self_attn/Mul_8,Multiply,Multiply,multiply:/model/layers.13/self_attn/Mul_8,multiply:/model/layers.13/self_attn/Mul_8,eltwise,generic_eltwise_ref,755,generic_eltwise_ref_7125964068740378811_0_0__sa,generic_eltwise_ref_7125964068740378811_0_0__sa,1,1970,matched,aligned,true,true,true,exec_profile,gtpin_total_execution_cycles,4967470,4851,cycles,1024,4967470,4851,0,0,,,0,0,0,"{""gtpin_avg_execution_cycles_per_invocation"":4851,""gtpin_invocation_count"":1024,""gtpin_total_execution_cycles"":4967470}",InvocationCount=1024;TotalExecutionCycles=4967470;AvgExecutionCyclesPerInvocation=4851
n1_i3,3,1,3,performance,false,layers.*/self_attn,/model/layers.21/self_attn/Mul_8,Multiply,Multiply,multiply:/model/layers.21/self_attn/Mul_8,multiply:/model/layers.21/self_attn/Mul_8,eltwise,generic_eltwise_ref,1043,generic_eltwise_ref_7125964068740378811_0_0__sa,generic_eltwise_ref_7125964068740378811_0_0__sa,1,2146,matched,aligned,true,true,true,exec_profile,gtpin_total_execution_cycles,4948204,4832,cycles,1024,4948204,4832,0,0,,,0,0,0,"{""gtpin_avg_execution_cycles_per_invocation"":4832,""gtpin_invocation_count"":1024,""gtpin_total_execution_cycles"":4948204}",InvocationCount=1024;TotalExecutionCycles=4948204;AvgExecutionCyclesPerInvocation=4832
n1_i3,3,1,3,performance,false,layers.*/self_attn,/model/layers.15/self_attn/Transpose_3,Transpose,Transpose,transpose:/model/layers.15/self_attn/Transpose_3,transpose:/model/layers.15/self_attn/Transpose_3,permute,permute_ref,840,permute_ref_17183202574580890641_0_0__sa,permute_ref_17183202574580890641_0_0__sa,1,2018,matched,aligned,true,true,true,exec_profile,gtpin_total_execution_cycles,4931460,4815,cycles,1024,4931460,4815,0,0,,,0,0,0,"{""gtpin_avg_execution_cycles_per_invocation"":4815,""gtpin_invocation_count"":1024,""gtpin_total_execution_cycles"":4931460}",InvocationCount=1024;TotalExecutionCycles=4931460;AvgExecutionCyclesPerInvocation=4815
n1_i3,3,1,3,performance,false,layers.*/self_attn,/model/layers.5/self_attn/Mul_8,Multiply,Multiply,multiply:/model/layers.5/self_attn/Mul_8,multiply:/model/layers.5/self_attn/Mul_8,eltwise,generic_eltwise_ref,467,generic_eltwise_ref_7125964068740378811_0_0__sa,generic_eltwise_ref_7125964068740378811_0_0__sa,1,1794,matched,aligned,true,true,true,exec_profile,gtpin_total_execution_cycles,4897794,4783,cycles,1024,4897794,4783,0,0,,,0,0,0,"{""gtpin_avg_execution_cycles_per_invocation"":4783,""gtpin_invocation_count"":1024,""gtpin_total_execution_cycles"":4897794}",InvocationCount=1024;TotalExecutionCycles=4897794;AvgExecutionCyclesPerInvocation=4783
n1_i3,3,1,3,performance,false,layers.*/self_attn,/model/layers.20/self_attn/Transpose_3,Transpose,Transpose,transpose:/model/layers.20/self_attn/Transpose_3,transpose:/model/layers.20/self_attn/Transpose_3,permute,permute_ref,1020,permute_ref_17183202574580890641_0_0__sa,permute_ref_17183202574580890641_0_0__sa,1,2128,matched,aligned,true,true,true,exec_profile,gtpin_total_execution_cycles,4892370,4777,cycles,1024,4892370,4777,0,0,,,0,0,0,"{""gtpin_avg_execution_cycles_per_invocation"":4777,""gtpin_invocation_count"":1024,""gtpin_total_execution_cycles"":4892370}",InvocationCount=1024;TotalExecutionCycles=4892370;AvgExecutionCyclesPerInvocation=4777
n1_i3,3,1,3,performance,false,layers.*/self_attn,/model/layers.8/self_attn/Mul_8,Multiply,Multiply,multiply:/model/layers.8/self_attn/Mul_8,multiply:/model/layers.8/self_attn/Mul_8,eltwise,generic_eltwise_ref,575,generic_eltwise_ref_7125964068740378811_0_0__sa,generic_eltwise_ref_7125964068740378811_0_0__sa,1,1860,matched,aligned,true,true,true,exec_profile,gtpin_total_execution_cycles,4881922,4767,cycles,1024,4881922,4767,0,0,,,0,0,0,"{""gtpin_avg_execution_cycles_per_invocation"":4767,""gtpin_invocation_count"":1024,""gtpin_total_execution_cycles"":4881922}",InvocationCount=1024;TotalExecutionCycles=4881922;AvgExecutionCyclesPerInvocation=4767
n1_i3,3,1,3,performance,false,layers.*/self_attn,/model/layers.10/self_attn/Mul_8,Multiply,Multiply,multiply:/model/layers.10/self_attn/Mul_8,multiply:/model/layers.10/self_attn/Mul_8,eltwise,generic_eltwise_ref,647,generic_eltwise_ref_7125964068740378811_0_0__sa,generic_eltwise_ref_7125964068740378811_0_0__sa,1,1904,matched,aligned,true,true,true,exec_profile,gtpin_total_execution_cycles,4856706,4742,cycles,1024,4856706,4742,0,0,,,0,0,0,"{""gtpin_avg_execution_cycles_per_invocation"":4742,""gtpin_invocation_count"":1024,""gtpin_total_execution_cycles"":4856706}",InvocationCount=1024;TotalExecutionCycles=4856706;AvgExecutionCyclesPerInvocation=4742
n1_i3,3,1,3,performance,false,layers.*/self_attn,/model/layers.14/self_attn/Mul_8,Multiply,Multiply,multiply:/model/layers.14/self_attn/Mul_8,multiply:/model/layers.14/self_attn/Mul_8,eltwise,generic_eltwise_ref,791,generic_eltwise_ref_7125964068740378811_0_0__sa,generic_eltwise_ref_7125964068740378811_0_0__sa,1,1992,matched,aligned,true,true,true,exec_profile,gtpin_total_execution_cycles,4844628,4731,cycles,1024,4844628,4731,0,0,,,0,0,0,"{""gtpin_avg_execution_cycles_per_invocation"":4731,""gtpin_invocation_count"":1024,""gtpin_total_execution_cycles"":4844628}",InvocationCount=1024;TotalExecutionCycles=4844628;AvgExecutionCyclesPerInvocation=4731
n1_i3,3,1,3,performance,false,layers.*/self_attn,/model/layers.16/self_attn/Mul_8,Multiply,Multiply,multiply:/model/layers.16/self_attn/Mul_8,multiply:/model/layers.16/self_attn/Mul_8,eltwise,generic_eltwise_ref,863,generic_eltwise_ref_7125964068740378811_0_0__sa,generic_eltwise_ref_7125964068740378811_0_0__sa,1,2036,matched,aligned,true,true,true,exec_profile,gtpin_total_execution_cycles,4830554,4717,cycles,1024,4830554,4717,0,0,,,0,0,0,"{""gtpin_avg_execution_cycles_per_invocation"":4717,""gtpin_invocation_count"":1024,""gtpin_total_execution_cycles"":4830554}",InvocationCount=1024;TotalExecutionCycles=4830554;AvgExecutionCyclesPerInvocation=4717
n1_i3,3,1,3,performance,false,layers.*/self_attn,/model/layers.16/self_attn/Transpose_3,Transpose,Transpose,transpose:/model/layers.16/self_attn/Transpose_3,transpose:/model/layers.16/self_attn/Transpose_3,permute,permute_ref,876,permute_ref_17183202574580890641_0_0__sa,permute_ref_17183202574580890641_0_0__sa,1,2040,matched,aligned,true,true,true,exec_profile,gtpin_total_execution_cycles,4821842,4708,cycles,1024,4821842,4708,0,0,,,0,0,0,"{""gtpin_avg_execution_cycles_per_invocation"":4708,""gtpin_invocation_count"":1024,""gtpin_total_execution_cycles"":4821842}",InvocationCount=1024;TotalExecutionCycles=4821842;AvgExecutionCyclesPerInvocation=4708
n1_i3,3,1,3,performance,false,layers.*/self_attn,/model/layers.4/self_attn/Mul_8,Multiply,Multiply,multiply:/model/layers.4/self_attn/Mul_8,multiply:/model/layers.4/self_attn/Mul_8,eltwise,generic_eltwise_ref,431,generic_eltwise_ref_7125964068740378811_0_0__sa,generic_eltwise_ref_7125964068740378811_0_0__sa,1,1772,matched,aligned,true,true,true,exec_profile,gtpin_total_execution_cycles,4794156,4681,cycles,1024,4794156,4681,0,0,,,0,0,0,"{""gtpin_avg_execution_cycles_per_invocation"":4681,""gtpin_invocation_count"":1024,""gtpin_total_execution_cycles"":4794156}",InvocationCount=1024;TotalExecutionCycles=4794156;AvgExecutionCyclesPerInvocation=4681
n1_i3,3,1,3,performance,false,layers.*/self_attn,/model/layers.14/self_attn/Expand_1,Broadcast,Broadcast,broadcast:/model/layers.14/self_attn/Expand_1,broadcast:/model/layers.14/self_attn/Expand_1,broadcast,broadcast_gpu_ref,794,broadcast_gpu_ref_6456514822857321615_0_0__sa,broadcast_gpu_ref_6456514822857321615_0_0__sa,1,1993,matched,aligned,true,true,true,exec_profile,gtpin_total_execution_cycles,4777088,4665,cycles,1024,4777088,4665,0,0,,,0,0,0,"{""gtpin_avg_execution_cycles_per_invocation"":4665,""gtpin_invocation_count"":1024,""gtpin_total_execution_cycles"":4777088}",InvocationCount=1024;TotalExecutionCycles=4777088;AvgExecutionCyclesPerInvocation=4665
n1_i3,3,1,3,performance,false,layers.*/self_attn,/model/layers.0/self_attn/Transpose_3,Transpose,Transpose,transpose:/model/layers.0/self_attn/Transpose_3,transpose:/model/layers.0/self_attn/Transpose_3,permute,permute_ref,300,permute_ref_17183202574580890641_0_0__sa,permute_ref_17183202574580890641_0_0__sa,1,1688,matched,aligned,true,true,true,exec_profile,gtpin_total_execution_cycles,4757038,4645,cycles,1024,4757038,4645,0,0,,,0,0,0,"{""gtpin_avg_execution_cycles_per_invocation"":4645,""gtpin_invocation_count"":1024,""gtpin_total_execution_cycles"":4757038}",InvocationCount=1024;TotalExecutionCycles=4757038;AvgExecutionCyclesPerInvocation=4645
n1_i3,3,1,3,performance,false,layers.*/self_attn,/model/layers.6/self_attn/Mul_8,Multiply,Multiply,multiply:/model/layers.6/self_attn/Mul_8,multiply:/model/layers.6/self_attn/Mul_8,eltwise,generic_eltwise_ref,503,generic_eltwise_ref_7125964068740378811_0_0__sa,generic_eltwise_ref_7125964068740378811_0_0__sa,1,1816,matched,aligned,true,true,true,exec_profile,gtpin_total_execution_cycles,4743438,4632,cycles,1024,4743438,4632,0,0,,,0,0,0,"{""gtpin_avg_execution_cycles_per_invocation"":4632,""gtpin_invocation_count"":1024,""gtpin_total_execution_cycles"":4743438}",InvocationCount=1024;TotalExecutionCycles=4743438;AvgExecutionCyclesPerInvocation=4632
n1_i3,3,1,3,performance,false,layers.*/self_attn,/model/layers.3/self_attn/Mul_8,Multiply,Multiply,multiply:/model/layers.3/self_attn/Mul_8,multiply:/model/layers.3/self_attn/Mul_8,eltwise,generic_eltwise_ref,395,generic_eltwise_ref_7125964068740378811_0_0__sa,generic_eltwise_ref_7125964068740378811_0_0__sa,1,1750,matched,aligned,true,true,true,exec_profile,gtpin_total_execution_cycles,4724396,4613,cycles,1024,4724396,4613,0,0,,,0,0,0,"{""gtpin_avg_execution_cycles_per_invocation"":4613,""gtpin_invocation_count"":1024,""gtpin_total_execution_cycles"":4724396}",InvocationCount=1024;TotalExecutionCycles=4724396;AvgExecutionCyclesPerInvocation=4613
n1_i3,3,1,3,performance,false,layers.*/self_attn,/model/layers.11/self_attn/Expand_1,Broadcast,Broadcast,broadcast:/model/layers.11/self_attn/Expand_1,broadcast:/model/layers.11/self_attn/Expand_1,broadcast,broadcast_gpu_ref,686,broadcast_gpu_ref_6456514822857321615_0_0__sa,broadcast_gpu_ref_6456514822857321615_0_0__sa,1,1927,matched,aligned,true,true,true,exec_profile,gtpin_total_execution_cycles,4719538,4608,cycles,1024,4719538,4608,0,0,,,0,0,0,"{""gtpin_avg_execution_cycles_per_invocation"":4608,""gtpin_invocation_count"":1024,""gtpin_total_execution_cycles"":4719538}",InvocationCount=1024;TotalExecutionCycles=4719538;AvgExecutionCyclesPerInvocation=4608
n1_i3,3,1,3,performance,false,layers.*/self_attn,/model/layers.3/self_attn/Expand_1,Broadcast,Broadcast,broadcast:/model/layers.3/self_attn/Expand_1,broadcast:/model/layers.3/self_attn/Expand_1,broadcast,broadcast_gpu_ref,398,broadcast_gpu_ref_6456514822857321615_0_0__sa,broadcast_gpu_ref_6456514822857321615_0_0__sa,1,1751,matched,aligned,true,true,true,exec_profile,gtpin_total_execution_cycles,4715480,4604,cycles,1024,4715480,4604,0,0,,,0,0,0,"{""gtpin_avg_execution_cycles_per_invocation"":4604,""gtpin_invocation_count"":1024,""gtpin_total_execution_cycles"":4715480}",InvocationCount=1024;TotalExecutionCycles=4715480;AvgExecutionCyclesPerInvocation=4604
n1_i3,3,1,3,performance,false,layers.*/self_attn,/model/layers.15/self_attn/Mul_8,Multiply,Multiply,multiply:/model/layers.15/self_attn/Mul_8,multiply:/model/layers.15/self_attn/Mul_8,eltwise,generic_eltwise_ref,827,generic_eltwise_ref_7125964068740378811_0_0__sa,generic_eltwise_ref_7125964068740378811_0_0__sa,1,2014,matched,aligned,true,true,true,exec_profile,gtpin_total_execution_cycles,4697424,4587,cycles,1024,4697424,4587,0,0,,,0,0,0,"{""gtpin_avg_execution_cycles_per_invocation"":4587,""gtpin_invocation_count"":1024,""gtpin_total_execution_cycles"":4697424}",InvocationCount=1024;TotalExecutionCycles=4697424;AvgExecutionCyclesPerInvocation=4587
n1_i3,3,1,3,performance,false,layers.*/self_attn,/model/layers.19/self_attn/Mul_8,Multiply,Multiply,multiply:/model/layers.19/self_attn/Mul_8,multiply:/model/layers.19/self_attn/Mul_8,eltwise,generic_eltwise_ref,971,generic_eltwise_ref_7125964068740378811_0_0__sa,generic_eltwise_ref_7125964068740378811_0_0__sa,1,2102,matched,aligned,true,true,true,exec_profile,gtpin_total_execution_cycles,4629884,4521,cycles,1024,4629884,4521,0,0,,,0,0,0,"{""gtpin_avg_execution_cycles_per_invocation"":4521,""gtpin_invocation_count"":1024,""gtpin_total_execution_cycles"":4629884}",InvocationCount=1024;TotalExecutionCycles=4629884;AvgExecutionCyclesPerInvocation=4521
n1_i3,3,1,3,performance,false,layers.*/self_attn,/model/layers.15/self_attn/Expand_1,Broadcast,Broadcast,broadcast:/model/layers.15/self_attn/Expand_1,broadcast:/model/layers.15/self_attn/Expand_1,broadcast,broadcast_gpu_ref,830,broadcast_gpu_ref_6456514822857321615_0_0__sa,broadcast_gpu_ref_6456514822857321615_0_0__sa,1,2015,matched,aligned,true,true,true,exec_profile,gtpin_total_execution_cycles,4618872,4510,cycles,1024,4618872,4510,0,0,,,0,0,0,"{""gtpin_avg_execution_cycles_per_invocation"":4510,""gtpin_invocation_count"":1024,""gtpin_total_execution_cycles"":4618872}",InvocationCount=1024;TotalExecutionCycles=4618872;AvgExecutionCyclesPerInvocation=4510
n1_i3,3,1,3,performance,false,layers.*/self_attn,/model/layers.20/self_attn/Expand_1,Broadcast,Broadcast,broadcast:/model/layers.20/self_attn/Expand_1,broadcast:/model/layers.20/self_attn/Expand_1,broadcast,broadcast_gpu_ref,1010,broadcast_gpu_ref_6456514822857321615_0_0__sa,broadcast_gpu_ref_6456514822857321615_0_0__sa,1,2125,matched,aligned,true,true,true,exec_profile,gtpin_total_execution_cycles,4506370,4400,cycles,1024,4506370,4400,0,0,,,0,0,0,"{""gtpin_avg_execution_cycles_per_invocation"":4400,""gtpin_invocation_count"":1024,""gtpin_total_execution_cycles"":4506370}",InvocationCount=1024;TotalExecutionCycles=4506370;AvgExecutionCyclesPerInvocation=4400
n1_i3,3,1,3,performance,false,layers.*/self_attn,/model/layers.0/self_attn/Mul_8,Multiply,Multiply,multiply:/model/layers.0/self_attn/Mul_8,multiply:/model/layers.0/self_attn/Mul_8,eltwise,generic_eltwise_ref,290,generic_eltwise_ref_7125964068740378811_0_0__sa,generic_eltwise_ref_7125964068740378811_0_0__sa,1,1685,matched,aligned,true,true,true,exec_profile,gtpin_total_execution_cycles,4503574,4398,cycles,1024,4503574,4398,0,0,,,0,0,0,"{""gtpin_avg_execution_cycles_per_invocation"":4398,""gtpin_invocation_count"":1024,""gtpin_total_execution_cycles"":4503574}",InvocationCount=1024;TotalExecutionCycles=4503574;AvgExecutionCyclesPerInvocation=4398
n1_i3,3,1,3,performance,false,layers.*/self_attn,/model/layers.7/self_attn/Expand_1,Broadcast,Broadcast,broadcast:/model/layers.7/self_attn/Expand_1,broadcast:/model/layers.7/self_attn/Expand_1,broadcast,broadcast_gpu_ref,542,broadcast_gpu_ref_6456514822857321615_0_0__sa,broadcast_gpu_ref_6456514822857321615_0_0__sa,1,1839,matched,aligned,true,true,true,exec_profile,gtpin_total_execution_cycles,4500564,4395,cycles,1024,4500564,4395,0,0,,,0,0,0,"{""gtpin_avg_execution_cycles_per_invocation"":4395,""gtpin_invocation_count"":1024,""gtpin_total_execution_cycles"":4500564}",InvocationCount=1024;TotalExecutionCycles=4500564;AvgExecutionCyclesPerInvocation=4395
n1_i3,3,1,3,performance,false,layers.*/self_attn,/model/layers.19/self_attn/Expand_1,Broadcast,Broadcast,broadcast:/model/layers.19/self_attn/Expand_1,broadcast:/model/layers.19/self_attn/Expand_1,broadcast,broadcast_gpu_ref,974,broadcast_gpu_ref_6456514822857321615_0_0__sa,broadcast_gpu_ref_6456514822857321615_0_0__sa,1,2103,matched,aligned,true,true,true,exec_profile,gtpin_total_execution_cycles,4477468,4372,cycles,1024,4477468,4372,0,0,,,0,0,0,"{""gtpin_avg_execution_cycles_per_invocation"":4372,""gtpin_invocation_count"":1024,""gtpin_total_execution_cycles"":4477468}",InvocationCount=1024;TotalExecutionCycles=4477468;AvgExecutionCyclesPerInvocation=4372
n1_i3,3,1,3,performance,false,layers.*/self_attn,/model/layers.8/self_attn/Expand_1,Broadcast,Broadcast,broadcast:/model/layers.8/self_attn/Expand_1,broadcast:/model/layers.8/self_attn/Expand_1,broadcast,broadcast_gpu_ref,578,broadcast_gpu_ref_6456514822857321615_0_0__sa,broadcast_gpu_ref_6456514822857321615_0_0__sa,1,1861,matched,aligned,true,true,true,exec_profile,gtpin_total_execution_cycles,4473902,4369,cycles,1024,4473902,4369,0,0,,,0,0,0,"{""gtpin_avg_execution_cycles_per_invocation"":4369,""gtpin_invocation_count"":1024,""gtpin_total_execution_cycles"":4473902}",InvocationCount=1024;TotalExecutionCycles=4473902;AvgExecutionCyclesPerInvocation=4369
n1_i3,3,1,3,performance,false,layers.*/self_attn,/model/layers.12/self_attn/Expand,Broadcast,Broadcast,broadcast:/model/layers.12/self_attn/Expand,broadcast:/model/layers.12/self_attn/Expand,broadcast,broadcast_gpu_ref,729,broadcast_gpu_ref_6456514822857321615_0_0__sa,broadcast_gpu_ref_6456514822857321615_0_0__sa,1,1950,matched,aligned,true,true,true,exec_profile,gtpin_total_execution_cycles,4440680,4336,cycles,1024,4440680,4336,0,0,,,0,0,0,"{""gtpin_avg_execution_cycles_per_invocation"":4336,""gtpin_invocation_count"":1024,""gtpin_total_execution_cycles"":4440680}",InvocationCount=1024;TotalExecutionCycles=4440680;AvgExecutionCyclesPerInvocation=4336
n1_i3,3,1,3,performance,false,layers.*/self_attn,/model/layers.6/self_attn/Expand_1,Broadcast,Broadcast,broadcast:/model/layers.6/self_attn/Expand_1,broadcast:/model/layers.6/self_attn/Expand_1,broadcast,broadcast_gpu_ref,506,broadcast_gpu_ref_6456514822857321615_0_0__sa,broadcast_gpu_ref_6456514822857321615_0_0__sa,1,1817,matched,aligned,true,true,true,exec_profile,gtpin_total_execution_cycles,4373062,4270,cycles,1024,4373062,4270,0,0,,,0,0,0,"{""gtpin_avg_execution_cycles_per_invocation"":4270,""gtpin_invocation_count"":1024,""gtpin_total_execution_cycles"":4373062}",InvocationCount=1024;TotalExecutionCycles=4373062;AvgExecutionCyclesPerInvocation=4270
n1_i3,3,1,3,performance,false,layers.*/self_attn,/model/layers.7/self_attn/Mul_8,Multiply,Multiply,multiply:/model/layers.7/self_attn/Mul_8,multiply:/model/layers.7/self_attn/Mul_8,eltwise,generic_eltwise_ref,539,generic_eltwise_ref_7125964068740378811_0_0__sa,generic_eltwise_ref_7125964068740378811_0_0__sa,1,1838,matched,aligned,true,true,true,exec_profile,gtpin_total_execution_cycles,4340404,4238,cycles,1024,4340404,4238,0,0,,,0,0,0,"{""gtpin_avg_execution_cycles_per_invocation"":4238,""gtpin_invocation_count"":1024,""gtpin_total_execution_cycles"":4340404}",InvocationCount=1024;TotalExecutionCycles=4340404;AvgExecutionCyclesPerInvocation=4238
n1_i3,3,1,3,performance,false,layers.*/self_attn,/model/layers.7/self_attn/Expand,Broadcast,Broadcast,broadcast:/model/layers.7/self_attn/Expand,broadcast:/model/layers.7/self_attn/Expand,broadcast,broadcast_gpu_ref,549,broadcast_gpu_ref_6456514822857321615_0_0__sa,broadcast_gpu_ref_6456514822857321615_0_0__sa,1,1840,matched,aligned,true,true,true,exec_profile,gtpin_total_execution_cycles,4295146,4194,cycles,1024,4295146,4194,0,0,,,0,0,0,"{""gtpin_avg_execution_cycles_per_invocation"":4194,""gtpin_invocation_count"":1024,""gtpin_total_execution_cycles"":4295146}",InvocationCount=1024;TotalExecutionCycles=4295146;AvgExecutionCyclesPerInvocation=4194
n1_i3,3,1,3,performance,false,layers.*/self_attn,/model/layers.11/self_attn/Mul_8,Multiply,Multiply,multiply:/model/layers.11/self_attn/Mul_8,multiply:/model/layers.11/self_attn/Mul_8,eltwise,generic_eltwise_ref,683,generic_eltwise_ref_7125964068740378811_0_0__sa,generic_eltwise_ref_7125964068740378811_0_0__sa,1,1926,matched,aligned,true,true,true,exec_profile,gtpin_total_execution_cycles,4284856,4184,cycles,1024,4284856,4184,0,0,,,0,0,0,"{""gtpin_avg_execution_cycles_per_invocation"":4184,""gtpin_invocation_count"":1024,""gtpin_total_execution_cycles"":4284856}",InvocationCount=1024;TotalExecutionCycles=4284856;AvgExecutionCyclesPerInvocation=4184
n1_i3,3,1,3,performance,false,layers.*/self_attn,/model/layers.21/self_attn/Expand_1,Broadcast,Broadcast,broadcast:/model/layers.21/self_attn/Expand_1,broadcast:/model/layers.21/self_attn/Expand_1,broadcast,broadcast_gpu_ref,1046,broadcast_gpu_ref_6456514822857321615_0_0__sa,broadcast_gpu_ref_6456514822857321615_0_0__sa,1,2147,matched,aligned,true,true,true,exec_profile,gtpin_total_execution_cycles,4275280,4175,cycles,1024,4275280,4175,0,0,,,0,0,0,"{""gtpin_avg_execution_cycles_per_invocation"":4175,""gtpin_invocation_count"":1024,""gtpin_total_execution_cycles"":4275280}",InvocationCount=1024;TotalExecutionCycles=4275280;AvgExecutionCyclesPerInvocation=4175
n1_i3,3,1,3,performance,false,layers.*/self_attn,/model/layers.18/self_attn/Expand_1,Broadcast,Broadcast,broadcast:/model/layers.18/self_attn/Expand_1,broadcast:/model/layers.18/self_attn/Expand_1,broadcast,broadcast_gpu_ref,938,broadcast_gpu_ref_6456514822857321615_0_0__sa,broadcast_gpu_ref_6456514822857321615_0_0__sa,1,2081,matched,aligned,true,true,true,exec_profile,gtpin_total_execution_cycles,4257896,4158,cycles,1024,4257896,4158,0,0,,,0,0,0,"{""gtpin_avg_execution_cycles_per_invocation"":4158,""gtpin_invocation_count"":1024,""gtpin_total_execution_cycles"":4257896}",InvocationCount=1024;TotalExecutionCycles=4257896;AvgExecutionCyclesPerInvocation=4158
n1_i3,3,1,3,performance,false,layers.*/self_attn,/model/layers.13/self_attn/Expand_1,Broadcast,Broadcast,broadcast:/model/layers.13/self_attn/Expand_1,broadcast:/model/layers.13/self_attn/Expand_1,broadcast,broadcast_gpu_ref,758,broadcast_gpu_ref_6456514822857321615_0_0__sa,broadcast_gpu_ref_6456514822857321615_0_0__sa,1,1971,matched,aligned,true,true,true,exec_profile,gtpin_total_execution_cycles,4233002,4133,cycles,1024,4233002,4133,0,0,,,0,0,0,"{""gtpin_avg_execution_cycles_per_invocation"":4133,""gtpin_invocation_count"":1024,""gtpin_total_execution_cycles"":4233002}",InvocationCount=1024;TotalExecutionCycles=4233002;AvgExecutionCyclesPerInvocation=4133
n1_i3,3,1,3,performance,false,layers.*/self_attn,/model/layers.17/self_attn/Expand_1,Broadcast,Broadcast,broadcast:/model/layers.17/self_attn/Expand_1,broadcast:/model/layers.17/self_attn/Expand_1,broadcast,broadcast_gpu_ref,902,broadcast_gpu_ref_6456514822857321615_0_0__sa,broadcast_gpu_ref_6456514822857321615_0_0__sa,1,2059,matched,aligned,true,true,true,exec_profile,gtpin_total_execution_cycles,4220732,4121,cycles,1024,4220732,4121,0,0,,,0,0,0,"{""gtpin_avg_execution_cycles_per_invocation"":4121,""gtpin_invocation_count"":1024,""gtpin_total_execution_cycles"":4220732}",InvocationCount=1024;TotalExecutionCycles=4220732;AvgExecutionCyclesPerInvocation=4121
n1_i3,3,1,3,performance,false,layers.*/self_attn,/model/layers.0/self_attn/k_proj/MatMul,FullyConnected,FullyConnected,fullyconnected:/model/layers.0/self_attn/k_proj/MatMul,fullyconnected:/model/layers.0/self_attn/k_proj/MatMul,fully_connected,fully_connected_gpu_bf_tiled,240,fully_connected_gpu_bf_tiled_17963963101609895522_0_0,fully_connected_gpu_bf_tiled_17963963101609895522_0_0,1,1669,matched,aligned,true,true,true,exec_profile,gtpin_total_execution_cycles,4206246,525780,cycles,8,4206246,525780,0,0,,,0,0,0,"{""gtpin_avg_execution_cycles_per_invocation"":525780,""gtpin_invocation_count"":8,""gtpin_total_execution_cycles"":4206246}",InvocationCount=8;TotalExecutionCycles=4206246;AvgExecutionCyclesPerInvocation=525780
n1_i3,3,1,3,performance,false,layers.*/self_attn,/model/layers.10/self_attn/Expand_1,Broadcast,Broadcast,broadcast:/model/layers.10/self_attn/Expand_1,broadcast:/model/layers.10/self_attn/Expand_1,broadcast,broadcast_gpu_ref,650,broadcast_gpu_ref_6456514822857321615_0_0__sa,broadcast_gpu_ref_6456514822857321615_0_0__sa,1,1905,matched,aligned,true,true,true,exec_profile,gtpin_total_execution_cycles,4110294,4013,cycles,1024,4110294,4013,0,0,,,0,0,0,"{""gtpin_avg_execution_cycles_per_invocation"":4013,""gtpin_invocation_count"":1024,""gtpin_total_execution_cycles"":4110294}",InvocationCount=1024;TotalExecutionCycles=4110294;AvgExecutionCyclesPerInvocation=4013
n1_i3,3,1,3,performance,false,layers.*/self_attn,/model/layers.1/self_attn/Expand_1,Broadcast,Broadcast,broadcast:/model/layers.1/self_attn/Expand_1,broadcast:/model/layers.1/self_attn/Expand_1,broadcast,broadcast_gpu_ref,326,broadcast_gpu_ref_6456514822857321615_0_0__sa,broadcast_gpu_ref_6456514822857321615_0_0__sa,1,1707,matched,aligned,true,true,true,exec_profile,gtpin_total_execution_cycles,4100888,4004,cycles,1024,4100888,4004,0,0,,,0,0,0,"{""gtpin_avg_execution_cycles_per_invocation"":4004,""gtpin_invocation_count"":1024,""gtpin_total_execution_cycles"":4100888}",InvocationCount=1024;TotalExecutionCycles=4100888;AvgExecutionCyclesPerInvocation=4004
n1_i3,3,1,3,performance,false,layers.*/self_attn,/model/layers.5/self_attn/Expand_1,Broadcast,Broadcast,broadcast:/model/layers.5/self_attn/Expand_1,broadcast:/model/layers.5/self_attn/Expand_1,broadcast,broadcast_gpu_ref,470,broadcast_gpu_ref_6456514822857321615_0_0__sa,broadcast_gpu_ref_6456514822857321615_0_0__sa,1,1795,matched,aligned,true,true,true,exec_profile,gtpin_total_execution_cycles,4069318,3973,cycles,1024,4069318,3973,0,0,,,0,0,0,"{""gtpin_avg_execution_cycles_per_invocation"":3973,""gtpin_invocation_count"":1024,""gtpin_total_execution_cycles"":4069318}",InvocationCount=1024;TotalExecutionCycles=4069318;AvgExecutionCyclesPerInvocation=3973
n1_i3,3,1,3,performance,false,layers.*/self_attn,/model/layers.16/self_attn/Expand_1,Broadcast,Broadcast,broadcast:/model/layers.16/self_attn/Expand_1,broadcast:/model/layers.16/self_attn/Expand_1,broadcast,broadcast_gpu_ref,866,broadcast_gpu_ref_6456514822857321615_0_0__sa,broadcast_gpu_ref_6456514822857321615_0_0__sa,1,2037,matched,aligned,true,true,true,exec_profile,gtpin_total_execution_cycles,4038616,3943,cycles,1024,4038616,3943,0,0,,,0,0,0,"{""gtpin_avg_execution_cycles_per_invocation"":3943,""gtpin_invocation_count"":1024,""gtpin_total_execution_cycles"":4038616}",InvocationCount=1024;TotalExecutionCycles=4038616;AvgExecutionCyclesPerInvocation=3943
n1_i3,3,1,3,performance,false,layers.*/self_attn,/model/layers.8/self_attn/Expand,Broadcast,Broadcast,broadcast:/model/layers.8/self_attn/Expand,broadcast:/model/layers.8/self_attn/Expand,broadcast,broadcast_gpu_ref,585,broadcast_gpu_ref_6456514822857321615_0_0__sa,broadcast_gpu_ref_6456514822857321615_0_0__sa,1,1862,matched,aligned,true,true,true,exec_profile,gtpin_total_execution_cycles,4034742,3940,cycles,1024,4034742,3940,0,0,,,0,0,0,"{""gtpin_avg_execution_cycles_per_invocation"":3940,""gtpin_invocation_count"":1024,""gtpin_total_execution_cycles"":4034742}",InvocationCount=1024;TotalExecutionCycles=4034742;AvgExecutionCyclesPerInvocation=3940
n1_i3,3,1,3,performance,false,layers.*/self_attn,/model/layers.0/self_attn/v_proj/MatMul,FullyConnected,FullyConnected,fullyconnected:/model/layers.0/self_attn/v_proj/MatMul,fullyconnected:/model/layers.0/self_attn/v_proj/MatMul,fully_connected,fully_connected_gpu_bf_tiled,238,fully_connected_gpu_bf_tiled_17963963101609895522_0_0,fully_connected_gpu_bf_tiled_17963963101609895522_0_0,1,1667,matched,aligned,true,true,true,exec_profile,gtpin_total_execution_cycles,4030532,503816,cycles,8,4030532,503816,0,0,,,0,0,0,"{""gtpin_avg_execution_cycles_per_invocation"":503816,""gtpin_invocation_count"":8,""gtpin_total_execution_cycles"":4030532}",InvocationCount=8;TotalExecutionCycles=4030532;AvgExecutionCyclesPerInvocation=503816
n1_i3,3,1,3,performance,false,layers.*/self_attn,/model/layers.12/self_attn/Expand_1,Broadcast,Broadcast,broadcast:/model/layers.12/self_attn/Expand_1,broadcast:/model/layers.12/self_attn/Expand_1,broadcast,broadcast_gpu_ref,722,broadcast_gpu_ref_6456514822857321615_0_0__sa,broadcast_gpu_ref_6456514822857321615_0_0__sa,1,1949,matched,aligned,true,true,true,exec_profile,gtpin_total_execution_cycles,3991350,3897,cycles,1024,3991350,3897,0,0,,,0,0,0,"{""gtpin_avg_execution_cycles_per_invocation"":3897,""gtpin_invocation_count"":1024,""gtpin_total_execution_cycles"":3991350}",InvocationCount=1024;TotalExecutionCycles=3991350;AvgExecutionCyclesPerInvocation=3897
n1_i3,3,1,3,performance,false,layers.*/self_attn,/model/layers.4/self_attn/Expand_1,Broadcast,Broadcast,broadcast:/model/layers.4/self_attn/Expand_1,broadcast:/model/layers.4/self_attn/Expand_1,broadcast,broadcast_gpu_ref,434,broadcast_gpu_ref_6456514822857321615_0_0__sa,broadcast_gpu_ref_6456514822857321615_0_0__sa,1,1773,matched,aligned,true,true,true,exec_profile,gtpin_total_execution_cycles,3972848,3879,cycles,1024,3972848,3879,0,0,,,0,0,0,"{""gtpin_avg_execution_cycles_per_invocation"":3879,""gtpin_invocation_count"":1024,""gtpin_total_execution_cycles"":3972848}",InvocationCount=1024;TotalExecutionCycles=3972848;AvgExecutionCyclesPerInvocation=3879
n1_i3,3,1,3,performance,false,layers.*/self_attn,/model/layers.3/self_attn/Expand,Broadcast,Broadcast,broadcast:/model/layers.3/self_attn/Expand,broadcast:/model/layers.3/self_attn/Expand,broadcast,broadcast_gpu_ref,405,broadcast_gpu_ref_6456514822857321615_0_0__sa,broadcast_gpu_ref_6456514822857321615_0_0__sa,1,1752,matched,aligned,true,true,true,exec_profile,gtpin_total_execution_cycles,3960318,3867,cycles,1024,3960318,3867,0,0,,,0,0,0,"{""gtpin_avg_execution_cycles_per_invocation"":3867,""gtpin_invocation_count"":1024,""gtpin_total_execution_cycles"":3960318}",InvocationCount=1024;TotalExecutionCycles=3960318;AvgExecutionCyclesPerInvocation=3867
n1_i3,3,1,3,performance,false,layers.*/self_attn,/model/layers.4/self_attn/Expand,Broadcast,Broadcast,broadcast:/model/layers.4/self_attn/Expand,broadcast:/model/layers.4/self_attn/Expand,broadcast,broadcast_gpu_ref,441,broadcast_gpu_ref_6456514822857321615_0_0__sa,broadcast_gpu_ref_6456514822857321615_0_0__sa,1,1774,matched,aligned,true,true,true,exec_profile,gtpin_total_execution_cycles,3956976,3864,cycles,1024,3956976,3864,0,0,,,0,0,0,"{""gtpin_avg_execution_cycles_per_invocation"":3864,""gtpin_invocation_count"":1024,""gtpin_total_execution_cycles"":3956976}",InvocationCount=1024;TotalExecutionCycles=3956976;AvgExecutionCyclesPerInvocation=3864
n1_i3,3,1,3,performance,false,layers.*/self_attn,/model/layers.21/self_attn/k_proj/MatMul,FullyConnected,FullyConnected,fullyconnected:/model/layers.21/self_attn/k_proj/MatMul,fullyconnected:/model/layers.21/self_attn/k_proj/MatMul,fully_connected,fully_connected_gpu_bf_tiled,1035,fully_connected_gpu_bf_tiled_17963963101609895522_0_0,fully_connected_gpu_bf_tiled_17963963101609895522_0_0,1,2142,matched,aligned,true,true,true,exec_profile,gtpin_total_execution_cycles,3950806,493850,cycles,8,3950806,493850,0,0,,,0,0,0,"{""gtpin_avg_execution_cycles_per_invocation"":493850,""gtpin_invocation_count"":8,""gtpin_total_execution_cycles"":3950806}",InvocationCount=8;TotalExecutionCycles=3950806;AvgExecutionCyclesPerInvocation=493850
n1_i3,3,1,3,performance,false,layers.*/self_attn,/model/layers.18/self_attn/k_proj/MatMul,FullyConnected,FullyConnected,fullyconnected:/model/layers.18/self_attn/k_proj/MatMul,fullyconnected:/model/layers.18/self_attn/k_proj/MatMul,fully_connected,fully_connected_gpu_bf_tiled,927,fully_connected_gpu_bf_tiled_17963963101609895522_0_0,fully_connected_gpu_bf_tiled_17963963101609895522_0_0,1,2076,matched,aligned,true,true,true,exec_profile,gtpin_total_execution_cycles,3882710,485338,cycles,8,3882710,485338,0,0,,,0,0,0,"{""gtpin_avg_execution_cycles_per_invocation"":485338,""gtpin_invocation_count"":8,""gtpin_total_execution_cycles"":3882710}",InvocationCount=8;TotalExecutionCycles=3882710;AvgExecutionCyclesPerInvocation=485338
n1_i3,3,1,3,performance,false,layers.*/self_attn,/model/layers.9/self_attn/Expand_1,Broadcast,Broadcast,broadcast:/model/layers.9/self_attn/Expand_1,broadcast:/model/layers.9/self_attn/Expand_1,broadcast,broadcast_gpu_ref,614,broadcast_gpu_ref_6456514822857321615_0_0__sa,broadcast_gpu_ref_6456514822857321615_0_0__sa,1,1883,matched,aligned,true,true,true,exec_profile,gtpin_total_execution_cycles,3859608,3769,cycles,1024,3859608,3769,0,0,,,0,0,0,"{""gtpin_avg_execution_cycles_per_invocation"":3769,""gtpin_invocation_count"":1024,""gtpin_total_execution_cycles"":3859608}",InvocationCount=1024;TotalExecutionCycles=3859608;AvgExecutionCyclesPerInvocation=3769
n1_i3,3,1,3,performance,false,layers.*/self_attn,/model/layers.0/self_attn/Expand_1,Broadcast,Broadcast,broadcast:/model/layers.0/self_attn/Expand_1,broadcast:/model/layers.0/self_attn/Expand_1,broadcast,broadcast_gpu_ref,277,broadcast_gpu_ref_6456514822857321615_0_0__sa,broadcast_gpu_ref_6456514822857321615_0_0__sa,1,1679,matched,aligned,true,true,true,exec_profile,gtpin_total_execution_cycles,3845644,3755,cycles,1024,3845644,3755,0,0,,,0,0,0,"{""gtpin_avg_execution_cycles_per_invocation"":3755,""gtpin_invocation_count"":1024,""gtpin_total_execution_cycles"":3845644}",InvocationCount=1024;TotalExecutionCycles=3845644;AvgExecutionCyclesPerInvocation=3755
n1_i3,3,1,3,performance,false,layers.*/self_attn,/model/layers.9/self_attn/k_proj/MatMul,FullyConnected,FullyConnected,fullyconnected:/model/layers.9/self_attn/k_proj/MatMul,fullyconnected:/model/layers.9/self_attn/k_proj/MatMul,fully_connected,fully_connected_gpu_bf_tiled,603,fully_connected_gpu_bf_tiled_17963963101609895522_0_0,fully_connected_gpu_bf_tiled_17963963101609895522_0_0,1,1878,matched,aligned,true,true,true,exec_profile,gtpin_total_execution_cycles,3844800,480600,cycles,8,3844800,480600,0,0,,,0,0,0,"{""gtpin_avg_execution_cycles_per_invocation"":480600,""gtpin_invocation_count"":8,""gtpin_total_execution_cycles"":3844800}",InvocationCount=8;TotalExecutionCycles=3844800;AvgExecutionCyclesPerInvocation=480600
n1_i3,3,1,3,performance,false,layers.*/self_attn,/model/layers.20/self_attn/MatMul,Gemm,Gemm,gemm:/model/layers.20/self_attn/MatMul,gemm:/model/layers.20/self_attn/MatMul,gemm,gemm_tiled_opt,1021,gemm_tiled_opt_7238579717421349067_1_0__sa,gemm_tiled_opt_7238579717421349067_1_0__sa,1,2129,matched,aligned,true,true,true,exec_profile,gtpin_total_execution_cycles,3835498,119859,cycles,32,3835498,119859,0,0,,,0,0,0,"{""gtpin_avg_execution_cycles_per_invocation"":119859,""gtpin_invocation_count"":32,""gtpin_total_execution_cycles"":3835498}",InvocationCount=32;TotalExecutionCycles=3835498;AvgExecutionCyclesPerInvocation=119859
n1_i3,3,1,3,performance,false,layers.*/self_attn,/model/layers.11/self_attn/k_proj/MatMul,FullyConnected,FullyConnected,fullyconnected:/model/layers.11/self_attn/k_proj/MatMul,fullyconnected:/model/layers.11/self_attn/k_proj/MatMul,fully_connected,fully_connected_gpu_bf_tiled,675,fully_connected_gpu_bf_tiled_17963963101609895522_0_0,fully_connected_gpu_bf_tiled_17963963101609895522_0_0,1,1922,matched,aligned,true,true,true,exec_profile,gtpin_total_execution_cycles,3813468,476683,cycles,8,3813468,476683,0,0,,,0,0,0,"{""gtpin_avg_execution_cycles_per_invocation"":476683,""gtpin_invocation_count"":8,""gtpin_total_execution_cycles"":3813468}",InvocationCount=8;TotalExecutionCycles=3813468;AvgExecutionCyclesPerInvocation=476683
n1_i3,3,1,3,performance,false,layers.*/self_attn,/model/layers.2/self_attn/k_proj/MatMul,FullyConnected,FullyConnected,fullyconnected:/model/layers.2/self_attn/k_proj/MatMul,fullyconnected:/model/layers.2/self_attn/k_proj/MatMul,fully_connected,fully_connected_gpu_bf_tiled,351,fully_connected_gpu_bf_tiled_17963963101609895522_0_0,fully_connected_gpu_bf_tiled_17963963101609895522_0_0,1,1724,matched,aligned,true,true,true,exec_profile,gtpin_total_execution_cycles,3810654,476331,cycles,8,3810654,476331,0,0,,,0,0,0,"{""gtpin_avg_execution_cycles_per_invocation"":476331,""gtpin_invocation_count"":8,""gtpin_total_execution_cycles"":3810654}",InvocationCount=8;TotalExecutionCycles=3810654;AvgExecutionCyclesPerInvocation=476331
n1_i3,3,1,3,performance,false,layers.*/self_attn,/model/layers.13/self_attn/k_proj/MatMul,FullyConnected,FullyConnected,fullyconnected:/model/layers.13/self_attn/k_proj/MatMul,fullyconnected:/model/layers.13/self_attn/k_proj/MatMul,fully_connected,fully_connected_gpu_bf_tiled,747,fully_connected_gpu_bf_tiled_17963963101609895522_0_0,fully_connected_gpu_bf_tiled_17963963101609895522_0_0,1,1966,matched,aligned,true,true,true,exec_profile,gtpin_total_execution_cycles,3805786,475723,cycles,8,3805786,475723,0,0,,,0,0,0,"{""gtpin_avg_execution_cycles_per_invocation"":475723,""gtpin_invocation_count"":8,""gtpin_total_execution_cycles"":3805786}",InvocationCount=8;TotalExecutionCycles=3805786;AvgExecutionCyclesPerInvocation=475723
n1_i3,3,1,3,performance,false,layers.*/self_attn,/model/layers.8/self_attn/MatMul,Gemm,Gemm,gemm:/model/layers.8/self_attn/MatMul,gemm:/model/layers.8/self_attn/MatMul,gemm,gemm_tiled_opt,589,gemm_tiled_opt_7238579717421349067_1_0__sa,gemm_tiled_opt_7238579717421349067_1_0__sa,1,1865,matched,aligned,true,true,true,exec_profile,gtpin_total_execution_cycles,3795580,118611,cycles,32,3795580,118611,0,0,,,0,0,0,"{""gtpin_avg_execution_cycles_per_invocation"":118611,""gtpin_invocation_count"":32,""gtpin_total_execution_cycles"":3795580}",InvocationCount=32;TotalExecutionCycles=3795580;AvgExecutionCyclesPerInvocation=118611
n1_i3,3,1,3,performance,false,layers.*/self_attn,/model/layers.2/self_attn/Expand_1,Broadcast,Broadcast,broadcast:/model/layers.2/self_attn/Expand_1,broadcast:/model/layers.2/self_attn/Expand_1,broadcast,broadcast_gpu_ref,362,broadcast_gpu_ref_6456514822857321615_0_0__sa,broadcast_gpu_ref_6456514822857321615_0_0__sa,1,1729,matched,aligned,true,true,true,exec_profile,gtpin_total_execution_cycles,3772348,3683,cycles,1024,3772348,3683,0,0,,,0,0,0,"{""gtpin_avg_execution_cycles_per_invocation"":3683,""gtpin_invocation_count"":1024,""gtpin_total_execution_cycles"":3772348}",InvocationCount=1024;TotalExecutionCycles=3772348;AvgExecutionCyclesPerInvocation=3683
n1_i3,3,1,3,performance,false,layers.*/self_attn,/model/layers.0/self_attn/MatMul,Gemm,Gemm,gemm:/model/layers.0/self_attn/MatMul,gemm:/model/layers.0/self_attn/MatMul,gemm,gemm_tiled_opt,301,gemm_tiled_opt_7238579717421349067_1_0__sa,gemm_tiled_opt_7238579717421349067_1_0__sa,1,1689,matched,aligned,true,true,true,exec_profile,gtpin_total_execution_cycles,3767574,117736,cycles,32,3767574,117736,0,0,,,0,0,0,"{""gtpin_avg_execution_cycles_per_invocation"":117736,""gtpin_invocation_count"":32,""gtpin_total_execution_cycles"":3767574}",InvocationCount=32;TotalExecutionCycles=3767574;AvgExecutionCyclesPerInvocation=117736
n1_i3,3,1,3,performance,false,layers.*/self_attn,/model/layers.10/self_attn/k_proj/MatMul,FullyConnected,FullyConnected,fullyconnected:/model/layers.10/self_attn/k_proj/MatMul,fullyconnected:/model/layers.10/self_attn/k_proj/MatMul,fully_connected,fully_connected_gpu_bf_tiled,639,fully_connected_gpu_bf_tiled_17963963101609895522_0_0,fully_connected_gpu_bf_tiled_17963963101609895522_0_0,1,1900,matched,aligned,true,true,true,exec_profile,gtpin_total_execution_cycles,3763640,470455,cycles,8,3763640,470455,0,0,,,0,0,0,"{""gtpin_avg_execution_cycles_per_invocation"":470455,""gtpin_invocation_count"":8,""gtpin_total_execution_cycles"":3763640}",InvocationCount=8;TotalExecutionCycles=3763640;AvgExecutionCyclesPerInvocation=470455
n1_i3,3,1,3,performance,false,layers.*/self_attn,/model/layers.19/self_attn/Expand,Broadcast,Broadcast,broadcast:/model/layers.19/self_attn/Expand,broadcast:/model/layers.19/self_attn/Expand,broadcast,broadcast_gpu_ref,981,broadcast_gpu_ref_6456514822857321615_0_0__sa,broadcast_gpu_ref_6456514822857321615_0_0__sa,1,2104,matched,aligned,true,true,true,exec_profile,gtpin_total_execution_cycles,3761074,3672,cycles,1024,3761074,3672,0,0,,,0,0,0,"{""gtpin_avg_execution_cycles_per_invocation"":3672,""gtpin_invocation_count"":1024,""gtpin_total_execution_cycles"":3761074}",InvocationCount=1024;TotalExecutionCycles=3761074;AvgExecutionCyclesPerInvocation=3672
n1_i3,3,1,3,performance,false,layers.*/self_attn,/model/layers.21/self_attn/v_proj/MatMul,FullyConnected,FullyConnected,fullyconnected:/model/layers.21/self_attn/v_proj/MatMul,fullyconnected:/model/layers.21/self_attn/v_proj/MatMul,fully_connected,fully_connected_gpu_bf_tiled,1033,fully_connected_gpu_bf_tiled_17963963101609895522_0_0,fully_connected_gpu_bf_tiled_17963963101609895522_0_0,1,2140,matched,aligned,true,true,true,exec_profile,gtpin_total_execution_cycles,3760854,470106,cycles,8,3760854,470106,0,0,,,0,0,0,"{""gtpin_avg_execution_cycles_per_invocation"":470106,""gtpin_invocation_count"":8,""gtpin_total_execution_cycles"":3760854}",InvocationCount=8;TotalExecutionCycles=3760854;AvgExecutionCyclesPerInvocation=470106
n1_i3,3,1,3,performance,false,layers.*/self_attn,/model/layers.17/self_attn/k_proj/MatMul,FullyConnected,FullyConnected,fullyconnected:/model/layers.17/self_attn/k_proj/MatMul,fullyconnected:/model/layers.17/self_attn/k_proj/MatMul,fully_connected,fully_connected_gpu_bf_tiled,891,fully_connected_gpu_bf_tiled_17963963101609895522_0_0,fully_connected_gpu_bf_tiled_17963963101609895522_0_0,1,2054,matched,aligned,true,true,true,exec_profile,gtpin_total_execution_cycles,3757008,469626,cycles,8,3757008,469626,0,0,,,0,0,0,"{""gtpin_avg_execution_cycles_per_invocation"":469626,""gtpin_invocation_count"":8,""gtpin_total_execution_cycles"":3757008}",InvocationCount=8;TotalExecutionCycles=3757008;AvgExecutionCyclesPerInvocation=469626
n1_i3,3,1,3,performance,false,layers.*/self_attn,/model/layers.14/self_attn/k_proj/MatMul,FullyConnected,FullyConnected,fullyconnected:/model/layers.14/self_attn/k_proj/MatMul,fullyconnected:/model/layers.14/self_attn/k_proj/MatMul,fully_connected,fully_connected_gpu_bf_tiled,783,fully_connected_gpu_bf_tiled_17963963101609895522_0_0,fully_connected_gpu_bf_tiled_17963963101609895522_0_0,1,1988,matched,aligned,true,true,true,exec_profile,gtpin_total_execution_cycles,3756322,469540,cycles,8,3756322,469540,0,0,,,0,0,0,"{""gtpin_avg_execution_cycles_per_invocation"":469540,""gtpin_invocation_count"":8,""gtpin_total_execution_cycles"":3756322}",InvocationCount=8;TotalExecutionCycles=3756322;AvgExecutionCyclesPerInvocation=469540
n1_i3,3,1,3,performance,false,layers.*/self_attn,/model/layers.15/self_attn/Expand,Broadcast,Broadcast,broadcast:/model/layers.15/self_attn/Expand,broadcast:/model/layers.15/self_attn/Expand,broadcast,broadcast_gpu_ref,837,broadcast_gpu_ref_6456514822857321615_0_0__sa,broadcast_gpu_ref_6456514822857321615_0_0__sa,1,2016,matched,aligned,true,true,true,exec_profile,gtpin_total_execution_cycles,3744894,3657,cycles,1024,3744894,3657,0,0,,,0,0,0,"{""gtpin_avg_execution_cycles_per_invocation"":3657,""gtpin_invocation_count"":1024,""gtpin_total_execution_cycles"":3744894}",InvocationCount=1024;TotalExecutionCycles=3744894;AvgExecutionCyclesPerInvocation=3657
n1_i3,3,1,3,performance,false,layers.*/self_attn,/model/layers.3/self_attn/k_proj/MatMul,FullyConnected,FullyConnected,fullyconnected:/model/layers.3/self_attn/k_proj/MatMul,fullyconnected:/model/layers.3/self_attn/k_proj/MatMul,fully_connected,fully_connected_gpu_bf_tiled,387,fully_connected_gpu_bf_tiled_17963963101609895522_0_0,fully_connected_gpu_bf_tiled_17963963101609895522_0_0,1,1746,matched,aligned,true,true,true,exec_profile,gtpin_total_execution_cycles,3722960,465370,cycles,8,3722960,465370,0,0,,,0,0,0,"{""gtpin_avg_execution_cycles_per_invocation"":465370,""gtpin_invocation_count"":8,""gtpin_total_execution_cycles"":3722960}",InvocationCount=8;TotalExecutionCycles=3722960;AvgExecutionCyclesPerInvocation=465370
n1_i3,3,1,3,performance,false,layers.*/self_attn,/model/layers.20/self_attn/k_proj/MatMul,FullyConnected,FullyConnected,fullyconnected:/model/layers.20/self_attn/k_proj/MatMul,fullyconnected:/model/layers.20/self_attn/k_proj/MatMul,fully_connected,fully_connected_gpu_bf_tiled,999,fully_connected_gpu_bf_tiled_17963963101609895522_0_0,fully_connected_gpu_bf_tiled_17963963101609895522_0_0,1,2120,matched,aligned,true,true,true,exec_profile,gtpin_total_execution_cycles,3722544,465318,cycles,8,3722544,465318,0,0,,,0,0,0,"{""gtpin_avg_execution_cycles_per_invocation"":465318,""gtpin_invocation_count"":8,""gtpin_total_execution_cycles"":3722544}",InvocationCount=8;TotalExecutionCycles=3722544;AvgExecutionCyclesPerInvocation=465318
n1_i3,3,1,3,performance,false,layers.*/self_attn,/model/layers.12/self_attn/k_proj/MatMul,FullyConnected,FullyConnected,fullyconnected:/model/layers.12/self_attn/k_proj/MatMul,fullyconnected:/model/layers.12/self_attn/k_proj/MatMul,fully_connected,fully_connected_gpu_bf_tiled,711,fully_connected_gpu_bf_tiled_17963963101609895522_0_0,fully_connected_gpu_bf_tiled_17963963101609895522_0_0,1,1944,matched,aligned,true,true,true,exec_profile,gtpin_total_execution_cycles,3716956,464619,cycles,8,3716956,464619,0,0,,,0,0,0,"{""gtpin_avg_execution_cycles_per_invocation"":464619,""gtpin_invocation_count"":8,""gtpin_total_execution_cycles"":3716956}",InvocationCount=8;TotalExecutionCycles=3716956;AvgExecutionCyclesPerInvocation=464619
n1_i3,3,1,3,performance,false,layers.*/self_attn,/model/layers.4/self_attn/MatMul,Gemm,Gemm,gemm:/model/layers.4/self_attn/MatMul,gemm:/model/layers.4/self_attn/MatMul,gemm,gemm_tiled_opt,445,gemm_tiled_opt_7238579717421349067_1_0__sa,gemm_tiled_opt_7238579717421349067_1_0__sa,1,1777,matched,aligned,true,true,true,exec_profile,gtpin_total_execution_cycles,3711118,115972,cycles,32,3711118,115972,0,0,,,0,0,0,"{""gtpin_avg_execution_cycles_per_invocation"":115972,""gtpin_invocation_count"":32,""gtpin_total_execution_cycles"":3711118}",InvocationCount=32;TotalExecutionCycles=3711118;AvgExecutionCyclesPerInvocation=115972
n1_i3,3,1,3,performance,false,layers.*/self_attn,/model/layers.5/self_attn/k_proj/MatMul,FullyConnected,FullyConnected,fullyconnected:/model/layers.5/self_attn/k_proj/MatMul,fullyconnected:/model/layers.5/self_attn/k_proj/MatMul,fully_connected,fully_connected_gpu_bf_tiled,459,fully_connected_gpu_bf_tiled_17963963101609895522_0_0,fully_connected_gpu_bf_tiled_17963963101609895522_0_0,1,1790,matched,aligned,true,true,true,exec_profile,gtpin_total_execution_cycles,3710018,463752,cycles,8,3710018,463752,0,0,,,0,0,0,"{""gtpin_avg_execution_cycles_per_invocation"":463752,""gtpin_invocation_count"":8,""gtpin_total_execution_cycles"":3710018}",InvocationCount=8;TotalExecutionCycles=3710018;AvgExecutionCyclesPerInvocation=463752
n1_i3,3,1,3,performance,false,layers.*/self_attn,/model/layers.12/self_attn/MatMul,Gemm,Gemm,gemm:/model/layers.12/self_attn/MatMul,gemm:/model/layers.12/self_attn/MatMul,gemm,gemm_tiled_opt,733,gemm_tiled_opt_7238579717421349067_1_0__sa,gemm_tiled_opt_7238579717421349067_1_0__sa,1,1953,matched,aligned,true,true,true,exec_profile,gtpin_total_execution_cycles,3705718,115803,cycles,32,3705718,115803,0,0,,,0,0,0,"{""gtpin_avg_execution_cycles_per_invocation"":115803,""gtpin_invocation_count"":32,""gtpin_total_execution_cycles"":3705718}",InvocationCount=32;TotalExecutionCycles=3705718;AvgExecutionCyclesPerInvocation=115803
n1_i3,3,1,3,performance,false,layers.*/self_attn,/model/layers.20/self_attn/Expand,Broadcast,Broadcast,broadcast:/model/layers.20/self_attn/Expand,broadcast:/model/layers.20/self_attn/Expand,broadcast,broadcast_gpu_ref,1017,broadcast_gpu_ref_6456514822857321615_0_0__sa,broadcast_gpu_ref_6456514822857321615_0_0__sa,1,2126,matched,aligned,true,true,true,exec_profile,gtpin_total_execution_cycles,3704674,3617,cycles,1024,3704674,3617,0,0,,,0,0,0,"{""gtpin_avg_execution_cycles_per_invocation"":3617,""gtpin_invocation_count"":1024,""gtpin_total_execution_cycles"":3704674}",InvocationCount=1024;TotalExecutionCycles=3704674;AvgExecutionCyclesPerInvocation=3617
n1_i3,3,1,3,performance,false,layers.*/self_attn,/model/layers.16/self_attn/MatMul,Gemm,Gemm,gemm:/model/layers.16/self_attn/MatMul,gemm:/model/layers.16/self_attn/MatMul,gemm,gemm_tiled_opt,877,gemm_tiled_opt_7238579717421349067_1_0__sa,gemm_tiled_opt_7238579717421349067_1_0__sa,1,2041,matched,aligned,true,true,true,exec_profile,gtpin_total_execution_cycles,3702550,115704,cycles,32,3702550,115704,0,0,,,0,0,0,"{""gtpin_avg_execution_cycles_per_invocation"":115704,""gtpin_invocation_count"":32,""gtpin_total_execution_cycles"":3702550}",InvocationCount=32;TotalExecutionCycles=3702550;AvgExecutionCyclesPerInvocation=115704
n1_i3,3,1,3,performance,false,layers.*/self_attn,/model/layers.6/self_attn/k_proj/MatMul,FullyConnected,FullyConnected,fullyconnected:/model/layers.6/self_attn/k_proj/MatMul,fullyconnected:/model/layers.6/self_attn/k_proj/MatMul,fully_connected,fully_connected_gpu_bf_tiled,495,fully_connected_gpu_bf_tiled_17963963101609895522_0_0,fully_connected_gpu_bf_tiled_17963963101609895522_0_0,1,1812,matched,aligned,true,true,true,exec_profile,gtpin_total_execution_cycles,3696636,462079,cycles,8,3696636,462079,0,0,,,0,0,0,"{""gtpin_avg_execution_cycles_per_invocation"":462079,""gtpin_invocation_count"":8,""gtpin_total_execution_cycles"":3696636}",InvocationCount=8;TotalExecutionCycles=3696636;AvgExecutionCyclesPerInvocation=462079
n1_i3,3,1,3,performance,false,layers.*/self_attn,/model/layers.15/self_attn/k_proj/MatMul,FullyConnected,FullyConnected,fullyconnected:/model/layers.15/self_attn/k_proj/MatMul,fullyconnected:/model/layers.15/self_attn/k_proj/MatMul,fully_connected,fully_connected_gpu_bf_tiled,819,fully_connected_gpu_bf_tiled_17963963101609895522_0_0,fully_connected_gpu_bf_tiled_17963963101609895522_0_0,1,2010,matched,aligned,true,true,true,exec_profile,gtpin_total_execution_cycles,3695984,461998,cycles,8,3695984,461998,0,0,,,0,0,0,"{""gtpin_avg_execution_cycles_per_invocation"":461998,""gtpin_invocation_count"":8,""gtpin_total_execution_cycles"":3695984}",InvocationCount=8;TotalExecutionCycles=3695984;AvgExecutionCyclesPerInvocation=461998
n1_i3,3,1,3,performance,false,layers.*/self_attn,/model/layers.19/self_attn/k_proj/MatMul,FullyConnected,FullyConnected,fullyconnected:/model/layers.19/self_attn/k_proj/MatMul,fullyconnected:/model/layers.19/self_attn/k_proj/MatMul,fully_connected,fully_connected_gpu_bf_tiled,963,fully_connected_gpu_bf_tiled_17963963101609895522_0_0,fully_connected_gpu_bf_tiled_17963963101609895522_0_0,1,2098,matched,aligned,true,true,true,exec_profile,gtpin_total_execution_cycles,3693990,461748,cycles,8,3693990,461748,0,0,,,0,0,0,"{""gtpin_avg_execution_cycles_per_invocation"":461748,""gtpin_invocation_count"":8,""gtpin_total_execution_cycles"":3693990}",InvocationCount=8;TotalExecutionCycles=3693990;AvgExecutionCyclesPerInvocation=461748
n1_i3,3,1,3,performance,false,layers.*/self_attn,/model/layers.18/self_attn/v_proj/MatMul,FullyConnected,FullyConnected,fullyconnected:/model/layers.18/self_attn/v_proj/MatMul,fullyconnected:/model/layers.18/self_attn/v_proj/MatMul,fully_connected,fully_connected_gpu_bf_tiled,925,fully_connected_gpu_bf_tiled_17963963101609895522_0_0,fully_connected_gpu_bf_tiled_17963963101609895522_0_0,1,2074,matched,aligned,true,true,true,exec_profile,gtpin_total_execution_cycles,3693860,461732,cycles,8,3693860,461732,0,0,,,0,0,0,"{""gtpin_avg_execution_cycles_per_invocation"":461732,""gtpin_invocation_count"":8,""gtpin_total_execution_cycles"":3693860}",InvocationCount=8;TotalExecutionCycles=3693860;AvgExecutionCyclesPerInvocation=461732
n1_i3,3,1,3,performance,false,layers.*/self_attn,/model/layers.7/self_attn/k_proj/MatMul,FullyConnected,FullyConnected,fullyconnected:/model/layers.7/self_attn/k_proj/MatMul,fullyconnected:/model/layers.7/self_attn/k_proj/MatMul,fully_connected,fully_connected_gpu_bf_tiled,531,fully_connected_gpu_bf_tiled_17963963101609895522_0_0,fully_connected_gpu_bf_tiled_17963963101609895522_0_0,1,1834,matched,aligned,true,true,true,exec_profile,gtpin_total_execution_cycles,3691496,461437,cycles,8,3691496,461437,0,0,,,0,0,0,"{""gtpin_avg_execution_cycles_per_invocation"":461437,""gtpin_invocation_count"":8,""gtpin_total_execution_cycles"":3691496}",InvocationCount=8;TotalExecutionCycles=3691496;AvgExecutionCyclesPerInvocation=461437
n1_i3,3,1,3,performance,false,layers.*/self_attn,/model/layers.4/self_attn/k_proj/MatMul,FullyConnected,FullyConnected,fullyconnected:/model/layers.4/self_attn/k_proj/MatMul,fullyconnected:/model/layers.4/self_attn/k_proj/MatMul,fully_connected,fully_connected_gpu_bf_tiled,423,fully_connected_gpu_bf_tiled_17963963101609895522_0_0,fully_connected_gpu_bf_tiled_17963963101609895522_0_0,1,1768,matched,aligned,true,true,true,exec_profile,gtpin_total_execution_cycles,3690946,461368,cycles,8,3690946,461368,0,0,,,0,0,0,"{""gtpin_avg_execution_cycles_per_invocation"":461368,""gtpin_invocation_count"":8,""gtpin_total_execution_cycles"":3690946}",InvocationCount=8;TotalExecutionCycles=3690946;AvgExecutionCyclesPerInvocation=461368
n1_i3,3,1,3,performance,false,layers.*/self_attn,/model/layers.8/self_attn/k_proj/MatMul,FullyConnected,FullyConnected,fullyconnected:/model/layers.8/self_attn/k_proj/MatMul,fullyconnected:/model/layers.8/self_attn/k_proj/MatMul,fully_connected,fully_connected_gpu_bf_tiled,567,fully_connected_gpu_bf_tiled_17963963101609895522_0_0,fully_connected_gpu_bf_tiled_17963963101609895522_0_0,1,1856,matched,aligned,true,true,true,exec_profile,gtpin_total_execution_cycles,3690258,461282,cycles,8,3690258,461282,0,0,,,0,0,0,"{""gtpin_avg_execution_cycles_per_invocation"":461282,""gtpin_invocation_count"":8,""gtpin_total_execution_cycles"":3690258}",InvocationCount=8;TotalExecutionCycles=3690258;AvgExecutionCyclesPerInvocation=461282
n1_i3,3,1,3,performance,false,layers.*/self_attn,/model/layers.16/self_attn/k_proj/MatMul,FullyConnected,FullyConnected,fullyconnected:/model/layers.16/self_attn/k_proj/MatMul,fullyconnected:/model/layers.16/self_attn/k_proj/MatMul,fully_connected,fully_connected_gpu_bf_tiled,855,fully_connected_gpu_bf_tiled_17963963101609895522_0_0,fully_connected_gpu_bf_tiled_17963963101609895522_0_0,1,2032,matched,aligned,true,true,true,exec_profile,gtpin_total_execution_cycles,3670706,458838,cycles,8,3670706,458838,0,0,,,0,0,0,"{""gtpin_avg_execution_cycles_per_invocation"":458838,""gtpin_invocation_count"":8,""gtpin_total_execution_cycles"":3670706}",InvocationCount=8;TotalExecutionCycles=3670706;AvgExecutionCyclesPerInvocation=458838
n1_i3,3,1,3,performance,false,layers.*/self_attn,/model/layers.9/self_attn/v_proj/MatMul,FullyConnected,FullyConnected,fullyconnected:/model/layers.9/self_attn/v_proj/MatMul,fullyconnected:/model/layers.9/self_attn/v_proj/MatMul,fully_connected,fully_connected_gpu_bf_tiled,601,fully_connected_gpu_bf_tiled_17963963101609895522_0_0,fully_connected_gpu_bf_tiled_17963963101609895522_0_0,1,1876,matched,aligned,true,true,true,exec_profile,gtpin_total_execution_cycles,3656048,457006,cycles,8,3656048,457006,0,0,,,0,0,0,"{""gtpin_avg_execution_cycles_per_invocation"":457006,""gtpin_invocation_count"":8,""gtpin_total_execution_cycles"":3656048}",InvocationCount=8;TotalExecutionCycles=3656048;AvgExecutionCyclesPerInvocation=457006
n1_i3,3,1,3,performance,false,layers.*/self_attn,/model/layers.1/self_attn/k_proj/MatMul,FullyConnected,FullyConnected,fullyconnected:/model/layers.1/self_attn/k_proj/MatMul,fullyconnected:/model/layers.1/self_attn/k_proj/MatMul,fully_connected,fully_connected_gpu_bf_tiled,315,fully_connected_gpu_bf_tiled_17963963101609895522_0_0,fully_connected_gpu_bf_tiled_17963963101609895522_0_0,1,1702,matched,aligned,true,true,true,exec_profile,gtpin_total_execution_cycles,3629954,453744,cycles,8,3629954,453744,0,0,,,0,0,0,"{""gtpin_avg_execution_cycles_per_invocation"":453744,""gtpin_invocation_count"":8,""gtpin_total_execution_cycles"":3629954}",InvocationCount=8;TotalExecutionCycles=3629954;AvgExecutionCyclesPerInvocation=453744
n1_i3,3,1,3,performance,false,layers.*/self_attn,/model/layers.2/self_attn/v_proj/MatMul,FullyConnected,FullyConnected,fullyconnected:/model/layers.2/self_attn/v_proj/MatMul,fullyconnected:/model/layers.2/self_attn/v_proj/MatMul,fully_connected,fully_connected_gpu_bf_tiled,349,fully_connected_gpu_bf_tiled_17963963101609895522_0_0,fully_connected_gpu_bf_tiled_17963963101609895522_0_0,1,1722,matched,aligned,true,true,true,exec_profile,gtpin_total_execution_cycles,3627178,453397,cycles,8,3627178,453397,0,0,,,0,0,0,"{""gtpin_avg_execution_cycles_per_invocation"":453397,""gtpin_invocation_count"":8,""gtpin_total_execution_cycles"":3627178}",InvocationCount=8;TotalExecutionCycles=3627178;AvgExecutionCyclesPerInvocation=453397
n1_i3,3,1,3,performance,false,layers.*/self_attn,/model/layers.11/self_attn/v_proj/MatMul,FullyConnected,FullyConnected,fullyconnected:/model/layers.11/self_attn/v_proj/MatMul,fullyconnected:/model/layers.11/self_attn/v_proj/MatMul,fully_connected,fully_connected_gpu_bf_tiled,673,fully_connected_gpu_bf_tiled_17963963101609895522_0_0,fully_connected_gpu_bf_tiled_17963963101609895522_0_0,1,1920,matched,aligned,true,true,true,exec_profile,gtpin_total_execution_cycles,3612770,451596,cycles,8,3612770,451596,0,0,,,0,0,0,"{""gtpin_avg_execution_cycles_per_invocation"":451596,""gtpin_invocation_count"":8,""gtpin_total_execution_cycles"":3612770}",InvocationCount=8;TotalExecutionCycles=3612770;AvgExecutionCyclesPerInvocation=451596
n1_i3,3,1,3,performance,false,layers.*/self_attn,/model/layers.17/self_attn/MatMul,Gemm,Gemm,gemm:/model/layers.17/self_attn/MatMul,gemm:/model/layers.17/self_attn/MatMul,gemm,gemm_tiled_opt,913,gemm_tiled_opt_7238579717421349067_1_0__sa,gemm_tiled_opt_7238579717421349067_1_0__sa,1,2063,matched,aligned,true,true,true,exec_profile,gtpin_total_execution_cycles,3603594,112612,cycles,32,3603594,112612,0,0,,,0,0,0,"{""gtpin_avg_execution_cycles_per_invocation"":112612,""gtpin_invocation_count"":32,""gtpin_total_execution_cycles"":3603594}",InvocationCount=32;TotalExecutionCycles=3603594;AvgExecutionCyclesPerInvocation=112612
n1_i3,3,1,3,performance,false,layers.*/self_attn,/model/layers.10/self_attn/v_proj/MatMul,FullyConnected,FullyConnected,fullyconnected:/model/layers.10/self_attn/v_proj/MatMul,fullyconnected:/model/layers.10/self_attn/v_proj/MatMul,fully_connected,fully_connected_gpu_bf_tiled,637,fully_connected_gpu_bf_tiled_17963963101609895522_0_0,fully_connected_gpu_bf_tiled_17963963101609895522_0_0,1,1898,matched,aligned,true,true,true,exec_profile,gtpin_total_execution_cycles,3589630,448703,cycles,8,3589630,448703,0,0,,,0,0,0,"{""gtpin_avg_execution_cycles_per_invocation"":448703,""gtpin_invocation_count"":8,""gtpin_total_execution_cycles"":3589630}",InvocationCount=8;TotalExecutionCycles=3589630;AvgExecutionCyclesPerInvocation=448703
n1_i3,3,1,3,performance,false,layers.*/self_attn,/model/layers.13/self_attn/v_proj/MatMul,FullyConnected,FullyConnected,fullyconnected:/model/layers.13/self_attn/v_proj/MatMul,fullyconnected:/model/layers.13/self_attn/v_proj/MatMul,fully_connected,fully_connected_gpu_bf_tiled,745,fully_connected_gpu_bf_tiled_17963963101609895522_0_0,fully_connected_gpu_bf_tiled_17963963101609895522_0_0,1,1964,matched,aligned,true,true,true,exec_profile,gtpin_total_execution_cycles,3586880,448360,cycles,8,3586880,448360,0,0,,,0,0,0,"{""gtpin_avg_execution_cycles_per_invocation"":448360,""gtpin_invocation_count"":8,""gtpin_total_execution_cycles"":3586880}",InvocationCount=8;TotalExecutionCycles=3586880;AvgExecutionCyclesPerInvocation=448360
n1_i3,3,1,3,performance,false,layers.*/self_attn,/model/layers.7/self_attn/MatMul,Gemm,Gemm,gemm:/model/layers.7/self_attn/MatMul,gemm:/model/layers.7/self_attn/MatMul,gemm,gemm_tiled_opt,553,gemm_tiled_opt_7238579717421349067_1_0__sa,gemm_tiled_opt_7238579717421349067_1_0__sa,1,1843,matched,aligned,true,true,true,exec_profile,gtpin_total_execution_cycles,3562560,111330,cycles,32,3562560,111330,0,0,,,0,0,0,"{""gtpin_avg_execution_cycles_per_invocation"":111330,""gtpin_invocation_count"":32,""gtpin_total_execution_cycles"":3562560}",InvocationCount=32;TotalExecutionCycles=3562560;AvgExecutionCyclesPerInvocation=111330
n1_i3,3,1,3,performance,false,layers.*/self_attn,/model/layers.3/self_attn/v_proj/MatMul,FullyConnected,FullyConnected,fullyconnected:/model/layers.3/self_attn/v_proj/MatMul,fullyconnected:/model/layers.3/self_attn/v_proj/MatMul,fully_connected,fully_connected_gpu_bf_tiled,385,fully_connected_gpu_bf_tiled_17963963101609895522_0_0,fully_connected_gpu_bf_tiled_17963963101609895522_0_0,1,1744,matched,aligned,true,true,true,exec_profile,gtpin_total_execution_cycles,3559632,444954,cycles,8,3559632,444954,0,0,,,0,0,0,"{""gtpin_avg_execution_cycles_per_invocation"":444954,""gtpin_invocation_count"":8,""gtpin_total_execution_cycles"":3559632}",InvocationCount=8;TotalExecutionCycles=3559632;AvgExecutionCyclesPerInvocation=444954
n1_i3,3,1,3,performance,false,layers.*/self_attn,/model/layers.14/self_attn/v_proj/MatMul,FullyConnected,FullyConnected,fullyconnected:/model/layers.14/self_attn/v_proj/MatMul,fullyconnected:/model/layers.14/self_attn/v_proj/MatMul,fully_connected,fully_connected_gpu_bf_tiled,781,fully_connected_gpu_bf_tiled_17963963101609895522_0_0,fully_connected_gpu_bf_tiled_17963963101609895522_0_0,1,1986,matched,aligned,true,true,true,exec_profile,gtpin_total_execution_cycles,3555276,444409,cycles,8,3555276,444409,0,0,,,0,0,0,"{""gtpin_avg_execution_cycles_per_invocation"":444409,""gtpin_invocation_count"":8,""gtpin_total_execution_cycles"":3555276}",InvocationCount=8;TotalExecutionCycles=3555276;AvgExecutionCyclesPerInvocation=444409
n1_i3,3,1,3,performance,false,layers.*/self_attn,/model/layers.17/self_attn/v_proj/MatMul,FullyConnected,FullyConnected,fullyconnected:/model/layers.17/self_attn/v_proj/MatMul,fullyconnected:/model/layers.17/self_attn/v_proj/MatMul,fully_connected,fully_connected_gpu_bf_tiled,889,fully_connected_gpu_bf_tiled_17963963101609895522_0_0,fully_connected_gpu_bf_tiled_17963963101609895522_0_0,1,2052,matched,aligned,true,true,true,exec_profile,gtpin_total_execution_cycles,3553400,444175,cycles,8,3553400,444175,0,0,,,0,0,0,"{""gtpin_avg_execution_cycles_per_invocation"":444175,""gtpin_invocation_count"":8,""gtpin_total_execution_cycles"":3553400}",InvocationCount=8;TotalExecutionCycles=3553400;AvgExecutionCyclesPerInvocation=444175
n1_i3,3,1,3,performance,false,layers.*/self_attn,/model/layers.15/self_attn/MatMul,Gemm,Gemm,gemm:/model/layers.15/self_attn/MatMul,gemm:/model/layers.15/self_attn/MatMul,gemm,gemm_tiled_opt,841,gemm_tiled_opt_7238579717421349067_1_0__sa,gemm_tiled_opt_7238579717421349067_1_0__sa,1,2019,matched,aligned,true,true,true,exec_profile,gtpin_total_execution_cycles,3549138,110910,cycles,32,3549138,110910,0,0,,,0,0,0,"{""gtpin_avg_execution_cycles_per_invocation"":110910,""gtpin_invocation_count"":32,""gtpin_total_execution_cycles"":3549138}",InvocationCount=32;TotalExecutionCycles=3549138;AvgExecutionCyclesPerInvocation=110910
n1_i3,3,1,3,performance,false,layers.*/self_attn,/model/layers.5/self_attn/v_proj/MatMul,FullyConnected,FullyConnected,fullyconnected:/model/layers.5/self_attn/v_proj/MatMul,fullyconnected:/model/layers.5/self_attn/v_proj/MatMul,fully_connected,fully_connected_gpu_bf_tiled,457,fully_connected_gpu_bf_tiled_17963963101609895522_0_0,fully_connected_gpu_bf_tiled_17963963101609895522_0_0,1,1788,matched,aligned,true,true,true,exec_profile,gtpin_total_execution_cycles,3529246,441155,cycles,8,3529246,441155,0,0,,,0,0,0,"{""gtpin_avg_execution_cycles_per_invocation"":441155,""gtpin_invocation_count"":8,""gtpin_total_execution_cycles"":3529246}",InvocationCount=8;TotalExecutionCycles=3529246;AvgExecutionCyclesPerInvocation=441155
n1_i3,3,1,3,performance,false,layers.*/self_attn,/model/layers.20/self_attn/v_proj/MatMul,FullyConnected,FullyConnected,fullyconnected:/model/layers.20/self_attn/v_proj/MatMul,fullyconnected:/model/layers.20/self_attn/v_proj/MatMul,fully_connected,fully_connected_gpu_bf_tiled,997,fully_connected_gpu_bf_tiled_17963963101609895522_0_0,fully_connected_gpu_bf_tiled_17963963101609895522_0_0,1,2118,matched,aligned,true,true,true,exec_profile,gtpin_total_execution_cycles,3517630,439703,cycles,8,3517630,439703,0,0,,,0,0,0,"{""gtpin_avg_execution_cycles_per_invocation"":439703,""gtpin_invocation_count"":8,""gtpin_total_execution_cycles"":3517630}",InvocationCount=8;TotalExecutionCycles=3517630;AvgExecutionCyclesPerInvocation=439703
n1_i3,3,1,3,performance,false,layers.*/self_attn,/model/layers.12/self_attn/v_proj/MatMul,FullyConnected,FullyConnected,fullyconnected:/model/layers.12/self_attn/v_proj/MatMul,fullyconnected:/model/layers.12/self_attn/v_proj/MatMul,fully_connected,fully_connected_gpu_bf_tiled,709,fully_connected_gpu_bf_tiled_17963963101609895522_0_0,fully_connected_gpu_bf_tiled_17963963101609895522_0_0,1,1942,matched,aligned,true,true,true,exec_profile,gtpin_total_execution_cycles,3514074,439259,cycles,8,3514074,439259,0,0,,,0,0,0,"{""gtpin_avg_execution_cycles_per_invocation"":439259,""gtpin_invocation_count"":8,""gtpin_total_execution_cycles"":3514074}",InvocationCount=8;TotalExecutionCycles=3514074;AvgExecutionCyclesPerInvocation=439259
n1_i3,3,1,3,performance,false,layers.*/self_attn,/model/layers.3/self_attn/MatMul,Gemm,Gemm,gemm:/model/layers.3/self_attn/MatMul,gemm:/model/layers.3/self_attn/MatMul,gemm,gemm_tiled_opt,409,gemm_tiled_opt_7238579717421349067_1_0__sa,gemm_tiled_opt_7238579717421349067_1_0__sa,1,1755,matched,aligned,true,true,true,exec_profile,gtpin_total_execution_cycles,3511564,109736,cycles,32,3511564,109736,0,0,,,0,0,0,"{""gtpin_avg_execution_cycles_per_invocation"":109736,""gtpin_invocation_count"":32,""gtpin_total_execution_cycles"":3511564}",InvocationCount=32;TotalExecutionCycles=3511564;AvgExecutionCyclesPerInvocation=109736
n1_i3,3,1,3,performance,false,layers.*/self_attn,/model/layers.19/self_attn/v_proj/MatMul,FullyConnected,FullyConnected,fullyconnected:/model/layers.19/self_attn/v_proj/MatMul,fullyconnected:/model/layers.19/self_attn/v_proj/MatMul,fully_connected,fully_connected_gpu_bf_tiled,961,fully_connected_gpu_bf_tiled_17963963101609895522_0_0,fully_connected_gpu_bf_tiled_17963963101609895522_0_0,1,2096,matched,aligned,true,true,true,exec_profile,gtpin_total_execution_cycles,3507770,438471,cycles,8,3507770,438471,0,0,,,0,0,0,"{""gtpin_avg_execution_cycles_per_invocation"":438471,""gtpin_invocation_count"":8,""gtpin_total_execution_cycles"":3507770}",InvocationCount=8;TotalExecutionCycles=3507770;AvgExecutionCyclesPerInvocation=438471
n1_i3,3,1,3,performance,false,layers.*/self_attn,/model/layers.15/self_attn/v_proj/MatMul,FullyConnected,FullyConnected,fullyconnected:/model/layers.15/self_attn/v_proj/MatMul,fullyconnected:/model/layers.15/self_attn/v_proj/MatMul,fully_connected,fully_connected_gpu_bf_tiled,817,fully_connected_gpu_bf_tiled_17963963101609895522_0_0,fully_connected_gpu_bf_tiled_17963963101609895522_0_0,1,2008,matched,aligned,true,true,true,exec_profile,gtpin_total_execution_cycles,3506892,438361,cycles,8,3506892,438361,0,0,,,0,0,0,"{""gtpin_avg_execution_cycles_per_invocation"":438361,""gtpin_invocation_count"":8,""gtpin_total_execution_cycles"":3506892}",InvocationCount=8;TotalExecutionCycles=3506892;AvgExecutionCyclesPerInvocation=438361
n1_i3,3,1,3,performance,false,layers.*/self_attn,/model/layers.7/self_attn/v_proj/MatMul,FullyConnected,FullyConnected,fullyconnected:/model/layers.7/self_attn/v_proj/MatMul,fullyconnected:/model/layers.7/self_attn/v_proj/MatMul,fully_connected,fully_connected_gpu_bf_tiled,529,fully_connected_gpu_bf_tiled_17963963101609895522_0_0,fully_connected_gpu_bf_tiled_17963963101609895522_0_0,1,1832,matched,aligned,true,true,true,exec_profile,gtpin_total_execution_cycles,3504896,438112,cycles,8,3504896,438112,0,0,,,0,0,0,"{""gtpin_avg_execution_cycles_per_invocation"":438112,""gtpin_invocation_count"":8,""gtpin_total_execution_cycles"":3504896}",InvocationCount=8;TotalExecutionCycles=3504896;AvgExecutionCyclesPerInvocation=438112
n1_i3,3,1,3,performance,false,layers.*/self_attn,/model/layers.6/self_attn/MatMul,Gemm,Gemm,gemm:/model/layers.6/self_attn/MatMul,gemm:/model/layers.6/self_attn/MatMul,gemm,gemm_tiled_opt,517,gemm_tiled_opt_7238579717421349067_1_0__sa,gemm_tiled_opt_7238579717421349067_1_0__sa,1,1821,matched,aligned,true,true,true,exec_profile,gtpin_total_execution_cycles,3503548,109485,cycles,32,3503548,109485,0,0,,,0,0,0,"{""gtpin_avg_execution_cycles_per_invocation"":109485,""gtpin_invocation_count"":32,""gtpin_total_execution_cycles"":3503548}",InvocationCount=32;TotalExecutionCycles=3503548;AvgExecutionCyclesPerInvocation=109485
n1_i3,3,1,3,performance,false,layers.*/self_attn,/model/layers.6/self_attn/v_proj/MatMul,FullyConnected,FullyConnected,fullyconnected:/model/layers.6/self_attn/v_proj/MatMul,fullyconnected:/model/layers.6/self_attn/v_proj/MatMul,fully_connected,fully_connected_gpu_bf_tiled,493,fully_connected_gpu_bf_tiled_17963963101609895522_0_0,fully_connected_gpu_bf_tiled_17963963101609895522_0_0,1,1810,matched,aligned,true,true,true,exec_profile,gtpin_total_execution_cycles,3503506,437938,cycles,8,3503506,437938,0,0,,,0,0,0,"{""gtpin_avg_execution_cycles_per_invocation"":437938,""gtpin_invocation_count"":8,""gtpin_total_execution_cycles"":3503506}",InvocationCount=8;TotalExecutionCycles=3503506;AvgExecutionCyclesPerInvocation=437938
n1_i3,3,1,3,performance,false,layers.*/self_attn,/model/layers.0/self_attn/Expand,Broadcast,Broadcast,broadcast:/model/layers.0/self_attn/Expand,broadcast:/model/layers.0/self_attn/Expand,broadcast,broadcast_gpu_ref,296,broadcast_gpu_ref_6456514822857321615_0_0__sa,broadcast_gpu_ref_6456514822857321615_0_0__sa,1,1686,matched,aligned,true,true,true,exec_profile,gtpin_total_execution_cycles,3498728,3416,cycles,1024,3498728,3416,0,0,,,0,0,0,"{""gtpin_avg_execution_cycles_per_invocation"":3416,""gtpin_invocation_count"":1024,""gtpin_total_execution_cycles"":3498728}",InvocationCount=1024;TotalExecutionCycles=3498728;AvgExecutionCyclesPerInvocation=3416
n1_i3,3,1,3,performance,false,layers.*/self_attn,/model/layers.14/self_attn/MatMul,Gemm,Gemm,gemm:/model/layers.14/self_attn/MatMul,gemm:/model/layers.14/self_attn/MatMul,gemm,gemm_tiled_opt,805,gemm_tiled_opt_7238579717421349067_1_0__sa,gemm_tiled_opt_7238579717421349067_1_0__sa,1,1997,matched,aligned,true,true,true,exec_profile,gtpin_total_execution_cycles,3496352,109261,cycles,32,3496352,109261,0,0,,,0,0,0,"{""gtpin_avg_execution_cycles_per_invocation"":109261,""gtpin_invocation_count"":32,""gtpin_total_execution_cycles"":3496352}",InvocationCount=32;TotalExecutionCycles=3496352;AvgExecutionCyclesPerInvocation=109261
n1_i3,3,1,3,performance,false,layers.*/self_attn,/model/layers.18/self_attn/MatMul,Gemm,Gemm,gemm:/model/layers.18/self_attn/MatMul,gemm:/model/layers.18/self_attn/MatMul,gemm,gemm_tiled_opt,949,gemm_tiled_opt_7238579717421349067_1_0__sa,gemm_tiled_opt_7238579717421349067_1_0__sa,1,2085,matched,aligned,true,true,true,exec_profile,gtpin_total_execution_cycles,3494848,109214,cycles,32,3494848,109214,0,0,,,0,0,0,"{""gtpin_avg_execution_cycles_per_invocation"":109214,""gtpin_invocation_count"":32,""gtpin_total_execution_cycles"":3494848}",InvocationCount=32;TotalExecutionCycles=3494848;AvgExecutionCyclesPerInvocation=109214
n1_i3,3,1,3,performance,false,layers.*/self_attn,/model/layers.8/self_attn/v_proj/MatMul,FullyConnected,FullyConnected,fullyconnected:/model/layers.8/self_attn/v_proj/MatMul,fullyconnected:/model/layers.8/self_attn/v_proj/MatMul,fully_connected,fully_connected_gpu_bf_tiled,565,fully_connected_gpu_bf_tiled_17963963101609895522_0_0,fully_connected_gpu_bf_tiled_17963963101609895522_0_0,1,1854,matched,aligned,true,true,true,exec_profile,gtpin_total_execution_cycles,3487216,435902,cycles,8,3487216,435902,0,0,,,0,0,0,"{""gtpin_avg_execution_cycles_per_invocation"":435902,""gtpin_invocation_count"":8,""gtpin_total_execution_cycles"":3487216}",InvocationCount=8;TotalExecutionCycles=3487216;AvgExecutionCyclesPerInvocation=435902
n1_i3,3,1,3,performance,false,layers.*/self_attn,/model/layers.4/self_attn/v_proj/MatMul,FullyConnected,FullyConnected,fullyconnected:/model/layers.4/self_attn/v_proj/MatMul,fullyconnected:/model/layers.4/self_attn/v_proj/MatMul,fully_connected,fully_connected_gpu_bf_tiled,421,fully_connected_gpu_bf_tiled_17963963101609895522_0_0,fully_connected_gpu_bf_tiled_17963963101609895522_0_0,1,1766,matched,aligned,true,true,true,exec_profile,gtpin_total_execution_cycles,3486066,435758,cycles,8,3486066,435758,0,0,,,0,0,0,"{""gtpin_avg_execution_cycles_per_invocation"":435758,""gtpin_invocation_count"":8,""gtpin_total_execution_cycles"":3486066}",InvocationCount=8;TotalExecutionCycles=3486066;AvgExecutionCyclesPerInvocation=435758
n1_i3,3,1,3,performance,false,layers.*/self_attn,/model/layers.19/self_attn/MatMul,Gemm,Gemm,gemm:/model/layers.19/self_attn/MatMul,gemm:/model/layers.19/self_attn/MatMul,gemm,gemm_tiled_opt,985,gemm_tiled_opt_7238579717421349067_1_0__sa,gemm_tiled_opt_7238579717421349067_1_0__sa,1,2107,matched,aligned,true,true,true,exec_profile,gtpin_total_execution_cycles,3480340,108760,cycles,32,3480340,108760,0,0,,,0,0,0,"{""gtpin_avg_execution_cycles_per_invocation"":108760,""gtpin_invocation_count"":32,""gtpin_total_execution_cycles"":3480340}",InvocationCount=32;TotalExecutionCycles=3480340;AvgExecutionCyclesPerInvocation=108760
n1_i3,3,1,3,performance,false,layers.*/self_attn,/model/layers.9/self_attn/MatMul,Gemm,Gemm,gemm:/model/layers.9/self_attn/MatMul,gemm:/model/layers.9/self_attn/MatMul,gemm,gemm_tiled_opt,625,gemm_tiled_opt_7238579717421349067_1_0__sa,gemm_tiled_opt_7238579717421349067_1_0__sa,1,1887,matched,aligned,true,true,true,exec_profile,gtpin_total_execution_cycles,3479546,108735,cycles,32,3479546,108735,0,0,,,0,0,0,"{""gtpin_avg_execution_cycles_per_invocation"":108735,""gtpin_invocation_count"":32,""gtpin_total_execution_cycles"":3479546}",InvocationCount=32;TotalExecutionCycles=3479546;AvgExecutionCyclesPerInvocation=108735
n1_i3,3,1,3,performance,false,layers.*/self_attn,/model/layers.16/self_attn/v_proj/MatMul,FullyConnected,FullyConnected,fullyconnected:/model/layers.16/self_attn/v_proj/MatMul,fullyconnected:/model/layers.16/self_attn/v_proj/MatMul,fully_connected,fully_connected_gpu_bf_tiled,853,fully_connected_gpu_bf_tiled_17963963101609895522_0_0,fully_connected_gpu_bf_tiled_17963963101609895522_0_0,1,2030,matched,aligned,true,true,true,exec_profile,gtpin_total_execution_cycles,3466686,433335,cycles,8,3466686,433335,0,0,,,0,0,0,"{""gtpin_avg_execution_cycles_per_invocation"":433335,""gtpin_invocation_count"":8,""gtpin_total_execution_cycles"":3466686}",InvocationCount=8;TotalExecutionCycles=3466686;AvgExecutionCyclesPerInvocation=433335
n1_i3,3,1,3,performance,false,layers.*/self_attn,/model/layers.13/self_attn/MatMul,Gemm,Gemm,gemm:/model/layers.13/self_attn/MatMul,gemm:/model/layers.13/self_attn/MatMul,gemm,gemm_tiled_opt,769,gemm_tiled_opt_7238579717421349067_1_0__sa,gemm_tiled_opt_7238579717421349067_1_0__sa,1,1975,matched,aligned,true,true,true,exec_profile,gtpin_total_execution_cycles,3465766,108305,cycles,32,3465766,108305,0,0,,,0,0,0,"{""gtpin_avg_execution_cycles_per_invocation"":108305,""gtpin_invocation_count"":32,""gtpin_total_execution_cycles"":3465766}",InvocationCount=32;TotalExecutionCycles=3465766;AvgExecutionCyclesPerInvocation=108305
n1_i3,3,1,3,performance,false,layers.*/self_attn,/model/layers.21/self_attn/MatMul,Gemm,Gemm,gemm:/model/layers.21/self_attn/MatMul,gemm:/model/layers.21/self_attn/MatMul,gemm,gemm_tiled_opt,1057,gemm_tiled_opt_7238579717421349067_1_0__sa,gemm_tiled_opt_7238579717421349067_1_0__sa,1,2151,matched,aligned,true,true,true,exec_profile,gtpin_total_execution_cycles,3465008,108281,cycles,32,3465008,108281,0,0,,,0,0,0,"{""gtpin_avg_execution_cycles_per_invocation"":108281,""gtpin_invocation_count"":32,""gtpin_total_execution_cycles"":3465008}",InvocationCount=32;TotalExecutionCycles=3465008;AvgExecutionCyclesPerInvocation=108281
n1_i3,3,1,3,performance,false,layers.*/self_attn,/model/layers.10/self_attn/MatMul,Gemm,Gemm,gemm:/model/layers.10/self_attn/MatMul,gemm:/model/layers.10/self_attn/MatMul,gemm,gemm_tiled_opt,661,gemm_tiled_opt_7238579717421349067_1_0__sa,gemm_tiled_opt_7238579717421349067_1_0__sa,1,1909,matched,aligned,true,true,true,exec_profile,gtpin_total_execution_cycles,3461348,108167,cycles,32,3461348,108167,0,0,,,0,0,0,"{""gtpin_avg_execution_cycles_per_invocation"":108167,""gtpin_invocation_count"":32,""gtpin_total_execution_cycles"":3461348}",InvocationCount=32;TotalExecutionCycles=3461348;AvgExecutionCyclesPerInvocation=108167
n1_i3,3,1,3,performance,false,layers.*/self_attn,/model/layers.11/self_attn/MatMul,Gemm,Gemm,gemm:/model/layers.11/self_attn/MatMul,gemm:/model/layers.11/self_attn/MatMul,gemm,gemm_tiled_opt,697,gemm_tiled_opt_7238579717421349067_1_0__sa,gemm_tiled_opt_7238579717421349067_1_0__sa,1,1931,matched,aligned,true,true,true,exec_profile,gtpin_total_execution_cycles,3459554,108111,cycles,32,3459554,108111,0,0,,,0,0,0,"{""gtpin_avg_execution_cycles_per_invocation"":108111,""gtpin_invocation_count"":32,""gtpin_total_execution_cycles"":3459554}",InvocationCount=32;TotalExecutionCycles=3459554;AvgExecutionCyclesPerInvocation=108111
n1_i3,3,1,3,performance,false,layers.*/self_attn,/model/layers.2/self_attn/MatMul,Gemm,Gemm,gemm:/model/layers.2/self_attn/MatMul,gemm:/model/layers.2/self_attn/MatMul,gemm,gemm_tiled_opt,373,gemm_tiled_opt_7238579717421349067_1_0__sa,gemm_tiled_opt_7238579717421349067_1_0__sa,1,1733,matched,aligned,true,true,true,exec_profile,gtpin_total_execution_cycles,3451496,107859,cycles,32,3451496,107859,0,0,,,0,0,0,"{""gtpin_avg_execution_cycles_per_invocation"":107859,""gtpin_invocation_count"":32,""gtpin_total_execution_cycles"":3451496}",InvocationCount=32;TotalExecutionCycles=3451496;AvgExecutionCyclesPerInvocation=107859
n1_i3,3,1,3,performance,false,layers.*/self_attn,/model/layers.5/self_attn/MatMul,Gemm,Gemm,gemm:/model/layers.5/self_attn/MatMul,gemm:/model/layers.5/self_attn/MatMul,gemm,gemm_tiled_opt,481,gemm_tiled_opt_7238579717421349067_1_0__sa,gemm_tiled_opt_7238579717421349067_1_0__sa,1,1799,matched,aligned,true,true,true,exec_profile,gtpin_total_execution_cycles,3442106,107565,cycles,32,3442106,107565,0,0,,,0,0,0,"{""gtpin_avg_execution_cycles_per_invocation"":107565,""gtpin_invocation_count"":32,""gtpin_total_execution_cycles"":3442106}",InvocationCount=32;TotalExecutionCycles=3442106;AvgExecutionCyclesPerInvocation=107565
n1_i3,3,1,3,performance,false,layers.*/self_attn,/model/layers.1/self_attn/MatMul,Gemm,Gemm,gemm:/model/layers.1/self_attn/MatMul,gemm:/model/layers.1/self_attn/MatMul,gemm,gemm_tiled_opt,337,gemm_tiled_opt_7238579717421349067_1_0__sa,gemm_tiled_opt_7238579717421349067_1_0__sa,1,1711,matched,aligned,true,true,true,exec_profile,gtpin_total_execution_cycles,3441996,107562,cycles,32,3441996,107562,0,0,,,0,0,0,"{""gtpin_avg_execution_cycles_per_invocation"":107562,""gtpin_invocation_count"":32,""gtpin_total_execution_cycles"":3441996}",InvocationCount=32;TotalExecutionCycles=3441996;AvgExecutionCyclesPerInvocation=107562
n1_i3,3,1,3,performance,false,layers.*/self_attn,/model/layers.1/self_attn/v_proj/MatMul,FullyConnected,FullyConnected,fullyconnected:/model/layers.1/self_attn/v_proj/MatMul,fullyconnected:/model/layers.1/self_attn/v_proj/MatMul,fully_connected,fully_connected_gpu_bf_tiled,313,fully_connected_gpu_bf_tiled_17963963101609895522_0_0,fully_connected_gpu_bf_tiled_17963963101609895522_0_0,1,1700,matched,aligned,true,true,true,exec_profile,gtpin_total_execution_cycles,3423780,427972,cycles,8,3423780,427972,0,0,,,0,0,0,"{""gtpin_avg_execution_cycles_per_invocation"":427972,""gtpin_invocation_count"":8,""gtpin_total_execution_cycles"":3423780}",InvocationCount=8;TotalExecutionCycles=3423780;AvgExecutionCyclesPerInvocation=427972
n1_i3,3,1,3,performance,false,layers.*/self_attn,/model/layers.11/self_attn/Expand,Broadcast,Broadcast,broadcast:/model/layers.11/self_attn/Expand,broadcast:/model/layers.11/self_attn/Expand,broadcast,broadcast_gpu_ref,693,broadcast_gpu_ref_6456514822857321615_0_0__sa,broadcast_gpu_ref_6456514822857321615_0_0__sa,1,1928,matched,aligned,true,true,true,exec_profile,gtpin_total_execution_cycles,3310706,3233,cycles,1024,3310706,3233,0,0,,,0,0,0,"{""gtpin_avg_execution_cycles_per_invocation"":3233,""gtpin_invocation_count"":1024,""gtpin_total_execution_cycles"":3310706}",InvocationCount=1024;TotalExecutionCycles=3310706;AvgExecutionCyclesPerInvocation=3233
n1_i3,3,1,3,performance,false,(root),/model/norm/Mul,RMS,RMS,rms:/model/norm/Mul,rms:/model/norm/Mul,rms,rms_gpu_bfyx_opt,1068,rms_gpu_bfyx_opt_10690270683970839748_0_0__sa,rms_gpu_bfyx_opt_10690270683970839748_0_0__sa,1,2161,matched,aligned,true,true,true,exec_profile,gtpin_total_execution_cycles,2338042,9132,cycles,256,2338042,9132,0,0,,,0,0,0,"{""gtpin_avg_execution_cycles_per_invocation"":9132,""gtpin_invocation_count"":256,""gtpin_total_execution_cycles"":2338042}",InvocationCount=256;TotalExecutionCycles=2338042;AvgExecutionCyclesPerInvocation=9132
n1_i3,3,1,3,performance,false,layers.*/post_attention_layernorm,/model/layers.0/post_attention_layernorm/Mul,RMS,RMS,rms:/model/layers.0/post_attention_layernorm/Mul,rms:/model/layers.0/post_attention_layernorm/Mul,rms,rms_gpu_bfyx_opt,308,rms_gpu_bfyx_opt_10690270683970839748_0_0__sa,rms_gpu_bfyx_opt_10690270683970839748_0_0__sa,1,1695,matched,aligned,true,true,true,exec_profile,gtpin_total_execution_cycles,2333400,9114,cycles,256,2333400,9114,0,0,,,0,0,0,"{""gtpin_avg_execution_cycles_per_invocation"":9114,""gtpin_invocation_count"":256,""gtpin_total_execution_cycles"":2333400}",InvocationCount=256;TotalExecutionCycles=2333400;AvgExecutionCyclesPerInvocation=9114
n1_i3,3,1,3,performance,false,layers.*/self_attn,/model/layers.3/self_attn/Transpose_4,Gemm,Gemm,gemm:/model/layers.3/self_attn/Transpose_4,gemm:/model/layers.3/self_attn/Transpose_4,gemm,gemm_tiled_opt,413,gemm_tiled_opt_12829285813189929928_0_0__sa,gemm_tiled_opt_12829285813189929928_0_0__sa,1,1759,matched,aligned,true,true,true,exec_profile,gtpin_total_execution_cycles,2319070,36235,cycles,64,2319070,36235,0,0,,,0,0,0,"{""gtpin_avg_execution_cycles_per_invocation"":36235,""gtpin_invocation_count"":64,""gtpin_total_execution_cycles"":2319070}",InvocationCount=64;TotalExecutionCycles=2319070;AvgExecutionCyclesPerInvocation=36235
n1_i3,3,1,3,performance,false,layers.*/post_attention_layernorm,/model/layers.18/post_attention_layernorm/Mul,RMS,RMS,rms:/model/layers.18/post_attention_layernorm/Mul,rms:/model/layers.18/post_attention_layernorm/Mul,rms,rms_gpu_bfyx_opt,956,rms_gpu_bfyx_opt_10690270683970839748_0_0__sa,rms_gpu_bfyx_opt_10690270683970839748_0_0__sa,1,2091,matched,aligned,true,true,true,exec_profile,gtpin_total_execution_cycles,2308190,9016,cycles,256,2308190,9016,0,0,,,0,0,0,"{""gtpin_avg_execution_cycles_per_invocation"":9016,""gtpin_invocation_count"":256,""gtpin_total_execution_cycles"":2308190}",InvocationCount=256;TotalExecutionCycles=2308190;AvgExecutionCyclesPerInvocation=9016
n1_i3,3,1,3,performance,false,layers.*/input_layernorm,/model/layers.11/input_layernorm/Mul,RMS,RMS,rms:/model/layers.11/input_layernorm/Mul,rms:/model/layers.11/input_layernorm/Mul,rms,rms_gpu_bfyx_opt,672,rms_gpu_bfyx_opt_10690270683970839748_0_0__sa,rms_gpu_bfyx_opt_10690270683970839748_0_0__sa,1,1919,matched,aligned,true,true,true,exec_profile,gtpin_total_execution_cycles,2251532,8795,cycles,256,2251532,8795,0,0,,,0,0,0,"{""gtpin_avg_execution_cycles_per_invocation"":8795,""gtpin_invocation_count"":256,""gtpin_total_execution_cycles"":2251532}",InvocationCount=256;TotalExecutionCycles=2251532;AvgExecutionCyclesPerInvocation=8795
n1_i3,3,1,3,performance,false,layers.*/self_attn,/model/layers.19/self_attn/Transpose_4,Gemm,Gemm,gemm:/model/layers.19/self_attn/Transpose_4,gemm:/model/layers.19/self_attn/Transpose_4,gemm,gemm_tiled_opt,989,gemm_tiled_opt_12829285813189929928_0_0__sa,gemm_tiled_opt_12829285813189929928_0_0__sa,1,2111,matched,aligned,true,true,true,exec_profile,gtpin_total_execution_cycles,2238912,34983,cycles,64,2238912,34983,0,0,,,0,0,0,"{""gtpin_avg_execution_cycles_per_invocation"":34983,""gtpin_invocation_count"":64,""gtpin_total_execution_cycles"":2238912}",InvocationCount=64;TotalExecutionCycles=2238912;AvgExecutionCyclesPerInvocation=34983
n1_i3,3,1,3,performance,false,layers.*/self_attn,/model/layers.15/self_attn/Transpose_4,Gemm,Gemm,gemm:/model/layers.15/self_attn/Transpose_4,gemm:/model/layers.15/self_attn/Transpose_4,gemm,gemm_tiled_opt,845,gemm_tiled_opt_12829285813189929928_0_0__sa,gemm_tiled_opt_12829285813189929928_0_0__sa,1,2023,matched,aligned,true,true,true,exec_profile,gtpin_total_execution_cycles,2206612,34478,cycles,64,2206612,34478,0,0,,,0,0,0,"{""gtpin_avg_execution_cycles_per_invocation"":34478,""gtpin_invocation_count"":64,""gtpin_total_execution_cycles"":2206612}",InvocationCount=64;TotalExecutionCycles=2206612;AvgExecutionCyclesPerInvocation=34478
n1_i3,3,1,3,performance,false,layers.*/self_attn,/model/layers.7/self_attn/Transpose_4,Gemm,Gemm,gemm:/model/layers.7/self_attn/Transpose_4,gemm:/model/layers.7/self_attn/Transpose_4,gemm,gemm_tiled_opt,557,gemm_tiled_opt_12829285813189929928_0_0__sa,gemm_tiled_opt_12829285813189929928_0_0__sa,1,1847,matched,aligned,true,true,true,exec_profile,gtpin_total_execution_cycles,2205390,34459,cycles,64,2205390,34459,0,0,,,0,0,0,"{""gtpin_avg_execution_cycles_per_invocation"":34459,""gtpin_invocation_count"":64,""gtpin_total_execution_cycles"":2205390}",InvocationCount=64;TotalExecutionCycles=2205390;AvgExecutionCyclesPerInvocation=34459
n1_i3,3,1,3,performance,false,layers.*/self_attn,/model/layers.11/self_attn/Transpose_4,Gemm,Gemm,gemm:/model/layers.11/self_attn/Transpose_4,gemm:/model/layers.11/self_attn/Transpose_4,gemm,gemm_tiled_opt,701,gemm_tiled_opt_12829285813189929928_0_0__sa,gemm_tiled_opt_12829285813189929928_0_0__sa,1,1935,matched,aligned,true,true,true,exec_profile,gtpin_total_execution_cycles,2186658,34166,cycles,64,2186658,34166,0,0,,,0,0,0,"{""gtpin_avg_execution_cycles_per_invocation"":34166,""gtpin_invocation_count"":64,""gtpin_total_execution_cycles"":2186658}",InvocationCount=64;TotalExecutionCycles=2186658;AvgExecutionCyclesPerInvocation=34166
n1_i3,3,1,3,performance,false,layers.*/self_attn,/model/layers.6/self_attn/Transpose_4,Gemm,Gemm,gemm:/model/layers.6/self_attn/Transpose_4,gemm:/model/layers.6/self_attn/Transpose_4,gemm,gemm_tiled_opt,521,gemm_tiled_opt_12829285813189929928_0_0__sa,gemm_tiled_opt_12829285813189929928_0_0__sa,1,1825,matched,aligned,true,true,true,exec_profile,gtpin_total_execution_cycles,2092304,32692,cycles,64,2092304,32692,0,0,,,0,0,0,"{""gtpin_avg_execution_cycles_per_invocation"":32692,""gtpin_invocation_count"":64,""gtpin_total_execution_cycles"":2092304}",InvocationCount=64;TotalExecutionCycles=2092304;AvgExecutionCyclesPerInvocation=32692
n1_i3,3,1,3,performance,false,layers.*/post_attention_layernorm,/model/layers.21/post_attention_layernorm/Mul,RMS,RMS,rms:/model/layers.21/post_attention_layernorm/Mul,rms:/model/layers.21/post_attention_layernorm/Mul,rms,rms_gpu_bfyx_opt,1064,rms_gpu_bfyx_opt_10690270683970839748_0_0__sa,rms_gpu_bfyx_opt_10690270683970839748_0_0__sa,1,2157,matched,aligned,true,true,true,exec_profile,gtpin_total_execution_cycles,2087620,8154,cycles,256,2087620,8154,0,0,,,0,0,0,"{""gtpin_avg_execution_cycles_per_invocation"":8154,""gtpin_invocation_count"":256,""gtpin_total_execution_cycles"":2087620}",InvocationCount=256;TotalExecutionCycles=2087620;AvgExecutionCyclesPerInvocation=8154
n1_i3,3,1,3,performance,false,layers.*/self_attn,/model/layers.12/self_attn/Transpose_4,Gemm,Gemm,gemm:/model/layers.12/self_attn/Transpose_4,gemm:/model/layers.12/self_attn/Transpose_4,gemm,gemm_tiled_opt,737,gemm_tiled_opt_12829285813189929928_0_0__sa,gemm_tiled_opt_12829285813189929928_0_0__sa,1,1957,matched,aligned,true,true,true,exec_profile,gtpin_total_execution_cycles,2077828,32466,cycles,64,2077828,32466,0,0,,,0,0,0,"{""gtpin_avg_execution_cycles_per_invocation"":32466,""gtpin_invocation_count"":64,""gtpin_total_execution_cycles"":2077828}",InvocationCount=64;TotalExecutionCycles=2077828;AvgExecutionCyclesPerInvocation=32466
n1_i3,3,1,3,performance,false,layers.*/input_layernorm,/model/layers.7/input_layernorm/Mul,RMS,RMS,rms:/model/layers.7/input_layernorm/Mul,rms:/model/layers.7/input_layernorm/Mul,rms,rms_gpu_bfyx_opt,528,rms_gpu_bfyx_opt_10690270683970839748_0_0__sa,rms_gpu_bfyx_opt_10690270683970839748_0_0__sa,1,1831,matched,aligned,true,true,true,exec_profile,gtpin_total_execution_cycles,2076178,8110,cycles,256,2076178,8110,0,0,,,0,0,0,"{""gtpin_avg_execution_cycles_per_invocation"":8110,""gtpin_invocation_count"":256,""gtpin_total_execution_cycles"":2076178}",InvocationCount=256;TotalExecutionCycles=2076178;AvgExecutionCyclesPerInvocation=8110
n1_i3,3,1,3,performance,false,layers.*/self_attn,/model/layers.8/self_attn/Transpose_4,Gemm,Gemm,gemm:/model/layers.8/self_attn/Transpose_4,gemm:/model/layers.8/self_attn/Transpose_4,gemm,gemm_tiled_opt,593,gemm_tiled_opt_12829285813189929928_0_0__sa,gemm_tiled_opt_12829285813189929928_0_0__sa,1,1869,matched,aligned,true,true,true,exec_profile,gtpin_total_execution_cycles,2063072,32235,cycles,64,2063072,32235,0,0,,,0,0,0,"{""gtpin_avg_execution_cycles_per_invocation"":32235,""gtpin_invocation_count"":64,""gtpin_total_execution_cycles"":2063072}",InvocationCount=64;TotalExecutionCycles=2063072;AvgExecutionCyclesPerInvocation=32235
n1_i3,3,1,3,performance,false,layers.*/self_attn,/model/layers.13/self_attn/Transpose_4,Gemm,Gemm,gemm:/model/layers.13/self_attn/Transpose_4,gemm:/model/layers.13/self_attn/Transpose_4,gemm,gemm_tiled_opt,773,gemm_tiled_opt_12829285813189929928_0_0__sa,gemm_tiled_opt_12829285813189929928_0_0__sa,1,1979,matched,aligned,true,true,true,exec_profile,gtpin_total_execution_cycles,2062936,32233,cycles,64,2062936,32233,0,0,,,0,0,0,"{""gtpin_avg_execution_cycles_per_invocation"":32233,""gtpin_invocation_count"":64,""gtpin_total_execution_cycles"":2062936}",InvocationCount=64;TotalExecutionCycles=2062936;AvgExecutionCyclesPerInvocation=32233
n1_i3,3,1,3,performance,false,layers.*/self_attn,/model/layers.9/self_attn/Transpose_4,Gemm,Gemm,gemm:/model/layers.9/self_attn/Transpose_4,gemm:/model/layers.9/self_attn/Transpose_4,gemm,gemm_tiled_opt,629,gemm_tiled_opt_12829285813189929928_0_0__sa,gemm_tiled_opt_12829285813189929928_0_0__sa,1,1891,matched,aligned,true,true,true,exec_profile,gtpin_total_execution_cycles,2059072,32173,cycles,64,2059072,32173,0,0,,,0,0,0,"{""gtpin_avg_execution_cycles_per_invocation"":32173,""gtpin_invocation_count"":64,""gtpin_total_execution_cycles"":2059072}",InvocationCount=64;TotalExecutionCycles=2059072;AvgExecutionCyclesPerInvocation=32173
n1_i3,3,1,3,performance,false,layers.*/self_attn,/model/layers.18/self_attn/Transpose_4,Gemm,Gemm,gemm:/model/layers.18/self_attn/Transpose_4,gemm:/model/layers.18/self_attn/Transpose_4,gemm,gemm_tiled_opt,953,gemm_tiled_opt_12829285813189929928_0_0__sa,gemm_tiled_opt_12829285813189929928_0_0__sa,1,2089,matched,aligned,true,true,true,exec_profile,gtpin_total_execution_cycles,2055608,32118,cycles,64,2055608,32118,0,0,,,0,0,0,"{""gtpin_avg_execution_cycles_per_invocation"":32118,""gtpin_invocation_count"":64,""gtpin_total_execution_cycles"":2055608}",InvocationCount=64;TotalExecutionCycles=2055608;AvgExecutionCyclesPerInvocation=32118
n1_i3,3,1,3,performance,false,layers.*/self_attn,/model/layers.20/self_attn/Transpose_4,Gemm,Gemm,gemm:/model/layers.20/self_attn/Transpose_4,gemm:/model/layers.20/self_attn/Transpose_4,gemm,gemm_tiled_opt,1025,gemm_tiled_opt_12829285813189929928_0_0__sa,gemm_tiled_opt_12829285813189929928_0_0__sa,1,2133,matched,aligned,true,true,true,exec_profile,gtpin_total_execution_cycles,2044206,31940,cycles,64,2044206,31940,0,0,,,0,0,0,"{""gtpin_avg_execution_cycles_per_invocation"":31940,""gtpin_invocation_count"":64,""gtpin_total_execution_cycles"":2044206}",InvocationCount=64;TotalExecutionCycles=2044206;AvgExecutionCyclesPerInvocation=31940
n1_i3,3,1,3,performance,false,layers.*/post_attention_layernorm,/model/layers.17/post_attention_layernorm/Mul,RMS,RMS,rms:/model/layers.17/post_attention_layernorm/Mul,rms:/model/layers.17/post_attention_layernorm/Mul,rms,rms_gpu_bfyx_opt,920,rms_gpu_bfyx_opt_10690270683970839748_0_0__sa,rms_gpu_bfyx_opt_10690270683970839748_0_0__sa,1,2069,matched,aligned,true,true,true,exec_profile,gtpin_total_execution_cycles,2043334,7981,cycles,256,2043334,7981,0,0,,,0,0,0,"{""gtpin_avg_execution_cycles_per_invocation"":7981,""gtpin_invocation_count"":256,""gtpin_total_execution_cycles"":2043334}",InvocationCount=256;TotalExecutionCycles=2043334;AvgExecutionCyclesPerInvocation=7981
n1_i3,3,1,3,performance,false,layers.*/self_attn,/model/layers.16/self_attn/Transpose_4,Gemm,Gemm,gemm:/model/layers.16/self_attn/Transpose_4,gemm:/model/layers.16/self_attn/Transpose_4,gemm,gemm_tiled_opt,881,gemm_tiled_opt_12829285813189929928_0_0__sa,gemm_tiled_opt_12829285813189929928_0_0__sa,1,2045,matched,aligned,true,true,true,exec_profile,gtpin_total_execution_cycles,2040064,31876,cycles,64,2040064,31876,0,0,,,0,0,0,"{""gtpin_avg_execution_cycles_per_invocation"":31876,""gtpin_invocation_count"":64,""gtpin_total_execution_cycles"":2040064}",InvocationCount=64;TotalExecutionCycles=2040064;AvgExecutionCyclesPerInvocation=31876
n1_i3,3,1,3,performance,false,layers.*/input_layernorm,/model/layers.3/input_layernorm/Mul,RMS,RMS,rms:/model/layers.3/input_layernorm/Mul,rms:/model/layers.3/input_layernorm/Mul,rms,rms_gpu_bfyx_opt,384,rms_gpu_bfyx_opt_10690270683970839748_0_0__sa,rms_gpu_bfyx_opt_10690270683970839748_0_0__sa,1,1743,matched,aligned,true,true,true,exec_profile,gtpin_total_execution_cycles,2039524,7966,cycles,256,2039524,7966,0,0,,,0,0,0,"{""gtpin_avg_execution_cycles_per_invocation"":7966,""gtpin_invocation_count"":256,""gtpin_total_execution_cycles"":2039524}",InvocationCount=256;TotalExecutionCycles=2039524;AvgExecutionCyclesPerInvocation=7966
n1_i3,3,1,3,performance,false,layers.*/self_attn,/model/layers.14/self_attn/Transpose_4,Gemm,Gemm,gemm:/model/layers.14/self_attn/Transpose_4,gemm:/model/layers.14/self_attn/Transpose_4,gemm,gemm_tiled_opt,809,gemm_tiled_opt_12829285813189929928_0_0__sa,gemm_tiled_opt_12829285813189929928_0_0__sa,1,2001,matched,aligned,true,true,true,exec_profile,gtpin_total_execution_cycles,2038508,31851,cycles,64,2038508,31851,0,0,,,0,0,0,"{""gtpin_avg_execution_cycles_per_invocation"":31851,""gtpin_invocation_count"":64,""gtpin_total_execution_cycles"":2038508}",InvocationCount=64;TotalExecutionCycles=2038508;AvgExecutionCyclesPerInvocation=31851
n1_i3,3,1,3,performance,false,layers.*/self_attn,/model/layers.2/self_attn/Transpose_4,Gemm,Gemm,gemm:/model/layers.2/self_attn/Transpose_4,gemm:/model/layers.2/self_attn/Transpose_4,gemm,gemm_tiled_opt,377,gemm_tiled_opt_12829285813189929928_0_0__sa,gemm_tiled_opt_12829285813189929928_0_0__sa,1,1737,matched,aligned,true,true,true,exec_profile,gtpin_total_execution_cycles,2027744,31683,cycles,64,2027744,31683,0,0,,,0,0,0,"{""gtpin_avg_execution_cycles_per_invocation"":31683,""gtpin_invocation_count"":64,""gtpin_total_execution_cycles"":2027744}",InvocationCount=64;TotalExecutionCycles=2027744;AvgExecutionCyclesPerInvocation=31683
n1_i3,3,1,3,performance,false,layers.*/self_attn,/model/layers.17/self_attn/Transpose_4,Gemm,Gemm,gemm:/model/layers.17/self_attn/Transpose_4,gemm:/model/layers.17/self_attn/Transpose_4,gemm,gemm_tiled_opt,917,gemm_tiled_opt_12829285813189929928_0_0__sa,gemm_tiled_opt_12829285813189929928_0_0__sa,1,2067,matched,aligned,true,true,true,exec_profile,gtpin_total_execution_cycles,2027386,31677,cycles,64,2027386,31677,0,0,,,0,0,0,"{""gtpin_avg_execution_cycles_per_invocation"":31677,""gtpin_invocation_count"":64,""gtpin_total_execution_cycles"":2027386}",InvocationCount=64;TotalExecutionCycles=2027386;AvgExecutionCyclesPerInvocation=31677
n1_i3,3,1,3,performance,false,layers.*/post_attention_layernorm,/model/layers.3/post_attention_layernorm/Mul,RMS,RMS,rms:/model/layers.3/post_attention_layernorm/Mul,rms:/model/layers.3/post_attention_layernorm/Mul,rms,rms_gpu_bfyx_opt,416,rms_gpu_bfyx_opt_10690270683970839748_0_0__sa,rms_gpu_bfyx_opt_10690270683970839748_0_0__sa,1,1761,matched,aligned,true,true,true,exec_profile,gtpin_total_execution_cycles,2026546,7916,cycles,256,2026546,7916,0,0,,,0,0,0,"{""gtpin_avg_execution_cycles_per_invocation"":7916,""gtpin_invocation_count"":256,""gtpin_total_execution_cycles"":2026546}",InvocationCount=256;TotalExecutionCycles=2026546;AvgExecutionCyclesPerInvocation=7916
n1_i3,3,1,3,performance,false,layers.*/self_attn,/model/layers.0/self_attn/Transpose_4,Gemm,Gemm,gemm:/model/layers.0/self_attn/Transpose_4,gemm:/model/layers.0/self_attn/Transpose_4,gemm,gemm_tiled_opt,305,gemm_tiled_opt_12829285813189929928_0_0__sa,gemm_tiled_opt_12829285813189929928_0_0__sa,1,1693,matched,aligned,true,true,true,exec_profile,gtpin_total_execution_cycles,2016962,31515,cycles,64,2016962,31515,0,0,,,0,0,0,"{""gtpin_avg_execution_cycles_per_invocation"":31515,""gtpin_invocation_count"":64,""gtpin_total_execution_cycles"":2016962}",InvocationCount=64;TotalExecutionCycles=2016962;AvgExecutionCyclesPerInvocation=31515
n1_i3,3,1,3,performance,false,layers.*/input_layernorm,/model/layers.0/input_layernorm/Mul,RMS,RMS,rms:/model/layers.0/input_layernorm/Mul,rms:/model/layers.0/input_layernorm/Mul,rms,rms_gpu_bfyx_opt,232,rms_gpu_bfyx_opt_10690270683970839748_0_0__sa,rms_gpu_bfyx_opt_10690270683970839748_0_0__sa,1,1666,matched,aligned,true,true,true,exec_profile,gtpin_total_execution_cycles,2014326,7868,cycles,256,2014326,7868,0,0,,,0,0,0,"{""gtpin_avg_execution_cycles_per_invocation"":7868,""gtpin_invocation_count"":256,""gtpin_total_execution_cycles"":2014326}",InvocationCount=256;TotalExecutionCycles=2014326;AvgExecutionCyclesPerInvocation=7868
n1_i3,3,1,3,performance,false,layers.*/self_attn,/model/layers.10/self_attn/Transpose_4,Gemm,Gemm,gemm:/model/layers.10/self_attn/Transpose_4,gemm:/model/layers.10/self_attn/Transpose_4,gemm,gemm_tiled_opt,665,gemm_tiled_opt_12829285813189929928_0_0__sa,gemm_tiled_opt_12829285813189929928_0_0__sa,1,1913,matched,aligned,true,true,true,exec_profile,gtpin_total_execution_cycles,2011508,31429,cycles,64,2011508,31429,0,0,,,0,0,0,"{""gtpin_avg_execution_cycles_per_invocation"":31429,""gtpin_invocation_count"":64,""gtpin_total_execution_cycles"":2011508}",InvocationCount=64;TotalExecutionCycles=2011508;AvgExecutionCyclesPerInvocation=31429
n1_i3,3,1,3,performance,false,layers.*/self_attn,/model/layers.4/self_attn/Transpose_4,Gemm,Gemm,gemm:/model/layers.4/self_attn/Transpose_4,gemm:/model/layers.4/self_attn/Transpose_4,gemm,gemm_tiled_opt,449,gemm_tiled_opt_12829285813189929928_0_0__sa,gemm_tiled_opt_12829285813189929928_0_0__sa,1,1781,matched,aligned,true,true,true,exec_profile,gtpin_total_execution_cycles,2011250,31425,cycles,64,2011250,31425,0,0,,,0,0,0,"{""gtpin_avg_execution_cycles_per_invocation"":31425,""gtpin_invocation_count"":64,""gtpin_total_execution_cycles"":2011250}",InvocationCount=64;TotalExecutionCycles=2011250;AvgExecutionCyclesPerInvocation=31425
n1_i3,3,1,3,performance,false,layers.*/self_attn,/model/layers.21/self_attn/Transpose_4,Gemm,Gemm,gemm:/model/layers.21/self_attn/Transpose_4,gemm:/model/layers.21/self_attn/Transpose_4,gemm,gemm_tiled_opt,1061,gemm_tiled_opt_12829285813189929928_0_0__sa,gemm_tiled_opt_12829285813189929928_0_0__sa,1,2155,matched,aligned,true,true,true,exec_profile,gtpin_total_execution_cycles,2008568,31383,cycles,64,2008568,31383,0,0,,,0,0,0,"{""gtpin_avg_execution_cycles_per_invocation"":31383,""gtpin_invocation_count"":64,""gtpin_total_execution_cycles"":2008568}",InvocationCount=64;TotalExecutionCycles=2008568;AvgExecutionCyclesPerInvocation=31383
n1_i3,3,1,3,performance,false,layers.*/input_layernorm,/model/layers.15/input_layernorm/Mul,RMS,RMS,rms:/model/layers.15/input_layernorm/Mul,rms:/model/layers.15/input_layernorm/Mul,rms,rms_gpu_bfyx_opt,816,rms_gpu_bfyx_opt_10690270683970839748_0_0__sa,rms_gpu_bfyx_opt_10690270683970839748_0_0__sa,1,2007,matched,aligned,true,true,true,exec_profile,gtpin_total_execution_cycles,2005806,7835,cycles,256,2005806,7835,0,0,,,0,0,0,"{""gtpin_avg_execution_cycles_per_invocation"":7835,""gtpin_invocation_count"":256,""gtpin_total_execution_cycles"":2005806}",InvocationCount=256;TotalExecutionCycles=2005806;AvgExecutionCyclesPerInvocation=7835
n1_i3,3,1,3,performance,false,layers.*/self_attn,/model/layers.5/self_attn/Transpose_4,Gemm,Gemm,gemm:/model/layers.5/self_attn/Transpose_4,gemm:/model/layers.5/self_attn/Transpose_4,gemm,gemm_tiled_opt,485,gemm_tiled_opt_12829285813189929928_0_0__sa,gemm_tiled_opt_12829285813189929928_0_0__sa,1,1803,matched,aligned,true,true,true,exec_profile,gtpin_total_execution_cycles,2005784,31340,cycles,64,2005784,31340,0,0,,,0,0,0,"{""gtpin_avg_execution_cycles_per_invocation"":31340,""gtpin_invocation_count"":64,""gtpin_total_execution_cycles"":2005784}",InvocationCount=64;TotalExecutionCycles=2005784;AvgExecutionCyclesPerInvocation=31340
n1_i3,3,1,3,performance,false,layers.*/post_attention_layernorm,/model/layers.2/post_attention_layernorm/Mul,RMS,RMS,rms:/model/layers.2/post_attention_layernorm/Mul,rms:/model/layers.2/post_attention_layernorm/Mul,rms,rms_gpu_bfyx_opt,380,rms_gpu_bfyx_opt_10690270683970839748_0_0__sa,rms_gpu_bfyx_opt_10690270683970839748_0_0__sa,1,1739,matched,aligned,true,true,true,exec_profile,gtpin_total_execution_cycles,1990276,7774,cycles,256,1990276,7774,0,0,,,0,0,0,"{""gtpin_avg_execution_cycles_per_invocation"":7774,""gtpin_invocation_count"":256,""gtpin_total_execution_cycles"":1990276}",InvocationCount=256;TotalExecutionCycles=1990276;AvgExecutionCyclesPerInvocation=7774
n1_i3,3,1,3,performance,false,layers.*/self_attn,/model/layers.1/self_attn/Transpose_4,Gemm,Gemm,gemm:/model/layers.1/self_attn/Transpose_4,gemm:/model/layers.1/self_attn/Transpose_4,gemm,gemm_tiled_opt,341,gemm_tiled_opt_12829285813189929928_0_0__sa,gemm_tiled_opt_12829285813189929928_0_0__sa,1,1715,matched,aligned,true,true,true,exec_profile,gtpin_total_execution_cycles,1989500,31085,cycles,64,1989500,31085,0,0,,,0,0,0,"{""gtpin_avg_execution_cycles_per_invocation"":31085,""gtpin_invocation_count"":64,""gtpin_total_execution_cycles"":1989500}",InvocationCount=64;TotalExecutionCycles=1989500;AvgExecutionCyclesPerInvocation=31085
n1_i3,3,1,3,performance,false,layers.*/post_attention_layernorm,/model/layers.4/post_attention_layernorm/Mul,RMS,RMS,rms:/model/layers.4/post_attention_layernorm/Mul,rms:/model/layers.4/post_attention_layernorm/Mul,rms,rms_gpu_bfyx_opt,452,rms_gpu_bfyx_opt_10690270683970839748_0_0__sa,rms_gpu_bfyx_opt_10690270683970839748_0_0__sa,1,1783,matched,aligned,true,true,true,exec_profile,gtpin_total_execution_cycles,1989262,7770,cycles,256,1989262,7770,0,0,,,0,0,0,"{""gtpin_avg_execution_cycles_per_invocation"":7770,""gtpin_invocation_count"":256,""gtpin_total_execution_cycles"":1989262}",InvocationCount=256;TotalExecutionCycles=1989262;AvgExecutionCyclesPerInvocation=7770
n1_i3,3,1,3,performance,false,layers.*/input_layernorm,/model/layers.21/input_layernorm/Mul,RMS,RMS,rms:/model/layers.21/input_layernorm/Mul,rms:/model/layers.21/input_layernorm/Mul,rms,rms_gpu_bfyx_opt,1032,rms_gpu_bfyx_opt_10690270683970839748_0_0__sa,rms_gpu_bfyx_opt_10690270683970839748_0_0__sa,1,2139,matched,aligned,true,true,true,exec_profile,gtpin_total_execution_cycles,1987588,7764,cycles,256,1987588,7764,0,0,,,0,0,0,"{""gtpin_avg_execution_cycles_per_invocation"":7764,""gtpin_invocation_count"":256,""gtpin_total_execution_cycles"":1987588}",InvocationCount=256;TotalExecutionCycles=1987588;AvgExecutionCyclesPerInvocation=7764
n1_i3,3,1,3,performance,false,layers.*/post_attention_layernorm,/model/layers.1/post_attention_layernorm/Mul,RMS,RMS,rms:/model/layers.1/post_attention_layernorm/Mul,rms:/model/layers.1/post_attention_layernorm/Mul,rms,rms_gpu_bfyx_opt,344,rms_gpu_bfyx_opt_10690270683970839748_0_0__sa,rms_gpu_bfyx_opt_10690270683970839748_0_0__sa,1,1717,matched,aligned,true,true,true,exec_profile,gtpin_total_execution_cycles,1983790,7749,cycles,256,1983790,7749,0,0,,,0,0,0,"{""gtpin_avg_execution_cycles_per_invocation"":7749,""gtpin_invocation_count"":256,""gtpin_total_execution_cycles"":1983790}",InvocationCount=256;TotalExecutionCycles=1983790;AvgExecutionCyclesPerInvocation=7749
n1_i3,3,1,3,performance,false,layers.*/post_attention_layernorm,/model/layers.20/post_attention_layernorm/Mul,RMS,RMS,rms:/model/layers.20/post_attention_layernorm/Mul,rms:/model/layers.20/post_attention_layernorm/Mul,rms,rms_gpu_bfyx_opt,1028,rms_gpu_bfyx_opt_10690270683970839748_0_0__sa,rms_gpu_bfyx_opt_10690270683970839748_0_0__sa,1,2135,matched,aligned,true,true,true,exec_profile,gtpin_total_execution_cycles,1963648,7670,cycles,256,1963648,7670,0,0,,,0,0,0,"{""gtpin_avg_execution_cycles_per_invocation"":7670,""gtpin_invocation_count"":256,""gtpin_total_execution_cycles"":1963648}",InvocationCount=256;TotalExecutionCycles=1963648;AvgExecutionCyclesPerInvocation=7670
n1_i3,3,1,3,performance,false,layers.*/post_attention_layernorm,/model/layers.8/post_attention_layernorm/Mul,RMS,RMS,rms:/model/layers.8/post_attention_layernorm/Mul,rms:/model/layers.8/post_attention_layernorm/Mul,rms,rms_gpu_bfyx_opt,596,rms_gpu_bfyx_opt_10690270683970839748_0_0__sa,rms_gpu_bfyx_opt_10690270683970839748_0_0__sa,1,1871,matched,aligned,true,true,true,exec_profile,gtpin_total_execution_cycles,1963298,7669,cycles,256,1963298,7669,0,0,,,0,0,0,"{""gtpin_avg_execution_cycles_per_invocation"":7669,""gtpin_invocation_count"":256,""gtpin_total_execution_cycles"":1963298}",InvocationCount=256;TotalExecutionCycles=1963298;AvgExecutionCyclesPerInvocation=7669
n1_i3,3,1,3,performance,false,layers.*/post_attention_layernorm,/model/layers.6/post_attention_layernorm/Mul,RMS,RMS,rms:/model/layers.6/post_attention_layernorm/Mul,rms:/model/layers.6/post_attention_layernorm/Mul,rms,rms_gpu_bfyx_opt,524,rms_gpu_bfyx_opt_10690270683970839748_0_0__sa,rms_gpu_bfyx_opt_10690270683970839748_0_0__sa,1,1827,matched,aligned,true,true,true,exec_profile,gtpin_total_execution_cycles,1961920,7663,cycles,256,1961920,7663,0,0,,,0,0,0,"{""gtpin_avg_execution_cycles_per_invocation"":7663,""gtpin_invocation_count"":256,""gtpin_total_execution_cycles"":1961920}",InvocationCount=256;TotalExecutionCycles=1961920;AvgExecutionCyclesPerInvocation=7663
n1_i3,3,1,3,performance,false,layers.*/post_attention_layernorm,/model/layers.14/post_attention_layernorm/Mul,RMS,RMS,rms:/model/layers.14/post_attention_layernorm/Mul,rms:/model/layers.14/post_attention_layernorm/Mul,rms,rms_gpu_bfyx_opt,812,rms_gpu_bfyx_opt_10690270683970839748_0_0__sa,rms_gpu_bfyx_opt_10690270683970839748_0_0__sa,1,2003,matched,aligned,true,true,true,exec_profile,gtpin_total_execution_cycles,1960590,7658,cycles,256,1960590,7658,0,0,,,0,0,0,"{""gtpin_avg_execution_cycles_per_invocation"":7658,""gtpin_invocation_count"":256,""gtpin_total_execution_cycles"":1960590}",InvocationCount=256;TotalExecutionCycles=1960590;AvgExecutionCyclesPerInvocation=7658
n1_i3,3,1,3,performance,false,layers.*/post_attention_layernorm,/model/layers.10/post_attention_layernorm/Mul,RMS,RMS,rms:/model/layers.10/post_attention_layernorm/Mul,rms:/model/layers.10/post_attention_layernorm/Mul,rms,rms_gpu_bfyx_opt,668,rms_gpu_bfyx_opt_10690270683970839748_0_0__sa,rms_gpu_bfyx_opt_10690270683970839748_0_0__sa,1,1915,matched,aligned,true,true,true,exec_profile,gtpin_total_execution_cycles,1946584,7603,cycles,256,1946584,7603,0,0,,,0,0,0,"{""gtpin_avg_execution_cycles_per_invocation"":7603,""gtpin_invocation_count"":256,""gtpin_total_execution_cycles"":1946584}",InvocationCount=256;TotalExecutionCycles=1946584;AvgExecutionCyclesPerInvocation=7603
n1_i3,3,1,3,performance,false,layers.*/input_layernorm,/model/layers.19/input_layernorm/Mul,RMS,RMS,rms:/model/layers.19/input_layernorm/Mul,rms:/model/layers.19/input_layernorm/Mul,rms,rms_gpu_bfyx_opt,960,rms_gpu_bfyx_opt_10690270683970839748_0_0__sa,rms_gpu_bfyx_opt_10690270683970839748_0_0__sa,1,2095,matched,aligned,true,true,true,exec_profile,gtpin_total_execution_cycles,1925676,7522,cycles,256,1925676,7522,0,0,,,0,0,0,"{""gtpin_avg_execution_cycles_per_invocation"":7522,""gtpin_invocation_count"":256,""gtpin_total_execution_cycles"":1925676}",InvocationCount=256;TotalExecutionCycles=1925676;AvgExecutionCyclesPerInvocation=7522
n1_i3,3,1,3,performance,false,layers.*/post_attention_layernorm,/model/layers.12/post_attention_layernorm/Mul,RMS,RMS,rms:/model/layers.12/post_attention_layernorm/Mul,rms:/model/layers.12/post_attention_layernorm/Mul,rms,rms_gpu_bfyx_opt,740,rms_gpu_bfyx_opt_10690270683970839748_0_0__sa,rms_gpu_bfyx_opt_10690270683970839748_0_0__sa,1,1959,matched,aligned,true,true,true,exec_profile,gtpin_total_execution_cycles,1916364,7485,cycles,256,1916364,7485,0,0,,,0,0,0,"{""gtpin_avg_execution_cycles_per_invocation"":7485,""gtpin_invocation_count"":256,""gtpin_total_execution_cycles"":1916364}",InvocationCount=256;TotalExecutionCycles=1916364;AvgExecutionCyclesPerInvocation=7485
n1_i3,3,1,3,performance,false,layers.*/post_attention_layernorm,/model/layers.16/post_attention_layernorm/Mul,RMS,RMS,rms:/model/layers.16/post_attention_layernorm/Mul,rms:/model/layers.16/post_attention_layernorm/Mul,rms,rms_gpu_bfyx_opt,884,rms_gpu_bfyx_opt_10690270683970839748_0_0__sa,rms_gpu_bfyx_opt_10690270683970839748_0_0__sa,1,2047,matched,aligned,true,true,true,exec_profile,gtpin_total_execution_cycles,1907612,7451,cycles,256,1907612,7451,0,0,,,0,0,0,"{""gtpin_avg_execution_cycles_per_invocation"":7451,""gtpin_invocation_count"":256,""gtpin_total_execution_cycles"":1907612}",InvocationCount=256;TotalExecutionCycles=1907612;AvgExecutionCyclesPerInvocation=7451
n1_i3,3,1,3,performance,false,layers.*/post_attention_layernorm,/model/layers.5/post_attention_layernorm/Mul,RMS,RMS,rms:/model/layers.5/post_attention_layernorm/Mul,rms:/model/layers.5/post_attention_layernorm/Mul,rms,rms_gpu_bfyx_opt,488,rms_gpu_bfyx_opt_10690270683970839748_0_0__sa,rms_gpu_bfyx_opt_10690270683970839748_0_0__sa,1,1805,matched,aligned,true,true,true,exec_profile,gtpin_total_execution_cycles,1903492,7435,cycles,256,1903492,7435,0,0,,,0,0,0,"{""gtpin_avg_execution_cycles_per_invocation"":7435,""gtpin_invocation_count"":256,""gtpin_total_execution_cycles"":1903492}",InvocationCount=256;TotalExecutionCycles=1903492;AvgExecutionCyclesPerInvocation=7435
n1_i3,3,1,3,performance,false,layers.*/post_attention_layernorm,/model/layers.19/post_attention_layernorm/Mul,RMS,RMS,rms:/model/layers.19/post_attention_layernorm/Mul,rms:/model/layers.19/post_attention_layernorm/Mul,rms,rms_gpu_bfyx_opt,992,rms_gpu_bfyx_opt_10690270683970839748_0_0__sa,rms_gpu_bfyx_opt_10690270683970839748_0_0__sa,1,2113,matched,aligned,true,true,true,exec_profile,gtpin_total_execution_cycles,1888462,7376,cycles,256,1888462,7376,0,0,,,0,0,0,"{""gtpin_avg_execution_cycles_per_invocation"":7376,""gtpin_invocation_count"":256,""gtpin_total_execution_cycles"":1888462}",InvocationCount=256;TotalExecutionCycles=1888462;AvgExecutionCyclesPerInvocation=7376
n1_i3,3,1,3,performance,false,layers.*/post_attention_layernorm,/model/layers.9/post_attention_layernorm/Mul,RMS,RMS,rms:/model/layers.9/post_attention_layernorm/Mul,rms:/model/layers.9/post_attention_layernorm/Mul,rms,rms_gpu_bfyx_opt,632,rms_gpu_bfyx_opt_10690270683970839748_0_0__sa,rms_gpu_bfyx_opt_10690270683970839748_0_0__sa,1,1893,matched,aligned,true,true,true,exec_profile,gtpin_total_execution_cycles,1874794,7323,cycles,256,1874794,7323,0,0,,,0,0,0,"{""gtpin_avg_execution_cycles_per_invocation"":7323,""gtpin_invocation_count"":256,""gtpin_total_execution_cycles"":1874794}",InvocationCount=256;TotalExecutionCycles=1874794;AvgExecutionCyclesPerInvocation=7323
n1_i3,3,1,3,performance,false,layers.*/post_attention_layernorm,/model/layers.13/post_attention_layernorm/Mul,RMS,RMS,rms:/model/layers.13/post_attention_layernorm/Mul,rms:/model/layers.13/post_attention_layernorm/Mul,rms,rms_gpu_bfyx_opt,776,rms_gpu_bfyx_opt_10690270683970839748_0_0__sa,rms_gpu_bfyx_opt_10690270683970839748_0_0__sa,1,1981,matched,aligned,true,true,true,exec_profile,gtpin_total_execution_cycles,1858408,7259,cycles,256,1858408,7259,0,0,,,0,0,0,"{""gtpin_avg_execution_cycles_per_invocation"":7259,""gtpin_invocation_count"":256,""gtpin_total_execution_cycles"":1858408}",InvocationCount=256;TotalExecutionCycles=1858408;AvgExecutionCyclesPerInvocation=7259
n1_i3,3,1,3,performance,false,layers.*/input_layernorm,/model/layers.14/input_layernorm/Mul,RMS,RMS,rms:/model/layers.14/input_layernorm/Mul,rms:/model/layers.14/input_layernorm/Mul,rms,rms_gpu_bfyx_opt,780,rms_gpu_bfyx_opt_10690270683970839748_0_0__sa,rms_gpu_bfyx_opt_10690270683970839748_0_0__sa,1,1985,matched,aligned,true,true,true,exec_profile,gtpin_total_execution_cycles,1788212,6985,cycles,256,1788212,6985,0,0,,,0,0,0,"{""gtpin_avg_execution_cycles_per_invocation"":6985,""gtpin_invocation_count"":256,""gtpin_total_execution_cycles"":1788212}",InvocationCount=256;TotalExecutionCycles=1788212;AvgExecutionCyclesPerInvocation=6985
n1_i3,3,1,3,performance,false,layers.*/self_attn,/model/layers.13/self_attn/Where_3,Select,Select,select:/model/layers.13/self_attn/Where_3,select:/model/layers.13/self_attn/Where_3,select,select_gpu_ref,772,select_gpu_ref_5609897181611433017_0_0__sa,select_gpu_ref_5609897181611433017_0_0__sa,1,1978,matched,aligned,true,true,true,exec_profile,gtpin_total_execution_cycles,1775116,6934,cycles,256,1775116,6934,0,0,,,0,0,0,"{""gtpin_avg_execution_cycles_per_invocation"":6934,""gtpin_invocation_count"":256,""gtpin_total_execution_cycles"":1775116}",InvocationCount=256;TotalExecutionCycles=1775116;AvgExecutionCyclesPerInvocation=6934
n1_i3,3,1,3,performance,false,layers.*/input_layernorm,/model/layers.2/input_layernorm/Mul,RMS,RMS,rms:/model/layers.2/input_layernorm/Mul,rms:/model/layers.2/input_layernorm/Mul,rms,rms_gpu_bfyx_opt,348,rms_gpu_bfyx_opt_10690270683970839748_0_0__sa,rms_gpu_bfyx_opt_10690270683970839748_0_0__sa,1,1721,matched,aligned,true,true,true,exec_profile,gtpin_total_execution_cycles,1765562,6896,cycles,256,1765562,6896,0,0,,,0,0,0,"{""gtpin_avg_execution_cycles_per_invocation"":6896,""gtpin_invocation_count"":256,""gtpin_total_execution_cycles"":1765562}",InvocationCount=256;TotalExecutionCycles=1765562;AvgExecutionCyclesPerInvocation=6896
n1_i3,3,1,3,performance,false,layers.*/post_attention_layernorm,/model/layers.7/post_attention_layernorm/Mul,RMS,RMS,rms:/model/layers.7/post_attention_layernorm/Mul,rms:/model/layers.7/post_attention_layernorm/Mul,rms,rms_gpu_bfyx_opt,560,rms_gpu_bfyx_opt_10690270683970839748_0_0__sa,rms_gpu_bfyx_opt_10690270683970839748_0_0__sa,1,1849,matched,aligned,true,true,true,exec_profile,gtpin_total_execution_cycles,1758594,6869,cycles,256,1758594,6869,0,0,,,0,0,0,"{""gtpin_avg_execution_cycles_per_invocation"":6869,""gtpin_invocation_count"":256,""gtpin_total_execution_cycles"":1758594}",InvocationCount=256;TotalExecutionCycles=1758594;AvgExecutionCyclesPerInvocation=6869
n1_i3,3,1,3,performance,false,layers.*/post_attention_layernorm,/model/layers.15/post_attention_layernorm/Mul,RMS,RMS,rms:/model/layers.15/post_attention_layernorm/Mul,rms:/model/layers.15/post_attention_layernorm/Mul,rms,rms_gpu_bfyx_opt,848,rms_gpu_bfyx_opt_10690270683970839748_0_0__sa,rms_gpu_bfyx_opt_10690270683970839748_0_0__sa,1,2025,matched,aligned,true,true,true,exec_profile,gtpin_total_execution_cycles,1741436,6802,cycles,256,1741436,6802,0,0,,,0,0,0,"{""gtpin_avg_execution_cycles_per_invocation"":6802,""gtpin_invocation_count"":256,""gtpin_total_execution_cycles"":1741436}",InvocationCount=256;TotalExecutionCycles=1741436;AvgExecutionCyclesPerInvocation=6802
n1_i3,3,1,3,performance,false,layers.*/self_attn,/model/layers.2/self_attn/Where_3,Select,Select,select:/model/layers.2/self_attn/Where_3,select:/model/layers.2/self_attn/Where_3,select,select_gpu_ref,376,select_gpu_ref_5609897181611433017_0_0__sa,select_gpu_ref_5609897181611433017_0_0__sa,1,1736,matched,aligned,true,true,true,exec_profile,gtpin_total_execution_cycles,1717716,6709,cycles,256,1717716,6709,0,0,,,0,0,0,"{""gtpin_avg_execution_cycles_per_invocation"":6709,""gtpin_invocation_count"":256,""gtpin_total_execution_cycles"":1717716}",InvocationCount=256;TotalExecutionCycles=1717716;AvgExecutionCyclesPerInvocation=6709
n1_i3,3,1,3,performance,false,layers.*/input_layernorm,/model/layers.18/input_layernorm/Mul,RMS,RMS,rms:/model/layers.18/input_layernorm/Mul,rms:/model/layers.18/input_layernorm/Mul,rms,rms_gpu_bfyx_opt,924,rms_gpu_bfyx_opt_10690270683970839748_0_0__sa,rms_gpu_bfyx_opt_10690270683970839748_0_0__sa,1,2073,matched,aligned,true,true,true,exec_profile,gtpin_total_execution_cycles,1710056,6679,cycles,256,1710056,6679,0,0,,,0,0,0,"{""gtpin_avg_execution_cycles_per_invocation"":6679,""gtpin_invocation_count"":256,""gtpin_total_execution_cycles"":1710056}",InvocationCount=256;TotalExecutionCycles=1710056;AvgExecutionCyclesPerInvocation=6679
n1_i3,3,1,3,performance,false,layers.*/post_attention_layernorm,/model/layers.11/post_attention_layernorm/Mul,RMS,RMS,rms:/model/layers.11/post_attention_layernorm/Mul,rms:/model/layers.11/post_attention_layernorm/Mul,rms,rms_gpu_bfyx_opt,704,rms_gpu_bfyx_opt_10690270683970839748_0_0__sa,rms_gpu_bfyx_opt_10690270683970839748_0_0__sa,1,1937,matched,aligned,true,true,true,exec_profile,gtpin_total_execution_cycles,1709436,6677,cycles,256,1709436,6677,0,0,,,0,0,0,"{""gtpin_avg_execution_cycles_per_invocation"":6677,""gtpin_invocation_count"":256,""gtpin_total_execution_cycles"":1709436}",InvocationCount=256;TotalExecutionCycles=1709436;AvgExecutionCyclesPerInvocation=6677
n1_i3,3,1,3,performance,false,layers.*/self_attn,/model/layers.8/self_attn/Where_3,Select,Select,select:/model/layers.8/self_attn/Where_3,select:/model/layers.8/self_attn/Where_3,select,select_gpu_ref,592,select_gpu_ref_5609897181611433017_0_0__sa,select_gpu_ref_5609897181611433017_0_0__sa,1,1868,matched,aligned,true,true,true,exec_profile,gtpin_total_execution_cycles,1699594,6639,cycles,256,1699594,6639,0,0,,,0,0,0,"{""gtpin_avg_execution_cycles_per_invocation"":6639,""gtpin_invocation_count"":256,""gtpin_total_execution_cycles"":1699594}",InvocationCount=256;TotalExecutionCycles=1699594;AvgExecutionCyclesPerInvocation=6639
n1_i3,3,1,3,performance,false,layers.*/input_layernorm,/model/layers.13/input_layernorm/Mul,RMS,RMS,rms:/model/layers.13/input_layernorm/Mul,rms:/model/layers.13/input_layernorm/Mul,rms,rms_gpu_bfyx_opt,744,rms_gpu_bfyx_opt_10690270683970839748_0_0__sa,rms_gpu_bfyx_opt_10690270683970839748_0_0__sa,1,1963,matched,aligned,true,true,true,exec_profile,gtpin_total_execution_cycles,1685942,6585,cycles,256,1685942,6585,0,0,,,0,0,0,"{""gtpin_avg_execution_cycles_per_invocation"":6585,""gtpin_invocation_count"":256,""gtpin_total_execution_cycles"":1685942}",InvocationCount=256;TotalExecutionCycles=1685942;AvgExecutionCyclesPerInvocation=6585
n1_i3,3,1,3,performance,false,layers.*/input_layernorm,/model/layers.10/input_layernorm/Mul,RMS,RMS,rms:/model/layers.10/input_layernorm/Mul,rms:/model/layers.10/input_layernorm/Mul,rms,rms_gpu_bfyx_opt,636,rms_gpu_bfyx_opt_10690270683970839748_0_0__sa,rms_gpu_bfyx_opt_10690270683970839748_0_0__sa,1,1897,matched,aligned,true,true,true,exec_profile,gtpin_total_execution_cycles,1674176,6539,cycles,256,1674176,6539,0,0,,,0,0,0,"{""gtpin_avg_execution_cycles_per_invocation"":6539,""gtpin_invocation_count"":256,""gtpin_total_execution_cycles"":1674176}",InvocationCount=256;TotalExecutionCycles=1674176;AvgExecutionCyclesPerInvocation=6539
n1_i3,3,1,3,performance,false,layers.*/input_layernorm,/model/layers.20/input_layernorm/Mul,RMS,RMS,rms:/model/layers.20/input_layernorm/Mul,rms:/model/layers.20/input_layernorm/Mul,rms,rms_gpu_bfyx_opt,996,rms_gpu_bfyx_opt_10690270683970839748_0_0__sa,rms_gpu_bfyx_opt_10690270683970839748_0_0__sa,1,2117,matched,aligned,true,true,true,exec_profile,gtpin_total_execution_cycles,1663502,6498,cycles,256,1663502,6498,0,0,,,0,0,0,"{""gtpin_avg_execution_cycles_per_invocation"":6498,""gtpin_invocation_count"":256,""gtpin_total_execution_cycles"":1663502}",InvocationCount=256;TotalExecutionCycles=1663502;AvgExecutionCyclesPerInvocation=6498
n1_i3,3,1,3,performance,false,layers.*/input_layernorm,/model/layers.12/input_layernorm/Mul,RMS,RMS,rms:/model/layers.12/input_layernorm/Mul,rms:/model/layers.12/input_layernorm/Mul,rms,rms_gpu_bfyx_opt,708,rms_gpu_bfyx_opt_10690270683970839748_0_0__sa,rms_gpu_bfyx_opt_10690270683970839748_0_0__sa,1,1941,matched,aligned,true,true,true,exec_profile,gtpin_total_execution_cycles,1642298,6415,cycles,256,1642298,6415,0,0,,,0,0,0,"{""gtpin_avg_execution_cycles_per_invocation"":6415,""gtpin_invocation_count"":256,""gtpin_total_execution_cycles"":1642298}",InvocationCount=256;TotalExecutionCycles=1642298;AvgExecutionCyclesPerInvocation=6415
n1_i3,3,1,3,performance,false,layers.*/input_layernorm,/model/layers.4/input_layernorm/Mul,RMS,RMS,rms:/model/layers.4/input_layernorm/Mul,rms:/model/layers.4/input_layernorm/Mul,rms,rms_gpu_bfyx_opt,420,rms_gpu_bfyx_opt_10690270683970839748_0_0__sa,rms_gpu_bfyx_opt_10690270683970839748_0_0__sa,1,1765,matched,aligned,true,true,true,exec_profile,gtpin_total_execution_cycles,1633164,6379,cycles,256,1633164,6379,0,0,,,0,0,0,"{""gtpin_avg_execution_cycles_per_invocation"":6379,""gtpin_invocation_count"":256,""gtpin_total_execution_cycles"":1633164}",InvocationCount=256;TotalExecutionCycles=1633164;AvgExecutionCyclesPerInvocation=6379
n1_i3,3,1,3,performance,false,layers.*/input_layernorm,/model/layers.8/input_layernorm/Mul,RMS,RMS,rms:/model/layers.8/input_layernorm/Mul,rms:/model/layers.8/input_layernorm/Mul,rms,rms_gpu_bfyx_opt,564,rms_gpu_bfyx_opt_10690270683970839748_0_0__sa,rms_gpu_bfyx_opt_10690270683970839748_0_0__sa,1,1853,matched,aligned,true,true,true,exec_profile,gtpin_total_execution_cycles,1622236,6336,cycles,256,1622236,6336,0,0,,,0,0,0,"{""gtpin_avg_execution_cycles_per_invocation"":6336,""gtpin_invocation_count"":256,""gtpin_total_execution_cycles"":1622236}",InvocationCount=256;TotalExecutionCycles=1622236;AvgExecutionCyclesPerInvocation=6336
n1_i3,3,1,3,performance,false,layers.*/input_layernorm,/model/layers.9/input_layernorm/Mul,RMS,RMS,rms:/model/layers.9/input_layernorm/Mul,rms:/model/layers.9/input_layernorm/Mul,rms,rms_gpu_bfyx_opt,600,rms_gpu_bfyx_opt_10690270683970839748_0_0__sa,rms_gpu_bfyx_opt_10690270683970839748_0_0__sa,1,1875,matched,aligned,true,true,true,exec_profile,gtpin_total_execution_cycles,1609708,6287,cycles,256,1609708,6287,0,0,,,0,0,0,"{""gtpin_avg_execution_cycles_per_invocation"":6287,""gtpin_invocation_count"":256,""gtpin_total_execution_cycles"":1609708}",InvocationCount=256;TotalExecutionCycles=1609708;AvgExecutionCyclesPerInvocation=6287
n1_i3,3,1,3,performance,false,layers.*/input_layernorm,/model/layers.1/input_layernorm/Mul,RMS,RMS,rms:/model/layers.1/input_layernorm/Mul,rms:/model/layers.1/input_layernorm/Mul,rms,rms_gpu_bfyx_opt,312,rms_gpu_bfyx_opt_10690270683970839748_0_0__sa,rms_gpu_bfyx_opt_10690270683970839748_0_0__sa,1,1699,matched,aligned,true,true,true,exec_profile,gtpin_total_execution_cycles,1600718,6252,cycles,256,1600718,6252,0,0,,,0,0,0,"{""gtpin_avg_execution_cycles_per_invocation"":6252,""gtpin_invocation_count"":256,""gtpin_total_execution_cycles"":1600718}",InvocationCount=256;TotalExecutionCycles=1600718;AvgExecutionCyclesPerInvocation=6252
n1_i3,3,1,3,performance,false,layers.*/input_layernorm,/model/layers.17/input_layernorm/Mul,RMS,RMS,rms:/model/layers.17/input_layernorm/Mul,rms:/model/layers.17/input_layernorm/Mul,rms,rms_gpu_bfyx_opt,888,rms_gpu_bfyx_opt_10690270683970839748_0_0__sa,rms_gpu_bfyx_opt_10690270683970839748_0_0__sa,1,2051,matched,aligned,true,true,true,exec_profile,gtpin_total_execution_cycles,1575854,6155,cycles,256,1575854,6155,0,0,,,0,0,0,"{""gtpin_avg_execution_cycles_per_invocation"":6155,""gtpin_invocation_count"":256,""gtpin_total_execution_cycles"":1575854}",InvocationCount=256;TotalExecutionCycles=1575854;AvgExecutionCyclesPerInvocation=6155
n1_i3,3,1,3,performance,false,layers.*/input_layernorm,/model/layers.5/input_layernorm/Mul,RMS,RMS,rms:/model/layers.5/input_layernorm/Mul,rms:/model/layers.5/input_layernorm/Mul,rms,rms_gpu_bfyx_opt,456,rms_gpu_bfyx_opt_10690270683970839748_0_0__sa,rms_gpu_bfyx_opt_10690270683970839748_0_0__sa,1,1787,matched,aligned,true,true,true,exec_profile,gtpin_total_execution_cycles,1575784,6155,cycles,256,1575784,6155,0,0,,,0,0,0,"{""gtpin_avg_execution_cycles_per_invocation"":6155,""gtpin_invocation_count"":256,""gtpin_total_execution_cycles"":1575784}",InvocationCount=256;TotalExecutionCycles=1575784;AvgExecutionCyclesPerInvocation=6155
n1_i3,3,1,3,performance,false,layers.*/self_attn,/model/layers.9/self_attn/IsNaN,IsNaN,IsNaN,isnan:/model/layers.9/self_attn/IsNaN,isnan:/model/layers.9/self_attn/IsNaN,eltwise,generic_eltwise_ref,627,generic_eltwise_ref_1696504087421334661_0_0__sa,generic_eltwise_ref_1696504087421334661_0_0__sa,1,1889,matched,aligned,true,true,true,exec_profile,gtpin_total_execution_cycles,1566032,6117,cycles,256,1566032,6117,0,0,,,0,0,0,"{""gtpin_avg_execution_cycles_per_invocation"":6117,""gtpin_invocation_count"":256,""gtpin_total_execution_cycles"":1566032}",InvocationCount=256;TotalExecutionCycles=1566032;AvgExecutionCyclesPerInvocation=6117
n1_i3,3,1,3,performance,false,layers.*/input_layernorm,/model/layers.16/input_layernorm/Mul,RMS,RMS,rms:/model/layers.16/input_layernorm/Mul,rms:/model/layers.16/input_layernorm/Mul,rms,rms_gpu_bfyx_opt,852,rms_gpu_bfyx_opt_10690270683970839748_0_0__sa,rms_gpu_bfyx_opt_10690270683970839748_0_0__sa,1,2029,matched,aligned,true,true,true,exec_profile,gtpin_total_execution_cycles,1556342,6079,cycles,256,1556342,6079,0,0,,,0,0,0,"{""gtpin_avg_execution_cycles_per_invocation"":6079,""gtpin_invocation_count"":256,""gtpin_total_execution_cycles"":1556342}",InvocationCount=256;TotalExecutionCycles=1556342;AvgExecutionCyclesPerInvocation=6079
n1_i3,3,1,3,performance,false,layers.*/self_attn,/model/layers.12/self_attn/Where_3,Select,Select,select:/model/layers.12/self_attn/Where_3,select:/model/layers.12/self_attn/Where_3,select,select_gpu_ref,736,select_gpu_ref_5609897181611433017_0_0__sa,select_gpu_ref_5609897181611433017_0_0__sa,1,1956,matched,aligned,true,true,true,exec_profile,gtpin_total_execution_cycles,1544144,6031,cycles,256,1544144,6031,0,0,,,0,0,0,"{""gtpin_avg_execution_cycles_per_invocation"":6031,""gtpin_invocation_count"":256,""gtpin_total_execution_cycles"":1544144}",InvocationCount=256;TotalExecutionCycles=1544144;AvgExecutionCyclesPerInvocation=6031
n1_i3,3,1,3,performance,false,layers.*/self_attn,/model/layers.0/self_attn/Where_3,Select,Select,select:/model/layers.0/self_attn/Where_3,select:/model/layers.0/self_attn/Where_3,select,select_gpu_ref,304,select_gpu_ref_5609897181611433017_0_0__sa,select_gpu_ref_5609897181611433017_0_0__sa,1,1692,matched,aligned,true,true,true,exec_profile,gtpin_total_execution_cycles,1528764,5971,cycles,256,1528764,5971,0,0,,,0,0,0,"{""gtpin_avg_execution_cycles_per_invocation"":5971,""gtpin_invocation_count"":256,""gtpin_total_execution_cycles"":1528764}",InvocationCount=256;TotalExecutionCycles=1528764;AvgExecutionCyclesPerInvocation=5971
n1_i3,3,1,3,performance,false,layers.*/input_layernorm,/model/layers.6/input_layernorm/Mul,RMS,RMS,rms:/model/layers.6/input_layernorm/Mul,rms:/model/layers.6/input_layernorm/Mul,rms,rms_gpu_bfyx_opt,492,rms_gpu_bfyx_opt_10690270683970839748_0_0__sa,rms_gpu_bfyx_opt_10690270683970839748_0_0__sa,1,1809,matched,aligned,true,true,true,exec_profile,gtpin_total_execution_cycles,1479508,5779,cycles,256,1479508,5779,0,0,,,0,0,0,"{""gtpin_avg_execution_cycles_per_invocation"":5779,""gtpin_invocation_count"":256,""gtpin_total_execution_cycles"":1479508}",InvocationCount=256;TotalExecutionCycles=1479508;AvgExecutionCyclesPerInvocation=5779
n1_i3,3,1,3,performance,false,layers.*/self_attn,/model/layers.7/self_attn/Where_3,Select,Select,select:/model/layers.7/self_attn/Where_3,select:/model/layers.7/self_attn/Where_3,select,select_gpu_ref,556,select_gpu_ref_5609897181611433017_0_0__sa,select_gpu_ref_5609897181611433017_0_0__sa,1,1846,matched,aligned,true,true,true,exec_profile,gtpin_total_execution_cycles,1479170,5778,cycles,256,1479170,5778,0,0,,,0,0,0,"{""gtpin_avg_execution_cycles_per_invocation"":5778,""gtpin_invocation_count"":256,""gtpin_total_execution_cycles"":1479170}",InvocationCount=256;TotalExecutionCycles=1479170;AvgExecutionCyclesPerInvocation=5778
n1_i3,3,1,3,performance,false,layers.*/self_attn,/model/layers.3/self_attn/Where_3,Select,Select,select:/model/layers.3/self_attn/Where_3,select:/model/layers.3/self_attn/Where_3,select,select_gpu_ref,412,select_gpu_ref_5609897181611433017_0_0__sa,select_gpu_ref_5609897181611433017_0_0__sa,1,1758,matched,aligned,true,true,true,exec_profile,gtpin_total_execution_cycles,1431542,5591,cycles,256,1431542,5591,0,0,,,0,0,0,"{""gtpin_avg_execution_cycles_per_invocation"":5591,""gtpin_invocation_count"":256,""gtpin_total_execution_cycles"":1431542}",InvocationCount=256;TotalExecutionCycles=1431542;AvgExecutionCyclesPerInvocation=5591
n1_i3,3,1,3,performance,false,layers.*/self_attn,/model/layers.5/self_attn/Where_3,Select,Select,select:/model/layers.5/self_attn/Where_3,select:/model/layers.5/self_attn/Where_3,select,select_gpu_ref,484,select_gpu_ref_5609897181611433017_0_0__sa,select_gpu_ref_5609897181611433017_0_0__sa,1,1802,matched,aligned,true,true,true,exec_profile,gtpin_total_execution_cycles,1431350,5591,cycles,256,1431350,5591,0,0,,,0,0,0,"{""gtpin_avg_execution_cycles_per_invocation"":5591,""gtpin_invocation_count"":256,""gtpin_total_execution_cycles"":1431350}",InvocationCount=256;TotalExecutionCycles=1431350;AvgExecutionCyclesPerInvocation=5591
n1_i3,3,1,3,performance,false,layers.*/self_attn,/model/layers.21/self_attn/Where_3,Select,Select,select:/model/layers.21/self_attn/Where_3,select:/model/layers.21/self_attn/Where_3,select,select_gpu_ref,1060,select_gpu_ref_5609897181611433017_0_0__sa,select_gpu_ref_5609897181611433017_0_0__sa,1,2154,matched,aligned,true,true,true,exec_profile,gtpin_total_execution_cycles,1426344,5571,cycles,256,1426344,5571,0,0,,,0,0,0,"{""gtpin_avg_execution_cycles_per_invocation"":5571,""gtpin_invocation_count"":256,""gtpin_total_execution_cycles"":1426344}",InvocationCount=256;TotalExecutionCycles=1426344;AvgExecutionCyclesPerInvocation=5571
n1_i3,3,1,3,performance,false,layers.*/self_attn,/model/layers.18/self_attn/Where_3,Select,Select,select:/model/layers.18/self_attn/Where_3,select:/model/layers.18/self_attn/Where_3,select,select_gpu_ref,952,select_gpu_ref_5609897181611433017_0_0__sa,select_gpu_ref_5609897181611433017_0_0__sa,1,2088,matched,aligned,true,true,true,exec_profile,gtpin_total_execution_cycles,1418020,5539,cycles,256,1418020,5539,0,0,,,0,0,0,"{""gtpin_avg_execution_cycles_per_invocation"":5539,""gtpin_invocation_count"":256,""gtpin_total_execution_cycles"":1418020}",InvocationCount=256;TotalExecutionCycles=1418020;AvgExecutionCyclesPerInvocation=5539
n1_i3,3,1,3,performance,false,layers.*/self_attn,/model/layers.1/self_attn/Where_3,Select,Select,select:/model/layers.1/self_attn/Where_3,select:/model/layers.1/self_attn/Where_3,select,select_gpu_ref,340,select_gpu_ref_5609897181611433017_0_0__sa,select_gpu_ref_5609897181611433017_0_0__sa,1,1714,matched,aligned,true,true,true,exec_profile,gtpin_total_execution_cycles,1414968,5527,cycles,256,1414968,5527,0,0,,,0,0,0,"{""gtpin_avg_execution_cycles_per_invocation"":5527,""gtpin_invocation_count"":256,""gtpin_total_execution_cycles"":1414968}",InvocationCount=256;TotalExecutionCycles=1414968;AvgExecutionCyclesPerInvocation=5527
n1_i3,3,1,3,performance,false,layers.*/self_attn,/model/layers.10/self_attn/Where_3,Select,Select,select:/model/layers.10/self_attn/Where_3,select:/model/layers.10/self_attn/Where_3,select,select_gpu_ref,664,select_gpu_ref_5609897181611433017_0_0__sa,select_gpu_ref_5609897181611433017_0_0__sa,1,1912,matched,aligned,true,true,true,exec_profile,gtpin_total_execution_cycles,1411008,5511,cycles,256,1411008,5511,0,0,,,0,0,0,"{""gtpin_avg_execution_cycles_per_invocation"":5511,""gtpin_invocation_count"":256,""gtpin_total_execution_cycles"":1411008}",InvocationCount=256;TotalExecutionCycles=1411008;AvgExecutionCyclesPerInvocation=5511
n1_i3,3,1,3,performance,false,layers.*/self_attn,/model/layers.16/self_attn/Where_3,Select,Select,select:/model/layers.16/self_attn/Where_3,select:/model/layers.16/self_attn/Where_3,select,select_gpu_ref,880,select_gpu_ref_5609897181611433017_0_0__sa,select_gpu_ref_5609897181611433017_0_0__sa,1,2044,matched,aligned,true,true,true,exec_profile,gtpin_total_execution_cycles,1408752,5502,cycles,256,1408752,5502,0,0,,,0,0,0,"{""gtpin_avg_execution_cycles_per_invocation"":5502,""gtpin_invocation_count"":256,""gtpin_total_execution_cycles"":1408752}",InvocationCount=256;TotalExecutionCycles=1408752;AvgExecutionCyclesPerInvocation=5502
n1_i3,3,1,3,performance,false,layers.*/self_attn,/model/layers.11/self_attn/Where_3,Select,Select,select:/model/layers.11/self_attn/Where_3,select:/model/layers.11/self_attn/Where_3,select,select_gpu_ref,700,select_gpu_ref_5609897181611433017_0_0__sa,select_gpu_ref_5609897181611433017_0_0__sa,1,1934,matched,aligned,true,true,true,exec_profile,gtpin_total_execution_cycles,1408318,5501,cycles,256,1408318,5501,0,0,,,0,0,0,"{""gtpin_avg_execution_cycles_per_invocation"":5501,""gtpin_invocation_count"":256,""gtpin_total_execution_cycles"":1408318}",InvocationCount=256;TotalExecutionCycles=1408318;AvgExecutionCyclesPerInvocation=5501
n1_i3,3,1,3,performance,false,layers.*/self_attn,/model/layers.19/self_attn/Where_3,Select,Select,select:/model/layers.19/self_attn/Where_3,select:/model/layers.19/self_attn/Where_3,select,select_gpu_ref,988,select_gpu_ref_5609897181611433017_0_0__sa,select_gpu_ref_5609897181611433017_0_0__sa,1,2110,matched,aligned,true,true,true,exec_profile,gtpin_total_execution_cycles,1385804,5413,cycles,256,1385804,5413,0,0,,,0,0,0,"{""gtpin_avg_execution_cycles_per_invocation"":5413,""gtpin_invocation_count"":256,""gtpin_total_execution_cycles"":1385804}",InvocationCount=256;TotalExecutionCycles=1385804;AvgExecutionCyclesPerInvocation=5413
n1_i3,3,1,3,performance,false,layers.*/self_attn,/model/layers.20/self_attn/Where_3,Select,Select,select:/model/layers.20/self_attn/Where_3,select:/model/layers.20/self_attn/Where_3,select,select_gpu_ref,1024,select_gpu_ref_5609897181611433017_0_0__sa,select_gpu_ref_5609897181611433017_0_0__sa,1,2132,matched,aligned,true,true,true,exec_profile,gtpin_total_execution_cycles,1370208,5352,cycles,256,1370208,5352,0,0,,,0,0,0,"{""gtpin_avg_execution_cycles_per_invocation"":5352,""gtpin_invocation_count"":256,""gtpin_total_execution_cycles"":1370208}",InvocationCount=256;TotalExecutionCycles=1370208;AvgExecutionCyclesPerInvocation=5352
n1_i3,3,1,3,performance,false,layers.*/self_attn,/model/layers.4/self_attn/Where_3,Select,Select,select:/model/layers.4/self_attn/Where_3,select:/model/layers.4/self_attn/Where_3,select,select_gpu_ref,448,select_gpu_ref_5609897181611433017_0_0__sa,select_gpu_ref_5609897181611433017_0_0__sa,1,1780,matched,aligned,true,true,true,exec_profile,gtpin_total_execution_cycles,1368540,5345,cycles,256,1368540,5345,0,0,,,0,0,0,"{""gtpin_avg_execution_cycles_per_invocation"":5345,""gtpin_invocation_count"":256,""gtpin_total_execution_cycles"":1368540}",InvocationCount=256;TotalExecutionCycles=1368540;AvgExecutionCyclesPerInvocation=5345
n1_i3,3,1,3,performance,false,layers.*/self_attn,/model/layers.15/self_attn/Where_3,Select,Select,select:/model/layers.15/self_attn/Where_3,select:/model/layers.15/self_attn/Where_3,select,select_gpu_ref,844,select_gpu_ref_5609897181611433017_0_0__sa,select_gpu_ref_5609897181611433017_0_0__sa,1,2022,matched,aligned,true,true,true,exec_profile,gtpin_total_execution_cycles,1354756,5292,cycles,256,1354756,5292,0,0,,,0,0,0,"{""gtpin_avg_execution_cycles_per_invocation"":5292,""gtpin_invocation_count"":256,""gtpin_total_execution_cycles"":1354756}",InvocationCount=256;TotalExecutionCycles=1354756;AvgExecutionCyclesPerInvocation=5292
n1_i3,3,1,3,performance,false,layers.*/self_attn,/model/layers.9/self_attn/Where_3,Select,Select,select:/model/layers.9/self_attn/Where_3,select:/model/layers.9/self_attn/Where_3,select,select_gpu_ref,628,select_gpu_ref_5609897181611433017_0_0__sa,select_gpu_ref_5609897181611433017_0_0__sa,1,1890,matched,aligned,true,true,true,exec_profile,gtpin_total_execution_cycles,1354560,5291,cycles,256,1354560,5291,0,0,,,0,0,0,"{""gtpin_avg_execution_cycles_per_invocation"":5291,""gtpin_invocation_count"":256,""gtpin_total_execution_cycles"":1354560}",InvocationCount=256;TotalExecutionCycles=1354560;AvgExecutionCyclesPerInvocation=5291
n1_i3,3,1,3,performance,false,layers.*/self_attn,/model/layers.14/self_attn/Where_3,Select,Select,select:/model/layers.14/self_attn/Where_3,select:/model/layers.14/self_attn/Where_3,select,select_gpu_ref,808,select_gpu_ref_5609897181611433017_0_0__sa,select_gpu_ref_5609897181611433017_0_0__sa,1,2000,matched,aligned,true,true,true,exec_profile,gtpin_total_execution_cycles,1354258,5290,cycles,256,1354258,5290,0,0,,,0,0,0,"{""gtpin_avg_execution_cycles_per_invocation"":5290,""gtpin_invocation_count"":256,""gtpin_total_execution_cycles"":1354258}",InvocationCount=256;TotalExecutionCycles=1354258;AvgExecutionCyclesPerInvocation=5290
n1_i3,3,1,3,performance,false,layers.*/self_attn,/model/layers.17/self_attn/Where_3,Select,Select,select:/model/layers.17/self_attn/Where_3,select:/model/layers.17/self_attn/Where_3,select,select_gpu_ref,916,select_gpu_ref_5609897181611433017_0_0__sa,select_gpu_ref_5609897181611433017_0_0__sa,1,2066,matched,aligned,true,true,true,exec_profile,gtpin_total_execution_cycles,1344068,5250,cycles,256,1344068,5250,0,0,,,0,0,0,"{""gtpin_avg_execution_cycles_per_invocation"":5250,""gtpin_invocation_count"":256,""gtpin_total_execution_cycles"":1344068}",InvocationCount=256;TotalExecutionCycles=1344068;AvgExecutionCyclesPerInvocation=5250
n1_i3,3,1,3,performance,false,layers.*/self_attn,/model/layers.6/self_attn/Where_3,Select,Select,select:/model/layers.6/self_attn/Where_3,select:/model/layers.6/self_attn/Where_3,select,select_gpu_ref,520,select_gpu_ref_5609897181611433017_0_0__sa,select_gpu_ref_5609897181611433017_0_0__sa,1,1824,matched,aligned,true,true,true,exec_profile,gtpin_total_execution_cycles,1336168,5219,cycles,256,1336168,5219,0,0,,,0,0,0,"{""gtpin_avg_execution_cycles_per_invocation"":5219,""gtpin_invocation_count"":256,""gtpin_total_execution_cycles"":1336168}",InvocationCount=256;TotalExecutionCycles=1336168;AvgExecutionCyclesPerInvocation=5219
n1_i3,3,1,3,performance,false,layers.*/self_attn,/model/layers.16/self_attn/IsNaN,IsNaN,IsNaN,isnan:/model/layers.16/self_attn/IsNaN,isnan:/model/layers.16/self_attn/IsNaN,eltwise,generic_eltwise_ref,879,generic_eltwise_ref_1696504087421334661_0_0__sa,generic_eltwise_ref_1696504087421334661_0_0__sa,1,2043,matched,aligned,true,true,true,exec_profile,gtpin_total_execution_cycles,1318600,5150,cycles,256,1318600,5150,0,0,,,0,0,0,"{""gtpin_avg_execution_cycles_per_invocation"":5150,""gtpin_invocation_count"":256,""gtpin_total_execution_cycles"":1318600}",InvocationCount=256;TotalExecutionCycles=1318600;AvgExecutionCyclesPerInvocation=5150
n1_i3,3,1,3,performance,false,layers.*/self_attn,/model/layers.20/self_attn/IsNaN,IsNaN,IsNaN,isnan:/model/layers.20/self_attn/IsNaN,isnan:/model/layers.20/self_attn/IsNaN,eltwise,generic_eltwise_ref,1023,generic_eltwise_ref_1696504087421334661_0_0__sa,generic_eltwise_ref_1696504087421334661_0_0__sa,1,2131,matched,aligned,true,true,true,exec_profile,gtpin_total_execution_cycles,1309658,5115,cycles,256,1309658,5115,0,0,,,0,0,0,"{""gtpin_avg_execution_cycles_per_invocation"":5115,""gtpin_invocation_count"":256,""gtpin_total_execution_cycles"":1309658}",InvocationCount=256;TotalExecutionCycles=1309658;AvgExecutionCyclesPerInvocation=5115
n1_i3,3,1,3,performance,false,layers.*/self_attn,/model/layers.10/self_attn/IsNaN,IsNaN,IsNaN,isnan:/model/layers.10/self_attn/IsNaN,isnan:/model/layers.10/self_attn/IsNaN,eltwise,generic_eltwise_ref,663,generic_eltwise_ref_1696504087421334661_0_0__sa,generic_eltwise_ref_1696504087421334661_0_0__sa,1,1911,matched,aligned,true,true,true,exec_profile,gtpin_total_execution_cycles,1291674,5045,cycles,256,1291674,5045,0,0,,,0,0,0,"{""gtpin_avg_execution_cycles_per_invocation"":5045,""gtpin_invocation_count"":256,""gtpin_total_execution_cycles"":1291674}",InvocationCount=256;TotalExecutionCycles=1291674;AvgExecutionCyclesPerInvocation=5045
n1_i3,3,1,3,performance,false,layers.*/self_attn,/model/layers.3/self_attn/IsNaN,IsNaN,IsNaN,isnan:/model/layers.3/self_attn/IsNaN,isnan:/model/layers.3/self_attn/IsNaN,eltwise,generic_eltwise_ref,411,generic_eltwise_ref_1696504087421334661_0_0__sa,generic_eltwise_ref_1696504087421334661_0_0__sa,1,1757,matched,aligned,true,true,true,exec_profile,gtpin_total_execution_cycles,1269950,4960,cycles,256,1269950,4960,0,0,,,0,0,0,"{""gtpin_avg_execution_cycles_per_invocation"":4960,""gtpin_invocation_count"":256,""gtpin_total_execution_cycles"":1269950}",InvocationCount=256;TotalExecutionCycles=1269950;AvgExecutionCyclesPerInvocation=4960
n1_i3,3,1,3,performance,false,layers.*/self_attn,/model/layers.14/self_attn/IsNaN,IsNaN,IsNaN,isnan:/model/layers.14/self_attn/IsNaN,isnan:/model/layers.14/self_attn/IsNaN,eltwise,generic_eltwise_ref,807,generic_eltwise_ref_1696504087421334661_0_0__sa,generic_eltwise_ref_1696504087421334661_0_0__sa,1,1999,matched,aligned,true,true,true,exec_profile,gtpin_total_execution_cycles,1261216,4926,cycles,256,1261216,4926,0,0,,,0,0,0,"{""gtpin_avg_execution_cycles_per_invocation"":4926,""gtpin_invocation_count"":256,""gtpin_total_execution_cycles"":1261216}",InvocationCount=256;TotalExecutionCycles=1261216;AvgExecutionCyclesPerInvocation=4926
n1_i3,3,1,3,performance,false,layers.*/self_attn,/model/layers.13/self_attn/IsNaN,IsNaN,IsNaN,isnan:/model/layers.13/self_attn/IsNaN,isnan:/model/layers.13/self_attn/IsNaN,eltwise,generic_eltwise_ref,771,generic_eltwise_ref_1696504087421334661_0_0__sa,generic_eltwise_ref_1696504087421334661_0_0__sa,1,1977,matched,aligned,true,true,true,exec_profile,gtpin_total_execution_cycles,1254970,4902,cycles,256,1254970,4902,0,0,,,0,0,0,"{""gtpin_avg_execution_cycles_per_invocation"":4902,""gtpin_invocation_count"":256,""gtpin_total_execution_cycles"":1254970}",InvocationCount=256;TotalExecutionCycles=1254970;AvgExecutionCyclesPerInvocation=4902
n1_i3,3,1,3,performance,false,layers.*/self_attn,/model/layers.12/self_attn/IsNaN,IsNaN,IsNaN,isnan:/model/layers.12/self_attn/IsNaN,isnan:/model/layers.12/self_attn/IsNaN,eltwise,generic_eltwise_ref,735,generic_eltwise_ref_1696504087421334661_0_0__sa,generic_eltwise_ref_1696504087421334661_0_0__sa,1,1955,matched,aligned,true,true,true,exec_profile,gtpin_total_execution_cycles,1232814,4815,cycles,256,1232814,4815,0,0,,,0,0,0,"{""gtpin_avg_execution_cycles_per_invocation"":4815,""gtpin_invocation_count"":256,""gtpin_total_execution_cycles"":1232814}",InvocationCount=256;TotalExecutionCycles=1232814;AvgExecutionCyclesPerInvocation=4815
n1_i3,3,1,3,performance,false,layers.*/self_attn,/model/layers.11/self_attn/IsNaN,IsNaN,IsNaN,isnan:/model/layers.11/self_attn/IsNaN,isnan:/model/layers.11/self_attn/IsNaN,eltwise,generic_eltwise_ref,699,generic_eltwise_ref_1696504087421334661_0_0__sa,generic_eltwise_ref_1696504087421334661_0_0__sa,1,1933,matched,aligned,true,true,true,exec_profile,gtpin_total_execution_cycles,1229454,4802,cycles,256,1229454,4802,0,0,,,0,0,0,"{""gtpin_avg_execution_cycles_per_invocation"":4802,""gtpin_invocation_count"":256,""gtpin_total_execution_cycles"":1229454}",InvocationCount=256;TotalExecutionCycles=1229454;AvgExecutionCyclesPerInvocation=4802
n1_i3,3,1,3,performance,false,layers.*/self_attn,/model/layers.17/self_attn/IsNaN,IsNaN,IsNaN,isnan:/model/layers.17/self_attn/IsNaN,isnan:/model/layers.17/self_attn/IsNaN,eltwise,generic_eltwise_ref,915,generic_eltwise_ref_1696504087421334661_0_0__sa,generic_eltwise_ref_1696504087421334661_0_0__sa,1,2065,matched,aligned,true,true,true,exec_profile,gtpin_total_execution_cycles,1225006,4785,cycles,256,1225006,4785,0,0,,,0,0,0,"{""gtpin_avg_execution_cycles_per_invocation"":4785,""gtpin_invocation_count"":256,""gtpin_total_execution_cycles"":1225006}",InvocationCount=256;TotalExecutionCycles=1225006;AvgExecutionCyclesPerInvocation=4785
n1_i3,3,1,3,performance,false,layers.*/self_attn,/model/layers.1/self_attn/IsNaN,IsNaN,IsNaN,isnan:/model/layers.1/self_attn/IsNaN,isnan:/model/layers.1/self_attn/IsNaN,eltwise,generic_eltwise_ref,339,generic_eltwise_ref_1696504087421334661_0_0__sa,generic_eltwise_ref_1696504087421334661_0_0__sa,1,1713,matched,aligned,true,true,true,exec_profile,gtpin_total_execution_cycles,1222908,4776,cycles,256,1222908,4776,0,0,,,0,0,0,"{""gtpin_avg_execution_cycles_per_invocation"":4776,""gtpin_invocation_count"":256,""gtpin_total_execution_cycles"":1222908}",InvocationCount=256;TotalExecutionCycles=1222908;AvgExecutionCyclesPerInvocation=4776
n1_i3,3,1,3,performance,false,layers.*/self_attn,/model/layers.8/self_attn/IsNaN,IsNaN,IsNaN,isnan:/model/layers.8/self_attn/IsNaN,isnan:/model/layers.8/self_attn/IsNaN,eltwise,generic_eltwise_ref,591,generic_eltwise_ref_1696504087421334661_0_0__sa,generic_eltwise_ref_1696504087421334661_0_0__sa,1,1867,matched,aligned,true,true,true,exec_profile,gtpin_total_execution_cycles,1219724,4764,cycles,256,1219724,4764,0,0,,,0,0,0,"{""gtpin_avg_execution_cycles_per_invocation"":4764,""gtpin_invocation_count"":256,""gtpin_total_execution_cycles"":1219724}",InvocationCount=256;TotalExecutionCycles=1219724;AvgExecutionCyclesPerInvocation=4764
n1_i3,3,1,3,performance,false,layers.*/self_attn,/model/layers.19/self_attn/IsNaN,IsNaN,IsNaN,isnan:/model/layers.19/self_attn/IsNaN,isnan:/model/layers.19/self_attn/IsNaN,eltwise,generic_eltwise_ref,987,generic_eltwise_ref_1696504087421334661_0_0__sa,generic_eltwise_ref_1696504087421334661_0_0__sa,1,2109,matched,aligned,true,true,true,exec_profile,gtpin_total_execution_cycles,1212652,4736,cycles,256,1212652,4736,0,0,,,0,0,0,"{""gtpin_avg_execution_cycles_per_invocation"":4736,""gtpin_invocation_count"":256,""gtpin_total_execution_cycles"":1212652}",InvocationCount=256;TotalExecutionCycles=1212652;AvgExecutionCyclesPerInvocation=4736
n1_i3,3,1,3,performance,false,layers.*/self_attn,/model/layers.15/self_attn/IsNaN,IsNaN,IsNaN,isnan:/model/layers.15/self_attn/IsNaN,isnan:/model/layers.15/self_attn/IsNaN,eltwise,generic_eltwise_ref,843,generic_eltwise_ref_1696504087421334661_0_0__sa,generic_eltwise_ref_1696504087421334661_0_0__sa,1,2021,matched,aligned,true,true,true,exec_profile,gtpin_total_execution_cycles,1208622,4721,cycles,256,1208622,4721,0,0,,,0,0,0,"{""gtpin_avg_execution_cycles_per_invocation"":4721,""gtpin_invocation_count"":256,""gtpin_total_execution_cycles"":1208622}",InvocationCount=256;TotalExecutionCycles=1208622;AvgExecutionCyclesPerInvocation=4721
n1_i3,3,1,3,performance,false,layers.*/self_attn,/model/layers.5/self_attn/IsNaN,IsNaN,IsNaN,isnan:/model/layers.5/self_attn/IsNaN,isnan:/model/layers.5/self_attn/IsNaN,eltwise,generic_eltwise_ref,483,generic_eltwise_ref_1696504087421334661_0_0__sa,generic_eltwise_ref_1696504087421334661_0_0__sa,1,1801,matched,aligned,true,true,true,exec_profile,gtpin_total_execution_cycles,1195662,4670,cycles,256,1195662,4670,0,0,,,0,0,0,"{""gtpin_avg_execution_cycles_per_invocation"":4670,""gtpin_invocation_count"":256,""gtpin_total_execution_cycles"":1195662}",InvocationCount=256;TotalExecutionCycles=1195662;AvgExecutionCyclesPerInvocation=4670
n1_i3,3,1,3,performance,false,layers.*/self_attn,/model/layers.2/self_attn/IsNaN,IsNaN,IsNaN,isnan:/model/layers.2/self_attn/IsNaN,isnan:/model/layers.2/self_attn/IsNaN,eltwise,generic_eltwise_ref,375,generic_eltwise_ref_1696504087421334661_0_0__sa,generic_eltwise_ref_1696504087421334661_0_0__sa,1,1735,matched,aligned,true,true,true,exec_profile,gtpin_total_execution_cycles,1195460,4669,cycles,256,1195460,4669,0,0,,,0,0,0,"{""gtpin_avg_execution_cycles_per_invocation"":4669,""gtpin_invocation_count"":256,""gtpin_total_execution_cycles"":1195460}",InvocationCount=256;TotalExecutionCycles=1195460;AvgExecutionCyclesPerInvocation=4669
n1_i3,3,1,3,performance,false,layers.*/self_attn,/model/layers.4/self_attn/IsNaN,IsNaN,IsNaN,isnan:/model/layers.4/self_attn/IsNaN,isnan:/model/layers.4/self_attn/IsNaN,eltwise,generic_eltwise_ref,447,generic_eltwise_ref_1696504087421334661_0_0__sa,generic_eltwise_ref_1696504087421334661_0_0__sa,1,1779,matched,aligned,true,true,true,exec_profile,gtpin_total_execution_cycles,1193782,4663,cycles,256,1193782,4663,0,0,,,0,0,0,"{""gtpin_avg_execution_cycles_per_invocation"":4663,""gtpin_invocation_count"":256,""gtpin_total_execution_cycles"":1193782}",InvocationCount=256;TotalExecutionCycles=1193782;AvgExecutionCyclesPerInvocation=4663
n1_i3,3,1,3,performance,false,layers.*/self_attn,/model/layers.18/self_attn/IsNaN,IsNaN,IsNaN,isnan:/model/layers.18/self_attn/IsNaN,isnan:/model/layers.18/self_attn/IsNaN,eltwise,generic_eltwise_ref,951,generic_eltwise_ref_1696504087421334661_0_0__sa,generic_eltwise_ref_1696504087421334661_0_0__sa,1,2087,matched,aligned,true,true,true,exec_profile,gtpin_total_execution_cycles,1188946,4644,cycles,256,1188946,4644,0,0,,,0,0,0,"{""gtpin_avg_execution_cycles_per_invocation"":4644,""gtpin_invocation_count"":256,""gtpin_total_execution_cycles"":1188946}",InvocationCount=256;TotalExecutionCycles=1188946;AvgExecutionCyclesPerInvocation=4644
n1_i3,3,1,3,performance,false,layers.*/self_attn,/model/layers.6/self_attn/IsNaN,IsNaN,IsNaN,isnan:/model/layers.6/self_attn/IsNaN,isnan:/model/layers.6/self_attn/IsNaN,eltwise,generic_eltwise_ref,519,generic_eltwise_ref_1696504087421334661_0_0__sa,generic_eltwise_ref_1696504087421334661_0_0__sa,1,1823,matched,aligned,true,true,true,exec_profile,gtpin_total_execution_cycles,1163962,4546,cycles,256,1163962,4546,0,0,,,0,0,0,"{""gtpin_avg_execution_cycles_per_invocation"":4546,""gtpin_invocation_count"":256,""gtpin_total_execution_cycles"":1163962}",InvocationCount=256;TotalExecutionCycles=1163962;AvgExecutionCyclesPerInvocation=4546
n1_i3,3,1,3,performance,false,layers.*/self_attn,/model/layers.21/self_attn/IsNaN,IsNaN,IsNaN,isnan:/model/layers.21/self_attn/IsNaN,isnan:/model/layers.21/self_attn/IsNaN,eltwise,generic_eltwise_ref,1059,generic_eltwise_ref_1696504087421334661_0_0__sa,generic_eltwise_ref_1696504087421334661_0_0__sa,1,2153,matched,aligned,true,true,true,exec_profile,gtpin_total_execution_cycles,1143100,4465,cycles,256,1143100,4465,0,0,,,0,0,0,"{""gtpin_avg_execution_cycles_per_invocation"":4465,""gtpin_invocation_count"":256,""gtpin_total_execution_cycles"":1143100}",InvocationCount=256;TotalExecutionCycles=1143100;AvgExecutionCyclesPerInvocation=4465
n1_i3,3,1,3,performance,false,layers.*/self_attn,/model/layers.7/self_attn/IsNaN,IsNaN,IsNaN,isnan:/model/layers.7/self_attn/IsNaN,isnan:/model/layers.7/self_attn/IsNaN,eltwise,generic_eltwise_ref,555,generic_eltwise_ref_1696504087421334661_0_0__sa,generic_eltwise_ref_1696504087421334661_0_0__sa,1,1845,matched,aligned,true,true,true,exec_profile,gtpin_total_execution_cycles,1131424,4419,cycles,256,1131424,4419,0,0,,,0,0,0,"{""gtpin_avg_execution_cycles_per_invocation"":4419,""gtpin_invocation_count"":256,""gtpin_total_execution_cycles"":1131424}",InvocationCount=256;TotalExecutionCycles=1131424;AvgExecutionCyclesPerInvocation=4419
n1_i3,3,1,3,performance,false,layers.*/self_attn,/model/layers.0/self_attn/Add,RoPE,RoPE,rope:/model/layers.0/self_attn/Add,rope:/model/layers.0/self_attn/Add,rope,ocl::rope::opt_,286,rope_opt__13889706310558783765__sa,rope_opt__13889706310558783765__sa,1,1683,matched,aligned,true,true,true,exec_profile,gtpin_total_execution_cycles,1095208,17112,cycles,64,1095208,17112,0,0,,,0,0,0,"{""gtpin_avg_execution_cycles_per_invocation"":17112,""gtpin_invocation_count"":64,""gtpin_total_execution_cycles"":1095208}",InvocationCount=64;TotalExecutionCycles=1095208;AvgExecutionCyclesPerInvocation=17112
n1_i3,3,1,3,performance,false,layers.*/self_attn,/model/layers.0/self_attn/IsNaN,IsNaN,IsNaN,isnan:/model/layers.0/self_attn/IsNaN,isnan:/model/layers.0/self_attn/IsNaN,eltwise,generic_eltwise_ref,303,generic_eltwise_ref_1696504087421334661_0_0__sa,generic_eltwise_ref_1696504087421334661_0_0__sa,1,1691,matched,aligned,true,true,true,exec_profile,gtpin_total_execution_cycles,1086742,4245,cycles,256,1086742,4245,0,0,,,0,0,0,"{""gtpin_avg_execution_cycles_per_invocation"":4245,""gtpin_invocation_count"":256,""gtpin_total_execution_cycles"":1086742}",InvocationCount=256;TotalExecutionCycles=1086742;AvgExecutionCyclesPerInvocation=4245
n1_i3,3,1,3,performance,false,layers.*/self_attn,/model/layers.15/self_attn/Add,RoPE,RoPE,rope:/model/layers.15/self_attn/Add,rope:/model/layers.15/self_attn/Add,rope,ocl::rope::opt_,824,rope_opt__13889706310558783765__sa,rope_opt__13889706310558783765__sa,1,2012,matched,aligned,true,true,true,exec_profile,gtpin_total_execution_cycles,984858,15388,cycles,64,984858,15388,0,0,,,0,0,0,"{""gtpin_avg_execution_cycles_per_invocation"":15388,""gtpin_invocation_count"":64,""gtpin_total_execution_cycles"":984858}",InvocationCount=64;TotalExecutionCycles=984858;AvgExecutionCyclesPerInvocation=15388
n1_i3,3,1,3,performance,false,layers.*/self_attn,/model/layers.2/self_attn/Add,RoPE,RoPE,rope:/model/layers.2/self_attn/Add,rope:/model/layers.2/self_attn/Add,rope,ocl::rope::opt_,356,rope_opt__13889706310558783765__sa,rope_opt__13889706310558783765__sa,1,1726,matched,aligned,true,true,true,exec_profile,gtpin_total_execution_cycles,981820,15340,cycles,64,981820,15340,0,0,,,0,0,0,"{""gtpin_avg_execution_cycles_per_invocation"":15340,""gtpin_invocation_count"":64,""gtpin_total_execution_cycles"":981820}",InvocationCount=64;TotalExecutionCycles=981820;AvgExecutionCyclesPerInvocation=15340
n1_i3,3,1,3,performance,false,layers.*/self_attn,/model/layers.10/self_attn/Add,RoPE,RoPE,rope:/model/layers.10/self_attn/Add,rope:/model/layers.10/self_attn/Add,rope,ocl::rope::opt_,644,rope_opt__13889706310558783765__sa,rope_opt__13889706310558783765__sa,1,1902,matched,aligned,true,true,true,exec_profile,gtpin_total_execution_cycles,929768,14527,cycles,64,929768,14527,0,0,,,0,0,0,"{""gtpin_avg_execution_cycles_per_invocation"":14527,""gtpin_invocation_count"":64,""gtpin_total_execution_cycles"":929768}",InvocationCount=64;TotalExecutionCycles=929768;AvgExecutionCyclesPerInvocation=14527
n1_i3,3,1,3,performance,false,layers.*/self_attn,/model/layers.20/self_attn/Add,RoPE,RoPE,rope:/model/layers.20/self_attn/Add,rope:/model/layers.20/self_attn/Add,rope,ocl::rope::opt_,1004,rope_opt__13889706310558783765__sa,rope_opt__13889706310558783765__sa,1,2122,matched,aligned,true,true,true,exec_profile,gtpin_total_execution_cycles,912946,14264,cycles,64,912946,14264,0,0,,,0,0,0,"{""gtpin_avg_execution_cycles_per_invocation"":14264,""gtpin_invocation_count"":64,""gtpin_total_execution_cycles"":912946}",InvocationCount=64;TotalExecutionCycles=912946;AvgExecutionCyclesPerInvocation=14264
n1_i3,3,1,3,performance,false,layers.*/self_attn,/model/layers.5/self_attn/Add,RoPE,RoPE,rope:/model/layers.5/self_attn/Add,rope:/model/layers.5/self_attn/Add,rope,ocl::rope::opt_,464,rope_opt__13889706310558783765__sa,rope_opt__13889706310558783765__sa,1,1792,matched,aligned,true,true,true,exec_profile,gtpin_total_execution_cycles,912134,14252,cycles,64,912134,14252,0,0,,,0,0,0,"{""gtpin_avg_execution_cycles_per_invocation"":14252,""gtpin_invocation_count"":64,""gtpin_total_execution_cycles"":912134}",InvocationCount=64;TotalExecutionCycles=912134;AvgExecutionCyclesPerInvocation=14252
n1_i3,3,1,3,performance,false,layers.*/self_attn,/model/layers.21/self_attn/Add,RoPE,RoPE,rope:/model/layers.21/self_attn/Add,rope:/model/layers.21/self_attn/Add,rope,ocl::rope::opt_,1040,rope_opt__13889706310558783765__sa,rope_opt__13889706310558783765__sa,1,2144,matched,aligned,true,true,true,exec_profile,gtpin_total_execution_cycles,908948,14202,cycles,64,908948,14202,0,0,,,0,0,0,"{""gtpin_avg_execution_cycles_per_invocation"":14202,""gtpin_invocation_count"":64,""gtpin_total_execution_cycles"":908948}",InvocationCount=64;TotalExecutionCycles=908948;AvgExecutionCyclesPerInvocation=14202
n1_i3,3,1,3,performance,false,layers.*/self_attn,/model/layers.9/self_attn/Add,RoPE,RoPE,rope:/model/layers.9/self_attn/Add,rope:/model/layers.9/self_attn/Add,rope,ocl::rope::opt_,608,rope_opt__13889706310558783765__sa,rope_opt__13889706310558783765__sa,1,1880,matched,aligned,true,true,true,exec_profile,gtpin_total_execution_cycles,897898,14029,cycles,64,897898,14029,0,0,,,0,0,0,"{""gtpin_avg_execution_cycles_per_invocation"":14029,""gtpin_invocation_count"":64,""gtpin_total_execution_cycles"":897898}",InvocationCount=64;TotalExecutionCycles=897898;AvgExecutionCyclesPerInvocation=14029
n1_i3,3,1,3,performance,false,layers.*/self_attn,/model/layers.1/self_attn/Add,RoPE,RoPE,rope:/model/layers.1/self_attn/Add,rope:/model/layers.1/self_attn/Add,rope,ocl::rope::opt_,320,rope_opt__13889706310558783765__sa,rope_opt__13889706310558783765__sa,1,1704,matched,aligned,true,true,true,exec_profile,gtpin_total_execution_cycles,880374,13755,cycles,64,880374,13755,0,0,,,0,0,0,"{""gtpin_avg_execution_cycles_per_invocation"":13755,""gtpin_invocation_count"":64,""gtpin_total_execution_cycles"":880374}",InvocationCount=64;TotalExecutionCycles=880374;AvgExecutionCyclesPerInvocation=13755
n1_i3,3,1,3,performance,false,layers.*/self_attn,/model/layers.17/self_attn/Add,RoPE,RoPE,rope:/model/layers.17/self_attn/Add,rope:/model/layers.17/self_attn/Add,rope,ocl::rope::opt_,896,rope_opt__13889706310558783765__sa,rope_opt__13889706310558783765__sa,1,2056,matched,aligned,true,true,true,exec_profile,gtpin_total_execution_cycles,880032,13750,cycles,64,880032,13750,0,0,,,0,0,0,"{""gtpin_avg_execution_cycles_per_invocation"":13750,""gtpin_invocation_count"":64,""gtpin_total_execution_cycles"":880032}",InvocationCount=64;TotalExecutionCycles=880032;AvgExecutionCyclesPerInvocation=13750
n1_i3,3,1,3,performance,false,layers.*/self_attn,/model/layers.13/self_attn/Add,RoPE,RoPE,rope:/model/layers.13/self_attn/Add,rope:/model/layers.13/self_attn/Add,rope,ocl::rope::opt_,752,rope_opt__13889706310558783765__sa,rope_opt__13889706310558783765__sa,1,1968,matched,aligned,true,true,true,exec_profile,gtpin_total_execution_cycles,866802,13543,cycles,64,866802,13543,0,0,,,0,0,0,"{""gtpin_avg_execution_cycles_per_invocation"":13543,""gtpin_invocation_count"":64,""gtpin_total_execution_cycles"":866802}",InvocationCount=64;TotalExecutionCycles=866802;AvgExecutionCyclesPerInvocation=13543
n1_i3,3,1,3,performance,false,layers.*/self_attn,/model/layers.14/self_attn/Add,RoPE,RoPE,rope:/model/layers.14/self_attn/Add,rope:/model/layers.14/self_attn/Add,rope,ocl::rope::opt_,788,rope_opt__13889706310558783765__sa,rope_opt__13889706310558783765__sa,1,1990,matched,aligned,true,true,true,exec_profile,gtpin_total_execution_cycles,861336,13458,cycles,64,861336,13458,0,0,,,0,0,0,"{""gtpin_avg_execution_cycles_per_invocation"":13458,""gtpin_invocation_count"":64,""gtpin_total_execution_cycles"":861336}",InvocationCount=64;TotalExecutionCycles=861336;AvgExecutionCyclesPerInvocation=13458
n1_i3,3,1,3,performance,false,layers.*/self_attn,/model/layers.12/self_attn/Add,RoPE,RoPE,rope:/model/layers.12/self_attn/Add,rope:/model/layers.12/self_attn/Add,rope,ocl::rope::opt_,716,rope_opt__13889706310558783765__sa,rope_opt__13889706310558783765__sa,1,1946,matched,aligned,true,true,true,exec_profile,gtpin_total_execution_cycles,852580,13321,cycles,64,852580,13321,0,0,,,0,0,0,"{""gtpin_avg_execution_cycles_per_invocation"":13321,""gtpin_invocation_count"":64,""gtpin_total_execution_cycles"":852580}",InvocationCount=64;TotalExecutionCycles=852580;AvgExecutionCyclesPerInvocation=13321
n1_i3,3,1,3,performance,false,layers.*/self_attn,/model/layers.8/self_attn/Add,RoPE,RoPE,rope:/model/layers.8/self_attn/Add,rope:/model/layers.8/self_attn/Add,rope,ocl::rope::opt_,572,rope_opt__13889706310558783765__sa,rope_opt__13889706310558783765__sa,1,1858,matched,aligned,true,true,true,exec_profile,gtpin_total_execution_cycles,852258,13316,cycles,64,852258,13316,0,0,,,0,0,0,"{""gtpin_avg_execution_cycles_per_invocation"":13316,""gtpin_invocation_count"":64,""gtpin_total_execution_cycles"":852258}",InvocationCount=64;TotalExecutionCycles=852258;AvgExecutionCyclesPerInvocation=13316
n1_i3,3,1,3,performance,false,layers.*/self_attn,/model/layers.16/self_attn/Add,RoPE,RoPE,rope:/model/layers.16/self_attn/Add,rope:/model/layers.16/self_attn/Add,rope,ocl::rope::opt_,860,rope_opt__13889706310558783765__sa,rope_opt__13889706310558783765__sa,1,2034,matched,aligned,true,true,true,exec_profile,gtpin_total_execution_cycles,847130,13236,cycles,64,847130,13236,0,0,,,0,0,0,"{""gtpin_avg_execution_cycles_per_invocation"":13236,""gtpin_invocation_count"":64,""gtpin_total_execution_cycles"":847130}",InvocationCount=64;TotalExecutionCycles=847130;AvgExecutionCyclesPerInvocation=13236
n1_i3,3,1,3,performance,false,layers.*/self_attn,/model/layers.4/self_attn/Add,RoPE,RoPE,rope:/model/layers.4/self_attn/Add,rope:/model/layers.4/self_attn/Add,rope,ocl::rope::opt_,428,rope_opt__13889706310558783765__sa,rope_opt__13889706310558783765__sa,1,1770,matched,aligned,true,true,true,exec_profile,gtpin_total_execution_cycles,840190,13127,cycles,64,840190,13127,0,0,,,0,0,0,"{""gtpin_avg_execution_cycles_per_invocation"":13127,""gtpin_invocation_count"":64,""gtpin_total_execution_cycles"":840190}",InvocationCount=64;TotalExecutionCycles=840190;AvgExecutionCyclesPerInvocation=13127
n1_i3,3,1,3,performance,false,layers.*/self_attn,/model/layers.3/self_attn/Add,RoPE,RoPE,rope:/model/layers.3/self_attn/Add,rope:/model/layers.3/self_attn/Add,rope,ocl::rope::opt_,392,rope_opt__13889706310558783765__sa,rope_opt__13889706310558783765__sa,1,1748,matched,aligned,true,true,true,exec_profile,gtpin_total_execution_cycles,837426,13084,cycles,64,837426,13084,0,0,,,0,0,0,"{""gtpin_avg_execution_cycles_per_invocation"":13084,""gtpin_invocation_count"":64,""gtpin_total_execution_cycles"":837426}",InvocationCount=64;TotalExecutionCycles=837426;AvgExecutionCyclesPerInvocation=13084
n1_i3,3,1,3,performance,false,layers.*/self_attn,/model/layers.11/self_attn/Add,RoPE,RoPE,rope:/model/layers.11/self_attn/Add,rope:/model/layers.11/self_attn/Add,rope,ocl::rope::opt_,680,rope_opt__13889706310558783765__sa,rope_opt__13889706310558783765__sa,1,1924,matched,aligned,true,true,true,exec_profile,gtpin_total_execution_cycles,836588,13071,cycles,64,836588,13071,0,0,,,0,0,0,"{""gtpin_avg_execution_cycles_per_invocation"":13071,""gtpin_invocation_count"":64,""gtpin_total_execution_cycles"":836588}",InvocationCount=64;TotalExecutionCycles=836588;AvgExecutionCyclesPerInvocation=13071
n1_i3,3,1,3,performance,false,layers.*/self_attn,/model/layers.19/self_attn/Add,RoPE,RoPE,rope:/model/layers.19/self_attn/Add,rope:/model/layers.19/self_attn/Add,rope,ocl::rope::opt_,968,rope_opt__13889706310558783765__sa,rope_opt__13889706310558783765__sa,1,2100,matched,aligned,true,true,true,exec_profile,gtpin_total_execution_cycles,829444,12960,cycles,64,829444,12960,0,0,,,0,0,0,"{""gtpin_avg_execution_cycles_per_invocation"":12960,""gtpin_invocation_count"":64,""gtpin_total_execution_cycles"":829444}",InvocationCount=64;TotalExecutionCycles=829444;AvgExecutionCyclesPerInvocation=12960
n1_i3,3,1,3,performance,false,layers.*/self_attn,/model/layers.6/self_attn/Add,RoPE,RoPE,rope:/model/layers.6/self_attn/Add,rope:/model/layers.6/self_attn/Add,rope,ocl::rope::opt_,500,rope_opt__13889706310558783765__sa,rope_opt__13889706310558783765__sa,1,1814,matched,aligned,true,true,true,exec_profile,gtpin_total_execution_cycles,810616,12665,cycles,64,810616,12665,0,0,,,0,0,0,"{""gtpin_avg_execution_cycles_per_invocation"":12665,""gtpin_invocation_count"":64,""gtpin_total_execution_cycles"":810616}",InvocationCount=64;TotalExecutionCycles=810616;AvgExecutionCyclesPerInvocation=12665
n1_i3,3,1,3,performance,false,layers.*/self_attn,/model/layers.18/self_attn/Add,RoPE,RoPE,rope:/model/layers.18/self_attn/Add,rope:/model/layers.18/self_attn/Add,rope,ocl::rope::opt_,932,rope_opt__13889706310558783765__sa,rope_opt__13889706310558783765__sa,1,2078,matched,aligned,true,true,true,exec_profile,gtpin_total_execution_cycles,800896,12514,cycles,64,800896,12514,0,0,,,0,0,0,"{""gtpin_avg_execution_cycles_per_invocation"":12514,""gtpin_invocation_count"":64,""gtpin_total_execution_cycles"":800896}",InvocationCount=64;TotalExecutionCycles=800896;AvgExecutionCyclesPerInvocation=12514
n1_i3,3,1,3,performance,false,layers.*/self_attn,/model/layers.7/self_attn/Add,RoPE,RoPE,rope:/model/layers.7/self_attn/Add,rope:/model/layers.7/self_attn/Add,rope,ocl::rope::opt_,536,rope_opt__13889706310558783765__sa,rope_opt__13889706310558783765__sa,1,1836,matched,aligned,true,true,true,exec_profile,gtpin_total_execution_cycles,789992,12343,cycles,64,789992,12343,0,0,,,0,0,0,"{""gtpin_avg_execution_cycles_per_invocation"":12343,""gtpin_invocation_count"":64,""gtpin_total_execution_cycles"":789992}",InvocationCount=64;TotalExecutionCycles=789992;AvgExecutionCyclesPerInvocation=12343
n1_i3,3,1,3,performance,false,layers.*/self_attn,/model/layers.13/self_attn/Transpose_2,Transpose,Transpose,transpose:/model/layers.13/self_attn/Transpose_2,transpose:/model/layers.13/self_attn/Transpose_2,permute,permute_ref,751,permute_ref_653960189515371720_0_0__sa,permute_ref_653960189515371720_0_0__sa,1,1967,matched,aligned,true,true,true,exec_profile,gtpin_total_execution_cycles,558732,4365,cycles,128,558732,4365,0,0,,,0,0,0,"{""gtpin_avg_execution_cycles_per_invocation"":4365,""gtpin_invocation_count"":128,""gtpin_total_execution_cycles"":558732}",InvocationCount=128;TotalExecutionCycles=558732;AvgExecutionCyclesPerInvocation=4365
n1_i3,3,1,3,performance,false,layers.*/self_attn,/model/layers.9/self_attn/Transpose_2,Transpose,Transpose,transpose:/model/layers.9/self_attn/Transpose_2,transpose:/model/layers.9/self_attn/Transpose_2,permute,permute_ref,607,permute_ref_653960189515371720_0_0__sa,permute_ref_653960189515371720_0_0__sa,1,1879,matched,aligned,true,true,true,exec_profile,gtpin_total_execution_cycles,530160,4141,cycles,128,530160,4141,0,0,,,0,0,0,"{""gtpin_avg_execution_cycles_per_invocation"":4141,""gtpin_invocation_count"":128,""gtpin_total_execution_cycles"":530160}",InvocationCount=128;TotalExecutionCycles=530160;AvgExecutionCyclesPerInvocation=4141
n1_i3,3,1,3,performance,false,layers.*/self_attn,/model/layers.2/self_attn/Transpose_2,Transpose,Transpose,transpose:/model/layers.2/self_attn/Transpose_2,transpose:/model/layers.2/self_attn/Transpose_2,permute,permute_ref,355,permute_ref_653960189515371720_0_0__sa,permute_ref_653960189515371720_0_0__sa,1,1725,matched,aligned,true,true,true,exec_profile,gtpin_total_execution_cycles,517578,4043,cycles,128,517578,4043,0,0,,,0,0,0,"{""gtpin_avg_execution_cycles_per_invocation"":4043,""gtpin_invocation_count"":128,""gtpin_total_execution_cycles"":517578}",InvocationCount=128;TotalExecutionCycles=517578;AvgExecutionCyclesPerInvocation=4043
n1_i3,3,1,3,performance,false,layers.*/self_attn,/model/layers.8/self_attn/Transpose_2,Transpose,Transpose,transpose:/model/layers.8/self_attn/Transpose_2,transpose:/model/layers.8/self_attn/Transpose_2,permute,permute_ref,571,permute_ref_653960189515371720_0_0__sa,permute_ref_653960189515371720_0_0__sa,1,1857,matched,aligned,true,true,true,exec_profile,gtpin_total_execution_cycles,512846,4006,cycles,128,512846,4006,0,0,,,0,0,0,"{""gtpin_avg_execution_cycles_per_invocation"":4006,""gtpin_invocation_count"":128,""gtpin_total_execution_cycles"":512846}",InvocationCount=128;TotalExecutionCycles=512846;AvgExecutionCyclesPerInvocation=4006
n1_i3,3,1,3,performance,false,layers.*/self_attn,/model/layers.16/self_attn/Transpose_2,Transpose,Transpose,transpose:/model/layers.16/self_attn/Transpose_2,transpose:/model/layers.16/self_attn/Transpose_2,permute,permute_ref,859,permute_ref_653960189515371720_0_0__sa,permute_ref_653960189515371720_0_0__sa,1,2033,matched,aligned,true,true,true,exec_profile,gtpin_total_execution_cycles,511834,3998,cycles,128,511834,3998,0,0,,,0,0,0,"{""gtpin_avg_execution_cycles_per_invocation"":3998,""gtpin_invocation_count"":128,""gtpin_total_execution_cycles"":511834}",InvocationCount=128;TotalExecutionCycles=511834;AvgExecutionCyclesPerInvocation=3998
n1_i3,3,1,3,performance,false,layers.*/self_attn,/model/layers.3/self_attn/Transpose_2,Transpose,Transpose,transpose:/model/layers.3/self_attn/Transpose_2,transpose:/model/layers.3/self_attn/Transpose_2,permute,permute_ref,391,permute_ref_653960189515371720_0_0__sa,permute_ref_653960189515371720_0_0__sa,1,1747,matched,aligned,true,true,true,exec_profile,gtpin_total_execution_cycles,510068,3984,cycles,128,510068,3984,0,0,,,0,0,0,"{""gtpin_avg_execution_cycles_per_invocation"":3984,""gtpin_invocation_count"":128,""gtpin_total_execution_cycles"":510068}",InvocationCount=128;TotalExecutionCycles=510068;AvgExecutionCyclesPerInvocation=3984
n1_i3,3,1,3,performance,false,layers.*/self_attn,/model/layers.21/self_attn/Transpose_2,Transpose,Transpose,transpose:/model/layers.21/self_attn/Transpose_2,transpose:/model/layers.21/self_attn/Transpose_2,permute,permute_ref,1039,permute_ref_653960189515371720_0_0__sa,permute_ref_653960189515371720_0_0__sa,1,2143,matched,aligned,true,true,true,exec_profile,gtpin_total_execution_cycles,499628,3903,cycles,128,499628,3903,0,0,,,0,0,0,"{""gtpin_avg_execution_cycles_per_invocation"":3903,""gtpin_invocation_count"":128,""gtpin_total_execution_cycles"":499628}",InvocationCount=128;TotalExecutionCycles=499628;AvgExecutionCyclesPerInvocation=3903
n1_i3,3,1,3,performance,false,layers.*/self_attn,/model/layers.10/self_attn/Transpose_2,Transpose,Transpose,transpose:/model/layers.10/self_attn/Transpose_2,transpose:/model/layers.10/self_attn/Transpose_2,permute,permute_ref,643,permute_ref_653960189515371720_0_0__sa,permute_ref_653960189515371720_0_0__sa,1,1901,matched,aligned,true,true,true,exec_profile,gtpin_total_execution_cycles,496242,3876,cycles,128,496242,3876,0,0,,,0,0,0,"{""gtpin_avg_execution_cycles_per_invocation"":3876,""gtpin_invocation_count"":128,""gtpin_total_execution_cycles"":496242}",InvocationCount=128;TotalExecutionCycles=496242;AvgExecutionCyclesPerInvocation=3876
n1_i3,3,1,3,performance,false,layers.*/self_attn,/model/layers.7/self_attn/Transpose_2,Transpose,Transpose,transpose:/model/layers.7/self_attn/Transpose_2,transpose:/model/layers.7/self_attn/Transpose_2,permute,permute_ref,535,permute_ref_653960189515371720_0_0__sa,permute_ref_653960189515371720_0_0__sa,1,1835,matched,aligned,true,true,true,exec_profile,gtpin_total_execution_cycles,496142,3876,cycles,128,496142,3876,0,0,,,0,0,0,"{""gtpin_avg_execution_cycles_per_invocation"":3876,""gtpin_invocation_count"":128,""gtpin_total_execution_cycles"":496142}",InvocationCount=128;TotalExecutionCycles=496142;AvgExecutionCyclesPerInvocation=3876
n1_i3,3,1,3,performance,false,layers.*/self_attn,/model/layers.14/self_attn/Transpose_2,Transpose,Transpose,transpose:/model/layers.14/self_attn/Transpose_2,transpose:/model/layers.14/self_attn/Transpose_2,permute,permute_ref,787,permute_ref_653960189515371720_0_0__sa,permute_ref_653960189515371720_0_0__sa,1,1989,matched,aligned,true,true,true,exec_profile,gtpin_total_execution_cycles,494724,3865,cycles,128,494724,3865,0,0,,,0,0,0,"{""gtpin_avg_execution_cycles_per_invocation"":3865,""gtpin_invocation_count"":128,""gtpin_total_execution_cycles"":494724}",InvocationCount=128;TotalExecutionCycles=494724;AvgExecutionCyclesPerInvocation=3865
n1_i3,3,1,3,performance,false,layers.*/self_attn,/model/layers.1/self_attn/Transpose_2,Transpose,Transpose,transpose:/model/layers.1/self_attn/Transpose_2,transpose:/model/layers.1/self_attn/Transpose_2,permute,permute_ref,319,permute_ref_653960189515371720_0_0__sa,permute_ref_653960189515371720_0_0__sa,1,1703,matched,aligned,true,true,true,exec_profile,gtpin_total_execution_cycles,491536,3840,cycles,128,491536,3840,0,0,,,0,0,0,"{""gtpin_avg_execution_cycles_per_invocation"":3840,""gtpin_invocation_count"":128,""gtpin_total_execution_cycles"":491536}",InvocationCount=128;TotalExecutionCycles=491536;AvgExecutionCyclesPerInvocation=3840
n1_i3,3,1,3,performance,false,layers.*/self_attn,/model/layers.19/self_attn/Transpose_2,Transpose,Transpose,transpose:/model/layers.19/self_attn/Transpose_2,transpose:/model/layers.19/self_attn/Transpose_2,permute,permute_ref,967,permute_ref_653960189515371720_0_0__sa,permute_ref_653960189515371720_0_0__sa,1,2099,matched,aligned,true,true,true,exec_profile,gtpin_total_execution_cycles,486688,3802,cycles,128,486688,3802,0,0,,,0,0,0,"{""gtpin_avg_execution_cycles_per_invocation"":3802,""gtpin_invocation_count"":128,""gtpin_total_execution_cycles"":486688}",InvocationCount=128;TotalExecutionCycles=486688;AvgExecutionCyclesPerInvocation=3802
n1_i3,3,1,3,performance,false,layers.*/self_attn,/model/layers.5/self_attn/Transpose_2,Transpose,Transpose,transpose:/model/layers.5/self_attn/Transpose_2,transpose:/model/layers.5/self_attn/Transpose_2,permute,permute_ref,463,permute_ref_653960189515371720_0_0__sa,permute_ref_653960189515371720_0_0__sa,1,1791,matched,aligned,true,true,true,exec_profile,gtpin_total_execution_cycles,483972,3781,cycles,128,483972,3781,0,0,,,0,0,0,"{""gtpin_avg_execution_cycles_per_invocation"":3781,""gtpin_invocation_count"":128,""gtpin_total_execution_cycles"":483972}",InvocationCount=128;TotalExecutionCycles=483972;AvgExecutionCyclesPerInvocation=3781
n1_i3,3,1,3,performance,false,layers.*/self_attn,/model/layers.12/self_attn/Transpose_2,Transpose,Transpose,transpose:/model/layers.12/self_attn/Transpose_2,transpose:/model/layers.12/self_attn/Transpose_2,permute,permute_ref,715,permute_ref_653960189515371720_0_0__sa,permute_ref_653960189515371720_0_0__sa,1,1945,matched,aligned,true,true,true,exec_profile,gtpin_total_execution_cycles,483090,3774,cycles,128,483090,3774,0,0,,,0,0,0,"{""gtpin_avg_execution_cycles_per_invocation"":3774,""gtpin_invocation_count"":128,""gtpin_total_execution_cycles"":483090}",InvocationCount=128;TotalExecutionCycles=483090;AvgExecutionCyclesPerInvocation=3774
n1_i3,3,1,3,performance,false,layers.*/self_attn,/model/layers.4/self_attn/Transpose_2,Transpose,Transpose,transpose:/model/layers.4/self_attn/Transpose_2,transpose:/model/layers.4/self_attn/Transpose_2,permute,permute_ref,427,permute_ref_653960189515371720_0_0__sa,permute_ref_653960189515371720_0_0__sa,1,1769,matched,aligned,true,true,true,exec_profile,gtpin_total_execution_cycles,479872,3749,cycles,128,479872,3749,0,0,,,0,0,0,"{""gtpin_avg_execution_cycles_per_invocation"":3749,""gtpin_invocation_count"":128,""gtpin_total_execution_cycles"":479872}",InvocationCount=128;TotalExecutionCycles=479872;AvgExecutionCyclesPerInvocation=3749
n1_i3,3,1,3,performance,false,layers.*/self_attn,/model/layers.17/self_attn/Transpose_2,Transpose,Transpose,transpose:/model/layers.17/self_attn/Transpose_2,transpose:/model/layers.17/self_attn/Transpose_2,permute,permute_ref,895,permute_ref_653960189515371720_0_0__sa,permute_ref_653960189515371720_0_0__sa,1,2055,matched,aligned,true,true,true,exec_profile,gtpin_total_execution_cycles,470612,3676,cycles,128,470612,3676,0,0,,,0,0,0,"{""gtpin_avg_execution_cycles_per_invocation"":3676,""gtpin_invocation_count"":128,""gtpin_total_execution_cycles"":470612}",InvocationCount=128;TotalExecutionCycles=470612;AvgExecutionCyclesPerInvocation=3676
n1_i3,3,1,3,performance,false,layers.*/self_attn,/model/layers.20/self_attn/Transpose_2,Transpose,Transpose,transpose:/model/layers.20/self_attn/Transpose_2,transpose:/model/layers.20/self_attn/Transpose_2,permute,permute_ref,1003,permute_ref_653960189515371720_0_0__sa,permute_ref_653960189515371720_0_0__sa,1,2121,matched,aligned,true,true,true,exec_profile,gtpin_total_execution_cycles,468568,3660,cycles,128,468568,3660,0,0,,,0,0,0,"{""gtpin_avg_execution_cycles_per_invocation"":3660,""gtpin_invocation_count"":128,""gtpin_total_execution_cycles"":468568}",InvocationCount=128;TotalExecutionCycles=468568;AvgExecutionCyclesPerInvocation=3660
n1_i3,3,1,3,performance,false,layers.*/self_attn,/model/layers.15/self_attn/Transpose_2,Transpose,Transpose,transpose:/model/layers.15/self_attn/Transpose_2,transpose:/model/layers.15/self_attn/Transpose_2,permute,permute_ref,823,permute_ref_653960189515371720_0_0__sa,permute_ref_653960189515371720_0_0__sa,1,2011,matched,aligned,true,true,true,exec_profile,gtpin_total_execution_cycles,462898,3616,cycles,128,462898,3616,0,0,,,0,0,0,"{""gtpin_avg_execution_cycles_per_invocation"":3616,""gtpin_invocation_count"":128,""gtpin_total_execution_cycles"":462898}",InvocationCount=128;TotalExecutionCycles=462898;AvgExecutionCyclesPerInvocation=3616
n1_i3,3,1,3,performance,false,layers.*/self_attn,/model/layers.11/self_attn/Transpose_2,Transpose,Transpose,transpose:/model/layers.11/self_attn/Transpose_2,transpose:/model/layers.11/self_attn/Transpose_2,permute,permute_ref,679,permute_ref_653960189515371720_0_0__sa,permute_ref_653960189515371720_0_0__sa,1,1923,matched,aligned,true,true,true,exec_profile,gtpin_total_execution_cycles,462024,3609,cycles,128,462024,3609,0,0,,,0,0,0,"{""gtpin_avg_execution_cycles_per_invocation"":3609,""gtpin_invocation_count"":128,""gtpin_total_execution_cycles"":462024}",InvocationCount=128;TotalExecutionCycles=462024;AvgExecutionCyclesPerInvocation=3609
n1_i3,3,1,3,performance,false,layers.*/self_attn,/model/layers.6/self_attn/Transpose_2,Transpose,Transpose,transpose:/model/layers.6/self_attn/Transpose_2,transpose:/model/layers.6/self_attn/Transpose_2,permute,permute_ref,499,permute_ref_653960189515371720_0_0__sa,permute_ref_653960189515371720_0_0__sa,1,1813,matched,aligned,true,true,true,exec_profile,gtpin_total_execution_cycles,461626,3606,cycles,128,461626,3606,0,0,,,0,0,0,"{""gtpin_avg_execution_cycles_per_invocation"":3606,""gtpin_invocation_count"":128,""gtpin_total_execution_cycles"":461626}",InvocationCount=128;TotalExecutionCycles=461626;AvgExecutionCyclesPerInvocation=3606
n1_i3,3,1,3,performance,false,layers.*/self_attn,/model/layers.18/self_attn/Transpose_2,Transpose,Transpose,transpose:/model/layers.18/self_attn/Transpose_2,transpose:/model/layers.18/self_attn/Transpose_2,permute,permute_ref,931,permute_ref_653960189515371720_0_0__sa,permute_ref_653960189515371720_0_0__sa,1,2077,matched,aligned,true,true,true,exec_profile,gtpin_total_execution_cycles,454058,3547,cycles,128,454058,3547,0,0,,,0,0,0,"{""gtpin_avg_execution_cycles_per_invocation"":3547,""gtpin_invocation_count"":128,""gtpin_total_execution_cycles"":454058}",InvocationCount=128;TotalExecutionCycles=454058;AvgExecutionCyclesPerInvocation=3547
n1_i3,3,1,3,performance,false,layers.*/self_attn,/model/layers.0/self_attn/Transpose_2,Transpose,Transpose,transpose:/model/layers.0/self_attn/Transpose_2,transpose:/model/layers.0/self_attn/Transpose_2,permute,permute_ref,252,permute_ref_653960189515371720_0_0__sa,permute_ref_653960189515371720_0_0__sa,1,1670,matched,aligned,true,true,true,exec_profile,gtpin_total_execution_cycles,363310,2838,cycles,128,363310,2838,0,0,,,0,0,0,"{""gtpin_avg_execution_cycles_per_invocation"":2838,""gtpin_invocation_count"":128,""gtpin_total_execution_cycles"":363310}",InvocationCount=128;TotalExecutionCycles=363310;AvgExecutionCyclesPerInvocation=2838
n1_i3,3,1,3,performance,false,rotary_emb,/model/rotary_emb/Cos,Cos,Cos,cos:/model/rotary_emb/Cos,cos:/model/rotary_emb/Cos,activation,activation_ref,274,activation_ref_8384225707366889932_0_0__sa,activation_ref_8384225707366889932_0_0__sa,1,1677,matched,aligned,true,true,true,exec_profile,gtpin_total_execution_cycles,192146,6004,cycles,32,192146,6004,0,0,,,0,0,0,"{""gtpin_avg_execution_cycles_per_invocation"":6004,""gtpin_invocation_count"":32,""gtpin_total_execution_cycles"":192146}",InvocationCount=32;TotalExecutionCycles=192146;AvgExecutionCyclesPerInvocation=6004
n1_i3,3,1,3,performance,false,rotary_emb,/model/rotary_emb/Sin,Sin,Sin,sin:/model/rotary_emb/Sin,sin:/model/rotary_emb/Sin,activation,activation_ref,273,activation_ref_1691567596270449691_0_0__sa,activation_ref_1691567596270449691_0_0__sa,1,1676,matched,aligned,true,true,true,exec_profile,gtpin_total_execution_cycles,159418,4981,cycles,32,159418,4981,0,0,,,0,0,0,"{""gtpin_avg_execution_cycles_per_invocation"":4981,""gtpin_invocation_count"":32,""gtpin_total_execution_cycles"":159418}",InvocationCount=32;TotalExecutionCycles=159418;AvgExecutionCyclesPerInvocation=4981
n1_i3,3,1,3,performance,false,rotary_emb,/model/rotary_emb/Concat_1,Concat,Concat,concat:/model/rotary_emb/Concat_1,concat:/model/rotary_emb/Concat_1,concatenation,concatenation_gpu_simple_ref,269,concatenation_gpu_simple_ref_11787737694364327443_0_0__sa,concatenation_gpu_simple_ref_11787737694364327443_0_0__sa,1,1673,matched,aligned,true,true,true,exec_profile,gtpin_total_execution_cycles,84838,5302,cycles,16,84838,5302,0,0,,,0,0,0,"{""gtpin_avg_execution_cycles_per_invocation"":5302,""gtpin_invocation_count"":16,""gtpin_total_execution_cycles"":84838}",InvocationCount=16;TotalExecutionCycles=84838;AvgExecutionCyclesPerInvocation=5302
n1_i3,3,1,3,performance,false,layers.*/self_attn,/model/layers.0/self_attn/Add_1,RoPE,RoPE,rope:/model/layers.0/self_attn/Add_1,rope:/model/layers.0/self_attn/Add_1,rope,ocl::rope::opt_,285,rope_opt__6960924190377492479__sa,rope_opt__6960924190377492479__sa,1,1682,matched,aligned,true,true,true,exec_profile,gtpin_total_execution_cycles,75984,9498,cycles,8,75984,9498,0,0,,,0,0,0,"{""gtpin_avg_execution_cycles_per_invocation"":9498,""gtpin_invocation_count"":8,""gtpin_total_execution_cycles"":75984}",InvocationCount=8;TotalExecutionCycles=75984;AvgExecutionCyclesPerInvocation=9498
n1_i3,3,1,3,performance,false,layers.*/self_attn,/model/layers.0/self_attn/Unsqueeze_7_restore_precision_1,Convert,Convert,convert:/model/layers.0/self_attn/Unsqueeze_7_restore_precision_1,convert:/model/layers.0/self_attn/Unsqueeze_7_restore_precision_1,reorder,reorder_data,278,reorder_data_13786606319827428276_0_0__sa,reorder_data_13786606319827428276_0_0__sa,1,1680,matched,aligned,true,true,true,exec_profile,gtpin_total_execution_cycles,74794,2337,cycles,32,74794,2337,0,0,,,0,0,0,"{""gtpin_avg_execution_cycles_per_invocation"":2337,""gtpin_invocation_count"":32,""gtpin_total_execution_cycles"":74794}",InvocationCount=32;TotalExecutionCycles=74794;AvgExecutionCyclesPerInvocation=2337
n1_i3,3,1,3,performance,false,layers.*/self_attn,/model/layers.9/self_attn/Add_1,RoPE,RoPE,rope:/model/layers.9/self_attn/Add_1,rope:/model/layers.9/self_attn/Add_1,rope,ocl::rope::opt_,609,rope_opt__6960924190377492479__sa,rope_opt__6960924190377492479__sa,1,1881,matched,aligned,true,true,true,exec_profile,gtpin_total_execution_cycles,73706,9213,cycles,8,73706,9213,0,0,,,0,0,0,"{""gtpin_avg_execution_cycles_per_invocation"":9213,""gtpin_invocation_count"":8,""gtpin_total_execution_cycles"":73706}",InvocationCount=8;TotalExecutionCycles=73706;AvgExecutionCyclesPerInvocation=9213
n1_i3,3,1,3,performance,false,layers.*/self_attn,/model/layers.21/self_attn/Add_1,RoPE,RoPE,rope:/model/layers.21/self_attn/Add_1,rope:/model/layers.21/self_attn/Add_1,rope,ocl::rope::opt_,1041,rope_opt__6960924190377492479__sa,rope_opt__6960924190377492479__sa,1,2145,matched,aligned,true,true,true,exec_profile,gtpin_total_execution_cycles,71254,8906,cycles,8,71254,8906,0,0,,,0,0,0,"{""gtpin_avg_execution_cycles_per_invocation"":8906,""gtpin_invocation_count"":8,""gtpin_total_execution_cycles"":71254}",InvocationCount=8;TotalExecutionCycles=71254;AvgExecutionCyclesPerInvocation=8906
n1_i3,3,1,3,performance,false,layers.*/self_attn,/model/layers.5/self_attn/Add_1,RoPE,RoPE,rope:/model/layers.5/self_attn/Add_1,rope:/model/layers.5/self_attn/Add_1,rope,ocl::rope::opt_,465,rope_opt__6960924190377492479__sa,rope_opt__6960924190377492479__sa,1,1793,matched,aligned,true,true,true,exec_profile,gtpin_total_execution_cycles,69778,8722,cycles,8,69778,8722,0,0,,,0,0,0,"{""gtpin_avg_execution_cycles_per_invocation"":8722,""gtpin_invocation_count"":8,""gtpin_total_execution_cycles"":69778}",InvocationCount=8;TotalExecutionCycles=69778;AvgExecutionCyclesPerInvocation=8722
n1_i3,3,1,3,performance,false,layers.*/self_attn,/model/layers.2/self_attn/Add_1,RoPE,RoPE,rope:/model/layers.2/self_attn/Add_1,rope:/model/layers.2/self_attn/Add_1,rope,ocl::rope::opt_,357,rope_opt__6960924190377492479__sa,rope_opt__6960924190377492479__sa,1,1727,matched,aligned,true,true,true,exec_profile,gtpin_total_execution_cycles,69388,8673,cycles,8,69388,8673,0,0,,,0,0,0,"{""gtpin_avg_execution_cycles_per_invocation"":8673,""gtpin_invocation_count"":8,""gtpin_total_execution_cycles"":69388}",InvocationCount=8;TotalExecutionCycles=69388;AvgExecutionCyclesPerInvocation=8673
n1_i3,3,1,3,performance,false,layers.*/self_attn,/model/layers.10/self_attn/Add_1,RoPE,RoPE,rope:/model/layers.10/self_attn/Add_1,rope:/model/layers.10/self_attn/Add_1,rope,ocl::rope::opt_,645,rope_opt__6960924190377492479__sa,rope_opt__6960924190377492479__sa,1,1903,matched,aligned,true,true,true,exec_profile,gtpin_total_execution_cycles,66672,8334,cycles,8,66672,8334,0,0,,,0,0,0,"{""gtpin_avg_execution_cycles_per_invocation"":8334,""gtpin_invocation_count"":8,""gtpin_total_execution_cycles"":66672}",InvocationCount=8;TotalExecutionCycles=66672;AvgExecutionCyclesPerInvocation=8334
n1_i3,3,1,3,performance,false,layers.*/self_attn,/model/layers.7/self_attn/Add_1,RoPE,RoPE,rope:/model/layers.7/self_attn/Add_1,rope:/model/layers.7/self_attn/Add_1,rope,ocl::rope::opt_,537,rope_opt__6960924190377492479__sa,rope_opt__6960924190377492479__sa,1,1837,matched,aligned,true,true,true,exec_profile,gtpin_total_execution_cycles,66664,8333,cycles,8,66664,8333,0,0,,,0,0,0,"{""gtpin_avg_execution_cycles_per_invocation"":8333,""gtpin_invocation_count"":8,""gtpin_total_execution_cycles"":66664}",InvocationCount=8;TotalExecutionCycles=66664;AvgExecutionCyclesPerInvocation=8333
n1_i3,3,1,3,performance,false,layers.*/self_attn,/model/layers.1/self_attn/Add_1,RoPE,RoPE,rope:/model/layers.1/self_attn/Add_1,rope:/model/layers.1/self_attn/Add_1,rope,ocl::rope::opt_,321,rope_opt__6960924190377492479__sa,rope_opt__6960924190377492479__sa,1,1705,matched,aligned,true,true,true,exec_profile,gtpin_total_execution_cycles,65948,8243,cycles,8,65948,8243,0,0,,,0,0,0,"{""gtpin_avg_execution_cycles_per_invocation"":8243,""gtpin_invocation_count"":8,""gtpin_total_execution_cycles"":65948}",InvocationCount=8;TotalExecutionCycles=65948;AvgExecutionCyclesPerInvocation=8243
n1_i3,3,1,3,performance,false,layers.*/self_attn,/model/layers.0/self_attn/Unsqueeze_6_restore_precision_0,Convert,Convert,convert:/model/layers.0/self_attn/Unsqueeze_6_restore_precision_0,convert:/model/layers.0/self_attn/Unsqueeze_6_restore_precision_0,reorder,reorder_data,279,reorder_data_13786606319827428276_0_0__sa,reorder_data_13786606319827428276_0_0__sa,1,1681,matched,aligned,true,true,true,exec_profile,gtpin_total_execution_cycles,65578,2049,cycles,32,65578,2049,0,0,,,0,0,0,"{""gtpin_avg_execution_cycles_per_invocation"":2049,""gtpin_invocation_count"":32,""gtpin_total_execution_cycles"":65578}",InvocationCount=32;TotalExecutionCycles=65578;AvgExecutionCyclesPerInvocation=2049
n1_i3,3,1,3,performance,false,layers.*/self_attn,/model/layers.13/self_attn/Add_1,RoPE,RoPE,rope:/model/layers.13/self_attn/Add_1,rope:/model/layers.13/self_attn/Add_1,rope,ocl::rope::opt_,753,rope_opt__6960924190377492479__sa,rope_opt__6960924190377492479__sa,1,1969,matched,aligned,true,true,true,exec_profile,gtpin_total_execution_cycles,65046,8130,cycles,8,65046,8130,0,0,,,0,0,0,"{""gtpin_avg_execution_cycles_per_invocation"":8130,""gtpin_invocation_count"":8,""gtpin_total_execution_cycles"":65046}",InvocationCount=8;TotalExecutionCycles=65046;AvgExecutionCyclesPerInvocation=8130
n1_i3,3,1,3,performance,false,layers.*/self_attn,/model/layers.14/self_attn/Add_1,RoPE,RoPE,rope:/model/layers.14/self_attn/Add_1,rope:/model/layers.14/self_attn/Add_1,rope,ocl::rope::opt_,789,rope_opt__6960924190377492479__sa,rope_opt__6960924190377492479__sa,1,1991,matched,aligned,true,true,true,exec_profile,gtpin_total_execution_cycles,64944,8118,cycles,8,64944,8118,0,0,,,0,0,0,"{""gtpin_avg_execution_cycles_per_invocation"":8118,""gtpin_invocation_count"":8,""gtpin_total_execution_cycles"":64944}",InvocationCount=8;TotalExecutionCycles=64944;AvgExecutionCyclesPerInvocation=8118
n1_i3,3,1,3,performance,false,layers.*/self_attn,/model/layers.12/self_attn/Add_1,RoPE,RoPE,rope:/model/layers.12/self_attn/Add_1,rope:/model/layers.12/self_attn/Add_1,rope,ocl::rope::opt_,717,rope_opt__6960924190377492479__sa,rope_opt__6960924190377492479__sa,1,1947,matched,aligned,true,true,true,exec_profile,gtpin_total_execution_cycles,64770,8096,cycles,8,64770,8096,0,0,,,0,0,0,"{""gtpin_avg_execution_cycles_per_invocation"":8096,""gtpin_invocation_count"":8,""gtpin_total_execution_cycles"":64770}",InvocationCount=8;TotalExecutionCycles=64770;AvgExecutionCyclesPerInvocation=8096
n1_i3,3,1,3,performance,false,layers.*/self_attn,/model/layers.4/self_attn/Where_2,Select,Select,select:/model/layers.4/self_attn/Where_2,select:/model/layers.4/self_attn/Where_2,select,select_gpu_ref,442,select_gpu_ref_7464502897564813179_0_0__sa,select_gpu_ref_7464502897564813179_0_0__sa,1,1775,matched,aligned,true,true,true,exec_profile,gtpin_total_execution_cycles,64512,8064,cycles,8,64512,8064,0,0,,,0,0,0,"{""gtpin_avg_execution_cycles_per_invocation"":8064,""gtpin_invocation_count"":8,""gtpin_total_execution_cycles"":64512}",InvocationCount=8;TotalExecutionCycles=64512;AvgExecutionCyclesPerInvocation=8064
n1_i3,3,1,3,performance,false,layers.*/self_attn,/model/layers.19/self_attn/Add_1,RoPE,RoPE,rope:/model/layers.19/self_attn/Add_1,rope:/model/layers.19/self_attn/Add_1,rope,ocl::rope::opt_,969,rope_opt__6960924190377492479__sa,rope_opt__6960924190377492479__sa,1,2101,matched,aligned,true,true,true,exec_profile,gtpin_total_execution_cycles,64428,8053,cycles,8,64428,8053,0,0,,,0,0,0,"{""gtpin_avg_execution_cycles_per_invocation"":8053,""gtpin_invocation_count"":8,""gtpin_total_execution_cycles"":64428}",InvocationCount=8;TotalExecutionCycles=64428;AvgExecutionCyclesPerInvocation=8053
n1_i3,3,1,3,performance,false,layers.*/self_attn,/model/layers.6/self_attn/Add_1,RoPE,RoPE,rope:/model/layers.6/self_attn/Add_1,rope:/model/layers.6/self_attn/Add_1,rope,ocl::rope::opt_,501,rope_opt__6960924190377492479__sa,rope_opt__6960924190377492479__sa,1,1815,matched,aligned,true,true,true,exec_profile,gtpin_total_execution_cycles,64398,8049,cycles,8,64398,8049,0,0,,,0,0,0,"{""gtpin_avg_execution_cycles_per_invocation"":8049,""gtpin_invocation_count"":8,""gtpin_total_execution_cycles"":64398}",InvocationCount=8;TotalExecutionCycles=64398;AvgExecutionCyclesPerInvocation=8049
n1_i3,3,1,3,performance,false,layers.*/self_attn,/model/layers.17/self_attn/Add_1,RoPE,RoPE,rope:/model/layers.17/self_attn/Add_1,rope:/model/layers.17/self_attn/Add_1,rope,ocl::rope::opt_,897,rope_opt__6960924190377492479__sa,rope_opt__6960924190377492479__sa,1,2057,matched,aligned,true,true,true,exec_profile,gtpin_total_execution_cycles,64336,8042,cycles,8,64336,8042,0,0,,,0,0,0,"{""gtpin_avg_execution_cycles_per_invocation"":8042,""gtpin_invocation_count"":8,""gtpin_total_execution_cycles"":64336}",InvocationCount=8;TotalExecutionCycles=64336;AvgExecutionCyclesPerInvocation=8042
n1_i3,3,1,3,performance,false,layers.*/self_attn,/model/layers.18/self_attn/Add_1,RoPE,RoPE,rope:/model/layers.18/self_attn/Add_1,rope:/model/layers.18/self_attn/Add_1,rope,ocl::rope::opt_,933,rope_opt__6960924190377492479__sa,rope_opt__6960924190377492479__sa,1,2079,matched,aligned,true,true,true,exec_profile,gtpin_total_execution_cycles,63992,7999,cycles,8,63992,7999,0,0,,,0,0,0,"{""gtpin_avg_execution_cycles_per_invocation"":7999,""gtpin_invocation_count"":8,""gtpin_total_execution_cycles"":63992}",InvocationCount=8;TotalExecutionCycles=63992;AvgExecutionCyclesPerInvocation=7999
n1_i3,3,1,3,performance,false,layers.*/self_attn,/model/layers.11/self_attn/Add_1,RoPE,RoPE,rope:/model/layers.11/self_attn/Add_1,rope:/model/layers.11/self_attn/Add_1,rope,ocl::rope::opt_,681,rope_opt__6960924190377492479__sa,rope_opt__6960924190377492479__sa,1,1925,matched,aligned,true,true,true,exec_profile,gtpin_total_execution_cycles,63528,7941,cycles,8,63528,7941,0,0,,,0,0,0,"{""gtpin_avg_execution_cycles_per_invocation"":7941,""gtpin_invocation_count"":8,""gtpin_total_execution_cycles"":63528}",InvocationCount=8;TotalExecutionCycles=63528;AvgExecutionCyclesPerInvocation=7941
n1_i3,3,1,3,performance,false,layers.*/self_attn,/model/layers.3/self_attn/Add_1,RoPE,RoPE,rope:/model/layers.3/self_attn/Add_1,rope:/model/layers.3/self_attn/Add_1,rope,ocl::rope::opt_,393,rope_opt__6960924190377492479__sa,rope_opt__6960924190377492479__sa,1,1749,matched,aligned,true,true,true,exec_profile,gtpin_total_execution_cycles,63456,7932,cycles,8,63456,7932,0,0,,,0,0,0,"{""gtpin_avg_execution_cycles_per_invocation"":7932,""gtpin_invocation_count"":8,""gtpin_total_execution_cycles"":63456}",InvocationCount=8;TotalExecutionCycles=63456;AvgExecutionCyclesPerInvocation=7932
n1_i3,3,1,3,performance,false,layers.*/self_attn,/model/layers.15/self_attn/Add_1,RoPE,RoPE,rope:/model/layers.15/self_attn/Add_1,rope:/model/layers.15/self_attn/Add_1,rope,ocl::rope::opt_,825,rope_opt__6960924190377492479__sa,rope_opt__6960924190377492479__sa,1,2013,matched,aligned,true,true,true,exec_profile,gtpin_total_execution_cycles,62242,7780,cycles,8,62242,7780,0,0,,,0,0,0,"{""gtpin_avg_execution_cycles_per_invocation"":7780,""gtpin_invocation_count"":8,""gtpin_total_execution_cycles"":62242}",InvocationCount=8;TotalExecutionCycles=62242;AvgExecutionCyclesPerInvocation=7780
n1_i3,3,1,3,performance,false,layers.*/self_attn,/model/layers.20/self_attn/Add_1,RoPE,RoPE,rope:/model/layers.20/self_attn/Add_1,rope:/model/layers.20/self_attn/Add_1,rope,ocl::rope::opt_,1005,rope_opt__6960924190377492479__sa,rope_opt__6960924190377492479__sa,1,2123,matched,aligned,true,true,true,exec_profile,gtpin_total_execution_cycles,61122,7640,cycles,8,61122,7640,0,0,,,0,0,0,"{""gtpin_avg_execution_cycles_per_invocation"":7640,""gtpin_invocation_count"":8,""gtpin_total_execution_cycles"":61122}",InvocationCount=8;TotalExecutionCycles=61122;AvgExecutionCyclesPerInvocation=7640
n1_i3,3,1,3,performance,false,layers.*/self_attn,/model/layers.4/self_attn/Add_1,RoPE,RoPE,rope:/model/layers.4/self_attn/Add_1,rope:/model/layers.4/self_attn/Add_1,rope,ocl::rope::opt_,429,rope_opt__6960924190377492479__sa,rope_opt__6960924190377492479__sa,1,1771,matched,aligned,true,true,true,exec_profile,gtpin_total_execution_cycles,61050,7631,cycles,8,61050,7631,0,0,,,0,0,0,"{""gtpin_avg_execution_cycles_per_invocation"":7631,""gtpin_invocation_count"":8,""gtpin_total_execution_cycles"":61050}",InvocationCount=8;TotalExecutionCycles=61050;AvgExecutionCyclesPerInvocation=7631
n1_i3,3,1,3,performance,false,rotary_emb,/model/rotary_emb/Concat_1,Concat,Concat,concat:/model/rotary_emb/Concat_1,concat:/model/rotary_emb/Concat_1,concatenation,concatenation_gpu_simple_ref,269,concatenation_gpu_simple_ref_11787737694364327443_1_0__sa,concatenation_gpu_simple_ref_11787737694364327443_1_0__sa,1,1674,matched,aligned,true,true,true,exec_profile,gtpin_total_execution_cycles,60580,3786,cycles,16,60580,3786,0,0,,,0,0,0,"{""gtpin_avg_execution_cycles_per_invocation"":3786,""gtpin_invocation_count"":16,""gtpin_total_execution_cycles"":60580}",InvocationCount=16;TotalExecutionCycles=60580;AvgExecutionCyclesPerInvocation=3786
n1_i3,3,1,3,performance,false,layers.*/self_attn,/model/layers.16/self_attn/Add_1,RoPE,RoPE,rope:/model/layers.16/self_attn/Add_1,rope:/model/layers.16/self_attn/Add_1,rope,ocl::rope::opt_,861,rope_opt__6960924190377492479__sa,rope_opt__6960924190377492479__sa,1,2035,matched,aligned,true,true,true,exec_profile,gtpin_total_execution_cycles,60184,7523,cycles,8,60184,7523,0,0,,,0,0,0,"{""gtpin_avg_execution_cycles_per_invocation"":7523,""gtpin_invocation_count"":8,""gtpin_total_execution_cycles"":60184}",InvocationCount=8;TotalExecutionCycles=60184;AvgExecutionCyclesPerInvocation=7523
n1_i3,3,1,3,performance,false,layers.*/self_attn,/model/layers.8/self_attn/Add_1,RoPE,RoPE,rope:/model/layers.8/self_attn/Add_1,rope:/model/layers.8/self_attn/Add_1,rope,ocl::rope::opt_,573,rope_opt__6960924190377492479__sa,rope_opt__6960924190377492479__sa,1,1859,matched,aligned,true,true,true,exec_profile,gtpin_total_execution_cycles,58418,7302,cycles,8,58418,7302,0,0,,,0,0,0,"{""gtpin_avg_execution_cycles_per_invocation"":7302,""gtpin_invocation_count"":8,""gtpin_total_execution_cycles"":58418}",InvocationCount=8;TotalExecutionCycles=58418;AvgExecutionCyclesPerInvocation=7302
n1_i3,3,1,3,performance,false,(root),/model/And,LogicalAnd,LogicalAnd,logicaland:/model/And,logicaland:/model/And,eltwise,generic_eltwise_ref,270,generic_eltwise_ref_12613916656436061640_0_0__sa,generic_eltwise_ref_12613916656436061640_0_0__sa,1,1675,matched,aligned,true,true,true,exec_profile,gtpin_total_execution_cycles,47504,5938,cycles,8,47504,5938,0,0,,,0,0,0,"{""gtpin_avg_execution_cycles_per_invocation"":5938,""gtpin_invocation_count"":8,""gtpin_total_execution_cycles"":47504}",InvocationCount=8;TotalExecutionCycles=47504;AvgExecutionCyclesPerInvocation=5938
n1_i3,3,1,3,performance,false,(root),/model/And_1,LogicalAnd,LogicalAnd,logicaland:/model/And_1,logicaland:/model/And_1,eltwise,generic_eltwise_ref,287,generic_eltwise_ref_9810887907610228330_0_0__sa,generic_eltwise_ref_9810887907610228330_0_0__sa,1,1684,matched,aligned,true,true,true,exec_profile,gtpin_total_execution_cycles,46488,5811,cycles,8,46488,5811,0,0,,,0,0,0,"{""gtpin_avg_execution_cycles_per_invocation"":5811,""gtpin_invocation_count"":8,""gtpin_total_execution_cycles"":46488}",InvocationCount=8;TotalExecutionCycles=46488;AvgExecutionCyclesPerInvocation=5811
n1_i3,3,1,3,performance,false,layers.*/self_attn,/model/layers.19/self_attn/Where_2,Select,Select,select:/model/layers.19/self_attn/Where_2,select:/model/layers.19/self_attn/Where_2,select,select_gpu_ref,982,select_gpu_ref_7464502897564813179_0_0__sa,select_gpu_ref_7464502897564813179_0_0__sa,1,2105,matched,aligned,true,true,true,exec_profile,gtpin_total_execution_cycles,46288,5786,cycles,8,46288,5786,0,0,,,0,0,0,"{""gtpin_avg_execution_cycles_per_invocation"":5786,""gtpin_invocation_count"":8,""gtpin_total_execution_cycles"":46288}",InvocationCount=8;TotalExecutionCycles=46288;AvgExecutionCyclesPerInvocation=5786
n1_i3,3,1,3,performance,false,layers.*/self_attn,/model/layers.20/self_attn/Where_2,Select,Select,select:/model/layers.20/self_attn/Where_2,select:/model/layers.20/self_attn/Where_2,select,select_gpu_ref,1018,select_gpu_ref_7464502897564813179_0_0__sa,select_gpu_ref_7464502897564813179_0_0__sa,1,2127,matched,aligned,true,true,true,exec_profile,gtpin_total_execution_cycles,45088,5636,cycles,8,45088,5636,0,0,,,0,0,0,"{""gtpin_avg_execution_cycles_per_invocation"":5636,""gtpin_invocation_count"":8,""gtpin_total_execution_cycles"":45088}",InvocationCount=8;TotalExecutionCycles=45088;AvgExecutionCyclesPerInvocation=5636
n1_i3,3,1,3,performance,false,layers.*/self_attn,/model/layers.3/self_attn/Where_2,Select,Select,select:/model/layers.3/self_attn/Where_2,select:/model/layers.3/self_attn/Where_2,select,select_gpu_ref,406,select_gpu_ref_7464502897564813179_0_0__sa,select_gpu_ref_7464502897564813179_0_0__sa,1,1753,matched,aligned,true,true,true,exec_profile,gtpin_total_execution_cycles,44592,5574,cycles,8,44592,5574,0,0,,,0,0,0,"{""gtpin_avg_execution_cycles_per_invocation"":5574,""gtpin_invocation_count"":8,""gtpin_total_execution_cycles"":44592}",InvocationCount=8;TotalExecutionCycles=44592;AvgExecutionCyclesPerInvocation=5574
n1_i3,3,1,3,performance,false,layers.*/self_attn,/model/layers.15/self_attn/Where_2,Select,Select,select:/model/layers.15/self_attn/Where_2,select:/model/layers.15/self_attn/Where_2,select,select_gpu_ref,838,select_gpu_ref_7464502897564813179_0_0__sa,select_gpu_ref_7464502897564813179_0_0__sa,1,2017,matched,aligned,true,true,true,exec_profile,gtpin_total_execution_cycles,42568,5321,cycles,8,42568,5321,0,0,,,0,0,0,"{""gtpin_avg_execution_cycles_per_invocation"":5321,""gtpin_invocation_count"":8,""gtpin_total_execution_cycles"":42568}",InvocationCount=8;TotalExecutionCycles=42568;AvgExecutionCyclesPerInvocation=5321
n1_i3,3,1,3,performance,false,layers.*/self_attn,/model/layers.8/self_attn/Where_2,Select,Select,select:/model/layers.8/self_attn/Where_2,select:/model/layers.8/self_attn/Where_2,select,select_gpu_ref,586,select_gpu_ref_7464502897564813179_0_0__sa,select_gpu_ref_7464502897564813179_0_0__sa,1,1863,matched,aligned,true,true,true,exec_profile,gtpin_total_execution_cycles,42052,5256,cycles,8,42052,5256,0,0,,,0,0,0,"{""gtpin_avg_execution_cycles_per_invocation"":5256,""gtpin_invocation_count"":8,""gtpin_total_execution_cycles"":42052}",InvocationCount=8;TotalExecutionCycles=42052;AvgExecutionCyclesPerInvocation=5256
n1_i3,3,1,3,performance,false,layers.*/self_attn,/model/layers.13/self_attn/Where_2,Select,Select,select:/model/layers.13/self_attn/Where_2,select:/model/layers.13/self_attn/Where_2,select,select_gpu_ref,766,select_gpu_ref_7464502897564813179_0_0__sa,select_gpu_ref_7464502897564813179_0_0__sa,1,1973,matched,aligned,true,true,true,exec_profile,gtpin_total_execution_cycles,41804,5225,cycles,8,41804,5225,0,0,,,0,0,0,"{""gtpin_avg_execution_cycles_per_invocation"":5225,""gtpin_invocation_count"":8,""gtpin_total_execution_cycles"":41804}",InvocationCount=8;TotalExecutionCycles=41804;AvgExecutionCyclesPerInvocation=5225
n1_i3,3,1,3,performance,false,layers.*/self_attn,/model/layers.7/self_attn/Where_2,Select,Select,select:/model/layers.7/self_attn/Where_2,select:/model/layers.7/self_attn/Where_2,select,select_gpu_ref,550,select_gpu_ref_7464502897564813179_0_0__sa,select_gpu_ref_7464502897564813179_0_0__sa,1,1841,matched,aligned,true,true,true,exec_profile,gtpin_total_execution_cycles,40800,5100,cycles,8,40800,5100,0,0,,,0,0,0,"{""gtpin_avg_execution_cycles_per_invocation"":5100,""gtpin_invocation_count"":8,""gtpin_total_execution_cycles"":40800}",InvocationCount=8;TotalExecutionCycles=40800;AvgExecutionCyclesPerInvocation=5100
n1_i3,3,1,3,performance,false,layers.*/self_attn,/model/layers.18/self_attn/Where_2,Select,Select,select:/model/layers.18/self_attn/Where_2,select:/model/layers.18/self_attn/Where_2,select,select_gpu_ref,946,select_gpu_ref_7464502897564813179_0_0__sa,select_gpu_ref_7464502897564813179_0_0__sa,1,2083,matched,aligned,true,true,true,exec_profile,gtpin_total_execution_cycles,39960,4995,cycles,8,39960,4995,0,0,,,0,0,0,"{""gtpin_avg_execution_cycles_per_invocation"":4995,""gtpin_invocation_count"":8,""gtpin_total_execution_cycles"":39960}",InvocationCount=8;TotalExecutionCycles=39960;AvgExecutionCyclesPerInvocation=4995
n1_i3,3,1,3,performance,false,layers.*/self_attn,/model/layers.17/self_attn/Where_2,Select,Select,select:/model/layers.17/self_attn/Where_2,select:/model/layers.17/self_attn/Where_2,select,select_gpu_ref,910,select_gpu_ref_7464502897564813179_0_0__sa,select_gpu_ref_7464502897564813179_0_0__sa,1,2061,matched,aligned,true,true,true,exec_profile,gtpin_total_execution_cycles,39416,4927,cycles,8,39416,4927,0,0,,,0,0,0,"{""gtpin_avg_execution_cycles_per_invocation"":4927,""gtpin_invocation_count"":8,""gtpin_total_execution_cycles"":39416}",InvocationCount=8;TotalExecutionCycles=39416;AvgExecutionCyclesPerInvocation=4927
n1_i3,3,1,3,performance,false,layers.*/self_attn,/model/layers.9/self_attn/Where_2,Select,Select,select:/model/layers.9/self_attn/Where_2,select:/model/layers.9/self_attn/Where_2,select,select_gpu_ref,622,select_gpu_ref_7464502897564813179_0_0__sa,select_gpu_ref_7464502897564813179_0_0__sa,1,1885,matched,aligned,true,true,true,exec_profile,gtpin_total_execution_cycles,39328,4916,cycles,8,39328,4916,0,0,,,0,0,0,"{""gtpin_avg_execution_cycles_per_invocation"":4916,""gtpin_invocation_count"":8,""gtpin_total_execution_cycles"":39328}",InvocationCount=8;TotalExecutionCycles=39328;AvgExecutionCyclesPerInvocation=4916
n1_i3,3,1,3,performance,false,layers.*/self_attn,/model/layers.5/self_attn/Where_2,Select,Select,select:/model/layers.5/self_attn/Where_2,select:/model/layers.5/self_attn/Where_2,select,select_gpu_ref,478,select_gpu_ref_7464502897564813179_0_0__sa,select_gpu_ref_7464502897564813179_0_0__sa,1,1797,matched,aligned,true,true,true,exec_profile,gtpin_total_execution_cycles,39248,4906,cycles,8,39248,4906,0,0,,,0,0,0,"{""gtpin_avg_execution_cycles_per_invocation"":4906,""gtpin_invocation_count"":8,""gtpin_total_execution_cycles"":39248}",InvocationCount=8;TotalExecutionCycles=39248;AvgExecutionCyclesPerInvocation=4906
n1_i3,3,1,3,performance,false,layers.*/self_attn,/model/layers.11/self_attn/Where_2,Select,Select,select:/model/layers.11/self_attn/Where_2,select:/model/layers.11/self_attn/Where_2,select,select_gpu_ref,694,select_gpu_ref_7464502897564813179_0_0__sa,select_gpu_ref_7464502897564813179_0_0__sa,1,1929,matched,aligned,true,true,true,exec_profile,gtpin_total_execution_cycles,39224,4903,cycles,8,39224,4903,0,0,,,0,0,0,"{""gtpin_avg_execution_cycles_per_invocation"":4903,""gtpin_invocation_count"":8,""gtpin_total_execution_cycles"":39224}",InvocationCount=8;TotalExecutionCycles=39224;AvgExecutionCyclesPerInvocation=4903
n1_i3,3,1,3,performance,false,layers.*/self_attn,/model/layers.1/self_attn/Where_2,Select,Select,select:/model/layers.1/self_attn/Where_2,select:/model/layers.1/self_attn/Where_2,select,select_gpu_ref,334,select_gpu_ref_7464502897564813179_0_0__sa,select_gpu_ref_7464502897564813179_0_0__sa,1,1709,matched,aligned,true,true,true,exec_profile,gtpin_total_execution_cycles,39184,4898,cycles,8,39184,4898,0,0,,,0,0,0,"{""gtpin_avg_execution_cycles_per_invocation"":4898,""gtpin_invocation_count"":8,""gtpin_total_execution_cycles"":39184}",InvocationCount=8;TotalExecutionCycles=39184;AvgExecutionCyclesPerInvocation=4898
n1_i3,3,1,3,performance,false,layers.*/self_attn,/model/layers.21/self_attn/Where_2,Select,Select,select:/model/layers.21/self_attn/Where_2,select:/model/layers.21/self_attn/Where_2,select,select_gpu_ref,1054,select_gpu_ref_7464502897564813179_0_0__sa,select_gpu_ref_7464502897564813179_0_0__sa,1,2149,matched,aligned,true,true,true,exec_profile,gtpin_total_execution_cycles,38896,4862,cycles,8,38896,4862,0,0,,,0,0,0,"{""gtpin_avg_execution_cycles_per_invocation"":4862,""gtpin_invocation_count"":8,""gtpin_total_execution_cycles"":38896}",InvocationCount=8;TotalExecutionCycles=38896;AvgExecutionCyclesPerInvocation=4862
n1_i3,3,1,3,performance,false,layers.*/self_attn,/model/layers.12/self_attn/Where_2,Select,Select,select:/model/layers.12/self_attn/Where_2,select:/model/layers.12/self_attn/Where_2,select,select_gpu_ref,730,select_gpu_ref_7464502897564813179_0_0__sa,select_gpu_ref_7464502897564813179_0_0__sa,1,1951,matched,aligned,true,true,true,exec_profile,gtpin_total_execution_cycles,38780,4847,cycles,8,38780,4847,0,0,,,0,0,0,"{""gtpin_avg_execution_cycles_per_invocation"":4847,""gtpin_invocation_count"":8,""gtpin_total_execution_cycles"":38780}",InvocationCount=8;TotalExecutionCycles=38780;AvgExecutionCyclesPerInvocation=4847
n1_i3,3,1,3,performance,false,layers.*/self_attn,/model/layers.2/self_attn/Where_2,Select,Select,select:/model/layers.2/self_attn/Where_2,select:/model/layers.2/self_attn/Where_2,select,select_gpu_ref,370,select_gpu_ref_7464502897564813179_0_0__sa,select_gpu_ref_7464502897564813179_0_0__sa,1,1731,matched,aligned,true,true,true,exec_profile,gtpin_total_execution_cycles,38262,4782,cycles,8,38262,4782,0,0,,,0,0,0,"{""gtpin_avg_execution_cycles_per_invocation"":4782,""gtpin_invocation_count"":8,""gtpin_total_execution_cycles"":38262}",InvocationCount=8;TotalExecutionCycles=38262;AvgExecutionCyclesPerInvocation=4782
n1_i3,3,1,3,performance,false,layers.*/self_attn,/model/layers.14/self_attn/Where_2,Select,Select,select:/model/layers.14/self_attn/Where_2,select:/model/layers.14/self_attn/Where_2,select,select_gpu_ref,802,select_gpu_ref_7464502897564813179_0_0__sa,select_gpu_ref_7464502897564813179_0_0__sa,1,1995,matched,aligned,true,true,true,exec_profile,gtpin_total_execution_cycles,37712,4714,cycles,8,37712,4714,0,0,,,0,0,0,"{""gtpin_avg_execution_cycles_per_invocation"":4714,""gtpin_invocation_count"":8,""gtpin_total_execution_cycles"":37712}",InvocationCount=8;TotalExecutionCycles=37712;AvgExecutionCyclesPerInvocation=4714
n1_i3,3,1,3,performance,false,layers.*/self_attn,/model/layers.6/self_attn/Where_2,Select,Select,select:/model/layers.6/self_attn/Where_2,select:/model/layers.6/self_attn/Where_2,select,select_gpu_ref,514,select_gpu_ref_7464502897564813179_0_0__sa,select_gpu_ref_7464502897564813179_0_0__sa,1,1819,matched,aligned,true,true,true,exec_profile,gtpin_total_execution_cycles,36728,4591,cycles,8,36728,4591,0,0,,,0,0,0,"{""gtpin_avg_execution_cycles_per_invocation"":4591,""gtpin_invocation_count"":8,""gtpin_total_execution_cycles"":36728}",InvocationCount=8;TotalExecutionCycles=36728;AvgExecutionCyclesPerInvocation=4591
n1_i3,3,1,3,performance,false,layers.*/self_attn,/model/layers.10/self_attn/Where_2,Select,Select,select:/model/layers.10/self_attn/Where_2,select:/model/layers.10/self_attn/Where_2,select,select_gpu_ref,658,select_gpu_ref_7464502897564813179_0_0__sa,select_gpu_ref_7464502897564813179_0_0__sa,1,1907,matched,aligned,true,true,true,exec_profile,gtpin_total_execution_cycles,36324,4540,cycles,8,36324,4540,0,0,,,0,0,0,"{""gtpin_avg_execution_cycles_per_invocation"":4540,""gtpin_invocation_count"":8,""gtpin_total_execution_cycles"":36324}",InvocationCount=8;TotalExecutionCycles=36324;AvgExecutionCyclesPerInvocation=4540
n1_i3,3,1,3,performance,false,layers.*/self_attn,/model/layers.16/self_attn/Where_2,Select,Select,select:/model/layers.16/self_attn/Where_2,select:/model/layers.16/self_attn/Where_2,select,select_gpu_ref,874,select_gpu_ref_7464502897564813179_0_0__sa,select_gpu_ref_7464502897564813179_0_0__sa,1,2039,matched,aligned,true,true,true,exec_profile,gtpin_total_execution_cycles,36298,4537,cycles,8,36298,4537,0,0,,,0,0,0,"{""gtpin_avg_execution_cycles_per_invocation"":4537,""gtpin_invocation_count"":8,""gtpin_total_execution_cycles"":36298}",InvocationCount=8;TotalExecutionCycles=36298;AvgExecutionCyclesPerInvocation=4537
n1_i3,3,1,3,performance,false,rotary_emb,/model/rotary_emb/Transpose,Gemm,Gemm,gemm:/model/rotary_emb/Transpose,gemm:/model/rotary_emb/Transpose,gemm,gemm_tiled_opt,264,gemm_tiled_opt_6356298044914993963_3_0__sa,gemm_tiled_opt_6356298044914993963_3_0__sa,1,1671,matched,aligned,true,true,true,exec_profile,gtpin_total_execution_cycles,35230,17615,cycles,2,35230,17615,0,0,,,0,0,0,"{""gtpin_avg_execution_cycles_per_invocation"":17615,""gtpin_invocation_count"":2,""gtpin_total_execution_cycles"":35230}",InvocationCount=2;TotalExecutionCycles=35230;AvgExecutionCyclesPerInvocation=17615
n1_i3,3,1,3,performance,false,layers.*/self_attn,/model/layers.0/self_attn/Where_2,Select,Select,select:/model/layers.0/self_attn/Where_2,select:/model/layers.0/self_attn/Where_2,select,select_gpu_ref,299,select_gpu_ref_7464502897564813179_0_0__sa,select_gpu_ref_7464502897564813179_0_0__sa,1,1687,matched,aligned,true,true,true,exec_profile,gtpin_total_execution_cycles,31504,3938,cycles,8,31504,3938,0,0,,,0,0,0,"{""gtpin_avg_execution_cycles_per_invocation"":3938,""gtpin_invocation_count"":8,""gtpin_total_execution_cycles"":31504}",InvocationCount=8;TotalExecutionCycles=31504;AvgExecutionCyclesPerInvocation=3938
n1_i3,3,1,3,performance,false,(root),/model/LessOrEqual,LessEqual,LessEqual,lessequal:/model/LessOrEqual,lessequal:/model/LessOrEqual,eltwise,generic_eltwise_ref,265,generic_eltwise_ref_12991517841348968924_0_0__sa,generic_eltwise_ref_12991517841348968924_0_0__sa,1,1672,matched,aligned,true,true,true,exec_profile,gtpin_total_execution_cycles,31304,3913,cycles,8,31304,3913,0,0,,,0,0,0,"{""gtpin_avg_execution_cycles_per_invocation"":3913,""gtpin_invocation_count"":8,""gtpin_total_execution_cycles"":31304}",InvocationCount=8;TotalExecutionCycles=31304;AvgExecutionCyclesPerInvocation=3913
n1_i3,3,1,3,performance,false,(root),/model/Gather_4,Gather,Gather,gather:/model/Gather_4,gather:/model/Gather_4,gather,gather_ref,276,gather_ref_3335901000044472670_0_0__sa,gather_ref_3335901000044472670_0_0__sa,1,1678,matched,aligned,true,true,true,exec_profile,gtpin_total_execution_cycles,9539,9539,cycles,1,9539,9539,0,0,,,0,0,0,"{""gtpin_avg_execution_cycles_per_invocation"":9539,""gtpin_invocation_count"":1,""gtpin_total_execution_cycles"":9539}",InvocationCount=1;TotalExecutionCycles=9539;AvgExecutionCyclesPerInvocation=9539
n1_i3,3,1,3,performance,false,(root),Convert_90811,Convert,Convert,convert:Convert_90811,convert:Convert_90811,reorder,reorder_data,225,reorder_data_261663883965124315_0_0__sa,reorder_data_261663883965124315_0_0__sa,1,1662,matched,aligned,true,true,true,exec_profile,gtpin_total_execution_cycles,6372,6372,cycles,1,6372,6372,0,0,,,0,0,0,"{""gtpin_avg_execution_cycles_per_invocation"":6372,""gtpin_invocation_count"":1,""gtpin_total_execution_cycles"":6372}",InvocationCount=1;TotalExecutionCycles=6372;AvgExecutionCyclesPerInvocation=6372
n1_i3,3,1,3,performance,false,(root),Convert_90813,Convert,Convert,convert:Convert_90813,convert:Convert_90813,reorder,reorder_data,224,reorder_data_261663883965124315_0_0__sa,reorder_data_261663883965124315_0_0__sa,1,1661,matched,aligned,true,true,true,exec_profile,gtpin_total_execution_cycles,6073,6073,cycles,1,6073,6073,0,0,,,0,0,0,"{""gtpin_avg_execution_cycles_per_invocation"":6073,""gtpin_invocation_count"":1,""gtpin_total_execution_cycles"":6073}",InvocationCount=1;TotalExecutionCycles=6073;AvgExecutionCyclesPerInvocation=6073
n1_i3,3,1,3,performance,false,(root),Convert_90873,Convert,Convert,convert:Convert_90873,convert:Convert_90873,reorder,reorder_data,226,reorder_data_14358938580392777097_0_0__sa,reorder_data_14358938580392777097_0_0__sa,1,1663,matched,aligned,true,true,true,exec_profile,gtpin_total_execution_cycles,5681,5681,cycles,1,5681,5681,0,0,,,0,0,0,"{""gtpin_avg_execution_cycles_per_invocation"":5681,""gtpin_invocation_count"":1,""gtpin_total_execution_cycles"":5681}",InvocationCount=1;TotalExecutionCycles=5681;AvgExecutionCyclesPerInvocation=5681
n1_i3,3,1,3,performance,false,rotary_emb,/model/rotary_emb/MatMul_increase_precision_1,Convert,Convert,convert:/model/rotary_emb/MatMul_increase_precision_1,convert:/model/rotary_emb/MatMul_increase_precision_1,reorder,reorder_data,231,reorder_data_16347555807681174383_0_0__sa,reorder_data_16347555807681174383_0_0__sa,1,1665,matched,aligned,true,true,true,exec_profile,gtpin_total_execution_cycles,3064,3064,cycles,1,3064,3064,0,0,,,0,0,0,"{""gtpin_avg_execution_cycles_per_invocation"":3064,""gtpin_invocation_count"":1,""gtpin_total_execution_cycles"":3064}",InvocationCount=1;TotalExecutionCycles=3064;AvgExecutionCyclesPerInvocation=3064
